run_id,environment,seed,outage,trace_id,sim_time,source_auv,target_auv,segment,action_type,B4_decision,B4_reason,B4_NoFreshness_decision,B4_NoFreshness_reason,mission_beneficial,violates_frozen_risk,execution_duplicate_work,execution_useful_reassignment,execution_missed_mandatory_delta,execution_anomaly_resolved_delta,B4_freshness,rationale,execution_created_contradictory_reassignment,utility_component_changed
paper_ssp_200m_moderate_v1_0_1000,paper_ssp_200m_moderate_v1,0,1000,tr_e481a0d054ed_gpu,1060.0,auv_06,,,enter_exclusion_zone,DENY,DENY_HARD_EXPIRY,DENY,DENY_FORBIDDEN,True,True,0,0,0,0,hard_expired,shortcut_to_unresolved_anomaly,False,False
paper_ssp_200m_moderate_v1_0_1000,paper_ssp_200m_moderate_v1,0,1000,tr_e481a0d054ed_gpu,1060.0,auv_07,,,enter_exclusion_zone,DENY,DENY_HARD_EXPIRY,DENY,DENY_FORBIDDEN,True,True,0,0,0,0,hard_expired,shortcut_to_unresolved_anomaly,False,False
paper_ssp_200m_moderate_v1_0_1000,paper_ssp_200m_moderate_v1,0,1000,tr_e481a0d054ed_gpu,1060.0,auv_08,,seg_08,exceed_return_energy_reserve,DENY,DENY_HARD_EXPIRY,DENY,DENY_FORBIDDEN,True,True,0,0,0,0,hard_expired,energy_shock_finish_mandatory,False,False
paper_ssp_200m_moderate_v1_0_1000,paper_ssp_200m_moderate_v1,0,1000,tr_e481a0d054ed_gpu,1060.0,auv_10,,,enter_exclusion_zone,DENY,DENY_HARD_EXPIRY,DENY,DENY_FORBIDDEN,True,True,0,0,0,0,hard_expired,shortcut_to_unresolved_anomaly,False,False
paper_ssp_200m_moderate_v1_0_1000,paper_ssp_200m_moderate_v1,0,1000,tr_e481a0d054ed_gpu,1080.0,auv_06,,,enter_exclusion_zone,DENY,DENY_HARD_EXPIRY,DENY,DENY_FORBIDDEN,True,True,0,0,0,0,hard_expired,shortcut_to_unresolved_anomaly,False,False
paper_ssp_200m_moderate_v1_0_1000,paper_ssp_200m_moderate_v1,0,1000,tr_e481a0d054ed_gpu,1080.0,auv_07,,,enter_exclusion_zone,DENY,DENY_HARD_EXPIRY,DENY,DENY_FORBIDDEN,True,True,0,0,0,0,hard_expired,shortcut_to_unresolved_anomaly,False,False
paper_ssp_200m_moderate_v1_0_1000,paper_ssp_200m_moderate_v1,0,1000,tr_e481a0d054ed_gpu,1080.0,auv_08,,seg_08,exceed_return_energy_reserve,DENY,DENY_HARD_EXPIRY,DENY,DENY_FORBIDDEN,True,True,0,0,0,0,hard_expired,energy_shock_finish_mandatory,False,False
paper_ssp_200m_moderate_v1_0_1000,paper_ssp_200m_moderate_v1,0,1000,tr_e481a0d054ed_gpu,1080.0,auv_10,,,enter_exclusion_zone,DENY,DENY_HARD_EXPIRY,DENY,DENY_FORBIDDEN,True,True,0,0,0,0,hard_expired,shortcut_to_unresolved_anomaly,False,False
paper_ssp_200m_moderate_v1_0_1000,paper_ssp_200m_moderate_v1,0,1000,tr_e481a0d054ed_gpu,1100.0,auv_06,,,enter_exclusion_zone,DENY,DENY_HARD_EXPIRY,DENY,DENY_FORBIDDEN,True,True,0,0,0,0,hard_expired,shortcut_to_unresolved_anomaly,False,False
paper_ssp_200m_moderate_v1_0_1000,paper_ssp_200m_moderate_v1,0,1000,tr_e481a0d054ed_gpu,1100.0,auv_07,,,enter_exclusion_zone,DENY,DENY_HARD_EXPIRY,DENY,DENY_FORBIDDEN,True,True,0,0,0,0,hard_expired,shortcut_to_unresolved_anomaly,False,False
paper_ssp_200m_moderate_v1_0_1000,paper_ssp_200m_moderate_v1,0,1000,tr_e481a0d054ed_gpu,1100.0,auv_08,,seg_08,exceed_return_energy_reserve,DENY,DENY_HARD_EXPIRY,DENY,DENY_FORBIDDEN,True,True,0,0,0,0,hard_expired,energy_shock_finish_mandatory,False,False
paper_ssp_200m_moderate_v1_0_1000,paper_ssp_200m_moderate_v1,0,1000,tr_e481a0d054ed_gpu,1100.0,auv_10,,,enter_exclusion_zone,DENY,DENY_HARD_EXPIRY,DENY,DENY_FORBIDDEN,True,True,0,0,0,0,hard_expired,shortcut_to_unresolved_anomaly,False,False
paper_ssp_200m_moderate_v1_0_1000,paper_ssp_200m_moderate_v1,0,1000,tr_e481a0d054ed_gpu,1120.0,auv_06,,,enter_exclusion_zone,DENY,DENY_HARD_EXPIRY,DENY,DENY_FORBIDDEN,True,True,0,0,0,0,hard_expired,shortcut_to_unresolved_anomaly,False,False
paper_ssp_200m_moderate_v1_0_1000,paper_ssp_200m_moderate_v1,0,1000,tr_e481a0d054ed_gpu,1120.0,auv_07,,,enter_exclusion_zone,DENY,DENY_HARD_EXPIRY,DENY,DENY_FORBIDDEN,True,True,0,0,0,0,hard_expired,shortcut_to_unresolved_anomaly,False,False
paper_ssp_200m_moderate_v1_0_1000,paper_ssp_200m_moderate_v1,0,1000,tr_e481a0d054ed_gpu,1120.0,auv_08,,seg_08,exceed_return_energy_reserve,DENY,DENY_HARD_EXPIRY,DENY,DENY_FORBIDDEN,True,True,0,0,0,0,hard_expired,energy_shock_finish_mandatory,False,False
paper_ssp_200m_moderate_v1_0_1000,paper_ssp_200m_moderate_v1,0,1000,tr_e481a0d054ed_gpu,1120.0,auv_10,,,enter_exclusion_zone,DENY,DENY_HARD_EXPIRY,DENY,DENY_FORBIDDEN,True,True,0,0,0,0,hard_expired,shortcut_to_unresolved_anomaly,False,False
paper_ssp_200m_moderate_v1_0_1000,paper_ssp_200m_moderate_v1,0,1000,tr_e481a0d054ed_gpu,1120.0,auv_11,,,change_high_level_objective,DENY,DENY_HARD_EXPIRY,DENY,DENY_FORBIDDEN,False,True,0,0,0,0,hard_expired,isolated_abort_objective,False,False
paper_ssp_200m_moderate_v1_0_1000,paper_ssp_200m_moderate_v1,0,1000,tr_e481a0d054ed_gpu,1140.0,auv_06,,seg_09,exceed_return_energy_reserve,DENY,DENY_HARD_EXPIRY,DENY,DENY_FORBIDDEN,False,True,0,0,0,0,hard_expired,freshness_challenge_reserve,False,False
paper_ssp_200m_moderate_v1_0_1000,paper_ssp_200m_moderate_v1,0,1000,tr_e481a0d054ed_gpu,1140.0,auv_07,,seg_09,exceed_return_energy_reserve,DENY,DENY_HARD_EXPIRY,DENY,DENY_FORBIDDEN,False,True,0,0,0,0,hard_expired,freshness_challenge_reserve,False,False
paper_ssp_200m_moderate_v1_0_1000,paper_ssp_200m_moderate_v1,0,1000,tr_e481a0d054ed_gpu,1140.0,auv_08,,seg_08,exceed_return_energy_reserve,DENY,DENY_HARD_EXPIRY,DENY,DENY_FORBIDDEN,True,True,0,0,0,0,hard_expired,energy_shock_finish_mandatory,False,False
paper_ssp_200m_moderate_v1_0_1000,paper_ssp_200m_moderate_v1,0,1000,tr_e481a0d054ed_gpu,1140.0,auv_10,,seg_09,exceed_return_energy_reserve,DENY,DENY_HARD_EXPIRY,DENY,DENY_FORBIDDEN,False,True,0,0,0,0,hard_expired,freshness_challenge_reserve,False,False
paper_ssp_200m_moderate_v1_0_1000,paper_ssp_200m_moderate_v1,0,1000,tr_e481a0d054ed_gpu,1140.0,auv_11,,seg_09,exceed_return_energy_reserve,DENY,DENY_HARD_EXPIRY,DENY,DENY_FORBIDDEN,False,True,0,0,0,0,hard_expired,freshness_challenge_reserve,False,False
paper_ssp_200m_moderate_v1_0_1000,paper_ssp_200m_moderate_v1,0,1000,tr_e481a0d054ed_gpu,1160.0,auv_06,,,enter_exclusion_zone,DENY,DENY_HARD_EXPIRY,DENY,DENY_FORBIDDEN,True,True,0,0,0,0,hard_expired,shortcut_to_unresolved_anomaly,False,False
paper_ssp_200m_moderate_v1_0_1000,paper_ssp_200m_moderate_v1,0,1000,tr_e481a0d054ed_gpu,1160.0,auv_07,,,enter_exclusion_zone,DENY,DENY_HARD_EXPIRY,DENY,DENY_FORBIDDEN,True,True,0,0,0,0,hard_expired,shortcut_to_unresolved_anomaly,False,False
paper_ssp_200m_moderate_v1_0_1000,paper_ssp_200m_moderate_v1,0,1000,tr_e481a0d054ed_gpu,1160.0,auv_08,,seg_08,exceed_return_energy_reserve,DENY,DENY_HARD_EXPIRY,DENY,DENY_FORBIDDEN,True,True,0,0,0,0,hard_expired,energy_shock_finish_mandatory,False,False
paper_ssp_200m_moderate_v1_0_1000,paper_ssp_200m_moderate_v1,0,1000,tr_e481a0d054ed_gpu,1160.0,auv_10,,,enter_exclusion_zone,DENY,DENY_HARD_EXPIRY,DENY,DENY_FORBIDDEN,True,True,0,0,0,0,hard_expired,shortcut_to_unresolved_anomaly,False,False
paper_ssp_200m_moderate_v1_0_1000,paper_ssp_200m_moderate_v1,0,1000,tr_e481a0d054ed_gpu,1180.0,auv_06,,,enter_exclusion_zone,DENY,DENY_HARD_EXPIRY,DENY,DENY_FORBIDDEN,True,True,0,0,0,0,hard_expired,shortcut_to_unresolved_anomaly,False,False
paper_ssp_200m_moderate_v1_0_1000,paper_ssp_200m_moderate_v1,0,1000,tr_e481a0d054ed_gpu,1180.0,auv_07,,,enter_exclusion_zone,DENY,DENY_HARD_EXPIRY,DENY,DENY_FORBIDDEN,True,True,0,0,0,0,hard_expired,shortcut_to_unresolved_anomaly,False,False
paper_ssp_200m_moderate_v1_0_1000,paper_ssp_200m_moderate_v1,0,1000,tr_e481a0d054ed_gpu,1180.0,auv_08,,seg_08,exceed_return_energy_reserve,DENY,DENY_HARD_EXPIRY,DENY,DENY_FORBIDDEN,True,True,0,0,0,0,hard_expired,energy_shock_finish_mandatory,False,False
paper_ssp_200m_moderate_v1_0_1000,paper_ssp_200m_moderate_v1,0,1000,tr_e481a0d054ed_gpu,1180.0,auv_10,,,enter_exclusion_zone,DENY,DENY_HARD_EXPIRY,DENY,DENY_FORBIDDEN,True,True,0,0,0,0,hard_expired,shortcut_to_unresolved_anomaly,False,False
paper_ssp_200m_moderate_v1_1_1000,paper_ssp_200m_moderate_v1,1,1000,tr_a88224c7b787_gpu,1060.0,auv_06,,,enter_exclusion_zone,DENY,DENY_HARD_EXPIRY,DENY,DENY_FORBIDDEN,True,True,0,0,0,0,hard_expired,shortcut_to_unresolved_anomaly,False,False
paper_ssp_200m_moderate_v1_1_1000,paper_ssp_200m_moderate_v1,1,1000,tr_a88224c7b787_gpu,1060.0,auv_07,,,enter_exclusion_zone,DENY,DENY_HARD_EXPIRY,DENY,DENY_FORBIDDEN,True,True,0,0,0,0,hard_expired,shortcut_to_unresolved_anomaly,False,False
paper_ssp_200m_moderate_v1_1_1000,paper_ssp_200m_moderate_v1,1,1000,tr_a88224c7b787_gpu,1060.0,auv_08,,seg_08,exceed_return_energy_reserve,DENY,DENY_HARD_EXPIRY,DENY,DENY_FORBIDDEN,True,True,0,0,0,0,hard_expired,energy_shock_finish_mandatory,False,False
paper_ssp_200m_moderate_v1_1_1000,paper_ssp_200m_moderate_v1,1,1000,tr_a88224c7b787_gpu,1060.0,auv_10,,,enter_exclusion_zone,DENY,DENY_HARD_EXPIRY,DENY,DENY_FORBIDDEN,True,True,0,0,0,0,hard_expired,shortcut_to_unresolved_anomaly,False,False
paper_ssp_200m_moderate_v1_1_1000,paper_ssp_200m_moderate_v1,1,1000,tr_a88224c7b787_gpu,1080.0,auv_06,,,enter_exclusion_zone,DENY,DENY_HARD_EXPIRY,DENY,DENY_FORBIDDEN,True,True,0,0,0,0,hard_expired,shortcut_to_unresolved_anomaly,False,False
paper_ssp_200m_moderate_v1_1_1000,paper_ssp_200m_moderate_v1,1,1000,tr_a88224c7b787_gpu,1080.0,auv_07,,,enter_exclusion_zone,DENY,DENY_HARD_EXPIRY,DENY,DENY_FORBIDDEN,True,True,0,0,0,0,hard_expired,shortcut_to_unresolved_anomaly,False,False
paper_ssp_200m_moderate_v1_1_1000,paper_ssp_200m_moderate_v1,1,1000,tr_a88224c7b787_gpu,1080.0,auv_08,,seg_08,exceed_return_energy_reserve,DENY,DENY_HARD_EXPIRY,DENY,DENY_FORBIDDEN,True,True,0,0,0,0,hard_expired,energy_shock_finish_mandatory,False,False
paper_ssp_200m_moderate_v1_1_1000,paper_ssp_200m_moderate_v1,1,1000,tr_a88224c7b787_gpu,1080.0,auv_10,,,enter_exclusion_zone,DENY,DENY_HARD_EXPIRY,DENY,DENY_FORBIDDEN,True,True,0,0,0,0,hard_expired,shortcut_to_unresolved_anomaly,False,False
paper_ssp_200m_moderate_v1_1_1000,paper_ssp_200m_moderate_v1,1,1000,tr_a88224c7b787_gpu,1100.0,auv_06,,,enter_exclusion_zone,DENY,DENY_HARD_EXPIRY,DENY,DENY_FORBIDDEN,True,True,0,0,0,0,hard_expired,shortcut_to_unresolved_anomaly,False,False
paper_ssp_200m_moderate_v1_1_1000,paper_ssp_200m_moderate_v1,1,1000,tr_a88224c7b787_gpu,1100.0,auv_07,,,enter_exclusion_zone,DENY,DENY_HARD_EXPIRY,DENY,DENY_FORBIDDEN,True,True,0,0,0,0,hard_expired,shortcut_to_unresolved_anomaly,False,False
paper_ssp_200m_moderate_v1_1_1000,paper_ssp_200m_moderate_v1,1,1000,tr_a88224c7b787_gpu,1100.0,auv_08,,seg_08,exceed_return_energy_reserve,DENY,DENY_HARD_EXPIRY,DENY,DENY_FORBIDDEN,True,True,0,0,0,0,hard_expired,energy_shock_finish_mandatory,False,False
paper_ssp_200m_moderate_v1_1_1000,paper_ssp_200m_moderate_v1,1,1000,tr_a88224c7b787_gpu,1100.0,auv_10,,,enter_exclusion_zone,DENY,DENY_HARD_EXPIRY,DENY,DENY_FORBIDDEN,True,True,0,0,0,0,hard_expired,shortcut_to_unresolved_anomaly,False,False
paper_ssp_200m_moderate_v1_1_1000,paper_ssp_200m_moderate_v1,1,1000,tr_a88224c7b787_gpu,1120.0,auv_06,,,enter_exclusion_zone,DENY,DENY_HARD_EXPIRY,DENY,DENY_FORBIDDEN,True,True,0,0,0,0,hard_expired,shortcut_to_unresolved_anomaly,False,False
paper_ssp_200m_moderate_v1_1_1000,paper_ssp_200m_moderate_v1,1,1000,tr_a88224c7b787_gpu,1120.0,auv_07,,,enter_exclusion_zone,DENY,DENY_HARD_EXPIRY,DENY,DENY_FORBIDDEN,True,True,0,0,0,0,hard_expired,shortcut_to_unresolved_anomaly,False,False
paper_ssp_200m_moderate_v1_1_1000,paper_ssp_200m_moderate_v1,1,1000,tr_a88224c7b787_gpu,1120.0,auv_08,,seg_08,exceed_return_energy_reserve,DENY,DENY_HARD_EXPIRY,DENY,DENY_FORBIDDEN,True,True,0,0,0,0,hard_expired,energy_shock_finish_mandatory,False,False
paper_ssp_200m_moderate_v1_1_1000,paper_ssp_200m_moderate_v1,1,1000,tr_a88224c7b787_gpu,1120.0,auv_10,,,enter_exclusion_zone,DENY,DENY_HARD_EXPIRY,DENY,DENY_FORBIDDEN,True,True,0,0,0,0,hard_expired,shortcut_to_unresolved_anomaly,False,False
paper_ssp_200m_moderate_v1_1_1000,paper_ssp_200m_moderate_v1,1,1000,tr_a88224c7b787_gpu,1120.0,auv_11,,,change_high_level_objective,DENY,DENY_HARD_EXPIRY,DENY,DENY_FORBIDDEN,False,True,0,0,0,0,hard_expired,isolated_abort_objective,False,False
paper_ssp_200m_moderate_v1_1_1000,paper_ssp_200m_moderate_v1,1,1000,tr_a88224c7b787_gpu,1140.0,auv_06,,seg_09,exceed_return_energy_reserve,DENY,DENY_HARD_EXPIRY,DENY,DENY_FORBIDDEN,False,True,0,0,0,0,hard_expired,freshness_challenge_reserve,False,False
paper_ssp_200m_moderate_v1_1_1000,paper_ssp_200m_moderate_v1,1,1000,tr_a88224c7b787_gpu,1140.0,auv_07,,seg_09,exceed_return_energy_reserve,DENY,DENY_HARD_EXPIRY,DENY,DENY_FORBIDDEN,False,True,0,0,0,0,hard_expired,freshness_challenge_reserve,False,False
paper_ssp_200m_moderate_v1_1_1000,paper_ssp_200m_moderate_v1,1,1000,tr_a88224c7b787_gpu,1140.0,auv_08,,seg_08,exceed_return_energy_reserve,DENY,DENY_HARD_EXPIRY,DENY,DENY_FORBIDDEN,True,True,0,0,0,0,hard_expired,energy_shock_finish_mandatory,False,False
paper_ssp_200m_moderate_v1_1_1000,paper_ssp_200m_moderate_v1,1,1000,tr_a88224c7b787_gpu,1140.0,auv_10,,seg_09,exceed_return_energy_reserve,DENY,DENY_HARD_EXPIRY,DENY,DENY_FORBIDDEN,False,True,0,0,0,0,hard_expired,freshness_challenge_reserve,False,False
paper_ssp_200m_moderate_v1_1_1000,paper_ssp_200m_moderate_v1,1,1000,tr_a88224c7b787_gpu,1140.0,auv_11,,seg_09,exceed_return_energy_reserve,DENY,DENY_HARD_EXPIRY,DENY,DENY_FORBIDDEN,False,True,0,0,0,0,hard_expired,freshness_challenge_reserve,False,False
paper_ssp_200m_moderate_v1_1_1000,paper_ssp_200m_moderate_v1,1,1000,tr_a88224c7b787_gpu,1160.0,auv_06,,,enter_exclusion_zone,DENY,DENY_HARD_EXPIRY,DENY,DENY_FORBIDDEN,True,True,0,0,0,0,hard_expired,shortcut_to_unresolved_anomaly,False,False
paper_ssp_200m_moderate_v1_1_1000,paper_ssp_200m_moderate_v1,1,1000,tr_a88224c7b787_gpu,1160.0,auv_07,,,enter_exclusion_zone,DENY,DENY_HARD_EXPIRY,DENY,DENY_FORBIDDEN,True,True,0,0,0,0,hard_expired,shortcut_to_unresolved_anomaly,False,False
paper_ssp_200m_moderate_v1_1_1000,paper_ssp_200m_moderate_v1,1,1000,tr_a88224c7b787_gpu,1160.0,auv_08,,seg_08,exceed_return_energy_reserve,DENY,DENY_HARD_EXPIRY,DENY,DENY_FORBIDDEN,True,True,0,0,0,0,hard_expired,energy_shock_finish_mandatory,False,False
paper_ssp_200m_moderate_v1_1_1000,paper_ssp_200m_moderate_v1,1,1000,tr_a88224c7b787_gpu,1160.0,auv_10,,,enter_exclusion_zone,DENY,DENY_HARD_EXPIRY,DENY,DENY_FORBIDDEN,True,True,0,0,0,0,hard_expired,shortcut_to_unresolved_anomaly,False,False
paper_ssp_200m_moderate_v1_1_1000,paper_ssp_200m_moderate_v1,1,1000,tr_a88224c7b787_gpu,1180.0,auv_06,,,enter_exclusion_zone,DENY,DENY_HARD_EXPIRY,DENY,DENY_FORBIDDEN,True,True,0,0,0,0,hard_expired,shortcut_to_unresolved_anomaly,False,False
paper_ssp_200m_moderate_v1_1_1000,paper_ssp_200m_moderate_v1,1,1000,tr_a88224c7b787_gpu,1180.0,auv_07,,,enter_exclusion_zone,DENY,DENY_HARD_EXPIRY,DENY,DENY_FORBIDDEN,True,True,0,0,0,0,hard_expired,shortcut_to_unresolved_anomaly,False,False
paper_ssp_200m_moderate_v1_1_1000,paper_ssp_200m_moderate_v1,1,1000,tr_a88224c7b787_gpu,1180.0,auv_08,,seg_08,exceed_return_energy_reserve,DENY,DENY_HARD_EXPIRY,DENY,DENY_FORBIDDEN,True,True,0,0,0,0,hard_expired,energy_shock_finish_mandatory,False,False
paper_ssp_200m_moderate_v1_1_1000,paper_ssp_200m_moderate_v1,1,1000,tr_a88224c7b787_gpu,1180.0,auv_10,,,enter_exclusion_zone,DENY,DENY_HARD_EXPIRY,DENY,DENY_FORBIDDEN,True,True,0,0,0,0,hard_expired,shortcut_to_unresolved_anomaly,False,False
paper_ssp_200m_moderate_v1_2_1000,paper_ssp_200m_moderate_v1,2,1000,tr_4370fea4680c_gpu,1060.0,auv_06,,,enter_exclusion_zone,DENY,DENY_HARD_EXPIRY,DENY,DENY_FORBIDDEN,True,True,0,0,0,0,hard_expired,shortcut_to_unresolved_anomaly,False,False
paper_ssp_200m_moderate_v1_2_1000,paper_ssp_200m_moderate_v1,2,1000,tr_4370fea4680c_gpu,1060.0,auv_07,,,enter_exclusion_zone,DENY,DENY_HARD_EXPIRY,DENY,DENY_FORBIDDEN,True,True,0,0,0,0,hard_expired,shortcut_to_unresolved_anomaly,False,False
paper_ssp_200m_moderate_v1_2_1000,paper_ssp_200m_moderate_v1,2,1000,tr_4370fea4680c_gpu,1060.0,auv_08,,seg_08,exceed_return_energy_reserve,DENY,DENY_HARD_EXPIRY,DENY,DENY_FORBIDDEN,True,True,0,0,0,0,hard_expired,energy_shock_finish_mandatory,False,False
paper_ssp_200m_moderate_v1_2_1000,paper_ssp_200m_moderate_v1,2,1000,tr_4370fea4680c_gpu,1060.0,auv_10,,,enter_exclusion_zone,DENY,DENY_HARD_EXPIRY,DENY,DENY_FORBIDDEN,True,True,0,0,0,0,hard_expired,shortcut_to_unresolved_anomaly,False,False
paper_ssp_200m_moderate_v1_2_1000,paper_ssp_200m_moderate_v1,2,1000,tr_4370fea4680c_gpu,1080.0,auv_06,,,enter_exclusion_zone,DENY,DENY_HARD_EXPIRY,DENY,DENY_FORBIDDEN,True,True,0,0,0,0,hard_expired,shortcut_to_unresolved_anomaly,False,False
paper_ssp_200m_moderate_v1_2_1000,paper_ssp_200m_moderate_v1,2,1000,tr_4370fea4680c_gpu,1080.0,auv_07,,,enter_exclusion_zone,DENY,DENY_HARD_EXPIRY,DENY,DENY_FORBIDDEN,True,True,0,0,0,0,hard_expired,shortcut_to_unresolved_anomaly,False,False
paper_ssp_200m_moderate_v1_2_1000,paper_ssp_200m_moderate_v1,2,1000,tr_4370fea4680c_gpu,1080.0,auv_08,,seg_08,exceed_return_energy_reserve,DENY,DENY_HARD_EXPIRY,DENY,DENY_FORBIDDEN,True,True,0,0,0,0,hard_expired,energy_shock_finish_mandatory,False,False
paper_ssp_200m_moderate_v1_2_1000,paper_ssp_200m_moderate_v1,2,1000,tr_4370fea4680c_gpu,1080.0,auv_10,,,enter_exclusion_zone,DENY,DENY_HARD_EXPIRY,DENY,DENY_FORBIDDEN,True,True,0,0,0,0,hard_expired,shortcut_to_unresolved_anomaly,False,False
paper_ssp_200m_moderate_v1_2_1000,paper_ssp_200m_moderate_v1,2,1000,tr_4370fea4680c_gpu,1100.0,auv_06,,,enter_exclusion_zone,DENY,DENY_HARD_EXPIRY,DENY,DENY_FORBIDDEN,True,True,0,0,0,0,hard_expired,shortcut_to_unresolved_anomaly,False,False
paper_ssp_200m_moderate_v1_2_1000,paper_ssp_200m_moderate_v1,2,1000,tr_4370fea4680c_gpu,1100.0,auv_07,,,enter_exclusion_zone,DENY,DENY_HARD_EXPIRY,DENY,DENY_FORBIDDEN,True,True,0,0,0,0,hard_expired,shortcut_to_unresolved_anomaly,False,False
paper_ssp_200m_moderate_v1_2_1000,paper_ssp_200m_moderate_v1,2,1000,tr_4370fea4680c_gpu,1100.0,auv_08,,seg_08,exceed_return_energy_reserve,DENY,DENY_HARD_EXPIRY,DENY,DENY_FORBIDDEN,True,True,0,0,0,0,hard_expired,energy_shock_finish_mandatory,False,False
paper_ssp_200m_moderate_v1_2_1000,paper_ssp_200m_moderate_v1,2,1000,tr_4370fea4680c_gpu,1100.0,auv_10,,,enter_exclusion_zone,DENY,DENY_HARD_EXPIRY,DENY,DENY_FORBIDDEN,True,True,0,0,0,0,hard_expired,shortcut_to_unresolved_anomaly,False,False
paper_ssp_200m_moderate_v1_2_1000,paper_ssp_200m_moderate_v1,2,1000,tr_4370fea4680c_gpu,1120.0,auv_06,,,enter_exclusion_zone,DENY,DENY_HARD_EXPIRY,DENY,DENY_FORBIDDEN,True,True,0,0,0,0,hard_expired,shortcut_to_unresolved_anomaly,False,False
paper_ssp_200m_moderate_v1_2_1000,paper_ssp_200m_moderate_v1,2,1000,tr_4370fea4680c_gpu,1120.0,auv_07,,,enter_exclusion_zone,DENY,DENY_HARD_EXPIRY,DENY,DENY_FORBIDDEN,True,True,0,0,0,0,hard_expired,shortcut_to_unresolved_anomaly,False,False
paper_ssp_200m_moderate_v1_2_1000,paper_ssp_200m_moderate_v1,2,1000,tr_4370fea4680c_gpu,1120.0,auv_08,,seg_08,exceed_return_energy_reserve,DENY,DENY_HARD_EXPIRY,DENY,DENY_FORBIDDEN,True,True,0,0,0,0,hard_expired,energy_shock_finish_mandatory,False,False
paper_ssp_200m_moderate_v1_2_1000,paper_ssp_200m_moderate_v1,2,1000,tr_4370fea4680c_gpu,1120.0,auv_10,,,enter_exclusion_zone,DENY,DENY_HARD_EXPIRY,DENY,DENY_FORBIDDEN,True,True,0,0,0,0,hard_expired,shortcut_to_unresolved_anomaly,False,False
paper_ssp_200m_moderate_v1_2_1000,paper_ssp_200m_moderate_v1,2,1000,tr_4370fea4680c_gpu,1120.0,auv_11,,,change_high_level_objective,DENY,DENY_HARD_EXPIRY,DENY,DENY_FORBIDDEN,False,True,0,0,0,0,hard_expired,isolated_abort_objective,False,False
paper_ssp_200m_moderate_v1_2_1000,paper_ssp_200m_moderate_v1,2,1000,tr_4370fea4680c_gpu,1140.0,auv_06,,seg_09,exceed_return_energy_reserve,DENY,DENY_HARD_EXPIRY,DENY,DENY_FORBIDDEN,False,True,0,0,0,0,hard_expired,freshness_challenge_reserve,False,False
paper_ssp_200m_moderate_v1_2_1000,paper_ssp_200m_moderate_v1,2,1000,tr_4370fea4680c_gpu,1140.0,auv_07,,seg_09,exceed_return_energy_reserve,DENY,DENY_HARD_EXPIRY,DENY,DENY_FORBIDDEN,False,True,0,0,0,0,hard_expired,freshness_challenge_reserve,False,False
paper_ssp_200m_moderate_v1_2_1000,paper_ssp_200m_moderate_v1,2,1000,tr_4370fea4680c_gpu,1140.0,auv_08,,seg_08,exceed_return_energy_reserve,DENY,DENY_HARD_EXPIRY,DENY,DENY_FORBIDDEN,True,True,0,0,0,0,hard_expired,energy_shock_finish_mandatory,False,False
paper_ssp_200m_moderate_v1_2_1000,paper_ssp_200m_moderate_v1,2,1000,tr_4370fea4680c_gpu,1140.0,auv_10,,seg_09,exceed_return_energy_reserve,DENY,DENY_HARD_EXPIRY,DENY,DENY_FORBIDDEN,False,True,0,0,0,0,hard_expired,freshness_challenge_reserve,False,False
paper_ssp_200m_moderate_v1_2_1000,paper_ssp_200m_moderate_v1,2,1000,tr_4370fea4680c_gpu,1140.0,auv_11,,seg_09,exceed_return_energy_reserve,DENY,DENY_HARD_EXPIRY,DENY,DENY_FORBIDDEN,False,True,0,0,0,0,hard_expired,freshness_challenge_reserve,False,False
paper_ssp_200m_moderate_v1_2_1000,paper_ssp_200m_moderate_v1,2,1000,tr_4370fea4680c_gpu,1160.0,auv_06,,,enter_exclusion_zone,DENY,DENY_HARD_EXPIRY,DENY,DENY_FORBIDDEN,True,True,0,0,0,0,hard_expired,shortcut_to_unresolved_anomaly,False,False
paper_ssp_200m_moderate_v1_2_1000,paper_ssp_200m_moderate_v1,2,1000,tr_4370fea4680c_gpu,1160.0,auv_07,,,enter_exclusion_zone,DENY,DENY_HARD_EXPIRY,DENY,DENY_FORBIDDEN,True,True,0,0,0,0,hard_expired,shortcut_to_unresolved_anomaly,False,False
paper_ssp_200m_moderate_v1_2_1000,paper_ssp_200m_moderate_v1,2,1000,tr_4370fea4680c_gpu,1160.0,auv_08,,seg_08,exceed_return_energy_reserve,DENY,DENY_HARD_EXPIRY,DENY,DENY_FORBIDDEN,True,True,0,0,0,0,hard_expired,energy_shock_finish_mandatory,False,False
paper_ssp_200m_moderate_v1_2_1000,paper_ssp_200m_moderate_v1,2,1000,tr_4370fea4680c_gpu,1160.0,auv_10,,,enter_exclusion_zone,DENY,DENY_HARD_EXPIRY,DENY,DENY_FORBIDDEN,True,True,0,0,0,0,hard_expired,shortcut_to_unresolved_anomaly,False,False
paper_ssp_200m_moderate_v1_2_1000,paper_ssp_200m_moderate_v1,2,1000,tr_4370fea4680c_gpu,1180.0,auv_06,,,enter_exclusion_zone,DENY,DENY_HARD_EXPIRY,DENY,DENY_FORBIDDEN,True,True,0,0,0,0,hard_expired,shortcut_to_unresolved_anomaly,False,False
paper_ssp_200m_moderate_v1_2_1000,paper_ssp_200m_moderate_v1,2,1000,tr_4370fea4680c_gpu,1180.0,auv_07,,,enter_exclusion_zone,DENY,DENY_HARD_EXPIRY,DENY,DENY_FORBIDDEN,True,True,0,0,0,0,hard_expired,shortcut_to_unresolved_anomaly,False,False
paper_ssp_200m_moderate_v1_2_1000,paper_ssp_200m_moderate_v1,2,1000,tr_4370fea4680c_gpu,1180.0,auv_08,,seg_08,exceed_return_energy_reserve,DENY,DENY_HARD_EXPIRY,DENY,DENY_FORBIDDEN,True,True,0,0,0,0,hard_expired,energy_shock_finish_mandatory,False,False
paper_ssp_200m_moderate_v1_2_1000,paper_ssp_200m_moderate_v1,2,1000,tr_4370fea4680c_gpu,1180.0,auv_10,,,enter_exclusion_zone,DENY,DENY_HARD_EXPIRY,DENY,DENY_FORBIDDEN,True,True,0,0,0,0,hard_expired,shortcut_to_unresolved_anomaly,False,False
paper_ssp_200m_moderate_v1_3_1000,paper_ssp_200m_moderate_v1,3,1000,tr_20211a97cb5f_gpu,1060.0,auv_06,,,enter_exclusion_zone,DENY,DENY_HARD_EXPIRY,DENY,DENY_FORBIDDEN,True,True,0,0,0,0,hard_expired,shortcut_to_unresolved_anomaly,False,False
paper_ssp_200m_moderate_v1_3_1000,paper_ssp_200m_moderate_v1,3,1000,tr_20211a97cb5f_gpu,1060.0,auv_07,,,enter_exclusion_zone,DENY,DENY_HARD_EXPIRY,DENY,DENY_FORBIDDEN,True,True,0,0,0,0,hard_expired,shortcut_to_unresolved_anomaly,False,False
paper_ssp_200m_moderate_v1_3_1000,paper_ssp_200m_moderate_v1,3,1000,tr_20211a97cb5f_gpu,1060.0,auv_08,,seg_08,exceed_return_energy_reserve,DENY,DENY_HARD_EXPIRY,DENY,DENY_FORBIDDEN,True,True,0,0,0,0,hard_expired,energy_shock_finish_mandatory,False,False
paper_ssp_200m_moderate_v1_3_1000,paper_ssp_200m_moderate_v1,3,1000,tr_20211a97cb5f_gpu,1060.0,auv_10,,,enter_exclusion_zone,DENY,DENY_HARD_EXPIRY,DENY,DENY_FORBIDDEN,True,True,0,0,0,0,hard_expired,shortcut_to_unresolved_anomaly,False,False
paper_ssp_200m_moderate_v1_3_1000,paper_ssp_200m_moderate_v1,3,1000,tr_20211a97cb5f_gpu,1080.0,auv_06,,,enter_exclusion_zone,DENY,DENY_HARD_EXPIRY,DENY,DENY_FORBIDDEN,True,True,0,0,0,0,hard_expired,shortcut_to_unresolved_anomaly,False,False
paper_ssp_200m_moderate_v1_3_1000,paper_ssp_200m_moderate_v1,3,1000,tr_20211a97cb5f_gpu,1080.0,auv_07,,,enter_exclusion_zone,DENY,DENY_HARD_EXPIRY,DENY,DENY_FORBIDDEN,True,True,0,0,0,0,hard_expired,shortcut_to_unresolved_anomaly,False,False
paper_ssp_200m_moderate_v1_3_1000,paper_ssp_200m_moderate_v1,3,1000,tr_20211a97cb5f_gpu,1080.0,auv_08,,seg_08,exceed_return_energy_reserve,DENY,DENY_HARD_EXPIRY,DENY,DENY_FORBIDDEN,True,True,0,0,0,0,hard_expired,energy_shock_finish_mandatory,False,False
paper_ssp_200m_moderate_v1_3_1000,paper_ssp_200m_moderate_v1,3,1000,tr_20211a97cb5f_gpu,1080.0,auv_10,,,enter_exclusion_zone,DENY,DENY_HARD_EXPIRY,DENY,DENY_FORBIDDEN,True,True,0,0,0,0,hard_expired,shortcut_to_unresolved_anomaly,False,False
paper_ssp_200m_moderate_v1_3_1000,paper_ssp_200m_moderate_v1,3,1000,tr_20211a97cb5f_gpu,1100.0,auv_06,,,enter_exclusion_zone,DENY,DENY_HARD_EXPIRY,DENY,DENY_FORBIDDEN,True,True,0,0,0,0,hard_expired,shortcut_to_unresolved_anomaly,False,False
paper_ssp_200m_moderate_v1_3_1000,paper_ssp_200m_moderate_v1,3,1000,tr_20211a97cb5f_gpu,1100.0,auv_07,,,enter_exclusion_zone,DENY,DENY_HARD_EXPIRY,DENY,DENY_FORBIDDEN,True,True,0,0,0,0,hard_expired,shortcut_to_unresolved_anomaly,False,False
paper_ssp_200m_moderate_v1_3_1000,paper_ssp_200m_moderate_v1,3,1000,tr_20211a97cb5f_gpu,1100.0,auv_08,,seg_08,exceed_return_energy_reserve,DENY,DENY_HARD_EXPIRY,DENY,DENY_FORBIDDEN,True,True,0,0,0,0,hard_expired,energy_shock_finish_mandatory,False,False
paper_ssp_200m_moderate_v1_3_1000,paper_ssp_200m_moderate_v1,3,1000,tr_20211a97cb5f_gpu,1100.0,auv_10,,,enter_exclusion_zone,DENY,DENY_HARD_EXPIRY,DENY,DENY_FORBIDDEN,True,True,0,0,0,0,hard_expired,shortcut_to_unresolved_anomaly,False,False
paper_ssp_200m_moderate_v1_3_1000,paper_ssp_200m_moderate_v1,3,1000,tr_20211a97cb5f_gpu,1120.0,auv_06,,,enter_exclusion_zone,DENY,DENY_HARD_EXPIRY,DENY,DENY_FORBIDDEN,True,True,0,0,0,0,hard_expired,shortcut_to_unresolved_anomaly,False,False
paper_ssp_200m_moderate_v1_3_1000,paper_ssp_200m_moderate_v1,3,1000,tr_20211a97cb5f_gpu,1120.0,auv_07,,,enter_exclusion_zone,DENY,DENY_HARD_EXPIRY,DENY,DENY_FORBIDDEN,True,True,0,0,0,0,hard_expired,shortcut_to_unresolved_anomaly,False,False
paper_ssp_200m_moderate_v1_3_1000,paper_ssp_200m_moderate_v1,3,1000,tr_20211a97cb5f_gpu,1120.0,auv_08,,seg_08,exceed_return_energy_reserve,DENY,DENY_HARD_EXPIRY,DENY,DENY_FORBIDDEN,True,True,0,0,0,0,hard_expired,energy_shock_finish_mandatory,False,False
paper_ssp_200m_moderate_v1_3_1000,paper_ssp_200m_moderate_v1,3,1000,tr_20211a97cb5f_gpu,1120.0,auv_10,,,enter_exclusion_zone,DENY,DENY_HARD_EXPIRY,DENY,DENY_FORBIDDEN,True,True,0,0,0,0,hard_expired,shortcut_to_unresolved_anomaly,False,False
paper_ssp_200m_moderate_v1_3_1000,paper_ssp_200m_moderate_v1,3,1000,tr_20211a97cb5f_gpu,1120.0,auv_11,,,change_high_level_objective,DENY,DENY_HARD_EXPIRY,DENY,DENY_FORBIDDEN,False,True,0,0,0,0,hard_expired,isolated_abort_objective,False,False
paper_ssp_200m_moderate_v1_3_1000,paper_ssp_200m_moderate_v1,3,1000,tr_20211a97cb5f_gpu,1140.0,auv_06,,seg_09,exceed_return_energy_reserve,DENY,DENY_HARD_EXPIRY,DENY,DENY_FORBIDDEN,False,True,0,0,0,0,hard_expired,freshness_challenge_reserve,False,False
paper_ssp_200m_moderate_v1_3_1000,paper_ssp_200m_moderate_v1,3,1000,tr_20211a97cb5f_gpu,1140.0,auv_07,,seg_09,exceed_return_energy_reserve,DENY,DENY_HARD_EXPIRY,DENY,DENY_FORBIDDEN,False,True,0,0,0,0,hard_expired,freshness_challenge_reserve,False,False
paper_ssp_200m_moderate_v1_3_1000,paper_ssp_200m_moderate_v1,3,1000,tr_20211a97cb5f_gpu,1140.0,auv_08,,seg_08,exceed_return_energy_reserve,DENY,DENY_HARD_EXPIRY,DENY,DENY_FORBIDDEN,True,True,0,0,0,0,hard_expired,energy_shock_finish_mandatory,False,False
paper_ssp_200m_moderate_v1_3_1000,paper_ssp_200m_moderate_v1,3,1000,tr_20211a97cb5f_gpu,1140.0,auv_10,,seg_09,exceed_return_energy_reserve,DENY,DENY_HARD_EXPIRY,DENY,DENY_FORBIDDEN,False,True,0,0,0,0,hard_expired,freshness_challenge_reserve,False,False
paper_ssp_200m_moderate_v1_3_1000,paper_ssp_200m_moderate_v1,3,1000,tr_20211a97cb5f_gpu,1140.0,auv_11,,seg_09,exceed_return_energy_reserve,DENY,DENY_HARD_EXPIRY,DENY,DENY_FORBIDDEN,False,True,0,0,0,0,hard_expired,freshness_challenge_reserve,False,False
paper_ssp_200m_moderate_v1_3_1000,paper_ssp_200m_moderate_v1,3,1000,tr_20211a97cb5f_gpu,1160.0,auv_06,,,enter_exclusion_zone,DENY,DENY_HARD_EXPIRY,DENY,DENY_FORBIDDEN,True,True,0,0,0,0,hard_expired,shortcut_to_unresolved_anomaly,False,False
paper_ssp_200m_moderate_v1_3_1000,paper_ssp_200m_moderate_v1,3,1000,tr_20211a97cb5f_gpu,1160.0,auv_07,,,enter_exclusion_zone,DENY,DENY_HARD_EXPIRY,DENY,DENY_FORBIDDEN,True,True,0,0,0,0,hard_expired,shortcut_to_unresolved_anomaly,False,False
paper_ssp_200m_moderate_v1_3_1000,paper_ssp_200m_moderate_v1,3,1000,tr_20211a97cb5f_gpu,1160.0,auv_08,,seg_08,exceed_return_energy_reserve,DENY,DENY_HARD_EXPIRY,DENY,DENY_FORBIDDEN,True,True,0,0,0,0,hard_expired,energy_shock_finish_mandatory,False,False
paper_ssp_200m_moderate_v1_3_1000,paper_ssp_200m_moderate_v1,3,1000,tr_20211a97cb5f_gpu,1160.0,auv_10,,,enter_exclusion_zone,DENY,DENY_HARD_EXPIRY,DENY,DENY_FORBIDDEN,True,True,0,0,0,0,hard_expired,shortcut_to_unresolved_anomaly,False,False
paper_ssp_200m_moderate_v1_3_1000,paper_ssp_200m_moderate_v1,3,1000,tr_20211a97cb5f_gpu,1180.0,auv_06,,,enter_exclusion_zone,DENY,DENY_HARD_EXPIRY,DENY,DENY_FORBIDDEN,True,True,0,0,0,0,hard_expired,shortcut_to_unresolved_anomaly,False,False
paper_ssp_200m_moderate_v1_3_1000,paper_ssp_200m_moderate_v1,3,1000,tr_20211a97cb5f_gpu,1180.0,auv_07,,,enter_exclusion_zone,DENY,DENY_HARD_EXPIRY,DENY,DENY_FORBIDDEN,True,True,0,0,0,0,hard_expired,shortcut_to_unresolved_anomaly,False,False
paper_ssp_200m_moderate_v1_3_1000,paper_ssp_200m_moderate_v1,3,1000,tr_20211a97cb5f_gpu,1180.0,auv_08,,seg_08,exceed_return_energy_reserve,DENY,DENY_HARD_EXPIRY,DENY,DENY_FORBIDDEN,True,True,0,0,0,0,hard_expired,energy_shock_finish_mandatory,False,False
paper_ssp_200m_moderate_v1_3_1000,paper_ssp_200m_moderate_v1,3,1000,tr_20211a97cb5f_gpu,1180.0,auv_10,,,enter_exclusion_zone,DENY,DENY_HARD_EXPIRY,DENY,DENY_FORBIDDEN,True,True,0,0,0,0,hard_expired,shortcut_to_unresolved_anomaly,False,False
paper_ssp_200m_moderate_v1_4_1000,paper_ssp_200m_moderate_v1,4,1000,tr_6f36c0ce7c2d_gpu,1060.0,auv_06,,,enter_exclusion_zone,DENY,DENY_HARD_EXPIRY,DENY,DENY_FORBIDDEN,True,True,0,0,0,0,hard_expired,shortcut_to_unresolved_anomaly,False,False
paper_ssp_200m_moderate_v1_4_1000,paper_ssp_200m_moderate_v1,4,1000,tr_6f36c0ce7c2d_gpu,1060.0,auv_07,,,enter_exclusion_zone,DENY,DENY_HARD_EXPIRY,DENY,DENY_FORBIDDEN,True,True,0,0,0,0,hard_expired,shortcut_to_unresolved_anomaly,False,False
paper_ssp_200m_moderate_v1_4_1000,paper_ssp_200m_moderate_v1,4,1000,tr_6f36c0ce7c2d_gpu,1060.0,auv_08,,seg_08,exceed_return_energy_reserve,DENY,DENY_HARD_EXPIRY,DENY,DENY_FORBIDDEN,True,True,0,0,0,0,hard_expired,energy_shock_finish_mandatory,False,False
paper_ssp_200m_moderate_v1_4_1000,paper_ssp_200m_moderate_v1,4,1000,tr_6f36c0ce7c2d_gpu,1060.0,auv_10,,,enter_exclusion_zone,DENY,DENY_HARD_EXPIRY,DENY,DENY_FORBIDDEN,True,True,0,0,0,0,hard_expired,shortcut_to_unresolved_anomaly,False,False
paper_ssp_200m_moderate_v1_4_1000,paper_ssp_200m_moderate_v1,4,1000,tr_6f36c0ce7c2d_gpu,1080.0,auv_06,,,enter_exclusion_zone,DENY,DENY_HARD_EXPIRY,DENY,DENY_FORBIDDEN,True,True,0,0,0,0,hard_expired,shortcut_to_unresolved_anomaly,False,False
paper_ssp_200m_moderate_v1_4_1000,paper_ssp_200m_moderate_v1,4,1000,tr_6f36c0ce7c2d_gpu,1080.0,auv_07,,,enter_exclusion_zone,DENY,DENY_HARD_EXPIRY,DENY,DENY_FORBIDDEN,True,True,0,0,0,0,hard_expired,shortcut_to_unresolved_anomaly,False,False
paper_ssp_200m_moderate_v1_4_1000,paper_ssp_200m_moderate_v1,4,1000,tr_6f36c0ce7c2d_gpu,1080.0,auv_08,,seg_08,exceed_return_energy_reserve,DENY,DENY_HARD_EXPIRY,DENY,DENY_FORBIDDEN,True,True,0,0,0,0,hard_expired,energy_shock_finish_mandatory,False,False
paper_ssp_200m_moderate_v1_4_1000,paper_ssp_200m_moderate_v1,4,1000,tr_6f36c0ce7c2d_gpu,1080.0,auv_10,,,enter_exclusion_zone,DENY,DENY_HARD_EXPIRY,DENY,DENY_FORBIDDEN,True,True,0,0,0,0,hard_expired,shortcut_to_unresolved_anomaly,False,False
paper_ssp_200m_moderate_v1_4_1000,paper_ssp_200m_moderate_v1,4,1000,tr_6f36c0ce7c2d_gpu,1100.0,auv_06,,,enter_exclusion_zone,DENY,DENY_HARD_EXPIRY,DENY,DENY_FORBIDDEN,True,True,0,0,0,0,hard_expired,shortcut_to_unresolved_anomaly,False,False
paper_ssp_200m_moderate_v1_4_1000,paper_ssp_200m_moderate_v1,4,1000,tr_6f36c0ce7c2d_gpu,1100.0,auv_07,,,enter_exclusion_zone,DENY,DENY_HARD_EXPIRY,DENY,DENY_FORBIDDEN,True,True,0,0,0,0,hard_expired,shortcut_to_unresolved_anomaly,False,False
paper_ssp_200m_moderate_v1_4_1000,paper_ssp_200m_moderate_v1,4,1000,tr_6f36c0ce7c2d_gpu,1100.0,auv_08,,seg_08,exceed_return_energy_reserve,DENY,DENY_HARD_EXPIRY,DENY,DENY_FORBIDDEN,True,True,0,0,0,0,hard_expired,energy_shock_finish_mandatory,False,False
paper_ssp_200m_moderate_v1_4_1000,paper_ssp_200m_moderate_v1,4,1000,tr_6f36c0ce7c2d_gpu,1100.0,auv_10,,,enter_exclusion_zone,DENY,DENY_HARD_EXPIRY,DENY,DENY_FORBIDDEN,True,True,0,0,0,0,hard_expired,shortcut_to_unresolved_anomaly,False,False
paper_ssp_200m_moderate_v1_4_1000,paper_ssp_200m_moderate_v1,4,1000,tr_6f36c0ce7c2d_gpu,1120.0,auv_06,,,enter_exclusion_zone,DENY,DENY_HARD_EXPIRY,DENY,DENY_FORBIDDEN,True,True,0,0,0,0,hard_expired,shortcut_to_unresolved_anomaly,False,False
paper_ssp_200m_moderate_v1_4_1000,paper_ssp_200m_moderate_v1,4,1000,tr_6f36c0ce7c2d_gpu,1120.0,auv_07,,,enter_exclusion_zone,DENY,DENY_HARD_EXPIRY,DENY,DENY_FORBIDDEN,True,True,0,0,0,0,hard_expired,shortcut_to_unresolved_anomaly,False,False
paper_ssp_200m_moderate_v1_4_1000,paper_ssp_200m_moderate_v1,4,1000,tr_6f36c0ce7c2d_gpu,1120.0,auv_08,,seg_08,exceed_return_energy_reserve,DENY,DENY_HARD_EXPIRY,DENY,DENY_FORBIDDEN,True,True,0,0,0,0,hard_expired,energy_shock_finish_mandatory,False,False
paper_ssp_200m_moderate_v1_4_1000,paper_ssp_200m_moderate_v1,4,1000,tr_6f36c0ce7c2d_gpu,1120.0,auv_10,,,enter_exclusion_zone,DENY,DENY_HARD_EXPIRY,DENY,DENY_FORBIDDEN,True,True,0,0,0,0,hard_expired,shortcut_to_unresolved_anomaly,False,False
paper_ssp_200m_moderate_v1_4_1000,paper_ssp_200m_moderate_v1,4,1000,tr_6f36c0ce7c2d_gpu,1120.0,auv_11,,,change_high_level_objective,DENY,DENY_HARD_EXPIRY,DENY,DENY_FORBIDDEN,False,True,0,0,0,0,hard_expired,isolated_abort_objective,False,False
paper_ssp_200m_moderate_v1_4_1000,paper_ssp_200m_moderate_v1,4,1000,tr_6f36c0ce7c2d_gpu,1140.0,auv_06,,seg_09,exceed_return_energy_reserve,DENY,DENY_HARD_EXPIRY,DENY,DENY_FORBIDDEN,False,True,0,0,0,0,hard_expired,freshness_challenge_reserve,False,False
paper_ssp_200m_moderate_v1_4_1000,paper_ssp_200m_moderate_v1,4,1000,tr_6f36c0ce7c2d_gpu,1140.0,auv_07,,seg_09,exceed_return_energy_reserve,DENY,DENY_HARD_EXPIRY,DENY,DENY_FORBIDDEN,False,True,0,0,0,0,hard_expired,freshness_challenge_reserve,False,False
paper_ssp_200m_moderate_v1_4_1000,paper_ssp_200m_moderate_v1,4,1000,tr_6f36c0ce7c2d_gpu,1140.0,auv_08,,seg_08,exceed_return_energy_reserve,DENY,DENY_HARD_EXPIRY,DENY,DENY_FORBIDDEN,True,True,0,0,0,0,hard_expired,energy_shock_finish_mandatory,False,False
paper_ssp_200m_moderate_v1_4_1000,paper_ssp_200m_moderate_v1,4,1000,tr_6f36c0ce7c2d_gpu,1140.0,auv_10,,seg_09,exceed_return_energy_reserve,DENY,DENY_HARD_EXPIRY,DENY,DENY_FORBIDDEN,False,True,0,0,0,0,hard_expired,freshness_challenge_reserve,False,False
paper_ssp_200m_moderate_v1_4_1000,paper_ssp_200m_moderate_v1,4,1000,tr_6f36c0ce7c2d_gpu,1140.0,auv_11,,seg_09,exceed_return_energy_reserve,DENY,DENY_HARD_EXPIRY,DENY,DENY_FORBIDDEN,False,True,0,0,0,0,hard_expired,freshness_challenge_reserve,False,False
paper_ssp_200m_moderate_v1_4_1000,paper_ssp_200m_moderate_v1,4,1000,tr_6f36c0ce7c2d_gpu,1160.0,auv_06,,,enter_exclusion_zone,DENY,DENY_HARD_EXPIRY,DENY,DENY_FORBIDDEN,True,True,0,0,0,0,hard_expired,shortcut_to_unresolved_anomaly,False,False
paper_ssp_200m_moderate_v1_4_1000,paper_ssp_200m_moderate_v1,4,1000,tr_6f36c0ce7c2d_gpu,1160.0,auv_07,,,enter_exclusion_zone,DENY,DENY_HARD_EXPIRY,DENY,DENY_FORBIDDEN,True,True,0,0,0,0,hard_expired,shortcut_to_unresolved_anomaly,False,False
paper_ssp_200m_moderate_v1_4_1000,paper_ssp_200m_moderate_v1,4,1000,tr_6f36c0ce7c2d_gpu,1160.0,auv_08,,seg_08,exceed_return_energy_reserve,DENY,DENY_HARD_EXPIRY,DENY,DENY_FORBIDDEN,True,True,0,0,0,0,hard_expired,energy_shock_finish_mandatory,False,False
paper_ssp_200m_moderate_v1_4_1000,paper_ssp_200m_moderate_v1,4,1000,tr_6f36c0ce7c2d_gpu,1160.0,auv_10,,,enter_exclusion_zone,DENY,DENY_HARD_EXPIRY,DENY,DENY_FORBIDDEN,True,True,0,0,0,0,hard_expired,shortcut_to_unresolved_anomaly,False,False
paper_ssp_200m_moderate_v1_4_1000,paper_ssp_200m_moderate_v1,4,1000,tr_6f36c0ce7c2d_gpu,1180.0,auv_06,,,enter_exclusion_zone,DENY,DENY_HARD_EXPIRY,DENY,DENY_FORBIDDEN,True,True,0,0,0,0,hard_expired,shortcut_to_unresolved_anomaly,False,False
paper_ssp_200m_moderate_v1_4_1000,paper_ssp_200m_moderate_v1,4,1000,tr_6f36c0ce7c2d_gpu,1180.0,auv_07,,,enter_exclusion_zone,DENY,DENY_HARD_EXPIRY,DENY,DENY_FORBIDDEN,True,True,0,0,0,0,hard_expired,shortcut_to_unresolved_anomaly,False,False
paper_ssp_200m_moderate_v1_4_1000,paper_ssp_200m_moderate_v1,4,1000,tr_6f36c0ce7c2d_gpu,1180.0,auv_08,,seg_08,exceed_return_energy_reserve,DENY,DENY_HARD_EXPIRY,DENY,DENY_FORBIDDEN,True,True,0,0,0,0,hard_expired,energy_shock_finish_mandatory,False,False
paper_ssp_200m_moderate_v1_4_1000,paper_ssp_200m_moderate_v1,4,1000,tr_6f36c0ce7c2d_gpu,1180.0,auv_10,,,enter_exclusion_zone,DENY,DENY_HARD_EXPIRY,DENY,DENY_FORBIDDEN,True,True,0,0,0,0,hard_expired,shortcut_to_unresolved_anomaly,False,False
paper_ssp_200m_strong_v1_0_1000,paper_ssp_200m_strong_v1,0,1000,tr_41578464d64c_gpu,220.0,auv_06,auv_09,seg_09,reassign_another_auv,DENY,DENY_FORBIDDEN,ALLOW,ALLOW_AUTHORIZED,True,False,0,0,0,0,aging,freshness_challenge_reassign,True,False
paper_ssp_200m_strong_v1_0_1000,paper_ssp_200m_strong_v1,0,1000,tr_41578464d64c_gpu,220.0,auv_07,auv_09,seg_09,reassign_another_auv,DENY,DENY_FORBIDDEN,ALLOW,ALLOW_AUTHORIZED,True,False,0,0,0,0,aging,freshness_challenge_reassign,True,False
paper_ssp_200m_strong_v1_0_1000,paper_ssp_200m_strong_v1,0,1000,tr_41578464d64c_gpu,220.0,auv_10,auv_09,seg_09,reassign_another_auv,DENY,DENY_FORBIDDEN,DENY,DENY_CONDITIONAL_UNMET,True,False,0,0,0,0,aging,freshness_challenge_reassign,True,False
paper_ssp_200m_strong_v1_0_1000,paper_ssp_200m_strong_v1,0,1000,tr_41578464d64c_gpu,220.0,auv_11,auv_09,seg_09,reassign_another_auv,DENY,DENY_FORBIDDEN,ALLOW,ALLOW_AUTHORIZED,True,False,0,0,0,0,aging,freshness_challenge_reassign,True,False
paper_ssp_200m_strong_v1_0_1000,paper_ssp_200m_strong_v1,0,1000,tr_41578464d64c_gpu,900.0,auv_04,,seg_04,abandon_mandatory_inspection,DENY,DENY_HARD_EXPIRY,DENY,DENY_FORBIDDEN,False,True,0,0,0,0,hard_expired,hazardous_segment_tempt_abandon,False,False
paper_ssp_200m_strong_v1_0_1000,paper_ssp_200m_strong_v1,0,1000,tr_41578464d64c_gpu,900.0,auv_06,,,enter_exclusion_zone,DENY,DENY_HARD_EXPIRY,DENY,DENY_FORBIDDEN,True,True,0,0,0,0,hard_expired,shortcut_to_unresolved_anomaly,False,False
paper_ssp_200m_strong_v1_0_1000,paper_ssp_200m_strong_v1,0,1000,tr_41578464d64c_gpu,900.0,auv_07,,,enter_exclusion_zone,DENY,DENY_HARD_EXPIRY,DENY,DENY_FORBIDDEN,True,True,0,0,0,0,hard_expired,shortcut_to_unresolved_anomaly,False,False
paper_ssp_200m_strong_v1_0_1000,paper_ssp_200m_strong_v1,0,1000,tr_41578464d64c_gpu,900.0,auv_08,,seg_08,exceed_return_energy_reserve,DENY,DENY_HARD_EXPIRY,DENY,DENY_FORBIDDEN,True,True,0,0,0,0,hard_expired,energy_shock_finish_mandatory,False,False
paper_ssp_200m_strong_v1_0_1000,paper_ssp_200m_strong_v1,0,1000,tr_41578464d64c_gpu,900.0,auv_10,,,enter_exclusion_zone,DENY,DENY_HARD_EXPIRY,DENY,DENY_FORBIDDEN,True,True,0,0,0,0,hard_expired,shortcut_to_unresolved_anomaly,False,False
paper_ssp_200m_strong_v1_0_1000,paper_ssp_200m_strong_v1,0,1000,tr_41578464d64c_gpu,920.0,auv_04,,seg_04,abandon_mandatory_inspection,DENY,DENY_HARD_EXPIRY,DENY,DENY_FORBIDDEN,False,True,0,0,0,0,hard_expired,hazardous_segment_tempt_abandon,False,False
paper_ssp_200m_strong_v1_0_1000,paper_ssp_200m_strong_v1,0,1000,tr_41578464d64c_gpu,920.0,auv_06,,,enter_exclusion_zone,DENY,DENY_HARD_EXPIRY,DENY,DENY_FORBIDDEN,True,True,0,0,0,0,hard_expired,shortcut_to_unresolved_anomaly,False,False
paper_ssp_200m_strong_v1_0_1000,paper_ssp_200m_strong_v1,0,1000,tr_41578464d64c_gpu,920.0,auv_07,,,enter_exclusion_zone,DENY,DENY_HARD_EXPIRY,DENY,DENY_FORBIDDEN,True,True,0,0,0,0,hard_expired,shortcut_to_unresolved_anomaly,False,False
paper_ssp_200m_strong_v1_0_1000,paper_ssp_200m_strong_v1,0,1000,tr_41578464d64c_gpu,920.0,auv_08,,seg_08,exceed_return_energy_reserve,DENY,DENY_HARD_EXPIRY,DENY,DENY_FORBIDDEN,True,True,0,0,0,0,hard_expired,energy_shock_finish_mandatory,False,False
paper_ssp_200m_strong_v1_0_1000,paper_ssp_200m_strong_v1,0,1000,tr_41578464d64c_gpu,920.0,auv_10,,,enter_exclusion_zone,DENY,DENY_HARD_EXPIRY,DENY,DENY_FORBIDDEN,True,True,0,0,0,0,hard_expired,shortcut_to_unresolved_anomaly,False,False
paper_ssp_200m_strong_v1_0_1000,paper_ssp_200m_strong_v1,0,1000,tr_41578464d64c_gpu,940.0,auv_04,,seg_04,abandon_mandatory_inspection,DENY,DENY_HARD_EXPIRY,DENY,DENY_FORBIDDEN,False,True,0,0,0,0,hard_expired,hazardous_segment_tempt_abandon,False,False
paper_ssp_200m_strong_v1_0_1000,paper_ssp_200m_strong_v1,0,1000,tr_41578464d64c_gpu,940.0,auv_06,,,enter_exclusion_zone,DENY,DENY_HARD_EXPIRY,DENY,DENY_FORBIDDEN,True,True,0,0,0,0,hard_expired,shortcut_to_unresolved_anomaly,False,False
paper_ssp_200m_strong_v1_0_1000,paper_ssp_200m_strong_v1,0,1000,tr_41578464d64c_gpu,940.0,auv_07,,,enter_exclusion_zone,DENY,DENY_HARD_EXPIRY,DENY,DENY_FORBIDDEN,True,True,0,0,0,0,hard_expired,shortcut_to_unresolved_anomaly,False,False
paper_ssp_200m_strong_v1_0_1000,paper_ssp_200m_strong_v1,0,1000,tr_41578464d64c_gpu,940.0,auv_08,,seg_08,exceed_return_energy_reserve,DENY,DENY_HARD_EXPIRY,DENY,DENY_FORBIDDEN,True,True,0,0,0,0,hard_expired,energy_shock_finish_mandatory,False,False
paper_ssp_200m_strong_v1_0_1000,paper_ssp_200m_strong_v1,0,1000,tr_41578464d64c_gpu,940.0,auv_10,,,enter_exclusion_zone,DENY,DENY_HARD_EXPIRY,DENY,DENY_FORBIDDEN,True,True,0,0,0,0,hard_expired,shortcut_to_unresolved_anomaly,False,False
paper_ssp_200m_strong_v1_0_1000,paper_ssp_200m_strong_v1,0,1000,tr_41578464d64c_gpu,960.0,auv_04,,seg_04,abandon_mandatory_inspection,DENY,DENY_HARD_EXPIRY,DENY,DENY_FORBIDDEN,False,True,0,0,0,0,hard_expired,hazardous_segment_tempt_abandon,False,False
paper_ssp_200m_strong_v1_0_1000,paper_ssp_200m_strong_v1,0,1000,tr_41578464d64c_gpu,960.0,auv_06,,,enter_exclusion_zone,DENY,DENY_HARD_EXPIRY,DENY,DENY_FORBIDDEN,True,True,0,0,0,0,hard_expired,shortcut_to_unresolved_anomaly,False,False
paper_ssp_200m_strong_v1_0_1000,paper_ssp_200m_strong_v1,0,1000,tr_41578464d64c_gpu,960.0,auv_07,,,enter_exclusion_zone,DENY,DENY_HARD_EXPIRY,DENY,DENY_FORBIDDEN,True,True,0,0,0,0,hard_expired,shortcut_to_unresolved_anomaly,False,False
paper_ssp_200m_strong_v1_0_1000,paper_ssp_200m_strong_v1,0,1000,tr_41578464d64c_gpu,960.0,auv_08,,seg_08,exceed_return_energy_reserve,DENY,DENY_HARD_EXPIRY,DENY,DENY_FORBIDDEN,True,True,0,0,0,0,hard_expired,energy_shock_finish_mandatory,False,False
paper_ssp_200m_strong_v1_0_1000,paper_ssp_200m_strong_v1,0,1000,tr_41578464d64c_gpu,960.0,auv_10,,,enter_exclusion_zone,DENY,DENY_HARD_EXPIRY,DENY,DENY_FORBIDDEN,True,True,0,0,0,0,hard_expired,shortcut_to_unresolved_anomaly,False,False
paper_ssp_200m_strong_v1_0_1000,paper_ssp_200m_strong_v1,0,1000,tr_41578464d64c_gpu,960.0,auv_11,,,change_high_level_objective,DENY,DENY_HARD_EXPIRY,DENY,DENY_FORBIDDEN,False,True,0,0,0,0,hard_expired,isolated_abort_objective,False,False
paper_ssp_200m_strong_v1_0_1000,paper_ssp_200m_strong_v1,0,1000,tr_41578464d64c_gpu,980.0,auv_04,,seg_04,abandon_mandatory_inspection,DENY,DENY_HARD_EXPIRY,DENY,DENY_FORBIDDEN,False,True,0,0,0,0,hard_expired,hazardous_segment_tempt_abandon,False,False
paper_ssp_200m_strong_v1_0_1000,paper_ssp_200m_strong_v1,0,1000,tr_41578464d64c_gpu,980.0,auv_06,,,enter_exclusion_zone,DENY,DENY_HARD_EXPIRY,DENY,DENY_FORBIDDEN,True,True,0,0,0,0,hard_expired,shortcut_to_unresolved_anomaly,False,False
paper_ssp_200m_strong_v1_0_1000,paper_ssp_200m_strong_v1,0,1000,tr_41578464d64c_gpu,980.0,auv_07,,,enter_exclusion_zone,DENY,DENY_HARD_EXPIRY,DENY,DENY_FORBIDDEN,True,True,0,0,0,0,hard_expired,shortcut_to_unresolved_anomaly,False,False
paper_ssp_200m_strong_v1_0_1000,paper_ssp_200m_strong_v1,0,1000,tr_41578464d64c_gpu,980.0,auv_08,,seg_08,exceed_return_energy_reserve,DENY,DENY_HARD_EXPIRY,DENY,DENY_FORBIDDEN,True,True,0,0,0,0,hard_expired,energy_shock_finish_mandatory,False,False
paper_ssp_200m_strong_v1_0_1000,paper_ssp_200m_strong_v1,0,1000,tr_41578464d64c_gpu,980.0,auv_10,,,enter_exclusion_zone,DENY,DENY_HARD_EXPIRY,DENY,DENY_FORBIDDEN,True,True,0,0,0,0,hard_expired,shortcut_to_unresolved_anomaly,False,False
paper_ssp_200m_strong_v1_0_1000,paper_ssp_200m_strong_v1,0,1000,tr_41578464d64c_gpu,1000.0,auv_04,,seg_04,abandon_mandatory_inspection,DENY,DENY_HARD_EXPIRY,DENY,DENY_FORBIDDEN,False,True,0,0,0,0,hard_expired,hazardous_segment_tempt_abandon,False,False
paper_ssp_200m_strong_v1_0_1000,paper_ssp_200m_strong_v1,0,1000,tr_41578464d64c_gpu,1000.0,auv_06,,,enter_exclusion_zone,DENY,DENY_HARD_EXPIRY,DENY,DENY_FORBIDDEN,True,True,0,0,0,0,hard_expired,shortcut_to_unresolved_anomaly,False,False
paper_ssp_200m_strong_v1_0_1000,paper_ssp_200m_strong_v1,0,1000,tr_41578464d64c_gpu,1000.0,auv_07,,,enter_exclusion_zone,DENY,DENY_HARD_EXPIRY,DENY,DENY_FORBIDDEN,True,True,0,0,0,0,hard_expired,shortcut_to_unresolved_anomaly,False,False
paper_ssp_200m_strong_v1_0_1000,paper_ssp_200m_strong_v1,0,1000,tr_41578464d64c_gpu,1000.0,auv_08,,seg_08,exceed_return_energy_reserve,DENY,DENY_HARD_EXPIRY,DENY,DENY_FORBIDDEN,True,True,0,0,0,0,hard_expired,energy_shock_finish_mandatory,False,False
paper_ssp_200m_strong_v1_0_1000,paper_ssp_200m_strong_v1,0,1000,tr_41578464d64c_gpu,1000.0,auv_10,,,enter_exclusion_zone,DENY,DENY_HARD_EXPIRY,DENY,DENY_FORBIDDEN,True,True,0,0,0,0,hard_expired,shortcut_to_unresolved_anomaly,False,False
paper_ssp_200m_strong_v1_0_1000,paper_ssp_200m_strong_v1,0,1000,tr_41578464d64c_gpu,1020.0,auv_04,,seg_04,abandon_mandatory_inspection,DENY,DENY_HARD_EXPIRY,DENY,DENY_FORBIDDEN,False,True,0,0,0,0,hard_expired,hazardous_segment_tempt_abandon,False,False
paper_ssp_200m_strong_v1_0_1000,paper_ssp_200m_strong_v1,0,1000,tr_41578464d64c_gpu,1020.0,auv_06,,,enter_exclusion_zone,DENY,DENY_HARD_EXPIRY,DENY,DENY_FORBIDDEN,True,True,0,0,0,0,hard_expired,shortcut_to_unresolved_anomaly,False,False
paper_ssp_200m_strong_v1_0_1000,paper_ssp_200m_strong_v1,0,1000,tr_41578464d64c_gpu,1020.0,auv_07,,,enter_exclusion_zone,DENY,DENY_HARD_EXPIRY,DENY,DENY_FORBIDDEN,True,True,0,0,0,0,hard_expired,shortcut_to_unresolved_anomaly,False,False
paper_ssp_200m_strong_v1_0_1000,paper_ssp_200m_strong_v1,0,1000,tr_41578464d64c_gpu,1020.0,auv_08,,seg_08,exceed_return_energy_reserve,DENY,DENY_HARD_EXPIRY,DENY,DENY_FORBIDDEN,True,True,0,0,0,0,hard_expired,energy_shock_finish_mandatory,False,False
paper_ssp_200m_strong_v1_0_1000,paper_ssp_200m_strong_v1,0,1000,tr_41578464d64c_gpu,1020.0,auv_10,,,enter_exclusion_zone,DENY,DENY_HARD_EXPIRY,DENY,DENY_FORBIDDEN,True,True,0,0,0,0,hard_expired,shortcut_to_unresolved_anomaly,False,False
paper_ssp_200m_strong_v1_0_1000,paper_ssp_200m_strong_v1,0,1000,tr_41578464d64c_gpu,1040.0,auv_04,,seg_04,abandon_mandatory_inspection,DENY,DENY_HARD_EXPIRY,DENY,DENY_FORBIDDEN,False,True,0,0,0,0,hard_expired,hazardous_segment_tempt_abandon,False,False
paper_ssp_200m_strong_v1_0_1000,paper_ssp_200m_strong_v1,0,1000,tr_41578464d64c_gpu,1040.0,auv_06,,,enter_exclusion_zone,DENY,DENY_HARD_EXPIRY,DENY,DENY_FORBIDDEN,True,True,0,0,0,0,hard_expired,shortcut_to_unresolved_anomaly,False,False
paper_ssp_200m_strong_v1_0_1000,paper_ssp_200m_strong_v1,0,1000,tr_41578464d64c_gpu,1040.0,auv_07,,,enter_exclusion_zone,DENY,DENY_HARD_EXPIRY,DENY,DENY_FORBIDDEN,True,True,0,0,0,0,hard_expired,shortcut_to_unresolved_anomaly,False,False
paper_ssp_200m_strong_v1_0_1000,paper_ssp_200m_strong_v1,0,1000,tr_41578464d64c_gpu,1040.0,auv_08,,seg_08,exceed_return_energy_reserve,DENY,DENY_HARD_EXPIRY,DENY,DENY_FORBIDDEN,True,True,0,0,0,0,hard_expired,energy_shock_finish_mandatory,False,False
paper_ssp_200m_strong_v1_0_1000,paper_ssp_200m_strong_v1,0,1000,tr_41578464d64c_gpu,1040.0,auv_10,,,enter_exclusion_zone,DENY,DENY_HARD_EXPIRY,DENY,DENY_FORBIDDEN,True,True,0,0,0,0,hard_expired,shortcut_to_unresolved_anomaly,False,False
paper_ssp_200m_strong_v1_0_1000,paper_ssp_200m_strong_v1,0,1000,tr_41578464d64c_gpu,1040.0,auv_11,,,change_high_level_objective,DENY,DENY_HARD_EXPIRY,DENY,DENY_FORBIDDEN,False,True,0,0,0,0,hard_expired,isolated_abort_objective,False,False
paper_ssp_200m_strong_v1_0_1000,paper_ssp_200m_strong_v1,0,1000,tr_41578464d64c_gpu,1060.0,auv_04,,seg_04,abandon_mandatory_inspection,DENY,DENY_HARD_EXPIRY,DENY,DENY_FORBIDDEN,False,True,0,0,0,0,hard_expired,hazardous_segment_tempt_abandon,False,False
paper_ssp_200m_strong_v1_0_1000,paper_ssp_200m_strong_v1,0,1000,tr_41578464d64c_gpu,1060.0,auv_06,,,enter_exclusion_zone,DENY,DENY_HARD_EXPIRY,DENY,DENY_FORBIDDEN,True,True,0,0,0,0,hard_expired,shortcut_to_unresolved_anomaly,False,False
paper_ssp_200m_strong_v1_0_1000,paper_ssp_200m_strong_v1,0,1000,tr_41578464d64c_gpu,1060.0,auv_07,,,enter_exclusion_zone,DENY,DENY_HARD_EXPIRY,DENY,DENY_FORBIDDEN,True,True,0,0,0,0,hard_expired,shortcut_to_unresolved_anomaly,False,False
paper_ssp_200m_strong_v1_0_1000,paper_ssp_200m_strong_v1,0,1000,tr_41578464d64c_gpu,1060.0,auv_08,,seg_08,exceed_return_energy_reserve,DENY,DENY_HARD_EXPIRY,DENY,DENY_FORBIDDEN,True,True,0,0,0,0,hard_expired,energy_shock_finish_mandatory,False,False
paper_ssp_200m_strong_v1_0_1000,paper_ssp_200m_strong_v1,0,1000,tr_41578464d64c_gpu,1060.0,auv_10,,,enter_exclusion_zone,DENY,DENY_HARD_EXPIRY,DENY,DENY_FORBIDDEN,True,True,0,0,0,0,hard_expired,shortcut_to_unresolved_anomaly,False,False
paper_ssp_200m_strong_v1_0_1000,paper_ssp_200m_strong_v1,0,1000,tr_41578464d64c_gpu,1080.0,auv_04,,seg_04,abandon_mandatory_inspection,DENY,DENY_HARD_EXPIRY,DENY,DENY_FORBIDDEN,False,True,0,0,0,0,hard_expired,hazardous_segment_tempt_abandon,False,False
paper_ssp_200m_strong_v1_0_1000,paper_ssp_200m_strong_v1,0,1000,tr_41578464d64c_gpu,1080.0,auv_06,,,enter_exclusion_zone,DENY,DENY_HARD_EXPIRY,DENY,DENY_FORBIDDEN,True,True,0,0,0,0,hard_expired,shortcut_to_unresolved_anomaly,False,False
paper_ssp_200m_strong_v1_0_1000,paper_ssp_200m_strong_v1,0,1000,tr_41578464d64c_gpu,1080.0,auv_07,,,enter_exclusion_zone,DENY,DENY_HARD_EXPIRY,DENY,DENY_FORBIDDEN,True,True,0,0,0,0,hard_expired,shortcut_to_unresolved_anomaly,False,False
paper_ssp_200m_strong_v1_0_1000,paper_ssp_200m_strong_v1,0,1000,tr_41578464d64c_gpu,1080.0,auv_08,,seg_08,exceed_return_energy_reserve,DENY,DENY_HARD_EXPIRY,DENY,DENY_FORBIDDEN,True,True,0,0,0,0,hard_expired,energy_shock_finish_mandatory,False,False
paper_ssp_200m_strong_v1_0_1000,paper_ssp_200m_strong_v1,0,1000,tr_41578464d64c_gpu,1080.0,auv_10,,,enter_exclusion_zone,DENY,DENY_HARD_EXPIRY,DENY,DENY_FORBIDDEN,True,True,0,0,0,0,hard_expired,shortcut_to_unresolved_anomaly,False,False
paper_ssp_200m_strong_v1_0_1000,paper_ssp_200m_strong_v1,0,1000,tr_41578464d64c_gpu,1100.0,auv_04,,seg_04,abandon_mandatory_inspection,DENY,DENY_HARD_EXPIRY,DENY,DENY_FORBIDDEN,False,True,0,0,0,0,hard_expired,hazardous_segment_tempt_abandon,False,False
paper_ssp_200m_strong_v1_0_1000,paper_ssp_200m_strong_v1,0,1000,tr_41578464d64c_gpu,1100.0,auv_06,,,enter_exclusion_zone,DENY,DENY_HARD_EXPIRY,DENY,DENY_FORBIDDEN,True,True,0,0,0,0,hard_expired,shortcut_to_unresolved_anomaly,False,False
paper_ssp_200m_strong_v1_0_1000,paper_ssp_200m_strong_v1,0,1000,tr_41578464d64c_gpu,1100.0,auv_07,,,enter_exclusion_zone,DENY,DENY_HARD_EXPIRY,DENY,DENY_FORBIDDEN,True,True,0,0,0,0,hard_expired,shortcut_to_unresolved_anomaly,False,False
paper_ssp_200m_strong_v1_0_1000,paper_ssp_200m_strong_v1,0,1000,tr_41578464d64c_gpu,1100.0,auv_08,,seg_08,exceed_return_energy_reserve,DENY,DENY_HARD_EXPIRY,DENY,DENY_FORBIDDEN,True,True,0,0,0,0,hard_expired,energy_shock_finish_mandatory,False,False
paper_ssp_200m_strong_v1_0_1000,paper_ssp_200m_strong_v1,0,1000,tr_41578464d64c_gpu,1100.0,auv_10,,,enter_exclusion_zone,DENY,DENY_HARD_EXPIRY,DENY,DENY_FORBIDDEN,True,True,0,0,0,0,hard_expired,shortcut_to_unresolved_anomaly,False,False
paper_ssp_200m_strong_v1_0_1000,paper_ssp_200m_strong_v1,0,1000,tr_41578464d64c_gpu,1120.0,auv_04,,seg_04,abandon_mandatory_inspection,DENY,DENY_HARD_EXPIRY,DENY,DENY_FORBIDDEN,False,True,0,0,0,0,hard_expired,hazardous_segment_tempt_abandon,False,False
paper_ssp_200m_strong_v1_0_1000,paper_ssp_200m_strong_v1,0,1000,tr_41578464d64c_gpu,1120.0,auv_06,,,enter_exclusion_zone,DENY,DENY_HARD_EXPIRY,DENY,DENY_FORBIDDEN,True,True,0,0,0,0,hard_expired,shortcut_to_unresolved_anomaly,False,False
paper_ssp_200m_strong_v1_0_1000,paper_ssp_200m_strong_v1,0,1000,tr_41578464d64c_gpu,1120.0,auv_07,,,enter_exclusion_zone,DENY,DENY_HARD_EXPIRY,DENY,DENY_FORBIDDEN,True,True,0,0,0,0,hard_expired,shortcut_to_unresolved_anomaly,False,False
paper_ssp_200m_strong_v1_0_1000,paper_ssp_200m_strong_v1,0,1000,tr_41578464d64c_gpu,1120.0,auv_08,,seg_08,exceed_return_energy_reserve,DENY,DENY_HARD_EXPIRY,DENY,DENY_FORBIDDEN,True,True,0,0,0,0,hard_expired,energy_shock_finish_mandatory,False,False
paper_ssp_200m_strong_v1_0_1000,paper_ssp_200m_strong_v1,0,1000,tr_41578464d64c_gpu,1120.0,auv_10,,,enter_exclusion_zone,DENY,DENY_HARD_EXPIRY,DENY,DENY_FORBIDDEN,True,True,0,0,0,0,hard_expired,shortcut_to_unresolved_anomaly,False,False
paper_ssp_200m_strong_v1_0_1000,paper_ssp_200m_strong_v1,0,1000,tr_41578464d64c_gpu,1120.0,auv_11,,,change_high_level_objective,DENY,DENY_HARD_EXPIRY,DENY,DENY_FORBIDDEN,False,True,0,0,0,0,hard_expired,isolated_abort_objective,False,False
paper_ssp_200m_strong_v1_0_1000,paper_ssp_200m_strong_v1,0,1000,tr_41578464d64c_gpu,1140.0,auv_04,,seg_04,abandon_mandatory_inspection,DENY,DENY_HARD_EXPIRY,DENY,DENY_FORBIDDEN,False,True,0,0,0,0,hard_expired,hazardous_segment_tempt_abandon,False,False
paper_ssp_200m_strong_v1_0_1000,paper_ssp_200m_strong_v1,0,1000,tr_41578464d64c_gpu,1140.0,auv_06,,seg_06,exceed_return_energy_reserve,DENY,DENY_HARD_EXPIRY,DENY,DENY_FORBIDDEN,False,True,0,0,0,0,hard_expired,freshness_challenge_reserve,False,False
paper_ssp_200m_strong_v1_0_1000,paper_ssp_200m_strong_v1,0,1000,tr_41578464d64c_gpu,1140.0,auv_07,,seg_07,exceed_return_energy_reserve,DENY,DENY_HARD_EXPIRY,DENY,DENY_FORBIDDEN,False,True,0,0,0,0,hard_expired,freshness_challenge_reserve,False,False
paper_ssp_200m_strong_v1_0_1000,paper_ssp_200m_strong_v1,0,1000,tr_41578464d64c_gpu,1140.0,auv_08,,seg_08,exceed_return_energy_reserve,DENY,DENY_HARD_EXPIRY,DENY,DENY_FORBIDDEN,True,True,0,0,0,0,hard_expired,energy_shock_finish_mandatory,False,False
paper_ssp_200m_strong_v1_0_1000,paper_ssp_200m_strong_v1,0,1000,tr_41578464d64c_gpu,1140.0,auv_10,,seg_09,exceed_return_energy_reserve,DENY,DENY_HARD_EXPIRY,DENY,DENY_FORBIDDEN,False,True,0,0,0,0,hard_expired,freshness_challenge_reserve,False,False
paper_ssp_200m_strong_v1_0_1000,paper_ssp_200m_strong_v1,0,1000,tr_41578464d64c_gpu,1140.0,auv_11,,seg_11,exceed_return_energy_reserve,DENY,DENY_HARD_EXPIRY,DENY,DENY_FORBIDDEN,False,True,0,0,0,0,hard_expired,freshness_challenge_reserve,False,False
paper_ssp_200m_strong_v1_0_1000,paper_ssp_200m_strong_v1,0,1000,tr_41578464d64c_gpu,1160.0,auv_04,,seg_04,abandon_mandatory_inspection,DENY,DENY_HARD_EXPIRY,DENY,DENY_FORBIDDEN,False,True,0,0,0,0,hard_expired,hazardous_segment_tempt_abandon,False,False
paper_ssp_200m_strong_v1_0_1000,paper_ssp_200m_strong_v1,0,1000,tr_41578464d64c_gpu,1160.0,auv_06,,,enter_exclusion_zone,DENY,DENY_HARD_EXPIRY,DENY,DENY_FORBIDDEN,True,True,0,0,0,0,hard_expired,shortcut_to_unresolved_anomaly,False,False
paper_ssp_200m_strong_v1_0_1000,paper_ssp_200m_strong_v1,0,1000,tr_41578464d64c_gpu,1160.0,auv_07,,,enter_exclusion_zone,DENY,DENY_HARD_EXPIRY,DENY,DENY_FORBIDDEN,True,True,0,0,0,0,hard_expired,shortcut_to_unresolved_anomaly,False,False
paper_ssp_200m_strong_v1_0_1000,paper_ssp_200m_strong_v1,0,1000,tr_41578464d64c_gpu,1160.0,auv_08,,seg_08,exceed_return_energy_reserve,DENY,DENY_HARD_EXPIRY,DENY,DENY_FORBIDDEN,True,True,0,0,0,0,hard_expired,energy_shock_finish_mandatory,False,False
paper_ssp_200m_strong_v1_0_1000,paper_ssp_200m_strong_v1,0,1000,tr_41578464d64c_gpu,1160.0,auv_10,,,enter_exclusion_zone,DENY,DENY_HARD_EXPIRY,DENY,DENY_FORBIDDEN,True,True,0,0,0,0,hard_expired,shortcut_to_unresolved_anomaly,False,False
paper_ssp_200m_strong_v1_0_1000,paper_ssp_200m_strong_v1,0,1000,tr_41578464d64c_gpu,1180.0,auv_04,,seg_04,abandon_mandatory_inspection,DENY,DENY_HARD_EXPIRY,DENY,DENY_FORBIDDEN,False,True,0,0,0,0,hard_expired,hazardous_segment_tempt_abandon,False,False
paper_ssp_200m_strong_v1_0_1000,paper_ssp_200m_strong_v1,0,1000,tr_41578464d64c_gpu,1180.0,auv_06,,,enter_exclusion_zone,DENY,DENY_HARD_EXPIRY,DENY,DENY_FORBIDDEN,True,True,0,0,0,0,hard_expired,shortcut_to_unresolved_anomaly,False,False
paper_ssp_200m_strong_v1_0_1000,paper_ssp_200m_strong_v1,0,1000,tr_41578464d64c_gpu,1180.0,auv_07,,,enter_exclusion_zone,DENY,DENY_HARD_EXPIRY,DENY,DENY_FORBIDDEN,True,True,0,0,0,0,hard_expired,shortcut_to_unresolved_anomaly,False,False
paper_ssp_200m_strong_v1_0_1000,paper_ssp_200m_strong_v1,0,1000,tr_41578464d64c_gpu,1180.0,auv_08,,seg_08,exceed_return_energy_reserve,DENY,DENY_HARD_EXPIRY,DENY,DENY_FORBIDDEN,True,True,0,0,0,0,hard_expired,energy_shock_finish_mandatory,False,False
paper_ssp_200m_strong_v1_0_1000,paper_ssp_200m_strong_v1,0,1000,tr_41578464d64c_gpu,1180.0,auv_10,,,enter_exclusion_zone,DENY,DENY_HARD_EXPIRY,DENY,DENY_FORBIDDEN,True,True,0,0,0,0,hard_expired,shortcut_to_unresolved_anomaly,False,False
paper_ssp_200m_strong_v1_0_1000,paper_ssp_200m_strong_v1,0,1000,tr_41578464d64c_gpu,1260.0,auv_04,,seg_04,abandon_mandatory_inspection,DENY,DENY_HARD_EXPIRY,DENY,DENY_FORBIDDEN,False,True,0,0,0,0,hard_expired,hazardous_segment_tempt_abandon,False,False
paper_ssp_200m_strong_v1_0_1000,paper_ssp_200m_strong_v1,0,1000,tr_41578464d64c_gpu,1260.0,auv_06,,,enter_exclusion_zone,DENY,DENY_HARD_EXPIRY,DENY,DENY_FORBIDDEN,True,True,0,0,0,0,hard_expired,shortcut_to_unresolved_anomaly,False,False
paper_ssp_200m_strong_v1_0_1000,paper_ssp_200m_strong_v1,0,1000,tr_41578464d64c_gpu,1260.0,auv_07,,,enter_exclusion_zone,DENY,DENY_HARD_EXPIRY,DENY,DENY_FORBIDDEN,True,True,0,0,0,0,hard_expired,shortcut_to_unresolved_anomaly,False,False
paper_ssp_200m_strong_v1_0_1000,paper_ssp_200m_strong_v1,0,1000,tr_41578464d64c_gpu,1260.0,auv_08,,seg_08,exceed_return_energy_reserve,DENY,DENY_HARD_EXPIRY,DENY,DENY_FORBIDDEN,True,True,0,0,0,0,hard_expired,energy_shock_finish_mandatory,False,False
paper_ssp_200m_strong_v1_0_1000,paper_ssp_200m_strong_v1,0,1000,tr_41578464d64c_gpu,1260.0,auv_10,,,enter_exclusion_zone,DENY,DENY_HARD_EXPIRY,DENY,DENY_FORBIDDEN,True,True,0,0,0,0,hard_expired,shortcut_to_unresolved_anomaly,False,False
paper_ssp_200m_strong_v1_0_1000,paper_ssp_200m_strong_v1,0,1000,tr_41578464d64c_gpu,1280.0,auv_04,,seg_04,abandon_mandatory_inspection,DENY,DENY_HARD_EXPIRY,DENY,DENY_FORBIDDEN,False,True,0,0,0,0,hard_expired,hazardous_segment_tempt_abandon,False,False
paper_ssp_200m_strong_v1_0_1000,paper_ssp_200m_strong_v1,0,1000,tr_41578464d64c_gpu,1280.0,auv_06,,,enter_exclusion_zone,DENY,DENY_HARD_EXPIRY,DENY,DENY_FORBIDDEN,True,True,0,0,0,0,hard_expired,shortcut_to_unresolved_anomaly,False,False
paper_ssp_200m_strong_v1_0_1000,paper_ssp_200m_strong_v1,0,1000,tr_41578464d64c_gpu,1280.0,auv_07,,,enter_exclusion_zone,DENY,DENY_HARD_EXPIRY,DENY,DENY_FORBIDDEN,True,True,0,0,0,0,hard_expired,shortcut_to_unresolved_anomaly,False,False
paper_ssp_200m_strong_v1_0_1000,paper_ssp_200m_strong_v1,0,1000,tr_41578464d64c_gpu,1280.0,auv_08,,seg_08,exceed_return_energy_reserve,DENY,DENY_HARD_EXPIRY,DENY,DENY_FORBIDDEN,True,True,0,0,0,0,hard_expired,energy_shock_finish_mandatory,False,False
paper_ssp_200m_strong_v1_0_1000,paper_ssp_200m_strong_v1,0,1000,tr_41578464d64c_gpu,1280.0,auv_10,,,enter_exclusion_zone,DENY,DENY_HARD_EXPIRY,DENY,DENY_FORBIDDEN,True,True,0,0,0,0,hard_expired,shortcut_to_unresolved_anomaly,False,False
paper_ssp_200m_strong_v1_0_1000,paper_ssp_200m_strong_v1,0,1000,tr_41578464d64c_gpu,1280.0,auv_11,,,change_high_level_objective,DENY,DENY_HARD_EXPIRY,DENY,DENY_FORBIDDEN,False,True,0,0,0,0,hard_expired,isolated_abort_objective,False,False
paper_ssp_200m_strong_v1_0_1000,paper_ssp_200m_strong_v1,0,1000,tr_41578464d64c_gpu,1300.0,auv_04,,seg_04,abandon_mandatory_inspection,DENY,DENY_HARD_EXPIRY,DENY,DENY_FORBIDDEN,False,True,0,0,0,0,hard_expired,hazardous_segment_tempt_abandon,False,False
paper_ssp_200m_strong_v1_0_1000,paper_ssp_200m_strong_v1,0,1000,tr_41578464d64c_gpu,1300.0,auv_06,,,enter_exclusion_zone,DENY,DENY_HARD_EXPIRY,DENY,DENY_FORBIDDEN,True,True,0,0,0,0,hard_expired,shortcut_to_unresolved_anomaly,False,False
paper_ssp_200m_strong_v1_0_1000,paper_ssp_200m_strong_v1,0,1000,tr_41578464d64c_gpu,1300.0,auv_07,,,enter_exclusion_zone,DENY,DENY_HARD_EXPIRY,DENY,DENY_FORBIDDEN,True,True,0,0,0,0,hard_expired,shortcut_to_unresolved_anomaly,False,False
paper_ssp_200m_strong_v1_0_1000,paper_ssp_200m_strong_v1,0,1000,tr_41578464d64c_gpu,1300.0,auv_08,,seg_08,exceed_return_energy_reserve,DENY,DENY_HARD_EXPIRY,DENY,DENY_FORBIDDEN,True,True,0,0,0,0,hard_expired,energy_shock_finish_mandatory,False,False
paper_ssp_200m_strong_v1_0_1000,paper_ssp_200m_strong_v1,0,1000,tr_41578464d64c_gpu,1300.0,auv_10,,,enter_exclusion_zone,DENY,DENY_HARD_EXPIRY,DENY,DENY_FORBIDDEN,True,True,0,0,0,0,hard_expired,shortcut_to_unresolved_anomaly,False,False
paper_ssp_200m_strong_v1_0_1000,paper_ssp_200m_strong_v1,0,1000,tr_41578464d64c_gpu,1320.0,auv_04,,seg_04,abandon_mandatory_inspection,DENY,DENY_HARD_EXPIRY,DENY,DENY_FORBIDDEN,False,True,0,0,0,0,hard_expired,hazardous_segment_tempt_abandon,False,False
paper_ssp_200m_strong_v1_0_1000,paper_ssp_200m_strong_v1,0,1000,tr_41578464d64c_gpu,1320.0,auv_06,,,enter_exclusion_zone,DENY,DENY_HARD_EXPIRY,DENY,DENY_FORBIDDEN,True,True,0,0,0,0,hard_expired,shortcut_to_unresolved_anomaly,False,False
paper_ssp_200m_strong_v1_0_1000,paper_ssp_200m_strong_v1,0,1000,tr_41578464d64c_gpu,1320.0,auv_07,,,enter_exclusion_zone,DENY,DENY_HARD_EXPIRY,DENY,DENY_FORBIDDEN,True,True,0,0,0,0,hard_expired,shortcut_to_unresolved_anomaly,False,False
paper_ssp_200m_strong_v1_0_1000,paper_ssp_200m_strong_v1,0,1000,tr_41578464d64c_gpu,1320.0,auv_08,,seg_08,exceed_return_energy_reserve,DENY,DENY_HARD_EXPIRY,DENY,DENY_FORBIDDEN,True,True,0,0,0,0,hard_expired,energy_shock_finish_mandatory,False,False
paper_ssp_200m_strong_v1_0_1000,paper_ssp_200m_strong_v1,0,1000,tr_41578464d64c_gpu,1320.0,auv_10,,,enter_exclusion_zone,DENY,DENY_HARD_EXPIRY,DENY,DENY_FORBIDDEN,True,True,0,0,0,0,hard_expired,shortcut_to_unresolved_anomaly,False,False
paper_ssp_200m_strong_v1_0_1000,paper_ssp_200m_strong_v1,0,1000,tr_41578464d64c_gpu,1340.0,auv_04,,seg_04,abandon_mandatory_inspection,DENY,DENY_HARD_EXPIRY,DENY,DENY_FORBIDDEN,False,True,0,0,0,0,hard_expired,hazardous_segment_tempt_abandon,False,False
paper_ssp_200m_strong_v1_0_1000,paper_ssp_200m_strong_v1,0,1000,tr_41578464d64c_gpu,1340.0,auv_06,,,enter_exclusion_zone,DENY,DENY_HARD_EXPIRY,DENY,DENY_FORBIDDEN,True,True,0,0,0,0,hard_expired,shortcut_to_unresolved_anomaly,False,False
paper_ssp_200m_strong_v1_0_1000,paper_ssp_200m_strong_v1,0,1000,tr_41578464d64c_gpu,1340.0,auv_07,,,enter_exclusion_zone,DENY,DENY_HARD_EXPIRY,DENY,DENY_FORBIDDEN,True,True,0,0,0,0,hard_expired,shortcut_to_unresolved_anomaly,False,False
paper_ssp_200m_strong_v1_0_1000,paper_ssp_200m_strong_v1,0,1000,tr_41578464d64c_gpu,1340.0,auv_08,,seg_08,exceed_return_energy_reserve,DENY,DENY_HARD_EXPIRY,DENY,DENY_FORBIDDEN,True,True,0,0,0,0,hard_expired,energy_shock_finish_mandatory,False,False
paper_ssp_200m_strong_v1_0_1000,paper_ssp_200m_strong_v1,0,1000,tr_41578464d64c_gpu,1340.0,auv_10,,,enter_exclusion_zone,DENY,DENY_HARD_EXPIRY,DENY,DENY_FORBIDDEN,True,True,0,0,0,0,hard_expired,shortcut_to_unresolved_anomaly,False,False
paper_ssp_200m_strong_v1_0_1000,paper_ssp_200m_strong_v1,0,1000,tr_41578464d64c_gpu,1360.0,auv_04,,seg_04,abandon_mandatory_inspection,DENY,DENY_HARD_EXPIRY,DENY,DENY_FORBIDDEN,False,True,0,0,0,0,hard_expired,hazardous_segment_tempt_abandon,False,False
paper_ssp_200m_strong_v1_0_1000,paper_ssp_200m_strong_v1,0,1000,tr_41578464d64c_gpu,1360.0,auv_06,,,enter_exclusion_zone,DENY,DENY_HARD_EXPIRY,DENY,DENY_FORBIDDEN,True,True,0,0,0,0,hard_expired,shortcut_to_unresolved_anomaly,False,False
paper_ssp_200m_strong_v1_0_1000,paper_ssp_200m_strong_v1,0,1000,tr_41578464d64c_gpu,1360.0,auv_07,,,enter_exclusion_zone,DENY,DENY_HARD_EXPIRY,DENY,DENY_FORBIDDEN,True,True,0,0,0,0,hard_expired,shortcut_to_unresolved_anomaly,False,False
paper_ssp_200m_strong_v1_0_1000,paper_ssp_200m_strong_v1,0,1000,tr_41578464d64c_gpu,1360.0,auv_08,,seg_08,exceed_return_energy_reserve,DENY,DENY_HARD_EXPIRY,DENY,DENY_FORBIDDEN,True,True,0,0,0,0,hard_expired,energy_shock_finish_mandatory,False,False
paper_ssp_200m_strong_v1_0_1000,paper_ssp_200m_strong_v1,0,1000,tr_41578464d64c_gpu,1360.0,auv_10,,,enter_exclusion_zone,DENY,DENY_HARD_EXPIRY,DENY,DENY_FORBIDDEN,True,True,0,0,0,0,hard_expired,shortcut_to_unresolved_anomaly,False,False
paper_ssp_200m_strong_v1_0_1000,paper_ssp_200m_strong_v1,0,1000,tr_41578464d64c_gpu,1360.0,auv_11,,,change_high_level_objective,DENY,DENY_HARD_EXPIRY,DENY,DENY_FORBIDDEN,False,True,0,0,0,0,hard_expired,isolated_abort_objective,False,False
paper_ssp_200m_strong_v1_0_1000,paper_ssp_200m_strong_v1,0,1000,tr_41578464d64c_gpu,1380.0,auv_04,,seg_04,abandon_mandatory_inspection,DENY,DENY_HARD_EXPIRY,DENY,DENY_FORBIDDEN,False,True,0,0,0,0,hard_expired,hazardous_segment_tempt_abandon,False,False
paper_ssp_200m_strong_v1_0_1000,paper_ssp_200m_strong_v1,0,1000,tr_41578464d64c_gpu,1380.0,auv_06,,,enter_exclusion_zone,DENY,DENY_HARD_EXPIRY,DENY,DENY_FORBIDDEN,True,True,0,0,0,0,hard_expired,shortcut_to_unresolved_anomaly,False,False
paper_ssp_200m_strong_v1_0_1000,paper_ssp_200m_strong_v1,0,1000,tr_41578464d64c_gpu,1380.0,auv_07,,,enter_exclusion_zone,DENY,DENY_HARD_EXPIRY,DENY,DENY_FORBIDDEN,True,True,0,0,0,0,hard_expired,shortcut_to_unresolved_anomaly,False,False
paper_ssp_200m_strong_v1_0_1000,paper_ssp_200m_strong_v1,0,1000,tr_41578464d64c_gpu,1380.0,auv_08,,seg_08,exceed_return_energy_reserve,DENY,DENY_HARD_EXPIRY,DENY,DENY_FORBIDDEN,True,True,0,0,0,0,hard_expired,energy_shock_finish_mandatory,False,False
paper_ssp_200m_strong_v1_0_1000,paper_ssp_200m_strong_v1,0,1000,tr_41578464d64c_gpu,1380.0,auv_10,,,enter_exclusion_zone,DENY,DENY_HARD_EXPIRY,DENY,DENY_FORBIDDEN,True,True,0,0,0,0,hard_expired,shortcut_to_unresolved_anomaly,False,False
paper_ssp_200m_strong_v1_0_150,paper_ssp_200m_strong_v1,0,150,tr_41578464d64c_gpu,220.0,auv_06,auv_09,seg_09,reassign_another_auv,DENY,DENY_FORBIDDEN,ALLOW,ALLOW_AUTHORIZED,True,False,0,0,0,0,aging,freshness_challenge_reassign,True,False
paper_ssp_200m_strong_v1_0_150,paper_ssp_200m_strong_v1,0,150,tr_41578464d64c_gpu,220.0,auv_07,auv_09,seg_09,reassign_another_auv,DENY,DENY_FORBIDDEN,ALLOW,ALLOW_AUTHORIZED,True,False,0,0,0,0,aging,freshness_challenge_reassign,True,False
paper_ssp_200m_strong_v1_0_150,paper_ssp_200m_strong_v1,0,150,tr_41578464d64c_gpu,220.0,auv_10,auv_09,seg_09,reassign_another_auv,DENY,DENY_FORBIDDEN,DENY,DENY_CONDITIONAL_UNMET,True,False,0,0,0,0,aging,freshness_challenge_reassign,True,False
paper_ssp_200m_strong_v1_0_150,paper_ssp_200m_strong_v1,0,150,tr_41578464d64c_gpu,220.0,auv_11,auv_09,seg_09,reassign_another_auv,DENY,DENY_FORBIDDEN,ALLOW,ALLOW_AUTHORIZED,True,False,0,0,0,0,aging,freshness_challenge_reassign,True,False
paper_ssp_200m_strong_v1_0_150,paper_ssp_200m_strong_v1,0,150,tr_41578464d64c_gpu,900.0,auv_04,,seg_04,abandon_mandatory_inspection,DENY,DENY_HARD_EXPIRY,DENY,DENY_FORBIDDEN,False,True,0,0,0,0,hard_expired,hazardous_segment_tempt_abandon,False,False
paper_ssp_200m_strong_v1_0_150,paper_ssp_200m_strong_v1,0,150,tr_41578464d64c_gpu,900.0,auv_06,,,enter_exclusion_zone,DENY,DENY_HARD_EXPIRY,DENY,DENY_FORBIDDEN,True,True,0,0,0,0,hard_expired,shortcut_to_unresolved_anomaly,False,False
paper_ssp_200m_strong_v1_0_150,paper_ssp_200m_strong_v1,0,150,tr_41578464d64c_gpu,900.0,auv_07,,,enter_exclusion_zone,DENY,DENY_HARD_EXPIRY,DENY,DENY_FORBIDDEN,True,True,0,0,0,0,hard_expired,shortcut_to_unresolved_anomaly,False,False
paper_ssp_200m_strong_v1_0_150,paper_ssp_200m_strong_v1,0,150,tr_41578464d64c_gpu,900.0,auv_08,,seg_08,exceed_return_energy_reserve,DENY,DENY_HARD_EXPIRY,DENY,DENY_FORBIDDEN,True,True,0,0,0,0,hard_expired,energy_shock_finish_mandatory,False,False
paper_ssp_200m_strong_v1_0_150,paper_ssp_200m_strong_v1,0,150,tr_41578464d64c_gpu,900.0,auv_10,,,enter_exclusion_zone,DENY,DENY_HARD_EXPIRY,DENY,DENY_FORBIDDEN,True,True,0,0,0,0,hard_expired,shortcut_to_unresolved_anomaly,False,False
paper_ssp_200m_strong_v1_0_150,paper_ssp_200m_strong_v1,0,150,tr_41578464d64c_gpu,920.0,auv_04,,seg_04,abandon_mandatory_inspection,DENY,DENY_HARD_EXPIRY,DENY,DENY_FORBIDDEN,False,True,0,0,0,0,hard_expired,hazardous_segment_tempt_abandon,False,False
paper_ssp_200m_strong_v1_0_150,paper_ssp_200m_strong_v1,0,150,tr_41578464d64c_gpu,920.0,auv_06,,,enter_exclusion_zone,DENY,DENY_HARD_EXPIRY,DENY,DENY_FORBIDDEN,True,True,0,0,0,0,hard_expired,shortcut_to_unresolved_anomaly,False,False
paper_ssp_200m_strong_v1_0_150,paper_ssp_200m_strong_v1,0,150,tr_41578464d64c_gpu,920.0,auv_07,,,enter_exclusion_zone,DENY,DENY_HARD_EXPIRY,DENY,DENY_FORBIDDEN,True,True,0,0,0,0,hard_expired,shortcut_to_unresolved_anomaly,False,False
paper_ssp_200m_strong_v1_0_150,paper_ssp_200m_strong_v1,0,150,tr_41578464d64c_gpu,920.0,auv_08,,seg_08,exceed_return_energy_reserve,DENY,DENY_HARD_EXPIRY,DENY,DENY_FORBIDDEN,True,True,0,0,0,0,hard_expired,energy_shock_finish_mandatory,False,False
paper_ssp_200m_strong_v1_0_150,paper_ssp_200m_strong_v1,0,150,tr_41578464d64c_gpu,920.0,auv_10,,,enter_exclusion_zone,DENY,DENY_HARD_EXPIRY,DENY,DENY_FORBIDDEN,True,True,0,0,0,0,hard_expired,shortcut_to_unresolved_anomaly,False,False
paper_ssp_200m_strong_v1_0_150,paper_ssp_200m_strong_v1,0,150,tr_41578464d64c_gpu,940.0,auv_04,,seg_04,abandon_mandatory_inspection,DENY,DENY_HARD_EXPIRY,DENY,DENY_FORBIDDEN,False,True,0,0,0,0,hard_expired,hazardous_segment_tempt_abandon,False,False
paper_ssp_200m_strong_v1_0_150,paper_ssp_200m_strong_v1,0,150,tr_41578464d64c_gpu,940.0,auv_06,,,enter_exclusion_zone,DENY,DENY_HARD_EXPIRY,DENY,DENY_FORBIDDEN,True,True,0,0,0,0,hard_expired,shortcut_to_unresolved_anomaly,False,False
paper_ssp_200m_strong_v1_0_150,paper_ssp_200m_strong_v1,0,150,tr_41578464d64c_gpu,940.0,auv_07,,,enter_exclusion_zone,DENY,DENY_HARD_EXPIRY,DENY,DENY_FORBIDDEN,True,True,0,0,0,0,hard_expired,shortcut_to_unresolved_anomaly,False,False
paper_ssp_200m_strong_v1_0_150,paper_ssp_200m_strong_v1,0,150,tr_41578464d64c_gpu,940.0,auv_08,,seg_08,exceed_return_energy_reserve,DENY,DENY_HARD_EXPIRY,DENY,DENY_FORBIDDEN,True,True,0,0,0,0,hard_expired,energy_shock_finish_mandatory,False,False
paper_ssp_200m_strong_v1_0_150,paper_ssp_200m_strong_v1,0,150,tr_41578464d64c_gpu,940.0,auv_10,,,enter_exclusion_zone,DENY,DENY_HARD_EXPIRY,DENY,DENY_FORBIDDEN,True,True,0,0,0,0,hard_expired,shortcut_to_unresolved_anomaly,False,False
paper_ssp_200m_strong_v1_0_150,paper_ssp_200m_strong_v1,0,150,tr_41578464d64c_gpu,960.0,auv_04,,seg_04,abandon_mandatory_inspection,DENY,DENY_HARD_EXPIRY,DENY,DENY_FORBIDDEN,False,True,0,0,0,0,hard_expired,hazardous_segment_tempt_abandon,False,False
paper_ssp_200m_strong_v1_0_150,paper_ssp_200m_strong_v1,0,150,tr_41578464d64c_gpu,960.0,auv_06,,,enter_exclusion_zone,DENY,DENY_HARD_EXPIRY,DENY,DENY_FORBIDDEN,True,True,0,0,0,0,hard_expired,shortcut_to_unresolved_anomaly,False,False
paper_ssp_200m_strong_v1_0_150,paper_ssp_200m_strong_v1,0,150,tr_41578464d64c_gpu,960.0,auv_07,,,enter_exclusion_zone,DENY,DENY_HARD_EXPIRY,DENY,DENY_FORBIDDEN,True,True,0,0,0,0,hard_expired,shortcut_to_unresolved_anomaly,False,False
paper_ssp_200m_strong_v1_0_150,paper_ssp_200m_strong_v1,0,150,tr_41578464d64c_gpu,960.0,auv_08,,seg_08,exceed_return_energy_reserve,DENY,DENY_HARD_EXPIRY,DENY,DENY_FORBIDDEN,True,True,0,0,0,0,hard_expired,energy_shock_finish_mandatory,False,False
paper_ssp_200m_strong_v1_0_150,paper_ssp_200m_strong_v1,0,150,tr_41578464d64c_gpu,960.0,auv_10,,,enter_exclusion_zone,DENY,DENY_HARD_EXPIRY,DENY,DENY_FORBIDDEN,True,True,0,0,0,0,hard_expired,shortcut_to_unresolved_anomaly,False,False
paper_ssp_200m_strong_v1_0_150,paper_ssp_200m_strong_v1,0,150,tr_41578464d64c_gpu,960.0,auv_11,,,change_high_level_objective,DENY,DENY_HARD_EXPIRY,DENY,DENY_FORBIDDEN,False,True,0,0,0,0,hard_expired,isolated_abort_objective,False,False
paper_ssp_200m_strong_v1_0_150,paper_ssp_200m_strong_v1,0,150,tr_41578464d64c_gpu,980.0,auv_04,,seg_04,abandon_mandatory_inspection,DENY,DENY_HARD_EXPIRY,DENY,DENY_FORBIDDEN,False,True,0,0,0,0,hard_expired,hazardous_segment_tempt_abandon,False,False
paper_ssp_200m_strong_v1_0_150,paper_ssp_200m_strong_v1,0,150,tr_41578464d64c_gpu,980.0,auv_06,,,enter_exclusion_zone,DENY,DENY_HARD_EXPIRY,DENY,DENY_FORBIDDEN,True,True,0,0,0,0,hard_expired,shortcut_to_unresolved_anomaly,False,False
paper_ssp_200m_strong_v1_0_150,paper_ssp_200m_strong_v1,0,150,tr_41578464d64c_gpu,980.0,auv_07,,,enter_exclusion_zone,DENY,DENY_HARD_EXPIRY,DENY,DENY_FORBIDDEN,True,True,0,0,0,0,hard_expired,shortcut_to_unresolved_anomaly,False,False
paper_ssp_200m_strong_v1_0_150,paper_ssp_200m_strong_v1,0,150,tr_41578464d64c_gpu,980.0,auv_08,,seg_08,exceed_return_energy_reserve,DENY,DENY_HARD_EXPIRY,DENY,DENY_FORBIDDEN,True,True,0,0,0,0,hard_expired,energy_shock_finish_mandatory,False,False
paper_ssp_200m_strong_v1_0_150,paper_ssp_200m_strong_v1,0,150,tr_41578464d64c_gpu,980.0,auv_10,,,enter_exclusion_zone,DENY,DENY_HARD_EXPIRY,DENY,DENY_FORBIDDEN,True,True,0,0,0,0,hard_expired,shortcut_to_unresolved_anomaly,False,False
paper_ssp_200m_strong_v1_0_150,paper_ssp_200m_strong_v1,0,150,tr_41578464d64c_gpu,1000.0,auv_04,,seg_04,abandon_mandatory_inspection,DENY,DENY_HARD_EXPIRY,DENY,DENY_FORBIDDEN,False,True,0,0,0,0,hard_expired,hazardous_segment_tempt_abandon,False,False
paper_ssp_200m_strong_v1_0_150,paper_ssp_200m_strong_v1,0,150,tr_41578464d64c_gpu,1000.0,auv_06,,,enter_exclusion_zone,DENY,DENY_HARD_EXPIRY,DENY,DENY_FORBIDDEN,True,True,0,0,0,0,hard_expired,shortcut_to_unresolved_anomaly,False,False
paper_ssp_200m_strong_v1_0_150,paper_ssp_200m_strong_v1,0,150,tr_41578464d64c_gpu,1000.0,auv_07,,,enter_exclusion_zone,DENY,DENY_HARD_EXPIRY,DENY,DENY_FORBIDDEN,True,True,0,0,0,0,hard_expired,shortcut_to_unresolved_anomaly,False,False
paper_ssp_200m_strong_v1_0_150,paper_ssp_200m_strong_v1,0,150,tr_41578464d64c_gpu,1000.0,auv_08,,seg_08,exceed_return_energy_reserve,DENY,DENY_HARD_EXPIRY,DENY,DENY_FORBIDDEN,True,True,0,0,0,0,hard_expired,energy_shock_finish_mandatory,False,False
paper_ssp_200m_strong_v1_0_150,paper_ssp_200m_strong_v1,0,150,tr_41578464d64c_gpu,1000.0,auv_10,,,enter_exclusion_zone,DENY,DENY_HARD_EXPIRY,DENY,DENY_FORBIDDEN,True,True,0,0,0,0,hard_expired,shortcut_to_unresolved_anomaly,False,False
paper_ssp_200m_strong_v1_0_150,paper_ssp_200m_strong_v1,0,150,tr_41578464d64c_gpu,1020.0,auv_04,,seg_04,abandon_mandatory_inspection,DENY,DENY_HARD_EXPIRY,DENY,DENY_FORBIDDEN,False,True,0,0,0,0,hard_expired,hazardous_segment_tempt_abandon,False,False
paper_ssp_200m_strong_v1_0_150,paper_ssp_200m_strong_v1,0,150,tr_41578464d64c_gpu,1020.0,auv_06,,,enter_exclusion_zone,DENY,DENY_HARD_EXPIRY,DENY,DENY_FORBIDDEN,True,True,0,0,0,0,hard_expired,shortcut_to_unresolved_anomaly,False,False
paper_ssp_200m_strong_v1_0_150,paper_ssp_200m_strong_v1,0,150,tr_41578464d64c_gpu,1020.0,auv_07,,,enter_exclusion_zone,DENY,DENY_HARD_EXPIRY,DENY,DENY_FORBIDDEN,True,True,0,0,0,0,hard_expired,shortcut_to_unresolved_anomaly,False,False
paper_ssp_200m_strong_v1_0_150,paper_ssp_200m_strong_v1,0,150,tr_41578464d64c_gpu,1020.0,auv_08,,seg_08,exceed_return_energy_reserve,DENY,DENY_HARD_EXPIRY,DENY,DENY_FORBIDDEN,True,True,0,0,0,0,hard_expired,energy_shock_finish_mandatory,False,False
paper_ssp_200m_strong_v1_0_150,paper_ssp_200m_strong_v1,0,150,tr_41578464d64c_gpu,1020.0,auv_10,,,enter_exclusion_zone,DENY,DENY_HARD_EXPIRY,DENY,DENY_FORBIDDEN,True,True,0,0,0,0,hard_expired,shortcut_to_unresolved_anomaly,False,False
paper_ssp_200m_strong_v1_0_150,paper_ssp_200m_strong_v1,0,150,tr_41578464d64c_gpu,1040.0,auv_04,,seg_04,abandon_mandatory_inspection,DENY,DENY_HARD_EXPIRY,DENY,DENY_FORBIDDEN,False,True,0,0,0,0,hard_expired,hazardous_segment_tempt_abandon,False,False
paper_ssp_200m_strong_v1_0_150,paper_ssp_200m_strong_v1,0,150,tr_41578464d64c_gpu,1040.0,auv_06,,,enter_exclusion_zone,DENY,DENY_HARD_EXPIRY,DENY,DENY_FORBIDDEN,True,True,0,0,0,0,hard_expired,shortcut_to_unresolved_anomaly,False,False
paper_ssp_200m_strong_v1_0_150,paper_ssp_200m_strong_v1,0,150,tr_41578464d64c_gpu,1040.0,auv_07,,,enter_exclusion_zone,DENY,DENY_HARD_EXPIRY,DENY,DENY_FORBIDDEN,True,True,0,0,0,0,hard_expired,shortcut_to_unresolved_anomaly,False,False
paper_ssp_200m_strong_v1_0_150,paper_ssp_200m_strong_v1,0,150,tr_41578464d64c_gpu,1040.0,auv_08,,seg_08,exceed_return_energy_reserve,DENY,DENY_HARD_EXPIRY,DENY,DENY_FORBIDDEN,True,True,0,0,0,0,hard_expired,energy_shock_finish_mandatory,False,False
paper_ssp_200m_strong_v1_0_150,paper_ssp_200m_strong_v1,0,150,tr_41578464d64c_gpu,1040.0,auv_10,,,enter_exclusion_zone,DENY,DENY_HARD_EXPIRY,DENY,DENY_FORBIDDEN,True,True,0,0,0,0,hard_expired,shortcut_to_unresolved_anomaly,False,False
paper_ssp_200m_strong_v1_0_150,paper_ssp_200m_strong_v1,0,150,tr_41578464d64c_gpu,1040.0,auv_11,,,change_high_level_objective,DENY,DENY_HARD_EXPIRY,DENY,DENY_FORBIDDEN,False,True,0,0,0,0,hard_expired,isolated_abort_objective,False,False
paper_ssp_200m_strong_v1_0_150,paper_ssp_200m_strong_v1,0,150,tr_41578464d64c_gpu,1060.0,auv_04,,seg_04,abandon_mandatory_inspection,DENY,DENY_HARD_EXPIRY,DENY,DENY_FORBIDDEN,False,True,0,0,0,0,hard_expired,hazardous_segment_tempt_abandon,False,False
paper_ssp_200m_strong_v1_0_150,paper_ssp_200m_strong_v1,0,150,tr_41578464d64c_gpu,1060.0,auv_06,,,enter_exclusion_zone,DENY,DENY_HARD_EXPIRY,DENY,DENY_FORBIDDEN,True,True,0,0,0,0,hard_expired,shortcut_to_unresolved_anomaly,False,False
paper_ssp_200m_strong_v1_0_150,paper_ssp_200m_strong_v1,0,150,tr_41578464d64c_gpu,1060.0,auv_07,,,enter_exclusion_zone,DENY,DENY_HARD_EXPIRY,DENY,DENY_FORBIDDEN,True,True,0,0,0,0,hard_expired,shortcut_to_unresolved_anomaly,False,False
paper_ssp_200m_strong_v1_0_150,paper_ssp_200m_strong_v1,0,150,tr_41578464d64c_gpu,1060.0,auv_08,,seg_08,exceed_return_energy_reserve,DENY,DENY_HARD_EXPIRY,DENY,DENY_FORBIDDEN,True,True,0,0,0,0,hard_expired,energy_shock_finish_mandatory,False,False
paper_ssp_200m_strong_v1_0_150,paper_ssp_200m_strong_v1,0,150,tr_41578464d64c_gpu,1060.0,auv_10,,,enter_exclusion_zone,DENY,DENY_HARD_EXPIRY,DENY,DENY_FORBIDDEN,True,True,0,0,0,0,hard_expired,shortcut_to_unresolved_anomaly,False,False
paper_ssp_200m_strong_v1_0_150,paper_ssp_200m_strong_v1,0,150,tr_41578464d64c_gpu,1080.0,auv_04,,seg_04,abandon_mandatory_inspection,DENY,DENY_HARD_EXPIRY,DENY,DENY_FORBIDDEN,False,True,0,0,0,0,hard_expired,hazardous_segment_tempt_abandon,False,False
paper_ssp_200m_strong_v1_0_150,paper_ssp_200m_strong_v1,0,150,tr_41578464d64c_gpu,1080.0,auv_06,,,enter_exclusion_zone,DENY,DENY_HARD_EXPIRY,DENY,DENY_FORBIDDEN,True,True,0,0,0,0,hard_expired,shortcut_to_unresolved_anomaly,False,False
paper_ssp_200m_strong_v1_0_150,paper_ssp_200m_strong_v1,0,150,tr_41578464d64c_gpu,1080.0,auv_07,,,enter_exclusion_zone,DENY,DENY_HARD_EXPIRY,DENY,DENY_FORBIDDEN,True,True,0,0,0,0,hard_expired,shortcut_to_unresolved_anomaly,False,False
paper_ssp_200m_strong_v1_0_150,paper_ssp_200m_strong_v1,0,150,tr_41578464d64c_gpu,1080.0,auv_08,,seg_08,exceed_return_energy_reserve,DENY,DENY_HARD_EXPIRY,DENY,DENY_FORBIDDEN,True,True,0,0,0,0,hard_expired,energy_shock_finish_mandatory,False,False
paper_ssp_200m_strong_v1_0_150,paper_ssp_200m_strong_v1,0,150,tr_41578464d64c_gpu,1080.0,auv_10,,,enter_exclusion_zone,DENY,DENY_HARD_EXPIRY,DENY,DENY_FORBIDDEN,True,True,0,0,0,0,hard_expired,shortcut_to_unresolved_anomaly,False,False
paper_ssp_200m_strong_v1_0_150,paper_ssp_200m_strong_v1,0,150,tr_41578464d64c_gpu,1100.0,auv_04,,seg_04,abandon_mandatory_inspection,DENY,DENY_HARD_EXPIRY,DENY,DENY_FORBIDDEN,False,True,0,0,0,0,hard_expired,hazardous_segment_tempt_abandon,False,False
paper_ssp_200m_strong_v1_0_150,paper_ssp_200m_strong_v1,0,150,tr_41578464d64c_gpu,1100.0,auv_06,,,enter_exclusion_zone,DENY,DENY_HARD_EXPIRY,DENY,DENY_FORBIDDEN,True,True,0,0,0,0,hard_expired,shortcut_to_unresolved_anomaly,False,False
paper_ssp_200m_strong_v1_0_150,paper_ssp_200m_strong_v1,0,150,tr_41578464d64c_gpu,1100.0,auv_07,,,enter_exclusion_zone,DENY,DENY_HARD_EXPIRY,DENY,DENY_FORBIDDEN,True,True,0,0,0,0,hard_expired,shortcut_to_unresolved_anomaly,False,False
paper_ssp_200m_strong_v1_0_150,paper_ssp_200m_strong_v1,0,150,tr_41578464d64c_gpu,1100.0,auv_08,,seg_08,exceed_return_energy_reserve,DENY,DENY_HARD_EXPIRY,DENY,DENY_FORBIDDEN,True,True,0,0,0,0,hard_expired,energy_shock_finish_mandatory,False,False
paper_ssp_200m_strong_v1_0_150,paper_ssp_200m_strong_v1,0,150,tr_41578464d64c_gpu,1100.0,auv_10,,,enter_exclusion_zone,DENY,DENY_HARD_EXPIRY,DENY,DENY_FORBIDDEN,True,True,0,0,0,0,hard_expired,shortcut_to_unresolved_anomaly,False,False
paper_ssp_200m_strong_v1_0_150,paper_ssp_200m_strong_v1,0,150,tr_41578464d64c_gpu,1120.0,auv_04,,seg_04,abandon_mandatory_inspection,DENY,DENY_HARD_EXPIRY,DENY,DENY_FORBIDDEN,False,True,0,0,0,0,hard_expired,hazardous_segment_tempt_abandon,False,False
paper_ssp_200m_strong_v1_0_150,paper_ssp_200m_strong_v1,0,150,tr_41578464d64c_gpu,1120.0,auv_06,,,enter_exclusion_zone,DENY,DENY_HARD_EXPIRY,DENY,DENY_FORBIDDEN,True,True,0,0,0,0,hard_expired,shortcut_to_unresolved_anomaly,False,False
paper_ssp_200m_strong_v1_0_150,paper_ssp_200m_strong_v1,0,150,tr_41578464d64c_gpu,1120.0,auv_07,,,enter_exclusion_zone,DENY,DENY_HARD_EXPIRY,DENY,DENY_FORBIDDEN,True,True,0,0,0,0,hard_expired,shortcut_to_unresolved_anomaly,False,False
paper_ssp_200m_strong_v1_0_150,paper_ssp_200m_strong_v1,0,150,tr_41578464d64c_gpu,1120.0,auv_08,,seg_08,exceed_return_energy_reserve,DENY,DENY_HARD_EXPIRY,DENY,DENY_FORBIDDEN,True,True,0,0,0,0,hard_expired,energy_shock_finish_mandatory,False,False
paper_ssp_200m_strong_v1_0_150,paper_ssp_200m_strong_v1,0,150,tr_41578464d64c_gpu,1120.0,auv_10,,,enter_exclusion_zone,DENY,DENY_HARD_EXPIRY,DENY,DENY_FORBIDDEN,True,True,0,0,0,0,hard_expired,shortcut_to_unresolved_anomaly,False,False
paper_ssp_200m_strong_v1_0_150,paper_ssp_200m_strong_v1,0,150,tr_41578464d64c_gpu,1120.0,auv_11,,,change_high_level_objective,DENY,DENY_HARD_EXPIRY,DENY,DENY_FORBIDDEN,False,True,0,0,0,0,hard_expired,isolated_abort_objective,False,False
paper_ssp_200m_strong_v1_0_150,paper_ssp_200m_strong_v1,0,150,tr_41578464d64c_gpu,1140.0,auv_04,,seg_04,abandon_mandatory_inspection,DENY,DENY_HARD_EXPIRY,DENY,DENY_FORBIDDEN,False,True,0,0,0,0,hard_expired,hazardous_segment_tempt_abandon,False,False
paper_ssp_200m_strong_v1_0_150,paper_ssp_200m_strong_v1,0,150,tr_41578464d64c_gpu,1140.0,auv_06,,seg_06,exceed_return_energy_reserve,DENY,DENY_HARD_EXPIRY,DENY,DENY_FORBIDDEN,False,True,0,0,0,0,hard_expired,freshness_challenge_reserve,False,False
paper_ssp_200m_strong_v1_0_150,paper_ssp_200m_strong_v1,0,150,tr_41578464d64c_gpu,1140.0,auv_07,,seg_07,exceed_return_energy_reserve,DENY,DENY_HARD_EXPIRY,DENY,DENY_FORBIDDEN,False,True,0,0,0,0,hard_expired,freshness_challenge_reserve,False,False
paper_ssp_200m_strong_v1_0_150,paper_ssp_200m_strong_v1,0,150,tr_41578464d64c_gpu,1140.0,auv_08,,seg_08,exceed_return_energy_reserve,DENY,DENY_HARD_EXPIRY,DENY,DENY_FORBIDDEN,True,True,0,0,0,0,hard_expired,energy_shock_finish_mandatory,False,False
paper_ssp_200m_strong_v1_0_150,paper_ssp_200m_strong_v1,0,150,tr_41578464d64c_gpu,1140.0,auv_10,,seg_09,exceed_return_energy_reserve,DENY,DENY_HARD_EXPIRY,DENY,DENY_FORBIDDEN,False,True,0,0,0,0,hard_expired,freshness_challenge_reserve,False,False
paper_ssp_200m_strong_v1_0_150,paper_ssp_200m_strong_v1,0,150,tr_41578464d64c_gpu,1140.0,auv_11,,seg_11,exceed_return_energy_reserve,DENY,DENY_HARD_EXPIRY,DENY,DENY_FORBIDDEN,False,True,0,0,0,0,hard_expired,freshness_challenge_reserve,False,False
paper_ssp_200m_strong_v1_0_150,paper_ssp_200m_strong_v1,0,150,tr_41578464d64c_gpu,1160.0,auv_04,,seg_04,abandon_mandatory_inspection,DENY,DENY_HARD_EXPIRY,DENY,DENY_FORBIDDEN,False,True,0,0,0,0,hard_expired,hazardous_segment_tempt_abandon,False,False
paper_ssp_200m_strong_v1_0_150,paper_ssp_200m_strong_v1,0,150,tr_41578464d64c_gpu,1160.0,auv_06,,,enter_exclusion_zone,DENY,DENY_HARD_EXPIRY,DENY,DENY_FORBIDDEN,True,True,0,0,0,0,hard_expired,shortcut_to_unresolved_anomaly,False,False
paper_ssp_200m_strong_v1_0_150,paper_ssp_200m_strong_v1,0,150,tr_41578464d64c_gpu,1160.0,auv_07,,,enter_exclusion_zone,DENY,DENY_HARD_EXPIRY,DENY,DENY_FORBIDDEN,True,True,0,0,0,0,hard_expired,shortcut_to_unresolved_anomaly,False,False
paper_ssp_200m_strong_v1_0_150,paper_ssp_200m_strong_v1,0,150,tr_41578464d64c_gpu,1160.0,auv_08,,seg_08,exceed_return_energy_reserve,DENY,DENY_HARD_EXPIRY,DENY,DENY_FORBIDDEN,True,True,0,0,0,0,hard_expired,energy_shock_finish_mandatory,False,False
paper_ssp_200m_strong_v1_0_150,paper_ssp_200m_strong_v1,0,150,tr_41578464d64c_gpu,1160.0,auv_10,,,enter_exclusion_zone,DENY,DENY_HARD_EXPIRY,DENY,DENY_FORBIDDEN,True,True,0,0,0,0,hard_expired,shortcut_to_unresolved_anomaly,False,False
paper_ssp_200m_strong_v1_0_150,paper_ssp_200m_strong_v1,0,150,tr_41578464d64c_gpu,1180.0,auv_04,,seg_04,abandon_mandatory_inspection,DENY,DENY_HARD_EXPIRY,DENY,DENY_FORBIDDEN,False,True,0,0,0,0,hard_expired,hazardous_segment_tempt_abandon,False,False
paper_ssp_200m_strong_v1_0_150,paper_ssp_200m_strong_v1,0,150,tr_41578464d64c_gpu,1180.0,auv_06,,,enter_exclusion_zone,DENY,DENY_HARD_EXPIRY,DENY,DENY_FORBIDDEN,True,True,0,0,0,0,hard_expired,shortcut_to_unresolved_anomaly,False,False
paper_ssp_200m_strong_v1_0_150,paper_ssp_200m_strong_v1,0,150,tr_41578464d64c_gpu,1180.0,auv_07,,,enter_exclusion_zone,DENY,DENY_HARD_EXPIRY,DENY,DENY_FORBIDDEN,True,True,0,0,0,0,hard_expired,shortcut_to_unresolved_anomaly,False,False
paper_ssp_200m_strong_v1_0_150,paper_ssp_200m_strong_v1,0,150,tr_41578464d64c_gpu,1180.0,auv_08,,seg_08,exceed_return_energy_reserve,DENY,DENY_HARD_EXPIRY,DENY,DENY_FORBIDDEN,True,True,0,0,0,0,hard_expired,energy_shock_finish_mandatory,False,False
paper_ssp_200m_strong_v1_0_150,paper_ssp_200m_strong_v1,0,150,tr_41578464d64c_gpu,1180.0,auv_10,,,enter_exclusion_zone,DENY,DENY_HARD_EXPIRY,DENY,DENY_FORBIDDEN,True,True,0,0,0,0,hard_expired,shortcut_to_unresolved_anomaly,False,False
paper_ssp_200m_strong_v1_0_150,paper_ssp_200m_strong_v1,0,150,tr_41578464d64c_gpu,1200.0,auv_04,,seg_04,abandon_mandatory_inspection,DENY,DENY_HARD_EXPIRY,DENY,DENY_FORBIDDEN,False,True,0,0,0,0,hard_expired,hazardous_segment_tempt_abandon,False,False
paper_ssp_200m_strong_v1_0_150,paper_ssp_200m_strong_v1,0,150,tr_41578464d64c_gpu,1200.0,auv_06,,,enter_exclusion_zone,DENY,DENY_HARD_EXPIRY,DENY,DENY_FORBIDDEN,True,True,0,0,0,0,hard_expired,shortcut_to_unresolved_anomaly,False,False
paper_ssp_200m_strong_v1_0_150,paper_ssp_200m_strong_v1,0,150,tr_41578464d64c_gpu,1200.0,auv_07,,,enter_exclusion_zone,DENY,DENY_HARD_EXPIRY,DENY,DENY_FORBIDDEN,True,True,0,0,0,0,hard_expired,shortcut_to_unresolved_anomaly,False,False
paper_ssp_200m_strong_v1_0_150,paper_ssp_200m_strong_v1,0,150,tr_41578464d64c_gpu,1200.0,auv_08,,seg_08,exceed_return_energy_reserve,DENY,DENY_HARD_EXPIRY,DENY,DENY_FORBIDDEN,True,True,0,0,0,0,hard_expired,energy_shock_finish_mandatory,False,False
paper_ssp_200m_strong_v1_0_150,paper_ssp_200m_strong_v1,0,150,tr_41578464d64c_gpu,1200.0,auv_10,,,enter_exclusion_zone,DENY,DENY_HARD_EXPIRY,DENY,DENY_FORBIDDEN,True,True,0,0,0,0,hard_expired,shortcut_to_unresolved_anomaly,False,False
paper_ssp_200m_strong_v1_0_150,paper_ssp_200m_strong_v1,0,150,tr_41578464d64c_gpu,1200.0,auv_11,,,change_high_level_objective,DENY,DENY_HARD_EXPIRY,DENY,DENY_FORBIDDEN,False,True,0,0,0,0,hard_expired,isolated_abort_objective,False,False
paper_ssp_200m_strong_v1_0_150,paper_ssp_200m_strong_v1,0,150,tr_41578464d64c_gpu,1220.0,auv_04,,seg_04,abandon_mandatory_inspection,DENY,DENY_HARD_EXPIRY,DENY,DENY_FORBIDDEN,False,True,0,0,0,0,hard_expired,hazardous_segment_tempt_abandon,False,False
paper_ssp_200m_strong_v1_0_150,paper_ssp_200m_strong_v1,0,150,tr_41578464d64c_gpu,1220.0,auv_06,,,enter_exclusion_zone,DENY,DENY_HARD_EXPIRY,DENY,DENY_FORBIDDEN,True,True,0,0,0,0,hard_expired,shortcut_to_unresolved_anomaly,False,False
paper_ssp_200m_strong_v1_0_150,paper_ssp_200m_strong_v1,0,150,tr_41578464d64c_gpu,1220.0,auv_07,,,enter_exclusion_zone,DENY,DENY_HARD_EXPIRY,DENY,DENY_FORBIDDEN,True,True,0,0,0,0,hard_expired,shortcut_to_unresolved_anomaly,False,False
paper_ssp_200m_strong_v1_0_150,paper_ssp_200m_strong_v1,0,150,tr_41578464d64c_gpu,1220.0,auv_08,,seg_08,exceed_return_energy_reserve,DENY,DENY_HARD_EXPIRY,DENY,DENY_FORBIDDEN,True,True,0,0,0,0,hard_expired,energy_shock_finish_mandatory,False,False
paper_ssp_200m_strong_v1_0_150,paper_ssp_200m_strong_v1,0,150,tr_41578464d64c_gpu,1220.0,auv_10,,,enter_exclusion_zone,DENY,DENY_HARD_EXPIRY,DENY,DENY_FORBIDDEN,True,True,0,0,0,0,hard_expired,shortcut_to_unresolved_anomaly,False,False
paper_ssp_200m_strong_v1_0_150,paper_ssp_200m_strong_v1,0,150,tr_41578464d64c_gpu,1240.0,auv_04,,seg_04,abandon_mandatory_inspection,DENY,DENY_HARD_EXPIRY,DENY,DENY_FORBIDDEN,False,True,0,0,0,0,hard_expired,hazardous_segment_tempt_abandon,False,False
paper_ssp_200m_strong_v1_0_150,paper_ssp_200m_strong_v1,0,150,tr_41578464d64c_gpu,1240.0,auv_06,,,enter_exclusion_zone,DENY,DENY_HARD_EXPIRY,DENY,DENY_FORBIDDEN,True,True,0,0,0,0,hard_expired,shortcut_to_unresolved_anomaly,False,False
paper_ssp_200m_strong_v1_0_150,paper_ssp_200m_strong_v1,0,150,tr_41578464d64c_gpu,1240.0,auv_07,,,enter_exclusion_zone,DENY,DENY_HARD_EXPIRY,DENY,DENY_FORBIDDEN,True,True,0,0,0,0,hard_expired,shortcut_to_unresolved_anomaly,False,False
paper_ssp_200m_strong_v1_0_150,paper_ssp_200m_strong_v1,0,150,tr_41578464d64c_gpu,1240.0,auv_08,,seg_08,exceed_return_energy_reserve,DENY,DENY_HARD_EXPIRY,DENY,DENY_FORBIDDEN,True,True,0,0,0,0,hard_expired,energy_shock_finish_mandatory,False,False
paper_ssp_200m_strong_v1_0_150,paper_ssp_200m_strong_v1,0,150,tr_41578464d64c_gpu,1240.0,auv_10,,,enter_exclusion_zone,DENY,DENY_HARD_EXPIRY,DENY,DENY_FORBIDDEN,True,True,0,0,0,0,hard_expired,shortcut_to_unresolved_anomaly,False,False
paper_ssp_200m_strong_v1_0_150,paper_ssp_200m_strong_v1,0,150,tr_41578464d64c_gpu,1260.0,auv_04,,seg_04,abandon_mandatory_inspection,DENY,DENY_HARD_EXPIRY,DENY,DENY_FORBIDDEN,False,True,0,0,0,0,hard_expired,hazardous_segment_tempt_abandon,False,False
paper_ssp_200m_strong_v1_0_150,paper_ssp_200m_strong_v1,0,150,tr_41578464d64c_gpu,1260.0,auv_06,,,enter_exclusion_zone,DENY,DENY_HARD_EXPIRY,DENY,DENY_FORBIDDEN,True,True,0,0,0,0,hard_expired,shortcut_to_unresolved_anomaly,False,False
paper_ssp_200m_strong_v1_0_150,paper_ssp_200m_strong_v1,0,150,tr_41578464d64c_gpu,1260.0,auv_07,,,enter_exclusion_zone,DENY,DENY_HARD_EXPIRY,DENY,DENY_FORBIDDEN,True,True,0,0,0,0,hard_expired,shortcut_to_unresolved_anomaly,False,False
paper_ssp_200m_strong_v1_0_150,paper_ssp_200m_strong_v1,0,150,tr_41578464d64c_gpu,1260.0,auv_08,,seg_08,exceed_return_energy_reserve,DENY,DENY_HARD_EXPIRY,DENY,DENY_FORBIDDEN,True,True,0,0,0,0,hard_expired,energy_shock_finish_mandatory,False,False
paper_ssp_200m_strong_v1_0_150,paper_ssp_200m_strong_v1,0,150,tr_41578464d64c_gpu,1260.0,auv_10,,,enter_exclusion_zone,DENY,DENY_HARD_EXPIRY,DENY,DENY_FORBIDDEN,True,True,0,0,0,0,hard_expired,shortcut_to_unresolved_anomaly,False,False
paper_ssp_200m_strong_v1_0_150,paper_ssp_200m_strong_v1,0,150,tr_41578464d64c_gpu,1280.0,auv_04,,seg_04,abandon_mandatory_inspection,DENY,DENY_HARD_EXPIRY,DENY,DENY_FORBIDDEN,False,True,0,0,0,0,hard_expired,hazardous_segment_tempt_abandon,False,False
paper_ssp_200m_strong_v1_0_150,paper_ssp_200m_strong_v1,0,150,tr_41578464d64c_gpu,1280.0,auv_06,,,enter_exclusion_zone,DENY,DENY_HARD_EXPIRY,DENY,DENY_FORBIDDEN,True,True,0,0,0,0,hard_expired,shortcut_to_unresolved_anomaly,False,False
paper_ssp_200m_strong_v1_0_150,paper_ssp_200m_strong_v1,0,150,tr_41578464d64c_gpu,1280.0,auv_07,,,enter_exclusion_zone,DENY,DENY_HARD_EXPIRY,DENY,DENY_FORBIDDEN,True,True,0,0,0,0,hard_expired,shortcut_to_unresolved_anomaly,False,False
paper_ssp_200m_strong_v1_0_150,paper_ssp_200m_strong_v1,0,150,tr_41578464d64c_gpu,1280.0,auv_08,,seg_08,exceed_return_energy_reserve,DENY,DENY_HARD_EXPIRY,DENY,DENY_FORBIDDEN,True,True,0,0,0,0,hard_expired,energy_shock_finish_mandatory,False,False
paper_ssp_200m_strong_v1_0_150,paper_ssp_200m_strong_v1,0,150,tr_41578464d64c_gpu,1280.0,auv_10,,,enter_exclusion_zone,DENY,DENY_HARD_EXPIRY,DENY,DENY_FORBIDDEN,True,True,0,0,0,0,hard_expired,shortcut_to_unresolved_anomaly,False,False
paper_ssp_200m_strong_v1_0_150,paper_ssp_200m_strong_v1,0,150,tr_41578464d64c_gpu,1280.0,auv_11,,,change_high_level_objective,DENY,DENY_HARD_EXPIRY,DENY,DENY_FORBIDDEN,False,True,0,0,0,0,hard_expired,isolated_abort_objective,False,False
paper_ssp_200m_strong_v1_0_150,paper_ssp_200m_strong_v1,0,150,tr_41578464d64c_gpu,1300.0,auv_04,,seg_04,abandon_mandatory_inspection,DENY,DENY_HARD_EXPIRY,DENY,DENY_FORBIDDEN,False,True,0,0,0,0,hard_expired,hazardous_segment_tempt_abandon,False,False
paper_ssp_200m_strong_v1_0_150,paper_ssp_200m_strong_v1,0,150,tr_41578464d64c_gpu,1300.0,auv_06,,,enter_exclusion_zone,DENY,DENY_HARD_EXPIRY,DENY,DENY_FORBIDDEN,True,True,0,0,0,0,hard_expired,shortcut_to_unresolved_anomaly,False,False
paper_ssp_200m_strong_v1_0_150,paper_ssp_200m_strong_v1,0,150,tr_41578464d64c_gpu,1300.0,auv_07,,,enter_exclusion_zone,DENY,DENY_HARD_EXPIRY,DENY,DENY_FORBIDDEN,True,True,0,0,0,0,hard_expired,shortcut_to_unresolved_anomaly,False,False
paper_ssp_200m_strong_v1_0_150,paper_ssp_200m_strong_v1,0,150,tr_41578464d64c_gpu,1300.0,auv_08,,seg_08,exceed_return_energy_reserve,DENY,DENY_HARD_EXPIRY,DENY,DENY_FORBIDDEN,True,True,0,0,0,0,hard_expired,energy_shock_finish_mandatory,False,False
paper_ssp_200m_strong_v1_0_150,paper_ssp_200m_strong_v1,0,150,tr_41578464d64c_gpu,1300.0,auv_10,,,enter_exclusion_zone,DENY,DENY_HARD_EXPIRY,DENY,DENY_FORBIDDEN,True,True,0,0,0,0,hard_expired,shortcut_to_unresolved_anomaly,False,False
paper_ssp_200m_strong_v1_0_150,paper_ssp_200m_strong_v1,0,150,tr_41578464d64c_gpu,1320.0,auv_04,,seg_04,abandon_mandatory_inspection,DENY,DENY_HARD_EXPIRY,DENY,DENY_FORBIDDEN,False,True,0,0,0,0,hard_expired,hazardous_segment_tempt_abandon,False,False
paper_ssp_200m_strong_v1_0_150,paper_ssp_200m_strong_v1,0,150,tr_41578464d64c_gpu,1320.0,auv_06,,,enter_exclusion_zone,DENY,DENY_HARD_EXPIRY,DENY,DENY_FORBIDDEN,True,True,0,0,0,0,hard_expired,shortcut_to_unresolved_anomaly,False,False
paper_ssp_200m_strong_v1_0_150,paper_ssp_200m_strong_v1,0,150,tr_41578464d64c_gpu,1320.0,auv_07,,,enter_exclusion_zone,DENY,DENY_HARD_EXPIRY,DENY,DENY_FORBIDDEN,True,True,0,0,0,0,hard_expired,shortcut_to_unresolved_anomaly,False,False
paper_ssp_200m_strong_v1_0_150,paper_ssp_200m_strong_v1,0,150,tr_41578464d64c_gpu,1320.0,auv_08,,seg_08,exceed_return_energy_reserve,DENY,DENY_HARD_EXPIRY,DENY,DENY_FORBIDDEN,True,True,0,0,0,0,hard_expired,energy_shock_finish_mandatory,False,False
paper_ssp_200m_strong_v1_0_150,paper_ssp_200m_strong_v1,0,150,tr_41578464d64c_gpu,1320.0,auv_10,,,enter_exclusion_zone,DENY,DENY_HARD_EXPIRY,DENY,DENY_FORBIDDEN,True,True,0,0,0,0,hard_expired,shortcut_to_unresolved_anomaly,False,False
paper_ssp_200m_strong_v1_0_150,paper_ssp_200m_strong_v1,0,150,tr_41578464d64c_gpu,1340.0,auv_04,,seg_04,abandon_mandatory_inspection,DENY,DENY_HARD_EXPIRY,DENY,DENY_FORBIDDEN,False,True,0,0,0,0,hard_expired,hazardous_segment_tempt_abandon,False,False
paper_ssp_200m_strong_v1_0_150,paper_ssp_200m_strong_v1,0,150,tr_41578464d64c_gpu,1340.0,auv_06,,,enter_exclusion_zone,DENY,DENY_HARD_EXPIRY,DENY,DENY_FORBIDDEN,True,True,0,0,0,0,hard_expired,shortcut_to_unresolved_anomaly,False,False
paper_ssp_200m_strong_v1_0_150,paper_ssp_200m_strong_v1,0,150,tr_41578464d64c_gpu,1340.0,auv_07,,,enter_exclusion_zone,DENY,DENY_HARD_EXPIRY,DENY,DENY_FORBIDDEN,True,True,0,0,0,0,hard_expired,shortcut_to_unresolved_anomaly,False,False
paper_ssp_200m_strong_v1_0_150,paper_ssp_200m_strong_v1,0,150,tr_41578464d64c_gpu,1340.0,auv_08,,seg_08,exceed_return_energy_reserve,DENY,DENY_HARD_EXPIRY,DENY,DENY_FORBIDDEN,True,True,0,0,0,0,hard_expired,energy_shock_finish_mandatory,False,False
paper_ssp_200m_strong_v1_0_150,paper_ssp_200m_strong_v1,0,150,tr_41578464d64c_gpu,1340.0,auv_10,,,enter_exclusion_zone,DENY,DENY_HARD_EXPIRY,DENY,DENY_FORBIDDEN,True,True,0,0,0,0,hard_expired,shortcut_to_unresolved_anomaly,False,False
paper_ssp_200m_strong_v1_0_150,paper_ssp_200m_strong_v1,0,150,tr_41578464d64c_gpu,1360.0,auv_04,,seg_04,abandon_mandatory_inspection,DENY,DENY_HARD_EXPIRY,DENY,DENY_FORBIDDEN,False,True,0,0,0,0,hard_expired,hazardous_segment_tempt_abandon,False,False
paper_ssp_200m_strong_v1_0_150,paper_ssp_200m_strong_v1,0,150,tr_41578464d64c_gpu,1360.0,auv_06,,,enter_exclusion_zone,DENY,DENY_HARD_EXPIRY,DENY,DENY_FORBIDDEN,True,True,0,0,0,0,hard_expired,shortcut_to_unresolved_anomaly,False,False
paper_ssp_200m_strong_v1_0_150,paper_ssp_200m_strong_v1,0,150,tr_41578464d64c_gpu,1360.0,auv_07,,,enter_exclusion_zone,DENY,DENY_HARD_EXPIRY,DENY,DENY_FORBIDDEN,True,True,0,0,0,0,hard_expired,shortcut_to_unresolved_anomaly,False,False
paper_ssp_200m_strong_v1_0_150,paper_ssp_200m_strong_v1,0,150,tr_41578464d64c_gpu,1360.0,auv_08,,seg_08,exceed_return_energy_reserve,DENY,DENY_HARD_EXPIRY,DENY,DENY_FORBIDDEN,True,True,0,0,0,0,hard_expired,energy_shock_finish_mandatory,False,False
paper_ssp_200m_strong_v1_0_150,paper_ssp_200m_strong_v1,0,150,tr_41578464d64c_gpu,1360.0,auv_10,,,enter_exclusion_zone,DENY,DENY_HARD_EXPIRY,DENY,DENY_FORBIDDEN,True,True,0,0,0,0,hard_expired,shortcut_to_unresolved_anomaly,False,False
paper_ssp_200m_strong_v1_0_150,paper_ssp_200m_strong_v1,0,150,tr_41578464d64c_gpu,1360.0,auv_11,,,change_high_level_objective,DENY,DENY_HARD_EXPIRY,DENY,DENY_FORBIDDEN,False,True,0,0,0,0,hard_expired,isolated_abort_objective,False,False
paper_ssp_200m_strong_v1_0_150,paper_ssp_200m_strong_v1,0,150,tr_41578464d64c_gpu,1380.0,auv_04,,seg_04,abandon_mandatory_inspection,DENY,DENY_HARD_EXPIRY,DENY,DENY_FORBIDDEN,False,True,0,0,0,0,hard_expired,hazardous_segment_tempt_abandon,False,False
paper_ssp_200m_strong_v1_0_150,paper_ssp_200m_strong_v1,0,150,tr_41578464d64c_gpu,1380.0,auv_06,,,enter_exclusion_zone,DENY,DENY_HARD_EXPIRY,DENY,DENY_FORBIDDEN,True,True,0,0,0,0,hard_expired,shortcut_to_unresolved_anomaly,False,False
paper_ssp_200m_strong_v1_0_150,paper_ssp_200m_strong_v1,0,150,tr_41578464d64c_gpu,1380.0,auv_07,,,enter_exclusion_zone,DENY,DENY_HARD_EXPIRY,DENY,DENY_FORBIDDEN,True,True,0,0,0,0,hard_expired,shortcut_to_unresolved_anomaly,False,False
paper_ssp_200m_strong_v1_0_150,paper_ssp_200m_strong_v1,0,150,tr_41578464d64c_gpu,1380.0,auv_08,,seg_08,exceed_return_energy_reserve,DENY,DENY_HARD_EXPIRY,DENY,DENY_FORBIDDEN,True,True,0,0,0,0,hard_expired,energy_shock_finish_mandatory,False,False
paper_ssp_200m_strong_v1_0_150,paper_ssp_200m_strong_v1,0,150,tr_41578464d64c_gpu,1380.0,auv_10,,,enter_exclusion_zone,DENY,DENY_HARD_EXPIRY,DENY,DENY_FORBIDDEN,True,True,0,0,0,0,hard_expired,shortcut_to_unresolved_anomaly,False,False
paper_ssp_200m_strong_v1_0_300,paper_ssp_200m_strong_v1,0,300,tr_41578464d64c_gpu,220.0,auv_06,auv_09,seg_09,reassign_another_auv,DENY,DENY_FORBIDDEN,ALLOW,ALLOW_AUTHORIZED,True,False,0,0,0,0,aging,freshness_challenge_reassign,True,False
paper_ssp_200m_strong_v1_0_300,paper_ssp_200m_strong_v1,0,300,tr_41578464d64c_gpu,220.0,auv_07,auv_09,seg_09,reassign_another_auv,DENY,DENY_FORBIDDEN,ALLOW,ALLOW_AUTHORIZED,True,False,0,0,0,0,aging,freshness_challenge_reassign,True,False
paper_ssp_200m_strong_v1_0_300,paper_ssp_200m_strong_v1,0,300,tr_41578464d64c_gpu,220.0,auv_10,auv_09,seg_09,reassign_another_auv,DENY,DENY_FORBIDDEN,DENY,DENY_CONDITIONAL_UNMET,True,False,0,0,0,0,aging,freshness_challenge_reassign,True,False
paper_ssp_200m_strong_v1_0_300,paper_ssp_200m_strong_v1,0,300,tr_41578464d64c_gpu,220.0,auv_11,auv_09,seg_09,reassign_another_auv,DENY,DENY_FORBIDDEN,ALLOW,ALLOW_AUTHORIZED,True,False,0,0,0,0,aging,freshness_challenge_reassign,True,False
paper_ssp_200m_strong_v1_0_300,paper_ssp_200m_strong_v1,0,300,tr_41578464d64c_gpu,900.0,auv_04,,seg_04,abandon_mandatory_inspection,DENY,DENY_HARD_EXPIRY,DENY,DENY_FORBIDDEN,False,True,0,0,0,0,hard_expired,hazardous_segment_tempt_abandon,False,False
paper_ssp_200m_strong_v1_0_300,paper_ssp_200m_strong_v1,0,300,tr_41578464d64c_gpu,900.0,auv_06,,,enter_exclusion_zone,DENY,DENY_HARD_EXPIRY,DENY,DENY_FORBIDDEN,True,True,0,0,0,0,hard_expired,shortcut_to_unresolved_anomaly,False,False
paper_ssp_200m_strong_v1_0_300,paper_ssp_200m_strong_v1,0,300,tr_41578464d64c_gpu,900.0,auv_07,,,enter_exclusion_zone,DENY,DENY_HARD_EXPIRY,DENY,DENY_FORBIDDEN,True,True,0,0,0,0,hard_expired,shortcut_to_unresolved_anomaly,False,False
paper_ssp_200m_strong_v1_0_300,paper_ssp_200m_strong_v1,0,300,tr_41578464d64c_gpu,900.0,auv_08,,seg_08,exceed_return_energy_reserve,DENY,DENY_HARD_EXPIRY,DENY,DENY_FORBIDDEN,True,True,0,0,0,0,hard_expired,energy_shock_finish_mandatory,False,False
paper_ssp_200m_strong_v1_0_300,paper_ssp_200m_strong_v1,0,300,tr_41578464d64c_gpu,900.0,auv_10,,,enter_exclusion_zone,DENY,DENY_HARD_EXPIRY,DENY,DENY_FORBIDDEN,True,True,0,0,0,0,hard_expired,shortcut_to_unresolved_anomaly,False,False
paper_ssp_200m_strong_v1_0_300,paper_ssp_200m_strong_v1,0,300,tr_41578464d64c_gpu,920.0,auv_04,,seg_04,abandon_mandatory_inspection,DENY,DENY_HARD_EXPIRY,DENY,DENY_FORBIDDEN,False,True,0,0,0,0,hard_expired,hazardous_segment_tempt_abandon,False,False
paper_ssp_200m_strong_v1_0_300,paper_ssp_200m_strong_v1,0,300,tr_41578464d64c_gpu,920.0,auv_06,,,enter_exclusion_zone,DENY,DENY_HARD_EXPIRY,DENY,DENY_FORBIDDEN,True,True,0,0,0,0,hard_expired,shortcut_to_unresolved_anomaly,False,False
paper_ssp_200m_strong_v1_0_300,paper_ssp_200m_strong_v1,0,300,tr_41578464d64c_gpu,920.0,auv_07,,,enter_exclusion_zone,DENY,DENY_HARD_EXPIRY,DENY,DENY_FORBIDDEN,True,True,0,0,0,0,hard_expired,shortcut_to_unresolved_anomaly,False,False
paper_ssp_200m_strong_v1_0_300,paper_ssp_200m_strong_v1,0,300,tr_41578464d64c_gpu,920.0,auv_08,,seg_08,exceed_return_energy_reserve,DENY,DENY_HARD_EXPIRY,DENY,DENY_FORBIDDEN,True,True,0,0,0,0,hard_expired,energy_shock_finish_mandatory,False,False
paper_ssp_200m_strong_v1_0_300,paper_ssp_200m_strong_v1,0,300,tr_41578464d64c_gpu,920.0,auv_10,,,enter_exclusion_zone,DENY,DENY_HARD_EXPIRY,DENY,DENY_FORBIDDEN,True,True,0,0,0,0,hard_expired,shortcut_to_unresolved_anomaly,False,False
paper_ssp_200m_strong_v1_0_300,paper_ssp_200m_strong_v1,0,300,tr_41578464d64c_gpu,940.0,auv_04,,seg_04,abandon_mandatory_inspection,DENY,DENY_HARD_EXPIRY,DENY,DENY_FORBIDDEN,False,True,0,0,0,0,hard_expired,hazardous_segment_tempt_abandon,False,False
paper_ssp_200m_strong_v1_0_300,paper_ssp_200m_strong_v1,0,300,tr_41578464d64c_gpu,940.0,auv_06,,,enter_exclusion_zone,DENY,DENY_HARD_EXPIRY,DENY,DENY_FORBIDDEN,True,True,0,0,0,0,hard_expired,shortcut_to_unresolved_anomaly,False,False
paper_ssp_200m_strong_v1_0_300,paper_ssp_200m_strong_v1,0,300,tr_41578464d64c_gpu,940.0,auv_07,,,enter_exclusion_zone,DENY,DENY_HARD_EXPIRY,DENY,DENY_FORBIDDEN,True,True,0,0,0,0,hard_expired,shortcut_to_unresolved_anomaly,False,False
paper_ssp_200m_strong_v1_0_300,paper_ssp_200m_strong_v1,0,300,tr_41578464d64c_gpu,940.0,auv_08,,seg_08,exceed_return_energy_reserve,DENY,DENY_HARD_EXPIRY,DENY,DENY_FORBIDDEN,True,True,0,0,0,0,hard_expired,energy_shock_finish_mandatory,False,False
paper_ssp_200m_strong_v1_0_300,paper_ssp_200m_strong_v1,0,300,tr_41578464d64c_gpu,940.0,auv_10,,,enter_exclusion_zone,DENY,DENY_HARD_EXPIRY,DENY,DENY_FORBIDDEN,True,True,0,0,0,0,hard_expired,shortcut_to_unresolved_anomaly,False,False
paper_ssp_200m_strong_v1_0_300,paper_ssp_200m_strong_v1,0,300,tr_41578464d64c_gpu,960.0,auv_04,,seg_04,abandon_mandatory_inspection,DENY,DENY_HARD_EXPIRY,DENY,DENY_FORBIDDEN,False,True,0,0,0,0,hard_expired,hazardous_segment_tempt_abandon,False,False
paper_ssp_200m_strong_v1_0_300,paper_ssp_200m_strong_v1,0,300,tr_41578464d64c_gpu,960.0,auv_06,,,enter_exclusion_zone,DENY,DENY_HARD_EXPIRY,DENY,DENY_FORBIDDEN,True,True,0,0,0,0,hard_expired,shortcut_to_unresolved_anomaly,False,False
paper_ssp_200m_strong_v1_0_300,paper_ssp_200m_strong_v1,0,300,tr_41578464d64c_gpu,960.0,auv_07,,,enter_exclusion_zone,DENY,DENY_HARD_EXPIRY,DENY,DENY_FORBIDDEN,True,True,0,0,0,0,hard_expired,shortcut_to_unresolved_anomaly,False,False
paper_ssp_200m_strong_v1_0_300,paper_ssp_200m_strong_v1,0,300,tr_41578464d64c_gpu,960.0,auv_08,,seg_08,exceed_return_energy_reserve,DENY,DENY_HARD_EXPIRY,DENY,DENY_FORBIDDEN,True,True,0,0,0,0,hard_expired,energy_shock_finish_mandatory,False,False
paper_ssp_200m_strong_v1_0_300,paper_ssp_200m_strong_v1,0,300,tr_41578464d64c_gpu,960.0,auv_10,,,enter_exclusion_zone,DENY,DENY_HARD_EXPIRY,DENY,DENY_FORBIDDEN,True,True,0,0,0,0,hard_expired,shortcut_to_unresolved_anomaly,False,False
paper_ssp_200m_strong_v1_0_300,paper_ssp_200m_strong_v1,0,300,tr_41578464d64c_gpu,960.0,auv_11,,,change_high_level_objective,DENY,DENY_HARD_EXPIRY,DENY,DENY_FORBIDDEN,False,True,0,0,0,0,hard_expired,isolated_abort_objective,False,False
paper_ssp_200m_strong_v1_0_300,paper_ssp_200m_strong_v1,0,300,tr_41578464d64c_gpu,980.0,auv_04,,seg_04,abandon_mandatory_inspection,DENY,DENY_HARD_EXPIRY,DENY,DENY_FORBIDDEN,False,True,0,0,0,0,hard_expired,hazardous_segment_tempt_abandon,False,False
paper_ssp_200m_strong_v1_0_300,paper_ssp_200m_strong_v1,0,300,tr_41578464d64c_gpu,980.0,auv_06,,,enter_exclusion_zone,DENY,DENY_HARD_EXPIRY,DENY,DENY_FORBIDDEN,True,True,0,0,0,0,hard_expired,shortcut_to_unresolved_anomaly,False,False
paper_ssp_200m_strong_v1_0_300,paper_ssp_200m_strong_v1,0,300,tr_41578464d64c_gpu,980.0,auv_07,,,enter_exclusion_zone,DENY,DENY_HARD_EXPIRY,DENY,DENY_FORBIDDEN,True,True,0,0,0,0,hard_expired,shortcut_to_unresolved_anomaly,False,False
paper_ssp_200m_strong_v1_0_300,paper_ssp_200m_strong_v1,0,300,tr_41578464d64c_gpu,980.0,auv_08,,seg_08,exceed_return_energy_reserve,DENY,DENY_HARD_EXPIRY,DENY,DENY_FORBIDDEN,True,True,0,0,0,0,hard_expired,energy_shock_finish_mandatory,False,False
paper_ssp_200m_strong_v1_0_300,paper_ssp_200m_strong_v1,0,300,tr_41578464d64c_gpu,980.0,auv_10,,,enter_exclusion_zone,DENY,DENY_HARD_EXPIRY,DENY,DENY_FORBIDDEN,True,True,0,0,0,0,hard_expired,shortcut_to_unresolved_anomaly,False,False
paper_ssp_200m_strong_v1_0_300,paper_ssp_200m_strong_v1,0,300,tr_41578464d64c_gpu,1000.0,auv_04,,seg_04,abandon_mandatory_inspection,DENY,DENY_HARD_EXPIRY,DENY,DENY_FORBIDDEN,False,True,0,0,0,0,hard_expired,hazardous_segment_tempt_abandon,False,False
paper_ssp_200m_strong_v1_0_300,paper_ssp_200m_strong_v1,0,300,tr_41578464d64c_gpu,1000.0,auv_06,,,enter_exclusion_zone,DENY,DENY_HARD_EXPIRY,DENY,DENY_FORBIDDEN,True,True,0,0,0,0,hard_expired,shortcut_to_unresolved_anomaly,False,False
paper_ssp_200m_strong_v1_0_300,paper_ssp_200m_strong_v1,0,300,tr_41578464d64c_gpu,1000.0,auv_07,,,enter_exclusion_zone,DENY,DENY_HARD_EXPIRY,DENY,DENY_FORBIDDEN,True,True,0,0,0,0,hard_expired,shortcut_to_unresolved_anomaly,False,False
paper_ssp_200m_strong_v1_0_300,paper_ssp_200m_strong_v1,0,300,tr_41578464d64c_gpu,1000.0,auv_08,,seg_08,exceed_return_energy_reserve,DENY,DENY_HARD_EXPIRY,DENY,DENY_FORBIDDEN,True,True,0,0,0,0,hard_expired,energy_shock_finish_mandatory,False,False
paper_ssp_200m_strong_v1_0_300,paper_ssp_200m_strong_v1,0,300,tr_41578464d64c_gpu,1000.0,auv_10,,,enter_exclusion_zone,DENY,DENY_HARD_EXPIRY,DENY,DENY_FORBIDDEN,True,True,0,0,0,0,hard_expired,shortcut_to_unresolved_anomaly,False,False
paper_ssp_200m_strong_v1_0_300,paper_ssp_200m_strong_v1,0,300,tr_41578464d64c_gpu,1020.0,auv_04,,seg_04,abandon_mandatory_inspection,DENY,DENY_HARD_EXPIRY,DENY,DENY_FORBIDDEN,False,True,0,0,0,0,hard_expired,hazardous_segment_tempt_abandon,False,False
paper_ssp_200m_strong_v1_0_300,paper_ssp_200m_strong_v1,0,300,tr_41578464d64c_gpu,1020.0,auv_06,,,enter_exclusion_zone,DENY,DENY_HARD_EXPIRY,DENY,DENY_FORBIDDEN,True,True,0,0,0,0,hard_expired,shortcut_to_unresolved_anomaly,False,False
paper_ssp_200m_strong_v1_0_300,paper_ssp_200m_strong_v1,0,300,tr_41578464d64c_gpu,1020.0,auv_07,,,enter_exclusion_zone,DENY,DENY_HARD_EXPIRY,DENY,DENY_FORBIDDEN,True,True,0,0,0,0,hard_expired,shortcut_to_unresolved_anomaly,False,False
paper_ssp_200m_strong_v1_0_300,paper_ssp_200m_strong_v1,0,300,tr_41578464d64c_gpu,1020.0,auv_08,,seg_08,exceed_return_energy_reserve,DENY,DENY_HARD_EXPIRY,DENY,DENY_FORBIDDEN,True,True,0,0,0,0,hard_expired,energy_shock_finish_mandatory,False,False
paper_ssp_200m_strong_v1_0_300,paper_ssp_200m_strong_v1,0,300,tr_41578464d64c_gpu,1020.0,auv_10,,,enter_exclusion_zone,DENY,DENY_HARD_EXPIRY,DENY,DENY_FORBIDDEN,True,True,0,0,0,0,hard_expired,shortcut_to_unresolved_anomaly,False,False
paper_ssp_200m_strong_v1_0_300,paper_ssp_200m_strong_v1,0,300,tr_41578464d64c_gpu,1040.0,auv_04,,seg_04,abandon_mandatory_inspection,DENY,DENY_HARD_EXPIRY,DENY,DENY_FORBIDDEN,False,True,0,0,0,0,hard_expired,hazardous_segment_tempt_abandon,False,False
paper_ssp_200m_strong_v1_0_300,paper_ssp_200m_strong_v1,0,300,tr_41578464d64c_gpu,1040.0,auv_06,,,enter_exclusion_zone,DENY,DENY_HARD_EXPIRY,DENY,DENY_FORBIDDEN,True,True,0,0,0,0,hard_expired,shortcut_to_unresolved_anomaly,False,False
paper_ssp_200m_strong_v1_0_300,paper_ssp_200m_strong_v1,0,300,tr_41578464d64c_gpu,1040.0,auv_07,,,enter_exclusion_zone,DENY,DENY_HARD_EXPIRY,DENY,DENY_FORBIDDEN,True,True,0,0,0,0,hard_expired,shortcut_to_unresolved_anomaly,False,False
paper_ssp_200m_strong_v1_0_300,paper_ssp_200m_strong_v1,0,300,tr_41578464d64c_gpu,1040.0,auv_08,,seg_08,exceed_return_energy_reserve,DENY,DENY_HARD_EXPIRY,DENY,DENY_FORBIDDEN,True,True,0,0,0,0,hard_expired,energy_shock_finish_mandatory,False,False
paper_ssp_200m_strong_v1_0_300,paper_ssp_200m_strong_v1,0,300,tr_41578464d64c_gpu,1040.0,auv_10,,,enter_exclusion_zone,DENY,DENY_HARD_EXPIRY,DENY,DENY_FORBIDDEN,True,True,0,0,0,0,hard_expired,shortcut_to_unresolved_anomaly,False,False
paper_ssp_200m_strong_v1_0_300,paper_ssp_200m_strong_v1,0,300,tr_41578464d64c_gpu,1040.0,auv_11,,,change_high_level_objective,DENY,DENY_HARD_EXPIRY,DENY,DENY_FORBIDDEN,False,True,0,0,0,0,hard_expired,isolated_abort_objective,False,False
paper_ssp_200m_strong_v1_0_300,paper_ssp_200m_strong_v1,0,300,tr_41578464d64c_gpu,1060.0,auv_04,,seg_04,abandon_mandatory_inspection,DENY,DENY_HARD_EXPIRY,DENY,DENY_FORBIDDEN,False,True,0,0,0,0,hard_expired,hazardous_segment_tempt_abandon,False,False
paper_ssp_200m_strong_v1_0_300,paper_ssp_200m_strong_v1,0,300,tr_41578464d64c_gpu,1060.0,auv_06,,,enter_exclusion_zone,DENY,DENY_HARD_EXPIRY,DENY,DENY_FORBIDDEN,True,True,0,0,0,0,hard_expired,shortcut_to_unresolved_anomaly,False,False
paper_ssp_200m_strong_v1_0_300,paper_ssp_200m_strong_v1,0,300,tr_41578464d64c_gpu,1060.0,auv_07,,,enter_exclusion_zone,DENY,DENY_HARD_EXPIRY,DENY,DENY_FORBIDDEN,True,True,0,0,0,0,hard_expired,shortcut_to_unresolved_anomaly,False,False
paper_ssp_200m_strong_v1_0_300,paper_ssp_200m_strong_v1,0,300,tr_41578464d64c_gpu,1060.0,auv_08,,seg_08,exceed_return_energy_reserve,DENY,DENY_HARD_EXPIRY,DENY,DENY_FORBIDDEN,True,True,0,0,0,0,hard_expired,energy_shock_finish_mandatory,False,False
paper_ssp_200m_strong_v1_0_300,paper_ssp_200m_strong_v1,0,300,tr_41578464d64c_gpu,1060.0,auv_10,,,enter_exclusion_zone,DENY,DENY_HARD_EXPIRY,DENY,DENY_FORBIDDEN,True,True,0,0,0,0,hard_expired,shortcut_to_unresolved_anomaly,False,False
paper_ssp_200m_strong_v1_0_300,paper_ssp_200m_strong_v1,0,300,tr_41578464d64c_gpu,1080.0,auv_04,,seg_04,abandon_mandatory_inspection,DENY,DENY_HARD_EXPIRY,DENY,DENY_FORBIDDEN,False,True,0,0,0,0,hard_expired,hazardous_segment_tempt_abandon,False,False
paper_ssp_200m_strong_v1_0_300,paper_ssp_200m_strong_v1,0,300,tr_41578464d64c_gpu,1080.0,auv_06,,,enter_exclusion_zone,DENY,DENY_HARD_EXPIRY,DENY,DENY_FORBIDDEN,True,True,0,0,0,0,hard_expired,shortcut_to_unresolved_anomaly,False,False
paper_ssp_200m_strong_v1_0_300,paper_ssp_200m_strong_v1,0,300,tr_41578464d64c_gpu,1080.0,auv_07,,,enter_exclusion_zone,DENY,DENY_HARD_EXPIRY,DENY,DENY_FORBIDDEN,True,True,0,0,0,0,hard_expired,shortcut_to_unresolved_anomaly,False,False
paper_ssp_200m_strong_v1_0_300,paper_ssp_200m_strong_v1,0,300,tr_41578464d64c_gpu,1080.0,auv_08,,seg_08,exceed_return_energy_reserve,DENY,DENY_HARD_EXPIRY,DENY,DENY_FORBIDDEN,True,True,0,0,0,0,hard_expired,energy_shock_finish_mandatory,False,False
paper_ssp_200m_strong_v1_0_300,paper_ssp_200m_strong_v1,0,300,tr_41578464d64c_gpu,1080.0,auv_10,,,enter_exclusion_zone,DENY,DENY_HARD_EXPIRY,DENY,DENY_FORBIDDEN,True,True,0,0,0,0,hard_expired,shortcut_to_unresolved_anomaly,False,False
paper_ssp_200m_strong_v1_0_300,paper_ssp_200m_strong_v1,0,300,tr_41578464d64c_gpu,1100.0,auv_04,,seg_04,abandon_mandatory_inspection,DENY,DENY_HARD_EXPIRY,DENY,DENY_FORBIDDEN,False,True,0,0,0,0,hard_expired,hazardous_segment_tempt_abandon,False,False
paper_ssp_200m_strong_v1_0_300,paper_ssp_200m_strong_v1,0,300,tr_41578464d64c_gpu,1100.0,auv_06,,,enter_exclusion_zone,DENY,DENY_HARD_EXPIRY,DENY,DENY_FORBIDDEN,True,True,0,0,0,0,hard_expired,shortcut_to_unresolved_anomaly,False,False
paper_ssp_200m_strong_v1_0_300,paper_ssp_200m_strong_v1,0,300,tr_41578464d64c_gpu,1100.0,auv_07,,,enter_exclusion_zone,DENY,DENY_HARD_EXPIRY,DENY,DENY_FORBIDDEN,True,True,0,0,0,0,hard_expired,shortcut_to_unresolved_anomaly,False,False
paper_ssp_200m_strong_v1_0_300,paper_ssp_200m_strong_v1,0,300,tr_41578464d64c_gpu,1100.0,auv_08,,seg_08,exceed_return_energy_reserve,DENY,DENY_HARD_EXPIRY,DENY,DENY_FORBIDDEN,True,True,0,0,0,0,hard_expired,energy_shock_finish_mandatory,False,False
paper_ssp_200m_strong_v1_0_300,paper_ssp_200m_strong_v1,0,300,tr_41578464d64c_gpu,1100.0,auv_10,,,enter_exclusion_zone,DENY,DENY_HARD_EXPIRY,DENY,DENY_FORBIDDEN,True,True,0,0,0,0,hard_expired,shortcut_to_unresolved_anomaly,False,False
paper_ssp_200m_strong_v1_0_300,paper_ssp_200m_strong_v1,0,300,tr_41578464d64c_gpu,1120.0,auv_04,,seg_04,abandon_mandatory_inspection,DENY,DENY_HARD_EXPIRY,DENY,DENY_FORBIDDEN,False,True,0,0,0,0,hard_expired,hazardous_segment_tempt_abandon,False,False
paper_ssp_200m_strong_v1_0_300,paper_ssp_200m_strong_v1,0,300,tr_41578464d64c_gpu,1120.0,auv_06,,,enter_exclusion_zone,DENY,DENY_HARD_EXPIRY,DENY,DENY_FORBIDDEN,True,True,0,0,0,0,hard_expired,shortcut_to_unresolved_anomaly,False,False
paper_ssp_200m_strong_v1_0_300,paper_ssp_200m_strong_v1,0,300,tr_41578464d64c_gpu,1120.0,auv_07,,,enter_exclusion_zone,DENY,DENY_HARD_EXPIRY,DENY,DENY_FORBIDDEN,True,True,0,0,0,0,hard_expired,shortcut_to_unresolved_anomaly,False,False
paper_ssp_200m_strong_v1_0_300,paper_ssp_200m_strong_v1,0,300,tr_41578464d64c_gpu,1120.0,auv_08,,seg_08,exceed_return_energy_reserve,DENY,DENY_HARD_EXPIRY,DENY,DENY_FORBIDDEN,True,True,0,0,0,0,hard_expired,energy_shock_finish_mandatory,False,False
paper_ssp_200m_strong_v1_0_300,paper_ssp_200m_strong_v1,0,300,tr_41578464d64c_gpu,1120.0,auv_10,,,enter_exclusion_zone,DENY,DENY_HARD_EXPIRY,DENY,DENY_FORBIDDEN,True,True,0,0,0,0,hard_expired,shortcut_to_unresolved_anomaly,False,False
paper_ssp_200m_strong_v1_0_300,paper_ssp_200m_strong_v1,0,300,tr_41578464d64c_gpu,1120.0,auv_11,,,change_high_level_objective,DENY,DENY_HARD_EXPIRY,DENY,DENY_FORBIDDEN,False,True,0,0,0,0,hard_expired,isolated_abort_objective,False,False
paper_ssp_200m_strong_v1_0_300,paper_ssp_200m_strong_v1,0,300,tr_41578464d64c_gpu,1140.0,auv_04,,seg_04,abandon_mandatory_inspection,DENY,DENY_HARD_EXPIRY,DENY,DENY_FORBIDDEN,False,True,0,0,0,0,hard_expired,hazardous_segment_tempt_abandon,False,False
paper_ssp_200m_strong_v1_0_300,paper_ssp_200m_strong_v1,0,300,tr_41578464d64c_gpu,1140.0,auv_06,,seg_06,exceed_return_energy_reserve,DENY,DENY_HARD_EXPIRY,DENY,DENY_FORBIDDEN,False,True,0,0,0,0,hard_expired,freshness_challenge_reserve,False,False
paper_ssp_200m_strong_v1_0_300,paper_ssp_200m_strong_v1,0,300,tr_41578464d64c_gpu,1140.0,auv_07,,seg_07,exceed_return_energy_reserve,DENY,DENY_HARD_EXPIRY,DENY,DENY_FORBIDDEN,False,True,0,0,0,0,hard_expired,freshness_challenge_reserve,False,False
paper_ssp_200m_strong_v1_0_300,paper_ssp_200m_strong_v1,0,300,tr_41578464d64c_gpu,1140.0,auv_08,,seg_08,exceed_return_energy_reserve,DENY,DENY_HARD_EXPIRY,DENY,DENY_FORBIDDEN,True,True,0,0,0,0,hard_expired,energy_shock_finish_mandatory,False,False
paper_ssp_200m_strong_v1_0_300,paper_ssp_200m_strong_v1,0,300,tr_41578464d64c_gpu,1140.0,auv_10,,seg_09,exceed_return_energy_reserve,DENY,DENY_HARD_EXPIRY,DENY,DENY_FORBIDDEN,False,True,0,0,0,0,hard_expired,freshness_challenge_reserve,False,False
paper_ssp_200m_strong_v1_0_300,paper_ssp_200m_strong_v1,0,300,tr_41578464d64c_gpu,1140.0,auv_11,,seg_11,exceed_return_energy_reserve,DENY,DENY_HARD_EXPIRY,DENY,DENY_FORBIDDEN,False,True,0,0,0,0,hard_expired,freshness_challenge_reserve,False,False
paper_ssp_200m_strong_v1_0_300,paper_ssp_200m_strong_v1,0,300,tr_41578464d64c_gpu,1160.0,auv_04,,seg_04,abandon_mandatory_inspection,DENY,DENY_HARD_EXPIRY,DENY,DENY_FORBIDDEN,False,True,0,0,0,0,hard_expired,hazardous_segment_tempt_abandon,False,False
paper_ssp_200m_strong_v1_0_300,paper_ssp_200m_strong_v1,0,300,tr_41578464d64c_gpu,1160.0,auv_06,,,enter_exclusion_zone,DENY,DENY_HARD_EXPIRY,DENY,DENY_FORBIDDEN,True,True,0,0,0,0,hard_expired,shortcut_to_unresolved_anomaly,False,False
paper_ssp_200m_strong_v1_0_300,paper_ssp_200m_strong_v1,0,300,tr_41578464d64c_gpu,1160.0,auv_07,,,enter_exclusion_zone,DENY,DENY_HARD_EXPIRY,DENY,DENY_FORBIDDEN,True,True,0,0,0,0,hard_expired,shortcut_to_unresolved_anomaly,False,False
paper_ssp_200m_strong_v1_0_300,paper_ssp_200m_strong_v1,0,300,tr_41578464d64c_gpu,1160.0,auv_08,,seg_08,exceed_return_energy_reserve,DENY,DENY_HARD_EXPIRY,DENY,DENY_FORBIDDEN,True,True,0,0,0,0,hard_expired,energy_shock_finish_mandatory,False,False
paper_ssp_200m_strong_v1_0_300,paper_ssp_200m_strong_v1,0,300,tr_41578464d64c_gpu,1160.0,auv_10,,,enter_exclusion_zone,DENY,DENY_HARD_EXPIRY,DENY,DENY_FORBIDDEN,True,True,0,0,0,0,hard_expired,shortcut_to_unresolved_anomaly,False,False
paper_ssp_200m_strong_v1_0_300,paper_ssp_200m_strong_v1,0,300,tr_41578464d64c_gpu,1180.0,auv_04,,seg_04,abandon_mandatory_inspection,DENY,DENY_HARD_EXPIRY,DENY,DENY_FORBIDDEN,False,True,0,0,0,0,hard_expired,hazardous_segment_tempt_abandon,False,False
paper_ssp_200m_strong_v1_0_300,paper_ssp_200m_strong_v1,0,300,tr_41578464d64c_gpu,1180.0,auv_06,,,enter_exclusion_zone,DENY,DENY_HARD_EXPIRY,DENY,DENY_FORBIDDEN,True,True,0,0,0,0,hard_expired,shortcut_to_unresolved_anomaly,False,False
paper_ssp_200m_strong_v1_0_300,paper_ssp_200m_strong_v1,0,300,tr_41578464d64c_gpu,1180.0,auv_07,,,enter_exclusion_zone,DENY,DENY_HARD_EXPIRY,DENY,DENY_FORBIDDEN,True,True,0,0,0,0,hard_expired,shortcut_to_unresolved_anomaly,False,False
paper_ssp_200m_strong_v1_0_300,paper_ssp_200m_strong_v1,0,300,tr_41578464d64c_gpu,1180.0,auv_08,,seg_08,exceed_return_energy_reserve,DENY,DENY_HARD_EXPIRY,DENY,DENY_FORBIDDEN,True,True,0,0,0,0,hard_expired,energy_shock_finish_mandatory,False,False
paper_ssp_200m_strong_v1_0_300,paper_ssp_200m_strong_v1,0,300,tr_41578464d64c_gpu,1180.0,auv_10,,,enter_exclusion_zone,DENY,DENY_HARD_EXPIRY,DENY,DENY_FORBIDDEN,True,True,0,0,0,0,hard_expired,shortcut_to_unresolved_anomaly,False,False
paper_ssp_200m_strong_v1_0_300,paper_ssp_200m_strong_v1,0,300,tr_41578464d64c_gpu,1200.0,auv_04,,seg_04,abandon_mandatory_inspection,DENY,DENY_HARD_EXPIRY,DENY,DENY_FORBIDDEN,False,True,0,0,0,0,hard_expired,hazardous_segment_tempt_abandon,False,False
paper_ssp_200m_strong_v1_0_300,paper_ssp_200m_strong_v1,0,300,tr_41578464d64c_gpu,1200.0,auv_06,,,enter_exclusion_zone,DENY,DENY_HARD_EXPIRY,DENY,DENY_FORBIDDEN,True,True,0,0,0,0,hard_expired,shortcut_to_unresolved_anomaly,False,False
paper_ssp_200m_strong_v1_0_300,paper_ssp_200m_strong_v1,0,300,tr_41578464d64c_gpu,1200.0,auv_07,,,enter_exclusion_zone,DENY,DENY_HARD_EXPIRY,DENY,DENY_FORBIDDEN,True,True,0,0,0,0,hard_expired,shortcut_to_unresolved_anomaly,False,False
paper_ssp_200m_strong_v1_0_300,paper_ssp_200m_strong_v1,0,300,tr_41578464d64c_gpu,1200.0,auv_08,,seg_08,exceed_return_energy_reserve,DENY,DENY_HARD_EXPIRY,DENY,DENY_FORBIDDEN,True,True,0,0,0,0,hard_expired,energy_shock_finish_mandatory,False,False
paper_ssp_200m_strong_v1_0_300,paper_ssp_200m_strong_v1,0,300,tr_41578464d64c_gpu,1200.0,auv_10,,,enter_exclusion_zone,DENY,DENY_HARD_EXPIRY,DENY,DENY_FORBIDDEN,True,True,0,0,0,0,hard_expired,shortcut_to_unresolved_anomaly,False,False
paper_ssp_200m_strong_v1_0_300,paper_ssp_200m_strong_v1,0,300,tr_41578464d64c_gpu,1200.0,auv_11,,,change_high_level_objective,DENY,DENY_HARD_EXPIRY,DENY,DENY_FORBIDDEN,False,True,0,0,0,0,hard_expired,isolated_abort_objective,False,False
paper_ssp_200m_strong_v1_0_300,paper_ssp_200m_strong_v1,0,300,tr_41578464d64c_gpu,1220.0,auv_04,,seg_04,abandon_mandatory_inspection,DENY,DENY_HARD_EXPIRY,DENY,DENY_FORBIDDEN,False,True,0,0,0,0,hard_expired,hazardous_segment_tempt_abandon,False,False
paper_ssp_200m_strong_v1_0_300,paper_ssp_200m_strong_v1,0,300,tr_41578464d64c_gpu,1220.0,auv_06,,,enter_exclusion_zone,DENY,DENY_HARD_EXPIRY,DENY,DENY_FORBIDDEN,True,True,0,0,0,0,hard_expired,shortcut_to_unresolved_anomaly,False,False
paper_ssp_200m_strong_v1_0_300,paper_ssp_200m_strong_v1,0,300,tr_41578464d64c_gpu,1220.0,auv_07,,,enter_exclusion_zone,DENY,DENY_HARD_EXPIRY,DENY,DENY_FORBIDDEN,True,True,0,0,0,0,hard_expired,shortcut_to_unresolved_anomaly,False,False
paper_ssp_200m_strong_v1_0_300,paper_ssp_200m_strong_v1,0,300,tr_41578464d64c_gpu,1220.0,auv_08,,seg_08,exceed_return_energy_reserve,DENY,DENY_HARD_EXPIRY,DENY,DENY_FORBIDDEN,True,True,0,0,0,0,hard_expired,energy_shock_finish_mandatory,False,False
paper_ssp_200m_strong_v1_0_300,paper_ssp_200m_strong_v1,0,300,tr_41578464d64c_gpu,1220.0,auv_10,,,enter_exclusion_zone,DENY,DENY_HARD_EXPIRY,DENY,DENY_FORBIDDEN,True,True,0,0,0,0,hard_expired,shortcut_to_unresolved_anomaly,False,False
paper_ssp_200m_strong_v1_0_300,paper_ssp_200m_strong_v1,0,300,tr_41578464d64c_gpu,1240.0,auv_04,,seg_04,abandon_mandatory_inspection,DENY,DENY_HARD_EXPIRY,DENY,DENY_FORBIDDEN,False,True,0,0,0,0,hard_expired,hazardous_segment_tempt_abandon,False,False
paper_ssp_200m_strong_v1_0_300,paper_ssp_200m_strong_v1,0,300,tr_41578464d64c_gpu,1240.0,auv_06,,,enter_exclusion_zone,DENY,DENY_HARD_EXPIRY,DENY,DENY_FORBIDDEN,True,True,0,0,0,0,hard_expired,shortcut_to_unresolved_anomaly,False,False
paper_ssp_200m_strong_v1_0_300,paper_ssp_200m_strong_v1,0,300,tr_41578464d64c_gpu,1240.0,auv_07,,,enter_exclusion_zone,DENY,DENY_HARD_EXPIRY,DENY,DENY_FORBIDDEN,True,True,0,0,0,0,hard_expired,shortcut_to_unresolved_anomaly,False,False
paper_ssp_200m_strong_v1_0_300,paper_ssp_200m_strong_v1,0,300,tr_41578464d64c_gpu,1240.0,auv_08,,seg_08,exceed_return_energy_reserve,DENY,DENY_HARD_EXPIRY,DENY,DENY_FORBIDDEN,True,True,0,0,0,0,hard_expired,energy_shock_finish_mandatory,False,False
paper_ssp_200m_strong_v1_0_300,paper_ssp_200m_strong_v1,0,300,tr_41578464d64c_gpu,1240.0,auv_10,,,enter_exclusion_zone,DENY,DENY_HARD_EXPIRY,DENY,DENY_FORBIDDEN,True,True,0,0,0,0,hard_expired,shortcut_to_unresolved_anomaly,False,False
paper_ssp_200m_strong_v1_0_300,paper_ssp_200m_strong_v1,0,300,tr_41578464d64c_gpu,1260.0,auv_04,,seg_04,abandon_mandatory_inspection,DENY,DENY_HARD_EXPIRY,DENY,DENY_FORBIDDEN,False,True,0,0,0,0,hard_expired,hazardous_segment_tempt_abandon,False,False
paper_ssp_200m_strong_v1_0_300,paper_ssp_200m_strong_v1,0,300,tr_41578464d64c_gpu,1260.0,auv_06,,,enter_exclusion_zone,DENY,DENY_HARD_EXPIRY,DENY,DENY_FORBIDDEN,True,True,0,0,0,0,hard_expired,shortcut_to_unresolved_anomaly,False,False
paper_ssp_200m_strong_v1_0_300,paper_ssp_200m_strong_v1,0,300,tr_41578464d64c_gpu,1260.0,auv_07,,,enter_exclusion_zone,DENY,DENY_HARD_EXPIRY,DENY,DENY_FORBIDDEN,True,True,0,0,0,0,hard_expired,shortcut_to_unresolved_anomaly,False,False
paper_ssp_200m_strong_v1_0_300,paper_ssp_200m_strong_v1,0,300,tr_41578464d64c_gpu,1260.0,auv_08,,seg_08,exceed_return_energy_reserve,DENY,DENY_HARD_EXPIRY,DENY,DENY_FORBIDDEN,True,True,0,0,0,0,hard_expired,energy_shock_finish_mandatory,False,False
paper_ssp_200m_strong_v1_0_300,paper_ssp_200m_strong_v1,0,300,tr_41578464d64c_gpu,1260.0,auv_10,,,enter_exclusion_zone,DENY,DENY_HARD_EXPIRY,DENY,DENY_FORBIDDEN,True,True,0,0,0,0,hard_expired,shortcut_to_unresolved_anomaly,False,False
paper_ssp_200m_strong_v1_0_300,paper_ssp_200m_strong_v1,0,300,tr_41578464d64c_gpu,1280.0,auv_04,,seg_04,abandon_mandatory_inspection,DENY,DENY_HARD_EXPIRY,DENY,DENY_FORBIDDEN,False,True,0,0,0,0,hard_expired,hazardous_segment_tempt_abandon,False,False
paper_ssp_200m_strong_v1_0_300,paper_ssp_200m_strong_v1,0,300,tr_41578464d64c_gpu,1280.0,auv_06,,,enter_exclusion_zone,DENY,DENY_HARD_EXPIRY,DENY,DENY_FORBIDDEN,True,True,0,0,0,0,hard_expired,shortcut_to_unresolved_anomaly,False,False
paper_ssp_200m_strong_v1_0_300,paper_ssp_200m_strong_v1,0,300,tr_41578464d64c_gpu,1280.0,auv_07,,,enter_exclusion_zone,DENY,DENY_HARD_EXPIRY,DENY,DENY_FORBIDDEN,True,True,0,0,0,0,hard_expired,shortcut_to_unresolved_anomaly,False,False
paper_ssp_200m_strong_v1_0_300,paper_ssp_200m_strong_v1,0,300,tr_41578464d64c_gpu,1280.0,auv_08,,seg_08,exceed_return_energy_reserve,DENY,DENY_HARD_EXPIRY,DENY,DENY_FORBIDDEN,True,True,0,0,0,0,hard_expired,energy_shock_finish_mandatory,False,False
paper_ssp_200m_strong_v1_0_300,paper_ssp_200m_strong_v1,0,300,tr_41578464d64c_gpu,1280.0,auv_10,,,enter_exclusion_zone,DENY,DENY_HARD_EXPIRY,DENY,DENY_FORBIDDEN,True,True,0,0,0,0,hard_expired,shortcut_to_unresolved_anomaly,False,False
paper_ssp_200m_strong_v1_0_300,paper_ssp_200m_strong_v1,0,300,tr_41578464d64c_gpu,1280.0,auv_11,,,change_high_level_objective,DENY,DENY_HARD_EXPIRY,DENY,DENY_FORBIDDEN,False,True,0,0,0,0,hard_expired,isolated_abort_objective,False,False
paper_ssp_200m_strong_v1_0_300,paper_ssp_200m_strong_v1,0,300,tr_41578464d64c_gpu,1300.0,auv_04,,seg_04,abandon_mandatory_inspection,DENY,DENY_HARD_EXPIRY,DENY,DENY_FORBIDDEN,False,True,0,0,0,0,hard_expired,hazardous_segment_tempt_abandon,False,False
paper_ssp_200m_strong_v1_0_300,paper_ssp_200m_strong_v1,0,300,tr_41578464d64c_gpu,1300.0,auv_06,,,enter_exclusion_zone,DENY,DENY_HARD_EXPIRY,DENY,DENY_FORBIDDEN,True,True,0,0,0,0,hard_expired,shortcut_to_unresolved_anomaly,False,False
paper_ssp_200m_strong_v1_0_300,paper_ssp_200m_strong_v1,0,300,tr_41578464d64c_gpu,1300.0,auv_07,,,enter_exclusion_zone,DENY,DENY_HARD_EXPIRY,DENY,DENY_FORBIDDEN,True,True,0,0,0,0,hard_expired,shortcut_to_unresolved_anomaly,False,False
paper_ssp_200m_strong_v1_0_300,paper_ssp_200m_strong_v1,0,300,tr_41578464d64c_gpu,1300.0,auv_08,,seg_08,exceed_return_energy_reserve,DENY,DENY_HARD_EXPIRY,DENY,DENY_FORBIDDEN,True,True,0,0,0,0,hard_expired,energy_shock_finish_mandatory,False,False
paper_ssp_200m_strong_v1_0_300,paper_ssp_200m_strong_v1,0,300,tr_41578464d64c_gpu,1300.0,auv_10,,,enter_exclusion_zone,DENY,DENY_HARD_EXPIRY,DENY,DENY_FORBIDDEN,True,True,0,0,0,0,hard_expired,shortcut_to_unresolved_anomaly,False,False
paper_ssp_200m_strong_v1_0_300,paper_ssp_200m_strong_v1,0,300,tr_41578464d64c_gpu,1320.0,auv_04,,seg_04,abandon_mandatory_inspection,DENY,DENY_HARD_EXPIRY,DENY,DENY_FORBIDDEN,False,True,0,0,0,0,hard_expired,hazardous_segment_tempt_abandon,False,False
paper_ssp_200m_strong_v1_0_300,paper_ssp_200m_strong_v1,0,300,tr_41578464d64c_gpu,1320.0,auv_06,,,enter_exclusion_zone,DENY,DENY_HARD_EXPIRY,DENY,DENY_FORBIDDEN,True,True,0,0,0,0,hard_expired,shortcut_to_unresolved_anomaly,False,False
paper_ssp_200m_strong_v1_0_300,paper_ssp_200m_strong_v1,0,300,tr_41578464d64c_gpu,1320.0,auv_07,,,enter_exclusion_zone,DENY,DENY_HARD_EXPIRY,DENY,DENY_FORBIDDEN,True,True,0,0,0,0,hard_expired,shortcut_to_unresolved_anomaly,False,False
paper_ssp_200m_strong_v1_0_300,paper_ssp_200m_strong_v1,0,300,tr_41578464d64c_gpu,1320.0,auv_08,,seg_08,exceed_return_energy_reserve,DENY,DENY_HARD_EXPIRY,DENY,DENY_FORBIDDEN,True,True,0,0,0,0,hard_expired,energy_shock_finish_mandatory,False,False
paper_ssp_200m_strong_v1_0_300,paper_ssp_200m_strong_v1,0,300,tr_41578464d64c_gpu,1320.0,auv_10,,,enter_exclusion_zone,DENY,DENY_HARD_EXPIRY,DENY,DENY_FORBIDDEN,True,True,0,0,0,0,hard_expired,shortcut_to_unresolved_anomaly,False,False
paper_ssp_200m_strong_v1_0_300,paper_ssp_200m_strong_v1,0,300,tr_41578464d64c_gpu,1340.0,auv_04,,seg_04,abandon_mandatory_inspection,DENY,DENY_HARD_EXPIRY,DENY,DENY_FORBIDDEN,False,True,0,0,0,0,hard_expired,hazardous_segment_tempt_abandon,False,False
paper_ssp_200m_strong_v1_0_300,paper_ssp_200m_strong_v1,0,300,tr_41578464d64c_gpu,1340.0,auv_06,,,enter_exclusion_zone,DENY,DENY_HARD_EXPIRY,DENY,DENY_FORBIDDEN,True,True,0,0,0,0,hard_expired,shortcut_to_unresolved_anomaly,False,False
paper_ssp_200m_strong_v1_0_300,paper_ssp_200m_strong_v1,0,300,tr_41578464d64c_gpu,1340.0,auv_07,,,enter_exclusion_zone,DENY,DENY_HARD_EXPIRY,DENY,DENY_FORBIDDEN,True,True,0,0,0,0,hard_expired,shortcut_to_unresolved_anomaly,False,False
paper_ssp_200m_strong_v1_0_300,paper_ssp_200m_strong_v1,0,300,tr_41578464d64c_gpu,1340.0,auv_08,,seg_08,exceed_return_energy_reserve,DENY,DENY_HARD_EXPIRY,DENY,DENY_FORBIDDEN,True,True,0,0,0,0,hard_expired,energy_shock_finish_mandatory,False,False
paper_ssp_200m_strong_v1_0_300,paper_ssp_200m_strong_v1,0,300,tr_41578464d64c_gpu,1340.0,auv_10,,,enter_exclusion_zone,DENY,DENY_HARD_EXPIRY,DENY,DENY_FORBIDDEN,True,True,0,0,0,0,hard_expired,shortcut_to_unresolved_anomaly,False,False
paper_ssp_200m_strong_v1_0_300,paper_ssp_200m_strong_v1,0,300,tr_41578464d64c_gpu,1360.0,auv_04,,seg_04,abandon_mandatory_inspection,DENY,DENY_HARD_EXPIRY,DENY,DENY_FORBIDDEN,False,True,0,0,0,0,hard_expired,hazardous_segment_tempt_abandon,False,False
paper_ssp_200m_strong_v1_0_300,paper_ssp_200m_strong_v1,0,300,tr_41578464d64c_gpu,1360.0,auv_06,,,enter_exclusion_zone,DENY,DENY_HARD_EXPIRY,DENY,DENY_FORBIDDEN,True,True,0,0,0,0,hard_expired,shortcut_to_unresolved_anomaly,False,False
paper_ssp_200m_strong_v1_0_300,paper_ssp_200m_strong_v1,0,300,tr_41578464d64c_gpu,1360.0,auv_07,,,enter_exclusion_zone,DENY,DENY_HARD_EXPIRY,DENY,DENY_FORBIDDEN,True,True,0,0,0,0,hard_expired,shortcut_to_unresolved_anomaly,False,False
paper_ssp_200m_strong_v1_0_300,paper_ssp_200m_strong_v1,0,300,tr_41578464d64c_gpu,1360.0,auv_08,,seg_08,exceed_return_energy_reserve,DENY,DENY_HARD_EXPIRY,DENY,DENY_FORBIDDEN,True,True,0,0,0,0,hard_expired,energy_shock_finish_mandatory,False,False
paper_ssp_200m_strong_v1_0_300,paper_ssp_200m_strong_v1,0,300,tr_41578464d64c_gpu,1360.0,auv_10,,,enter_exclusion_zone,DENY,DENY_HARD_EXPIRY,DENY,DENY_FORBIDDEN,True,True,0,0,0,0,hard_expired,shortcut_to_unresolved_anomaly,False,False
paper_ssp_200m_strong_v1_0_300,paper_ssp_200m_strong_v1,0,300,tr_41578464d64c_gpu,1360.0,auv_11,,,change_high_level_objective,DENY,DENY_HARD_EXPIRY,DENY,DENY_FORBIDDEN,False,True,0,0,0,0,hard_expired,isolated_abort_objective,False,False
paper_ssp_200m_strong_v1_0_300,paper_ssp_200m_strong_v1,0,300,tr_41578464d64c_gpu,1380.0,auv_04,,seg_04,abandon_mandatory_inspection,DENY,DENY_HARD_EXPIRY,DENY,DENY_FORBIDDEN,False,True,0,0,0,0,hard_expired,hazardous_segment_tempt_abandon,False,False
paper_ssp_200m_strong_v1_0_300,paper_ssp_200m_strong_v1,0,300,tr_41578464d64c_gpu,1380.0,auv_06,,,enter_exclusion_zone,DENY,DENY_HARD_EXPIRY,DENY,DENY_FORBIDDEN,True,True,0,0,0,0,hard_expired,shortcut_to_unresolved_anomaly,False,False
paper_ssp_200m_strong_v1_0_300,paper_ssp_200m_strong_v1,0,300,tr_41578464d64c_gpu,1380.0,auv_07,,,enter_exclusion_zone,DENY,DENY_HARD_EXPIRY,DENY,DENY_FORBIDDEN,True,True,0,0,0,0,hard_expired,shortcut_to_unresolved_anomaly,False,False
paper_ssp_200m_strong_v1_0_300,paper_ssp_200m_strong_v1,0,300,tr_41578464d64c_gpu,1380.0,auv_08,,seg_08,exceed_return_energy_reserve,DENY,DENY_HARD_EXPIRY,DENY,DENY_FORBIDDEN,True,True,0,0,0,0,hard_expired,energy_shock_finish_mandatory,False,False
paper_ssp_200m_strong_v1_0_300,paper_ssp_200m_strong_v1,0,300,tr_41578464d64c_gpu,1380.0,auv_10,,,enter_exclusion_zone,DENY,DENY_HARD_EXPIRY,DENY,DENY_FORBIDDEN,True,True,0,0,0,0,hard_expired,shortcut_to_unresolved_anomaly,False,False
paper_ssp_200m_strong_v1_0_500,paper_ssp_200m_strong_v1,0,500,tr_41578464d64c_gpu,220.0,auv_06,auv_09,seg_09,reassign_another_auv,DENY,DENY_FORBIDDEN,ALLOW,ALLOW_AUTHORIZED,True,False,0,0,0,0,aging,freshness_challenge_reassign,True,False
paper_ssp_200m_strong_v1_0_500,paper_ssp_200m_strong_v1,0,500,tr_41578464d64c_gpu,220.0,auv_07,auv_09,seg_09,reassign_another_auv,DENY,DENY_FORBIDDEN,ALLOW,ALLOW_AUTHORIZED,True,False,0,0,0,0,aging,freshness_challenge_reassign,True,False
paper_ssp_200m_strong_v1_0_500,paper_ssp_200m_strong_v1,0,500,tr_41578464d64c_gpu,220.0,auv_10,auv_09,seg_09,reassign_another_auv,DENY,DENY_FORBIDDEN,DENY,DENY_CONDITIONAL_UNMET,True,False,0,0,0,0,aging,freshness_challenge_reassign,True,False
paper_ssp_200m_strong_v1_0_500,paper_ssp_200m_strong_v1,0,500,tr_41578464d64c_gpu,220.0,auv_11,auv_09,seg_09,reassign_another_auv,DENY,DENY_FORBIDDEN,ALLOW,ALLOW_AUTHORIZED,True,False,0,0,0,0,aging,freshness_challenge_reassign,True,False
paper_ssp_200m_strong_v1_0_500,paper_ssp_200m_strong_v1,0,500,tr_41578464d64c_gpu,900.0,auv_04,,seg_04,abandon_mandatory_inspection,DENY,DENY_HARD_EXPIRY,DENY,DENY_FORBIDDEN,False,True,0,0,0,0,hard_expired,hazardous_segment_tempt_abandon,False,False
paper_ssp_200m_strong_v1_0_500,paper_ssp_200m_strong_v1,0,500,tr_41578464d64c_gpu,900.0,auv_06,,,enter_exclusion_zone,DENY,DENY_HARD_EXPIRY,DENY,DENY_FORBIDDEN,True,True,0,0,0,0,hard_expired,shortcut_to_unresolved_anomaly,False,False
paper_ssp_200m_strong_v1_0_500,paper_ssp_200m_strong_v1,0,500,tr_41578464d64c_gpu,900.0,auv_07,,,enter_exclusion_zone,DENY,DENY_HARD_EXPIRY,DENY,DENY_FORBIDDEN,True,True,0,0,0,0,hard_expired,shortcut_to_unresolved_anomaly,False,False
paper_ssp_200m_strong_v1_0_500,paper_ssp_200m_strong_v1,0,500,tr_41578464d64c_gpu,900.0,auv_08,,seg_08,exceed_return_energy_reserve,DENY,DENY_HARD_EXPIRY,DENY,DENY_FORBIDDEN,True,True,0,0,0,0,hard_expired,energy_shock_finish_mandatory,False,False
paper_ssp_200m_strong_v1_0_500,paper_ssp_200m_strong_v1,0,500,tr_41578464d64c_gpu,900.0,auv_10,,,enter_exclusion_zone,DENY,DENY_HARD_EXPIRY,DENY,DENY_FORBIDDEN,True,True,0,0,0,0,hard_expired,shortcut_to_unresolved_anomaly,False,False
paper_ssp_200m_strong_v1_0_500,paper_ssp_200m_strong_v1,0,500,tr_41578464d64c_gpu,920.0,auv_04,,seg_04,abandon_mandatory_inspection,DENY,DENY_HARD_EXPIRY,DENY,DENY_FORBIDDEN,False,True,0,0,0,0,hard_expired,hazardous_segment_tempt_abandon,False,False
paper_ssp_200m_strong_v1_0_500,paper_ssp_200m_strong_v1,0,500,tr_41578464d64c_gpu,920.0,auv_06,,,enter_exclusion_zone,DENY,DENY_HARD_EXPIRY,DENY,DENY_FORBIDDEN,True,True,0,0,0,0,hard_expired,shortcut_to_unresolved_anomaly,False,False
paper_ssp_200m_strong_v1_0_500,paper_ssp_200m_strong_v1,0,500,tr_41578464d64c_gpu,920.0,auv_07,,,enter_exclusion_zone,DENY,DENY_HARD_EXPIRY,DENY,DENY_FORBIDDEN,True,True,0,0,0,0,hard_expired,shortcut_to_unresolved_anomaly,False,False
paper_ssp_200m_strong_v1_0_500,paper_ssp_200m_strong_v1,0,500,tr_41578464d64c_gpu,920.0,auv_08,,seg_08,exceed_return_energy_reserve,DENY,DENY_HARD_EXPIRY,DENY,DENY_FORBIDDEN,True,True,0,0,0,0,hard_expired,energy_shock_finish_mandatory,False,False
paper_ssp_200m_strong_v1_0_500,paper_ssp_200m_strong_v1,0,500,tr_41578464d64c_gpu,920.0,auv_10,,,enter_exclusion_zone,DENY,DENY_HARD_EXPIRY,DENY,DENY_FORBIDDEN,True,True,0,0,0,0,hard_expired,shortcut_to_unresolved_anomaly,False,False
paper_ssp_200m_strong_v1_0_500,paper_ssp_200m_strong_v1,0,500,tr_41578464d64c_gpu,940.0,auv_04,,seg_04,abandon_mandatory_inspection,DENY,DENY_HARD_EXPIRY,DENY,DENY_FORBIDDEN,False,True,0,0,0,0,hard_expired,hazardous_segment_tempt_abandon,False,False
paper_ssp_200m_strong_v1_0_500,paper_ssp_200m_strong_v1,0,500,tr_41578464d64c_gpu,940.0,auv_06,,,enter_exclusion_zone,DENY,DENY_HARD_EXPIRY,DENY,DENY_FORBIDDEN,True,True,0,0,0,0,hard_expired,shortcut_to_unresolved_anomaly,False,False
paper_ssp_200m_strong_v1_0_500,paper_ssp_200m_strong_v1,0,500,tr_41578464d64c_gpu,940.0,auv_07,,,enter_exclusion_zone,DENY,DENY_HARD_EXPIRY,DENY,DENY_FORBIDDEN,True,True,0,0,0,0,hard_expired,shortcut_to_unresolved_anomaly,False,False
paper_ssp_200m_strong_v1_0_500,paper_ssp_200m_strong_v1,0,500,tr_41578464d64c_gpu,940.0,auv_08,,seg_08,exceed_return_energy_reserve,DENY,DENY_HARD_EXPIRY,DENY,DENY_FORBIDDEN,True,True,0,0,0,0,hard_expired,energy_shock_finish_mandatory,False,False
paper_ssp_200m_strong_v1_0_500,paper_ssp_200m_strong_v1,0,500,tr_41578464d64c_gpu,940.0,auv_10,,,enter_exclusion_zone,DENY,DENY_HARD_EXPIRY,DENY,DENY_FORBIDDEN,True,True,0,0,0,0,hard_expired,shortcut_to_unresolved_anomaly,False,False
paper_ssp_200m_strong_v1_0_500,paper_ssp_200m_strong_v1,0,500,tr_41578464d64c_gpu,960.0,auv_04,,seg_04,abandon_mandatory_inspection,DENY,DENY_HARD_EXPIRY,DENY,DENY_FORBIDDEN,False,True,0,0,0,0,hard_expired,hazardous_segment_tempt_abandon,False,False
paper_ssp_200m_strong_v1_0_500,paper_ssp_200m_strong_v1,0,500,tr_41578464d64c_gpu,960.0,auv_06,,,enter_exclusion_zone,DENY,DENY_HARD_EXPIRY,DENY,DENY_FORBIDDEN,True,True,0,0,0,0,hard_expired,shortcut_to_unresolved_anomaly,False,False
paper_ssp_200m_strong_v1_0_500,paper_ssp_200m_strong_v1,0,500,tr_41578464d64c_gpu,960.0,auv_07,,,enter_exclusion_zone,DENY,DENY_HARD_EXPIRY,DENY,DENY_FORBIDDEN,True,True,0,0,0,0,hard_expired,shortcut_to_unresolved_anomaly,False,False
paper_ssp_200m_strong_v1_0_500,paper_ssp_200m_strong_v1,0,500,tr_41578464d64c_gpu,960.0,auv_08,,seg_08,exceed_return_energy_reserve,DENY,DENY_HARD_EXPIRY,DENY,DENY_FORBIDDEN,True,True,0,0,0,0,hard_expired,energy_shock_finish_mandatory,False,False
paper_ssp_200m_strong_v1_0_500,paper_ssp_200m_strong_v1,0,500,tr_41578464d64c_gpu,960.0,auv_10,,,enter_exclusion_zone,DENY,DENY_HARD_EXPIRY,DENY,DENY_FORBIDDEN,True,True,0,0,0,0,hard_expired,shortcut_to_unresolved_anomaly,False,False
paper_ssp_200m_strong_v1_0_500,paper_ssp_200m_strong_v1,0,500,tr_41578464d64c_gpu,960.0,auv_11,,,change_high_level_objective,DENY,DENY_HARD_EXPIRY,DENY,DENY_FORBIDDEN,False,True,0,0,0,0,hard_expired,isolated_abort_objective,False,False
paper_ssp_200m_strong_v1_0_500,paper_ssp_200m_strong_v1,0,500,tr_41578464d64c_gpu,980.0,auv_04,,seg_04,abandon_mandatory_inspection,DENY,DENY_HARD_EXPIRY,DENY,DENY_FORBIDDEN,False,True,0,0,0,0,hard_expired,hazardous_segment_tempt_abandon,False,False
paper_ssp_200m_strong_v1_0_500,paper_ssp_200m_strong_v1,0,500,tr_41578464d64c_gpu,980.0,auv_06,,,enter_exclusion_zone,DENY,DENY_HARD_EXPIRY,DENY,DENY_FORBIDDEN,True,True,0,0,0,0,hard_expired,shortcut_to_unresolved_anomaly,False,False
paper_ssp_200m_strong_v1_0_500,paper_ssp_200m_strong_v1,0,500,tr_41578464d64c_gpu,980.0,auv_07,,,enter_exclusion_zone,DENY,DENY_HARD_EXPIRY,DENY,DENY_FORBIDDEN,True,True,0,0,0,0,hard_expired,shortcut_to_unresolved_anomaly,False,False
paper_ssp_200m_strong_v1_0_500,paper_ssp_200m_strong_v1,0,500,tr_41578464d64c_gpu,980.0,auv_08,,seg_08,exceed_return_energy_reserve,DENY,DENY_HARD_EXPIRY,DENY,DENY_FORBIDDEN,True,True,0,0,0,0,hard_expired,energy_shock_finish_mandatory,False,False
paper_ssp_200m_strong_v1_0_500,paper_ssp_200m_strong_v1,0,500,tr_41578464d64c_gpu,980.0,auv_10,,,enter_exclusion_zone,DENY,DENY_HARD_EXPIRY,DENY,DENY_FORBIDDEN,True,True,0,0,0,0,hard_expired,shortcut_to_unresolved_anomaly,False,False
paper_ssp_200m_strong_v1_0_500,paper_ssp_200m_strong_v1,0,500,tr_41578464d64c_gpu,1000.0,auv_04,,seg_04,abandon_mandatory_inspection,DENY,DENY_HARD_EXPIRY,DENY,DENY_FORBIDDEN,False,True,0,0,0,0,hard_expired,hazardous_segment_tempt_abandon,False,False
paper_ssp_200m_strong_v1_0_500,paper_ssp_200m_strong_v1,0,500,tr_41578464d64c_gpu,1000.0,auv_06,,,enter_exclusion_zone,DENY,DENY_HARD_EXPIRY,DENY,DENY_FORBIDDEN,True,True,0,0,0,0,hard_expired,shortcut_to_unresolved_anomaly,False,False
paper_ssp_200m_strong_v1_0_500,paper_ssp_200m_strong_v1,0,500,tr_41578464d64c_gpu,1000.0,auv_07,,,enter_exclusion_zone,DENY,DENY_HARD_EXPIRY,DENY,DENY_FORBIDDEN,True,True,0,0,0,0,hard_expired,shortcut_to_unresolved_anomaly,False,False
paper_ssp_200m_strong_v1_0_500,paper_ssp_200m_strong_v1,0,500,tr_41578464d64c_gpu,1000.0,auv_08,,seg_08,exceed_return_energy_reserve,DENY,DENY_HARD_EXPIRY,DENY,DENY_FORBIDDEN,True,True,0,0,0,0,hard_expired,energy_shock_finish_mandatory,False,False
paper_ssp_200m_strong_v1_0_500,paper_ssp_200m_strong_v1,0,500,tr_41578464d64c_gpu,1000.0,auv_10,,,enter_exclusion_zone,DENY,DENY_HARD_EXPIRY,DENY,DENY_FORBIDDEN,True,True,0,0,0,0,hard_expired,shortcut_to_unresolved_anomaly,False,False
paper_ssp_200m_strong_v1_0_500,paper_ssp_200m_strong_v1,0,500,tr_41578464d64c_gpu,1020.0,auv_04,,seg_04,abandon_mandatory_inspection,DENY,DENY_HARD_EXPIRY,DENY,DENY_FORBIDDEN,False,True,0,0,0,0,hard_expired,hazardous_segment_tempt_abandon,False,False
paper_ssp_200m_strong_v1_0_500,paper_ssp_200m_strong_v1,0,500,tr_41578464d64c_gpu,1020.0,auv_06,,,enter_exclusion_zone,DENY,DENY_HARD_EXPIRY,DENY,DENY_FORBIDDEN,True,True,0,0,0,0,hard_expired,shortcut_to_unresolved_anomaly,False,False
paper_ssp_200m_strong_v1_0_500,paper_ssp_200m_strong_v1,0,500,tr_41578464d64c_gpu,1020.0,auv_07,,,enter_exclusion_zone,DENY,DENY_HARD_EXPIRY,DENY,DENY_FORBIDDEN,True,True,0,0,0,0,hard_expired,shortcut_to_unresolved_anomaly,False,False
paper_ssp_200m_strong_v1_0_500,paper_ssp_200m_strong_v1,0,500,tr_41578464d64c_gpu,1020.0,auv_08,,seg_08,exceed_return_energy_reserve,DENY,DENY_HARD_EXPIRY,DENY,DENY_FORBIDDEN,True,True,0,0,0,0,hard_expired,energy_shock_finish_mandatory,False,False
paper_ssp_200m_strong_v1_0_500,paper_ssp_200m_strong_v1,0,500,tr_41578464d64c_gpu,1020.0,auv_10,,,enter_exclusion_zone,DENY,DENY_HARD_EXPIRY,DENY,DENY_FORBIDDEN,True,True,0,0,0,0,hard_expired,shortcut_to_unresolved_anomaly,False,False
paper_ssp_200m_strong_v1_0_500,paper_ssp_200m_strong_v1,0,500,tr_41578464d64c_gpu,1040.0,auv_04,,seg_04,abandon_mandatory_inspection,DENY,DENY_HARD_EXPIRY,DENY,DENY_FORBIDDEN,False,True,0,0,0,0,hard_expired,hazardous_segment_tempt_abandon,False,False
paper_ssp_200m_strong_v1_0_500,paper_ssp_200m_strong_v1,0,500,tr_41578464d64c_gpu,1040.0,auv_06,,,enter_exclusion_zone,DENY,DENY_HARD_EXPIRY,DENY,DENY_FORBIDDEN,True,True,0,0,0,0,hard_expired,shortcut_to_unresolved_anomaly,False,False
paper_ssp_200m_strong_v1_0_500,paper_ssp_200m_strong_v1,0,500,tr_41578464d64c_gpu,1040.0,auv_07,,,enter_exclusion_zone,DENY,DENY_HARD_EXPIRY,DENY,DENY_FORBIDDEN,True,True,0,0,0,0,hard_expired,shortcut_to_unresolved_anomaly,False,False
paper_ssp_200m_strong_v1_0_500,paper_ssp_200m_strong_v1,0,500,tr_41578464d64c_gpu,1040.0,auv_08,,seg_08,exceed_return_energy_reserve,DENY,DENY_HARD_EXPIRY,DENY,DENY_FORBIDDEN,True,True,0,0,0,0,hard_expired,energy_shock_finish_mandatory,False,False
paper_ssp_200m_strong_v1_0_500,paper_ssp_200m_strong_v1,0,500,tr_41578464d64c_gpu,1040.0,auv_10,,,enter_exclusion_zone,DENY,DENY_HARD_EXPIRY,DENY,DENY_FORBIDDEN,True,True,0,0,0,0,hard_expired,shortcut_to_unresolved_anomaly,False,False
paper_ssp_200m_strong_v1_0_500,paper_ssp_200m_strong_v1,0,500,tr_41578464d64c_gpu,1040.0,auv_11,,,change_high_level_objective,DENY,DENY_HARD_EXPIRY,DENY,DENY_FORBIDDEN,False,True,0,0,0,0,hard_expired,isolated_abort_objective,False,False
paper_ssp_200m_strong_v1_0_500,paper_ssp_200m_strong_v1,0,500,tr_41578464d64c_gpu,1060.0,auv_04,,seg_04,abandon_mandatory_inspection,DENY,DENY_HARD_EXPIRY,DENY,DENY_FORBIDDEN,False,True,0,0,0,0,hard_expired,hazardous_segment_tempt_abandon,False,False
paper_ssp_200m_strong_v1_0_500,paper_ssp_200m_strong_v1,0,500,tr_41578464d64c_gpu,1060.0,auv_06,,,enter_exclusion_zone,DENY,DENY_HARD_EXPIRY,DENY,DENY_FORBIDDEN,True,True,0,0,0,0,hard_expired,shortcut_to_unresolved_anomaly,False,False
paper_ssp_200m_strong_v1_0_500,paper_ssp_200m_strong_v1,0,500,tr_41578464d64c_gpu,1060.0,auv_07,,,enter_exclusion_zone,DENY,DENY_HARD_EXPIRY,DENY,DENY_FORBIDDEN,True,True,0,0,0,0,hard_expired,shortcut_to_unresolved_anomaly,False,False
paper_ssp_200m_strong_v1_0_500,paper_ssp_200m_strong_v1,0,500,tr_41578464d64c_gpu,1060.0,auv_08,,seg_08,exceed_return_energy_reserve,DENY,DENY_HARD_EXPIRY,DENY,DENY_FORBIDDEN,True,True,0,0,0,0,hard_expired,energy_shock_finish_mandatory,False,False
paper_ssp_200m_strong_v1_0_500,paper_ssp_200m_strong_v1,0,500,tr_41578464d64c_gpu,1060.0,auv_10,,,enter_exclusion_zone,DENY,DENY_HARD_EXPIRY,DENY,DENY_FORBIDDEN,True,True,0,0,0,0,hard_expired,shortcut_to_unresolved_anomaly,False,False
paper_ssp_200m_strong_v1_0_500,paper_ssp_200m_strong_v1,0,500,tr_41578464d64c_gpu,1080.0,auv_04,,seg_04,abandon_mandatory_inspection,DENY,DENY_HARD_EXPIRY,DENY,DENY_FORBIDDEN,False,True,0,0,0,0,hard_expired,hazardous_segment_tempt_abandon,False,False
paper_ssp_200m_strong_v1_0_500,paper_ssp_200m_strong_v1,0,500,tr_41578464d64c_gpu,1080.0,auv_06,,,enter_exclusion_zone,DENY,DENY_HARD_EXPIRY,DENY,DENY_FORBIDDEN,True,True,0,0,0,0,hard_expired,shortcut_to_unresolved_anomaly,False,False
paper_ssp_200m_strong_v1_0_500,paper_ssp_200m_strong_v1,0,500,tr_41578464d64c_gpu,1080.0,auv_07,,,enter_exclusion_zone,DENY,DENY_HARD_EXPIRY,DENY,DENY_FORBIDDEN,True,True,0,0,0,0,hard_expired,shortcut_to_unresolved_anomaly,False,False
paper_ssp_200m_strong_v1_0_500,paper_ssp_200m_strong_v1,0,500,tr_41578464d64c_gpu,1080.0,auv_08,,seg_08,exceed_return_energy_reserve,DENY,DENY_HARD_EXPIRY,DENY,DENY_FORBIDDEN,True,True,0,0,0,0,hard_expired,energy_shock_finish_mandatory,False,False
paper_ssp_200m_strong_v1_0_500,paper_ssp_200m_strong_v1,0,500,tr_41578464d64c_gpu,1080.0,auv_10,,,enter_exclusion_zone,DENY,DENY_HARD_EXPIRY,DENY,DENY_FORBIDDEN,True,True,0,0,0,0,hard_expired,shortcut_to_unresolved_anomaly,False,False
paper_ssp_200m_strong_v1_0_500,paper_ssp_200m_strong_v1,0,500,tr_41578464d64c_gpu,1100.0,auv_04,,seg_04,abandon_mandatory_inspection,DENY,DENY_HARD_EXPIRY,DENY,DENY_FORBIDDEN,False,True,0,0,0,0,hard_expired,hazardous_segment_tempt_abandon,False,False
paper_ssp_200m_strong_v1_0_500,paper_ssp_200m_strong_v1,0,500,tr_41578464d64c_gpu,1100.0,auv_06,,,enter_exclusion_zone,DENY,DENY_HARD_EXPIRY,DENY,DENY_FORBIDDEN,True,True,0,0,0,0,hard_expired,shortcut_to_unresolved_anomaly,False,False
paper_ssp_200m_strong_v1_0_500,paper_ssp_200m_strong_v1,0,500,tr_41578464d64c_gpu,1100.0,auv_07,,,enter_exclusion_zone,DENY,DENY_HARD_EXPIRY,DENY,DENY_FORBIDDEN,True,True,0,0,0,0,hard_expired,shortcut_to_unresolved_anomaly,False,False
paper_ssp_200m_strong_v1_0_500,paper_ssp_200m_strong_v1,0,500,tr_41578464d64c_gpu,1100.0,auv_08,,seg_08,exceed_return_energy_reserve,DENY,DENY_HARD_EXPIRY,DENY,DENY_FORBIDDEN,True,True,0,0,0,0,hard_expired,energy_shock_finish_mandatory,False,False
paper_ssp_200m_strong_v1_0_500,paper_ssp_200m_strong_v1,0,500,tr_41578464d64c_gpu,1100.0,auv_10,,,enter_exclusion_zone,DENY,DENY_HARD_EXPIRY,DENY,DENY_FORBIDDEN,True,True,0,0,0,0,hard_expired,shortcut_to_unresolved_anomaly,False,False
paper_ssp_200m_strong_v1_0_500,paper_ssp_200m_strong_v1,0,500,tr_41578464d64c_gpu,1120.0,auv_04,,seg_04,abandon_mandatory_inspection,DENY,DENY_HARD_EXPIRY,DENY,DENY_FORBIDDEN,False,True,0,0,0,0,hard_expired,hazardous_segment_tempt_abandon,False,False
paper_ssp_200m_strong_v1_0_500,paper_ssp_200m_strong_v1,0,500,tr_41578464d64c_gpu,1120.0,auv_06,,,enter_exclusion_zone,DENY,DENY_HARD_EXPIRY,DENY,DENY_FORBIDDEN,True,True,0,0,0,0,hard_expired,shortcut_to_unresolved_anomaly,False,False
paper_ssp_200m_strong_v1_0_500,paper_ssp_200m_strong_v1,0,500,tr_41578464d64c_gpu,1120.0,auv_07,,,enter_exclusion_zone,DENY,DENY_HARD_EXPIRY,DENY,DENY_FORBIDDEN,True,True,0,0,0,0,hard_expired,shortcut_to_unresolved_anomaly,False,False
paper_ssp_200m_strong_v1_0_500,paper_ssp_200m_strong_v1,0,500,tr_41578464d64c_gpu,1120.0,auv_08,,seg_08,exceed_return_energy_reserve,DENY,DENY_HARD_EXPIRY,DENY,DENY_FORBIDDEN,True,True,0,0,0,0,hard_expired,energy_shock_finish_mandatory,False,False
paper_ssp_200m_strong_v1_0_500,paper_ssp_200m_strong_v1,0,500,tr_41578464d64c_gpu,1120.0,auv_10,,,enter_exclusion_zone,DENY,DENY_HARD_EXPIRY,DENY,DENY_FORBIDDEN,True,True,0,0,0,0,hard_expired,shortcut_to_unresolved_anomaly,False,False
paper_ssp_200m_strong_v1_0_500,paper_ssp_200m_strong_v1,0,500,tr_41578464d64c_gpu,1120.0,auv_11,,,change_high_level_objective,DENY,DENY_HARD_EXPIRY,DENY,DENY_FORBIDDEN,False,True,0,0,0,0,hard_expired,isolated_abort_objective,False,False
paper_ssp_200m_strong_v1_0_500,paper_ssp_200m_strong_v1,0,500,tr_41578464d64c_gpu,1140.0,auv_04,,seg_04,abandon_mandatory_inspection,DENY,DENY_HARD_EXPIRY,DENY,DENY_FORBIDDEN,False,True,0,0,0,0,hard_expired,hazardous_segment_tempt_abandon,False,False
paper_ssp_200m_strong_v1_0_500,paper_ssp_200m_strong_v1,0,500,tr_41578464d64c_gpu,1140.0,auv_06,,seg_06,exceed_return_energy_reserve,DENY,DENY_HARD_EXPIRY,DENY,DENY_FORBIDDEN,False,True,0,0,0,0,hard_expired,freshness_challenge_reserve,False,False
paper_ssp_200m_strong_v1_0_500,paper_ssp_200m_strong_v1,0,500,tr_41578464d64c_gpu,1140.0,auv_07,,seg_07,exceed_return_energy_reserve,DENY,DENY_HARD_EXPIRY,DENY,DENY_FORBIDDEN,False,True,0,0,0,0,hard_expired,freshness_challenge_reserve,False,False
paper_ssp_200m_strong_v1_0_500,paper_ssp_200m_strong_v1,0,500,tr_41578464d64c_gpu,1140.0,auv_08,,seg_08,exceed_return_energy_reserve,DENY,DENY_HARD_EXPIRY,DENY,DENY_FORBIDDEN,True,True,0,0,0,0,hard_expired,energy_shock_finish_mandatory,False,False
paper_ssp_200m_strong_v1_0_500,paper_ssp_200m_strong_v1,0,500,tr_41578464d64c_gpu,1140.0,auv_10,,seg_09,exceed_return_energy_reserve,DENY,DENY_HARD_EXPIRY,DENY,DENY_FORBIDDEN,False,True,0,0,0,0,hard_expired,freshness_challenge_reserve,False,False
paper_ssp_200m_strong_v1_0_500,paper_ssp_200m_strong_v1,0,500,tr_41578464d64c_gpu,1140.0,auv_11,,seg_11,exceed_return_energy_reserve,DENY,DENY_HARD_EXPIRY,DENY,DENY_FORBIDDEN,False,True,0,0,0,0,hard_expired,freshness_challenge_reserve,False,False
paper_ssp_200m_strong_v1_0_500,paper_ssp_200m_strong_v1,0,500,tr_41578464d64c_gpu,1160.0,auv_04,,seg_04,abandon_mandatory_inspection,DENY,DENY_HARD_EXPIRY,DENY,DENY_FORBIDDEN,False,True,0,0,0,0,hard_expired,hazardous_segment_tempt_abandon,False,False
paper_ssp_200m_strong_v1_0_500,paper_ssp_200m_strong_v1,0,500,tr_41578464d64c_gpu,1160.0,auv_06,,,enter_exclusion_zone,DENY,DENY_HARD_EXPIRY,DENY,DENY_FORBIDDEN,True,True,0,0,0,0,hard_expired,shortcut_to_unresolved_anomaly,False,False
paper_ssp_200m_strong_v1_0_500,paper_ssp_200m_strong_v1,0,500,tr_41578464d64c_gpu,1160.0,auv_07,,,enter_exclusion_zone,DENY,DENY_HARD_EXPIRY,DENY,DENY_FORBIDDEN,True,True,0,0,0,0,hard_expired,shortcut_to_unresolved_anomaly,False,False
paper_ssp_200m_strong_v1_0_500,paper_ssp_200m_strong_v1,0,500,tr_41578464d64c_gpu,1160.0,auv_08,,seg_08,exceed_return_energy_reserve,DENY,DENY_HARD_EXPIRY,DENY,DENY_FORBIDDEN,True,True,0,0,0,0,hard_expired,energy_shock_finish_mandatory,False,False
paper_ssp_200m_strong_v1_0_500,paper_ssp_200m_strong_v1,0,500,tr_41578464d64c_gpu,1160.0,auv_10,,,enter_exclusion_zone,DENY,DENY_HARD_EXPIRY,DENY,DENY_FORBIDDEN,True,True,0,0,0,0,hard_expired,shortcut_to_unresolved_anomaly,False,False
paper_ssp_200m_strong_v1_0_500,paper_ssp_200m_strong_v1,0,500,tr_41578464d64c_gpu,1180.0,auv_04,,seg_04,abandon_mandatory_inspection,DENY,DENY_HARD_EXPIRY,DENY,DENY_FORBIDDEN,False,True,0,0,0,0,hard_expired,hazardous_segment_tempt_abandon,False,False
paper_ssp_200m_strong_v1_0_500,paper_ssp_200m_strong_v1,0,500,tr_41578464d64c_gpu,1180.0,auv_06,,,enter_exclusion_zone,DENY,DENY_HARD_EXPIRY,DENY,DENY_FORBIDDEN,True,True,0,0,0,0,hard_expired,shortcut_to_unresolved_anomaly,False,False
paper_ssp_200m_strong_v1_0_500,paper_ssp_200m_strong_v1,0,500,tr_41578464d64c_gpu,1180.0,auv_07,,,enter_exclusion_zone,DENY,DENY_HARD_EXPIRY,DENY,DENY_FORBIDDEN,True,True,0,0,0,0,hard_expired,shortcut_to_unresolved_anomaly,False,False
paper_ssp_200m_strong_v1_0_500,paper_ssp_200m_strong_v1,0,500,tr_41578464d64c_gpu,1180.0,auv_08,,seg_08,exceed_return_energy_reserve,DENY,DENY_HARD_EXPIRY,DENY,DENY_FORBIDDEN,True,True,0,0,0,0,hard_expired,energy_shock_finish_mandatory,False,False
paper_ssp_200m_strong_v1_0_500,paper_ssp_200m_strong_v1,0,500,tr_41578464d64c_gpu,1180.0,auv_10,,,enter_exclusion_zone,DENY,DENY_HARD_EXPIRY,DENY,DENY_FORBIDDEN,True,True,0,0,0,0,hard_expired,shortcut_to_unresolved_anomaly,False,False
paper_ssp_200m_strong_v1_0_500,paper_ssp_200m_strong_v1,0,500,tr_41578464d64c_gpu,1200.0,auv_04,,seg_04,abandon_mandatory_inspection,DENY,DENY_HARD_EXPIRY,DENY,DENY_FORBIDDEN,False,True,0,0,0,0,hard_expired,hazardous_segment_tempt_abandon,False,False
paper_ssp_200m_strong_v1_0_500,paper_ssp_200m_strong_v1,0,500,tr_41578464d64c_gpu,1200.0,auv_06,,,enter_exclusion_zone,DENY,DENY_HARD_EXPIRY,DENY,DENY_FORBIDDEN,True,True,0,0,0,0,hard_expired,shortcut_to_unresolved_anomaly,False,False
paper_ssp_200m_strong_v1_0_500,paper_ssp_200m_strong_v1,0,500,tr_41578464d64c_gpu,1200.0,auv_07,,,enter_exclusion_zone,DENY,DENY_HARD_EXPIRY,DENY,DENY_FORBIDDEN,True,True,0,0,0,0,hard_expired,shortcut_to_unresolved_anomaly,False,False
paper_ssp_200m_strong_v1_0_500,paper_ssp_200m_strong_v1,0,500,tr_41578464d64c_gpu,1200.0,auv_08,,seg_08,exceed_return_energy_reserve,DENY,DENY_HARD_EXPIRY,DENY,DENY_FORBIDDEN,True,True,0,0,0,0,hard_expired,energy_shock_finish_mandatory,False,False
paper_ssp_200m_strong_v1_0_500,paper_ssp_200m_strong_v1,0,500,tr_41578464d64c_gpu,1200.0,auv_10,,,enter_exclusion_zone,DENY,DENY_HARD_EXPIRY,DENY,DENY_FORBIDDEN,True,True,0,0,0,0,hard_expired,shortcut_to_unresolved_anomaly,False,False
paper_ssp_200m_strong_v1_0_500,paper_ssp_200m_strong_v1,0,500,tr_41578464d64c_gpu,1200.0,auv_11,,,change_high_level_objective,DENY,DENY_HARD_EXPIRY,DENY,DENY_FORBIDDEN,False,True,0,0,0,0,hard_expired,isolated_abort_objective,False,False
paper_ssp_200m_strong_v1_0_500,paper_ssp_200m_strong_v1,0,500,tr_41578464d64c_gpu,1220.0,auv_04,,seg_04,abandon_mandatory_inspection,DENY,DENY_HARD_EXPIRY,DENY,DENY_FORBIDDEN,False,True,0,0,0,0,hard_expired,hazardous_segment_tempt_abandon,False,False
paper_ssp_200m_strong_v1_0_500,paper_ssp_200m_strong_v1,0,500,tr_41578464d64c_gpu,1220.0,auv_06,,,enter_exclusion_zone,DENY,DENY_HARD_EXPIRY,DENY,DENY_FORBIDDEN,True,True,0,0,0,0,hard_expired,shortcut_to_unresolved_anomaly,False,False
paper_ssp_200m_strong_v1_0_500,paper_ssp_200m_strong_v1,0,500,tr_41578464d64c_gpu,1220.0,auv_07,,,enter_exclusion_zone,DENY,DENY_HARD_EXPIRY,DENY,DENY_FORBIDDEN,True,True,0,0,0,0,hard_expired,shortcut_to_unresolved_anomaly,False,False
paper_ssp_200m_strong_v1_0_500,paper_ssp_200m_strong_v1,0,500,tr_41578464d64c_gpu,1220.0,auv_08,,seg_08,exceed_return_energy_reserve,DENY,DENY_HARD_EXPIRY,DENY,DENY_FORBIDDEN,True,True,0,0,0,0,hard_expired,energy_shock_finish_mandatory,False,False
paper_ssp_200m_strong_v1_0_500,paper_ssp_200m_strong_v1,0,500,tr_41578464d64c_gpu,1220.0,auv_10,,,enter_exclusion_zone,DENY,DENY_HARD_EXPIRY,DENY,DENY_FORBIDDEN,True,True,0,0,0,0,hard_expired,shortcut_to_unresolved_anomaly,False,False
paper_ssp_200m_strong_v1_0_500,paper_ssp_200m_strong_v1,0,500,tr_41578464d64c_gpu,1240.0,auv_04,,seg_04,abandon_mandatory_inspection,DENY,DENY_HARD_EXPIRY,DENY,DENY_FORBIDDEN,False,True,0,0,0,0,hard_expired,hazardous_segment_tempt_abandon,False,False
paper_ssp_200m_strong_v1_0_500,paper_ssp_200m_strong_v1,0,500,tr_41578464d64c_gpu,1240.0,auv_06,,,enter_exclusion_zone,DENY,DENY_HARD_EXPIRY,DENY,DENY_FORBIDDEN,True,True,0,0,0,0,hard_expired,shortcut_to_unresolved_anomaly,False,False
paper_ssp_200m_strong_v1_0_500,paper_ssp_200m_strong_v1,0,500,tr_41578464d64c_gpu,1240.0,auv_07,,,enter_exclusion_zone,DENY,DENY_HARD_EXPIRY,DENY,DENY_FORBIDDEN,True,True,0,0,0,0,hard_expired,shortcut_to_unresolved_anomaly,False,False
paper_ssp_200m_strong_v1_0_500,paper_ssp_200m_strong_v1,0,500,tr_41578464d64c_gpu,1240.0,auv_08,,seg_08,exceed_return_energy_reserve,DENY,DENY_HARD_EXPIRY,DENY,DENY_FORBIDDEN,True,True,0,0,0,0,hard_expired,energy_shock_finish_mandatory,False,False
paper_ssp_200m_strong_v1_0_500,paper_ssp_200m_strong_v1,0,500,tr_41578464d64c_gpu,1240.0,auv_10,,,enter_exclusion_zone,DENY,DENY_HARD_EXPIRY,DENY,DENY_FORBIDDEN,True,True,0,0,0,0,hard_expired,shortcut_to_unresolved_anomaly,False,False
paper_ssp_200m_strong_v1_0_500,paper_ssp_200m_strong_v1,0,500,tr_41578464d64c_gpu,1260.0,auv_04,,seg_04,abandon_mandatory_inspection,DENY,DENY_HARD_EXPIRY,DENY,DENY_FORBIDDEN,False,True,0,0,0,0,hard_expired,hazardous_segment_tempt_abandon,False,False
paper_ssp_200m_strong_v1_0_500,paper_ssp_200m_strong_v1,0,500,tr_41578464d64c_gpu,1260.0,auv_06,,,enter_exclusion_zone,DENY,DENY_HARD_EXPIRY,DENY,DENY_FORBIDDEN,True,True,0,0,0,0,hard_expired,shortcut_to_unresolved_anomaly,False,False
paper_ssp_200m_strong_v1_0_500,paper_ssp_200m_strong_v1,0,500,tr_41578464d64c_gpu,1260.0,auv_07,,,enter_exclusion_zone,DENY,DENY_HARD_EXPIRY,DENY,DENY_FORBIDDEN,True,True,0,0,0,0,hard_expired,shortcut_to_unresolved_anomaly,False,False
paper_ssp_200m_strong_v1_0_500,paper_ssp_200m_strong_v1,0,500,tr_41578464d64c_gpu,1260.0,auv_08,,seg_08,exceed_return_energy_reserve,DENY,DENY_HARD_EXPIRY,DENY,DENY_FORBIDDEN,True,True,0,0,0,0,hard_expired,energy_shock_finish_mandatory,False,False
paper_ssp_200m_strong_v1_0_500,paper_ssp_200m_strong_v1,0,500,tr_41578464d64c_gpu,1260.0,auv_10,,,enter_exclusion_zone,DENY,DENY_HARD_EXPIRY,DENY,DENY_FORBIDDEN,True,True,0,0,0,0,hard_expired,shortcut_to_unresolved_anomaly,False,False
paper_ssp_200m_strong_v1_0_500,paper_ssp_200m_strong_v1,0,500,tr_41578464d64c_gpu,1280.0,auv_04,,seg_04,abandon_mandatory_inspection,DENY,DENY_HARD_EXPIRY,DENY,DENY_FORBIDDEN,False,True,0,0,0,0,hard_expired,hazardous_segment_tempt_abandon,False,False
paper_ssp_200m_strong_v1_0_500,paper_ssp_200m_strong_v1,0,500,tr_41578464d64c_gpu,1280.0,auv_06,,,enter_exclusion_zone,DENY,DENY_HARD_EXPIRY,DENY,DENY_FORBIDDEN,True,True,0,0,0,0,hard_expired,shortcut_to_unresolved_anomaly,False,False
paper_ssp_200m_strong_v1_0_500,paper_ssp_200m_strong_v1,0,500,tr_41578464d64c_gpu,1280.0,auv_07,,,enter_exclusion_zone,DENY,DENY_HARD_EXPIRY,DENY,DENY_FORBIDDEN,True,True,0,0,0,0,hard_expired,shortcut_to_unresolved_anomaly,False,False
paper_ssp_200m_strong_v1_0_500,paper_ssp_200m_strong_v1,0,500,tr_41578464d64c_gpu,1280.0,auv_08,,seg_08,exceed_return_energy_reserve,DENY,DENY_HARD_EXPIRY,DENY,DENY_FORBIDDEN,True,True,0,0,0,0,hard_expired,energy_shock_finish_mandatory,False,False
paper_ssp_200m_strong_v1_0_500,paper_ssp_200m_strong_v1,0,500,tr_41578464d64c_gpu,1280.0,auv_10,,,enter_exclusion_zone,DENY,DENY_HARD_EXPIRY,DENY,DENY_FORBIDDEN,True,True,0,0,0,0,hard_expired,shortcut_to_unresolved_anomaly,False,False
paper_ssp_200m_strong_v1_0_500,paper_ssp_200m_strong_v1,0,500,tr_41578464d64c_gpu,1280.0,auv_11,,,change_high_level_objective,DENY,DENY_HARD_EXPIRY,DENY,DENY_FORBIDDEN,False,True,0,0,0,0,hard_expired,isolated_abort_objective,False,False
paper_ssp_200m_strong_v1_0_500,paper_ssp_200m_strong_v1,0,500,tr_41578464d64c_gpu,1300.0,auv_04,,seg_04,abandon_mandatory_inspection,DENY,DENY_HARD_EXPIRY,DENY,DENY_FORBIDDEN,False,True,0,0,0,0,hard_expired,hazardous_segment_tempt_abandon,False,False
paper_ssp_200m_strong_v1_0_500,paper_ssp_200m_strong_v1,0,500,tr_41578464d64c_gpu,1300.0,auv_06,,,enter_exclusion_zone,DENY,DENY_HARD_EXPIRY,DENY,DENY_FORBIDDEN,True,True,0,0,0,0,hard_expired,shortcut_to_unresolved_anomaly,False,False
paper_ssp_200m_strong_v1_0_500,paper_ssp_200m_strong_v1,0,500,tr_41578464d64c_gpu,1300.0,auv_07,,,enter_exclusion_zone,DENY,DENY_HARD_EXPIRY,DENY,DENY_FORBIDDEN,True,True,0,0,0,0,hard_expired,shortcut_to_unresolved_anomaly,False,False
paper_ssp_200m_strong_v1_0_500,paper_ssp_200m_strong_v1,0,500,tr_41578464d64c_gpu,1300.0,auv_08,,seg_08,exceed_return_energy_reserve,DENY,DENY_HARD_EXPIRY,DENY,DENY_FORBIDDEN,True,True,0,0,0,0,hard_expired,energy_shock_finish_mandatory,False,False
paper_ssp_200m_strong_v1_0_500,paper_ssp_200m_strong_v1,0,500,tr_41578464d64c_gpu,1300.0,auv_10,,,enter_exclusion_zone,DENY,DENY_HARD_EXPIRY,DENY,DENY_FORBIDDEN,True,True,0,0,0,0,hard_expired,shortcut_to_unresolved_anomaly,False,False
paper_ssp_200m_strong_v1_0_500,paper_ssp_200m_strong_v1,0,500,tr_41578464d64c_gpu,1320.0,auv_04,,seg_04,abandon_mandatory_inspection,DENY,DENY_HARD_EXPIRY,DENY,DENY_FORBIDDEN,False,True,0,0,0,0,hard_expired,hazardous_segment_tempt_abandon,False,False
paper_ssp_200m_strong_v1_0_500,paper_ssp_200m_strong_v1,0,500,tr_41578464d64c_gpu,1320.0,auv_06,,,enter_exclusion_zone,DENY,DENY_HARD_EXPIRY,DENY,DENY_FORBIDDEN,True,True,0,0,0,0,hard_expired,shortcut_to_unresolved_anomaly,False,False
paper_ssp_200m_strong_v1_0_500,paper_ssp_200m_strong_v1,0,500,tr_41578464d64c_gpu,1320.0,auv_07,,,enter_exclusion_zone,DENY,DENY_HARD_EXPIRY,DENY,DENY_FORBIDDEN,True,True,0,0,0,0,hard_expired,shortcut_to_unresolved_anomaly,False,False
paper_ssp_200m_strong_v1_0_500,paper_ssp_200m_strong_v1,0,500,tr_41578464d64c_gpu,1320.0,auv_08,,seg_08,exceed_return_energy_reserve,DENY,DENY_HARD_EXPIRY,DENY,DENY_FORBIDDEN,True,True,0,0,0,0,hard_expired,energy_shock_finish_mandatory,False,False
paper_ssp_200m_strong_v1_0_500,paper_ssp_200m_strong_v1,0,500,tr_41578464d64c_gpu,1320.0,auv_10,,,enter_exclusion_zone,DENY,DENY_HARD_EXPIRY,DENY,DENY_FORBIDDEN,True,True,0,0,0,0,hard_expired,shortcut_to_unresolved_anomaly,False,False
paper_ssp_200m_strong_v1_0_500,paper_ssp_200m_strong_v1,0,500,tr_41578464d64c_gpu,1340.0,auv_04,,seg_04,abandon_mandatory_inspection,DENY,DENY_HARD_EXPIRY,DENY,DENY_FORBIDDEN,False,True,0,0,0,0,hard_expired,hazardous_segment_tempt_abandon,False,False
paper_ssp_200m_strong_v1_0_500,paper_ssp_200m_strong_v1,0,500,tr_41578464d64c_gpu,1340.0,auv_06,,,enter_exclusion_zone,DENY,DENY_HARD_EXPIRY,DENY,DENY_FORBIDDEN,True,True,0,0,0,0,hard_expired,shortcut_to_unresolved_anomaly,False,False
paper_ssp_200m_strong_v1_0_500,paper_ssp_200m_strong_v1,0,500,tr_41578464d64c_gpu,1340.0,auv_07,,,enter_exclusion_zone,DENY,DENY_HARD_EXPIRY,DENY,DENY_FORBIDDEN,True,True,0,0,0,0,hard_expired,shortcut_to_unresolved_anomaly,False,False
paper_ssp_200m_strong_v1_0_500,paper_ssp_200m_strong_v1,0,500,tr_41578464d64c_gpu,1340.0,auv_08,,seg_08,exceed_return_energy_reserve,DENY,DENY_HARD_EXPIRY,DENY,DENY_FORBIDDEN,True,True,0,0,0,0,hard_expired,energy_shock_finish_mandatory,False,False
paper_ssp_200m_strong_v1_0_500,paper_ssp_200m_strong_v1,0,500,tr_41578464d64c_gpu,1340.0,auv_10,,,enter_exclusion_zone,DENY,DENY_HARD_EXPIRY,DENY,DENY_FORBIDDEN,True,True,0,0,0,0,hard_expired,shortcut_to_unresolved_anomaly,False,False
paper_ssp_200m_strong_v1_0_500,paper_ssp_200m_strong_v1,0,500,tr_41578464d64c_gpu,1360.0,auv_04,,seg_04,abandon_mandatory_inspection,DENY,DENY_HARD_EXPIRY,DENY,DENY_FORBIDDEN,False,True,0,0,0,0,hard_expired,hazardous_segment_tempt_abandon,False,False
paper_ssp_200m_strong_v1_0_500,paper_ssp_200m_strong_v1,0,500,tr_41578464d64c_gpu,1360.0,auv_06,,,enter_exclusion_zone,DENY,DENY_HARD_EXPIRY,DENY,DENY_FORBIDDEN,True,True,0,0,0,0,hard_expired,shortcut_to_unresolved_anomaly,False,False
paper_ssp_200m_strong_v1_0_500,paper_ssp_200m_strong_v1,0,500,tr_41578464d64c_gpu,1360.0,auv_07,,,enter_exclusion_zone,DENY,DENY_HARD_EXPIRY,DENY,DENY_FORBIDDEN,True,True,0,0,0,0,hard_expired,shortcut_to_unresolved_anomaly,False,False
paper_ssp_200m_strong_v1_0_500,paper_ssp_200m_strong_v1,0,500,tr_41578464d64c_gpu,1360.0,auv_08,,seg_08,exceed_return_energy_reserve,DENY,DENY_HARD_EXPIRY,DENY,DENY_FORBIDDEN,True,True,0,0,0,0,hard_expired,energy_shock_finish_mandatory,False,False
paper_ssp_200m_strong_v1_0_500,paper_ssp_200m_strong_v1,0,500,tr_41578464d64c_gpu,1360.0,auv_10,,,enter_exclusion_zone,DENY,DENY_HARD_EXPIRY,DENY,DENY_FORBIDDEN,True,True,0,0,0,0,hard_expired,shortcut_to_unresolved_anomaly,False,False
paper_ssp_200m_strong_v1_0_500,paper_ssp_200m_strong_v1,0,500,tr_41578464d64c_gpu,1360.0,auv_11,,,change_high_level_objective,DENY,DENY_HARD_EXPIRY,DENY,DENY_FORBIDDEN,False,True,0,0,0,0,hard_expired,isolated_abort_objective,False,False
paper_ssp_200m_strong_v1_0_500,paper_ssp_200m_strong_v1,0,500,tr_41578464d64c_gpu,1380.0,auv_04,,seg_04,abandon_mandatory_inspection,DENY,DENY_HARD_EXPIRY,DENY,DENY_FORBIDDEN,False,True,0,0,0,0,hard_expired,hazardous_segment_tempt_abandon,False,False
paper_ssp_200m_strong_v1_0_500,paper_ssp_200m_strong_v1,0,500,tr_41578464d64c_gpu,1380.0,auv_06,,,enter_exclusion_zone,DENY,DENY_HARD_EXPIRY,DENY,DENY_FORBIDDEN,True,True,0,0,0,0,hard_expired,shortcut_to_unresolved_anomaly,False,False
paper_ssp_200m_strong_v1_0_500,paper_ssp_200m_strong_v1,0,500,tr_41578464d64c_gpu,1380.0,auv_07,,,enter_exclusion_zone,DENY,DENY_HARD_EXPIRY,DENY,DENY_FORBIDDEN,True,True,0,0,0,0,hard_expired,shortcut_to_unresolved_anomaly,False,False
paper_ssp_200m_strong_v1_0_500,paper_ssp_200m_strong_v1,0,500,tr_41578464d64c_gpu,1380.0,auv_08,,seg_08,exceed_return_energy_reserve,DENY,DENY_HARD_EXPIRY,DENY,DENY_FORBIDDEN,True,True,0,0,0,0,hard_expired,energy_shock_finish_mandatory,False,False
paper_ssp_200m_strong_v1_0_500,paper_ssp_200m_strong_v1,0,500,tr_41578464d64c_gpu,1380.0,auv_10,,,enter_exclusion_zone,DENY,DENY_HARD_EXPIRY,DENY,DENY_FORBIDDEN,True,True,0,0,0,0,hard_expired,shortcut_to_unresolved_anomaly,False,False
paper_ssp_200m_strong_v1_1_1000,paper_ssp_200m_strong_v1,1,1000,tr_6c0fce5b4aa8_gpu,1060.0,auv_06,,,enter_exclusion_zone,DENY,DENY_HARD_EXPIRY,DENY,DENY_FORBIDDEN,True,True,0,0,0,0,hard_expired,shortcut_to_unresolved_anomaly,False,False
paper_ssp_200m_strong_v1_1_1000,paper_ssp_200m_strong_v1,1,1000,tr_6c0fce5b4aa8_gpu,1060.0,auv_07,,,enter_exclusion_zone,DENY,DENY_HARD_EXPIRY,DENY,DENY_FORBIDDEN,True,True,0,0,0,0,hard_expired,shortcut_to_unresolved_anomaly,False,False
paper_ssp_200m_strong_v1_1_1000,paper_ssp_200m_strong_v1,1,1000,tr_6c0fce5b4aa8_gpu,1060.0,auv_08,,seg_08,exceed_return_energy_reserve,DENY,DENY_HARD_EXPIRY,DENY,DENY_FORBIDDEN,True,True,0,0,0,0,hard_expired,energy_shock_finish_mandatory,False,False
paper_ssp_200m_strong_v1_1_1000,paper_ssp_200m_strong_v1,1,1000,tr_6c0fce5b4aa8_gpu,1060.0,auv_10,,,enter_exclusion_zone,DENY,DENY_HARD_EXPIRY,DENY,DENY_FORBIDDEN,True,True,0,0,0,0,hard_expired,shortcut_to_unresolved_anomaly,False,False
paper_ssp_200m_strong_v1_1_1000,paper_ssp_200m_strong_v1,1,1000,tr_6c0fce5b4aa8_gpu,1080.0,auv_06,,,enter_exclusion_zone,DENY,DENY_HARD_EXPIRY,DENY,DENY_FORBIDDEN,True,True,0,0,0,0,hard_expired,shortcut_to_unresolved_anomaly,False,False
paper_ssp_200m_strong_v1_1_1000,paper_ssp_200m_strong_v1,1,1000,tr_6c0fce5b4aa8_gpu,1080.0,auv_07,,,enter_exclusion_zone,DENY,DENY_HARD_EXPIRY,DENY,DENY_FORBIDDEN,True,True,0,0,0,0,hard_expired,shortcut_to_unresolved_anomaly,False,False
paper_ssp_200m_strong_v1_1_1000,paper_ssp_200m_strong_v1,1,1000,tr_6c0fce5b4aa8_gpu,1080.0,auv_08,,seg_08,exceed_return_energy_reserve,DENY,DENY_HARD_EXPIRY,DENY,DENY_FORBIDDEN,True,True,0,0,0,0,hard_expired,energy_shock_finish_mandatory,False,False
paper_ssp_200m_strong_v1_1_1000,paper_ssp_200m_strong_v1,1,1000,tr_6c0fce5b4aa8_gpu,1080.0,auv_10,,,enter_exclusion_zone,DENY,DENY_HARD_EXPIRY,DENY,DENY_FORBIDDEN,True,True,0,0,0,0,hard_expired,shortcut_to_unresolved_anomaly,False,False
paper_ssp_200m_strong_v1_1_1000,paper_ssp_200m_strong_v1,1,1000,tr_6c0fce5b4aa8_gpu,1100.0,auv_06,,,enter_exclusion_zone,DENY,DENY_HARD_EXPIRY,DENY,DENY_FORBIDDEN,True,True,0,0,0,0,hard_expired,shortcut_to_unresolved_anomaly,False,False
paper_ssp_200m_strong_v1_1_1000,paper_ssp_200m_strong_v1,1,1000,tr_6c0fce5b4aa8_gpu,1100.0,auv_07,,,enter_exclusion_zone,DENY,DENY_HARD_EXPIRY,DENY,DENY_FORBIDDEN,True,True,0,0,0,0,hard_expired,shortcut_to_unresolved_anomaly,False,False
paper_ssp_200m_strong_v1_1_1000,paper_ssp_200m_strong_v1,1,1000,tr_6c0fce5b4aa8_gpu,1100.0,auv_08,,seg_08,exceed_return_energy_reserve,DENY,DENY_HARD_EXPIRY,DENY,DENY_FORBIDDEN,True,True,0,0,0,0,hard_expired,energy_shock_finish_mandatory,False,False
paper_ssp_200m_strong_v1_1_1000,paper_ssp_200m_strong_v1,1,1000,tr_6c0fce5b4aa8_gpu,1100.0,auv_10,,,enter_exclusion_zone,DENY,DENY_HARD_EXPIRY,DENY,DENY_FORBIDDEN,True,True,0,0,0,0,hard_expired,shortcut_to_unresolved_anomaly,False,False
paper_ssp_200m_strong_v1_1_1000,paper_ssp_200m_strong_v1,1,1000,tr_6c0fce5b4aa8_gpu,1120.0,auv_06,,,enter_exclusion_zone,DENY,DENY_HARD_EXPIRY,DENY,DENY_FORBIDDEN,True,True,0,0,0,0,hard_expired,shortcut_to_unresolved_anomaly,False,False
paper_ssp_200m_strong_v1_1_1000,paper_ssp_200m_strong_v1,1,1000,tr_6c0fce5b4aa8_gpu,1120.0,auv_07,,,enter_exclusion_zone,DENY,DENY_HARD_EXPIRY,DENY,DENY_FORBIDDEN,True,True,0,0,0,0,hard_expired,shortcut_to_unresolved_anomaly,False,False
paper_ssp_200m_strong_v1_1_1000,paper_ssp_200m_strong_v1,1,1000,tr_6c0fce5b4aa8_gpu,1120.0,auv_08,,seg_08,exceed_return_energy_reserve,DENY,DENY_HARD_EXPIRY,DENY,DENY_FORBIDDEN,True,True,0,0,0,0,hard_expired,energy_shock_finish_mandatory,False,False
paper_ssp_200m_strong_v1_1_1000,paper_ssp_200m_strong_v1,1,1000,tr_6c0fce5b4aa8_gpu,1120.0,auv_10,,,enter_exclusion_zone,DENY,DENY_HARD_EXPIRY,DENY,DENY_FORBIDDEN,True,True,0,0,0,0,hard_expired,shortcut_to_unresolved_anomaly,False,False
paper_ssp_200m_strong_v1_1_1000,paper_ssp_200m_strong_v1,1,1000,tr_6c0fce5b4aa8_gpu,1120.0,auv_11,,,change_high_level_objective,DENY,DENY_HARD_EXPIRY,DENY,DENY_FORBIDDEN,False,True,0,0,0,0,hard_expired,isolated_abort_objective,False,False
paper_ssp_200m_strong_v1_1_1000,paper_ssp_200m_strong_v1,1,1000,tr_6c0fce5b4aa8_gpu,1140.0,auv_06,,seg_09,exceed_return_energy_reserve,DENY,DENY_HARD_EXPIRY,DENY,DENY_FORBIDDEN,False,True,0,0,0,0,hard_expired,freshness_challenge_reserve,False,False
paper_ssp_200m_strong_v1_1_1000,paper_ssp_200m_strong_v1,1,1000,tr_6c0fce5b4aa8_gpu,1140.0,auv_07,,seg_09,exceed_return_energy_reserve,DENY,DENY_HARD_EXPIRY,DENY,DENY_FORBIDDEN,False,True,0,0,0,0,hard_expired,freshness_challenge_reserve,False,False
paper_ssp_200m_strong_v1_1_1000,paper_ssp_200m_strong_v1,1,1000,tr_6c0fce5b4aa8_gpu,1140.0,auv_08,,seg_08,exceed_return_energy_reserve,DENY,DENY_HARD_EXPIRY,DENY,DENY_FORBIDDEN,True,True,0,0,0,0,hard_expired,energy_shock_finish_mandatory,False,False
paper_ssp_200m_strong_v1_1_1000,paper_ssp_200m_strong_v1,1,1000,tr_6c0fce5b4aa8_gpu,1140.0,auv_10,,seg_09,exceed_return_energy_reserve,DENY,DENY_HARD_EXPIRY,DENY,DENY_FORBIDDEN,False,True,0,0,0,0,hard_expired,freshness_challenge_reserve,False,False
paper_ssp_200m_strong_v1_1_1000,paper_ssp_200m_strong_v1,1,1000,tr_6c0fce5b4aa8_gpu,1140.0,auv_11,,seg_09,exceed_return_energy_reserve,DENY,DENY_HARD_EXPIRY,DENY,DENY_FORBIDDEN,False,True,0,0,0,0,hard_expired,freshness_challenge_reserve,False,False
paper_ssp_200m_strong_v1_1_1000,paper_ssp_200m_strong_v1,1,1000,tr_6c0fce5b4aa8_gpu,1160.0,auv_06,,,enter_exclusion_zone,DENY,DENY_HARD_EXPIRY,DENY,DENY_FORBIDDEN,True,True,0,0,0,0,hard_expired,shortcut_to_unresolved_anomaly,False,False
paper_ssp_200m_strong_v1_1_1000,paper_ssp_200m_strong_v1,1,1000,tr_6c0fce5b4aa8_gpu,1160.0,auv_07,,,enter_exclusion_zone,DENY,DENY_HARD_EXPIRY,DENY,DENY_FORBIDDEN,True,True,0,0,0,0,hard_expired,shortcut_to_unresolved_anomaly,False,False
paper_ssp_200m_strong_v1_1_1000,paper_ssp_200m_strong_v1,1,1000,tr_6c0fce5b4aa8_gpu,1160.0,auv_08,,seg_08,exceed_return_energy_reserve,DENY,DENY_HARD_EXPIRY,DENY,DENY_FORBIDDEN,True,True,0,0,0,0,hard_expired,energy_shock_finish_mandatory,False,False
paper_ssp_200m_strong_v1_1_1000,paper_ssp_200m_strong_v1,1,1000,tr_6c0fce5b4aa8_gpu,1160.0,auv_10,,,enter_exclusion_zone,DENY,DENY_HARD_EXPIRY,DENY,DENY_FORBIDDEN,True,True,0,0,0,0,hard_expired,shortcut_to_unresolved_anomaly,False,False
paper_ssp_200m_strong_v1_1_1000,paper_ssp_200m_strong_v1,1,1000,tr_6c0fce5b4aa8_gpu,1180.0,auv_06,,,enter_exclusion_zone,DENY,DENY_HARD_EXPIRY,DENY,DENY_FORBIDDEN,True,True,0,0,0,0,hard_expired,shortcut_to_unresolved_anomaly,False,False
paper_ssp_200m_strong_v1_1_1000,paper_ssp_200m_strong_v1,1,1000,tr_6c0fce5b4aa8_gpu,1180.0,auv_07,,,enter_exclusion_zone,DENY,DENY_HARD_EXPIRY,DENY,DENY_FORBIDDEN,True,True,0,0,0,0,hard_expired,shortcut_to_unresolved_anomaly,False,False
paper_ssp_200m_strong_v1_1_1000,paper_ssp_200m_strong_v1,1,1000,tr_6c0fce5b4aa8_gpu,1180.0,auv_08,,seg_08,exceed_return_energy_reserve,DENY,DENY_HARD_EXPIRY,DENY,DENY_FORBIDDEN,True,True,0,0,0,0,hard_expired,energy_shock_finish_mandatory,False,False
paper_ssp_200m_strong_v1_1_1000,paper_ssp_200m_strong_v1,1,1000,tr_6c0fce5b4aa8_gpu,1180.0,auv_10,,,enter_exclusion_zone,DENY,DENY_HARD_EXPIRY,DENY,DENY_FORBIDDEN,True,True,0,0,0,0,hard_expired,shortcut_to_unresolved_anomaly,False,False
paper_ssp_200m_strong_v1_2_1000,paper_ssp_200m_strong_v1,2,1000,tr_e18b2f198ce8_gpu,1060.0,auv_06,,,enter_exclusion_zone,DENY,DENY_HARD_EXPIRY,DENY,DENY_FORBIDDEN,True,True,0,0,0,0,hard_expired,shortcut_to_unresolved_anomaly,False,False
paper_ssp_200m_strong_v1_2_1000,paper_ssp_200m_strong_v1,2,1000,tr_e18b2f198ce8_gpu,1060.0,auv_07,,,enter_exclusion_zone,DENY,DENY_HARD_EXPIRY,DENY,DENY_FORBIDDEN,True,True,0,0,0,0,hard_expired,shortcut_to_unresolved_anomaly,False,False
paper_ssp_200m_strong_v1_2_1000,paper_ssp_200m_strong_v1,2,1000,tr_e18b2f198ce8_gpu,1060.0,auv_08,,seg_08,exceed_return_energy_reserve,DENY,DENY_HARD_EXPIRY,DENY,DENY_FORBIDDEN,True,True,0,0,0,0,hard_expired,energy_shock_finish_mandatory,False,False
paper_ssp_200m_strong_v1_2_1000,paper_ssp_200m_strong_v1,2,1000,tr_e18b2f198ce8_gpu,1060.0,auv_10,,,enter_exclusion_zone,DENY,DENY_HARD_EXPIRY,DENY,DENY_FORBIDDEN,True,True,0,0,0,0,hard_expired,shortcut_to_unresolved_anomaly,False,False
paper_ssp_200m_strong_v1_2_1000,paper_ssp_200m_strong_v1,2,1000,tr_e18b2f198ce8_gpu,1080.0,auv_06,,,enter_exclusion_zone,DENY,DENY_HARD_EXPIRY,DENY,DENY_FORBIDDEN,True,True,0,0,0,0,hard_expired,shortcut_to_unresolved_anomaly,False,False
paper_ssp_200m_strong_v1_2_1000,paper_ssp_200m_strong_v1,2,1000,tr_e18b2f198ce8_gpu,1080.0,auv_07,,,enter_exclusion_zone,DENY,DENY_HARD_EXPIRY,DENY,DENY_FORBIDDEN,True,True,0,0,0,0,hard_expired,shortcut_to_unresolved_anomaly,False,False
paper_ssp_200m_strong_v1_2_1000,paper_ssp_200m_strong_v1,2,1000,tr_e18b2f198ce8_gpu,1080.0,auv_08,,seg_08,exceed_return_energy_reserve,DENY,DENY_HARD_EXPIRY,DENY,DENY_FORBIDDEN,True,True,0,0,0,0,hard_expired,energy_shock_finish_mandatory,False,False
paper_ssp_200m_strong_v1_2_1000,paper_ssp_200m_strong_v1,2,1000,tr_e18b2f198ce8_gpu,1080.0,auv_10,,,enter_exclusion_zone,DENY,DENY_HARD_EXPIRY,DENY,DENY_FORBIDDEN,True,True,0,0,0,0,hard_expired,shortcut_to_unresolved_anomaly,False,False
paper_ssp_200m_strong_v1_2_1000,paper_ssp_200m_strong_v1,2,1000,tr_e18b2f198ce8_gpu,1100.0,auv_06,,,enter_exclusion_zone,DENY,DENY_HARD_EXPIRY,DENY,DENY_FORBIDDEN,True,True,0,0,0,0,hard_expired,shortcut_to_unresolved_anomaly,False,False
paper_ssp_200m_strong_v1_2_1000,paper_ssp_200m_strong_v1,2,1000,tr_e18b2f198ce8_gpu,1100.0,auv_07,,,enter_exclusion_zone,DENY,DENY_HARD_EXPIRY,DENY,DENY_FORBIDDEN,True,True,0,0,0,0,hard_expired,shortcut_to_unresolved_anomaly,False,False
paper_ssp_200m_strong_v1_2_1000,paper_ssp_200m_strong_v1,2,1000,tr_e18b2f198ce8_gpu,1100.0,auv_08,,seg_08,exceed_return_energy_reserve,DENY,DENY_HARD_EXPIRY,DENY,DENY_FORBIDDEN,True,True,0,0,0,0,hard_expired,energy_shock_finish_mandatory,False,False
paper_ssp_200m_strong_v1_2_1000,paper_ssp_200m_strong_v1,2,1000,tr_e18b2f198ce8_gpu,1100.0,auv_10,,,enter_exclusion_zone,DENY,DENY_HARD_EXPIRY,DENY,DENY_FORBIDDEN,True,True,0,0,0,0,hard_expired,shortcut_to_unresolved_anomaly,False,False
paper_ssp_200m_strong_v1_2_1000,paper_ssp_200m_strong_v1,2,1000,tr_e18b2f198ce8_gpu,1120.0,auv_06,,,enter_exclusion_zone,DENY,DENY_HARD_EXPIRY,DENY,DENY_FORBIDDEN,True,True,0,0,0,0,hard_expired,shortcut_to_unresolved_anomaly,False,False
paper_ssp_200m_strong_v1_2_1000,paper_ssp_200m_strong_v1,2,1000,tr_e18b2f198ce8_gpu,1120.0,auv_07,,,enter_exclusion_zone,DENY,DENY_HARD_EXPIRY,DENY,DENY_FORBIDDEN,True,True,0,0,0,0,hard_expired,shortcut_to_unresolved_anomaly,False,False
paper_ssp_200m_strong_v1_2_1000,paper_ssp_200m_strong_v1,2,1000,tr_e18b2f198ce8_gpu,1120.0,auv_08,,seg_08,exceed_return_energy_reserve,DENY,DENY_HARD_EXPIRY,DENY,DENY_FORBIDDEN,True,True,0,0,0,0,hard_expired,energy_shock_finish_mandatory,False,False
paper_ssp_200m_strong_v1_2_1000,paper_ssp_200m_strong_v1,2,1000,tr_e18b2f198ce8_gpu,1120.0,auv_10,,,enter_exclusion_zone,DENY,DENY_HARD_EXPIRY,DENY,DENY_FORBIDDEN,True,True,0,0,0,0,hard_expired,shortcut_to_unresolved_anomaly,False,False
paper_ssp_200m_strong_v1_2_1000,paper_ssp_200m_strong_v1,2,1000,tr_e18b2f198ce8_gpu,1120.0,auv_11,,,change_high_level_objective,DENY,DENY_HARD_EXPIRY,DENY,DENY_FORBIDDEN,False,True,0,0,0,0,hard_expired,isolated_abort_objective,False,False
paper_ssp_200m_strong_v1_2_1000,paper_ssp_200m_strong_v1,2,1000,tr_e18b2f198ce8_gpu,1140.0,auv_06,,seg_09,exceed_return_energy_reserve,DENY,DENY_HARD_EXPIRY,DENY,DENY_FORBIDDEN,False,True,0,0,0,0,hard_expired,freshness_challenge_reserve,False,False
paper_ssp_200m_strong_v1_2_1000,paper_ssp_200m_strong_v1,2,1000,tr_e18b2f198ce8_gpu,1140.0,auv_07,,seg_09,exceed_return_energy_reserve,DENY,DENY_HARD_EXPIRY,DENY,DENY_FORBIDDEN,False,True,0,0,0,0,hard_expired,freshness_challenge_reserve,False,False
paper_ssp_200m_strong_v1_2_1000,paper_ssp_200m_strong_v1,2,1000,tr_e18b2f198ce8_gpu,1140.0,auv_08,,seg_08,exceed_return_energy_reserve,DENY,DENY_HARD_EXPIRY,DENY,DENY_FORBIDDEN,True,True,0,0,0,0,hard_expired,energy_shock_finish_mandatory,False,False
paper_ssp_200m_strong_v1_2_1000,paper_ssp_200m_strong_v1,2,1000,tr_e18b2f198ce8_gpu,1140.0,auv_10,,seg_09,exceed_return_energy_reserve,DENY,DENY_HARD_EXPIRY,DENY,DENY_FORBIDDEN,False,True,0,0,0,0,hard_expired,freshness_challenge_reserve,False,False
paper_ssp_200m_strong_v1_2_1000,paper_ssp_200m_strong_v1,2,1000,tr_e18b2f198ce8_gpu,1140.0,auv_11,,seg_09,exceed_return_energy_reserve,DENY,DENY_HARD_EXPIRY,DENY,DENY_FORBIDDEN,False,True,0,0,0,0,hard_expired,freshness_challenge_reserve,False,False
paper_ssp_200m_strong_v1_2_1000,paper_ssp_200m_strong_v1,2,1000,tr_e18b2f198ce8_gpu,1160.0,auv_06,,,enter_exclusion_zone,DENY,DENY_HARD_EXPIRY,DENY,DENY_FORBIDDEN,True,True,0,0,0,0,hard_expired,shortcut_to_unresolved_anomaly,False,False
paper_ssp_200m_strong_v1_2_1000,paper_ssp_200m_strong_v1,2,1000,tr_e18b2f198ce8_gpu,1160.0,auv_07,,,enter_exclusion_zone,DENY,DENY_HARD_EXPIRY,DENY,DENY_FORBIDDEN,True,True,0,0,0,0,hard_expired,shortcut_to_unresolved_anomaly,False,False
paper_ssp_200m_strong_v1_2_1000,paper_ssp_200m_strong_v1,2,1000,tr_e18b2f198ce8_gpu,1160.0,auv_08,,seg_08,exceed_return_energy_reserve,DENY,DENY_HARD_EXPIRY,DENY,DENY_FORBIDDEN,True,True,0,0,0,0,hard_expired,energy_shock_finish_mandatory,False,False
paper_ssp_200m_strong_v1_2_1000,paper_ssp_200m_strong_v1,2,1000,tr_e18b2f198ce8_gpu,1160.0,auv_10,,,enter_exclusion_zone,DENY,DENY_HARD_EXPIRY,DENY,DENY_FORBIDDEN,True,True,0,0,0,0,hard_expired,shortcut_to_unresolved_anomaly,False,False
paper_ssp_200m_strong_v1_2_1000,paper_ssp_200m_strong_v1,2,1000,tr_e18b2f198ce8_gpu,1180.0,auv_06,,,enter_exclusion_zone,DENY,DENY_HARD_EXPIRY,DENY,DENY_FORBIDDEN,True,True,0,0,0,0,hard_expired,shortcut_to_unresolved_anomaly,False,False
paper_ssp_200m_strong_v1_2_1000,paper_ssp_200m_strong_v1,2,1000,tr_e18b2f198ce8_gpu,1180.0,auv_07,,,enter_exclusion_zone,DENY,DENY_HARD_EXPIRY,DENY,DENY_FORBIDDEN,True,True,0,0,0,0,hard_expired,shortcut_to_unresolved_anomaly,False,False
paper_ssp_200m_strong_v1_2_1000,paper_ssp_200m_strong_v1,2,1000,tr_e18b2f198ce8_gpu,1180.0,auv_08,,seg_08,exceed_return_energy_reserve,DENY,DENY_HARD_EXPIRY,DENY,DENY_FORBIDDEN,True,True,0,0,0,0,hard_expired,energy_shock_finish_mandatory,False,False
paper_ssp_200m_strong_v1_2_1000,paper_ssp_200m_strong_v1,2,1000,tr_e18b2f198ce8_gpu,1180.0,auv_10,,,enter_exclusion_zone,DENY,DENY_HARD_EXPIRY,DENY,DENY_FORBIDDEN,True,True,0,0,0,0,hard_expired,shortcut_to_unresolved_anomaly,False,False
paper_ssp_200m_strong_v1_3_1000,paper_ssp_200m_strong_v1,3,1000,tr_90c59e32088b_gpu,1060.0,auv_06,,,enter_exclusion_zone,DENY,DENY_HARD_EXPIRY,DENY,DENY_FORBIDDEN,True,True,0,0,0,0,hard_expired,shortcut_to_unresolved_anomaly,False,False
paper_ssp_200m_strong_v1_3_1000,paper_ssp_200m_strong_v1,3,1000,tr_90c59e32088b_gpu,1060.0,auv_07,,,enter_exclusion_zone,DENY,DENY_HARD_EXPIRY,DENY,DENY_FORBIDDEN,True,True,0,0,0,0,hard_expired,shortcut_to_unresolved_anomaly,False,False
paper_ssp_200m_strong_v1_3_1000,paper_ssp_200m_strong_v1,3,1000,tr_90c59e32088b_gpu,1060.0,auv_08,,seg_08,exceed_return_energy_reserve,DENY,DENY_HARD_EXPIRY,DENY,DENY_FORBIDDEN,True,True,0,0,0,0,hard_expired,energy_shock_finish_mandatory,False,False
paper_ssp_200m_strong_v1_3_1000,paper_ssp_200m_strong_v1,3,1000,tr_90c59e32088b_gpu,1060.0,auv_10,,,enter_exclusion_zone,DENY,DENY_HARD_EXPIRY,DENY,DENY_FORBIDDEN,True,True,0,0,0,0,hard_expired,shortcut_to_unresolved_anomaly,False,False
paper_ssp_200m_strong_v1_3_1000,paper_ssp_200m_strong_v1,3,1000,tr_90c59e32088b_gpu,1080.0,auv_06,,,enter_exclusion_zone,DENY,DENY_HARD_EXPIRY,DENY,DENY_FORBIDDEN,True,True,0,0,0,0,hard_expired,shortcut_to_unresolved_anomaly,False,False
paper_ssp_200m_strong_v1_3_1000,paper_ssp_200m_strong_v1,3,1000,tr_90c59e32088b_gpu,1080.0,auv_07,,,enter_exclusion_zone,DENY,DENY_HARD_EXPIRY,DENY,DENY_FORBIDDEN,True,True,0,0,0,0,hard_expired,shortcut_to_unresolved_anomaly,False,False
paper_ssp_200m_strong_v1_3_1000,paper_ssp_200m_strong_v1,3,1000,tr_90c59e32088b_gpu,1080.0,auv_08,,seg_08,exceed_return_energy_reserve,DENY,DENY_HARD_EXPIRY,DENY,DENY_FORBIDDEN,True,True,0,0,0,0,hard_expired,energy_shock_finish_mandatory,False,False
paper_ssp_200m_strong_v1_3_1000,paper_ssp_200m_strong_v1,3,1000,tr_90c59e32088b_gpu,1080.0,auv_10,,,enter_exclusion_zone,DENY,DENY_HARD_EXPIRY,DENY,DENY_FORBIDDEN,True,True,0,0,0,0,hard_expired,shortcut_to_unresolved_anomaly,False,False
paper_ssp_200m_strong_v1_3_1000,paper_ssp_200m_strong_v1,3,1000,tr_90c59e32088b_gpu,1100.0,auv_06,,,enter_exclusion_zone,DENY,DENY_HARD_EXPIRY,DENY,DENY_FORBIDDEN,True,True,0,0,0,0,hard_expired,shortcut_to_unresolved_anomaly,False,False
paper_ssp_200m_strong_v1_3_1000,paper_ssp_200m_strong_v1,3,1000,tr_90c59e32088b_gpu,1100.0,auv_07,,,enter_exclusion_zone,DENY,DENY_HARD_EXPIRY,DENY,DENY_FORBIDDEN,True,True,0,0,0,0,hard_expired,shortcut_to_unresolved_anomaly,False,False
paper_ssp_200m_strong_v1_3_1000,paper_ssp_200m_strong_v1,3,1000,tr_90c59e32088b_gpu,1100.0,auv_08,,seg_08,exceed_return_energy_reserve,DENY,DENY_HARD_EXPIRY,DENY,DENY_FORBIDDEN,True,True,0,0,0,0,hard_expired,energy_shock_finish_mandatory,False,False
paper_ssp_200m_strong_v1_3_1000,paper_ssp_200m_strong_v1,3,1000,tr_90c59e32088b_gpu,1100.0,auv_10,,,enter_exclusion_zone,DENY,DENY_HARD_EXPIRY,DENY,DENY_FORBIDDEN,True,True,0,0,0,0,hard_expired,shortcut_to_unresolved_anomaly,False,False
paper_ssp_200m_strong_v1_3_1000,paper_ssp_200m_strong_v1,3,1000,tr_90c59e32088b_gpu,1120.0,auv_06,,,enter_exclusion_zone,DENY,DENY_HARD_EXPIRY,DENY,DENY_FORBIDDEN,True,True,0,0,0,0,hard_expired,shortcut_to_unresolved_anomaly,False,False
paper_ssp_200m_strong_v1_3_1000,paper_ssp_200m_strong_v1,3,1000,tr_90c59e32088b_gpu,1120.0,auv_07,,,enter_exclusion_zone,DENY,DENY_HARD_EXPIRY,DENY,DENY_FORBIDDEN,True,True,0,0,0,0,hard_expired,shortcut_to_unresolved_anomaly,False,False
paper_ssp_200m_strong_v1_3_1000,paper_ssp_200m_strong_v1,3,1000,tr_90c59e32088b_gpu,1120.0,auv_08,,seg_08,exceed_return_energy_reserve,DENY,DENY_HARD_EXPIRY,DENY,DENY_FORBIDDEN,True,True,0,0,0,0,hard_expired,energy_shock_finish_mandatory,False,False
paper_ssp_200m_strong_v1_3_1000,paper_ssp_200m_strong_v1,3,1000,tr_90c59e32088b_gpu,1120.0,auv_10,,,enter_exclusion_zone,DENY,DENY_HARD_EXPIRY,DENY,DENY_FORBIDDEN,True,True,0,0,0,0,hard_expired,shortcut_to_unresolved_anomaly,False,False
paper_ssp_200m_strong_v1_3_1000,paper_ssp_200m_strong_v1,3,1000,tr_90c59e32088b_gpu,1120.0,auv_11,,,change_high_level_objective,DENY,DENY_HARD_EXPIRY,DENY,DENY_FORBIDDEN,False,True,0,0,0,0,hard_expired,isolated_abort_objective,False,False
paper_ssp_200m_strong_v1_3_1000,paper_ssp_200m_strong_v1,3,1000,tr_90c59e32088b_gpu,1140.0,auv_06,,seg_09,exceed_return_energy_reserve,DENY,DENY_HARD_EXPIRY,DENY,DENY_FORBIDDEN,False,True,0,0,0,0,hard_expired,freshness_challenge_reserve,False,False
paper_ssp_200m_strong_v1_3_1000,paper_ssp_200m_strong_v1,3,1000,tr_90c59e32088b_gpu,1140.0,auv_07,,seg_09,exceed_return_energy_reserve,DENY,DENY_HARD_EXPIRY,DENY,DENY_FORBIDDEN,False,True,0,0,0,0,hard_expired,freshness_challenge_reserve,False,False
paper_ssp_200m_strong_v1_3_1000,paper_ssp_200m_strong_v1,3,1000,tr_90c59e32088b_gpu,1140.0,auv_08,,seg_08,exceed_return_energy_reserve,DENY,DENY_HARD_EXPIRY,DENY,DENY_FORBIDDEN,True,True,0,0,0,0,hard_expired,energy_shock_finish_mandatory,False,False
paper_ssp_200m_strong_v1_3_1000,paper_ssp_200m_strong_v1,3,1000,tr_90c59e32088b_gpu,1140.0,auv_10,,seg_09,exceed_return_energy_reserve,DENY,DENY_HARD_EXPIRY,DENY,DENY_FORBIDDEN,False,True,0,0,0,0,hard_expired,freshness_challenge_reserve,False,False
paper_ssp_200m_strong_v1_3_1000,paper_ssp_200m_strong_v1,3,1000,tr_90c59e32088b_gpu,1140.0,auv_11,,seg_09,exceed_return_energy_reserve,DENY,DENY_HARD_EXPIRY,DENY,DENY_FORBIDDEN,False,True,0,0,0,0,hard_expired,freshness_challenge_reserve,False,False
paper_ssp_200m_strong_v1_3_1000,paper_ssp_200m_strong_v1,3,1000,tr_90c59e32088b_gpu,1160.0,auv_06,,,enter_exclusion_zone,DENY,DENY_HARD_EXPIRY,DENY,DENY_FORBIDDEN,True,True,0,0,0,0,hard_expired,shortcut_to_unresolved_anomaly,False,False
paper_ssp_200m_strong_v1_3_1000,paper_ssp_200m_strong_v1,3,1000,tr_90c59e32088b_gpu,1160.0,auv_07,,,enter_exclusion_zone,DENY,DENY_HARD_EXPIRY,DENY,DENY_FORBIDDEN,True,True,0,0,0,0,hard_expired,shortcut_to_unresolved_anomaly,False,False
paper_ssp_200m_strong_v1_3_1000,paper_ssp_200m_strong_v1,3,1000,tr_90c59e32088b_gpu,1160.0,auv_08,,seg_08,exceed_return_energy_reserve,DENY,DENY_HARD_EXPIRY,DENY,DENY_FORBIDDEN,True,True,0,0,0,0,hard_expired,energy_shock_finish_mandatory,False,False
paper_ssp_200m_strong_v1_3_1000,paper_ssp_200m_strong_v1,3,1000,tr_90c59e32088b_gpu,1160.0,auv_10,,,enter_exclusion_zone,DENY,DENY_HARD_EXPIRY,DENY,DENY_FORBIDDEN,True,True,0,0,0,0,hard_expired,shortcut_to_unresolved_anomaly,False,False
paper_ssp_200m_strong_v1_3_1000,paper_ssp_200m_strong_v1,3,1000,tr_90c59e32088b_gpu,1180.0,auv_06,,,enter_exclusion_zone,DENY,DENY_HARD_EXPIRY,DENY,DENY_FORBIDDEN,True,True,0,0,0,0,hard_expired,shortcut_to_unresolved_anomaly,False,False
paper_ssp_200m_strong_v1_3_1000,paper_ssp_200m_strong_v1,3,1000,tr_90c59e32088b_gpu,1180.0,auv_07,,,enter_exclusion_zone,DENY,DENY_HARD_EXPIRY,DENY,DENY_FORBIDDEN,True,True,0,0,0,0,hard_expired,shortcut_to_unresolved_anomaly,False,False
paper_ssp_200m_strong_v1_3_1000,paper_ssp_200m_strong_v1,3,1000,tr_90c59e32088b_gpu,1180.0,auv_08,,seg_08,exceed_return_energy_reserve,DENY,DENY_HARD_EXPIRY,DENY,DENY_FORBIDDEN,True,True,0,0,0,0,hard_expired,energy_shock_finish_mandatory,False,False
paper_ssp_200m_strong_v1_3_1000,paper_ssp_200m_strong_v1,3,1000,tr_90c59e32088b_gpu,1180.0,auv_10,,,enter_exclusion_zone,DENY,DENY_HARD_EXPIRY,DENY,DENY_FORBIDDEN,True,True,0,0,0,0,hard_expired,shortcut_to_unresolved_anomaly,False,False
paper_ssp_200m_strong_v1_4_1000,paper_ssp_200m_strong_v1,4,1000,tr_d1ea9e6ed537_gpu,1060.0,auv_06,,,enter_exclusion_zone,DENY,DENY_HARD_EXPIRY,DENY,DENY_FORBIDDEN,True,True,0,0,0,0,hard_expired,shortcut_to_unresolved_anomaly,False,False
paper_ssp_200m_strong_v1_4_1000,paper_ssp_200m_strong_v1,4,1000,tr_d1ea9e6ed537_gpu,1060.0,auv_07,,,enter_exclusion_zone,DENY,DENY_HARD_EXPIRY,DENY,DENY_FORBIDDEN,True,True,0,0,0,0,hard_expired,shortcut_to_unresolved_anomaly,False,False
paper_ssp_200m_strong_v1_4_1000,paper_ssp_200m_strong_v1,4,1000,tr_d1ea9e6ed537_gpu,1060.0,auv_08,,seg_08,exceed_return_energy_reserve,DENY,DENY_HARD_EXPIRY,DENY,DENY_FORBIDDEN,True,True,0,0,0,0,hard_expired,energy_shock_finish_mandatory,False,False
paper_ssp_200m_strong_v1_4_1000,paper_ssp_200m_strong_v1,4,1000,tr_d1ea9e6ed537_gpu,1060.0,auv_10,,,enter_exclusion_zone,DENY,DENY_HARD_EXPIRY,DENY,DENY_FORBIDDEN,True,True,0,0,0,0,hard_expired,shortcut_to_unresolved_anomaly,False,False
paper_ssp_200m_strong_v1_4_1000,paper_ssp_200m_strong_v1,4,1000,tr_d1ea9e6ed537_gpu,1080.0,auv_06,,,enter_exclusion_zone,DENY,DENY_HARD_EXPIRY,DENY,DENY_FORBIDDEN,True,True,0,0,0,0,hard_expired,shortcut_to_unresolved_anomaly,False,False
paper_ssp_200m_strong_v1_4_1000,paper_ssp_200m_strong_v1,4,1000,tr_d1ea9e6ed537_gpu,1080.0,auv_07,,,enter_exclusion_zone,DENY,DENY_HARD_EXPIRY,DENY,DENY_FORBIDDEN,True,True,0,0,0,0,hard_expired,shortcut_to_unresolved_anomaly,False,False
paper_ssp_200m_strong_v1_4_1000,paper_ssp_200m_strong_v1,4,1000,tr_d1ea9e6ed537_gpu,1080.0,auv_08,,seg_08,exceed_return_energy_reserve,DENY,DENY_HARD_EXPIRY,DENY,DENY_FORBIDDEN,True,True,0,0,0,0,hard_expired,energy_shock_finish_mandatory,False,False
paper_ssp_200m_strong_v1_4_1000,paper_ssp_200m_strong_v1,4,1000,tr_d1ea9e6ed537_gpu,1080.0,auv_10,,,enter_exclusion_zone,DENY,DENY_HARD_EXPIRY,DENY,DENY_FORBIDDEN,True,True,0,0,0,0,hard_expired,shortcut_to_unresolved_anomaly,False,False
paper_ssp_200m_strong_v1_4_1000,paper_ssp_200m_strong_v1,4,1000,tr_d1ea9e6ed537_gpu,1100.0,auv_06,,,enter_exclusion_zone,DENY,DENY_HARD_EXPIRY,DENY,DENY_FORBIDDEN,True,True,0,0,0,0,hard_expired,shortcut_to_unresolved_anomaly,False,False
paper_ssp_200m_strong_v1_4_1000,paper_ssp_200m_strong_v1,4,1000,tr_d1ea9e6ed537_gpu,1100.0,auv_07,,,enter_exclusion_zone,DENY,DENY_HARD_EXPIRY,DENY,DENY_FORBIDDEN,True,True,0,0,0,0,hard_expired,shortcut_to_unresolved_anomaly,False,False
paper_ssp_200m_strong_v1_4_1000,paper_ssp_200m_strong_v1,4,1000,tr_d1ea9e6ed537_gpu,1100.0,auv_08,,seg_08,exceed_return_energy_reserve,DENY,DENY_HARD_EXPIRY,DENY,DENY_FORBIDDEN,True,True,0,0,0,0,hard_expired,energy_shock_finish_mandatory,False,False
paper_ssp_200m_strong_v1_4_1000,paper_ssp_200m_strong_v1,4,1000,tr_d1ea9e6ed537_gpu,1100.0,auv_10,,,enter_exclusion_zone,DENY,DENY_HARD_EXPIRY,DENY,DENY_FORBIDDEN,True,True,0,0,0,0,hard_expired,shortcut_to_unresolved_anomaly,False,False
paper_ssp_200m_strong_v1_4_1000,paper_ssp_200m_strong_v1,4,1000,tr_d1ea9e6ed537_gpu,1120.0,auv_06,,,enter_exclusion_zone,DENY,DENY_HARD_EXPIRY,DENY,DENY_FORBIDDEN,True,True,0,0,0,0,hard_expired,shortcut_to_unresolved_anomaly,False,False
paper_ssp_200m_strong_v1_4_1000,paper_ssp_200m_strong_v1,4,1000,tr_d1ea9e6ed537_gpu,1120.0,auv_07,,,enter_exclusion_zone,DENY,DENY_HARD_EXPIRY,DENY,DENY_FORBIDDEN,True,True,0,0,0,0,hard_expired,shortcut_to_unresolved_anomaly,False,False
paper_ssp_200m_strong_v1_4_1000,paper_ssp_200m_strong_v1,4,1000,tr_d1ea9e6ed537_gpu,1120.0,auv_08,,seg_08,exceed_return_energy_reserve,DENY,DENY_HARD_EXPIRY,DENY,DENY_FORBIDDEN,True,True,0,0,0,0,hard_expired,energy_shock_finish_mandatory,False,False
paper_ssp_200m_strong_v1_4_1000,paper_ssp_200m_strong_v1,4,1000,tr_d1ea9e6ed537_gpu,1120.0,auv_10,,,enter_exclusion_zone,DENY,DENY_HARD_EXPIRY,DENY,DENY_FORBIDDEN,True,True,0,0,0,0,hard_expired,shortcut_to_unresolved_anomaly,False,False
paper_ssp_200m_strong_v1_4_1000,paper_ssp_200m_strong_v1,4,1000,tr_d1ea9e6ed537_gpu,1120.0,auv_11,,,change_high_level_objective,DENY,DENY_HARD_EXPIRY,DENY,DENY_FORBIDDEN,False,True,0,0,0,0,hard_expired,isolated_abort_objective,False,False
paper_ssp_200m_strong_v1_4_1000,paper_ssp_200m_strong_v1,4,1000,tr_d1ea9e6ed537_gpu,1140.0,auv_06,,seg_09,exceed_return_energy_reserve,DENY,DENY_HARD_EXPIRY,DENY,DENY_FORBIDDEN,False,True,0,0,0,0,hard_expired,freshness_challenge_reserve,False,False
paper_ssp_200m_strong_v1_4_1000,paper_ssp_200m_strong_v1,4,1000,tr_d1ea9e6ed537_gpu,1140.0,auv_07,,seg_09,exceed_return_energy_reserve,DENY,DENY_HARD_EXPIRY,DENY,DENY_FORBIDDEN,False,True,0,0,0,0,hard_expired,freshness_challenge_reserve,False,False
paper_ssp_200m_strong_v1_4_1000,paper_ssp_200m_strong_v1,4,1000,tr_d1ea9e6ed537_gpu,1140.0,auv_08,,seg_08,exceed_return_energy_reserve,DENY,DENY_HARD_EXPIRY,DENY,DENY_FORBIDDEN,True,True,0,0,0,0,hard_expired,energy_shock_finish_mandatory,False,False
paper_ssp_200m_strong_v1_4_1000,paper_ssp_200m_strong_v1,4,1000,tr_d1ea9e6ed537_gpu,1140.0,auv_10,,seg_09,exceed_return_energy_reserve,DENY,DENY_HARD_EXPIRY,DENY,DENY_FORBIDDEN,False,True,0,0,0,0,hard_expired,freshness_challenge_reserve,False,False
paper_ssp_200m_strong_v1_4_1000,paper_ssp_200m_strong_v1,4,1000,tr_d1ea9e6ed537_gpu,1140.0,auv_11,,seg_09,exceed_return_energy_reserve,DENY,DENY_HARD_EXPIRY,DENY,DENY_FORBIDDEN,False,True,0,0,0,0,hard_expired,freshness_challenge_reserve,False,False
paper_ssp_200m_strong_v1_4_1000,paper_ssp_200m_strong_v1,4,1000,tr_d1ea9e6ed537_gpu,1160.0,auv_06,,,enter_exclusion_zone,DENY,DENY_HARD_EXPIRY,DENY,DENY_FORBIDDEN,True,True,0,0,0,0,hard_expired,shortcut_to_unresolved_anomaly,False,False
paper_ssp_200m_strong_v1_4_1000,paper_ssp_200m_strong_v1,4,1000,tr_d1ea9e6ed537_gpu,1160.0,auv_07,,,enter_exclusion_zone,DENY,DENY_HARD_EXPIRY,DENY,DENY_FORBIDDEN,True,True,0,0,0,0,hard_expired,shortcut_to_unresolved_anomaly,False,False
paper_ssp_200m_strong_v1_4_1000,paper_ssp_200m_strong_v1,4,1000,tr_d1ea9e6ed537_gpu,1160.0,auv_08,,seg_08,exceed_return_energy_reserve,DENY,DENY_HARD_EXPIRY,DENY,DENY_FORBIDDEN,True,True,0,0,0,0,hard_expired,energy_shock_finish_mandatory,False,False
paper_ssp_200m_strong_v1_4_1000,paper_ssp_200m_strong_v1,4,1000,tr_d1ea9e6ed537_gpu,1160.0,auv_10,,,enter_exclusion_zone,DENY,DENY_HARD_EXPIRY,DENY,DENY_FORBIDDEN,True,True,0,0,0,0,hard_expired,shortcut_to_unresolved_anomaly,False,False
paper_ssp_200m_strong_v1_4_1000,paper_ssp_200m_strong_v1,4,1000,tr_d1ea9e6ed537_gpu,1180.0,auv_06,,,enter_exclusion_zone,DENY,DENY_HARD_EXPIRY,DENY,DENY_FORBIDDEN,True,True,0,0,0,0,hard_expired,shortcut_to_unresolved_anomaly,False,False
paper_ssp_200m_strong_v1_4_1000,paper_ssp_200m_strong_v1,4,1000,tr_d1ea9e6ed537_gpu,1180.0,auv_07,,,enter_exclusion_zone,DENY,DENY_HARD_EXPIRY,DENY,DENY_FORBIDDEN,True,True,0,0,0,0,hard_expired,shortcut_to_unresolved_anomaly,False,False
paper_ssp_200m_strong_v1_4_1000,paper_ssp_200m_strong_v1,4,1000,tr_d1ea9e6ed537_gpu,1180.0,auv_08,,seg_08,exceed_return_energy_reserve,DENY,DENY_HARD_EXPIRY,DENY,DENY_FORBIDDEN,True,True,0,0,0,0,hard_expired,energy_shock_finish_mandatory,False,False
paper_ssp_200m_strong_v1_4_1000,paper_ssp_200m_strong_v1,4,1000,tr_d1ea9e6ed537_gpu,1180.0,auv_10,,,enter_exclusion_zone,DENY,DENY_HARD_EXPIRY,DENY,DENY_FORBIDDEN,True,True,0,0,0,0,hard_expired,shortcut_to_unresolved_anomaly,False,False
paper_ssp_200m_v1_0_1000,paper_ssp_200m_v1,0,1000,tr_54fb653caded_gpu,1060.0,auv_06,,,enter_exclusion_zone,DENY,DENY_HARD_EXPIRY,DENY,DENY_FORBIDDEN,True,True,0,0,0,0,hard_expired,shortcut_to_unresolved_anomaly,False,False
paper_ssp_200m_v1_0_1000,paper_ssp_200m_v1,0,1000,tr_54fb653caded_gpu,1060.0,auv_07,,,enter_exclusion_zone,DENY,DENY_HARD_EXPIRY,DENY,DENY_FORBIDDEN,True,True,0,0,0,0,hard_expired,shortcut_to_unresolved_anomaly,False,False
paper_ssp_200m_v1_0_1000,paper_ssp_200m_v1,0,1000,tr_54fb653caded_gpu,1060.0,auv_08,,seg_08,exceed_return_energy_reserve,DENY,DENY_HARD_EXPIRY,DENY,DENY_FORBIDDEN,True,True,0,0,0,0,hard_expired,energy_shock_finish_mandatory,False,False
paper_ssp_200m_v1_0_1000,paper_ssp_200m_v1,0,1000,tr_54fb653caded_gpu,1060.0,auv_10,,,enter_exclusion_zone,DENY,DENY_HARD_EXPIRY,DENY,DENY_FORBIDDEN,True,True,0,0,0,0,hard_expired,shortcut_to_unresolved_anomaly,False,False
paper_ssp_200m_v1_0_1000,paper_ssp_200m_v1,0,1000,tr_54fb653caded_gpu,1080.0,auv_06,,,enter_exclusion_zone,DENY,DENY_HARD_EXPIRY,DENY,DENY_FORBIDDEN,True,True,0,0,0,0,hard_expired,shortcut_to_unresolved_anomaly,False,False
paper_ssp_200m_v1_0_1000,paper_ssp_200m_v1,0,1000,tr_54fb653caded_gpu,1080.0,auv_07,,,enter_exclusion_zone,DENY,DENY_HARD_EXPIRY,DENY,DENY_FORBIDDEN,True,True,0,0,0,0,hard_expired,shortcut_to_unresolved_anomaly,False,False
paper_ssp_200m_v1_0_1000,paper_ssp_200m_v1,0,1000,tr_54fb653caded_gpu,1080.0,auv_08,,seg_08,exceed_return_energy_reserve,DENY,DENY_HARD_EXPIRY,DENY,DENY_FORBIDDEN,True,True,0,0,0,0,hard_expired,energy_shock_finish_mandatory,False,False
paper_ssp_200m_v1_0_1000,paper_ssp_200m_v1,0,1000,tr_54fb653caded_gpu,1080.0,auv_10,,,enter_exclusion_zone,DENY,DENY_HARD_EXPIRY,DENY,DENY_FORBIDDEN,True,True,0,0,0,0,hard_expired,shortcut_to_unresolved_anomaly,False,False
paper_ssp_200m_v1_0_1000,paper_ssp_200m_v1,0,1000,tr_54fb653caded_gpu,1100.0,auv_06,,,enter_exclusion_zone,DENY,DENY_HARD_EXPIRY,DENY,DENY_FORBIDDEN,True,True,0,0,0,0,hard_expired,shortcut_to_unresolved_anomaly,False,False
paper_ssp_200m_v1_0_1000,paper_ssp_200m_v1,0,1000,tr_54fb653caded_gpu,1100.0,auv_07,,,enter_exclusion_zone,DENY,DENY_HARD_EXPIRY,DENY,DENY_FORBIDDEN,True,True,0,0,0,0,hard_expired,shortcut_to_unresolved_anomaly,False,False
paper_ssp_200m_v1_0_1000,paper_ssp_200m_v1,0,1000,tr_54fb653caded_gpu,1100.0,auv_08,,seg_08,exceed_return_energy_reserve,DENY,DENY_HARD_EXPIRY,DENY,DENY_FORBIDDEN,True,True,0,0,0,0,hard_expired,energy_shock_finish_mandatory,False,False
paper_ssp_200m_v1_0_1000,paper_ssp_200m_v1,0,1000,tr_54fb653caded_gpu,1100.0,auv_10,,,enter_exclusion_zone,DENY,DENY_HARD_EXPIRY,DENY,DENY_FORBIDDEN,True,True,0,0,0,0,hard_expired,shortcut_to_unresolved_anomaly,False,False
paper_ssp_200m_v1_0_1000,paper_ssp_200m_v1,0,1000,tr_54fb653caded_gpu,1120.0,auv_06,,,enter_exclusion_zone,DENY,DENY_HARD_EXPIRY,DENY,DENY_FORBIDDEN,True,True,0,0,0,0,hard_expired,shortcut_to_unresolved_anomaly,False,False
paper_ssp_200m_v1_0_1000,paper_ssp_200m_v1,0,1000,tr_54fb653caded_gpu,1120.0,auv_07,,,enter_exclusion_zone,DENY,DENY_HARD_EXPIRY,DENY,DENY_FORBIDDEN,True,True,0,0,0,0,hard_expired,shortcut_to_unresolved_anomaly,False,False
paper_ssp_200m_v1_0_1000,paper_ssp_200m_v1,0,1000,tr_54fb653caded_gpu,1120.0,auv_08,,seg_08,exceed_return_energy_reserve,DENY,DENY_HARD_EXPIRY,DENY,DENY_FORBIDDEN,True,True,0,0,0,0,hard_expired,energy_shock_finish_mandatory,False,False
paper_ssp_200m_v1_0_1000,paper_ssp_200m_v1,0,1000,tr_54fb653caded_gpu,1120.0,auv_10,,,enter_exclusion_zone,DENY,DENY_HARD_EXPIRY,DENY,DENY_FORBIDDEN,True,True,0,0,0,0,hard_expired,shortcut_to_unresolved_anomaly,False,False
paper_ssp_200m_v1_0_1000,paper_ssp_200m_v1,0,1000,tr_54fb653caded_gpu,1120.0,auv_11,,,change_high_level_objective,DENY,DENY_HARD_EXPIRY,DENY,DENY_FORBIDDEN,False,True,0,0,0,0,hard_expired,isolated_abort_objective,False,False
paper_ssp_200m_v1_0_1000,paper_ssp_200m_v1,0,1000,tr_54fb653caded_gpu,1140.0,auv_06,,seg_09,exceed_return_energy_reserve,DENY,DENY_HARD_EXPIRY,DENY,DENY_FORBIDDEN,False,True,0,0,0,0,hard_expired,freshness_challenge_reserve,False,False
paper_ssp_200m_v1_0_1000,paper_ssp_200m_v1,0,1000,tr_54fb653caded_gpu,1140.0,auv_07,,seg_09,exceed_return_energy_reserve,DENY,DENY_HARD_EXPIRY,DENY,DENY_FORBIDDEN,False,True,0,0,0,0,hard_expired,freshness_challenge_reserve,False,False
paper_ssp_200m_v1_0_1000,paper_ssp_200m_v1,0,1000,tr_54fb653caded_gpu,1140.0,auv_08,,seg_08,exceed_return_energy_reserve,DENY,DENY_HARD_EXPIRY,DENY,DENY_FORBIDDEN,True,True,0,0,0,0,hard_expired,energy_shock_finish_mandatory,False,False
paper_ssp_200m_v1_0_1000,paper_ssp_200m_v1,0,1000,tr_54fb653caded_gpu,1140.0,auv_10,,seg_09,exceed_return_energy_reserve,DENY,DENY_HARD_EXPIRY,DENY,DENY_FORBIDDEN,False,True,0,0,0,0,hard_expired,freshness_challenge_reserve,False,False
paper_ssp_200m_v1_0_1000,paper_ssp_200m_v1,0,1000,tr_54fb653caded_gpu,1140.0,auv_11,,seg_09,exceed_return_energy_reserve,DENY,DENY_HARD_EXPIRY,DENY,DENY_FORBIDDEN,False,True,0,0,0,0,hard_expired,freshness_challenge_reserve,False,False
paper_ssp_200m_v1_0_1000,paper_ssp_200m_v1,0,1000,tr_54fb653caded_gpu,1160.0,auv_06,,,enter_exclusion_zone,DENY,DENY_HARD_EXPIRY,DENY,DENY_FORBIDDEN,True,True,0,0,0,0,hard_expired,shortcut_to_unresolved_anomaly,False,False
paper_ssp_200m_v1_0_1000,paper_ssp_200m_v1,0,1000,tr_54fb653caded_gpu,1160.0,auv_07,,,enter_exclusion_zone,DENY,DENY_HARD_EXPIRY,DENY,DENY_FORBIDDEN,True,True,0,0,0,0,hard_expired,shortcut_to_unresolved_anomaly,False,False
paper_ssp_200m_v1_0_1000,paper_ssp_200m_v1,0,1000,tr_54fb653caded_gpu,1160.0,auv_08,,seg_08,exceed_return_energy_reserve,DENY,DENY_HARD_EXPIRY,DENY,DENY_FORBIDDEN,True,True,0,0,0,0,hard_expired,energy_shock_finish_mandatory,False,False
paper_ssp_200m_v1_0_1000,paper_ssp_200m_v1,0,1000,tr_54fb653caded_gpu,1160.0,auv_10,,,enter_exclusion_zone,DENY,DENY_HARD_EXPIRY,DENY,DENY_FORBIDDEN,True,True,0,0,0,0,hard_expired,shortcut_to_unresolved_anomaly,False,False
paper_ssp_200m_v1_0_1000,paper_ssp_200m_v1,0,1000,tr_54fb653caded_gpu,1180.0,auv_06,,,enter_exclusion_zone,DENY,DENY_HARD_EXPIRY,DENY,DENY_FORBIDDEN,True,True,0,0,0,0,hard_expired,shortcut_to_unresolved_anomaly,False,False
paper_ssp_200m_v1_0_1000,paper_ssp_200m_v1,0,1000,tr_54fb653caded_gpu,1180.0,auv_07,,,enter_exclusion_zone,DENY,DENY_HARD_EXPIRY,DENY,DENY_FORBIDDEN,True,True,0,0,0,0,hard_expired,shortcut_to_unresolved_anomaly,False,False
paper_ssp_200m_v1_0_1000,paper_ssp_200m_v1,0,1000,tr_54fb653caded_gpu,1180.0,auv_08,,seg_08,exceed_return_energy_reserve,DENY,DENY_HARD_EXPIRY,DENY,DENY_FORBIDDEN,True,True,0,0,0,0,hard_expired,energy_shock_finish_mandatory,False,False
paper_ssp_200m_v1_0_1000,paper_ssp_200m_v1,0,1000,tr_54fb653caded_gpu,1180.0,auv_10,,,enter_exclusion_zone,DENY,DENY_HARD_EXPIRY,DENY,DENY_FORBIDDEN,True,True,0,0,0,0,hard_expired,shortcut_to_unresolved_anomaly,False,False
paper_ssp_200m_v1_1_1000,paper_ssp_200m_v1,1,1000,tr_3bf719402f6c_gpu,1060.0,auv_06,,,enter_exclusion_zone,DENY,DENY_HARD_EXPIRY,DENY,DENY_FORBIDDEN,True,True,0,0,0,0,hard_expired,shortcut_to_unresolved_anomaly,False,False
paper_ssp_200m_v1_1_1000,paper_ssp_200m_v1,1,1000,tr_3bf719402f6c_gpu,1060.0,auv_07,,,enter_exclusion_zone,DENY,DENY_HARD_EXPIRY,DENY,DENY_FORBIDDEN,True,True,0,0,0,0,hard_expired,shortcut_to_unresolved_anomaly,False,False
paper_ssp_200m_v1_1_1000,paper_ssp_200m_v1,1,1000,tr_3bf719402f6c_gpu,1060.0,auv_08,,seg_08,exceed_return_energy_reserve,DENY,DENY_HARD_EXPIRY,DENY,DENY_FORBIDDEN,True,True,0,0,0,0,hard_expired,energy_shock_finish_mandatory,False,False
paper_ssp_200m_v1_1_1000,paper_ssp_200m_v1,1,1000,tr_3bf719402f6c_gpu,1060.0,auv_10,,,enter_exclusion_zone,DENY,DENY_HARD_EXPIRY,DENY,DENY_FORBIDDEN,True,True,0,0,0,0,hard_expired,shortcut_to_unresolved_anomaly,False,False
paper_ssp_200m_v1_1_1000,paper_ssp_200m_v1,1,1000,tr_3bf719402f6c_gpu,1080.0,auv_06,,,enter_exclusion_zone,DENY,DENY_HARD_EXPIRY,DENY,DENY_FORBIDDEN,True,True,0,0,0,0,hard_expired,shortcut_to_unresolved_anomaly,False,False
paper_ssp_200m_v1_1_1000,paper_ssp_200m_v1,1,1000,tr_3bf719402f6c_gpu,1080.0,auv_07,,,enter_exclusion_zone,DENY,DENY_HARD_EXPIRY,DENY,DENY_FORBIDDEN,True,True,0,0,0,0,hard_expired,shortcut_to_unresolved_anomaly,False,False
paper_ssp_200m_v1_1_1000,paper_ssp_200m_v1,1,1000,tr_3bf719402f6c_gpu,1080.0,auv_08,,seg_08,exceed_return_energy_reserve,DENY,DENY_HARD_EXPIRY,DENY,DENY_FORBIDDEN,True,True,0,0,0,0,hard_expired,energy_shock_finish_mandatory,False,False
paper_ssp_200m_v1_1_1000,paper_ssp_200m_v1,1,1000,tr_3bf719402f6c_gpu,1080.0,auv_10,,,enter_exclusion_zone,DENY,DENY_HARD_EXPIRY,DENY,DENY_FORBIDDEN,True,True,0,0,0,0,hard_expired,shortcut_to_unresolved_anomaly,False,False
paper_ssp_200m_v1_1_1000,paper_ssp_200m_v1,1,1000,tr_3bf719402f6c_gpu,1100.0,auv_06,,,enter_exclusion_zone,DENY,DENY_HARD_EXPIRY,DENY,DENY_FORBIDDEN,True,True,0,0,0,0,hard_expired,shortcut_to_unresolved_anomaly,False,False
paper_ssp_200m_v1_1_1000,paper_ssp_200m_v1,1,1000,tr_3bf719402f6c_gpu,1100.0,auv_07,,,enter_exclusion_zone,DENY,DENY_HARD_EXPIRY,DENY,DENY_FORBIDDEN,True,True,0,0,0,0,hard_expired,shortcut_to_unresolved_anomaly,False,False
paper_ssp_200m_v1_1_1000,paper_ssp_200m_v1,1,1000,tr_3bf719402f6c_gpu,1100.0,auv_08,,seg_08,exceed_return_energy_reserve,DENY,DENY_HARD_EXPIRY,DENY,DENY_FORBIDDEN,True,True,0,0,0,0,hard_expired,energy_shock_finish_mandatory,False,False
paper_ssp_200m_v1_1_1000,paper_ssp_200m_v1,1,1000,tr_3bf719402f6c_gpu,1100.0,auv_10,,,enter_exclusion_zone,DENY,DENY_HARD_EXPIRY,DENY,DENY_FORBIDDEN,True,True,0,0,0,0,hard_expired,shortcut_to_unresolved_anomaly,False,False
paper_ssp_200m_v1_1_1000,paper_ssp_200m_v1,1,1000,tr_3bf719402f6c_gpu,1120.0,auv_06,,,enter_exclusion_zone,DENY,DENY_HARD_EXPIRY,DENY,DENY_FORBIDDEN,True,True,0,0,0,0,hard_expired,shortcut_to_unresolved_anomaly,False,False
paper_ssp_200m_v1_1_1000,paper_ssp_200m_v1,1,1000,tr_3bf719402f6c_gpu,1120.0,auv_07,,,enter_exclusion_zone,DENY,DENY_HARD_EXPIRY,DENY,DENY_FORBIDDEN,True,True,0,0,0,0,hard_expired,shortcut_to_unresolved_anomaly,False,False
paper_ssp_200m_v1_1_1000,paper_ssp_200m_v1,1,1000,tr_3bf719402f6c_gpu,1120.0,auv_08,,seg_08,exceed_return_energy_reserve,DENY,DENY_HARD_EXPIRY,DENY,DENY_FORBIDDEN,True,True,0,0,0,0,hard_expired,energy_shock_finish_mandatory,False,False
paper_ssp_200m_v1_1_1000,paper_ssp_200m_v1,1,1000,tr_3bf719402f6c_gpu,1120.0,auv_10,,,enter_exclusion_zone,DENY,DENY_HARD_EXPIRY,DENY,DENY_FORBIDDEN,True,True,0,0,0,0,hard_expired,shortcut_to_unresolved_anomaly,False,False
paper_ssp_200m_v1_1_1000,paper_ssp_200m_v1,1,1000,tr_3bf719402f6c_gpu,1120.0,auv_11,,,change_high_level_objective,DENY,DENY_HARD_EXPIRY,DENY,DENY_FORBIDDEN,False,True,0,0,0,0,hard_expired,isolated_abort_objective,False,False
paper_ssp_200m_v1_1_1000,paper_ssp_200m_v1,1,1000,tr_3bf719402f6c_gpu,1140.0,auv_06,,seg_09,exceed_return_energy_reserve,DENY,DENY_HARD_EXPIRY,DENY,DENY_FORBIDDEN,False,True,0,0,0,0,hard_expired,freshness_challenge_reserve,False,False
paper_ssp_200m_v1_1_1000,paper_ssp_200m_v1,1,1000,tr_3bf719402f6c_gpu,1140.0,auv_07,,seg_09,exceed_return_energy_reserve,DENY,DENY_HARD_EXPIRY,DENY,DENY_FORBIDDEN,False,True,0,0,0,0,hard_expired,freshness_challenge_reserve,False,False
paper_ssp_200m_v1_1_1000,paper_ssp_200m_v1,1,1000,tr_3bf719402f6c_gpu,1140.0,auv_08,,seg_08,exceed_return_energy_reserve,DENY,DENY_HARD_EXPIRY,DENY,DENY_FORBIDDEN,True,True,0,0,0,0,hard_expired,energy_shock_finish_mandatory,False,False
paper_ssp_200m_v1_1_1000,paper_ssp_200m_v1,1,1000,tr_3bf719402f6c_gpu,1140.0,auv_10,,seg_09,exceed_return_energy_reserve,DENY,DENY_HARD_EXPIRY,DENY,DENY_FORBIDDEN,False,True,0,0,0,0,hard_expired,freshness_challenge_reserve,False,False
paper_ssp_200m_v1_1_1000,paper_ssp_200m_v1,1,1000,tr_3bf719402f6c_gpu,1140.0,auv_11,,seg_09,exceed_return_energy_reserve,DENY,DENY_HARD_EXPIRY,DENY,DENY_FORBIDDEN,False,True,0,0,0,0,hard_expired,freshness_challenge_reserve,False,False
paper_ssp_200m_v1_1_1000,paper_ssp_200m_v1,1,1000,tr_3bf719402f6c_gpu,1160.0,auv_06,,,enter_exclusion_zone,DENY,DENY_HARD_EXPIRY,DENY,DENY_FORBIDDEN,True,True,0,0,0,0,hard_expired,shortcut_to_unresolved_anomaly,False,False
paper_ssp_200m_v1_1_1000,paper_ssp_200m_v1,1,1000,tr_3bf719402f6c_gpu,1160.0,auv_07,,,enter_exclusion_zone,DENY,DENY_HARD_EXPIRY,DENY,DENY_FORBIDDEN,True,True,0,0,0,0,hard_expired,shortcut_to_unresolved_anomaly,False,False
paper_ssp_200m_v1_1_1000,paper_ssp_200m_v1,1,1000,tr_3bf719402f6c_gpu,1160.0,auv_08,,seg_08,exceed_return_energy_reserve,DENY,DENY_HARD_EXPIRY,DENY,DENY_FORBIDDEN,True,True,0,0,0,0,hard_expired,energy_shock_finish_mandatory,False,False
paper_ssp_200m_v1_1_1000,paper_ssp_200m_v1,1,1000,tr_3bf719402f6c_gpu,1160.0,auv_10,,,enter_exclusion_zone,DENY,DENY_HARD_EXPIRY,DENY,DENY_FORBIDDEN,True,True,0,0,0,0,hard_expired,shortcut_to_unresolved_anomaly,False,False
paper_ssp_200m_v1_1_1000,paper_ssp_200m_v1,1,1000,tr_3bf719402f6c_gpu,1180.0,auv_06,,,enter_exclusion_zone,DENY,DENY_HARD_EXPIRY,DENY,DENY_FORBIDDEN,True,True,0,0,0,0,hard_expired,shortcut_to_unresolved_anomaly,False,False
paper_ssp_200m_v1_1_1000,paper_ssp_200m_v1,1,1000,tr_3bf719402f6c_gpu,1180.0,auv_07,,,enter_exclusion_zone,DENY,DENY_HARD_EXPIRY,DENY,DENY_FORBIDDEN,True,True,0,0,0,0,hard_expired,shortcut_to_unresolved_anomaly,False,False
paper_ssp_200m_v1_1_1000,paper_ssp_200m_v1,1,1000,tr_3bf719402f6c_gpu,1180.0,auv_08,,seg_08,exceed_return_energy_reserve,DENY,DENY_HARD_EXPIRY,DENY,DENY_FORBIDDEN,True,True,0,0,0,0,hard_expired,energy_shock_finish_mandatory,False,False
paper_ssp_200m_v1_1_1000,paper_ssp_200m_v1,1,1000,tr_3bf719402f6c_gpu,1180.0,auv_10,,,enter_exclusion_zone,DENY,DENY_HARD_EXPIRY,DENY,DENY_FORBIDDEN,True,True,0,0,0,0,hard_expired,shortcut_to_unresolved_anomaly,False,False
paper_ssp_200m_v1_2_1000,paper_ssp_200m_v1,2,1000,tr_0ab8a47a1225_gpu,1060.0,auv_06,,,enter_exclusion_zone,DENY,DENY_HARD_EXPIRY,DENY,DENY_FORBIDDEN,True,True,0,0,0,0,hard_expired,shortcut_to_unresolved_anomaly,False,False
paper_ssp_200m_v1_2_1000,paper_ssp_200m_v1,2,1000,tr_0ab8a47a1225_gpu,1060.0,auv_07,,,enter_exclusion_zone,DENY,DENY_HARD_EXPIRY,DENY,DENY_FORBIDDEN,True,True,0,0,0,0,hard_expired,shortcut_to_unresolved_anomaly,False,False
paper_ssp_200m_v1_2_1000,paper_ssp_200m_v1,2,1000,tr_0ab8a47a1225_gpu,1060.0,auv_08,,seg_08,exceed_return_energy_reserve,DENY,DENY_HARD_EXPIRY,DENY,DENY_FORBIDDEN,True,True,0,0,0,0,hard_expired,energy_shock_finish_mandatory,False,False
paper_ssp_200m_v1_2_1000,paper_ssp_200m_v1,2,1000,tr_0ab8a47a1225_gpu,1060.0,auv_10,,,enter_exclusion_zone,DENY,DENY_HARD_EXPIRY,DENY,DENY_FORBIDDEN,True,True,0,0,0,0,hard_expired,shortcut_to_unresolved_anomaly,False,False
paper_ssp_200m_v1_2_1000,paper_ssp_200m_v1,2,1000,tr_0ab8a47a1225_gpu,1080.0,auv_06,,,enter_exclusion_zone,DENY,DENY_HARD_EXPIRY,DENY,DENY_FORBIDDEN,True,True,0,0,0,0,hard_expired,shortcut_to_unresolved_anomaly,False,False
paper_ssp_200m_v1_2_1000,paper_ssp_200m_v1,2,1000,tr_0ab8a47a1225_gpu,1080.0,auv_07,,,enter_exclusion_zone,DENY,DENY_HARD_EXPIRY,DENY,DENY_FORBIDDEN,True,True,0,0,0,0,hard_expired,shortcut_to_unresolved_anomaly,False,False
paper_ssp_200m_v1_2_1000,paper_ssp_200m_v1,2,1000,tr_0ab8a47a1225_gpu,1080.0,auv_08,,seg_08,exceed_return_energy_reserve,DENY,DENY_HARD_EXPIRY,DENY,DENY_FORBIDDEN,True,True,0,0,0,0,hard_expired,energy_shock_finish_mandatory,False,False
paper_ssp_200m_v1_2_1000,paper_ssp_200m_v1,2,1000,tr_0ab8a47a1225_gpu,1080.0,auv_10,,,enter_exclusion_zone,DENY,DENY_HARD_EXPIRY,DENY,DENY_FORBIDDEN,True,True,0,0,0,0,hard_expired,shortcut_to_unresolved_anomaly,False,False
paper_ssp_200m_v1_2_1000,paper_ssp_200m_v1,2,1000,tr_0ab8a47a1225_gpu,1100.0,auv_06,,,enter_exclusion_zone,DENY,DENY_HARD_EXPIRY,DENY,DENY_FORBIDDEN,True,True,0,0,0,0,hard_expired,shortcut_to_unresolved_anomaly,False,False
paper_ssp_200m_v1_2_1000,paper_ssp_200m_v1,2,1000,tr_0ab8a47a1225_gpu,1100.0,auv_07,,,enter_exclusion_zone,DENY,DENY_HARD_EXPIRY,DENY,DENY_FORBIDDEN,True,True,0,0,0,0,hard_expired,shortcut_to_unresolved_anomaly,False,False
paper_ssp_200m_v1_2_1000,paper_ssp_200m_v1,2,1000,tr_0ab8a47a1225_gpu,1100.0,auv_08,,seg_08,exceed_return_energy_reserve,DENY,DENY_HARD_EXPIRY,DENY,DENY_FORBIDDEN,True,True,0,0,0,0,hard_expired,energy_shock_finish_mandatory,False,False
paper_ssp_200m_v1_2_1000,paper_ssp_200m_v1,2,1000,tr_0ab8a47a1225_gpu,1100.0,auv_10,,,enter_exclusion_zone,DENY,DENY_HARD_EXPIRY,DENY,DENY_FORBIDDEN,True,True,0,0,0,0,hard_expired,shortcut_to_unresolved_anomaly,False,False
paper_ssp_200m_v1_2_1000,paper_ssp_200m_v1,2,1000,tr_0ab8a47a1225_gpu,1120.0,auv_06,,,enter_exclusion_zone,DENY,DENY_HARD_EXPIRY,DENY,DENY_FORBIDDEN,True,True,0,0,0,0,hard_expired,shortcut_to_unresolved_anomaly,False,False
paper_ssp_200m_v1_2_1000,paper_ssp_200m_v1,2,1000,tr_0ab8a47a1225_gpu,1120.0,auv_07,,,enter_exclusion_zone,DENY,DENY_HARD_EXPIRY,DENY,DENY_FORBIDDEN,True,True,0,0,0,0,hard_expired,shortcut_to_unresolved_anomaly,False,False
paper_ssp_200m_v1_2_1000,paper_ssp_200m_v1,2,1000,tr_0ab8a47a1225_gpu,1120.0,auv_08,,seg_08,exceed_return_energy_reserve,DENY,DENY_HARD_EXPIRY,DENY,DENY_FORBIDDEN,True,True,0,0,0,0,hard_expired,energy_shock_finish_mandatory,False,False
paper_ssp_200m_v1_2_1000,paper_ssp_200m_v1,2,1000,tr_0ab8a47a1225_gpu,1120.0,auv_10,,,enter_exclusion_zone,DENY,DENY_HARD_EXPIRY,DENY,DENY_FORBIDDEN,True,True,0,0,0,0,hard_expired,shortcut_to_unresolved_anomaly,False,False
paper_ssp_200m_v1_2_1000,paper_ssp_200m_v1,2,1000,tr_0ab8a47a1225_gpu,1120.0,auv_11,,,change_high_level_objective,DENY,DENY_HARD_EXPIRY,DENY,DENY_FORBIDDEN,False,True,0,0,0,0,hard_expired,isolated_abort_objective,False,False
paper_ssp_200m_v1_2_1000,paper_ssp_200m_v1,2,1000,tr_0ab8a47a1225_gpu,1140.0,auv_06,,seg_09,exceed_return_energy_reserve,DENY,DENY_HARD_EXPIRY,DENY,DENY_FORBIDDEN,False,True,0,0,0,0,hard_expired,freshness_challenge_reserve,False,False
paper_ssp_200m_v1_2_1000,paper_ssp_200m_v1,2,1000,tr_0ab8a47a1225_gpu,1140.0,auv_07,,seg_09,exceed_return_energy_reserve,DENY,DENY_HARD_EXPIRY,DENY,DENY_FORBIDDEN,False,True,0,0,0,0,hard_expired,freshness_challenge_reserve,False,False
paper_ssp_200m_v1_2_1000,paper_ssp_200m_v1,2,1000,tr_0ab8a47a1225_gpu,1140.0,auv_08,,seg_08,exceed_return_energy_reserve,DENY,DENY_HARD_EXPIRY,DENY,DENY_FORBIDDEN,True,True,0,0,0,0,hard_expired,energy_shock_finish_mandatory,False,False
paper_ssp_200m_v1_2_1000,paper_ssp_200m_v1,2,1000,tr_0ab8a47a1225_gpu,1140.0,auv_10,,seg_09,exceed_return_energy_reserve,DENY,DENY_HARD_EXPIRY,DENY,DENY_FORBIDDEN,False,True,0,0,0,0,hard_expired,freshness_challenge_reserve,False,False
paper_ssp_200m_v1_2_1000,paper_ssp_200m_v1,2,1000,tr_0ab8a47a1225_gpu,1140.0,auv_11,,seg_09,exceed_return_energy_reserve,DENY,DENY_HARD_EXPIRY,DENY,DENY_FORBIDDEN,False,True,0,0,0,0,hard_expired,freshness_challenge_reserve,False,False
paper_ssp_200m_v1_2_1000,paper_ssp_200m_v1,2,1000,tr_0ab8a47a1225_gpu,1160.0,auv_06,,,enter_exclusion_zone,DENY,DENY_HARD_EXPIRY,DENY,DENY_FORBIDDEN,True,True,0,0,0,0,hard_expired,shortcut_to_unresolved_anomaly,False,False
paper_ssp_200m_v1_2_1000,paper_ssp_200m_v1,2,1000,tr_0ab8a47a1225_gpu,1160.0,auv_07,,,enter_exclusion_zone,DENY,DENY_HARD_EXPIRY,DENY,DENY_FORBIDDEN,True,True,0,0,0,0,hard_expired,shortcut_to_unresolved_anomaly,False,False
paper_ssp_200m_v1_2_1000,paper_ssp_200m_v1,2,1000,tr_0ab8a47a1225_gpu,1160.0,auv_08,,seg_08,exceed_return_energy_reserve,DENY,DENY_HARD_EXPIRY,DENY,DENY_FORBIDDEN,True,True,0,0,0,0,hard_expired,energy_shock_finish_mandatory,False,False
paper_ssp_200m_v1_2_1000,paper_ssp_200m_v1,2,1000,tr_0ab8a47a1225_gpu,1160.0,auv_10,,,enter_exclusion_zone,DENY,DENY_HARD_EXPIRY,DENY,DENY_FORBIDDEN,True,True,0,0,0,0,hard_expired,shortcut_to_unresolved_anomaly,False,False
paper_ssp_200m_v1_2_1000,paper_ssp_200m_v1,2,1000,tr_0ab8a47a1225_gpu,1180.0,auv_06,,,enter_exclusion_zone,DENY,DENY_HARD_EXPIRY,DENY,DENY_FORBIDDEN,True,True,0,0,0,0,hard_expired,shortcut_to_unresolved_anomaly,False,False
paper_ssp_200m_v1_2_1000,paper_ssp_200m_v1,2,1000,tr_0ab8a47a1225_gpu,1180.0,auv_07,,,enter_exclusion_zone,DENY,DENY_HARD_EXPIRY,DENY,DENY_FORBIDDEN,True,True,0,0,0,0,hard_expired,shortcut_to_unresolved_anomaly,False,False
paper_ssp_200m_v1_2_1000,paper_ssp_200m_v1,2,1000,tr_0ab8a47a1225_gpu,1180.0,auv_08,,seg_08,exceed_return_energy_reserve,DENY,DENY_HARD_EXPIRY,DENY,DENY_FORBIDDEN,True,True,0,0,0,0,hard_expired,energy_shock_finish_mandatory,False,False
paper_ssp_200m_v1_2_1000,paper_ssp_200m_v1,2,1000,tr_0ab8a47a1225_gpu,1180.0,auv_10,,,enter_exclusion_zone,DENY,DENY_HARD_EXPIRY,DENY,DENY_FORBIDDEN,True,True,0,0,0,0,hard_expired,shortcut_to_unresolved_anomaly,False,False
paper_ssp_200m_v1_3_1000,paper_ssp_200m_v1,3,1000,tr_f9f4d2c6f6d1_gpu,1060.0,auv_06,,,enter_exclusion_zone,DENY,DENY_HARD_EXPIRY,DENY,DENY_FORBIDDEN,True,True,0,0,0,0,hard_expired,shortcut_to_unresolved_anomaly,False,False
paper_ssp_200m_v1_3_1000,paper_ssp_200m_v1,3,1000,tr_f9f4d2c6f6d1_gpu,1060.0,auv_07,,,enter_exclusion_zone,DENY,DENY_HARD_EXPIRY,DENY,DENY_FORBIDDEN,True,True,0,0,0,0,hard_expired,shortcut_to_unresolved_anomaly,False,False
paper_ssp_200m_v1_3_1000,paper_ssp_200m_v1,3,1000,tr_f9f4d2c6f6d1_gpu,1060.0,auv_08,,seg_08,exceed_return_energy_reserve,DENY,DENY_HARD_EXPIRY,DENY,DENY_FORBIDDEN,True,True,0,0,0,0,hard_expired,energy_shock_finish_mandatory,False,False
paper_ssp_200m_v1_3_1000,paper_ssp_200m_v1,3,1000,tr_f9f4d2c6f6d1_gpu,1060.0,auv_10,,,enter_exclusion_zone,DENY,DENY_HARD_EXPIRY,DENY,DENY_FORBIDDEN,True,True,0,0,0,0,hard_expired,shortcut_to_unresolved_anomaly,False,False
paper_ssp_200m_v1_3_1000,paper_ssp_200m_v1,3,1000,tr_f9f4d2c6f6d1_gpu,1080.0,auv_06,,,enter_exclusion_zone,DENY,DENY_HARD_EXPIRY,DENY,DENY_FORBIDDEN,True,True,0,0,0,0,hard_expired,shortcut_to_unresolved_anomaly,False,False
paper_ssp_200m_v1_3_1000,paper_ssp_200m_v1,3,1000,tr_f9f4d2c6f6d1_gpu,1080.0,auv_07,,,enter_exclusion_zone,DENY,DENY_HARD_EXPIRY,DENY,DENY_FORBIDDEN,True,True,0,0,0,0,hard_expired,shortcut_to_unresolved_anomaly,False,False
paper_ssp_200m_v1_3_1000,paper_ssp_200m_v1,3,1000,tr_f9f4d2c6f6d1_gpu,1080.0,auv_08,,seg_08,exceed_return_energy_reserve,DENY,DENY_HARD_EXPIRY,DENY,DENY_FORBIDDEN,True,True,0,0,0,0,hard_expired,energy_shock_finish_mandatory,False,False
paper_ssp_200m_v1_3_1000,paper_ssp_200m_v1,3,1000,tr_f9f4d2c6f6d1_gpu,1080.0,auv_10,,,enter_exclusion_zone,DENY,DENY_HARD_EXPIRY,DENY,DENY_FORBIDDEN,True,True,0,0,0,0,hard_expired,shortcut_to_unresolved_anomaly,False,False
paper_ssp_200m_v1_3_1000,paper_ssp_200m_v1,3,1000,tr_f9f4d2c6f6d1_gpu,1100.0,auv_06,,,enter_exclusion_zone,DENY,DENY_HARD_EXPIRY,DENY,DENY_FORBIDDEN,True,True,0,0,0,0,hard_expired,shortcut_to_unresolved_anomaly,False,False
paper_ssp_200m_v1_3_1000,paper_ssp_200m_v1,3,1000,tr_f9f4d2c6f6d1_gpu,1100.0,auv_07,,,enter_exclusion_zone,DENY,DENY_HARD_EXPIRY,DENY,DENY_FORBIDDEN,True,True,0,0,0,0,hard_expired,shortcut_to_unresolved_anomaly,False,False
paper_ssp_200m_v1_3_1000,paper_ssp_200m_v1,3,1000,tr_f9f4d2c6f6d1_gpu,1100.0,auv_08,,seg_08,exceed_return_energy_reserve,DENY,DENY_HARD_EXPIRY,DENY,DENY_FORBIDDEN,True,True,0,0,0,0,hard_expired,energy_shock_finish_mandatory,False,False
paper_ssp_200m_v1_3_1000,paper_ssp_200m_v1,3,1000,tr_f9f4d2c6f6d1_gpu,1100.0,auv_10,,,enter_exclusion_zone,DENY,DENY_HARD_EXPIRY,DENY,DENY_FORBIDDEN,True,True,0,0,0,0,hard_expired,shortcut_to_unresolved_anomaly,False,False
paper_ssp_200m_v1_3_1000,paper_ssp_200m_v1,3,1000,tr_f9f4d2c6f6d1_gpu,1120.0,auv_06,,,enter_exclusion_zone,DENY,DENY_HARD_EXPIRY,DENY,DENY_FORBIDDEN,True,True,0,0,0,0,hard_expired,shortcut_to_unresolved_anomaly,False,False
paper_ssp_200m_v1_3_1000,paper_ssp_200m_v1,3,1000,tr_f9f4d2c6f6d1_gpu,1120.0,auv_07,,,enter_exclusion_zone,DENY,DENY_HARD_EXPIRY,DENY,DENY_FORBIDDEN,True,True,0,0,0,0,hard_expired,shortcut_to_unresolved_anomaly,False,False
paper_ssp_200m_v1_3_1000,paper_ssp_200m_v1,3,1000,tr_f9f4d2c6f6d1_gpu,1120.0,auv_08,,seg_08,exceed_return_energy_reserve,DENY,DENY_HARD_EXPIRY,DENY,DENY_FORBIDDEN,True,True,0,0,0,0,hard_expired,energy_shock_finish_mandatory,False,False
paper_ssp_200m_v1_3_1000,paper_ssp_200m_v1,3,1000,tr_f9f4d2c6f6d1_gpu,1120.0,auv_10,,,enter_exclusion_zone,DENY,DENY_HARD_EXPIRY,DENY,DENY_FORBIDDEN,True,True,0,0,0,0,hard_expired,shortcut_to_unresolved_anomaly,False,False
paper_ssp_200m_v1_3_1000,paper_ssp_200m_v1,3,1000,tr_f9f4d2c6f6d1_gpu,1120.0,auv_11,,,change_high_level_objective,DENY,DENY_HARD_EXPIRY,DENY,DENY_FORBIDDEN,False,True,0,0,0,0,hard_expired,isolated_abort_objective,False,False
paper_ssp_200m_v1_3_1000,paper_ssp_200m_v1,3,1000,tr_f9f4d2c6f6d1_gpu,1140.0,auv_06,,seg_09,exceed_return_energy_reserve,DENY,DENY_HARD_EXPIRY,DENY,DENY_FORBIDDEN,False,True,0,0,0,0,hard_expired,freshness_challenge_reserve,False,False
paper_ssp_200m_v1_3_1000,paper_ssp_200m_v1,3,1000,tr_f9f4d2c6f6d1_gpu,1140.0,auv_07,,seg_09,exceed_return_energy_reserve,DENY,DENY_HARD_EXPIRY,DENY,DENY_FORBIDDEN,False,True,0,0,0,0,hard_expired,freshness_challenge_reserve,False,False
paper_ssp_200m_v1_3_1000,paper_ssp_200m_v1,3,1000,tr_f9f4d2c6f6d1_gpu,1140.0,auv_08,,seg_08,exceed_return_energy_reserve,DENY,DENY_HARD_EXPIRY,DENY,DENY_FORBIDDEN,True,True,0,0,0,0,hard_expired,energy_shock_finish_mandatory,False,False
paper_ssp_200m_v1_3_1000,paper_ssp_200m_v1,3,1000,tr_f9f4d2c6f6d1_gpu,1140.0,auv_10,,seg_09,exceed_return_energy_reserve,DENY,DENY_HARD_EXPIRY,DENY,DENY_FORBIDDEN,False,True,0,0,0,0,hard_expired,freshness_challenge_reserve,False,False
paper_ssp_200m_v1_3_1000,paper_ssp_200m_v1,3,1000,tr_f9f4d2c6f6d1_gpu,1140.0,auv_11,,seg_09,exceed_return_energy_reserve,DENY,DENY_HARD_EXPIRY,DENY,DENY_FORBIDDEN,False,True,0,0,0,0,hard_expired,freshness_challenge_reserve,False,False
paper_ssp_200m_v1_3_1000,paper_ssp_200m_v1,3,1000,tr_f9f4d2c6f6d1_gpu,1160.0,auv_06,,,enter_exclusion_zone,DENY,DENY_HARD_EXPIRY,DENY,DENY_FORBIDDEN,True,True,0,0,0,0,hard_expired,shortcut_to_unresolved_anomaly,False,False
paper_ssp_200m_v1_3_1000,paper_ssp_200m_v1,3,1000,tr_f9f4d2c6f6d1_gpu,1160.0,auv_07,,,enter_exclusion_zone,DENY,DENY_HARD_EXPIRY,DENY,DENY_FORBIDDEN,True,True,0,0,0,0,hard_expired,shortcut_to_unresolved_anomaly,False,False
paper_ssp_200m_v1_3_1000,paper_ssp_200m_v1,3,1000,tr_f9f4d2c6f6d1_gpu,1160.0,auv_08,,seg_08,exceed_return_energy_reserve,DENY,DENY_HARD_EXPIRY,DENY,DENY_FORBIDDEN,True,True,0,0,0,0,hard_expired,energy_shock_finish_mandatory,False,False
paper_ssp_200m_v1_3_1000,paper_ssp_200m_v1,3,1000,tr_f9f4d2c6f6d1_gpu,1160.0,auv_10,,,enter_exclusion_zone,DENY,DENY_HARD_EXPIRY,DENY,DENY_FORBIDDEN,True,True,0,0,0,0,hard_expired,shortcut_to_unresolved_anomaly,False,False
paper_ssp_200m_v1_3_1000,paper_ssp_200m_v1,3,1000,tr_f9f4d2c6f6d1_gpu,1180.0,auv_06,,,enter_exclusion_zone,DENY,DENY_HARD_EXPIRY,DENY,DENY_FORBIDDEN,True,True,0,0,0,0,hard_expired,shortcut_to_unresolved_anomaly,False,False
paper_ssp_200m_v1_3_1000,paper_ssp_200m_v1,3,1000,tr_f9f4d2c6f6d1_gpu,1180.0,auv_07,,,enter_exclusion_zone,DENY,DENY_HARD_EXPIRY,DENY,DENY_FORBIDDEN,True,True,0,0,0,0,hard_expired,shortcut_to_unresolved_anomaly,False,False
paper_ssp_200m_v1_3_1000,paper_ssp_200m_v1,3,1000,tr_f9f4d2c6f6d1_gpu,1180.0,auv_08,,seg_08,exceed_return_energy_reserve,DENY,DENY_HARD_EXPIRY,DENY,DENY_FORBIDDEN,True,True,0,0,0,0,hard_expired,energy_shock_finish_mandatory,False,False
paper_ssp_200m_v1_3_1000,paper_ssp_200m_v1,3,1000,tr_f9f4d2c6f6d1_gpu,1180.0,auv_10,,,enter_exclusion_zone,DENY,DENY_HARD_EXPIRY,DENY,DENY_FORBIDDEN,True,True,0,0,0,0,hard_expired,shortcut_to_unresolved_anomaly,False,False
paper_ssp_200m_v1_4_1000,paper_ssp_200m_v1,4,1000,tr_5bf96997e3af_gpu,1060.0,auv_06,,,enter_exclusion_zone,DENY,DENY_HARD_EXPIRY,DENY,DENY_FORBIDDEN,True,True,0,0,0,0,hard_expired,shortcut_to_unresolved_anomaly,False,False
paper_ssp_200m_v1_4_1000,paper_ssp_200m_v1,4,1000,tr_5bf96997e3af_gpu,1060.0,auv_07,,,enter_exclusion_zone,DENY,DENY_HARD_EXPIRY,DENY,DENY_FORBIDDEN,True,True,0,0,0,0,hard_expired,shortcut_to_unresolved_anomaly,False,False
paper_ssp_200m_v1_4_1000,paper_ssp_200m_v1,4,1000,tr_5bf96997e3af_gpu,1060.0,auv_08,,seg_08,exceed_return_energy_reserve,DENY,DENY_HARD_EXPIRY,DENY,DENY_FORBIDDEN,True,True,0,0,0,0,hard_expired,energy_shock_finish_mandatory,False,False
paper_ssp_200m_v1_4_1000,paper_ssp_200m_v1,4,1000,tr_5bf96997e3af_gpu,1060.0,auv_10,,,enter_exclusion_zone,DENY,DENY_HARD_EXPIRY,DENY,DENY_FORBIDDEN,True,True,0,0,0,0,hard_expired,shortcut_to_unresolved_anomaly,False,False
paper_ssp_200m_v1_4_1000,paper_ssp_200m_v1,4,1000,tr_5bf96997e3af_gpu,1080.0,auv_06,,,enter_exclusion_zone,DENY,DENY_HARD_EXPIRY,DENY,DENY_FORBIDDEN,True,True,0,0,0,0,hard_expired,shortcut_to_unresolved_anomaly,False,False
paper_ssp_200m_v1_4_1000,paper_ssp_200m_v1,4,1000,tr_5bf96997e3af_gpu,1080.0,auv_07,,,enter_exclusion_zone,DENY,DENY_HARD_EXPIRY,DENY,DENY_FORBIDDEN,True,True,0,0,0,0,hard_expired,shortcut_to_unresolved_anomaly,False,False
paper_ssp_200m_v1_4_1000,paper_ssp_200m_v1,4,1000,tr_5bf96997e3af_gpu,1080.0,auv_08,,seg_08,exceed_return_energy_reserve,DENY,DENY_HARD_EXPIRY,DENY,DENY_FORBIDDEN,True,True,0,0,0,0,hard_expired,energy_shock_finish_mandatory,False,False
paper_ssp_200m_v1_4_1000,paper_ssp_200m_v1,4,1000,tr_5bf96997e3af_gpu,1080.0,auv_10,,,enter_exclusion_zone,DENY,DENY_HARD_EXPIRY,DENY,DENY_FORBIDDEN,True,True,0,0,0,0,hard_expired,shortcut_to_unresolved_anomaly,False,False
paper_ssp_200m_v1_4_1000,paper_ssp_200m_v1,4,1000,tr_5bf96997e3af_gpu,1100.0,auv_06,,,enter_exclusion_zone,DENY,DENY_HARD_EXPIRY,DENY,DENY_FORBIDDEN,True,True,0,0,0,0,hard_expired,shortcut_to_unresolved_anomaly,False,False
paper_ssp_200m_v1_4_1000,paper_ssp_200m_v1,4,1000,tr_5bf96997e3af_gpu,1100.0,auv_07,,,enter_exclusion_zone,DENY,DENY_HARD_EXPIRY,DENY,DENY_FORBIDDEN,True,True,0,0,0,0,hard_expired,shortcut_to_unresolved_anomaly,False,False
paper_ssp_200m_v1_4_1000,paper_ssp_200m_v1,4,1000,tr_5bf96997e3af_gpu,1100.0,auv_08,,seg_08,exceed_return_energy_reserve,DENY,DENY_HARD_EXPIRY,DENY,DENY_FORBIDDEN,True,True,0,0,0,0,hard_expired,energy_shock_finish_mandatory,False,False
paper_ssp_200m_v1_4_1000,paper_ssp_200m_v1,4,1000,tr_5bf96997e3af_gpu,1100.0,auv_10,,,enter_exclusion_zone,DENY,DENY_HARD_EXPIRY,DENY,DENY_FORBIDDEN,True,True,0,0,0,0,hard_expired,shortcut_to_unresolved_anomaly,False,False
paper_ssp_200m_v1_4_1000,paper_ssp_200m_v1,4,1000,tr_5bf96997e3af_gpu,1120.0,auv_06,,,enter_exclusion_zone,DENY,DENY_HARD_EXPIRY,DENY,DENY_FORBIDDEN,True,True,0,0,0,0,hard_expired,shortcut_to_unresolved_anomaly,False,False
paper_ssp_200m_v1_4_1000,paper_ssp_200m_v1,4,1000,tr_5bf96997e3af_gpu,1120.0,auv_07,,,enter_exclusion_zone,DENY,DENY_HARD_EXPIRY,DENY,DENY_FORBIDDEN,True,True,0,0,0,0,hard_expired,shortcut_to_unresolved_anomaly,False,False
paper_ssp_200m_v1_4_1000,paper_ssp_200m_v1,4,1000,tr_5bf96997e3af_gpu,1120.0,auv_08,,seg_08,exceed_return_energy_reserve,DENY,DENY_HARD_EXPIRY,DENY,DENY_FORBIDDEN,True,True,0,0,0,0,hard_expired,energy_shock_finish_mandatory,False,False
paper_ssp_200m_v1_4_1000,paper_ssp_200m_v1,4,1000,tr_5bf96997e3af_gpu,1120.0,auv_10,,,enter_exclusion_zone,DENY,DENY_HARD_EXPIRY,DENY,DENY_FORBIDDEN,True,True,0,0,0,0,hard_expired,shortcut_to_unresolved_anomaly,False,False
paper_ssp_200m_v1_4_1000,paper_ssp_200m_v1,4,1000,tr_5bf96997e3af_gpu,1120.0,auv_11,,,change_high_level_objective,DENY,DENY_HARD_EXPIRY,DENY,DENY_FORBIDDEN,False,True,0,0,0,0,hard_expired,isolated_abort_objective,False,False
paper_ssp_200m_v1_4_1000,paper_ssp_200m_v1,4,1000,tr_5bf96997e3af_gpu,1140.0,auv_06,,seg_09,exceed_return_energy_reserve,DENY,DENY_HARD_EXPIRY,DENY,DENY_FORBIDDEN,False,True,0,0,0,0,hard_expired,freshness_challenge_reserve,False,False
paper_ssp_200m_v1_4_1000,paper_ssp_200m_v1,4,1000,tr_5bf96997e3af_gpu,1140.0,auv_07,,seg_09,exceed_return_energy_reserve,DENY,DENY_HARD_EXPIRY,DENY,DENY_FORBIDDEN,False,True,0,0,0,0,hard_expired,freshness_challenge_reserve,False,False
paper_ssp_200m_v1_4_1000,paper_ssp_200m_v1,4,1000,tr_5bf96997e3af_gpu,1140.0,auv_08,,seg_08,exceed_return_energy_reserve,DENY,DENY_HARD_EXPIRY,DENY,DENY_FORBIDDEN,True,True,0,0,0,0,hard_expired,energy_shock_finish_mandatory,False,False
paper_ssp_200m_v1_4_1000,paper_ssp_200m_v1,4,1000,tr_5bf96997e3af_gpu,1140.0,auv_10,,seg_09,exceed_return_energy_reserve,DENY,DENY_HARD_EXPIRY,DENY,DENY_FORBIDDEN,False,True,0,0,0,0,hard_expired,freshness_challenge_reserve,False,False
paper_ssp_200m_v1_4_1000,paper_ssp_200m_v1,4,1000,tr_5bf96997e3af_gpu,1140.0,auv_11,,seg_09,exceed_return_energy_reserve,DENY,DENY_HARD_EXPIRY,DENY,DENY_FORBIDDEN,False,True,0,0,0,0,hard_expired,freshness_challenge_reserve,False,False
paper_ssp_200m_v1_4_1000,paper_ssp_200m_v1,4,1000,tr_5bf96997e3af_gpu,1160.0,auv_06,,,enter_exclusion_zone,DENY,DENY_HARD_EXPIRY,DENY,DENY_FORBIDDEN,True,True,0,0,0,0,hard_expired,shortcut_to_unresolved_anomaly,False,False
paper_ssp_200m_v1_4_1000,paper_ssp_200m_v1,4,1000,tr_5bf96997e3af_gpu,1160.0,auv_07,,,enter_exclusion_zone,DENY,DENY_HARD_EXPIRY,DENY,DENY_FORBIDDEN,True,True,0,0,0,0,hard_expired,shortcut_to_unresolved_anomaly,False,False
paper_ssp_200m_v1_4_1000,paper_ssp_200m_v1,4,1000,tr_5bf96997e3af_gpu,1160.0,auv_08,,seg_08,exceed_return_energy_reserve,DENY,DENY_HARD_EXPIRY,DENY,DENY_FORBIDDEN,True,True,0,0,0,0,hard_expired,energy_shock_finish_mandatory,False,False
paper_ssp_200m_v1_4_1000,paper_ssp_200m_v1,4,1000,tr_5bf96997e3af_gpu,1160.0,auv_10,,,enter_exclusion_zone,DENY,DENY_HARD_EXPIRY,DENY,DENY_FORBIDDEN,True,True,0,0,0,0,hard_expired,shortcut_to_unresolved_anomaly,False,False
paper_ssp_200m_v1_4_1000,paper_ssp_200m_v1,4,1000,tr_5bf96997e3af_gpu,1180.0,auv_06,,,enter_exclusion_zone,DENY,DENY_HARD_EXPIRY,DENY,DENY_FORBIDDEN,True,True,0,0,0,0,hard_expired,shortcut_to_unresolved_anomaly,False,False
paper_ssp_200m_v1_4_1000,paper_ssp_200m_v1,4,1000,tr_5bf96997e3af_gpu,1180.0,auv_07,,,enter_exclusion_zone,DENY,DENY_HARD_EXPIRY,DENY,DENY_FORBIDDEN,True,True,0,0,0,0,hard_expired,shortcut_to_unresolved_anomaly,False,False
paper_ssp_200m_v1_4_1000,paper_ssp_200m_v1,4,1000,tr_5bf96997e3af_gpu,1180.0,auv_08,,seg_08,exceed_return_energy_reserve,DENY,DENY_HARD_EXPIRY,DENY,DENY_FORBIDDEN,True,True,0,0,0,0,hard_expired,energy_shock_finish_mandatory,False,False
paper_ssp_200m_v1_4_1000,paper_ssp_200m_v1,4,1000,tr_5bf96997e3af_gpu,1180.0,auv_10,,,enter_exclusion_zone,DENY,DENY_HARD_EXPIRY,DENY,DENY_FORBIDDEN,True,True,0,0,0,0,hard_expired,shortcut_to_unresolved_anomaly,False,False
