baseline,environment_id,outage,outage_duration_s,seed,trace_id,mission_utility,utility_without_conflict_penalty,semantic_conflicts_per_mission,conflict_by_kind,disconnected_consequential_execution_rate,violation_per_proposal,violation_per_executed_consequential,gco,governance_tx_bytes,mission_tx_bytes,total_tx_bytes,recon_status,recon_latency_s,reason_code_counts,freshness_proposed,coverage_by_freshness,coverage_by_connectivity,git_commit,config_hash
B1,paper_ssp_200m_v1,0,0.0,0,tr_54fb653caded_gpu,47.9171,53.9171,1,"{""conflicting_task_ownership"": 0, ""duplicate_execution"": 0, ""contradictory_reassignment"": 0, ""incompatible_mission_state"": 1, ""inconsistent_anomaly_state"": 0}",0.0,0.9857142857142858,0.9857142857142858,0.6210045662100456,8704,5312,14016,idle,0.0,"{""ALLOW_LOW_RISK"": 770, ""ALLOW_AUTHORIZED"": 70}","{""fresh"": 70, ""aging"": 0, ""stale"": 0, ""hard_expired"": 0}","{""fresh"": {""proposed"": 70, ""ALLOW"": 70, ""DENY"": 0, ""DEFER"": 0, ""fraction_of_consequential"": 1.0}, ""aging"": {""proposed"": 0, ""ALLOW"": 0, ""DENY"": 0, ""DEFER"": 0, ""fraction_of_consequential"": 0.0}, ""stale"": {""proposed"": 0, ""ALLOW"": 0, ""DENY"": 0, ""DEFER"": 0, ""fraction_of_consequential"": 0.0}, ""hard_expired"": {""proposed"": 0, ""ALLOW"": 0, ""DENY"": 0, ""DEFER"": 0, ""fraction_of_consequential"": 0.0}}","{""CONNECTED"": {""proposed"": 0, ""ALLOW"": 0.0, ""DENY"": 0.0, ""DEFER"": 0.0, ""fraction_of_consequential"": 0.0}, ""DEGRADED"": {""proposed"": 70, ""ALLOW"": 1.0, ""DENY"": 0.0, ""DEFER"": 0.0, ""fraction_of_consequential"": 1.0}, ""PARTITIONED"": {""proposed"": 0, ""ALLOW"": 0.0, ""DENY"": 0.0, ""DEFER"": 0.0, ""fraction_of_consequential"": 0.0}, ""ISOLATED"": {""proposed"": 0, ""ALLOW"": 0.0, ""DENY"": 0.0, ""DEFER"": 0.0, ""fraction_of_consequential"": 0.0}, ""RECOVERING"": {""proposed"": 0, ""ALLOW"": 0.0, ""DENY"": 0.0, ""DEFER"": 0.0, ""fraction_of_consequential"": 0.0}}",b0d804b41d6f708612dc345c3e165ef89bc8bd77,9ed5b67bb60b40f8
B2,paper_ssp_200m_v1,0,0.0,0,tr_54fb653caded_gpu,47.9171,53.9171,1,"{""conflicting_task_ownership"": 0, ""duplicate_execution"": 0, ""contradictory_reassignment"": 0, ""incompatible_mission_state"": 1, ""inconsistent_anomaly_state"": 0}",0.0,0.9857142857142858,0.9857142857142858,0.6210045662100456,8704,5312,14016,idle,0.0,"{""ALLOW_AUTHORIZED"": 840}","{""fresh"": 70, ""aging"": 0, ""stale"": 0, ""hard_expired"": 0}","{""fresh"": {""proposed"": 70, ""ALLOW"": 70, ""DENY"": 0, ""DEFER"": 0, ""fraction_of_consequential"": 1.0}, ""aging"": {""proposed"": 0, ""ALLOW"": 0, ""DENY"": 0, ""DEFER"": 0, ""fraction_of_consequential"": 0.0}, ""stale"": {""proposed"": 0, ""ALLOW"": 0, ""DENY"": 0, ""DEFER"": 0, ""fraction_of_consequential"": 0.0}, ""hard_expired"": {""proposed"": 0, ""ALLOW"": 0, ""DENY"": 0, ""DEFER"": 0, ""fraction_of_consequential"": 0.0}}","{""CONNECTED"": {""proposed"": 0, ""ALLOW"": 0.0, ""DENY"": 0.0, ""DEFER"": 0.0, ""fraction_of_consequential"": 0.0}, ""DEGRADED"": {""proposed"": 70, ""ALLOW"": 1.0, ""DENY"": 0.0, ""DEFER"": 0.0, ""fraction_of_consequential"": 1.0}, ""PARTITIONED"": {""proposed"": 0, ""ALLOW"": 0.0, ""DENY"": 0.0, ""DEFER"": 0.0, ""fraction_of_consequential"": 0.0}, ""ISOLATED"": {""proposed"": 0, ""ALLOW"": 0.0, ""DENY"": 0.0, ""DEFER"": 0.0, ""fraction_of_consequential"": 0.0}, ""RECOVERING"": {""proposed"": 0, ""ALLOW"": 0.0, ""DENY"": 0.0, ""DEFER"": 0.0, ""fraction_of_consequential"": 0.0}}",b0d804b41d6f708612dc345c3e165ef89bc8bd77,9ed5b67bb60b40f8
B3,paper_ssp_200m_v1,0,0.0,0,tr_54fb653caded_gpu,-30.0462,-30.0462,0,"{""conflicting_task_ownership"": 0, ""duplicate_execution"": 0, ""contradictory_reassignment"": 0, ""incompatible_mission_state"": 0, ""inconsistent_anomaly_state"": 0}",0.0,0.0,0.0,0.6224256292906178,8704,5280,13984,idle,0.0,"{""ALLOW_LOW_RISK"": 496, ""DENY_STATIC_BOUND"": 344}","{""fresh"": 344, ""aging"": 0, ""stale"": 0, ""hard_expired"": 0}","{""fresh"": {""proposed"": 344, ""ALLOW"": 0, ""DENY"": 344, ""DEFER"": 0, ""fraction_of_consequential"": 1.0}, ""aging"": {""proposed"": 0, ""ALLOW"": 0, ""DENY"": 0, ""DEFER"": 0, ""fraction_of_consequential"": 0.0}, ""stale"": {""proposed"": 0, ""ALLOW"": 0, ""DENY"": 0, ""DEFER"": 0, ""fraction_of_consequential"": 0.0}, ""hard_expired"": {""proposed"": 0, ""ALLOW"": 0, ""DENY"": 0, ""DEFER"": 0, ""fraction_of_consequential"": 0.0}}","{""CONNECTED"": {""proposed"": 0, ""ALLOW"": 0.0, ""DENY"": 0.0, ""DEFER"": 0.0, ""fraction_of_consequential"": 0.0}, ""DEGRADED"": {""proposed"": 344, ""ALLOW"": 0.0, ""DENY"": 1.0, ""DEFER"": 0.0, ""fraction_of_consequential"": 1.0}, ""PARTITIONED"": {""proposed"": 0, ""ALLOW"": 0.0, ""DENY"": 0.0, ""DEFER"": 0.0, ""fraction_of_consequential"": 0.0}, ""ISOLATED"": {""proposed"": 0, ""ALLOW"": 0.0, ""DENY"": 0.0, ""DEFER"": 0.0, ""fraction_of_consequential"": 0.0}, ""RECOVERING"": {""proposed"": 0, ""ALLOW"": 0.0, ""DENY"": 0.0, ""DEFER"": 0.0, ""fraction_of_consequential"": 0.0}}",b0d804b41d6f708612dc345c3e165ef89bc8bd77,9ed5b67bb60b40f8
B4,paper_ssp_200m_v1,0,0.0,0,tr_54fb653caded_gpu,47.9171,53.9171,1,"{""conflicting_task_ownership"": 0, ""duplicate_execution"": 0, ""contradictory_reassignment"": 0, ""incompatible_mission_state"": 1, ""inconsistent_anomaly_state"": 0}",0.0,0.9857142857142858,0.9857142857142858,0.6210045662100456,8704,5312,14016,idle,0.0,"{""ALLOW_LOW_RISK"": 770, ""ALLOW_AUTHORIZED"": 70}","{""fresh"": 70, ""aging"": 0, ""stale"": 0, ""hard_expired"": 0}","{""fresh"": {""proposed"": 70, ""ALLOW"": 70, ""DENY"": 0, ""DEFER"": 0, ""fraction_of_consequential"": 1.0}, ""aging"": {""proposed"": 0, ""ALLOW"": 0, ""DENY"": 0, ""DEFER"": 0, ""fraction_of_consequential"": 0.0}, ""stale"": {""proposed"": 0, ""ALLOW"": 0, ""DENY"": 0, ""DEFER"": 0, ""fraction_of_consequential"": 0.0}, ""hard_expired"": {""proposed"": 0, ""ALLOW"": 0, ""DENY"": 0, ""DEFER"": 0, ""fraction_of_consequential"": 0.0}}","{""CONNECTED"": {""proposed"": 0, ""ALLOW"": 0.0, ""DENY"": 0.0, ""DEFER"": 0.0, ""fraction_of_consequential"": 0.0}, ""DEGRADED"": {""proposed"": 70, ""ALLOW"": 1.0, ""DENY"": 0.0, ""DEFER"": 0.0, ""fraction_of_consequential"": 1.0}, ""PARTITIONED"": {""proposed"": 0, ""ALLOW"": 0.0, ""DENY"": 0.0, ""DEFER"": 0.0, ""fraction_of_consequential"": 0.0}, ""ISOLATED"": {""proposed"": 0, ""ALLOW"": 0.0, ""DENY"": 0.0, ""DEFER"": 0.0, ""fraction_of_consequential"": 0.0}, ""RECOVERING"": {""proposed"": 0, ""ALLOW"": 0.0, ""DENY"": 0.0, ""DEFER"": 0.0, ""fraction_of_consequential"": 0.0}}",b0d804b41d6f708612dc345c3e165ef89bc8bd77,9ed5b67bb60b40f8
B5_conservative,paper_ssp_200m_v1,0,0.0,0,tr_54fb653caded_gpu,-30.0462,-30.0462,0,"{""conflicting_task_ownership"": 0, ""duplicate_execution"": 0, ""contradictory_reassignment"": 0, ""incompatible_mission_state"": 0, ""inconsistent_anomaly_state"": 0}",0.0,0.0,0.0,0.6224256292906178,8704,5280,13984,idle,0.0,"{""ALLOW_LOW_RISK"": 496, ""DEFER_DEGRADED"": 344}","{""fresh"": 344, ""aging"": 0, ""stale"": 0, ""hard_expired"": 0}","{""fresh"": {""proposed"": 344, ""ALLOW"": 0, ""DENY"": 0, ""DEFER"": 344, ""fraction_of_consequential"": 1.0}, ""aging"": {""proposed"": 0, ""ALLOW"": 0, ""DENY"": 0, ""DEFER"": 0, ""fraction_of_consequential"": 0.0}, ""stale"": {""proposed"": 0, ""ALLOW"": 0, ""DENY"": 0, ""DEFER"": 0, ""fraction_of_consequential"": 0.0}, ""hard_expired"": {""proposed"": 0, ""ALLOW"": 0, ""DENY"": 0, ""DEFER"": 0, ""fraction_of_consequential"": 0.0}}","{""CONNECTED"": {""proposed"": 0, ""ALLOW"": 0.0, ""DENY"": 0.0, ""DEFER"": 0.0, ""fraction_of_consequential"": 0.0}, ""DEGRADED"": {""proposed"": 344, ""ALLOW"": 0.0, ""DENY"": 0.0, ""DEFER"": 1.0, ""fraction_of_consequential"": 1.0}, ""PARTITIONED"": {""proposed"": 0, ""ALLOW"": 0.0, ""DENY"": 0.0, ""DEFER"": 0.0, ""fraction_of_consequential"": 0.0}, ""ISOLATED"": {""proposed"": 0, ""ALLOW"": 0.0, ""DENY"": 0.0, ""DEFER"": 0.0, ""fraction_of_consequential"": 0.0}, ""RECOVERING"": {""proposed"": 0, ""ALLOW"": 0.0, ""DENY"": 0.0, ""DEFER"": 0.0, ""fraction_of_consequential"": 0.0}}",b0d804b41d6f708612dc345c3e165ef89bc8bd77,9ed5b67bb60b40f8
B5_nominal,paper_ssp_200m_v1,0,0.0,0,tr_54fb653caded_gpu,47.9171,53.9171,1,"{""conflicting_task_ownership"": 0, ""duplicate_execution"": 0, ""contradictory_reassignment"": 0, ""incompatible_mission_state"": 1, ""inconsistent_anomaly_state"": 0}",0.0,0.9857142857142858,0.9857142857142858,0.6210045662100456,8704,5312,14016,idle,0.0,"{""ALLOW_LOW_RISK"": 770, ""ALLOW_AUTHORIZED"": 70}","{""fresh"": 70, ""aging"": 0, ""stale"": 0, ""hard_expired"": 0}","{""fresh"": {""proposed"": 70, ""ALLOW"": 70, ""DENY"": 0, ""DEFER"": 0, ""fraction_of_consequential"": 1.0}, ""aging"": {""proposed"": 0, ""ALLOW"": 0, ""DENY"": 0, ""DEFER"": 0, ""fraction_of_consequential"": 0.0}, ""stale"": {""proposed"": 0, ""ALLOW"": 0, ""DENY"": 0, ""DEFER"": 0, ""fraction_of_consequential"": 0.0}, ""hard_expired"": {""proposed"": 0, ""ALLOW"": 0, ""DENY"": 0, ""DEFER"": 0, ""fraction_of_consequential"": 0.0}}","{""CONNECTED"": {""proposed"": 0, ""ALLOW"": 0.0, ""DENY"": 0.0, ""DEFER"": 0.0, ""fraction_of_consequential"": 0.0}, ""DEGRADED"": {""proposed"": 70, ""ALLOW"": 1.0, ""DENY"": 0.0, ""DEFER"": 0.0, ""fraction_of_consequential"": 1.0}, ""PARTITIONED"": {""proposed"": 0, ""ALLOW"": 0.0, ""DENY"": 0.0, ""DEFER"": 0.0, ""fraction_of_consequential"": 0.0}, ""ISOLATED"": {""proposed"": 0, ""ALLOW"": 0.0, ""DENY"": 0.0, ""DEFER"": 0.0, ""fraction_of_consequential"": 0.0}, ""RECOVERING"": {""proposed"": 0, ""ALLOW"": 0.0, ""DENY"": 0.0, ""DEFER"": 0.0, ""fraction_of_consequential"": 0.0}}",b0d804b41d6f708612dc345c3e165ef89bc8bd77,9ed5b67bb60b40f8
B5_permissive,paper_ssp_200m_v1,0,0.0,0,tr_54fb653caded_gpu,47.9171,53.9171,1,"{""conflicting_task_ownership"": 0, ""duplicate_execution"": 0, ""contradictory_reassignment"": 0, ""incompatible_mission_state"": 1, ""inconsistent_anomaly_state"": 0}",0.0,0.9857142857142858,0.9857142857142858,0.6210045662100456,8704,5312,14016,idle,0.0,"{""ALLOW_LOW_RISK"": 770, ""ALLOW_AUTHORIZED"": 70}","{""fresh"": 70, ""aging"": 0, ""stale"": 0, ""hard_expired"": 0}","{""fresh"": {""proposed"": 70, ""ALLOW"": 70, ""DENY"": 0, ""DEFER"": 0, ""fraction_of_consequential"": 1.0}, ""aging"": {""proposed"": 0, ""ALLOW"": 0, ""DENY"": 0, ""DEFER"": 0, ""fraction_of_consequential"": 0.0}, ""stale"": {""proposed"": 0, ""ALLOW"": 0, ""DENY"": 0, ""DEFER"": 0, ""fraction_of_consequential"": 0.0}, ""hard_expired"": {""proposed"": 0, ""ALLOW"": 0, ""DENY"": 0, ""DEFER"": 0, ""fraction_of_consequential"": 0.0}}","{""CONNECTED"": {""proposed"": 0, ""ALLOW"": 0.0, ""DENY"": 0.0, ""DEFER"": 0.0, ""fraction_of_consequential"": 0.0}, ""DEGRADED"": {""proposed"": 70, ""ALLOW"": 1.0, ""DENY"": 0.0, ""DEFER"": 0.0, ""fraction_of_consequential"": 1.0}, ""PARTITIONED"": {""proposed"": 0, ""ALLOW"": 0.0, ""DENY"": 0.0, ""DEFER"": 0.0, ""fraction_of_consequential"": 0.0}, ""ISOLATED"": {""proposed"": 0, ""ALLOW"": 0.0, ""DENY"": 0.0, ""DEFER"": 0.0, ""fraction_of_consequential"": 0.0}, ""RECOVERING"": {""proposed"": 0, ""ALLOW"": 0.0, ""DENY"": 0.0, ""DEFER"": 0.0, ""fraction_of_consequential"": 0.0}}",b0d804b41d6f708612dc345c3e165ef89bc8bd77,9ed5b67bb60b40f8
B1,paper_ssp_200m_v1,150,150.0,0,tr_54fb653caded_gpu,47.9177,53.9177,1,"{""conflicting_task_ownership"": 0, ""duplicate_execution"": 0, ""contradictory_reassignment"": 0, ""incompatible_mission_state"": 1, ""inconsistent_anomaly_state"": 0}",0.10526315789473684,0.881578947368421,0.9852941176470589,0.47232472324723246,8192,9152,17344,timeout,40.0,"{""ALLOW_LOW_RISK"": 764, ""ALLOW_AUTHORIZED"": 68, ""DENY_SUPERVISOR_UNREACHABLE"": 6, ""DENY_RECOVERING_CONSEQUENTIAL"": 2}","{""fresh"": 76, ""aging"": 0, ""stale"": 0, ""hard_expired"": 0}","{""fresh"": {""proposed"": 76, ""ALLOW"": 68, ""DENY"": 8, ""DEFER"": 0, ""fraction_of_consequential"": 1.0}, ""aging"": {""proposed"": 0, ""ALLOW"": 0, ""DENY"": 0, ""DEFER"": 0, ""fraction_of_consequential"": 0.0}, ""stale"": {""proposed"": 0, ""ALLOW"": 0, ""DENY"": 0, ""DEFER"": 0, ""fraction_of_consequential"": 0.0}, ""hard_expired"": {""proposed"": 0, ""ALLOW"": 0, ""DENY"": 0, ""DEFER"": 0, ""fraction_of_consequential"": 0.0}}","{""CONNECTED"": {""proposed"": 0, ""ALLOW"": 0.0, ""DENY"": 0.0, ""DEFER"": 0.0, ""fraction_of_consequential"": 0.0}, ""DEGRADED"": {""proposed"": 60, ""ALLOW"": 1.0, ""DENY"": 0.0, ""DEFER"": 0.0, ""fraction_of_consequential"": 0.7894736842105263}, ""PARTITIONED"": {""proposed"": 14, ""ALLOW"": 0.5714285714285714, ""DENY"": 0.42857142857142855, ""DEFER"": 0.0, ""fraction_of_consequential"": 0.18421052631578946}, ""ISOLATED"": {""proposed"": 0, ""ALLOW"": 0.0, ""DENY"": 0.0, ""DEFER"": 0.0, ""fraction_of_consequential"": 0.0}, ""RECOVERING"": {""proposed"": 2, ""ALLOW"": 0.0, ""DENY"": 1.0, ""DEFER"": 0.0, ""fraction_of_consequential"": 0.02631578947368421}}",b0d804b41d6f708612dc345c3e165ef89bc8bd77,422b54658bec81e1
B2,paper_ssp_200m_v1,150,150.0,0,tr_54fb653caded_gpu,41.923,53.923,2,"{""conflicting_task_ownership"": 0, ""duplicate_execution"": 0, ""contradictory_reassignment"": 1, ""incompatible_mission_state"": 1, ""inconsistent_anomaly_state"": 0}",0.21052631578947367,0.9210526315789473,0.9210526315789473,0.47232472324723246,8192,9152,17344,timeout,40.0,"{""ALLOW_AUTHORIZED"": 840}","{""fresh"": 76, ""aging"": 0, ""stale"": 0, ""hard_expired"": 0}","{""fresh"": {""proposed"": 76, ""ALLOW"": 76, ""DENY"": 0, ""DEFER"": 0, ""fraction_of_consequential"": 1.0}, ""aging"": {""proposed"": 0, ""ALLOW"": 0, ""DENY"": 0, ""DEFER"": 0, ""fraction_of_consequential"": 0.0}, ""stale"": {""proposed"": 0, ""ALLOW"": 0, ""DENY"": 0, ""DEFER"": 0, ""fraction_of_consequential"": 0.0}, ""hard_expired"": {""proposed"": 0, ""ALLOW"": 0, ""DENY"": 0, ""DEFER"": 0, ""fraction_of_consequential"": 0.0}}","{""CONNECTED"": {""proposed"": 0, ""ALLOW"": 0.0, ""DENY"": 0.0, ""DEFER"": 0.0, ""fraction_of_consequential"": 0.0}, ""DEGRADED"": {""proposed"": 60, ""ALLOW"": 1.0, ""DENY"": 0.0, ""DEFER"": 0.0, ""fraction_of_consequential"": 0.7894736842105263}, ""PARTITIONED"": {""proposed"": 14, ""ALLOW"": 1.0, ""DENY"": 0.0, ""DEFER"": 0.0, ""fraction_of_consequential"": 0.18421052631578946}, ""ISOLATED"": {""proposed"": 0, ""ALLOW"": 0.0, ""DENY"": 0.0, ""DEFER"": 0.0, ""fraction_of_consequential"": 0.0}, ""RECOVERING"": {""proposed"": 2, ""ALLOW"": 1.0, ""DENY"": 0.0, ""DEFER"": 0.0, ""fraction_of_consequential"": 0.02631578947368421}}",b0d804b41d6f708612dc345c3e165ef89bc8bd77,422b54658bec81e1
B3,paper_ssp_200m_v1,150,150.0,0,tr_54fb653caded_gpu,-30.046,-30.046,0,"{""conflicting_task_ownership"": 0, ""duplicate_execution"": 0, ""contradictory_reassignment"": 0, ""incompatible_mission_state"": 0, ""inconsistent_anomaly_state"": 0}",0.0,0.0,0.0,0.4731977818853974,8192,9120,17312,timeout,40.0,"{""ALLOW_LOW_RISK"": 494, ""DENY_STATIC_BOUND"": 346}","{""fresh"": 342, ""aging"": 4, ""stale"": 0, ""hard_expired"": 0}","{""fresh"": {""proposed"": 342, ""ALLOW"": 0, ""DENY"": 342, ""DEFER"": 0, ""fraction_of_consequential"": 0.9884393063583815}, ""aging"": {""proposed"": 4, ""ALLOW"": 0, ""DENY"": 4, ""DEFER"": 0, ""fraction_of_consequential"": 0.011560693641618497}, ""stale"": {""proposed"": 0, ""ALLOW"": 0, ""DENY"": 0, ""DEFER"": 0, ""fraction_of_consequential"": 0.0}, ""hard_expired"": {""proposed"": 0, ""ALLOW"": 0, ""DENY"": 0, ""DEFER"": 0, ""fraction_of_consequential"": 0.0}}","{""CONNECTED"": {""proposed"": 0, ""ALLOW"": 0.0, ""DENY"": 0.0, ""DEFER"": 0.0, ""fraction_of_consequential"": 0.0}, ""DEGRADED"": {""proposed"": 294, ""ALLOW"": 0.0, ""DENY"": 1.0, ""DEFER"": 0.0, ""fraction_of_consequential"": 0.8497109826589595}, ""PARTITIONED"": {""proposed"": 42, ""ALLOW"": 0.0, ""DENY"": 1.0, ""DEFER"": 0.0, ""fraction_of_consequential"": 0.12138728323699421}, ""ISOLATED"": {""proposed"": 0, ""ALLOW"": 0.0, ""DENY"": 0.0, ""DEFER"": 0.0, ""fraction_of_consequential"": 0.0}, ""RECOVERING"": {""proposed"": 10, ""ALLOW"": 0.0, ""DENY"": 1.0, ""DEFER"": 0.0, ""fraction_of_consequential"": 0.028901734104046242}}",b0d804b41d6f708612dc345c3e165ef89bc8bd77,422b54658bec81e1
B4,paper_ssp_200m_v1,150,150.0,0,tr_54fb653caded_gpu,41.923,53.923,2,"{""conflicting_task_ownership"": 0, ""duplicate_execution"": 0, ""contradictory_reassignment"": 1, ""incompatible_mission_state"": 1, ""inconsistent_anomaly_state"": 0}",0.18421052631578946,0.8947368421052632,0.918918918918919,0.47232472324723246,8192,9152,17344,timeout,40.0,"{""ALLOW_LOW_RISK"": 764, ""ALLOW_AUTHORIZED"": 74, ""DENY_RECOVERING_HARD_SAFETY"": 2}","{""fresh"": 76, ""aging"": 0, ""stale"": 0, ""hard_expired"": 0}","{""fresh"": {""proposed"": 76, ""ALLOW"": 74, ""DENY"": 2, ""DEFER"": 0, ""fraction_of_consequential"": 1.0}, ""aging"": {""proposed"": 0, ""ALLOW"": 0, ""DENY"": 0, ""DEFER"": 0, ""fraction_of_consequential"": 0.0}, ""stale"": {""proposed"": 0, ""ALLOW"": 0, ""DENY"": 0, ""DEFER"": 0, ""fraction_of_consequential"": 0.0}, ""hard_expired"": {""proposed"": 0, ""ALLOW"": 0, ""DENY"": 0, ""DEFER"": 0, ""fraction_of_consequential"": 0.0}}","{""CONNECTED"": {""proposed"": 0, ""ALLOW"": 0.0, ""DENY"": 0.0, ""DEFER"": 0.0, ""fraction_of_consequential"": 0.0}, ""DEGRADED"": {""proposed"": 60, ""ALLOW"": 1.0, ""DENY"": 0.0, ""DEFER"": 0.0, ""fraction_of_consequential"": 0.7894736842105263}, ""PARTITIONED"": {""proposed"": 14, ""ALLOW"": 1.0, ""DENY"": 0.0, ""DEFER"": 0.0, ""fraction_of_consequential"": 0.18421052631578946}, ""ISOLATED"": {""proposed"": 0, ""ALLOW"": 0.0, ""DENY"": 0.0, ""DEFER"": 0.0, ""fraction_of_consequential"": 0.0}, ""RECOVERING"": {""proposed"": 2, ""ALLOW"": 0.0, ""DENY"": 1.0, ""DEFER"": 0.0, ""fraction_of_consequential"": 0.02631578947368421}}",b0d804b41d6f708612dc345c3e165ef89bc8bd77,422b54658bec81e1
B5_conservative,paper_ssp_200m_v1,150,150.0,0,tr_54fb653caded_gpu,-30.046,-30.046,0,"{""conflicting_task_ownership"": 0, ""duplicate_execution"": 0, ""contradictory_reassignment"": 0, ""incompatible_mission_state"": 0, ""inconsistent_anomaly_state"": 0}",0.0,0.0,0.0,0.4731977818853974,8192,9120,17312,timeout,40.0,"{""ALLOW_LOW_RISK"": 494, ""DEFER_DEGRADED"": 294, ""DENY_CONNECTIVITY_POLICY"": 52}","{""fresh"": 342, ""aging"": 4, ""stale"": 0, ""hard_expired"": 0}","{""fresh"": {""proposed"": 342, ""ALLOW"": 0, ""DENY"": 48, ""DEFER"": 294, ""fraction_of_consequential"": 0.9884393063583815}, ""aging"": {""proposed"": 4, ""ALLOW"": 0, ""DENY"": 4, ""DEFER"": 0, ""fraction_of_consequential"": 0.011560693641618497}, ""stale"": {""proposed"": 0, ""ALLOW"": 0, ""DENY"": 0, ""DEFER"": 0, ""fraction_of_consequential"": 0.0}, ""hard_expired"": {""proposed"": 0, ""ALLOW"": 0, ""DENY"": 0, ""DEFER"": 0, ""fraction_of_consequential"": 0.0}}","{""CONNECTED"": {""proposed"": 0, ""ALLOW"": 0.0, ""DENY"": 0.0, ""DEFER"": 0.0, ""fraction_of_consequential"": 0.0}, ""DEGRADED"": {""proposed"": 294, ""ALLOW"": 0.0, ""DENY"": 0.0, ""DEFER"": 1.0, ""fraction_of_consequential"": 0.8497109826589595}, ""PARTITIONED"": {""proposed"": 42, ""ALLOW"": 0.0, ""DENY"": 1.0, ""DEFER"": 0.0, ""fraction_of_consequential"": 0.12138728323699421}, ""ISOLATED"": {""proposed"": 0, ""ALLOW"": 0.0, ""DENY"": 0.0, ""DEFER"": 0.0, ""fraction_of_consequential"": 0.0}, ""RECOVERING"": {""proposed"": 10, ""ALLOW"": 0.0, ""DENY"": 1.0, ""DEFER"": 0.0, ""fraction_of_consequential"": 0.028901734104046242}}",b0d804b41d6f708612dc345c3e165ef89bc8bd77,422b54658bec81e1
B5_nominal,paper_ssp_200m_v1,150,150.0,0,tr_54fb653caded_gpu,41.923,53.923,2,"{""conflicting_task_ownership"": 0, ""duplicate_execution"": 0, ""contradictory_reassignment"": 1, ""incompatible_mission_state"": 1, ""inconsistent_anomaly_state"": 0}",0.21052631578947367,0.9210526315789473,0.9210526315789473,0.47232472324723246,8192,9152,17344,timeout,40.0,"{""ALLOW_LOW_RISK"": 764, ""ALLOW_AUTHORIZED"": 76}","{""fresh"": 76, ""aging"": 0, ""stale"": 0, ""hard_expired"": 0}","{""fresh"": {""proposed"": 76, ""ALLOW"": 76, ""DENY"": 0, ""DEFER"": 0, ""fraction_of_consequential"": 1.0}, ""aging"": {""proposed"": 0, ""ALLOW"": 0, ""DENY"": 0, ""DEFER"": 0, ""fraction_of_consequential"": 0.0}, ""stale"": {""proposed"": 0, ""ALLOW"": 0, ""DENY"": 0, ""DEFER"": 0, ""fraction_of_consequential"": 0.0}, ""hard_expired"": {""proposed"": 0, ""ALLOW"": 0, ""DENY"": 0, ""DEFER"": 0, ""fraction_of_consequential"": 0.0}}","{""CONNECTED"": {""proposed"": 0, ""ALLOW"": 0.0, ""DENY"": 0.0, ""DEFER"": 0.0, ""fraction_of_consequential"": 0.0}, ""DEGRADED"": {""proposed"": 60, ""ALLOW"": 1.0, ""DENY"": 0.0, ""DEFER"": 0.0, ""fraction_of_consequential"": 0.7894736842105263}, ""PARTITIONED"": {""proposed"": 14, ""ALLOW"": 1.0, ""DENY"": 0.0, ""DEFER"": 0.0, ""fraction_of_consequential"": 0.18421052631578946}, ""ISOLATED"": {""proposed"": 0, ""ALLOW"": 0.0, ""DENY"": 0.0, ""DEFER"": 0.0, ""fraction_of_consequential"": 0.0}, ""RECOVERING"": {""proposed"": 2, ""ALLOW"": 1.0, ""DENY"": 0.0, ""DEFER"": 0.0, ""fraction_of_consequential"": 0.02631578947368421}}",b0d804b41d6f708612dc345c3e165ef89bc8bd77,422b54658bec81e1
B5_permissive,paper_ssp_200m_v1,150,150.0,0,tr_54fb653caded_gpu,41.923,53.923,2,"{""conflicting_task_ownership"": 0, ""duplicate_execution"": 0, ""contradictory_reassignment"": 1, ""incompatible_mission_state"": 1, ""inconsistent_anomaly_state"": 0}",0.21052631578947367,0.9210526315789473,0.9210526315789473,0.47232472324723246,8192,9152,17344,timeout,40.0,"{""ALLOW_LOW_RISK"": 764, ""ALLOW_AUTHORIZED"": 76}","{""fresh"": 76, ""aging"": 0, ""stale"": 0, ""hard_expired"": 0}","{""fresh"": {""proposed"": 76, ""ALLOW"": 76, ""DENY"": 0, ""DEFER"": 0, ""fraction_of_consequential"": 1.0}, ""aging"": {""proposed"": 0, ""ALLOW"": 0, ""DENY"": 0, ""DEFER"": 0, ""fraction_of_consequential"": 0.0}, ""stale"": {""proposed"": 0, ""ALLOW"": 0, ""DENY"": 0, ""DEFER"": 0, ""fraction_of_consequential"": 0.0}, ""hard_expired"": {""proposed"": 0, ""ALLOW"": 0, ""DENY"": 0, ""DEFER"": 0, ""fraction_of_consequential"": 0.0}}","{""CONNECTED"": {""proposed"": 0, ""ALLOW"": 0.0, ""DENY"": 0.0, ""DEFER"": 0.0, ""fraction_of_consequential"": 0.0}, ""DEGRADED"": {""proposed"": 60, ""ALLOW"": 1.0, ""DENY"": 0.0, ""DEFER"": 0.0, ""fraction_of_consequential"": 0.7894736842105263}, ""PARTITIONED"": {""proposed"": 14, ""ALLOW"": 1.0, ""DENY"": 0.0, ""DEFER"": 0.0, ""fraction_of_consequential"": 0.18421052631578946}, ""ISOLATED"": {""proposed"": 0, ""ALLOW"": 0.0, ""DENY"": 0.0, ""DEFER"": 0.0, ""fraction_of_consequential"": 0.0}, ""RECOVERING"": {""proposed"": 2, ""ALLOW"": 1.0, ""DENY"": 0.0, ""DEFER"": 0.0, ""fraction_of_consequential"": 0.02631578947368421}}",b0d804b41d6f708612dc345c3e165ef89bc8bd77,422b54658bec81e1
B1,paper_ssp_200m_v1,300,300.0,0,tr_54fb653caded_gpu,47.9183,53.9183,1,"{""conflicting_task_ownership"": 0, ""duplicate_execution"": 0, ""contradictory_reassignment"": 0, ""incompatible_mission_state"": 1, ""inconsistent_anomaly_state"": 0}",0.18292682926829268,0.8170731707317073,0.9852941176470589,0.3956723338485317,8192,12512,20704,timeout,40.0,"{""ALLOW_LOW_RISK"": 758, ""ALLOW_AUTHORIZED"": 68, ""DENY_SUPERVISOR_UNREACHABLE"": 12, ""DENY_RECOVERING_CONSEQUENTIAL"": 2}","{""fresh"": 76, ""aging"": 6, ""stale"": 0, ""hard_expired"": 0}","{""fresh"": {""proposed"": 76, ""ALLOW"": 68, ""DENY"": 8, ""DEFER"": 0, ""fraction_of_consequential"": 0.926829268292683}, ""aging"": {""proposed"": 6, ""ALLOW"": 0, ""DENY"": 6, ""DEFER"": 0, ""fraction_of_consequential"": 0.07317073170731707}, ""stale"": {""proposed"": 0, ""ALLOW"": 0, ""DENY"": 0, ""DEFER"": 0, ""fraction_of_consequential"": 0.0}, ""hard_expired"": {""proposed"": 0, ""ALLOW"": 0, ""DENY"": 0, ""DEFER"": 0, ""fraction_of_consequential"": 0.0}}","{""CONNECTED"": {""proposed"": 0, ""ALLOW"": 0.0, ""DENY"": 0.0, ""DEFER"": 0.0, ""fraction_of_consequential"": 0.0}, ""DEGRADED"": {""proposed"": 53, ""ALLOW"": 1.0, ""DENY"": 0.0, ""DEFER"": 0.0, ""fraction_of_consequential"": 0.6463414634146342}, ""PARTITIONED"": {""proposed"": 27, ""ALLOW"": 0.5555555555555556, ""DENY"": 0.4444444444444444, ""DEFER"": 0.0, ""fraction_of_consequential"": 0.32926829268292684}, ""ISOLATED"": {""proposed"": 0, ""ALLOW"": 0.0, ""DENY"": 0.0, ""DEFER"": 0.0, ""fraction_of_consequential"": 0.0}, ""RECOVERING"": {""proposed"": 2, ""ALLOW"": 0.0, ""DENY"": 1.0, ""DEFER"": 0.0, ""fraction_of_consequential"": 0.024390243902439025}}",b0d804b41d6f708612dc345c3e165ef89bc8bd77,4c1fe54d4c86b108
B2,paper_ssp_200m_v1,300,300.0,0,tr_54fb653caded_gpu,-14.0806,21.9194,6,"{""conflicting_task_ownership"": 0, ""duplicate_execution"": 0, ""contradictory_reassignment"": 1, ""incompatible_mission_state"": 1, ""inconsistent_anomaly_state"": 4}",0.3375,0.925,0.925,0.3956723338485317,8192,12512,20704,timeout,40.0,"{""ALLOW_AUTHORIZED"": 840}","{""fresh"": 76, ""aging"": 4, ""stale"": 0, ""hard_expired"": 0}","{""fresh"": {""proposed"": 76, ""ALLOW"": 76, ""DENY"": 0, ""DEFER"": 0, ""fraction_of_consequential"": 0.95}, ""aging"": {""proposed"": 4, ""ALLOW"": 4, ""DENY"": 0, ""DEFER"": 0, ""fraction_of_consequential"": 0.05}, ""stale"": {""proposed"": 0, ""ALLOW"": 0, ""DENY"": 0, ""DEFER"": 0, ""fraction_of_consequential"": 0.0}, ""hard_expired"": {""proposed"": 0, ""ALLOW"": 0, ""DENY"": 0, ""DEFER"": 0, ""fraction_of_consequential"": 0.0}}","{""CONNECTED"": {""proposed"": 0, ""ALLOW"": 0.0, ""DENY"": 0.0, ""DEFER"": 0.0, ""fraction_of_consequential"": 0.0}, ""DEGRADED"": {""proposed"": 53, ""ALLOW"": 1.0, ""DENY"": 0.0, ""DEFER"": 0.0, ""fraction_of_consequential"": 0.6625}, ""PARTITIONED"": {""proposed"": 25, ""ALLOW"": 1.0, ""DENY"": 0.0, ""DEFER"": 0.0, ""fraction_of_consequential"": 0.3125}, ""ISOLATED"": {""proposed"": 0, ""ALLOW"": 0.0, ""DENY"": 0.0, ""DEFER"": 0.0, ""fraction_of_consequential"": 0.0}, ""RECOVERING"": {""proposed"": 2, ""ALLOW"": 1.0, ""DENY"": 0.0, ""DEFER"": 0.0, ""fraction_of_consequential"": 0.025}}",b0d804b41d6f708612dc345c3e165ef89bc8bd77,4c1fe54d4c86b108
B3,paper_ssp_200m_v1,300,300.0,0,tr_54fb653caded_gpu,-30.0458,-30.0458,0,"{""conflicting_task_ownership"": 0, ""duplicate_execution"": 0, ""contradictory_reassignment"": 0, ""incompatible_mission_state"": 0, ""inconsistent_anomaly_state"": 0}",0.0,0.0,0.0,0.39628482972136225,8192,12480,20672,timeout,40.0,"{""ALLOW_LOW_RISK"": 492, ""DENY_STATIC_BOUND"": 348}","{""fresh"": 314, ""aging"": 34, ""stale"": 0, ""hard_expired"": 0}","{""fresh"": {""proposed"": 314, ""ALLOW"": 0, ""DENY"": 314, ""DEFER"": 0, ""fraction_of_consequential"": 0.9022988505747126}, ""aging"": {""proposed"": 34, ""ALLOW"": 0, ""DENY"": 34, ""DEFER"": 0, ""fraction_of_consequential"": 0.09770114942528736}, ""stale"": {""proposed"": 0, ""ALLOW"": 0, ""DENY"": 0, ""DEFER"": 0, ""fraction_of_consequential"": 0.0}, ""hard_expired"": {""proposed"": 0, ""ALLOW"": 0, ""DENY"": 0, ""DEFER"": 0, ""fraction_of_consequential"": 0.0}}","{""CONNECTED"": {""proposed"": 0, ""ALLOW"": 0.0, ""DENY"": 0.0, ""DEFER"": 0.0, ""fraction_of_consequential"": 0.0}, ""DEGRADED"": {""proposed"": 259, ""ALLOW"": 0.0, ""DENY"": 1.0, ""DEFER"": 0.0, ""fraction_of_consequential"": 0.7442528735632183}, ""PARTITIONED"": {""proposed"": 79, ""ALLOW"": 0.0, ""DENY"": 1.0, ""DEFER"": 0.0, ""fraction_of_consequential"": 0.22701149425287356}, ""ISOLATED"": {""proposed"": 0, ""ALLOW"": 0.0, ""DENY"": 0.0, ""DEFER"": 0.0, ""fraction_of_consequential"": 0.0}, ""RECOVERING"": {""proposed"": 10, ""ALLOW"": 0.0, ""DENY"": 1.0, ""DEFER"": 0.0, ""fraction_of_consequential"": 0.028735632183908046}}",b0d804b41d6f708612dc345c3e165ef89bc8bd77,4c1fe54d4c86b108
B4,paper_ssp_200m_v1,300,300.0,0,tr_54fb653caded_gpu,-14.0806,21.9194,6,"{""conflicting_task_ownership"": 0, ""duplicate_execution"": 0, ""contradictory_reassignment"": 1, ""incompatible_mission_state"": 1, ""inconsistent_anomaly_state"": 4}",0.3125,0.9,0.9230769230769231,0.3956723338485317,8192,12512,20704,timeout,40.0,"{""ALLOW_LOW_RISK"": 760, ""ALLOW_AUTHORIZED"": 78, ""DENY_RECOVERING_HARD_SAFETY"": 2}","{""fresh"": 76, ""aging"": 4, ""stale"": 0, ""hard_expired"": 0}","{""fresh"": {""proposed"": 76, ""ALLOW"": 74, ""DENY"": 2, ""DEFER"": 0, ""fraction_of_consequential"": 0.95}, ""aging"": {""proposed"": 4, ""ALLOW"": 4, ""DENY"": 0, ""DEFER"": 0, ""fraction_of_consequential"": 0.05}, ""stale"": {""proposed"": 0, ""ALLOW"": 0, ""DENY"": 0, ""DEFER"": 0, ""fraction_of_consequential"": 0.0}, ""hard_expired"": {""proposed"": 0, ""ALLOW"": 0, ""DENY"": 0, ""DEFER"": 0, ""fraction_of_consequential"": 0.0}}","{""CONNECTED"": {""proposed"": 0, ""ALLOW"": 0.0, ""DENY"": 0.0, ""DEFER"": 0.0, ""fraction_of_consequential"": 0.0}, ""DEGRADED"": {""proposed"": 53, ""ALLOW"": 1.0, ""DENY"": 0.0, ""DEFER"": 0.0, ""fraction_of_consequential"": 0.6625}, ""PARTITIONED"": {""proposed"": 25, ""ALLOW"": 1.0, ""DENY"": 0.0, ""DEFER"": 0.0, ""fraction_of_consequential"": 0.3125}, ""ISOLATED"": {""proposed"": 0, ""ALLOW"": 0.0, ""DENY"": 0.0, ""DEFER"": 0.0, ""fraction_of_consequential"": 0.0}, ""RECOVERING"": {""proposed"": 2, ""ALLOW"": 0.0, ""DENY"": 1.0, ""DEFER"": 0.0, ""fraction_of_consequential"": 0.025}}",b0d804b41d6f708612dc345c3e165ef89bc8bd77,4c1fe54d4c86b108
B5_conservative,paper_ssp_200m_v1,300,300.0,0,tr_54fb653caded_gpu,-30.0458,-30.0458,0,"{""conflicting_task_ownership"": 0, ""duplicate_execution"": 0, ""contradictory_reassignment"": 0, ""incompatible_mission_state"": 0, ""inconsistent_anomaly_state"": 0}",0.0,0.0,0.0,0.39628482972136225,8192,12480,20672,timeout,40.0,"{""ALLOW_LOW_RISK"": 492, ""DEFER_DEGRADED"": 259, ""DENY_CONNECTIVITY_POLICY"": 89}","{""fresh"": 314, ""aging"": 34, ""stale"": 0, ""hard_expired"": 0}","{""fresh"": {""proposed"": 314, ""ALLOW"": 0, ""DENY"": 55, ""DEFER"": 259, ""fraction_of_consequential"": 0.9022988505747126}, ""aging"": {""proposed"": 34, ""ALLOW"": 0, ""DENY"": 34, ""DEFER"": 0, ""fraction_of_consequential"": 0.09770114942528736}, ""stale"": {""proposed"": 0, ""ALLOW"": 0, ""DENY"": 0, ""DEFER"": 0, ""fraction_of_consequential"": 0.0}, ""hard_expired"": {""proposed"": 0, ""ALLOW"": 0, ""DENY"": 0, ""DEFER"": 0, ""fraction_of_consequential"": 0.0}}","{""CONNECTED"": {""proposed"": 0, ""ALLOW"": 0.0, ""DENY"": 0.0, ""DEFER"": 0.0, ""fraction_of_consequential"": 0.0}, ""DEGRADED"": {""proposed"": 259, ""ALLOW"": 0.0, ""DENY"": 0.0, ""DEFER"": 1.0, ""fraction_of_consequential"": 0.7442528735632183}, ""PARTITIONED"": {""proposed"": 79, ""ALLOW"": 0.0, ""DENY"": 1.0, ""DEFER"": 0.0, ""fraction_of_consequential"": 0.22701149425287356}, ""ISOLATED"": {""proposed"": 0, ""ALLOW"": 0.0, ""DENY"": 0.0, ""DEFER"": 0.0, ""fraction_of_consequential"": 0.0}, ""RECOVERING"": {""proposed"": 10, ""ALLOW"": 0.0, ""DENY"": 1.0, ""DEFER"": 0.0, ""fraction_of_consequential"": 0.028735632183908046}}",b0d804b41d6f708612dc345c3e165ef89bc8bd77,4c1fe54d4c86b108
B5_nominal,paper_ssp_200m_v1,300,300.0,0,tr_54fb653caded_gpu,-14.0806,21.9194,6,"{""conflicting_task_ownership"": 0, ""duplicate_execution"": 0, ""contradictory_reassignment"": 1, ""incompatible_mission_state"": 1, ""inconsistent_anomaly_state"": 4}",0.3375,0.925,0.925,0.3956723338485317,8192,12512,20704,timeout,40.0,"{""ALLOW_LOW_RISK"": 760, ""ALLOW_AUTHORIZED"": 80}","{""fresh"": 76, ""aging"": 4, ""stale"": 0, ""hard_expired"": 0}","{""fresh"": {""proposed"": 76, ""ALLOW"": 76, ""DENY"": 0, ""DEFER"": 0, ""fraction_of_consequential"": 0.95}, ""aging"": {""proposed"": 4, ""ALLOW"": 4, ""DENY"": 0, ""DEFER"": 0, ""fraction_of_consequential"": 0.05}, ""stale"": {""proposed"": 0, ""ALLOW"": 0, ""DENY"": 0, ""DEFER"": 0, ""fraction_of_consequential"": 0.0}, ""hard_expired"": {""proposed"": 0, ""ALLOW"": 0, ""DENY"": 0, ""DEFER"": 0, ""fraction_of_consequential"": 0.0}}","{""CONNECTED"": {""proposed"": 0, ""ALLOW"": 0.0, ""DENY"": 0.0, ""DEFER"": 0.0, ""fraction_of_consequential"": 0.0}, ""DEGRADED"": {""proposed"": 53, ""ALLOW"": 1.0, ""DENY"": 0.0, ""DEFER"": 0.0, ""fraction_of_consequential"": 0.6625}, ""PARTITIONED"": {""proposed"": 25, ""ALLOW"": 1.0, ""DENY"": 0.0, ""DEFER"": 0.0, ""fraction_of_consequential"": 0.3125}, ""ISOLATED"": {""proposed"": 0, ""ALLOW"": 0.0, ""DENY"": 0.0, ""DEFER"": 0.0, ""fraction_of_consequential"": 0.0}, ""RECOVERING"": {""proposed"": 2, ""ALLOW"": 1.0, ""DENY"": 0.0, ""DEFER"": 0.0, ""fraction_of_consequential"": 0.025}}",b0d804b41d6f708612dc345c3e165ef89bc8bd77,4c1fe54d4c86b108
B5_permissive,paper_ssp_200m_v1,300,300.0,0,tr_54fb653caded_gpu,-14.0806,21.9194,6,"{""conflicting_task_ownership"": 0, ""duplicate_execution"": 0, ""contradictory_reassignment"": 1, ""incompatible_mission_state"": 1, ""inconsistent_anomaly_state"": 4}",0.3375,0.925,0.925,0.3956723338485317,8192,12512,20704,timeout,40.0,"{""ALLOW_LOW_RISK"": 760, ""ALLOW_AUTHORIZED"": 80}","{""fresh"": 76, ""aging"": 4, ""stale"": 0, ""hard_expired"": 0}","{""fresh"": {""proposed"": 76, ""ALLOW"": 76, ""DENY"": 0, ""DEFER"": 0, ""fraction_of_consequential"": 0.95}, ""aging"": {""proposed"": 4, ""ALLOW"": 4, ""DENY"": 0, ""DEFER"": 0, ""fraction_of_consequential"": 0.05}, ""stale"": {""proposed"": 0, ""ALLOW"": 0, ""DENY"": 0, ""DEFER"": 0, ""fraction_of_consequential"": 0.0}, ""hard_expired"": {""proposed"": 0, ""ALLOW"": 0, ""DENY"": 0, ""DEFER"": 0, ""fraction_of_consequential"": 0.0}}","{""CONNECTED"": {""proposed"": 0, ""ALLOW"": 0.0, ""DENY"": 0.0, ""DEFER"": 0.0, ""fraction_of_consequential"": 0.0}, ""DEGRADED"": {""proposed"": 53, ""ALLOW"": 1.0, ""DENY"": 0.0, ""DEFER"": 0.0, ""fraction_of_consequential"": 0.6625}, ""PARTITIONED"": {""proposed"": 25, ""ALLOW"": 1.0, ""DENY"": 0.0, ""DEFER"": 0.0, ""fraction_of_consequential"": 0.3125}, ""ISOLATED"": {""proposed"": 0, ""ALLOW"": 0.0, ""DENY"": 0.0, ""DEFER"": 0.0, ""fraction_of_consequential"": 0.0}, ""RECOVERING"": {""proposed"": 2, ""ALLOW"": 1.0, ""DENY"": 0.0, ""DEFER"": 0.0, ""fraction_of_consequential"": 0.025}}",b0d804b41d6f708612dc345c3e165ef89bc8bd77,4c1fe54d4c86b108
B1,paper_ssp_200m_v1,500,500.0,0,tr_54fb653caded_gpu,47.9189,53.9189,1,"{""conflicting_task_ownership"": 0, ""duplicate_execution"": 0, ""contradictory_reassignment"": 0, ""incompatible_mission_state"": 1, ""inconsistent_anomaly_state"": 0}",0.2840909090909091,0.7613636363636364,0.9852941176470589,0.38152011922503726,8192,13280,21472,timeout,40.0,"{""ALLOW_LOW_RISK"": 752, ""ALLOW_AUTHORIZED"": 68, ""DENY_SUPERVISOR_UNREACHABLE"": 18, ""DENY_RECOVERING_CONSEQUENTIAL"": 2}","{""fresh"": 76, ""aging"": 6, ""stale"": 6, ""hard_expired"": 0}","{""fresh"": {""proposed"": 76, ""ALLOW"": 68, ""DENY"": 8, ""DEFER"": 0, ""fraction_of_consequential"": 0.8636363636363636}, ""aging"": {""proposed"": 6, ""ALLOW"": 0, ""DENY"": 6, ""DEFER"": 0, ""fraction_of_consequential"": 0.06818181818181818}, ""stale"": {""proposed"": 6, ""ALLOW"": 0, ""DENY"": 6, ""DEFER"": 0, ""fraction_of_consequential"": 0.06818181818181818}, ""hard_expired"": {""proposed"": 0, ""ALLOW"": 0, ""DENY"": 0, ""DEFER"": 0, ""fraction_of_consequential"": 0.0}}","{""CONNECTED"": {""proposed"": 0, ""ALLOW"": 0.0, ""DENY"": 0.0, ""DEFER"": 0.0, ""fraction_of_consequential"": 0.0}, ""DEGRADED"": {""proposed"": 43, ""ALLOW"": 1.0, ""DENY"": 0.0, ""DEFER"": 0.0, ""fraction_of_consequential"": 0.48863636363636365}, ""PARTITIONED"": {""proposed"": 43, ""ALLOW"": 0.5813953488372093, ""DENY"": 0.4186046511627907, ""DEFER"": 0.0, ""fraction_of_consequential"": 0.48863636363636365}, ""ISOLATED"": {""proposed"": 0, ""ALLOW"": 0.0, ""DENY"": 0.0, ""DEFER"": 0.0, ""fraction_of_consequential"": 0.0}, ""RECOVERING"": {""proposed"": 2, ""ALLOW"": 0.0, ""DENY"": 1.0, ""DEFER"": 0.0, ""fraction_of_consequential"": 0.022727272727272728}}",b0d804b41d6f708612dc345c3e165ef89bc8bd77,0d4078cb3ca2aae9
B2,paper_ssp_200m_v1,500,500.0,0,tr_54fb653caded_gpu,-77.08455,-23.08455,9,"{""conflicting_task_ownership"": 0, ""duplicate_execution"": 0, ""contradictory_reassignment"": 1, ""incompatible_mission_state"": 4, ""inconsistent_anomaly_state"": 4}",0.49411764705882355,0.9294117647058824,0.9294117647058824,0.38152011922503726,8192,13280,21472,timeout,40.0,"{""ALLOW_AUTHORIZED"": 840}","{""fresh"": 76, ""aging"": 4, ""stale"": 5, ""hard_expired"": 0}","{""fresh"": {""proposed"": 76, ""ALLOW"": 76, ""DENY"": 0, ""DEFER"": 0, ""fraction_of_consequential"": 0.8941176470588236}, ""aging"": {""proposed"": 4, ""ALLOW"": 4, ""DENY"": 0, ""DEFER"": 0, ""fraction_of_consequential"": 0.047058823529411764}, ""stale"": {""proposed"": 5, ""ALLOW"": 5, ""DENY"": 0, ""DEFER"": 0, ""fraction_of_consequential"": 0.058823529411764705}, ""hard_expired"": {""proposed"": 0, ""ALLOW"": 0, ""DENY"": 0, ""DEFER"": 0, ""fraction_of_consequential"": 0.0}}","{""CONNECTED"": {""proposed"": 0, ""ALLOW"": 0.0, ""DENY"": 0.0, ""DEFER"": 0.0, ""fraction_of_consequential"": 0.0}, ""DEGRADED"": {""proposed"": 43, ""ALLOW"": 1.0, ""DENY"": 0.0, ""DEFER"": 0.0, ""fraction_of_consequential"": 0.5058823529411764}, ""PARTITIONED"": {""proposed"": 40, ""ALLOW"": 1.0, ""DENY"": 0.0, ""DEFER"": 0.0, ""fraction_of_consequential"": 0.47058823529411764}, ""ISOLATED"": {""proposed"": 0, ""ALLOW"": 0.0, ""DENY"": 0.0, ""DEFER"": 0.0, ""fraction_of_consequential"": 0.0}, ""RECOVERING"": {""proposed"": 2, ""ALLOW"": 1.0, ""DENY"": 0.0, ""DEFER"": 0.0, ""fraction_of_consequential"": 0.023529411764705882}}",b0d804b41d6f708612dc345c3e165ef89bc8bd77,0d4078cb3ca2aae9
B3,paper_ssp_200m_v1,500,500.0,0,tr_54fb653caded_gpu,-30.0456,-30.0456,0,"{""conflicting_task_ownership"": 0, ""duplicate_execution"": 0, ""contradictory_reassignment"": 0, ""incompatible_mission_state"": 0, ""inconsistent_anomaly_state"": 0}",0.0,0.0,0.0,0.382089552238806,8192,13248,21440,timeout,40.0,"{""ALLOW_LOW_RISK"": 490, ""DENY_STATIC_BOUND"": 350}","{""fresh"": 274, ""aging"": 46, ""stale"": 30, ""hard_expired"": 0}","{""fresh"": {""proposed"": 274, ""ALLOW"": 0, ""DENY"": 274, ""DEFER"": 0, ""fraction_of_consequential"": 0.7828571428571428}, ""aging"": {""proposed"": 46, ""ALLOW"": 0, ""DENY"": 46, ""DEFER"": 0, ""fraction_of_consequential"": 0.13142857142857142}, ""stale"": {""proposed"": 30, ""ALLOW"": 0, ""DENY"": 30, ""DEFER"": 0, ""fraction_of_consequential"": 0.08571428571428572}, ""hard_expired"": {""proposed"": 0, ""ALLOW"": 0, ""DENY"": 0, ""DEFER"": 0, ""fraction_of_consequential"": 0.0}}","{""CONNECTED"": {""proposed"": 0, ""ALLOW"": 0.0, ""DENY"": 0.0, ""DEFER"": 0.0, ""fraction_of_consequential"": 0.0}, ""DEGRADED"": {""proposed"": 209, ""ALLOW"": 0.0, ""DENY"": 1.0, ""DEFER"": 0.0, ""fraction_of_consequential"": 0.5971428571428572}, ""PARTITIONED"": {""proposed"": 131, ""ALLOW"": 0.0, ""DENY"": 1.0, ""DEFER"": 0.0, ""fraction_of_consequential"": 0.3742857142857143}, ""ISOLATED"": {""proposed"": 0, ""ALLOW"": 0.0, ""DENY"": 0.0, ""DEFER"": 0.0, ""fraction_of_consequential"": 0.0}, ""RECOVERING"": {""proposed"": 10, ""ALLOW"": 0.0, ""DENY"": 1.0, ""DEFER"": 0.0, ""fraction_of_consequential"": 0.02857142857142857}}",b0d804b41d6f708612dc345c3e165ef89bc8bd77,0d4078cb3ca2aae9
B4,paper_ssp_200m_v1,500,500.0,0,tr_54fb653caded_gpu,-14.0802,21.9198,6,"{""conflicting_task_ownership"": 0, ""duplicate_execution"": 0, ""contradictory_reassignment"": 1, ""incompatible_mission_state"": 1, ""inconsistent_anomaly_state"": 4}",0.4166666666666667,0.8571428571428571,0.9230769230769231,0.38152011922503726,8192,13280,21472,timeout,40.0,"{""ALLOW_LOW_RISK"": 756, ""ALLOW_AUTHORIZED"": 78, ""DENY_FORBIDDEN"": 4, ""DENY_RECOVERING_HARD_SAFETY"": 2}","{""fresh"": 76, ""aging"": 4, ""stale"": 4, ""hard_expired"": 0}","{""fresh"": {""proposed"": 76, ""ALLOW"": 74, ""DENY"": 2, ""DEFER"": 0, ""fraction_of_consequential"": 0.9047619047619048}, ""aging"": {""proposed"": 4, ""ALLOW"": 4, ""DENY"": 0, ""DEFER"": 0, ""fraction_of_consequential"": 0.047619047619047616}, ""stale"": {""proposed"": 4, ""ALLOW"": 0, ""DENY"": 4, ""DEFER"": 0, ""fraction_of_consequential"": 0.047619047619047616}, ""hard_expired"": {""proposed"": 0, ""ALLOW"": 0, ""DENY"": 0, ""DEFER"": 0, ""fraction_of_consequential"": 0.0}}","{""CONNECTED"": {""proposed"": 0, ""ALLOW"": 0.0, ""DENY"": 0.0, ""DEFER"": 0.0, ""fraction_of_consequential"": 0.0}, ""DEGRADED"": {""proposed"": 43, ""ALLOW"": 1.0, ""DENY"": 0.0, ""DEFER"": 0.0, ""fraction_of_consequential"": 0.5119047619047619}, ""PARTITIONED"": {""proposed"": 39, ""ALLOW"": 0.8974358974358975, ""DENY"": 0.10256410256410256, ""DEFER"": 0.0, ""fraction_of_consequential"": 0.4642857142857143}, ""ISOLATED"": {""proposed"": 0, ""ALLOW"": 0.0, ""DENY"": 0.0, ""DEFER"": 0.0, ""fraction_of_consequential"": 0.0}, ""RECOVERING"": {""proposed"": 2, ""ALLOW"": 0.0, ""DENY"": 1.0, ""DEFER"": 0.0, ""fraction_of_consequential"": 0.023809523809523808}}",b0d804b41d6f708612dc345c3e165ef89bc8bd77,0d4078cb3ca2aae9
B5_conservative,paper_ssp_200m_v1,500,500.0,0,tr_54fb653caded_gpu,-30.0456,-30.0456,0,"{""conflicting_task_ownership"": 0, ""duplicate_execution"": 0, ""contradictory_reassignment"": 0, ""incompatible_mission_state"": 0, ""inconsistent_anomaly_state"": 0}",0.0,0.0,0.0,0.382089552238806,8192,13248,21440,timeout,40.0,"{""ALLOW_LOW_RISK"": 490, ""DEFER_DEGRADED"": 209, ""DENY_CONNECTIVITY_POLICY"": 141}","{""fresh"": 274, ""aging"": 46, ""stale"": 30, ""hard_expired"": 0}","{""fresh"": {""proposed"": 274, ""ALLOW"": 0, ""DENY"": 65, ""DEFER"": 209, ""fraction_of_consequential"": 0.7828571428571428}, ""aging"": {""proposed"": 46, ""ALLOW"": 0, ""DENY"": 46, ""DEFER"": 0, ""fraction_of_consequential"": 0.13142857142857142}, ""stale"": {""proposed"": 30, ""ALLOW"": 0, ""DENY"": 30, ""DEFER"": 0, ""fraction_of_consequential"": 0.08571428571428572}, ""hard_expired"": {""proposed"": 0, ""ALLOW"": 0, ""DENY"": 0, ""DEFER"": 0, ""fraction_of_consequential"": 0.0}}","{""CONNECTED"": {""proposed"": 0, ""ALLOW"": 0.0, ""DENY"": 0.0, ""DEFER"": 0.0, ""fraction_of_consequential"": 0.0}, ""DEGRADED"": {""proposed"": 209, ""ALLOW"": 0.0, ""DENY"": 0.0, ""DEFER"": 1.0, ""fraction_of_consequential"": 0.5971428571428572}, ""PARTITIONED"": {""proposed"": 131, ""ALLOW"": 0.0, ""DENY"": 1.0, ""DEFER"": 0.0, ""fraction_of_consequential"": 0.3742857142857143}, ""ISOLATED"": {""proposed"": 0, ""ALLOW"": 0.0, ""DENY"": 0.0, ""DEFER"": 0.0, ""fraction_of_consequential"": 0.0}, ""RECOVERING"": {""proposed"": 10, ""ALLOW"": 0.0, ""DENY"": 1.0, ""DEFER"": 0.0, ""fraction_of_consequential"": 0.02857142857142857}}",b0d804b41d6f708612dc345c3e165ef89bc8bd77,0d4078cb3ca2aae9
B5_nominal,paper_ssp_200m_v1,500,500.0,0,tr_54fb653caded_gpu,-77.08455,-23.08455,9,"{""conflicting_task_ownership"": 0, ""duplicate_execution"": 0, ""contradictory_reassignment"": 1, ""incompatible_mission_state"": 4, ""inconsistent_anomaly_state"": 4}",0.49411764705882355,0.9294117647058824,0.9294117647058824,0.38152011922503726,8192,13280,21472,timeout,40.0,"{""ALLOW_LOW_RISK"": 755, ""ALLOW_AUTHORIZED"": 85}","{""fresh"": 76, ""aging"": 4, ""stale"": 5, ""hard_expired"": 0}","{""fresh"": {""proposed"": 76, ""ALLOW"": 76, ""DENY"": 0, ""DEFER"": 0, ""fraction_of_consequential"": 0.8941176470588236}, ""aging"": {""proposed"": 4, ""ALLOW"": 4, ""DENY"": 0, ""DEFER"": 0, ""fraction_of_consequential"": 0.047058823529411764}, ""stale"": {""proposed"": 5, ""ALLOW"": 5, ""DENY"": 0, ""DEFER"": 0, ""fraction_of_consequential"": 0.058823529411764705}, ""hard_expired"": {""proposed"": 0, ""ALLOW"": 0, ""DENY"": 0, ""DEFER"": 0, ""fraction_of_consequential"": 0.0}}","{""CONNECTED"": {""proposed"": 0, ""ALLOW"": 0.0, ""DENY"": 0.0, ""DEFER"": 0.0, ""fraction_of_consequential"": 0.0}, ""DEGRADED"": {""proposed"": 43, ""ALLOW"": 1.0, ""DENY"": 0.0, ""DEFER"": 0.0, ""fraction_of_consequential"": 0.5058823529411764}, ""PARTITIONED"": {""proposed"": 40, ""ALLOW"": 1.0, ""DENY"": 0.0, ""DEFER"": 0.0, ""fraction_of_consequential"": 0.47058823529411764}, ""ISOLATED"": {""proposed"": 0, ""ALLOW"": 0.0, ""DENY"": 0.0, ""DEFER"": 0.0, ""fraction_of_consequential"": 0.0}, ""RECOVERING"": {""proposed"": 2, ""ALLOW"": 1.0, ""DENY"": 0.0, ""DEFER"": 0.0, ""fraction_of_consequential"": 0.023529411764705882}}",b0d804b41d6f708612dc345c3e165ef89bc8bd77,0d4078cb3ca2aae9
B5_permissive,paper_ssp_200m_v1,500,500.0,0,tr_54fb653caded_gpu,-77.08455,-23.08455,9,"{""conflicting_task_ownership"": 0, ""duplicate_execution"": 0, ""contradictory_reassignment"": 1, ""incompatible_mission_state"": 4, ""inconsistent_anomaly_state"": 4}",0.49411764705882355,0.9294117647058824,0.9294117647058824,0.38152011922503726,8192,13280,21472,timeout,40.0,"{""ALLOW_LOW_RISK"": 755, ""ALLOW_AUTHORIZED"": 85}","{""fresh"": 76, ""aging"": 4, ""stale"": 5, ""hard_expired"": 0}","{""fresh"": {""proposed"": 76, ""ALLOW"": 76, ""DENY"": 0, ""DEFER"": 0, ""fraction_of_consequential"": 0.8941176470588236}, ""aging"": {""proposed"": 4, ""ALLOW"": 4, ""DENY"": 0, ""DEFER"": 0, ""fraction_of_consequential"": 0.047058823529411764}, ""stale"": {""proposed"": 5, ""ALLOW"": 5, ""DENY"": 0, ""DEFER"": 0, ""fraction_of_consequential"": 0.058823529411764705}, ""hard_expired"": {""proposed"": 0, ""ALLOW"": 0, ""DENY"": 0, ""DEFER"": 0, ""fraction_of_consequential"": 0.0}}","{""CONNECTED"": {""proposed"": 0, ""ALLOW"": 0.0, ""DENY"": 0.0, ""DEFER"": 0.0, ""fraction_of_consequential"": 0.0}, ""DEGRADED"": {""proposed"": 43, ""ALLOW"": 1.0, ""DENY"": 0.0, ""DEFER"": 0.0, ""fraction_of_consequential"": 0.5058823529411764}, ""PARTITIONED"": {""proposed"": 40, ""ALLOW"": 1.0, ""DENY"": 0.0, ""DEFER"": 0.0, ""fraction_of_consequential"": 0.47058823529411764}, ""ISOLATED"": {""proposed"": 0, ""ALLOW"": 0.0, ""DENY"": 0.0, ""DEFER"": 0.0, ""fraction_of_consequential"": 0.0}, ""RECOVERING"": {""proposed"": 2, ""ALLOW"": 1.0, ""DENY"": 0.0, ""DEFER"": 0.0, ""fraction_of_consequential"": 0.023529411764705882}}",b0d804b41d6f708612dc345c3e165ef89bc8bd77,0d4078cb3ca2aae9
B1,paper_ssp_200m_v1,750,750.0,0,tr_54fb653caded_gpu,47.9192,53.9192,1,"{""conflicting_task_ownership"": 0, ""duplicate_execution"": 0, ""contradictory_reassignment"": 0, ""incompatible_mission_state"": 1, ""inconsistent_anomaly_state"": 0}",0.4175824175824176,0.7362637362637363,0.9852941176470589,0.38152011922503726,8192,13280,21472,timeout,40.0,"{""ALLOW_LOW_RISK"": 749, ""ALLOW_AUTHORIZED"": 68, ""DENY_SUPERVISOR_UNREACHABLE"": 21, ""DENY_RECOVERING_CONSEQUENTIAL"": 2}","{""fresh"": 76, ""aging"": 6, ""stale"": 9, ""hard_expired"": 0}","{""fresh"": {""proposed"": 76, ""ALLOW"": 68, ""DENY"": 8, ""DEFER"": 0, ""fraction_of_consequential"": 0.8351648351648352}, ""aging"": {""proposed"": 6, ""ALLOW"": 0, ""DENY"": 6, ""DEFER"": 0, ""fraction_of_consequential"": 0.06593406593406594}, ""stale"": {""proposed"": 9, ""ALLOW"": 0, ""DENY"": 9, ""DEFER"": 0, ""fraction_of_consequential"": 0.0989010989010989}, ""hard_expired"": {""proposed"": 0, ""ALLOW"": 0, ""DENY"": 0, ""DEFER"": 0, ""fraction_of_consequential"": 0.0}}","{""CONNECTED"": {""proposed"": 0, ""ALLOW"": 0.0, ""DENY"": 0.0, ""DEFER"": 0.0, ""fraction_of_consequential"": 0.0}, ""DEGRADED"": {""proposed"": 30, ""ALLOW"": 1.0, ""DENY"": 0.0, ""DEFER"": 0.0, ""fraction_of_consequential"": 0.32967032967032966}, ""PARTITIONED"": {""proposed"": 59, ""ALLOW"": 0.6440677966101694, ""DENY"": 0.3559322033898305, ""DEFER"": 0.0, ""fraction_of_consequential"": 0.6483516483516484}, ""ISOLATED"": {""proposed"": 0, ""ALLOW"": 0.0, ""DENY"": 0.0, ""DEFER"": 0.0, ""fraction_of_consequential"": 0.0}, ""RECOVERING"": {""proposed"": 2, ""ALLOW"": 0.0, ""DENY"": 1.0, ""DEFER"": 0.0, ""fraction_of_consequential"": 0.02197802197802198}}",b0d804b41d6f708612dc345c3e165ef89bc8bd77,50e4fe0e138458f5
B2,paper_ssp_200m_v1,750,750.0,0,tr_54fb653caded_gpu,-77.08455,-23.08455,9,"{""conflicting_task_ownership"": 0, ""duplicate_execution"": 0, ""contradictory_reassignment"": 1, ""incompatible_mission_state"": 4, ""inconsistent_anomaly_state"": 4}",0.6470588235294118,0.9294117647058824,0.9294117647058824,0.38152011922503726,8192,13280,21472,timeout,40.0,"{""ALLOW_AUTHORIZED"": 840}","{""fresh"": 76, ""aging"": 4, ""stale"": 5, ""hard_expired"": 0}","{""fresh"": {""proposed"": 76, ""ALLOW"": 76, ""DENY"": 0, ""DEFER"": 0, ""fraction_of_consequential"": 0.8941176470588236}, ""aging"": {""proposed"": 4, ""ALLOW"": 4, ""DENY"": 0, ""DEFER"": 0, ""fraction_of_consequential"": 0.047058823529411764}, ""stale"": {""proposed"": 5, ""ALLOW"": 5, ""DENY"": 0, ""DEFER"": 0, ""fraction_of_consequential"": 0.058823529411764705}, ""hard_expired"": {""proposed"": 0, ""ALLOW"": 0, ""DENY"": 0, ""DEFER"": 0, ""fraction_of_consequential"": 0.0}}","{""CONNECTED"": {""proposed"": 0, ""ALLOW"": 0.0, ""DENY"": 0.0, ""DEFER"": 0.0, ""fraction_of_consequential"": 0.0}, ""DEGRADED"": {""proposed"": 30, ""ALLOW"": 1.0, ""DENY"": 0.0, ""DEFER"": 0.0, ""fraction_of_consequential"": 0.35294117647058826}, ""PARTITIONED"": {""proposed"": 53, ""ALLOW"": 1.0, ""DENY"": 0.0, ""DEFER"": 0.0, ""fraction_of_consequential"": 0.6235294117647059}, ""ISOLATED"": {""proposed"": 0, ""ALLOW"": 0.0, ""DENY"": 0.0, ""DEFER"": 0.0, ""fraction_of_consequential"": 0.0}, ""RECOVERING"": {""proposed"": 2, ""ALLOW"": 1.0, ""DENY"": 0.0, ""DEFER"": 0.0, ""fraction_of_consequential"": 0.023529411764705882}}",b0d804b41d6f708612dc345c3e165ef89bc8bd77,50e4fe0e138458f5
B3,paper_ssp_200m_v1,750,750.0,0,tr_54fb653caded_gpu,-30.0453,-30.0453,0,"{""conflicting_task_ownership"": 0, ""duplicate_execution"": 0, ""contradictory_reassignment"": 0, ""incompatible_mission_state"": 0, ""inconsistent_anomaly_state"": 0}",0.0,0.0,0.0,0.382089552238806,8192,13248,21440,timeout,40.0,"{""ALLOW_LOW_RISK"": 487, ""DENY_STATIC_BOUND"": 353}","{""fresh"": 222, ""aging"": 46, ""stale"": 85, ""hard_expired"": 0}","{""fresh"": {""proposed"": 222, ""ALLOW"": 0, ""DENY"": 222, ""DEFER"": 0, ""fraction_of_consequential"": 0.6288951841359773}, ""aging"": {""proposed"": 46, ""ALLOW"": 0, ""DENY"": 46, ""DEFER"": 0, ""fraction_of_consequential"": 0.13031161473087818}, ""stale"": {""proposed"": 85, ""ALLOW"": 0, ""DENY"": 85, ""DEFER"": 0, ""fraction_of_consequential"": 0.24079320113314448}, ""hard_expired"": {""proposed"": 0, ""ALLOW"": 0, ""DENY"": 0, ""DEFER"": 0, ""fraction_of_consequential"": 0.0}}","{""CONNECTED"": {""proposed"": 0, ""ALLOW"": 0.0, ""DENY"": 0.0, ""DEFER"": 0.0, ""fraction_of_consequential"": 0.0}, ""DEGRADED"": {""proposed"": 144, ""ALLOW"": 0.0, ""DENY"": 1.0, ""DEFER"": 0.0, ""fraction_of_consequential"": 0.40793201133144474}, ""PARTITIONED"": {""proposed"": 199, ""ALLOW"": 0.0, ""DENY"": 1.0, ""DEFER"": 0.0, ""fraction_of_consequential"": 0.5637393767705382}, ""ISOLATED"": {""proposed"": 0, ""ALLOW"": 0.0, ""DENY"": 0.0, ""DEFER"": 0.0, ""fraction_of_consequential"": 0.0}, ""RECOVERING"": {""proposed"": 10, ""ALLOW"": 0.0, ""DENY"": 1.0, ""DEFER"": 0.0, ""fraction_of_consequential"": 0.028328611898016998}}",b0d804b41d6f708612dc345c3e165ef89bc8bd77,50e4fe0e138458f5
B4,paper_ssp_200m_v1,750,750.0,0,tr_54fb653caded_gpu,-14.0802,21.9198,6,"{""conflicting_task_ownership"": 0, ""duplicate_execution"": 0, ""contradictory_reassignment"": 1, ""incompatible_mission_state"": 1, ""inconsistent_anomaly_state"": 4}",0.5714285714285714,0.8571428571428571,0.9230769230769231,0.38152011922503726,8192,13280,21472,timeout,40.0,"{""ALLOW_LOW_RISK"": 756, ""ALLOW_AUTHORIZED"": 78, ""DENY_FORBIDDEN"": 4, ""DENY_RECOVERING_HARD_SAFETY"": 2}","{""fresh"": 76, ""aging"": 4, ""stale"": 4, ""hard_expired"": 0}","{""fresh"": {""proposed"": 76, ""ALLOW"": 74, ""DENY"": 2, ""DEFER"": 0, ""fraction_of_consequential"": 0.9047619047619048}, ""aging"": {""proposed"": 4, ""ALLOW"": 4, ""DENY"": 0, ""DEFER"": 0, ""fraction_of_consequential"": 0.047619047619047616}, ""stale"": {""proposed"": 4, ""ALLOW"": 0, ""DENY"": 4, ""DEFER"": 0, ""fraction_of_consequential"": 0.047619047619047616}, ""hard_expired"": {""proposed"": 0, ""ALLOW"": 0, ""DENY"": 0, ""DEFER"": 0, ""fraction_of_consequential"": 0.0}}","{""CONNECTED"": {""proposed"": 0, ""ALLOW"": 0.0, ""DENY"": 0.0, ""DEFER"": 0.0, ""fraction_of_consequential"": 0.0}, ""DEGRADED"": {""proposed"": 30, ""ALLOW"": 1.0, ""DENY"": 0.0, ""DEFER"": 0.0, ""fraction_of_consequential"": 0.35714285714285715}, ""PARTITIONED"": {""proposed"": 52, ""ALLOW"": 0.9230769230769231, ""DENY"": 0.07692307692307693, ""DEFER"": 0.0, ""fraction_of_consequential"": 0.6190476190476191}, ""ISOLATED"": {""proposed"": 0, ""ALLOW"": 0.0, ""DENY"": 0.0, ""DEFER"": 0.0, ""fraction_of_consequential"": 0.0}, ""RECOVERING"": {""proposed"": 2, ""ALLOW"": 0.0, ""DENY"": 1.0, ""DEFER"": 0.0, ""fraction_of_consequential"": 0.023809523809523808}}",b0d804b41d6f708612dc345c3e165ef89bc8bd77,50e4fe0e138458f5
B5_conservative,paper_ssp_200m_v1,750,750.0,0,tr_54fb653caded_gpu,-30.0453,-30.0453,0,"{""conflicting_task_ownership"": 0, ""duplicate_execution"": 0, ""contradictory_reassignment"": 0, ""incompatible_mission_state"": 0, ""inconsistent_anomaly_state"": 0}",0.0,0.0,0.0,0.382089552238806,8192,13248,21440,timeout,40.0,"{""ALLOW_LOW_RISK"": 487, ""DEFER_DEGRADED"": 144, ""DENY_CONNECTIVITY_POLICY"": 209}","{""fresh"": 222, ""aging"": 46, ""stale"": 85, ""hard_expired"": 0}","{""fresh"": {""proposed"": 222, ""ALLOW"": 0, ""DENY"": 78, ""DEFER"": 144, ""fraction_of_consequential"": 0.6288951841359773}, ""aging"": {""proposed"": 46, ""ALLOW"": 0, ""DENY"": 46, ""DEFER"": 0, ""fraction_of_consequential"": 0.13031161473087818}, ""stale"": {""proposed"": 85, ""ALLOW"": 0, ""DENY"": 85, ""DEFER"": 0, ""fraction_of_consequential"": 0.24079320113314448}, ""hard_expired"": {""proposed"": 0, ""ALLOW"": 0, ""DENY"": 0, ""DEFER"": 0, ""fraction_of_consequential"": 0.0}}","{""CONNECTED"": {""proposed"": 0, ""ALLOW"": 0.0, ""DENY"": 0.0, ""DEFER"": 0.0, ""fraction_of_consequential"": 0.0}, ""DEGRADED"": {""proposed"": 144, ""ALLOW"": 0.0, ""DENY"": 0.0, ""DEFER"": 1.0, ""fraction_of_consequential"": 0.40793201133144474}, ""PARTITIONED"": {""proposed"": 199, ""ALLOW"": 0.0, ""DENY"": 1.0, ""DEFER"": 0.0, ""fraction_of_consequential"": 0.5637393767705382}, ""ISOLATED"": {""proposed"": 0, ""ALLOW"": 0.0, ""DENY"": 0.0, ""DEFER"": 0.0, ""fraction_of_consequential"": 0.0}, ""RECOVERING"": {""proposed"": 10, ""ALLOW"": 0.0, ""DENY"": 1.0, ""DEFER"": 0.0, ""fraction_of_consequential"": 0.028328611898016998}}",b0d804b41d6f708612dc345c3e165ef89bc8bd77,50e4fe0e138458f5
B5_nominal,paper_ssp_200m_v1,750,750.0,0,tr_54fb653caded_gpu,-77.08455,-23.08455,9,"{""conflicting_task_ownership"": 0, ""duplicate_execution"": 0, ""contradictory_reassignment"": 1, ""incompatible_mission_state"": 4, ""inconsistent_anomaly_state"": 4}",0.6470588235294118,0.9294117647058824,0.9294117647058824,0.38152011922503726,8192,13280,21472,timeout,40.0,"{""ALLOW_LOW_RISK"": 755, ""ALLOW_AUTHORIZED"": 85}","{""fresh"": 76, ""aging"": 4, ""stale"": 5, ""hard_expired"": 0}","{""fresh"": {""proposed"": 76, ""ALLOW"": 76, ""DENY"": 0, ""DEFER"": 0, ""fraction_of_consequential"": 0.8941176470588236}, ""aging"": {""proposed"": 4, ""ALLOW"": 4, ""DENY"": 0, ""DEFER"": 0, ""fraction_of_consequential"": 0.047058823529411764}, ""stale"": {""proposed"": 5, ""ALLOW"": 5, ""DENY"": 0, ""DEFER"": 0, ""fraction_of_consequential"": 0.058823529411764705}, ""hard_expired"": {""proposed"": 0, ""ALLOW"": 0, ""DENY"": 0, ""DEFER"": 0, ""fraction_of_consequential"": 0.0}}","{""CONNECTED"": {""proposed"": 0, ""ALLOW"": 0.0, ""DENY"": 0.0, ""DEFER"": 0.0, ""fraction_of_consequential"": 0.0}, ""DEGRADED"": {""proposed"": 30, ""ALLOW"": 1.0, ""DENY"": 0.0, ""DEFER"": 0.0, ""fraction_of_consequential"": 0.35294117647058826}, ""PARTITIONED"": {""proposed"": 53, ""ALLOW"": 1.0, ""DENY"": 0.0, ""DEFER"": 0.0, ""fraction_of_consequential"": 0.6235294117647059}, ""ISOLATED"": {""proposed"": 0, ""ALLOW"": 0.0, ""DENY"": 0.0, ""DEFER"": 0.0, ""fraction_of_consequential"": 0.0}, ""RECOVERING"": {""proposed"": 2, ""ALLOW"": 1.0, ""DENY"": 0.0, ""DEFER"": 0.0, ""fraction_of_consequential"": 0.023529411764705882}}",b0d804b41d6f708612dc345c3e165ef89bc8bd77,50e4fe0e138458f5
B5_permissive,paper_ssp_200m_v1,750,750.0,0,tr_54fb653caded_gpu,-77.08455,-23.08455,9,"{""conflicting_task_ownership"": 0, ""duplicate_execution"": 0, ""contradictory_reassignment"": 1, ""incompatible_mission_state"": 4, ""inconsistent_anomaly_state"": 4}",0.6470588235294118,0.9294117647058824,0.9294117647058824,0.38152011922503726,8192,13280,21472,timeout,40.0,"{""ALLOW_LOW_RISK"": 755, ""ALLOW_AUTHORIZED"": 85}","{""fresh"": 76, ""aging"": 4, ""stale"": 5, ""hard_expired"": 0}","{""fresh"": {""proposed"": 76, ""ALLOW"": 76, ""DENY"": 0, ""DEFER"": 0, ""fraction_of_consequential"": 0.8941176470588236}, ""aging"": {""proposed"": 4, ""ALLOW"": 4, ""DENY"": 0, ""DEFER"": 0, ""fraction_of_consequential"": 0.047058823529411764}, ""stale"": {""proposed"": 5, ""ALLOW"": 5, ""DENY"": 0, ""DEFER"": 0, ""fraction_of_consequential"": 0.058823529411764705}, ""hard_expired"": {""proposed"": 0, ""ALLOW"": 0, ""DENY"": 0, ""DEFER"": 0, ""fraction_of_consequential"": 0.0}}","{""CONNECTED"": {""proposed"": 0, ""ALLOW"": 0.0, ""DENY"": 0.0, ""DEFER"": 0.0, ""fraction_of_consequential"": 0.0}, ""DEGRADED"": {""proposed"": 30, ""ALLOW"": 1.0, ""DENY"": 0.0, ""DEFER"": 0.0, ""fraction_of_consequential"": 0.35294117647058826}, ""PARTITIONED"": {""proposed"": 53, ""ALLOW"": 1.0, ""DENY"": 0.0, ""DEFER"": 0.0, ""fraction_of_consequential"": 0.6235294117647059}, ""ISOLATED"": {""proposed"": 0, ""ALLOW"": 0.0, ""DENY"": 0.0, ""DEFER"": 0.0, ""fraction_of_consequential"": 0.0}, ""RECOVERING"": {""proposed"": 2, ""ALLOW"": 1.0, ""DENY"": 0.0, ""DEFER"": 0.0, ""fraction_of_consequential"": 0.023529411764705882}}",b0d804b41d6f708612dc345c3e165ef89bc8bd77,50e4fe0e138458f5
B1,paper_ssp_200m_v1,1000,1000.0,0,tr_54fb653caded_gpu,47.9229,53.9229,1,"{""conflicting_task_ownership"": 0, ""duplicate_execution"": 0, ""contradictory_reassignment"": 0, ""incompatible_mission_state"": 1, ""inconsistent_anomaly_state"": 0}",0.5050505050505051,0.6767676767676768,0.9852941176470589,0.38152011922503726,8192,13280,21472,timeout,40.0,"{""ALLOW_LOW_RISK"": 705, ""ALLOW_AUTHORIZED"": 68, ""DENY_SUPERVISOR_UNREACHABLE"": 29, ""DENY_FORBIDDEN"": 36, ""DENY_RECOVERING_CONSEQUENTIAL"": 2}","{""fresh"": 76, ""aging"": 6, ""stale"": 11, ""hard_expired"": 6}","{""fresh"": {""proposed"": 76, ""ALLOW"": 68, ""DENY"": 8, ""DEFER"": 0, ""fraction_of_consequential"": 0.7676767676767676}, ""aging"": {""proposed"": 6, ""ALLOW"": 0, ""DENY"": 6, ""DEFER"": 0, ""fraction_of_consequential"": 0.06060606060606061}, ""stale"": {""proposed"": 11, ""ALLOW"": 0, ""DENY"": 11, ""DEFER"": 0, ""fraction_of_consequential"": 0.1111111111111111}, ""hard_expired"": {""proposed"": 6, ""ALLOW"": 0, ""DENY"": 6, ""DEFER"": 0, ""fraction_of_consequential"": 0.06060606060606061}}","{""CONNECTED"": {""proposed"": 0, ""ALLOW"": 0.0, ""DENY"": 0.0, ""DEFER"": 0.0, ""fraction_of_consequential"": 0.0}, ""DEGRADED"": {""proposed"": 18, ""ALLOW"": 1.0, ""DENY"": 0.0, ""DEFER"": 0.0, ""fraction_of_consequential"": 0.18181818181818182}, ""PARTITIONED"": {""proposed"": 79, ""ALLOW"": 0.6329113924050633, ""DENY"": 0.3670886075949367, ""DEFER"": 0.0, ""fraction_of_consequential"": 0.797979797979798}, ""ISOLATED"": {""proposed"": 0, ""ALLOW"": 0.0, ""DENY"": 0.0, ""DEFER"": 0.0, ""fraction_of_consequential"": 0.0}, ""RECOVERING"": {""proposed"": 2, ""ALLOW"": 0.0, ""DENY"": 1.0, ""DEFER"": 0.0, ""fraction_of_consequential"": 0.020202020202020204}}",b0d804b41d6f708612dc345c3e165ef89bc8bd77,9fd8fedc7661691a
B2,paper_ssp_200m_v1,1000,1000.0,0,tr_54fb653caded_gpu,-117.08815,-63.08815,9,"{""conflicting_task_ownership"": 0, ""duplicate_execution"": 0, ""contradictory_reassignment"": 1, ""incompatible_mission_state"": 4, ""inconsistent_anomaly_state"": 4}",0.797752808988764,0.9325842696629213,0.9325842696629213,0.38152011922503726,8192,13280,21472,timeout,40.0,"{""ALLOW_AUTHORIZED"": 840}","{""fresh"": 76, ""aging"": 4, ""stale"": 5, ""hard_expired"": 4}","{""fresh"": {""proposed"": 76, ""ALLOW"": 76, ""DENY"": 0, ""DEFER"": 0, ""fraction_of_consequential"": 0.8539325842696629}, ""aging"": {""proposed"": 4, ""ALLOW"": 4, ""DENY"": 0, ""DEFER"": 0, ""fraction_of_consequential"": 0.0449438202247191}, ""stale"": {""proposed"": 5, ""ALLOW"": 5, ""DENY"": 0, ""DEFER"": 0, ""fraction_of_consequential"": 0.056179775280898875}, ""hard_expired"": {""proposed"": 4, ""ALLOW"": 4, ""DENY"": 0, ""DEFER"": 0, ""fraction_of_consequential"": 0.0449438202247191}}","{""CONNECTED"": {""proposed"": 0, ""ALLOW"": 0.0, ""DENY"": 0.0, ""DEFER"": 0.0, ""fraction_of_consequential"": 0.0}, ""DEGRADED"": {""proposed"": 18, ""ALLOW"": 1.0, ""DENY"": 0.0, ""DEFER"": 0.0, ""fraction_of_consequential"": 0.20224719101123595}, ""PARTITIONED"": {""proposed"": 69, ""ALLOW"": 1.0, ""DENY"": 0.0, ""DEFER"": 0.0, ""fraction_of_consequential"": 0.7752808988764045}, ""ISOLATED"": {""proposed"": 0, ""ALLOW"": 0.0, ""DENY"": 0.0, ""DEFER"": 0.0, ""fraction_of_consequential"": 0.0}, ""RECOVERING"": {""proposed"": 2, ""ALLOW"": 1.0, ""DENY"": 0.0, ""DEFER"": 0.0, ""fraction_of_consequential"": 0.02247191011235955}}",b0d804b41d6f708612dc345c3e165ef89bc8bd77,9fd8fedc7661691a
B3,paper_ssp_200m_v1,1000,1000.0,0,tr_54fb653caded_gpu,-30.0449,-30.0449,0,"{""conflicting_task_ownership"": 0, ""duplicate_execution"": 0, ""contradictory_reassignment"": 0, ""incompatible_mission_state"": 0, ""inconsistent_anomaly_state"": 0}",0.0,0.0,0.0,0.382089552238806,8192,13248,21440,timeout,40.0,"{""ALLOW_LOW_RISK"": 483, ""DENY_STATIC_BOUND"": 357}","{""fresh"": 174, ""aging"": 46, ""stale"": 107, ""hard_expired"": 30}","{""fresh"": {""proposed"": 174, ""ALLOW"": 0, ""DENY"": 174, ""DEFER"": 0, ""fraction_of_consequential"": 0.48739495798319327}, ""aging"": {""proposed"": 46, ""ALLOW"": 0, ""DENY"": 46, ""DEFER"": 0, ""fraction_of_consequential"": 0.12885154061624648}, ""stale"": {""proposed"": 107, ""ALLOW"": 0, ""DENY"": 107, ""DEFER"": 0, ""fraction_of_consequential"": 0.29971988795518206}, ""hard_expired"": {""proposed"": 30, ""ALLOW"": 0, ""DENY"": 30, ""DEFER"": 0, ""fraction_of_consequential"": 0.08403361344537816}}","{""CONNECTED"": {""proposed"": 0, ""ALLOW"": 0.0, ""DENY"": 0.0, ""DEFER"": 0.0, ""fraction_of_consequential"": 0.0}, ""DEGRADED"": {""proposed"": 84, ""ALLOW"": 0.0, ""DENY"": 1.0, ""DEFER"": 0.0, ""fraction_of_consequential"": 0.23529411764705882}, ""PARTITIONED"": {""proposed"": 263, ""ALLOW"": 0.0, ""DENY"": 1.0, ""DEFER"": 0.0, ""fraction_of_consequential"": 0.7366946778711485}, ""ISOLATED"": {""proposed"": 0, ""ALLOW"": 0.0, ""DENY"": 0.0, ""DEFER"": 0.0, ""fraction_of_consequential"": 0.0}, ""RECOVERING"": {""proposed"": 10, ""ALLOW"": 0.0, ""DENY"": 1.0, ""DEFER"": 0.0, ""fraction_of_consequential"": 0.028011204481792718}}",b0d804b41d6f708612dc345c3e165ef89bc8bd77,9fd8fedc7661691a
B4,paper_ssp_200m_v1,1000,1000.0,0,tr_54fb653caded_gpu,-14.0774,21.9226,6,"{""conflicting_task_ownership"": 0, ""duplicate_execution"": 0, ""contradictory_reassignment"": 1, ""incompatible_mission_state"": 1, ""inconsistent_anomaly_state"": 4}",0.6818181818181818,0.8181818181818182,0.9230769230769231,0.38152011922503726,8192,13280,21472,timeout,40.0,"{""ALLOW_LOW_RISK"": 714, ""ALLOW_AUTHORIZED"": 78, ""DENY_FORBIDDEN"": 42, ""DENY_HARD_EXPIRY"": 4, ""DENY_RECOVERING_HARD_SAFETY"": 2}","{""fresh"": 76, ""aging"": 4, ""stale"": 4, ""hard_expired"": 4}","{""fresh"": {""proposed"": 76, ""ALLOW"": 74, ""DENY"": 2, ""DEFER"": 0, ""fraction_of_consequential"": 0.8636363636363636}, ""aging"": {""proposed"": 4, ""ALLOW"": 4, ""DENY"": 0, ""DEFER"": 0, ""fraction_of_consequential"": 0.045454545454545456}, ""stale"": {""proposed"": 4, ""ALLOW"": 0, ""DENY"": 4, ""DEFER"": 0, ""fraction_of_consequential"": 0.045454545454545456}, ""hard_expired"": {""proposed"": 4, ""ALLOW"": 0, ""DENY"": 4, ""DEFER"": 0, ""fraction_of_consequential"": 0.045454545454545456}}","{""CONNECTED"": {""proposed"": 0, ""ALLOW"": 0.0, ""DENY"": 0.0, ""DEFER"": 0.0, ""fraction_of_consequential"": 0.0}, ""DEGRADED"": {""proposed"": 18, ""ALLOW"": 1.0, ""DENY"": 0.0, ""DEFER"": 0.0, ""fraction_of_consequential"": 0.20454545454545456}, ""PARTITIONED"": {""proposed"": 68, ""ALLOW"": 0.8823529411764706, ""DENY"": 0.11764705882352941, ""DEFER"": 0.0, ""fraction_of_consequential"": 0.7727272727272727}, ""ISOLATED"": {""proposed"": 0, ""ALLOW"": 0.0, ""DENY"": 0.0, ""DEFER"": 0.0, ""fraction_of_consequential"": 0.0}, ""RECOVERING"": {""proposed"": 2, ""ALLOW"": 0.0, ""DENY"": 1.0, ""DEFER"": 0.0, ""fraction_of_consequential"": 0.022727272727272728}}",b0d804b41d6f708612dc345c3e165ef89bc8bd77,9fd8fedc7661691a
B5_conservative,paper_ssp_200m_v1,1000,1000.0,0,tr_54fb653caded_gpu,-30.0449,-30.0449,0,"{""conflicting_task_ownership"": 0, ""duplicate_execution"": 0, ""contradictory_reassignment"": 0, ""incompatible_mission_state"": 0, ""inconsistent_anomaly_state"": 0}",0.0,0.0,0.0,0.382089552238806,8192,13248,21440,timeout,40.0,"{""ALLOW_LOW_RISK"": 483, ""DEFER_DEGRADED"": 84, ""DENY_CONNECTIVITY_POLICY"": 273}","{""fresh"": 174, ""aging"": 46, ""stale"": 107, ""hard_expired"": 30}","{""fresh"": {""proposed"": 174, ""ALLOW"": 0, ""DENY"": 90, ""DEFER"": 84, ""fraction_of_consequential"": 0.48739495798319327}, ""aging"": {""proposed"": 46, ""ALLOW"": 0, ""DENY"": 46, ""DEFER"": 0, ""fraction_of_consequential"": 0.12885154061624648}, ""stale"": {""proposed"": 107, ""ALLOW"": 0, ""DENY"": 107, ""DEFER"": 0, ""fraction_of_consequential"": 0.29971988795518206}, ""hard_expired"": {""proposed"": 30, ""ALLOW"": 0, ""DENY"": 30, ""DEFER"": 0, ""fraction_of_consequential"": 0.08403361344537816}}","{""CONNECTED"": {""proposed"": 0, ""ALLOW"": 0.0, ""DENY"": 0.0, ""DEFER"": 0.0, ""fraction_of_consequential"": 0.0}, ""DEGRADED"": {""proposed"": 84, ""ALLOW"": 0.0, ""DENY"": 0.0, ""DEFER"": 1.0, ""fraction_of_consequential"": 0.23529411764705882}, ""PARTITIONED"": {""proposed"": 263, ""ALLOW"": 0.0, ""DENY"": 1.0, ""DEFER"": 0.0, ""fraction_of_consequential"": 0.7366946778711485}, ""ISOLATED"": {""proposed"": 0, ""ALLOW"": 0.0, ""DENY"": 0.0, ""DEFER"": 0.0, ""fraction_of_consequential"": 0.0}, ""RECOVERING"": {""proposed"": 10, ""ALLOW"": 0.0, ""DENY"": 1.0, ""DEFER"": 0.0, ""fraction_of_consequential"": 0.028011204481792718}}",b0d804b41d6f708612dc345c3e165ef89bc8bd77,9fd8fedc7661691a
B5_nominal,paper_ssp_200m_v1,1000,1000.0,0,tr_54fb653caded_gpu,-117.08815,-63.08815,9,"{""conflicting_task_ownership"": 0, ""duplicate_execution"": 0, ""contradictory_reassignment"": 1, ""incompatible_mission_state"": 4, ""inconsistent_anomaly_state"": 4}",0.797752808988764,0.9325842696629213,0.9325842696629213,0.38152011922503726,8192,13280,21472,timeout,40.0,"{""ALLOW_LOW_RISK"": 751, ""ALLOW_AUTHORIZED"": 89}","{""fresh"": 76, ""aging"": 4, ""stale"": 5, ""hard_expired"": 4}","{""fresh"": {""proposed"": 76, ""ALLOW"": 76, ""DENY"": 0, ""DEFER"": 0, ""fraction_of_consequential"": 0.8539325842696629}, ""aging"": {""proposed"": 4, ""ALLOW"": 4, ""DENY"": 0, ""DEFER"": 0, ""fraction_of_consequential"": 0.0449438202247191}, ""stale"": {""proposed"": 5, ""ALLOW"": 5, ""DENY"": 0, ""DEFER"": 0, ""fraction_of_consequential"": 0.056179775280898875}, ""hard_expired"": {""proposed"": 4, ""ALLOW"": 4, ""DENY"": 0, ""DEFER"": 0, ""fraction_of_consequential"": 0.0449438202247191}}","{""CONNECTED"": {""proposed"": 0, ""ALLOW"": 0.0, ""DENY"": 0.0, ""DEFER"": 0.0, ""fraction_of_consequential"": 0.0}, ""DEGRADED"": {""proposed"": 18, ""ALLOW"": 1.0, ""DENY"": 0.0, ""DEFER"": 0.0, ""fraction_of_consequential"": 0.20224719101123595}, ""PARTITIONED"": {""proposed"": 69, ""ALLOW"": 1.0, ""DENY"": 0.0, ""DEFER"": 0.0, ""fraction_of_consequential"": 0.7752808988764045}, ""ISOLATED"": {""proposed"": 0, ""ALLOW"": 0.0, ""DENY"": 0.0, ""DEFER"": 0.0, ""fraction_of_consequential"": 0.0}, ""RECOVERING"": {""proposed"": 2, ""ALLOW"": 1.0, ""DENY"": 0.0, ""DEFER"": 0.0, ""fraction_of_consequential"": 0.02247191011235955}}",b0d804b41d6f708612dc345c3e165ef89bc8bd77,9fd8fedc7661691a
B5_permissive,paper_ssp_200m_v1,1000,1000.0,0,tr_54fb653caded_gpu,-117.08815,-63.08815,9,"{""conflicting_task_ownership"": 0, ""duplicate_execution"": 0, ""contradictory_reassignment"": 1, ""incompatible_mission_state"": 4, ""inconsistent_anomaly_state"": 4}",0.797752808988764,0.9325842696629213,0.9325842696629213,0.38152011922503726,8192,13280,21472,timeout,40.0,"{""ALLOW_LOW_RISK"": 751, ""ALLOW_AUTHORIZED"": 89}","{""fresh"": 76, ""aging"": 4, ""stale"": 5, ""hard_expired"": 4}","{""fresh"": {""proposed"": 76, ""ALLOW"": 76, ""DENY"": 0, ""DEFER"": 0, ""fraction_of_consequential"": 0.8539325842696629}, ""aging"": {""proposed"": 4, ""ALLOW"": 4, ""DENY"": 0, ""DEFER"": 0, ""fraction_of_consequential"": 0.0449438202247191}, ""stale"": {""proposed"": 5, ""ALLOW"": 5, ""DENY"": 0, ""DEFER"": 0, ""fraction_of_consequential"": 0.056179775280898875}, ""hard_expired"": {""proposed"": 4, ""ALLOW"": 4, ""DENY"": 0, ""DEFER"": 0, ""fraction_of_consequential"": 0.0449438202247191}}","{""CONNECTED"": {""proposed"": 0, ""ALLOW"": 0.0, ""DENY"": 0.0, ""DEFER"": 0.0, ""fraction_of_consequential"": 0.0}, ""DEGRADED"": {""proposed"": 18, ""ALLOW"": 1.0, ""DENY"": 0.0, ""DEFER"": 0.0, ""fraction_of_consequential"": 0.20224719101123595}, ""PARTITIONED"": {""proposed"": 69, ""ALLOW"": 1.0, ""DENY"": 0.0, ""DEFER"": 0.0, ""fraction_of_consequential"": 0.7752808988764045}, ""ISOLATED"": {""proposed"": 0, ""ALLOW"": 0.0, ""DENY"": 0.0, ""DEFER"": 0.0, ""fraction_of_consequential"": 0.0}, ""RECOVERING"": {""proposed"": 2, ""ALLOW"": 1.0, ""DENY"": 0.0, ""DEFER"": 0.0, ""fraction_of_consequential"": 0.02247191011235955}}",b0d804b41d6f708612dc345c3e165ef89bc8bd77,9fd8fedc7661691a
B1,paper_ssp_200m_v1,0,0.0,1,tr_3bf719402f6c_gpu,47.9171,53.9171,1,"{""conflicting_task_ownership"": 0, ""duplicate_execution"": 0, ""contradictory_reassignment"": 0, ""incompatible_mission_state"": 1, ""inconsistent_anomaly_state"": 0}",0.0,0.9857142857142858,0.9857142857142858,0.6210045662100456,8704,5312,14016,idle,0.0,"{""ALLOW_LOW_RISK"": 770, ""ALLOW_AUTHORIZED"": 70}","{""fresh"": 70, ""aging"": 0, ""stale"": 0, ""hard_expired"": 0}","{""fresh"": {""proposed"": 70, ""ALLOW"": 70, ""DENY"": 0, ""DEFER"": 0, ""fraction_of_consequential"": 1.0}, ""aging"": {""proposed"": 0, ""ALLOW"": 0, ""DENY"": 0, ""DEFER"": 0, ""fraction_of_consequential"": 0.0}, ""stale"": {""proposed"": 0, ""ALLOW"": 0, ""DENY"": 0, ""DEFER"": 0, ""fraction_of_consequential"": 0.0}, ""hard_expired"": {""proposed"": 0, ""ALLOW"": 0, ""DENY"": 0, ""DEFER"": 0, ""fraction_of_consequential"": 0.0}}","{""CONNECTED"": {""proposed"": 0, ""ALLOW"": 0.0, ""DENY"": 0.0, ""DEFER"": 0.0, ""fraction_of_consequential"": 0.0}, ""DEGRADED"": {""proposed"": 70, ""ALLOW"": 1.0, ""DENY"": 0.0, ""DEFER"": 0.0, ""fraction_of_consequential"": 1.0}, ""PARTITIONED"": {""proposed"": 0, ""ALLOW"": 0.0, ""DENY"": 0.0, ""DEFER"": 0.0, ""fraction_of_consequential"": 0.0}, ""ISOLATED"": {""proposed"": 0, ""ALLOW"": 0.0, ""DENY"": 0.0, ""DEFER"": 0.0, ""fraction_of_consequential"": 0.0}, ""RECOVERING"": {""proposed"": 0, ""ALLOW"": 0.0, ""DENY"": 0.0, ""DEFER"": 0.0, ""fraction_of_consequential"": 0.0}}",b0d804b41d6f708612dc345c3e165ef89bc8bd77,97c46aacf2ff20bc
B2,paper_ssp_200m_v1,0,0.0,1,tr_3bf719402f6c_gpu,47.9171,53.9171,1,"{""conflicting_task_ownership"": 0, ""duplicate_execution"": 0, ""contradictory_reassignment"": 0, ""incompatible_mission_state"": 1, ""inconsistent_anomaly_state"": 0}",0.0,0.9857142857142858,0.9857142857142858,0.6210045662100456,8704,5312,14016,idle,0.0,"{""ALLOW_AUTHORIZED"": 840}","{""fresh"": 70, ""aging"": 0, ""stale"": 0, ""hard_expired"": 0}","{""fresh"": {""proposed"": 70, ""ALLOW"": 70, ""DENY"": 0, ""DEFER"": 0, ""fraction_of_consequential"": 1.0}, ""aging"": {""proposed"": 0, ""ALLOW"": 0, ""DENY"": 0, ""DEFER"": 0, ""fraction_of_consequential"": 0.0}, ""stale"": {""proposed"": 0, ""ALLOW"": 0, ""DENY"": 0, ""DEFER"": 0, ""fraction_of_consequential"": 0.0}, ""hard_expired"": {""proposed"": 0, ""ALLOW"": 0, ""DENY"": 0, ""DEFER"": 0, ""fraction_of_consequential"": 0.0}}","{""CONNECTED"": {""proposed"": 0, ""ALLOW"": 0.0, ""DENY"": 0.0, ""DEFER"": 0.0, ""fraction_of_consequential"": 0.0}, ""DEGRADED"": {""proposed"": 70, ""ALLOW"": 1.0, ""DENY"": 0.0, ""DEFER"": 0.0, ""fraction_of_consequential"": 1.0}, ""PARTITIONED"": {""proposed"": 0, ""ALLOW"": 0.0, ""DENY"": 0.0, ""DEFER"": 0.0, ""fraction_of_consequential"": 0.0}, ""ISOLATED"": {""proposed"": 0, ""ALLOW"": 0.0, ""DENY"": 0.0, ""DEFER"": 0.0, ""fraction_of_consequential"": 0.0}, ""RECOVERING"": {""proposed"": 0, ""ALLOW"": 0.0, ""DENY"": 0.0, ""DEFER"": 0.0, ""fraction_of_consequential"": 0.0}}",b0d804b41d6f708612dc345c3e165ef89bc8bd77,97c46aacf2ff20bc
B3,paper_ssp_200m_v1,0,0.0,1,tr_3bf719402f6c_gpu,-30.0462,-30.0462,0,"{""conflicting_task_ownership"": 0, ""duplicate_execution"": 0, ""contradictory_reassignment"": 0, ""incompatible_mission_state"": 0, ""inconsistent_anomaly_state"": 0}",0.0,0.0,0.0,0.6224256292906178,8704,5280,13984,idle,0.0,"{""ALLOW_LOW_RISK"": 496, ""DENY_STATIC_BOUND"": 344}","{""fresh"": 344, ""aging"": 0, ""stale"": 0, ""hard_expired"": 0}","{""fresh"": {""proposed"": 344, ""ALLOW"": 0, ""DENY"": 344, ""DEFER"": 0, ""fraction_of_consequential"": 1.0}, ""aging"": {""proposed"": 0, ""ALLOW"": 0, ""DENY"": 0, ""DEFER"": 0, ""fraction_of_consequential"": 0.0}, ""stale"": {""proposed"": 0, ""ALLOW"": 0, ""DENY"": 0, ""DEFER"": 0, ""fraction_of_consequential"": 0.0}, ""hard_expired"": {""proposed"": 0, ""ALLOW"": 0, ""DENY"": 0, ""DEFER"": 0, ""fraction_of_consequential"": 0.0}}","{""CONNECTED"": {""proposed"": 0, ""ALLOW"": 0.0, ""DENY"": 0.0, ""DEFER"": 0.0, ""fraction_of_consequential"": 0.0}, ""DEGRADED"": {""proposed"": 344, ""ALLOW"": 0.0, ""DENY"": 1.0, ""DEFER"": 0.0, ""fraction_of_consequential"": 1.0}, ""PARTITIONED"": {""proposed"": 0, ""ALLOW"": 0.0, ""DENY"": 0.0, ""DEFER"": 0.0, ""fraction_of_consequential"": 0.0}, ""ISOLATED"": {""proposed"": 0, ""ALLOW"": 0.0, ""DENY"": 0.0, ""DEFER"": 0.0, ""fraction_of_consequential"": 0.0}, ""RECOVERING"": {""proposed"": 0, ""ALLOW"": 0.0, ""DENY"": 0.0, ""DEFER"": 0.0, ""fraction_of_consequential"": 0.0}}",b0d804b41d6f708612dc345c3e165ef89bc8bd77,97c46aacf2ff20bc
B4,paper_ssp_200m_v1,0,0.0,1,tr_3bf719402f6c_gpu,47.9171,53.9171,1,"{""conflicting_task_ownership"": 0, ""duplicate_execution"": 0, ""contradictory_reassignment"": 0, ""incompatible_mission_state"": 1, ""inconsistent_anomaly_state"": 0}",0.0,0.9857142857142858,0.9857142857142858,0.6210045662100456,8704,5312,14016,idle,0.0,"{""ALLOW_LOW_RISK"": 770, ""ALLOW_AUTHORIZED"": 70}","{""fresh"": 70, ""aging"": 0, ""stale"": 0, ""hard_expired"": 0}","{""fresh"": {""proposed"": 70, ""ALLOW"": 70, ""DENY"": 0, ""DEFER"": 0, ""fraction_of_consequential"": 1.0}, ""aging"": {""proposed"": 0, ""ALLOW"": 0, ""DENY"": 0, ""DEFER"": 0, ""fraction_of_consequential"": 0.0}, ""stale"": {""proposed"": 0, ""ALLOW"": 0, ""DENY"": 0, ""DEFER"": 0, ""fraction_of_consequential"": 0.0}, ""hard_expired"": {""proposed"": 0, ""ALLOW"": 0, ""DENY"": 0, ""DEFER"": 0, ""fraction_of_consequential"": 0.0}}","{""CONNECTED"": {""proposed"": 0, ""ALLOW"": 0.0, ""DENY"": 0.0, ""DEFER"": 0.0, ""fraction_of_consequential"": 0.0}, ""DEGRADED"": {""proposed"": 70, ""ALLOW"": 1.0, ""DENY"": 0.0, ""DEFER"": 0.0, ""fraction_of_consequential"": 1.0}, ""PARTITIONED"": {""proposed"": 0, ""ALLOW"": 0.0, ""DENY"": 0.0, ""DEFER"": 0.0, ""fraction_of_consequential"": 0.0}, ""ISOLATED"": {""proposed"": 0, ""ALLOW"": 0.0, ""DENY"": 0.0, ""DEFER"": 0.0, ""fraction_of_consequential"": 0.0}, ""RECOVERING"": {""proposed"": 0, ""ALLOW"": 0.0, ""DENY"": 0.0, ""DEFER"": 0.0, ""fraction_of_consequential"": 0.0}}",b0d804b41d6f708612dc345c3e165ef89bc8bd77,97c46aacf2ff20bc
B5_conservative,paper_ssp_200m_v1,0,0.0,1,tr_3bf719402f6c_gpu,-30.0462,-30.0462,0,"{""conflicting_task_ownership"": 0, ""duplicate_execution"": 0, ""contradictory_reassignment"": 0, ""incompatible_mission_state"": 0, ""inconsistent_anomaly_state"": 0}",0.0,0.0,0.0,0.6224256292906178,8704,5280,13984,idle,0.0,"{""ALLOW_LOW_RISK"": 496, ""DEFER_DEGRADED"": 344}","{""fresh"": 344, ""aging"": 0, ""stale"": 0, ""hard_expired"": 0}","{""fresh"": {""proposed"": 344, ""ALLOW"": 0, ""DENY"": 0, ""DEFER"": 344, ""fraction_of_consequential"": 1.0}, ""aging"": {""proposed"": 0, ""ALLOW"": 0, ""DENY"": 0, ""DEFER"": 0, ""fraction_of_consequential"": 0.0}, ""stale"": {""proposed"": 0, ""ALLOW"": 0, ""DENY"": 0, ""DEFER"": 0, ""fraction_of_consequential"": 0.0}, ""hard_expired"": {""proposed"": 0, ""ALLOW"": 0, ""DENY"": 0, ""DEFER"": 0, ""fraction_of_consequential"": 0.0}}","{""CONNECTED"": {""proposed"": 0, ""ALLOW"": 0.0, ""DENY"": 0.0, ""DEFER"": 0.0, ""fraction_of_consequential"": 0.0}, ""DEGRADED"": {""proposed"": 344, ""ALLOW"": 0.0, ""DENY"": 0.0, ""DEFER"": 1.0, ""fraction_of_consequential"": 1.0}, ""PARTITIONED"": {""proposed"": 0, ""ALLOW"": 0.0, ""DENY"": 0.0, ""DEFER"": 0.0, ""fraction_of_consequential"": 0.0}, ""ISOLATED"": {""proposed"": 0, ""ALLOW"": 0.0, ""DENY"": 0.0, ""DEFER"": 0.0, ""fraction_of_consequential"": 0.0}, ""RECOVERING"": {""proposed"": 0, ""ALLOW"": 0.0, ""DENY"": 0.0, ""DEFER"": 0.0, ""fraction_of_consequential"": 0.0}}",b0d804b41d6f708612dc345c3e165ef89bc8bd77,97c46aacf2ff20bc
B5_nominal,paper_ssp_200m_v1,0,0.0,1,tr_3bf719402f6c_gpu,47.9171,53.9171,1,"{""conflicting_task_ownership"": 0, ""duplicate_execution"": 0, ""contradictory_reassignment"": 0, ""incompatible_mission_state"": 1, ""inconsistent_anomaly_state"": 0}",0.0,0.9857142857142858,0.9857142857142858,0.6210045662100456,8704,5312,14016,idle,0.0,"{""ALLOW_LOW_RISK"": 770, ""ALLOW_AUTHORIZED"": 70}","{""fresh"": 70, ""aging"": 0, ""stale"": 0, ""hard_expired"": 0}","{""fresh"": {""proposed"": 70, ""ALLOW"": 70, ""DENY"": 0, ""DEFER"": 0, ""fraction_of_consequential"": 1.0}, ""aging"": {""proposed"": 0, ""ALLOW"": 0, ""DENY"": 0, ""DEFER"": 0, ""fraction_of_consequential"": 0.0}, ""stale"": {""proposed"": 0, ""ALLOW"": 0, ""DENY"": 0, ""DEFER"": 0, ""fraction_of_consequential"": 0.0}, ""hard_expired"": {""proposed"": 0, ""ALLOW"": 0, ""DENY"": 0, ""DEFER"": 0, ""fraction_of_consequential"": 0.0}}","{""CONNECTED"": {""proposed"": 0, ""ALLOW"": 0.0, ""DENY"": 0.0, ""DEFER"": 0.0, ""fraction_of_consequential"": 0.0}, ""DEGRADED"": {""proposed"": 70, ""ALLOW"": 1.0, ""DENY"": 0.0, ""DEFER"": 0.0, ""fraction_of_consequential"": 1.0}, ""PARTITIONED"": {""proposed"": 0, ""ALLOW"": 0.0, ""DENY"": 0.0, ""DEFER"": 0.0, ""fraction_of_consequential"": 0.0}, ""ISOLATED"": {""proposed"": 0, ""ALLOW"": 0.0, ""DENY"": 0.0, ""DEFER"": 0.0, ""fraction_of_consequential"": 0.0}, ""RECOVERING"": {""proposed"": 0, ""ALLOW"": 0.0, ""DENY"": 0.0, ""DEFER"": 0.0, ""fraction_of_consequential"": 0.0}}",b0d804b41d6f708612dc345c3e165ef89bc8bd77,97c46aacf2ff20bc
B5_permissive,paper_ssp_200m_v1,0,0.0,1,tr_3bf719402f6c_gpu,47.9171,53.9171,1,"{""conflicting_task_ownership"": 0, ""duplicate_execution"": 0, ""contradictory_reassignment"": 0, ""incompatible_mission_state"": 1, ""inconsistent_anomaly_state"": 0}",0.0,0.9857142857142858,0.9857142857142858,0.6210045662100456,8704,5312,14016,idle,0.0,"{""ALLOW_LOW_RISK"": 770, ""ALLOW_AUTHORIZED"": 70}","{""fresh"": 70, ""aging"": 0, ""stale"": 0, ""hard_expired"": 0}","{""fresh"": {""proposed"": 70, ""ALLOW"": 70, ""DENY"": 0, ""DEFER"": 0, ""fraction_of_consequential"": 1.0}, ""aging"": {""proposed"": 0, ""ALLOW"": 0, ""DENY"": 0, ""DEFER"": 0, ""fraction_of_consequential"": 0.0}, ""stale"": {""proposed"": 0, ""ALLOW"": 0, ""DENY"": 0, ""DEFER"": 0, ""fraction_of_consequential"": 0.0}, ""hard_expired"": {""proposed"": 0, ""ALLOW"": 0, ""DENY"": 0, ""DEFER"": 0, ""fraction_of_consequential"": 0.0}}","{""CONNECTED"": {""proposed"": 0, ""ALLOW"": 0.0, ""DENY"": 0.0, ""DEFER"": 0.0, ""fraction_of_consequential"": 0.0}, ""DEGRADED"": {""proposed"": 70, ""ALLOW"": 1.0, ""DENY"": 0.0, ""DEFER"": 0.0, ""fraction_of_consequential"": 1.0}, ""PARTITIONED"": {""proposed"": 0, ""ALLOW"": 0.0, ""DENY"": 0.0, ""DEFER"": 0.0, ""fraction_of_consequential"": 0.0}, ""ISOLATED"": {""proposed"": 0, ""ALLOW"": 0.0, ""DENY"": 0.0, ""DEFER"": 0.0, ""fraction_of_consequential"": 0.0}, ""RECOVERING"": {""proposed"": 0, ""ALLOW"": 0.0, ""DENY"": 0.0, ""DEFER"": 0.0, ""fraction_of_consequential"": 0.0}}",b0d804b41d6f708612dc345c3e165ef89bc8bd77,97c46aacf2ff20bc
B1,paper_ssp_200m_v1,150,150.0,1,tr_3bf719402f6c_gpu,47.9177,53.9177,1,"{""conflicting_task_ownership"": 0, ""duplicate_execution"": 0, ""contradictory_reassignment"": 0, ""incompatible_mission_state"": 1, ""inconsistent_anomaly_state"": 0}",0.10526315789473684,0.881578947368421,0.9852941176470589,0.47232472324723246,8192,9152,17344,timeout,40.0,"{""ALLOW_LOW_RISK"": 764, ""ALLOW_AUTHORIZED"": 68, ""DENY_SUPERVISOR_UNREACHABLE"": 6, ""DENY_RECOVERING_CONSEQUENTIAL"": 2}","{""fresh"": 76, ""aging"": 0, ""stale"": 0, ""hard_expired"": 0}","{""fresh"": {""proposed"": 76, ""ALLOW"": 68, ""DENY"": 8, ""DEFER"": 0, ""fraction_of_consequential"": 1.0}, ""aging"": {""proposed"": 0, ""ALLOW"": 0, ""DENY"": 0, ""DEFER"": 0, ""fraction_of_consequential"": 0.0}, ""stale"": {""proposed"": 0, ""ALLOW"": 0, ""DENY"": 0, ""DEFER"": 0, ""fraction_of_consequential"": 0.0}, ""hard_expired"": {""proposed"": 0, ""ALLOW"": 0, ""DENY"": 0, ""DEFER"": 0, ""fraction_of_consequential"": 0.0}}","{""CONNECTED"": {""proposed"": 0, ""ALLOW"": 0.0, ""DENY"": 0.0, ""DEFER"": 0.0, ""fraction_of_consequential"": 0.0}, ""DEGRADED"": {""proposed"": 60, ""ALLOW"": 1.0, ""DENY"": 0.0, ""DEFER"": 0.0, ""fraction_of_consequential"": 0.7894736842105263}, ""PARTITIONED"": {""proposed"": 14, ""ALLOW"": 0.5714285714285714, ""DENY"": 0.42857142857142855, ""DEFER"": 0.0, ""fraction_of_consequential"": 0.18421052631578946}, ""ISOLATED"": {""proposed"": 0, ""ALLOW"": 0.0, ""DENY"": 0.0, ""DEFER"": 0.0, ""fraction_of_consequential"": 0.0}, ""RECOVERING"": {""proposed"": 2, ""ALLOW"": 0.0, ""DENY"": 1.0, ""DEFER"": 0.0, ""fraction_of_consequential"": 0.02631578947368421}}",b0d804b41d6f708612dc345c3e165ef89bc8bd77,1fe727c4c3751a4c
B2,paper_ssp_200m_v1,150,150.0,1,tr_3bf719402f6c_gpu,41.923,53.923,2,"{""conflicting_task_ownership"": 0, ""duplicate_execution"": 0, ""contradictory_reassignment"": 1, ""incompatible_mission_state"": 1, ""inconsistent_anomaly_state"": 0}",0.21052631578947367,0.9210526315789473,0.9210526315789473,0.47232472324723246,8192,9152,17344,timeout,40.0,"{""ALLOW_AUTHORIZED"": 840}","{""fresh"": 76, ""aging"": 0, ""stale"": 0, ""hard_expired"": 0}","{""fresh"": {""proposed"": 76, ""ALLOW"": 76, ""DENY"": 0, ""DEFER"": 0, ""fraction_of_consequential"": 1.0}, ""aging"": {""proposed"": 0, ""ALLOW"": 0, ""DENY"": 0, ""DEFER"": 0, ""fraction_of_consequential"": 0.0}, ""stale"": {""proposed"": 0, ""ALLOW"": 0, ""DENY"": 0, ""DEFER"": 0, ""fraction_of_consequential"": 0.0}, ""hard_expired"": {""proposed"": 0, ""ALLOW"": 0, ""DENY"": 0, ""DEFER"": 0, ""fraction_of_consequential"": 0.0}}","{""CONNECTED"": {""proposed"": 0, ""ALLOW"": 0.0, ""DENY"": 0.0, ""DEFER"": 0.0, ""fraction_of_consequential"": 0.0}, ""DEGRADED"": {""proposed"": 60, ""ALLOW"": 1.0, ""DENY"": 0.0, ""DEFER"": 0.0, ""fraction_of_consequential"": 0.7894736842105263}, ""PARTITIONED"": {""proposed"": 14, ""ALLOW"": 1.0, ""DENY"": 0.0, ""DEFER"": 0.0, ""fraction_of_consequential"": 0.18421052631578946}, ""ISOLATED"": {""proposed"": 0, ""ALLOW"": 0.0, ""DENY"": 0.0, ""DEFER"": 0.0, ""fraction_of_consequential"": 0.0}, ""RECOVERING"": {""proposed"": 2, ""ALLOW"": 1.0, ""DENY"": 0.0, ""DEFER"": 0.0, ""fraction_of_consequential"": 0.02631578947368421}}",b0d804b41d6f708612dc345c3e165ef89bc8bd77,1fe727c4c3751a4c
B3,paper_ssp_200m_v1,150,150.0,1,tr_3bf719402f6c_gpu,-30.046,-30.046,0,"{""conflicting_task_ownership"": 0, ""duplicate_execution"": 0, ""contradictory_reassignment"": 0, ""incompatible_mission_state"": 0, ""inconsistent_anomaly_state"": 0}",0.0,0.0,0.0,0.4731977818853974,8192,9120,17312,timeout,40.0,"{""ALLOW_LOW_RISK"": 494, ""DENY_STATIC_BOUND"": 346}","{""fresh"": 342, ""aging"": 4, ""stale"": 0, ""hard_expired"": 0}","{""fresh"": {""proposed"": 342, ""ALLOW"": 0, ""DENY"": 342, ""DEFER"": 0, ""fraction_of_consequential"": 0.9884393063583815}, ""aging"": {""proposed"": 4, ""ALLOW"": 0, ""DENY"": 4, ""DEFER"": 0, ""fraction_of_consequential"": 0.011560693641618497}, ""stale"": {""proposed"": 0, ""ALLOW"": 0, ""DENY"": 0, ""DEFER"": 0, ""fraction_of_consequential"": 0.0}, ""hard_expired"": {""proposed"": 0, ""ALLOW"": 0, ""DENY"": 0, ""DEFER"": 0, ""fraction_of_consequential"": 0.0}}","{""CONNECTED"": {""proposed"": 0, ""ALLOW"": 0.0, ""DENY"": 0.0, ""DEFER"": 0.0, ""fraction_of_consequential"": 0.0}, ""DEGRADED"": {""proposed"": 294, ""ALLOW"": 0.0, ""DENY"": 1.0, ""DEFER"": 0.0, ""fraction_of_consequential"": 0.8497109826589595}, ""PARTITIONED"": {""proposed"": 42, ""ALLOW"": 0.0, ""DENY"": 1.0, ""DEFER"": 0.0, ""fraction_of_consequential"": 0.12138728323699421}, ""ISOLATED"": {""proposed"": 0, ""ALLOW"": 0.0, ""DENY"": 0.0, ""DEFER"": 0.0, ""fraction_of_consequential"": 0.0}, ""RECOVERING"": {""proposed"": 10, ""ALLOW"": 0.0, ""DENY"": 1.0, ""DEFER"": 0.0, ""fraction_of_consequential"": 0.028901734104046242}}",b0d804b41d6f708612dc345c3e165ef89bc8bd77,1fe727c4c3751a4c
B4,paper_ssp_200m_v1,150,150.0,1,tr_3bf719402f6c_gpu,41.923,53.923,2,"{""conflicting_task_ownership"": 0, ""duplicate_execution"": 0, ""contradictory_reassignment"": 1, ""incompatible_mission_state"": 1, ""inconsistent_anomaly_state"": 0}",0.18421052631578946,0.8947368421052632,0.918918918918919,0.47232472324723246,8192,9152,17344,timeout,40.0,"{""ALLOW_LOW_RISK"": 764, ""ALLOW_AUTHORIZED"": 74, ""DENY_RECOVERING_HARD_SAFETY"": 2}","{""fresh"": 76, ""aging"": 0, ""stale"": 0, ""hard_expired"": 0}","{""fresh"": {""proposed"": 76, ""ALLOW"": 74, ""DENY"": 2, ""DEFER"": 0, ""fraction_of_consequential"": 1.0}, ""aging"": {""proposed"": 0, ""ALLOW"": 0, ""DENY"": 0, ""DEFER"": 0, ""fraction_of_consequential"": 0.0}, ""stale"": {""proposed"": 0, ""ALLOW"": 0, ""DENY"": 0, ""DEFER"": 0, ""fraction_of_consequential"": 0.0}, ""hard_expired"": {""proposed"": 0, ""ALLOW"": 0, ""DENY"": 0, ""DEFER"": 0, ""fraction_of_consequential"": 0.0}}","{""CONNECTED"": {""proposed"": 0, ""ALLOW"": 0.0, ""DENY"": 0.0, ""DEFER"": 0.0, ""fraction_of_consequential"": 0.0}, ""DEGRADED"": {""proposed"": 60, ""ALLOW"": 1.0, ""DENY"": 0.0, ""DEFER"": 0.0, ""fraction_of_consequential"": 0.7894736842105263}, ""PARTITIONED"": {""proposed"": 14, ""ALLOW"": 1.0, ""DENY"": 0.0, ""DEFER"": 0.0, ""fraction_of_consequential"": 0.18421052631578946}, ""ISOLATED"": {""proposed"": 0, ""ALLOW"": 0.0, ""DENY"": 0.0, ""DEFER"": 0.0, ""fraction_of_consequential"": 0.0}, ""RECOVERING"": {""proposed"": 2, ""ALLOW"": 0.0, ""DENY"": 1.0, ""DEFER"": 0.0, ""fraction_of_consequential"": 0.02631578947368421}}",b0d804b41d6f708612dc345c3e165ef89bc8bd77,1fe727c4c3751a4c
B5_conservative,paper_ssp_200m_v1,150,150.0,1,tr_3bf719402f6c_gpu,-30.046,-30.046,0,"{""conflicting_task_ownership"": 0, ""duplicate_execution"": 0, ""contradictory_reassignment"": 0, ""incompatible_mission_state"": 0, ""inconsistent_anomaly_state"": 0}",0.0,0.0,0.0,0.4731977818853974,8192,9120,17312,timeout,40.0,"{""ALLOW_LOW_RISK"": 494, ""DEFER_DEGRADED"": 294, ""DENY_CONNECTIVITY_POLICY"": 52}","{""fresh"": 342, ""aging"": 4, ""stale"": 0, ""hard_expired"": 0}","{""fresh"": {""proposed"": 342, ""ALLOW"": 0, ""DENY"": 48, ""DEFER"": 294, ""fraction_of_consequential"": 0.9884393063583815}, ""aging"": {""proposed"": 4, ""ALLOW"": 0, ""DENY"": 4, ""DEFER"": 0, ""fraction_of_consequential"": 0.011560693641618497}, ""stale"": {""proposed"": 0, ""ALLOW"": 0, ""DENY"": 0, ""DEFER"": 0, ""fraction_of_consequential"": 0.0}, ""hard_expired"": {""proposed"": 0, ""ALLOW"": 0, ""DENY"": 0, ""DEFER"": 0, ""fraction_of_consequential"": 0.0}}","{""CONNECTED"": {""proposed"": 0, ""ALLOW"": 0.0, ""DENY"": 0.0, ""DEFER"": 0.0, ""fraction_of_consequential"": 0.0}, ""DEGRADED"": {""proposed"": 294, ""ALLOW"": 0.0, ""DENY"": 0.0, ""DEFER"": 1.0, ""fraction_of_consequential"": 0.8497109826589595}, ""PARTITIONED"": {""proposed"": 42, ""ALLOW"": 0.0, ""DENY"": 1.0, ""DEFER"": 0.0, ""fraction_of_consequential"": 0.12138728323699421}, ""ISOLATED"": {""proposed"": 0, ""ALLOW"": 0.0, ""DENY"": 0.0, ""DEFER"": 0.0, ""fraction_of_consequential"": 0.0}, ""RECOVERING"": {""proposed"": 10, ""ALLOW"": 0.0, ""DENY"": 1.0, ""DEFER"": 0.0, ""fraction_of_consequential"": 0.028901734104046242}}",b0d804b41d6f708612dc345c3e165ef89bc8bd77,1fe727c4c3751a4c
B5_nominal,paper_ssp_200m_v1,150,150.0,1,tr_3bf719402f6c_gpu,41.923,53.923,2,"{""conflicting_task_ownership"": 0, ""duplicate_execution"": 0, ""contradictory_reassignment"": 1, ""incompatible_mission_state"": 1, ""inconsistent_anomaly_state"": 0}",0.21052631578947367,0.9210526315789473,0.9210526315789473,0.47232472324723246,8192,9152,17344,timeout,40.0,"{""ALLOW_LOW_RISK"": 764, ""ALLOW_AUTHORIZED"": 76}","{""fresh"": 76, ""aging"": 0, ""stale"": 0, ""hard_expired"": 0}","{""fresh"": {""proposed"": 76, ""ALLOW"": 76, ""DENY"": 0, ""DEFER"": 0, ""fraction_of_consequential"": 1.0}, ""aging"": {""proposed"": 0, ""ALLOW"": 0, ""DENY"": 0, ""DEFER"": 0, ""fraction_of_consequential"": 0.0}, ""stale"": {""proposed"": 0, ""ALLOW"": 0, ""DENY"": 0, ""DEFER"": 0, ""fraction_of_consequential"": 0.0}, ""hard_expired"": {""proposed"": 0, ""ALLOW"": 0, ""DENY"": 0, ""DEFER"": 0, ""fraction_of_consequential"": 0.0}}","{""CONNECTED"": {""proposed"": 0, ""ALLOW"": 0.0, ""DENY"": 0.0, ""DEFER"": 0.0, ""fraction_of_consequential"": 0.0}, ""DEGRADED"": {""proposed"": 60, ""ALLOW"": 1.0, ""DENY"": 0.0, ""DEFER"": 0.0, ""fraction_of_consequential"": 0.7894736842105263}, ""PARTITIONED"": {""proposed"": 14, ""ALLOW"": 1.0, ""DENY"": 0.0, ""DEFER"": 0.0, ""fraction_of_consequential"": 0.18421052631578946}, ""ISOLATED"": {""proposed"": 0, ""ALLOW"": 0.0, ""DENY"": 0.0, ""DEFER"": 0.0, ""fraction_of_consequential"": 0.0}, ""RECOVERING"": {""proposed"": 2, ""ALLOW"": 1.0, ""DENY"": 0.0, ""DEFER"": 0.0, ""fraction_of_consequential"": 0.02631578947368421}}",b0d804b41d6f708612dc345c3e165ef89bc8bd77,1fe727c4c3751a4c
B5_permissive,paper_ssp_200m_v1,150,150.0,1,tr_3bf719402f6c_gpu,41.923,53.923,2,"{""conflicting_task_ownership"": 0, ""duplicate_execution"": 0, ""contradictory_reassignment"": 1, ""incompatible_mission_state"": 1, ""inconsistent_anomaly_state"": 0}",0.21052631578947367,0.9210526315789473,0.9210526315789473,0.47232472324723246,8192,9152,17344,timeout,40.0,"{""ALLOW_LOW_RISK"": 764, ""ALLOW_AUTHORIZED"": 76}","{""fresh"": 76, ""aging"": 0, ""stale"": 0, ""hard_expired"": 0}","{""fresh"": {""proposed"": 76, ""ALLOW"": 76, ""DENY"": 0, ""DEFER"": 0, ""fraction_of_consequential"": 1.0}, ""aging"": {""proposed"": 0, ""ALLOW"": 0, ""DENY"": 0, ""DEFER"": 0, ""fraction_of_consequential"": 0.0}, ""stale"": {""proposed"": 0, ""ALLOW"": 0, ""DENY"": 0, ""DEFER"": 0, ""fraction_of_consequential"": 0.0}, ""hard_expired"": {""proposed"": 0, ""ALLOW"": 0, ""DENY"": 0, ""DEFER"": 0, ""fraction_of_consequential"": 0.0}}","{""CONNECTED"": {""proposed"": 0, ""ALLOW"": 0.0, ""DENY"": 0.0, ""DEFER"": 0.0, ""fraction_of_consequential"": 0.0}, ""DEGRADED"": {""proposed"": 60, ""ALLOW"": 1.0, ""DENY"": 0.0, ""DEFER"": 0.0, ""fraction_of_consequential"": 0.7894736842105263}, ""PARTITIONED"": {""proposed"": 14, ""ALLOW"": 1.0, ""DENY"": 0.0, ""DEFER"": 0.0, ""fraction_of_consequential"": 0.18421052631578946}, ""ISOLATED"": {""proposed"": 0, ""ALLOW"": 0.0, ""DENY"": 0.0, ""DEFER"": 0.0, ""fraction_of_consequential"": 0.0}, ""RECOVERING"": {""proposed"": 2, ""ALLOW"": 1.0, ""DENY"": 0.0, ""DEFER"": 0.0, ""fraction_of_consequential"": 0.02631578947368421}}",b0d804b41d6f708612dc345c3e165ef89bc8bd77,1fe727c4c3751a4c
B1,paper_ssp_200m_v1,300,300.0,1,tr_3bf719402f6c_gpu,47.9183,53.9183,1,"{""conflicting_task_ownership"": 0, ""duplicate_execution"": 0, ""contradictory_reassignment"": 0, ""incompatible_mission_state"": 1, ""inconsistent_anomaly_state"": 0}",0.18292682926829268,0.8170731707317073,0.9852941176470589,0.3956723338485317,8192,12512,20704,timeout,40.0,"{""ALLOW_LOW_RISK"": 758, ""ALLOW_AUTHORIZED"": 68, ""DENY_SUPERVISOR_UNREACHABLE"": 12, ""DENY_RECOVERING_CONSEQUENTIAL"": 2}","{""fresh"": 76, ""aging"": 6, ""stale"": 0, ""hard_expired"": 0}","{""fresh"": {""proposed"": 76, ""ALLOW"": 68, ""DENY"": 8, ""DEFER"": 0, ""fraction_of_consequential"": 0.926829268292683}, ""aging"": {""proposed"": 6, ""ALLOW"": 0, ""DENY"": 6, ""DEFER"": 0, ""fraction_of_consequential"": 0.07317073170731707}, ""stale"": {""proposed"": 0, ""ALLOW"": 0, ""DENY"": 0, ""DEFER"": 0, ""fraction_of_consequential"": 0.0}, ""hard_expired"": {""proposed"": 0, ""ALLOW"": 0, ""DENY"": 0, ""DEFER"": 0, ""fraction_of_consequential"": 0.0}}","{""CONNECTED"": {""proposed"": 0, ""ALLOW"": 0.0, ""DENY"": 0.0, ""DEFER"": 0.0, ""fraction_of_consequential"": 0.0}, ""DEGRADED"": {""proposed"": 53, ""ALLOW"": 1.0, ""DENY"": 0.0, ""DEFER"": 0.0, ""fraction_of_consequential"": 0.6463414634146342}, ""PARTITIONED"": {""proposed"": 27, ""ALLOW"": 0.5555555555555556, ""DENY"": 0.4444444444444444, ""DEFER"": 0.0, ""fraction_of_consequential"": 0.32926829268292684}, ""ISOLATED"": {""proposed"": 0, ""ALLOW"": 0.0, ""DENY"": 0.0, ""DEFER"": 0.0, ""fraction_of_consequential"": 0.0}, ""RECOVERING"": {""proposed"": 2, ""ALLOW"": 0.0, ""DENY"": 1.0, ""DEFER"": 0.0, ""fraction_of_consequential"": 0.024390243902439025}}",b0d804b41d6f708612dc345c3e165ef89bc8bd77,04731459e03e60cb
B2,paper_ssp_200m_v1,300,300.0,1,tr_3bf719402f6c_gpu,-14.0806,21.9194,6,"{""conflicting_task_ownership"": 0, ""duplicate_execution"": 0, ""contradictory_reassignment"": 1, ""incompatible_mission_state"": 1, ""inconsistent_anomaly_state"": 4}",0.3375,0.925,0.925,0.3956723338485317,8192,12512,20704,timeout,40.0,"{""ALLOW_AUTHORIZED"": 840}","{""fresh"": 76, ""aging"": 4, ""stale"": 0, ""hard_expired"": 0}","{""fresh"": {""proposed"": 76, ""ALLOW"": 76, ""DENY"": 0, ""DEFER"": 0, ""fraction_of_consequential"": 0.95}, ""aging"": {""proposed"": 4, ""ALLOW"": 4, ""DENY"": 0, ""DEFER"": 0, ""fraction_of_consequential"": 0.05}, ""stale"": {""proposed"": 0, ""ALLOW"": 0, ""DENY"": 0, ""DEFER"": 0, ""fraction_of_consequential"": 0.0}, ""hard_expired"": {""proposed"": 0, ""ALLOW"": 0, ""DENY"": 0, ""DEFER"": 0, ""fraction_of_consequential"": 0.0}}","{""CONNECTED"": {""proposed"": 0, ""ALLOW"": 0.0, ""DENY"": 0.0, ""DEFER"": 0.0, ""fraction_of_consequential"": 0.0}, ""DEGRADED"": {""proposed"": 53, ""ALLOW"": 1.0, ""DENY"": 0.0, ""DEFER"": 0.0, ""fraction_of_consequential"": 0.6625}, ""PARTITIONED"": {""proposed"": 25, ""ALLOW"": 1.0, ""DENY"": 0.0, ""DEFER"": 0.0, ""fraction_of_consequential"": 0.3125}, ""ISOLATED"": {""proposed"": 0, ""ALLOW"": 0.0, ""DENY"": 0.0, ""DEFER"": 0.0, ""fraction_of_consequential"": 0.0}, ""RECOVERING"": {""proposed"": 2, ""ALLOW"": 1.0, ""DENY"": 0.0, ""DEFER"": 0.0, ""fraction_of_consequential"": 0.025}}",b0d804b41d6f708612dc345c3e165ef89bc8bd77,04731459e03e60cb
B3,paper_ssp_200m_v1,300,300.0,1,tr_3bf719402f6c_gpu,-30.0458,-30.0458,0,"{""conflicting_task_ownership"": 0, ""duplicate_execution"": 0, ""contradictory_reassignment"": 0, ""incompatible_mission_state"": 0, ""inconsistent_anomaly_state"": 0}",0.0,0.0,0.0,0.39628482972136225,8192,12480,20672,timeout,40.0,"{""ALLOW_LOW_RISK"": 492, ""DENY_STATIC_BOUND"": 348}","{""fresh"": 314, ""aging"": 34, ""stale"": 0, ""hard_expired"": 0}","{""fresh"": {""proposed"": 314, ""ALLOW"": 0, ""DENY"": 314, ""DEFER"": 0, ""fraction_of_consequential"": 0.9022988505747126}, ""aging"": {""proposed"": 34, ""ALLOW"": 0, ""DENY"": 34, ""DEFER"": 0, ""fraction_of_consequential"": 0.09770114942528736}, ""stale"": {""proposed"": 0, ""ALLOW"": 0, ""DENY"": 0, ""DEFER"": 0, ""fraction_of_consequential"": 0.0}, ""hard_expired"": {""proposed"": 0, ""ALLOW"": 0, ""DENY"": 0, ""DEFER"": 0, ""fraction_of_consequential"": 0.0}}","{""CONNECTED"": {""proposed"": 0, ""ALLOW"": 0.0, ""DENY"": 0.0, ""DEFER"": 0.0, ""fraction_of_consequential"": 0.0}, ""DEGRADED"": {""proposed"": 259, ""ALLOW"": 0.0, ""DENY"": 1.0, ""DEFER"": 0.0, ""fraction_of_consequential"": 0.7442528735632183}, ""PARTITIONED"": {""proposed"": 79, ""ALLOW"": 0.0, ""DENY"": 1.0, ""DEFER"": 0.0, ""fraction_of_consequential"": 0.22701149425287356}, ""ISOLATED"": {""proposed"": 0, ""ALLOW"": 0.0, ""DENY"": 0.0, ""DEFER"": 0.0, ""fraction_of_consequential"": 0.0}, ""RECOVERING"": {""proposed"": 10, ""ALLOW"": 0.0, ""DENY"": 1.0, ""DEFER"": 0.0, ""fraction_of_consequential"": 0.028735632183908046}}",b0d804b41d6f708612dc345c3e165ef89bc8bd77,04731459e03e60cb
B4,paper_ssp_200m_v1,300,300.0,1,tr_3bf719402f6c_gpu,-14.0806,21.9194,6,"{""conflicting_task_ownership"": 0, ""duplicate_execution"": 0, ""contradictory_reassignment"": 1, ""incompatible_mission_state"": 1, ""inconsistent_anomaly_state"": 4}",0.3125,0.9,0.9230769230769231,0.3956723338485317,8192,12512,20704,timeout,40.0,"{""ALLOW_LOW_RISK"": 760, ""ALLOW_AUTHORIZED"": 78, ""DENY_RECOVERING_HARD_SAFETY"": 2}","{""fresh"": 76, ""aging"": 4, ""stale"": 0, ""hard_expired"": 0}","{""fresh"": {""proposed"": 76, ""ALLOW"": 74, ""DENY"": 2, ""DEFER"": 0, ""fraction_of_consequential"": 0.95}, ""aging"": {""proposed"": 4, ""ALLOW"": 4, ""DENY"": 0, ""DEFER"": 0, ""fraction_of_consequential"": 0.05}, ""stale"": {""proposed"": 0, ""ALLOW"": 0, ""DENY"": 0, ""DEFER"": 0, ""fraction_of_consequential"": 0.0}, ""hard_expired"": {""proposed"": 0, ""ALLOW"": 0, ""DENY"": 0, ""DEFER"": 0, ""fraction_of_consequential"": 0.0}}","{""CONNECTED"": {""proposed"": 0, ""ALLOW"": 0.0, ""DENY"": 0.0, ""DEFER"": 0.0, ""fraction_of_consequential"": 0.0}, ""DEGRADED"": {""proposed"": 53, ""ALLOW"": 1.0, ""DENY"": 0.0, ""DEFER"": 0.0, ""fraction_of_consequential"": 0.6625}, ""PARTITIONED"": {""proposed"": 25, ""ALLOW"": 1.0, ""DENY"": 0.0, ""DEFER"": 0.0, ""fraction_of_consequential"": 0.3125}, ""ISOLATED"": {""proposed"": 0, ""ALLOW"": 0.0, ""DENY"": 0.0, ""DEFER"": 0.0, ""fraction_of_consequential"": 0.0}, ""RECOVERING"": {""proposed"": 2, ""ALLOW"": 0.0, ""DENY"": 1.0, ""DEFER"": 0.0, ""fraction_of_consequential"": 0.025}}",b0d804b41d6f708612dc345c3e165ef89bc8bd77,04731459e03e60cb
B5_conservative,paper_ssp_200m_v1,300,300.0,1,tr_3bf719402f6c_gpu,-30.0458,-30.0458,0,"{""conflicting_task_ownership"": 0, ""duplicate_execution"": 0, ""contradictory_reassignment"": 0, ""incompatible_mission_state"": 0, ""inconsistent_anomaly_state"": 0}",0.0,0.0,0.0,0.39628482972136225,8192,12480,20672,timeout,40.0,"{""ALLOW_LOW_RISK"": 492, ""DEFER_DEGRADED"": 259, ""DENY_CONNECTIVITY_POLICY"": 89}","{""fresh"": 314, ""aging"": 34, ""stale"": 0, ""hard_expired"": 0}","{""fresh"": {""proposed"": 314, ""ALLOW"": 0, ""DENY"": 55, ""DEFER"": 259, ""fraction_of_consequential"": 0.9022988505747126}, ""aging"": {""proposed"": 34, ""ALLOW"": 0, ""DENY"": 34, ""DEFER"": 0, ""fraction_of_consequential"": 0.09770114942528736}, ""stale"": {""proposed"": 0, ""ALLOW"": 0, ""DENY"": 0, ""DEFER"": 0, ""fraction_of_consequential"": 0.0}, ""hard_expired"": {""proposed"": 0, ""ALLOW"": 0, ""DENY"": 0, ""DEFER"": 0, ""fraction_of_consequential"": 0.0}}","{""CONNECTED"": {""proposed"": 0, ""ALLOW"": 0.0, ""DENY"": 0.0, ""DEFER"": 0.0, ""fraction_of_consequential"": 0.0}, ""DEGRADED"": {""proposed"": 259, ""ALLOW"": 0.0, ""DENY"": 0.0, ""DEFER"": 1.0, ""fraction_of_consequential"": 0.7442528735632183}, ""PARTITIONED"": {""proposed"": 79, ""ALLOW"": 0.0, ""DENY"": 1.0, ""DEFER"": 0.0, ""fraction_of_consequential"": 0.22701149425287356}, ""ISOLATED"": {""proposed"": 0, ""ALLOW"": 0.0, ""DENY"": 0.0, ""DEFER"": 0.0, ""fraction_of_consequential"": 0.0}, ""RECOVERING"": {""proposed"": 10, ""ALLOW"": 0.0, ""DENY"": 1.0, ""DEFER"": 0.0, ""fraction_of_consequential"": 0.028735632183908046}}",b0d804b41d6f708612dc345c3e165ef89bc8bd77,04731459e03e60cb
B5_nominal,paper_ssp_200m_v1,300,300.0,1,tr_3bf719402f6c_gpu,-14.0806,21.9194,6,"{""conflicting_task_ownership"": 0, ""duplicate_execution"": 0, ""contradictory_reassignment"": 1, ""incompatible_mission_state"": 1, ""inconsistent_anomaly_state"": 4}",0.3375,0.925,0.925,0.3956723338485317,8192,12512,20704,timeout,40.0,"{""ALLOW_LOW_RISK"": 760, ""ALLOW_AUTHORIZED"": 80}","{""fresh"": 76, ""aging"": 4, ""stale"": 0, ""hard_expired"": 0}","{""fresh"": {""proposed"": 76, ""ALLOW"": 76, ""DENY"": 0, ""DEFER"": 0, ""fraction_of_consequential"": 0.95}, ""aging"": {""proposed"": 4, ""ALLOW"": 4, ""DENY"": 0, ""DEFER"": 0, ""fraction_of_consequential"": 0.05}, ""stale"": {""proposed"": 0, ""ALLOW"": 0, ""DENY"": 0, ""DEFER"": 0, ""fraction_of_consequential"": 0.0}, ""hard_expired"": {""proposed"": 0, ""ALLOW"": 0, ""DENY"": 0, ""DEFER"": 0, ""fraction_of_consequential"": 0.0}}","{""CONNECTED"": {""proposed"": 0, ""ALLOW"": 0.0, ""DENY"": 0.0, ""DEFER"": 0.0, ""fraction_of_consequential"": 0.0}, ""DEGRADED"": {""proposed"": 53, ""ALLOW"": 1.0, ""DENY"": 0.0, ""DEFER"": 0.0, ""fraction_of_consequential"": 0.6625}, ""PARTITIONED"": {""proposed"": 25, ""ALLOW"": 1.0, ""DENY"": 0.0, ""DEFER"": 0.0, ""fraction_of_consequential"": 0.3125}, ""ISOLATED"": {""proposed"": 0, ""ALLOW"": 0.0, ""DENY"": 0.0, ""DEFER"": 0.0, ""fraction_of_consequential"": 0.0}, ""RECOVERING"": {""proposed"": 2, ""ALLOW"": 1.0, ""DENY"": 0.0, ""DEFER"": 0.0, ""fraction_of_consequential"": 0.025}}",b0d804b41d6f708612dc345c3e165ef89bc8bd77,04731459e03e60cb
B5_permissive,paper_ssp_200m_v1,300,300.0,1,tr_3bf719402f6c_gpu,-14.0806,21.9194,6,"{""conflicting_task_ownership"": 0, ""duplicate_execution"": 0, ""contradictory_reassignment"": 1, ""incompatible_mission_state"": 1, ""inconsistent_anomaly_state"": 4}",0.3375,0.925,0.925,0.3956723338485317,8192,12512,20704,timeout,40.0,"{""ALLOW_LOW_RISK"": 760, ""ALLOW_AUTHORIZED"": 80}","{""fresh"": 76, ""aging"": 4, ""stale"": 0, ""hard_expired"": 0}","{""fresh"": {""proposed"": 76, ""ALLOW"": 76, ""DENY"": 0, ""DEFER"": 0, ""fraction_of_consequential"": 0.95}, ""aging"": {""proposed"": 4, ""ALLOW"": 4, ""DENY"": 0, ""DEFER"": 0, ""fraction_of_consequential"": 0.05}, ""stale"": {""proposed"": 0, ""ALLOW"": 0, ""DENY"": 0, ""DEFER"": 0, ""fraction_of_consequential"": 0.0}, ""hard_expired"": {""proposed"": 0, ""ALLOW"": 0, ""DENY"": 0, ""DEFER"": 0, ""fraction_of_consequential"": 0.0}}","{""CONNECTED"": {""proposed"": 0, ""ALLOW"": 0.0, ""DENY"": 0.0, ""DEFER"": 0.0, ""fraction_of_consequential"": 0.0}, ""DEGRADED"": {""proposed"": 53, ""ALLOW"": 1.0, ""DENY"": 0.0, ""DEFER"": 0.0, ""fraction_of_consequential"": 0.6625}, ""PARTITIONED"": {""proposed"": 25, ""ALLOW"": 1.0, ""DENY"": 0.0, ""DEFER"": 0.0, ""fraction_of_consequential"": 0.3125}, ""ISOLATED"": {""proposed"": 0, ""ALLOW"": 0.0, ""DENY"": 0.0, ""DEFER"": 0.0, ""fraction_of_consequential"": 0.0}, ""RECOVERING"": {""proposed"": 2, ""ALLOW"": 1.0, ""DENY"": 0.0, ""DEFER"": 0.0, ""fraction_of_consequential"": 0.025}}",b0d804b41d6f708612dc345c3e165ef89bc8bd77,04731459e03e60cb
B1,paper_ssp_200m_v1,500,500.0,1,tr_3bf719402f6c_gpu,47.9189,53.9189,1,"{""conflicting_task_ownership"": 0, ""duplicate_execution"": 0, ""contradictory_reassignment"": 0, ""incompatible_mission_state"": 1, ""inconsistent_anomaly_state"": 0}",0.2840909090909091,0.7613636363636364,0.9852941176470589,0.38152011922503726,8192,13280,21472,timeout,40.0,"{""ALLOW_LOW_RISK"": 752, ""ALLOW_AUTHORIZED"": 68, ""DENY_SUPERVISOR_UNREACHABLE"": 18, ""DENY_RECOVERING_CONSEQUENTIAL"": 2}","{""fresh"": 76, ""aging"": 6, ""stale"": 6, ""hard_expired"": 0}","{""fresh"": {""proposed"": 76, ""ALLOW"": 68, ""DENY"": 8, ""DEFER"": 0, ""fraction_of_consequential"": 0.8636363636363636}, ""aging"": {""proposed"": 6, ""ALLOW"": 0, ""DENY"": 6, ""DEFER"": 0, ""fraction_of_consequential"": 0.06818181818181818}, ""stale"": {""proposed"": 6, ""ALLOW"": 0, ""DENY"": 6, ""DEFER"": 0, ""fraction_of_consequential"": 0.06818181818181818}, ""hard_expired"": {""proposed"": 0, ""ALLOW"": 0, ""DENY"": 0, ""DEFER"": 0, ""fraction_of_consequential"": 0.0}}","{""CONNECTED"": {""proposed"": 0, ""ALLOW"": 0.0, ""DENY"": 0.0, ""DEFER"": 0.0, ""fraction_of_consequential"": 0.0}, ""DEGRADED"": {""proposed"": 43, ""ALLOW"": 1.0, ""DENY"": 0.0, ""DEFER"": 0.0, ""fraction_of_consequential"": 0.48863636363636365}, ""PARTITIONED"": {""proposed"": 43, ""ALLOW"": 0.5813953488372093, ""DENY"": 0.4186046511627907, ""DEFER"": 0.0, ""fraction_of_consequential"": 0.48863636363636365}, ""ISOLATED"": {""proposed"": 0, ""ALLOW"": 0.0, ""DENY"": 0.0, ""DEFER"": 0.0, ""fraction_of_consequential"": 0.0}, ""RECOVERING"": {""proposed"": 2, ""ALLOW"": 0.0, ""DENY"": 1.0, ""DEFER"": 0.0, ""fraction_of_consequential"": 0.022727272727272728}}",b0d804b41d6f708612dc345c3e165ef89bc8bd77,31f170757a3f7fde
B2,paper_ssp_200m_v1,500,500.0,1,tr_3bf719402f6c_gpu,-77.08455,-23.08455,9,"{""conflicting_task_ownership"": 0, ""duplicate_execution"": 0, ""contradictory_reassignment"": 1, ""incompatible_mission_state"": 4, ""inconsistent_anomaly_state"": 4}",0.49411764705882355,0.9294117647058824,0.9294117647058824,0.38152011922503726,8192,13280,21472,timeout,40.0,"{""ALLOW_AUTHORIZED"": 840}","{""fresh"": 76, ""aging"": 4, ""stale"": 5, ""hard_expired"": 0}","{""fresh"": {""proposed"": 76, ""ALLOW"": 76, ""DENY"": 0, ""DEFER"": 0, ""fraction_of_consequential"": 0.8941176470588236}, ""aging"": {""proposed"": 4, ""ALLOW"": 4, ""DENY"": 0, ""DEFER"": 0, ""fraction_of_consequential"": 0.047058823529411764}, ""stale"": {""proposed"": 5, ""ALLOW"": 5, ""DENY"": 0, ""DEFER"": 0, ""fraction_of_consequential"": 0.058823529411764705}, ""hard_expired"": {""proposed"": 0, ""ALLOW"": 0, ""DENY"": 0, ""DEFER"": 0, ""fraction_of_consequential"": 0.0}}","{""CONNECTED"": {""proposed"": 0, ""ALLOW"": 0.0, ""DENY"": 0.0, ""DEFER"": 0.0, ""fraction_of_consequential"": 0.0}, ""DEGRADED"": {""proposed"": 43, ""ALLOW"": 1.0, ""DENY"": 0.0, ""DEFER"": 0.0, ""fraction_of_consequential"": 0.5058823529411764}, ""PARTITIONED"": {""proposed"": 40, ""ALLOW"": 1.0, ""DENY"": 0.0, ""DEFER"": 0.0, ""fraction_of_consequential"": 0.47058823529411764}, ""ISOLATED"": {""proposed"": 0, ""ALLOW"": 0.0, ""DENY"": 0.0, ""DEFER"": 0.0, ""fraction_of_consequential"": 0.0}, ""RECOVERING"": {""proposed"": 2, ""ALLOW"": 1.0, ""DENY"": 0.0, ""DEFER"": 0.0, ""fraction_of_consequential"": 0.023529411764705882}}",b0d804b41d6f708612dc345c3e165ef89bc8bd77,31f170757a3f7fde
B3,paper_ssp_200m_v1,500,500.0,1,tr_3bf719402f6c_gpu,-30.0456,-30.0456,0,"{""conflicting_task_ownership"": 0, ""duplicate_execution"": 0, ""contradictory_reassignment"": 0, ""incompatible_mission_state"": 0, ""inconsistent_anomaly_state"": 0}",0.0,0.0,0.0,0.382089552238806,8192,13248,21440,timeout,40.0,"{""ALLOW_LOW_RISK"": 490, ""DENY_STATIC_BOUND"": 350}","{""fresh"": 274, ""aging"": 46, ""stale"": 30, ""hard_expired"": 0}","{""fresh"": {""proposed"": 274, ""ALLOW"": 0, ""DENY"": 274, ""DEFER"": 0, ""fraction_of_consequential"": 0.7828571428571428}, ""aging"": {""proposed"": 46, ""ALLOW"": 0, ""DENY"": 46, ""DEFER"": 0, ""fraction_of_consequential"": 0.13142857142857142}, ""stale"": {""proposed"": 30, ""ALLOW"": 0, ""DENY"": 30, ""DEFER"": 0, ""fraction_of_consequential"": 0.08571428571428572}, ""hard_expired"": {""proposed"": 0, ""ALLOW"": 0, ""DENY"": 0, ""DEFER"": 0, ""fraction_of_consequential"": 0.0}}","{""CONNECTED"": {""proposed"": 0, ""ALLOW"": 0.0, ""DENY"": 0.0, ""DEFER"": 0.0, ""fraction_of_consequential"": 0.0}, ""DEGRADED"": {""proposed"": 209, ""ALLOW"": 0.0, ""DENY"": 1.0, ""DEFER"": 0.0, ""fraction_of_consequential"": 0.5971428571428572}, ""PARTITIONED"": {""proposed"": 131, ""ALLOW"": 0.0, ""DENY"": 1.0, ""DEFER"": 0.0, ""fraction_of_consequential"": 0.3742857142857143}, ""ISOLATED"": {""proposed"": 0, ""ALLOW"": 0.0, ""DENY"": 0.0, ""DEFER"": 0.0, ""fraction_of_consequential"": 0.0}, ""RECOVERING"": {""proposed"": 10, ""ALLOW"": 0.0, ""DENY"": 1.0, ""DEFER"": 0.0, ""fraction_of_consequential"": 0.02857142857142857}}",b0d804b41d6f708612dc345c3e165ef89bc8bd77,31f170757a3f7fde
B4,paper_ssp_200m_v1,500,500.0,1,tr_3bf719402f6c_gpu,-14.0802,21.9198,6,"{""conflicting_task_ownership"": 0, ""duplicate_execution"": 0, ""contradictory_reassignment"": 1, ""incompatible_mission_state"": 1, ""inconsistent_anomaly_state"": 4}",0.4166666666666667,0.8571428571428571,0.9230769230769231,0.38152011922503726,8192,13280,21472,timeout,40.0,"{""ALLOW_LOW_RISK"": 756, ""ALLOW_AUTHORIZED"": 78, ""DENY_FORBIDDEN"": 4, ""DENY_RECOVERING_HARD_SAFETY"": 2}","{""fresh"": 76, ""aging"": 4, ""stale"": 4, ""hard_expired"": 0}","{""fresh"": {""proposed"": 76, ""ALLOW"": 74, ""DENY"": 2, ""DEFER"": 0, ""fraction_of_consequential"": 0.9047619047619048}, ""aging"": {""proposed"": 4, ""ALLOW"": 4, ""DENY"": 0, ""DEFER"": 0, ""fraction_of_consequential"": 0.047619047619047616}, ""stale"": {""proposed"": 4, ""ALLOW"": 0, ""DENY"": 4, ""DEFER"": 0, ""fraction_of_consequential"": 0.047619047619047616}, ""hard_expired"": {""proposed"": 0, ""ALLOW"": 0, ""DENY"": 0, ""DEFER"": 0, ""fraction_of_consequential"": 0.0}}","{""CONNECTED"": {""proposed"": 0, ""ALLOW"": 0.0, ""DENY"": 0.0, ""DEFER"": 0.0, ""fraction_of_consequential"": 0.0}, ""DEGRADED"": {""proposed"": 43, ""ALLOW"": 1.0, ""DENY"": 0.0, ""DEFER"": 0.0, ""fraction_of_consequential"": 0.5119047619047619}, ""PARTITIONED"": {""proposed"": 39, ""ALLOW"": 0.8974358974358975, ""DENY"": 0.10256410256410256, ""DEFER"": 0.0, ""fraction_of_consequential"": 0.4642857142857143}, ""ISOLATED"": {""proposed"": 0, ""ALLOW"": 0.0, ""DENY"": 0.0, ""DEFER"": 0.0, ""fraction_of_consequential"": 0.0}, ""RECOVERING"": {""proposed"": 2, ""ALLOW"": 0.0, ""DENY"": 1.0, ""DEFER"": 0.0, ""fraction_of_consequential"": 0.023809523809523808}}",b0d804b41d6f708612dc345c3e165ef89bc8bd77,31f170757a3f7fde
B5_conservative,paper_ssp_200m_v1,500,500.0,1,tr_3bf719402f6c_gpu,-30.0456,-30.0456,0,"{""conflicting_task_ownership"": 0, ""duplicate_execution"": 0, ""contradictory_reassignment"": 0, ""incompatible_mission_state"": 0, ""inconsistent_anomaly_state"": 0}",0.0,0.0,0.0,0.382089552238806,8192,13248,21440,timeout,40.0,"{""ALLOW_LOW_RISK"": 490, ""DEFER_DEGRADED"": 209, ""DENY_CONNECTIVITY_POLICY"": 141}","{""fresh"": 274, ""aging"": 46, ""stale"": 30, ""hard_expired"": 0}","{""fresh"": {""proposed"": 274, ""ALLOW"": 0, ""DENY"": 65, ""DEFER"": 209, ""fraction_of_consequential"": 0.7828571428571428}, ""aging"": {""proposed"": 46, ""ALLOW"": 0, ""DENY"": 46, ""DEFER"": 0, ""fraction_of_consequential"": 0.13142857142857142}, ""stale"": {""proposed"": 30, ""ALLOW"": 0, ""DENY"": 30, ""DEFER"": 0, ""fraction_of_consequential"": 0.08571428571428572}, ""hard_expired"": {""proposed"": 0, ""ALLOW"": 0, ""DENY"": 0, ""DEFER"": 0, ""fraction_of_consequential"": 0.0}}","{""CONNECTED"": {""proposed"": 0, ""ALLOW"": 0.0, ""DENY"": 0.0, ""DEFER"": 0.0, ""fraction_of_consequential"": 0.0}, ""DEGRADED"": {""proposed"": 209, ""ALLOW"": 0.0, ""DENY"": 0.0, ""DEFER"": 1.0, ""fraction_of_consequential"": 0.5971428571428572}, ""PARTITIONED"": {""proposed"": 131, ""ALLOW"": 0.0, ""DENY"": 1.0, ""DEFER"": 0.0, ""fraction_of_consequential"": 0.3742857142857143}, ""ISOLATED"": {""proposed"": 0, ""ALLOW"": 0.0, ""DENY"": 0.0, ""DEFER"": 0.0, ""fraction_of_consequential"": 0.0}, ""RECOVERING"": {""proposed"": 10, ""ALLOW"": 0.0, ""DENY"": 1.0, ""DEFER"": 0.0, ""fraction_of_consequential"": 0.02857142857142857}}",b0d804b41d6f708612dc345c3e165ef89bc8bd77,31f170757a3f7fde
B5_nominal,paper_ssp_200m_v1,500,500.0,1,tr_3bf719402f6c_gpu,-77.08455,-23.08455,9,"{""conflicting_task_ownership"": 0, ""duplicate_execution"": 0, ""contradictory_reassignment"": 1, ""incompatible_mission_state"": 4, ""inconsistent_anomaly_state"": 4}",0.49411764705882355,0.9294117647058824,0.9294117647058824,0.38152011922503726,8192,13280,21472,timeout,40.0,"{""ALLOW_LOW_RISK"": 755, ""ALLOW_AUTHORIZED"": 85}","{""fresh"": 76, ""aging"": 4, ""stale"": 5, ""hard_expired"": 0}","{""fresh"": {""proposed"": 76, ""ALLOW"": 76, ""DENY"": 0, ""DEFER"": 0, ""fraction_of_consequential"": 0.8941176470588236}, ""aging"": {""proposed"": 4, ""ALLOW"": 4, ""DENY"": 0, ""DEFER"": 0, ""fraction_of_consequential"": 0.047058823529411764}, ""stale"": {""proposed"": 5, ""ALLOW"": 5, ""DENY"": 0, ""DEFER"": 0, ""fraction_of_consequential"": 0.058823529411764705}, ""hard_expired"": {""proposed"": 0, ""ALLOW"": 0, ""DENY"": 0, ""DEFER"": 0, ""fraction_of_consequential"": 0.0}}","{""CONNECTED"": {""proposed"": 0, ""ALLOW"": 0.0, ""DENY"": 0.0, ""DEFER"": 0.0, ""fraction_of_consequential"": 0.0}, ""DEGRADED"": {""proposed"": 43, ""ALLOW"": 1.0, ""DENY"": 0.0, ""DEFER"": 0.0, ""fraction_of_consequential"": 0.5058823529411764}, ""PARTITIONED"": {""proposed"": 40, ""ALLOW"": 1.0, ""DENY"": 0.0, ""DEFER"": 0.0, ""fraction_of_consequential"": 0.47058823529411764}, ""ISOLATED"": {""proposed"": 0, ""ALLOW"": 0.0, ""DENY"": 0.0, ""DEFER"": 0.0, ""fraction_of_consequential"": 0.0}, ""RECOVERING"": {""proposed"": 2, ""ALLOW"": 1.0, ""DENY"": 0.0, ""DEFER"": 0.0, ""fraction_of_consequential"": 0.023529411764705882}}",b0d804b41d6f708612dc345c3e165ef89bc8bd77,31f170757a3f7fde
B5_permissive,paper_ssp_200m_v1,500,500.0,1,tr_3bf719402f6c_gpu,-77.08455,-23.08455,9,"{""conflicting_task_ownership"": 0, ""duplicate_execution"": 0, ""contradictory_reassignment"": 1, ""incompatible_mission_state"": 4, ""inconsistent_anomaly_state"": 4}",0.49411764705882355,0.9294117647058824,0.9294117647058824,0.38152011922503726,8192,13280,21472,timeout,40.0,"{""ALLOW_LOW_RISK"": 755, ""ALLOW_AUTHORIZED"": 85}","{""fresh"": 76, ""aging"": 4, ""stale"": 5, ""hard_expired"": 0}","{""fresh"": {""proposed"": 76, ""ALLOW"": 76, ""DENY"": 0, ""DEFER"": 0, ""fraction_of_consequential"": 0.8941176470588236}, ""aging"": {""proposed"": 4, ""ALLOW"": 4, ""DENY"": 0, ""DEFER"": 0, ""fraction_of_consequential"": 0.047058823529411764}, ""stale"": {""proposed"": 5, ""ALLOW"": 5, ""DENY"": 0, ""DEFER"": 0, ""fraction_of_consequential"": 0.058823529411764705}, ""hard_expired"": {""proposed"": 0, ""ALLOW"": 0, ""DENY"": 0, ""DEFER"": 0, ""fraction_of_consequential"": 0.0}}","{""CONNECTED"": {""proposed"": 0, ""ALLOW"": 0.0, ""DENY"": 0.0, ""DEFER"": 0.0, ""fraction_of_consequential"": 0.0}, ""DEGRADED"": {""proposed"": 43, ""ALLOW"": 1.0, ""DENY"": 0.0, ""DEFER"": 0.0, ""fraction_of_consequential"": 0.5058823529411764}, ""PARTITIONED"": {""proposed"": 40, ""ALLOW"": 1.0, ""DENY"": 0.0, ""DEFER"": 0.0, ""fraction_of_consequential"": 0.47058823529411764}, ""ISOLATED"": {""proposed"": 0, ""ALLOW"": 0.0, ""DENY"": 0.0, ""DEFER"": 0.0, ""fraction_of_consequential"": 0.0}, ""RECOVERING"": {""proposed"": 2, ""ALLOW"": 1.0, ""DENY"": 0.0, ""DEFER"": 0.0, ""fraction_of_consequential"": 0.023529411764705882}}",b0d804b41d6f708612dc345c3e165ef89bc8bd77,31f170757a3f7fde
B1,paper_ssp_200m_v1,750,750.0,1,tr_3bf719402f6c_gpu,47.9192,53.9192,1,"{""conflicting_task_ownership"": 0, ""duplicate_execution"": 0, ""contradictory_reassignment"": 0, ""incompatible_mission_state"": 1, ""inconsistent_anomaly_state"": 0}",0.4175824175824176,0.7362637362637363,0.9852941176470589,0.38152011922503726,8192,13280,21472,timeout,40.0,"{""ALLOW_LOW_RISK"": 749, ""ALLOW_AUTHORIZED"": 68, ""DENY_SUPERVISOR_UNREACHABLE"": 21, ""DENY_RECOVERING_CONSEQUENTIAL"": 2}","{""fresh"": 76, ""aging"": 6, ""stale"": 9, ""hard_expired"": 0}","{""fresh"": {""proposed"": 76, ""ALLOW"": 68, ""DENY"": 8, ""DEFER"": 0, ""fraction_of_consequential"": 0.8351648351648352}, ""aging"": {""proposed"": 6, ""ALLOW"": 0, ""DENY"": 6, ""DEFER"": 0, ""fraction_of_consequential"": 0.06593406593406594}, ""stale"": {""proposed"": 9, ""ALLOW"": 0, ""DENY"": 9, ""DEFER"": 0, ""fraction_of_consequential"": 0.0989010989010989}, ""hard_expired"": {""proposed"": 0, ""ALLOW"": 0, ""DENY"": 0, ""DEFER"": 0, ""fraction_of_consequential"": 0.0}}","{""CONNECTED"": {""proposed"": 0, ""ALLOW"": 0.0, ""DENY"": 0.0, ""DEFER"": 0.0, ""fraction_of_consequential"": 0.0}, ""DEGRADED"": {""proposed"": 30, ""ALLOW"": 1.0, ""DENY"": 0.0, ""DEFER"": 0.0, ""fraction_of_consequential"": 0.32967032967032966}, ""PARTITIONED"": {""proposed"": 59, ""ALLOW"": 0.6440677966101694, ""DENY"": 0.3559322033898305, ""DEFER"": 0.0, ""fraction_of_consequential"": 0.6483516483516484}, ""ISOLATED"": {""proposed"": 0, ""ALLOW"": 0.0, ""DENY"": 0.0, ""DEFER"": 0.0, ""fraction_of_consequential"": 0.0}, ""RECOVERING"": {""proposed"": 2, ""ALLOW"": 0.0, ""DENY"": 1.0, ""DEFER"": 0.0, ""fraction_of_consequential"": 0.02197802197802198}}",b0d804b41d6f708612dc345c3e165ef89bc8bd77,97a4acdf1cc1377a
B2,paper_ssp_200m_v1,750,750.0,1,tr_3bf719402f6c_gpu,-77.08455,-23.08455,9,"{""conflicting_task_ownership"": 0, ""duplicate_execution"": 0, ""contradictory_reassignment"": 1, ""incompatible_mission_state"": 4, ""inconsistent_anomaly_state"": 4}",0.6470588235294118,0.9294117647058824,0.9294117647058824,0.38152011922503726,8192,13280,21472,timeout,40.0,"{""ALLOW_AUTHORIZED"": 840}","{""fresh"": 76, ""aging"": 4, ""stale"": 5, ""hard_expired"": 0}","{""fresh"": {""proposed"": 76, ""ALLOW"": 76, ""DENY"": 0, ""DEFER"": 0, ""fraction_of_consequential"": 0.8941176470588236}, ""aging"": {""proposed"": 4, ""ALLOW"": 4, ""DENY"": 0, ""DEFER"": 0, ""fraction_of_consequential"": 0.047058823529411764}, ""stale"": {""proposed"": 5, ""ALLOW"": 5, ""DENY"": 0, ""DEFER"": 0, ""fraction_of_consequential"": 0.058823529411764705}, ""hard_expired"": {""proposed"": 0, ""ALLOW"": 0, ""DENY"": 0, ""DEFER"": 0, ""fraction_of_consequential"": 0.0}}","{""CONNECTED"": {""proposed"": 0, ""ALLOW"": 0.0, ""DENY"": 0.0, ""DEFER"": 0.0, ""fraction_of_consequential"": 0.0}, ""DEGRADED"": {""proposed"": 30, ""ALLOW"": 1.0, ""DENY"": 0.0, ""DEFER"": 0.0, ""fraction_of_consequential"": 0.35294117647058826}, ""PARTITIONED"": {""proposed"": 53, ""ALLOW"": 1.0, ""DENY"": 0.0, ""DEFER"": 0.0, ""fraction_of_consequential"": 0.6235294117647059}, ""ISOLATED"": {""proposed"": 0, ""ALLOW"": 0.0, ""DENY"": 0.0, ""DEFER"": 0.0, ""fraction_of_consequential"": 0.0}, ""RECOVERING"": {""proposed"": 2, ""ALLOW"": 1.0, ""DENY"": 0.0, ""DEFER"": 0.0, ""fraction_of_consequential"": 0.023529411764705882}}",b0d804b41d6f708612dc345c3e165ef89bc8bd77,97a4acdf1cc1377a
B3,paper_ssp_200m_v1,750,750.0,1,tr_3bf719402f6c_gpu,-30.0453,-30.0453,0,"{""conflicting_task_ownership"": 0, ""duplicate_execution"": 0, ""contradictory_reassignment"": 0, ""incompatible_mission_state"": 0, ""inconsistent_anomaly_state"": 0}",0.0,0.0,0.0,0.382089552238806,8192,13248,21440,timeout,40.0,"{""ALLOW_LOW_RISK"": 487, ""DENY_STATIC_BOUND"": 353}","{""fresh"": 222, ""aging"": 46, ""stale"": 85, ""hard_expired"": 0}","{""fresh"": {""proposed"": 222, ""ALLOW"": 0, ""DENY"": 222, ""DEFER"": 0, ""fraction_of_consequential"": 0.6288951841359773}, ""aging"": {""proposed"": 46, ""ALLOW"": 0, ""DENY"": 46, ""DEFER"": 0, ""fraction_of_consequential"": 0.13031161473087818}, ""stale"": {""proposed"": 85, ""ALLOW"": 0, ""DENY"": 85, ""DEFER"": 0, ""fraction_of_consequential"": 0.24079320113314448}, ""hard_expired"": {""proposed"": 0, ""ALLOW"": 0, ""DENY"": 0, ""DEFER"": 0, ""fraction_of_consequential"": 0.0}}","{""CONNECTED"": {""proposed"": 0, ""ALLOW"": 0.0, ""DENY"": 0.0, ""DEFER"": 0.0, ""fraction_of_consequential"": 0.0}, ""DEGRADED"": {""proposed"": 144, ""ALLOW"": 0.0, ""DENY"": 1.0, ""DEFER"": 0.0, ""fraction_of_consequential"": 0.40793201133144474}, ""PARTITIONED"": {""proposed"": 199, ""ALLOW"": 0.0, ""DENY"": 1.0, ""DEFER"": 0.0, ""fraction_of_consequential"": 0.5637393767705382}, ""ISOLATED"": {""proposed"": 0, ""ALLOW"": 0.0, ""DENY"": 0.0, ""DEFER"": 0.0, ""fraction_of_consequential"": 0.0}, ""RECOVERING"": {""proposed"": 10, ""ALLOW"": 0.0, ""DENY"": 1.0, ""DEFER"": 0.0, ""fraction_of_consequential"": 0.028328611898016998}}",b0d804b41d6f708612dc345c3e165ef89bc8bd77,97a4acdf1cc1377a
B4,paper_ssp_200m_v1,750,750.0,1,tr_3bf719402f6c_gpu,-14.0802,21.9198,6,"{""conflicting_task_ownership"": 0, ""duplicate_execution"": 0, ""contradictory_reassignment"": 1, ""incompatible_mission_state"": 1, ""inconsistent_anomaly_state"": 4}",0.5714285714285714,0.8571428571428571,0.9230769230769231,0.38152011922503726,8192,13280,21472,timeout,40.0,"{""ALLOW_LOW_RISK"": 756, ""ALLOW_AUTHORIZED"": 78, ""DENY_FORBIDDEN"": 4, ""DENY_RECOVERING_HARD_SAFETY"": 2}","{""fresh"": 76, ""aging"": 4, ""stale"": 4, ""hard_expired"": 0}","{""fresh"": {""proposed"": 76, ""ALLOW"": 74, ""DENY"": 2, ""DEFER"": 0, ""fraction_of_consequential"": 0.9047619047619048}, ""aging"": {""proposed"": 4, ""ALLOW"": 4, ""DENY"": 0, ""DEFER"": 0, ""fraction_of_consequential"": 0.047619047619047616}, ""stale"": {""proposed"": 4, ""ALLOW"": 0, ""DENY"": 4, ""DEFER"": 0, ""fraction_of_consequential"": 0.047619047619047616}, ""hard_expired"": {""proposed"": 0, ""ALLOW"": 0, ""DENY"": 0, ""DEFER"": 0, ""fraction_of_consequential"": 0.0}}","{""CONNECTED"": {""proposed"": 0, ""ALLOW"": 0.0, ""DENY"": 0.0, ""DEFER"": 0.0, ""fraction_of_consequential"": 0.0}, ""DEGRADED"": {""proposed"": 30, ""ALLOW"": 1.0, ""DENY"": 0.0, ""DEFER"": 0.0, ""fraction_of_consequential"": 0.35714285714285715}, ""PARTITIONED"": {""proposed"": 52, ""ALLOW"": 0.9230769230769231, ""DENY"": 0.07692307692307693, ""DEFER"": 0.0, ""fraction_of_consequential"": 0.6190476190476191}, ""ISOLATED"": {""proposed"": 0, ""ALLOW"": 0.0, ""DENY"": 0.0, ""DEFER"": 0.0, ""fraction_of_consequential"": 0.0}, ""RECOVERING"": {""proposed"": 2, ""ALLOW"": 0.0, ""DENY"": 1.0, ""DEFER"": 0.0, ""fraction_of_consequential"": 0.023809523809523808}}",b0d804b41d6f708612dc345c3e165ef89bc8bd77,97a4acdf1cc1377a
B5_conservative,paper_ssp_200m_v1,750,750.0,1,tr_3bf719402f6c_gpu,-30.0453,-30.0453,0,"{""conflicting_task_ownership"": 0, ""duplicate_execution"": 0, ""contradictory_reassignment"": 0, ""incompatible_mission_state"": 0, ""inconsistent_anomaly_state"": 0}",0.0,0.0,0.0,0.382089552238806,8192,13248,21440,timeout,40.0,"{""ALLOW_LOW_RISK"": 487, ""DEFER_DEGRADED"": 144, ""DENY_CONNECTIVITY_POLICY"": 209}","{""fresh"": 222, ""aging"": 46, ""stale"": 85, ""hard_expired"": 0}","{""fresh"": {""proposed"": 222, ""ALLOW"": 0, ""DENY"": 78, ""DEFER"": 144, ""fraction_of_consequential"": 0.6288951841359773}, ""aging"": {""proposed"": 46, ""ALLOW"": 0, ""DENY"": 46, ""DEFER"": 0, ""fraction_of_consequential"": 0.13031161473087818}, ""stale"": {""proposed"": 85, ""ALLOW"": 0, ""DENY"": 85, ""DEFER"": 0, ""fraction_of_consequential"": 0.24079320113314448}, ""hard_expired"": {""proposed"": 0, ""ALLOW"": 0, ""DENY"": 0, ""DEFER"": 0, ""fraction_of_consequential"": 0.0}}","{""CONNECTED"": {""proposed"": 0, ""ALLOW"": 0.0, ""DENY"": 0.0, ""DEFER"": 0.0, ""fraction_of_consequential"": 0.0}, ""DEGRADED"": {""proposed"": 144, ""ALLOW"": 0.0, ""DENY"": 0.0, ""DEFER"": 1.0, ""fraction_of_consequential"": 0.40793201133144474}, ""PARTITIONED"": {""proposed"": 199, ""ALLOW"": 0.0, ""DENY"": 1.0, ""DEFER"": 0.0, ""fraction_of_consequential"": 0.5637393767705382}, ""ISOLATED"": {""proposed"": 0, ""ALLOW"": 0.0, ""DENY"": 0.0, ""DEFER"": 0.0, ""fraction_of_consequential"": 0.0}, ""RECOVERING"": {""proposed"": 10, ""ALLOW"": 0.0, ""DENY"": 1.0, ""DEFER"": 0.0, ""fraction_of_consequential"": 0.028328611898016998}}",b0d804b41d6f708612dc345c3e165ef89bc8bd77,97a4acdf1cc1377a
B5_nominal,paper_ssp_200m_v1,750,750.0,1,tr_3bf719402f6c_gpu,-77.08455,-23.08455,9,"{""conflicting_task_ownership"": 0, ""duplicate_execution"": 0, ""contradictory_reassignment"": 1, ""incompatible_mission_state"": 4, ""inconsistent_anomaly_state"": 4}",0.6470588235294118,0.9294117647058824,0.9294117647058824,0.38152011922503726,8192,13280,21472,timeout,40.0,"{""ALLOW_LOW_RISK"": 755, ""ALLOW_AUTHORIZED"": 85}","{""fresh"": 76, ""aging"": 4, ""stale"": 5, ""hard_expired"": 0}","{""fresh"": {""proposed"": 76, ""ALLOW"": 76, ""DENY"": 0, ""DEFER"": 0, ""fraction_of_consequential"": 0.8941176470588236}, ""aging"": {""proposed"": 4, ""ALLOW"": 4, ""DENY"": 0, ""DEFER"": 0, ""fraction_of_consequential"": 0.047058823529411764}, ""stale"": {""proposed"": 5, ""ALLOW"": 5, ""DENY"": 0, ""DEFER"": 0, ""fraction_of_consequential"": 0.058823529411764705}, ""hard_expired"": {""proposed"": 0, ""ALLOW"": 0, ""DENY"": 0, ""DEFER"": 0, ""fraction_of_consequential"": 0.0}}","{""CONNECTED"": {""proposed"": 0, ""ALLOW"": 0.0, ""DENY"": 0.0, ""DEFER"": 0.0, ""fraction_of_consequential"": 0.0}, ""DEGRADED"": {""proposed"": 30, ""ALLOW"": 1.0, ""DENY"": 0.0, ""DEFER"": 0.0, ""fraction_of_consequential"": 0.35294117647058826}, ""PARTITIONED"": {""proposed"": 53, ""ALLOW"": 1.0, ""DENY"": 0.0, ""DEFER"": 0.0, ""fraction_of_consequential"": 0.6235294117647059}, ""ISOLATED"": {""proposed"": 0, ""ALLOW"": 0.0, ""DENY"": 0.0, ""DEFER"": 0.0, ""fraction_of_consequential"": 0.0}, ""RECOVERING"": {""proposed"": 2, ""ALLOW"": 1.0, ""DENY"": 0.0, ""DEFER"": 0.0, ""fraction_of_consequential"": 0.023529411764705882}}",b0d804b41d6f708612dc345c3e165ef89bc8bd77,97a4acdf1cc1377a
B5_permissive,paper_ssp_200m_v1,750,750.0,1,tr_3bf719402f6c_gpu,-77.08455,-23.08455,9,"{""conflicting_task_ownership"": 0, ""duplicate_execution"": 0, ""contradictory_reassignment"": 1, ""incompatible_mission_state"": 4, ""inconsistent_anomaly_state"": 4}",0.6470588235294118,0.9294117647058824,0.9294117647058824,0.38152011922503726,8192,13280,21472,timeout,40.0,"{""ALLOW_LOW_RISK"": 755, ""ALLOW_AUTHORIZED"": 85}","{""fresh"": 76, ""aging"": 4, ""stale"": 5, ""hard_expired"": 0}","{""fresh"": {""proposed"": 76, ""ALLOW"": 76, ""DENY"": 0, ""DEFER"": 0, ""fraction_of_consequential"": 0.8941176470588236}, ""aging"": {""proposed"": 4, ""ALLOW"": 4, ""DENY"": 0, ""DEFER"": 0, ""fraction_of_consequential"": 0.047058823529411764}, ""stale"": {""proposed"": 5, ""ALLOW"": 5, ""DENY"": 0, ""DEFER"": 0, ""fraction_of_consequential"": 0.058823529411764705}, ""hard_expired"": {""proposed"": 0, ""ALLOW"": 0, ""DENY"": 0, ""DEFER"": 0, ""fraction_of_consequential"": 0.0}}","{""CONNECTED"": {""proposed"": 0, ""ALLOW"": 0.0, ""DENY"": 0.0, ""DEFER"": 0.0, ""fraction_of_consequential"": 0.0}, ""DEGRADED"": {""proposed"": 30, ""ALLOW"": 1.0, ""DENY"": 0.0, ""DEFER"": 0.0, ""fraction_of_consequential"": 0.35294117647058826}, ""PARTITIONED"": {""proposed"": 53, ""ALLOW"": 1.0, ""DENY"": 0.0, ""DEFER"": 0.0, ""fraction_of_consequential"": 0.6235294117647059}, ""ISOLATED"": {""proposed"": 0, ""ALLOW"": 0.0, ""DENY"": 0.0, ""DEFER"": 0.0, ""fraction_of_consequential"": 0.0}, ""RECOVERING"": {""proposed"": 2, ""ALLOW"": 1.0, ""DENY"": 0.0, ""DEFER"": 0.0, ""fraction_of_consequential"": 0.023529411764705882}}",b0d804b41d6f708612dc345c3e165ef89bc8bd77,97a4acdf1cc1377a
B1,paper_ssp_200m_v1,1000,1000.0,1,tr_3bf719402f6c_gpu,47.9229,53.9229,1,"{""conflicting_task_ownership"": 0, ""duplicate_execution"": 0, ""contradictory_reassignment"": 0, ""incompatible_mission_state"": 1, ""inconsistent_anomaly_state"": 0}",0.5050505050505051,0.6767676767676768,0.9852941176470589,0.38152011922503726,8192,13280,21472,timeout,40.0,"{""ALLOW_LOW_RISK"": 705, ""ALLOW_AUTHORIZED"": 68, ""DENY_SUPERVISOR_UNREACHABLE"": 29, ""DENY_FORBIDDEN"": 36, ""DENY_RECOVERING_CONSEQUENTIAL"": 2}","{""fresh"": 76, ""aging"": 6, ""stale"": 11, ""hard_expired"": 6}","{""fresh"": {""proposed"": 76, ""ALLOW"": 68, ""DENY"": 8, ""DEFER"": 0, ""fraction_of_consequential"": 0.7676767676767676}, ""aging"": {""proposed"": 6, ""ALLOW"": 0, ""DENY"": 6, ""DEFER"": 0, ""fraction_of_consequential"": 0.06060606060606061}, ""stale"": {""proposed"": 11, ""ALLOW"": 0, ""DENY"": 11, ""DEFER"": 0, ""fraction_of_consequential"": 0.1111111111111111}, ""hard_expired"": {""proposed"": 6, ""ALLOW"": 0, ""DENY"": 6, ""DEFER"": 0, ""fraction_of_consequential"": 0.06060606060606061}}","{""CONNECTED"": {""proposed"": 0, ""ALLOW"": 0.0, ""DENY"": 0.0, ""DEFER"": 0.0, ""fraction_of_consequential"": 0.0}, ""DEGRADED"": {""proposed"": 18, ""ALLOW"": 1.0, ""DENY"": 0.0, ""DEFER"": 0.0, ""fraction_of_consequential"": 0.18181818181818182}, ""PARTITIONED"": {""proposed"": 79, ""ALLOW"": 0.6329113924050633, ""DENY"": 0.3670886075949367, ""DEFER"": 0.0, ""fraction_of_consequential"": 0.797979797979798}, ""ISOLATED"": {""proposed"": 0, ""ALLOW"": 0.0, ""DENY"": 0.0, ""DEFER"": 0.0, ""fraction_of_consequential"": 0.0}, ""RECOVERING"": {""proposed"": 2, ""ALLOW"": 0.0, ""DENY"": 1.0, ""DEFER"": 0.0, ""fraction_of_consequential"": 0.020202020202020204}}",b0d804b41d6f708612dc345c3e165ef89bc8bd77,6f42bb52fdc87433
B2,paper_ssp_200m_v1,1000,1000.0,1,tr_3bf719402f6c_gpu,-117.08815,-63.08815,9,"{""conflicting_task_ownership"": 0, ""duplicate_execution"": 0, ""contradictory_reassignment"": 1, ""incompatible_mission_state"": 4, ""inconsistent_anomaly_state"": 4}",0.797752808988764,0.9325842696629213,0.9325842696629213,0.38152011922503726,8192,13280,21472,timeout,40.0,"{""ALLOW_AUTHORIZED"": 840}","{""fresh"": 76, ""aging"": 4, ""stale"": 5, ""hard_expired"": 4}","{""fresh"": {""proposed"": 76, ""ALLOW"": 76, ""DENY"": 0, ""DEFER"": 0, ""fraction_of_consequential"": 0.8539325842696629}, ""aging"": {""proposed"": 4, ""ALLOW"": 4, ""DENY"": 0, ""DEFER"": 0, ""fraction_of_consequential"": 0.0449438202247191}, ""stale"": {""proposed"": 5, ""ALLOW"": 5, ""DENY"": 0, ""DEFER"": 0, ""fraction_of_consequential"": 0.056179775280898875}, ""hard_expired"": {""proposed"": 4, ""ALLOW"": 4, ""DENY"": 0, ""DEFER"": 0, ""fraction_of_consequential"": 0.0449438202247191}}","{""CONNECTED"": {""proposed"": 0, ""ALLOW"": 0.0, ""DENY"": 0.0, ""DEFER"": 0.0, ""fraction_of_consequential"": 0.0}, ""DEGRADED"": {""proposed"": 18, ""ALLOW"": 1.0, ""DENY"": 0.0, ""DEFER"": 0.0, ""fraction_of_consequential"": 0.20224719101123595}, ""PARTITIONED"": {""proposed"": 69, ""ALLOW"": 1.0, ""DENY"": 0.0, ""DEFER"": 0.0, ""fraction_of_consequential"": 0.7752808988764045}, ""ISOLATED"": {""proposed"": 0, ""ALLOW"": 0.0, ""DENY"": 0.0, ""DEFER"": 0.0, ""fraction_of_consequential"": 0.0}, ""RECOVERING"": {""proposed"": 2, ""ALLOW"": 1.0, ""DENY"": 0.0, ""DEFER"": 0.0, ""fraction_of_consequential"": 0.02247191011235955}}",b0d804b41d6f708612dc345c3e165ef89bc8bd77,6f42bb52fdc87433
B3,paper_ssp_200m_v1,1000,1000.0,1,tr_3bf719402f6c_gpu,-30.0449,-30.0449,0,"{""conflicting_task_ownership"": 0, ""duplicate_execution"": 0, ""contradictory_reassignment"": 0, ""incompatible_mission_state"": 0, ""inconsistent_anomaly_state"": 0}",0.0,0.0,0.0,0.382089552238806,8192,13248,21440,timeout,40.0,"{""ALLOW_LOW_RISK"": 483, ""DENY_STATIC_BOUND"": 357}","{""fresh"": 174, ""aging"": 46, ""stale"": 107, ""hard_expired"": 30}","{""fresh"": {""proposed"": 174, ""ALLOW"": 0, ""DENY"": 174, ""DEFER"": 0, ""fraction_of_consequential"": 0.48739495798319327}, ""aging"": {""proposed"": 46, ""ALLOW"": 0, ""DENY"": 46, ""DEFER"": 0, ""fraction_of_consequential"": 0.12885154061624648}, ""stale"": {""proposed"": 107, ""ALLOW"": 0, ""DENY"": 107, ""DEFER"": 0, ""fraction_of_consequential"": 0.29971988795518206}, ""hard_expired"": {""proposed"": 30, ""ALLOW"": 0, ""DENY"": 30, ""DEFER"": 0, ""fraction_of_consequential"": 0.08403361344537816}}","{""CONNECTED"": {""proposed"": 0, ""ALLOW"": 0.0, ""DENY"": 0.0, ""DEFER"": 0.0, ""fraction_of_consequential"": 0.0}, ""DEGRADED"": {""proposed"": 84, ""ALLOW"": 0.0, ""DENY"": 1.0, ""DEFER"": 0.0, ""fraction_of_consequential"": 0.23529411764705882}, ""PARTITIONED"": {""proposed"": 263, ""ALLOW"": 0.0, ""DENY"": 1.0, ""DEFER"": 0.0, ""fraction_of_consequential"": 0.7366946778711485}, ""ISOLATED"": {""proposed"": 0, ""ALLOW"": 0.0, ""DENY"": 0.0, ""DEFER"": 0.0, ""fraction_of_consequential"": 0.0}, ""RECOVERING"": {""proposed"": 10, ""ALLOW"": 0.0, ""DENY"": 1.0, ""DEFER"": 0.0, ""fraction_of_consequential"": 0.028011204481792718}}",b0d804b41d6f708612dc345c3e165ef89bc8bd77,6f42bb52fdc87433
B4,paper_ssp_200m_v1,1000,1000.0,1,tr_3bf719402f6c_gpu,-14.0774,21.9226,6,"{""conflicting_task_ownership"": 0, ""duplicate_execution"": 0, ""contradictory_reassignment"": 1, ""incompatible_mission_state"": 1, ""inconsistent_anomaly_state"": 4}",0.6818181818181818,0.8181818181818182,0.9230769230769231,0.38152011922503726,8192,13280,21472,timeout,40.0,"{""ALLOW_LOW_RISK"": 714, ""ALLOW_AUTHORIZED"": 78, ""DENY_FORBIDDEN"": 42, ""DENY_HARD_EXPIRY"": 4, ""DENY_RECOVERING_HARD_SAFETY"": 2}","{""fresh"": 76, ""aging"": 4, ""stale"": 4, ""hard_expired"": 4}","{""fresh"": {""proposed"": 76, ""ALLOW"": 74, ""DENY"": 2, ""DEFER"": 0, ""fraction_of_consequential"": 0.8636363636363636}, ""aging"": {""proposed"": 4, ""ALLOW"": 4, ""DENY"": 0, ""DEFER"": 0, ""fraction_of_consequential"": 0.045454545454545456}, ""stale"": {""proposed"": 4, ""ALLOW"": 0, ""DENY"": 4, ""DEFER"": 0, ""fraction_of_consequential"": 0.045454545454545456}, ""hard_expired"": {""proposed"": 4, ""ALLOW"": 0, ""DENY"": 4, ""DEFER"": 0, ""fraction_of_consequential"": 0.045454545454545456}}","{""CONNECTED"": {""proposed"": 0, ""ALLOW"": 0.0, ""DENY"": 0.0, ""DEFER"": 0.0, ""fraction_of_consequential"": 0.0}, ""DEGRADED"": {""proposed"": 18, ""ALLOW"": 1.0, ""DENY"": 0.0, ""DEFER"": 0.0, ""fraction_of_consequential"": 0.20454545454545456}, ""PARTITIONED"": {""proposed"": 68, ""ALLOW"": 0.8823529411764706, ""DENY"": 0.11764705882352941, ""DEFER"": 0.0, ""fraction_of_consequential"": 0.7727272727272727}, ""ISOLATED"": {""proposed"": 0, ""ALLOW"": 0.0, ""DENY"": 0.0, ""DEFER"": 0.0, ""fraction_of_consequential"": 0.0}, ""RECOVERING"": {""proposed"": 2, ""ALLOW"": 0.0, ""DENY"": 1.0, ""DEFER"": 0.0, ""fraction_of_consequential"": 0.022727272727272728}}",b0d804b41d6f708612dc345c3e165ef89bc8bd77,6f42bb52fdc87433
B5_conservative,paper_ssp_200m_v1,1000,1000.0,1,tr_3bf719402f6c_gpu,-30.0449,-30.0449,0,"{""conflicting_task_ownership"": 0, ""duplicate_execution"": 0, ""contradictory_reassignment"": 0, ""incompatible_mission_state"": 0, ""inconsistent_anomaly_state"": 0}",0.0,0.0,0.0,0.382089552238806,8192,13248,21440,timeout,40.0,"{""ALLOW_LOW_RISK"": 483, ""DEFER_DEGRADED"": 84, ""DENY_CONNECTIVITY_POLICY"": 273}","{""fresh"": 174, ""aging"": 46, ""stale"": 107, ""hard_expired"": 30}","{""fresh"": {""proposed"": 174, ""ALLOW"": 0, ""DENY"": 90, ""DEFER"": 84, ""fraction_of_consequential"": 0.48739495798319327}, ""aging"": {""proposed"": 46, ""ALLOW"": 0, ""DENY"": 46, ""DEFER"": 0, ""fraction_of_consequential"": 0.12885154061624648}, ""stale"": {""proposed"": 107, ""ALLOW"": 0, ""DENY"": 107, ""DEFER"": 0, ""fraction_of_consequential"": 0.29971988795518206}, ""hard_expired"": {""proposed"": 30, ""ALLOW"": 0, ""DENY"": 30, ""DEFER"": 0, ""fraction_of_consequential"": 0.08403361344537816}}","{""CONNECTED"": {""proposed"": 0, ""ALLOW"": 0.0, ""DENY"": 0.0, ""DEFER"": 0.0, ""fraction_of_consequential"": 0.0}, ""DEGRADED"": {""proposed"": 84, ""ALLOW"": 0.0, ""DENY"": 0.0, ""DEFER"": 1.0, ""fraction_of_consequential"": 0.23529411764705882}, ""PARTITIONED"": {""proposed"": 263, ""ALLOW"": 0.0, ""DENY"": 1.0, ""DEFER"": 0.0, ""fraction_of_consequential"": 0.7366946778711485}, ""ISOLATED"": {""proposed"": 0, ""ALLOW"": 0.0, ""DENY"": 0.0, ""DEFER"": 0.0, ""fraction_of_consequential"": 0.0}, ""RECOVERING"": {""proposed"": 10, ""ALLOW"": 0.0, ""DENY"": 1.0, ""DEFER"": 0.0, ""fraction_of_consequential"": 0.028011204481792718}}",b0d804b41d6f708612dc345c3e165ef89bc8bd77,6f42bb52fdc87433
B5_nominal,paper_ssp_200m_v1,1000,1000.0,1,tr_3bf719402f6c_gpu,-117.08815,-63.08815,9,"{""conflicting_task_ownership"": 0, ""duplicate_execution"": 0, ""contradictory_reassignment"": 1, ""incompatible_mission_state"": 4, ""inconsistent_anomaly_state"": 4}",0.797752808988764,0.9325842696629213,0.9325842696629213,0.38152011922503726,8192,13280,21472,timeout,40.0,"{""ALLOW_LOW_RISK"": 751, ""ALLOW_AUTHORIZED"": 89}","{""fresh"": 76, ""aging"": 4, ""stale"": 5, ""hard_expired"": 4}","{""fresh"": {""proposed"": 76, ""ALLOW"": 76, ""DENY"": 0, ""DEFER"": 0, ""fraction_of_consequential"": 0.8539325842696629}, ""aging"": {""proposed"": 4, ""ALLOW"": 4, ""DENY"": 0, ""DEFER"": 0, ""fraction_of_consequential"": 0.0449438202247191}, ""stale"": {""proposed"": 5, ""ALLOW"": 5, ""DENY"": 0, ""DEFER"": 0, ""fraction_of_consequential"": 0.056179775280898875}, ""hard_expired"": {""proposed"": 4, ""ALLOW"": 4, ""DENY"": 0, ""DEFER"": 0, ""fraction_of_consequential"": 0.0449438202247191}}","{""CONNECTED"": {""proposed"": 0, ""ALLOW"": 0.0, ""DENY"": 0.0, ""DEFER"": 0.0, ""fraction_of_consequential"": 0.0}, ""DEGRADED"": {""proposed"": 18, ""ALLOW"": 1.0, ""DENY"": 0.0, ""DEFER"": 0.0, ""fraction_of_consequential"": 0.20224719101123595}, ""PARTITIONED"": {""proposed"": 69, ""ALLOW"": 1.0, ""DENY"": 0.0, ""DEFER"": 0.0, ""fraction_of_consequential"": 0.7752808988764045}, ""ISOLATED"": {""proposed"": 0, ""ALLOW"": 0.0, ""DENY"": 0.0, ""DEFER"": 0.0, ""fraction_of_consequential"": 0.0}, ""RECOVERING"": {""proposed"": 2, ""ALLOW"": 1.0, ""DENY"": 0.0, ""DEFER"": 0.0, ""fraction_of_consequential"": 0.02247191011235955}}",b0d804b41d6f708612dc345c3e165ef89bc8bd77,6f42bb52fdc87433
B5_permissive,paper_ssp_200m_v1,1000,1000.0,1,tr_3bf719402f6c_gpu,-117.08815,-63.08815,9,"{""conflicting_task_ownership"": 0, ""duplicate_execution"": 0, ""contradictory_reassignment"": 1, ""incompatible_mission_state"": 4, ""inconsistent_anomaly_state"": 4}",0.797752808988764,0.9325842696629213,0.9325842696629213,0.38152011922503726,8192,13280,21472,timeout,40.0,"{""ALLOW_LOW_RISK"": 751, ""ALLOW_AUTHORIZED"": 89}","{""fresh"": 76, ""aging"": 4, ""stale"": 5, ""hard_expired"": 4}","{""fresh"": {""proposed"": 76, ""ALLOW"": 76, ""DENY"": 0, ""DEFER"": 0, ""fraction_of_consequential"": 0.8539325842696629}, ""aging"": {""proposed"": 4, ""ALLOW"": 4, ""DENY"": 0, ""DEFER"": 0, ""fraction_of_consequential"": 0.0449438202247191}, ""stale"": {""proposed"": 5, ""ALLOW"": 5, ""DENY"": 0, ""DEFER"": 0, ""fraction_of_consequential"": 0.056179775280898875}, ""hard_expired"": {""proposed"": 4, ""ALLOW"": 4, ""DENY"": 0, ""DEFER"": 0, ""fraction_of_consequential"": 0.0449438202247191}}","{""CONNECTED"": {""proposed"": 0, ""ALLOW"": 0.0, ""DENY"": 0.0, ""DEFER"": 0.0, ""fraction_of_consequential"": 0.0}, ""DEGRADED"": {""proposed"": 18, ""ALLOW"": 1.0, ""DENY"": 0.0, ""DEFER"": 0.0, ""fraction_of_consequential"": 0.20224719101123595}, ""PARTITIONED"": {""proposed"": 69, ""ALLOW"": 1.0, ""DENY"": 0.0, ""DEFER"": 0.0, ""fraction_of_consequential"": 0.7752808988764045}, ""ISOLATED"": {""proposed"": 0, ""ALLOW"": 0.0, ""DENY"": 0.0, ""DEFER"": 0.0, ""fraction_of_consequential"": 0.0}, ""RECOVERING"": {""proposed"": 2, ""ALLOW"": 1.0, ""DENY"": 0.0, ""DEFER"": 0.0, ""fraction_of_consequential"": 0.02247191011235955}}",b0d804b41d6f708612dc345c3e165ef89bc8bd77,6f42bb52fdc87433
B1,paper_ssp_200m_v1,0,0.0,2,tr_0ab8a47a1225_gpu,47.9171,53.9171,1,"{""conflicting_task_ownership"": 0, ""duplicate_execution"": 0, ""contradictory_reassignment"": 0, ""incompatible_mission_state"": 1, ""inconsistent_anomaly_state"": 0}",0.0,0.9857142857142858,0.9857142857142858,0.6210045662100456,8704,5312,14016,idle,0.0,"{""ALLOW_LOW_RISK"": 770, ""ALLOW_AUTHORIZED"": 70}","{""fresh"": 70, ""aging"": 0, ""stale"": 0, ""hard_expired"": 0}","{""fresh"": {""proposed"": 70, ""ALLOW"": 70, ""DENY"": 0, ""DEFER"": 0, ""fraction_of_consequential"": 1.0}, ""aging"": {""proposed"": 0, ""ALLOW"": 0, ""DENY"": 0, ""DEFER"": 0, ""fraction_of_consequential"": 0.0}, ""stale"": {""proposed"": 0, ""ALLOW"": 0, ""DENY"": 0, ""DEFER"": 0, ""fraction_of_consequential"": 0.0}, ""hard_expired"": {""proposed"": 0, ""ALLOW"": 0, ""DENY"": 0, ""DEFER"": 0, ""fraction_of_consequential"": 0.0}}","{""CONNECTED"": {""proposed"": 0, ""ALLOW"": 0.0, ""DENY"": 0.0, ""DEFER"": 0.0, ""fraction_of_consequential"": 0.0}, ""DEGRADED"": {""proposed"": 70, ""ALLOW"": 1.0, ""DENY"": 0.0, ""DEFER"": 0.0, ""fraction_of_consequential"": 1.0}, ""PARTITIONED"": {""proposed"": 0, ""ALLOW"": 0.0, ""DENY"": 0.0, ""DEFER"": 0.0, ""fraction_of_consequential"": 0.0}, ""ISOLATED"": {""proposed"": 0, ""ALLOW"": 0.0, ""DENY"": 0.0, ""DEFER"": 0.0, ""fraction_of_consequential"": 0.0}, ""RECOVERING"": {""proposed"": 0, ""ALLOW"": 0.0, ""DENY"": 0.0, ""DEFER"": 0.0, ""fraction_of_consequential"": 0.0}}",b0d804b41d6f708612dc345c3e165ef89bc8bd77,4a0f3630bd33c887
B2,paper_ssp_200m_v1,0,0.0,2,tr_0ab8a47a1225_gpu,47.9171,53.9171,1,"{""conflicting_task_ownership"": 0, ""duplicate_execution"": 0, ""contradictory_reassignment"": 0, ""incompatible_mission_state"": 1, ""inconsistent_anomaly_state"": 0}",0.0,0.9857142857142858,0.9857142857142858,0.6210045662100456,8704,5312,14016,idle,0.0,"{""ALLOW_AUTHORIZED"": 840}","{""fresh"": 70, ""aging"": 0, ""stale"": 0, ""hard_expired"": 0}","{""fresh"": {""proposed"": 70, ""ALLOW"": 70, ""DENY"": 0, ""DEFER"": 0, ""fraction_of_consequential"": 1.0}, ""aging"": {""proposed"": 0, ""ALLOW"": 0, ""DENY"": 0, ""DEFER"": 0, ""fraction_of_consequential"": 0.0}, ""stale"": {""proposed"": 0, ""ALLOW"": 0, ""DENY"": 0, ""DEFER"": 0, ""fraction_of_consequential"": 0.0}, ""hard_expired"": {""proposed"": 0, ""ALLOW"": 0, ""DENY"": 0, ""DEFER"": 0, ""fraction_of_consequential"": 0.0}}","{""CONNECTED"": {""proposed"": 0, ""ALLOW"": 0.0, ""DENY"": 0.0, ""DEFER"": 0.0, ""fraction_of_consequential"": 0.0}, ""DEGRADED"": {""proposed"": 70, ""ALLOW"": 1.0, ""DENY"": 0.0, ""DEFER"": 0.0, ""fraction_of_consequential"": 1.0}, ""PARTITIONED"": {""proposed"": 0, ""ALLOW"": 0.0, ""DENY"": 0.0, ""DEFER"": 0.0, ""fraction_of_consequential"": 0.0}, ""ISOLATED"": {""proposed"": 0, ""ALLOW"": 0.0, ""DENY"": 0.0, ""DEFER"": 0.0, ""fraction_of_consequential"": 0.0}, ""RECOVERING"": {""proposed"": 0, ""ALLOW"": 0.0, ""DENY"": 0.0, ""DEFER"": 0.0, ""fraction_of_consequential"": 0.0}}",b0d804b41d6f708612dc345c3e165ef89bc8bd77,4a0f3630bd33c887
B3,paper_ssp_200m_v1,0,0.0,2,tr_0ab8a47a1225_gpu,-30.0462,-30.0462,0,"{""conflicting_task_ownership"": 0, ""duplicate_execution"": 0, ""contradictory_reassignment"": 0, ""incompatible_mission_state"": 0, ""inconsistent_anomaly_state"": 0}",0.0,0.0,0.0,0.6224256292906178,8704,5280,13984,idle,0.0,"{""ALLOW_LOW_RISK"": 496, ""DENY_STATIC_BOUND"": 344}","{""fresh"": 344, ""aging"": 0, ""stale"": 0, ""hard_expired"": 0}","{""fresh"": {""proposed"": 344, ""ALLOW"": 0, ""DENY"": 344, ""DEFER"": 0, ""fraction_of_consequential"": 1.0}, ""aging"": {""proposed"": 0, ""ALLOW"": 0, ""DENY"": 0, ""DEFER"": 0, ""fraction_of_consequential"": 0.0}, ""stale"": {""proposed"": 0, ""ALLOW"": 0, ""DENY"": 0, ""DEFER"": 0, ""fraction_of_consequential"": 0.0}, ""hard_expired"": {""proposed"": 0, ""ALLOW"": 0, ""DENY"": 0, ""DEFER"": 0, ""fraction_of_consequential"": 0.0}}","{""CONNECTED"": {""proposed"": 0, ""ALLOW"": 0.0, ""DENY"": 0.0, ""DEFER"": 0.0, ""fraction_of_consequential"": 0.0}, ""DEGRADED"": {""proposed"": 344, ""ALLOW"": 0.0, ""DENY"": 1.0, ""DEFER"": 0.0, ""fraction_of_consequential"": 1.0}, ""PARTITIONED"": {""proposed"": 0, ""ALLOW"": 0.0, ""DENY"": 0.0, ""DEFER"": 0.0, ""fraction_of_consequential"": 0.0}, ""ISOLATED"": {""proposed"": 0, ""ALLOW"": 0.0, ""DENY"": 0.0, ""DEFER"": 0.0, ""fraction_of_consequential"": 0.0}, ""RECOVERING"": {""proposed"": 0, ""ALLOW"": 0.0, ""DENY"": 0.0, ""DEFER"": 0.0, ""fraction_of_consequential"": 0.0}}",b0d804b41d6f708612dc345c3e165ef89bc8bd77,4a0f3630bd33c887
B4,paper_ssp_200m_v1,0,0.0,2,tr_0ab8a47a1225_gpu,47.9171,53.9171,1,"{""conflicting_task_ownership"": 0, ""duplicate_execution"": 0, ""contradictory_reassignment"": 0, ""incompatible_mission_state"": 1, ""inconsistent_anomaly_state"": 0}",0.0,0.9857142857142858,0.9857142857142858,0.6210045662100456,8704,5312,14016,idle,0.0,"{""ALLOW_LOW_RISK"": 770, ""ALLOW_AUTHORIZED"": 70}","{""fresh"": 70, ""aging"": 0, ""stale"": 0, ""hard_expired"": 0}","{""fresh"": {""proposed"": 70, ""ALLOW"": 70, ""DENY"": 0, ""DEFER"": 0, ""fraction_of_consequential"": 1.0}, ""aging"": {""proposed"": 0, ""ALLOW"": 0, ""DENY"": 0, ""DEFER"": 0, ""fraction_of_consequential"": 0.0}, ""stale"": {""proposed"": 0, ""ALLOW"": 0, ""DENY"": 0, ""DEFER"": 0, ""fraction_of_consequential"": 0.0}, ""hard_expired"": {""proposed"": 0, ""ALLOW"": 0, ""DENY"": 0, ""DEFER"": 0, ""fraction_of_consequential"": 0.0}}","{""CONNECTED"": {""proposed"": 0, ""ALLOW"": 0.0, ""DENY"": 0.0, ""DEFER"": 0.0, ""fraction_of_consequential"": 0.0}, ""DEGRADED"": {""proposed"": 70, ""ALLOW"": 1.0, ""DENY"": 0.0, ""DEFER"": 0.0, ""fraction_of_consequential"": 1.0}, ""PARTITIONED"": {""proposed"": 0, ""ALLOW"": 0.0, ""DENY"": 0.0, ""DEFER"": 0.0, ""fraction_of_consequential"": 0.0}, ""ISOLATED"": {""proposed"": 0, ""ALLOW"": 0.0, ""DENY"": 0.0, ""DEFER"": 0.0, ""fraction_of_consequential"": 0.0}, ""RECOVERING"": {""proposed"": 0, ""ALLOW"": 0.0, ""DENY"": 0.0, ""DEFER"": 0.0, ""fraction_of_consequential"": 0.0}}",b0d804b41d6f708612dc345c3e165ef89bc8bd77,4a0f3630bd33c887
B5_conservative,paper_ssp_200m_v1,0,0.0,2,tr_0ab8a47a1225_gpu,-30.0462,-30.0462,0,"{""conflicting_task_ownership"": 0, ""duplicate_execution"": 0, ""contradictory_reassignment"": 0, ""incompatible_mission_state"": 0, ""inconsistent_anomaly_state"": 0}",0.0,0.0,0.0,0.6224256292906178,8704,5280,13984,idle,0.0,"{""ALLOW_LOW_RISK"": 496, ""DEFER_DEGRADED"": 344}","{""fresh"": 344, ""aging"": 0, ""stale"": 0, ""hard_expired"": 0}","{""fresh"": {""proposed"": 344, ""ALLOW"": 0, ""DENY"": 0, ""DEFER"": 344, ""fraction_of_consequential"": 1.0}, ""aging"": {""proposed"": 0, ""ALLOW"": 0, ""DENY"": 0, ""DEFER"": 0, ""fraction_of_consequential"": 0.0}, ""stale"": {""proposed"": 0, ""ALLOW"": 0, ""DENY"": 0, ""DEFER"": 0, ""fraction_of_consequential"": 0.0}, ""hard_expired"": {""proposed"": 0, ""ALLOW"": 0, ""DENY"": 0, ""DEFER"": 0, ""fraction_of_consequential"": 0.0}}","{""CONNECTED"": {""proposed"": 0, ""ALLOW"": 0.0, ""DENY"": 0.0, ""DEFER"": 0.0, ""fraction_of_consequential"": 0.0}, ""DEGRADED"": {""proposed"": 344, ""ALLOW"": 0.0, ""DENY"": 0.0, ""DEFER"": 1.0, ""fraction_of_consequential"": 1.0}, ""PARTITIONED"": {""proposed"": 0, ""ALLOW"": 0.0, ""DENY"": 0.0, ""DEFER"": 0.0, ""fraction_of_consequential"": 0.0}, ""ISOLATED"": {""proposed"": 0, ""ALLOW"": 0.0, ""DENY"": 0.0, ""DEFER"": 0.0, ""fraction_of_consequential"": 0.0}, ""RECOVERING"": {""proposed"": 0, ""ALLOW"": 0.0, ""DENY"": 0.0, ""DEFER"": 0.0, ""fraction_of_consequential"": 0.0}}",b0d804b41d6f708612dc345c3e165ef89bc8bd77,4a0f3630bd33c887
B5_nominal,paper_ssp_200m_v1,0,0.0,2,tr_0ab8a47a1225_gpu,47.9171,53.9171,1,"{""conflicting_task_ownership"": 0, ""duplicate_execution"": 0, ""contradictory_reassignment"": 0, ""incompatible_mission_state"": 1, ""inconsistent_anomaly_state"": 0}",0.0,0.9857142857142858,0.9857142857142858,0.6210045662100456,8704,5312,14016,idle,0.0,"{""ALLOW_LOW_RISK"": 770, ""ALLOW_AUTHORIZED"": 70}","{""fresh"": 70, ""aging"": 0, ""stale"": 0, ""hard_expired"": 0}","{""fresh"": {""proposed"": 70, ""ALLOW"": 70, ""DENY"": 0, ""DEFER"": 0, ""fraction_of_consequential"": 1.0}, ""aging"": {""proposed"": 0, ""ALLOW"": 0, ""DENY"": 0, ""DEFER"": 0, ""fraction_of_consequential"": 0.0}, ""stale"": {""proposed"": 0, ""ALLOW"": 0, ""DENY"": 0, ""DEFER"": 0, ""fraction_of_consequential"": 0.0}, ""hard_expired"": {""proposed"": 0, ""ALLOW"": 0, ""DENY"": 0, ""DEFER"": 0, ""fraction_of_consequential"": 0.0}}","{""CONNECTED"": {""proposed"": 0, ""ALLOW"": 0.0, ""DENY"": 0.0, ""DEFER"": 0.0, ""fraction_of_consequential"": 0.0}, ""DEGRADED"": {""proposed"": 70, ""ALLOW"": 1.0, ""DENY"": 0.0, ""DEFER"": 0.0, ""fraction_of_consequential"": 1.0}, ""PARTITIONED"": {""proposed"": 0, ""ALLOW"": 0.0, ""DENY"": 0.0, ""DEFER"": 0.0, ""fraction_of_consequential"": 0.0}, ""ISOLATED"": {""proposed"": 0, ""ALLOW"": 0.0, ""DENY"": 0.0, ""DEFER"": 0.0, ""fraction_of_consequential"": 0.0}, ""RECOVERING"": {""proposed"": 0, ""ALLOW"": 0.0, ""DENY"": 0.0, ""DEFER"": 0.0, ""fraction_of_consequential"": 0.0}}",b0d804b41d6f708612dc345c3e165ef89bc8bd77,4a0f3630bd33c887
B5_permissive,paper_ssp_200m_v1,0,0.0,2,tr_0ab8a47a1225_gpu,47.9171,53.9171,1,"{""conflicting_task_ownership"": 0, ""duplicate_execution"": 0, ""contradictory_reassignment"": 0, ""incompatible_mission_state"": 1, ""inconsistent_anomaly_state"": 0}",0.0,0.9857142857142858,0.9857142857142858,0.6210045662100456,8704,5312,14016,idle,0.0,"{""ALLOW_LOW_RISK"": 770, ""ALLOW_AUTHORIZED"": 70}","{""fresh"": 70, ""aging"": 0, ""stale"": 0, ""hard_expired"": 0}","{""fresh"": {""proposed"": 70, ""ALLOW"": 70, ""DENY"": 0, ""DEFER"": 0, ""fraction_of_consequential"": 1.0}, ""aging"": {""proposed"": 0, ""ALLOW"": 0, ""DENY"": 0, ""DEFER"": 0, ""fraction_of_consequential"": 0.0}, ""stale"": {""proposed"": 0, ""ALLOW"": 0, ""DENY"": 0, ""DEFER"": 0, ""fraction_of_consequential"": 0.0}, ""hard_expired"": {""proposed"": 0, ""ALLOW"": 0, ""DENY"": 0, ""DEFER"": 0, ""fraction_of_consequential"": 0.0}}","{""CONNECTED"": {""proposed"": 0, ""ALLOW"": 0.0, ""DENY"": 0.0, ""DEFER"": 0.0, ""fraction_of_consequential"": 0.0}, ""DEGRADED"": {""proposed"": 70, ""ALLOW"": 1.0, ""DENY"": 0.0, ""DEFER"": 0.0, ""fraction_of_consequential"": 1.0}, ""PARTITIONED"": {""proposed"": 0, ""ALLOW"": 0.0, ""DENY"": 0.0, ""DEFER"": 0.0, ""fraction_of_consequential"": 0.0}, ""ISOLATED"": {""proposed"": 0, ""ALLOW"": 0.0, ""DENY"": 0.0, ""DEFER"": 0.0, ""fraction_of_consequential"": 0.0}, ""RECOVERING"": {""proposed"": 0, ""ALLOW"": 0.0, ""DENY"": 0.0, ""DEFER"": 0.0, ""fraction_of_consequential"": 0.0}}",b0d804b41d6f708612dc345c3e165ef89bc8bd77,4a0f3630bd33c887
B1,paper_ssp_200m_v1,150,150.0,2,tr_0ab8a47a1225_gpu,47.9177,53.9177,1,"{""conflicting_task_ownership"": 0, ""duplicate_execution"": 0, ""contradictory_reassignment"": 0, ""incompatible_mission_state"": 1, ""inconsistent_anomaly_state"": 0}",0.10526315789473684,0.881578947368421,0.9852941176470589,0.47232472324723246,8192,9152,17344,timeout,40.0,"{""ALLOW_LOW_RISK"": 764, ""ALLOW_AUTHORIZED"": 68, ""DENY_SUPERVISOR_UNREACHABLE"": 6, ""DENY_RECOVERING_CONSEQUENTIAL"": 2}","{""fresh"": 76, ""aging"": 0, ""stale"": 0, ""hard_expired"": 0}","{""fresh"": {""proposed"": 76, ""ALLOW"": 68, ""DENY"": 8, ""DEFER"": 0, ""fraction_of_consequential"": 1.0}, ""aging"": {""proposed"": 0, ""ALLOW"": 0, ""DENY"": 0, ""DEFER"": 0, ""fraction_of_consequential"": 0.0}, ""stale"": {""proposed"": 0, ""ALLOW"": 0, ""DENY"": 0, ""DEFER"": 0, ""fraction_of_consequential"": 0.0}, ""hard_expired"": {""proposed"": 0, ""ALLOW"": 0, ""DENY"": 0, ""DEFER"": 0, ""fraction_of_consequential"": 0.0}}","{""CONNECTED"": {""proposed"": 0, ""ALLOW"": 0.0, ""DENY"": 0.0, ""DEFER"": 0.0, ""fraction_of_consequential"": 0.0}, ""DEGRADED"": {""proposed"": 60, ""ALLOW"": 1.0, ""DENY"": 0.0, ""DEFER"": 0.0, ""fraction_of_consequential"": 0.7894736842105263}, ""PARTITIONED"": {""proposed"": 14, ""ALLOW"": 0.5714285714285714, ""DENY"": 0.42857142857142855, ""DEFER"": 0.0, ""fraction_of_consequential"": 0.18421052631578946}, ""ISOLATED"": {""proposed"": 0, ""ALLOW"": 0.0, ""DENY"": 0.0, ""DEFER"": 0.0, ""fraction_of_consequential"": 0.0}, ""RECOVERING"": {""proposed"": 2, ""ALLOW"": 0.0, ""DENY"": 1.0, ""DEFER"": 0.0, ""fraction_of_consequential"": 0.02631578947368421}}",b0d804b41d6f708612dc345c3e165ef89bc8bd77,b9e544a76e8c671a
B2,paper_ssp_200m_v1,150,150.0,2,tr_0ab8a47a1225_gpu,41.923,53.923,2,"{""conflicting_task_ownership"": 0, ""duplicate_execution"": 0, ""contradictory_reassignment"": 1, ""incompatible_mission_state"": 1, ""inconsistent_anomaly_state"": 0}",0.21052631578947367,0.9210526315789473,0.9210526315789473,0.47232472324723246,8192,9152,17344,timeout,40.0,"{""ALLOW_AUTHORIZED"": 840}","{""fresh"": 76, ""aging"": 0, ""stale"": 0, ""hard_expired"": 0}","{""fresh"": {""proposed"": 76, ""ALLOW"": 76, ""DENY"": 0, ""DEFER"": 0, ""fraction_of_consequential"": 1.0}, ""aging"": {""proposed"": 0, ""ALLOW"": 0, ""DENY"": 0, ""DEFER"": 0, ""fraction_of_consequential"": 0.0}, ""stale"": {""proposed"": 0, ""ALLOW"": 0, ""DENY"": 0, ""DEFER"": 0, ""fraction_of_consequential"": 0.0}, ""hard_expired"": {""proposed"": 0, ""ALLOW"": 0, ""DENY"": 0, ""DEFER"": 0, ""fraction_of_consequential"": 0.0}}","{""CONNECTED"": {""proposed"": 0, ""ALLOW"": 0.0, ""DENY"": 0.0, ""DEFER"": 0.0, ""fraction_of_consequential"": 0.0}, ""DEGRADED"": {""proposed"": 60, ""ALLOW"": 1.0, ""DENY"": 0.0, ""DEFER"": 0.0, ""fraction_of_consequential"": 0.7894736842105263}, ""PARTITIONED"": {""proposed"": 14, ""ALLOW"": 1.0, ""DENY"": 0.0, ""DEFER"": 0.0, ""fraction_of_consequential"": 0.18421052631578946}, ""ISOLATED"": {""proposed"": 0, ""ALLOW"": 0.0, ""DENY"": 0.0, ""DEFER"": 0.0, ""fraction_of_consequential"": 0.0}, ""RECOVERING"": {""proposed"": 2, ""ALLOW"": 1.0, ""DENY"": 0.0, ""DEFER"": 0.0, ""fraction_of_consequential"": 0.02631578947368421}}",b0d804b41d6f708612dc345c3e165ef89bc8bd77,b9e544a76e8c671a
B3,paper_ssp_200m_v1,150,150.0,2,tr_0ab8a47a1225_gpu,-30.046,-30.046,0,"{""conflicting_task_ownership"": 0, ""duplicate_execution"": 0, ""contradictory_reassignment"": 0, ""incompatible_mission_state"": 0, ""inconsistent_anomaly_state"": 0}",0.0,0.0,0.0,0.4731977818853974,8192,9120,17312,timeout,40.0,"{""ALLOW_LOW_RISK"": 494, ""DENY_STATIC_BOUND"": 346}","{""fresh"": 342, ""aging"": 4, ""stale"": 0, ""hard_expired"": 0}","{""fresh"": {""proposed"": 342, ""ALLOW"": 0, ""DENY"": 342, ""DEFER"": 0, ""fraction_of_consequential"": 0.9884393063583815}, ""aging"": {""proposed"": 4, ""ALLOW"": 0, ""DENY"": 4, ""DEFER"": 0, ""fraction_of_consequential"": 0.011560693641618497}, ""stale"": {""proposed"": 0, ""ALLOW"": 0, ""DENY"": 0, ""DEFER"": 0, ""fraction_of_consequential"": 0.0}, ""hard_expired"": {""proposed"": 0, ""ALLOW"": 0, ""DENY"": 0, ""DEFER"": 0, ""fraction_of_consequential"": 0.0}}","{""CONNECTED"": {""proposed"": 0, ""ALLOW"": 0.0, ""DENY"": 0.0, ""DEFER"": 0.0, ""fraction_of_consequential"": 0.0}, ""DEGRADED"": {""proposed"": 294, ""ALLOW"": 0.0, ""DENY"": 1.0, ""DEFER"": 0.0, ""fraction_of_consequential"": 0.8497109826589595}, ""PARTITIONED"": {""proposed"": 42, ""ALLOW"": 0.0, ""DENY"": 1.0, ""DEFER"": 0.0, ""fraction_of_consequential"": 0.12138728323699421}, ""ISOLATED"": {""proposed"": 0, ""ALLOW"": 0.0, ""DENY"": 0.0, ""DEFER"": 0.0, ""fraction_of_consequential"": 0.0}, ""RECOVERING"": {""proposed"": 10, ""ALLOW"": 0.0, ""DENY"": 1.0, ""DEFER"": 0.0, ""fraction_of_consequential"": 0.028901734104046242}}",b0d804b41d6f708612dc345c3e165ef89bc8bd77,b9e544a76e8c671a
B4,paper_ssp_200m_v1,150,150.0,2,tr_0ab8a47a1225_gpu,41.923,53.923,2,"{""conflicting_task_ownership"": 0, ""duplicate_execution"": 0, ""contradictory_reassignment"": 1, ""incompatible_mission_state"": 1, ""inconsistent_anomaly_state"": 0}",0.18421052631578946,0.8947368421052632,0.918918918918919,0.47232472324723246,8192,9152,17344,timeout,40.0,"{""ALLOW_LOW_RISK"": 764, ""ALLOW_AUTHORIZED"": 74, ""DENY_RECOVERING_HARD_SAFETY"": 2}","{""fresh"": 76, ""aging"": 0, ""stale"": 0, ""hard_expired"": 0}","{""fresh"": {""proposed"": 76, ""ALLOW"": 74, ""DENY"": 2, ""DEFER"": 0, ""fraction_of_consequential"": 1.0}, ""aging"": {""proposed"": 0, ""ALLOW"": 0, ""DENY"": 0, ""DEFER"": 0, ""fraction_of_consequential"": 0.0}, ""stale"": {""proposed"": 0, ""ALLOW"": 0, ""DENY"": 0, ""DEFER"": 0, ""fraction_of_consequential"": 0.0}, ""hard_expired"": {""proposed"": 0, ""ALLOW"": 0, ""DENY"": 0, ""DEFER"": 0, ""fraction_of_consequential"": 0.0}}","{""CONNECTED"": {""proposed"": 0, ""ALLOW"": 0.0, ""DENY"": 0.0, ""DEFER"": 0.0, ""fraction_of_consequential"": 0.0}, ""DEGRADED"": {""proposed"": 60, ""ALLOW"": 1.0, ""DENY"": 0.0, ""DEFER"": 0.0, ""fraction_of_consequential"": 0.7894736842105263}, ""PARTITIONED"": {""proposed"": 14, ""ALLOW"": 1.0, ""DENY"": 0.0, ""DEFER"": 0.0, ""fraction_of_consequential"": 0.18421052631578946}, ""ISOLATED"": {""proposed"": 0, ""ALLOW"": 0.0, ""DENY"": 0.0, ""DEFER"": 0.0, ""fraction_of_consequential"": 0.0}, ""RECOVERING"": {""proposed"": 2, ""ALLOW"": 0.0, ""DENY"": 1.0, ""DEFER"": 0.0, ""fraction_of_consequential"": 0.02631578947368421}}",b0d804b41d6f708612dc345c3e165ef89bc8bd77,b9e544a76e8c671a
B5_conservative,paper_ssp_200m_v1,150,150.0,2,tr_0ab8a47a1225_gpu,-30.046,-30.046,0,"{""conflicting_task_ownership"": 0, ""duplicate_execution"": 0, ""contradictory_reassignment"": 0, ""incompatible_mission_state"": 0, ""inconsistent_anomaly_state"": 0}",0.0,0.0,0.0,0.4731977818853974,8192,9120,17312,timeout,40.0,"{""ALLOW_LOW_RISK"": 494, ""DEFER_DEGRADED"": 294, ""DENY_CONNECTIVITY_POLICY"": 52}","{""fresh"": 342, ""aging"": 4, ""stale"": 0, ""hard_expired"": 0}","{""fresh"": {""proposed"": 342, ""ALLOW"": 0, ""DENY"": 48, ""DEFER"": 294, ""fraction_of_consequential"": 0.9884393063583815}, ""aging"": {""proposed"": 4, ""ALLOW"": 0, ""DENY"": 4, ""DEFER"": 0, ""fraction_of_consequential"": 0.011560693641618497}, ""stale"": {""proposed"": 0, ""ALLOW"": 0, ""DENY"": 0, ""DEFER"": 0, ""fraction_of_consequential"": 0.0}, ""hard_expired"": {""proposed"": 0, ""ALLOW"": 0, ""DENY"": 0, ""DEFER"": 0, ""fraction_of_consequential"": 0.0}}","{""CONNECTED"": {""proposed"": 0, ""ALLOW"": 0.0, ""DENY"": 0.0, ""DEFER"": 0.0, ""fraction_of_consequential"": 0.0}, ""DEGRADED"": {""proposed"": 294, ""ALLOW"": 0.0, ""DENY"": 0.0, ""DEFER"": 1.0, ""fraction_of_consequential"": 0.8497109826589595}, ""PARTITIONED"": {""proposed"": 42, ""ALLOW"": 0.0, ""DENY"": 1.0, ""DEFER"": 0.0, ""fraction_of_consequential"": 0.12138728323699421}, ""ISOLATED"": {""proposed"": 0, ""ALLOW"": 0.0, ""DENY"": 0.0, ""DEFER"": 0.0, ""fraction_of_consequential"": 0.0}, ""RECOVERING"": {""proposed"": 10, ""ALLOW"": 0.0, ""DENY"": 1.0, ""DEFER"": 0.0, ""fraction_of_consequential"": 0.028901734104046242}}",b0d804b41d6f708612dc345c3e165ef89bc8bd77,b9e544a76e8c671a
B5_nominal,paper_ssp_200m_v1,150,150.0,2,tr_0ab8a47a1225_gpu,41.923,53.923,2,"{""conflicting_task_ownership"": 0, ""duplicate_execution"": 0, ""contradictory_reassignment"": 1, ""incompatible_mission_state"": 1, ""inconsistent_anomaly_state"": 0}",0.21052631578947367,0.9210526315789473,0.9210526315789473,0.47232472324723246,8192,9152,17344,timeout,40.0,"{""ALLOW_LOW_RISK"": 764, ""ALLOW_AUTHORIZED"": 76}","{""fresh"": 76, ""aging"": 0, ""stale"": 0, ""hard_expired"": 0}","{""fresh"": {""proposed"": 76, ""ALLOW"": 76, ""DENY"": 0, ""DEFER"": 0, ""fraction_of_consequential"": 1.0}, ""aging"": {""proposed"": 0, ""ALLOW"": 0, ""DENY"": 0, ""DEFER"": 0, ""fraction_of_consequential"": 0.0}, ""stale"": {""proposed"": 0, ""ALLOW"": 0, ""DENY"": 0, ""DEFER"": 0, ""fraction_of_consequential"": 0.0}, ""hard_expired"": {""proposed"": 0, ""ALLOW"": 0, ""DENY"": 0, ""DEFER"": 0, ""fraction_of_consequential"": 0.0}}","{""CONNECTED"": {""proposed"": 0, ""ALLOW"": 0.0, ""DENY"": 0.0, ""DEFER"": 0.0, ""fraction_of_consequential"": 0.0}, ""DEGRADED"": {""proposed"": 60, ""ALLOW"": 1.0, ""DENY"": 0.0, ""DEFER"": 0.0, ""fraction_of_consequential"": 0.7894736842105263}, ""PARTITIONED"": {""proposed"": 14, ""ALLOW"": 1.0, ""DENY"": 0.0, ""DEFER"": 0.0, ""fraction_of_consequential"": 0.18421052631578946}, ""ISOLATED"": {""proposed"": 0, ""ALLOW"": 0.0, ""DENY"": 0.0, ""DEFER"": 0.0, ""fraction_of_consequential"": 0.0}, ""RECOVERING"": {""proposed"": 2, ""ALLOW"": 1.0, ""DENY"": 0.0, ""DEFER"": 0.0, ""fraction_of_consequential"": 0.02631578947368421}}",b0d804b41d6f708612dc345c3e165ef89bc8bd77,b9e544a76e8c671a
B5_permissive,paper_ssp_200m_v1,150,150.0,2,tr_0ab8a47a1225_gpu,41.923,53.923,2,"{""conflicting_task_ownership"": 0, ""duplicate_execution"": 0, ""contradictory_reassignment"": 1, ""incompatible_mission_state"": 1, ""inconsistent_anomaly_state"": 0}",0.21052631578947367,0.9210526315789473,0.9210526315789473,0.47232472324723246,8192,9152,17344,timeout,40.0,"{""ALLOW_LOW_RISK"": 764, ""ALLOW_AUTHORIZED"": 76}","{""fresh"": 76, ""aging"": 0, ""stale"": 0, ""hard_expired"": 0}","{""fresh"": {""proposed"": 76, ""ALLOW"": 76, ""DENY"": 0, ""DEFER"": 0, ""fraction_of_consequential"": 1.0}, ""aging"": {""proposed"": 0, ""ALLOW"": 0, ""DENY"": 0, ""DEFER"": 0, ""fraction_of_consequential"": 0.0}, ""stale"": {""proposed"": 0, ""ALLOW"": 0, ""DENY"": 0, ""DEFER"": 0, ""fraction_of_consequential"": 0.0}, ""hard_expired"": {""proposed"": 0, ""ALLOW"": 0, ""DENY"": 0, ""DEFER"": 0, ""fraction_of_consequential"": 0.0}}","{""CONNECTED"": {""proposed"": 0, ""ALLOW"": 0.0, ""DENY"": 0.0, ""DEFER"": 0.0, ""fraction_of_consequential"": 0.0}, ""DEGRADED"": {""proposed"": 60, ""ALLOW"": 1.0, ""DENY"": 0.0, ""DEFER"": 0.0, ""fraction_of_consequential"": 0.7894736842105263}, ""PARTITIONED"": {""proposed"": 14, ""ALLOW"": 1.0, ""DENY"": 0.0, ""DEFER"": 0.0, ""fraction_of_consequential"": 0.18421052631578946}, ""ISOLATED"": {""proposed"": 0, ""ALLOW"": 0.0, ""DENY"": 0.0, ""DEFER"": 0.0, ""fraction_of_consequential"": 0.0}, ""RECOVERING"": {""proposed"": 2, ""ALLOW"": 1.0, ""DENY"": 0.0, ""DEFER"": 0.0, ""fraction_of_consequential"": 0.02631578947368421}}",b0d804b41d6f708612dc345c3e165ef89bc8bd77,b9e544a76e8c671a
B1,paper_ssp_200m_v1,300,300.0,2,tr_0ab8a47a1225_gpu,47.9183,53.9183,1,"{""conflicting_task_ownership"": 0, ""duplicate_execution"": 0, ""contradictory_reassignment"": 0, ""incompatible_mission_state"": 1, ""inconsistent_anomaly_state"": 0}",0.18292682926829268,0.8170731707317073,0.9852941176470589,0.3956723338485317,8192,12512,20704,timeout,40.0,"{""ALLOW_LOW_RISK"": 758, ""ALLOW_AUTHORIZED"": 68, ""DENY_SUPERVISOR_UNREACHABLE"": 12, ""DENY_RECOVERING_CONSEQUENTIAL"": 2}","{""fresh"": 76, ""aging"": 6, ""stale"": 0, ""hard_expired"": 0}","{""fresh"": {""proposed"": 76, ""ALLOW"": 68, ""DENY"": 8, ""DEFER"": 0, ""fraction_of_consequential"": 0.926829268292683}, ""aging"": {""proposed"": 6, ""ALLOW"": 0, ""DENY"": 6, ""DEFER"": 0, ""fraction_of_consequential"": 0.07317073170731707}, ""stale"": {""proposed"": 0, ""ALLOW"": 0, ""DENY"": 0, ""DEFER"": 0, ""fraction_of_consequential"": 0.0}, ""hard_expired"": {""proposed"": 0, ""ALLOW"": 0, ""DENY"": 0, ""DEFER"": 0, ""fraction_of_consequential"": 0.0}}","{""CONNECTED"": {""proposed"": 0, ""ALLOW"": 0.0, ""DENY"": 0.0, ""DEFER"": 0.0, ""fraction_of_consequential"": 0.0}, ""DEGRADED"": {""proposed"": 53, ""ALLOW"": 1.0, ""DENY"": 0.0, ""DEFER"": 0.0, ""fraction_of_consequential"": 0.6463414634146342}, ""PARTITIONED"": {""proposed"": 27, ""ALLOW"": 0.5555555555555556, ""DENY"": 0.4444444444444444, ""DEFER"": 0.0, ""fraction_of_consequential"": 0.32926829268292684}, ""ISOLATED"": {""proposed"": 0, ""ALLOW"": 0.0, ""DENY"": 0.0, ""DEFER"": 0.0, ""fraction_of_consequential"": 0.0}, ""RECOVERING"": {""proposed"": 2, ""ALLOW"": 0.0, ""DENY"": 1.0, ""DEFER"": 0.0, ""fraction_of_consequential"": 0.024390243902439025}}",b0d804b41d6f708612dc345c3e165ef89bc8bd77,b41b323e43ba2f6c
B2,paper_ssp_200m_v1,300,300.0,2,tr_0ab8a47a1225_gpu,-14.0806,21.9194,6,"{""conflicting_task_ownership"": 0, ""duplicate_execution"": 0, ""contradictory_reassignment"": 1, ""incompatible_mission_state"": 1, ""inconsistent_anomaly_state"": 4}",0.3375,0.925,0.925,0.3956723338485317,8192,12512,20704,timeout,40.0,"{""ALLOW_AUTHORIZED"": 840}","{""fresh"": 76, ""aging"": 4, ""stale"": 0, ""hard_expired"": 0}","{""fresh"": {""proposed"": 76, ""ALLOW"": 76, ""DENY"": 0, ""DEFER"": 0, ""fraction_of_consequential"": 0.95}, ""aging"": {""proposed"": 4, ""ALLOW"": 4, ""DENY"": 0, ""DEFER"": 0, ""fraction_of_consequential"": 0.05}, ""stale"": {""proposed"": 0, ""ALLOW"": 0, ""DENY"": 0, ""DEFER"": 0, ""fraction_of_consequential"": 0.0}, ""hard_expired"": {""proposed"": 0, ""ALLOW"": 0, ""DENY"": 0, ""DEFER"": 0, ""fraction_of_consequential"": 0.0}}","{""CONNECTED"": {""proposed"": 0, ""ALLOW"": 0.0, ""DENY"": 0.0, ""DEFER"": 0.0, ""fraction_of_consequential"": 0.0}, ""DEGRADED"": {""proposed"": 53, ""ALLOW"": 1.0, ""DENY"": 0.0, ""DEFER"": 0.0, ""fraction_of_consequential"": 0.6625}, ""PARTITIONED"": {""proposed"": 25, ""ALLOW"": 1.0, ""DENY"": 0.0, ""DEFER"": 0.0, ""fraction_of_consequential"": 0.3125}, ""ISOLATED"": {""proposed"": 0, ""ALLOW"": 0.0, ""DENY"": 0.0, ""DEFER"": 0.0, ""fraction_of_consequential"": 0.0}, ""RECOVERING"": {""proposed"": 2, ""ALLOW"": 1.0, ""DENY"": 0.0, ""DEFER"": 0.0, ""fraction_of_consequential"": 0.025}}",b0d804b41d6f708612dc345c3e165ef89bc8bd77,b41b323e43ba2f6c
B3,paper_ssp_200m_v1,300,300.0,2,tr_0ab8a47a1225_gpu,-30.0458,-30.0458,0,"{""conflicting_task_ownership"": 0, ""duplicate_execution"": 0, ""contradictory_reassignment"": 0, ""incompatible_mission_state"": 0, ""inconsistent_anomaly_state"": 0}",0.0,0.0,0.0,0.39628482972136225,8192,12480,20672,timeout,40.0,"{""ALLOW_LOW_RISK"": 492, ""DENY_STATIC_BOUND"": 348}","{""fresh"": 314, ""aging"": 34, ""stale"": 0, ""hard_expired"": 0}","{""fresh"": {""proposed"": 314, ""ALLOW"": 0, ""DENY"": 314, ""DEFER"": 0, ""fraction_of_consequential"": 0.9022988505747126}, ""aging"": {""proposed"": 34, ""ALLOW"": 0, ""DENY"": 34, ""DEFER"": 0, ""fraction_of_consequential"": 0.09770114942528736}, ""stale"": {""proposed"": 0, ""ALLOW"": 0, ""DENY"": 0, ""DEFER"": 0, ""fraction_of_consequential"": 0.0}, ""hard_expired"": {""proposed"": 0, ""ALLOW"": 0, ""DENY"": 0, ""DEFER"": 0, ""fraction_of_consequential"": 0.0}}","{""CONNECTED"": {""proposed"": 0, ""ALLOW"": 0.0, ""DENY"": 0.0, ""DEFER"": 0.0, ""fraction_of_consequential"": 0.0}, ""DEGRADED"": {""proposed"": 259, ""ALLOW"": 0.0, ""DENY"": 1.0, ""DEFER"": 0.0, ""fraction_of_consequential"": 0.7442528735632183}, ""PARTITIONED"": {""proposed"": 79, ""ALLOW"": 0.0, ""DENY"": 1.0, ""DEFER"": 0.0, ""fraction_of_consequential"": 0.22701149425287356}, ""ISOLATED"": {""proposed"": 0, ""ALLOW"": 0.0, ""DENY"": 0.0, ""DEFER"": 0.0, ""fraction_of_consequential"": 0.0}, ""RECOVERING"": {""proposed"": 10, ""ALLOW"": 0.0, ""DENY"": 1.0, ""DEFER"": 0.0, ""fraction_of_consequential"": 0.028735632183908046}}",b0d804b41d6f708612dc345c3e165ef89bc8bd77,b41b323e43ba2f6c
B4,paper_ssp_200m_v1,300,300.0,2,tr_0ab8a47a1225_gpu,-14.0806,21.9194,6,"{""conflicting_task_ownership"": 0, ""duplicate_execution"": 0, ""contradictory_reassignment"": 1, ""incompatible_mission_state"": 1, ""inconsistent_anomaly_state"": 4}",0.3125,0.9,0.9230769230769231,0.3956723338485317,8192,12512,20704,timeout,40.0,"{""ALLOW_LOW_RISK"": 760, ""ALLOW_AUTHORIZED"": 78, ""DENY_RECOVERING_HARD_SAFETY"": 2}","{""fresh"": 76, ""aging"": 4, ""stale"": 0, ""hard_expired"": 0}","{""fresh"": {""proposed"": 76, ""ALLOW"": 74, ""DENY"": 2, ""DEFER"": 0, ""fraction_of_consequential"": 0.95}, ""aging"": {""proposed"": 4, ""ALLOW"": 4, ""DENY"": 0, ""DEFER"": 0, ""fraction_of_consequential"": 0.05}, ""stale"": {""proposed"": 0, ""ALLOW"": 0, ""DENY"": 0, ""DEFER"": 0, ""fraction_of_consequential"": 0.0}, ""hard_expired"": {""proposed"": 0, ""ALLOW"": 0, ""DENY"": 0, ""DEFER"": 0, ""fraction_of_consequential"": 0.0}}","{""CONNECTED"": {""proposed"": 0, ""ALLOW"": 0.0, ""DENY"": 0.0, ""DEFER"": 0.0, ""fraction_of_consequential"": 0.0}, ""DEGRADED"": {""proposed"": 53, ""ALLOW"": 1.0, ""DENY"": 0.0, ""DEFER"": 0.0, ""fraction_of_consequential"": 0.6625}, ""PARTITIONED"": {""proposed"": 25, ""ALLOW"": 1.0, ""DENY"": 0.0, ""DEFER"": 0.0, ""fraction_of_consequential"": 0.3125}, ""ISOLATED"": {""proposed"": 0, ""ALLOW"": 0.0, ""DENY"": 0.0, ""DEFER"": 0.0, ""fraction_of_consequential"": 0.0}, ""RECOVERING"": {""proposed"": 2, ""ALLOW"": 0.0, ""DENY"": 1.0, ""DEFER"": 0.0, ""fraction_of_consequential"": 0.025}}",b0d804b41d6f708612dc345c3e165ef89bc8bd77,b41b323e43ba2f6c
B5_conservative,paper_ssp_200m_v1,300,300.0,2,tr_0ab8a47a1225_gpu,-30.0458,-30.0458,0,"{""conflicting_task_ownership"": 0, ""duplicate_execution"": 0, ""contradictory_reassignment"": 0, ""incompatible_mission_state"": 0, ""inconsistent_anomaly_state"": 0}",0.0,0.0,0.0,0.39628482972136225,8192,12480,20672,timeout,40.0,"{""ALLOW_LOW_RISK"": 492, ""DEFER_DEGRADED"": 259, ""DENY_CONNECTIVITY_POLICY"": 89}","{""fresh"": 314, ""aging"": 34, ""stale"": 0, ""hard_expired"": 0}","{""fresh"": {""proposed"": 314, ""ALLOW"": 0, ""DENY"": 55, ""DEFER"": 259, ""fraction_of_consequential"": 0.9022988505747126}, ""aging"": {""proposed"": 34, ""ALLOW"": 0, ""DENY"": 34, ""DEFER"": 0, ""fraction_of_consequential"": 0.09770114942528736}, ""stale"": {""proposed"": 0, ""ALLOW"": 0, ""DENY"": 0, ""DEFER"": 0, ""fraction_of_consequential"": 0.0}, ""hard_expired"": {""proposed"": 0, ""ALLOW"": 0, ""DENY"": 0, ""DEFER"": 0, ""fraction_of_consequential"": 0.0}}","{""CONNECTED"": {""proposed"": 0, ""ALLOW"": 0.0, ""DENY"": 0.0, ""DEFER"": 0.0, ""fraction_of_consequential"": 0.0}, ""DEGRADED"": {""proposed"": 259, ""ALLOW"": 0.0, ""DENY"": 0.0, ""DEFER"": 1.0, ""fraction_of_consequential"": 0.7442528735632183}, ""PARTITIONED"": {""proposed"": 79, ""ALLOW"": 0.0, ""DENY"": 1.0, ""DEFER"": 0.0, ""fraction_of_consequential"": 0.22701149425287356}, ""ISOLATED"": {""proposed"": 0, ""ALLOW"": 0.0, ""DENY"": 0.0, ""DEFER"": 0.0, ""fraction_of_consequential"": 0.0}, ""RECOVERING"": {""proposed"": 10, ""ALLOW"": 0.0, ""DENY"": 1.0, ""DEFER"": 0.0, ""fraction_of_consequential"": 0.028735632183908046}}",b0d804b41d6f708612dc345c3e165ef89bc8bd77,b41b323e43ba2f6c
B5_nominal,paper_ssp_200m_v1,300,300.0,2,tr_0ab8a47a1225_gpu,-14.0806,21.9194,6,"{""conflicting_task_ownership"": 0, ""duplicate_execution"": 0, ""contradictory_reassignment"": 1, ""incompatible_mission_state"": 1, ""inconsistent_anomaly_state"": 4}",0.3375,0.925,0.925,0.3956723338485317,8192,12512,20704,timeout,40.0,"{""ALLOW_LOW_RISK"": 760, ""ALLOW_AUTHORIZED"": 80}","{""fresh"": 76, ""aging"": 4, ""stale"": 0, ""hard_expired"": 0}","{""fresh"": {""proposed"": 76, ""ALLOW"": 76, ""DENY"": 0, ""DEFER"": 0, ""fraction_of_consequential"": 0.95}, ""aging"": {""proposed"": 4, ""ALLOW"": 4, ""DENY"": 0, ""DEFER"": 0, ""fraction_of_consequential"": 0.05}, ""stale"": {""proposed"": 0, ""ALLOW"": 0, ""DENY"": 0, ""DEFER"": 0, ""fraction_of_consequential"": 0.0}, ""hard_expired"": {""proposed"": 0, ""ALLOW"": 0, ""DENY"": 0, ""DEFER"": 0, ""fraction_of_consequential"": 0.0}}","{""CONNECTED"": {""proposed"": 0, ""ALLOW"": 0.0, ""DENY"": 0.0, ""DEFER"": 0.0, ""fraction_of_consequential"": 0.0}, ""DEGRADED"": {""proposed"": 53, ""ALLOW"": 1.0, ""DENY"": 0.0, ""DEFER"": 0.0, ""fraction_of_consequential"": 0.6625}, ""PARTITIONED"": {""proposed"": 25, ""ALLOW"": 1.0, ""DENY"": 0.0, ""DEFER"": 0.0, ""fraction_of_consequential"": 0.3125}, ""ISOLATED"": {""proposed"": 0, ""ALLOW"": 0.0, ""DENY"": 0.0, ""DEFER"": 0.0, ""fraction_of_consequential"": 0.0}, ""RECOVERING"": {""proposed"": 2, ""ALLOW"": 1.0, ""DENY"": 0.0, ""DEFER"": 0.0, ""fraction_of_consequential"": 0.025}}",b0d804b41d6f708612dc345c3e165ef89bc8bd77,b41b323e43ba2f6c
B5_permissive,paper_ssp_200m_v1,300,300.0,2,tr_0ab8a47a1225_gpu,-14.0806,21.9194,6,"{""conflicting_task_ownership"": 0, ""duplicate_execution"": 0, ""contradictory_reassignment"": 1, ""incompatible_mission_state"": 1, ""inconsistent_anomaly_state"": 4}",0.3375,0.925,0.925,0.3956723338485317,8192,12512,20704,timeout,40.0,"{""ALLOW_LOW_RISK"": 760, ""ALLOW_AUTHORIZED"": 80}","{""fresh"": 76, ""aging"": 4, ""stale"": 0, ""hard_expired"": 0}","{""fresh"": {""proposed"": 76, ""ALLOW"": 76, ""DENY"": 0, ""DEFER"": 0, ""fraction_of_consequential"": 0.95}, ""aging"": {""proposed"": 4, ""ALLOW"": 4, ""DENY"": 0, ""DEFER"": 0, ""fraction_of_consequential"": 0.05}, ""stale"": {""proposed"": 0, ""ALLOW"": 0, ""DENY"": 0, ""DEFER"": 0, ""fraction_of_consequential"": 0.0}, ""hard_expired"": {""proposed"": 0, ""ALLOW"": 0, ""DENY"": 0, ""DEFER"": 0, ""fraction_of_consequential"": 0.0}}","{""CONNECTED"": {""proposed"": 0, ""ALLOW"": 0.0, ""DENY"": 0.0, ""DEFER"": 0.0, ""fraction_of_consequential"": 0.0}, ""DEGRADED"": {""proposed"": 53, ""ALLOW"": 1.0, ""DENY"": 0.0, ""DEFER"": 0.0, ""fraction_of_consequential"": 0.6625}, ""PARTITIONED"": {""proposed"": 25, ""ALLOW"": 1.0, ""DENY"": 0.0, ""DEFER"": 0.0, ""fraction_of_consequential"": 0.3125}, ""ISOLATED"": {""proposed"": 0, ""ALLOW"": 0.0, ""DENY"": 0.0, ""DEFER"": 0.0, ""fraction_of_consequential"": 0.0}, ""RECOVERING"": {""proposed"": 2, ""ALLOW"": 1.0, ""DENY"": 0.0, ""DEFER"": 0.0, ""fraction_of_consequential"": 0.025}}",b0d804b41d6f708612dc345c3e165ef89bc8bd77,b41b323e43ba2f6c
B1,paper_ssp_200m_v1,500,500.0,2,tr_0ab8a47a1225_gpu,47.9189,53.9189,1,"{""conflicting_task_ownership"": 0, ""duplicate_execution"": 0, ""contradictory_reassignment"": 0, ""incompatible_mission_state"": 1, ""inconsistent_anomaly_state"": 0}",0.2840909090909091,0.7613636363636364,0.9852941176470589,0.38152011922503726,8192,13280,21472,timeout,40.0,"{""ALLOW_LOW_RISK"": 752, ""ALLOW_AUTHORIZED"": 68, ""DENY_SUPERVISOR_UNREACHABLE"": 18, ""DENY_RECOVERING_CONSEQUENTIAL"": 2}","{""fresh"": 76, ""aging"": 6, ""stale"": 6, ""hard_expired"": 0}","{""fresh"": {""proposed"": 76, ""ALLOW"": 68, ""DENY"": 8, ""DEFER"": 0, ""fraction_of_consequential"": 0.8636363636363636}, ""aging"": {""proposed"": 6, ""ALLOW"": 0, ""DENY"": 6, ""DEFER"": 0, ""fraction_of_consequential"": 0.06818181818181818}, ""stale"": {""proposed"": 6, ""ALLOW"": 0, ""DENY"": 6, ""DEFER"": 0, ""fraction_of_consequential"": 0.06818181818181818}, ""hard_expired"": {""proposed"": 0, ""ALLOW"": 0, ""DENY"": 0, ""DEFER"": 0, ""fraction_of_consequential"": 0.0}}","{""CONNECTED"": {""proposed"": 0, ""ALLOW"": 0.0, ""DENY"": 0.0, ""DEFER"": 0.0, ""fraction_of_consequential"": 0.0}, ""DEGRADED"": {""proposed"": 43, ""ALLOW"": 1.0, ""DENY"": 0.0, ""DEFER"": 0.0, ""fraction_of_consequential"": 0.48863636363636365}, ""PARTITIONED"": {""proposed"": 43, ""ALLOW"": 0.5813953488372093, ""DENY"": 0.4186046511627907, ""DEFER"": 0.0, ""fraction_of_consequential"": 0.48863636363636365}, ""ISOLATED"": {""proposed"": 0, ""ALLOW"": 0.0, ""DENY"": 0.0, ""DEFER"": 0.0, ""fraction_of_consequential"": 0.0}, ""RECOVERING"": {""proposed"": 2, ""ALLOW"": 0.0, ""DENY"": 1.0, ""DEFER"": 0.0, ""fraction_of_consequential"": 0.022727272727272728}}",b0d804b41d6f708612dc345c3e165ef89bc8bd77,8eb5472e37ad22de
B2,paper_ssp_200m_v1,500,500.0,2,tr_0ab8a47a1225_gpu,-77.08455,-23.08455,9,"{""conflicting_task_ownership"": 0, ""duplicate_execution"": 0, ""contradictory_reassignment"": 1, ""incompatible_mission_state"": 4, ""inconsistent_anomaly_state"": 4}",0.49411764705882355,0.9294117647058824,0.9294117647058824,0.38152011922503726,8192,13280,21472,timeout,40.0,"{""ALLOW_AUTHORIZED"": 840}","{""fresh"": 76, ""aging"": 4, ""stale"": 5, ""hard_expired"": 0}","{""fresh"": {""proposed"": 76, ""ALLOW"": 76, ""DENY"": 0, ""DEFER"": 0, ""fraction_of_consequential"": 0.8941176470588236}, ""aging"": {""proposed"": 4, ""ALLOW"": 4, ""DENY"": 0, ""DEFER"": 0, ""fraction_of_consequential"": 0.047058823529411764}, ""stale"": {""proposed"": 5, ""ALLOW"": 5, ""DENY"": 0, ""DEFER"": 0, ""fraction_of_consequential"": 0.058823529411764705}, ""hard_expired"": {""proposed"": 0, ""ALLOW"": 0, ""DENY"": 0, ""DEFER"": 0, ""fraction_of_consequential"": 0.0}}","{""CONNECTED"": {""proposed"": 0, ""ALLOW"": 0.0, ""DENY"": 0.0, ""DEFER"": 0.0, ""fraction_of_consequential"": 0.0}, ""DEGRADED"": {""proposed"": 43, ""ALLOW"": 1.0, ""DENY"": 0.0, ""DEFER"": 0.0, ""fraction_of_consequential"": 0.5058823529411764}, ""PARTITIONED"": {""proposed"": 40, ""ALLOW"": 1.0, ""DENY"": 0.0, ""DEFER"": 0.0, ""fraction_of_consequential"": 0.47058823529411764}, ""ISOLATED"": {""proposed"": 0, ""ALLOW"": 0.0, ""DENY"": 0.0, ""DEFER"": 0.0, ""fraction_of_consequential"": 0.0}, ""RECOVERING"": {""proposed"": 2, ""ALLOW"": 1.0, ""DENY"": 0.0, ""DEFER"": 0.0, ""fraction_of_consequential"": 0.023529411764705882}}",b0d804b41d6f708612dc345c3e165ef89bc8bd77,8eb5472e37ad22de
B3,paper_ssp_200m_v1,500,500.0,2,tr_0ab8a47a1225_gpu,-30.0456,-30.0456,0,"{""conflicting_task_ownership"": 0, ""duplicate_execution"": 0, ""contradictory_reassignment"": 0, ""incompatible_mission_state"": 0, ""inconsistent_anomaly_state"": 0}",0.0,0.0,0.0,0.382089552238806,8192,13248,21440,timeout,40.0,"{""ALLOW_LOW_RISK"": 490, ""DENY_STATIC_BOUND"": 350}","{""fresh"": 274, ""aging"": 46, ""stale"": 30, ""hard_expired"": 0}","{""fresh"": {""proposed"": 274, ""ALLOW"": 0, ""DENY"": 274, ""DEFER"": 0, ""fraction_of_consequential"": 0.7828571428571428}, ""aging"": {""proposed"": 46, ""ALLOW"": 0, ""DENY"": 46, ""DEFER"": 0, ""fraction_of_consequential"": 0.13142857142857142}, ""stale"": {""proposed"": 30, ""ALLOW"": 0, ""DENY"": 30, ""DEFER"": 0, ""fraction_of_consequential"": 0.08571428571428572}, ""hard_expired"": {""proposed"": 0, ""ALLOW"": 0, ""DENY"": 0, ""DEFER"": 0, ""fraction_of_consequential"": 0.0}}","{""CONNECTED"": {""proposed"": 0, ""ALLOW"": 0.0, ""DENY"": 0.0, ""DEFER"": 0.0, ""fraction_of_consequential"": 0.0}, ""DEGRADED"": {""proposed"": 209, ""ALLOW"": 0.0, ""DENY"": 1.0, ""DEFER"": 0.0, ""fraction_of_consequential"": 0.5971428571428572}, ""PARTITIONED"": {""proposed"": 131, ""ALLOW"": 0.0, ""DENY"": 1.0, ""DEFER"": 0.0, ""fraction_of_consequential"": 0.3742857142857143}, ""ISOLATED"": {""proposed"": 0, ""ALLOW"": 0.0, ""DENY"": 0.0, ""DEFER"": 0.0, ""fraction_of_consequential"": 0.0}, ""RECOVERING"": {""proposed"": 10, ""ALLOW"": 0.0, ""DENY"": 1.0, ""DEFER"": 0.0, ""fraction_of_consequential"": 0.02857142857142857}}",b0d804b41d6f708612dc345c3e165ef89bc8bd77,8eb5472e37ad22de
B4,paper_ssp_200m_v1,500,500.0,2,tr_0ab8a47a1225_gpu,-14.0802,21.9198,6,"{""conflicting_task_ownership"": 0, ""duplicate_execution"": 0, ""contradictory_reassignment"": 1, ""incompatible_mission_state"": 1, ""inconsistent_anomaly_state"": 4}",0.4166666666666667,0.8571428571428571,0.9230769230769231,0.38152011922503726,8192,13280,21472,timeout,40.0,"{""ALLOW_LOW_RISK"": 756, ""ALLOW_AUTHORIZED"": 78, ""DENY_FORBIDDEN"": 4, ""DENY_RECOVERING_HARD_SAFETY"": 2}","{""fresh"": 76, ""aging"": 4, ""stale"": 4, ""hard_expired"": 0}","{""fresh"": {""proposed"": 76, ""ALLOW"": 74, ""DENY"": 2, ""DEFER"": 0, ""fraction_of_consequential"": 0.9047619047619048}, ""aging"": {""proposed"": 4, ""ALLOW"": 4, ""DENY"": 0, ""DEFER"": 0, ""fraction_of_consequential"": 0.047619047619047616}, ""stale"": {""proposed"": 4, ""ALLOW"": 0, ""DENY"": 4, ""DEFER"": 0, ""fraction_of_consequential"": 0.047619047619047616}, ""hard_expired"": {""proposed"": 0, ""ALLOW"": 0, ""DENY"": 0, ""DEFER"": 0, ""fraction_of_consequential"": 0.0}}","{""CONNECTED"": {""proposed"": 0, ""ALLOW"": 0.0, ""DENY"": 0.0, ""DEFER"": 0.0, ""fraction_of_consequential"": 0.0}, ""DEGRADED"": {""proposed"": 43, ""ALLOW"": 1.0, ""DENY"": 0.0, ""DEFER"": 0.0, ""fraction_of_consequential"": 0.5119047619047619}, ""PARTITIONED"": {""proposed"": 39, ""ALLOW"": 0.8974358974358975, ""DENY"": 0.10256410256410256, ""DEFER"": 0.0, ""fraction_of_consequential"": 0.4642857142857143}, ""ISOLATED"": {""proposed"": 0, ""ALLOW"": 0.0, ""DENY"": 0.0, ""DEFER"": 0.0, ""fraction_of_consequential"": 0.0}, ""RECOVERING"": {""proposed"": 2, ""ALLOW"": 0.0, ""DENY"": 1.0, ""DEFER"": 0.0, ""fraction_of_consequential"": 0.023809523809523808}}",b0d804b41d6f708612dc345c3e165ef89bc8bd77,8eb5472e37ad22de
B5_conservative,paper_ssp_200m_v1,500,500.0,2,tr_0ab8a47a1225_gpu,-30.0456,-30.0456,0,"{""conflicting_task_ownership"": 0, ""duplicate_execution"": 0, ""contradictory_reassignment"": 0, ""incompatible_mission_state"": 0, ""inconsistent_anomaly_state"": 0}",0.0,0.0,0.0,0.382089552238806,8192,13248,21440,timeout,40.0,"{""ALLOW_LOW_RISK"": 490, ""DEFER_DEGRADED"": 209, ""DENY_CONNECTIVITY_POLICY"": 141}","{""fresh"": 274, ""aging"": 46, ""stale"": 30, ""hard_expired"": 0}","{""fresh"": {""proposed"": 274, ""ALLOW"": 0, ""DENY"": 65, ""DEFER"": 209, ""fraction_of_consequential"": 0.7828571428571428}, ""aging"": {""proposed"": 46, ""ALLOW"": 0, ""DENY"": 46, ""DEFER"": 0, ""fraction_of_consequential"": 0.13142857142857142}, ""stale"": {""proposed"": 30, ""ALLOW"": 0, ""DENY"": 30, ""DEFER"": 0, ""fraction_of_consequential"": 0.08571428571428572}, ""hard_expired"": {""proposed"": 0, ""ALLOW"": 0, ""DENY"": 0, ""DEFER"": 0, ""fraction_of_consequential"": 0.0}}","{""CONNECTED"": {""proposed"": 0, ""ALLOW"": 0.0, ""DENY"": 0.0, ""DEFER"": 0.0, ""fraction_of_consequential"": 0.0}, ""DEGRADED"": {""proposed"": 209, ""ALLOW"": 0.0, ""DENY"": 0.0, ""DEFER"": 1.0, ""fraction_of_consequential"": 0.5971428571428572}, ""PARTITIONED"": {""proposed"": 131, ""ALLOW"": 0.0, ""DENY"": 1.0, ""DEFER"": 0.0, ""fraction_of_consequential"": 0.3742857142857143}, ""ISOLATED"": {""proposed"": 0, ""ALLOW"": 0.0, ""DENY"": 0.0, ""DEFER"": 0.0, ""fraction_of_consequential"": 0.0}, ""RECOVERING"": {""proposed"": 10, ""ALLOW"": 0.0, ""DENY"": 1.0, ""DEFER"": 0.0, ""fraction_of_consequential"": 0.02857142857142857}}",b0d804b41d6f708612dc345c3e165ef89bc8bd77,8eb5472e37ad22de
B5_nominal,paper_ssp_200m_v1,500,500.0,2,tr_0ab8a47a1225_gpu,-77.08455,-23.08455,9,"{""conflicting_task_ownership"": 0, ""duplicate_execution"": 0, ""contradictory_reassignment"": 1, ""incompatible_mission_state"": 4, ""inconsistent_anomaly_state"": 4}",0.49411764705882355,0.9294117647058824,0.9294117647058824,0.38152011922503726,8192,13280,21472,timeout,40.0,"{""ALLOW_LOW_RISK"": 755, ""ALLOW_AUTHORIZED"": 85}","{""fresh"": 76, ""aging"": 4, ""stale"": 5, ""hard_expired"": 0}","{""fresh"": {""proposed"": 76, ""ALLOW"": 76, ""DENY"": 0, ""DEFER"": 0, ""fraction_of_consequential"": 0.8941176470588236}, ""aging"": {""proposed"": 4, ""ALLOW"": 4, ""DENY"": 0, ""DEFER"": 0, ""fraction_of_consequential"": 0.047058823529411764}, ""stale"": {""proposed"": 5, ""ALLOW"": 5, ""DENY"": 0, ""DEFER"": 0, ""fraction_of_consequential"": 0.058823529411764705}, ""hard_expired"": {""proposed"": 0, ""ALLOW"": 0, ""DENY"": 0, ""DEFER"": 0, ""fraction_of_consequential"": 0.0}}","{""CONNECTED"": {""proposed"": 0, ""ALLOW"": 0.0, ""DENY"": 0.0, ""DEFER"": 0.0, ""fraction_of_consequential"": 0.0}, ""DEGRADED"": {""proposed"": 43, ""ALLOW"": 1.0, ""DENY"": 0.0, ""DEFER"": 0.0, ""fraction_of_consequential"": 0.5058823529411764}, ""PARTITIONED"": {""proposed"": 40, ""ALLOW"": 1.0, ""DENY"": 0.0, ""DEFER"": 0.0, ""fraction_of_consequential"": 0.47058823529411764}, ""ISOLATED"": {""proposed"": 0, ""ALLOW"": 0.0, ""DENY"": 0.0, ""DEFER"": 0.0, ""fraction_of_consequential"": 0.0}, ""RECOVERING"": {""proposed"": 2, ""ALLOW"": 1.0, ""DENY"": 0.0, ""DEFER"": 0.0, ""fraction_of_consequential"": 0.023529411764705882}}",b0d804b41d6f708612dc345c3e165ef89bc8bd77,8eb5472e37ad22de
B5_permissive,paper_ssp_200m_v1,500,500.0,2,tr_0ab8a47a1225_gpu,-77.08455,-23.08455,9,"{""conflicting_task_ownership"": 0, ""duplicate_execution"": 0, ""contradictory_reassignment"": 1, ""incompatible_mission_state"": 4, ""inconsistent_anomaly_state"": 4}",0.49411764705882355,0.9294117647058824,0.9294117647058824,0.38152011922503726,8192,13280,21472,timeout,40.0,"{""ALLOW_LOW_RISK"": 755, ""ALLOW_AUTHORIZED"": 85}","{""fresh"": 76, ""aging"": 4, ""stale"": 5, ""hard_expired"": 0}","{""fresh"": {""proposed"": 76, ""ALLOW"": 76, ""DENY"": 0, ""DEFER"": 0, ""fraction_of_consequential"": 0.8941176470588236}, ""aging"": {""proposed"": 4, ""ALLOW"": 4, ""DENY"": 0, ""DEFER"": 0, ""fraction_of_consequential"": 0.047058823529411764}, ""stale"": {""proposed"": 5, ""ALLOW"": 5, ""DENY"": 0, ""DEFER"": 0, ""fraction_of_consequential"": 0.058823529411764705}, ""hard_expired"": {""proposed"": 0, ""ALLOW"": 0, ""DENY"": 0, ""DEFER"": 0, ""fraction_of_consequential"": 0.0}}","{""CONNECTED"": {""proposed"": 0, ""ALLOW"": 0.0, ""DENY"": 0.0, ""DEFER"": 0.0, ""fraction_of_consequential"": 0.0}, ""DEGRADED"": {""proposed"": 43, ""ALLOW"": 1.0, ""DENY"": 0.0, ""DEFER"": 0.0, ""fraction_of_consequential"": 0.5058823529411764}, ""PARTITIONED"": {""proposed"": 40, ""ALLOW"": 1.0, ""DENY"": 0.0, ""DEFER"": 0.0, ""fraction_of_consequential"": 0.47058823529411764}, ""ISOLATED"": {""proposed"": 0, ""ALLOW"": 0.0, ""DENY"": 0.0, ""DEFER"": 0.0, ""fraction_of_consequential"": 0.0}, ""RECOVERING"": {""proposed"": 2, ""ALLOW"": 1.0, ""DENY"": 0.0, ""DEFER"": 0.0, ""fraction_of_consequential"": 0.023529411764705882}}",b0d804b41d6f708612dc345c3e165ef89bc8bd77,8eb5472e37ad22de
B1,paper_ssp_200m_v1,750,750.0,2,tr_0ab8a47a1225_gpu,47.9192,53.9192,1,"{""conflicting_task_ownership"": 0, ""duplicate_execution"": 0, ""contradictory_reassignment"": 0, ""incompatible_mission_state"": 1, ""inconsistent_anomaly_state"": 0}",0.4175824175824176,0.7362637362637363,0.9852941176470589,0.38152011922503726,8192,13280,21472,timeout,40.0,"{""ALLOW_LOW_RISK"": 749, ""ALLOW_AUTHORIZED"": 68, ""DENY_SUPERVISOR_UNREACHABLE"": 21, ""DENY_RECOVERING_CONSEQUENTIAL"": 2}","{""fresh"": 76, ""aging"": 6, ""stale"": 9, ""hard_expired"": 0}","{""fresh"": {""proposed"": 76, ""ALLOW"": 68, ""DENY"": 8, ""DEFER"": 0, ""fraction_of_consequential"": 0.8351648351648352}, ""aging"": {""proposed"": 6, ""ALLOW"": 0, ""DENY"": 6, ""DEFER"": 0, ""fraction_of_consequential"": 0.06593406593406594}, ""stale"": {""proposed"": 9, ""ALLOW"": 0, ""DENY"": 9, ""DEFER"": 0, ""fraction_of_consequential"": 0.0989010989010989}, ""hard_expired"": {""proposed"": 0, ""ALLOW"": 0, ""DENY"": 0, ""DEFER"": 0, ""fraction_of_consequential"": 0.0}}","{""CONNECTED"": {""proposed"": 0, ""ALLOW"": 0.0, ""DENY"": 0.0, ""DEFER"": 0.0, ""fraction_of_consequential"": 0.0}, ""DEGRADED"": {""proposed"": 30, ""ALLOW"": 1.0, ""DENY"": 0.0, ""DEFER"": 0.0, ""fraction_of_consequential"": 0.32967032967032966}, ""PARTITIONED"": {""proposed"": 59, ""ALLOW"": 0.6440677966101694, ""DENY"": 0.3559322033898305, ""DEFER"": 0.0, ""fraction_of_consequential"": 0.6483516483516484}, ""ISOLATED"": {""proposed"": 0, ""ALLOW"": 0.0, ""DENY"": 0.0, ""DEFER"": 0.0, ""fraction_of_consequential"": 0.0}, ""RECOVERING"": {""proposed"": 2, ""ALLOW"": 0.0, ""DENY"": 1.0, ""DEFER"": 0.0, ""fraction_of_consequential"": 0.02197802197802198}}",b0d804b41d6f708612dc345c3e165ef89bc8bd77,fe4acc20990bf37b
B2,paper_ssp_200m_v1,750,750.0,2,tr_0ab8a47a1225_gpu,-77.08455,-23.08455,9,"{""conflicting_task_ownership"": 0, ""duplicate_execution"": 0, ""contradictory_reassignment"": 1, ""incompatible_mission_state"": 4, ""inconsistent_anomaly_state"": 4}",0.6470588235294118,0.9294117647058824,0.9294117647058824,0.38152011922503726,8192,13280,21472,timeout,40.0,"{""ALLOW_AUTHORIZED"": 840}","{""fresh"": 76, ""aging"": 4, ""stale"": 5, ""hard_expired"": 0}","{""fresh"": {""proposed"": 76, ""ALLOW"": 76, ""DENY"": 0, ""DEFER"": 0, ""fraction_of_consequential"": 0.8941176470588236}, ""aging"": {""proposed"": 4, ""ALLOW"": 4, ""DENY"": 0, ""DEFER"": 0, ""fraction_of_consequential"": 0.047058823529411764}, ""stale"": {""proposed"": 5, ""ALLOW"": 5, ""DENY"": 0, ""DEFER"": 0, ""fraction_of_consequential"": 0.058823529411764705}, ""hard_expired"": {""proposed"": 0, ""ALLOW"": 0, ""DENY"": 0, ""DEFER"": 0, ""fraction_of_consequential"": 0.0}}","{""CONNECTED"": {""proposed"": 0, ""ALLOW"": 0.0, ""DENY"": 0.0, ""DEFER"": 0.0, ""fraction_of_consequential"": 0.0}, ""DEGRADED"": {""proposed"": 30, ""ALLOW"": 1.0, ""DENY"": 0.0, ""DEFER"": 0.0, ""fraction_of_consequential"": 0.35294117647058826}, ""PARTITIONED"": {""proposed"": 53, ""ALLOW"": 1.0, ""DENY"": 0.0, ""DEFER"": 0.0, ""fraction_of_consequential"": 0.6235294117647059}, ""ISOLATED"": {""proposed"": 0, ""ALLOW"": 0.0, ""DENY"": 0.0, ""DEFER"": 0.0, ""fraction_of_consequential"": 0.0}, ""RECOVERING"": {""proposed"": 2, ""ALLOW"": 1.0, ""DENY"": 0.0, ""DEFER"": 0.0, ""fraction_of_consequential"": 0.023529411764705882}}",b0d804b41d6f708612dc345c3e165ef89bc8bd77,fe4acc20990bf37b
B3,paper_ssp_200m_v1,750,750.0,2,tr_0ab8a47a1225_gpu,-30.0453,-30.0453,0,"{""conflicting_task_ownership"": 0, ""duplicate_execution"": 0, ""contradictory_reassignment"": 0, ""incompatible_mission_state"": 0, ""inconsistent_anomaly_state"": 0}",0.0,0.0,0.0,0.382089552238806,8192,13248,21440,timeout,40.0,"{""ALLOW_LOW_RISK"": 487, ""DENY_STATIC_BOUND"": 353}","{""fresh"": 222, ""aging"": 46, ""stale"": 85, ""hard_expired"": 0}","{""fresh"": {""proposed"": 222, ""ALLOW"": 0, ""DENY"": 222, ""DEFER"": 0, ""fraction_of_consequential"": 0.6288951841359773}, ""aging"": {""proposed"": 46, ""ALLOW"": 0, ""DENY"": 46, ""DEFER"": 0, ""fraction_of_consequential"": 0.13031161473087818}, ""stale"": {""proposed"": 85, ""ALLOW"": 0, ""DENY"": 85, ""DEFER"": 0, ""fraction_of_consequential"": 0.24079320113314448}, ""hard_expired"": {""proposed"": 0, ""ALLOW"": 0, ""DENY"": 0, ""DEFER"": 0, ""fraction_of_consequential"": 0.0}}","{""CONNECTED"": {""proposed"": 0, ""ALLOW"": 0.0, ""DENY"": 0.0, ""DEFER"": 0.0, ""fraction_of_consequential"": 0.0}, ""DEGRADED"": {""proposed"": 144, ""ALLOW"": 0.0, ""DENY"": 1.0, ""DEFER"": 0.0, ""fraction_of_consequential"": 0.40793201133144474}, ""PARTITIONED"": {""proposed"": 199, ""ALLOW"": 0.0, ""DENY"": 1.0, ""DEFER"": 0.0, ""fraction_of_consequential"": 0.5637393767705382}, ""ISOLATED"": {""proposed"": 0, ""ALLOW"": 0.0, ""DENY"": 0.0, ""DEFER"": 0.0, ""fraction_of_consequential"": 0.0}, ""RECOVERING"": {""proposed"": 10, ""ALLOW"": 0.0, ""DENY"": 1.0, ""DEFER"": 0.0, ""fraction_of_consequential"": 0.028328611898016998}}",b0d804b41d6f708612dc345c3e165ef89bc8bd77,fe4acc20990bf37b
B4,paper_ssp_200m_v1,750,750.0,2,tr_0ab8a47a1225_gpu,-14.0802,21.9198,6,"{""conflicting_task_ownership"": 0, ""duplicate_execution"": 0, ""contradictory_reassignment"": 1, ""incompatible_mission_state"": 1, ""inconsistent_anomaly_state"": 4}",0.5714285714285714,0.8571428571428571,0.9230769230769231,0.38152011922503726,8192,13280,21472,timeout,40.0,"{""ALLOW_LOW_RISK"": 756, ""ALLOW_AUTHORIZED"": 78, ""DENY_FORBIDDEN"": 4, ""DENY_RECOVERING_HARD_SAFETY"": 2}","{""fresh"": 76, ""aging"": 4, ""stale"": 4, ""hard_expired"": 0}","{""fresh"": {""proposed"": 76, ""ALLOW"": 74, ""DENY"": 2, ""DEFER"": 0, ""fraction_of_consequential"": 0.9047619047619048}, ""aging"": {""proposed"": 4, ""ALLOW"": 4, ""DENY"": 0, ""DEFER"": 0, ""fraction_of_consequential"": 0.047619047619047616}, ""stale"": {""proposed"": 4, ""ALLOW"": 0, ""DENY"": 4, ""DEFER"": 0, ""fraction_of_consequential"": 0.047619047619047616}, ""hard_expired"": {""proposed"": 0, ""ALLOW"": 0, ""DENY"": 0, ""DEFER"": 0, ""fraction_of_consequential"": 0.0}}","{""CONNECTED"": {""proposed"": 0, ""ALLOW"": 0.0, ""DENY"": 0.0, ""DEFER"": 0.0, ""fraction_of_consequential"": 0.0}, ""DEGRADED"": {""proposed"": 30, ""ALLOW"": 1.0, ""DENY"": 0.0, ""DEFER"": 0.0, ""fraction_of_consequential"": 0.35714285714285715}, ""PARTITIONED"": {""proposed"": 52, ""ALLOW"": 0.9230769230769231, ""DENY"": 0.07692307692307693, ""DEFER"": 0.0, ""fraction_of_consequential"": 0.6190476190476191}, ""ISOLATED"": {""proposed"": 0, ""ALLOW"": 0.0, ""DENY"": 0.0, ""DEFER"": 0.0, ""fraction_of_consequential"": 0.0}, ""RECOVERING"": {""proposed"": 2, ""ALLOW"": 0.0, ""DENY"": 1.0, ""DEFER"": 0.0, ""fraction_of_consequential"": 0.023809523809523808}}",b0d804b41d6f708612dc345c3e165ef89bc8bd77,fe4acc20990bf37b
B5_conservative,paper_ssp_200m_v1,750,750.0,2,tr_0ab8a47a1225_gpu,-30.0453,-30.0453,0,"{""conflicting_task_ownership"": 0, ""duplicate_execution"": 0, ""contradictory_reassignment"": 0, ""incompatible_mission_state"": 0, ""inconsistent_anomaly_state"": 0}",0.0,0.0,0.0,0.382089552238806,8192,13248,21440,timeout,40.0,"{""ALLOW_LOW_RISK"": 487, ""DEFER_DEGRADED"": 144, ""DENY_CONNECTIVITY_POLICY"": 209}","{""fresh"": 222, ""aging"": 46, ""stale"": 85, ""hard_expired"": 0}","{""fresh"": {""proposed"": 222, ""ALLOW"": 0, ""DENY"": 78, ""DEFER"": 144, ""fraction_of_consequential"": 0.6288951841359773}, ""aging"": {""proposed"": 46, ""ALLOW"": 0, ""DENY"": 46, ""DEFER"": 0, ""fraction_of_consequential"": 0.13031161473087818}, ""stale"": {""proposed"": 85, ""ALLOW"": 0, ""DENY"": 85, ""DEFER"": 0, ""fraction_of_consequential"": 0.24079320113314448}, ""hard_expired"": {""proposed"": 0, ""ALLOW"": 0, ""DENY"": 0, ""DEFER"": 0, ""fraction_of_consequential"": 0.0}}","{""CONNECTED"": {""proposed"": 0, ""ALLOW"": 0.0, ""DENY"": 0.0, ""DEFER"": 0.0, ""fraction_of_consequential"": 0.0}, ""DEGRADED"": {""proposed"": 144, ""ALLOW"": 0.0, ""DENY"": 0.0, ""DEFER"": 1.0, ""fraction_of_consequential"": 0.40793201133144474}, ""PARTITIONED"": {""proposed"": 199, ""ALLOW"": 0.0, ""DENY"": 1.0, ""DEFER"": 0.0, ""fraction_of_consequential"": 0.5637393767705382}, ""ISOLATED"": {""proposed"": 0, ""ALLOW"": 0.0, ""DENY"": 0.0, ""DEFER"": 0.0, ""fraction_of_consequential"": 0.0}, ""RECOVERING"": {""proposed"": 10, ""ALLOW"": 0.0, ""DENY"": 1.0, ""DEFER"": 0.0, ""fraction_of_consequential"": 0.028328611898016998}}",b0d804b41d6f708612dc345c3e165ef89bc8bd77,fe4acc20990bf37b
B5_nominal,paper_ssp_200m_v1,750,750.0,2,tr_0ab8a47a1225_gpu,-77.08455,-23.08455,9,"{""conflicting_task_ownership"": 0, ""duplicate_execution"": 0, ""contradictory_reassignment"": 1, ""incompatible_mission_state"": 4, ""inconsistent_anomaly_state"": 4}",0.6470588235294118,0.9294117647058824,0.9294117647058824,0.38152011922503726,8192,13280,21472,timeout,40.0,"{""ALLOW_LOW_RISK"": 755, ""ALLOW_AUTHORIZED"": 85}","{""fresh"": 76, ""aging"": 4, ""stale"": 5, ""hard_expired"": 0}","{""fresh"": {""proposed"": 76, ""ALLOW"": 76, ""DENY"": 0, ""DEFER"": 0, ""fraction_of_consequential"": 0.8941176470588236}, ""aging"": {""proposed"": 4, ""ALLOW"": 4, ""DENY"": 0, ""DEFER"": 0, ""fraction_of_consequential"": 0.047058823529411764}, ""stale"": {""proposed"": 5, ""ALLOW"": 5, ""DENY"": 0, ""DEFER"": 0, ""fraction_of_consequential"": 0.058823529411764705}, ""hard_expired"": {""proposed"": 0, ""ALLOW"": 0, ""DENY"": 0, ""DEFER"": 0, ""fraction_of_consequential"": 0.0}}","{""CONNECTED"": {""proposed"": 0, ""ALLOW"": 0.0, ""DENY"": 0.0, ""DEFER"": 0.0, ""fraction_of_consequential"": 0.0}, ""DEGRADED"": {""proposed"": 30, ""ALLOW"": 1.0, ""DENY"": 0.0, ""DEFER"": 0.0, ""fraction_of_consequential"": 0.35294117647058826}, ""PARTITIONED"": {""proposed"": 53, ""ALLOW"": 1.0, ""DENY"": 0.0, ""DEFER"": 0.0, ""fraction_of_consequential"": 0.6235294117647059}, ""ISOLATED"": {""proposed"": 0, ""ALLOW"": 0.0, ""DENY"": 0.0, ""DEFER"": 0.0, ""fraction_of_consequential"": 0.0}, ""RECOVERING"": {""proposed"": 2, ""ALLOW"": 1.0, ""DENY"": 0.0, ""DEFER"": 0.0, ""fraction_of_consequential"": 0.023529411764705882}}",b0d804b41d6f708612dc345c3e165ef89bc8bd77,fe4acc20990bf37b
B5_permissive,paper_ssp_200m_v1,750,750.0,2,tr_0ab8a47a1225_gpu,-77.08455,-23.08455,9,"{""conflicting_task_ownership"": 0, ""duplicate_execution"": 0, ""contradictory_reassignment"": 1, ""incompatible_mission_state"": 4, ""inconsistent_anomaly_state"": 4}",0.6470588235294118,0.9294117647058824,0.9294117647058824,0.38152011922503726,8192,13280,21472,timeout,40.0,"{""ALLOW_LOW_RISK"": 755, ""ALLOW_AUTHORIZED"": 85}","{""fresh"": 76, ""aging"": 4, ""stale"": 5, ""hard_expired"": 0}","{""fresh"": {""proposed"": 76, ""ALLOW"": 76, ""DENY"": 0, ""DEFER"": 0, ""fraction_of_consequential"": 0.8941176470588236}, ""aging"": {""proposed"": 4, ""ALLOW"": 4, ""DENY"": 0, ""DEFER"": 0, ""fraction_of_consequential"": 0.047058823529411764}, ""stale"": {""proposed"": 5, ""ALLOW"": 5, ""DENY"": 0, ""DEFER"": 0, ""fraction_of_consequential"": 0.058823529411764705}, ""hard_expired"": {""proposed"": 0, ""ALLOW"": 0, ""DENY"": 0, ""DEFER"": 0, ""fraction_of_consequential"": 0.0}}","{""CONNECTED"": {""proposed"": 0, ""ALLOW"": 0.0, ""DENY"": 0.0, ""DEFER"": 0.0, ""fraction_of_consequential"": 0.0}, ""DEGRADED"": {""proposed"": 30, ""ALLOW"": 1.0, ""DENY"": 0.0, ""DEFER"": 0.0, ""fraction_of_consequential"": 0.35294117647058826}, ""PARTITIONED"": {""proposed"": 53, ""ALLOW"": 1.0, ""DENY"": 0.0, ""DEFER"": 0.0, ""fraction_of_consequential"": 0.6235294117647059}, ""ISOLATED"": {""proposed"": 0, ""ALLOW"": 0.0, ""DENY"": 0.0, ""DEFER"": 0.0, ""fraction_of_consequential"": 0.0}, ""RECOVERING"": {""proposed"": 2, ""ALLOW"": 1.0, ""DENY"": 0.0, ""DEFER"": 0.0, ""fraction_of_consequential"": 0.023529411764705882}}",b0d804b41d6f708612dc345c3e165ef89bc8bd77,fe4acc20990bf37b
B1,paper_ssp_200m_v1,1000,1000.0,2,tr_0ab8a47a1225_gpu,47.9229,53.9229,1,"{""conflicting_task_ownership"": 0, ""duplicate_execution"": 0, ""contradictory_reassignment"": 0, ""incompatible_mission_state"": 1, ""inconsistent_anomaly_state"": 0}",0.5050505050505051,0.6767676767676768,0.9852941176470589,0.38152011922503726,8192,13280,21472,timeout,40.0,"{""ALLOW_LOW_RISK"": 705, ""ALLOW_AUTHORIZED"": 68, ""DENY_SUPERVISOR_UNREACHABLE"": 29, ""DENY_FORBIDDEN"": 36, ""DENY_RECOVERING_CONSEQUENTIAL"": 2}","{""fresh"": 76, ""aging"": 6, ""stale"": 11, ""hard_expired"": 6}","{""fresh"": {""proposed"": 76, ""ALLOW"": 68, ""DENY"": 8, ""DEFER"": 0, ""fraction_of_consequential"": 0.7676767676767676}, ""aging"": {""proposed"": 6, ""ALLOW"": 0, ""DENY"": 6, ""DEFER"": 0, ""fraction_of_consequential"": 0.06060606060606061}, ""stale"": {""proposed"": 11, ""ALLOW"": 0, ""DENY"": 11, ""DEFER"": 0, ""fraction_of_consequential"": 0.1111111111111111}, ""hard_expired"": {""proposed"": 6, ""ALLOW"": 0, ""DENY"": 6, ""DEFER"": 0, ""fraction_of_consequential"": 0.06060606060606061}}","{""CONNECTED"": {""proposed"": 0, ""ALLOW"": 0.0, ""DENY"": 0.0, ""DEFER"": 0.0, ""fraction_of_consequential"": 0.0}, ""DEGRADED"": {""proposed"": 18, ""ALLOW"": 1.0, ""DENY"": 0.0, ""DEFER"": 0.0, ""fraction_of_consequential"": 0.18181818181818182}, ""PARTITIONED"": {""proposed"": 79, ""ALLOW"": 0.6329113924050633, ""DENY"": 0.3670886075949367, ""DEFER"": 0.0, ""fraction_of_consequential"": 0.797979797979798}, ""ISOLATED"": {""proposed"": 0, ""ALLOW"": 0.0, ""DENY"": 0.0, ""DEFER"": 0.0, ""fraction_of_consequential"": 0.0}, ""RECOVERING"": {""proposed"": 2, ""ALLOW"": 0.0, ""DENY"": 1.0, ""DEFER"": 0.0, ""fraction_of_consequential"": 0.020202020202020204}}",b0d804b41d6f708612dc345c3e165ef89bc8bd77,ce690526f04f2e82
B2,paper_ssp_200m_v1,1000,1000.0,2,tr_0ab8a47a1225_gpu,-117.08815,-63.08815,9,"{""conflicting_task_ownership"": 0, ""duplicate_execution"": 0, ""contradictory_reassignment"": 1, ""incompatible_mission_state"": 4, ""inconsistent_anomaly_state"": 4}",0.797752808988764,0.9325842696629213,0.9325842696629213,0.38152011922503726,8192,13280,21472,timeout,40.0,"{""ALLOW_AUTHORIZED"": 840}","{""fresh"": 76, ""aging"": 4, ""stale"": 5, ""hard_expired"": 4}","{""fresh"": {""proposed"": 76, ""ALLOW"": 76, ""DENY"": 0, ""DEFER"": 0, ""fraction_of_consequential"": 0.8539325842696629}, ""aging"": {""proposed"": 4, ""ALLOW"": 4, ""DENY"": 0, ""DEFER"": 0, ""fraction_of_consequential"": 0.0449438202247191}, ""stale"": {""proposed"": 5, ""ALLOW"": 5, ""DENY"": 0, ""DEFER"": 0, ""fraction_of_consequential"": 0.056179775280898875}, ""hard_expired"": {""proposed"": 4, ""ALLOW"": 4, ""DENY"": 0, ""DEFER"": 0, ""fraction_of_consequential"": 0.0449438202247191}}","{""CONNECTED"": {""proposed"": 0, ""ALLOW"": 0.0, ""DENY"": 0.0, ""DEFER"": 0.0, ""fraction_of_consequential"": 0.0}, ""DEGRADED"": {""proposed"": 18, ""ALLOW"": 1.0, ""DENY"": 0.0, ""DEFER"": 0.0, ""fraction_of_consequential"": 0.20224719101123595}, ""PARTITIONED"": {""proposed"": 69, ""ALLOW"": 1.0, ""DENY"": 0.0, ""DEFER"": 0.0, ""fraction_of_consequential"": 0.7752808988764045}, ""ISOLATED"": {""proposed"": 0, ""ALLOW"": 0.0, ""DENY"": 0.0, ""DEFER"": 0.0, ""fraction_of_consequential"": 0.0}, ""RECOVERING"": {""proposed"": 2, ""ALLOW"": 1.0, ""DENY"": 0.0, ""DEFER"": 0.0, ""fraction_of_consequential"": 0.02247191011235955}}",b0d804b41d6f708612dc345c3e165ef89bc8bd77,ce690526f04f2e82
B3,paper_ssp_200m_v1,1000,1000.0,2,tr_0ab8a47a1225_gpu,-30.0449,-30.0449,0,"{""conflicting_task_ownership"": 0, ""duplicate_execution"": 0, ""contradictory_reassignment"": 0, ""incompatible_mission_state"": 0, ""inconsistent_anomaly_state"": 0}",0.0,0.0,0.0,0.382089552238806,8192,13248,21440,timeout,40.0,"{""ALLOW_LOW_RISK"": 483, ""DENY_STATIC_BOUND"": 357}","{""fresh"": 174, ""aging"": 46, ""stale"": 107, ""hard_expired"": 30}","{""fresh"": {""proposed"": 174, ""ALLOW"": 0, ""DENY"": 174, ""DEFER"": 0, ""fraction_of_consequential"": 0.48739495798319327}, ""aging"": {""proposed"": 46, ""ALLOW"": 0, ""DENY"": 46, ""DEFER"": 0, ""fraction_of_consequential"": 0.12885154061624648}, ""stale"": {""proposed"": 107, ""ALLOW"": 0, ""DENY"": 107, ""DEFER"": 0, ""fraction_of_consequential"": 0.29971988795518206}, ""hard_expired"": {""proposed"": 30, ""ALLOW"": 0, ""DENY"": 30, ""DEFER"": 0, ""fraction_of_consequential"": 0.08403361344537816}}","{""CONNECTED"": {""proposed"": 0, ""ALLOW"": 0.0, ""DENY"": 0.0, ""DEFER"": 0.0, ""fraction_of_consequential"": 0.0}, ""DEGRADED"": {""proposed"": 84, ""ALLOW"": 0.0, ""DENY"": 1.0, ""DEFER"": 0.0, ""fraction_of_consequential"": 0.23529411764705882}, ""PARTITIONED"": {""proposed"": 263, ""ALLOW"": 0.0, ""DENY"": 1.0, ""DEFER"": 0.0, ""fraction_of_consequential"": 0.7366946778711485}, ""ISOLATED"": {""proposed"": 0, ""ALLOW"": 0.0, ""DENY"": 0.0, ""DEFER"": 0.0, ""fraction_of_consequential"": 0.0}, ""RECOVERING"": {""proposed"": 10, ""ALLOW"": 0.0, ""DENY"": 1.0, ""DEFER"": 0.0, ""fraction_of_consequential"": 0.028011204481792718}}",b0d804b41d6f708612dc345c3e165ef89bc8bd77,ce690526f04f2e82
B4,paper_ssp_200m_v1,1000,1000.0,2,tr_0ab8a47a1225_gpu,-14.0774,21.9226,6,"{""conflicting_task_ownership"": 0, ""duplicate_execution"": 0, ""contradictory_reassignment"": 1, ""incompatible_mission_state"": 1, ""inconsistent_anomaly_state"": 4}",0.6818181818181818,0.8181818181818182,0.9230769230769231,0.38152011922503726,8192,13280,21472,timeout,40.0,"{""ALLOW_LOW_RISK"": 714, ""ALLOW_AUTHORIZED"": 78, ""DENY_FORBIDDEN"": 42, ""DENY_HARD_EXPIRY"": 4, ""DENY_RECOVERING_HARD_SAFETY"": 2}","{""fresh"": 76, ""aging"": 4, ""stale"": 4, ""hard_expired"": 4}","{""fresh"": {""proposed"": 76, ""ALLOW"": 74, ""DENY"": 2, ""DEFER"": 0, ""fraction_of_consequential"": 0.8636363636363636}, ""aging"": {""proposed"": 4, ""ALLOW"": 4, ""DENY"": 0, ""DEFER"": 0, ""fraction_of_consequential"": 0.045454545454545456}, ""stale"": {""proposed"": 4, ""ALLOW"": 0, ""DENY"": 4, ""DEFER"": 0, ""fraction_of_consequential"": 0.045454545454545456}, ""hard_expired"": {""proposed"": 4, ""ALLOW"": 0, ""DENY"": 4, ""DEFER"": 0, ""fraction_of_consequential"": 0.045454545454545456}}","{""CONNECTED"": {""proposed"": 0, ""ALLOW"": 0.0, ""DENY"": 0.0, ""DEFER"": 0.0, ""fraction_of_consequential"": 0.0}, ""DEGRADED"": {""proposed"": 18, ""ALLOW"": 1.0, ""DENY"": 0.0, ""DEFER"": 0.0, ""fraction_of_consequential"": 0.20454545454545456}, ""PARTITIONED"": {""proposed"": 68, ""ALLOW"": 0.8823529411764706, ""DENY"": 0.11764705882352941, ""DEFER"": 0.0, ""fraction_of_consequential"": 0.7727272727272727}, ""ISOLATED"": {""proposed"": 0, ""ALLOW"": 0.0, ""DENY"": 0.0, ""DEFER"": 0.0, ""fraction_of_consequential"": 0.0}, ""RECOVERING"": {""proposed"": 2, ""ALLOW"": 0.0, ""DENY"": 1.0, ""DEFER"": 0.0, ""fraction_of_consequential"": 0.022727272727272728}}",b0d804b41d6f708612dc345c3e165ef89bc8bd77,ce690526f04f2e82
B5_conservative,paper_ssp_200m_v1,1000,1000.0,2,tr_0ab8a47a1225_gpu,-30.0449,-30.0449,0,"{""conflicting_task_ownership"": 0, ""duplicate_execution"": 0, ""contradictory_reassignment"": 0, ""incompatible_mission_state"": 0, ""inconsistent_anomaly_state"": 0}",0.0,0.0,0.0,0.382089552238806,8192,13248,21440,timeout,40.0,"{""ALLOW_LOW_RISK"": 483, ""DEFER_DEGRADED"": 84, ""DENY_CONNECTIVITY_POLICY"": 273}","{""fresh"": 174, ""aging"": 46, ""stale"": 107, ""hard_expired"": 30}","{""fresh"": {""proposed"": 174, ""ALLOW"": 0, ""DENY"": 90, ""DEFER"": 84, ""fraction_of_consequential"": 0.48739495798319327}, ""aging"": {""proposed"": 46, ""ALLOW"": 0, ""DENY"": 46, ""DEFER"": 0, ""fraction_of_consequential"": 0.12885154061624648}, ""stale"": {""proposed"": 107, ""ALLOW"": 0, ""DENY"": 107, ""DEFER"": 0, ""fraction_of_consequential"": 0.29971988795518206}, ""hard_expired"": {""proposed"": 30, ""ALLOW"": 0, ""DENY"": 30, ""DEFER"": 0, ""fraction_of_consequential"": 0.08403361344537816}}","{""CONNECTED"": {""proposed"": 0, ""ALLOW"": 0.0, ""DENY"": 0.0, ""DEFER"": 0.0, ""fraction_of_consequential"": 0.0}, ""DEGRADED"": {""proposed"": 84, ""ALLOW"": 0.0, ""DENY"": 0.0, ""DEFER"": 1.0, ""fraction_of_consequential"": 0.23529411764705882}, ""PARTITIONED"": {""proposed"": 263, ""ALLOW"": 0.0, ""DENY"": 1.0, ""DEFER"": 0.0, ""fraction_of_consequential"": 0.7366946778711485}, ""ISOLATED"": {""proposed"": 0, ""ALLOW"": 0.0, ""DENY"": 0.0, ""DEFER"": 0.0, ""fraction_of_consequential"": 0.0}, ""RECOVERING"": {""proposed"": 10, ""ALLOW"": 0.0, ""DENY"": 1.0, ""DEFER"": 0.0, ""fraction_of_consequential"": 0.028011204481792718}}",b0d804b41d6f708612dc345c3e165ef89bc8bd77,ce690526f04f2e82
B5_nominal,paper_ssp_200m_v1,1000,1000.0,2,tr_0ab8a47a1225_gpu,-117.08815,-63.08815,9,"{""conflicting_task_ownership"": 0, ""duplicate_execution"": 0, ""contradictory_reassignment"": 1, ""incompatible_mission_state"": 4, ""inconsistent_anomaly_state"": 4}",0.797752808988764,0.9325842696629213,0.9325842696629213,0.38152011922503726,8192,13280,21472,timeout,40.0,"{""ALLOW_LOW_RISK"": 751, ""ALLOW_AUTHORIZED"": 89}","{""fresh"": 76, ""aging"": 4, ""stale"": 5, ""hard_expired"": 4}","{""fresh"": {""proposed"": 76, ""ALLOW"": 76, ""DENY"": 0, ""DEFER"": 0, ""fraction_of_consequential"": 0.8539325842696629}, ""aging"": {""proposed"": 4, ""ALLOW"": 4, ""DENY"": 0, ""DEFER"": 0, ""fraction_of_consequential"": 0.0449438202247191}, ""stale"": {""proposed"": 5, ""ALLOW"": 5, ""DENY"": 0, ""DEFER"": 0, ""fraction_of_consequential"": 0.056179775280898875}, ""hard_expired"": {""proposed"": 4, ""ALLOW"": 4, ""DENY"": 0, ""DEFER"": 0, ""fraction_of_consequential"": 0.0449438202247191}}","{""CONNECTED"": {""proposed"": 0, ""ALLOW"": 0.0, ""DENY"": 0.0, ""DEFER"": 0.0, ""fraction_of_consequential"": 0.0}, ""DEGRADED"": {""proposed"": 18, ""ALLOW"": 1.0, ""DENY"": 0.0, ""DEFER"": 0.0, ""fraction_of_consequential"": 0.20224719101123595}, ""PARTITIONED"": {""proposed"": 69, ""ALLOW"": 1.0, ""DENY"": 0.0, ""DEFER"": 0.0, ""fraction_of_consequential"": 0.7752808988764045}, ""ISOLATED"": {""proposed"": 0, ""ALLOW"": 0.0, ""DENY"": 0.0, ""DEFER"": 0.0, ""fraction_of_consequential"": 0.0}, ""RECOVERING"": {""proposed"": 2, ""ALLOW"": 1.0, ""DENY"": 0.0, ""DEFER"": 0.0, ""fraction_of_consequential"": 0.02247191011235955}}",b0d804b41d6f708612dc345c3e165ef89bc8bd77,ce690526f04f2e82
B5_permissive,paper_ssp_200m_v1,1000,1000.0,2,tr_0ab8a47a1225_gpu,-117.08815,-63.08815,9,"{""conflicting_task_ownership"": 0, ""duplicate_execution"": 0, ""contradictory_reassignment"": 1, ""incompatible_mission_state"": 4, ""inconsistent_anomaly_state"": 4}",0.797752808988764,0.9325842696629213,0.9325842696629213,0.38152011922503726,8192,13280,21472,timeout,40.0,"{""ALLOW_LOW_RISK"": 751, ""ALLOW_AUTHORIZED"": 89}","{""fresh"": 76, ""aging"": 4, ""stale"": 5, ""hard_expired"": 4}","{""fresh"": {""proposed"": 76, ""ALLOW"": 76, ""DENY"": 0, ""DEFER"": 0, ""fraction_of_consequential"": 0.8539325842696629}, ""aging"": {""proposed"": 4, ""ALLOW"": 4, ""DENY"": 0, ""DEFER"": 0, ""fraction_of_consequential"": 0.0449438202247191}, ""stale"": {""proposed"": 5, ""ALLOW"": 5, ""DENY"": 0, ""DEFER"": 0, ""fraction_of_consequential"": 0.056179775280898875}, ""hard_expired"": {""proposed"": 4, ""ALLOW"": 4, ""DENY"": 0, ""DEFER"": 0, ""fraction_of_consequential"": 0.0449438202247191}}","{""CONNECTED"": {""proposed"": 0, ""ALLOW"": 0.0, ""DENY"": 0.0, ""DEFER"": 0.0, ""fraction_of_consequential"": 0.0}, ""DEGRADED"": {""proposed"": 18, ""ALLOW"": 1.0, ""DENY"": 0.0, ""DEFER"": 0.0, ""fraction_of_consequential"": 0.20224719101123595}, ""PARTITIONED"": {""proposed"": 69, ""ALLOW"": 1.0, ""DENY"": 0.0, ""DEFER"": 0.0, ""fraction_of_consequential"": 0.7752808988764045}, ""ISOLATED"": {""proposed"": 0, ""ALLOW"": 0.0, ""DENY"": 0.0, ""DEFER"": 0.0, ""fraction_of_consequential"": 0.0}, ""RECOVERING"": {""proposed"": 2, ""ALLOW"": 1.0, ""DENY"": 0.0, ""DEFER"": 0.0, ""fraction_of_consequential"": 0.02247191011235955}}",b0d804b41d6f708612dc345c3e165ef89bc8bd77,ce690526f04f2e82
B1,paper_ssp_200m_moderate_v1,0,0.0,0,tr_e481a0d054ed_gpu,47.9171,53.9171,1,"{""conflicting_task_ownership"": 0, ""duplicate_execution"": 0, ""contradictory_reassignment"": 0, ""incompatible_mission_state"": 1, ""inconsistent_anomaly_state"": 0}",0.0,0.9857142857142858,0.9857142857142858,0.7661971830985915,8704,2656,11360,idle,0.0,"{""ALLOW_LOW_RISK"": 770, ""ALLOW_AUTHORIZED"": 70}","{""fresh"": 70, ""aging"": 0, ""stale"": 0, ""hard_expired"": 0}","{""fresh"": {""proposed"": 70, ""ALLOW"": 70, ""DENY"": 0, ""DEFER"": 0, ""fraction_of_consequential"": 1.0}, ""aging"": {""proposed"": 0, ""ALLOW"": 0, ""DENY"": 0, ""DEFER"": 0, ""fraction_of_consequential"": 0.0}, ""stale"": {""proposed"": 0, ""ALLOW"": 0, ""DENY"": 0, ""DEFER"": 0, ""fraction_of_consequential"": 0.0}, ""hard_expired"": {""proposed"": 0, ""ALLOW"": 0, ""DENY"": 0, ""DEFER"": 0, ""fraction_of_consequential"": 0.0}}","{""CONNECTED"": {""proposed"": 0, ""ALLOW"": 0.0, ""DENY"": 0.0, ""DEFER"": 0.0, ""fraction_of_consequential"": 0.0}, ""DEGRADED"": {""proposed"": 70, ""ALLOW"": 1.0, ""DENY"": 0.0, ""DEFER"": 0.0, ""fraction_of_consequential"": 1.0}, ""PARTITIONED"": {""proposed"": 0, ""ALLOW"": 0.0, ""DENY"": 0.0, ""DEFER"": 0.0, ""fraction_of_consequential"": 0.0}, ""ISOLATED"": {""proposed"": 0, ""ALLOW"": 0.0, ""DENY"": 0.0, ""DEFER"": 0.0, ""fraction_of_consequential"": 0.0}, ""RECOVERING"": {""proposed"": 0, ""ALLOW"": 0.0, ""DENY"": 0.0, ""DEFER"": 0.0, ""fraction_of_consequential"": 0.0}}",b0d804b41d6f708612dc345c3e165ef89bc8bd77,1628d02a2e1c02e2
B2,paper_ssp_200m_moderate_v1,0,0.0,0,tr_e481a0d054ed_gpu,47.9171,53.9171,1,"{""conflicting_task_ownership"": 0, ""duplicate_execution"": 0, ""contradictory_reassignment"": 0, ""incompatible_mission_state"": 1, ""inconsistent_anomaly_state"": 0}",0.0,0.9857142857142858,0.9857142857142858,0.7661971830985915,8704,2656,11360,idle,0.0,"{""ALLOW_AUTHORIZED"": 840}","{""fresh"": 70, ""aging"": 0, ""stale"": 0, ""hard_expired"": 0}","{""fresh"": {""proposed"": 70, ""ALLOW"": 70, ""DENY"": 0, ""DEFER"": 0, ""fraction_of_consequential"": 1.0}, ""aging"": {""proposed"": 0, ""ALLOW"": 0, ""DENY"": 0, ""DEFER"": 0, ""fraction_of_consequential"": 0.0}, ""stale"": {""proposed"": 0, ""ALLOW"": 0, ""DENY"": 0, ""DEFER"": 0, ""fraction_of_consequential"": 0.0}, ""hard_expired"": {""proposed"": 0, ""ALLOW"": 0, ""DENY"": 0, ""DEFER"": 0, ""fraction_of_consequential"": 0.0}}","{""CONNECTED"": {""proposed"": 0, ""ALLOW"": 0.0, ""DENY"": 0.0, ""DEFER"": 0.0, ""fraction_of_consequential"": 0.0}, ""DEGRADED"": {""proposed"": 70, ""ALLOW"": 1.0, ""DENY"": 0.0, ""DEFER"": 0.0, ""fraction_of_consequential"": 1.0}, ""PARTITIONED"": {""proposed"": 0, ""ALLOW"": 0.0, ""DENY"": 0.0, ""DEFER"": 0.0, ""fraction_of_consequential"": 0.0}, ""ISOLATED"": {""proposed"": 0, ""ALLOW"": 0.0, ""DENY"": 0.0, ""DEFER"": 0.0, ""fraction_of_consequential"": 0.0}, ""RECOVERING"": {""proposed"": 0, ""ALLOW"": 0.0, ""DENY"": 0.0, ""DEFER"": 0.0, ""fraction_of_consequential"": 0.0}}",b0d804b41d6f708612dc345c3e165ef89bc8bd77,1628d02a2e1c02e2
B3,paper_ssp_200m_moderate_v1,0,0.0,0,tr_e481a0d054ed_gpu,-30.0462,-30.0462,0,"{""conflicting_task_ownership"": 0, ""duplicate_execution"": 0, ""contradictory_reassignment"": 0, ""incompatible_mission_state"": 0, ""inconsistent_anomaly_state"": 0}",0.0,0.0,0.0,0.767277856135402,8704,2640,11344,idle,0.0,"{""ALLOW_LOW_RISK"": 496, ""DENY_STATIC_BOUND"": 344}","{""fresh"": 344, ""aging"": 0, ""stale"": 0, ""hard_expired"": 0}","{""fresh"": {""proposed"": 344, ""ALLOW"": 0, ""DENY"": 344, ""DEFER"": 0, ""fraction_of_consequential"": 1.0}, ""aging"": {""proposed"": 0, ""ALLOW"": 0, ""DENY"": 0, ""DEFER"": 0, ""fraction_of_consequential"": 0.0}, ""stale"": {""proposed"": 0, ""ALLOW"": 0, ""DENY"": 0, ""DEFER"": 0, ""fraction_of_consequential"": 0.0}, ""hard_expired"": {""proposed"": 0, ""ALLOW"": 0, ""DENY"": 0, ""DEFER"": 0, ""fraction_of_consequential"": 0.0}}","{""CONNECTED"": {""proposed"": 0, ""ALLOW"": 0.0, ""DENY"": 0.0, ""DEFER"": 0.0, ""fraction_of_consequential"": 0.0}, ""DEGRADED"": {""proposed"": 344, ""ALLOW"": 0.0, ""DENY"": 1.0, ""DEFER"": 0.0, ""fraction_of_consequential"": 1.0}, ""PARTITIONED"": {""proposed"": 0, ""ALLOW"": 0.0, ""DENY"": 0.0, ""DEFER"": 0.0, ""fraction_of_consequential"": 0.0}, ""ISOLATED"": {""proposed"": 0, ""ALLOW"": 0.0, ""DENY"": 0.0, ""DEFER"": 0.0, ""fraction_of_consequential"": 0.0}, ""RECOVERING"": {""proposed"": 0, ""ALLOW"": 0.0, ""DENY"": 0.0, ""DEFER"": 0.0, ""fraction_of_consequential"": 0.0}}",b0d804b41d6f708612dc345c3e165ef89bc8bd77,1628d02a2e1c02e2
B4,paper_ssp_200m_moderate_v1,0,0.0,0,tr_e481a0d054ed_gpu,47.9171,53.9171,1,"{""conflicting_task_ownership"": 0, ""duplicate_execution"": 0, ""contradictory_reassignment"": 0, ""incompatible_mission_state"": 1, ""inconsistent_anomaly_state"": 0}",0.0,0.9857142857142858,0.9857142857142858,0.7661971830985915,8704,2656,11360,idle,0.0,"{""ALLOW_LOW_RISK"": 770, ""ALLOW_AUTHORIZED"": 70}","{""fresh"": 70, ""aging"": 0, ""stale"": 0, ""hard_expired"": 0}","{""fresh"": {""proposed"": 70, ""ALLOW"": 70, ""DENY"": 0, ""DEFER"": 0, ""fraction_of_consequential"": 1.0}, ""aging"": {""proposed"": 0, ""ALLOW"": 0, ""DENY"": 0, ""DEFER"": 0, ""fraction_of_consequential"": 0.0}, ""stale"": {""proposed"": 0, ""ALLOW"": 0, ""DENY"": 0, ""DEFER"": 0, ""fraction_of_consequential"": 0.0}, ""hard_expired"": {""proposed"": 0, ""ALLOW"": 0, ""DENY"": 0, ""DEFER"": 0, ""fraction_of_consequential"": 0.0}}","{""CONNECTED"": {""proposed"": 0, ""ALLOW"": 0.0, ""DENY"": 0.0, ""DEFER"": 0.0, ""fraction_of_consequential"": 0.0}, ""DEGRADED"": {""proposed"": 70, ""ALLOW"": 1.0, ""DENY"": 0.0, ""DEFER"": 0.0, ""fraction_of_consequential"": 1.0}, ""PARTITIONED"": {""proposed"": 0, ""ALLOW"": 0.0, ""DENY"": 0.0, ""DEFER"": 0.0, ""fraction_of_consequential"": 0.0}, ""ISOLATED"": {""proposed"": 0, ""ALLOW"": 0.0, ""DENY"": 0.0, ""DEFER"": 0.0, ""fraction_of_consequential"": 0.0}, ""RECOVERING"": {""proposed"": 0, ""ALLOW"": 0.0, ""DENY"": 0.0, ""DEFER"": 0.0, ""fraction_of_consequential"": 0.0}}",b0d804b41d6f708612dc345c3e165ef89bc8bd77,1628d02a2e1c02e2
B5_conservative,paper_ssp_200m_moderate_v1,0,0.0,0,tr_e481a0d054ed_gpu,-30.0462,-30.0462,0,"{""conflicting_task_ownership"": 0, ""duplicate_execution"": 0, ""contradictory_reassignment"": 0, ""incompatible_mission_state"": 0, ""inconsistent_anomaly_state"": 0}",0.0,0.0,0.0,0.767277856135402,8704,2640,11344,idle,0.0,"{""ALLOW_LOW_RISK"": 496, ""DEFER_DEGRADED"": 344}","{""fresh"": 344, ""aging"": 0, ""stale"": 0, ""hard_expired"": 0}","{""fresh"": {""proposed"": 344, ""ALLOW"": 0, ""DENY"": 0, ""DEFER"": 344, ""fraction_of_consequential"": 1.0}, ""aging"": {""proposed"": 0, ""ALLOW"": 0, ""DENY"": 0, ""DEFER"": 0, ""fraction_of_consequential"": 0.0}, ""stale"": {""proposed"": 0, ""ALLOW"": 0, ""DENY"": 0, ""DEFER"": 0, ""fraction_of_consequential"": 0.0}, ""hard_expired"": {""proposed"": 0, ""ALLOW"": 0, ""DENY"": 0, ""DEFER"": 0, ""fraction_of_consequential"": 0.0}}","{""CONNECTED"": {""proposed"": 0, ""ALLOW"": 0.0, ""DENY"": 0.0, ""DEFER"": 0.0, ""fraction_of_consequential"": 0.0}, ""DEGRADED"": {""proposed"": 344, ""ALLOW"": 0.0, ""DENY"": 0.0, ""DEFER"": 1.0, ""fraction_of_consequential"": 1.0}, ""PARTITIONED"": {""proposed"": 0, ""ALLOW"": 0.0, ""DENY"": 0.0, ""DEFER"": 0.0, ""fraction_of_consequential"": 0.0}, ""ISOLATED"": {""proposed"": 0, ""ALLOW"": 0.0, ""DENY"": 0.0, ""DEFER"": 0.0, ""fraction_of_consequential"": 0.0}, ""RECOVERING"": {""proposed"": 0, ""ALLOW"": 0.0, ""DENY"": 0.0, ""DEFER"": 0.0, ""fraction_of_consequential"": 0.0}}",b0d804b41d6f708612dc345c3e165ef89bc8bd77,1628d02a2e1c02e2
B5_nominal,paper_ssp_200m_moderate_v1,0,0.0,0,tr_e481a0d054ed_gpu,47.9171,53.9171,1,"{""conflicting_task_ownership"": 0, ""duplicate_execution"": 0, ""contradictory_reassignment"": 0, ""incompatible_mission_state"": 1, ""inconsistent_anomaly_state"": 0}",0.0,0.9857142857142858,0.9857142857142858,0.7661971830985915,8704,2656,11360,idle,0.0,"{""ALLOW_LOW_RISK"": 770, ""ALLOW_AUTHORIZED"": 70}","{""fresh"": 70, ""aging"": 0, ""stale"": 0, ""hard_expired"": 0}","{""fresh"": {""proposed"": 70, ""ALLOW"": 70, ""DENY"": 0, ""DEFER"": 0, ""fraction_of_consequential"": 1.0}, ""aging"": {""proposed"": 0, ""ALLOW"": 0, ""DENY"": 0, ""DEFER"": 0, ""fraction_of_consequential"": 0.0}, ""stale"": {""proposed"": 0, ""ALLOW"": 0, ""DENY"": 0, ""DEFER"": 0, ""fraction_of_consequential"": 0.0}, ""hard_expired"": {""proposed"": 0, ""ALLOW"": 0, ""DENY"": 0, ""DEFER"": 0, ""fraction_of_consequential"": 0.0}}","{""CONNECTED"": {""proposed"": 0, ""ALLOW"": 0.0, ""DENY"": 0.0, ""DEFER"": 0.0, ""fraction_of_consequential"": 0.0}, ""DEGRADED"": {""proposed"": 70, ""ALLOW"": 1.0, ""DENY"": 0.0, ""DEFER"": 0.0, ""fraction_of_consequential"": 1.0}, ""PARTITIONED"": {""proposed"": 0, ""ALLOW"": 0.0, ""DENY"": 0.0, ""DEFER"": 0.0, ""fraction_of_consequential"": 0.0}, ""ISOLATED"": {""proposed"": 0, ""ALLOW"": 0.0, ""DENY"": 0.0, ""DEFER"": 0.0, ""fraction_of_consequential"": 0.0}, ""RECOVERING"": {""proposed"": 0, ""ALLOW"": 0.0, ""DENY"": 0.0, ""DEFER"": 0.0, ""fraction_of_consequential"": 0.0}}",b0d804b41d6f708612dc345c3e165ef89bc8bd77,1628d02a2e1c02e2
B5_permissive,paper_ssp_200m_moderate_v1,0,0.0,0,tr_e481a0d054ed_gpu,47.9171,53.9171,1,"{""conflicting_task_ownership"": 0, ""duplicate_execution"": 0, ""contradictory_reassignment"": 0, ""incompatible_mission_state"": 1, ""inconsistent_anomaly_state"": 0}",0.0,0.9857142857142858,0.9857142857142858,0.7661971830985915,8704,2656,11360,idle,0.0,"{""ALLOW_LOW_RISK"": 770, ""ALLOW_AUTHORIZED"": 70}","{""fresh"": 70, ""aging"": 0, ""stale"": 0, ""hard_expired"": 0}","{""fresh"": {""proposed"": 70, ""ALLOW"": 70, ""DENY"": 0, ""DEFER"": 0, ""fraction_of_consequential"": 1.0}, ""aging"": {""proposed"": 0, ""ALLOW"": 0, ""DENY"": 0, ""DEFER"": 0, ""fraction_of_consequential"": 0.0}, ""stale"": {""proposed"": 0, ""ALLOW"": 0, ""DENY"": 0, ""DEFER"": 0, ""fraction_of_consequential"": 0.0}, ""hard_expired"": {""proposed"": 0, ""ALLOW"": 0, ""DENY"": 0, ""DEFER"": 0, ""fraction_of_consequential"": 0.0}}","{""CONNECTED"": {""proposed"": 0, ""ALLOW"": 0.0, ""DENY"": 0.0, ""DEFER"": 0.0, ""fraction_of_consequential"": 0.0}, ""DEGRADED"": {""proposed"": 70, ""ALLOW"": 1.0, ""DENY"": 0.0, ""DEFER"": 0.0, ""fraction_of_consequential"": 1.0}, ""PARTITIONED"": {""proposed"": 0, ""ALLOW"": 0.0, ""DENY"": 0.0, ""DEFER"": 0.0, ""fraction_of_consequential"": 0.0}, ""ISOLATED"": {""proposed"": 0, ""ALLOW"": 0.0, ""DENY"": 0.0, ""DEFER"": 0.0, ""fraction_of_consequential"": 0.0}, ""RECOVERING"": {""proposed"": 0, ""ALLOW"": 0.0, ""DENY"": 0.0, ""DEFER"": 0.0, ""fraction_of_consequential"": 0.0}}",b0d804b41d6f708612dc345c3e165ef89bc8bd77,1628d02a2e1c02e2
B1,paper_ssp_200m_moderate_v1,150,150.0,0,tr_e481a0d054ed_gpu,47.9177,53.9177,1,"{""conflicting_task_ownership"": 0, ""duplicate_execution"": 0, ""contradictory_reassignment"": 0, ""incompatible_mission_state"": 1, ""inconsistent_anomaly_state"": 0}",0.10526315789473684,0.881578947368421,0.9852941176470589,0.5577342047930284,8192,6496,14688,timeout,40.0,"{""ALLOW_LOW_RISK"": 764, ""ALLOW_AUTHORIZED"": 68, ""DENY_SUPERVISOR_UNREACHABLE"": 6, ""DENY_RECOVERING_CONSEQUENTIAL"": 2}","{""fresh"": 76, ""aging"": 0, ""stale"": 0, ""hard_expired"": 0}","{""fresh"": {""proposed"": 76, ""ALLOW"": 68, ""DENY"": 8, ""DEFER"": 0, ""fraction_of_consequential"": 1.0}, ""aging"": {""proposed"": 0, ""ALLOW"": 0, ""DENY"": 0, ""DEFER"": 0, ""fraction_of_consequential"": 0.0}, ""stale"": {""proposed"": 0, ""ALLOW"": 0, ""DENY"": 0, ""DEFER"": 0, ""fraction_of_consequential"": 0.0}, ""hard_expired"": {""proposed"": 0, ""ALLOW"": 0, ""DENY"": 0, ""DEFER"": 0, ""fraction_of_consequential"": 0.0}}","{""CONNECTED"": {""proposed"": 0, ""ALLOW"": 0.0, ""DENY"": 0.0, ""DEFER"": 0.0, ""fraction_of_consequential"": 0.0}, ""DEGRADED"": {""proposed"": 60, ""ALLOW"": 1.0, ""DENY"": 0.0, ""DEFER"": 0.0, ""fraction_of_consequential"": 0.7894736842105263}, ""PARTITIONED"": {""proposed"": 14, ""ALLOW"": 0.5714285714285714, ""DENY"": 0.42857142857142855, ""DEFER"": 0.0, ""fraction_of_consequential"": 0.18421052631578946}, ""ISOLATED"": {""proposed"": 0, ""ALLOW"": 0.0, ""DENY"": 0.0, ""DEFER"": 0.0, ""fraction_of_consequential"": 0.0}, ""RECOVERING"": {""proposed"": 2, ""ALLOW"": 0.0, ""DENY"": 1.0, ""DEFER"": 0.0, ""fraction_of_consequential"": 0.02631578947368421}}",b0d804b41d6f708612dc345c3e165ef89bc8bd77,10d88b3e5b0c17d1
B2,paper_ssp_200m_moderate_v1,150,150.0,0,tr_e481a0d054ed_gpu,41.923,53.923,2,"{""conflicting_task_ownership"": 0, ""duplicate_execution"": 0, ""contradictory_reassignment"": 1, ""incompatible_mission_state"": 1, ""inconsistent_anomaly_state"": 0}",0.21052631578947367,0.9210526315789473,0.9210526315789473,0.5577342047930284,8192,6496,14688,timeout,40.0,"{""ALLOW_AUTHORIZED"": 840}","{""fresh"": 76, ""aging"": 0, ""stale"": 0, ""hard_expired"": 0}","{""fresh"": {""proposed"": 76, ""ALLOW"": 76, ""DENY"": 0, ""DEFER"": 0, ""fraction_of_consequential"": 1.0}, ""aging"": {""proposed"": 0, ""ALLOW"": 0, ""DENY"": 0, ""DEFER"": 0, ""fraction_of_consequential"": 0.0}, ""stale"": {""proposed"": 0, ""ALLOW"": 0, ""DENY"": 0, ""DEFER"": 0, ""fraction_of_consequential"": 0.0}, ""hard_expired"": {""proposed"": 0, ""ALLOW"": 0, ""DENY"": 0, ""DEFER"": 0, ""fraction_of_consequential"": 0.0}}","{""CONNECTED"": {""proposed"": 0, ""ALLOW"": 0.0, ""DENY"": 0.0, ""DEFER"": 0.0, ""fraction_of_consequential"": 0.0}, ""DEGRADED"": {""proposed"": 60, ""ALLOW"": 1.0, ""DENY"": 0.0, ""DEFER"": 0.0, ""fraction_of_consequential"": 0.7894736842105263}, ""PARTITIONED"": {""proposed"": 14, ""ALLOW"": 1.0, ""DENY"": 0.0, ""DEFER"": 0.0, ""fraction_of_consequential"": 0.18421052631578946}, ""ISOLATED"": {""proposed"": 0, ""ALLOW"": 0.0, ""DENY"": 0.0, ""DEFER"": 0.0, ""fraction_of_consequential"": 0.0}, ""RECOVERING"": {""proposed"": 2, ""ALLOW"": 1.0, ""DENY"": 0.0, ""DEFER"": 0.0, ""fraction_of_consequential"": 0.02631578947368421}}",b0d804b41d6f708612dc345c3e165ef89bc8bd77,10d88b3e5b0c17d1
B3,paper_ssp_200m_moderate_v1,150,150.0,0,tr_e481a0d054ed_gpu,-30.046,-30.046,0,"{""conflicting_task_ownership"": 0, ""duplicate_execution"": 0, ""contradictory_reassignment"": 0, ""incompatible_mission_state"": 0, ""inconsistent_anomaly_state"": 0}",0.0,0.0,0.0,0.5583424209378408,8192,6480,14672,timeout,40.0,"{""ALLOW_LOW_RISK"": 494, ""DENY_STATIC_BOUND"": 346}","{""fresh"": 342, ""aging"": 4, ""stale"": 0, ""hard_expired"": 0}","{""fresh"": {""proposed"": 342, ""ALLOW"": 0, ""DENY"": 342, ""DEFER"": 0, ""fraction_of_consequential"": 0.9884393063583815}, ""aging"": {""proposed"": 4, ""ALLOW"": 0, ""DENY"": 4, ""DEFER"": 0, ""fraction_of_consequential"": 0.011560693641618497}, ""stale"": {""proposed"": 0, ""ALLOW"": 0, ""DENY"": 0, ""DEFER"": 0, ""fraction_of_consequential"": 0.0}, ""hard_expired"": {""proposed"": 0, ""ALLOW"": 0, ""DENY"": 0, ""DEFER"": 0, ""fraction_of_consequential"": 0.0}}","{""CONNECTED"": {""proposed"": 0, ""ALLOW"": 0.0, ""DENY"": 0.0, ""DEFER"": 0.0, ""fraction_of_consequential"": 0.0}, ""DEGRADED"": {""proposed"": 294, ""ALLOW"": 0.0, ""DENY"": 1.0, ""DEFER"": 0.0, ""fraction_of_consequential"": 0.8497109826589595}, ""PARTITIONED"": {""proposed"": 42, ""ALLOW"": 0.0, ""DENY"": 1.0, ""DEFER"": 0.0, ""fraction_of_consequential"": 0.12138728323699421}, ""ISOLATED"": {""proposed"": 0, ""ALLOW"": 0.0, ""DENY"": 0.0, ""DEFER"": 0.0, ""fraction_of_consequential"": 0.0}, ""RECOVERING"": {""proposed"": 10, ""ALLOW"": 0.0, ""DENY"": 1.0, ""DEFER"": 0.0, ""fraction_of_consequential"": 0.028901734104046242}}",b0d804b41d6f708612dc345c3e165ef89bc8bd77,10d88b3e5b0c17d1
B4,paper_ssp_200m_moderate_v1,150,150.0,0,tr_e481a0d054ed_gpu,41.923,53.923,2,"{""conflicting_task_ownership"": 0, ""duplicate_execution"": 0, ""contradictory_reassignment"": 1, ""incompatible_mission_state"": 1, ""inconsistent_anomaly_state"": 0}",0.18421052631578946,0.8947368421052632,0.918918918918919,0.5577342047930284,8192,6496,14688,timeout,40.0,"{""ALLOW_LOW_RISK"": 764, ""ALLOW_AUTHORIZED"": 74, ""DENY_RECOVERING_HARD_SAFETY"": 2}","{""fresh"": 76, ""aging"": 0, ""stale"": 0, ""hard_expired"": 0}","{""fresh"": {""proposed"": 76, ""ALLOW"": 74, ""DENY"": 2, ""DEFER"": 0, ""fraction_of_consequential"": 1.0}, ""aging"": {""proposed"": 0, ""ALLOW"": 0, ""DENY"": 0, ""DEFER"": 0, ""fraction_of_consequential"": 0.0}, ""stale"": {""proposed"": 0, ""ALLOW"": 0, ""DENY"": 0, ""DEFER"": 0, ""fraction_of_consequential"": 0.0}, ""hard_expired"": {""proposed"": 0, ""ALLOW"": 0, ""DENY"": 0, ""DEFER"": 0, ""fraction_of_consequential"": 0.0}}","{""CONNECTED"": {""proposed"": 0, ""ALLOW"": 0.0, ""DENY"": 0.0, ""DEFER"": 0.0, ""fraction_of_consequential"": 0.0}, ""DEGRADED"": {""proposed"": 60, ""ALLOW"": 1.0, ""DENY"": 0.0, ""DEFER"": 0.0, ""fraction_of_consequential"": 0.7894736842105263}, ""PARTITIONED"": {""proposed"": 14, ""ALLOW"": 1.0, ""DENY"": 0.0, ""DEFER"": 0.0, ""fraction_of_consequential"": 0.18421052631578946}, ""ISOLATED"": {""proposed"": 0, ""ALLOW"": 0.0, ""DENY"": 0.0, ""DEFER"": 0.0, ""fraction_of_consequential"": 0.0}, ""RECOVERING"": {""proposed"": 2, ""ALLOW"": 0.0, ""DENY"": 1.0, ""DEFER"": 0.0, ""fraction_of_consequential"": 0.02631578947368421}}",b0d804b41d6f708612dc345c3e165ef89bc8bd77,10d88b3e5b0c17d1
B5_conservative,paper_ssp_200m_moderate_v1,150,150.0,0,tr_e481a0d054ed_gpu,-30.046,-30.046,0,"{""conflicting_task_ownership"": 0, ""duplicate_execution"": 0, ""contradictory_reassignment"": 0, ""incompatible_mission_state"": 0, ""inconsistent_anomaly_state"": 0}",0.0,0.0,0.0,0.5583424209378408,8192,6480,14672,timeout,40.0,"{""ALLOW_LOW_RISK"": 494, ""DEFER_DEGRADED"": 294, ""DENY_CONNECTIVITY_POLICY"": 52}","{""fresh"": 342, ""aging"": 4, ""stale"": 0, ""hard_expired"": 0}","{""fresh"": {""proposed"": 342, ""ALLOW"": 0, ""DENY"": 48, ""DEFER"": 294, ""fraction_of_consequential"": 0.9884393063583815}, ""aging"": {""proposed"": 4, ""ALLOW"": 0, ""DENY"": 4, ""DEFER"": 0, ""fraction_of_consequential"": 0.011560693641618497}, ""stale"": {""proposed"": 0, ""ALLOW"": 0, ""DENY"": 0, ""DEFER"": 0, ""fraction_of_consequential"": 0.0}, ""hard_expired"": {""proposed"": 0, ""ALLOW"": 0, ""DENY"": 0, ""DEFER"": 0, ""fraction_of_consequential"": 0.0}}","{""CONNECTED"": {""proposed"": 0, ""ALLOW"": 0.0, ""DENY"": 0.0, ""DEFER"": 0.0, ""fraction_of_consequential"": 0.0}, ""DEGRADED"": {""proposed"": 294, ""ALLOW"": 0.0, ""DENY"": 0.0, ""DEFER"": 1.0, ""fraction_of_consequential"": 0.8497109826589595}, ""PARTITIONED"": {""proposed"": 42, ""ALLOW"": 0.0, ""DENY"": 1.0, ""DEFER"": 0.0, ""fraction_of_consequential"": 0.12138728323699421}, ""ISOLATED"": {""proposed"": 0, ""ALLOW"": 0.0, ""DENY"": 0.0, ""DEFER"": 0.0, ""fraction_of_consequential"": 0.0}, ""RECOVERING"": {""proposed"": 10, ""ALLOW"": 0.0, ""DENY"": 1.0, ""DEFER"": 0.0, ""fraction_of_consequential"": 0.028901734104046242}}",b0d804b41d6f708612dc345c3e165ef89bc8bd77,10d88b3e5b0c17d1
B5_nominal,paper_ssp_200m_moderate_v1,150,150.0,0,tr_e481a0d054ed_gpu,41.923,53.923,2,"{""conflicting_task_ownership"": 0, ""duplicate_execution"": 0, ""contradictory_reassignment"": 1, ""incompatible_mission_state"": 1, ""inconsistent_anomaly_state"": 0}",0.21052631578947367,0.9210526315789473,0.9210526315789473,0.5577342047930284,8192,6496,14688,timeout,40.0,"{""ALLOW_LOW_RISK"": 764, ""ALLOW_AUTHORIZED"": 76}","{""fresh"": 76, ""aging"": 0, ""stale"": 0, ""hard_expired"": 0}","{""fresh"": {""proposed"": 76, ""ALLOW"": 76, ""DENY"": 0, ""DEFER"": 0, ""fraction_of_consequential"": 1.0}, ""aging"": {""proposed"": 0, ""ALLOW"": 0, ""DENY"": 0, ""DEFER"": 0, ""fraction_of_consequential"": 0.0}, ""stale"": {""proposed"": 0, ""ALLOW"": 0, ""DENY"": 0, ""DEFER"": 0, ""fraction_of_consequential"": 0.0}, ""hard_expired"": {""proposed"": 0, ""ALLOW"": 0, ""DENY"": 0, ""DEFER"": 0, ""fraction_of_consequential"": 0.0}}","{""CONNECTED"": {""proposed"": 0, ""ALLOW"": 0.0, ""DENY"": 0.0, ""DEFER"": 0.0, ""fraction_of_consequential"": 0.0}, ""DEGRADED"": {""proposed"": 60, ""ALLOW"": 1.0, ""DENY"": 0.0, ""DEFER"": 0.0, ""fraction_of_consequential"": 0.7894736842105263}, ""PARTITIONED"": {""proposed"": 14, ""ALLOW"": 1.0, ""DENY"": 0.0, ""DEFER"": 0.0, ""fraction_of_consequential"": 0.18421052631578946}, ""ISOLATED"": {""proposed"": 0, ""ALLOW"": 0.0, ""DENY"": 0.0, ""DEFER"": 0.0, ""fraction_of_consequential"": 0.0}, ""RECOVERING"": {""proposed"": 2, ""ALLOW"": 1.0, ""DENY"": 0.0, ""DEFER"": 0.0, ""fraction_of_consequential"": 0.02631578947368421}}",b0d804b41d6f708612dc345c3e165ef89bc8bd77,10d88b3e5b0c17d1
B5_permissive,paper_ssp_200m_moderate_v1,150,150.0,0,tr_e481a0d054ed_gpu,41.923,53.923,2,"{""conflicting_task_ownership"": 0, ""duplicate_execution"": 0, ""contradictory_reassignment"": 1, ""incompatible_mission_state"": 1, ""inconsistent_anomaly_state"": 0}",0.21052631578947367,0.9210526315789473,0.9210526315789473,0.5577342047930284,8192,6496,14688,timeout,40.0,"{""ALLOW_LOW_RISK"": 764, ""ALLOW_AUTHORIZED"": 76}","{""fresh"": 76, ""aging"": 0, ""stale"": 0, ""hard_expired"": 0}","{""fresh"": {""proposed"": 76, ""ALLOW"": 76, ""DENY"": 0, ""DEFER"": 0, ""fraction_of_consequential"": 1.0}, ""aging"": {""proposed"": 0, ""ALLOW"": 0, ""DENY"": 0, ""DEFER"": 0, ""fraction_of_consequential"": 0.0}, ""stale"": {""proposed"": 0, ""ALLOW"": 0, ""DENY"": 0, ""DEFER"": 0, ""fraction_of_consequential"": 0.0}, ""hard_expired"": {""proposed"": 0, ""ALLOW"": 0, ""DENY"": 0, ""DEFER"": 0, ""fraction_of_consequential"": 0.0}}","{""CONNECTED"": {""proposed"": 0, ""ALLOW"": 0.0, ""DENY"": 0.0, ""DEFER"": 0.0, ""fraction_of_consequential"": 0.0}, ""DEGRADED"": {""proposed"": 60, ""ALLOW"": 1.0, ""DENY"": 0.0, ""DEFER"": 0.0, ""fraction_of_consequential"": 0.7894736842105263}, ""PARTITIONED"": {""proposed"": 14, ""ALLOW"": 1.0, ""DENY"": 0.0, ""DEFER"": 0.0, ""fraction_of_consequential"": 0.18421052631578946}, ""ISOLATED"": {""proposed"": 0, ""ALLOW"": 0.0, ""DENY"": 0.0, ""DEFER"": 0.0, ""fraction_of_consequential"": 0.0}, ""RECOVERING"": {""proposed"": 2, ""ALLOW"": 1.0, ""DENY"": 0.0, ""DEFER"": 0.0, ""fraction_of_consequential"": 0.02631578947368421}}",b0d804b41d6f708612dc345c3e165ef89bc8bd77,10d88b3e5b0c17d1
B1,paper_ssp_200m_moderate_v1,300,300.0,0,tr_e481a0d054ed_gpu,47.9183,53.9183,1,"{""conflicting_task_ownership"": 0, ""duplicate_execution"": 0, ""contradictory_reassignment"": 0, ""incompatible_mission_state"": 1, ""inconsistent_anomaly_state"": 0}",0.18292682926829268,0.8170731707317073,0.9852941176470589,0.45390070921985815,8192,9856,18048,timeout,40.0,"{""ALLOW_LOW_RISK"": 758, ""ALLOW_AUTHORIZED"": 68, ""DENY_SUPERVISOR_UNREACHABLE"": 12, ""DENY_RECOVERING_CONSEQUENTIAL"": 2}","{""fresh"": 76, ""aging"": 6, ""stale"": 0, ""hard_expired"": 0}","{""fresh"": {""proposed"": 76, ""ALLOW"": 68, ""DENY"": 8, ""DEFER"": 0, ""fraction_of_consequential"": 0.926829268292683}, ""aging"": {""proposed"": 6, ""ALLOW"": 0, ""DENY"": 6, ""DEFER"": 0, ""fraction_of_consequential"": 0.07317073170731707}, ""stale"": {""proposed"": 0, ""ALLOW"": 0, ""DENY"": 0, ""DEFER"": 0, ""fraction_of_consequential"": 0.0}, ""hard_expired"": {""proposed"": 0, ""ALLOW"": 0, ""DENY"": 0, ""DEFER"": 0, ""fraction_of_consequential"": 0.0}}","{""CONNECTED"": {""proposed"": 0, ""ALLOW"": 0.0, ""DENY"": 0.0, ""DEFER"": 0.0, ""fraction_of_consequential"": 0.0}, ""DEGRADED"": {""proposed"": 53, ""ALLOW"": 1.0, ""DENY"": 0.0, ""DEFER"": 0.0, ""fraction_of_consequential"": 0.6463414634146342}, ""PARTITIONED"": {""proposed"": 27, ""ALLOW"": 0.5555555555555556, ""DENY"": 0.4444444444444444, ""DEFER"": 0.0, ""fraction_of_consequential"": 0.32926829268292684}, ""ISOLATED"": {""proposed"": 0, ""ALLOW"": 0.0, ""DENY"": 0.0, ""DEFER"": 0.0, ""fraction_of_consequential"": 0.0}, ""RECOVERING"": {""proposed"": 2, ""ALLOW"": 0.0, ""DENY"": 1.0, ""DEFER"": 0.0, ""fraction_of_consequential"": 0.024390243902439025}}",b0d804b41d6f708612dc345c3e165ef89bc8bd77,384b45f104957471
B2,paper_ssp_200m_moderate_v1,300,300.0,0,tr_e481a0d054ed_gpu,-14.0806,21.9194,6,"{""conflicting_task_ownership"": 0, ""duplicate_execution"": 0, ""contradictory_reassignment"": 1, ""incompatible_mission_state"": 1, ""inconsistent_anomaly_state"": 4}",0.3375,0.925,0.925,0.45390070921985815,8192,9856,18048,timeout,40.0,"{""ALLOW_AUTHORIZED"": 840}","{""fresh"": 76, ""aging"": 4, ""stale"": 0, ""hard_expired"": 0}","{""fresh"": {""proposed"": 76, ""ALLOW"": 76, ""DENY"": 0, ""DEFER"": 0, ""fraction_of_consequential"": 0.95}, ""aging"": {""proposed"": 4, ""ALLOW"": 4, ""DENY"": 0, ""DEFER"": 0, ""fraction_of_consequential"": 0.05}, ""stale"": {""proposed"": 0, ""ALLOW"": 0, ""DENY"": 0, ""DEFER"": 0, ""fraction_of_consequential"": 0.0}, ""hard_expired"": {""proposed"": 0, ""ALLOW"": 0, ""DENY"": 0, ""DEFER"": 0, ""fraction_of_consequential"": 0.0}}","{""CONNECTED"": {""proposed"": 0, ""ALLOW"": 0.0, ""DENY"": 0.0, ""DEFER"": 0.0, ""fraction_of_consequential"": 0.0}, ""DEGRADED"": {""proposed"": 53, ""ALLOW"": 1.0, ""DENY"": 0.0, ""DEFER"": 0.0, ""fraction_of_consequential"": 0.6625}, ""PARTITIONED"": {""proposed"": 25, ""ALLOW"": 1.0, ""DENY"": 0.0, ""DEFER"": 0.0, ""fraction_of_consequential"": 0.3125}, ""ISOLATED"": {""proposed"": 0, ""ALLOW"": 0.0, ""DENY"": 0.0, ""DEFER"": 0.0, ""fraction_of_consequential"": 0.0}, ""RECOVERING"": {""proposed"": 2, ""ALLOW"": 1.0, ""DENY"": 0.0, ""DEFER"": 0.0, ""fraction_of_consequential"": 0.025}}",b0d804b41d6f708612dc345c3e165ef89bc8bd77,384b45f104957471
B3,paper_ssp_200m_moderate_v1,300,300.0,0,tr_e481a0d054ed_gpu,-30.0458,-30.0458,0,"{""conflicting_task_ownership"": 0, ""duplicate_execution"": 0, ""contradictory_reassignment"": 0, ""incompatible_mission_state"": 0, ""inconsistent_anomaly_state"": 0}",0.0,0.0,0.0,0.45430346051464066,8192,9840,18032,timeout,40.0,"{""ALLOW_LOW_RISK"": 492, ""DENY_STATIC_BOUND"": 348}","{""fresh"": 314, ""aging"": 34, ""stale"": 0, ""hard_expired"": 0}","{""fresh"": {""proposed"": 314, ""ALLOW"": 0, ""DENY"": 314, ""DEFER"": 0, ""fraction_of_consequential"": 0.9022988505747126}, ""aging"": {""proposed"": 34, ""ALLOW"": 0, ""DENY"": 34, ""DEFER"": 0, ""fraction_of_consequential"": 0.09770114942528736}, ""stale"": {""proposed"": 0, ""ALLOW"": 0, ""DENY"": 0, ""DEFER"": 0, ""fraction_of_consequential"": 0.0}, ""hard_expired"": {""proposed"": 0, ""ALLOW"": 0, ""DENY"": 0, ""DEFER"": 0, ""fraction_of_consequential"": 0.0}}","{""CONNECTED"": {""proposed"": 0, ""ALLOW"": 0.0, ""DENY"": 0.0, ""DEFER"": 0.0, ""fraction_of_consequential"": 0.0}, ""DEGRADED"": {""proposed"": 259, ""ALLOW"": 0.0, ""DENY"": 1.0, ""DEFER"": 0.0, ""fraction_of_consequential"": 0.7442528735632183}, ""PARTITIONED"": {""proposed"": 79, ""ALLOW"": 0.0, ""DENY"": 1.0, ""DEFER"": 0.0, ""fraction_of_consequential"": 0.22701149425287356}, ""ISOLATED"": {""proposed"": 0, ""ALLOW"": 0.0, ""DENY"": 0.0, ""DEFER"": 0.0, ""fraction_of_consequential"": 0.0}, ""RECOVERING"": {""proposed"": 10, ""ALLOW"": 0.0, ""DENY"": 1.0, ""DEFER"": 0.0, ""fraction_of_consequential"": 0.028735632183908046}}",b0d804b41d6f708612dc345c3e165ef89bc8bd77,384b45f104957471
B4,paper_ssp_200m_moderate_v1,300,300.0,0,tr_e481a0d054ed_gpu,-14.0806,21.9194,6,"{""conflicting_task_ownership"": 0, ""duplicate_execution"": 0, ""contradictory_reassignment"": 1, ""incompatible_mission_state"": 1, ""inconsistent_anomaly_state"": 4}",0.3125,0.9,0.9230769230769231,0.45390070921985815,8192,9856,18048,timeout,40.0,"{""ALLOW_LOW_RISK"": 760, ""ALLOW_AUTHORIZED"": 78, ""DENY_RECOVERING_HARD_SAFETY"": 2}","{""fresh"": 76, ""aging"": 4, ""stale"": 0, ""hard_expired"": 0}","{""fresh"": {""proposed"": 76, ""ALLOW"": 74, ""DENY"": 2, ""DEFER"": 0, ""fraction_of_consequential"": 0.95}, ""aging"": {""proposed"": 4, ""ALLOW"": 4, ""DENY"": 0, ""DEFER"": 0, ""fraction_of_consequential"": 0.05}, ""stale"": {""proposed"": 0, ""ALLOW"": 0, ""DENY"": 0, ""DEFER"": 0, ""fraction_of_consequential"": 0.0}, ""hard_expired"": {""proposed"": 0, ""ALLOW"": 0, ""DENY"": 0, ""DEFER"": 0, ""fraction_of_consequential"": 0.0}}","{""CONNECTED"": {""proposed"": 0, ""ALLOW"": 0.0, ""DENY"": 0.0, ""DEFER"": 0.0, ""fraction_of_consequential"": 0.0}, ""DEGRADED"": {""proposed"": 53, ""ALLOW"": 1.0, ""DENY"": 0.0, ""DEFER"": 0.0, ""fraction_of_consequential"": 0.6625}, ""PARTITIONED"": {""proposed"": 25, ""ALLOW"": 1.0, ""DENY"": 0.0, ""DEFER"": 0.0, ""fraction_of_consequential"": 0.3125}, ""ISOLATED"": {""proposed"": 0, ""ALLOW"": 0.0, ""DENY"": 0.0, ""DEFER"": 0.0, ""fraction_of_consequential"": 0.0}, ""RECOVERING"": {""proposed"": 2, ""ALLOW"": 0.0, ""DENY"": 1.0, ""DEFER"": 0.0, ""fraction_of_consequential"": 0.025}}",b0d804b41d6f708612dc345c3e165ef89bc8bd77,384b45f104957471
B5_conservative,paper_ssp_200m_moderate_v1,300,300.0,0,tr_e481a0d054ed_gpu,-30.0458,-30.0458,0,"{""conflicting_task_ownership"": 0, ""duplicate_execution"": 0, ""contradictory_reassignment"": 0, ""incompatible_mission_state"": 0, ""inconsistent_anomaly_state"": 0}",0.0,0.0,0.0,0.45430346051464066,8192,9840,18032,timeout,40.0,"{""ALLOW_LOW_RISK"": 492, ""DEFER_DEGRADED"": 259, ""DENY_CONNECTIVITY_POLICY"": 89}","{""fresh"": 314, ""aging"": 34, ""stale"": 0, ""hard_expired"": 0}","{""fresh"": {""proposed"": 314, ""ALLOW"": 0, ""DENY"": 55, ""DEFER"": 259, ""fraction_of_consequential"": 0.9022988505747126}, ""aging"": {""proposed"": 34, ""ALLOW"": 0, ""DENY"": 34, ""DEFER"": 0, ""fraction_of_consequential"": 0.09770114942528736}, ""stale"": {""proposed"": 0, ""ALLOW"": 0, ""DENY"": 0, ""DEFER"": 0, ""fraction_of_consequential"": 0.0}, ""hard_expired"": {""proposed"": 0, ""ALLOW"": 0, ""DENY"": 0, ""DEFER"": 0, ""fraction_of_consequential"": 0.0}}","{""CONNECTED"": {""proposed"": 0, ""ALLOW"": 0.0, ""DENY"": 0.0, ""DEFER"": 0.0, ""fraction_of_consequential"": 0.0}, ""DEGRADED"": {""proposed"": 259, ""ALLOW"": 0.0, ""DENY"": 0.0, ""DEFER"": 1.0, ""fraction_of_consequential"": 0.7442528735632183}, ""PARTITIONED"": {""proposed"": 79, ""ALLOW"": 0.0, ""DENY"": 1.0, ""DEFER"": 0.0, ""fraction_of_consequential"": 0.22701149425287356}, ""ISOLATED"": {""proposed"": 0, ""ALLOW"": 0.0, ""DENY"": 0.0, ""DEFER"": 0.0, ""fraction_of_consequential"": 0.0}, ""RECOVERING"": {""proposed"": 10, ""ALLOW"": 0.0, ""DENY"": 1.0, ""DEFER"": 0.0, ""fraction_of_consequential"": 0.028735632183908046}}",b0d804b41d6f708612dc345c3e165ef89bc8bd77,384b45f104957471
B5_nominal,paper_ssp_200m_moderate_v1,300,300.0,0,tr_e481a0d054ed_gpu,-14.0806,21.9194,6,"{""conflicting_task_ownership"": 0, ""duplicate_execution"": 0, ""contradictory_reassignment"": 1, ""incompatible_mission_state"": 1, ""inconsistent_anomaly_state"": 4}",0.3375,0.925,0.925,0.45390070921985815,8192,9856,18048,timeout,40.0,"{""ALLOW_LOW_RISK"": 760, ""ALLOW_AUTHORIZED"": 80}","{""fresh"": 76, ""aging"": 4, ""stale"": 0, ""hard_expired"": 0}","{""fresh"": {""proposed"": 76, ""ALLOW"": 76, ""DENY"": 0, ""DEFER"": 0, ""fraction_of_consequential"": 0.95}, ""aging"": {""proposed"": 4, ""ALLOW"": 4, ""DENY"": 0, ""DEFER"": 0, ""fraction_of_consequential"": 0.05}, ""stale"": {""proposed"": 0, ""ALLOW"": 0, ""DENY"": 0, ""DEFER"": 0, ""fraction_of_consequential"": 0.0}, ""hard_expired"": {""proposed"": 0, ""ALLOW"": 0, ""DENY"": 0, ""DEFER"": 0, ""fraction_of_consequential"": 0.0}}","{""CONNECTED"": {""proposed"": 0, ""ALLOW"": 0.0, ""DENY"": 0.0, ""DEFER"": 0.0, ""fraction_of_consequential"": 0.0}, ""DEGRADED"": {""proposed"": 53, ""ALLOW"": 1.0, ""DENY"": 0.0, ""DEFER"": 0.0, ""fraction_of_consequential"": 0.6625}, ""PARTITIONED"": {""proposed"": 25, ""ALLOW"": 1.0, ""DENY"": 0.0, ""DEFER"": 0.0, ""fraction_of_consequential"": 0.3125}, ""ISOLATED"": {""proposed"": 0, ""ALLOW"": 0.0, ""DENY"": 0.0, ""DEFER"": 0.0, ""fraction_of_consequential"": 0.0}, ""RECOVERING"": {""proposed"": 2, ""ALLOW"": 1.0, ""DENY"": 0.0, ""DEFER"": 0.0, ""fraction_of_consequential"": 0.025}}",b0d804b41d6f708612dc345c3e165ef89bc8bd77,384b45f104957471
B5_permissive,paper_ssp_200m_moderate_v1,300,300.0,0,tr_e481a0d054ed_gpu,-14.0806,21.9194,6,"{""conflicting_task_ownership"": 0, ""duplicate_execution"": 0, ""contradictory_reassignment"": 1, ""incompatible_mission_state"": 1, ""inconsistent_anomaly_state"": 4}",0.3375,0.925,0.925,0.45390070921985815,8192,9856,18048,timeout,40.0,"{""ALLOW_LOW_RISK"": 760, ""ALLOW_AUTHORIZED"": 80}","{""fresh"": 76, ""aging"": 4, ""stale"": 0, ""hard_expired"": 0}","{""fresh"": {""proposed"": 76, ""ALLOW"": 76, ""DENY"": 0, ""DEFER"": 0, ""fraction_of_consequential"": 0.95}, ""aging"": {""proposed"": 4, ""ALLOW"": 4, ""DENY"": 0, ""DEFER"": 0, ""fraction_of_consequential"": 0.05}, ""stale"": {""proposed"": 0, ""ALLOW"": 0, ""DENY"": 0, ""DEFER"": 0, ""fraction_of_consequential"": 0.0}, ""hard_expired"": {""proposed"": 0, ""ALLOW"": 0, ""DENY"": 0, ""DEFER"": 0, ""fraction_of_consequential"": 0.0}}","{""CONNECTED"": {""proposed"": 0, ""ALLOW"": 0.0, ""DENY"": 0.0, ""DEFER"": 0.0, ""fraction_of_consequential"": 0.0}, ""DEGRADED"": {""proposed"": 53, ""ALLOW"": 1.0, ""DENY"": 0.0, ""DEFER"": 0.0, ""fraction_of_consequential"": 0.6625}, ""PARTITIONED"": {""proposed"": 25, ""ALLOW"": 1.0, ""DENY"": 0.0, ""DEFER"": 0.0, ""fraction_of_consequential"": 0.3125}, ""ISOLATED"": {""proposed"": 0, ""ALLOW"": 0.0, ""DENY"": 0.0, ""DEFER"": 0.0, ""fraction_of_consequential"": 0.0}, ""RECOVERING"": {""proposed"": 2, ""ALLOW"": 1.0, ""DENY"": 0.0, ""DEFER"": 0.0, ""fraction_of_consequential"": 0.025}}",b0d804b41d6f708612dc345c3e165ef89bc8bd77,384b45f104957471
B1,paper_ssp_200m_moderate_v1,500,500.0,0,tr_e481a0d054ed_gpu,47.9189,53.9189,1,"{""conflicting_task_ownership"": 0, ""duplicate_execution"": 0, ""contradictory_reassignment"": 0, ""incompatible_mission_state"": 1, ""inconsistent_anomaly_state"": 0}",0.2840909090909091,0.7613636363636364,0.9852941176470589,0.43537414965986393,8192,10624,18816,timeout,40.0,"{""ALLOW_LOW_RISK"": 752, ""ALLOW_AUTHORIZED"": 68, ""DENY_SUPERVISOR_UNREACHABLE"": 18, ""DENY_RECOVERING_CONSEQUENTIAL"": 2}","{""fresh"": 76, ""aging"": 6, ""stale"": 6, ""hard_expired"": 0}","{""fresh"": {""proposed"": 76, ""ALLOW"": 68, ""DENY"": 8, ""DEFER"": 0, ""fraction_of_consequential"": 0.8636363636363636}, ""aging"": {""proposed"": 6, ""ALLOW"": 0, ""DENY"": 6, ""DEFER"": 0, ""fraction_of_consequential"": 0.06818181818181818}, ""stale"": {""proposed"": 6, ""ALLOW"": 0, ""DENY"": 6, ""DEFER"": 0, ""fraction_of_consequential"": 0.06818181818181818}, ""hard_expired"": {""proposed"": 0, ""ALLOW"": 0, ""DENY"": 0, ""DEFER"": 0, ""fraction_of_consequential"": 0.0}}","{""CONNECTED"": {""proposed"": 0, ""ALLOW"": 0.0, ""DENY"": 0.0, ""DEFER"": 0.0, ""fraction_of_consequential"": 0.0}, ""DEGRADED"": {""proposed"": 43, ""ALLOW"": 1.0, ""DENY"": 0.0, ""DEFER"": 0.0, ""fraction_of_consequential"": 0.48863636363636365}, ""PARTITIONED"": {""proposed"": 43, ""ALLOW"": 0.5813953488372093, ""DENY"": 0.4186046511627907, ""DEFER"": 0.0, ""fraction_of_consequential"": 0.48863636363636365}, ""ISOLATED"": {""proposed"": 0, ""ALLOW"": 0.0, ""DENY"": 0.0, ""DEFER"": 0.0, ""fraction_of_consequential"": 0.0}, ""RECOVERING"": {""proposed"": 2, ""ALLOW"": 0.0, ""DENY"": 1.0, ""DEFER"": 0.0, ""fraction_of_consequential"": 0.022727272727272728}}",b0d804b41d6f708612dc345c3e165ef89bc8bd77,f43d9763327dfa90
B2,paper_ssp_200m_moderate_v1,500,500.0,0,tr_e481a0d054ed_gpu,-77.08455,-23.08455,9,"{""conflicting_task_ownership"": 0, ""duplicate_execution"": 0, ""contradictory_reassignment"": 1, ""incompatible_mission_state"": 4, ""inconsistent_anomaly_state"": 4}",0.49411764705882355,0.9294117647058824,0.9294117647058824,0.43537414965986393,8192,10624,18816,timeout,40.0,"{""ALLOW_AUTHORIZED"": 840}","{""fresh"": 76, ""aging"": 4, ""stale"": 5, ""hard_expired"": 0}","{""fresh"": {""proposed"": 76, ""ALLOW"": 76, ""DENY"": 0, ""DEFER"": 0, ""fraction_of_consequential"": 0.8941176470588236}, ""aging"": {""proposed"": 4, ""ALLOW"": 4, ""DENY"": 0, ""DEFER"": 0, ""fraction_of_consequential"": 0.047058823529411764}, ""stale"": {""proposed"": 5, ""ALLOW"": 5, ""DENY"": 0, ""DEFER"": 0, ""fraction_of_consequential"": 0.058823529411764705}, ""hard_expired"": {""proposed"": 0, ""ALLOW"": 0, ""DENY"": 0, ""DEFER"": 0, ""fraction_of_consequential"": 0.0}}","{""CONNECTED"": {""proposed"": 0, ""ALLOW"": 0.0, ""DENY"": 0.0, ""DEFER"": 0.0, ""fraction_of_consequential"": 0.0}, ""DEGRADED"": {""proposed"": 43, ""ALLOW"": 1.0, ""DENY"": 0.0, ""DEFER"": 0.0, ""fraction_of_consequential"": 0.5058823529411764}, ""PARTITIONED"": {""proposed"": 40, ""ALLOW"": 1.0, ""DENY"": 0.0, ""DEFER"": 0.0, ""fraction_of_consequential"": 0.47058823529411764}, ""ISOLATED"": {""proposed"": 0, ""ALLOW"": 0.0, ""DENY"": 0.0, ""DEFER"": 0.0, ""fraction_of_consequential"": 0.0}, ""RECOVERING"": {""proposed"": 2, ""ALLOW"": 1.0, ""DENY"": 0.0, ""DEFER"": 0.0, ""fraction_of_consequential"": 0.023529411764705882}}",b0d804b41d6f708612dc345c3e165ef89bc8bd77,f43d9763327dfa90
B3,paper_ssp_200m_moderate_v1,500,500.0,0,tr_e481a0d054ed_gpu,-30.0456,-30.0456,0,"{""conflicting_task_ownership"": 0, ""duplicate_execution"": 0, ""contradictory_reassignment"": 0, ""incompatible_mission_state"": 0, ""inconsistent_anomaly_state"": 0}",0.0,0.0,0.0,0.4357446808510638,8192,10608,18800,timeout,40.0,"{""ALLOW_LOW_RISK"": 490, ""DENY_STATIC_BOUND"": 350}","{""fresh"": 274, ""aging"": 46, ""stale"": 30, ""hard_expired"": 0}","{""fresh"": {""proposed"": 274, ""ALLOW"": 0, ""DENY"": 274, ""DEFER"": 0, ""fraction_of_consequential"": 0.7828571428571428}, ""aging"": {""proposed"": 46, ""ALLOW"": 0, ""DENY"": 46, ""DEFER"": 0, ""fraction_of_consequential"": 0.13142857142857142}, ""stale"": {""proposed"": 30, ""ALLOW"": 0, ""DENY"": 30, ""DEFER"": 0, ""fraction_of_consequential"": 0.08571428571428572}, ""hard_expired"": {""proposed"": 0, ""ALLOW"": 0, ""DENY"": 0, ""DEFER"": 0, ""fraction_of_consequential"": 0.0}}","{""CONNECTED"": {""proposed"": 0, ""ALLOW"": 0.0, ""DENY"": 0.0, ""DEFER"": 0.0, ""fraction_of_consequential"": 0.0}, ""DEGRADED"": {""proposed"": 209, ""ALLOW"": 0.0, ""DENY"": 1.0, ""DEFER"": 0.0, ""fraction_of_consequential"": 0.5971428571428572}, ""PARTITIONED"": {""proposed"": 131, ""ALLOW"": 0.0, ""DENY"": 1.0, ""DEFER"": 0.0, ""fraction_of_consequential"": 0.3742857142857143}, ""ISOLATED"": {""proposed"": 0, ""ALLOW"": 0.0, ""DENY"": 0.0, ""DEFER"": 0.0, ""fraction_of_consequential"": 0.0}, ""RECOVERING"": {""proposed"": 10, ""ALLOW"": 0.0, ""DENY"": 1.0, ""DEFER"": 0.0, ""fraction_of_consequential"": 0.02857142857142857}}",b0d804b41d6f708612dc345c3e165ef89bc8bd77,f43d9763327dfa90
B4,paper_ssp_200m_moderate_v1,500,500.0,0,tr_e481a0d054ed_gpu,-14.0802,21.9198,6,"{""conflicting_task_ownership"": 0, ""duplicate_execution"": 0, ""contradictory_reassignment"": 1, ""incompatible_mission_state"": 1, ""inconsistent_anomaly_state"": 4}",0.4166666666666667,0.8571428571428571,0.9230769230769231,0.43537414965986393,8192,10624,18816,timeout,40.0,"{""ALLOW_LOW_RISK"": 756, ""ALLOW_AUTHORIZED"": 78, ""DENY_FORBIDDEN"": 4, ""DENY_RECOVERING_HARD_SAFETY"": 2}","{""fresh"": 76, ""aging"": 4, ""stale"": 4, ""hard_expired"": 0}","{""fresh"": {""proposed"": 76, ""ALLOW"": 74, ""DENY"": 2, ""DEFER"": 0, ""fraction_of_consequential"": 0.9047619047619048}, ""aging"": {""proposed"": 4, ""ALLOW"": 4, ""DENY"": 0, ""DEFER"": 0, ""fraction_of_consequential"": 0.047619047619047616}, ""stale"": {""proposed"": 4, ""ALLOW"": 0, ""DENY"": 4, ""DEFER"": 0, ""fraction_of_consequential"": 0.047619047619047616}, ""hard_expired"": {""proposed"": 0, ""ALLOW"": 0, ""DENY"": 0, ""DEFER"": 0, ""fraction_of_consequential"": 0.0}}","{""CONNECTED"": {""proposed"": 0, ""ALLOW"": 0.0, ""DENY"": 0.0, ""DEFER"": 0.0, ""fraction_of_consequential"": 0.0}, ""DEGRADED"": {""proposed"": 43, ""ALLOW"": 1.0, ""DENY"": 0.0, ""DEFER"": 0.0, ""fraction_of_consequential"": 0.5119047619047619}, ""PARTITIONED"": {""proposed"": 39, ""ALLOW"": 0.8974358974358975, ""DENY"": 0.10256410256410256, ""DEFER"": 0.0, ""fraction_of_consequential"": 0.4642857142857143}, ""ISOLATED"": {""proposed"": 0, ""ALLOW"": 0.0, ""DENY"": 0.0, ""DEFER"": 0.0, ""fraction_of_consequential"": 0.0}, ""RECOVERING"": {""proposed"": 2, ""ALLOW"": 0.0, ""DENY"": 1.0, ""DEFER"": 0.0, ""fraction_of_consequential"": 0.023809523809523808}}",b0d804b41d6f708612dc345c3e165ef89bc8bd77,f43d9763327dfa90
B5_conservative,paper_ssp_200m_moderate_v1,500,500.0,0,tr_e481a0d054ed_gpu,-30.0456,-30.0456,0,"{""conflicting_task_ownership"": 0, ""duplicate_execution"": 0, ""contradictory_reassignment"": 0, ""incompatible_mission_state"": 0, ""inconsistent_anomaly_state"": 0}",0.0,0.0,0.0,0.4357446808510638,8192,10608,18800,timeout,40.0,"{""ALLOW_LOW_RISK"": 490, ""DEFER_DEGRADED"": 209, ""DENY_CONNECTIVITY_POLICY"": 141}","{""fresh"": 274, ""aging"": 46, ""stale"": 30, ""hard_expired"": 0}","{""fresh"": {""proposed"": 274, ""ALLOW"": 0, ""DENY"": 65, ""DEFER"": 209, ""fraction_of_consequential"": 0.7828571428571428}, ""aging"": {""proposed"": 46, ""ALLOW"": 0, ""DENY"": 46, ""DEFER"": 0, ""fraction_of_consequential"": 0.13142857142857142}, ""stale"": {""proposed"": 30, ""ALLOW"": 0, ""DENY"": 30, ""DEFER"": 0, ""fraction_of_consequential"": 0.08571428571428572}, ""hard_expired"": {""proposed"": 0, ""ALLOW"": 0, ""DENY"": 0, ""DEFER"": 0, ""fraction_of_consequential"": 0.0}}","{""CONNECTED"": {""proposed"": 0, ""ALLOW"": 0.0, ""DENY"": 0.0, ""DEFER"": 0.0, ""fraction_of_consequential"": 0.0}, ""DEGRADED"": {""proposed"": 209, ""ALLOW"": 0.0, ""DENY"": 0.0, ""DEFER"": 1.0, ""fraction_of_consequential"": 0.5971428571428572}, ""PARTITIONED"": {""proposed"": 131, ""ALLOW"": 0.0, ""DENY"": 1.0, ""DEFER"": 0.0, ""fraction_of_consequential"": 0.3742857142857143}, ""ISOLATED"": {""proposed"": 0, ""ALLOW"": 0.0, ""DENY"": 0.0, ""DEFER"": 0.0, ""fraction_of_consequential"": 0.0}, ""RECOVERING"": {""proposed"": 10, ""ALLOW"": 0.0, ""DENY"": 1.0, ""DEFER"": 0.0, ""fraction_of_consequential"": 0.02857142857142857}}",b0d804b41d6f708612dc345c3e165ef89bc8bd77,f43d9763327dfa90
B5_nominal,paper_ssp_200m_moderate_v1,500,500.0,0,tr_e481a0d054ed_gpu,-77.08455,-23.08455,9,"{""conflicting_task_ownership"": 0, ""duplicate_execution"": 0, ""contradictory_reassignment"": 1, ""incompatible_mission_state"": 4, ""inconsistent_anomaly_state"": 4}",0.49411764705882355,0.9294117647058824,0.9294117647058824,0.43537414965986393,8192,10624,18816,timeout,40.0,"{""ALLOW_LOW_RISK"": 755, ""ALLOW_AUTHORIZED"": 85}","{""fresh"": 76, ""aging"": 4, ""stale"": 5, ""hard_expired"": 0}","{""fresh"": {""proposed"": 76, ""ALLOW"": 76, ""DENY"": 0, ""DEFER"": 0, ""fraction_of_consequential"": 0.8941176470588236}, ""aging"": {""proposed"": 4, ""ALLOW"": 4, ""DENY"": 0, ""DEFER"": 0, ""fraction_of_consequential"": 0.047058823529411764}, ""stale"": {""proposed"": 5, ""ALLOW"": 5, ""DENY"": 0, ""DEFER"": 0, ""fraction_of_consequential"": 0.058823529411764705}, ""hard_expired"": {""proposed"": 0, ""ALLOW"": 0, ""DENY"": 0, ""DEFER"": 0, ""fraction_of_consequential"": 0.0}}","{""CONNECTED"": {""proposed"": 0, ""ALLOW"": 0.0, ""DENY"": 0.0, ""DEFER"": 0.0, ""fraction_of_consequential"": 0.0}, ""DEGRADED"": {""proposed"": 43, ""ALLOW"": 1.0, ""DENY"": 0.0, ""DEFER"": 0.0, ""fraction_of_consequential"": 0.5058823529411764}, ""PARTITIONED"": {""proposed"": 40, ""ALLOW"": 1.0, ""DENY"": 0.0, ""DEFER"": 0.0, ""fraction_of_consequential"": 0.47058823529411764}, ""ISOLATED"": {""proposed"": 0, ""ALLOW"": 0.0, ""DENY"": 0.0, ""DEFER"": 0.0, ""fraction_of_consequential"": 0.0}, ""RECOVERING"": {""proposed"": 2, ""ALLOW"": 1.0, ""DENY"": 0.0, ""DEFER"": 0.0, ""fraction_of_consequential"": 0.023529411764705882}}",b0d804b41d6f708612dc345c3e165ef89bc8bd77,f43d9763327dfa90
B5_permissive,paper_ssp_200m_moderate_v1,500,500.0,0,tr_e481a0d054ed_gpu,-77.08455,-23.08455,9,"{""conflicting_task_ownership"": 0, ""duplicate_execution"": 0, ""contradictory_reassignment"": 1, ""incompatible_mission_state"": 4, ""inconsistent_anomaly_state"": 4}",0.49411764705882355,0.9294117647058824,0.9294117647058824,0.43537414965986393,8192,10624,18816,timeout,40.0,"{""ALLOW_LOW_RISK"": 755, ""ALLOW_AUTHORIZED"": 85}","{""fresh"": 76, ""aging"": 4, ""stale"": 5, ""hard_expired"": 0}","{""fresh"": {""proposed"": 76, ""ALLOW"": 76, ""DENY"": 0, ""DEFER"": 0, ""fraction_of_consequential"": 0.8941176470588236}, ""aging"": {""proposed"": 4, ""ALLOW"": 4, ""DENY"": 0, ""DEFER"": 0, ""fraction_of_consequential"": 0.047058823529411764}, ""stale"": {""proposed"": 5, ""ALLOW"": 5, ""DENY"": 0, ""DEFER"": 0, ""fraction_of_consequential"": 0.058823529411764705}, ""hard_expired"": {""proposed"": 0, ""ALLOW"": 0, ""DENY"": 0, ""DEFER"": 0, ""fraction_of_consequential"": 0.0}}","{""CONNECTED"": {""proposed"": 0, ""ALLOW"": 0.0, ""DENY"": 0.0, ""DEFER"": 0.0, ""fraction_of_consequential"": 0.0}, ""DEGRADED"": {""proposed"": 43, ""ALLOW"": 1.0, ""DENY"": 0.0, ""DEFER"": 0.0, ""fraction_of_consequential"": 0.5058823529411764}, ""PARTITIONED"": {""proposed"": 40, ""ALLOW"": 1.0, ""DENY"": 0.0, ""DEFER"": 0.0, ""fraction_of_consequential"": 0.47058823529411764}, ""ISOLATED"": {""proposed"": 0, ""ALLOW"": 0.0, ""DENY"": 0.0, ""DEFER"": 0.0, ""fraction_of_consequential"": 0.0}, ""RECOVERING"": {""proposed"": 2, ""ALLOW"": 1.0, ""DENY"": 0.0, ""DEFER"": 0.0, ""fraction_of_consequential"": 0.023529411764705882}}",b0d804b41d6f708612dc345c3e165ef89bc8bd77,f43d9763327dfa90
B1,paper_ssp_200m_moderate_v1,750,750.0,0,tr_e481a0d054ed_gpu,47.9192,53.9192,1,"{""conflicting_task_ownership"": 0, ""duplicate_execution"": 0, ""contradictory_reassignment"": 0, ""incompatible_mission_state"": 1, ""inconsistent_anomaly_state"": 0}",0.4175824175824176,0.7362637362637363,0.9852941176470589,0.43537414965986393,8192,10624,18816,timeout,40.0,"{""ALLOW_LOW_RISK"": 749, ""ALLOW_AUTHORIZED"": 68, ""DENY_SUPERVISOR_UNREACHABLE"": 21, ""DENY_RECOVERING_CONSEQUENTIAL"": 2}","{""fresh"": 76, ""aging"": 6, ""stale"": 9, ""hard_expired"": 0}","{""fresh"": {""proposed"": 76, ""ALLOW"": 68, ""DENY"": 8, ""DEFER"": 0, ""fraction_of_consequential"": 0.8351648351648352}, ""aging"": {""proposed"": 6, ""ALLOW"": 0, ""DENY"": 6, ""DEFER"": 0, ""fraction_of_consequential"": 0.06593406593406594}, ""stale"": {""proposed"": 9, ""ALLOW"": 0, ""DENY"": 9, ""DEFER"": 0, ""fraction_of_consequential"": 0.0989010989010989}, ""hard_expired"": {""proposed"": 0, ""ALLOW"": 0, ""DENY"": 0, ""DEFER"": 0, ""fraction_of_consequential"": 0.0}}","{""CONNECTED"": {""proposed"": 0, ""ALLOW"": 0.0, ""DENY"": 0.0, ""DEFER"": 0.0, ""fraction_of_consequential"": 0.0}, ""DEGRADED"": {""proposed"": 30, ""ALLOW"": 1.0, ""DENY"": 0.0, ""DEFER"": 0.0, ""fraction_of_consequential"": 0.32967032967032966}, ""PARTITIONED"": {""proposed"": 59, ""ALLOW"": 0.6440677966101694, ""DENY"": 0.3559322033898305, ""DEFER"": 0.0, ""fraction_of_consequential"": 0.6483516483516484}, ""ISOLATED"": {""proposed"": 0, ""ALLOW"": 0.0, ""DENY"": 0.0, ""DEFER"": 0.0, ""fraction_of_consequential"": 0.0}, ""RECOVERING"": {""proposed"": 2, ""ALLOW"": 0.0, ""DENY"": 1.0, ""DEFER"": 0.0, ""fraction_of_consequential"": 0.02197802197802198}}",b0d804b41d6f708612dc345c3e165ef89bc8bd77,ae0c458f36092676
B2,paper_ssp_200m_moderate_v1,750,750.0,0,tr_e481a0d054ed_gpu,-77.08455,-23.08455,9,"{""conflicting_task_ownership"": 0, ""duplicate_execution"": 0, ""contradictory_reassignment"": 1, ""incompatible_mission_state"": 4, ""inconsistent_anomaly_state"": 4}",0.6470588235294118,0.9294117647058824,0.9294117647058824,0.43537414965986393,8192,10624,18816,timeout,40.0,"{""ALLOW_AUTHORIZED"": 840}","{""fresh"": 76, ""aging"": 4, ""stale"": 5, ""hard_expired"": 0}","{""fresh"": {""proposed"": 76, ""ALLOW"": 76, ""DENY"": 0, ""DEFER"": 0, ""fraction_of_consequential"": 0.8941176470588236}, ""aging"": {""proposed"": 4, ""ALLOW"": 4, ""DENY"": 0, ""DEFER"": 0, ""fraction_of_consequential"": 0.047058823529411764}, ""stale"": {""proposed"": 5, ""ALLOW"": 5, ""DENY"": 0, ""DEFER"": 0, ""fraction_of_consequential"": 0.058823529411764705}, ""hard_expired"": {""proposed"": 0, ""ALLOW"": 0, ""DENY"": 0, ""DEFER"": 0, ""fraction_of_consequential"": 0.0}}","{""CONNECTED"": {""proposed"": 0, ""ALLOW"": 0.0, ""DENY"": 0.0, ""DEFER"": 0.0, ""fraction_of_consequential"": 0.0}, ""DEGRADED"": {""proposed"": 30, ""ALLOW"": 1.0, ""DENY"": 0.0, ""DEFER"": 0.0, ""fraction_of_consequential"": 0.35294117647058826}, ""PARTITIONED"": {""proposed"": 53, ""ALLOW"": 1.0, ""DENY"": 0.0, ""DEFER"": 0.0, ""fraction_of_consequential"": 0.6235294117647059}, ""ISOLATED"": {""proposed"": 0, ""ALLOW"": 0.0, ""DENY"": 0.0, ""DEFER"": 0.0, ""fraction_of_consequential"": 0.0}, ""RECOVERING"": {""proposed"": 2, ""ALLOW"": 1.0, ""DENY"": 0.0, ""DEFER"": 0.0, ""fraction_of_consequential"": 0.023529411764705882}}",b0d804b41d6f708612dc345c3e165ef89bc8bd77,ae0c458f36092676
B3,paper_ssp_200m_moderate_v1,750,750.0,0,tr_e481a0d054ed_gpu,-30.0453,-30.0453,0,"{""conflicting_task_ownership"": 0, ""duplicate_execution"": 0, ""contradictory_reassignment"": 0, ""incompatible_mission_state"": 0, ""inconsistent_anomaly_state"": 0}",0.0,0.0,0.0,0.4357446808510638,8192,10608,18800,timeout,40.0,"{""ALLOW_LOW_RISK"": 487, ""DENY_STATIC_BOUND"": 353}","{""fresh"": 222, ""aging"": 46, ""stale"": 85, ""hard_expired"": 0}","{""fresh"": {""proposed"": 222, ""ALLOW"": 0, ""DENY"": 222, ""DEFER"": 0, ""fraction_of_consequential"": 0.6288951841359773}, ""aging"": {""proposed"": 46, ""ALLOW"": 0, ""DENY"": 46, ""DEFER"": 0, ""fraction_of_consequential"": 0.13031161473087818}, ""stale"": {""proposed"": 85, ""ALLOW"": 0, ""DENY"": 85, ""DEFER"": 0, ""fraction_of_consequential"": 0.24079320113314448}, ""hard_expired"": {""proposed"": 0, ""ALLOW"": 0, ""DENY"": 0, ""DEFER"": 0, ""fraction_of_consequential"": 0.0}}","{""CONNECTED"": {""proposed"": 0, ""ALLOW"": 0.0, ""DENY"": 0.0, ""DEFER"": 0.0, ""fraction_of_consequential"": 0.0}, ""DEGRADED"": {""proposed"": 144, ""ALLOW"": 0.0, ""DENY"": 1.0, ""DEFER"": 0.0, ""fraction_of_consequential"": 0.40793201133144474}, ""PARTITIONED"": {""proposed"": 199, ""ALLOW"": 0.0, ""DENY"": 1.0, ""DEFER"": 0.0, ""fraction_of_consequential"": 0.5637393767705382}, ""ISOLATED"": {""proposed"": 0, ""ALLOW"": 0.0, ""DENY"": 0.0, ""DEFER"": 0.0, ""fraction_of_consequential"": 0.0}, ""RECOVERING"": {""proposed"": 10, ""ALLOW"": 0.0, ""DENY"": 1.0, ""DEFER"": 0.0, ""fraction_of_consequential"": 0.028328611898016998}}",b0d804b41d6f708612dc345c3e165ef89bc8bd77,ae0c458f36092676
B4,paper_ssp_200m_moderate_v1,750,750.0,0,tr_e481a0d054ed_gpu,-14.0802,21.9198,6,"{""conflicting_task_ownership"": 0, ""duplicate_execution"": 0, ""contradictory_reassignment"": 1, ""incompatible_mission_state"": 1, ""inconsistent_anomaly_state"": 4}",0.5714285714285714,0.8571428571428571,0.9230769230769231,0.43537414965986393,8192,10624,18816,timeout,40.0,"{""ALLOW_LOW_RISK"": 756, ""ALLOW_AUTHORIZED"": 78, ""DENY_FORBIDDEN"": 4, ""DENY_RECOVERING_HARD_SAFETY"": 2}","{""fresh"": 76, ""aging"": 4, ""stale"": 4, ""hard_expired"": 0}","{""fresh"": {""proposed"": 76, ""ALLOW"": 74, ""DENY"": 2, ""DEFER"": 0, ""fraction_of_consequential"": 0.9047619047619048}, ""aging"": {""proposed"": 4, ""ALLOW"": 4, ""DENY"": 0, ""DEFER"": 0, ""fraction_of_consequential"": 0.047619047619047616}, ""stale"": {""proposed"": 4, ""ALLOW"": 0, ""DENY"": 4, ""DEFER"": 0, ""fraction_of_consequential"": 0.047619047619047616}, ""hard_expired"": {""proposed"": 0, ""ALLOW"": 0, ""DENY"": 0, ""DEFER"": 0, ""fraction_of_consequential"": 0.0}}","{""CONNECTED"": {""proposed"": 0, ""ALLOW"": 0.0, ""DENY"": 0.0, ""DEFER"": 0.0, ""fraction_of_consequential"": 0.0}, ""DEGRADED"": {""proposed"": 30, ""ALLOW"": 1.0, ""DENY"": 0.0, ""DEFER"": 0.0, ""fraction_of_consequential"": 0.35714285714285715}, ""PARTITIONED"": {""proposed"": 52, ""ALLOW"": 0.9230769230769231, ""DENY"": 0.07692307692307693, ""DEFER"": 0.0, ""fraction_of_consequential"": 0.6190476190476191}, ""ISOLATED"": {""proposed"": 0, ""ALLOW"": 0.0, ""DENY"": 0.0, ""DEFER"": 0.0, ""fraction_of_consequential"": 0.0}, ""RECOVERING"": {""proposed"": 2, ""ALLOW"": 0.0, ""DENY"": 1.0, ""DEFER"": 0.0, ""fraction_of_consequential"": 0.023809523809523808}}",b0d804b41d6f708612dc345c3e165ef89bc8bd77,ae0c458f36092676
B5_conservative,paper_ssp_200m_moderate_v1,750,750.0,0,tr_e481a0d054ed_gpu,-30.0453,-30.0453,0,"{""conflicting_task_ownership"": 0, ""duplicate_execution"": 0, ""contradictory_reassignment"": 0, ""incompatible_mission_state"": 0, ""inconsistent_anomaly_state"": 0}",0.0,0.0,0.0,0.4357446808510638,8192,10608,18800,timeout,40.0,"{""ALLOW_LOW_RISK"": 487, ""DEFER_DEGRADED"": 144, ""DENY_CONNECTIVITY_POLICY"": 209}","{""fresh"": 222, ""aging"": 46, ""stale"": 85, ""hard_expired"": 0}","{""fresh"": {""proposed"": 222, ""ALLOW"": 0, ""DENY"": 78, ""DEFER"": 144, ""fraction_of_consequential"": 0.6288951841359773}, ""aging"": {""proposed"": 46, ""ALLOW"": 0, ""DENY"": 46, ""DEFER"": 0, ""fraction_of_consequential"": 0.13031161473087818}, ""stale"": {""proposed"": 85, ""ALLOW"": 0, ""DENY"": 85, ""DEFER"": 0, ""fraction_of_consequential"": 0.24079320113314448}, ""hard_expired"": {""proposed"": 0, ""ALLOW"": 0, ""DENY"": 0, ""DEFER"": 0, ""fraction_of_consequential"": 0.0}}","{""CONNECTED"": {""proposed"": 0, ""ALLOW"": 0.0, ""DENY"": 0.0, ""DEFER"": 0.0, ""fraction_of_consequential"": 0.0}, ""DEGRADED"": {""proposed"": 144, ""ALLOW"": 0.0, ""DENY"": 0.0, ""DEFER"": 1.0, ""fraction_of_consequential"": 0.40793201133144474}, ""PARTITIONED"": {""proposed"": 199, ""ALLOW"": 0.0, ""DENY"": 1.0, ""DEFER"": 0.0, ""fraction_of_consequential"": 0.5637393767705382}, ""ISOLATED"": {""proposed"": 0, ""ALLOW"": 0.0, ""DENY"": 0.0, ""DEFER"": 0.0, ""fraction_of_consequential"": 0.0}, ""RECOVERING"": {""proposed"": 10, ""ALLOW"": 0.0, ""DENY"": 1.0, ""DEFER"": 0.0, ""fraction_of_consequential"": 0.028328611898016998}}",b0d804b41d6f708612dc345c3e165ef89bc8bd77,ae0c458f36092676
B5_nominal,paper_ssp_200m_moderate_v1,750,750.0,0,tr_e481a0d054ed_gpu,-77.08455,-23.08455,9,"{""conflicting_task_ownership"": 0, ""duplicate_execution"": 0, ""contradictory_reassignment"": 1, ""incompatible_mission_state"": 4, ""inconsistent_anomaly_state"": 4}",0.6470588235294118,0.9294117647058824,0.9294117647058824,0.43537414965986393,8192,10624,18816,timeout,40.0,"{""ALLOW_LOW_RISK"": 755, ""ALLOW_AUTHORIZED"": 85}","{""fresh"": 76, ""aging"": 4, ""stale"": 5, ""hard_expired"": 0}","{""fresh"": {""proposed"": 76, ""ALLOW"": 76, ""DENY"": 0, ""DEFER"": 0, ""fraction_of_consequential"": 0.8941176470588236}, ""aging"": {""proposed"": 4, ""ALLOW"": 4, ""DENY"": 0, ""DEFER"": 0, ""fraction_of_consequential"": 0.047058823529411764}, ""stale"": {""proposed"": 5, ""ALLOW"": 5, ""DENY"": 0, ""DEFER"": 0, ""fraction_of_consequential"": 0.058823529411764705}, ""hard_expired"": {""proposed"": 0, ""ALLOW"": 0, ""DENY"": 0, ""DEFER"": 0, ""fraction_of_consequential"": 0.0}}","{""CONNECTED"": {""proposed"": 0, ""ALLOW"": 0.0, ""DENY"": 0.0, ""DEFER"": 0.0, ""fraction_of_consequential"": 0.0}, ""DEGRADED"": {""proposed"": 30, ""ALLOW"": 1.0, ""DENY"": 0.0, ""DEFER"": 0.0, ""fraction_of_consequential"": 0.35294117647058826}, ""PARTITIONED"": {""proposed"": 53, ""ALLOW"": 1.0, ""DENY"": 0.0, ""DEFER"": 0.0, ""fraction_of_consequential"": 0.6235294117647059}, ""ISOLATED"": {""proposed"": 0, ""ALLOW"": 0.0, ""DENY"": 0.0, ""DEFER"": 0.0, ""fraction_of_consequential"": 0.0}, ""RECOVERING"": {""proposed"": 2, ""ALLOW"": 1.0, ""DENY"": 0.0, ""DEFER"": 0.0, ""fraction_of_consequential"": 0.023529411764705882}}",b0d804b41d6f708612dc345c3e165ef89bc8bd77,ae0c458f36092676
B5_permissive,paper_ssp_200m_moderate_v1,750,750.0,0,tr_e481a0d054ed_gpu,-77.08455,-23.08455,9,"{""conflicting_task_ownership"": 0, ""duplicate_execution"": 0, ""contradictory_reassignment"": 1, ""incompatible_mission_state"": 4, ""inconsistent_anomaly_state"": 4}",0.6470588235294118,0.9294117647058824,0.9294117647058824,0.43537414965986393,8192,10624,18816,timeout,40.0,"{""ALLOW_LOW_RISK"": 755, ""ALLOW_AUTHORIZED"": 85}","{""fresh"": 76, ""aging"": 4, ""stale"": 5, ""hard_expired"": 0}","{""fresh"": {""proposed"": 76, ""ALLOW"": 76, ""DENY"": 0, ""DEFER"": 0, ""fraction_of_consequential"": 0.8941176470588236}, ""aging"": {""proposed"": 4, ""ALLOW"": 4, ""DENY"": 0, ""DEFER"": 0, ""fraction_of_consequential"": 0.047058823529411764}, ""stale"": {""proposed"": 5, ""ALLOW"": 5, ""DENY"": 0, ""DEFER"": 0, ""fraction_of_consequential"": 0.058823529411764705}, ""hard_expired"": {""proposed"": 0, ""ALLOW"": 0, ""DENY"": 0, ""DEFER"": 0, ""fraction_of_consequential"": 0.0}}","{""CONNECTED"": {""proposed"": 0, ""ALLOW"": 0.0, ""DENY"": 0.0, ""DEFER"": 0.0, ""fraction_of_consequential"": 0.0}, ""DEGRADED"": {""proposed"": 30, ""ALLOW"": 1.0, ""DENY"": 0.0, ""DEFER"": 0.0, ""fraction_of_consequential"": 0.35294117647058826}, ""PARTITIONED"": {""proposed"": 53, ""ALLOW"": 1.0, ""DENY"": 0.0, ""DEFER"": 0.0, ""fraction_of_consequential"": 0.6235294117647059}, ""ISOLATED"": {""proposed"": 0, ""ALLOW"": 0.0, ""DENY"": 0.0, ""DEFER"": 0.0, ""fraction_of_consequential"": 0.0}, ""RECOVERING"": {""proposed"": 2, ""ALLOW"": 1.0, ""DENY"": 0.0, ""DEFER"": 0.0, ""fraction_of_consequential"": 0.023529411764705882}}",b0d804b41d6f708612dc345c3e165ef89bc8bd77,ae0c458f36092676
B1,paper_ssp_200m_moderate_v1,1000,1000.0,0,tr_e481a0d054ed_gpu,47.9229,53.9229,1,"{""conflicting_task_ownership"": 0, ""duplicate_execution"": 0, ""contradictory_reassignment"": 0, ""incompatible_mission_state"": 1, ""inconsistent_anomaly_state"": 0}",0.5050505050505051,0.6767676767676768,0.9852941176470589,0.43537414965986393,8192,10624,18816,timeout,40.0,"{""ALLOW_LOW_RISK"": 705, ""ALLOW_AUTHORIZED"": 68, ""DENY_SUPERVISOR_UNREACHABLE"": 29, ""DENY_FORBIDDEN"": 36, ""DENY_RECOVERING_CONSEQUENTIAL"": 2}","{""fresh"": 76, ""aging"": 6, ""stale"": 11, ""hard_expired"": 6}","{""fresh"": {""proposed"": 76, ""ALLOW"": 68, ""DENY"": 8, ""DEFER"": 0, ""fraction_of_consequential"": 0.7676767676767676}, ""aging"": {""proposed"": 6, ""ALLOW"": 0, ""DENY"": 6, ""DEFER"": 0, ""fraction_of_consequential"": 0.06060606060606061}, ""stale"": {""proposed"": 11, ""ALLOW"": 0, ""DENY"": 11, ""DEFER"": 0, ""fraction_of_consequential"": 0.1111111111111111}, ""hard_expired"": {""proposed"": 6, ""ALLOW"": 0, ""DENY"": 6, ""DEFER"": 0, ""fraction_of_consequential"": 0.06060606060606061}}","{""CONNECTED"": {""proposed"": 0, ""ALLOW"": 0.0, ""DENY"": 0.0, ""DEFER"": 0.0, ""fraction_of_consequential"": 0.0}, ""DEGRADED"": {""proposed"": 18, ""ALLOW"": 1.0, ""DENY"": 0.0, ""DEFER"": 0.0, ""fraction_of_consequential"": 0.18181818181818182}, ""PARTITIONED"": {""proposed"": 79, ""ALLOW"": 0.6329113924050633, ""DENY"": 0.3670886075949367, ""DEFER"": 0.0, ""fraction_of_consequential"": 0.797979797979798}, ""ISOLATED"": {""proposed"": 0, ""ALLOW"": 0.0, ""DENY"": 0.0, ""DEFER"": 0.0, ""fraction_of_consequential"": 0.0}, ""RECOVERING"": {""proposed"": 2, ""ALLOW"": 0.0, ""DENY"": 1.0, ""DEFER"": 0.0, ""fraction_of_consequential"": 0.020202020202020204}}",b0d804b41d6f708612dc345c3e165ef89bc8bd77,5b830538ce2b35c7
B2,paper_ssp_200m_moderate_v1,1000,1000.0,0,tr_e481a0d054ed_gpu,-117.08815,-63.08815,9,"{""conflicting_task_ownership"": 0, ""duplicate_execution"": 0, ""contradictory_reassignment"": 1, ""incompatible_mission_state"": 4, ""inconsistent_anomaly_state"": 4}",0.797752808988764,0.9325842696629213,0.9325842696629213,0.43537414965986393,8192,10624,18816,timeout,40.0,"{""ALLOW_AUTHORIZED"": 840}","{""fresh"": 76, ""aging"": 4, ""stale"": 5, ""hard_expired"": 4}","{""fresh"": {""proposed"": 76, ""ALLOW"": 76, ""DENY"": 0, ""DEFER"": 0, ""fraction_of_consequential"": 0.8539325842696629}, ""aging"": {""proposed"": 4, ""ALLOW"": 4, ""DENY"": 0, ""DEFER"": 0, ""fraction_of_consequential"": 0.0449438202247191}, ""stale"": {""proposed"": 5, ""ALLOW"": 5, ""DENY"": 0, ""DEFER"": 0, ""fraction_of_consequential"": 0.056179775280898875}, ""hard_expired"": {""proposed"": 4, ""ALLOW"": 4, ""DENY"": 0, ""DEFER"": 0, ""fraction_of_consequential"": 0.0449438202247191}}","{""CONNECTED"": {""proposed"": 0, ""ALLOW"": 0.0, ""DENY"": 0.0, ""DEFER"": 0.0, ""fraction_of_consequential"": 0.0}, ""DEGRADED"": {""proposed"": 18, ""ALLOW"": 1.0, ""DENY"": 0.0, ""DEFER"": 0.0, ""fraction_of_consequential"": 0.20224719101123595}, ""PARTITIONED"": {""proposed"": 69, ""ALLOW"": 1.0, ""DENY"": 0.0, ""DEFER"": 0.0, ""fraction_of_consequential"": 0.7752808988764045}, ""ISOLATED"": {""proposed"": 0, ""ALLOW"": 0.0, ""DENY"": 0.0, ""DEFER"": 0.0, ""fraction_of_consequential"": 0.0}, ""RECOVERING"": {""proposed"": 2, ""ALLOW"": 1.0, ""DENY"": 0.0, ""DEFER"": 0.0, ""fraction_of_consequential"": 0.02247191011235955}}",b0d804b41d6f708612dc345c3e165ef89bc8bd77,5b830538ce2b35c7
B3,paper_ssp_200m_moderate_v1,1000,1000.0,0,tr_e481a0d054ed_gpu,-30.0449,-30.0449,0,"{""conflicting_task_ownership"": 0, ""duplicate_execution"": 0, ""contradictory_reassignment"": 0, ""incompatible_mission_state"": 0, ""inconsistent_anomaly_state"": 0}",0.0,0.0,0.0,0.4357446808510638,8192,10608,18800,timeout,40.0,"{""ALLOW_LOW_RISK"": 483, ""DENY_STATIC_BOUND"": 357}","{""fresh"": 174, ""aging"": 46, ""stale"": 107, ""hard_expired"": 30}","{""fresh"": {""proposed"": 174, ""ALLOW"": 0, ""DENY"": 174, ""DEFER"": 0, ""fraction_of_consequential"": 0.48739495798319327}, ""aging"": {""proposed"": 46, ""ALLOW"": 0, ""DENY"": 46, ""DEFER"": 0, ""fraction_of_consequential"": 0.12885154061624648}, ""stale"": {""proposed"": 107, ""ALLOW"": 0, ""DENY"": 107, ""DEFER"": 0, ""fraction_of_consequential"": 0.29971988795518206}, ""hard_expired"": {""proposed"": 30, ""ALLOW"": 0, ""DENY"": 30, ""DEFER"": 0, ""fraction_of_consequential"": 0.08403361344537816}}","{""CONNECTED"": {""proposed"": 0, ""ALLOW"": 0.0, ""DENY"": 0.0, ""DEFER"": 0.0, ""fraction_of_consequential"": 0.0}, ""DEGRADED"": {""proposed"": 84, ""ALLOW"": 0.0, ""DENY"": 1.0, ""DEFER"": 0.0, ""fraction_of_consequential"": 0.23529411764705882}, ""PARTITIONED"": {""proposed"": 263, ""ALLOW"": 0.0, ""DENY"": 1.0, ""DEFER"": 0.0, ""fraction_of_consequential"": 0.7366946778711485}, ""ISOLATED"": {""proposed"": 0, ""ALLOW"": 0.0, ""DENY"": 0.0, ""DEFER"": 0.0, ""fraction_of_consequential"": 0.0}, ""RECOVERING"": {""proposed"": 10, ""ALLOW"": 0.0, ""DENY"": 1.0, ""DEFER"": 0.0, ""fraction_of_consequential"": 0.028011204481792718}}",b0d804b41d6f708612dc345c3e165ef89bc8bd77,5b830538ce2b35c7
B4,paper_ssp_200m_moderate_v1,1000,1000.0,0,tr_e481a0d054ed_gpu,-14.0774,21.9226,6,"{""conflicting_task_ownership"": 0, ""duplicate_execution"": 0, ""contradictory_reassignment"": 1, ""incompatible_mission_state"": 1, ""inconsistent_anomaly_state"": 4}",0.6818181818181818,0.8181818181818182,0.9230769230769231,0.43537414965986393,8192,10624,18816,timeout,40.0,"{""ALLOW_LOW_RISK"": 714, ""ALLOW_AUTHORIZED"": 78, ""DENY_FORBIDDEN"": 42, ""DENY_HARD_EXPIRY"": 4, ""DENY_RECOVERING_HARD_SAFETY"": 2}","{""fresh"": 76, ""aging"": 4, ""stale"": 4, ""hard_expired"": 4}","{""fresh"": {""proposed"": 76, ""ALLOW"": 74, ""DENY"": 2, ""DEFER"": 0, ""fraction_of_consequential"": 0.8636363636363636}, ""aging"": {""proposed"": 4, ""ALLOW"": 4, ""DENY"": 0, ""DEFER"": 0, ""fraction_of_consequential"": 0.045454545454545456}, ""stale"": {""proposed"": 4, ""ALLOW"": 0, ""DENY"": 4, ""DEFER"": 0, ""fraction_of_consequential"": 0.045454545454545456}, ""hard_expired"": {""proposed"": 4, ""ALLOW"": 0, ""DENY"": 4, ""DEFER"": 0, ""fraction_of_consequential"": 0.045454545454545456}}","{""CONNECTED"": {""proposed"": 0, ""ALLOW"": 0.0, ""DENY"": 0.0, ""DEFER"": 0.0, ""fraction_of_consequential"": 0.0}, ""DEGRADED"": {""proposed"": 18, ""ALLOW"": 1.0, ""DENY"": 0.0, ""DEFER"": 0.0, ""fraction_of_consequential"": 0.20454545454545456}, ""PARTITIONED"": {""proposed"": 68, ""ALLOW"": 0.8823529411764706, ""DENY"": 0.11764705882352941, ""DEFER"": 0.0, ""fraction_of_consequential"": 0.7727272727272727}, ""ISOLATED"": {""proposed"": 0, ""ALLOW"": 0.0, ""DENY"": 0.0, ""DEFER"": 0.0, ""fraction_of_consequential"": 0.0}, ""RECOVERING"": {""proposed"": 2, ""ALLOW"": 0.0, ""DENY"": 1.0, ""DEFER"": 0.0, ""fraction_of_consequential"": 0.022727272727272728}}",b0d804b41d6f708612dc345c3e165ef89bc8bd77,5b830538ce2b35c7
B5_conservative,paper_ssp_200m_moderate_v1,1000,1000.0,0,tr_e481a0d054ed_gpu,-30.0449,-30.0449,0,"{""conflicting_task_ownership"": 0, ""duplicate_execution"": 0, ""contradictory_reassignment"": 0, ""incompatible_mission_state"": 0, ""inconsistent_anomaly_state"": 0}",0.0,0.0,0.0,0.4357446808510638,8192,10608,18800,timeout,40.0,"{""ALLOW_LOW_RISK"": 483, ""DEFER_DEGRADED"": 84, ""DENY_CONNECTIVITY_POLICY"": 273}","{""fresh"": 174, ""aging"": 46, ""stale"": 107, ""hard_expired"": 30}","{""fresh"": {""proposed"": 174, ""ALLOW"": 0, ""DENY"": 90, ""DEFER"": 84, ""fraction_of_consequential"": 0.48739495798319327}, ""aging"": {""proposed"": 46, ""ALLOW"": 0, ""DENY"": 46, ""DEFER"": 0, ""fraction_of_consequential"": 0.12885154061624648}, ""stale"": {""proposed"": 107, ""ALLOW"": 0, ""DENY"": 107, ""DEFER"": 0, ""fraction_of_consequential"": 0.29971988795518206}, ""hard_expired"": {""proposed"": 30, ""ALLOW"": 0, ""DENY"": 30, ""DEFER"": 0, ""fraction_of_consequential"": 0.08403361344537816}}","{""CONNECTED"": {""proposed"": 0, ""ALLOW"": 0.0, ""DENY"": 0.0, ""DEFER"": 0.0, ""fraction_of_consequential"": 0.0}, ""DEGRADED"": {""proposed"": 84, ""ALLOW"": 0.0, ""DENY"": 0.0, ""DEFER"": 1.0, ""fraction_of_consequential"": 0.23529411764705882}, ""PARTITIONED"": {""proposed"": 263, ""ALLOW"": 0.0, ""DENY"": 1.0, ""DEFER"": 0.0, ""fraction_of_consequential"": 0.7366946778711485}, ""ISOLATED"": {""proposed"": 0, ""ALLOW"": 0.0, ""DENY"": 0.0, ""DEFER"": 0.0, ""fraction_of_consequential"": 0.0}, ""RECOVERING"": {""proposed"": 10, ""ALLOW"": 0.0, ""DENY"": 1.0, ""DEFER"": 0.0, ""fraction_of_consequential"": 0.028011204481792718}}",b0d804b41d6f708612dc345c3e165ef89bc8bd77,5b830538ce2b35c7
B5_nominal,paper_ssp_200m_moderate_v1,1000,1000.0,0,tr_e481a0d054ed_gpu,-117.08815,-63.08815,9,"{""conflicting_task_ownership"": 0, ""duplicate_execution"": 0, ""contradictory_reassignment"": 1, ""incompatible_mission_state"": 4, ""inconsistent_anomaly_state"": 4}",0.797752808988764,0.9325842696629213,0.9325842696629213,0.43537414965986393,8192,10624,18816,timeout,40.0,"{""ALLOW_LOW_RISK"": 751, ""ALLOW_AUTHORIZED"": 89}","{""fresh"": 76, ""aging"": 4, ""stale"": 5, ""hard_expired"": 4}","{""fresh"": {""proposed"": 76, ""ALLOW"": 76, ""DENY"": 0, ""DEFER"": 0, ""fraction_of_consequential"": 0.8539325842696629}, ""aging"": {""proposed"": 4, ""ALLOW"": 4, ""DENY"": 0, ""DEFER"": 0, ""fraction_of_consequential"": 0.0449438202247191}, ""stale"": {""proposed"": 5, ""ALLOW"": 5, ""DENY"": 0, ""DEFER"": 0, ""fraction_of_consequential"": 0.056179775280898875}, ""hard_expired"": {""proposed"": 4, ""ALLOW"": 4, ""DENY"": 0, ""DEFER"": 0, ""fraction_of_consequential"": 0.0449438202247191}}","{""CONNECTED"": {""proposed"": 0, ""ALLOW"": 0.0, ""DENY"": 0.0, ""DEFER"": 0.0, ""fraction_of_consequential"": 0.0}, ""DEGRADED"": {""proposed"": 18, ""ALLOW"": 1.0, ""DENY"": 0.0, ""DEFER"": 0.0, ""fraction_of_consequential"": 0.20224719101123595}, ""PARTITIONED"": {""proposed"": 69, ""ALLOW"": 1.0, ""DENY"": 0.0, ""DEFER"": 0.0, ""fraction_of_consequential"": 0.7752808988764045}, ""ISOLATED"": {""proposed"": 0, ""ALLOW"": 0.0, ""DENY"": 0.0, ""DEFER"": 0.0, ""fraction_of_consequential"": 0.0}, ""RECOVERING"": {""proposed"": 2, ""ALLOW"": 1.0, ""DENY"": 0.0, ""DEFER"": 0.0, ""fraction_of_consequential"": 0.02247191011235955}}",b0d804b41d6f708612dc345c3e165ef89bc8bd77,5b830538ce2b35c7
B5_permissive,paper_ssp_200m_moderate_v1,1000,1000.0,0,tr_e481a0d054ed_gpu,-117.08815,-63.08815,9,"{""conflicting_task_ownership"": 0, ""duplicate_execution"": 0, ""contradictory_reassignment"": 1, ""incompatible_mission_state"": 4, ""inconsistent_anomaly_state"": 4}",0.797752808988764,0.9325842696629213,0.9325842696629213,0.43537414965986393,8192,10624,18816,timeout,40.0,"{""ALLOW_LOW_RISK"": 751, ""ALLOW_AUTHORIZED"": 89}","{""fresh"": 76, ""aging"": 4, ""stale"": 5, ""hard_expired"": 4}","{""fresh"": {""proposed"": 76, ""ALLOW"": 76, ""DENY"": 0, ""DEFER"": 0, ""fraction_of_consequential"": 0.8539325842696629}, ""aging"": {""proposed"": 4, ""ALLOW"": 4, ""DENY"": 0, ""DEFER"": 0, ""fraction_of_consequential"": 0.0449438202247191}, ""stale"": {""proposed"": 5, ""ALLOW"": 5, ""DENY"": 0, ""DEFER"": 0, ""fraction_of_consequential"": 0.056179775280898875}, ""hard_expired"": {""proposed"": 4, ""ALLOW"": 4, ""DENY"": 0, ""DEFER"": 0, ""fraction_of_consequential"": 0.0449438202247191}}","{""CONNECTED"": {""proposed"": 0, ""ALLOW"": 0.0, ""DENY"": 0.0, ""DEFER"": 0.0, ""fraction_of_consequential"": 0.0}, ""DEGRADED"": {""proposed"": 18, ""ALLOW"": 1.0, ""DENY"": 0.0, ""DEFER"": 0.0, ""fraction_of_consequential"": 0.20224719101123595}, ""PARTITIONED"": {""proposed"": 69, ""ALLOW"": 1.0, ""DENY"": 0.0, ""DEFER"": 0.0, ""fraction_of_consequential"": 0.7752808988764045}, ""ISOLATED"": {""proposed"": 0, ""ALLOW"": 0.0, ""DENY"": 0.0, ""DEFER"": 0.0, ""fraction_of_consequential"": 0.0}, ""RECOVERING"": {""proposed"": 2, ""ALLOW"": 1.0, ""DENY"": 0.0, ""DEFER"": 0.0, ""fraction_of_consequential"": 0.02247191011235955}}",b0d804b41d6f708612dc345c3e165ef89bc8bd77,5b830538ce2b35c7
B1,paper_ssp_200m_moderate_v1,0,0.0,1,tr_a88224c7b787_gpu,47.9171,53.9171,1,"{""conflicting_task_ownership"": 0, ""duplicate_execution"": 0, ""contradictory_reassignment"": 0, ""incompatible_mission_state"": 1, ""inconsistent_anomaly_state"": 0}",0.0,0.9857142857142858,0.9857142857142858,0.7661971830985915,8704,2656,11360,idle,0.0,"{""ALLOW_LOW_RISK"": 770, ""ALLOW_AUTHORIZED"": 70}","{""fresh"": 70, ""aging"": 0, ""stale"": 0, ""hard_expired"": 0}","{""fresh"": {""proposed"": 70, ""ALLOW"": 70, ""DENY"": 0, ""DEFER"": 0, ""fraction_of_consequential"": 1.0}, ""aging"": {""proposed"": 0, ""ALLOW"": 0, ""DENY"": 0, ""DEFER"": 0, ""fraction_of_consequential"": 0.0}, ""stale"": {""proposed"": 0, ""ALLOW"": 0, ""DENY"": 0, ""DEFER"": 0, ""fraction_of_consequential"": 0.0}, ""hard_expired"": {""proposed"": 0, ""ALLOW"": 0, ""DENY"": 0, ""DEFER"": 0, ""fraction_of_consequential"": 0.0}}","{""CONNECTED"": {""proposed"": 0, ""ALLOW"": 0.0, ""DENY"": 0.0, ""DEFER"": 0.0, ""fraction_of_consequential"": 0.0}, ""DEGRADED"": {""proposed"": 70, ""ALLOW"": 1.0, ""DENY"": 0.0, ""DEFER"": 0.0, ""fraction_of_consequential"": 1.0}, ""PARTITIONED"": {""proposed"": 0, ""ALLOW"": 0.0, ""DENY"": 0.0, ""DEFER"": 0.0, ""fraction_of_consequential"": 0.0}, ""ISOLATED"": {""proposed"": 0, ""ALLOW"": 0.0, ""DENY"": 0.0, ""DEFER"": 0.0, ""fraction_of_consequential"": 0.0}, ""RECOVERING"": {""proposed"": 0, ""ALLOW"": 0.0, ""DENY"": 0.0, ""DEFER"": 0.0, ""fraction_of_consequential"": 0.0}}",b0d804b41d6f708612dc345c3e165ef89bc8bd77,76ddc102d9e4249d
B2,paper_ssp_200m_moderate_v1,0,0.0,1,tr_a88224c7b787_gpu,47.9171,53.9171,1,"{""conflicting_task_ownership"": 0, ""duplicate_execution"": 0, ""contradictory_reassignment"": 0, ""incompatible_mission_state"": 1, ""inconsistent_anomaly_state"": 0}",0.0,0.9857142857142858,0.9857142857142858,0.7661971830985915,8704,2656,11360,idle,0.0,"{""ALLOW_AUTHORIZED"": 840}","{""fresh"": 70, ""aging"": 0, ""stale"": 0, ""hard_expired"": 0}","{""fresh"": {""proposed"": 70, ""ALLOW"": 70, ""DENY"": 0, ""DEFER"": 0, ""fraction_of_consequential"": 1.0}, ""aging"": {""proposed"": 0, ""ALLOW"": 0, ""DENY"": 0, ""DEFER"": 0, ""fraction_of_consequential"": 0.0}, ""stale"": {""proposed"": 0, ""ALLOW"": 0, ""DENY"": 0, ""DEFER"": 0, ""fraction_of_consequential"": 0.0}, ""hard_expired"": {""proposed"": 0, ""ALLOW"": 0, ""DENY"": 0, ""DEFER"": 0, ""fraction_of_consequential"": 0.0}}","{""CONNECTED"": {""proposed"": 0, ""ALLOW"": 0.0, ""DENY"": 0.0, ""DEFER"": 0.0, ""fraction_of_consequential"": 0.0}, ""DEGRADED"": {""proposed"": 70, ""ALLOW"": 1.0, ""DENY"": 0.0, ""DEFER"": 0.0, ""fraction_of_consequential"": 1.0}, ""PARTITIONED"": {""proposed"": 0, ""ALLOW"": 0.0, ""DENY"": 0.0, ""DEFER"": 0.0, ""fraction_of_consequential"": 0.0}, ""ISOLATED"": {""proposed"": 0, ""ALLOW"": 0.0, ""DENY"": 0.0, ""DEFER"": 0.0, ""fraction_of_consequential"": 0.0}, ""RECOVERING"": {""proposed"": 0, ""ALLOW"": 0.0, ""DENY"": 0.0, ""DEFER"": 0.0, ""fraction_of_consequential"": 0.0}}",b0d804b41d6f708612dc345c3e165ef89bc8bd77,76ddc102d9e4249d
B3,paper_ssp_200m_moderate_v1,0,0.0,1,tr_a88224c7b787_gpu,-30.0462,-30.0462,0,"{""conflicting_task_ownership"": 0, ""duplicate_execution"": 0, ""contradictory_reassignment"": 0, ""incompatible_mission_state"": 0, ""inconsistent_anomaly_state"": 0}",0.0,0.0,0.0,0.767277856135402,8704,2640,11344,idle,0.0,"{""ALLOW_LOW_RISK"": 496, ""DENY_STATIC_BOUND"": 344}","{""fresh"": 344, ""aging"": 0, ""stale"": 0, ""hard_expired"": 0}","{""fresh"": {""proposed"": 344, ""ALLOW"": 0, ""DENY"": 344, ""DEFER"": 0, ""fraction_of_consequential"": 1.0}, ""aging"": {""proposed"": 0, ""ALLOW"": 0, ""DENY"": 0, ""DEFER"": 0, ""fraction_of_consequential"": 0.0}, ""stale"": {""proposed"": 0, ""ALLOW"": 0, ""DENY"": 0, ""DEFER"": 0, ""fraction_of_consequential"": 0.0}, ""hard_expired"": {""proposed"": 0, ""ALLOW"": 0, ""DENY"": 0, ""DEFER"": 0, ""fraction_of_consequential"": 0.0}}","{""CONNECTED"": {""proposed"": 0, ""ALLOW"": 0.0, ""DENY"": 0.0, ""DEFER"": 0.0, ""fraction_of_consequential"": 0.0}, ""DEGRADED"": {""proposed"": 344, ""ALLOW"": 0.0, ""DENY"": 1.0, ""DEFER"": 0.0, ""fraction_of_consequential"": 1.0}, ""PARTITIONED"": {""proposed"": 0, ""ALLOW"": 0.0, ""DENY"": 0.0, ""DEFER"": 0.0, ""fraction_of_consequential"": 0.0}, ""ISOLATED"": {""proposed"": 0, ""ALLOW"": 0.0, ""DENY"": 0.0, ""DEFER"": 0.0, ""fraction_of_consequential"": 0.0}, ""RECOVERING"": {""proposed"": 0, ""ALLOW"": 0.0, ""DENY"": 0.0, ""DEFER"": 0.0, ""fraction_of_consequential"": 0.0}}",b0d804b41d6f708612dc345c3e165ef89bc8bd77,76ddc102d9e4249d
B4,paper_ssp_200m_moderate_v1,0,0.0,1,tr_a88224c7b787_gpu,47.9171,53.9171,1,"{""conflicting_task_ownership"": 0, ""duplicate_execution"": 0, ""contradictory_reassignment"": 0, ""incompatible_mission_state"": 1, ""inconsistent_anomaly_state"": 0}",0.0,0.9857142857142858,0.9857142857142858,0.7661971830985915,8704,2656,11360,idle,0.0,"{""ALLOW_LOW_RISK"": 770, ""ALLOW_AUTHORIZED"": 70}","{""fresh"": 70, ""aging"": 0, ""stale"": 0, ""hard_expired"": 0}","{""fresh"": {""proposed"": 70, ""ALLOW"": 70, ""DENY"": 0, ""DEFER"": 0, ""fraction_of_consequential"": 1.0}, ""aging"": {""proposed"": 0, ""ALLOW"": 0, ""DENY"": 0, ""DEFER"": 0, ""fraction_of_consequential"": 0.0}, ""stale"": {""proposed"": 0, ""ALLOW"": 0, ""DENY"": 0, ""DEFER"": 0, ""fraction_of_consequential"": 0.0}, ""hard_expired"": {""proposed"": 0, ""ALLOW"": 0, ""DENY"": 0, ""DEFER"": 0, ""fraction_of_consequential"": 0.0}}","{""CONNECTED"": {""proposed"": 0, ""ALLOW"": 0.0, ""DENY"": 0.0, ""DEFER"": 0.0, ""fraction_of_consequential"": 0.0}, ""DEGRADED"": {""proposed"": 70, ""ALLOW"": 1.0, ""DENY"": 0.0, ""DEFER"": 0.0, ""fraction_of_consequential"": 1.0}, ""PARTITIONED"": {""proposed"": 0, ""ALLOW"": 0.0, ""DENY"": 0.0, ""DEFER"": 0.0, ""fraction_of_consequential"": 0.0}, ""ISOLATED"": {""proposed"": 0, ""ALLOW"": 0.0, ""DENY"": 0.0, ""DEFER"": 0.0, ""fraction_of_consequential"": 0.0}, ""RECOVERING"": {""proposed"": 0, ""ALLOW"": 0.0, ""DENY"": 0.0, ""DEFER"": 0.0, ""fraction_of_consequential"": 0.0}}",b0d804b41d6f708612dc345c3e165ef89bc8bd77,76ddc102d9e4249d
B5_conservative,paper_ssp_200m_moderate_v1,0,0.0,1,tr_a88224c7b787_gpu,-30.0462,-30.0462,0,"{""conflicting_task_ownership"": 0, ""duplicate_execution"": 0, ""contradictory_reassignment"": 0, ""incompatible_mission_state"": 0, ""inconsistent_anomaly_state"": 0}",0.0,0.0,0.0,0.767277856135402,8704,2640,11344,idle,0.0,"{""ALLOW_LOW_RISK"": 496, ""DEFER_DEGRADED"": 344}","{""fresh"": 344, ""aging"": 0, ""stale"": 0, ""hard_expired"": 0}","{""fresh"": {""proposed"": 344, ""ALLOW"": 0, ""DENY"": 0, ""DEFER"": 344, ""fraction_of_consequential"": 1.0}, ""aging"": {""proposed"": 0, ""ALLOW"": 0, ""DENY"": 0, ""DEFER"": 0, ""fraction_of_consequential"": 0.0}, ""stale"": {""proposed"": 0, ""ALLOW"": 0, ""DENY"": 0, ""DEFER"": 0, ""fraction_of_consequential"": 0.0}, ""hard_expired"": {""proposed"": 0, ""ALLOW"": 0, ""DENY"": 0, ""DEFER"": 0, ""fraction_of_consequential"": 0.0}}","{""CONNECTED"": {""proposed"": 0, ""ALLOW"": 0.0, ""DENY"": 0.0, ""DEFER"": 0.0, ""fraction_of_consequential"": 0.0}, ""DEGRADED"": {""proposed"": 344, ""ALLOW"": 0.0, ""DENY"": 0.0, ""DEFER"": 1.0, ""fraction_of_consequential"": 1.0}, ""PARTITIONED"": {""proposed"": 0, ""ALLOW"": 0.0, ""DENY"": 0.0, ""DEFER"": 0.0, ""fraction_of_consequential"": 0.0}, ""ISOLATED"": {""proposed"": 0, ""ALLOW"": 0.0, ""DENY"": 0.0, ""DEFER"": 0.0, ""fraction_of_consequential"": 0.0}, ""RECOVERING"": {""proposed"": 0, ""ALLOW"": 0.0, ""DENY"": 0.0, ""DEFER"": 0.0, ""fraction_of_consequential"": 0.0}}",b0d804b41d6f708612dc345c3e165ef89bc8bd77,76ddc102d9e4249d
B5_nominal,paper_ssp_200m_moderate_v1,0,0.0,1,tr_a88224c7b787_gpu,47.9171,53.9171,1,"{""conflicting_task_ownership"": 0, ""duplicate_execution"": 0, ""contradictory_reassignment"": 0, ""incompatible_mission_state"": 1, ""inconsistent_anomaly_state"": 0}",0.0,0.9857142857142858,0.9857142857142858,0.7661971830985915,8704,2656,11360,idle,0.0,"{""ALLOW_LOW_RISK"": 770, ""ALLOW_AUTHORIZED"": 70}","{""fresh"": 70, ""aging"": 0, ""stale"": 0, ""hard_expired"": 0}","{""fresh"": {""proposed"": 70, ""ALLOW"": 70, ""DENY"": 0, ""DEFER"": 0, ""fraction_of_consequential"": 1.0}, ""aging"": {""proposed"": 0, ""ALLOW"": 0, ""DENY"": 0, ""DEFER"": 0, ""fraction_of_consequential"": 0.0}, ""stale"": {""proposed"": 0, ""ALLOW"": 0, ""DENY"": 0, ""DEFER"": 0, ""fraction_of_consequential"": 0.0}, ""hard_expired"": {""proposed"": 0, ""ALLOW"": 0, ""DENY"": 0, ""DEFER"": 0, ""fraction_of_consequential"": 0.0}}","{""CONNECTED"": {""proposed"": 0, ""ALLOW"": 0.0, ""DENY"": 0.0, ""DEFER"": 0.0, ""fraction_of_consequential"": 0.0}, ""DEGRADED"": {""proposed"": 70, ""ALLOW"": 1.0, ""DENY"": 0.0, ""DEFER"": 0.0, ""fraction_of_consequential"": 1.0}, ""PARTITIONED"": {""proposed"": 0, ""ALLOW"": 0.0, ""DENY"": 0.0, ""DEFER"": 0.0, ""fraction_of_consequential"": 0.0}, ""ISOLATED"": {""proposed"": 0, ""ALLOW"": 0.0, ""DENY"": 0.0, ""DEFER"": 0.0, ""fraction_of_consequential"": 0.0}, ""RECOVERING"": {""proposed"": 0, ""ALLOW"": 0.0, ""DENY"": 0.0, ""DEFER"": 0.0, ""fraction_of_consequential"": 0.0}}",b0d804b41d6f708612dc345c3e165ef89bc8bd77,76ddc102d9e4249d
B5_permissive,paper_ssp_200m_moderate_v1,0,0.0,1,tr_a88224c7b787_gpu,47.9171,53.9171,1,"{""conflicting_task_ownership"": 0, ""duplicate_execution"": 0, ""contradictory_reassignment"": 0, ""incompatible_mission_state"": 1, ""inconsistent_anomaly_state"": 0}",0.0,0.9857142857142858,0.9857142857142858,0.7661971830985915,8704,2656,11360,idle,0.0,"{""ALLOW_LOW_RISK"": 770, ""ALLOW_AUTHORIZED"": 70}","{""fresh"": 70, ""aging"": 0, ""stale"": 0, ""hard_expired"": 0}","{""fresh"": {""proposed"": 70, ""ALLOW"": 70, ""DENY"": 0, ""DEFER"": 0, ""fraction_of_consequential"": 1.0}, ""aging"": {""proposed"": 0, ""ALLOW"": 0, ""DENY"": 0, ""DEFER"": 0, ""fraction_of_consequential"": 0.0}, ""stale"": {""proposed"": 0, ""ALLOW"": 0, ""DENY"": 0, ""DEFER"": 0, ""fraction_of_consequential"": 0.0}, ""hard_expired"": {""proposed"": 0, ""ALLOW"": 0, ""DENY"": 0, ""DEFER"": 0, ""fraction_of_consequential"": 0.0}}","{""CONNECTED"": {""proposed"": 0, ""ALLOW"": 0.0, ""DENY"": 0.0, ""DEFER"": 0.0, ""fraction_of_consequential"": 0.0}, ""DEGRADED"": {""proposed"": 70, ""ALLOW"": 1.0, ""DENY"": 0.0, ""DEFER"": 0.0, ""fraction_of_consequential"": 1.0}, ""PARTITIONED"": {""proposed"": 0, ""ALLOW"": 0.0, ""DENY"": 0.0, ""DEFER"": 0.0, ""fraction_of_consequential"": 0.0}, ""ISOLATED"": {""proposed"": 0, ""ALLOW"": 0.0, ""DENY"": 0.0, ""DEFER"": 0.0, ""fraction_of_consequential"": 0.0}, ""RECOVERING"": {""proposed"": 0, ""ALLOW"": 0.0, ""DENY"": 0.0, ""DEFER"": 0.0, ""fraction_of_consequential"": 0.0}}",b0d804b41d6f708612dc345c3e165ef89bc8bd77,76ddc102d9e4249d
B1,paper_ssp_200m_moderate_v1,150,150.0,1,tr_a88224c7b787_gpu,47.9177,53.9177,1,"{""conflicting_task_ownership"": 0, ""duplicate_execution"": 0, ""contradictory_reassignment"": 0, ""incompatible_mission_state"": 1, ""inconsistent_anomaly_state"": 0}",0.10526315789473684,0.881578947368421,0.9852941176470589,0.5577342047930284,8192,6496,14688,timeout,40.0,"{""ALLOW_LOW_RISK"": 764, ""ALLOW_AUTHORIZED"": 68, ""DENY_SUPERVISOR_UNREACHABLE"": 6, ""DENY_RECOVERING_CONSEQUENTIAL"": 2}","{""fresh"": 76, ""aging"": 0, ""stale"": 0, ""hard_expired"": 0}","{""fresh"": {""proposed"": 76, ""ALLOW"": 68, ""DENY"": 8, ""DEFER"": 0, ""fraction_of_consequential"": 1.0}, ""aging"": {""proposed"": 0, ""ALLOW"": 0, ""DENY"": 0, ""DEFER"": 0, ""fraction_of_consequential"": 0.0}, ""stale"": {""proposed"": 0, ""ALLOW"": 0, ""DENY"": 0, ""DEFER"": 0, ""fraction_of_consequential"": 0.0}, ""hard_expired"": {""proposed"": 0, ""ALLOW"": 0, ""DENY"": 0, ""DEFER"": 0, ""fraction_of_consequential"": 0.0}}","{""CONNECTED"": {""proposed"": 0, ""ALLOW"": 0.0, ""DENY"": 0.0, ""DEFER"": 0.0, ""fraction_of_consequential"": 0.0}, ""DEGRADED"": {""proposed"": 60, ""ALLOW"": 1.0, ""DENY"": 0.0, ""DEFER"": 0.0, ""fraction_of_consequential"": 0.7894736842105263}, ""PARTITIONED"": {""proposed"": 14, ""ALLOW"": 0.5714285714285714, ""DENY"": 0.42857142857142855, ""DEFER"": 0.0, ""fraction_of_consequential"": 0.18421052631578946}, ""ISOLATED"": {""proposed"": 0, ""ALLOW"": 0.0, ""DENY"": 0.0, ""DEFER"": 0.0, ""fraction_of_consequential"": 0.0}, ""RECOVERING"": {""proposed"": 2, ""ALLOW"": 0.0, ""DENY"": 1.0, ""DEFER"": 0.0, ""fraction_of_consequential"": 0.02631578947368421}}",b0d804b41d6f708612dc345c3e165ef89bc8bd77,8b4441f4b554ad07
B2,paper_ssp_200m_moderate_v1,150,150.0,1,tr_a88224c7b787_gpu,41.923,53.923,2,"{""conflicting_task_ownership"": 0, ""duplicate_execution"": 0, ""contradictory_reassignment"": 1, ""incompatible_mission_state"": 1, ""inconsistent_anomaly_state"": 0}",0.21052631578947367,0.9210526315789473,0.9210526315789473,0.5577342047930284,8192,6496,14688,timeout,40.0,"{""ALLOW_AUTHORIZED"": 840}","{""fresh"": 76, ""aging"": 0, ""stale"": 0, ""hard_expired"": 0}","{""fresh"": {""proposed"": 76, ""ALLOW"": 76, ""DENY"": 0, ""DEFER"": 0, ""fraction_of_consequential"": 1.0}, ""aging"": {""proposed"": 0, ""ALLOW"": 0, ""DENY"": 0, ""DEFER"": 0, ""fraction_of_consequential"": 0.0}, ""stale"": {""proposed"": 0, ""ALLOW"": 0, ""DENY"": 0, ""DEFER"": 0, ""fraction_of_consequential"": 0.0}, ""hard_expired"": {""proposed"": 0, ""ALLOW"": 0, ""DENY"": 0, ""DEFER"": 0, ""fraction_of_consequential"": 0.0}}","{""CONNECTED"": {""proposed"": 0, ""ALLOW"": 0.0, ""DENY"": 0.0, ""DEFER"": 0.0, ""fraction_of_consequential"": 0.0}, ""DEGRADED"": {""proposed"": 60, ""ALLOW"": 1.0, ""DENY"": 0.0, ""DEFER"": 0.0, ""fraction_of_consequential"": 0.7894736842105263}, ""PARTITIONED"": {""proposed"": 14, ""ALLOW"": 1.0, ""DENY"": 0.0, ""DEFER"": 0.0, ""fraction_of_consequential"": 0.18421052631578946}, ""ISOLATED"": {""proposed"": 0, ""ALLOW"": 0.0, ""DENY"": 0.0, ""DEFER"": 0.0, ""fraction_of_consequential"": 0.0}, ""RECOVERING"": {""proposed"": 2, ""ALLOW"": 1.0, ""DENY"": 0.0, ""DEFER"": 0.0, ""fraction_of_consequential"": 0.02631578947368421}}",b0d804b41d6f708612dc345c3e165ef89bc8bd77,8b4441f4b554ad07
B3,paper_ssp_200m_moderate_v1,150,150.0,1,tr_a88224c7b787_gpu,-30.046,-30.046,0,"{""conflicting_task_ownership"": 0, ""duplicate_execution"": 0, ""contradictory_reassignment"": 0, ""incompatible_mission_state"": 0, ""inconsistent_anomaly_state"": 0}",0.0,0.0,0.0,0.5583424209378408,8192,6480,14672,timeout,40.0,"{""ALLOW_LOW_RISK"": 494, ""DENY_STATIC_BOUND"": 346}","{""fresh"": 342, ""aging"": 4, ""stale"": 0, ""hard_expired"": 0}","{""fresh"": {""proposed"": 342, ""ALLOW"": 0, ""DENY"": 342, ""DEFER"": 0, ""fraction_of_consequential"": 0.9884393063583815}, ""aging"": {""proposed"": 4, ""ALLOW"": 0, ""DENY"": 4, ""DEFER"": 0, ""fraction_of_consequential"": 0.011560693641618497}, ""stale"": {""proposed"": 0, ""ALLOW"": 0, ""DENY"": 0, ""DEFER"": 0, ""fraction_of_consequential"": 0.0}, ""hard_expired"": {""proposed"": 0, ""ALLOW"": 0, ""DENY"": 0, ""DEFER"": 0, ""fraction_of_consequential"": 0.0}}","{""CONNECTED"": {""proposed"": 0, ""ALLOW"": 0.0, ""DENY"": 0.0, ""DEFER"": 0.0, ""fraction_of_consequential"": 0.0}, ""DEGRADED"": {""proposed"": 294, ""ALLOW"": 0.0, ""DENY"": 1.0, ""DEFER"": 0.0, ""fraction_of_consequential"": 0.8497109826589595}, ""PARTITIONED"": {""proposed"": 42, ""ALLOW"": 0.0, ""DENY"": 1.0, ""DEFER"": 0.0, ""fraction_of_consequential"": 0.12138728323699421}, ""ISOLATED"": {""proposed"": 0, ""ALLOW"": 0.0, ""DENY"": 0.0, ""DEFER"": 0.0, ""fraction_of_consequential"": 0.0}, ""RECOVERING"": {""proposed"": 10, ""ALLOW"": 0.0, ""DENY"": 1.0, ""DEFER"": 0.0, ""fraction_of_consequential"": 0.028901734104046242}}",b0d804b41d6f708612dc345c3e165ef89bc8bd77,8b4441f4b554ad07
B4,paper_ssp_200m_moderate_v1,150,150.0,1,tr_a88224c7b787_gpu,41.923,53.923,2,"{""conflicting_task_ownership"": 0, ""duplicate_execution"": 0, ""contradictory_reassignment"": 1, ""incompatible_mission_state"": 1, ""inconsistent_anomaly_state"": 0}",0.18421052631578946,0.8947368421052632,0.918918918918919,0.5577342047930284,8192,6496,14688,timeout,40.0,"{""ALLOW_LOW_RISK"": 764, ""ALLOW_AUTHORIZED"": 74, ""DENY_RECOVERING_HARD_SAFETY"": 2}","{""fresh"": 76, ""aging"": 0, ""stale"": 0, ""hard_expired"": 0}","{""fresh"": {""proposed"": 76, ""ALLOW"": 74, ""DENY"": 2, ""DEFER"": 0, ""fraction_of_consequential"": 1.0}, ""aging"": {""proposed"": 0, ""ALLOW"": 0, ""DENY"": 0, ""DEFER"": 0, ""fraction_of_consequential"": 0.0}, ""stale"": {""proposed"": 0, ""ALLOW"": 0, ""DENY"": 0, ""DEFER"": 0, ""fraction_of_consequential"": 0.0}, ""hard_expired"": {""proposed"": 0, ""ALLOW"": 0, ""DENY"": 0, ""DEFER"": 0, ""fraction_of_consequential"": 0.0}}","{""CONNECTED"": {""proposed"": 0, ""ALLOW"": 0.0, ""DENY"": 0.0, ""DEFER"": 0.0, ""fraction_of_consequential"": 0.0}, ""DEGRADED"": {""proposed"": 60, ""ALLOW"": 1.0, ""DENY"": 0.0, ""DEFER"": 0.0, ""fraction_of_consequential"": 0.7894736842105263}, ""PARTITIONED"": {""proposed"": 14, ""ALLOW"": 1.0, ""DENY"": 0.0, ""DEFER"": 0.0, ""fraction_of_consequential"": 0.18421052631578946}, ""ISOLATED"": {""proposed"": 0, ""ALLOW"": 0.0, ""DENY"": 0.0, ""DEFER"": 0.0, ""fraction_of_consequential"": 0.0}, ""RECOVERING"": {""proposed"": 2, ""ALLOW"": 0.0, ""DENY"": 1.0, ""DEFER"": 0.0, ""fraction_of_consequential"": 0.02631578947368421}}",b0d804b41d6f708612dc345c3e165ef89bc8bd77,8b4441f4b554ad07
B5_conservative,paper_ssp_200m_moderate_v1,150,150.0,1,tr_a88224c7b787_gpu,-30.046,-30.046,0,"{""conflicting_task_ownership"": 0, ""duplicate_execution"": 0, ""contradictory_reassignment"": 0, ""incompatible_mission_state"": 0, ""inconsistent_anomaly_state"": 0}",0.0,0.0,0.0,0.5583424209378408,8192,6480,14672,timeout,40.0,"{""ALLOW_LOW_RISK"": 494, ""DEFER_DEGRADED"": 294, ""DENY_CONNECTIVITY_POLICY"": 52}","{""fresh"": 342, ""aging"": 4, ""stale"": 0, ""hard_expired"": 0}","{""fresh"": {""proposed"": 342, ""ALLOW"": 0, ""DENY"": 48, ""DEFER"": 294, ""fraction_of_consequential"": 0.9884393063583815}, ""aging"": {""proposed"": 4, ""ALLOW"": 0, ""DENY"": 4, ""DEFER"": 0, ""fraction_of_consequential"": 0.011560693641618497}, ""stale"": {""proposed"": 0, ""ALLOW"": 0, ""DENY"": 0, ""DEFER"": 0, ""fraction_of_consequential"": 0.0}, ""hard_expired"": {""proposed"": 0, ""ALLOW"": 0, ""DENY"": 0, ""DEFER"": 0, ""fraction_of_consequential"": 0.0}}","{""CONNECTED"": {""proposed"": 0, ""ALLOW"": 0.0, ""DENY"": 0.0, ""DEFER"": 0.0, ""fraction_of_consequential"": 0.0}, ""DEGRADED"": {""proposed"": 294, ""ALLOW"": 0.0, ""DENY"": 0.0, ""DEFER"": 1.0, ""fraction_of_consequential"": 0.8497109826589595}, ""PARTITIONED"": {""proposed"": 42, ""ALLOW"": 0.0, ""DENY"": 1.0, ""DEFER"": 0.0, ""fraction_of_consequential"": 0.12138728323699421}, ""ISOLATED"": {""proposed"": 0, ""ALLOW"": 0.0, ""DENY"": 0.0, ""DEFER"": 0.0, ""fraction_of_consequential"": 0.0}, ""RECOVERING"": {""proposed"": 10, ""ALLOW"": 0.0, ""DENY"": 1.0, ""DEFER"": 0.0, ""fraction_of_consequential"": 0.028901734104046242}}",b0d804b41d6f708612dc345c3e165ef89bc8bd77,8b4441f4b554ad07
B5_nominal,paper_ssp_200m_moderate_v1,150,150.0,1,tr_a88224c7b787_gpu,41.923,53.923,2,"{""conflicting_task_ownership"": 0, ""duplicate_execution"": 0, ""contradictory_reassignment"": 1, ""incompatible_mission_state"": 1, ""inconsistent_anomaly_state"": 0}",0.21052631578947367,0.9210526315789473,0.9210526315789473,0.5577342047930284,8192,6496,14688,timeout,40.0,"{""ALLOW_LOW_RISK"": 764, ""ALLOW_AUTHORIZED"": 76}","{""fresh"": 76, ""aging"": 0, ""stale"": 0, ""hard_expired"": 0}","{""fresh"": {""proposed"": 76, ""ALLOW"": 76, ""DENY"": 0, ""DEFER"": 0, ""fraction_of_consequential"": 1.0}, ""aging"": {""proposed"": 0, ""ALLOW"": 0, ""DENY"": 0, ""DEFER"": 0, ""fraction_of_consequential"": 0.0}, ""stale"": {""proposed"": 0, ""ALLOW"": 0, ""DENY"": 0, ""DEFER"": 0, ""fraction_of_consequential"": 0.0}, ""hard_expired"": {""proposed"": 0, ""ALLOW"": 0, ""DENY"": 0, ""DEFER"": 0, ""fraction_of_consequential"": 0.0}}","{""CONNECTED"": {""proposed"": 0, ""ALLOW"": 0.0, ""DENY"": 0.0, ""DEFER"": 0.0, ""fraction_of_consequential"": 0.0}, ""DEGRADED"": {""proposed"": 60, ""ALLOW"": 1.0, ""DENY"": 0.0, ""DEFER"": 0.0, ""fraction_of_consequential"": 0.7894736842105263}, ""PARTITIONED"": {""proposed"": 14, ""ALLOW"": 1.0, ""DENY"": 0.0, ""DEFER"": 0.0, ""fraction_of_consequential"": 0.18421052631578946}, ""ISOLATED"": {""proposed"": 0, ""ALLOW"": 0.0, ""DENY"": 0.0, ""DEFER"": 0.0, ""fraction_of_consequential"": 0.0}, ""RECOVERING"": {""proposed"": 2, ""ALLOW"": 1.0, ""DENY"": 0.0, ""DEFER"": 0.0, ""fraction_of_consequential"": 0.02631578947368421}}",b0d804b41d6f708612dc345c3e165ef89bc8bd77,8b4441f4b554ad07
B5_permissive,paper_ssp_200m_moderate_v1,150,150.0,1,tr_a88224c7b787_gpu,41.923,53.923,2,"{""conflicting_task_ownership"": 0, ""duplicate_execution"": 0, ""contradictory_reassignment"": 1, ""incompatible_mission_state"": 1, ""inconsistent_anomaly_state"": 0}",0.21052631578947367,0.9210526315789473,0.9210526315789473,0.5577342047930284,8192,6496,14688,timeout,40.0,"{""ALLOW_LOW_RISK"": 764, ""ALLOW_AUTHORIZED"": 76}","{""fresh"": 76, ""aging"": 0, ""stale"": 0, ""hard_expired"": 0}","{""fresh"": {""proposed"": 76, ""ALLOW"": 76, ""DENY"": 0, ""DEFER"": 0, ""fraction_of_consequential"": 1.0}, ""aging"": {""proposed"": 0, ""ALLOW"": 0, ""DENY"": 0, ""DEFER"": 0, ""fraction_of_consequential"": 0.0}, ""stale"": {""proposed"": 0, ""ALLOW"": 0, ""DENY"": 0, ""DEFER"": 0, ""fraction_of_consequential"": 0.0}, ""hard_expired"": {""proposed"": 0, ""ALLOW"": 0, ""DENY"": 0, ""DEFER"": 0, ""fraction_of_consequential"": 0.0}}","{""CONNECTED"": {""proposed"": 0, ""ALLOW"": 0.0, ""DENY"": 0.0, ""DEFER"": 0.0, ""fraction_of_consequential"": 0.0}, ""DEGRADED"": {""proposed"": 60, ""ALLOW"": 1.0, ""DENY"": 0.0, ""DEFER"": 0.0, ""fraction_of_consequential"": 0.7894736842105263}, ""PARTITIONED"": {""proposed"": 14, ""ALLOW"": 1.0, ""DENY"": 0.0, ""DEFER"": 0.0, ""fraction_of_consequential"": 0.18421052631578946}, ""ISOLATED"": {""proposed"": 0, ""ALLOW"": 0.0, ""DENY"": 0.0, ""DEFER"": 0.0, ""fraction_of_consequential"": 0.0}, ""RECOVERING"": {""proposed"": 2, ""ALLOW"": 1.0, ""DENY"": 0.0, ""DEFER"": 0.0, ""fraction_of_consequential"": 0.02631578947368421}}",b0d804b41d6f708612dc345c3e165ef89bc8bd77,8b4441f4b554ad07
B1,paper_ssp_200m_moderate_v1,300,300.0,1,tr_a88224c7b787_gpu,47.9183,53.9183,1,"{""conflicting_task_ownership"": 0, ""duplicate_execution"": 0, ""contradictory_reassignment"": 0, ""incompatible_mission_state"": 1, ""inconsistent_anomaly_state"": 0}",0.18292682926829268,0.8170731707317073,0.9852941176470589,0.45390070921985815,8192,9856,18048,timeout,40.0,"{""ALLOW_LOW_RISK"": 758, ""ALLOW_AUTHORIZED"": 68, ""DENY_SUPERVISOR_UNREACHABLE"": 12, ""DENY_RECOVERING_CONSEQUENTIAL"": 2}","{""fresh"": 76, ""aging"": 6, ""stale"": 0, ""hard_expired"": 0}","{""fresh"": {""proposed"": 76, ""ALLOW"": 68, ""DENY"": 8, ""DEFER"": 0, ""fraction_of_consequential"": 0.926829268292683}, ""aging"": {""proposed"": 6, ""ALLOW"": 0, ""DENY"": 6, ""DEFER"": 0, ""fraction_of_consequential"": 0.07317073170731707}, ""stale"": {""proposed"": 0, ""ALLOW"": 0, ""DENY"": 0, ""DEFER"": 0, ""fraction_of_consequential"": 0.0}, ""hard_expired"": {""proposed"": 0, ""ALLOW"": 0, ""DENY"": 0, ""DEFER"": 0, ""fraction_of_consequential"": 0.0}}","{""CONNECTED"": {""proposed"": 0, ""ALLOW"": 0.0, ""DENY"": 0.0, ""DEFER"": 0.0, ""fraction_of_consequential"": 0.0}, ""DEGRADED"": {""proposed"": 53, ""ALLOW"": 1.0, ""DENY"": 0.0, ""DEFER"": 0.0, ""fraction_of_consequential"": 0.6463414634146342}, ""PARTITIONED"": {""proposed"": 27, ""ALLOW"": 0.5555555555555556, ""DENY"": 0.4444444444444444, ""DEFER"": 0.0, ""fraction_of_consequential"": 0.32926829268292684}, ""ISOLATED"": {""proposed"": 0, ""ALLOW"": 0.0, ""DENY"": 0.0, ""DEFER"": 0.0, ""fraction_of_consequential"": 0.0}, ""RECOVERING"": {""proposed"": 2, ""ALLOW"": 0.0, ""DENY"": 1.0, ""DEFER"": 0.0, ""fraction_of_consequential"": 0.024390243902439025}}",b0d804b41d6f708612dc345c3e165ef89bc8bd77,1228eec2eb2b2c1a
B2,paper_ssp_200m_moderate_v1,300,300.0,1,tr_a88224c7b787_gpu,-14.0806,21.9194,6,"{""conflicting_task_ownership"": 0, ""duplicate_execution"": 0, ""contradictory_reassignment"": 1, ""incompatible_mission_state"": 1, ""inconsistent_anomaly_state"": 4}",0.3375,0.925,0.925,0.45390070921985815,8192,9856,18048,timeout,40.0,"{""ALLOW_AUTHORIZED"": 840}","{""fresh"": 76, ""aging"": 4, ""stale"": 0, ""hard_expired"": 0}","{""fresh"": {""proposed"": 76, ""ALLOW"": 76, ""DENY"": 0, ""DEFER"": 0, ""fraction_of_consequential"": 0.95}, ""aging"": {""proposed"": 4, ""ALLOW"": 4, ""DENY"": 0, ""DEFER"": 0, ""fraction_of_consequential"": 0.05}, ""stale"": {""proposed"": 0, ""ALLOW"": 0, ""DENY"": 0, ""DEFER"": 0, ""fraction_of_consequential"": 0.0}, ""hard_expired"": {""proposed"": 0, ""ALLOW"": 0, ""DENY"": 0, ""DEFER"": 0, ""fraction_of_consequential"": 0.0}}","{""CONNECTED"": {""proposed"": 0, ""ALLOW"": 0.0, ""DENY"": 0.0, ""DEFER"": 0.0, ""fraction_of_consequential"": 0.0}, ""DEGRADED"": {""proposed"": 53, ""ALLOW"": 1.0, ""DENY"": 0.0, ""DEFER"": 0.0, ""fraction_of_consequential"": 0.6625}, ""PARTITIONED"": {""proposed"": 25, ""ALLOW"": 1.0, ""DENY"": 0.0, ""DEFER"": 0.0, ""fraction_of_consequential"": 0.3125}, ""ISOLATED"": {""proposed"": 0, ""ALLOW"": 0.0, ""DENY"": 0.0, ""DEFER"": 0.0, ""fraction_of_consequential"": 0.0}, ""RECOVERING"": {""proposed"": 2, ""ALLOW"": 1.0, ""DENY"": 0.0, ""DEFER"": 0.0, ""fraction_of_consequential"": 0.025}}",b0d804b41d6f708612dc345c3e165ef89bc8bd77,1228eec2eb2b2c1a
B3,paper_ssp_200m_moderate_v1,300,300.0,1,tr_a88224c7b787_gpu,-30.0458,-30.0458,0,"{""conflicting_task_ownership"": 0, ""duplicate_execution"": 0, ""contradictory_reassignment"": 0, ""incompatible_mission_state"": 0, ""inconsistent_anomaly_state"": 0}",0.0,0.0,0.0,0.45430346051464066,8192,9840,18032,timeout,40.0,"{""ALLOW_LOW_RISK"": 492, ""DENY_STATIC_BOUND"": 348}","{""fresh"": 314, ""aging"": 34, ""stale"": 0, ""hard_expired"": 0}","{""fresh"": {""proposed"": 314, ""ALLOW"": 0, ""DENY"": 314, ""DEFER"": 0, ""fraction_of_consequential"": 0.9022988505747126}, ""aging"": {""proposed"": 34, ""ALLOW"": 0, ""DENY"": 34, ""DEFER"": 0, ""fraction_of_consequential"": 0.09770114942528736}, ""stale"": {""proposed"": 0, ""ALLOW"": 0, ""DENY"": 0, ""DEFER"": 0, ""fraction_of_consequential"": 0.0}, ""hard_expired"": {""proposed"": 0, ""ALLOW"": 0, ""DENY"": 0, ""DEFER"": 0, ""fraction_of_consequential"": 0.0}}","{""CONNECTED"": {""proposed"": 0, ""ALLOW"": 0.0, ""DENY"": 0.0, ""DEFER"": 0.0, ""fraction_of_consequential"": 0.0}, ""DEGRADED"": {""proposed"": 259, ""ALLOW"": 0.0, ""DENY"": 1.0, ""DEFER"": 0.0, ""fraction_of_consequential"": 0.7442528735632183}, ""PARTITIONED"": {""proposed"": 79, ""ALLOW"": 0.0, ""DENY"": 1.0, ""DEFER"": 0.0, ""fraction_of_consequential"": 0.22701149425287356}, ""ISOLATED"": {""proposed"": 0, ""ALLOW"": 0.0, ""DENY"": 0.0, ""DEFER"": 0.0, ""fraction_of_consequential"": 0.0}, ""RECOVERING"": {""proposed"": 10, ""ALLOW"": 0.0, ""DENY"": 1.0, ""DEFER"": 0.0, ""fraction_of_consequential"": 0.028735632183908046}}",b0d804b41d6f708612dc345c3e165ef89bc8bd77,1228eec2eb2b2c1a
B4,paper_ssp_200m_moderate_v1,300,300.0,1,tr_a88224c7b787_gpu,-14.0806,21.9194,6,"{""conflicting_task_ownership"": 0, ""duplicate_execution"": 0, ""contradictory_reassignment"": 1, ""incompatible_mission_state"": 1, ""inconsistent_anomaly_state"": 4}",0.3125,0.9,0.9230769230769231,0.45390070921985815,8192,9856,18048,timeout,40.0,"{""ALLOW_LOW_RISK"": 760, ""ALLOW_AUTHORIZED"": 78, ""DENY_RECOVERING_HARD_SAFETY"": 2}","{""fresh"": 76, ""aging"": 4, ""stale"": 0, ""hard_expired"": 0}","{""fresh"": {""proposed"": 76, ""ALLOW"": 74, ""DENY"": 2, ""DEFER"": 0, ""fraction_of_consequential"": 0.95}, ""aging"": {""proposed"": 4, ""ALLOW"": 4, ""DENY"": 0, ""DEFER"": 0, ""fraction_of_consequential"": 0.05}, ""stale"": {""proposed"": 0, ""ALLOW"": 0, ""DENY"": 0, ""DEFER"": 0, ""fraction_of_consequential"": 0.0}, ""hard_expired"": {""proposed"": 0, ""ALLOW"": 0, ""DENY"": 0, ""DEFER"": 0, ""fraction_of_consequential"": 0.0}}","{""CONNECTED"": {""proposed"": 0, ""ALLOW"": 0.0, ""DENY"": 0.0, ""DEFER"": 0.0, ""fraction_of_consequential"": 0.0}, ""DEGRADED"": {""proposed"": 53, ""ALLOW"": 1.0, ""DENY"": 0.0, ""DEFER"": 0.0, ""fraction_of_consequential"": 0.6625}, ""PARTITIONED"": {""proposed"": 25, ""ALLOW"": 1.0, ""DENY"": 0.0, ""DEFER"": 0.0, ""fraction_of_consequential"": 0.3125}, ""ISOLATED"": {""proposed"": 0, ""ALLOW"": 0.0, ""DENY"": 0.0, ""DEFER"": 0.0, ""fraction_of_consequential"": 0.0}, ""RECOVERING"": {""proposed"": 2, ""ALLOW"": 0.0, ""DENY"": 1.0, ""DEFER"": 0.0, ""fraction_of_consequential"": 0.025}}",b0d804b41d6f708612dc345c3e165ef89bc8bd77,1228eec2eb2b2c1a
B5_conservative,paper_ssp_200m_moderate_v1,300,300.0,1,tr_a88224c7b787_gpu,-30.0458,-30.0458,0,"{""conflicting_task_ownership"": 0, ""duplicate_execution"": 0, ""contradictory_reassignment"": 0, ""incompatible_mission_state"": 0, ""inconsistent_anomaly_state"": 0}",0.0,0.0,0.0,0.45430346051464066,8192,9840,18032,timeout,40.0,"{""ALLOW_LOW_RISK"": 492, ""DEFER_DEGRADED"": 259, ""DENY_CONNECTIVITY_POLICY"": 89}","{""fresh"": 314, ""aging"": 34, ""stale"": 0, ""hard_expired"": 0}","{""fresh"": {""proposed"": 314, ""ALLOW"": 0, ""DENY"": 55, ""DEFER"": 259, ""fraction_of_consequential"": 0.9022988505747126}, ""aging"": {""proposed"": 34, ""ALLOW"": 0, ""DENY"": 34, ""DEFER"": 0, ""fraction_of_consequential"": 0.09770114942528736}, ""stale"": {""proposed"": 0, ""ALLOW"": 0, ""DENY"": 0, ""DEFER"": 0, ""fraction_of_consequential"": 0.0}, ""hard_expired"": {""proposed"": 0, ""ALLOW"": 0, ""DENY"": 0, ""DEFER"": 0, ""fraction_of_consequential"": 0.0}}","{""CONNECTED"": {""proposed"": 0, ""ALLOW"": 0.0, ""DENY"": 0.0, ""DEFER"": 0.0, ""fraction_of_consequential"": 0.0}, ""DEGRADED"": {""proposed"": 259, ""ALLOW"": 0.0, ""DENY"": 0.0, ""DEFER"": 1.0, ""fraction_of_consequential"": 0.7442528735632183}, ""PARTITIONED"": {""proposed"": 79, ""ALLOW"": 0.0, ""DENY"": 1.0, ""DEFER"": 0.0, ""fraction_of_consequential"": 0.22701149425287356}, ""ISOLATED"": {""proposed"": 0, ""ALLOW"": 0.0, ""DENY"": 0.0, ""DEFER"": 0.0, ""fraction_of_consequential"": 0.0}, ""RECOVERING"": {""proposed"": 10, ""ALLOW"": 0.0, ""DENY"": 1.0, ""DEFER"": 0.0, ""fraction_of_consequential"": 0.028735632183908046}}",b0d804b41d6f708612dc345c3e165ef89bc8bd77,1228eec2eb2b2c1a
B5_nominal,paper_ssp_200m_moderate_v1,300,300.0,1,tr_a88224c7b787_gpu,-14.0806,21.9194,6,"{""conflicting_task_ownership"": 0, ""duplicate_execution"": 0, ""contradictory_reassignment"": 1, ""incompatible_mission_state"": 1, ""inconsistent_anomaly_state"": 4}",0.3375,0.925,0.925,0.45390070921985815,8192,9856,18048,timeout,40.0,"{""ALLOW_LOW_RISK"": 760, ""ALLOW_AUTHORIZED"": 80}","{""fresh"": 76, ""aging"": 4, ""stale"": 0, ""hard_expired"": 0}","{""fresh"": {""proposed"": 76, ""ALLOW"": 76, ""DENY"": 0, ""DEFER"": 0, ""fraction_of_consequential"": 0.95}, ""aging"": {""proposed"": 4, ""ALLOW"": 4, ""DENY"": 0, ""DEFER"": 0, ""fraction_of_consequential"": 0.05}, ""stale"": {""proposed"": 0, ""ALLOW"": 0, ""DENY"": 0, ""DEFER"": 0, ""fraction_of_consequential"": 0.0}, ""hard_expired"": {""proposed"": 0, ""ALLOW"": 0, ""DENY"": 0, ""DEFER"": 0, ""fraction_of_consequential"": 0.0}}","{""CONNECTED"": {""proposed"": 0, ""ALLOW"": 0.0, ""DENY"": 0.0, ""DEFER"": 0.0, ""fraction_of_consequential"": 0.0}, ""DEGRADED"": {""proposed"": 53, ""ALLOW"": 1.0, ""DENY"": 0.0, ""DEFER"": 0.0, ""fraction_of_consequential"": 0.6625}, ""PARTITIONED"": {""proposed"": 25, ""ALLOW"": 1.0, ""DENY"": 0.0, ""DEFER"": 0.0, ""fraction_of_consequential"": 0.3125}, ""ISOLATED"": {""proposed"": 0, ""ALLOW"": 0.0, ""DENY"": 0.0, ""DEFER"": 0.0, ""fraction_of_consequential"": 0.0}, ""RECOVERING"": {""proposed"": 2, ""ALLOW"": 1.0, ""DENY"": 0.0, ""DEFER"": 0.0, ""fraction_of_consequential"": 0.025}}",b0d804b41d6f708612dc345c3e165ef89bc8bd77,1228eec2eb2b2c1a
B5_permissive,paper_ssp_200m_moderate_v1,300,300.0,1,tr_a88224c7b787_gpu,-14.0806,21.9194,6,"{""conflicting_task_ownership"": 0, ""duplicate_execution"": 0, ""contradictory_reassignment"": 1, ""incompatible_mission_state"": 1, ""inconsistent_anomaly_state"": 4}",0.3375,0.925,0.925,0.45390070921985815,8192,9856,18048,timeout,40.0,"{""ALLOW_LOW_RISK"": 760, ""ALLOW_AUTHORIZED"": 80}","{""fresh"": 76, ""aging"": 4, ""stale"": 0, ""hard_expired"": 0}","{""fresh"": {""proposed"": 76, ""ALLOW"": 76, ""DENY"": 0, ""DEFER"": 0, ""fraction_of_consequential"": 0.95}, ""aging"": {""proposed"": 4, ""ALLOW"": 4, ""DENY"": 0, ""DEFER"": 0, ""fraction_of_consequential"": 0.05}, ""stale"": {""proposed"": 0, ""ALLOW"": 0, ""DENY"": 0, ""DEFER"": 0, ""fraction_of_consequential"": 0.0}, ""hard_expired"": {""proposed"": 0, ""ALLOW"": 0, ""DENY"": 0, ""DEFER"": 0, ""fraction_of_consequential"": 0.0}}","{""CONNECTED"": {""proposed"": 0, ""ALLOW"": 0.0, ""DENY"": 0.0, ""DEFER"": 0.0, ""fraction_of_consequential"": 0.0}, ""DEGRADED"": {""proposed"": 53, ""ALLOW"": 1.0, ""DENY"": 0.0, ""DEFER"": 0.0, ""fraction_of_consequential"": 0.6625}, ""PARTITIONED"": {""proposed"": 25, ""ALLOW"": 1.0, ""DENY"": 0.0, ""DEFER"": 0.0, ""fraction_of_consequential"": 0.3125}, ""ISOLATED"": {""proposed"": 0, ""ALLOW"": 0.0, ""DENY"": 0.0, ""DEFER"": 0.0, ""fraction_of_consequential"": 0.0}, ""RECOVERING"": {""proposed"": 2, ""ALLOW"": 1.0, ""DENY"": 0.0, ""DEFER"": 0.0, ""fraction_of_consequential"": 0.025}}",b0d804b41d6f708612dc345c3e165ef89bc8bd77,1228eec2eb2b2c1a
B1,paper_ssp_200m_moderate_v1,500,500.0,1,tr_a88224c7b787_gpu,47.9189,53.9189,1,"{""conflicting_task_ownership"": 0, ""duplicate_execution"": 0, ""contradictory_reassignment"": 0, ""incompatible_mission_state"": 1, ""inconsistent_anomaly_state"": 0}",0.2840909090909091,0.7613636363636364,0.9852941176470589,0.43537414965986393,8192,10624,18816,timeout,40.0,"{""ALLOW_LOW_RISK"": 752, ""ALLOW_AUTHORIZED"": 68, ""DENY_SUPERVISOR_UNREACHABLE"": 18, ""DENY_RECOVERING_CONSEQUENTIAL"": 2}","{""fresh"": 76, ""aging"": 6, ""stale"": 6, ""hard_expired"": 0}","{""fresh"": {""proposed"": 76, ""ALLOW"": 68, ""DENY"": 8, ""DEFER"": 0, ""fraction_of_consequential"": 0.8636363636363636}, ""aging"": {""proposed"": 6, ""ALLOW"": 0, ""DENY"": 6, ""DEFER"": 0, ""fraction_of_consequential"": 0.06818181818181818}, ""stale"": {""proposed"": 6, ""ALLOW"": 0, ""DENY"": 6, ""DEFER"": 0, ""fraction_of_consequential"": 0.06818181818181818}, ""hard_expired"": {""proposed"": 0, ""ALLOW"": 0, ""DENY"": 0, ""DEFER"": 0, ""fraction_of_consequential"": 0.0}}","{""CONNECTED"": {""proposed"": 0, ""ALLOW"": 0.0, ""DENY"": 0.0, ""DEFER"": 0.0, ""fraction_of_consequential"": 0.0}, ""DEGRADED"": {""proposed"": 43, ""ALLOW"": 1.0, ""DENY"": 0.0, ""DEFER"": 0.0, ""fraction_of_consequential"": 0.48863636363636365}, ""PARTITIONED"": {""proposed"": 43, ""ALLOW"": 0.5813953488372093, ""DENY"": 0.4186046511627907, ""DEFER"": 0.0, ""fraction_of_consequential"": 0.48863636363636365}, ""ISOLATED"": {""proposed"": 0, ""ALLOW"": 0.0, ""DENY"": 0.0, ""DEFER"": 0.0, ""fraction_of_consequential"": 0.0}, ""RECOVERING"": {""proposed"": 2, ""ALLOW"": 0.0, ""DENY"": 1.0, ""DEFER"": 0.0, ""fraction_of_consequential"": 0.022727272727272728}}",b0d804b41d6f708612dc345c3e165ef89bc8bd77,e3c45cfec874f8b2
B2,paper_ssp_200m_moderate_v1,500,500.0,1,tr_a88224c7b787_gpu,-77.08455,-23.08455,9,"{""conflicting_task_ownership"": 0, ""duplicate_execution"": 0, ""contradictory_reassignment"": 1, ""incompatible_mission_state"": 4, ""inconsistent_anomaly_state"": 4}",0.49411764705882355,0.9294117647058824,0.9294117647058824,0.43537414965986393,8192,10624,18816,timeout,40.0,"{""ALLOW_AUTHORIZED"": 840}","{""fresh"": 76, ""aging"": 4, ""stale"": 5, ""hard_expired"": 0}","{""fresh"": {""proposed"": 76, ""ALLOW"": 76, ""DENY"": 0, ""DEFER"": 0, ""fraction_of_consequential"": 0.8941176470588236}, ""aging"": {""proposed"": 4, ""ALLOW"": 4, ""DENY"": 0, ""DEFER"": 0, ""fraction_of_consequential"": 0.047058823529411764}, ""stale"": {""proposed"": 5, ""ALLOW"": 5, ""DENY"": 0, ""DEFER"": 0, ""fraction_of_consequential"": 0.058823529411764705}, ""hard_expired"": {""proposed"": 0, ""ALLOW"": 0, ""DENY"": 0, ""DEFER"": 0, ""fraction_of_consequential"": 0.0}}","{""CONNECTED"": {""proposed"": 0, ""ALLOW"": 0.0, ""DENY"": 0.0, ""DEFER"": 0.0, ""fraction_of_consequential"": 0.0}, ""DEGRADED"": {""proposed"": 43, ""ALLOW"": 1.0, ""DENY"": 0.0, ""DEFER"": 0.0, ""fraction_of_consequential"": 0.5058823529411764}, ""PARTITIONED"": {""proposed"": 40, ""ALLOW"": 1.0, ""DENY"": 0.0, ""DEFER"": 0.0, ""fraction_of_consequential"": 0.47058823529411764}, ""ISOLATED"": {""proposed"": 0, ""ALLOW"": 0.0, ""DENY"": 0.0, ""DEFER"": 0.0, ""fraction_of_consequential"": 0.0}, ""RECOVERING"": {""proposed"": 2, ""ALLOW"": 1.0, ""DENY"": 0.0, ""DEFER"": 0.0, ""fraction_of_consequential"": 0.023529411764705882}}",b0d804b41d6f708612dc345c3e165ef89bc8bd77,e3c45cfec874f8b2
B3,paper_ssp_200m_moderate_v1,500,500.0,1,tr_a88224c7b787_gpu,-30.0456,-30.0456,0,"{""conflicting_task_ownership"": 0, ""duplicate_execution"": 0, ""contradictory_reassignment"": 0, ""incompatible_mission_state"": 0, ""inconsistent_anomaly_state"": 0}",0.0,0.0,0.0,0.4357446808510638,8192,10608,18800,timeout,40.0,"{""ALLOW_LOW_RISK"": 490, ""DENY_STATIC_BOUND"": 350}","{""fresh"": 274, ""aging"": 46, ""stale"": 30, ""hard_expired"": 0}","{""fresh"": {""proposed"": 274, ""ALLOW"": 0, ""DENY"": 274, ""DEFER"": 0, ""fraction_of_consequential"": 0.7828571428571428}, ""aging"": {""proposed"": 46, ""ALLOW"": 0, ""DENY"": 46, ""DEFER"": 0, ""fraction_of_consequential"": 0.13142857142857142}, ""stale"": {""proposed"": 30, ""ALLOW"": 0, ""DENY"": 30, ""DEFER"": 0, ""fraction_of_consequential"": 0.08571428571428572}, ""hard_expired"": {""proposed"": 0, ""ALLOW"": 0, ""DENY"": 0, ""DEFER"": 0, ""fraction_of_consequential"": 0.0}}","{""CONNECTED"": {""proposed"": 0, ""ALLOW"": 0.0, ""DENY"": 0.0, ""DEFER"": 0.0, ""fraction_of_consequential"": 0.0}, ""DEGRADED"": {""proposed"": 209, ""ALLOW"": 0.0, ""DENY"": 1.0, ""DEFER"": 0.0, ""fraction_of_consequential"": 0.5971428571428572}, ""PARTITIONED"": {""proposed"": 131, ""ALLOW"": 0.0, ""DENY"": 1.0, ""DEFER"": 0.0, ""fraction_of_consequential"": 0.3742857142857143}, ""ISOLATED"": {""proposed"": 0, ""ALLOW"": 0.0, ""DENY"": 0.0, ""DEFER"": 0.0, ""fraction_of_consequential"": 0.0}, ""RECOVERING"": {""proposed"": 10, ""ALLOW"": 0.0, ""DENY"": 1.0, ""DEFER"": 0.0, ""fraction_of_consequential"": 0.02857142857142857}}",b0d804b41d6f708612dc345c3e165ef89bc8bd77,e3c45cfec874f8b2
B4,paper_ssp_200m_moderate_v1,500,500.0,1,tr_a88224c7b787_gpu,-14.0802,21.9198,6,"{""conflicting_task_ownership"": 0, ""duplicate_execution"": 0, ""contradictory_reassignment"": 1, ""incompatible_mission_state"": 1, ""inconsistent_anomaly_state"": 4}",0.4166666666666667,0.8571428571428571,0.9230769230769231,0.43537414965986393,8192,10624,18816,timeout,40.0,"{""ALLOW_LOW_RISK"": 756, ""ALLOW_AUTHORIZED"": 78, ""DENY_FORBIDDEN"": 4, ""DENY_RECOVERING_HARD_SAFETY"": 2}","{""fresh"": 76, ""aging"": 4, ""stale"": 4, ""hard_expired"": 0}","{""fresh"": {""proposed"": 76, ""ALLOW"": 74, ""DENY"": 2, ""DEFER"": 0, ""fraction_of_consequential"": 0.9047619047619048}, ""aging"": {""proposed"": 4, ""ALLOW"": 4, ""DENY"": 0, ""DEFER"": 0, ""fraction_of_consequential"": 0.047619047619047616}, ""stale"": {""proposed"": 4, ""ALLOW"": 0, ""DENY"": 4, ""DEFER"": 0, ""fraction_of_consequential"": 0.047619047619047616}, ""hard_expired"": {""proposed"": 0, ""ALLOW"": 0, ""DENY"": 0, ""DEFER"": 0, ""fraction_of_consequential"": 0.0}}","{""CONNECTED"": {""proposed"": 0, ""ALLOW"": 0.0, ""DENY"": 0.0, ""DEFER"": 0.0, ""fraction_of_consequential"": 0.0}, ""DEGRADED"": {""proposed"": 43, ""ALLOW"": 1.0, ""DENY"": 0.0, ""DEFER"": 0.0, ""fraction_of_consequential"": 0.5119047619047619}, ""PARTITIONED"": {""proposed"": 39, ""ALLOW"": 0.8974358974358975, ""DENY"": 0.10256410256410256, ""DEFER"": 0.0, ""fraction_of_consequential"": 0.4642857142857143}, ""ISOLATED"": {""proposed"": 0, ""ALLOW"": 0.0, ""DENY"": 0.0, ""DEFER"": 0.0, ""fraction_of_consequential"": 0.0}, ""RECOVERING"": {""proposed"": 2, ""ALLOW"": 0.0, ""DENY"": 1.0, ""DEFER"": 0.0, ""fraction_of_consequential"": 0.023809523809523808}}",b0d804b41d6f708612dc345c3e165ef89bc8bd77,e3c45cfec874f8b2
B5_conservative,paper_ssp_200m_moderate_v1,500,500.0,1,tr_a88224c7b787_gpu,-30.0456,-30.0456,0,"{""conflicting_task_ownership"": 0, ""duplicate_execution"": 0, ""contradictory_reassignment"": 0, ""incompatible_mission_state"": 0, ""inconsistent_anomaly_state"": 0}",0.0,0.0,0.0,0.4357446808510638,8192,10608,18800,timeout,40.0,"{""ALLOW_LOW_RISK"": 490, ""DEFER_DEGRADED"": 209, ""DENY_CONNECTIVITY_POLICY"": 141}","{""fresh"": 274, ""aging"": 46, ""stale"": 30, ""hard_expired"": 0}","{""fresh"": {""proposed"": 274, ""ALLOW"": 0, ""DENY"": 65, ""DEFER"": 209, ""fraction_of_consequential"": 0.7828571428571428}, ""aging"": {""proposed"": 46, ""ALLOW"": 0, ""DENY"": 46, ""DEFER"": 0, ""fraction_of_consequential"": 0.13142857142857142}, ""stale"": {""proposed"": 30, ""ALLOW"": 0, ""DENY"": 30, ""DEFER"": 0, ""fraction_of_consequential"": 0.08571428571428572}, ""hard_expired"": {""proposed"": 0, ""ALLOW"": 0, ""DENY"": 0, ""DEFER"": 0, ""fraction_of_consequential"": 0.0}}","{""CONNECTED"": {""proposed"": 0, ""ALLOW"": 0.0, ""DENY"": 0.0, ""DEFER"": 0.0, ""fraction_of_consequential"": 0.0}, ""DEGRADED"": {""proposed"": 209, ""ALLOW"": 0.0, ""DENY"": 0.0, ""DEFER"": 1.0, ""fraction_of_consequential"": 0.5971428571428572}, ""PARTITIONED"": {""proposed"": 131, ""ALLOW"": 0.0, ""DENY"": 1.0, ""DEFER"": 0.0, ""fraction_of_consequential"": 0.3742857142857143}, ""ISOLATED"": {""proposed"": 0, ""ALLOW"": 0.0, ""DENY"": 0.0, ""DEFER"": 0.0, ""fraction_of_consequential"": 0.0}, ""RECOVERING"": {""proposed"": 10, ""ALLOW"": 0.0, ""DENY"": 1.0, ""DEFER"": 0.0, ""fraction_of_consequential"": 0.02857142857142857}}",b0d804b41d6f708612dc345c3e165ef89bc8bd77,e3c45cfec874f8b2
B5_nominal,paper_ssp_200m_moderate_v1,500,500.0,1,tr_a88224c7b787_gpu,-77.08455,-23.08455,9,"{""conflicting_task_ownership"": 0, ""duplicate_execution"": 0, ""contradictory_reassignment"": 1, ""incompatible_mission_state"": 4, ""inconsistent_anomaly_state"": 4}",0.49411764705882355,0.9294117647058824,0.9294117647058824,0.43537414965986393,8192,10624,18816,timeout,40.0,"{""ALLOW_LOW_RISK"": 755, ""ALLOW_AUTHORIZED"": 85}","{""fresh"": 76, ""aging"": 4, ""stale"": 5, ""hard_expired"": 0}","{""fresh"": {""proposed"": 76, ""ALLOW"": 76, ""DENY"": 0, ""DEFER"": 0, ""fraction_of_consequential"": 0.8941176470588236}, ""aging"": {""proposed"": 4, ""ALLOW"": 4, ""DENY"": 0, ""DEFER"": 0, ""fraction_of_consequential"": 0.047058823529411764}, ""stale"": {""proposed"": 5, ""ALLOW"": 5, ""DENY"": 0, ""DEFER"": 0, ""fraction_of_consequential"": 0.058823529411764705}, ""hard_expired"": {""proposed"": 0, ""ALLOW"": 0, ""DENY"": 0, ""DEFER"": 0, ""fraction_of_consequential"": 0.0}}","{""CONNECTED"": {""proposed"": 0, ""ALLOW"": 0.0, ""DENY"": 0.0, ""DEFER"": 0.0, ""fraction_of_consequential"": 0.0}, ""DEGRADED"": {""proposed"": 43, ""ALLOW"": 1.0, ""DENY"": 0.0, ""DEFER"": 0.0, ""fraction_of_consequential"": 0.5058823529411764}, ""PARTITIONED"": {""proposed"": 40, ""ALLOW"": 1.0, ""DENY"": 0.0, ""DEFER"": 0.0, ""fraction_of_consequential"": 0.47058823529411764}, ""ISOLATED"": {""proposed"": 0, ""ALLOW"": 0.0, ""DENY"": 0.0, ""DEFER"": 0.0, ""fraction_of_consequential"": 0.0}, ""RECOVERING"": {""proposed"": 2, ""ALLOW"": 1.0, ""DENY"": 0.0, ""DEFER"": 0.0, ""fraction_of_consequential"": 0.023529411764705882}}",b0d804b41d6f708612dc345c3e165ef89bc8bd77,e3c45cfec874f8b2
B5_permissive,paper_ssp_200m_moderate_v1,500,500.0,1,tr_a88224c7b787_gpu,-77.08455,-23.08455,9,"{""conflicting_task_ownership"": 0, ""duplicate_execution"": 0, ""contradictory_reassignment"": 1, ""incompatible_mission_state"": 4, ""inconsistent_anomaly_state"": 4}",0.49411764705882355,0.9294117647058824,0.9294117647058824,0.43537414965986393,8192,10624,18816,timeout,40.0,"{""ALLOW_LOW_RISK"": 755, ""ALLOW_AUTHORIZED"": 85}","{""fresh"": 76, ""aging"": 4, ""stale"": 5, ""hard_expired"": 0}","{""fresh"": {""proposed"": 76, ""ALLOW"": 76, ""DENY"": 0, ""DEFER"": 0, ""fraction_of_consequential"": 0.8941176470588236}, ""aging"": {""proposed"": 4, ""ALLOW"": 4, ""DENY"": 0, ""DEFER"": 0, ""fraction_of_consequential"": 0.047058823529411764}, ""stale"": {""proposed"": 5, ""ALLOW"": 5, ""DENY"": 0, ""DEFER"": 0, ""fraction_of_consequential"": 0.058823529411764705}, ""hard_expired"": {""proposed"": 0, ""ALLOW"": 0, ""DENY"": 0, ""DEFER"": 0, ""fraction_of_consequential"": 0.0}}","{""CONNECTED"": {""proposed"": 0, ""ALLOW"": 0.0, ""DENY"": 0.0, ""DEFER"": 0.0, ""fraction_of_consequential"": 0.0}, ""DEGRADED"": {""proposed"": 43, ""ALLOW"": 1.0, ""DENY"": 0.0, ""DEFER"": 0.0, ""fraction_of_consequential"": 0.5058823529411764}, ""PARTITIONED"": {""proposed"": 40, ""ALLOW"": 1.0, ""DENY"": 0.0, ""DEFER"": 0.0, ""fraction_of_consequential"": 0.47058823529411764}, ""ISOLATED"": {""proposed"": 0, ""ALLOW"": 0.0, ""DENY"": 0.0, ""DEFER"": 0.0, ""fraction_of_consequential"": 0.0}, ""RECOVERING"": {""proposed"": 2, ""ALLOW"": 1.0, ""DENY"": 0.0, ""DEFER"": 0.0, ""fraction_of_consequential"": 0.023529411764705882}}",b0d804b41d6f708612dc345c3e165ef89bc8bd77,e3c45cfec874f8b2
B1,paper_ssp_200m_moderate_v1,750,750.0,1,tr_a88224c7b787_gpu,47.9192,53.9192,1,"{""conflicting_task_ownership"": 0, ""duplicate_execution"": 0, ""contradictory_reassignment"": 0, ""incompatible_mission_state"": 1, ""inconsistent_anomaly_state"": 0}",0.4175824175824176,0.7362637362637363,0.9852941176470589,0.43537414965986393,8192,10624,18816,timeout,40.0,"{""ALLOW_LOW_RISK"": 749, ""ALLOW_AUTHORIZED"": 68, ""DENY_SUPERVISOR_UNREACHABLE"": 21, ""DENY_RECOVERING_CONSEQUENTIAL"": 2}","{""fresh"": 76, ""aging"": 6, ""stale"": 9, ""hard_expired"": 0}","{""fresh"": {""proposed"": 76, ""ALLOW"": 68, ""DENY"": 8, ""DEFER"": 0, ""fraction_of_consequential"": 0.8351648351648352}, ""aging"": {""proposed"": 6, ""ALLOW"": 0, ""DENY"": 6, ""DEFER"": 0, ""fraction_of_consequential"": 0.06593406593406594}, ""stale"": {""proposed"": 9, ""ALLOW"": 0, ""DENY"": 9, ""DEFER"": 0, ""fraction_of_consequential"": 0.0989010989010989}, ""hard_expired"": {""proposed"": 0, ""ALLOW"": 0, ""DENY"": 0, ""DEFER"": 0, ""fraction_of_consequential"": 0.0}}","{""CONNECTED"": {""proposed"": 0, ""ALLOW"": 0.0, ""DENY"": 0.0, ""DEFER"": 0.0, ""fraction_of_consequential"": 0.0}, ""DEGRADED"": {""proposed"": 30, ""ALLOW"": 1.0, ""DENY"": 0.0, ""DEFER"": 0.0, ""fraction_of_consequential"": 0.32967032967032966}, ""PARTITIONED"": {""proposed"": 59, ""ALLOW"": 0.6440677966101694, ""DENY"": 0.3559322033898305, ""DEFER"": 0.0, ""fraction_of_consequential"": 0.6483516483516484}, ""ISOLATED"": {""proposed"": 0, ""ALLOW"": 0.0, ""DENY"": 0.0, ""DEFER"": 0.0, ""fraction_of_consequential"": 0.0}, ""RECOVERING"": {""proposed"": 2, ""ALLOW"": 0.0, ""DENY"": 1.0, ""DEFER"": 0.0, ""fraction_of_consequential"": 0.02197802197802198}}",b0d804b41d6f708612dc345c3e165ef89bc8bd77,e4cb20d861c0b50d
B2,paper_ssp_200m_moderate_v1,750,750.0,1,tr_a88224c7b787_gpu,-77.08455,-23.08455,9,"{""conflicting_task_ownership"": 0, ""duplicate_execution"": 0, ""contradictory_reassignment"": 1, ""incompatible_mission_state"": 4, ""inconsistent_anomaly_state"": 4}",0.6470588235294118,0.9294117647058824,0.9294117647058824,0.43537414965986393,8192,10624,18816,timeout,40.0,"{""ALLOW_AUTHORIZED"": 840}","{""fresh"": 76, ""aging"": 4, ""stale"": 5, ""hard_expired"": 0}","{""fresh"": {""proposed"": 76, ""ALLOW"": 76, ""DENY"": 0, ""DEFER"": 0, ""fraction_of_consequential"": 0.8941176470588236}, ""aging"": {""proposed"": 4, ""ALLOW"": 4, ""DENY"": 0, ""DEFER"": 0, ""fraction_of_consequential"": 0.047058823529411764}, ""stale"": {""proposed"": 5, ""ALLOW"": 5, ""DENY"": 0, ""DEFER"": 0, ""fraction_of_consequential"": 0.058823529411764705}, ""hard_expired"": {""proposed"": 0, ""ALLOW"": 0, ""DENY"": 0, ""DEFER"": 0, ""fraction_of_consequential"": 0.0}}","{""CONNECTED"": {""proposed"": 0, ""ALLOW"": 0.0, ""DENY"": 0.0, ""DEFER"": 0.0, ""fraction_of_consequential"": 0.0}, ""DEGRADED"": {""proposed"": 30, ""ALLOW"": 1.0, ""DENY"": 0.0, ""DEFER"": 0.0, ""fraction_of_consequential"": 0.35294117647058826}, ""PARTITIONED"": {""proposed"": 53, ""ALLOW"": 1.0, ""DENY"": 0.0, ""DEFER"": 0.0, ""fraction_of_consequential"": 0.6235294117647059}, ""ISOLATED"": {""proposed"": 0, ""ALLOW"": 0.0, ""DENY"": 0.0, ""DEFER"": 0.0, ""fraction_of_consequential"": 0.0}, ""RECOVERING"": {""proposed"": 2, ""ALLOW"": 1.0, ""DENY"": 0.0, ""DEFER"": 0.0, ""fraction_of_consequential"": 0.023529411764705882}}",b0d804b41d6f708612dc345c3e165ef89bc8bd77,e4cb20d861c0b50d
B3,paper_ssp_200m_moderate_v1,750,750.0,1,tr_a88224c7b787_gpu,-30.0453,-30.0453,0,"{""conflicting_task_ownership"": 0, ""duplicate_execution"": 0, ""contradictory_reassignment"": 0, ""incompatible_mission_state"": 0, ""inconsistent_anomaly_state"": 0}",0.0,0.0,0.0,0.4357446808510638,8192,10608,18800,timeout,40.0,"{""ALLOW_LOW_RISK"": 487, ""DENY_STATIC_BOUND"": 353}","{""fresh"": 222, ""aging"": 46, ""stale"": 85, ""hard_expired"": 0}","{""fresh"": {""proposed"": 222, ""ALLOW"": 0, ""DENY"": 222, ""DEFER"": 0, ""fraction_of_consequential"": 0.6288951841359773}, ""aging"": {""proposed"": 46, ""ALLOW"": 0, ""DENY"": 46, ""DEFER"": 0, ""fraction_of_consequential"": 0.13031161473087818}, ""stale"": {""proposed"": 85, ""ALLOW"": 0, ""DENY"": 85, ""DEFER"": 0, ""fraction_of_consequential"": 0.24079320113314448}, ""hard_expired"": {""proposed"": 0, ""ALLOW"": 0, ""DENY"": 0, ""DEFER"": 0, ""fraction_of_consequential"": 0.0}}","{""CONNECTED"": {""proposed"": 0, ""ALLOW"": 0.0, ""DENY"": 0.0, ""DEFER"": 0.0, ""fraction_of_consequential"": 0.0}, ""DEGRADED"": {""proposed"": 144, ""ALLOW"": 0.0, ""DENY"": 1.0, ""DEFER"": 0.0, ""fraction_of_consequential"": 0.40793201133144474}, ""PARTITIONED"": {""proposed"": 199, ""ALLOW"": 0.0, ""DENY"": 1.0, ""DEFER"": 0.0, ""fraction_of_consequential"": 0.5637393767705382}, ""ISOLATED"": {""proposed"": 0, ""ALLOW"": 0.0, ""DENY"": 0.0, ""DEFER"": 0.0, ""fraction_of_consequential"": 0.0}, ""RECOVERING"": {""proposed"": 10, ""ALLOW"": 0.0, ""DENY"": 1.0, ""DEFER"": 0.0, ""fraction_of_consequential"": 0.028328611898016998}}",b0d804b41d6f708612dc345c3e165ef89bc8bd77,e4cb20d861c0b50d
B4,paper_ssp_200m_moderate_v1,750,750.0,1,tr_a88224c7b787_gpu,-14.0802,21.9198,6,"{""conflicting_task_ownership"": 0, ""duplicate_execution"": 0, ""contradictory_reassignment"": 1, ""incompatible_mission_state"": 1, ""inconsistent_anomaly_state"": 4}",0.5714285714285714,0.8571428571428571,0.9230769230769231,0.43537414965986393,8192,10624,18816,timeout,40.0,"{""ALLOW_LOW_RISK"": 756, ""ALLOW_AUTHORIZED"": 78, ""DENY_FORBIDDEN"": 4, ""DENY_RECOVERING_HARD_SAFETY"": 2}","{""fresh"": 76, ""aging"": 4, ""stale"": 4, ""hard_expired"": 0}","{""fresh"": {""proposed"": 76, ""ALLOW"": 74, ""DENY"": 2, ""DEFER"": 0, ""fraction_of_consequential"": 0.9047619047619048}, ""aging"": {""proposed"": 4, ""ALLOW"": 4, ""DENY"": 0, ""DEFER"": 0, ""fraction_of_consequential"": 0.047619047619047616}, ""stale"": {""proposed"": 4, ""ALLOW"": 0, ""DENY"": 4, ""DEFER"": 0, ""fraction_of_consequential"": 0.047619047619047616}, ""hard_expired"": {""proposed"": 0, ""ALLOW"": 0, ""DENY"": 0, ""DEFER"": 0, ""fraction_of_consequential"": 0.0}}","{""CONNECTED"": {""proposed"": 0, ""ALLOW"": 0.0, ""DENY"": 0.0, ""DEFER"": 0.0, ""fraction_of_consequential"": 0.0}, ""DEGRADED"": {""proposed"": 30, ""ALLOW"": 1.0, ""DENY"": 0.0, ""DEFER"": 0.0, ""fraction_of_consequential"": 0.35714285714285715}, ""PARTITIONED"": {""proposed"": 52, ""ALLOW"": 0.9230769230769231, ""DENY"": 0.07692307692307693, ""DEFER"": 0.0, ""fraction_of_consequential"": 0.6190476190476191}, ""ISOLATED"": {""proposed"": 0, ""ALLOW"": 0.0, ""DENY"": 0.0, ""DEFER"": 0.0, ""fraction_of_consequential"": 0.0}, ""RECOVERING"": {""proposed"": 2, ""ALLOW"": 0.0, ""DENY"": 1.0, ""DEFER"": 0.0, ""fraction_of_consequential"": 0.023809523809523808}}",b0d804b41d6f708612dc345c3e165ef89bc8bd77,e4cb20d861c0b50d
B5_conservative,paper_ssp_200m_moderate_v1,750,750.0,1,tr_a88224c7b787_gpu,-30.0453,-30.0453,0,"{""conflicting_task_ownership"": 0, ""duplicate_execution"": 0, ""contradictory_reassignment"": 0, ""incompatible_mission_state"": 0, ""inconsistent_anomaly_state"": 0}",0.0,0.0,0.0,0.4357446808510638,8192,10608,18800,timeout,40.0,"{""ALLOW_LOW_RISK"": 487, ""DEFER_DEGRADED"": 144, ""DENY_CONNECTIVITY_POLICY"": 209}","{""fresh"": 222, ""aging"": 46, ""stale"": 85, ""hard_expired"": 0}","{""fresh"": {""proposed"": 222, ""ALLOW"": 0, ""DENY"": 78, ""DEFER"": 144, ""fraction_of_consequential"": 0.6288951841359773}, ""aging"": {""proposed"": 46, ""ALLOW"": 0, ""DENY"": 46, ""DEFER"": 0, ""fraction_of_consequential"": 0.13031161473087818}, ""stale"": {""proposed"": 85, ""ALLOW"": 0, ""DENY"": 85, ""DEFER"": 0, ""fraction_of_consequential"": 0.24079320113314448}, ""hard_expired"": {""proposed"": 0, ""ALLOW"": 0, ""DENY"": 0, ""DEFER"": 0, ""fraction_of_consequential"": 0.0}}","{""CONNECTED"": {""proposed"": 0, ""ALLOW"": 0.0, ""DENY"": 0.0, ""DEFER"": 0.0, ""fraction_of_consequential"": 0.0}, ""DEGRADED"": {""proposed"": 144, ""ALLOW"": 0.0, ""DENY"": 0.0, ""DEFER"": 1.0, ""fraction_of_consequential"": 0.40793201133144474}, ""PARTITIONED"": {""proposed"": 199, ""ALLOW"": 0.0, ""DENY"": 1.0, ""DEFER"": 0.0, ""fraction_of_consequential"": 0.5637393767705382}, ""ISOLATED"": {""proposed"": 0, ""ALLOW"": 0.0, ""DENY"": 0.0, ""DEFER"": 0.0, ""fraction_of_consequential"": 0.0}, ""RECOVERING"": {""proposed"": 10, ""ALLOW"": 0.0, ""DENY"": 1.0, ""DEFER"": 0.0, ""fraction_of_consequential"": 0.028328611898016998}}",b0d804b41d6f708612dc345c3e165ef89bc8bd77,e4cb20d861c0b50d
B5_nominal,paper_ssp_200m_moderate_v1,750,750.0,1,tr_a88224c7b787_gpu,-77.08455,-23.08455,9,"{""conflicting_task_ownership"": 0, ""duplicate_execution"": 0, ""contradictory_reassignment"": 1, ""incompatible_mission_state"": 4, ""inconsistent_anomaly_state"": 4}",0.6470588235294118,0.9294117647058824,0.9294117647058824,0.43537414965986393,8192,10624,18816,timeout,40.0,"{""ALLOW_LOW_RISK"": 755, ""ALLOW_AUTHORIZED"": 85}","{""fresh"": 76, ""aging"": 4, ""stale"": 5, ""hard_expired"": 0}","{""fresh"": {""proposed"": 76, ""ALLOW"": 76, ""DENY"": 0, ""DEFER"": 0, ""fraction_of_consequential"": 0.8941176470588236}, ""aging"": {""proposed"": 4, ""ALLOW"": 4, ""DENY"": 0, ""DEFER"": 0, ""fraction_of_consequential"": 0.047058823529411764}, ""stale"": {""proposed"": 5, ""ALLOW"": 5, ""DENY"": 0, ""DEFER"": 0, ""fraction_of_consequential"": 0.058823529411764705}, ""hard_expired"": {""proposed"": 0, ""ALLOW"": 0, ""DENY"": 0, ""DEFER"": 0, ""fraction_of_consequential"": 0.0}}","{""CONNECTED"": {""proposed"": 0, ""ALLOW"": 0.0, ""DENY"": 0.0, ""DEFER"": 0.0, ""fraction_of_consequential"": 0.0}, ""DEGRADED"": {""proposed"": 30, ""ALLOW"": 1.0, ""DENY"": 0.0, ""DEFER"": 0.0, ""fraction_of_consequential"": 0.35294117647058826}, ""PARTITIONED"": {""proposed"": 53, ""ALLOW"": 1.0, ""DENY"": 0.0, ""DEFER"": 0.0, ""fraction_of_consequential"": 0.6235294117647059}, ""ISOLATED"": {""proposed"": 0, ""ALLOW"": 0.0, ""DENY"": 0.0, ""DEFER"": 0.0, ""fraction_of_consequential"": 0.0}, ""RECOVERING"": {""proposed"": 2, ""ALLOW"": 1.0, ""DENY"": 0.0, ""DEFER"": 0.0, ""fraction_of_consequential"": 0.023529411764705882}}",b0d804b41d6f708612dc345c3e165ef89bc8bd77,e4cb20d861c0b50d
B5_permissive,paper_ssp_200m_moderate_v1,750,750.0,1,tr_a88224c7b787_gpu,-77.08455,-23.08455,9,"{""conflicting_task_ownership"": 0, ""duplicate_execution"": 0, ""contradictory_reassignment"": 1, ""incompatible_mission_state"": 4, ""inconsistent_anomaly_state"": 4}",0.6470588235294118,0.9294117647058824,0.9294117647058824,0.43537414965986393,8192,10624,18816,timeout,40.0,"{""ALLOW_LOW_RISK"": 755, ""ALLOW_AUTHORIZED"": 85}","{""fresh"": 76, ""aging"": 4, ""stale"": 5, ""hard_expired"": 0}","{""fresh"": {""proposed"": 76, ""ALLOW"": 76, ""DENY"": 0, ""DEFER"": 0, ""fraction_of_consequential"": 0.8941176470588236}, ""aging"": {""proposed"": 4, ""ALLOW"": 4, ""DENY"": 0, ""DEFER"": 0, ""fraction_of_consequential"": 0.047058823529411764}, ""stale"": {""proposed"": 5, ""ALLOW"": 5, ""DENY"": 0, ""DEFER"": 0, ""fraction_of_consequential"": 0.058823529411764705}, ""hard_expired"": {""proposed"": 0, ""ALLOW"": 0, ""DENY"": 0, ""DEFER"": 0, ""fraction_of_consequential"": 0.0}}","{""CONNECTED"": {""proposed"": 0, ""ALLOW"": 0.0, ""DENY"": 0.0, ""DEFER"": 0.0, ""fraction_of_consequential"": 0.0}, ""DEGRADED"": {""proposed"": 30, ""ALLOW"": 1.0, ""DENY"": 0.0, ""DEFER"": 0.0, ""fraction_of_consequential"": 0.35294117647058826}, ""PARTITIONED"": {""proposed"": 53, ""ALLOW"": 1.0, ""DENY"": 0.0, ""DEFER"": 0.0, ""fraction_of_consequential"": 0.6235294117647059}, ""ISOLATED"": {""proposed"": 0, ""ALLOW"": 0.0, ""DENY"": 0.0, ""DEFER"": 0.0, ""fraction_of_consequential"": 0.0}, ""RECOVERING"": {""proposed"": 2, ""ALLOW"": 1.0, ""DENY"": 0.0, ""DEFER"": 0.0, ""fraction_of_consequential"": 0.023529411764705882}}",b0d804b41d6f708612dc345c3e165ef89bc8bd77,e4cb20d861c0b50d
B1,paper_ssp_200m_moderate_v1,1000,1000.0,1,tr_a88224c7b787_gpu,47.9229,53.9229,1,"{""conflicting_task_ownership"": 0, ""duplicate_execution"": 0, ""contradictory_reassignment"": 0, ""incompatible_mission_state"": 1, ""inconsistent_anomaly_state"": 0}",0.5050505050505051,0.6767676767676768,0.9852941176470589,0.43537414965986393,8192,10624,18816,timeout,40.0,"{""ALLOW_LOW_RISK"": 705, ""ALLOW_AUTHORIZED"": 68, ""DENY_SUPERVISOR_UNREACHABLE"": 29, ""DENY_FORBIDDEN"": 36, ""DENY_RECOVERING_CONSEQUENTIAL"": 2}","{""fresh"": 76, ""aging"": 6, ""stale"": 11, ""hard_expired"": 6}","{""fresh"": {""proposed"": 76, ""ALLOW"": 68, ""DENY"": 8, ""DEFER"": 0, ""fraction_of_consequential"": 0.7676767676767676}, ""aging"": {""proposed"": 6, ""ALLOW"": 0, ""DENY"": 6, ""DEFER"": 0, ""fraction_of_consequential"": 0.06060606060606061}, ""stale"": {""proposed"": 11, ""ALLOW"": 0, ""DENY"": 11, ""DEFER"": 0, ""fraction_of_consequential"": 0.1111111111111111}, ""hard_expired"": {""proposed"": 6, ""ALLOW"": 0, ""DENY"": 6, ""DEFER"": 0, ""fraction_of_consequential"": 0.06060606060606061}}","{""CONNECTED"": {""proposed"": 0, ""ALLOW"": 0.0, ""DENY"": 0.0, ""DEFER"": 0.0, ""fraction_of_consequential"": 0.0}, ""DEGRADED"": {""proposed"": 18, ""ALLOW"": 1.0, ""DENY"": 0.0, ""DEFER"": 0.0, ""fraction_of_consequential"": 0.18181818181818182}, ""PARTITIONED"": {""proposed"": 79, ""ALLOW"": 0.6329113924050633, ""DENY"": 0.3670886075949367, ""DEFER"": 0.0, ""fraction_of_consequential"": 0.797979797979798}, ""ISOLATED"": {""proposed"": 0, ""ALLOW"": 0.0, ""DENY"": 0.0, ""DEFER"": 0.0, ""fraction_of_consequential"": 0.0}, ""RECOVERING"": {""proposed"": 2, ""ALLOW"": 0.0, ""DENY"": 1.0, ""DEFER"": 0.0, ""fraction_of_consequential"": 0.020202020202020204}}",b0d804b41d6f708612dc345c3e165ef89bc8bd77,abc5d2c9401f39cc
B2,paper_ssp_200m_moderate_v1,1000,1000.0,1,tr_a88224c7b787_gpu,-117.08815,-63.08815,9,"{""conflicting_task_ownership"": 0, ""duplicate_execution"": 0, ""contradictory_reassignment"": 1, ""incompatible_mission_state"": 4, ""inconsistent_anomaly_state"": 4}",0.797752808988764,0.9325842696629213,0.9325842696629213,0.43537414965986393,8192,10624,18816,timeout,40.0,"{""ALLOW_AUTHORIZED"": 840}","{""fresh"": 76, ""aging"": 4, ""stale"": 5, ""hard_expired"": 4}","{""fresh"": {""proposed"": 76, ""ALLOW"": 76, ""DENY"": 0, ""DEFER"": 0, ""fraction_of_consequential"": 0.8539325842696629}, ""aging"": {""proposed"": 4, ""ALLOW"": 4, ""DENY"": 0, ""DEFER"": 0, ""fraction_of_consequential"": 0.0449438202247191}, ""stale"": {""proposed"": 5, ""ALLOW"": 5, ""DENY"": 0, ""DEFER"": 0, ""fraction_of_consequential"": 0.056179775280898875}, ""hard_expired"": {""proposed"": 4, ""ALLOW"": 4, ""DENY"": 0, ""DEFER"": 0, ""fraction_of_consequential"": 0.0449438202247191}}","{""CONNECTED"": {""proposed"": 0, ""ALLOW"": 0.0, ""DENY"": 0.0, ""DEFER"": 0.0, ""fraction_of_consequential"": 0.0}, ""DEGRADED"": {""proposed"": 18, ""ALLOW"": 1.0, ""DENY"": 0.0, ""DEFER"": 0.0, ""fraction_of_consequential"": 0.20224719101123595}, ""PARTITIONED"": {""proposed"": 69, ""ALLOW"": 1.0, ""DENY"": 0.0, ""DEFER"": 0.0, ""fraction_of_consequential"": 0.7752808988764045}, ""ISOLATED"": {""proposed"": 0, ""ALLOW"": 0.0, ""DENY"": 0.0, ""DEFER"": 0.0, ""fraction_of_consequential"": 0.0}, ""RECOVERING"": {""proposed"": 2, ""ALLOW"": 1.0, ""DENY"": 0.0, ""DEFER"": 0.0, ""fraction_of_consequential"": 0.02247191011235955}}",b0d804b41d6f708612dc345c3e165ef89bc8bd77,abc5d2c9401f39cc
B3,paper_ssp_200m_moderate_v1,1000,1000.0,1,tr_a88224c7b787_gpu,-30.0449,-30.0449,0,"{""conflicting_task_ownership"": 0, ""duplicate_execution"": 0, ""contradictory_reassignment"": 0, ""incompatible_mission_state"": 0, ""inconsistent_anomaly_state"": 0}",0.0,0.0,0.0,0.4357446808510638,8192,10608,18800,timeout,40.0,"{""ALLOW_LOW_RISK"": 483, ""DENY_STATIC_BOUND"": 357}","{""fresh"": 174, ""aging"": 46, ""stale"": 107, ""hard_expired"": 30}","{""fresh"": {""proposed"": 174, ""ALLOW"": 0, ""DENY"": 174, ""DEFER"": 0, ""fraction_of_consequential"": 0.48739495798319327}, ""aging"": {""proposed"": 46, ""ALLOW"": 0, ""DENY"": 46, ""DEFER"": 0, ""fraction_of_consequential"": 0.12885154061624648}, ""stale"": {""proposed"": 107, ""ALLOW"": 0, ""DENY"": 107, ""DEFER"": 0, ""fraction_of_consequential"": 0.29971988795518206}, ""hard_expired"": {""proposed"": 30, ""ALLOW"": 0, ""DENY"": 30, ""DEFER"": 0, ""fraction_of_consequential"": 0.08403361344537816}}","{""CONNECTED"": {""proposed"": 0, ""ALLOW"": 0.0, ""DENY"": 0.0, ""DEFER"": 0.0, ""fraction_of_consequential"": 0.0}, ""DEGRADED"": {""proposed"": 84, ""ALLOW"": 0.0, ""DENY"": 1.0, ""DEFER"": 0.0, ""fraction_of_consequential"": 0.23529411764705882}, ""PARTITIONED"": {""proposed"": 263, ""ALLOW"": 0.0, ""DENY"": 1.0, ""DEFER"": 0.0, ""fraction_of_consequential"": 0.7366946778711485}, ""ISOLATED"": {""proposed"": 0, ""ALLOW"": 0.0, ""DENY"": 0.0, ""DEFER"": 0.0, ""fraction_of_consequential"": 0.0}, ""RECOVERING"": {""proposed"": 10, ""ALLOW"": 0.0, ""DENY"": 1.0, ""DEFER"": 0.0, ""fraction_of_consequential"": 0.028011204481792718}}",b0d804b41d6f708612dc345c3e165ef89bc8bd77,abc5d2c9401f39cc
B4,paper_ssp_200m_moderate_v1,1000,1000.0,1,tr_a88224c7b787_gpu,-14.0774,21.9226,6,"{""conflicting_task_ownership"": 0, ""duplicate_execution"": 0, ""contradictory_reassignment"": 1, ""incompatible_mission_state"": 1, ""inconsistent_anomaly_state"": 4}",0.6818181818181818,0.8181818181818182,0.9230769230769231,0.43537414965986393,8192,10624,18816,timeout,40.0,"{""ALLOW_LOW_RISK"": 714, ""ALLOW_AUTHORIZED"": 78, ""DENY_FORBIDDEN"": 42, ""DENY_HARD_EXPIRY"": 4, ""DENY_RECOVERING_HARD_SAFETY"": 2}","{""fresh"": 76, ""aging"": 4, ""stale"": 4, ""hard_expired"": 4}","{""fresh"": {""proposed"": 76, ""ALLOW"": 74, ""DENY"": 2, ""DEFER"": 0, ""fraction_of_consequential"": 0.8636363636363636}, ""aging"": {""proposed"": 4, ""ALLOW"": 4, ""DENY"": 0, ""DEFER"": 0, ""fraction_of_consequential"": 0.045454545454545456}, ""stale"": {""proposed"": 4, ""ALLOW"": 0, ""DENY"": 4, ""DEFER"": 0, ""fraction_of_consequential"": 0.045454545454545456}, ""hard_expired"": {""proposed"": 4, ""ALLOW"": 0, ""DENY"": 4, ""DEFER"": 0, ""fraction_of_consequential"": 0.045454545454545456}}","{""CONNECTED"": {""proposed"": 0, ""ALLOW"": 0.0, ""DENY"": 0.0, ""DEFER"": 0.0, ""fraction_of_consequential"": 0.0}, ""DEGRADED"": {""proposed"": 18, ""ALLOW"": 1.0, ""DENY"": 0.0, ""DEFER"": 0.0, ""fraction_of_consequential"": 0.20454545454545456}, ""PARTITIONED"": {""proposed"": 68, ""ALLOW"": 0.8823529411764706, ""DENY"": 0.11764705882352941, ""DEFER"": 0.0, ""fraction_of_consequential"": 0.7727272727272727}, ""ISOLATED"": {""proposed"": 0, ""ALLOW"": 0.0, ""DENY"": 0.0, ""DEFER"": 0.0, ""fraction_of_consequential"": 0.0}, ""RECOVERING"": {""proposed"": 2, ""ALLOW"": 0.0, ""DENY"": 1.0, ""DEFER"": 0.0, ""fraction_of_consequential"": 0.022727272727272728}}",b0d804b41d6f708612dc345c3e165ef89bc8bd77,abc5d2c9401f39cc
B5_conservative,paper_ssp_200m_moderate_v1,1000,1000.0,1,tr_a88224c7b787_gpu,-30.0449,-30.0449,0,"{""conflicting_task_ownership"": 0, ""duplicate_execution"": 0, ""contradictory_reassignment"": 0, ""incompatible_mission_state"": 0, ""inconsistent_anomaly_state"": 0}",0.0,0.0,0.0,0.4357446808510638,8192,10608,18800,timeout,40.0,"{""ALLOW_LOW_RISK"": 483, ""DEFER_DEGRADED"": 84, ""DENY_CONNECTIVITY_POLICY"": 273}","{""fresh"": 174, ""aging"": 46, ""stale"": 107, ""hard_expired"": 30}","{""fresh"": {""proposed"": 174, ""ALLOW"": 0, ""DENY"": 90, ""DEFER"": 84, ""fraction_of_consequential"": 0.48739495798319327}, ""aging"": {""proposed"": 46, ""ALLOW"": 0, ""DENY"": 46, ""DEFER"": 0, ""fraction_of_consequential"": 0.12885154061624648}, ""stale"": {""proposed"": 107, ""ALLOW"": 0, ""DENY"": 107, ""DEFER"": 0, ""fraction_of_consequential"": 0.29971988795518206}, ""hard_expired"": {""proposed"": 30, ""ALLOW"": 0, ""DENY"": 30, ""DEFER"": 0, ""fraction_of_consequential"": 0.08403361344537816}}","{""CONNECTED"": {""proposed"": 0, ""ALLOW"": 0.0, ""DENY"": 0.0, ""DEFER"": 0.0, ""fraction_of_consequential"": 0.0}, ""DEGRADED"": {""proposed"": 84, ""ALLOW"": 0.0, ""DENY"": 0.0, ""DEFER"": 1.0, ""fraction_of_consequential"": 0.23529411764705882}, ""PARTITIONED"": {""proposed"": 263, ""ALLOW"": 0.0, ""DENY"": 1.0, ""DEFER"": 0.0, ""fraction_of_consequential"": 0.7366946778711485}, ""ISOLATED"": {""proposed"": 0, ""ALLOW"": 0.0, ""DENY"": 0.0, ""DEFER"": 0.0, ""fraction_of_consequential"": 0.0}, ""RECOVERING"": {""proposed"": 10, ""ALLOW"": 0.0, ""DENY"": 1.0, ""DEFER"": 0.0, ""fraction_of_consequential"": 0.028011204481792718}}",b0d804b41d6f708612dc345c3e165ef89bc8bd77,abc5d2c9401f39cc
B5_nominal,paper_ssp_200m_moderate_v1,1000,1000.0,1,tr_a88224c7b787_gpu,-117.08815,-63.08815,9,"{""conflicting_task_ownership"": 0, ""duplicate_execution"": 0, ""contradictory_reassignment"": 1, ""incompatible_mission_state"": 4, ""inconsistent_anomaly_state"": 4}",0.797752808988764,0.9325842696629213,0.9325842696629213,0.43537414965986393,8192,10624,18816,timeout,40.0,"{""ALLOW_LOW_RISK"": 751, ""ALLOW_AUTHORIZED"": 89}","{""fresh"": 76, ""aging"": 4, ""stale"": 5, ""hard_expired"": 4}","{""fresh"": {""proposed"": 76, ""ALLOW"": 76, ""DENY"": 0, ""DEFER"": 0, ""fraction_of_consequential"": 0.8539325842696629}, ""aging"": {""proposed"": 4, ""ALLOW"": 4, ""DENY"": 0, ""DEFER"": 0, ""fraction_of_consequential"": 0.0449438202247191}, ""stale"": {""proposed"": 5, ""ALLOW"": 5, ""DENY"": 0, ""DEFER"": 0, ""fraction_of_consequential"": 0.056179775280898875}, ""hard_expired"": {""proposed"": 4, ""ALLOW"": 4, ""DENY"": 0, ""DEFER"": 0, ""fraction_of_consequential"": 0.0449438202247191}}","{""CONNECTED"": {""proposed"": 0, ""ALLOW"": 0.0, ""DENY"": 0.0, ""DEFER"": 0.0, ""fraction_of_consequential"": 0.0}, ""DEGRADED"": {""proposed"": 18, ""ALLOW"": 1.0, ""DENY"": 0.0, ""DEFER"": 0.0, ""fraction_of_consequential"": 0.20224719101123595}, ""PARTITIONED"": {""proposed"": 69, ""ALLOW"": 1.0, ""DENY"": 0.0, ""DEFER"": 0.0, ""fraction_of_consequential"": 0.7752808988764045}, ""ISOLATED"": {""proposed"": 0, ""ALLOW"": 0.0, ""DENY"": 0.0, ""DEFER"": 0.0, ""fraction_of_consequential"": 0.0}, ""RECOVERING"": {""proposed"": 2, ""ALLOW"": 1.0, ""DENY"": 0.0, ""DEFER"": 0.0, ""fraction_of_consequential"": 0.02247191011235955}}",b0d804b41d6f708612dc345c3e165ef89bc8bd77,abc5d2c9401f39cc
B5_permissive,paper_ssp_200m_moderate_v1,1000,1000.0,1,tr_a88224c7b787_gpu,-117.08815,-63.08815,9,"{""conflicting_task_ownership"": 0, ""duplicate_execution"": 0, ""contradictory_reassignment"": 1, ""incompatible_mission_state"": 4, ""inconsistent_anomaly_state"": 4}",0.797752808988764,0.9325842696629213,0.9325842696629213,0.43537414965986393,8192,10624,18816,timeout,40.0,"{""ALLOW_LOW_RISK"": 751, ""ALLOW_AUTHORIZED"": 89}","{""fresh"": 76, ""aging"": 4, ""stale"": 5, ""hard_expired"": 4}","{""fresh"": {""proposed"": 76, ""ALLOW"": 76, ""DENY"": 0, ""DEFER"": 0, ""fraction_of_consequential"": 0.8539325842696629}, ""aging"": {""proposed"": 4, ""ALLOW"": 4, ""DENY"": 0, ""DEFER"": 0, ""fraction_of_consequential"": 0.0449438202247191}, ""stale"": {""proposed"": 5, ""ALLOW"": 5, ""DENY"": 0, ""DEFER"": 0, ""fraction_of_consequential"": 0.056179775280898875}, ""hard_expired"": {""proposed"": 4, ""ALLOW"": 4, ""DENY"": 0, ""DEFER"": 0, ""fraction_of_consequential"": 0.0449438202247191}}","{""CONNECTED"": {""proposed"": 0, ""ALLOW"": 0.0, ""DENY"": 0.0, ""DEFER"": 0.0, ""fraction_of_consequential"": 0.0}, ""DEGRADED"": {""proposed"": 18, ""ALLOW"": 1.0, ""DENY"": 0.0, ""DEFER"": 0.0, ""fraction_of_consequential"": 0.20224719101123595}, ""PARTITIONED"": {""proposed"": 69, ""ALLOW"": 1.0, ""DENY"": 0.0, ""DEFER"": 0.0, ""fraction_of_consequential"": 0.7752808988764045}, ""ISOLATED"": {""proposed"": 0, ""ALLOW"": 0.0, ""DENY"": 0.0, ""DEFER"": 0.0, ""fraction_of_consequential"": 0.0}, ""RECOVERING"": {""proposed"": 2, ""ALLOW"": 1.0, ""DENY"": 0.0, ""DEFER"": 0.0, ""fraction_of_consequential"": 0.02247191011235955}}",b0d804b41d6f708612dc345c3e165ef89bc8bd77,abc5d2c9401f39cc
B1,paper_ssp_200m_moderate_v1,0,0.0,2,tr_4370fea4680c_gpu,47.9171,53.9171,1,"{""conflicting_task_ownership"": 0, ""duplicate_execution"": 0, ""contradictory_reassignment"": 0, ""incompatible_mission_state"": 1, ""inconsistent_anomaly_state"": 0}",0.0,0.9857142857142858,0.9857142857142858,0.7661971830985915,8704,2656,11360,idle,0.0,"{""ALLOW_LOW_RISK"": 770, ""ALLOW_AUTHORIZED"": 70}","{""fresh"": 70, ""aging"": 0, ""stale"": 0, ""hard_expired"": 0}","{""fresh"": {""proposed"": 70, ""ALLOW"": 70, ""DENY"": 0, ""DEFER"": 0, ""fraction_of_consequential"": 1.0}, ""aging"": {""proposed"": 0, ""ALLOW"": 0, ""DENY"": 0, ""DEFER"": 0, ""fraction_of_consequential"": 0.0}, ""stale"": {""proposed"": 0, ""ALLOW"": 0, ""DENY"": 0, ""DEFER"": 0, ""fraction_of_consequential"": 0.0}, ""hard_expired"": {""proposed"": 0, ""ALLOW"": 0, ""DENY"": 0, ""DEFER"": 0, ""fraction_of_consequential"": 0.0}}","{""CONNECTED"": {""proposed"": 0, ""ALLOW"": 0.0, ""DENY"": 0.0, ""DEFER"": 0.0, ""fraction_of_consequential"": 0.0}, ""DEGRADED"": {""proposed"": 70, ""ALLOW"": 1.0, ""DENY"": 0.0, ""DEFER"": 0.0, ""fraction_of_consequential"": 1.0}, ""PARTITIONED"": {""proposed"": 0, ""ALLOW"": 0.0, ""DENY"": 0.0, ""DEFER"": 0.0, ""fraction_of_consequential"": 0.0}, ""ISOLATED"": {""proposed"": 0, ""ALLOW"": 0.0, ""DENY"": 0.0, ""DEFER"": 0.0, ""fraction_of_consequential"": 0.0}, ""RECOVERING"": {""proposed"": 0, ""ALLOW"": 0.0, ""DENY"": 0.0, ""DEFER"": 0.0, ""fraction_of_consequential"": 0.0}}",b0d804b41d6f708612dc345c3e165ef89bc8bd77,82292bada6398fcb
B2,paper_ssp_200m_moderate_v1,0,0.0,2,tr_4370fea4680c_gpu,47.9171,53.9171,1,"{""conflicting_task_ownership"": 0, ""duplicate_execution"": 0, ""contradictory_reassignment"": 0, ""incompatible_mission_state"": 1, ""inconsistent_anomaly_state"": 0}",0.0,0.9857142857142858,0.9857142857142858,0.7661971830985915,8704,2656,11360,idle,0.0,"{""ALLOW_AUTHORIZED"": 840}","{""fresh"": 70, ""aging"": 0, ""stale"": 0, ""hard_expired"": 0}","{""fresh"": {""proposed"": 70, ""ALLOW"": 70, ""DENY"": 0, ""DEFER"": 0, ""fraction_of_consequential"": 1.0}, ""aging"": {""proposed"": 0, ""ALLOW"": 0, ""DENY"": 0, ""DEFER"": 0, ""fraction_of_consequential"": 0.0}, ""stale"": {""proposed"": 0, ""ALLOW"": 0, ""DENY"": 0, ""DEFER"": 0, ""fraction_of_consequential"": 0.0}, ""hard_expired"": {""proposed"": 0, ""ALLOW"": 0, ""DENY"": 0, ""DEFER"": 0, ""fraction_of_consequential"": 0.0}}","{""CONNECTED"": {""proposed"": 0, ""ALLOW"": 0.0, ""DENY"": 0.0, ""DEFER"": 0.0, ""fraction_of_consequential"": 0.0}, ""DEGRADED"": {""proposed"": 70, ""ALLOW"": 1.0, ""DENY"": 0.0, ""DEFER"": 0.0, ""fraction_of_consequential"": 1.0}, ""PARTITIONED"": {""proposed"": 0, ""ALLOW"": 0.0, ""DENY"": 0.0, ""DEFER"": 0.0, ""fraction_of_consequential"": 0.0}, ""ISOLATED"": {""proposed"": 0, ""ALLOW"": 0.0, ""DENY"": 0.0, ""DEFER"": 0.0, ""fraction_of_consequential"": 0.0}, ""RECOVERING"": {""proposed"": 0, ""ALLOW"": 0.0, ""DENY"": 0.0, ""DEFER"": 0.0, ""fraction_of_consequential"": 0.0}}",b0d804b41d6f708612dc345c3e165ef89bc8bd77,82292bada6398fcb
B3,paper_ssp_200m_moderate_v1,0,0.0,2,tr_4370fea4680c_gpu,-30.0462,-30.0462,0,"{""conflicting_task_ownership"": 0, ""duplicate_execution"": 0, ""contradictory_reassignment"": 0, ""incompatible_mission_state"": 0, ""inconsistent_anomaly_state"": 0}",0.0,0.0,0.0,0.767277856135402,8704,2640,11344,idle,0.0,"{""ALLOW_LOW_RISK"": 496, ""DENY_STATIC_BOUND"": 344}","{""fresh"": 344, ""aging"": 0, ""stale"": 0, ""hard_expired"": 0}","{""fresh"": {""proposed"": 344, ""ALLOW"": 0, ""DENY"": 344, ""DEFER"": 0, ""fraction_of_consequential"": 1.0}, ""aging"": {""proposed"": 0, ""ALLOW"": 0, ""DENY"": 0, ""DEFER"": 0, ""fraction_of_consequential"": 0.0}, ""stale"": {""proposed"": 0, ""ALLOW"": 0, ""DENY"": 0, ""DEFER"": 0, ""fraction_of_consequential"": 0.0}, ""hard_expired"": {""proposed"": 0, ""ALLOW"": 0, ""DENY"": 0, ""DEFER"": 0, ""fraction_of_consequential"": 0.0}}","{""CONNECTED"": {""proposed"": 0, ""ALLOW"": 0.0, ""DENY"": 0.0, ""DEFER"": 0.0, ""fraction_of_consequential"": 0.0}, ""DEGRADED"": {""proposed"": 344, ""ALLOW"": 0.0, ""DENY"": 1.0, ""DEFER"": 0.0, ""fraction_of_consequential"": 1.0}, ""PARTITIONED"": {""proposed"": 0, ""ALLOW"": 0.0, ""DENY"": 0.0, ""DEFER"": 0.0, ""fraction_of_consequential"": 0.0}, ""ISOLATED"": {""proposed"": 0, ""ALLOW"": 0.0, ""DENY"": 0.0, ""DEFER"": 0.0, ""fraction_of_consequential"": 0.0}, ""RECOVERING"": {""proposed"": 0, ""ALLOW"": 0.0, ""DENY"": 0.0, ""DEFER"": 0.0, ""fraction_of_consequential"": 0.0}}",b0d804b41d6f708612dc345c3e165ef89bc8bd77,82292bada6398fcb
B4,paper_ssp_200m_moderate_v1,0,0.0,2,tr_4370fea4680c_gpu,47.9171,53.9171,1,"{""conflicting_task_ownership"": 0, ""duplicate_execution"": 0, ""contradictory_reassignment"": 0, ""incompatible_mission_state"": 1, ""inconsistent_anomaly_state"": 0}",0.0,0.9857142857142858,0.9857142857142858,0.7661971830985915,8704,2656,11360,idle,0.0,"{""ALLOW_LOW_RISK"": 770, ""ALLOW_AUTHORIZED"": 70}","{""fresh"": 70, ""aging"": 0, ""stale"": 0, ""hard_expired"": 0}","{""fresh"": {""proposed"": 70, ""ALLOW"": 70, ""DENY"": 0, ""DEFER"": 0, ""fraction_of_consequential"": 1.0}, ""aging"": {""proposed"": 0, ""ALLOW"": 0, ""DENY"": 0, ""DEFER"": 0, ""fraction_of_consequential"": 0.0}, ""stale"": {""proposed"": 0, ""ALLOW"": 0, ""DENY"": 0, ""DEFER"": 0, ""fraction_of_consequential"": 0.0}, ""hard_expired"": {""proposed"": 0, ""ALLOW"": 0, ""DENY"": 0, ""DEFER"": 0, ""fraction_of_consequential"": 0.0}}","{""CONNECTED"": {""proposed"": 0, ""ALLOW"": 0.0, ""DENY"": 0.0, ""DEFER"": 0.0, ""fraction_of_consequential"": 0.0}, ""DEGRADED"": {""proposed"": 70, ""ALLOW"": 1.0, ""DENY"": 0.0, ""DEFER"": 0.0, ""fraction_of_consequential"": 1.0}, ""PARTITIONED"": {""proposed"": 0, ""ALLOW"": 0.0, ""DENY"": 0.0, ""DEFER"": 0.0, ""fraction_of_consequential"": 0.0}, ""ISOLATED"": {""proposed"": 0, ""ALLOW"": 0.0, ""DENY"": 0.0, ""DEFER"": 0.0, ""fraction_of_consequential"": 0.0}, ""RECOVERING"": {""proposed"": 0, ""ALLOW"": 0.0, ""DENY"": 0.0, ""DEFER"": 0.0, ""fraction_of_consequential"": 0.0}}",b0d804b41d6f708612dc345c3e165ef89bc8bd77,82292bada6398fcb
B5_conservative,paper_ssp_200m_moderate_v1,0,0.0,2,tr_4370fea4680c_gpu,-30.0462,-30.0462,0,"{""conflicting_task_ownership"": 0, ""duplicate_execution"": 0, ""contradictory_reassignment"": 0, ""incompatible_mission_state"": 0, ""inconsistent_anomaly_state"": 0}",0.0,0.0,0.0,0.767277856135402,8704,2640,11344,idle,0.0,"{""ALLOW_LOW_RISK"": 496, ""DEFER_DEGRADED"": 344}","{""fresh"": 344, ""aging"": 0, ""stale"": 0, ""hard_expired"": 0}","{""fresh"": {""proposed"": 344, ""ALLOW"": 0, ""DENY"": 0, ""DEFER"": 344, ""fraction_of_consequential"": 1.0}, ""aging"": {""proposed"": 0, ""ALLOW"": 0, ""DENY"": 0, ""DEFER"": 0, ""fraction_of_consequential"": 0.0}, ""stale"": {""proposed"": 0, ""ALLOW"": 0, ""DENY"": 0, ""DEFER"": 0, ""fraction_of_consequential"": 0.0}, ""hard_expired"": {""proposed"": 0, ""ALLOW"": 0, ""DENY"": 0, ""DEFER"": 0, ""fraction_of_consequential"": 0.0}}","{""CONNECTED"": {""proposed"": 0, ""ALLOW"": 0.0, ""DENY"": 0.0, ""DEFER"": 0.0, ""fraction_of_consequential"": 0.0}, ""DEGRADED"": {""proposed"": 344, ""ALLOW"": 0.0, ""DENY"": 0.0, ""DEFER"": 1.0, ""fraction_of_consequential"": 1.0}, ""PARTITIONED"": {""proposed"": 0, ""ALLOW"": 0.0, ""DENY"": 0.0, ""DEFER"": 0.0, ""fraction_of_consequential"": 0.0}, ""ISOLATED"": {""proposed"": 0, ""ALLOW"": 0.0, ""DENY"": 0.0, ""DEFER"": 0.0, ""fraction_of_consequential"": 0.0}, ""RECOVERING"": {""proposed"": 0, ""ALLOW"": 0.0, ""DENY"": 0.0, ""DEFER"": 0.0, ""fraction_of_consequential"": 0.0}}",b0d804b41d6f708612dc345c3e165ef89bc8bd77,82292bada6398fcb
B5_nominal,paper_ssp_200m_moderate_v1,0,0.0,2,tr_4370fea4680c_gpu,47.9171,53.9171,1,"{""conflicting_task_ownership"": 0, ""duplicate_execution"": 0, ""contradictory_reassignment"": 0, ""incompatible_mission_state"": 1, ""inconsistent_anomaly_state"": 0}",0.0,0.9857142857142858,0.9857142857142858,0.7661971830985915,8704,2656,11360,idle,0.0,"{""ALLOW_LOW_RISK"": 770, ""ALLOW_AUTHORIZED"": 70}","{""fresh"": 70, ""aging"": 0, ""stale"": 0, ""hard_expired"": 0}","{""fresh"": {""proposed"": 70, ""ALLOW"": 70, ""DENY"": 0, ""DEFER"": 0, ""fraction_of_consequential"": 1.0}, ""aging"": {""proposed"": 0, ""ALLOW"": 0, ""DENY"": 0, ""DEFER"": 0, ""fraction_of_consequential"": 0.0}, ""stale"": {""proposed"": 0, ""ALLOW"": 0, ""DENY"": 0, ""DEFER"": 0, ""fraction_of_consequential"": 0.0}, ""hard_expired"": {""proposed"": 0, ""ALLOW"": 0, ""DENY"": 0, ""DEFER"": 0, ""fraction_of_consequential"": 0.0}}","{""CONNECTED"": {""proposed"": 0, ""ALLOW"": 0.0, ""DENY"": 0.0, ""DEFER"": 0.0, ""fraction_of_consequential"": 0.0}, ""DEGRADED"": {""proposed"": 70, ""ALLOW"": 1.0, ""DENY"": 0.0, ""DEFER"": 0.0, ""fraction_of_consequential"": 1.0}, ""PARTITIONED"": {""proposed"": 0, ""ALLOW"": 0.0, ""DENY"": 0.0, ""DEFER"": 0.0, ""fraction_of_consequential"": 0.0}, ""ISOLATED"": {""proposed"": 0, ""ALLOW"": 0.0, ""DENY"": 0.0, ""DEFER"": 0.0, ""fraction_of_consequential"": 0.0}, ""RECOVERING"": {""proposed"": 0, ""ALLOW"": 0.0, ""DENY"": 0.0, ""DEFER"": 0.0, ""fraction_of_consequential"": 0.0}}",b0d804b41d6f708612dc345c3e165ef89bc8bd77,82292bada6398fcb
B5_permissive,paper_ssp_200m_moderate_v1,0,0.0,2,tr_4370fea4680c_gpu,47.9171,53.9171,1,"{""conflicting_task_ownership"": 0, ""duplicate_execution"": 0, ""contradictory_reassignment"": 0, ""incompatible_mission_state"": 1, ""inconsistent_anomaly_state"": 0}",0.0,0.9857142857142858,0.9857142857142858,0.7661971830985915,8704,2656,11360,idle,0.0,"{""ALLOW_LOW_RISK"": 770, ""ALLOW_AUTHORIZED"": 70}","{""fresh"": 70, ""aging"": 0, ""stale"": 0, ""hard_expired"": 0}","{""fresh"": {""proposed"": 70, ""ALLOW"": 70, ""DENY"": 0, ""DEFER"": 0, ""fraction_of_consequential"": 1.0}, ""aging"": {""proposed"": 0, ""ALLOW"": 0, ""DENY"": 0, ""DEFER"": 0, ""fraction_of_consequential"": 0.0}, ""stale"": {""proposed"": 0, ""ALLOW"": 0, ""DENY"": 0, ""DEFER"": 0, ""fraction_of_consequential"": 0.0}, ""hard_expired"": {""proposed"": 0, ""ALLOW"": 0, ""DENY"": 0, ""DEFER"": 0, ""fraction_of_consequential"": 0.0}}","{""CONNECTED"": {""proposed"": 0, ""ALLOW"": 0.0, ""DENY"": 0.0, ""DEFER"": 0.0, ""fraction_of_consequential"": 0.0}, ""DEGRADED"": {""proposed"": 70, ""ALLOW"": 1.0, ""DENY"": 0.0, ""DEFER"": 0.0, ""fraction_of_consequential"": 1.0}, ""PARTITIONED"": {""proposed"": 0, ""ALLOW"": 0.0, ""DENY"": 0.0, ""DEFER"": 0.0, ""fraction_of_consequential"": 0.0}, ""ISOLATED"": {""proposed"": 0, ""ALLOW"": 0.0, ""DENY"": 0.0, ""DEFER"": 0.0, ""fraction_of_consequential"": 0.0}, ""RECOVERING"": {""proposed"": 0, ""ALLOW"": 0.0, ""DENY"": 0.0, ""DEFER"": 0.0, ""fraction_of_consequential"": 0.0}}",b0d804b41d6f708612dc345c3e165ef89bc8bd77,82292bada6398fcb
B1,paper_ssp_200m_moderate_v1,150,150.0,2,tr_4370fea4680c_gpu,47.9177,53.9177,1,"{""conflicting_task_ownership"": 0, ""duplicate_execution"": 0, ""contradictory_reassignment"": 0, ""incompatible_mission_state"": 1, ""inconsistent_anomaly_state"": 0}",0.10526315789473684,0.881578947368421,0.9852941176470589,0.5577342047930284,8192,6496,14688,timeout,40.0,"{""ALLOW_LOW_RISK"": 764, ""ALLOW_AUTHORIZED"": 68, ""DENY_SUPERVISOR_UNREACHABLE"": 6, ""DENY_RECOVERING_CONSEQUENTIAL"": 2}","{""fresh"": 76, ""aging"": 0, ""stale"": 0, ""hard_expired"": 0}","{""fresh"": {""proposed"": 76, ""ALLOW"": 68, ""DENY"": 8, ""DEFER"": 0, ""fraction_of_consequential"": 1.0}, ""aging"": {""proposed"": 0, ""ALLOW"": 0, ""DENY"": 0, ""DEFER"": 0, ""fraction_of_consequential"": 0.0}, ""stale"": {""proposed"": 0, ""ALLOW"": 0, ""DENY"": 0, ""DEFER"": 0, ""fraction_of_consequential"": 0.0}, ""hard_expired"": {""proposed"": 0, ""ALLOW"": 0, ""DENY"": 0, ""DEFER"": 0, ""fraction_of_consequential"": 0.0}}","{""CONNECTED"": {""proposed"": 0, ""ALLOW"": 0.0, ""DENY"": 0.0, ""DEFER"": 0.0, ""fraction_of_consequential"": 0.0}, ""DEGRADED"": {""proposed"": 60, ""ALLOW"": 1.0, ""DENY"": 0.0, ""DEFER"": 0.0, ""fraction_of_consequential"": 0.7894736842105263}, ""PARTITIONED"": {""proposed"": 14, ""ALLOW"": 0.5714285714285714, ""DENY"": 0.42857142857142855, ""DEFER"": 0.0, ""fraction_of_consequential"": 0.18421052631578946}, ""ISOLATED"": {""proposed"": 0, ""ALLOW"": 0.0, ""DENY"": 0.0, ""DEFER"": 0.0, ""fraction_of_consequential"": 0.0}, ""RECOVERING"": {""proposed"": 2, ""ALLOW"": 0.0, ""DENY"": 1.0, ""DEFER"": 0.0, ""fraction_of_consequential"": 0.02631578947368421}}",b0d804b41d6f708612dc345c3e165ef89bc8bd77,d354cad828e6da37
B2,paper_ssp_200m_moderate_v1,150,150.0,2,tr_4370fea4680c_gpu,41.923,53.923,2,"{""conflicting_task_ownership"": 0, ""duplicate_execution"": 0, ""contradictory_reassignment"": 1, ""incompatible_mission_state"": 1, ""inconsistent_anomaly_state"": 0}",0.21052631578947367,0.9210526315789473,0.9210526315789473,0.5577342047930284,8192,6496,14688,timeout,40.0,"{""ALLOW_AUTHORIZED"": 840}","{""fresh"": 76, ""aging"": 0, ""stale"": 0, ""hard_expired"": 0}","{""fresh"": {""proposed"": 76, ""ALLOW"": 76, ""DENY"": 0, ""DEFER"": 0, ""fraction_of_consequential"": 1.0}, ""aging"": {""proposed"": 0, ""ALLOW"": 0, ""DENY"": 0, ""DEFER"": 0, ""fraction_of_consequential"": 0.0}, ""stale"": {""proposed"": 0, ""ALLOW"": 0, ""DENY"": 0, ""DEFER"": 0, ""fraction_of_consequential"": 0.0}, ""hard_expired"": {""proposed"": 0, ""ALLOW"": 0, ""DENY"": 0, ""DEFER"": 0, ""fraction_of_consequential"": 0.0}}","{""CONNECTED"": {""proposed"": 0, ""ALLOW"": 0.0, ""DENY"": 0.0, ""DEFER"": 0.0, ""fraction_of_consequential"": 0.0}, ""DEGRADED"": {""proposed"": 60, ""ALLOW"": 1.0, ""DENY"": 0.0, ""DEFER"": 0.0, ""fraction_of_consequential"": 0.7894736842105263}, ""PARTITIONED"": {""proposed"": 14, ""ALLOW"": 1.0, ""DENY"": 0.0, ""DEFER"": 0.0, ""fraction_of_consequential"": 0.18421052631578946}, ""ISOLATED"": {""proposed"": 0, ""ALLOW"": 0.0, ""DENY"": 0.0, ""DEFER"": 0.0, ""fraction_of_consequential"": 0.0}, ""RECOVERING"": {""proposed"": 2, ""ALLOW"": 1.0, ""DENY"": 0.0, ""DEFER"": 0.0, ""fraction_of_consequential"": 0.02631578947368421}}",b0d804b41d6f708612dc345c3e165ef89bc8bd77,d354cad828e6da37
B3,paper_ssp_200m_moderate_v1,150,150.0,2,tr_4370fea4680c_gpu,-30.046,-30.046,0,"{""conflicting_task_ownership"": 0, ""duplicate_execution"": 0, ""contradictory_reassignment"": 0, ""incompatible_mission_state"": 0, ""inconsistent_anomaly_state"": 0}",0.0,0.0,0.0,0.5583424209378408,8192,6480,14672,timeout,40.0,"{""ALLOW_LOW_RISK"": 494, ""DENY_STATIC_BOUND"": 346}","{""fresh"": 342, ""aging"": 4, ""stale"": 0, ""hard_expired"": 0}","{""fresh"": {""proposed"": 342, ""ALLOW"": 0, ""DENY"": 342, ""DEFER"": 0, ""fraction_of_consequential"": 0.9884393063583815}, ""aging"": {""proposed"": 4, ""ALLOW"": 0, ""DENY"": 4, ""DEFER"": 0, ""fraction_of_consequential"": 0.011560693641618497}, ""stale"": {""proposed"": 0, ""ALLOW"": 0, ""DENY"": 0, ""DEFER"": 0, ""fraction_of_consequential"": 0.0}, ""hard_expired"": {""proposed"": 0, ""ALLOW"": 0, ""DENY"": 0, ""DEFER"": 0, ""fraction_of_consequential"": 0.0}}","{""CONNECTED"": {""proposed"": 0, ""ALLOW"": 0.0, ""DENY"": 0.0, ""DEFER"": 0.0, ""fraction_of_consequential"": 0.0}, ""DEGRADED"": {""proposed"": 294, ""ALLOW"": 0.0, ""DENY"": 1.0, ""DEFER"": 0.0, ""fraction_of_consequential"": 0.8497109826589595}, ""PARTITIONED"": {""proposed"": 42, ""ALLOW"": 0.0, ""DENY"": 1.0, ""DEFER"": 0.0, ""fraction_of_consequential"": 0.12138728323699421}, ""ISOLATED"": {""proposed"": 0, ""ALLOW"": 0.0, ""DENY"": 0.0, ""DEFER"": 0.0, ""fraction_of_consequential"": 0.0}, ""RECOVERING"": {""proposed"": 10, ""ALLOW"": 0.0, ""DENY"": 1.0, ""DEFER"": 0.0, ""fraction_of_consequential"": 0.028901734104046242}}",b0d804b41d6f708612dc345c3e165ef89bc8bd77,d354cad828e6da37
B4,paper_ssp_200m_moderate_v1,150,150.0,2,tr_4370fea4680c_gpu,41.923,53.923,2,"{""conflicting_task_ownership"": 0, ""duplicate_execution"": 0, ""contradictory_reassignment"": 1, ""incompatible_mission_state"": 1, ""inconsistent_anomaly_state"": 0}",0.18421052631578946,0.8947368421052632,0.918918918918919,0.5577342047930284,8192,6496,14688,timeout,40.0,"{""ALLOW_LOW_RISK"": 764, ""ALLOW_AUTHORIZED"": 74, ""DENY_RECOVERING_HARD_SAFETY"": 2}","{""fresh"": 76, ""aging"": 0, ""stale"": 0, ""hard_expired"": 0}","{""fresh"": {""proposed"": 76, ""ALLOW"": 74, ""DENY"": 2, ""DEFER"": 0, ""fraction_of_consequential"": 1.0}, ""aging"": {""proposed"": 0, ""ALLOW"": 0, ""DENY"": 0, ""DEFER"": 0, ""fraction_of_consequential"": 0.0}, ""stale"": {""proposed"": 0, ""ALLOW"": 0, ""DENY"": 0, ""DEFER"": 0, ""fraction_of_consequential"": 0.0}, ""hard_expired"": {""proposed"": 0, ""ALLOW"": 0, ""DENY"": 0, ""DEFER"": 0, ""fraction_of_consequential"": 0.0}}","{""CONNECTED"": {""proposed"": 0, ""ALLOW"": 0.0, ""DENY"": 0.0, ""DEFER"": 0.0, ""fraction_of_consequential"": 0.0}, ""DEGRADED"": {""proposed"": 60, ""ALLOW"": 1.0, ""DENY"": 0.0, ""DEFER"": 0.0, ""fraction_of_consequential"": 0.7894736842105263}, ""PARTITIONED"": {""proposed"": 14, ""ALLOW"": 1.0, ""DENY"": 0.0, ""DEFER"": 0.0, ""fraction_of_consequential"": 0.18421052631578946}, ""ISOLATED"": {""proposed"": 0, ""ALLOW"": 0.0, ""DENY"": 0.0, ""DEFER"": 0.0, ""fraction_of_consequential"": 0.0}, ""RECOVERING"": {""proposed"": 2, ""ALLOW"": 0.0, ""DENY"": 1.0, ""DEFER"": 0.0, ""fraction_of_consequential"": 0.02631578947368421}}",b0d804b41d6f708612dc345c3e165ef89bc8bd77,d354cad828e6da37
B5_conservative,paper_ssp_200m_moderate_v1,150,150.0,2,tr_4370fea4680c_gpu,-30.046,-30.046,0,"{""conflicting_task_ownership"": 0, ""duplicate_execution"": 0, ""contradictory_reassignment"": 0, ""incompatible_mission_state"": 0, ""inconsistent_anomaly_state"": 0}",0.0,0.0,0.0,0.5583424209378408,8192,6480,14672,timeout,40.0,"{""ALLOW_LOW_RISK"": 494, ""DEFER_DEGRADED"": 294, ""DENY_CONNECTIVITY_POLICY"": 52}","{""fresh"": 342, ""aging"": 4, ""stale"": 0, ""hard_expired"": 0}","{""fresh"": {""proposed"": 342, ""ALLOW"": 0, ""DENY"": 48, ""DEFER"": 294, ""fraction_of_consequential"": 0.9884393063583815}, ""aging"": {""proposed"": 4, ""ALLOW"": 0, ""DENY"": 4, ""DEFER"": 0, ""fraction_of_consequential"": 0.011560693641618497}, ""stale"": {""proposed"": 0, ""ALLOW"": 0, ""DENY"": 0, ""DEFER"": 0, ""fraction_of_consequential"": 0.0}, ""hard_expired"": {""proposed"": 0, ""ALLOW"": 0, ""DENY"": 0, ""DEFER"": 0, ""fraction_of_consequential"": 0.0}}","{""CONNECTED"": {""proposed"": 0, ""ALLOW"": 0.0, ""DENY"": 0.0, ""DEFER"": 0.0, ""fraction_of_consequential"": 0.0}, ""DEGRADED"": {""proposed"": 294, ""ALLOW"": 0.0, ""DENY"": 0.0, ""DEFER"": 1.0, ""fraction_of_consequential"": 0.8497109826589595}, ""PARTITIONED"": {""proposed"": 42, ""ALLOW"": 0.0, ""DENY"": 1.0, ""DEFER"": 0.0, ""fraction_of_consequential"": 0.12138728323699421}, ""ISOLATED"": {""proposed"": 0, ""ALLOW"": 0.0, ""DENY"": 0.0, ""DEFER"": 0.0, ""fraction_of_consequential"": 0.0}, ""RECOVERING"": {""proposed"": 10, ""ALLOW"": 0.0, ""DENY"": 1.0, ""DEFER"": 0.0, ""fraction_of_consequential"": 0.028901734104046242}}",b0d804b41d6f708612dc345c3e165ef89bc8bd77,d354cad828e6da37
B5_nominal,paper_ssp_200m_moderate_v1,150,150.0,2,tr_4370fea4680c_gpu,41.923,53.923,2,"{""conflicting_task_ownership"": 0, ""duplicate_execution"": 0, ""contradictory_reassignment"": 1, ""incompatible_mission_state"": 1, ""inconsistent_anomaly_state"": 0}",0.21052631578947367,0.9210526315789473,0.9210526315789473,0.5577342047930284,8192,6496,14688,timeout,40.0,"{""ALLOW_LOW_RISK"": 764, ""ALLOW_AUTHORIZED"": 76}","{""fresh"": 76, ""aging"": 0, ""stale"": 0, ""hard_expired"": 0}","{""fresh"": {""proposed"": 76, ""ALLOW"": 76, ""DENY"": 0, ""DEFER"": 0, ""fraction_of_consequential"": 1.0}, ""aging"": {""proposed"": 0, ""ALLOW"": 0, ""DENY"": 0, ""DEFER"": 0, ""fraction_of_consequential"": 0.0}, ""stale"": {""proposed"": 0, ""ALLOW"": 0, ""DENY"": 0, ""DEFER"": 0, ""fraction_of_consequential"": 0.0}, ""hard_expired"": {""proposed"": 0, ""ALLOW"": 0, ""DENY"": 0, ""DEFER"": 0, ""fraction_of_consequential"": 0.0}}","{""CONNECTED"": {""proposed"": 0, ""ALLOW"": 0.0, ""DENY"": 0.0, ""DEFER"": 0.0, ""fraction_of_consequential"": 0.0}, ""DEGRADED"": {""proposed"": 60, ""ALLOW"": 1.0, ""DENY"": 0.0, ""DEFER"": 0.0, ""fraction_of_consequential"": 0.7894736842105263}, ""PARTITIONED"": {""proposed"": 14, ""ALLOW"": 1.0, ""DENY"": 0.0, ""DEFER"": 0.0, ""fraction_of_consequential"": 0.18421052631578946}, ""ISOLATED"": {""proposed"": 0, ""ALLOW"": 0.0, ""DENY"": 0.0, ""DEFER"": 0.0, ""fraction_of_consequential"": 0.0}, ""RECOVERING"": {""proposed"": 2, ""ALLOW"": 1.0, ""DENY"": 0.0, ""DEFER"": 0.0, ""fraction_of_consequential"": 0.02631578947368421}}",b0d804b41d6f708612dc345c3e165ef89bc8bd77,d354cad828e6da37
B5_permissive,paper_ssp_200m_moderate_v1,150,150.0,2,tr_4370fea4680c_gpu,41.923,53.923,2,"{""conflicting_task_ownership"": 0, ""duplicate_execution"": 0, ""contradictory_reassignment"": 1, ""incompatible_mission_state"": 1, ""inconsistent_anomaly_state"": 0}",0.21052631578947367,0.9210526315789473,0.9210526315789473,0.5577342047930284,8192,6496,14688,timeout,40.0,"{""ALLOW_LOW_RISK"": 764, ""ALLOW_AUTHORIZED"": 76}","{""fresh"": 76, ""aging"": 0, ""stale"": 0, ""hard_expired"": 0}","{""fresh"": {""proposed"": 76, ""ALLOW"": 76, ""DENY"": 0, ""DEFER"": 0, ""fraction_of_consequential"": 1.0}, ""aging"": {""proposed"": 0, ""ALLOW"": 0, ""DENY"": 0, ""DEFER"": 0, ""fraction_of_consequential"": 0.0}, ""stale"": {""proposed"": 0, ""ALLOW"": 0, ""DENY"": 0, ""DEFER"": 0, ""fraction_of_consequential"": 0.0}, ""hard_expired"": {""proposed"": 0, ""ALLOW"": 0, ""DENY"": 0, ""DEFER"": 0, ""fraction_of_consequential"": 0.0}}","{""CONNECTED"": {""proposed"": 0, ""ALLOW"": 0.0, ""DENY"": 0.0, ""DEFER"": 0.0, ""fraction_of_consequential"": 0.0}, ""DEGRADED"": {""proposed"": 60, ""ALLOW"": 1.0, ""DENY"": 0.0, ""DEFER"": 0.0, ""fraction_of_consequential"": 0.7894736842105263}, ""PARTITIONED"": {""proposed"": 14, ""ALLOW"": 1.0, ""DENY"": 0.0, ""DEFER"": 0.0, ""fraction_of_consequential"": 0.18421052631578946}, ""ISOLATED"": {""proposed"": 0, ""ALLOW"": 0.0, ""DENY"": 0.0, ""DEFER"": 0.0, ""fraction_of_consequential"": 0.0}, ""RECOVERING"": {""proposed"": 2, ""ALLOW"": 1.0, ""DENY"": 0.0, ""DEFER"": 0.0, ""fraction_of_consequential"": 0.02631578947368421}}",b0d804b41d6f708612dc345c3e165ef89bc8bd77,d354cad828e6da37
B1,paper_ssp_200m_moderate_v1,300,300.0,2,tr_4370fea4680c_gpu,47.9183,53.9183,1,"{""conflicting_task_ownership"": 0, ""duplicate_execution"": 0, ""contradictory_reassignment"": 0, ""incompatible_mission_state"": 1, ""inconsistent_anomaly_state"": 0}",0.18292682926829268,0.8170731707317073,0.9852941176470589,0.45390070921985815,8192,9856,18048,timeout,40.0,"{""ALLOW_LOW_RISK"": 758, ""ALLOW_AUTHORIZED"": 68, ""DENY_SUPERVISOR_UNREACHABLE"": 12, ""DENY_RECOVERING_CONSEQUENTIAL"": 2}","{""fresh"": 76, ""aging"": 6, ""stale"": 0, ""hard_expired"": 0}","{""fresh"": {""proposed"": 76, ""ALLOW"": 68, ""DENY"": 8, ""DEFER"": 0, ""fraction_of_consequential"": 0.926829268292683}, ""aging"": {""proposed"": 6, ""ALLOW"": 0, ""DENY"": 6, ""DEFER"": 0, ""fraction_of_consequential"": 0.07317073170731707}, ""stale"": {""proposed"": 0, ""ALLOW"": 0, ""DENY"": 0, ""DEFER"": 0, ""fraction_of_consequential"": 0.0}, ""hard_expired"": {""proposed"": 0, ""ALLOW"": 0, ""DENY"": 0, ""DEFER"": 0, ""fraction_of_consequential"": 0.0}}","{""CONNECTED"": {""proposed"": 0, ""ALLOW"": 0.0, ""DENY"": 0.0, ""DEFER"": 0.0, ""fraction_of_consequential"": 0.0}, ""DEGRADED"": {""proposed"": 53, ""ALLOW"": 1.0, ""DENY"": 0.0, ""DEFER"": 0.0, ""fraction_of_consequential"": 0.6463414634146342}, ""PARTITIONED"": {""proposed"": 27, ""ALLOW"": 0.5555555555555556, ""DENY"": 0.4444444444444444, ""DEFER"": 0.0, ""fraction_of_consequential"": 0.32926829268292684}, ""ISOLATED"": {""proposed"": 0, ""ALLOW"": 0.0, ""DENY"": 0.0, ""DEFER"": 0.0, ""fraction_of_consequential"": 0.0}, ""RECOVERING"": {""proposed"": 2, ""ALLOW"": 0.0, ""DENY"": 1.0, ""DEFER"": 0.0, ""fraction_of_consequential"": 0.024390243902439025}}",b0d804b41d6f708612dc345c3e165ef89bc8bd77,e2d4198268a9ab60
B2,paper_ssp_200m_moderate_v1,300,300.0,2,tr_4370fea4680c_gpu,-14.0806,21.9194,6,"{""conflicting_task_ownership"": 0, ""duplicate_execution"": 0, ""contradictory_reassignment"": 1, ""incompatible_mission_state"": 1, ""inconsistent_anomaly_state"": 4}",0.3375,0.925,0.925,0.45390070921985815,8192,9856,18048,timeout,40.0,"{""ALLOW_AUTHORIZED"": 840}","{""fresh"": 76, ""aging"": 4, ""stale"": 0, ""hard_expired"": 0}","{""fresh"": {""proposed"": 76, ""ALLOW"": 76, ""DENY"": 0, ""DEFER"": 0, ""fraction_of_consequential"": 0.95}, ""aging"": {""proposed"": 4, ""ALLOW"": 4, ""DENY"": 0, ""DEFER"": 0, ""fraction_of_consequential"": 0.05}, ""stale"": {""proposed"": 0, ""ALLOW"": 0, ""DENY"": 0, ""DEFER"": 0, ""fraction_of_consequential"": 0.0}, ""hard_expired"": {""proposed"": 0, ""ALLOW"": 0, ""DENY"": 0, ""DEFER"": 0, ""fraction_of_consequential"": 0.0}}","{""CONNECTED"": {""proposed"": 0, ""ALLOW"": 0.0, ""DENY"": 0.0, ""DEFER"": 0.0, ""fraction_of_consequential"": 0.0}, ""DEGRADED"": {""proposed"": 53, ""ALLOW"": 1.0, ""DENY"": 0.0, ""DEFER"": 0.0, ""fraction_of_consequential"": 0.6625}, ""PARTITIONED"": {""proposed"": 25, ""ALLOW"": 1.0, ""DENY"": 0.0, ""DEFER"": 0.0, ""fraction_of_consequential"": 0.3125}, ""ISOLATED"": {""proposed"": 0, ""ALLOW"": 0.0, ""DENY"": 0.0, ""DEFER"": 0.0, ""fraction_of_consequential"": 0.0}, ""RECOVERING"": {""proposed"": 2, ""ALLOW"": 1.0, ""DENY"": 0.0, ""DEFER"": 0.0, ""fraction_of_consequential"": 0.025}}",b0d804b41d6f708612dc345c3e165ef89bc8bd77,e2d4198268a9ab60
B3,paper_ssp_200m_moderate_v1,300,300.0,2,tr_4370fea4680c_gpu,-30.0458,-30.0458,0,"{""conflicting_task_ownership"": 0, ""duplicate_execution"": 0, ""contradictory_reassignment"": 0, ""incompatible_mission_state"": 0, ""inconsistent_anomaly_state"": 0}",0.0,0.0,0.0,0.45430346051464066,8192,9840,18032,timeout,40.0,"{""ALLOW_LOW_RISK"": 492, ""DENY_STATIC_BOUND"": 348}","{""fresh"": 314, ""aging"": 34, ""stale"": 0, ""hard_expired"": 0}","{""fresh"": {""proposed"": 314, ""ALLOW"": 0, ""DENY"": 314, ""DEFER"": 0, ""fraction_of_consequential"": 0.9022988505747126}, ""aging"": {""proposed"": 34, ""ALLOW"": 0, ""DENY"": 34, ""DEFER"": 0, ""fraction_of_consequential"": 0.09770114942528736}, ""stale"": {""proposed"": 0, ""ALLOW"": 0, ""DENY"": 0, ""DEFER"": 0, ""fraction_of_consequential"": 0.0}, ""hard_expired"": {""proposed"": 0, ""ALLOW"": 0, ""DENY"": 0, ""DEFER"": 0, ""fraction_of_consequential"": 0.0}}","{""CONNECTED"": {""proposed"": 0, ""ALLOW"": 0.0, ""DENY"": 0.0, ""DEFER"": 0.0, ""fraction_of_consequential"": 0.0}, ""DEGRADED"": {""proposed"": 259, ""ALLOW"": 0.0, ""DENY"": 1.0, ""DEFER"": 0.0, ""fraction_of_consequential"": 0.7442528735632183}, ""PARTITIONED"": {""proposed"": 79, ""ALLOW"": 0.0, ""DENY"": 1.0, ""DEFER"": 0.0, ""fraction_of_consequential"": 0.22701149425287356}, ""ISOLATED"": {""proposed"": 0, ""ALLOW"": 0.0, ""DENY"": 0.0, ""DEFER"": 0.0, ""fraction_of_consequential"": 0.0}, ""RECOVERING"": {""proposed"": 10, ""ALLOW"": 0.0, ""DENY"": 1.0, ""DEFER"": 0.0, ""fraction_of_consequential"": 0.028735632183908046}}",b0d804b41d6f708612dc345c3e165ef89bc8bd77,e2d4198268a9ab60
B4,paper_ssp_200m_moderate_v1,300,300.0,2,tr_4370fea4680c_gpu,-14.0806,21.9194,6,"{""conflicting_task_ownership"": 0, ""duplicate_execution"": 0, ""contradictory_reassignment"": 1, ""incompatible_mission_state"": 1, ""inconsistent_anomaly_state"": 4}",0.3125,0.9,0.9230769230769231,0.45390070921985815,8192,9856,18048,timeout,40.0,"{""ALLOW_LOW_RISK"": 760, ""ALLOW_AUTHORIZED"": 78, ""DENY_RECOVERING_HARD_SAFETY"": 2}","{""fresh"": 76, ""aging"": 4, ""stale"": 0, ""hard_expired"": 0}","{""fresh"": {""proposed"": 76, ""ALLOW"": 74, ""DENY"": 2, ""DEFER"": 0, ""fraction_of_consequential"": 0.95}, ""aging"": {""proposed"": 4, ""ALLOW"": 4, ""DENY"": 0, ""DEFER"": 0, ""fraction_of_consequential"": 0.05}, ""stale"": {""proposed"": 0, ""ALLOW"": 0, ""DENY"": 0, ""DEFER"": 0, ""fraction_of_consequential"": 0.0}, ""hard_expired"": {""proposed"": 0, ""ALLOW"": 0, ""DENY"": 0, ""DEFER"": 0, ""fraction_of_consequential"": 0.0}}","{""CONNECTED"": {""proposed"": 0, ""ALLOW"": 0.0, ""DENY"": 0.0, ""DEFER"": 0.0, ""fraction_of_consequential"": 0.0}, ""DEGRADED"": {""proposed"": 53, ""ALLOW"": 1.0, ""DENY"": 0.0, ""DEFER"": 0.0, ""fraction_of_consequential"": 0.6625}, ""PARTITIONED"": {""proposed"": 25, ""ALLOW"": 1.0, ""DENY"": 0.0, ""DEFER"": 0.0, ""fraction_of_consequential"": 0.3125}, ""ISOLATED"": {""proposed"": 0, ""ALLOW"": 0.0, ""DENY"": 0.0, ""DEFER"": 0.0, ""fraction_of_consequential"": 0.0}, ""RECOVERING"": {""proposed"": 2, ""ALLOW"": 0.0, ""DENY"": 1.0, ""DEFER"": 0.0, ""fraction_of_consequential"": 0.025}}",b0d804b41d6f708612dc345c3e165ef89bc8bd77,e2d4198268a9ab60
B5_conservative,paper_ssp_200m_moderate_v1,300,300.0,2,tr_4370fea4680c_gpu,-30.0458,-30.0458,0,"{""conflicting_task_ownership"": 0, ""duplicate_execution"": 0, ""contradictory_reassignment"": 0, ""incompatible_mission_state"": 0, ""inconsistent_anomaly_state"": 0}",0.0,0.0,0.0,0.45430346051464066,8192,9840,18032,timeout,40.0,"{""ALLOW_LOW_RISK"": 492, ""DEFER_DEGRADED"": 259, ""DENY_CONNECTIVITY_POLICY"": 89}","{""fresh"": 314, ""aging"": 34, ""stale"": 0, ""hard_expired"": 0}","{""fresh"": {""proposed"": 314, ""ALLOW"": 0, ""DENY"": 55, ""DEFER"": 259, ""fraction_of_consequential"": 0.9022988505747126}, ""aging"": {""proposed"": 34, ""ALLOW"": 0, ""DENY"": 34, ""DEFER"": 0, ""fraction_of_consequential"": 0.09770114942528736}, ""stale"": {""proposed"": 0, ""ALLOW"": 0, ""DENY"": 0, ""DEFER"": 0, ""fraction_of_consequential"": 0.0}, ""hard_expired"": {""proposed"": 0, ""ALLOW"": 0, ""DENY"": 0, ""DEFER"": 0, ""fraction_of_consequential"": 0.0}}","{""CONNECTED"": {""proposed"": 0, ""ALLOW"": 0.0, ""DENY"": 0.0, ""DEFER"": 0.0, ""fraction_of_consequential"": 0.0}, ""DEGRADED"": {""proposed"": 259, ""ALLOW"": 0.0, ""DENY"": 0.0, ""DEFER"": 1.0, ""fraction_of_consequential"": 0.7442528735632183}, ""PARTITIONED"": {""proposed"": 79, ""ALLOW"": 0.0, ""DENY"": 1.0, ""DEFER"": 0.0, ""fraction_of_consequential"": 0.22701149425287356}, ""ISOLATED"": {""proposed"": 0, ""ALLOW"": 0.0, ""DENY"": 0.0, ""DEFER"": 0.0, ""fraction_of_consequential"": 0.0}, ""RECOVERING"": {""proposed"": 10, ""ALLOW"": 0.0, ""DENY"": 1.0, ""DEFER"": 0.0, ""fraction_of_consequential"": 0.028735632183908046}}",b0d804b41d6f708612dc345c3e165ef89bc8bd77,e2d4198268a9ab60
B5_nominal,paper_ssp_200m_moderate_v1,300,300.0,2,tr_4370fea4680c_gpu,-14.0806,21.9194,6,"{""conflicting_task_ownership"": 0, ""duplicate_execution"": 0, ""contradictory_reassignment"": 1, ""incompatible_mission_state"": 1, ""inconsistent_anomaly_state"": 4}",0.3375,0.925,0.925,0.45390070921985815,8192,9856,18048,timeout,40.0,"{""ALLOW_LOW_RISK"": 760, ""ALLOW_AUTHORIZED"": 80}","{""fresh"": 76, ""aging"": 4, ""stale"": 0, ""hard_expired"": 0}","{""fresh"": {""proposed"": 76, ""ALLOW"": 76, ""DENY"": 0, ""DEFER"": 0, ""fraction_of_consequential"": 0.95}, ""aging"": {""proposed"": 4, ""ALLOW"": 4, ""DENY"": 0, ""DEFER"": 0, ""fraction_of_consequential"": 0.05}, ""stale"": {""proposed"": 0, ""ALLOW"": 0, ""DENY"": 0, ""DEFER"": 0, ""fraction_of_consequential"": 0.0}, ""hard_expired"": {""proposed"": 0, ""ALLOW"": 0, ""DENY"": 0, ""DEFER"": 0, ""fraction_of_consequential"": 0.0}}","{""CONNECTED"": {""proposed"": 0, ""ALLOW"": 0.0, ""DENY"": 0.0, ""DEFER"": 0.0, ""fraction_of_consequential"": 0.0}, ""DEGRADED"": {""proposed"": 53, ""ALLOW"": 1.0, ""DENY"": 0.0, ""DEFER"": 0.0, ""fraction_of_consequential"": 0.6625}, ""PARTITIONED"": {""proposed"": 25, ""ALLOW"": 1.0, ""DENY"": 0.0, ""DEFER"": 0.0, ""fraction_of_consequential"": 0.3125}, ""ISOLATED"": {""proposed"": 0, ""ALLOW"": 0.0, ""DENY"": 0.0, ""DEFER"": 0.0, ""fraction_of_consequential"": 0.0}, ""RECOVERING"": {""proposed"": 2, ""ALLOW"": 1.0, ""DENY"": 0.0, ""DEFER"": 0.0, ""fraction_of_consequential"": 0.025}}",b0d804b41d6f708612dc345c3e165ef89bc8bd77,e2d4198268a9ab60
B5_permissive,paper_ssp_200m_moderate_v1,300,300.0,2,tr_4370fea4680c_gpu,-14.0806,21.9194,6,"{""conflicting_task_ownership"": 0, ""duplicate_execution"": 0, ""contradictory_reassignment"": 1, ""incompatible_mission_state"": 1, ""inconsistent_anomaly_state"": 4}",0.3375,0.925,0.925,0.45390070921985815,8192,9856,18048,timeout,40.0,"{""ALLOW_LOW_RISK"": 760, ""ALLOW_AUTHORIZED"": 80}","{""fresh"": 76, ""aging"": 4, ""stale"": 0, ""hard_expired"": 0}","{""fresh"": {""proposed"": 76, ""ALLOW"": 76, ""DENY"": 0, ""DEFER"": 0, ""fraction_of_consequential"": 0.95}, ""aging"": {""proposed"": 4, ""ALLOW"": 4, ""DENY"": 0, ""DEFER"": 0, ""fraction_of_consequential"": 0.05}, ""stale"": {""proposed"": 0, ""ALLOW"": 0, ""DENY"": 0, ""DEFER"": 0, ""fraction_of_consequential"": 0.0}, ""hard_expired"": {""proposed"": 0, ""ALLOW"": 0, ""DENY"": 0, ""DEFER"": 0, ""fraction_of_consequential"": 0.0}}","{""CONNECTED"": {""proposed"": 0, ""ALLOW"": 0.0, ""DENY"": 0.0, ""DEFER"": 0.0, ""fraction_of_consequential"": 0.0}, ""DEGRADED"": {""proposed"": 53, ""ALLOW"": 1.0, ""DENY"": 0.0, ""DEFER"": 0.0, ""fraction_of_consequential"": 0.6625}, ""PARTITIONED"": {""proposed"": 25, ""ALLOW"": 1.0, ""DENY"": 0.0, ""DEFER"": 0.0, ""fraction_of_consequential"": 0.3125}, ""ISOLATED"": {""proposed"": 0, ""ALLOW"": 0.0, ""DENY"": 0.0, ""DEFER"": 0.0, ""fraction_of_consequential"": 0.0}, ""RECOVERING"": {""proposed"": 2, ""ALLOW"": 1.0, ""DENY"": 0.0, ""DEFER"": 0.0, ""fraction_of_consequential"": 0.025}}",b0d804b41d6f708612dc345c3e165ef89bc8bd77,e2d4198268a9ab60
B1,paper_ssp_200m_moderate_v1,500,500.0,2,tr_4370fea4680c_gpu,47.9189,53.9189,1,"{""conflicting_task_ownership"": 0, ""duplicate_execution"": 0, ""contradictory_reassignment"": 0, ""incompatible_mission_state"": 1, ""inconsistent_anomaly_state"": 0}",0.2840909090909091,0.7613636363636364,0.9852941176470589,0.43537414965986393,8192,10624,18816,timeout,40.0,"{""ALLOW_LOW_RISK"": 752, ""ALLOW_AUTHORIZED"": 68, ""DENY_SUPERVISOR_UNREACHABLE"": 18, ""DENY_RECOVERING_CONSEQUENTIAL"": 2}","{""fresh"": 76, ""aging"": 6, ""stale"": 6, ""hard_expired"": 0}","{""fresh"": {""proposed"": 76, ""ALLOW"": 68, ""DENY"": 8, ""DEFER"": 0, ""fraction_of_consequential"": 0.8636363636363636}, ""aging"": {""proposed"": 6, ""ALLOW"": 0, ""DENY"": 6, ""DEFER"": 0, ""fraction_of_consequential"": 0.06818181818181818}, ""stale"": {""proposed"": 6, ""ALLOW"": 0, ""DENY"": 6, ""DEFER"": 0, ""fraction_of_consequential"": 0.06818181818181818}, ""hard_expired"": {""proposed"": 0, ""ALLOW"": 0, ""DENY"": 0, ""DEFER"": 0, ""fraction_of_consequential"": 0.0}}","{""CONNECTED"": {""proposed"": 0, ""ALLOW"": 0.0, ""DENY"": 0.0, ""DEFER"": 0.0, ""fraction_of_consequential"": 0.0}, ""DEGRADED"": {""proposed"": 43, ""ALLOW"": 1.0, ""DENY"": 0.0, ""DEFER"": 0.0, ""fraction_of_consequential"": 0.48863636363636365}, ""PARTITIONED"": {""proposed"": 43, ""ALLOW"": 0.5813953488372093, ""DENY"": 0.4186046511627907, ""DEFER"": 0.0, ""fraction_of_consequential"": 0.48863636363636365}, ""ISOLATED"": {""proposed"": 0, ""ALLOW"": 0.0, ""DENY"": 0.0, ""DEFER"": 0.0, ""fraction_of_consequential"": 0.0}, ""RECOVERING"": {""proposed"": 2, ""ALLOW"": 0.0, ""DENY"": 1.0, ""DEFER"": 0.0, ""fraction_of_consequential"": 0.022727272727272728}}",b0d804b41d6f708612dc345c3e165ef89bc8bd77,1654682a8ea040e3
B2,paper_ssp_200m_moderate_v1,500,500.0,2,tr_4370fea4680c_gpu,-77.08455,-23.08455,9,"{""conflicting_task_ownership"": 0, ""duplicate_execution"": 0, ""contradictory_reassignment"": 1, ""incompatible_mission_state"": 4, ""inconsistent_anomaly_state"": 4}",0.49411764705882355,0.9294117647058824,0.9294117647058824,0.43537414965986393,8192,10624,18816,timeout,40.0,"{""ALLOW_AUTHORIZED"": 840}","{""fresh"": 76, ""aging"": 4, ""stale"": 5, ""hard_expired"": 0}","{""fresh"": {""proposed"": 76, ""ALLOW"": 76, ""DENY"": 0, ""DEFER"": 0, ""fraction_of_consequential"": 0.8941176470588236}, ""aging"": {""proposed"": 4, ""ALLOW"": 4, ""DENY"": 0, ""DEFER"": 0, ""fraction_of_consequential"": 0.047058823529411764}, ""stale"": {""proposed"": 5, ""ALLOW"": 5, ""DENY"": 0, ""DEFER"": 0, ""fraction_of_consequential"": 0.058823529411764705}, ""hard_expired"": {""proposed"": 0, ""ALLOW"": 0, ""DENY"": 0, ""DEFER"": 0, ""fraction_of_consequential"": 0.0}}","{""CONNECTED"": {""proposed"": 0, ""ALLOW"": 0.0, ""DENY"": 0.0, ""DEFER"": 0.0, ""fraction_of_consequential"": 0.0}, ""DEGRADED"": {""proposed"": 43, ""ALLOW"": 1.0, ""DENY"": 0.0, ""DEFER"": 0.0, ""fraction_of_consequential"": 0.5058823529411764}, ""PARTITIONED"": {""proposed"": 40, ""ALLOW"": 1.0, ""DENY"": 0.0, ""DEFER"": 0.0, ""fraction_of_consequential"": 0.47058823529411764}, ""ISOLATED"": {""proposed"": 0, ""ALLOW"": 0.0, ""DENY"": 0.0, ""DEFER"": 0.0, ""fraction_of_consequential"": 0.0}, ""RECOVERING"": {""proposed"": 2, ""ALLOW"": 1.0, ""DENY"": 0.0, ""DEFER"": 0.0, ""fraction_of_consequential"": 0.023529411764705882}}",b0d804b41d6f708612dc345c3e165ef89bc8bd77,1654682a8ea040e3
B3,paper_ssp_200m_moderate_v1,500,500.0,2,tr_4370fea4680c_gpu,-30.0456,-30.0456,0,"{""conflicting_task_ownership"": 0, ""duplicate_execution"": 0, ""contradictory_reassignment"": 0, ""incompatible_mission_state"": 0, ""inconsistent_anomaly_state"": 0}",0.0,0.0,0.0,0.4357446808510638,8192,10608,18800,timeout,40.0,"{""ALLOW_LOW_RISK"": 490, ""DENY_STATIC_BOUND"": 350}","{""fresh"": 274, ""aging"": 46, ""stale"": 30, ""hard_expired"": 0}","{""fresh"": {""proposed"": 274, ""ALLOW"": 0, ""DENY"": 274, ""DEFER"": 0, ""fraction_of_consequential"": 0.7828571428571428}, ""aging"": {""proposed"": 46, ""ALLOW"": 0, ""DENY"": 46, ""DEFER"": 0, ""fraction_of_consequential"": 0.13142857142857142}, ""stale"": {""proposed"": 30, ""ALLOW"": 0, ""DENY"": 30, ""DEFER"": 0, ""fraction_of_consequential"": 0.08571428571428572}, ""hard_expired"": {""proposed"": 0, ""ALLOW"": 0, ""DENY"": 0, ""DEFER"": 0, ""fraction_of_consequential"": 0.0}}","{""CONNECTED"": {""proposed"": 0, ""ALLOW"": 0.0, ""DENY"": 0.0, ""DEFER"": 0.0, ""fraction_of_consequential"": 0.0}, ""DEGRADED"": {""proposed"": 209, ""ALLOW"": 0.0, ""DENY"": 1.0, ""DEFER"": 0.0, ""fraction_of_consequential"": 0.5971428571428572}, ""PARTITIONED"": {""proposed"": 131, ""ALLOW"": 0.0, ""DENY"": 1.0, ""DEFER"": 0.0, ""fraction_of_consequential"": 0.3742857142857143}, ""ISOLATED"": {""proposed"": 0, ""ALLOW"": 0.0, ""DENY"": 0.0, ""DEFER"": 0.0, ""fraction_of_consequential"": 0.0}, ""RECOVERING"": {""proposed"": 10, ""ALLOW"": 0.0, ""DENY"": 1.0, ""DEFER"": 0.0, ""fraction_of_consequential"": 0.02857142857142857}}",b0d804b41d6f708612dc345c3e165ef89bc8bd77,1654682a8ea040e3
B4,paper_ssp_200m_moderate_v1,500,500.0,2,tr_4370fea4680c_gpu,-14.0802,21.9198,6,"{""conflicting_task_ownership"": 0, ""duplicate_execution"": 0, ""contradictory_reassignment"": 1, ""incompatible_mission_state"": 1, ""inconsistent_anomaly_state"": 4}",0.4166666666666667,0.8571428571428571,0.9230769230769231,0.43537414965986393,8192,10624,18816,timeout,40.0,"{""ALLOW_LOW_RISK"": 756, ""ALLOW_AUTHORIZED"": 78, ""DENY_FORBIDDEN"": 4, ""DENY_RECOVERING_HARD_SAFETY"": 2}","{""fresh"": 76, ""aging"": 4, ""stale"": 4, ""hard_expired"": 0}","{""fresh"": {""proposed"": 76, ""ALLOW"": 74, ""DENY"": 2, ""DEFER"": 0, ""fraction_of_consequential"": 0.9047619047619048}, ""aging"": {""proposed"": 4, ""ALLOW"": 4, ""DENY"": 0, ""DEFER"": 0, ""fraction_of_consequential"": 0.047619047619047616}, ""stale"": {""proposed"": 4, ""ALLOW"": 0, ""DENY"": 4, ""DEFER"": 0, ""fraction_of_consequential"": 0.047619047619047616}, ""hard_expired"": {""proposed"": 0, ""ALLOW"": 0, ""DENY"": 0, ""DEFER"": 0, ""fraction_of_consequential"": 0.0}}","{""CONNECTED"": {""proposed"": 0, ""ALLOW"": 0.0, ""DENY"": 0.0, ""DEFER"": 0.0, ""fraction_of_consequential"": 0.0}, ""DEGRADED"": {""proposed"": 43, ""ALLOW"": 1.0, ""DENY"": 0.0, ""DEFER"": 0.0, ""fraction_of_consequential"": 0.5119047619047619}, ""PARTITIONED"": {""proposed"": 39, ""ALLOW"": 0.8974358974358975, ""DENY"": 0.10256410256410256, ""DEFER"": 0.0, ""fraction_of_consequential"": 0.4642857142857143}, ""ISOLATED"": {""proposed"": 0, ""ALLOW"": 0.0, ""DENY"": 0.0, ""DEFER"": 0.0, ""fraction_of_consequential"": 0.0}, ""RECOVERING"": {""proposed"": 2, ""ALLOW"": 0.0, ""DENY"": 1.0, ""DEFER"": 0.0, ""fraction_of_consequential"": 0.023809523809523808}}",b0d804b41d6f708612dc345c3e165ef89bc8bd77,1654682a8ea040e3
B5_conservative,paper_ssp_200m_moderate_v1,500,500.0,2,tr_4370fea4680c_gpu,-30.0456,-30.0456,0,"{""conflicting_task_ownership"": 0, ""duplicate_execution"": 0, ""contradictory_reassignment"": 0, ""incompatible_mission_state"": 0, ""inconsistent_anomaly_state"": 0}",0.0,0.0,0.0,0.4357446808510638,8192,10608,18800,timeout,40.0,"{""ALLOW_LOW_RISK"": 490, ""DEFER_DEGRADED"": 209, ""DENY_CONNECTIVITY_POLICY"": 141}","{""fresh"": 274, ""aging"": 46, ""stale"": 30, ""hard_expired"": 0}","{""fresh"": {""proposed"": 274, ""ALLOW"": 0, ""DENY"": 65, ""DEFER"": 209, ""fraction_of_consequential"": 0.7828571428571428}, ""aging"": {""proposed"": 46, ""ALLOW"": 0, ""DENY"": 46, ""DEFER"": 0, ""fraction_of_consequential"": 0.13142857142857142}, ""stale"": {""proposed"": 30, ""ALLOW"": 0, ""DENY"": 30, ""DEFER"": 0, ""fraction_of_consequential"": 0.08571428571428572}, ""hard_expired"": {""proposed"": 0, ""ALLOW"": 0, ""DENY"": 0, ""DEFER"": 0, ""fraction_of_consequential"": 0.0}}","{""CONNECTED"": {""proposed"": 0, ""ALLOW"": 0.0, ""DENY"": 0.0, ""DEFER"": 0.0, ""fraction_of_consequential"": 0.0}, ""DEGRADED"": {""proposed"": 209, ""ALLOW"": 0.0, ""DENY"": 0.0, ""DEFER"": 1.0, ""fraction_of_consequential"": 0.5971428571428572}, ""PARTITIONED"": {""proposed"": 131, ""ALLOW"": 0.0, ""DENY"": 1.0, ""DEFER"": 0.0, ""fraction_of_consequential"": 0.3742857142857143}, ""ISOLATED"": {""proposed"": 0, ""ALLOW"": 0.0, ""DENY"": 0.0, ""DEFER"": 0.0, ""fraction_of_consequential"": 0.0}, ""RECOVERING"": {""proposed"": 10, ""ALLOW"": 0.0, ""DENY"": 1.0, ""DEFER"": 0.0, ""fraction_of_consequential"": 0.02857142857142857}}",b0d804b41d6f708612dc345c3e165ef89bc8bd77,1654682a8ea040e3
B5_nominal,paper_ssp_200m_moderate_v1,500,500.0,2,tr_4370fea4680c_gpu,-77.08455,-23.08455,9,"{""conflicting_task_ownership"": 0, ""duplicate_execution"": 0, ""contradictory_reassignment"": 1, ""incompatible_mission_state"": 4, ""inconsistent_anomaly_state"": 4}",0.49411764705882355,0.9294117647058824,0.9294117647058824,0.43537414965986393,8192,10624,18816,timeout,40.0,"{""ALLOW_LOW_RISK"": 755, ""ALLOW_AUTHORIZED"": 85}","{""fresh"": 76, ""aging"": 4, ""stale"": 5, ""hard_expired"": 0}","{""fresh"": {""proposed"": 76, ""ALLOW"": 76, ""DENY"": 0, ""DEFER"": 0, ""fraction_of_consequential"": 0.8941176470588236}, ""aging"": {""proposed"": 4, ""ALLOW"": 4, ""DENY"": 0, ""DEFER"": 0, ""fraction_of_consequential"": 0.047058823529411764}, ""stale"": {""proposed"": 5, ""ALLOW"": 5, ""DENY"": 0, ""DEFER"": 0, ""fraction_of_consequential"": 0.058823529411764705}, ""hard_expired"": {""proposed"": 0, ""ALLOW"": 0, ""DENY"": 0, ""DEFER"": 0, ""fraction_of_consequential"": 0.0}}","{""CONNECTED"": {""proposed"": 0, ""ALLOW"": 0.0, ""DENY"": 0.0, ""DEFER"": 0.0, ""fraction_of_consequential"": 0.0}, ""DEGRADED"": {""proposed"": 43, ""ALLOW"": 1.0, ""DENY"": 0.0, ""DEFER"": 0.0, ""fraction_of_consequential"": 0.5058823529411764}, ""PARTITIONED"": {""proposed"": 40, ""ALLOW"": 1.0, ""DENY"": 0.0, ""DEFER"": 0.0, ""fraction_of_consequential"": 0.47058823529411764}, ""ISOLATED"": {""proposed"": 0, ""ALLOW"": 0.0, ""DENY"": 0.0, ""DEFER"": 0.0, ""fraction_of_consequential"": 0.0}, ""RECOVERING"": {""proposed"": 2, ""ALLOW"": 1.0, ""DENY"": 0.0, ""DEFER"": 0.0, ""fraction_of_consequential"": 0.023529411764705882}}",b0d804b41d6f708612dc345c3e165ef89bc8bd77,1654682a8ea040e3
B5_permissive,paper_ssp_200m_moderate_v1,500,500.0,2,tr_4370fea4680c_gpu,-77.08455,-23.08455,9,"{""conflicting_task_ownership"": 0, ""duplicate_execution"": 0, ""contradictory_reassignment"": 1, ""incompatible_mission_state"": 4, ""inconsistent_anomaly_state"": 4}",0.49411764705882355,0.9294117647058824,0.9294117647058824,0.43537414965986393,8192,10624,18816,timeout,40.0,"{""ALLOW_LOW_RISK"": 755, ""ALLOW_AUTHORIZED"": 85}","{""fresh"": 76, ""aging"": 4, ""stale"": 5, ""hard_expired"": 0}","{""fresh"": {""proposed"": 76, ""ALLOW"": 76, ""DENY"": 0, ""DEFER"": 0, ""fraction_of_consequential"": 0.8941176470588236}, ""aging"": {""proposed"": 4, ""ALLOW"": 4, ""DENY"": 0, ""DEFER"": 0, ""fraction_of_consequential"": 0.047058823529411764}, ""stale"": {""proposed"": 5, ""ALLOW"": 5, ""DENY"": 0, ""DEFER"": 0, ""fraction_of_consequential"": 0.058823529411764705}, ""hard_expired"": {""proposed"": 0, ""ALLOW"": 0, ""DENY"": 0, ""DEFER"": 0, ""fraction_of_consequential"": 0.0}}","{""CONNECTED"": {""proposed"": 0, ""ALLOW"": 0.0, ""DENY"": 0.0, ""DEFER"": 0.0, ""fraction_of_consequential"": 0.0}, ""DEGRADED"": {""proposed"": 43, ""ALLOW"": 1.0, ""DENY"": 0.0, ""DEFER"": 0.0, ""fraction_of_consequential"": 0.5058823529411764}, ""PARTITIONED"": {""proposed"": 40, ""ALLOW"": 1.0, ""DENY"": 0.0, ""DEFER"": 0.0, ""fraction_of_consequential"": 0.47058823529411764}, ""ISOLATED"": {""proposed"": 0, ""ALLOW"": 0.0, ""DENY"": 0.0, ""DEFER"": 0.0, ""fraction_of_consequential"": 0.0}, ""RECOVERING"": {""proposed"": 2, ""ALLOW"": 1.0, ""DENY"": 0.0, ""DEFER"": 0.0, ""fraction_of_consequential"": 0.023529411764705882}}",b0d804b41d6f708612dc345c3e165ef89bc8bd77,1654682a8ea040e3
B1,paper_ssp_200m_moderate_v1,750,750.0,2,tr_4370fea4680c_gpu,47.9192,53.9192,1,"{""conflicting_task_ownership"": 0, ""duplicate_execution"": 0, ""contradictory_reassignment"": 0, ""incompatible_mission_state"": 1, ""inconsistent_anomaly_state"": 0}",0.4175824175824176,0.7362637362637363,0.9852941176470589,0.43537414965986393,8192,10624,18816,timeout,40.0,"{""ALLOW_LOW_RISK"": 749, ""ALLOW_AUTHORIZED"": 68, ""DENY_SUPERVISOR_UNREACHABLE"": 21, ""DENY_RECOVERING_CONSEQUENTIAL"": 2}","{""fresh"": 76, ""aging"": 6, ""stale"": 9, ""hard_expired"": 0}","{""fresh"": {""proposed"": 76, ""ALLOW"": 68, ""DENY"": 8, ""DEFER"": 0, ""fraction_of_consequential"": 0.8351648351648352}, ""aging"": {""proposed"": 6, ""ALLOW"": 0, ""DENY"": 6, ""DEFER"": 0, ""fraction_of_consequential"": 0.06593406593406594}, ""stale"": {""proposed"": 9, ""ALLOW"": 0, ""DENY"": 9, ""DEFER"": 0, ""fraction_of_consequential"": 0.0989010989010989}, ""hard_expired"": {""proposed"": 0, ""ALLOW"": 0, ""DENY"": 0, ""DEFER"": 0, ""fraction_of_consequential"": 0.0}}","{""CONNECTED"": {""proposed"": 0, ""ALLOW"": 0.0, ""DENY"": 0.0, ""DEFER"": 0.0, ""fraction_of_consequential"": 0.0}, ""DEGRADED"": {""proposed"": 30, ""ALLOW"": 1.0, ""DENY"": 0.0, ""DEFER"": 0.0, ""fraction_of_consequential"": 0.32967032967032966}, ""PARTITIONED"": {""proposed"": 59, ""ALLOW"": 0.6440677966101694, ""DENY"": 0.3559322033898305, ""DEFER"": 0.0, ""fraction_of_consequential"": 0.6483516483516484}, ""ISOLATED"": {""proposed"": 0, ""ALLOW"": 0.0, ""DENY"": 0.0, ""DEFER"": 0.0, ""fraction_of_consequential"": 0.0}, ""RECOVERING"": {""proposed"": 2, ""ALLOW"": 0.0, ""DENY"": 1.0, ""DEFER"": 0.0, ""fraction_of_consequential"": 0.02197802197802198}}",b0d804b41d6f708612dc345c3e165ef89bc8bd77,8729a8296b8e8cb0
B2,paper_ssp_200m_moderate_v1,750,750.0,2,tr_4370fea4680c_gpu,-77.08455,-23.08455,9,"{""conflicting_task_ownership"": 0, ""duplicate_execution"": 0, ""contradictory_reassignment"": 1, ""incompatible_mission_state"": 4, ""inconsistent_anomaly_state"": 4}",0.6470588235294118,0.9294117647058824,0.9294117647058824,0.43537414965986393,8192,10624,18816,timeout,40.0,"{""ALLOW_AUTHORIZED"": 840}","{""fresh"": 76, ""aging"": 4, ""stale"": 5, ""hard_expired"": 0}","{""fresh"": {""proposed"": 76, ""ALLOW"": 76, ""DENY"": 0, ""DEFER"": 0, ""fraction_of_consequential"": 0.8941176470588236}, ""aging"": {""proposed"": 4, ""ALLOW"": 4, ""DENY"": 0, ""DEFER"": 0, ""fraction_of_consequential"": 0.047058823529411764}, ""stale"": {""proposed"": 5, ""ALLOW"": 5, ""DENY"": 0, ""DEFER"": 0, ""fraction_of_consequential"": 0.058823529411764705}, ""hard_expired"": {""proposed"": 0, ""ALLOW"": 0, ""DENY"": 0, ""DEFER"": 0, ""fraction_of_consequential"": 0.0}}","{""CONNECTED"": {""proposed"": 0, ""ALLOW"": 0.0, ""DENY"": 0.0, ""DEFER"": 0.0, ""fraction_of_consequential"": 0.0}, ""DEGRADED"": {""proposed"": 30, ""ALLOW"": 1.0, ""DENY"": 0.0, ""DEFER"": 0.0, ""fraction_of_consequential"": 0.35294117647058826}, ""PARTITIONED"": {""proposed"": 53, ""ALLOW"": 1.0, ""DENY"": 0.0, ""DEFER"": 0.0, ""fraction_of_consequential"": 0.6235294117647059}, ""ISOLATED"": {""proposed"": 0, ""ALLOW"": 0.0, ""DENY"": 0.0, ""DEFER"": 0.0, ""fraction_of_consequential"": 0.0}, ""RECOVERING"": {""proposed"": 2, ""ALLOW"": 1.0, ""DENY"": 0.0, ""DEFER"": 0.0, ""fraction_of_consequential"": 0.023529411764705882}}",b0d804b41d6f708612dc345c3e165ef89bc8bd77,8729a8296b8e8cb0
B3,paper_ssp_200m_moderate_v1,750,750.0,2,tr_4370fea4680c_gpu,-30.0453,-30.0453,0,"{""conflicting_task_ownership"": 0, ""duplicate_execution"": 0, ""contradictory_reassignment"": 0, ""incompatible_mission_state"": 0, ""inconsistent_anomaly_state"": 0}",0.0,0.0,0.0,0.4357446808510638,8192,10608,18800,timeout,40.0,"{""ALLOW_LOW_RISK"": 487, ""DENY_STATIC_BOUND"": 353}","{""fresh"": 222, ""aging"": 46, ""stale"": 85, ""hard_expired"": 0}","{""fresh"": {""proposed"": 222, ""ALLOW"": 0, ""DENY"": 222, ""DEFER"": 0, ""fraction_of_consequential"": 0.6288951841359773}, ""aging"": {""proposed"": 46, ""ALLOW"": 0, ""DENY"": 46, ""DEFER"": 0, ""fraction_of_consequential"": 0.13031161473087818}, ""stale"": {""proposed"": 85, ""ALLOW"": 0, ""DENY"": 85, ""DEFER"": 0, ""fraction_of_consequential"": 0.24079320113314448}, ""hard_expired"": {""proposed"": 0, ""ALLOW"": 0, ""DENY"": 0, ""DEFER"": 0, ""fraction_of_consequential"": 0.0}}","{""CONNECTED"": {""proposed"": 0, ""ALLOW"": 0.0, ""DENY"": 0.0, ""DEFER"": 0.0, ""fraction_of_consequential"": 0.0}, ""DEGRADED"": {""proposed"": 144, ""ALLOW"": 0.0, ""DENY"": 1.0, ""DEFER"": 0.0, ""fraction_of_consequential"": 0.40793201133144474}, ""PARTITIONED"": {""proposed"": 199, ""ALLOW"": 0.0, ""DENY"": 1.0, ""DEFER"": 0.0, ""fraction_of_consequential"": 0.5637393767705382}, ""ISOLATED"": {""proposed"": 0, ""ALLOW"": 0.0, ""DENY"": 0.0, ""DEFER"": 0.0, ""fraction_of_consequential"": 0.0}, ""RECOVERING"": {""proposed"": 10, ""ALLOW"": 0.0, ""DENY"": 1.0, ""DEFER"": 0.0, ""fraction_of_consequential"": 0.028328611898016998}}",b0d804b41d6f708612dc345c3e165ef89bc8bd77,8729a8296b8e8cb0
B4,paper_ssp_200m_moderate_v1,750,750.0,2,tr_4370fea4680c_gpu,-14.0802,21.9198,6,"{""conflicting_task_ownership"": 0, ""duplicate_execution"": 0, ""contradictory_reassignment"": 1, ""incompatible_mission_state"": 1, ""inconsistent_anomaly_state"": 4}",0.5714285714285714,0.8571428571428571,0.9230769230769231,0.43537414965986393,8192,10624,18816,timeout,40.0,"{""ALLOW_LOW_RISK"": 756, ""ALLOW_AUTHORIZED"": 78, ""DENY_FORBIDDEN"": 4, ""DENY_RECOVERING_HARD_SAFETY"": 2}","{""fresh"": 76, ""aging"": 4, ""stale"": 4, ""hard_expired"": 0}","{""fresh"": {""proposed"": 76, ""ALLOW"": 74, ""DENY"": 2, ""DEFER"": 0, ""fraction_of_consequential"": 0.9047619047619048}, ""aging"": {""proposed"": 4, ""ALLOW"": 4, ""DENY"": 0, ""DEFER"": 0, ""fraction_of_consequential"": 0.047619047619047616}, ""stale"": {""proposed"": 4, ""ALLOW"": 0, ""DENY"": 4, ""DEFER"": 0, ""fraction_of_consequential"": 0.047619047619047616}, ""hard_expired"": {""proposed"": 0, ""ALLOW"": 0, ""DENY"": 0, ""DEFER"": 0, ""fraction_of_consequential"": 0.0}}","{""CONNECTED"": {""proposed"": 0, ""ALLOW"": 0.0, ""DENY"": 0.0, ""DEFER"": 0.0, ""fraction_of_consequential"": 0.0}, ""DEGRADED"": {""proposed"": 30, ""ALLOW"": 1.0, ""DENY"": 0.0, ""DEFER"": 0.0, ""fraction_of_consequential"": 0.35714285714285715}, ""PARTITIONED"": {""proposed"": 52, ""ALLOW"": 0.9230769230769231, ""DENY"": 0.07692307692307693, ""DEFER"": 0.0, ""fraction_of_consequential"": 0.6190476190476191}, ""ISOLATED"": {""proposed"": 0, ""ALLOW"": 0.0, ""DENY"": 0.0, ""DEFER"": 0.0, ""fraction_of_consequential"": 0.0}, ""RECOVERING"": {""proposed"": 2, ""ALLOW"": 0.0, ""DENY"": 1.0, ""DEFER"": 0.0, ""fraction_of_consequential"": 0.023809523809523808}}",b0d804b41d6f708612dc345c3e165ef89bc8bd77,8729a8296b8e8cb0
B5_conservative,paper_ssp_200m_moderate_v1,750,750.0,2,tr_4370fea4680c_gpu,-30.0453,-30.0453,0,"{""conflicting_task_ownership"": 0, ""duplicate_execution"": 0, ""contradictory_reassignment"": 0, ""incompatible_mission_state"": 0, ""inconsistent_anomaly_state"": 0}",0.0,0.0,0.0,0.4357446808510638,8192,10608,18800,timeout,40.0,"{""ALLOW_LOW_RISK"": 487, ""DEFER_DEGRADED"": 144, ""DENY_CONNECTIVITY_POLICY"": 209}","{""fresh"": 222, ""aging"": 46, ""stale"": 85, ""hard_expired"": 0}","{""fresh"": {""proposed"": 222, ""ALLOW"": 0, ""DENY"": 78, ""DEFER"": 144, ""fraction_of_consequential"": 0.6288951841359773}, ""aging"": {""proposed"": 46, ""ALLOW"": 0, ""DENY"": 46, ""DEFER"": 0, ""fraction_of_consequential"": 0.13031161473087818}, ""stale"": {""proposed"": 85, ""ALLOW"": 0, ""DENY"": 85, ""DEFER"": 0, ""fraction_of_consequential"": 0.24079320113314448}, ""hard_expired"": {""proposed"": 0, ""ALLOW"": 0, ""DENY"": 0, ""DEFER"": 0, ""fraction_of_consequential"": 0.0}}","{""CONNECTED"": {""proposed"": 0, ""ALLOW"": 0.0, ""DENY"": 0.0, ""DEFER"": 0.0, ""fraction_of_consequential"": 0.0}, ""DEGRADED"": {""proposed"": 144, ""ALLOW"": 0.0, ""DENY"": 0.0, ""DEFER"": 1.0, ""fraction_of_consequential"": 0.40793201133144474}, ""PARTITIONED"": {""proposed"": 199, ""ALLOW"": 0.0, ""DENY"": 1.0, ""DEFER"": 0.0, ""fraction_of_consequential"": 0.5637393767705382}, ""ISOLATED"": {""proposed"": 0, ""ALLOW"": 0.0, ""DENY"": 0.0, ""DEFER"": 0.0, ""fraction_of_consequential"": 0.0}, ""RECOVERING"": {""proposed"": 10, ""ALLOW"": 0.0, ""DENY"": 1.0, ""DEFER"": 0.0, ""fraction_of_consequential"": 0.028328611898016998}}",b0d804b41d6f708612dc345c3e165ef89bc8bd77,8729a8296b8e8cb0
B5_nominal,paper_ssp_200m_moderate_v1,750,750.0,2,tr_4370fea4680c_gpu,-77.08455,-23.08455,9,"{""conflicting_task_ownership"": 0, ""duplicate_execution"": 0, ""contradictory_reassignment"": 1, ""incompatible_mission_state"": 4, ""inconsistent_anomaly_state"": 4}",0.6470588235294118,0.9294117647058824,0.9294117647058824,0.43537414965986393,8192,10624,18816,timeout,40.0,"{""ALLOW_LOW_RISK"": 755, ""ALLOW_AUTHORIZED"": 85}","{""fresh"": 76, ""aging"": 4, ""stale"": 5, ""hard_expired"": 0}","{""fresh"": {""proposed"": 76, ""ALLOW"": 76, ""DENY"": 0, ""DEFER"": 0, ""fraction_of_consequential"": 0.8941176470588236}, ""aging"": {""proposed"": 4, ""ALLOW"": 4, ""DENY"": 0, ""DEFER"": 0, ""fraction_of_consequential"": 0.047058823529411764}, ""stale"": {""proposed"": 5, ""ALLOW"": 5, ""DENY"": 0, ""DEFER"": 0, ""fraction_of_consequential"": 0.058823529411764705}, ""hard_expired"": {""proposed"": 0, ""ALLOW"": 0, ""DENY"": 0, ""DEFER"": 0, ""fraction_of_consequential"": 0.0}}","{""CONNECTED"": {""proposed"": 0, ""ALLOW"": 0.0, ""DENY"": 0.0, ""DEFER"": 0.0, ""fraction_of_consequential"": 0.0}, ""DEGRADED"": {""proposed"": 30, ""ALLOW"": 1.0, ""DENY"": 0.0, ""DEFER"": 0.0, ""fraction_of_consequential"": 0.35294117647058826}, ""PARTITIONED"": {""proposed"": 53, ""ALLOW"": 1.0, ""DENY"": 0.0, ""DEFER"": 0.0, ""fraction_of_consequential"": 0.6235294117647059}, ""ISOLATED"": {""proposed"": 0, ""ALLOW"": 0.0, ""DENY"": 0.0, ""DEFER"": 0.0, ""fraction_of_consequential"": 0.0}, ""RECOVERING"": {""proposed"": 2, ""ALLOW"": 1.0, ""DENY"": 0.0, ""DEFER"": 0.0, ""fraction_of_consequential"": 0.023529411764705882}}",b0d804b41d6f708612dc345c3e165ef89bc8bd77,8729a8296b8e8cb0
B5_permissive,paper_ssp_200m_moderate_v1,750,750.0,2,tr_4370fea4680c_gpu,-77.08455,-23.08455,9,"{""conflicting_task_ownership"": 0, ""duplicate_execution"": 0, ""contradictory_reassignment"": 1, ""incompatible_mission_state"": 4, ""inconsistent_anomaly_state"": 4}",0.6470588235294118,0.9294117647058824,0.9294117647058824,0.43537414965986393,8192,10624,18816,timeout,40.0,"{""ALLOW_LOW_RISK"": 755, ""ALLOW_AUTHORIZED"": 85}","{""fresh"": 76, ""aging"": 4, ""stale"": 5, ""hard_expired"": 0}","{""fresh"": {""proposed"": 76, ""ALLOW"": 76, ""DENY"": 0, ""DEFER"": 0, ""fraction_of_consequential"": 0.8941176470588236}, ""aging"": {""proposed"": 4, ""ALLOW"": 4, ""DENY"": 0, ""DEFER"": 0, ""fraction_of_consequential"": 0.047058823529411764}, ""stale"": {""proposed"": 5, ""ALLOW"": 5, ""DENY"": 0, ""DEFER"": 0, ""fraction_of_consequential"": 0.058823529411764705}, ""hard_expired"": {""proposed"": 0, ""ALLOW"": 0, ""DENY"": 0, ""DEFER"": 0, ""fraction_of_consequential"": 0.0}}","{""CONNECTED"": {""proposed"": 0, ""ALLOW"": 0.0, ""DENY"": 0.0, ""DEFER"": 0.0, ""fraction_of_consequential"": 0.0}, ""DEGRADED"": {""proposed"": 30, ""ALLOW"": 1.0, ""DENY"": 0.0, ""DEFER"": 0.0, ""fraction_of_consequential"": 0.35294117647058826}, ""PARTITIONED"": {""proposed"": 53, ""ALLOW"": 1.0, ""DENY"": 0.0, ""DEFER"": 0.0, ""fraction_of_consequential"": 0.6235294117647059}, ""ISOLATED"": {""proposed"": 0, ""ALLOW"": 0.0, ""DENY"": 0.0, ""DEFER"": 0.0, ""fraction_of_consequential"": 0.0}, ""RECOVERING"": {""proposed"": 2, ""ALLOW"": 1.0, ""DENY"": 0.0, ""DEFER"": 0.0, ""fraction_of_consequential"": 0.023529411764705882}}",b0d804b41d6f708612dc345c3e165ef89bc8bd77,8729a8296b8e8cb0
B1,paper_ssp_200m_moderate_v1,1000,1000.0,2,tr_4370fea4680c_gpu,47.9229,53.9229,1,"{""conflicting_task_ownership"": 0, ""duplicate_execution"": 0, ""contradictory_reassignment"": 0, ""incompatible_mission_state"": 1, ""inconsistent_anomaly_state"": 0}",0.5050505050505051,0.6767676767676768,0.9852941176470589,0.43537414965986393,8192,10624,18816,timeout,40.0,"{""ALLOW_LOW_RISK"": 705, ""ALLOW_AUTHORIZED"": 68, ""DENY_SUPERVISOR_UNREACHABLE"": 29, ""DENY_FORBIDDEN"": 36, ""DENY_RECOVERING_CONSEQUENTIAL"": 2}","{""fresh"": 76, ""aging"": 6, ""stale"": 11, ""hard_expired"": 6}","{""fresh"": {""proposed"": 76, ""ALLOW"": 68, ""DENY"": 8, ""DEFER"": 0, ""fraction_of_consequential"": 0.7676767676767676}, ""aging"": {""proposed"": 6, ""ALLOW"": 0, ""DENY"": 6, ""DEFER"": 0, ""fraction_of_consequential"": 0.06060606060606061}, ""stale"": {""proposed"": 11, ""ALLOW"": 0, ""DENY"": 11, ""DEFER"": 0, ""fraction_of_consequential"": 0.1111111111111111}, ""hard_expired"": {""proposed"": 6, ""ALLOW"": 0, ""DENY"": 6, ""DEFER"": 0, ""fraction_of_consequential"": 0.06060606060606061}}","{""CONNECTED"": {""proposed"": 0, ""ALLOW"": 0.0, ""DENY"": 0.0, ""DEFER"": 0.0, ""fraction_of_consequential"": 0.0}, ""DEGRADED"": {""proposed"": 18, ""ALLOW"": 1.0, ""DENY"": 0.0, ""DEFER"": 0.0, ""fraction_of_consequential"": 0.18181818181818182}, ""PARTITIONED"": {""proposed"": 79, ""ALLOW"": 0.6329113924050633, ""DENY"": 0.3670886075949367, ""DEFER"": 0.0, ""fraction_of_consequential"": 0.797979797979798}, ""ISOLATED"": {""proposed"": 0, ""ALLOW"": 0.0, ""DENY"": 0.0, ""DEFER"": 0.0, ""fraction_of_consequential"": 0.0}, ""RECOVERING"": {""proposed"": 2, ""ALLOW"": 0.0, ""DENY"": 1.0, ""DEFER"": 0.0, ""fraction_of_consequential"": 0.020202020202020204}}",b0d804b41d6f708612dc345c3e165ef89bc8bd77,65dd0382eed20010
B2,paper_ssp_200m_moderate_v1,1000,1000.0,2,tr_4370fea4680c_gpu,-117.08815,-63.08815,9,"{""conflicting_task_ownership"": 0, ""duplicate_execution"": 0, ""contradictory_reassignment"": 1, ""incompatible_mission_state"": 4, ""inconsistent_anomaly_state"": 4}",0.797752808988764,0.9325842696629213,0.9325842696629213,0.43537414965986393,8192,10624,18816,timeout,40.0,"{""ALLOW_AUTHORIZED"": 840}","{""fresh"": 76, ""aging"": 4, ""stale"": 5, ""hard_expired"": 4}","{""fresh"": {""proposed"": 76, ""ALLOW"": 76, ""DENY"": 0, ""DEFER"": 0, ""fraction_of_consequential"": 0.8539325842696629}, ""aging"": {""proposed"": 4, ""ALLOW"": 4, ""DENY"": 0, ""DEFER"": 0, ""fraction_of_consequential"": 0.0449438202247191}, ""stale"": {""proposed"": 5, ""ALLOW"": 5, ""DENY"": 0, ""DEFER"": 0, ""fraction_of_consequential"": 0.056179775280898875}, ""hard_expired"": {""proposed"": 4, ""ALLOW"": 4, ""DENY"": 0, ""DEFER"": 0, ""fraction_of_consequential"": 0.0449438202247191}}","{""CONNECTED"": {""proposed"": 0, ""ALLOW"": 0.0, ""DENY"": 0.0, ""DEFER"": 0.0, ""fraction_of_consequential"": 0.0}, ""DEGRADED"": {""proposed"": 18, ""ALLOW"": 1.0, ""DENY"": 0.0, ""DEFER"": 0.0, ""fraction_of_consequential"": 0.20224719101123595}, ""PARTITIONED"": {""proposed"": 69, ""ALLOW"": 1.0, ""DENY"": 0.0, ""DEFER"": 0.0, ""fraction_of_consequential"": 0.7752808988764045}, ""ISOLATED"": {""proposed"": 0, ""ALLOW"": 0.0, ""DENY"": 0.0, ""DEFER"": 0.0, ""fraction_of_consequential"": 0.0}, ""RECOVERING"": {""proposed"": 2, ""ALLOW"": 1.0, ""DENY"": 0.0, ""DEFER"": 0.0, ""fraction_of_consequential"": 0.02247191011235955}}",b0d804b41d6f708612dc345c3e165ef89bc8bd77,65dd0382eed20010
B3,paper_ssp_200m_moderate_v1,1000,1000.0,2,tr_4370fea4680c_gpu,-30.0449,-30.0449,0,"{""conflicting_task_ownership"": 0, ""duplicate_execution"": 0, ""contradictory_reassignment"": 0, ""incompatible_mission_state"": 0, ""inconsistent_anomaly_state"": 0}",0.0,0.0,0.0,0.4357446808510638,8192,10608,18800,timeout,40.0,"{""ALLOW_LOW_RISK"": 483, ""DENY_STATIC_BOUND"": 357}","{""fresh"": 174, ""aging"": 46, ""stale"": 107, ""hard_expired"": 30}","{""fresh"": {""proposed"": 174, ""ALLOW"": 0, ""DENY"": 174, ""DEFER"": 0, ""fraction_of_consequential"": 0.48739495798319327}, ""aging"": {""proposed"": 46, ""ALLOW"": 0, ""DENY"": 46, ""DEFER"": 0, ""fraction_of_consequential"": 0.12885154061624648}, ""stale"": {""proposed"": 107, ""ALLOW"": 0, ""DENY"": 107, ""DEFER"": 0, ""fraction_of_consequential"": 0.29971988795518206}, ""hard_expired"": {""proposed"": 30, ""ALLOW"": 0, ""DENY"": 30, ""DEFER"": 0, ""fraction_of_consequential"": 0.08403361344537816}}","{""CONNECTED"": {""proposed"": 0, ""ALLOW"": 0.0, ""DENY"": 0.0, ""DEFER"": 0.0, ""fraction_of_consequential"": 0.0}, ""DEGRADED"": {""proposed"": 84, ""ALLOW"": 0.0, ""DENY"": 1.0, ""DEFER"": 0.0, ""fraction_of_consequential"": 0.23529411764705882}, ""PARTITIONED"": {""proposed"": 263, ""ALLOW"": 0.0, ""DENY"": 1.0, ""DEFER"": 0.0, ""fraction_of_consequential"": 0.7366946778711485}, ""ISOLATED"": {""proposed"": 0, ""ALLOW"": 0.0, ""DENY"": 0.0, ""DEFER"": 0.0, ""fraction_of_consequential"": 0.0}, ""RECOVERING"": {""proposed"": 10, ""ALLOW"": 0.0, ""DENY"": 1.0, ""DEFER"": 0.0, ""fraction_of_consequential"": 0.028011204481792718}}",b0d804b41d6f708612dc345c3e165ef89bc8bd77,65dd0382eed20010
B4,paper_ssp_200m_moderate_v1,1000,1000.0,2,tr_4370fea4680c_gpu,-14.0774,21.9226,6,"{""conflicting_task_ownership"": 0, ""duplicate_execution"": 0, ""contradictory_reassignment"": 1, ""incompatible_mission_state"": 1, ""inconsistent_anomaly_state"": 4}",0.6818181818181818,0.8181818181818182,0.9230769230769231,0.43537414965986393,8192,10624,18816,timeout,40.0,"{""ALLOW_LOW_RISK"": 714, ""ALLOW_AUTHORIZED"": 78, ""DENY_FORBIDDEN"": 42, ""DENY_HARD_EXPIRY"": 4, ""DENY_RECOVERING_HARD_SAFETY"": 2}","{""fresh"": 76, ""aging"": 4, ""stale"": 4, ""hard_expired"": 4}","{""fresh"": {""proposed"": 76, ""ALLOW"": 74, ""DENY"": 2, ""DEFER"": 0, ""fraction_of_consequential"": 0.8636363636363636}, ""aging"": {""proposed"": 4, ""ALLOW"": 4, ""DENY"": 0, ""DEFER"": 0, ""fraction_of_consequential"": 0.045454545454545456}, ""stale"": {""proposed"": 4, ""ALLOW"": 0, ""DENY"": 4, ""DEFER"": 0, ""fraction_of_consequential"": 0.045454545454545456}, ""hard_expired"": {""proposed"": 4, ""ALLOW"": 0, ""DENY"": 4, ""DEFER"": 0, ""fraction_of_consequential"": 0.045454545454545456}}","{""CONNECTED"": {""proposed"": 0, ""ALLOW"": 0.0, ""DENY"": 0.0, ""DEFER"": 0.0, ""fraction_of_consequential"": 0.0}, ""DEGRADED"": {""proposed"": 18, ""ALLOW"": 1.0, ""DENY"": 0.0, ""DEFER"": 0.0, ""fraction_of_consequential"": 0.20454545454545456}, ""PARTITIONED"": {""proposed"": 68, ""ALLOW"": 0.8823529411764706, ""DENY"": 0.11764705882352941, ""DEFER"": 0.0, ""fraction_of_consequential"": 0.7727272727272727}, ""ISOLATED"": {""proposed"": 0, ""ALLOW"": 0.0, ""DENY"": 0.0, ""DEFER"": 0.0, ""fraction_of_consequential"": 0.0}, ""RECOVERING"": {""proposed"": 2, ""ALLOW"": 0.0, ""DENY"": 1.0, ""DEFER"": 0.0, ""fraction_of_consequential"": 0.022727272727272728}}",b0d804b41d6f708612dc345c3e165ef89bc8bd77,65dd0382eed20010
B5_conservative,paper_ssp_200m_moderate_v1,1000,1000.0,2,tr_4370fea4680c_gpu,-30.0449,-30.0449,0,"{""conflicting_task_ownership"": 0, ""duplicate_execution"": 0, ""contradictory_reassignment"": 0, ""incompatible_mission_state"": 0, ""inconsistent_anomaly_state"": 0}",0.0,0.0,0.0,0.4357446808510638,8192,10608,18800,timeout,40.0,"{""ALLOW_LOW_RISK"": 483, ""DEFER_DEGRADED"": 84, ""DENY_CONNECTIVITY_POLICY"": 273}","{""fresh"": 174, ""aging"": 46, ""stale"": 107, ""hard_expired"": 30}","{""fresh"": {""proposed"": 174, ""ALLOW"": 0, ""DENY"": 90, ""DEFER"": 84, ""fraction_of_consequential"": 0.48739495798319327}, ""aging"": {""proposed"": 46, ""ALLOW"": 0, ""DENY"": 46, ""DEFER"": 0, ""fraction_of_consequential"": 0.12885154061624648}, ""stale"": {""proposed"": 107, ""ALLOW"": 0, ""DENY"": 107, ""DEFER"": 0, ""fraction_of_consequential"": 0.29971988795518206}, ""hard_expired"": {""proposed"": 30, ""ALLOW"": 0, ""DENY"": 30, ""DEFER"": 0, ""fraction_of_consequential"": 0.08403361344537816}}","{""CONNECTED"": {""proposed"": 0, ""ALLOW"": 0.0, ""DENY"": 0.0, ""DEFER"": 0.0, ""fraction_of_consequential"": 0.0}, ""DEGRADED"": {""proposed"": 84, ""ALLOW"": 0.0, ""DENY"": 0.0, ""DEFER"": 1.0, ""fraction_of_consequential"": 0.23529411764705882}, ""PARTITIONED"": {""proposed"": 263, ""ALLOW"": 0.0, ""DENY"": 1.0, ""DEFER"": 0.0, ""fraction_of_consequential"": 0.7366946778711485}, ""ISOLATED"": {""proposed"": 0, ""ALLOW"": 0.0, ""DENY"": 0.0, ""DEFER"": 0.0, ""fraction_of_consequential"": 0.0}, ""RECOVERING"": {""proposed"": 10, ""ALLOW"": 0.0, ""DENY"": 1.0, ""DEFER"": 0.0, ""fraction_of_consequential"": 0.028011204481792718}}",b0d804b41d6f708612dc345c3e165ef89bc8bd77,65dd0382eed20010
B5_nominal,paper_ssp_200m_moderate_v1,1000,1000.0,2,tr_4370fea4680c_gpu,-117.08815,-63.08815,9,"{""conflicting_task_ownership"": 0, ""duplicate_execution"": 0, ""contradictory_reassignment"": 1, ""incompatible_mission_state"": 4, ""inconsistent_anomaly_state"": 4}",0.797752808988764,0.9325842696629213,0.9325842696629213,0.43537414965986393,8192,10624,18816,timeout,40.0,"{""ALLOW_LOW_RISK"": 751, ""ALLOW_AUTHORIZED"": 89}","{""fresh"": 76, ""aging"": 4, ""stale"": 5, ""hard_expired"": 4}","{""fresh"": {""proposed"": 76, ""ALLOW"": 76, ""DENY"": 0, ""DEFER"": 0, ""fraction_of_consequential"": 0.8539325842696629}, ""aging"": {""proposed"": 4, ""ALLOW"": 4, ""DENY"": 0, ""DEFER"": 0, ""fraction_of_consequential"": 0.0449438202247191}, ""stale"": {""proposed"": 5, ""ALLOW"": 5, ""DENY"": 0, ""DEFER"": 0, ""fraction_of_consequential"": 0.056179775280898875}, ""hard_expired"": {""proposed"": 4, ""ALLOW"": 4, ""DENY"": 0, ""DEFER"": 0, ""fraction_of_consequential"": 0.0449438202247191}}","{""CONNECTED"": {""proposed"": 0, ""ALLOW"": 0.0, ""DENY"": 0.0, ""DEFER"": 0.0, ""fraction_of_consequential"": 0.0}, ""DEGRADED"": {""proposed"": 18, ""ALLOW"": 1.0, ""DENY"": 0.0, ""DEFER"": 0.0, ""fraction_of_consequential"": 0.20224719101123595}, ""PARTITIONED"": {""proposed"": 69, ""ALLOW"": 1.0, ""DENY"": 0.0, ""DEFER"": 0.0, ""fraction_of_consequential"": 0.7752808988764045}, ""ISOLATED"": {""proposed"": 0, ""ALLOW"": 0.0, ""DENY"": 0.0, ""DEFER"": 0.0, ""fraction_of_consequential"": 0.0}, ""RECOVERING"": {""proposed"": 2, ""ALLOW"": 1.0, ""DENY"": 0.0, ""DEFER"": 0.0, ""fraction_of_consequential"": 0.02247191011235955}}",b0d804b41d6f708612dc345c3e165ef89bc8bd77,65dd0382eed20010
B5_permissive,paper_ssp_200m_moderate_v1,1000,1000.0,2,tr_4370fea4680c_gpu,-117.08815,-63.08815,9,"{""conflicting_task_ownership"": 0, ""duplicate_execution"": 0, ""contradictory_reassignment"": 1, ""incompatible_mission_state"": 4, ""inconsistent_anomaly_state"": 4}",0.797752808988764,0.9325842696629213,0.9325842696629213,0.43537414965986393,8192,10624,18816,timeout,40.0,"{""ALLOW_LOW_RISK"": 751, ""ALLOW_AUTHORIZED"": 89}","{""fresh"": 76, ""aging"": 4, ""stale"": 5, ""hard_expired"": 4}","{""fresh"": {""proposed"": 76, ""ALLOW"": 76, ""DENY"": 0, ""DEFER"": 0, ""fraction_of_consequential"": 0.8539325842696629}, ""aging"": {""proposed"": 4, ""ALLOW"": 4, ""DENY"": 0, ""DEFER"": 0, ""fraction_of_consequential"": 0.0449438202247191}, ""stale"": {""proposed"": 5, ""ALLOW"": 5, ""DENY"": 0, ""DEFER"": 0, ""fraction_of_consequential"": 0.056179775280898875}, ""hard_expired"": {""proposed"": 4, ""ALLOW"": 4, ""DENY"": 0, ""DEFER"": 0, ""fraction_of_consequential"": 0.0449438202247191}}","{""CONNECTED"": {""proposed"": 0, ""ALLOW"": 0.0, ""DENY"": 0.0, ""DEFER"": 0.0, ""fraction_of_consequential"": 0.0}, ""DEGRADED"": {""proposed"": 18, ""ALLOW"": 1.0, ""DENY"": 0.0, ""DEFER"": 0.0, ""fraction_of_consequential"": 0.20224719101123595}, ""PARTITIONED"": {""proposed"": 69, ""ALLOW"": 1.0, ""DENY"": 0.0, ""DEFER"": 0.0, ""fraction_of_consequential"": 0.7752808988764045}, ""ISOLATED"": {""proposed"": 0, ""ALLOW"": 0.0, ""DENY"": 0.0, ""DEFER"": 0.0, ""fraction_of_consequential"": 0.0}, ""RECOVERING"": {""proposed"": 2, ""ALLOW"": 1.0, ""DENY"": 0.0, ""DEFER"": 0.0, ""fraction_of_consequential"": 0.02247191011235955}}",b0d804b41d6f708612dc345c3e165ef89bc8bd77,65dd0382eed20010
B1,paper_ssp_200m_strong_v1,0,0.0,0,tr_41578464d64c_gpu,-30.0303,-30.0303,0,"{""conflicting_task_ownership"": 0, ""duplicate_execution"": 0, ""contradictory_reassignment"": 0, ""incompatible_mission_state"": 0, ""inconsistent_anomaly_state"": 0}",0.0,0.0,0.0,0.0,0,15936,15936,idle,0.0,"{""ALLOW_LOW_RISK"": 312, ""DENY_SUPERVISOR_UNREACHABLE"": 360, ""DENY_FORBIDDEN"": 168}","{""fresh"": 39, ""aging"": 57, ""stale"": 132, ""hard_expired"": 132}","{""fresh"": {""proposed"": 39, ""ALLOW"": 0, ""DENY"": 39, ""DEFER"": 0, ""fraction_of_consequential"": 0.10833333333333334}, ""aging"": {""proposed"": 57, ""ALLOW"": 0, ""DENY"": 57, ""DEFER"": 0, ""fraction_of_consequential"": 0.15833333333333333}, ""stale"": {""proposed"": 132, ""ALLOW"": 0, ""DENY"": 132, ""DEFER"": 0, ""fraction_of_consequential"": 0.36666666666666664}, ""hard_expired"": {""proposed"": 132, ""ALLOW"": 0, ""DENY"": 132, ""DEFER"": 0, ""fraction_of_consequential"": 0.36666666666666664}}","{""CONNECTED"": {""proposed"": 0, ""ALLOW"": 0.0, ""DENY"": 0.0, ""DEFER"": 0.0, ""fraction_of_consequential"": 0.0}, ""DEGRADED"": {""proposed"": 0, ""ALLOW"": 0.0, ""DENY"": 0.0, ""DEFER"": 0.0, ""fraction_of_consequential"": 0.0}, ""PARTITIONED"": {""proposed"": 360, ""ALLOW"": 0.0, ""DENY"": 1.0, ""DEFER"": 0.0, ""fraction_of_consequential"": 1.0}, ""ISOLATED"": {""proposed"": 0, ""ALLOW"": 0.0, ""DENY"": 0.0, ""DEFER"": 0.0, ""fraction_of_consequential"": 0.0}, ""RECOVERING"": {""proposed"": 0, ""ALLOW"": 0.0, ""DENY"": 0.0, ""DEFER"": 0.0, ""fraction_of_consequential"": 0.0}}",b0d804b41d6f708612dc345c3e165ef89bc8bd77,2fea3134bcf20f15
B2,paper_ssp_200m_strong_v1,0,0.0,0,tr_41578464d64c_gpu,-117.08815,-63.08815,9,"{""conflicting_task_ownership"": 0, ""duplicate_execution"": 0, ""contradictory_reassignment"": 1, ""incompatible_mission_state"": 4, ""inconsistent_anomaly_state"": 4}",1.0,0.9325842696629213,0.9325842696629213,0.0,0,15936,15936,idle,0.0,"{""ALLOW_AUTHORIZED"": 840}","{""fresh"": 9, ""aging"": 17, ""stale"": 34, ""hard_expired"": 29}","{""fresh"": {""proposed"": 9, ""ALLOW"": 9, ""DENY"": 0, ""DEFER"": 0, ""fraction_of_consequential"": 0.10112359550561797}, ""aging"": {""proposed"": 17, ""ALLOW"": 17, ""DENY"": 0, ""DEFER"": 0, ""fraction_of_consequential"": 0.19101123595505617}, ""stale"": {""proposed"": 34, ""ALLOW"": 34, ""DENY"": 0, ""DEFER"": 0, ""fraction_of_consequential"": 0.38202247191011235}, ""hard_expired"": {""proposed"": 29, ""ALLOW"": 29, ""DENY"": 0, ""DEFER"": 0, ""fraction_of_consequential"": 0.3258426966292135}}","{""CONNECTED"": {""proposed"": 0, ""ALLOW"": 0.0, ""DENY"": 0.0, ""DEFER"": 0.0, ""fraction_of_consequential"": 0.0}, ""DEGRADED"": {""proposed"": 0, ""ALLOW"": 0.0, ""DENY"": 0.0, ""DEFER"": 0.0, ""fraction_of_consequential"": 0.0}, ""PARTITIONED"": {""proposed"": 89, ""ALLOW"": 1.0, ""DENY"": 0.0, ""DEFER"": 0.0, ""fraction_of_consequential"": 1.0}, ""ISOLATED"": {""proposed"": 0, ""ALLOW"": 0.0, ""DENY"": 0.0, ""DEFER"": 0.0, ""fraction_of_consequential"": 0.0}, ""RECOVERING"": {""proposed"": 0, ""ALLOW"": 0.0, ""DENY"": 0.0, ""DEFER"": 0.0, ""fraction_of_consequential"": 0.0}}",b0d804b41d6f708612dc345c3e165ef89bc8bd77,2fea3134bcf20f15
B3,paper_ssp_200m_strong_v1,0,0.0,0,tr_41578464d64c_gpu,-30.0446,-30.0446,0,"{""conflicting_task_ownership"": 0, ""duplicate_execution"": 0, ""contradictory_reassignment"": 0, ""incompatible_mission_state"": 0, ""inconsistent_anomaly_state"": 0}",0.0,0.0,0.0,0.0,0,15936,15936,idle,0.0,"{""ALLOW_LOW_RISK"": 480, ""DENY_STATIC_BOUND"": 360}","{""fresh"": 39, ""aging"": 57, ""stale"": 132, ""hard_expired"": 132}","{""fresh"": {""proposed"": 39, ""ALLOW"": 0, ""DENY"": 39, ""DEFER"": 0, ""fraction_of_consequential"": 0.10833333333333334}, ""aging"": {""proposed"": 57, ""ALLOW"": 0, ""DENY"": 57, ""DEFER"": 0, ""fraction_of_consequential"": 0.15833333333333333}, ""stale"": {""proposed"": 132, ""ALLOW"": 0, ""DENY"": 132, ""DEFER"": 0, ""fraction_of_consequential"": 0.36666666666666664}, ""hard_expired"": {""proposed"": 132, ""ALLOW"": 0, ""DENY"": 132, ""DEFER"": 0, ""fraction_of_consequential"": 0.36666666666666664}}","{""CONNECTED"": {""proposed"": 0, ""ALLOW"": 0.0, ""DENY"": 0.0, ""DEFER"": 0.0, ""fraction_of_consequential"": 0.0}, ""DEGRADED"": {""proposed"": 0, ""ALLOW"": 0.0, ""DENY"": 0.0, ""DEFER"": 0.0, ""fraction_of_consequential"": 0.0}, ""PARTITIONED"": {""proposed"": 360, ""ALLOW"": 0.0, ""DENY"": 1.0, ""DEFER"": 0.0, ""fraction_of_consequential"": 1.0}, ""ISOLATED"": {""proposed"": 0, ""ALLOW"": 0.0, ""DENY"": 0.0, ""DEFER"": 0.0, ""fraction_of_consequential"": 0.0}, ""RECOVERING"": {""proposed"": 0, ""ALLOW"": 0.0, ""DENY"": 0.0, ""DEFER"": 0.0, ""fraction_of_consequential"": 0.0}}",b0d804b41d6f708612dc345c3e165ef89bc8bd77,2fea3134bcf20f15
B4,paper_ssp_200m_strong_v1,0,0.0,0,tr_41578464d64c_gpu,47.9442,53.9442,1,"{""conflicting_task_ownership"": 0, ""duplicate_execution"": 0, ""contradictory_reassignment"": 0, ""incompatible_mission_state"": 1, ""inconsistent_anomaly_state"": 0}",0.08823529411764706,0.0784313725490196,0.8888888888888888,0.0,0,15936,15936,idle,0.0,"{""ALLOW_LOW_RISK"": 474, ""ALLOW_AUTHORIZED"": 9, ""DENY_FORBIDDEN"": 321, ""DENY_HARD_EXPIRY"": 36}","{""fresh"": 9, ""aging"": 17, ""stale"": 40, ""hard_expired"": 36}","{""fresh"": {""proposed"": 9, ""ALLOW"": 9, ""DENY"": 0, ""DEFER"": 0, ""fraction_of_consequential"": 0.08823529411764706}, ""aging"": {""proposed"": 17, ""ALLOW"": 0, ""DENY"": 17, ""DEFER"": 0, ""fraction_of_consequential"": 0.16666666666666666}, ""stale"": {""proposed"": 40, ""ALLOW"": 0, ""DENY"": 40, ""DEFER"": 0, ""fraction_of_consequential"": 0.39215686274509803}, ""hard_expired"": {""proposed"": 36, ""ALLOW"": 0, ""DENY"": 36, ""DEFER"": 0, ""fraction_of_consequential"": 0.35294117647058826}}","{""CONNECTED"": {""proposed"": 0, ""ALLOW"": 0.0, ""DENY"": 0.0, ""DEFER"": 0.0, ""fraction_of_consequential"": 0.0}, ""DEGRADED"": {""proposed"": 0, ""ALLOW"": 0.0, ""DENY"": 0.0, ""DEFER"": 0.0, ""fraction_of_consequential"": 0.0}, ""PARTITIONED"": {""proposed"": 102, ""ALLOW"": 0.08823529411764706, ""DENY"": 0.9117647058823529, ""DEFER"": 0.0, ""fraction_of_consequential"": 1.0}, ""ISOLATED"": {""proposed"": 0, ""ALLOW"": 0.0, ""DENY"": 0.0, ""DEFER"": 0.0, ""fraction_of_consequential"": 0.0}, ""RECOVERING"": {""proposed"": 0, ""ALLOW"": 0.0, ""DENY"": 0.0, ""DEFER"": 0.0, ""fraction_of_consequential"": 0.0}}",b0d804b41d6f708612dc345c3e165ef89bc8bd77,2fea3134bcf20f15
B5_conservative,paper_ssp_200m_strong_v1,0,0.0,0,tr_41578464d64c_gpu,-30.0446,-30.0446,0,"{""conflicting_task_ownership"": 0, ""duplicate_execution"": 0, ""contradictory_reassignment"": 0, ""incompatible_mission_state"": 0, ""inconsistent_anomaly_state"": 0}",0.0,0.0,0.0,0.0,0,15936,15936,idle,0.0,"{""ALLOW_LOW_RISK"": 480, ""DENY_CONNECTIVITY_POLICY"": 360}","{""fresh"": 39, ""aging"": 57, ""stale"": 132, ""hard_expired"": 132}","{""fresh"": {""proposed"": 39, ""ALLOW"": 0, ""DENY"": 39, ""DEFER"": 0, ""fraction_of_consequential"": 0.10833333333333334}, ""aging"": {""proposed"": 57, ""ALLOW"": 0, ""DENY"": 57, ""DEFER"": 0, ""fraction_of_consequential"": 0.15833333333333333}, ""stale"": {""proposed"": 132, ""ALLOW"": 0, ""DENY"": 132, ""DEFER"": 0, ""fraction_of_consequential"": 0.36666666666666664}, ""hard_expired"": {""proposed"": 132, ""ALLOW"": 0, ""DENY"": 132, ""DEFER"": 0, ""fraction_of_consequential"": 0.36666666666666664}}","{""CONNECTED"": {""proposed"": 0, ""ALLOW"": 0.0, ""DENY"": 0.0, ""DEFER"": 0.0, ""fraction_of_consequential"": 0.0}, ""DEGRADED"": {""proposed"": 0, ""ALLOW"": 0.0, ""DENY"": 0.0, ""DEFER"": 0.0, ""fraction_of_consequential"": 0.0}, ""PARTITIONED"": {""proposed"": 360, ""ALLOW"": 0.0, ""DENY"": 1.0, ""DEFER"": 0.0, ""fraction_of_consequential"": 1.0}, ""ISOLATED"": {""proposed"": 0, ""ALLOW"": 0.0, ""DENY"": 0.0, ""DEFER"": 0.0, ""fraction_of_consequential"": 0.0}, ""RECOVERING"": {""proposed"": 0, ""ALLOW"": 0.0, ""DENY"": 0.0, ""DEFER"": 0.0, ""fraction_of_consequential"": 0.0}}",b0d804b41d6f708612dc345c3e165ef89bc8bd77,2fea3134bcf20f15
B5_nominal,paper_ssp_200m_strong_v1,0,0.0,0,tr_41578464d64c_gpu,-117.08815,-63.08815,9,"{""conflicting_task_ownership"": 0, ""duplicate_execution"": 0, ""contradictory_reassignment"": 1, ""incompatible_mission_state"": 4, ""inconsistent_anomaly_state"": 4}",1.0,0.9325842696629213,0.9325842696629213,0.0,0,15936,15936,idle,0.0,"{""ALLOW_LOW_RISK"": 751, ""ALLOW_AUTHORIZED"": 89}","{""fresh"": 9, ""aging"": 17, ""stale"": 34, ""hard_expired"": 29}","{""fresh"": {""proposed"": 9, ""ALLOW"": 9, ""DENY"": 0, ""DEFER"": 0, ""fraction_of_consequential"": 0.10112359550561797}, ""aging"": {""proposed"": 17, ""ALLOW"": 17, ""DENY"": 0, ""DEFER"": 0, ""fraction_of_consequential"": 0.19101123595505617}, ""stale"": {""proposed"": 34, ""ALLOW"": 34, ""DENY"": 0, ""DEFER"": 0, ""fraction_of_consequential"": 0.38202247191011235}, ""hard_expired"": {""proposed"": 29, ""ALLOW"": 29, ""DENY"": 0, ""DEFER"": 0, ""fraction_of_consequential"": 0.3258426966292135}}","{""CONNECTED"": {""proposed"": 0, ""ALLOW"": 0.0, ""DENY"": 0.0, ""DEFER"": 0.0, ""fraction_of_consequential"": 0.0}, ""DEGRADED"": {""proposed"": 0, ""ALLOW"": 0.0, ""DENY"": 0.0, ""DEFER"": 0.0, ""fraction_of_consequential"": 0.0}, ""PARTITIONED"": {""proposed"": 89, ""ALLOW"": 1.0, ""DENY"": 0.0, ""DEFER"": 0.0, ""fraction_of_consequential"": 1.0}, ""ISOLATED"": {""proposed"": 0, ""ALLOW"": 0.0, ""DENY"": 0.0, ""DEFER"": 0.0, ""fraction_of_consequential"": 0.0}, ""RECOVERING"": {""proposed"": 0, ""ALLOW"": 0.0, ""DENY"": 0.0, ""DEFER"": 0.0, ""fraction_of_consequential"": 0.0}}",b0d804b41d6f708612dc345c3e165ef89bc8bd77,2fea3134bcf20f15
B5_permissive,paper_ssp_200m_strong_v1,0,0.0,0,tr_41578464d64c_gpu,-117.08815,-63.08815,9,"{""conflicting_task_ownership"": 0, ""duplicate_execution"": 0, ""contradictory_reassignment"": 1, ""incompatible_mission_state"": 4, ""inconsistent_anomaly_state"": 4}",1.0,0.9325842696629213,0.9325842696629213,0.0,0,15936,15936,idle,0.0,"{""ALLOW_LOW_RISK"": 751, ""ALLOW_AUTHORIZED"": 89}","{""fresh"": 9, ""aging"": 17, ""stale"": 34, ""hard_expired"": 29}","{""fresh"": {""proposed"": 9, ""ALLOW"": 9, ""DENY"": 0, ""DEFER"": 0, ""fraction_of_consequential"": 0.10112359550561797}, ""aging"": {""proposed"": 17, ""ALLOW"": 17, ""DENY"": 0, ""DEFER"": 0, ""fraction_of_consequential"": 0.19101123595505617}, ""stale"": {""proposed"": 34, ""ALLOW"": 34, ""DENY"": 0, ""DEFER"": 0, ""fraction_of_consequential"": 0.38202247191011235}, ""hard_expired"": {""proposed"": 29, ""ALLOW"": 29, ""DENY"": 0, ""DEFER"": 0, ""fraction_of_consequential"": 0.3258426966292135}}","{""CONNECTED"": {""proposed"": 0, ""ALLOW"": 0.0, ""DENY"": 0.0, ""DEFER"": 0.0, ""fraction_of_consequential"": 0.0}, ""DEGRADED"": {""proposed"": 0, ""ALLOW"": 0.0, ""DENY"": 0.0, ""DEFER"": 0.0, ""fraction_of_consequential"": 0.0}, ""PARTITIONED"": {""proposed"": 89, ""ALLOW"": 1.0, ""DENY"": 0.0, ""DEFER"": 0.0, ""fraction_of_consequential"": 1.0}, ""ISOLATED"": {""proposed"": 0, ""ALLOW"": 0.0, ""DENY"": 0.0, ""DEFER"": 0.0, ""fraction_of_consequential"": 0.0}, ""RECOVERING"": {""proposed"": 0, ""ALLOW"": 0.0, ""DENY"": 0.0, ""DEFER"": 0.0, ""fraction_of_consequential"": 0.0}}",b0d804b41d6f708612dc345c3e165ef89bc8bd77,2fea3134bcf20f15
B1,paper_ssp_200m_strong_v1,150,150.0,0,tr_41578464d64c_gpu,-30.0303,-30.0303,0,"{""conflicting_task_ownership"": 0, ""duplicate_execution"": 0, ""contradictory_reassignment"": 0, ""incompatible_mission_state"": 0, ""inconsistent_anomaly_state"": 0}",0.0,0.0,0.0,0.0,0,15936,15936,timeout,40.0,"{""ALLOW_LOW_RISK"": 312, ""DENY_SUPERVISOR_UNREACHABLE"": 360, ""DENY_FORBIDDEN"": 168}","{""fresh"": 39, ""aging"": 57, ""stale"": 132, ""hard_expired"": 132}","{""fresh"": {""proposed"": 39, ""ALLOW"": 0, ""DENY"": 39, ""DEFER"": 0, ""fraction_of_consequential"": 0.10833333333333334}, ""aging"": {""proposed"": 57, ""ALLOW"": 0, ""DENY"": 57, ""DEFER"": 0, ""fraction_of_consequential"": 0.15833333333333333}, ""stale"": {""proposed"": 132, ""ALLOW"": 0, ""DENY"": 132, ""DEFER"": 0, ""fraction_of_consequential"": 0.36666666666666664}, ""hard_expired"": {""proposed"": 132, ""ALLOW"": 0, ""DENY"": 132, ""DEFER"": 0, ""fraction_of_consequential"": 0.36666666666666664}}","{""CONNECTED"": {""proposed"": 0, ""ALLOW"": 0.0, ""DENY"": 0.0, ""DEFER"": 0.0, ""fraction_of_consequential"": 0.0}, ""DEGRADED"": {""proposed"": 0, ""ALLOW"": 0.0, ""DENY"": 0.0, ""DEFER"": 0.0, ""fraction_of_consequential"": 0.0}, ""PARTITIONED"": {""proposed"": 350, ""ALLOW"": 0.0, ""DENY"": 1.0, ""DEFER"": 0.0, ""fraction_of_consequential"": 0.9722222222222222}, ""ISOLATED"": {""proposed"": 0, ""ALLOW"": 0.0, ""DENY"": 0.0, ""DEFER"": 0.0, ""fraction_of_consequential"": 0.0}, ""RECOVERING"": {""proposed"": 10, ""ALLOW"": 0.0, ""DENY"": 1.0, ""DEFER"": 0.0, ""fraction_of_consequential"": 0.027777777777777776}}",b0d804b41d6f708612dc345c3e165ef89bc8bd77,af01ae1c499e94c2
B2,paper_ssp_200m_strong_v1,150,150.0,0,tr_41578464d64c_gpu,-117.08815,-63.08815,9,"{""conflicting_task_ownership"": 0, ""duplicate_execution"": 0, ""contradictory_reassignment"": 1, ""incompatible_mission_state"": 4, ""inconsistent_anomaly_state"": 4}",1.0,0.9325842696629213,0.9325842696629213,0.0,0,15936,15936,timeout,40.0,"{""ALLOW_AUTHORIZED"": 840}","{""fresh"": 9, ""aging"": 17, ""stale"": 34, ""hard_expired"": 29}","{""fresh"": {""proposed"": 9, ""ALLOW"": 9, ""DENY"": 0, ""DEFER"": 0, ""fraction_of_consequential"": 0.10112359550561797}, ""aging"": {""proposed"": 17, ""ALLOW"": 17, ""DENY"": 0, ""DEFER"": 0, ""fraction_of_consequential"": 0.19101123595505617}, ""stale"": {""proposed"": 34, ""ALLOW"": 34, ""DENY"": 0, ""DEFER"": 0, ""fraction_of_consequential"": 0.38202247191011235}, ""hard_expired"": {""proposed"": 29, ""ALLOW"": 29, ""DENY"": 0, ""DEFER"": 0, ""fraction_of_consequential"": 0.3258426966292135}}","{""CONNECTED"": {""proposed"": 0, ""ALLOW"": 0.0, ""DENY"": 0.0, ""DEFER"": 0.0, ""fraction_of_consequential"": 0.0}, ""DEGRADED"": {""proposed"": 0, ""ALLOW"": 0.0, ""DENY"": 0.0, ""DEFER"": 0.0, ""fraction_of_consequential"": 0.0}, ""PARTITIONED"": {""proposed"": 87, ""ALLOW"": 1.0, ""DENY"": 0.0, ""DEFER"": 0.0, ""fraction_of_consequential"": 0.9775280898876404}, ""ISOLATED"": {""proposed"": 0, ""ALLOW"": 0.0, ""DENY"": 0.0, ""DEFER"": 0.0, ""fraction_of_consequential"": 0.0}, ""RECOVERING"": {""proposed"": 2, ""ALLOW"": 1.0, ""DENY"": 0.0, ""DEFER"": 0.0, ""fraction_of_consequential"": 0.02247191011235955}}",b0d804b41d6f708612dc345c3e165ef89bc8bd77,af01ae1c499e94c2
B3,paper_ssp_200m_strong_v1,150,150.0,0,tr_41578464d64c_gpu,-30.0446,-30.0446,0,"{""conflicting_task_ownership"": 0, ""duplicate_execution"": 0, ""contradictory_reassignment"": 0, ""incompatible_mission_state"": 0, ""inconsistent_anomaly_state"": 0}",0.0,0.0,0.0,0.0,0,15936,15936,timeout,40.0,"{""ALLOW_LOW_RISK"": 480, ""DENY_STATIC_BOUND"": 360}","{""fresh"": 39, ""aging"": 57, ""stale"": 132, ""hard_expired"": 132}","{""fresh"": {""proposed"": 39, ""ALLOW"": 0, ""DENY"": 39, ""DEFER"": 0, ""fraction_of_consequential"": 0.10833333333333334}, ""aging"": {""proposed"": 57, ""ALLOW"": 0, ""DENY"": 57, ""DEFER"": 0, ""fraction_of_consequential"": 0.15833333333333333}, ""stale"": {""proposed"": 132, ""ALLOW"": 0, ""DENY"": 132, ""DEFER"": 0, ""fraction_of_consequential"": 0.36666666666666664}, ""hard_expired"": {""proposed"": 132, ""ALLOW"": 0, ""DENY"": 132, ""DEFER"": 0, ""fraction_of_consequential"": 0.36666666666666664}}","{""CONNECTED"": {""proposed"": 0, ""ALLOW"": 0.0, ""DENY"": 0.0, ""DEFER"": 0.0, ""fraction_of_consequential"": 0.0}, ""DEGRADED"": {""proposed"": 0, ""ALLOW"": 0.0, ""DENY"": 0.0, ""DEFER"": 0.0, ""fraction_of_consequential"": 0.0}, ""PARTITIONED"": {""proposed"": 350, ""ALLOW"": 0.0, ""DENY"": 1.0, ""DEFER"": 0.0, ""fraction_of_consequential"": 0.9722222222222222}, ""ISOLATED"": {""proposed"": 0, ""ALLOW"": 0.0, ""DENY"": 0.0, ""DEFER"": 0.0, ""fraction_of_consequential"": 0.0}, ""RECOVERING"": {""proposed"": 10, ""ALLOW"": 0.0, ""DENY"": 1.0, ""DEFER"": 0.0, ""fraction_of_consequential"": 0.027777777777777776}}",b0d804b41d6f708612dc345c3e165ef89bc8bd77,af01ae1c499e94c2
B4,paper_ssp_200m_strong_v1,150,150.0,0,tr_41578464d64c_gpu,47.9442,53.9442,1,"{""conflicting_task_ownership"": 0, ""duplicate_execution"": 0, ""contradictory_reassignment"": 0, ""incompatible_mission_state"": 1, ""inconsistent_anomaly_state"": 0}",0.08823529411764706,0.0784313725490196,0.8888888888888888,0.0,0,15936,15936,timeout,40.0,"{""ALLOW_LOW_RISK"": 474, ""ALLOW_AUTHORIZED"": 9, ""DENY_FORBIDDEN"": 319, ""DENY_RECOVERING_HARD_SAFETY"": 2, ""DENY_HARD_EXPIRY"": 36}","{""fresh"": 9, ""aging"": 17, ""stale"": 40, ""hard_expired"": 36}","{""fresh"": {""proposed"": 9, ""ALLOW"": 9, ""DENY"": 0, ""DEFER"": 0, ""fraction_of_consequential"": 0.08823529411764706}, ""aging"": {""proposed"": 17, ""ALLOW"": 0, ""DENY"": 17, ""DEFER"": 0, ""fraction_of_consequential"": 0.16666666666666666}, ""stale"": {""proposed"": 40, ""ALLOW"": 0, ""DENY"": 40, ""DEFER"": 0, ""fraction_of_consequential"": 0.39215686274509803}, ""hard_expired"": {""proposed"": 36, ""ALLOW"": 0, ""DENY"": 36, ""DEFER"": 0, ""fraction_of_consequential"": 0.35294117647058826}}","{""CONNECTED"": {""proposed"": 0, ""ALLOW"": 0.0, ""DENY"": 0.0, ""DEFER"": 0.0, ""fraction_of_consequential"": 0.0}, ""DEGRADED"": {""proposed"": 0, ""ALLOW"": 0.0, ""DENY"": 0.0, ""DEFER"": 0.0, ""fraction_of_consequential"": 0.0}, ""PARTITIONED"": {""proposed"": 100, ""ALLOW"": 0.09, ""DENY"": 0.91, ""DEFER"": 0.0, ""fraction_of_consequential"": 0.9803921568627451}, ""ISOLATED"": {""proposed"": 0, ""ALLOW"": 0.0, ""DENY"": 0.0, ""DEFER"": 0.0, ""fraction_of_consequential"": 0.0}, ""RECOVERING"": {""proposed"": 2, ""ALLOW"": 0.0, ""DENY"": 1.0, ""DEFER"": 0.0, ""fraction_of_consequential"": 0.0196078431372549}}",b0d804b41d6f708612dc345c3e165ef89bc8bd77,af01ae1c499e94c2
B5_conservative,paper_ssp_200m_strong_v1,150,150.0,0,tr_41578464d64c_gpu,-30.0446,-30.0446,0,"{""conflicting_task_ownership"": 0, ""duplicate_execution"": 0, ""contradictory_reassignment"": 0, ""incompatible_mission_state"": 0, ""inconsistent_anomaly_state"": 0}",0.0,0.0,0.0,0.0,0,15936,15936,timeout,40.0,"{""ALLOW_LOW_RISK"": 480, ""DENY_CONNECTIVITY_POLICY"": 360}","{""fresh"": 39, ""aging"": 57, ""stale"": 132, ""hard_expired"": 132}","{""fresh"": {""proposed"": 39, ""ALLOW"": 0, ""DENY"": 39, ""DEFER"": 0, ""fraction_of_consequential"": 0.10833333333333334}, ""aging"": {""proposed"": 57, ""ALLOW"": 0, ""DENY"": 57, ""DEFER"": 0, ""fraction_of_consequential"": 0.15833333333333333}, ""stale"": {""proposed"": 132, ""ALLOW"": 0, ""DENY"": 132, ""DEFER"": 0, ""fraction_of_consequential"": 0.36666666666666664}, ""hard_expired"": {""proposed"": 132, ""ALLOW"": 0, ""DENY"": 132, ""DEFER"": 0, ""fraction_of_consequential"": 0.36666666666666664}}","{""CONNECTED"": {""proposed"": 0, ""ALLOW"": 0.0, ""DENY"": 0.0, ""DEFER"": 0.0, ""fraction_of_consequential"": 0.0}, ""DEGRADED"": {""proposed"": 0, ""ALLOW"": 0.0, ""DENY"": 0.0, ""DEFER"": 0.0, ""fraction_of_consequential"": 0.0}, ""PARTITIONED"": {""proposed"": 350, ""ALLOW"": 0.0, ""DENY"": 1.0, ""DEFER"": 0.0, ""fraction_of_consequential"": 0.9722222222222222}, ""ISOLATED"": {""proposed"": 0, ""ALLOW"": 0.0, ""DENY"": 0.0, ""DEFER"": 0.0, ""fraction_of_consequential"": 0.0}, ""RECOVERING"": {""proposed"": 10, ""ALLOW"": 0.0, ""DENY"": 1.0, ""DEFER"": 0.0, ""fraction_of_consequential"": 0.027777777777777776}}",b0d804b41d6f708612dc345c3e165ef89bc8bd77,af01ae1c499e94c2
B5_nominal,paper_ssp_200m_strong_v1,150,150.0,0,tr_41578464d64c_gpu,-117.08815,-63.08815,9,"{""conflicting_task_ownership"": 0, ""duplicate_execution"": 0, ""contradictory_reassignment"": 1, ""incompatible_mission_state"": 4, ""inconsistent_anomaly_state"": 4}",1.0,0.9325842696629213,0.9325842696629213,0.0,0,15936,15936,timeout,40.0,"{""ALLOW_LOW_RISK"": 751, ""ALLOW_AUTHORIZED"": 89}","{""fresh"": 9, ""aging"": 17, ""stale"": 34, ""hard_expired"": 29}","{""fresh"": {""proposed"": 9, ""ALLOW"": 9, ""DENY"": 0, ""DEFER"": 0, ""fraction_of_consequential"": 0.10112359550561797}, ""aging"": {""proposed"": 17, ""ALLOW"": 17, ""DENY"": 0, ""DEFER"": 0, ""fraction_of_consequential"": 0.19101123595505617}, ""stale"": {""proposed"": 34, ""ALLOW"": 34, ""DENY"": 0, ""DEFER"": 0, ""fraction_of_consequential"": 0.38202247191011235}, ""hard_expired"": {""proposed"": 29, ""ALLOW"": 29, ""DENY"": 0, ""DEFER"": 0, ""fraction_of_consequential"": 0.3258426966292135}}","{""CONNECTED"": {""proposed"": 0, ""ALLOW"": 0.0, ""DENY"": 0.0, ""DEFER"": 0.0, ""fraction_of_consequential"": 0.0}, ""DEGRADED"": {""proposed"": 0, ""ALLOW"": 0.0, ""DENY"": 0.0, ""DEFER"": 0.0, ""fraction_of_consequential"": 0.0}, ""PARTITIONED"": {""proposed"": 87, ""ALLOW"": 1.0, ""DENY"": 0.0, ""DEFER"": 0.0, ""fraction_of_consequential"": 0.9775280898876404}, ""ISOLATED"": {""proposed"": 0, ""ALLOW"": 0.0, ""DENY"": 0.0, ""DEFER"": 0.0, ""fraction_of_consequential"": 0.0}, ""RECOVERING"": {""proposed"": 2, ""ALLOW"": 1.0, ""DENY"": 0.0, ""DEFER"": 0.0, ""fraction_of_consequential"": 0.02247191011235955}}",b0d804b41d6f708612dc345c3e165ef89bc8bd77,af01ae1c499e94c2
B5_permissive,paper_ssp_200m_strong_v1,150,150.0,0,tr_41578464d64c_gpu,-117.08815,-63.08815,9,"{""conflicting_task_ownership"": 0, ""duplicate_execution"": 0, ""contradictory_reassignment"": 1, ""incompatible_mission_state"": 4, ""inconsistent_anomaly_state"": 4}",1.0,0.9325842696629213,0.9325842696629213,0.0,0,15936,15936,timeout,40.0,"{""ALLOW_LOW_RISK"": 751, ""ALLOW_AUTHORIZED"": 89}","{""fresh"": 9, ""aging"": 17, ""stale"": 34, ""hard_expired"": 29}","{""fresh"": {""proposed"": 9, ""ALLOW"": 9, ""DENY"": 0, ""DEFER"": 0, ""fraction_of_consequential"": 0.10112359550561797}, ""aging"": {""proposed"": 17, ""ALLOW"": 17, ""DENY"": 0, ""DEFER"": 0, ""fraction_of_consequential"": 0.19101123595505617}, ""stale"": {""proposed"": 34, ""ALLOW"": 34, ""DENY"": 0, ""DEFER"": 0, ""fraction_of_consequential"": 0.38202247191011235}, ""hard_expired"": {""proposed"": 29, ""ALLOW"": 29, ""DENY"": 0, ""DEFER"": 0, ""fraction_of_consequential"": 0.3258426966292135}}","{""CONNECTED"": {""proposed"": 0, ""ALLOW"": 0.0, ""DENY"": 0.0, ""DEFER"": 0.0, ""fraction_of_consequential"": 0.0}, ""DEGRADED"": {""proposed"": 0, ""ALLOW"": 0.0, ""DENY"": 0.0, ""DEFER"": 0.0, ""fraction_of_consequential"": 0.0}, ""PARTITIONED"": {""proposed"": 87, ""ALLOW"": 1.0, ""DENY"": 0.0, ""DEFER"": 0.0, ""fraction_of_consequential"": 0.9775280898876404}, ""ISOLATED"": {""proposed"": 0, ""ALLOW"": 0.0, ""DENY"": 0.0, ""DEFER"": 0.0, ""fraction_of_consequential"": 0.0}, ""RECOVERING"": {""proposed"": 2, ""ALLOW"": 1.0, ""DENY"": 0.0, ""DEFER"": 0.0, ""fraction_of_consequential"": 0.02247191011235955}}",b0d804b41d6f708612dc345c3e165ef89bc8bd77,af01ae1c499e94c2
B1,paper_ssp_200m_strong_v1,300,300.0,0,tr_41578464d64c_gpu,-30.0303,-30.0303,0,"{""conflicting_task_ownership"": 0, ""duplicate_execution"": 0, ""contradictory_reassignment"": 0, ""incompatible_mission_state"": 0, ""inconsistent_anomaly_state"": 0}",0.0,0.0,0.0,0.0,0,15936,15936,timeout,40.0,"{""ALLOW_LOW_RISK"": 312, ""DENY_SUPERVISOR_UNREACHABLE"": 360, ""DENY_FORBIDDEN"": 168}","{""fresh"": 39, ""aging"": 57, ""stale"": 132, ""hard_expired"": 132}","{""fresh"": {""proposed"": 39, ""ALLOW"": 0, ""DENY"": 39, ""DEFER"": 0, ""fraction_of_consequential"": 0.10833333333333334}, ""aging"": {""proposed"": 57, ""ALLOW"": 0, ""DENY"": 57, ""DEFER"": 0, ""fraction_of_consequential"": 0.15833333333333333}, ""stale"": {""proposed"": 132, ""ALLOW"": 0, ""DENY"": 132, ""DEFER"": 0, ""fraction_of_consequential"": 0.36666666666666664}, ""hard_expired"": {""proposed"": 132, ""ALLOW"": 0, ""DENY"": 132, ""DEFER"": 0, ""fraction_of_consequential"": 0.36666666666666664}}","{""CONNECTED"": {""proposed"": 0, ""ALLOW"": 0.0, ""DENY"": 0.0, ""DEFER"": 0.0, ""fraction_of_consequential"": 0.0}, ""DEGRADED"": {""proposed"": 0, ""ALLOW"": 0.0, ""DENY"": 0.0, ""DEFER"": 0.0, ""fraction_of_consequential"": 0.0}, ""PARTITIONED"": {""proposed"": 350, ""ALLOW"": 0.0, ""DENY"": 1.0, ""DEFER"": 0.0, ""fraction_of_consequential"": 0.9722222222222222}, ""ISOLATED"": {""proposed"": 0, ""ALLOW"": 0.0, ""DENY"": 0.0, ""DEFER"": 0.0, ""fraction_of_consequential"": 0.0}, ""RECOVERING"": {""proposed"": 10, ""ALLOW"": 0.0, ""DENY"": 1.0, ""DEFER"": 0.0, ""fraction_of_consequential"": 0.027777777777777776}}",b0d804b41d6f708612dc345c3e165ef89bc8bd77,f3626332ed600c83
B2,paper_ssp_200m_strong_v1,300,300.0,0,tr_41578464d64c_gpu,-117.08815,-63.08815,9,"{""conflicting_task_ownership"": 0, ""duplicate_execution"": 0, ""contradictory_reassignment"": 1, ""incompatible_mission_state"": 4, ""inconsistent_anomaly_state"": 4}",1.0,0.9325842696629213,0.9325842696629213,0.0,0,15936,15936,timeout,40.0,"{""ALLOW_AUTHORIZED"": 840}","{""fresh"": 9, ""aging"": 17, ""stale"": 34, ""hard_expired"": 29}","{""fresh"": {""proposed"": 9, ""ALLOW"": 9, ""DENY"": 0, ""DEFER"": 0, ""fraction_of_consequential"": 0.10112359550561797}, ""aging"": {""proposed"": 17, ""ALLOW"": 17, ""DENY"": 0, ""DEFER"": 0, ""fraction_of_consequential"": 0.19101123595505617}, ""stale"": {""proposed"": 34, ""ALLOW"": 34, ""DENY"": 0, ""DEFER"": 0, ""fraction_of_consequential"": 0.38202247191011235}, ""hard_expired"": {""proposed"": 29, ""ALLOW"": 29, ""DENY"": 0, ""DEFER"": 0, ""fraction_of_consequential"": 0.3258426966292135}}","{""CONNECTED"": {""proposed"": 0, ""ALLOW"": 0.0, ""DENY"": 0.0, ""DEFER"": 0.0, ""fraction_of_consequential"": 0.0}, ""DEGRADED"": {""proposed"": 0, ""ALLOW"": 0.0, ""DENY"": 0.0, ""DEFER"": 0.0, ""fraction_of_consequential"": 0.0}, ""PARTITIONED"": {""proposed"": 87, ""ALLOW"": 1.0, ""DENY"": 0.0, ""DEFER"": 0.0, ""fraction_of_consequential"": 0.9775280898876404}, ""ISOLATED"": {""proposed"": 0, ""ALLOW"": 0.0, ""DENY"": 0.0, ""DEFER"": 0.0, ""fraction_of_consequential"": 0.0}, ""RECOVERING"": {""proposed"": 2, ""ALLOW"": 1.0, ""DENY"": 0.0, ""DEFER"": 0.0, ""fraction_of_consequential"": 0.02247191011235955}}",b0d804b41d6f708612dc345c3e165ef89bc8bd77,f3626332ed600c83
B3,paper_ssp_200m_strong_v1,300,300.0,0,tr_41578464d64c_gpu,-30.0446,-30.0446,0,"{""conflicting_task_ownership"": 0, ""duplicate_execution"": 0, ""contradictory_reassignment"": 0, ""incompatible_mission_state"": 0, ""inconsistent_anomaly_state"": 0}",0.0,0.0,0.0,0.0,0,15936,15936,timeout,40.0,"{""ALLOW_LOW_RISK"": 480, ""DENY_STATIC_BOUND"": 360}","{""fresh"": 39, ""aging"": 57, ""stale"": 132, ""hard_expired"": 132}","{""fresh"": {""proposed"": 39, ""ALLOW"": 0, ""DENY"": 39, ""DEFER"": 0, ""fraction_of_consequential"": 0.10833333333333334}, ""aging"": {""proposed"": 57, ""ALLOW"": 0, ""DENY"": 57, ""DEFER"": 0, ""fraction_of_consequential"": 0.15833333333333333}, ""stale"": {""proposed"": 132, ""ALLOW"": 0, ""DENY"": 132, ""DEFER"": 0, ""fraction_of_consequential"": 0.36666666666666664}, ""hard_expired"": {""proposed"": 132, ""ALLOW"": 0, ""DENY"": 132, ""DEFER"": 0, ""fraction_of_consequential"": 0.36666666666666664}}","{""CONNECTED"": {""proposed"": 0, ""ALLOW"": 0.0, ""DENY"": 0.0, ""DEFER"": 0.0, ""fraction_of_consequential"": 0.0}, ""DEGRADED"": {""proposed"": 0, ""ALLOW"": 0.0, ""DENY"": 0.0, ""DEFER"": 0.0, ""fraction_of_consequential"": 0.0}, ""PARTITIONED"": {""proposed"": 350, ""ALLOW"": 0.0, ""DENY"": 1.0, ""DEFER"": 0.0, ""fraction_of_consequential"": 0.9722222222222222}, ""ISOLATED"": {""proposed"": 0, ""ALLOW"": 0.0, ""DENY"": 0.0, ""DEFER"": 0.0, ""fraction_of_consequential"": 0.0}, ""RECOVERING"": {""proposed"": 10, ""ALLOW"": 0.0, ""DENY"": 1.0, ""DEFER"": 0.0, ""fraction_of_consequential"": 0.027777777777777776}}",b0d804b41d6f708612dc345c3e165ef89bc8bd77,f3626332ed600c83
B4,paper_ssp_200m_strong_v1,300,300.0,0,tr_41578464d64c_gpu,47.9442,53.9442,1,"{""conflicting_task_ownership"": 0, ""duplicate_execution"": 0, ""contradictory_reassignment"": 0, ""incompatible_mission_state"": 1, ""inconsistent_anomaly_state"": 0}",0.08823529411764706,0.0784313725490196,0.8888888888888888,0.0,0,15936,15936,timeout,40.0,"{""ALLOW_LOW_RISK"": 474, ""ALLOW_AUTHORIZED"": 9, ""DENY_FORBIDDEN"": 319, ""DENY_RECOVERING_HARD_SAFETY"": 2, ""DENY_HARD_EXPIRY"": 36}","{""fresh"": 9, ""aging"": 17, ""stale"": 40, ""hard_expired"": 36}","{""fresh"": {""proposed"": 9, ""ALLOW"": 9, ""DENY"": 0, ""DEFER"": 0, ""fraction_of_consequential"": 0.08823529411764706}, ""aging"": {""proposed"": 17, ""ALLOW"": 0, ""DENY"": 17, ""DEFER"": 0, ""fraction_of_consequential"": 0.16666666666666666}, ""stale"": {""proposed"": 40, ""ALLOW"": 0, ""DENY"": 40, ""DEFER"": 0, ""fraction_of_consequential"": 0.39215686274509803}, ""hard_expired"": {""proposed"": 36, ""ALLOW"": 0, ""DENY"": 36, ""DEFER"": 0, ""fraction_of_consequential"": 0.35294117647058826}}","{""CONNECTED"": {""proposed"": 0, ""ALLOW"": 0.0, ""DENY"": 0.0, ""DEFER"": 0.0, ""fraction_of_consequential"": 0.0}, ""DEGRADED"": {""proposed"": 0, ""ALLOW"": 0.0, ""DENY"": 0.0, ""DEFER"": 0.0, ""fraction_of_consequential"": 0.0}, ""PARTITIONED"": {""proposed"": 100, ""ALLOW"": 0.09, ""DENY"": 0.91, ""DEFER"": 0.0, ""fraction_of_consequential"": 0.9803921568627451}, ""ISOLATED"": {""proposed"": 0, ""ALLOW"": 0.0, ""DENY"": 0.0, ""DEFER"": 0.0, ""fraction_of_consequential"": 0.0}, ""RECOVERING"": {""proposed"": 2, ""ALLOW"": 0.0, ""DENY"": 1.0, ""DEFER"": 0.0, ""fraction_of_consequential"": 0.0196078431372549}}",b0d804b41d6f708612dc345c3e165ef89bc8bd77,f3626332ed600c83
B5_conservative,paper_ssp_200m_strong_v1,300,300.0,0,tr_41578464d64c_gpu,-30.0446,-30.0446,0,"{""conflicting_task_ownership"": 0, ""duplicate_execution"": 0, ""contradictory_reassignment"": 0, ""incompatible_mission_state"": 0, ""inconsistent_anomaly_state"": 0}",0.0,0.0,0.0,0.0,0,15936,15936,timeout,40.0,"{""ALLOW_LOW_RISK"": 480, ""DENY_CONNECTIVITY_POLICY"": 360}","{""fresh"": 39, ""aging"": 57, ""stale"": 132, ""hard_expired"": 132}","{""fresh"": {""proposed"": 39, ""ALLOW"": 0, ""DENY"": 39, ""DEFER"": 0, ""fraction_of_consequential"": 0.10833333333333334}, ""aging"": {""proposed"": 57, ""ALLOW"": 0, ""DENY"": 57, ""DEFER"": 0, ""fraction_of_consequential"": 0.15833333333333333}, ""stale"": {""proposed"": 132, ""ALLOW"": 0, ""DENY"": 132, ""DEFER"": 0, ""fraction_of_consequential"": 0.36666666666666664}, ""hard_expired"": {""proposed"": 132, ""ALLOW"": 0, ""DENY"": 132, ""DEFER"": 0, ""fraction_of_consequential"": 0.36666666666666664}}","{""CONNECTED"": {""proposed"": 0, ""ALLOW"": 0.0, ""DENY"": 0.0, ""DEFER"": 0.0, ""fraction_of_consequential"": 0.0}, ""DEGRADED"": {""proposed"": 0, ""ALLOW"": 0.0, ""DENY"": 0.0, ""DEFER"": 0.0, ""fraction_of_consequential"": 0.0}, ""PARTITIONED"": {""proposed"": 350, ""ALLOW"": 0.0, ""DENY"": 1.0, ""DEFER"": 0.0, ""fraction_of_consequential"": 0.9722222222222222}, ""ISOLATED"": {""proposed"": 0, ""ALLOW"": 0.0, ""DENY"": 0.0, ""DEFER"": 0.0, ""fraction_of_consequential"": 0.0}, ""RECOVERING"": {""proposed"": 10, ""ALLOW"": 0.0, ""DENY"": 1.0, ""DEFER"": 0.0, ""fraction_of_consequential"": 0.027777777777777776}}",b0d804b41d6f708612dc345c3e165ef89bc8bd77,f3626332ed600c83
B5_nominal,paper_ssp_200m_strong_v1,300,300.0,0,tr_41578464d64c_gpu,-117.08815,-63.08815,9,"{""conflicting_task_ownership"": 0, ""duplicate_execution"": 0, ""contradictory_reassignment"": 1, ""incompatible_mission_state"": 4, ""inconsistent_anomaly_state"": 4}",1.0,0.9325842696629213,0.9325842696629213,0.0,0,15936,15936,timeout,40.0,"{""ALLOW_LOW_RISK"": 751, ""ALLOW_AUTHORIZED"": 89}","{""fresh"": 9, ""aging"": 17, ""stale"": 34, ""hard_expired"": 29}","{""fresh"": {""proposed"": 9, ""ALLOW"": 9, ""DENY"": 0, ""DEFER"": 0, ""fraction_of_consequential"": 0.10112359550561797}, ""aging"": {""proposed"": 17, ""ALLOW"": 17, ""DENY"": 0, ""DEFER"": 0, ""fraction_of_consequential"": 0.19101123595505617}, ""stale"": {""proposed"": 34, ""ALLOW"": 34, ""DENY"": 0, ""DEFER"": 0, ""fraction_of_consequential"": 0.38202247191011235}, ""hard_expired"": {""proposed"": 29, ""ALLOW"": 29, ""DENY"": 0, ""DEFER"": 0, ""fraction_of_consequential"": 0.3258426966292135}}","{""CONNECTED"": {""proposed"": 0, ""ALLOW"": 0.0, ""DENY"": 0.0, ""DEFER"": 0.0, ""fraction_of_consequential"": 0.0}, ""DEGRADED"": {""proposed"": 0, ""ALLOW"": 0.0, ""DENY"": 0.0, ""DEFER"": 0.0, ""fraction_of_consequential"": 0.0}, ""PARTITIONED"": {""proposed"": 87, ""ALLOW"": 1.0, ""DENY"": 0.0, ""DEFER"": 0.0, ""fraction_of_consequential"": 0.9775280898876404}, ""ISOLATED"": {""proposed"": 0, ""ALLOW"": 0.0, ""DENY"": 0.0, ""DEFER"": 0.0, ""fraction_of_consequential"": 0.0}, ""RECOVERING"": {""proposed"": 2, ""ALLOW"": 1.0, ""DENY"": 0.0, ""DEFER"": 0.0, ""fraction_of_consequential"": 0.02247191011235955}}",b0d804b41d6f708612dc345c3e165ef89bc8bd77,f3626332ed600c83
B5_permissive,paper_ssp_200m_strong_v1,300,300.0,0,tr_41578464d64c_gpu,-117.08815,-63.08815,9,"{""conflicting_task_ownership"": 0, ""duplicate_execution"": 0, ""contradictory_reassignment"": 1, ""incompatible_mission_state"": 4, ""inconsistent_anomaly_state"": 4}",1.0,0.9325842696629213,0.9325842696629213,0.0,0,15936,15936,timeout,40.0,"{""ALLOW_LOW_RISK"": 751, ""ALLOW_AUTHORIZED"": 89}","{""fresh"": 9, ""aging"": 17, ""stale"": 34, ""hard_expired"": 29}","{""fresh"": {""proposed"": 9, ""ALLOW"": 9, ""DENY"": 0, ""DEFER"": 0, ""fraction_of_consequential"": 0.10112359550561797}, ""aging"": {""proposed"": 17, ""ALLOW"": 17, ""DENY"": 0, ""DEFER"": 0, ""fraction_of_consequential"": 0.19101123595505617}, ""stale"": {""proposed"": 34, ""ALLOW"": 34, ""DENY"": 0, ""DEFER"": 0, ""fraction_of_consequential"": 0.38202247191011235}, ""hard_expired"": {""proposed"": 29, ""ALLOW"": 29, ""DENY"": 0, ""DEFER"": 0, ""fraction_of_consequential"": 0.3258426966292135}}","{""CONNECTED"": {""proposed"": 0, ""ALLOW"": 0.0, ""DENY"": 0.0, ""DEFER"": 0.0, ""fraction_of_consequential"": 0.0}, ""DEGRADED"": {""proposed"": 0, ""ALLOW"": 0.0, ""DENY"": 0.0, ""DEFER"": 0.0, ""fraction_of_consequential"": 0.0}, ""PARTITIONED"": {""proposed"": 87, ""ALLOW"": 1.0, ""DENY"": 0.0, ""DEFER"": 0.0, ""fraction_of_consequential"": 0.9775280898876404}, ""ISOLATED"": {""proposed"": 0, ""ALLOW"": 0.0, ""DENY"": 0.0, ""DEFER"": 0.0, ""fraction_of_consequential"": 0.0}, ""RECOVERING"": {""proposed"": 2, ""ALLOW"": 1.0, ""DENY"": 0.0, ""DEFER"": 0.0, ""fraction_of_consequential"": 0.02247191011235955}}",b0d804b41d6f708612dc345c3e165ef89bc8bd77,f3626332ed600c83
B1,paper_ssp_200m_strong_v1,500,500.0,0,tr_41578464d64c_gpu,-30.0303,-30.0303,0,"{""conflicting_task_ownership"": 0, ""duplicate_execution"": 0, ""contradictory_reassignment"": 0, ""incompatible_mission_state"": 0, ""inconsistent_anomaly_state"": 0}",0.0,0.0,0.0,0.0,0,15936,15936,timeout,40.0,"{""ALLOW_LOW_RISK"": 312, ""DENY_SUPERVISOR_UNREACHABLE"": 360, ""DENY_FORBIDDEN"": 168}","{""fresh"": 39, ""aging"": 57, ""stale"": 132, ""hard_expired"": 132}","{""fresh"": {""proposed"": 39, ""ALLOW"": 0, ""DENY"": 39, ""DEFER"": 0, ""fraction_of_consequential"": 0.10833333333333334}, ""aging"": {""proposed"": 57, ""ALLOW"": 0, ""DENY"": 57, ""DEFER"": 0, ""fraction_of_consequential"": 0.15833333333333333}, ""stale"": {""proposed"": 132, ""ALLOW"": 0, ""DENY"": 132, ""DEFER"": 0, ""fraction_of_consequential"": 0.36666666666666664}, ""hard_expired"": {""proposed"": 132, ""ALLOW"": 0, ""DENY"": 132, ""DEFER"": 0, ""fraction_of_consequential"": 0.36666666666666664}}","{""CONNECTED"": {""proposed"": 0, ""ALLOW"": 0.0, ""DENY"": 0.0, ""DEFER"": 0.0, ""fraction_of_consequential"": 0.0}, ""DEGRADED"": {""proposed"": 0, ""ALLOW"": 0.0, ""DENY"": 0.0, ""DEFER"": 0.0, ""fraction_of_consequential"": 0.0}, ""PARTITIONED"": {""proposed"": 349, ""ALLOW"": 0.0, ""DENY"": 1.0, ""DEFER"": 0.0, ""fraction_of_consequential"": 0.9694444444444444}, ""ISOLATED"": {""proposed"": 0, ""ALLOW"": 0.0, ""DENY"": 0.0, ""DEFER"": 0.0, ""fraction_of_consequential"": 0.0}, ""RECOVERING"": {""proposed"": 11, ""ALLOW"": 0.0, ""DENY"": 1.0, ""DEFER"": 0.0, ""fraction_of_consequential"": 0.030555555555555555}}",b0d804b41d6f708612dc345c3e165ef89bc8bd77,679ced4444f46a3a
B2,paper_ssp_200m_strong_v1,500,500.0,0,tr_41578464d64c_gpu,-117.08815,-63.08815,9,"{""conflicting_task_ownership"": 0, ""duplicate_execution"": 0, ""contradictory_reassignment"": 1, ""incompatible_mission_state"": 4, ""inconsistent_anomaly_state"": 4}",1.0,0.9325842696629213,0.9325842696629213,0.0,0,15936,15936,timeout,40.0,"{""ALLOW_AUTHORIZED"": 840}","{""fresh"": 9, ""aging"": 17, ""stale"": 34, ""hard_expired"": 29}","{""fresh"": {""proposed"": 9, ""ALLOW"": 9, ""DENY"": 0, ""DEFER"": 0, ""fraction_of_consequential"": 0.10112359550561797}, ""aging"": {""proposed"": 17, ""ALLOW"": 17, ""DENY"": 0, ""DEFER"": 0, ""fraction_of_consequential"": 0.19101123595505617}, ""stale"": {""proposed"": 34, ""ALLOW"": 34, ""DENY"": 0, ""DEFER"": 0, ""fraction_of_consequential"": 0.38202247191011235}, ""hard_expired"": {""proposed"": 29, ""ALLOW"": 29, ""DENY"": 0, ""DEFER"": 0, ""fraction_of_consequential"": 0.3258426966292135}}","{""CONNECTED"": {""proposed"": 0, ""ALLOW"": 0.0, ""DENY"": 0.0, ""DEFER"": 0.0, ""fraction_of_consequential"": 0.0}, ""DEGRADED"": {""proposed"": 0, ""ALLOW"": 0.0, ""DENY"": 0.0, ""DEFER"": 0.0, ""fraction_of_consequential"": 0.0}, ""PARTITIONED"": {""proposed"": 87, ""ALLOW"": 1.0, ""DENY"": 0.0, ""DEFER"": 0.0, ""fraction_of_consequential"": 0.9775280898876404}, ""ISOLATED"": {""proposed"": 0, ""ALLOW"": 0.0, ""DENY"": 0.0, ""DEFER"": 0.0, ""fraction_of_consequential"": 0.0}, ""RECOVERING"": {""proposed"": 2, ""ALLOW"": 1.0, ""DENY"": 0.0, ""DEFER"": 0.0, ""fraction_of_consequential"": 0.02247191011235955}}",b0d804b41d6f708612dc345c3e165ef89bc8bd77,679ced4444f46a3a
B3,paper_ssp_200m_strong_v1,500,500.0,0,tr_41578464d64c_gpu,-30.0446,-30.0446,0,"{""conflicting_task_ownership"": 0, ""duplicate_execution"": 0, ""contradictory_reassignment"": 0, ""incompatible_mission_state"": 0, ""inconsistent_anomaly_state"": 0}",0.0,0.0,0.0,0.0,0,15936,15936,timeout,40.0,"{""ALLOW_LOW_RISK"": 480, ""DENY_STATIC_BOUND"": 360}","{""fresh"": 39, ""aging"": 57, ""stale"": 132, ""hard_expired"": 132}","{""fresh"": {""proposed"": 39, ""ALLOW"": 0, ""DENY"": 39, ""DEFER"": 0, ""fraction_of_consequential"": 0.10833333333333334}, ""aging"": {""proposed"": 57, ""ALLOW"": 0, ""DENY"": 57, ""DEFER"": 0, ""fraction_of_consequential"": 0.15833333333333333}, ""stale"": {""proposed"": 132, ""ALLOW"": 0, ""DENY"": 132, ""DEFER"": 0, ""fraction_of_consequential"": 0.36666666666666664}, ""hard_expired"": {""proposed"": 132, ""ALLOW"": 0, ""DENY"": 132, ""DEFER"": 0, ""fraction_of_consequential"": 0.36666666666666664}}","{""CONNECTED"": {""proposed"": 0, ""ALLOW"": 0.0, ""DENY"": 0.0, ""DEFER"": 0.0, ""fraction_of_consequential"": 0.0}, ""DEGRADED"": {""proposed"": 0, ""ALLOW"": 0.0, ""DENY"": 0.0, ""DEFER"": 0.0, ""fraction_of_consequential"": 0.0}, ""PARTITIONED"": {""proposed"": 349, ""ALLOW"": 0.0, ""DENY"": 1.0, ""DEFER"": 0.0, ""fraction_of_consequential"": 0.9694444444444444}, ""ISOLATED"": {""proposed"": 0, ""ALLOW"": 0.0, ""DENY"": 0.0, ""DEFER"": 0.0, ""fraction_of_consequential"": 0.0}, ""RECOVERING"": {""proposed"": 11, ""ALLOW"": 0.0, ""DENY"": 1.0, ""DEFER"": 0.0, ""fraction_of_consequential"": 0.030555555555555555}}",b0d804b41d6f708612dc345c3e165ef89bc8bd77,679ced4444f46a3a
B4,paper_ssp_200m_strong_v1,500,500.0,0,tr_41578464d64c_gpu,47.9442,53.9442,1,"{""conflicting_task_ownership"": 0, ""duplicate_execution"": 0, ""contradictory_reassignment"": 0, ""incompatible_mission_state"": 1, ""inconsistent_anomaly_state"": 0}",0.08823529411764706,0.0784313725490196,0.8888888888888888,0.0,0,15936,15936,timeout,40.0,"{""ALLOW_LOW_RISK"": 474, ""ALLOW_AUTHORIZED"": 9, ""DENY_FORBIDDEN"": 318, ""DENY_RECOVERING_HARD_SAFETY"": 3, ""DENY_HARD_EXPIRY"": 36}","{""fresh"": 9, ""aging"": 17, ""stale"": 40, ""hard_expired"": 36}","{""fresh"": {""proposed"": 9, ""ALLOW"": 9, ""DENY"": 0, ""DEFER"": 0, ""fraction_of_consequential"": 0.08823529411764706}, ""aging"": {""proposed"": 17, ""ALLOW"": 0, ""DENY"": 17, ""DEFER"": 0, ""fraction_of_consequential"": 0.16666666666666666}, ""stale"": {""proposed"": 40, ""ALLOW"": 0, ""DENY"": 40, ""DEFER"": 0, ""fraction_of_consequential"": 0.39215686274509803}, ""hard_expired"": {""proposed"": 36, ""ALLOW"": 0, ""DENY"": 36, ""DEFER"": 0, ""fraction_of_consequential"": 0.35294117647058826}}","{""CONNECTED"": {""proposed"": 0, ""ALLOW"": 0.0, ""DENY"": 0.0, ""DEFER"": 0.0, ""fraction_of_consequential"": 0.0}, ""DEGRADED"": {""proposed"": 0, ""ALLOW"": 0.0, ""DENY"": 0.0, ""DEFER"": 0.0, ""fraction_of_consequential"": 0.0}, ""PARTITIONED"": {""proposed"": 99, ""ALLOW"": 0.09090909090909091, ""DENY"": 0.9090909090909091, ""DEFER"": 0.0, ""fraction_of_consequential"": 0.9705882352941176}, ""ISOLATED"": {""proposed"": 0, ""ALLOW"": 0.0, ""DENY"": 0.0, ""DEFER"": 0.0, ""fraction_of_consequential"": 0.0}, ""RECOVERING"": {""proposed"": 3, ""ALLOW"": 0.0, ""DENY"": 1.0, ""DEFER"": 0.0, ""fraction_of_consequential"": 0.029411764705882353}}",b0d804b41d6f708612dc345c3e165ef89bc8bd77,679ced4444f46a3a
B5_conservative,paper_ssp_200m_strong_v1,500,500.0,0,tr_41578464d64c_gpu,-30.0446,-30.0446,0,"{""conflicting_task_ownership"": 0, ""duplicate_execution"": 0, ""contradictory_reassignment"": 0, ""incompatible_mission_state"": 0, ""inconsistent_anomaly_state"": 0}",0.0,0.0,0.0,0.0,0,15936,15936,timeout,40.0,"{""ALLOW_LOW_RISK"": 480, ""DENY_CONNECTIVITY_POLICY"": 360}","{""fresh"": 39, ""aging"": 57, ""stale"": 132, ""hard_expired"": 132}","{""fresh"": {""proposed"": 39, ""ALLOW"": 0, ""DENY"": 39, ""DEFER"": 0, ""fraction_of_consequential"": 0.10833333333333334}, ""aging"": {""proposed"": 57, ""ALLOW"": 0, ""DENY"": 57, ""DEFER"": 0, ""fraction_of_consequential"": 0.15833333333333333}, ""stale"": {""proposed"": 132, ""ALLOW"": 0, ""DENY"": 132, ""DEFER"": 0, ""fraction_of_consequential"": 0.36666666666666664}, ""hard_expired"": {""proposed"": 132, ""ALLOW"": 0, ""DENY"": 132, ""DEFER"": 0, ""fraction_of_consequential"": 0.36666666666666664}}","{""CONNECTED"": {""proposed"": 0, ""ALLOW"": 0.0, ""DENY"": 0.0, ""DEFER"": 0.0, ""fraction_of_consequential"": 0.0}, ""DEGRADED"": {""proposed"": 0, ""ALLOW"": 0.0, ""DENY"": 0.0, ""DEFER"": 0.0, ""fraction_of_consequential"": 0.0}, ""PARTITIONED"": {""proposed"": 349, ""ALLOW"": 0.0, ""DENY"": 1.0, ""DEFER"": 0.0, ""fraction_of_consequential"": 0.9694444444444444}, ""ISOLATED"": {""proposed"": 0, ""ALLOW"": 0.0, ""DENY"": 0.0, ""DEFER"": 0.0, ""fraction_of_consequential"": 0.0}, ""RECOVERING"": {""proposed"": 11, ""ALLOW"": 0.0, ""DENY"": 1.0, ""DEFER"": 0.0, ""fraction_of_consequential"": 0.030555555555555555}}",b0d804b41d6f708612dc345c3e165ef89bc8bd77,679ced4444f46a3a
B5_nominal,paper_ssp_200m_strong_v1,500,500.0,0,tr_41578464d64c_gpu,-117.08815,-63.08815,9,"{""conflicting_task_ownership"": 0, ""duplicate_execution"": 0, ""contradictory_reassignment"": 1, ""incompatible_mission_state"": 4, ""inconsistent_anomaly_state"": 4}",1.0,0.9325842696629213,0.9325842696629213,0.0,0,15936,15936,timeout,40.0,"{""ALLOW_LOW_RISK"": 751, ""ALLOW_AUTHORIZED"": 89}","{""fresh"": 9, ""aging"": 17, ""stale"": 34, ""hard_expired"": 29}","{""fresh"": {""proposed"": 9, ""ALLOW"": 9, ""DENY"": 0, ""DEFER"": 0, ""fraction_of_consequential"": 0.10112359550561797}, ""aging"": {""proposed"": 17, ""ALLOW"": 17, ""DENY"": 0, ""DEFER"": 0, ""fraction_of_consequential"": 0.19101123595505617}, ""stale"": {""proposed"": 34, ""ALLOW"": 34, ""DENY"": 0, ""DEFER"": 0, ""fraction_of_consequential"": 0.38202247191011235}, ""hard_expired"": {""proposed"": 29, ""ALLOW"": 29, ""DENY"": 0, ""DEFER"": 0, ""fraction_of_consequential"": 0.3258426966292135}}","{""CONNECTED"": {""proposed"": 0, ""ALLOW"": 0.0, ""DENY"": 0.0, ""DEFER"": 0.0, ""fraction_of_consequential"": 0.0}, ""DEGRADED"": {""proposed"": 0, ""ALLOW"": 0.0, ""DENY"": 0.0, ""DEFER"": 0.0, ""fraction_of_consequential"": 0.0}, ""PARTITIONED"": {""proposed"": 87, ""ALLOW"": 1.0, ""DENY"": 0.0, ""DEFER"": 0.0, ""fraction_of_consequential"": 0.9775280898876404}, ""ISOLATED"": {""proposed"": 0, ""ALLOW"": 0.0, ""DENY"": 0.0, ""DEFER"": 0.0, ""fraction_of_consequential"": 0.0}, ""RECOVERING"": {""proposed"": 2, ""ALLOW"": 1.0, ""DENY"": 0.0, ""DEFER"": 0.0, ""fraction_of_consequential"": 0.02247191011235955}}",b0d804b41d6f708612dc345c3e165ef89bc8bd77,679ced4444f46a3a
B5_permissive,paper_ssp_200m_strong_v1,500,500.0,0,tr_41578464d64c_gpu,-117.08815,-63.08815,9,"{""conflicting_task_ownership"": 0, ""duplicate_execution"": 0, ""contradictory_reassignment"": 1, ""incompatible_mission_state"": 4, ""inconsistent_anomaly_state"": 4}",1.0,0.9325842696629213,0.9325842696629213,0.0,0,15936,15936,timeout,40.0,"{""ALLOW_LOW_RISK"": 751, ""ALLOW_AUTHORIZED"": 89}","{""fresh"": 9, ""aging"": 17, ""stale"": 34, ""hard_expired"": 29}","{""fresh"": {""proposed"": 9, ""ALLOW"": 9, ""DENY"": 0, ""DEFER"": 0, ""fraction_of_consequential"": 0.10112359550561797}, ""aging"": {""proposed"": 17, ""ALLOW"": 17, ""DENY"": 0, ""DEFER"": 0, ""fraction_of_consequential"": 0.19101123595505617}, ""stale"": {""proposed"": 34, ""ALLOW"": 34, ""DENY"": 0, ""DEFER"": 0, ""fraction_of_consequential"": 0.38202247191011235}, ""hard_expired"": {""proposed"": 29, ""ALLOW"": 29, ""DENY"": 0, ""DEFER"": 0, ""fraction_of_consequential"": 0.3258426966292135}}","{""CONNECTED"": {""proposed"": 0, ""ALLOW"": 0.0, ""DENY"": 0.0, ""DEFER"": 0.0, ""fraction_of_consequential"": 0.0}, ""DEGRADED"": {""proposed"": 0, ""ALLOW"": 0.0, ""DENY"": 0.0, ""DEFER"": 0.0, ""fraction_of_consequential"": 0.0}, ""PARTITIONED"": {""proposed"": 87, ""ALLOW"": 1.0, ""DENY"": 0.0, ""DEFER"": 0.0, ""fraction_of_consequential"": 0.9775280898876404}, ""ISOLATED"": {""proposed"": 0, ""ALLOW"": 0.0, ""DENY"": 0.0, ""DEFER"": 0.0, ""fraction_of_consequential"": 0.0}, ""RECOVERING"": {""proposed"": 2, ""ALLOW"": 1.0, ""DENY"": 0.0, ""DEFER"": 0.0, ""fraction_of_consequential"": 0.02247191011235955}}",b0d804b41d6f708612dc345c3e165ef89bc8bd77,679ced4444f46a3a
B1,paper_ssp_200m_strong_v1,750,750.0,0,tr_41578464d64c_gpu,-30.0303,-30.0303,0,"{""conflicting_task_ownership"": 0, ""duplicate_execution"": 0, ""contradictory_reassignment"": 0, ""incompatible_mission_state"": 0, ""inconsistent_anomaly_state"": 0}",0.0,0.0,0.0,0.0,0,15936,15936,timeout,40.0,"{""ALLOW_LOW_RISK"": 312, ""DENY_SUPERVISOR_UNREACHABLE"": 360, ""DENY_FORBIDDEN"": 168}","{""fresh"": 39, ""aging"": 57, ""stale"": 132, ""hard_expired"": 132}","{""fresh"": {""proposed"": 39, ""ALLOW"": 0, ""DENY"": 39, ""DEFER"": 0, ""fraction_of_consequential"": 0.10833333333333334}, ""aging"": {""proposed"": 57, ""ALLOW"": 0, ""DENY"": 57, ""DEFER"": 0, ""fraction_of_consequential"": 0.15833333333333333}, ""stale"": {""proposed"": 132, ""ALLOW"": 0, ""DENY"": 132, ""DEFER"": 0, ""fraction_of_consequential"": 0.36666666666666664}, ""hard_expired"": {""proposed"": 132, ""ALLOW"": 0, ""DENY"": 132, ""DEFER"": 0, ""fraction_of_consequential"": 0.36666666666666664}}","{""CONNECTED"": {""proposed"": 0, ""ALLOW"": 0.0, ""DENY"": 0.0, ""DEFER"": 0.0, ""fraction_of_consequential"": 0.0}, ""DEGRADED"": {""proposed"": 0, ""ALLOW"": 0.0, ""DENY"": 0.0, ""DEFER"": 0.0, ""fraction_of_consequential"": 0.0}, ""PARTITIONED"": {""proposed"": 349, ""ALLOW"": 0.0, ""DENY"": 1.0, ""DEFER"": 0.0, ""fraction_of_consequential"": 0.9694444444444444}, ""ISOLATED"": {""proposed"": 0, ""ALLOW"": 0.0, ""DENY"": 0.0, ""DEFER"": 0.0, ""fraction_of_consequential"": 0.0}, ""RECOVERING"": {""proposed"": 11, ""ALLOW"": 0.0, ""DENY"": 1.0, ""DEFER"": 0.0, ""fraction_of_consequential"": 0.030555555555555555}}",b0d804b41d6f708612dc345c3e165ef89bc8bd77,dfb53ca48cbf3ecc
B2,paper_ssp_200m_strong_v1,750,750.0,0,tr_41578464d64c_gpu,-117.08815,-63.08815,9,"{""conflicting_task_ownership"": 0, ""duplicate_execution"": 0, ""contradictory_reassignment"": 1, ""incompatible_mission_state"": 4, ""inconsistent_anomaly_state"": 4}",1.0,0.9325842696629213,0.9325842696629213,0.0,0,15936,15936,timeout,40.0,"{""ALLOW_AUTHORIZED"": 840}","{""fresh"": 9, ""aging"": 17, ""stale"": 34, ""hard_expired"": 29}","{""fresh"": {""proposed"": 9, ""ALLOW"": 9, ""DENY"": 0, ""DEFER"": 0, ""fraction_of_consequential"": 0.10112359550561797}, ""aging"": {""proposed"": 17, ""ALLOW"": 17, ""DENY"": 0, ""DEFER"": 0, ""fraction_of_consequential"": 0.19101123595505617}, ""stale"": {""proposed"": 34, ""ALLOW"": 34, ""DENY"": 0, ""DEFER"": 0, ""fraction_of_consequential"": 0.38202247191011235}, ""hard_expired"": {""proposed"": 29, ""ALLOW"": 29, ""DENY"": 0, ""DEFER"": 0, ""fraction_of_consequential"": 0.3258426966292135}}","{""CONNECTED"": {""proposed"": 0, ""ALLOW"": 0.0, ""DENY"": 0.0, ""DEFER"": 0.0, ""fraction_of_consequential"": 0.0}, ""DEGRADED"": {""proposed"": 0, ""ALLOW"": 0.0, ""DENY"": 0.0, ""DEFER"": 0.0, ""fraction_of_consequential"": 0.0}, ""PARTITIONED"": {""proposed"": 87, ""ALLOW"": 1.0, ""DENY"": 0.0, ""DEFER"": 0.0, ""fraction_of_consequential"": 0.9775280898876404}, ""ISOLATED"": {""proposed"": 0, ""ALLOW"": 0.0, ""DENY"": 0.0, ""DEFER"": 0.0, ""fraction_of_consequential"": 0.0}, ""RECOVERING"": {""proposed"": 2, ""ALLOW"": 1.0, ""DENY"": 0.0, ""DEFER"": 0.0, ""fraction_of_consequential"": 0.02247191011235955}}",b0d804b41d6f708612dc345c3e165ef89bc8bd77,dfb53ca48cbf3ecc
B3,paper_ssp_200m_strong_v1,750,750.0,0,tr_41578464d64c_gpu,-30.0446,-30.0446,0,"{""conflicting_task_ownership"": 0, ""duplicate_execution"": 0, ""contradictory_reassignment"": 0, ""incompatible_mission_state"": 0, ""inconsistent_anomaly_state"": 0}",0.0,0.0,0.0,0.0,0,15936,15936,timeout,40.0,"{""ALLOW_LOW_RISK"": 480, ""DENY_STATIC_BOUND"": 360}","{""fresh"": 39, ""aging"": 57, ""stale"": 132, ""hard_expired"": 132}","{""fresh"": {""proposed"": 39, ""ALLOW"": 0, ""DENY"": 39, ""DEFER"": 0, ""fraction_of_consequential"": 0.10833333333333334}, ""aging"": {""proposed"": 57, ""ALLOW"": 0, ""DENY"": 57, ""DEFER"": 0, ""fraction_of_consequential"": 0.15833333333333333}, ""stale"": {""proposed"": 132, ""ALLOW"": 0, ""DENY"": 132, ""DEFER"": 0, ""fraction_of_consequential"": 0.36666666666666664}, ""hard_expired"": {""proposed"": 132, ""ALLOW"": 0, ""DENY"": 132, ""DEFER"": 0, ""fraction_of_consequential"": 0.36666666666666664}}","{""CONNECTED"": {""proposed"": 0, ""ALLOW"": 0.0, ""DENY"": 0.0, ""DEFER"": 0.0, ""fraction_of_consequential"": 0.0}, ""DEGRADED"": {""proposed"": 0, ""ALLOW"": 0.0, ""DENY"": 0.0, ""DEFER"": 0.0, ""fraction_of_consequential"": 0.0}, ""PARTITIONED"": {""proposed"": 349, ""ALLOW"": 0.0, ""DENY"": 1.0, ""DEFER"": 0.0, ""fraction_of_consequential"": 0.9694444444444444}, ""ISOLATED"": {""proposed"": 0, ""ALLOW"": 0.0, ""DENY"": 0.0, ""DEFER"": 0.0, ""fraction_of_consequential"": 0.0}, ""RECOVERING"": {""proposed"": 11, ""ALLOW"": 0.0, ""DENY"": 1.0, ""DEFER"": 0.0, ""fraction_of_consequential"": 0.030555555555555555}}",b0d804b41d6f708612dc345c3e165ef89bc8bd77,dfb53ca48cbf3ecc
B4,paper_ssp_200m_strong_v1,750,750.0,0,tr_41578464d64c_gpu,47.9442,53.9442,1,"{""conflicting_task_ownership"": 0, ""duplicate_execution"": 0, ""contradictory_reassignment"": 0, ""incompatible_mission_state"": 1, ""inconsistent_anomaly_state"": 0}",0.08823529411764706,0.0784313725490196,0.8888888888888888,0.0,0,15936,15936,timeout,40.0,"{""ALLOW_LOW_RISK"": 474, ""ALLOW_AUTHORIZED"": 9, ""DENY_FORBIDDEN"": 321, ""DENY_HARD_EXPIRY"": 33, ""DENY_RECOVERING_HARD_SAFETY"": 3}","{""fresh"": 9, ""aging"": 17, ""stale"": 40, ""hard_expired"": 36}","{""fresh"": {""proposed"": 9, ""ALLOW"": 9, ""DENY"": 0, ""DEFER"": 0, ""fraction_of_consequential"": 0.08823529411764706}, ""aging"": {""proposed"": 17, ""ALLOW"": 0, ""DENY"": 17, ""DEFER"": 0, ""fraction_of_consequential"": 0.16666666666666666}, ""stale"": {""proposed"": 40, ""ALLOW"": 0, ""DENY"": 40, ""DEFER"": 0, ""fraction_of_consequential"": 0.39215686274509803}, ""hard_expired"": {""proposed"": 36, ""ALLOW"": 0, ""DENY"": 36, ""DEFER"": 0, ""fraction_of_consequential"": 0.35294117647058826}}","{""CONNECTED"": {""proposed"": 0, ""ALLOW"": 0.0, ""DENY"": 0.0, ""DEFER"": 0.0, ""fraction_of_consequential"": 0.0}, ""DEGRADED"": {""proposed"": 0, ""ALLOW"": 0.0, ""DENY"": 0.0, ""DEFER"": 0.0, ""fraction_of_consequential"": 0.0}, ""PARTITIONED"": {""proposed"": 99, ""ALLOW"": 0.09090909090909091, ""DENY"": 0.9090909090909091, ""DEFER"": 0.0, ""fraction_of_consequential"": 0.9705882352941176}, ""ISOLATED"": {""proposed"": 0, ""ALLOW"": 0.0, ""DENY"": 0.0, ""DEFER"": 0.0, ""fraction_of_consequential"": 0.0}, ""RECOVERING"": {""proposed"": 3, ""ALLOW"": 0.0, ""DENY"": 1.0, ""DEFER"": 0.0, ""fraction_of_consequential"": 0.029411764705882353}}",b0d804b41d6f708612dc345c3e165ef89bc8bd77,dfb53ca48cbf3ecc
B5_conservative,paper_ssp_200m_strong_v1,750,750.0,0,tr_41578464d64c_gpu,-30.0446,-30.0446,0,"{""conflicting_task_ownership"": 0, ""duplicate_execution"": 0, ""contradictory_reassignment"": 0, ""incompatible_mission_state"": 0, ""inconsistent_anomaly_state"": 0}",0.0,0.0,0.0,0.0,0,15936,15936,timeout,40.0,"{""ALLOW_LOW_RISK"": 480, ""DENY_CONNECTIVITY_POLICY"": 360}","{""fresh"": 39, ""aging"": 57, ""stale"": 132, ""hard_expired"": 132}","{""fresh"": {""proposed"": 39, ""ALLOW"": 0, ""DENY"": 39, ""DEFER"": 0, ""fraction_of_consequential"": 0.10833333333333334}, ""aging"": {""proposed"": 57, ""ALLOW"": 0, ""DENY"": 57, ""DEFER"": 0, ""fraction_of_consequential"": 0.15833333333333333}, ""stale"": {""proposed"": 132, ""ALLOW"": 0, ""DENY"": 132, ""DEFER"": 0, ""fraction_of_consequential"": 0.36666666666666664}, ""hard_expired"": {""proposed"": 132, ""ALLOW"": 0, ""DENY"": 132, ""DEFER"": 0, ""fraction_of_consequential"": 0.36666666666666664}}","{""CONNECTED"": {""proposed"": 0, ""ALLOW"": 0.0, ""DENY"": 0.0, ""DEFER"": 0.0, ""fraction_of_consequential"": 0.0}, ""DEGRADED"": {""proposed"": 0, ""ALLOW"": 0.0, ""DENY"": 0.0, ""DEFER"": 0.0, ""fraction_of_consequential"": 0.0}, ""PARTITIONED"": {""proposed"": 349, ""ALLOW"": 0.0, ""DENY"": 1.0, ""DEFER"": 0.0, ""fraction_of_consequential"": 0.9694444444444444}, ""ISOLATED"": {""proposed"": 0, ""ALLOW"": 0.0, ""DENY"": 0.0, ""DEFER"": 0.0, ""fraction_of_consequential"": 0.0}, ""RECOVERING"": {""proposed"": 11, ""ALLOW"": 0.0, ""DENY"": 1.0, ""DEFER"": 0.0, ""fraction_of_consequential"": 0.030555555555555555}}",b0d804b41d6f708612dc345c3e165ef89bc8bd77,dfb53ca48cbf3ecc
B5_nominal,paper_ssp_200m_strong_v1,750,750.0,0,tr_41578464d64c_gpu,-117.08815,-63.08815,9,"{""conflicting_task_ownership"": 0, ""duplicate_execution"": 0, ""contradictory_reassignment"": 1, ""incompatible_mission_state"": 4, ""inconsistent_anomaly_state"": 4}",1.0,0.9325842696629213,0.9325842696629213,0.0,0,15936,15936,timeout,40.0,"{""ALLOW_LOW_RISK"": 751, ""ALLOW_AUTHORIZED"": 89}","{""fresh"": 9, ""aging"": 17, ""stale"": 34, ""hard_expired"": 29}","{""fresh"": {""proposed"": 9, ""ALLOW"": 9, ""DENY"": 0, ""DEFER"": 0, ""fraction_of_consequential"": 0.10112359550561797}, ""aging"": {""proposed"": 17, ""ALLOW"": 17, ""DENY"": 0, ""DEFER"": 0, ""fraction_of_consequential"": 0.19101123595505617}, ""stale"": {""proposed"": 34, ""ALLOW"": 34, ""DENY"": 0, ""DEFER"": 0, ""fraction_of_consequential"": 0.38202247191011235}, ""hard_expired"": {""proposed"": 29, ""ALLOW"": 29, ""DENY"": 0, ""DEFER"": 0, ""fraction_of_consequential"": 0.3258426966292135}}","{""CONNECTED"": {""proposed"": 0, ""ALLOW"": 0.0, ""DENY"": 0.0, ""DEFER"": 0.0, ""fraction_of_consequential"": 0.0}, ""DEGRADED"": {""proposed"": 0, ""ALLOW"": 0.0, ""DENY"": 0.0, ""DEFER"": 0.0, ""fraction_of_consequential"": 0.0}, ""PARTITIONED"": {""proposed"": 87, ""ALLOW"": 1.0, ""DENY"": 0.0, ""DEFER"": 0.0, ""fraction_of_consequential"": 0.9775280898876404}, ""ISOLATED"": {""proposed"": 0, ""ALLOW"": 0.0, ""DENY"": 0.0, ""DEFER"": 0.0, ""fraction_of_consequential"": 0.0}, ""RECOVERING"": {""proposed"": 2, ""ALLOW"": 1.0, ""DENY"": 0.0, ""DEFER"": 0.0, ""fraction_of_consequential"": 0.02247191011235955}}",b0d804b41d6f708612dc345c3e165ef89bc8bd77,dfb53ca48cbf3ecc
B5_permissive,paper_ssp_200m_strong_v1,750,750.0,0,tr_41578464d64c_gpu,-117.08815,-63.08815,9,"{""conflicting_task_ownership"": 0, ""duplicate_execution"": 0, ""contradictory_reassignment"": 1, ""incompatible_mission_state"": 4, ""inconsistent_anomaly_state"": 4}",1.0,0.9325842696629213,0.9325842696629213,0.0,0,15936,15936,timeout,40.0,"{""ALLOW_LOW_RISK"": 751, ""ALLOW_AUTHORIZED"": 89}","{""fresh"": 9, ""aging"": 17, ""stale"": 34, ""hard_expired"": 29}","{""fresh"": {""proposed"": 9, ""ALLOW"": 9, ""DENY"": 0, ""DEFER"": 0, ""fraction_of_consequential"": 0.10112359550561797}, ""aging"": {""proposed"": 17, ""ALLOW"": 17, ""DENY"": 0, ""DEFER"": 0, ""fraction_of_consequential"": 0.19101123595505617}, ""stale"": {""proposed"": 34, ""ALLOW"": 34, ""DENY"": 0, ""DEFER"": 0, ""fraction_of_consequential"": 0.38202247191011235}, ""hard_expired"": {""proposed"": 29, ""ALLOW"": 29, ""DENY"": 0, ""DEFER"": 0, ""fraction_of_consequential"": 0.3258426966292135}}","{""CONNECTED"": {""proposed"": 0, ""ALLOW"": 0.0, ""DENY"": 0.0, ""DEFER"": 0.0, ""fraction_of_consequential"": 0.0}, ""DEGRADED"": {""proposed"": 0, ""ALLOW"": 0.0, ""DENY"": 0.0, ""DEFER"": 0.0, ""fraction_of_consequential"": 0.0}, ""PARTITIONED"": {""proposed"": 87, ""ALLOW"": 1.0, ""DENY"": 0.0, ""DEFER"": 0.0, ""fraction_of_consequential"": 0.9775280898876404}, ""ISOLATED"": {""proposed"": 0, ""ALLOW"": 0.0, ""DENY"": 0.0, ""DEFER"": 0.0, ""fraction_of_consequential"": 0.0}, ""RECOVERING"": {""proposed"": 2, ""ALLOW"": 1.0, ""DENY"": 0.0, ""DEFER"": 0.0, ""fraction_of_consequential"": 0.02247191011235955}}",b0d804b41d6f708612dc345c3e165ef89bc8bd77,dfb53ca48cbf3ecc
B1,paper_ssp_200m_strong_v1,1000,1000.0,0,tr_41578464d64c_gpu,-30.0303,-30.0303,0,"{""conflicting_task_ownership"": 0, ""duplicate_execution"": 0, ""contradictory_reassignment"": 0, ""incompatible_mission_state"": 0, ""inconsistent_anomaly_state"": 0}",0.0,0.0,0.0,0.0,0,15936,15936,timeout,40.0,"{""ALLOW_LOW_RISK"": 312, ""DENY_SUPERVISOR_UNREACHABLE"": 360, ""DENY_FORBIDDEN"": 168}","{""fresh"": 39, ""aging"": 57, ""stale"": 132, ""hard_expired"": 132}","{""fresh"": {""proposed"": 39, ""ALLOW"": 0, ""DENY"": 39, ""DEFER"": 0, ""fraction_of_consequential"": 0.10833333333333334}, ""aging"": {""proposed"": 57, ""ALLOW"": 0, ""DENY"": 57, ""DEFER"": 0, ""fraction_of_consequential"": 0.15833333333333333}, ""stale"": {""proposed"": 132, ""ALLOW"": 0, ""DENY"": 132, ""DEFER"": 0, ""fraction_of_consequential"": 0.36666666666666664}, ""hard_expired"": {""proposed"": 132, ""ALLOW"": 0, ""DENY"": 132, ""DEFER"": 0, ""fraction_of_consequential"": 0.36666666666666664}}","{""CONNECTED"": {""proposed"": 0, ""ALLOW"": 0.0, ""DENY"": 0.0, ""DEFER"": 0.0, ""fraction_of_consequential"": 0.0}, ""DEGRADED"": {""proposed"": 0, ""ALLOW"": 0.0, ""DENY"": 0.0, ""DEFER"": 0.0, ""fraction_of_consequential"": 0.0}, ""PARTITIONED"": {""proposed"": 349, ""ALLOW"": 0.0, ""DENY"": 1.0, ""DEFER"": 0.0, ""fraction_of_consequential"": 0.9694444444444444}, ""ISOLATED"": {""proposed"": 0, ""ALLOW"": 0.0, ""DENY"": 0.0, ""DEFER"": 0.0, ""fraction_of_consequential"": 0.0}, ""RECOVERING"": {""proposed"": 11, ""ALLOW"": 0.0, ""DENY"": 1.0, ""DEFER"": 0.0, ""fraction_of_consequential"": 0.030555555555555555}}",b0d804b41d6f708612dc345c3e165ef89bc8bd77,c7986d0f84309198
B2,paper_ssp_200m_strong_v1,1000,1000.0,0,tr_41578464d64c_gpu,-117.08815,-63.08815,9,"{""conflicting_task_ownership"": 0, ""duplicate_execution"": 0, ""contradictory_reassignment"": 1, ""incompatible_mission_state"": 4, ""inconsistent_anomaly_state"": 4}",1.0,0.9325842696629213,0.9325842696629213,0.0,0,15936,15936,timeout,40.0,"{""ALLOW_AUTHORIZED"": 840}","{""fresh"": 9, ""aging"": 17, ""stale"": 34, ""hard_expired"": 29}","{""fresh"": {""proposed"": 9, ""ALLOW"": 9, ""DENY"": 0, ""DEFER"": 0, ""fraction_of_consequential"": 0.10112359550561797}, ""aging"": {""proposed"": 17, ""ALLOW"": 17, ""DENY"": 0, ""DEFER"": 0, ""fraction_of_consequential"": 0.19101123595505617}, ""stale"": {""proposed"": 34, ""ALLOW"": 34, ""DENY"": 0, ""DEFER"": 0, ""fraction_of_consequential"": 0.38202247191011235}, ""hard_expired"": {""proposed"": 29, ""ALLOW"": 29, ""DENY"": 0, ""DEFER"": 0, ""fraction_of_consequential"": 0.3258426966292135}}","{""CONNECTED"": {""proposed"": 0, ""ALLOW"": 0.0, ""DENY"": 0.0, ""DEFER"": 0.0, ""fraction_of_consequential"": 0.0}, ""DEGRADED"": {""proposed"": 0, ""ALLOW"": 0.0, ""DENY"": 0.0, ""DEFER"": 0.0, ""fraction_of_consequential"": 0.0}, ""PARTITIONED"": {""proposed"": 87, ""ALLOW"": 1.0, ""DENY"": 0.0, ""DEFER"": 0.0, ""fraction_of_consequential"": 0.9775280898876404}, ""ISOLATED"": {""proposed"": 0, ""ALLOW"": 0.0, ""DENY"": 0.0, ""DEFER"": 0.0, ""fraction_of_consequential"": 0.0}, ""RECOVERING"": {""proposed"": 2, ""ALLOW"": 1.0, ""DENY"": 0.0, ""DEFER"": 0.0, ""fraction_of_consequential"": 0.02247191011235955}}",b0d804b41d6f708612dc345c3e165ef89bc8bd77,c7986d0f84309198
B3,paper_ssp_200m_strong_v1,1000,1000.0,0,tr_41578464d64c_gpu,-30.0446,-30.0446,0,"{""conflicting_task_ownership"": 0, ""duplicate_execution"": 0, ""contradictory_reassignment"": 0, ""incompatible_mission_state"": 0, ""inconsistent_anomaly_state"": 0}",0.0,0.0,0.0,0.0,0,15936,15936,timeout,40.0,"{""ALLOW_LOW_RISK"": 480, ""DENY_STATIC_BOUND"": 360}","{""fresh"": 39, ""aging"": 57, ""stale"": 132, ""hard_expired"": 132}","{""fresh"": {""proposed"": 39, ""ALLOW"": 0, ""DENY"": 39, ""DEFER"": 0, ""fraction_of_consequential"": 0.10833333333333334}, ""aging"": {""proposed"": 57, ""ALLOW"": 0, ""DENY"": 57, ""DEFER"": 0, ""fraction_of_consequential"": 0.15833333333333333}, ""stale"": {""proposed"": 132, ""ALLOW"": 0, ""DENY"": 132, ""DEFER"": 0, ""fraction_of_consequential"": 0.36666666666666664}, ""hard_expired"": {""proposed"": 132, ""ALLOW"": 0, ""DENY"": 132, ""DEFER"": 0, ""fraction_of_consequential"": 0.36666666666666664}}","{""CONNECTED"": {""proposed"": 0, ""ALLOW"": 0.0, ""DENY"": 0.0, ""DEFER"": 0.0, ""fraction_of_consequential"": 0.0}, ""DEGRADED"": {""proposed"": 0, ""ALLOW"": 0.0, ""DENY"": 0.0, ""DEFER"": 0.0, ""fraction_of_consequential"": 0.0}, ""PARTITIONED"": {""proposed"": 349, ""ALLOW"": 0.0, ""DENY"": 1.0, ""DEFER"": 0.0, ""fraction_of_consequential"": 0.9694444444444444}, ""ISOLATED"": {""proposed"": 0, ""ALLOW"": 0.0, ""DENY"": 0.0, ""DEFER"": 0.0, ""fraction_of_consequential"": 0.0}, ""RECOVERING"": {""proposed"": 11, ""ALLOW"": 0.0, ""DENY"": 1.0, ""DEFER"": 0.0, ""fraction_of_consequential"": 0.030555555555555555}}",b0d804b41d6f708612dc345c3e165ef89bc8bd77,c7986d0f84309198
B4,paper_ssp_200m_strong_v1,1000,1000.0,0,tr_41578464d64c_gpu,47.9442,53.9442,1,"{""conflicting_task_ownership"": 0, ""duplicate_execution"": 0, ""contradictory_reassignment"": 0, ""incompatible_mission_state"": 1, ""inconsistent_anomaly_state"": 0}",0.08823529411764706,0.0784313725490196,0.8888888888888888,0.0,0,15936,15936,timeout,40.0,"{""ALLOW_LOW_RISK"": 474, ""ALLOW_AUTHORIZED"": 9, ""DENY_FORBIDDEN"": 321, ""DENY_HARD_EXPIRY"": 33, ""DENY_RECOVERING_HARD_SAFETY"": 3}","{""fresh"": 9, ""aging"": 17, ""stale"": 40, ""hard_expired"": 36}","{""fresh"": {""proposed"": 9, ""ALLOW"": 9, ""DENY"": 0, ""DEFER"": 0, ""fraction_of_consequential"": 0.08823529411764706}, ""aging"": {""proposed"": 17, ""ALLOW"": 0, ""DENY"": 17, ""DEFER"": 0, ""fraction_of_consequential"": 0.16666666666666666}, ""stale"": {""proposed"": 40, ""ALLOW"": 0, ""DENY"": 40, ""DEFER"": 0, ""fraction_of_consequential"": 0.39215686274509803}, ""hard_expired"": {""proposed"": 36, ""ALLOW"": 0, ""DENY"": 36, ""DEFER"": 0, ""fraction_of_consequential"": 0.35294117647058826}}","{""CONNECTED"": {""proposed"": 0, ""ALLOW"": 0.0, ""DENY"": 0.0, ""DEFER"": 0.0, ""fraction_of_consequential"": 0.0}, ""DEGRADED"": {""proposed"": 0, ""ALLOW"": 0.0, ""DENY"": 0.0, ""DEFER"": 0.0, ""fraction_of_consequential"": 0.0}, ""PARTITIONED"": {""proposed"": 99, ""ALLOW"": 0.09090909090909091, ""DENY"": 0.9090909090909091, ""DEFER"": 0.0, ""fraction_of_consequential"": 0.9705882352941176}, ""ISOLATED"": {""proposed"": 0, ""ALLOW"": 0.0, ""DENY"": 0.0, ""DEFER"": 0.0, ""fraction_of_consequential"": 0.0}, ""RECOVERING"": {""proposed"": 3, ""ALLOW"": 0.0, ""DENY"": 1.0, ""DEFER"": 0.0, ""fraction_of_consequential"": 0.029411764705882353}}",b0d804b41d6f708612dc345c3e165ef89bc8bd77,c7986d0f84309198
B5_conservative,paper_ssp_200m_strong_v1,1000,1000.0,0,tr_41578464d64c_gpu,-30.0446,-30.0446,0,"{""conflicting_task_ownership"": 0, ""duplicate_execution"": 0, ""contradictory_reassignment"": 0, ""incompatible_mission_state"": 0, ""inconsistent_anomaly_state"": 0}",0.0,0.0,0.0,0.0,0,15936,15936,timeout,40.0,"{""ALLOW_LOW_RISK"": 480, ""DENY_CONNECTIVITY_POLICY"": 360}","{""fresh"": 39, ""aging"": 57, ""stale"": 132, ""hard_expired"": 132}","{""fresh"": {""proposed"": 39, ""ALLOW"": 0, ""DENY"": 39, ""DEFER"": 0, ""fraction_of_consequential"": 0.10833333333333334}, ""aging"": {""proposed"": 57, ""ALLOW"": 0, ""DENY"": 57, ""DEFER"": 0, ""fraction_of_consequential"": 0.15833333333333333}, ""stale"": {""proposed"": 132, ""ALLOW"": 0, ""DENY"": 132, ""DEFER"": 0, ""fraction_of_consequential"": 0.36666666666666664}, ""hard_expired"": {""proposed"": 132, ""ALLOW"": 0, ""DENY"": 132, ""DEFER"": 0, ""fraction_of_consequential"": 0.36666666666666664}}","{""CONNECTED"": {""proposed"": 0, ""ALLOW"": 0.0, ""DENY"": 0.0, ""DEFER"": 0.0, ""fraction_of_consequential"": 0.0}, ""DEGRADED"": {""proposed"": 0, ""ALLOW"": 0.0, ""DENY"": 0.0, ""DEFER"": 0.0, ""fraction_of_consequential"": 0.0}, ""PARTITIONED"": {""proposed"": 349, ""ALLOW"": 0.0, ""DENY"": 1.0, ""DEFER"": 0.0, ""fraction_of_consequential"": 0.9694444444444444}, ""ISOLATED"": {""proposed"": 0, ""ALLOW"": 0.0, ""DENY"": 0.0, ""DEFER"": 0.0, ""fraction_of_consequential"": 0.0}, ""RECOVERING"": {""proposed"": 11, ""ALLOW"": 0.0, ""DENY"": 1.0, ""DEFER"": 0.0, ""fraction_of_consequential"": 0.030555555555555555}}",b0d804b41d6f708612dc345c3e165ef89bc8bd77,c7986d0f84309198
B5_nominal,paper_ssp_200m_strong_v1,1000,1000.0,0,tr_41578464d64c_gpu,-117.08815,-63.08815,9,"{""conflicting_task_ownership"": 0, ""duplicate_execution"": 0, ""contradictory_reassignment"": 1, ""incompatible_mission_state"": 4, ""inconsistent_anomaly_state"": 4}",1.0,0.9325842696629213,0.9325842696629213,0.0,0,15936,15936,timeout,40.0,"{""ALLOW_LOW_RISK"": 751, ""ALLOW_AUTHORIZED"": 89}","{""fresh"": 9, ""aging"": 17, ""stale"": 34, ""hard_expired"": 29}","{""fresh"": {""proposed"": 9, ""ALLOW"": 9, ""DENY"": 0, ""DEFER"": 0, ""fraction_of_consequential"": 0.10112359550561797}, ""aging"": {""proposed"": 17, ""ALLOW"": 17, ""DENY"": 0, ""DEFER"": 0, ""fraction_of_consequential"": 0.19101123595505617}, ""stale"": {""proposed"": 34, ""ALLOW"": 34, ""DENY"": 0, ""DEFER"": 0, ""fraction_of_consequential"": 0.38202247191011235}, ""hard_expired"": {""proposed"": 29, ""ALLOW"": 29, ""DENY"": 0, ""DEFER"": 0, ""fraction_of_consequential"": 0.3258426966292135}}","{""CONNECTED"": {""proposed"": 0, ""ALLOW"": 0.0, ""DENY"": 0.0, ""DEFER"": 0.0, ""fraction_of_consequential"": 0.0}, ""DEGRADED"": {""proposed"": 0, ""ALLOW"": 0.0, ""DENY"": 0.0, ""DEFER"": 0.0, ""fraction_of_consequential"": 0.0}, ""PARTITIONED"": {""proposed"": 87, ""ALLOW"": 1.0, ""DENY"": 0.0, ""DEFER"": 0.0, ""fraction_of_consequential"": 0.9775280898876404}, ""ISOLATED"": {""proposed"": 0, ""ALLOW"": 0.0, ""DENY"": 0.0, ""DEFER"": 0.0, ""fraction_of_consequential"": 0.0}, ""RECOVERING"": {""proposed"": 2, ""ALLOW"": 1.0, ""DENY"": 0.0, ""DEFER"": 0.0, ""fraction_of_consequential"": 0.02247191011235955}}",b0d804b41d6f708612dc345c3e165ef89bc8bd77,c7986d0f84309198
B5_permissive,paper_ssp_200m_strong_v1,1000,1000.0,0,tr_41578464d64c_gpu,-117.08815,-63.08815,9,"{""conflicting_task_ownership"": 0, ""duplicate_execution"": 0, ""contradictory_reassignment"": 1, ""incompatible_mission_state"": 4, ""inconsistent_anomaly_state"": 4}",1.0,0.9325842696629213,0.9325842696629213,0.0,0,15936,15936,timeout,40.0,"{""ALLOW_LOW_RISK"": 751, ""ALLOW_AUTHORIZED"": 89}","{""fresh"": 9, ""aging"": 17, ""stale"": 34, ""hard_expired"": 29}","{""fresh"": {""proposed"": 9, ""ALLOW"": 9, ""DENY"": 0, ""DEFER"": 0, ""fraction_of_consequential"": 0.10112359550561797}, ""aging"": {""proposed"": 17, ""ALLOW"": 17, ""DENY"": 0, ""DEFER"": 0, ""fraction_of_consequential"": 0.19101123595505617}, ""stale"": {""proposed"": 34, ""ALLOW"": 34, ""DENY"": 0, ""DEFER"": 0, ""fraction_of_consequential"": 0.38202247191011235}, ""hard_expired"": {""proposed"": 29, ""ALLOW"": 29, ""DENY"": 0, ""DEFER"": 0, ""fraction_of_consequential"": 0.3258426966292135}}","{""CONNECTED"": {""proposed"": 0, ""ALLOW"": 0.0, ""DENY"": 0.0, ""DEFER"": 0.0, ""fraction_of_consequential"": 0.0}, ""DEGRADED"": {""proposed"": 0, ""ALLOW"": 0.0, ""DENY"": 0.0, ""DEFER"": 0.0, ""fraction_of_consequential"": 0.0}, ""PARTITIONED"": {""proposed"": 87, ""ALLOW"": 1.0, ""DENY"": 0.0, ""DEFER"": 0.0, ""fraction_of_consequential"": 0.9775280898876404}, ""ISOLATED"": {""proposed"": 0, ""ALLOW"": 0.0, ""DENY"": 0.0, ""DEFER"": 0.0, ""fraction_of_consequential"": 0.0}, ""RECOVERING"": {""proposed"": 2, ""ALLOW"": 1.0, ""DENY"": 0.0, ""DEFER"": 0.0, ""fraction_of_consequential"": 0.02247191011235955}}",b0d804b41d6f708612dc345c3e165ef89bc8bd77,c7986d0f84309198
B1,paper_ssp_200m_strong_v1,0,0.0,1,tr_6c0fce5b4aa8_gpu,47.9171,53.9171,1,"{""conflicting_task_ownership"": 0, ""duplicate_execution"": 0, ""contradictory_reassignment"": 0, ""incompatible_mission_state"": 1, ""inconsistent_anomaly_state"": 0}",0.0,0.9857142857142858,0.9857142857142858,0.7661971830985915,4352,1328,5680,idle,0.0,"{""ALLOW_LOW_RISK"": 770, ""ALLOW_AUTHORIZED"": 70}","{""fresh"": 70, ""aging"": 0, ""stale"": 0, ""hard_expired"": 0}","{""fresh"": {""proposed"": 70, ""ALLOW"": 70, ""DENY"": 0, ""DEFER"": 0, ""fraction_of_consequential"": 1.0}, ""aging"": {""proposed"": 0, ""ALLOW"": 0, ""DENY"": 0, ""DEFER"": 0, ""fraction_of_consequential"": 0.0}, ""stale"": {""proposed"": 0, ""ALLOW"": 0, ""DENY"": 0, ""DEFER"": 0, ""fraction_of_consequential"": 0.0}, ""hard_expired"": {""proposed"": 0, ""ALLOW"": 0, ""DENY"": 0, ""DEFER"": 0, ""fraction_of_consequential"": 0.0}}","{""CONNECTED"": {""proposed"": 0, ""ALLOW"": 0.0, ""DENY"": 0.0, ""DEFER"": 0.0, ""fraction_of_consequential"": 0.0}, ""DEGRADED"": {""proposed"": 70, ""ALLOW"": 1.0, ""DENY"": 0.0, ""DEFER"": 0.0, ""fraction_of_consequential"": 1.0}, ""PARTITIONED"": {""proposed"": 0, ""ALLOW"": 0.0, ""DENY"": 0.0, ""DEFER"": 0.0, ""fraction_of_consequential"": 0.0}, ""ISOLATED"": {""proposed"": 0, ""ALLOW"": 0.0, ""DENY"": 0.0, ""DEFER"": 0.0, ""fraction_of_consequential"": 0.0}, ""RECOVERING"": {""proposed"": 0, ""ALLOW"": 0.0, ""DENY"": 0.0, ""DEFER"": 0.0, ""fraction_of_consequential"": 0.0}}",b0d804b41d6f708612dc345c3e165ef89bc8bd77,56c62c05849d8a6e
B2,paper_ssp_200m_strong_v1,0,0.0,1,tr_6c0fce5b4aa8_gpu,47.9171,53.9171,1,"{""conflicting_task_ownership"": 0, ""duplicate_execution"": 0, ""contradictory_reassignment"": 0, ""incompatible_mission_state"": 1, ""inconsistent_anomaly_state"": 0}",0.0,0.9857142857142858,0.9857142857142858,0.7661971830985915,4352,1328,5680,idle,0.0,"{""ALLOW_AUTHORIZED"": 840}","{""fresh"": 70, ""aging"": 0, ""stale"": 0, ""hard_expired"": 0}","{""fresh"": {""proposed"": 70, ""ALLOW"": 70, ""DENY"": 0, ""DEFER"": 0, ""fraction_of_consequential"": 1.0}, ""aging"": {""proposed"": 0, ""ALLOW"": 0, ""DENY"": 0, ""DEFER"": 0, ""fraction_of_consequential"": 0.0}, ""stale"": {""proposed"": 0, ""ALLOW"": 0, ""DENY"": 0, ""DEFER"": 0, ""fraction_of_consequential"": 0.0}, ""hard_expired"": {""proposed"": 0, ""ALLOW"": 0, ""DENY"": 0, ""DEFER"": 0, ""fraction_of_consequential"": 0.0}}","{""CONNECTED"": {""proposed"": 0, ""ALLOW"": 0.0, ""DENY"": 0.0, ""DEFER"": 0.0, ""fraction_of_consequential"": 0.0}, ""DEGRADED"": {""proposed"": 70, ""ALLOW"": 1.0, ""DENY"": 0.0, ""DEFER"": 0.0, ""fraction_of_consequential"": 1.0}, ""PARTITIONED"": {""proposed"": 0, ""ALLOW"": 0.0, ""DENY"": 0.0, ""DEFER"": 0.0, ""fraction_of_consequential"": 0.0}, ""ISOLATED"": {""proposed"": 0, ""ALLOW"": 0.0, ""DENY"": 0.0, ""DEFER"": 0.0, ""fraction_of_consequential"": 0.0}, ""RECOVERING"": {""proposed"": 0, ""ALLOW"": 0.0, ""DENY"": 0.0, ""DEFER"": 0.0, ""fraction_of_consequential"": 0.0}}",b0d804b41d6f708612dc345c3e165ef89bc8bd77,56c62c05849d8a6e
B3,paper_ssp_200m_strong_v1,0,0.0,1,tr_6c0fce5b4aa8_gpu,-30.0462,-30.0462,0,"{""conflicting_task_ownership"": 0, ""duplicate_execution"": 0, ""contradictory_reassignment"": 0, ""incompatible_mission_state"": 0, ""inconsistent_anomaly_state"": 0}",0.0,0.0,0.0,0.767277856135402,4352,1320,5672,idle,0.0,"{""ALLOW_LOW_RISK"": 496, ""DENY_STATIC_BOUND"": 344}","{""fresh"": 344, ""aging"": 0, ""stale"": 0, ""hard_expired"": 0}","{""fresh"": {""proposed"": 344, ""ALLOW"": 0, ""DENY"": 344, ""DEFER"": 0, ""fraction_of_consequential"": 1.0}, ""aging"": {""proposed"": 0, ""ALLOW"": 0, ""DENY"": 0, ""DEFER"": 0, ""fraction_of_consequential"": 0.0}, ""stale"": {""proposed"": 0, ""ALLOW"": 0, ""DENY"": 0, ""DEFER"": 0, ""fraction_of_consequential"": 0.0}, ""hard_expired"": {""proposed"": 0, ""ALLOW"": 0, ""DENY"": 0, ""DEFER"": 0, ""fraction_of_consequential"": 0.0}}","{""CONNECTED"": {""proposed"": 0, ""ALLOW"": 0.0, ""DENY"": 0.0, ""DEFER"": 0.0, ""fraction_of_consequential"": 0.0}, ""DEGRADED"": {""proposed"": 344, ""ALLOW"": 0.0, ""DENY"": 1.0, ""DEFER"": 0.0, ""fraction_of_consequential"": 1.0}, ""PARTITIONED"": {""proposed"": 0, ""ALLOW"": 0.0, ""DENY"": 0.0, ""DEFER"": 0.0, ""fraction_of_consequential"": 0.0}, ""ISOLATED"": {""proposed"": 0, ""ALLOW"": 0.0, ""DENY"": 0.0, ""DEFER"": 0.0, ""fraction_of_consequential"": 0.0}, ""RECOVERING"": {""proposed"": 0, ""ALLOW"": 0.0, ""DENY"": 0.0, ""DEFER"": 0.0, ""fraction_of_consequential"": 0.0}}",b0d804b41d6f708612dc345c3e165ef89bc8bd77,56c62c05849d8a6e
B4,paper_ssp_200m_strong_v1,0,0.0,1,tr_6c0fce5b4aa8_gpu,47.9171,53.9171,1,"{""conflicting_task_ownership"": 0, ""duplicate_execution"": 0, ""contradictory_reassignment"": 0, ""incompatible_mission_state"": 1, ""inconsistent_anomaly_state"": 0}",0.0,0.9857142857142858,0.9857142857142858,0.7661971830985915,4352,1328,5680,idle,0.0,"{""ALLOW_LOW_RISK"": 770, ""ALLOW_AUTHORIZED"": 70}","{""fresh"": 70, ""aging"": 0, ""stale"": 0, ""hard_expired"": 0}","{""fresh"": {""proposed"": 70, ""ALLOW"": 70, ""DENY"": 0, ""DEFER"": 0, ""fraction_of_consequential"": 1.0}, ""aging"": {""proposed"": 0, ""ALLOW"": 0, ""DENY"": 0, ""DEFER"": 0, ""fraction_of_consequential"": 0.0}, ""stale"": {""proposed"": 0, ""ALLOW"": 0, ""DENY"": 0, ""DEFER"": 0, ""fraction_of_consequential"": 0.0}, ""hard_expired"": {""proposed"": 0, ""ALLOW"": 0, ""DENY"": 0, ""DEFER"": 0, ""fraction_of_consequential"": 0.0}}","{""CONNECTED"": {""proposed"": 0, ""ALLOW"": 0.0, ""DENY"": 0.0, ""DEFER"": 0.0, ""fraction_of_consequential"": 0.0}, ""DEGRADED"": {""proposed"": 70, ""ALLOW"": 1.0, ""DENY"": 0.0, ""DEFER"": 0.0, ""fraction_of_consequential"": 1.0}, ""PARTITIONED"": {""proposed"": 0, ""ALLOW"": 0.0, ""DENY"": 0.0, ""DEFER"": 0.0, ""fraction_of_consequential"": 0.0}, ""ISOLATED"": {""proposed"": 0, ""ALLOW"": 0.0, ""DENY"": 0.0, ""DEFER"": 0.0, ""fraction_of_consequential"": 0.0}, ""RECOVERING"": {""proposed"": 0, ""ALLOW"": 0.0, ""DENY"": 0.0, ""DEFER"": 0.0, ""fraction_of_consequential"": 0.0}}",b0d804b41d6f708612dc345c3e165ef89bc8bd77,56c62c05849d8a6e
B5_conservative,paper_ssp_200m_strong_v1,0,0.0,1,tr_6c0fce5b4aa8_gpu,-30.0462,-30.0462,0,"{""conflicting_task_ownership"": 0, ""duplicate_execution"": 0, ""contradictory_reassignment"": 0, ""incompatible_mission_state"": 0, ""inconsistent_anomaly_state"": 0}",0.0,0.0,0.0,0.767277856135402,4352,1320,5672,idle,0.0,"{""ALLOW_LOW_RISK"": 496, ""DEFER_DEGRADED"": 344}","{""fresh"": 344, ""aging"": 0, ""stale"": 0, ""hard_expired"": 0}","{""fresh"": {""proposed"": 344, ""ALLOW"": 0, ""DENY"": 0, ""DEFER"": 344, ""fraction_of_consequential"": 1.0}, ""aging"": {""proposed"": 0, ""ALLOW"": 0, ""DENY"": 0, ""DEFER"": 0, ""fraction_of_consequential"": 0.0}, ""stale"": {""proposed"": 0, ""ALLOW"": 0, ""DENY"": 0, ""DEFER"": 0, ""fraction_of_consequential"": 0.0}, ""hard_expired"": {""proposed"": 0, ""ALLOW"": 0, ""DENY"": 0, ""DEFER"": 0, ""fraction_of_consequential"": 0.0}}","{""CONNECTED"": {""proposed"": 0, ""ALLOW"": 0.0, ""DENY"": 0.0, ""DEFER"": 0.0, ""fraction_of_consequential"": 0.0}, ""DEGRADED"": {""proposed"": 344, ""ALLOW"": 0.0, ""DENY"": 0.0, ""DEFER"": 1.0, ""fraction_of_consequential"": 1.0}, ""PARTITIONED"": {""proposed"": 0, ""ALLOW"": 0.0, ""DENY"": 0.0, ""DEFER"": 0.0, ""fraction_of_consequential"": 0.0}, ""ISOLATED"": {""proposed"": 0, ""ALLOW"": 0.0, ""DENY"": 0.0, ""DEFER"": 0.0, ""fraction_of_consequential"": 0.0}, ""RECOVERING"": {""proposed"": 0, ""ALLOW"": 0.0, ""DENY"": 0.0, ""DEFER"": 0.0, ""fraction_of_consequential"": 0.0}}",b0d804b41d6f708612dc345c3e165ef89bc8bd77,56c62c05849d8a6e
B5_nominal,paper_ssp_200m_strong_v1,0,0.0,1,tr_6c0fce5b4aa8_gpu,47.9171,53.9171,1,"{""conflicting_task_ownership"": 0, ""duplicate_execution"": 0, ""contradictory_reassignment"": 0, ""incompatible_mission_state"": 1, ""inconsistent_anomaly_state"": 0}",0.0,0.9857142857142858,0.9857142857142858,0.7661971830985915,4352,1328,5680,idle,0.0,"{""ALLOW_LOW_RISK"": 770, ""ALLOW_AUTHORIZED"": 70}","{""fresh"": 70, ""aging"": 0, ""stale"": 0, ""hard_expired"": 0}","{""fresh"": {""proposed"": 70, ""ALLOW"": 70, ""DENY"": 0, ""DEFER"": 0, ""fraction_of_consequential"": 1.0}, ""aging"": {""proposed"": 0, ""ALLOW"": 0, ""DENY"": 0, ""DEFER"": 0, ""fraction_of_consequential"": 0.0}, ""stale"": {""proposed"": 0, ""ALLOW"": 0, ""DENY"": 0, ""DEFER"": 0, ""fraction_of_consequential"": 0.0}, ""hard_expired"": {""proposed"": 0, ""ALLOW"": 0, ""DENY"": 0, ""DEFER"": 0, ""fraction_of_consequential"": 0.0}}","{""CONNECTED"": {""proposed"": 0, ""ALLOW"": 0.0, ""DENY"": 0.0, ""DEFER"": 0.0, ""fraction_of_consequential"": 0.0}, ""DEGRADED"": {""proposed"": 70, ""ALLOW"": 1.0, ""DENY"": 0.0, ""DEFER"": 0.0, ""fraction_of_consequential"": 1.0}, ""PARTITIONED"": {""proposed"": 0, ""ALLOW"": 0.0, ""DENY"": 0.0, ""DEFER"": 0.0, ""fraction_of_consequential"": 0.0}, ""ISOLATED"": {""proposed"": 0, ""ALLOW"": 0.0, ""DENY"": 0.0, ""DEFER"": 0.0, ""fraction_of_consequential"": 0.0}, ""RECOVERING"": {""proposed"": 0, ""ALLOW"": 0.0, ""DENY"": 0.0, ""DEFER"": 0.0, ""fraction_of_consequential"": 0.0}}",b0d804b41d6f708612dc345c3e165ef89bc8bd77,56c62c05849d8a6e
B5_permissive,paper_ssp_200m_strong_v1,0,0.0,1,tr_6c0fce5b4aa8_gpu,47.9171,53.9171,1,"{""conflicting_task_ownership"": 0, ""duplicate_execution"": 0, ""contradictory_reassignment"": 0, ""incompatible_mission_state"": 1, ""inconsistent_anomaly_state"": 0}",0.0,0.9857142857142858,0.9857142857142858,0.7661971830985915,4352,1328,5680,idle,0.0,"{""ALLOW_LOW_RISK"": 770, ""ALLOW_AUTHORIZED"": 70}","{""fresh"": 70, ""aging"": 0, ""stale"": 0, ""hard_expired"": 0}","{""fresh"": {""proposed"": 70, ""ALLOW"": 70, ""DENY"": 0, ""DEFER"": 0, ""fraction_of_consequential"": 1.0}, ""aging"": {""proposed"": 0, ""ALLOW"": 0, ""DENY"": 0, ""DEFER"": 0, ""fraction_of_consequential"": 0.0}, ""stale"": {""proposed"": 0, ""ALLOW"": 0, ""DENY"": 0, ""DEFER"": 0, ""fraction_of_consequential"": 0.0}, ""hard_expired"": {""proposed"": 0, ""ALLOW"": 0, ""DENY"": 0, ""DEFER"": 0, ""fraction_of_consequential"": 0.0}}","{""CONNECTED"": {""proposed"": 0, ""ALLOW"": 0.0, ""DENY"": 0.0, ""DEFER"": 0.0, ""fraction_of_consequential"": 0.0}, ""DEGRADED"": {""proposed"": 70, ""ALLOW"": 1.0, ""DENY"": 0.0, ""DEFER"": 0.0, ""fraction_of_consequential"": 1.0}, ""PARTITIONED"": {""proposed"": 0, ""ALLOW"": 0.0, ""DENY"": 0.0, ""DEFER"": 0.0, ""fraction_of_consequential"": 0.0}, ""ISOLATED"": {""proposed"": 0, ""ALLOW"": 0.0, ""DENY"": 0.0, ""DEFER"": 0.0, ""fraction_of_consequential"": 0.0}, ""RECOVERING"": {""proposed"": 0, ""ALLOW"": 0.0, ""DENY"": 0.0, ""DEFER"": 0.0, ""fraction_of_consequential"": 0.0}}",b0d804b41d6f708612dc345c3e165ef89bc8bd77,56c62c05849d8a6e
B1,paper_ssp_200m_strong_v1,150,150.0,1,tr_6c0fce5b4aa8_gpu,47.9177,53.9177,1,"{""conflicting_task_ownership"": 0, ""duplicate_execution"": 0, ""contradictory_reassignment"": 0, ""incompatible_mission_state"": 1, ""inconsistent_anomaly_state"": 0}",0.10526315789473684,0.881578947368421,0.9852941176470589,0.45714285714285713,4352,5168,9520,timeout,40.0,"{""ALLOW_LOW_RISK"": 764, ""ALLOW_AUTHORIZED"": 68, ""DENY_SUPERVISOR_UNREACHABLE"": 6, ""DENY_RECOVERING_CONSEQUENTIAL"": 2}","{""fresh"": 76, ""aging"": 0, ""stale"": 0, ""hard_expired"": 0}","{""fresh"": {""proposed"": 76, ""ALLOW"": 68, ""DENY"": 8, ""DEFER"": 0, ""fraction_of_consequential"": 1.0}, ""aging"": {""proposed"": 0, ""ALLOW"": 0, ""DENY"": 0, ""DEFER"": 0, ""fraction_of_consequential"": 0.0}, ""stale"": {""proposed"": 0, ""ALLOW"": 0, ""DENY"": 0, ""DEFER"": 0, ""fraction_of_consequential"": 0.0}, ""hard_expired"": {""proposed"": 0, ""ALLOW"": 0, ""DENY"": 0, ""DEFER"": 0, ""fraction_of_consequential"": 0.0}}","{""CONNECTED"": {""proposed"": 0, ""ALLOW"": 0.0, ""DENY"": 0.0, ""DEFER"": 0.0, ""fraction_of_consequential"": 0.0}, ""DEGRADED"": {""proposed"": 60, ""ALLOW"": 1.0, ""DENY"": 0.0, ""DEFER"": 0.0, ""fraction_of_consequential"": 0.7894736842105263}, ""PARTITIONED"": {""proposed"": 14, ""ALLOW"": 0.5714285714285714, ""DENY"": 0.42857142857142855, ""DEFER"": 0.0, ""fraction_of_consequential"": 0.18421052631578946}, ""ISOLATED"": {""proposed"": 0, ""ALLOW"": 0.0, ""DENY"": 0.0, ""DEFER"": 0.0, ""fraction_of_consequential"": 0.0}, ""RECOVERING"": {""proposed"": 2, ""ALLOW"": 0.0, ""DENY"": 1.0, ""DEFER"": 0.0, ""fraction_of_consequential"": 0.02631578947368421}}",b0d804b41d6f708612dc345c3e165ef89bc8bd77,db56764668d56c5c
B2,paper_ssp_200m_strong_v1,150,150.0,1,tr_6c0fce5b4aa8_gpu,41.923,53.923,2,"{""conflicting_task_ownership"": 0, ""duplicate_execution"": 0, ""contradictory_reassignment"": 1, ""incompatible_mission_state"": 1, ""inconsistent_anomaly_state"": 0}",0.21052631578947367,0.9210526315789473,0.9210526315789473,0.45714285714285713,4352,5168,9520,timeout,40.0,"{""ALLOW_AUTHORIZED"": 840}","{""fresh"": 76, ""aging"": 0, ""stale"": 0, ""hard_expired"": 0}","{""fresh"": {""proposed"": 76, ""ALLOW"": 76, ""DENY"": 0, ""DEFER"": 0, ""fraction_of_consequential"": 1.0}, ""aging"": {""proposed"": 0, ""ALLOW"": 0, ""DENY"": 0, ""DEFER"": 0, ""fraction_of_consequential"": 0.0}, ""stale"": {""proposed"": 0, ""ALLOW"": 0, ""DENY"": 0, ""DEFER"": 0, ""fraction_of_consequential"": 0.0}, ""hard_expired"": {""proposed"": 0, ""ALLOW"": 0, ""DENY"": 0, ""DEFER"": 0, ""fraction_of_consequential"": 0.0}}","{""CONNECTED"": {""proposed"": 0, ""ALLOW"": 0.0, ""DENY"": 0.0, ""DEFER"": 0.0, ""fraction_of_consequential"": 0.0}, ""DEGRADED"": {""proposed"": 60, ""ALLOW"": 1.0, ""DENY"": 0.0, ""DEFER"": 0.0, ""fraction_of_consequential"": 0.7894736842105263}, ""PARTITIONED"": {""proposed"": 14, ""ALLOW"": 1.0, ""DENY"": 0.0, ""DEFER"": 0.0, ""fraction_of_consequential"": 0.18421052631578946}, ""ISOLATED"": {""proposed"": 0, ""ALLOW"": 0.0, ""DENY"": 0.0, ""DEFER"": 0.0, ""fraction_of_consequential"": 0.0}, ""RECOVERING"": {""proposed"": 2, ""ALLOW"": 1.0, ""DENY"": 0.0, ""DEFER"": 0.0, ""fraction_of_consequential"": 0.02631578947368421}}",b0d804b41d6f708612dc345c3e165ef89bc8bd77,db56764668d56c5c
B3,paper_ssp_200m_strong_v1,150,150.0,1,tr_6c0fce5b4aa8_gpu,-30.046,-30.046,0,"{""conflicting_task_ownership"": 0, ""duplicate_execution"": 0, ""contradictory_reassignment"": 0, ""incompatible_mission_state"": 0, ""inconsistent_anomaly_state"": 0}",0.0,0.0,0.0,0.4575273338940286,4352,5160,9512,timeout,40.0,"{""ALLOW_LOW_RISK"": 494, ""DENY_STATIC_BOUND"": 346}","{""fresh"": 342, ""aging"": 4, ""stale"": 0, ""hard_expired"": 0}","{""fresh"": {""proposed"": 342, ""ALLOW"": 0, ""DENY"": 342, ""DEFER"": 0, ""fraction_of_consequential"": 0.9884393063583815}, ""aging"": {""proposed"": 4, ""ALLOW"": 0, ""DENY"": 4, ""DEFER"": 0, ""fraction_of_consequential"": 0.011560693641618497}, ""stale"": {""proposed"": 0, ""ALLOW"": 0, ""DENY"": 0, ""DEFER"": 0, ""fraction_of_consequential"": 0.0}, ""hard_expired"": {""proposed"": 0, ""ALLOW"": 0, ""DENY"": 0, ""DEFER"": 0, ""fraction_of_consequential"": 0.0}}","{""CONNECTED"": {""proposed"": 0, ""ALLOW"": 0.0, ""DENY"": 0.0, ""DEFER"": 0.0, ""fraction_of_consequential"": 0.0}, ""DEGRADED"": {""proposed"": 294, ""ALLOW"": 0.0, ""DENY"": 1.0, ""DEFER"": 0.0, ""fraction_of_consequential"": 0.8497109826589595}, ""PARTITIONED"": {""proposed"": 42, ""ALLOW"": 0.0, ""DENY"": 1.0, ""DEFER"": 0.0, ""fraction_of_consequential"": 0.12138728323699421}, ""ISOLATED"": {""proposed"": 0, ""ALLOW"": 0.0, ""DENY"": 0.0, ""DEFER"": 0.0, ""fraction_of_consequential"": 0.0}, ""RECOVERING"": {""proposed"": 10, ""ALLOW"": 0.0, ""DENY"": 1.0, ""DEFER"": 0.0, ""fraction_of_consequential"": 0.028901734104046242}}",b0d804b41d6f708612dc345c3e165ef89bc8bd77,db56764668d56c5c
B4,paper_ssp_200m_strong_v1,150,150.0,1,tr_6c0fce5b4aa8_gpu,41.923,53.923,2,"{""conflicting_task_ownership"": 0, ""duplicate_execution"": 0, ""contradictory_reassignment"": 1, ""incompatible_mission_state"": 1, ""inconsistent_anomaly_state"": 0}",0.18421052631578946,0.8947368421052632,0.918918918918919,0.45714285714285713,4352,5168,9520,timeout,40.0,"{""ALLOW_LOW_RISK"": 764, ""ALLOW_AUTHORIZED"": 74, ""DENY_RECOVERING_HARD_SAFETY"": 2}","{""fresh"": 76, ""aging"": 0, ""stale"": 0, ""hard_expired"": 0}","{""fresh"": {""proposed"": 76, ""ALLOW"": 74, ""DENY"": 2, ""DEFER"": 0, ""fraction_of_consequential"": 1.0}, ""aging"": {""proposed"": 0, ""ALLOW"": 0, ""DENY"": 0, ""DEFER"": 0, ""fraction_of_consequential"": 0.0}, ""stale"": {""proposed"": 0, ""ALLOW"": 0, ""DENY"": 0, ""DEFER"": 0, ""fraction_of_consequential"": 0.0}, ""hard_expired"": {""proposed"": 0, ""ALLOW"": 0, ""DENY"": 0, ""DEFER"": 0, ""fraction_of_consequential"": 0.0}}","{""CONNECTED"": {""proposed"": 0, ""ALLOW"": 0.0, ""DENY"": 0.0, ""DEFER"": 0.0, ""fraction_of_consequential"": 0.0}, ""DEGRADED"": {""proposed"": 60, ""ALLOW"": 1.0, ""DENY"": 0.0, ""DEFER"": 0.0, ""fraction_of_consequential"": 0.7894736842105263}, ""PARTITIONED"": {""proposed"": 14, ""ALLOW"": 1.0, ""DENY"": 0.0, ""DEFER"": 0.0, ""fraction_of_consequential"": 0.18421052631578946}, ""ISOLATED"": {""proposed"": 0, ""ALLOW"": 0.0, ""DENY"": 0.0, ""DEFER"": 0.0, ""fraction_of_consequential"": 0.0}, ""RECOVERING"": {""proposed"": 2, ""ALLOW"": 0.0, ""DENY"": 1.0, ""DEFER"": 0.0, ""fraction_of_consequential"": 0.02631578947368421}}",b0d804b41d6f708612dc345c3e165ef89bc8bd77,db56764668d56c5c
B5_conservative,paper_ssp_200m_strong_v1,150,150.0,1,tr_6c0fce5b4aa8_gpu,-30.046,-30.046,0,"{""conflicting_task_ownership"": 0, ""duplicate_execution"": 0, ""contradictory_reassignment"": 0, ""incompatible_mission_state"": 0, ""inconsistent_anomaly_state"": 0}",0.0,0.0,0.0,0.4575273338940286,4352,5160,9512,timeout,40.0,"{""ALLOW_LOW_RISK"": 494, ""DEFER_DEGRADED"": 294, ""DENY_CONNECTIVITY_POLICY"": 52}","{""fresh"": 342, ""aging"": 4, ""stale"": 0, ""hard_expired"": 0}","{""fresh"": {""proposed"": 342, ""ALLOW"": 0, ""DENY"": 48, ""DEFER"": 294, ""fraction_of_consequential"": 0.9884393063583815}, ""aging"": {""proposed"": 4, ""ALLOW"": 0, ""DENY"": 4, ""DEFER"": 0, ""fraction_of_consequential"": 0.011560693641618497}, ""stale"": {""proposed"": 0, ""ALLOW"": 0, ""DENY"": 0, ""DEFER"": 0, ""fraction_of_consequential"": 0.0}, ""hard_expired"": {""proposed"": 0, ""ALLOW"": 0, ""DENY"": 0, ""DEFER"": 0, ""fraction_of_consequential"": 0.0}}","{""CONNECTED"": {""proposed"": 0, ""ALLOW"": 0.0, ""DENY"": 0.0, ""DEFER"": 0.0, ""fraction_of_consequential"": 0.0}, ""DEGRADED"": {""proposed"": 294, ""ALLOW"": 0.0, ""DENY"": 0.0, ""DEFER"": 1.0, ""fraction_of_consequential"": 0.8497109826589595}, ""PARTITIONED"": {""proposed"": 42, ""ALLOW"": 0.0, ""DENY"": 1.0, ""DEFER"": 0.0, ""fraction_of_consequential"": 0.12138728323699421}, ""ISOLATED"": {""proposed"": 0, ""ALLOW"": 0.0, ""DENY"": 0.0, ""DEFER"": 0.0, ""fraction_of_consequential"": 0.0}, ""RECOVERING"": {""proposed"": 10, ""ALLOW"": 0.0, ""DENY"": 1.0, ""DEFER"": 0.0, ""fraction_of_consequential"": 0.028901734104046242}}",b0d804b41d6f708612dc345c3e165ef89bc8bd77,db56764668d56c5c
B5_nominal,paper_ssp_200m_strong_v1,150,150.0,1,tr_6c0fce5b4aa8_gpu,41.923,53.923,2,"{""conflicting_task_ownership"": 0, ""duplicate_execution"": 0, ""contradictory_reassignment"": 1, ""incompatible_mission_state"": 1, ""inconsistent_anomaly_state"": 0}",0.21052631578947367,0.9210526315789473,0.9210526315789473,0.45714285714285713,4352,5168,9520,timeout,40.0,"{""ALLOW_LOW_RISK"": 764, ""ALLOW_AUTHORIZED"": 76}","{""fresh"": 76, ""aging"": 0, ""stale"": 0, ""hard_expired"": 0}","{""fresh"": {""proposed"": 76, ""ALLOW"": 76, ""DENY"": 0, ""DEFER"": 0, ""fraction_of_consequential"": 1.0}, ""aging"": {""proposed"": 0, ""ALLOW"": 0, ""DENY"": 0, ""DEFER"": 0, ""fraction_of_consequential"": 0.0}, ""stale"": {""proposed"": 0, ""ALLOW"": 0, ""DENY"": 0, ""DEFER"": 0, ""fraction_of_consequential"": 0.0}, ""hard_expired"": {""proposed"": 0, ""ALLOW"": 0, ""DENY"": 0, ""DEFER"": 0, ""fraction_of_consequential"": 0.0}}","{""CONNECTED"": {""proposed"": 0, ""ALLOW"": 0.0, ""DENY"": 0.0, ""DEFER"": 0.0, ""fraction_of_consequential"": 0.0}, ""DEGRADED"": {""proposed"": 60, ""ALLOW"": 1.0, ""DENY"": 0.0, ""DEFER"": 0.0, ""fraction_of_consequential"": 0.7894736842105263}, ""PARTITIONED"": {""proposed"": 14, ""ALLOW"": 1.0, ""DENY"": 0.0, ""DEFER"": 0.0, ""fraction_of_consequential"": 0.18421052631578946}, ""ISOLATED"": {""proposed"": 0, ""ALLOW"": 0.0, ""DENY"": 0.0, ""DEFER"": 0.0, ""fraction_of_consequential"": 0.0}, ""RECOVERING"": {""proposed"": 2, ""ALLOW"": 1.0, ""DENY"": 0.0, ""DEFER"": 0.0, ""fraction_of_consequential"": 0.02631578947368421}}",b0d804b41d6f708612dc345c3e165ef89bc8bd77,db56764668d56c5c
B5_permissive,paper_ssp_200m_strong_v1,150,150.0,1,tr_6c0fce5b4aa8_gpu,41.923,53.923,2,"{""conflicting_task_ownership"": 0, ""duplicate_execution"": 0, ""contradictory_reassignment"": 1, ""incompatible_mission_state"": 1, ""inconsistent_anomaly_state"": 0}",0.21052631578947367,0.9210526315789473,0.9210526315789473,0.45714285714285713,4352,5168,9520,timeout,40.0,"{""ALLOW_LOW_RISK"": 764, ""ALLOW_AUTHORIZED"": 76}","{""fresh"": 76, ""aging"": 0, ""stale"": 0, ""hard_expired"": 0}","{""fresh"": {""proposed"": 76, ""ALLOW"": 76, ""DENY"": 0, ""DEFER"": 0, ""fraction_of_consequential"": 1.0}, ""aging"": {""proposed"": 0, ""ALLOW"": 0, ""DENY"": 0, ""DEFER"": 0, ""fraction_of_consequential"": 0.0}, ""stale"": {""proposed"": 0, ""ALLOW"": 0, ""DENY"": 0, ""DEFER"": 0, ""fraction_of_consequential"": 0.0}, ""hard_expired"": {""proposed"": 0, ""ALLOW"": 0, ""DENY"": 0, ""DEFER"": 0, ""fraction_of_consequential"": 0.0}}","{""CONNECTED"": {""proposed"": 0, ""ALLOW"": 0.0, ""DENY"": 0.0, ""DEFER"": 0.0, ""fraction_of_consequential"": 0.0}, ""DEGRADED"": {""proposed"": 60, ""ALLOW"": 1.0, ""DENY"": 0.0, ""DEFER"": 0.0, ""fraction_of_consequential"": 0.7894736842105263}, ""PARTITIONED"": {""proposed"": 14, ""ALLOW"": 1.0, ""DENY"": 0.0, ""DEFER"": 0.0, ""fraction_of_consequential"": 0.18421052631578946}, ""ISOLATED"": {""proposed"": 0, ""ALLOW"": 0.0, ""DENY"": 0.0, ""DEFER"": 0.0, ""fraction_of_consequential"": 0.0}, ""RECOVERING"": {""proposed"": 2, ""ALLOW"": 1.0, ""DENY"": 0.0, ""DEFER"": 0.0, ""fraction_of_consequential"": 0.02631578947368421}}",b0d804b41d6f708612dc345c3e165ef89bc8bd77,db56764668d56c5c
B1,paper_ssp_200m_strong_v1,300,300.0,1,tr_6c0fce5b4aa8_gpu,47.9183,53.9183,1,"{""conflicting_task_ownership"": 0, ""duplicate_execution"": 0, ""contradictory_reassignment"": 0, ""incompatible_mission_state"": 1, ""inconsistent_anomaly_state"": 0}",0.18292682926829268,0.8170731707317073,0.9852941176470589,0.337888198757764,4352,8528,12880,timeout,40.0,"{""ALLOW_LOW_RISK"": 758, ""ALLOW_AUTHORIZED"": 68, ""DENY_SUPERVISOR_UNREACHABLE"": 12, ""DENY_RECOVERING_CONSEQUENTIAL"": 2}","{""fresh"": 76, ""aging"": 6, ""stale"": 0, ""hard_expired"": 0}","{""fresh"": {""proposed"": 76, ""ALLOW"": 68, ""DENY"": 8, ""DEFER"": 0, ""fraction_of_consequential"": 0.926829268292683}, ""aging"": {""proposed"": 6, ""ALLOW"": 0, ""DENY"": 6, ""DEFER"": 0, ""fraction_of_consequential"": 0.07317073170731707}, ""stale"": {""proposed"": 0, ""ALLOW"": 0, ""DENY"": 0, ""DEFER"": 0, ""fraction_of_consequential"": 0.0}, ""hard_expired"": {""proposed"": 0, ""ALLOW"": 0, ""DENY"": 0, ""DEFER"": 0, ""fraction_of_consequential"": 0.0}}","{""CONNECTED"": {""proposed"": 0, ""ALLOW"": 0.0, ""DENY"": 0.0, ""DEFER"": 0.0, ""fraction_of_consequential"": 0.0}, ""DEGRADED"": {""proposed"": 53, ""ALLOW"": 1.0, ""DENY"": 0.0, ""DEFER"": 0.0, ""fraction_of_consequential"": 0.6463414634146342}, ""PARTITIONED"": {""proposed"": 27, ""ALLOW"": 0.5555555555555556, ""DENY"": 0.4444444444444444, ""DEFER"": 0.0, ""fraction_of_consequential"": 0.32926829268292684}, ""ISOLATED"": {""proposed"": 0, ""ALLOW"": 0.0, ""DENY"": 0.0, ""DEFER"": 0.0, ""fraction_of_consequential"": 0.0}, ""RECOVERING"": {""proposed"": 2, ""ALLOW"": 0.0, ""DENY"": 1.0, ""DEFER"": 0.0, ""fraction_of_consequential"": 0.024390243902439025}}",b0d804b41d6f708612dc345c3e165ef89bc8bd77,26ac6ecf04133fdc
B2,paper_ssp_200m_strong_v1,300,300.0,1,tr_6c0fce5b4aa8_gpu,-14.0806,21.9194,6,"{""conflicting_task_ownership"": 0, ""duplicate_execution"": 0, ""contradictory_reassignment"": 1, ""incompatible_mission_state"": 1, ""inconsistent_anomaly_state"": 4}",0.3375,0.925,0.925,0.337888198757764,4352,8528,12880,timeout,40.0,"{""ALLOW_AUTHORIZED"": 840}","{""fresh"": 76, ""aging"": 4, ""stale"": 0, ""hard_expired"": 0}","{""fresh"": {""proposed"": 76, ""ALLOW"": 76, ""DENY"": 0, ""DEFER"": 0, ""fraction_of_consequential"": 0.95}, ""aging"": {""proposed"": 4, ""ALLOW"": 4, ""DENY"": 0, ""DEFER"": 0, ""fraction_of_consequential"": 0.05}, ""stale"": {""proposed"": 0, ""ALLOW"": 0, ""DENY"": 0, ""DEFER"": 0, ""fraction_of_consequential"": 0.0}, ""hard_expired"": {""proposed"": 0, ""ALLOW"": 0, ""DENY"": 0, ""DEFER"": 0, ""fraction_of_consequential"": 0.0}}","{""CONNECTED"": {""proposed"": 0, ""ALLOW"": 0.0, ""DENY"": 0.0, ""DEFER"": 0.0, ""fraction_of_consequential"": 0.0}, ""DEGRADED"": {""proposed"": 53, ""ALLOW"": 1.0, ""DENY"": 0.0, ""DEFER"": 0.0, ""fraction_of_consequential"": 0.6625}, ""PARTITIONED"": {""proposed"": 25, ""ALLOW"": 1.0, ""DENY"": 0.0, ""DEFER"": 0.0, ""fraction_of_consequential"": 0.3125}, ""ISOLATED"": {""proposed"": 0, ""ALLOW"": 0.0, ""DENY"": 0.0, ""DEFER"": 0.0, ""fraction_of_consequential"": 0.0}, ""RECOVERING"": {""proposed"": 2, ""ALLOW"": 1.0, ""DENY"": 0.0, ""DEFER"": 0.0, ""fraction_of_consequential"": 0.025}}",b0d804b41d6f708612dc345c3e165ef89bc8bd77,26ac6ecf04133fdc
B3,paper_ssp_200m_strong_v1,300,300.0,1,tr_6c0fce5b4aa8_gpu,-30.0458,-30.0458,0,"{""conflicting_task_ownership"": 0, ""duplicate_execution"": 0, ""contradictory_reassignment"": 0, ""incompatible_mission_state"": 0, ""inconsistent_anomaly_state"": 0}",0.0,0.0,0.0,0.33809819763828464,4352,8520,12872,timeout,40.0,"{""ALLOW_LOW_RISK"": 492, ""DENY_STATIC_BOUND"": 348}","{""fresh"": 314, ""aging"": 34, ""stale"": 0, ""hard_expired"": 0}","{""fresh"": {""proposed"": 314, ""ALLOW"": 0, ""DENY"": 314, ""DEFER"": 0, ""fraction_of_consequential"": 0.9022988505747126}, ""aging"": {""proposed"": 34, ""ALLOW"": 0, ""DENY"": 34, ""DEFER"": 0, ""fraction_of_consequential"": 0.09770114942528736}, ""stale"": {""proposed"": 0, ""ALLOW"": 0, ""DENY"": 0, ""DEFER"": 0, ""fraction_of_consequential"": 0.0}, ""hard_expired"": {""proposed"": 0, ""ALLOW"": 0, ""DENY"": 0, ""DEFER"": 0, ""fraction_of_consequential"": 0.0}}","{""CONNECTED"": {""proposed"": 0, ""ALLOW"": 0.0, ""DENY"": 0.0, ""DEFER"": 0.0, ""fraction_of_consequential"": 0.0}, ""DEGRADED"": {""proposed"": 259, ""ALLOW"": 0.0, ""DENY"": 1.0, ""DEFER"": 0.0, ""fraction_of_consequential"": 0.7442528735632183}, ""PARTITIONED"": {""proposed"": 79, ""ALLOW"": 0.0, ""DENY"": 1.0, ""DEFER"": 0.0, ""fraction_of_consequential"": 0.22701149425287356}, ""ISOLATED"": {""proposed"": 0, ""ALLOW"": 0.0, ""DENY"": 0.0, ""DEFER"": 0.0, ""fraction_of_consequential"": 0.0}, ""RECOVERING"": {""proposed"": 10, ""ALLOW"": 0.0, ""DENY"": 1.0, ""DEFER"": 0.0, ""fraction_of_consequential"": 0.028735632183908046}}",b0d804b41d6f708612dc345c3e165ef89bc8bd77,26ac6ecf04133fdc
B4,paper_ssp_200m_strong_v1,300,300.0,1,tr_6c0fce5b4aa8_gpu,-14.0806,21.9194,6,"{""conflicting_task_ownership"": 0, ""duplicate_execution"": 0, ""contradictory_reassignment"": 1, ""incompatible_mission_state"": 1, ""inconsistent_anomaly_state"": 4}",0.3125,0.9,0.9230769230769231,0.337888198757764,4352,8528,12880,timeout,40.0,"{""ALLOW_LOW_RISK"": 760, ""ALLOW_AUTHORIZED"": 78, ""DENY_RECOVERING_HARD_SAFETY"": 2}","{""fresh"": 76, ""aging"": 4, ""stale"": 0, ""hard_expired"": 0}","{""fresh"": {""proposed"": 76, ""ALLOW"": 74, ""DENY"": 2, ""DEFER"": 0, ""fraction_of_consequential"": 0.95}, ""aging"": {""proposed"": 4, ""ALLOW"": 4, ""DENY"": 0, ""DEFER"": 0, ""fraction_of_consequential"": 0.05}, ""stale"": {""proposed"": 0, ""ALLOW"": 0, ""DENY"": 0, ""DEFER"": 0, ""fraction_of_consequential"": 0.0}, ""hard_expired"": {""proposed"": 0, ""ALLOW"": 0, ""DENY"": 0, ""DEFER"": 0, ""fraction_of_consequential"": 0.0}}","{""CONNECTED"": {""proposed"": 0, ""ALLOW"": 0.0, ""DENY"": 0.0, ""DEFER"": 0.0, ""fraction_of_consequential"": 0.0}, ""DEGRADED"": {""proposed"": 53, ""ALLOW"": 1.0, ""DENY"": 0.0, ""DEFER"": 0.0, ""fraction_of_consequential"": 0.6625}, ""PARTITIONED"": {""proposed"": 25, ""ALLOW"": 1.0, ""DENY"": 0.0, ""DEFER"": 0.0, ""fraction_of_consequential"": 0.3125}, ""ISOLATED"": {""proposed"": 0, ""ALLOW"": 0.0, ""DENY"": 0.0, ""DEFER"": 0.0, ""fraction_of_consequential"": 0.0}, ""RECOVERING"": {""proposed"": 2, ""ALLOW"": 0.0, ""DENY"": 1.0, ""DEFER"": 0.0, ""fraction_of_consequential"": 0.025}}",b0d804b41d6f708612dc345c3e165ef89bc8bd77,26ac6ecf04133fdc
B5_conservative,paper_ssp_200m_strong_v1,300,300.0,1,tr_6c0fce5b4aa8_gpu,-30.0458,-30.0458,0,"{""conflicting_task_ownership"": 0, ""duplicate_execution"": 0, ""contradictory_reassignment"": 0, ""incompatible_mission_state"": 0, ""inconsistent_anomaly_state"": 0}",0.0,0.0,0.0,0.33809819763828464,4352,8520,12872,timeout,40.0,"{""ALLOW_LOW_RISK"": 492, ""DEFER_DEGRADED"": 259, ""DENY_CONNECTIVITY_POLICY"": 89}","{""fresh"": 314, ""aging"": 34, ""stale"": 0, ""hard_expired"": 0}","{""fresh"": {""proposed"": 314, ""ALLOW"": 0, ""DENY"": 55, ""DEFER"": 259, ""fraction_of_consequential"": 0.9022988505747126}, ""aging"": {""proposed"": 34, ""ALLOW"": 0, ""DENY"": 34, ""DEFER"": 0, ""fraction_of_consequential"": 0.09770114942528736}, ""stale"": {""proposed"": 0, ""ALLOW"": 0, ""DENY"": 0, ""DEFER"": 0, ""fraction_of_consequential"": 0.0}, ""hard_expired"": {""proposed"": 0, ""ALLOW"": 0, ""DENY"": 0, ""DEFER"": 0, ""fraction_of_consequential"": 0.0}}","{""CONNECTED"": {""proposed"": 0, ""ALLOW"": 0.0, ""DENY"": 0.0, ""DEFER"": 0.0, ""fraction_of_consequential"": 0.0}, ""DEGRADED"": {""proposed"": 259, ""ALLOW"": 0.0, ""DENY"": 0.0, ""DEFER"": 1.0, ""fraction_of_consequential"": 0.7442528735632183}, ""PARTITIONED"": {""proposed"": 79, ""ALLOW"": 0.0, ""DENY"": 1.0, ""DEFER"": 0.0, ""fraction_of_consequential"": 0.22701149425287356}, ""ISOLATED"": {""proposed"": 0, ""ALLOW"": 0.0, ""DENY"": 0.0, ""DEFER"": 0.0, ""fraction_of_consequential"": 0.0}, ""RECOVERING"": {""proposed"": 10, ""ALLOW"": 0.0, ""DENY"": 1.0, ""DEFER"": 0.0, ""fraction_of_consequential"": 0.028735632183908046}}",b0d804b41d6f708612dc345c3e165ef89bc8bd77,26ac6ecf04133fdc
B5_nominal,paper_ssp_200m_strong_v1,300,300.0,1,tr_6c0fce5b4aa8_gpu,-14.0806,21.9194,6,"{""conflicting_task_ownership"": 0, ""duplicate_execution"": 0, ""contradictory_reassignment"": 1, ""incompatible_mission_state"": 1, ""inconsistent_anomaly_state"": 4}",0.3375,0.925,0.925,0.337888198757764,4352,8528,12880,timeout,40.0,"{""ALLOW_LOW_RISK"": 760, ""ALLOW_AUTHORIZED"": 80}","{""fresh"": 76, ""aging"": 4, ""stale"": 0, ""hard_expired"": 0}","{""fresh"": {""proposed"": 76, ""ALLOW"": 76, ""DENY"": 0, ""DEFER"": 0, ""fraction_of_consequential"": 0.95}, ""aging"": {""proposed"": 4, ""ALLOW"": 4, ""DENY"": 0, ""DEFER"": 0, ""fraction_of_consequential"": 0.05}, ""stale"": {""proposed"": 0, ""ALLOW"": 0, ""DENY"": 0, ""DEFER"": 0, ""fraction_of_consequential"": 0.0}, ""hard_expired"": {""proposed"": 0, ""ALLOW"": 0, ""DENY"": 0, ""DEFER"": 0, ""fraction_of_consequential"": 0.0}}","{""CONNECTED"": {""proposed"": 0, ""ALLOW"": 0.0, ""DENY"": 0.0, ""DEFER"": 0.0, ""fraction_of_consequential"": 0.0}, ""DEGRADED"": {""proposed"": 53, ""ALLOW"": 1.0, ""DENY"": 0.0, ""DEFER"": 0.0, ""fraction_of_consequential"": 0.6625}, ""PARTITIONED"": {""proposed"": 25, ""ALLOW"": 1.0, ""DENY"": 0.0, ""DEFER"": 0.0, ""fraction_of_consequential"": 0.3125}, ""ISOLATED"": {""proposed"": 0, ""ALLOW"": 0.0, ""DENY"": 0.0, ""DEFER"": 0.0, ""fraction_of_consequential"": 0.0}, ""RECOVERING"": {""proposed"": 2, ""ALLOW"": 1.0, ""DENY"": 0.0, ""DEFER"": 0.0, ""fraction_of_consequential"": 0.025}}",b0d804b41d6f708612dc345c3e165ef89bc8bd77,26ac6ecf04133fdc
B5_permissive,paper_ssp_200m_strong_v1,300,300.0,1,tr_6c0fce5b4aa8_gpu,-14.0806,21.9194,6,"{""conflicting_task_ownership"": 0, ""duplicate_execution"": 0, ""contradictory_reassignment"": 1, ""incompatible_mission_state"": 1, ""inconsistent_anomaly_state"": 4}",0.3375,0.925,0.925,0.337888198757764,4352,8528,12880,timeout,40.0,"{""ALLOW_LOW_RISK"": 760, ""ALLOW_AUTHORIZED"": 80}","{""fresh"": 76, ""aging"": 4, ""stale"": 0, ""hard_expired"": 0}","{""fresh"": {""proposed"": 76, ""ALLOW"": 76, ""DENY"": 0, ""DEFER"": 0, ""fraction_of_consequential"": 0.95}, ""aging"": {""proposed"": 4, ""ALLOW"": 4, ""DENY"": 0, ""DEFER"": 0, ""fraction_of_consequential"": 0.05}, ""stale"": {""proposed"": 0, ""ALLOW"": 0, ""DENY"": 0, ""DEFER"": 0, ""fraction_of_consequential"": 0.0}, ""hard_expired"": {""proposed"": 0, ""ALLOW"": 0, ""DENY"": 0, ""DEFER"": 0, ""fraction_of_consequential"": 0.0}}","{""CONNECTED"": {""proposed"": 0, ""ALLOW"": 0.0, ""DENY"": 0.0, ""DEFER"": 0.0, ""fraction_of_consequential"": 0.0}, ""DEGRADED"": {""proposed"": 53, ""ALLOW"": 1.0, ""DENY"": 0.0, ""DEFER"": 0.0, ""fraction_of_consequential"": 0.6625}, ""PARTITIONED"": {""proposed"": 25, ""ALLOW"": 1.0, ""DENY"": 0.0, ""DEFER"": 0.0, ""fraction_of_consequential"": 0.3125}, ""ISOLATED"": {""proposed"": 0, ""ALLOW"": 0.0, ""DENY"": 0.0, ""DEFER"": 0.0, ""fraction_of_consequential"": 0.0}, ""RECOVERING"": {""proposed"": 2, ""ALLOW"": 1.0, ""DENY"": 0.0, ""DEFER"": 0.0, ""fraction_of_consequential"": 0.025}}",b0d804b41d6f708612dc345c3e165ef89bc8bd77,26ac6ecf04133fdc
B1,paper_ssp_200m_strong_v1,500,500.0,1,tr_6c0fce5b4aa8_gpu,47.9189,53.9189,1,"{""conflicting_task_ownership"": 0, ""duplicate_execution"": 0, ""contradictory_reassignment"": 0, ""incompatible_mission_state"": 1, ""inconsistent_anomaly_state"": 0}",0.2840909090909091,0.7613636363636364,0.9852941176470589,0.31887456037514655,4352,9296,13648,timeout,40.0,"{""ALLOW_LOW_RISK"": 752, ""ALLOW_AUTHORIZED"": 68, ""DENY_SUPERVISOR_UNREACHABLE"": 18, ""DENY_RECOVERING_CONSEQUENTIAL"": 2}","{""fresh"": 76, ""aging"": 6, ""stale"": 6, ""hard_expired"": 0}","{""fresh"": {""proposed"": 76, ""ALLOW"": 68, ""DENY"": 8, ""DEFER"": 0, ""fraction_of_consequential"": 0.8636363636363636}, ""aging"": {""proposed"": 6, ""ALLOW"": 0, ""DENY"": 6, ""DEFER"": 0, ""fraction_of_consequential"": 0.06818181818181818}, ""stale"": {""proposed"": 6, ""ALLOW"": 0, ""DENY"": 6, ""DEFER"": 0, ""fraction_of_consequential"": 0.06818181818181818}, ""hard_expired"": {""proposed"": 0, ""ALLOW"": 0, ""DENY"": 0, ""DEFER"": 0, ""fraction_of_consequential"": 0.0}}","{""CONNECTED"": {""proposed"": 0, ""ALLOW"": 0.0, ""DENY"": 0.0, ""DEFER"": 0.0, ""fraction_of_consequential"": 0.0}, ""DEGRADED"": {""proposed"": 43, ""ALLOW"": 1.0, ""DENY"": 0.0, ""DEFER"": 0.0, ""fraction_of_consequential"": 0.48863636363636365}, ""PARTITIONED"": {""proposed"": 43, ""ALLOW"": 0.5813953488372093, ""DENY"": 0.4186046511627907, ""DEFER"": 0.0, ""fraction_of_consequential"": 0.48863636363636365}, ""ISOLATED"": {""proposed"": 0, ""ALLOW"": 0.0, ""DENY"": 0.0, ""DEFER"": 0.0, ""fraction_of_consequential"": 0.0}, ""RECOVERING"": {""proposed"": 2, ""ALLOW"": 0.0, ""DENY"": 1.0, ""DEFER"": 0.0, ""fraction_of_consequential"": 0.022727272727272728}}",b0d804b41d6f708612dc345c3e165ef89bc8bd77,2162d15775666055
B2,paper_ssp_200m_strong_v1,500,500.0,1,tr_6c0fce5b4aa8_gpu,-77.08455,-23.08455,9,"{""conflicting_task_ownership"": 0, ""duplicate_execution"": 0, ""contradictory_reassignment"": 1, ""incompatible_mission_state"": 4, ""inconsistent_anomaly_state"": 4}",0.49411764705882355,0.9294117647058824,0.9294117647058824,0.31887456037514655,4352,9296,13648,timeout,40.0,"{""ALLOW_AUTHORIZED"": 840}","{""fresh"": 76, ""aging"": 4, ""stale"": 5, ""hard_expired"": 0}","{""fresh"": {""proposed"": 76, ""ALLOW"": 76, ""DENY"": 0, ""DEFER"": 0, ""fraction_of_consequential"": 0.8941176470588236}, ""aging"": {""proposed"": 4, ""ALLOW"": 4, ""DENY"": 0, ""DEFER"": 0, ""fraction_of_consequential"": 0.047058823529411764}, ""stale"": {""proposed"": 5, ""ALLOW"": 5, ""DENY"": 0, ""DEFER"": 0, ""fraction_of_consequential"": 0.058823529411764705}, ""hard_expired"": {""proposed"": 0, ""ALLOW"": 0, ""DENY"": 0, ""DEFER"": 0, ""fraction_of_consequential"": 0.0}}","{""CONNECTED"": {""proposed"": 0, ""ALLOW"": 0.0, ""DENY"": 0.0, ""DEFER"": 0.0, ""fraction_of_consequential"": 0.0}, ""DEGRADED"": {""proposed"": 43, ""ALLOW"": 1.0, ""DENY"": 0.0, ""DEFER"": 0.0, ""fraction_of_consequential"": 0.5058823529411764}, ""PARTITIONED"": {""proposed"": 40, ""ALLOW"": 1.0, ""DENY"": 0.0, ""DEFER"": 0.0, ""fraction_of_consequential"": 0.47058823529411764}, ""ISOLATED"": {""proposed"": 0, ""ALLOW"": 0.0, ""DENY"": 0.0, ""DEFER"": 0.0, ""fraction_of_consequential"": 0.0}, ""RECOVERING"": {""proposed"": 2, ""ALLOW"": 1.0, ""DENY"": 0.0, ""DEFER"": 0.0, ""fraction_of_consequential"": 0.023529411764705882}}",b0d804b41d6f708612dc345c3e165ef89bc8bd77,2162d15775666055
B3,paper_ssp_200m_strong_v1,500,500.0,1,tr_6c0fce5b4aa8_gpu,-30.0456,-30.0456,0,"{""conflicting_task_ownership"": 0, ""duplicate_execution"": 0, ""contradictory_reassignment"": 0, ""incompatible_mission_state"": 0, ""inconsistent_anomaly_state"": 0}",0.0,0.0,0.0,0.31906158357771264,4352,9288,13640,timeout,40.0,"{""ALLOW_LOW_RISK"": 490, ""DENY_STATIC_BOUND"": 350}","{""fresh"": 274, ""aging"": 46, ""stale"": 30, ""hard_expired"": 0}","{""fresh"": {""proposed"": 274, ""ALLOW"": 0, ""DENY"": 274, ""DEFER"": 0, ""fraction_of_consequential"": 0.7828571428571428}, ""aging"": {""proposed"": 46, ""ALLOW"": 0, ""DENY"": 46, ""DEFER"": 0, ""fraction_of_consequential"": 0.13142857142857142}, ""stale"": {""proposed"": 30, ""ALLOW"": 0, ""DENY"": 30, ""DEFER"": 0, ""fraction_of_consequential"": 0.08571428571428572}, ""hard_expired"": {""proposed"": 0, ""ALLOW"": 0, ""DENY"": 0, ""DEFER"": 0, ""fraction_of_consequential"": 0.0}}","{""CONNECTED"": {""proposed"": 0, ""ALLOW"": 0.0, ""DENY"": 0.0, ""DEFER"": 0.0, ""fraction_of_consequential"": 0.0}, ""DEGRADED"": {""proposed"": 209, ""ALLOW"": 0.0, ""DENY"": 1.0, ""DEFER"": 0.0, ""fraction_of_consequential"": 0.5971428571428572}, ""PARTITIONED"": {""proposed"": 131, ""ALLOW"": 0.0, ""DENY"": 1.0, ""DEFER"": 0.0, ""fraction_of_consequential"": 0.3742857142857143}, ""ISOLATED"": {""proposed"": 0, ""ALLOW"": 0.0, ""DENY"": 0.0, ""DEFER"": 0.0, ""fraction_of_consequential"": 0.0}, ""RECOVERING"": {""proposed"": 10, ""ALLOW"": 0.0, ""DENY"": 1.0, ""DEFER"": 0.0, ""fraction_of_consequential"": 0.02857142857142857}}",b0d804b41d6f708612dc345c3e165ef89bc8bd77,2162d15775666055
B4,paper_ssp_200m_strong_v1,500,500.0,1,tr_6c0fce5b4aa8_gpu,-14.0802,21.9198,6,"{""conflicting_task_ownership"": 0, ""duplicate_execution"": 0, ""contradictory_reassignment"": 1, ""incompatible_mission_state"": 1, ""inconsistent_anomaly_state"": 4}",0.4166666666666667,0.8571428571428571,0.9230769230769231,0.31887456037514655,4352,9296,13648,timeout,40.0,"{""ALLOW_LOW_RISK"": 756, ""ALLOW_AUTHORIZED"": 78, ""DENY_FORBIDDEN"": 4, ""DENY_RECOVERING_HARD_SAFETY"": 2}","{""fresh"": 76, ""aging"": 4, ""stale"": 4, ""hard_expired"": 0}","{""fresh"": {""proposed"": 76, ""ALLOW"": 74, ""DENY"": 2, ""DEFER"": 0, ""fraction_of_consequential"": 0.9047619047619048}, ""aging"": {""proposed"": 4, ""ALLOW"": 4, ""DENY"": 0, ""DEFER"": 0, ""fraction_of_consequential"": 0.047619047619047616}, ""stale"": {""proposed"": 4, ""ALLOW"": 0, ""DENY"": 4, ""DEFER"": 0, ""fraction_of_consequential"": 0.047619047619047616}, ""hard_expired"": {""proposed"": 0, ""ALLOW"": 0, ""DENY"": 0, ""DEFER"": 0, ""fraction_of_consequential"": 0.0}}","{""CONNECTED"": {""proposed"": 0, ""ALLOW"": 0.0, ""DENY"": 0.0, ""DEFER"": 0.0, ""fraction_of_consequential"": 0.0}, ""DEGRADED"": {""proposed"": 43, ""ALLOW"": 1.0, ""DENY"": 0.0, ""DEFER"": 0.0, ""fraction_of_consequential"": 0.5119047619047619}, ""PARTITIONED"": {""proposed"": 39, ""ALLOW"": 0.8974358974358975, ""DENY"": 0.10256410256410256, ""DEFER"": 0.0, ""fraction_of_consequential"": 0.4642857142857143}, ""ISOLATED"": {""proposed"": 0, ""ALLOW"": 0.0, ""DENY"": 0.0, ""DEFER"": 0.0, ""fraction_of_consequential"": 0.0}, ""RECOVERING"": {""proposed"": 2, ""ALLOW"": 0.0, ""DENY"": 1.0, ""DEFER"": 0.0, ""fraction_of_consequential"": 0.023809523809523808}}",b0d804b41d6f708612dc345c3e165ef89bc8bd77,2162d15775666055
B5_conservative,paper_ssp_200m_strong_v1,500,500.0,1,tr_6c0fce5b4aa8_gpu,-30.0456,-30.0456,0,"{""conflicting_task_ownership"": 0, ""duplicate_execution"": 0, ""contradictory_reassignment"": 0, ""incompatible_mission_state"": 0, ""inconsistent_anomaly_state"": 0}",0.0,0.0,0.0,0.31906158357771264,4352,9288,13640,timeout,40.0,"{""ALLOW_LOW_RISK"": 490, ""DEFER_DEGRADED"": 209, ""DENY_CONNECTIVITY_POLICY"": 141}","{""fresh"": 274, ""aging"": 46, ""stale"": 30, ""hard_expired"": 0}","{""fresh"": {""proposed"": 274, ""ALLOW"": 0, ""DENY"": 65, ""DEFER"": 209, ""fraction_of_consequential"": 0.7828571428571428}, ""aging"": {""proposed"": 46, ""ALLOW"": 0, ""DENY"": 46, ""DEFER"": 0, ""fraction_of_consequential"": 0.13142857142857142}, ""stale"": {""proposed"": 30, ""ALLOW"": 0, ""DENY"": 30, ""DEFER"": 0, ""fraction_of_consequential"": 0.08571428571428572}, ""hard_expired"": {""proposed"": 0, ""ALLOW"": 0, ""DENY"": 0, ""DEFER"": 0, ""fraction_of_consequential"": 0.0}}","{""CONNECTED"": {""proposed"": 0, ""ALLOW"": 0.0, ""DENY"": 0.0, ""DEFER"": 0.0, ""fraction_of_consequential"": 0.0}, ""DEGRADED"": {""proposed"": 209, ""ALLOW"": 0.0, ""DENY"": 0.0, ""DEFER"": 1.0, ""fraction_of_consequential"": 0.5971428571428572}, ""PARTITIONED"": {""proposed"": 131, ""ALLOW"": 0.0, ""DENY"": 1.0, ""DEFER"": 0.0, ""fraction_of_consequential"": 0.3742857142857143}, ""ISOLATED"": {""proposed"": 0, ""ALLOW"": 0.0, ""DENY"": 0.0, ""DEFER"": 0.0, ""fraction_of_consequential"": 0.0}, ""RECOVERING"": {""proposed"": 10, ""ALLOW"": 0.0, ""DENY"": 1.0, ""DEFER"": 0.0, ""fraction_of_consequential"": 0.02857142857142857}}",b0d804b41d6f708612dc345c3e165ef89bc8bd77,2162d15775666055
B5_nominal,paper_ssp_200m_strong_v1,500,500.0,1,tr_6c0fce5b4aa8_gpu,-77.08455,-23.08455,9,"{""conflicting_task_ownership"": 0, ""duplicate_execution"": 0, ""contradictory_reassignment"": 1, ""incompatible_mission_state"": 4, ""inconsistent_anomaly_state"": 4}",0.49411764705882355,0.9294117647058824,0.9294117647058824,0.31887456037514655,4352,9296,13648,timeout,40.0,"{""ALLOW_LOW_RISK"": 755, ""ALLOW_AUTHORIZED"": 85}","{""fresh"": 76, ""aging"": 4, ""stale"": 5, ""hard_expired"": 0}","{""fresh"": {""proposed"": 76, ""ALLOW"": 76, ""DENY"": 0, ""DEFER"": 0, ""fraction_of_consequential"": 0.8941176470588236}, ""aging"": {""proposed"": 4, ""ALLOW"": 4, ""DENY"": 0, ""DEFER"": 0, ""fraction_of_consequential"": 0.047058823529411764}, ""stale"": {""proposed"": 5, ""ALLOW"": 5, ""DENY"": 0, ""DEFER"": 0, ""fraction_of_consequential"": 0.058823529411764705}, ""hard_expired"": {""proposed"": 0, ""ALLOW"": 0, ""DENY"": 0, ""DEFER"": 0, ""fraction_of_consequential"": 0.0}}","{""CONNECTED"": {""proposed"": 0, ""ALLOW"": 0.0, ""DENY"": 0.0, ""DEFER"": 0.0, ""fraction_of_consequential"": 0.0}, ""DEGRADED"": {""proposed"": 43, ""ALLOW"": 1.0, ""DENY"": 0.0, ""DEFER"": 0.0, ""fraction_of_consequential"": 0.5058823529411764}, ""PARTITIONED"": {""proposed"": 40, ""ALLOW"": 1.0, ""DENY"": 0.0, ""DEFER"": 0.0, ""fraction_of_consequential"": 0.47058823529411764}, ""ISOLATED"": {""proposed"": 0, ""ALLOW"": 0.0, ""DENY"": 0.0, ""DEFER"": 0.0, ""fraction_of_consequential"": 0.0}, ""RECOVERING"": {""proposed"": 2, ""ALLOW"": 1.0, ""DENY"": 0.0, ""DEFER"": 0.0, ""fraction_of_consequential"": 0.023529411764705882}}",b0d804b41d6f708612dc345c3e165ef89bc8bd77,2162d15775666055
B5_permissive,paper_ssp_200m_strong_v1,500,500.0,1,tr_6c0fce5b4aa8_gpu,-77.08455,-23.08455,9,"{""conflicting_task_ownership"": 0, ""duplicate_execution"": 0, ""contradictory_reassignment"": 1, ""incompatible_mission_state"": 4, ""inconsistent_anomaly_state"": 4}",0.49411764705882355,0.9294117647058824,0.9294117647058824,0.31887456037514655,4352,9296,13648,timeout,40.0,"{""ALLOW_LOW_RISK"": 755, ""ALLOW_AUTHORIZED"": 85}","{""fresh"": 76, ""aging"": 4, ""stale"": 5, ""hard_expired"": 0}","{""fresh"": {""proposed"": 76, ""ALLOW"": 76, ""DENY"": 0, ""DEFER"": 0, ""fraction_of_consequential"": 0.8941176470588236}, ""aging"": {""proposed"": 4, ""ALLOW"": 4, ""DENY"": 0, ""DEFER"": 0, ""fraction_of_consequential"": 0.047058823529411764}, ""stale"": {""proposed"": 5, ""ALLOW"": 5, ""DENY"": 0, ""DEFER"": 0, ""fraction_of_consequential"": 0.058823529411764705}, ""hard_expired"": {""proposed"": 0, ""ALLOW"": 0, ""DENY"": 0, ""DEFER"": 0, ""fraction_of_consequential"": 0.0}}","{""CONNECTED"": {""proposed"": 0, ""ALLOW"": 0.0, ""DENY"": 0.0, ""DEFER"": 0.0, ""fraction_of_consequential"": 0.0}, ""DEGRADED"": {""proposed"": 43, ""ALLOW"": 1.0, ""DENY"": 0.0, ""DEFER"": 0.0, ""fraction_of_consequential"": 0.5058823529411764}, ""PARTITIONED"": {""proposed"": 40, ""ALLOW"": 1.0, ""DENY"": 0.0, ""DEFER"": 0.0, ""fraction_of_consequential"": 0.47058823529411764}, ""ISOLATED"": {""proposed"": 0, ""ALLOW"": 0.0, ""DENY"": 0.0, ""DEFER"": 0.0, ""fraction_of_consequential"": 0.0}, ""RECOVERING"": {""proposed"": 2, ""ALLOW"": 1.0, ""DENY"": 0.0, ""DEFER"": 0.0, ""fraction_of_consequential"": 0.023529411764705882}}",b0d804b41d6f708612dc345c3e165ef89bc8bd77,2162d15775666055
B1,paper_ssp_200m_strong_v1,750,750.0,1,tr_6c0fce5b4aa8_gpu,47.9192,53.9192,1,"{""conflicting_task_ownership"": 0, ""duplicate_execution"": 0, ""contradictory_reassignment"": 0, ""incompatible_mission_state"": 1, ""inconsistent_anomaly_state"": 0}",0.4175824175824176,0.7362637362637363,0.9852941176470589,0.31887456037514655,4352,9296,13648,timeout,40.0,"{""ALLOW_LOW_RISK"": 749, ""ALLOW_AUTHORIZED"": 68, ""DENY_SUPERVISOR_UNREACHABLE"": 21, ""DENY_RECOVERING_CONSEQUENTIAL"": 2}","{""fresh"": 76, ""aging"": 6, ""stale"": 9, ""hard_expired"": 0}","{""fresh"": {""proposed"": 76, ""ALLOW"": 68, ""DENY"": 8, ""DEFER"": 0, ""fraction_of_consequential"": 0.8351648351648352}, ""aging"": {""proposed"": 6, ""ALLOW"": 0, ""DENY"": 6, ""DEFER"": 0, ""fraction_of_consequential"": 0.06593406593406594}, ""stale"": {""proposed"": 9, ""ALLOW"": 0, ""DENY"": 9, ""DEFER"": 0, ""fraction_of_consequential"": 0.0989010989010989}, ""hard_expired"": {""proposed"": 0, ""ALLOW"": 0, ""DENY"": 0, ""DEFER"": 0, ""fraction_of_consequential"": 0.0}}","{""CONNECTED"": {""proposed"": 0, ""ALLOW"": 0.0, ""DENY"": 0.0, ""DEFER"": 0.0, ""fraction_of_consequential"": 0.0}, ""DEGRADED"": {""proposed"": 30, ""ALLOW"": 1.0, ""DENY"": 0.0, ""DEFER"": 0.0, ""fraction_of_consequential"": 0.32967032967032966}, ""PARTITIONED"": {""proposed"": 59, ""ALLOW"": 0.6440677966101694, ""DENY"": 0.3559322033898305, ""DEFER"": 0.0, ""fraction_of_consequential"": 0.6483516483516484}, ""ISOLATED"": {""proposed"": 0, ""ALLOW"": 0.0, ""DENY"": 0.0, ""DEFER"": 0.0, ""fraction_of_consequential"": 0.0}, ""RECOVERING"": {""proposed"": 2, ""ALLOW"": 0.0, ""DENY"": 1.0, ""DEFER"": 0.0, ""fraction_of_consequential"": 0.02197802197802198}}",b0d804b41d6f708612dc345c3e165ef89bc8bd77,ee6febcb394c5d3e
B2,paper_ssp_200m_strong_v1,750,750.0,1,tr_6c0fce5b4aa8_gpu,-77.08455,-23.08455,9,"{""conflicting_task_ownership"": 0, ""duplicate_execution"": 0, ""contradictory_reassignment"": 1, ""incompatible_mission_state"": 4, ""inconsistent_anomaly_state"": 4}",0.6470588235294118,0.9294117647058824,0.9294117647058824,0.31887456037514655,4352,9296,13648,timeout,40.0,"{""ALLOW_AUTHORIZED"": 840}","{""fresh"": 76, ""aging"": 4, ""stale"": 5, ""hard_expired"": 0}","{""fresh"": {""proposed"": 76, ""ALLOW"": 76, ""DENY"": 0, ""DEFER"": 0, ""fraction_of_consequential"": 0.8941176470588236}, ""aging"": {""proposed"": 4, ""ALLOW"": 4, ""DENY"": 0, ""DEFER"": 0, ""fraction_of_consequential"": 0.047058823529411764}, ""stale"": {""proposed"": 5, ""ALLOW"": 5, ""DENY"": 0, ""DEFER"": 0, ""fraction_of_consequential"": 0.058823529411764705}, ""hard_expired"": {""proposed"": 0, ""ALLOW"": 0, ""DENY"": 0, ""DEFER"": 0, ""fraction_of_consequential"": 0.0}}","{""CONNECTED"": {""proposed"": 0, ""ALLOW"": 0.0, ""DENY"": 0.0, ""DEFER"": 0.0, ""fraction_of_consequential"": 0.0}, ""DEGRADED"": {""proposed"": 30, ""ALLOW"": 1.0, ""DENY"": 0.0, ""DEFER"": 0.0, ""fraction_of_consequential"": 0.35294117647058826}, ""PARTITIONED"": {""proposed"": 53, ""ALLOW"": 1.0, ""DENY"": 0.0, ""DEFER"": 0.0, ""fraction_of_consequential"": 0.6235294117647059}, ""ISOLATED"": {""proposed"": 0, ""ALLOW"": 0.0, ""DENY"": 0.0, ""DEFER"": 0.0, ""fraction_of_consequential"": 0.0}, ""RECOVERING"": {""proposed"": 2, ""ALLOW"": 1.0, ""DENY"": 0.0, ""DEFER"": 0.0, ""fraction_of_consequential"": 0.023529411764705882}}",b0d804b41d6f708612dc345c3e165ef89bc8bd77,ee6febcb394c5d3e
B3,paper_ssp_200m_strong_v1,750,750.0,1,tr_6c0fce5b4aa8_gpu,-30.0453,-30.0453,0,"{""conflicting_task_ownership"": 0, ""duplicate_execution"": 0, ""contradictory_reassignment"": 0, ""incompatible_mission_state"": 0, ""inconsistent_anomaly_state"": 0}",0.0,0.0,0.0,0.31906158357771264,4352,9288,13640,timeout,40.0,"{""ALLOW_LOW_RISK"": 487, ""DENY_STATIC_BOUND"": 353}","{""fresh"": 222, ""aging"": 46, ""stale"": 85, ""hard_expired"": 0}","{""fresh"": {""proposed"": 222, ""ALLOW"": 0, ""DENY"": 222, ""DEFER"": 0, ""fraction_of_consequential"": 0.6288951841359773}, ""aging"": {""proposed"": 46, ""ALLOW"": 0, ""DENY"": 46, ""DEFER"": 0, ""fraction_of_consequential"": 0.13031161473087818}, ""stale"": {""proposed"": 85, ""ALLOW"": 0, ""DENY"": 85, ""DEFER"": 0, ""fraction_of_consequential"": 0.24079320113314448}, ""hard_expired"": {""proposed"": 0, ""ALLOW"": 0, ""DENY"": 0, ""DEFER"": 0, ""fraction_of_consequential"": 0.0}}","{""CONNECTED"": {""proposed"": 0, ""ALLOW"": 0.0, ""DENY"": 0.0, ""DEFER"": 0.0, ""fraction_of_consequential"": 0.0}, ""DEGRADED"": {""proposed"": 144, ""ALLOW"": 0.0, ""DENY"": 1.0, ""DEFER"": 0.0, ""fraction_of_consequential"": 0.40793201133144474}, ""PARTITIONED"": {""proposed"": 199, ""ALLOW"": 0.0, ""DENY"": 1.0, ""DEFER"": 0.0, ""fraction_of_consequential"": 0.5637393767705382}, ""ISOLATED"": {""proposed"": 0, ""ALLOW"": 0.0, ""DENY"": 0.0, ""DEFER"": 0.0, ""fraction_of_consequential"": 0.0}, ""RECOVERING"": {""proposed"": 10, ""ALLOW"": 0.0, ""DENY"": 1.0, ""DEFER"": 0.0, ""fraction_of_consequential"": 0.028328611898016998}}",b0d804b41d6f708612dc345c3e165ef89bc8bd77,ee6febcb394c5d3e
B4,paper_ssp_200m_strong_v1,750,750.0,1,tr_6c0fce5b4aa8_gpu,-14.0802,21.9198,6,"{""conflicting_task_ownership"": 0, ""duplicate_execution"": 0, ""contradictory_reassignment"": 1, ""incompatible_mission_state"": 1, ""inconsistent_anomaly_state"": 4}",0.5714285714285714,0.8571428571428571,0.9230769230769231,0.31887456037514655,4352,9296,13648,timeout,40.0,"{""ALLOW_LOW_RISK"": 756, ""ALLOW_AUTHORIZED"": 78, ""DENY_FORBIDDEN"": 4, ""DENY_RECOVERING_HARD_SAFETY"": 2}","{""fresh"": 76, ""aging"": 4, ""stale"": 4, ""hard_expired"": 0}","{""fresh"": {""proposed"": 76, ""ALLOW"": 74, ""DENY"": 2, ""DEFER"": 0, ""fraction_of_consequential"": 0.9047619047619048}, ""aging"": {""proposed"": 4, ""ALLOW"": 4, ""DENY"": 0, ""DEFER"": 0, ""fraction_of_consequential"": 0.047619047619047616}, ""stale"": {""proposed"": 4, ""ALLOW"": 0, ""DENY"": 4, ""DEFER"": 0, ""fraction_of_consequential"": 0.047619047619047616}, ""hard_expired"": {""proposed"": 0, ""ALLOW"": 0, ""DENY"": 0, ""DEFER"": 0, ""fraction_of_consequential"": 0.0}}","{""CONNECTED"": {""proposed"": 0, ""ALLOW"": 0.0, ""DENY"": 0.0, ""DEFER"": 0.0, ""fraction_of_consequential"": 0.0}, ""DEGRADED"": {""proposed"": 30, ""ALLOW"": 1.0, ""DENY"": 0.0, ""DEFER"": 0.0, ""fraction_of_consequential"": 0.35714285714285715}, ""PARTITIONED"": {""proposed"": 52, ""ALLOW"": 0.9230769230769231, ""DENY"": 0.07692307692307693, ""DEFER"": 0.0, ""fraction_of_consequential"": 0.6190476190476191}, ""ISOLATED"": {""proposed"": 0, ""ALLOW"": 0.0, ""DENY"": 0.0, ""DEFER"": 0.0, ""fraction_of_consequential"": 0.0}, ""RECOVERING"": {""proposed"": 2, ""ALLOW"": 0.0, ""DENY"": 1.0, ""DEFER"": 0.0, ""fraction_of_consequential"": 0.023809523809523808}}",b0d804b41d6f708612dc345c3e165ef89bc8bd77,ee6febcb394c5d3e
B5_conservative,paper_ssp_200m_strong_v1,750,750.0,1,tr_6c0fce5b4aa8_gpu,-30.0453,-30.0453,0,"{""conflicting_task_ownership"": 0, ""duplicate_execution"": 0, ""contradictory_reassignment"": 0, ""incompatible_mission_state"": 0, ""inconsistent_anomaly_state"": 0}",0.0,0.0,0.0,0.31906158357771264,4352,9288,13640,timeout,40.0,"{""ALLOW_LOW_RISK"": 487, ""DEFER_DEGRADED"": 144, ""DENY_CONNECTIVITY_POLICY"": 209}","{""fresh"": 222, ""aging"": 46, ""stale"": 85, ""hard_expired"": 0}","{""fresh"": {""proposed"": 222, ""ALLOW"": 0, ""DENY"": 78, ""DEFER"": 144, ""fraction_of_consequential"": 0.6288951841359773}, ""aging"": {""proposed"": 46, ""ALLOW"": 0, ""DENY"": 46, ""DEFER"": 0, ""fraction_of_consequential"": 0.13031161473087818}, ""stale"": {""proposed"": 85, ""ALLOW"": 0, ""DENY"": 85, ""DEFER"": 0, ""fraction_of_consequential"": 0.24079320113314448}, ""hard_expired"": {""proposed"": 0, ""ALLOW"": 0, ""DENY"": 0, ""DEFER"": 0, ""fraction_of_consequential"": 0.0}}","{""CONNECTED"": {""proposed"": 0, ""ALLOW"": 0.0, ""DENY"": 0.0, ""DEFER"": 0.0, ""fraction_of_consequential"": 0.0}, ""DEGRADED"": {""proposed"": 144, ""ALLOW"": 0.0, ""DENY"": 0.0, ""DEFER"": 1.0, ""fraction_of_consequential"": 0.40793201133144474}, ""PARTITIONED"": {""proposed"": 199, ""ALLOW"": 0.0, ""DENY"": 1.0, ""DEFER"": 0.0, ""fraction_of_consequential"": 0.5637393767705382}, ""ISOLATED"": {""proposed"": 0, ""ALLOW"": 0.0, ""DENY"": 0.0, ""DEFER"": 0.0, ""fraction_of_consequential"": 0.0}, ""RECOVERING"": {""proposed"": 10, ""ALLOW"": 0.0, ""DENY"": 1.0, ""DEFER"": 0.0, ""fraction_of_consequential"": 0.028328611898016998}}",b0d804b41d6f708612dc345c3e165ef89bc8bd77,ee6febcb394c5d3e
B5_nominal,paper_ssp_200m_strong_v1,750,750.0,1,tr_6c0fce5b4aa8_gpu,-77.08455,-23.08455,9,"{""conflicting_task_ownership"": 0, ""duplicate_execution"": 0, ""contradictory_reassignment"": 1, ""incompatible_mission_state"": 4, ""inconsistent_anomaly_state"": 4}",0.6470588235294118,0.9294117647058824,0.9294117647058824,0.31887456037514655,4352,9296,13648,timeout,40.0,"{""ALLOW_LOW_RISK"": 755, ""ALLOW_AUTHORIZED"": 85}","{""fresh"": 76, ""aging"": 4, ""stale"": 5, ""hard_expired"": 0}","{""fresh"": {""proposed"": 76, ""ALLOW"": 76, ""DENY"": 0, ""DEFER"": 0, ""fraction_of_consequential"": 0.8941176470588236}, ""aging"": {""proposed"": 4, ""ALLOW"": 4, ""DENY"": 0, ""DEFER"": 0, ""fraction_of_consequential"": 0.047058823529411764}, ""stale"": {""proposed"": 5, ""ALLOW"": 5, ""DENY"": 0, ""DEFER"": 0, ""fraction_of_consequential"": 0.058823529411764705}, ""hard_expired"": {""proposed"": 0, ""ALLOW"": 0, ""DENY"": 0, ""DEFER"": 0, ""fraction_of_consequential"": 0.0}}","{""CONNECTED"": {""proposed"": 0, ""ALLOW"": 0.0, ""DENY"": 0.0, ""DEFER"": 0.0, ""fraction_of_consequential"": 0.0}, ""DEGRADED"": {""proposed"": 30, ""ALLOW"": 1.0, ""DENY"": 0.0, ""DEFER"": 0.0, ""fraction_of_consequential"": 0.35294117647058826}, ""PARTITIONED"": {""proposed"": 53, ""ALLOW"": 1.0, ""DENY"": 0.0, ""DEFER"": 0.0, ""fraction_of_consequential"": 0.6235294117647059}, ""ISOLATED"": {""proposed"": 0, ""ALLOW"": 0.0, ""DENY"": 0.0, ""DEFER"": 0.0, ""fraction_of_consequential"": 0.0}, ""RECOVERING"": {""proposed"": 2, ""ALLOW"": 1.0, ""DENY"": 0.0, ""DEFER"": 0.0, ""fraction_of_consequential"": 0.023529411764705882}}",b0d804b41d6f708612dc345c3e165ef89bc8bd77,ee6febcb394c5d3e
B5_permissive,paper_ssp_200m_strong_v1,750,750.0,1,tr_6c0fce5b4aa8_gpu,-77.08455,-23.08455,9,"{""conflicting_task_ownership"": 0, ""duplicate_execution"": 0, ""contradictory_reassignment"": 1, ""incompatible_mission_state"": 4, ""inconsistent_anomaly_state"": 4}",0.6470588235294118,0.9294117647058824,0.9294117647058824,0.31887456037514655,4352,9296,13648,timeout,40.0,"{""ALLOW_LOW_RISK"": 755, ""ALLOW_AUTHORIZED"": 85}","{""fresh"": 76, ""aging"": 4, ""stale"": 5, ""hard_expired"": 0}","{""fresh"": {""proposed"": 76, ""ALLOW"": 76, ""DENY"": 0, ""DEFER"": 0, ""fraction_of_consequential"": 0.8941176470588236}, ""aging"": {""proposed"": 4, ""ALLOW"": 4, ""DENY"": 0, ""DEFER"": 0, ""fraction_of_consequential"": 0.047058823529411764}, ""stale"": {""proposed"": 5, ""ALLOW"": 5, ""DENY"": 0, ""DEFER"": 0, ""fraction_of_consequential"": 0.058823529411764705}, ""hard_expired"": {""proposed"": 0, ""ALLOW"": 0, ""DENY"": 0, ""DEFER"": 0, ""fraction_of_consequential"": 0.0}}","{""CONNECTED"": {""proposed"": 0, ""ALLOW"": 0.0, ""DENY"": 0.0, ""DEFER"": 0.0, ""fraction_of_consequential"": 0.0}, ""DEGRADED"": {""proposed"": 30, ""ALLOW"": 1.0, ""DENY"": 0.0, ""DEFER"": 0.0, ""fraction_of_consequential"": 0.35294117647058826}, ""PARTITIONED"": {""proposed"": 53, ""ALLOW"": 1.0, ""DENY"": 0.0, ""DEFER"": 0.0, ""fraction_of_consequential"": 0.6235294117647059}, ""ISOLATED"": {""proposed"": 0, ""ALLOW"": 0.0, ""DENY"": 0.0, ""DEFER"": 0.0, ""fraction_of_consequential"": 0.0}, ""RECOVERING"": {""proposed"": 2, ""ALLOW"": 1.0, ""DENY"": 0.0, ""DEFER"": 0.0, ""fraction_of_consequential"": 0.023529411764705882}}",b0d804b41d6f708612dc345c3e165ef89bc8bd77,ee6febcb394c5d3e
B1,paper_ssp_200m_strong_v1,1000,1000.0,1,tr_6c0fce5b4aa8_gpu,47.9229,53.9229,1,"{""conflicting_task_ownership"": 0, ""duplicate_execution"": 0, ""contradictory_reassignment"": 0, ""incompatible_mission_state"": 1, ""inconsistent_anomaly_state"": 0}",0.5050505050505051,0.6767676767676768,0.9852941176470589,0.31887456037514655,4352,9296,13648,timeout,40.0,"{""ALLOW_LOW_RISK"": 705, ""ALLOW_AUTHORIZED"": 68, ""DENY_SUPERVISOR_UNREACHABLE"": 29, ""DENY_FORBIDDEN"": 36, ""DENY_RECOVERING_CONSEQUENTIAL"": 2}","{""fresh"": 76, ""aging"": 6, ""stale"": 11, ""hard_expired"": 6}","{""fresh"": {""proposed"": 76, ""ALLOW"": 68, ""DENY"": 8, ""DEFER"": 0, ""fraction_of_consequential"": 0.7676767676767676}, ""aging"": {""proposed"": 6, ""ALLOW"": 0, ""DENY"": 6, ""DEFER"": 0, ""fraction_of_consequential"": 0.06060606060606061}, ""stale"": {""proposed"": 11, ""ALLOW"": 0, ""DENY"": 11, ""DEFER"": 0, ""fraction_of_consequential"": 0.1111111111111111}, ""hard_expired"": {""proposed"": 6, ""ALLOW"": 0, ""DENY"": 6, ""DEFER"": 0, ""fraction_of_consequential"": 0.06060606060606061}}","{""CONNECTED"": {""proposed"": 0, ""ALLOW"": 0.0, ""DENY"": 0.0, ""DEFER"": 0.0, ""fraction_of_consequential"": 0.0}, ""DEGRADED"": {""proposed"": 18, ""ALLOW"": 1.0, ""DENY"": 0.0, ""DEFER"": 0.0, ""fraction_of_consequential"": 0.18181818181818182}, ""PARTITIONED"": {""proposed"": 79, ""ALLOW"": 0.6329113924050633, ""DENY"": 0.3670886075949367, ""DEFER"": 0.0, ""fraction_of_consequential"": 0.797979797979798}, ""ISOLATED"": {""proposed"": 0, ""ALLOW"": 0.0, ""DENY"": 0.0, ""DEFER"": 0.0, ""fraction_of_consequential"": 0.0}, ""RECOVERING"": {""proposed"": 2, ""ALLOW"": 0.0, ""DENY"": 1.0, ""DEFER"": 0.0, ""fraction_of_consequential"": 0.020202020202020204}}",b0d804b41d6f708612dc345c3e165ef89bc8bd77,fad64be7daa3d34d
B2,paper_ssp_200m_strong_v1,1000,1000.0,1,tr_6c0fce5b4aa8_gpu,-117.08815,-63.08815,9,"{""conflicting_task_ownership"": 0, ""duplicate_execution"": 0, ""contradictory_reassignment"": 1, ""incompatible_mission_state"": 4, ""inconsistent_anomaly_state"": 4}",0.797752808988764,0.9325842696629213,0.9325842696629213,0.31887456037514655,4352,9296,13648,timeout,40.0,"{""ALLOW_AUTHORIZED"": 840}","{""fresh"": 76, ""aging"": 4, ""stale"": 5, ""hard_expired"": 4}","{""fresh"": {""proposed"": 76, ""ALLOW"": 76, ""DENY"": 0, ""DEFER"": 0, ""fraction_of_consequential"": 0.8539325842696629}, ""aging"": {""proposed"": 4, ""ALLOW"": 4, ""DENY"": 0, ""DEFER"": 0, ""fraction_of_consequential"": 0.0449438202247191}, ""stale"": {""proposed"": 5, ""ALLOW"": 5, ""DENY"": 0, ""DEFER"": 0, ""fraction_of_consequential"": 0.056179775280898875}, ""hard_expired"": {""proposed"": 4, ""ALLOW"": 4, ""DENY"": 0, ""DEFER"": 0, ""fraction_of_consequential"": 0.0449438202247191}}","{""CONNECTED"": {""proposed"": 0, ""ALLOW"": 0.0, ""DENY"": 0.0, ""DEFER"": 0.0, ""fraction_of_consequential"": 0.0}, ""DEGRADED"": {""proposed"": 18, ""ALLOW"": 1.0, ""DENY"": 0.0, ""DEFER"": 0.0, ""fraction_of_consequential"": 0.20224719101123595}, ""PARTITIONED"": {""proposed"": 69, ""ALLOW"": 1.0, ""DENY"": 0.0, ""DEFER"": 0.0, ""fraction_of_consequential"": 0.7752808988764045}, ""ISOLATED"": {""proposed"": 0, ""ALLOW"": 0.0, ""DENY"": 0.0, ""DEFER"": 0.0, ""fraction_of_consequential"": 0.0}, ""RECOVERING"": {""proposed"": 2, ""ALLOW"": 1.0, ""DENY"": 0.0, ""DEFER"": 0.0, ""fraction_of_consequential"": 0.02247191011235955}}",b0d804b41d6f708612dc345c3e165ef89bc8bd77,fad64be7daa3d34d
B3,paper_ssp_200m_strong_v1,1000,1000.0,1,tr_6c0fce5b4aa8_gpu,-30.0449,-30.0449,0,"{""conflicting_task_ownership"": 0, ""duplicate_execution"": 0, ""contradictory_reassignment"": 0, ""incompatible_mission_state"": 0, ""inconsistent_anomaly_state"": 0}",0.0,0.0,0.0,0.31906158357771264,4352,9288,13640,timeout,40.0,"{""ALLOW_LOW_RISK"": 483, ""DENY_STATIC_BOUND"": 357}","{""fresh"": 174, ""aging"": 46, ""stale"": 107, ""hard_expired"": 30}","{""fresh"": {""proposed"": 174, ""ALLOW"": 0, ""DENY"": 174, ""DEFER"": 0, ""fraction_of_consequential"": 0.48739495798319327}, ""aging"": {""proposed"": 46, ""ALLOW"": 0, ""DENY"": 46, ""DEFER"": 0, ""fraction_of_consequential"": 0.12885154061624648}, ""stale"": {""proposed"": 107, ""ALLOW"": 0, ""DENY"": 107, ""DEFER"": 0, ""fraction_of_consequential"": 0.29971988795518206}, ""hard_expired"": {""proposed"": 30, ""ALLOW"": 0, ""DENY"": 30, ""DEFER"": 0, ""fraction_of_consequential"": 0.08403361344537816}}","{""CONNECTED"": {""proposed"": 0, ""ALLOW"": 0.0, ""DENY"": 0.0, ""DEFER"": 0.0, ""fraction_of_consequential"": 0.0}, ""DEGRADED"": {""proposed"": 84, ""ALLOW"": 0.0, ""DENY"": 1.0, ""DEFER"": 0.0, ""fraction_of_consequential"": 0.23529411764705882}, ""PARTITIONED"": {""proposed"": 263, ""ALLOW"": 0.0, ""DENY"": 1.0, ""DEFER"": 0.0, ""fraction_of_consequential"": 0.7366946778711485}, ""ISOLATED"": {""proposed"": 0, ""ALLOW"": 0.0, ""DENY"": 0.0, ""DEFER"": 0.0, ""fraction_of_consequential"": 0.0}, ""RECOVERING"": {""proposed"": 10, ""ALLOW"": 0.0, ""DENY"": 1.0, ""DEFER"": 0.0, ""fraction_of_consequential"": 0.028011204481792718}}",b0d804b41d6f708612dc345c3e165ef89bc8bd77,fad64be7daa3d34d
B4,paper_ssp_200m_strong_v1,1000,1000.0,1,tr_6c0fce5b4aa8_gpu,-14.0774,21.9226,6,"{""conflicting_task_ownership"": 0, ""duplicate_execution"": 0, ""contradictory_reassignment"": 1, ""incompatible_mission_state"": 1, ""inconsistent_anomaly_state"": 4}",0.6818181818181818,0.8181818181818182,0.9230769230769231,0.31887456037514655,4352,9296,13648,timeout,40.0,"{""ALLOW_LOW_RISK"": 714, ""ALLOW_AUTHORIZED"": 78, ""DENY_FORBIDDEN"": 42, ""DENY_HARD_EXPIRY"": 4, ""DENY_RECOVERING_HARD_SAFETY"": 2}","{""fresh"": 76, ""aging"": 4, ""stale"": 4, ""hard_expired"": 4}","{""fresh"": {""proposed"": 76, ""ALLOW"": 74, ""DENY"": 2, ""DEFER"": 0, ""fraction_of_consequential"": 0.8636363636363636}, ""aging"": {""proposed"": 4, ""ALLOW"": 4, ""DENY"": 0, ""DEFER"": 0, ""fraction_of_consequential"": 0.045454545454545456}, ""stale"": {""proposed"": 4, ""ALLOW"": 0, ""DENY"": 4, ""DEFER"": 0, ""fraction_of_consequential"": 0.045454545454545456}, ""hard_expired"": {""proposed"": 4, ""ALLOW"": 0, ""DENY"": 4, ""DEFER"": 0, ""fraction_of_consequential"": 0.045454545454545456}}","{""CONNECTED"": {""proposed"": 0, ""ALLOW"": 0.0, ""DENY"": 0.0, ""DEFER"": 0.0, ""fraction_of_consequential"": 0.0}, ""DEGRADED"": {""proposed"": 18, ""ALLOW"": 1.0, ""DENY"": 0.0, ""DEFER"": 0.0, ""fraction_of_consequential"": 0.20454545454545456}, ""PARTITIONED"": {""proposed"": 68, ""ALLOW"": 0.8823529411764706, ""DENY"": 0.11764705882352941, ""DEFER"": 0.0, ""fraction_of_consequential"": 0.7727272727272727}, ""ISOLATED"": {""proposed"": 0, ""ALLOW"": 0.0, ""DENY"": 0.0, ""DEFER"": 0.0, ""fraction_of_consequential"": 0.0}, ""RECOVERING"": {""proposed"": 2, ""ALLOW"": 0.0, ""DENY"": 1.0, ""DEFER"": 0.0, ""fraction_of_consequential"": 0.022727272727272728}}",b0d804b41d6f708612dc345c3e165ef89bc8bd77,fad64be7daa3d34d
B5_conservative,paper_ssp_200m_strong_v1,1000,1000.0,1,tr_6c0fce5b4aa8_gpu,-30.0449,-30.0449,0,"{""conflicting_task_ownership"": 0, ""duplicate_execution"": 0, ""contradictory_reassignment"": 0, ""incompatible_mission_state"": 0, ""inconsistent_anomaly_state"": 0}",0.0,0.0,0.0,0.31906158357771264,4352,9288,13640,timeout,40.0,"{""ALLOW_LOW_RISK"": 483, ""DEFER_DEGRADED"": 84, ""DENY_CONNECTIVITY_POLICY"": 273}","{""fresh"": 174, ""aging"": 46, ""stale"": 107, ""hard_expired"": 30}","{""fresh"": {""proposed"": 174, ""ALLOW"": 0, ""DENY"": 90, ""DEFER"": 84, ""fraction_of_consequential"": 0.48739495798319327}, ""aging"": {""proposed"": 46, ""ALLOW"": 0, ""DENY"": 46, ""DEFER"": 0, ""fraction_of_consequential"": 0.12885154061624648}, ""stale"": {""proposed"": 107, ""ALLOW"": 0, ""DENY"": 107, ""DEFER"": 0, ""fraction_of_consequential"": 0.29971988795518206}, ""hard_expired"": {""proposed"": 30, ""ALLOW"": 0, ""DENY"": 30, ""DEFER"": 0, ""fraction_of_consequential"": 0.08403361344537816}}","{""CONNECTED"": {""proposed"": 0, ""ALLOW"": 0.0, ""DENY"": 0.0, ""DEFER"": 0.0, ""fraction_of_consequential"": 0.0}, ""DEGRADED"": {""proposed"": 84, ""ALLOW"": 0.0, ""DENY"": 0.0, ""DEFER"": 1.0, ""fraction_of_consequential"": 0.23529411764705882}, ""PARTITIONED"": {""proposed"": 263, ""ALLOW"": 0.0, ""DENY"": 1.0, ""DEFER"": 0.0, ""fraction_of_consequential"": 0.7366946778711485}, ""ISOLATED"": {""proposed"": 0, ""ALLOW"": 0.0, ""DENY"": 0.0, ""DEFER"": 0.0, ""fraction_of_consequential"": 0.0}, ""RECOVERING"": {""proposed"": 10, ""ALLOW"": 0.0, ""DENY"": 1.0, ""DEFER"": 0.0, ""fraction_of_consequential"": 0.028011204481792718}}",b0d804b41d6f708612dc345c3e165ef89bc8bd77,fad64be7daa3d34d
B5_nominal,paper_ssp_200m_strong_v1,1000,1000.0,1,tr_6c0fce5b4aa8_gpu,-117.08815,-63.08815,9,"{""conflicting_task_ownership"": 0, ""duplicate_execution"": 0, ""contradictory_reassignment"": 1, ""incompatible_mission_state"": 4, ""inconsistent_anomaly_state"": 4}",0.797752808988764,0.9325842696629213,0.9325842696629213,0.31887456037514655,4352,9296,13648,timeout,40.0,"{""ALLOW_LOW_RISK"": 751, ""ALLOW_AUTHORIZED"": 89}","{""fresh"": 76, ""aging"": 4, ""stale"": 5, ""hard_expired"": 4}","{""fresh"": {""proposed"": 76, ""ALLOW"": 76, ""DENY"": 0, ""DEFER"": 0, ""fraction_of_consequential"": 0.8539325842696629}, ""aging"": {""proposed"": 4, ""ALLOW"": 4, ""DENY"": 0, ""DEFER"": 0, ""fraction_of_consequential"": 0.0449438202247191}, ""stale"": {""proposed"": 5, ""ALLOW"": 5, ""DENY"": 0, ""DEFER"": 0, ""fraction_of_consequential"": 0.056179775280898875}, ""hard_expired"": {""proposed"": 4, ""ALLOW"": 4, ""DENY"": 0, ""DEFER"": 0, ""fraction_of_consequential"": 0.0449438202247191}}","{""CONNECTED"": {""proposed"": 0, ""ALLOW"": 0.0, ""DENY"": 0.0, ""DEFER"": 0.0, ""fraction_of_consequential"": 0.0}, ""DEGRADED"": {""proposed"": 18, ""ALLOW"": 1.0, ""DENY"": 0.0, ""DEFER"": 0.0, ""fraction_of_consequential"": 0.20224719101123595}, ""PARTITIONED"": {""proposed"": 69, ""ALLOW"": 1.0, ""DENY"": 0.0, ""DEFER"": 0.0, ""fraction_of_consequential"": 0.7752808988764045}, ""ISOLATED"": {""proposed"": 0, ""ALLOW"": 0.0, ""DENY"": 0.0, ""DEFER"": 0.0, ""fraction_of_consequential"": 0.0}, ""RECOVERING"": {""proposed"": 2, ""ALLOW"": 1.0, ""DENY"": 0.0, ""DEFER"": 0.0, ""fraction_of_consequential"": 0.02247191011235955}}",b0d804b41d6f708612dc345c3e165ef89bc8bd77,fad64be7daa3d34d
B5_permissive,paper_ssp_200m_strong_v1,1000,1000.0,1,tr_6c0fce5b4aa8_gpu,-117.08815,-63.08815,9,"{""conflicting_task_ownership"": 0, ""duplicate_execution"": 0, ""contradictory_reassignment"": 1, ""incompatible_mission_state"": 4, ""inconsistent_anomaly_state"": 4}",0.797752808988764,0.9325842696629213,0.9325842696629213,0.31887456037514655,4352,9296,13648,timeout,40.0,"{""ALLOW_LOW_RISK"": 751, ""ALLOW_AUTHORIZED"": 89}","{""fresh"": 76, ""aging"": 4, ""stale"": 5, ""hard_expired"": 4}","{""fresh"": {""proposed"": 76, ""ALLOW"": 76, ""DENY"": 0, ""DEFER"": 0, ""fraction_of_consequential"": 0.8539325842696629}, ""aging"": {""proposed"": 4, ""ALLOW"": 4, ""DENY"": 0, ""DEFER"": 0, ""fraction_of_consequential"": 0.0449438202247191}, ""stale"": {""proposed"": 5, ""ALLOW"": 5, ""DENY"": 0, ""DEFER"": 0, ""fraction_of_consequential"": 0.056179775280898875}, ""hard_expired"": {""proposed"": 4, ""ALLOW"": 4, ""DENY"": 0, ""DEFER"": 0, ""fraction_of_consequential"": 0.0449438202247191}}","{""CONNECTED"": {""proposed"": 0, ""ALLOW"": 0.0, ""DENY"": 0.0, ""DEFER"": 0.0, ""fraction_of_consequential"": 0.0}, ""DEGRADED"": {""proposed"": 18, ""ALLOW"": 1.0, ""DENY"": 0.0, ""DEFER"": 0.0, ""fraction_of_consequential"": 0.20224719101123595}, ""PARTITIONED"": {""proposed"": 69, ""ALLOW"": 1.0, ""DENY"": 0.0, ""DEFER"": 0.0, ""fraction_of_consequential"": 0.7752808988764045}, ""ISOLATED"": {""proposed"": 0, ""ALLOW"": 0.0, ""DENY"": 0.0, ""DEFER"": 0.0, ""fraction_of_consequential"": 0.0}, ""RECOVERING"": {""proposed"": 2, ""ALLOW"": 1.0, ""DENY"": 0.0, ""DEFER"": 0.0, ""fraction_of_consequential"": 0.02247191011235955}}",b0d804b41d6f708612dc345c3e165ef89bc8bd77,fad64be7daa3d34d
B1,paper_ssp_200m_strong_v1,0,0.0,2,tr_e18b2f198ce8_gpu,47.9171,53.9171,1,"{""conflicting_task_ownership"": 0, ""duplicate_execution"": 0, ""contradictory_reassignment"": 0, ""incompatible_mission_state"": 1, ""inconsistent_anomaly_state"": 0}",0.0,0.9857142857142858,0.9857142857142858,0.7661971830985915,4352,1328,5680,idle,0.0,"{""ALLOW_LOW_RISK"": 770, ""ALLOW_AUTHORIZED"": 70}","{""fresh"": 70, ""aging"": 0, ""stale"": 0, ""hard_expired"": 0}","{""fresh"": {""proposed"": 70, ""ALLOW"": 70, ""DENY"": 0, ""DEFER"": 0, ""fraction_of_consequential"": 1.0}, ""aging"": {""proposed"": 0, ""ALLOW"": 0, ""DENY"": 0, ""DEFER"": 0, ""fraction_of_consequential"": 0.0}, ""stale"": {""proposed"": 0, ""ALLOW"": 0, ""DENY"": 0, ""DEFER"": 0, ""fraction_of_consequential"": 0.0}, ""hard_expired"": {""proposed"": 0, ""ALLOW"": 0, ""DENY"": 0, ""DEFER"": 0, ""fraction_of_consequential"": 0.0}}","{""CONNECTED"": {""proposed"": 0, ""ALLOW"": 0.0, ""DENY"": 0.0, ""DEFER"": 0.0, ""fraction_of_consequential"": 0.0}, ""DEGRADED"": {""proposed"": 70, ""ALLOW"": 1.0, ""DENY"": 0.0, ""DEFER"": 0.0, ""fraction_of_consequential"": 1.0}, ""PARTITIONED"": {""proposed"": 0, ""ALLOW"": 0.0, ""DENY"": 0.0, ""DEFER"": 0.0, ""fraction_of_consequential"": 0.0}, ""ISOLATED"": {""proposed"": 0, ""ALLOW"": 0.0, ""DENY"": 0.0, ""DEFER"": 0.0, ""fraction_of_consequential"": 0.0}, ""RECOVERING"": {""proposed"": 0, ""ALLOW"": 0.0, ""DENY"": 0.0, ""DEFER"": 0.0, ""fraction_of_consequential"": 0.0}}",b0d804b41d6f708612dc345c3e165ef89bc8bd77,cdd25951e571f45a
B2,paper_ssp_200m_strong_v1,0,0.0,2,tr_e18b2f198ce8_gpu,47.9171,53.9171,1,"{""conflicting_task_ownership"": 0, ""duplicate_execution"": 0, ""contradictory_reassignment"": 0, ""incompatible_mission_state"": 1, ""inconsistent_anomaly_state"": 0}",0.0,0.9857142857142858,0.9857142857142858,0.7661971830985915,4352,1328,5680,idle,0.0,"{""ALLOW_AUTHORIZED"": 840}","{""fresh"": 70, ""aging"": 0, ""stale"": 0, ""hard_expired"": 0}","{""fresh"": {""proposed"": 70, ""ALLOW"": 70, ""DENY"": 0, ""DEFER"": 0, ""fraction_of_consequential"": 1.0}, ""aging"": {""proposed"": 0, ""ALLOW"": 0, ""DENY"": 0, ""DEFER"": 0, ""fraction_of_consequential"": 0.0}, ""stale"": {""proposed"": 0, ""ALLOW"": 0, ""DENY"": 0, ""DEFER"": 0, ""fraction_of_consequential"": 0.0}, ""hard_expired"": {""proposed"": 0, ""ALLOW"": 0, ""DENY"": 0, ""DEFER"": 0, ""fraction_of_consequential"": 0.0}}","{""CONNECTED"": {""proposed"": 0, ""ALLOW"": 0.0, ""DENY"": 0.0, ""DEFER"": 0.0, ""fraction_of_consequential"": 0.0}, ""DEGRADED"": {""proposed"": 70, ""ALLOW"": 1.0, ""DENY"": 0.0, ""DEFER"": 0.0, ""fraction_of_consequential"": 1.0}, ""PARTITIONED"": {""proposed"": 0, ""ALLOW"": 0.0, ""DENY"": 0.0, ""DEFER"": 0.0, ""fraction_of_consequential"": 0.0}, ""ISOLATED"": {""proposed"": 0, ""ALLOW"": 0.0, ""DENY"": 0.0, ""DEFER"": 0.0, ""fraction_of_consequential"": 0.0}, ""RECOVERING"": {""proposed"": 0, ""ALLOW"": 0.0, ""DENY"": 0.0, ""DEFER"": 0.0, ""fraction_of_consequential"": 0.0}}",b0d804b41d6f708612dc345c3e165ef89bc8bd77,cdd25951e571f45a
B3,paper_ssp_200m_strong_v1,0,0.0,2,tr_e18b2f198ce8_gpu,-30.0462,-30.0462,0,"{""conflicting_task_ownership"": 0, ""duplicate_execution"": 0, ""contradictory_reassignment"": 0, ""incompatible_mission_state"": 0, ""inconsistent_anomaly_state"": 0}",0.0,0.0,0.0,0.767277856135402,4352,1320,5672,idle,0.0,"{""ALLOW_LOW_RISK"": 496, ""DENY_STATIC_BOUND"": 344}","{""fresh"": 344, ""aging"": 0, ""stale"": 0, ""hard_expired"": 0}","{""fresh"": {""proposed"": 344, ""ALLOW"": 0, ""DENY"": 344, ""DEFER"": 0, ""fraction_of_consequential"": 1.0}, ""aging"": {""proposed"": 0, ""ALLOW"": 0, ""DENY"": 0, ""DEFER"": 0, ""fraction_of_consequential"": 0.0}, ""stale"": {""proposed"": 0, ""ALLOW"": 0, ""DENY"": 0, ""DEFER"": 0, ""fraction_of_consequential"": 0.0}, ""hard_expired"": {""proposed"": 0, ""ALLOW"": 0, ""DENY"": 0, ""DEFER"": 0, ""fraction_of_consequential"": 0.0}}","{""CONNECTED"": {""proposed"": 0, ""ALLOW"": 0.0, ""DENY"": 0.0, ""DEFER"": 0.0, ""fraction_of_consequential"": 0.0}, ""DEGRADED"": {""proposed"": 344, ""ALLOW"": 0.0, ""DENY"": 1.0, ""DEFER"": 0.0, ""fraction_of_consequential"": 1.0}, ""PARTITIONED"": {""proposed"": 0, ""ALLOW"": 0.0, ""DENY"": 0.0, ""DEFER"": 0.0, ""fraction_of_consequential"": 0.0}, ""ISOLATED"": {""proposed"": 0, ""ALLOW"": 0.0, ""DENY"": 0.0, ""DEFER"": 0.0, ""fraction_of_consequential"": 0.0}, ""RECOVERING"": {""proposed"": 0, ""ALLOW"": 0.0, ""DENY"": 0.0, ""DEFER"": 0.0, ""fraction_of_consequential"": 0.0}}",b0d804b41d6f708612dc345c3e165ef89bc8bd77,cdd25951e571f45a
B4,paper_ssp_200m_strong_v1,0,0.0,2,tr_e18b2f198ce8_gpu,47.9171,53.9171,1,"{""conflicting_task_ownership"": 0, ""duplicate_execution"": 0, ""contradictory_reassignment"": 0, ""incompatible_mission_state"": 1, ""inconsistent_anomaly_state"": 0}",0.0,0.9857142857142858,0.9857142857142858,0.7661971830985915,4352,1328,5680,idle,0.0,"{""ALLOW_LOW_RISK"": 770, ""ALLOW_AUTHORIZED"": 70}","{""fresh"": 70, ""aging"": 0, ""stale"": 0, ""hard_expired"": 0}","{""fresh"": {""proposed"": 70, ""ALLOW"": 70, ""DENY"": 0, ""DEFER"": 0, ""fraction_of_consequential"": 1.0}, ""aging"": {""proposed"": 0, ""ALLOW"": 0, ""DENY"": 0, ""DEFER"": 0, ""fraction_of_consequential"": 0.0}, ""stale"": {""proposed"": 0, ""ALLOW"": 0, ""DENY"": 0, ""DEFER"": 0, ""fraction_of_consequential"": 0.0}, ""hard_expired"": {""proposed"": 0, ""ALLOW"": 0, ""DENY"": 0, ""DEFER"": 0, ""fraction_of_consequential"": 0.0}}","{""CONNECTED"": {""proposed"": 0, ""ALLOW"": 0.0, ""DENY"": 0.0, ""DEFER"": 0.0, ""fraction_of_consequential"": 0.0}, ""DEGRADED"": {""proposed"": 70, ""ALLOW"": 1.0, ""DENY"": 0.0, ""DEFER"": 0.0, ""fraction_of_consequential"": 1.0}, ""PARTITIONED"": {""proposed"": 0, ""ALLOW"": 0.0, ""DENY"": 0.0, ""DEFER"": 0.0, ""fraction_of_consequential"": 0.0}, ""ISOLATED"": {""proposed"": 0, ""ALLOW"": 0.0, ""DENY"": 0.0, ""DEFER"": 0.0, ""fraction_of_consequential"": 0.0}, ""RECOVERING"": {""proposed"": 0, ""ALLOW"": 0.0, ""DENY"": 0.0, ""DEFER"": 0.0, ""fraction_of_consequential"": 0.0}}",b0d804b41d6f708612dc345c3e165ef89bc8bd77,cdd25951e571f45a
B5_conservative,paper_ssp_200m_strong_v1,0,0.0,2,tr_e18b2f198ce8_gpu,-30.0462,-30.0462,0,"{""conflicting_task_ownership"": 0, ""duplicate_execution"": 0, ""contradictory_reassignment"": 0, ""incompatible_mission_state"": 0, ""inconsistent_anomaly_state"": 0}",0.0,0.0,0.0,0.767277856135402,4352,1320,5672,idle,0.0,"{""ALLOW_LOW_RISK"": 496, ""DEFER_DEGRADED"": 344}","{""fresh"": 344, ""aging"": 0, ""stale"": 0, ""hard_expired"": 0}","{""fresh"": {""proposed"": 344, ""ALLOW"": 0, ""DENY"": 0, ""DEFER"": 344, ""fraction_of_consequential"": 1.0}, ""aging"": {""proposed"": 0, ""ALLOW"": 0, ""DENY"": 0, ""DEFER"": 0, ""fraction_of_consequential"": 0.0}, ""stale"": {""proposed"": 0, ""ALLOW"": 0, ""DENY"": 0, ""DEFER"": 0, ""fraction_of_consequential"": 0.0}, ""hard_expired"": {""proposed"": 0, ""ALLOW"": 0, ""DENY"": 0, ""DEFER"": 0, ""fraction_of_consequential"": 0.0}}","{""CONNECTED"": {""proposed"": 0, ""ALLOW"": 0.0, ""DENY"": 0.0, ""DEFER"": 0.0, ""fraction_of_consequential"": 0.0}, ""DEGRADED"": {""proposed"": 344, ""ALLOW"": 0.0, ""DENY"": 0.0, ""DEFER"": 1.0, ""fraction_of_consequential"": 1.0}, ""PARTITIONED"": {""proposed"": 0, ""ALLOW"": 0.0, ""DENY"": 0.0, ""DEFER"": 0.0, ""fraction_of_consequential"": 0.0}, ""ISOLATED"": {""proposed"": 0, ""ALLOW"": 0.0, ""DENY"": 0.0, ""DEFER"": 0.0, ""fraction_of_consequential"": 0.0}, ""RECOVERING"": {""proposed"": 0, ""ALLOW"": 0.0, ""DENY"": 0.0, ""DEFER"": 0.0, ""fraction_of_consequential"": 0.0}}",b0d804b41d6f708612dc345c3e165ef89bc8bd77,cdd25951e571f45a
B5_nominal,paper_ssp_200m_strong_v1,0,0.0,2,tr_e18b2f198ce8_gpu,47.9171,53.9171,1,"{""conflicting_task_ownership"": 0, ""duplicate_execution"": 0, ""contradictory_reassignment"": 0, ""incompatible_mission_state"": 1, ""inconsistent_anomaly_state"": 0}",0.0,0.9857142857142858,0.9857142857142858,0.7661971830985915,4352,1328,5680,idle,0.0,"{""ALLOW_LOW_RISK"": 770, ""ALLOW_AUTHORIZED"": 70}","{""fresh"": 70, ""aging"": 0, ""stale"": 0, ""hard_expired"": 0}","{""fresh"": {""proposed"": 70, ""ALLOW"": 70, ""DENY"": 0, ""DEFER"": 0, ""fraction_of_consequential"": 1.0}, ""aging"": {""proposed"": 0, ""ALLOW"": 0, ""DENY"": 0, ""DEFER"": 0, ""fraction_of_consequential"": 0.0}, ""stale"": {""proposed"": 0, ""ALLOW"": 0, ""DENY"": 0, ""DEFER"": 0, ""fraction_of_consequential"": 0.0}, ""hard_expired"": {""proposed"": 0, ""ALLOW"": 0, ""DENY"": 0, ""DEFER"": 0, ""fraction_of_consequential"": 0.0}}","{""CONNECTED"": {""proposed"": 0, ""ALLOW"": 0.0, ""DENY"": 0.0, ""DEFER"": 0.0, ""fraction_of_consequential"": 0.0}, ""DEGRADED"": {""proposed"": 70, ""ALLOW"": 1.0, ""DENY"": 0.0, ""DEFER"": 0.0, ""fraction_of_consequential"": 1.0}, ""PARTITIONED"": {""proposed"": 0, ""ALLOW"": 0.0, ""DENY"": 0.0, ""DEFER"": 0.0, ""fraction_of_consequential"": 0.0}, ""ISOLATED"": {""proposed"": 0, ""ALLOW"": 0.0, ""DENY"": 0.0, ""DEFER"": 0.0, ""fraction_of_consequential"": 0.0}, ""RECOVERING"": {""proposed"": 0, ""ALLOW"": 0.0, ""DENY"": 0.0, ""DEFER"": 0.0, ""fraction_of_consequential"": 0.0}}",b0d804b41d6f708612dc345c3e165ef89bc8bd77,cdd25951e571f45a
B5_permissive,paper_ssp_200m_strong_v1,0,0.0,2,tr_e18b2f198ce8_gpu,47.9171,53.9171,1,"{""conflicting_task_ownership"": 0, ""duplicate_execution"": 0, ""contradictory_reassignment"": 0, ""incompatible_mission_state"": 1, ""inconsistent_anomaly_state"": 0}",0.0,0.9857142857142858,0.9857142857142858,0.7661971830985915,4352,1328,5680,idle,0.0,"{""ALLOW_LOW_RISK"": 770, ""ALLOW_AUTHORIZED"": 70}","{""fresh"": 70, ""aging"": 0, ""stale"": 0, ""hard_expired"": 0}","{""fresh"": {""proposed"": 70, ""ALLOW"": 70, ""DENY"": 0, ""DEFER"": 0, ""fraction_of_consequential"": 1.0}, ""aging"": {""proposed"": 0, ""ALLOW"": 0, ""DENY"": 0, ""DEFER"": 0, ""fraction_of_consequential"": 0.0}, ""stale"": {""proposed"": 0, ""ALLOW"": 0, ""DENY"": 0, ""DEFER"": 0, ""fraction_of_consequential"": 0.0}, ""hard_expired"": {""proposed"": 0, ""ALLOW"": 0, ""DENY"": 0, ""DEFER"": 0, ""fraction_of_consequential"": 0.0}}","{""CONNECTED"": {""proposed"": 0, ""ALLOW"": 0.0, ""DENY"": 0.0, ""DEFER"": 0.0, ""fraction_of_consequential"": 0.0}, ""DEGRADED"": {""proposed"": 70, ""ALLOW"": 1.0, ""DENY"": 0.0, ""DEFER"": 0.0, ""fraction_of_consequential"": 1.0}, ""PARTITIONED"": {""proposed"": 0, ""ALLOW"": 0.0, ""DENY"": 0.0, ""DEFER"": 0.0, ""fraction_of_consequential"": 0.0}, ""ISOLATED"": {""proposed"": 0, ""ALLOW"": 0.0, ""DENY"": 0.0, ""DEFER"": 0.0, ""fraction_of_consequential"": 0.0}, ""RECOVERING"": {""proposed"": 0, ""ALLOW"": 0.0, ""DENY"": 0.0, ""DEFER"": 0.0, ""fraction_of_consequential"": 0.0}}",b0d804b41d6f708612dc345c3e165ef89bc8bd77,cdd25951e571f45a
B1,paper_ssp_200m_strong_v1,150,150.0,2,tr_e18b2f198ce8_gpu,47.9177,53.9177,1,"{""conflicting_task_ownership"": 0, ""duplicate_execution"": 0, ""contradictory_reassignment"": 0, ""incompatible_mission_state"": 1, ""inconsistent_anomaly_state"": 0}",0.10526315789473684,0.881578947368421,0.9852941176470589,0.45714285714285713,4352,5168,9520,timeout,40.0,"{""ALLOW_LOW_RISK"": 764, ""ALLOW_AUTHORIZED"": 68, ""DENY_SUPERVISOR_UNREACHABLE"": 6, ""DENY_RECOVERING_CONSEQUENTIAL"": 2}","{""fresh"": 76, ""aging"": 0, ""stale"": 0, ""hard_expired"": 0}","{""fresh"": {""proposed"": 76, ""ALLOW"": 68, ""DENY"": 8, ""DEFER"": 0, ""fraction_of_consequential"": 1.0}, ""aging"": {""proposed"": 0, ""ALLOW"": 0, ""DENY"": 0, ""DEFER"": 0, ""fraction_of_consequential"": 0.0}, ""stale"": {""proposed"": 0, ""ALLOW"": 0, ""DENY"": 0, ""DEFER"": 0, ""fraction_of_consequential"": 0.0}, ""hard_expired"": {""proposed"": 0, ""ALLOW"": 0, ""DENY"": 0, ""DEFER"": 0, ""fraction_of_consequential"": 0.0}}","{""CONNECTED"": {""proposed"": 0, ""ALLOW"": 0.0, ""DENY"": 0.0, ""DEFER"": 0.0, ""fraction_of_consequential"": 0.0}, ""DEGRADED"": {""proposed"": 60, ""ALLOW"": 1.0, ""DENY"": 0.0, ""DEFER"": 0.0, ""fraction_of_consequential"": 0.7894736842105263}, ""PARTITIONED"": {""proposed"": 14, ""ALLOW"": 0.5714285714285714, ""DENY"": 0.42857142857142855, ""DEFER"": 0.0, ""fraction_of_consequential"": 0.18421052631578946}, ""ISOLATED"": {""proposed"": 0, ""ALLOW"": 0.0, ""DENY"": 0.0, ""DEFER"": 0.0, ""fraction_of_consequential"": 0.0}, ""RECOVERING"": {""proposed"": 2, ""ALLOW"": 0.0, ""DENY"": 1.0, ""DEFER"": 0.0, ""fraction_of_consequential"": 0.02631578947368421}}",b0d804b41d6f708612dc345c3e165ef89bc8bd77,b6460fe657bbcc5b
B2,paper_ssp_200m_strong_v1,150,150.0,2,tr_e18b2f198ce8_gpu,41.923,53.923,2,"{""conflicting_task_ownership"": 0, ""duplicate_execution"": 0, ""contradictory_reassignment"": 1, ""incompatible_mission_state"": 1, ""inconsistent_anomaly_state"": 0}",0.21052631578947367,0.9210526315789473,0.9210526315789473,0.45714285714285713,4352,5168,9520,timeout,40.0,"{""ALLOW_AUTHORIZED"": 840}","{""fresh"": 76, ""aging"": 0, ""stale"": 0, ""hard_expired"": 0}","{""fresh"": {""proposed"": 76, ""ALLOW"": 76, ""DENY"": 0, ""DEFER"": 0, ""fraction_of_consequential"": 1.0}, ""aging"": {""proposed"": 0, ""ALLOW"": 0, ""DENY"": 0, ""DEFER"": 0, ""fraction_of_consequential"": 0.0}, ""stale"": {""proposed"": 0, ""ALLOW"": 0, ""DENY"": 0, ""DEFER"": 0, ""fraction_of_consequential"": 0.0}, ""hard_expired"": {""proposed"": 0, ""ALLOW"": 0, ""DENY"": 0, ""DEFER"": 0, ""fraction_of_consequential"": 0.0}}","{""CONNECTED"": {""proposed"": 0, ""ALLOW"": 0.0, ""DENY"": 0.0, ""DEFER"": 0.0, ""fraction_of_consequential"": 0.0}, ""DEGRADED"": {""proposed"": 60, ""ALLOW"": 1.0, ""DENY"": 0.0, ""DEFER"": 0.0, ""fraction_of_consequential"": 0.7894736842105263}, ""PARTITIONED"": {""proposed"": 14, ""ALLOW"": 1.0, ""DENY"": 0.0, ""DEFER"": 0.0, ""fraction_of_consequential"": 0.18421052631578946}, ""ISOLATED"": {""proposed"": 0, ""ALLOW"": 0.0, ""DENY"": 0.0, ""DEFER"": 0.0, ""fraction_of_consequential"": 0.0}, ""RECOVERING"": {""proposed"": 2, ""ALLOW"": 1.0, ""DENY"": 0.0, ""DEFER"": 0.0, ""fraction_of_consequential"": 0.02631578947368421}}",b0d804b41d6f708612dc345c3e165ef89bc8bd77,b6460fe657bbcc5b
B3,paper_ssp_200m_strong_v1,150,150.0,2,tr_e18b2f198ce8_gpu,-30.046,-30.046,0,"{""conflicting_task_ownership"": 0, ""duplicate_execution"": 0, ""contradictory_reassignment"": 0, ""incompatible_mission_state"": 0, ""inconsistent_anomaly_state"": 0}",0.0,0.0,0.0,0.4575273338940286,4352,5160,9512,timeout,40.0,"{""ALLOW_LOW_RISK"": 494, ""DENY_STATIC_BOUND"": 346}","{""fresh"": 342, ""aging"": 4, ""stale"": 0, ""hard_expired"": 0}","{""fresh"": {""proposed"": 342, ""ALLOW"": 0, ""DENY"": 342, ""DEFER"": 0, ""fraction_of_consequential"": 0.9884393063583815}, ""aging"": {""proposed"": 4, ""ALLOW"": 0, ""DENY"": 4, ""DEFER"": 0, ""fraction_of_consequential"": 0.011560693641618497}, ""stale"": {""proposed"": 0, ""ALLOW"": 0, ""DENY"": 0, ""DEFER"": 0, ""fraction_of_consequential"": 0.0}, ""hard_expired"": {""proposed"": 0, ""ALLOW"": 0, ""DENY"": 0, ""DEFER"": 0, ""fraction_of_consequential"": 0.0}}","{""CONNECTED"": {""proposed"": 0, ""ALLOW"": 0.0, ""DENY"": 0.0, ""DEFER"": 0.0, ""fraction_of_consequential"": 0.0}, ""DEGRADED"": {""proposed"": 294, ""ALLOW"": 0.0, ""DENY"": 1.0, ""DEFER"": 0.0, ""fraction_of_consequential"": 0.8497109826589595}, ""PARTITIONED"": {""proposed"": 42, ""ALLOW"": 0.0, ""DENY"": 1.0, ""DEFER"": 0.0, ""fraction_of_consequential"": 0.12138728323699421}, ""ISOLATED"": {""proposed"": 0, ""ALLOW"": 0.0, ""DENY"": 0.0, ""DEFER"": 0.0, ""fraction_of_consequential"": 0.0}, ""RECOVERING"": {""proposed"": 10, ""ALLOW"": 0.0, ""DENY"": 1.0, ""DEFER"": 0.0, ""fraction_of_consequential"": 0.028901734104046242}}",b0d804b41d6f708612dc345c3e165ef89bc8bd77,b6460fe657bbcc5b
B4,paper_ssp_200m_strong_v1,150,150.0,2,tr_e18b2f198ce8_gpu,41.923,53.923,2,"{""conflicting_task_ownership"": 0, ""duplicate_execution"": 0, ""contradictory_reassignment"": 1, ""incompatible_mission_state"": 1, ""inconsistent_anomaly_state"": 0}",0.18421052631578946,0.8947368421052632,0.918918918918919,0.45714285714285713,4352,5168,9520,timeout,40.0,"{""ALLOW_LOW_RISK"": 764, ""ALLOW_AUTHORIZED"": 74, ""DENY_RECOVERING_HARD_SAFETY"": 2}","{""fresh"": 76, ""aging"": 0, ""stale"": 0, ""hard_expired"": 0}","{""fresh"": {""proposed"": 76, ""ALLOW"": 74, ""DENY"": 2, ""DEFER"": 0, ""fraction_of_consequential"": 1.0}, ""aging"": {""proposed"": 0, ""ALLOW"": 0, ""DENY"": 0, ""DEFER"": 0, ""fraction_of_consequential"": 0.0}, ""stale"": {""proposed"": 0, ""ALLOW"": 0, ""DENY"": 0, ""DEFER"": 0, ""fraction_of_consequential"": 0.0}, ""hard_expired"": {""proposed"": 0, ""ALLOW"": 0, ""DENY"": 0, ""DEFER"": 0, ""fraction_of_consequential"": 0.0}}","{""CONNECTED"": {""proposed"": 0, ""ALLOW"": 0.0, ""DENY"": 0.0, ""DEFER"": 0.0, ""fraction_of_consequential"": 0.0}, ""DEGRADED"": {""proposed"": 60, ""ALLOW"": 1.0, ""DENY"": 0.0, ""DEFER"": 0.0, ""fraction_of_consequential"": 0.7894736842105263}, ""PARTITIONED"": {""proposed"": 14, ""ALLOW"": 1.0, ""DENY"": 0.0, ""DEFER"": 0.0, ""fraction_of_consequential"": 0.18421052631578946}, ""ISOLATED"": {""proposed"": 0, ""ALLOW"": 0.0, ""DENY"": 0.0, ""DEFER"": 0.0, ""fraction_of_consequential"": 0.0}, ""RECOVERING"": {""proposed"": 2, ""ALLOW"": 0.0, ""DENY"": 1.0, ""DEFER"": 0.0, ""fraction_of_consequential"": 0.02631578947368421}}",b0d804b41d6f708612dc345c3e165ef89bc8bd77,b6460fe657bbcc5b
B5_conservative,paper_ssp_200m_strong_v1,150,150.0,2,tr_e18b2f198ce8_gpu,-30.046,-30.046,0,"{""conflicting_task_ownership"": 0, ""duplicate_execution"": 0, ""contradictory_reassignment"": 0, ""incompatible_mission_state"": 0, ""inconsistent_anomaly_state"": 0}",0.0,0.0,0.0,0.4575273338940286,4352,5160,9512,timeout,40.0,"{""ALLOW_LOW_RISK"": 494, ""DEFER_DEGRADED"": 294, ""DENY_CONNECTIVITY_POLICY"": 52}","{""fresh"": 342, ""aging"": 4, ""stale"": 0, ""hard_expired"": 0}","{""fresh"": {""proposed"": 342, ""ALLOW"": 0, ""DENY"": 48, ""DEFER"": 294, ""fraction_of_consequential"": 0.9884393063583815}, ""aging"": {""proposed"": 4, ""ALLOW"": 0, ""DENY"": 4, ""DEFER"": 0, ""fraction_of_consequential"": 0.011560693641618497}, ""stale"": {""proposed"": 0, ""ALLOW"": 0, ""DENY"": 0, ""DEFER"": 0, ""fraction_of_consequential"": 0.0}, ""hard_expired"": {""proposed"": 0, ""ALLOW"": 0, ""DENY"": 0, ""DEFER"": 0, ""fraction_of_consequential"": 0.0}}","{""CONNECTED"": {""proposed"": 0, ""ALLOW"": 0.0, ""DENY"": 0.0, ""DEFER"": 0.0, ""fraction_of_consequential"": 0.0}, ""DEGRADED"": {""proposed"": 294, ""ALLOW"": 0.0, ""DENY"": 0.0, ""DEFER"": 1.0, ""fraction_of_consequential"": 0.8497109826589595}, ""PARTITIONED"": {""proposed"": 42, ""ALLOW"": 0.0, ""DENY"": 1.0, ""DEFER"": 0.0, ""fraction_of_consequential"": 0.12138728323699421}, ""ISOLATED"": {""proposed"": 0, ""ALLOW"": 0.0, ""DENY"": 0.0, ""DEFER"": 0.0, ""fraction_of_consequential"": 0.0}, ""RECOVERING"": {""proposed"": 10, ""ALLOW"": 0.0, ""DENY"": 1.0, ""DEFER"": 0.0, ""fraction_of_consequential"": 0.028901734104046242}}",b0d804b41d6f708612dc345c3e165ef89bc8bd77,b6460fe657bbcc5b
B5_nominal,paper_ssp_200m_strong_v1,150,150.0,2,tr_e18b2f198ce8_gpu,41.923,53.923,2,"{""conflicting_task_ownership"": 0, ""duplicate_execution"": 0, ""contradictory_reassignment"": 1, ""incompatible_mission_state"": 1, ""inconsistent_anomaly_state"": 0}",0.21052631578947367,0.9210526315789473,0.9210526315789473,0.45714285714285713,4352,5168,9520,timeout,40.0,"{""ALLOW_LOW_RISK"": 764, ""ALLOW_AUTHORIZED"": 76}","{""fresh"": 76, ""aging"": 0, ""stale"": 0, ""hard_expired"": 0}","{""fresh"": {""proposed"": 76, ""ALLOW"": 76, ""DENY"": 0, ""DEFER"": 0, ""fraction_of_consequential"": 1.0}, ""aging"": {""proposed"": 0, ""ALLOW"": 0, ""DENY"": 0, ""DEFER"": 0, ""fraction_of_consequential"": 0.0}, ""stale"": {""proposed"": 0, ""ALLOW"": 0, ""DENY"": 0, ""DEFER"": 0, ""fraction_of_consequential"": 0.0}, ""hard_expired"": {""proposed"": 0, ""ALLOW"": 0, ""DENY"": 0, ""DEFER"": 0, ""fraction_of_consequential"": 0.0}}","{""CONNECTED"": {""proposed"": 0, ""ALLOW"": 0.0, ""DENY"": 0.0, ""DEFER"": 0.0, ""fraction_of_consequential"": 0.0}, ""DEGRADED"": {""proposed"": 60, ""ALLOW"": 1.0, ""DENY"": 0.0, ""DEFER"": 0.0, ""fraction_of_consequential"": 0.7894736842105263}, ""PARTITIONED"": {""proposed"": 14, ""ALLOW"": 1.0, ""DENY"": 0.0, ""DEFER"": 0.0, ""fraction_of_consequential"": 0.18421052631578946}, ""ISOLATED"": {""proposed"": 0, ""ALLOW"": 0.0, ""DENY"": 0.0, ""DEFER"": 0.0, ""fraction_of_consequential"": 0.0}, ""RECOVERING"": {""proposed"": 2, ""ALLOW"": 1.0, ""DENY"": 0.0, ""DEFER"": 0.0, ""fraction_of_consequential"": 0.02631578947368421}}",b0d804b41d6f708612dc345c3e165ef89bc8bd77,b6460fe657bbcc5b
B5_permissive,paper_ssp_200m_strong_v1,150,150.0,2,tr_e18b2f198ce8_gpu,41.923,53.923,2,"{""conflicting_task_ownership"": 0, ""duplicate_execution"": 0, ""contradictory_reassignment"": 1, ""incompatible_mission_state"": 1, ""inconsistent_anomaly_state"": 0}",0.21052631578947367,0.9210526315789473,0.9210526315789473,0.45714285714285713,4352,5168,9520,timeout,40.0,"{""ALLOW_LOW_RISK"": 764, ""ALLOW_AUTHORIZED"": 76}","{""fresh"": 76, ""aging"": 0, ""stale"": 0, ""hard_expired"": 0}","{""fresh"": {""proposed"": 76, ""ALLOW"": 76, ""DENY"": 0, ""DEFER"": 0, ""fraction_of_consequential"": 1.0}, ""aging"": {""proposed"": 0, ""ALLOW"": 0, ""DENY"": 0, ""DEFER"": 0, ""fraction_of_consequential"": 0.0}, ""stale"": {""proposed"": 0, ""ALLOW"": 0, ""DENY"": 0, ""DEFER"": 0, ""fraction_of_consequential"": 0.0}, ""hard_expired"": {""proposed"": 0, ""ALLOW"": 0, ""DENY"": 0, ""DEFER"": 0, ""fraction_of_consequential"": 0.0}}","{""CONNECTED"": {""proposed"": 0, ""ALLOW"": 0.0, ""DENY"": 0.0, ""DEFER"": 0.0, ""fraction_of_consequential"": 0.0}, ""DEGRADED"": {""proposed"": 60, ""ALLOW"": 1.0, ""DENY"": 0.0, ""DEFER"": 0.0, ""fraction_of_consequential"": 0.7894736842105263}, ""PARTITIONED"": {""proposed"": 14, ""ALLOW"": 1.0, ""DENY"": 0.0, ""DEFER"": 0.0, ""fraction_of_consequential"": 0.18421052631578946}, ""ISOLATED"": {""proposed"": 0, ""ALLOW"": 0.0, ""DENY"": 0.0, ""DEFER"": 0.0, ""fraction_of_consequential"": 0.0}, ""RECOVERING"": {""proposed"": 2, ""ALLOW"": 1.0, ""DENY"": 0.0, ""DEFER"": 0.0, ""fraction_of_consequential"": 0.02631578947368421}}",b0d804b41d6f708612dc345c3e165ef89bc8bd77,b6460fe657bbcc5b
B1,paper_ssp_200m_strong_v1,300,300.0,2,tr_e18b2f198ce8_gpu,47.9183,53.9183,1,"{""conflicting_task_ownership"": 0, ""duplicate_execution"": 0, ""contradictory_reassignment"": 0, ""incompatible_mission_state"": 1, ""inconsistent_anomaly_state"": 0}",0.18292682926829268,0.8170731707317073,0.9852941176470589,0.337888198757764,4352,8528,12880,timeout,40.0,"{""ALLOW_LOW_RISK"": 758, ""ALLOW_AUTHORIZED"": 68, ""DENY_SUPERVISOR_UNREACHABLE"": 12, ""DENY_RECOVERING_CONSEQUENTIAL"": 2}","{""fresh"": 76, ""aging"": 6, ""stale"": 0, ""hard_expired"": 0}","{""fresh"": {""proposed"": 76, ""ALLOW"": 68, ""DENY"": 8, ""DEFER"": 0, ""fraction_of_consequential"": 0.926829268292683}, ""aging"": {""proposed"": 6, ""ALLOW"": 0, ""DENY"": 6, ""DEFER"": 0, ""fraction_of_consequential"": 0.07317073170731707}, ""stale"": {""proposed"": 0, ""ALLOW"": 0, ""DENY"": 0, ""DEFER"": 0, ""fraction_of_consequential"": 0.0}, ""hard_expired"": {""proposed"": 0, ""ALLOW"": 0, ""DENY"": 0, ""DEFER"": 0, ""fraction_of_consequential"": 0.0}}","{""CONNECTED"": {""proposed"": 0, ""ALLOW"": 0.0, ""DENY"": 0.0, ""DEFER"": 0.0, ""fraction_of_consequential"": 0.0}, ""DEGRADED"": {""proposed"": 53, ""ALLOW"": 1.0, ""DENY"": 0.0, ""DEFER"": 0.0, ""fraction_of_consequential"": 0.6463414634146342}, ""PARTITIONED"": {""proposed"": 27, ""ALLOW"": 0.5555555555555556, ""DENY"": 0.4444444444444444, ""DEFER"": 0.0, ""fraction_of_consequential"": 0.32926829268292684}, ""ISOLATED"": {""proposed"": 0, ""ALLOW"": 0.0, ""DENY"": 0.0, ""DEFER"": 0.0, ""fraction_of_consequential"": 0.0}, ""RECOVERING"": {""proposed"": 2, ""ALLOW"": 0.0, ""DENY"": 1.0, ""DEFER"": 0.0, ""fraction_of_consequential"": 0.024390243902439025}}",b0d804b41d6f708612dc345c3e165ef89bc8bd77,a5ad1bae19f4ce00
B2,paper_ssp_200m_strong_v1,300,300.0,2,tr_e18b2f198ce8_gpu,-14.0806,21.9194,6,"{""conflicting_task_ownership"": 0, ""duplicate_execution"": 0, ""contradictory_reassignment"": 1, ""incompatible_mission_state"": 1, ""inconsistent_anomaly_state"": 4}",0.3375,0.925,0.925,0.337888198757764,4352,8528,12880,timeout,40.0,"{""ALLOW_AUTHORIZED"": 840}","{""fresh"": 76, ""aging"": 4, ""stale"": 0, ""hard_expired"": 0}","{""fresh"": {""proposed"": 76, ""ALLOW"": 76, ""DENY"": 0, ""DEFER"": 0, ""fraction_of_consequential"": 0.95}, ""aging"": {""proposed"": 4, ""ALLOW"": 4, ""DENY"": 0, ""DEFER"": 0, ""fraction_of_consequential"": 0.05}, ""stale"": {""proposed"": 0, ""ALLOW"": 0, ""DENY"": 0, ""DEFER"": 0, ""fraction_of_consequential"": 0.0}, ""hard_expired"": {""proposed"": 0, ""ALLOW"": 0, ""DENY"": 0, ""DEFER"": 0, ""fraction_of_consequential"": 0.0}}","{""CONNECTED"": {""proposed"": 0, ""ALLOW"": 0.0, ""DENY"": 0.0, ""DEFER"": 0.0, ""fraction_of_consequential"": 0.0}, ""DEGRADED"": {""proposed"": 53, ""ALLOW"": 1.0, ""DENY"": 0.0, ""DEFER"": 0.0, ""fraction_of_consequential"": 0.6625}, ""PARTITIONED"": {""proposed"": 25, ""ALLOW"": 1.0, ""DENY"": 0.0, ""DEFER"": 0.0, ""fraction_of_consequential"": 0.3125}, ""ISOLATED"": {""proposed"": 0, ""ALLOW"": 0.0, ""DENY"": 0.0, ""DEFER"": 0.0, ""fraction_of_consequential"": 0.0}, ""RECOVERING"": {""proposed"": 2, ""ALLOW"": 1.0, ""DENY"": 0.0, ""DEFER"": 0.0, ""fraction_of_consequential"": 0.025}}",b0d804b41d6f708612dc345c3e165ef89bc8bd77,a5ad1bae19f4ce00
B3,paper_ssp_200m_strong_v1,300,300.0,2,tr_e18b2f198ce8_gpu,-30.0458,-30.0458,0,"{""conflicting_task_ownership"": 0, ""duplicate_execution"": 0, ""contradictory_reassignment"": 0, ""incompatible_mission_state"": 0, ""inconsistent_anomaly_state"": 0}",0.0,0.0,0.0,0.33809819763828464,4352,8520,12872,timeout,40.0,"{""ALLOW_LOW_RISK"": 492, ""DENY_STATIC_BOUND"": 348}","{""fresh"": 314, ""aging"": 34, ""stale"": 0, ""hard_expired"": 0}","{""fresh"": {""proposed"": 314, ""ALLOW"": 0, ""DENY"": 314, ""DEFER"": 0, ""fraction_of_consequential"": 0.9022988505747126}, ""aging"": {""proposed"": 34, ""ALLOW"": 0, ""DENY"": 34, ""DEFER"": 0, ""fraction_of_consequential"": 0.09770114942528736}, ""stale"": {""proposed"": 0, ""ALLOW"": 0, ""DENY"": 0, ""DEFER"": 0, ""fraction_of_consequential"": 0.0}, ""hard_expired"": {""proposed"": 0, ""ALLOW"": 0, ""DENY"": 0, ""DEFER"": 0, ""fraction_of_consequential"": 0.0}}","{""CONNECTED"": {""proposed"": 0, ""ALLOW"": 0.0, ""DENY"": 0.0, ""DEFER"": 0.0, ""fraction_of_consequential"": 0.0}, ""DEGRADED"": {""proposed"": 259, ""ALLOW"": 0.0, ""DENY"": 1.0, ""DEFER"": 0.0, ""fraction_of_consequential"": 0.7442528735632183}, ""PARTITIONED"": {""proposed"": 79, ""ALLOW"": 0.0, ""DENY"": 1.0, ""DEFER"": 0.0, ""fraction_of_consequential"": 0.22701149425287356}, ""ISOLATED"": {""proposed"": 0, ""ALLOW"": 0.0, ""DENY"": 0.0, ""DEFER"": 0.0, ""fraction_of_consequential"": 0.0}, ""RECOVERING"": {""proposed"": 10, ""ALLOW"": 0.0, ""DENY"": 1.0, ""DEFER"": 0.0, ""fraction_of_consequential"": 0.028735632183908046}}",b0d804b41d6f708612dc345c3e165ef89bc8bd77,a5ad1bae19f4ce00
B4,paper_ssp_200m_strong_v1,300,300.0,2,tr_e18b2f198ce8_gpu,-14.0806,21.9194,6,"{""conflicting_task_ownership"": 0, ""duplicate_execution"": 0, ""contradictory_reassignment"": 1, ""incompatible_mission_state"": 1, ""inconsistent_anomaly_state"": 4}",0.3125,0.9,0.9230769230769231,0.337888198757764,4352,8528,12880,timeout,40.0,"{""ALLOW_LOW_RISK"": 760, ""ALLOW_AUTHORIZED"": 78, ""DENY_RECOVERING_HARD_SAFETY"": 2}","{""fresh"": 76, ""aging"": 4, ""stale"": 0, ""hard_expired"": 0}","{""fresh"": {""proposed"": 76, ""ALLOW"": 74, ""DENY"": 2, ""DEFER"": 0, ""fraction_of_consequential"": 0.95}, ""aging"": {""proposed"": 4, ""ALLOW"": 4, ""DENY"": 0, ""DEFER"": 0, ""fraction_of_consequential"": 0.05}, ""stale"": {""proposed"": 0, ""ALLOW"": 0, ""DENY"": 0, ""DEFER"": 0, ""fraction_of_consequential"": 0.0}, ""hard_expired"": {""proposed"": 0, ""ALLOW"": 0, ""DENY"": 0, ""DEFER"": 0, ""fraction_of_consequential"": 0.0}}","{""CONNECTED"": {""proposed"": 0, ""ALLOW"": 0.0, ""DENY"": 0.0, ""DEFER"": 0.0, ""fraction_of_consequential"": 0.0}, ""DEGRADED"": {""proposed"": 53, ""ALLOW"": 1.0, ""DENY"": 0.0, ""DEFER"": 0.0, ""fraction_of_consequential"": 0.6625}, ""PARTITIONED"": {""proposed"": 25, ""ALLOW"": 1.0, ""DENY"": 0.0, ""DEFER"": 0.0, ""fraction_of_consequential"": 0.3125}, ""ISOLATED"": {""proposed"": 0, ""ALLOW"": 0.0, ""DENY"": 0.0, ""DEFER"": 0.0, ""fraction_of_consequential"": 0.0}, ""RECOVERING"": {""proposed"": 2, ""ALLOW"": 0.0, ""DENY"": 1.0, ""DEFER"": 0.0, ""fraction_of_consequential"": 0.025}}",b0d804b41d6f708612dc345c3e165ef89bc8bd77,a5ad1bae19f4ce00
B5_conservative,paper_ssp_200m_strong_v1,300,300.0,2,tr_e18b2f198ce8_gpu,-30.0458,-30.0458,0,"{""conflicting_task_ownership"": 0, ""duplicate_execution"": 0, ""contradictory_reassignment"": 0, ""incompatible_mission_state"": 0, ""inconsistent_anomaly_state"": 0}",0.0,0.0,0.0,0.33809819763828464,4352,8520,12872,timeout,40.0,"{""ALLOW_LOW_RISK"": 492, ""DEFER_DEGRADED"": 259, ""DENY_CONNECTIVITY_POLICY"": 89}","{""fresh"": 314, ""aging"": 34, ""stale"": 0, ""hard_expired"": 0}","{""fresh"": {""proposed"": 314, ""ALLOW"": 0, ""DENY"": 55, ""DEFER"": 259, ""fraction_of_consequential"": 0.9022988505747126}, ""aging"": {""proposed"": 34, ""ALLOW"": 0, ""DENY"": 34, ""DEFER"": 0, ""fraction_of_consequential"": 0.09770114942528736}, ""stale"": {""proposed"": 0, ""ALLOW"": 0, ""DENY"": 0, ""DEFER"": 0, ""fraction_of_consequential"": 0.0}, ""hard_expired"": {""proposed"": 0, ""ALLOW"": 0, ""DENY"": 0, ""DEFER"": 0, ""fraction_of_consequential"": 0.0}}","{""CONNECTED"": {""proposed"": 0, ""ALLOW"": 0.0, ""DENY"": 0.0, ""DEFER"": 0.0, ""fraction_of_consequential"": 0.0}, ""DEGRADED"": {""proposed"": 259, ""ALLOW"": 0.0, ""DENY"": 0.0, ""DEFER"": 1.0, ""fraction_of_consequential"": 0.7442528735632183}, ""PARTITIONED"": {""proposed"": 79, ""ALLOW"": 0.0, ""DENY"": 1.0, ""DEFER"": 0.0, ""fraction_of_consequential"": 0.22701149425287356}, ""ISOLATED"": {""proposed"": 0, ""ALLOW"": 0.0, ""DENY"": 0.0, ""DEFER"": 0.0, ""fraction_of_consequential"": 0.0}, ""RECOVERING"": {""proposed"": 10, ""ALLOW"": 0.0, ""DENY"": 1.0, ""DEFER"": 0.0, ""fraction_of_consequential"": 0.028735632183908046}}",b0d804b41d6f708612dc345c3e165ef89bc8bd77,a5ad1bae19f4ce00
B5_nominal,paper_ssp_200m_strong_v1,300,300.0,2,tr_e18b2f198ce8_gpu,-14.0806,21.9194,6,"{""conflicting_task_ownership"": 0, ""duplicate_execution"": 0, ""contradictory_reassignment"": 1, ""incompatible_mission_state"": 1, ""inconsistent_anomaly_state"": 4}",0.3375,0.925,0.925,0.337888198757764,4352,8528,12880,timeout,40.0,"{""ALLOW_LOW_RISK"": 760, ""ALLOW_AUTHORIZED"": 80}","{""fresh"": 76, ""aging"": 4, ""stale"": 0, ""hard_expired"": 0}","{""fresh"": {""proposed"": 76, ""ALLOW"": 76, ""DENY"": 0, ""DEFER"": 0, ""fraction_of_consequential"": 0.95}, ""aging"": {""proposed"": 4, ""ALLOW"": 4, ""DENY"": 0, ""DEFER"": 0, ""fraction_of_consequential"": 0.05}, ""stale"": {""proposed"": 0, ""ALLOW"": 0, ""DENY"": 0, ""DEFER"": 0, ""fraction_of_consequential"": 0.0}, ""hard_expired"": {""proposed"": 0, ""ALLOW"": 0, ""DENY"": 0, ""DEFER"": 0, ""fraction_of_consequential"": 0.0}}","{""CONNECTED"": {""proposed"": 0, ""ALLOW"": 0.0, ""DENY"": 0.0, ""DEFER"": 0.0, ""fraction_of_consequential"": 0.0}, ""DEGRADED"": {""proposed"": 53, ""ALLOW"": 1.0, ""DENY"": 0.0, ""DEFER"": 0.0, ""fraction_of_consequential"": 0.6625}, ""PARTITIONED"": {""proposed"": 25, ""ALLOW"": 1.0, ""DENY"": 0.0, ""DEFER"": 0.0, ""fraction_of_consequential"": 0.3125}, ""ISOLATED"": {""proposed"": 0, ""ALLOW"": 0.0, ""DENY"": 0.0, ""DEFER"": 0.0, ""fraction_of_consequential"": 0.0}, ""RECOVERING"": {""proposed"": 2, ""ALLOW"": 1.0, ""DENY"": 0.0, ""DEFER"": 0.0, ""fraction_of_consequential"": 0.025}}",b0d804b41d6f708612dc345c3e165ef89bc8bd77,a5ad1bae19f4ce00
B5_permissive,paper_ssp_200m_strong_v1,300,300.0,2,tr_e18b2f198ce8_gpu,-14.0806,21.9194,6,"{""conflicting_task_ownership"": 0, ""duplicate_execution"": 0, ""contradictory_reassignment"": 1, ""incompatible_mission_state"": 1, ""inconsistent_anomaly_state"": 4}",0.3375,0.925,0.925,0.337888198757764,4352,8528,12880,timeout,40.0,"{""ALLOW_LOW_RISK"": 760, ""ALLOW_AUTHORIZED"": 80}","{""fresh"": 76, ""aging"": 4, ""stale"": 0, ""hard_expired"": 0}","{""fresh"": {""proposed"": 76, ""ALLOW"": 76, ""DENY"": 0, ""DEFER"": 0, ""fraction_of_consequential"": 0.95}, ""aging"": {""proposed"": 4, ""ALLOW"": 4, ""DENY"": 0, ""DEFER"": 0, ""fraction_of_consequential"": 0.05}, ""stale"": {""proposed"": 0, ""ALLOW"": 0, ""DENY"": 0, ""DEFER"": 0, ""fraction_of_consequential"": 0.0}, ""hard_expired"": {""proposed"": 0, ""ALLOW"": 0, ""DENY"": 0, ""DEFER"": 0, ""fraction_of_consequential"": 0.0}}","{""CONNECTED"": {""proposed"": 0, ""ALLOW"": 0.0, ""DENY"": 0.0, ""DEFER"": 0.0, ""fraction_of_consequential"": 0.0}, ""DEGRADED"": {""proposed"": 53, ""ALLOW"": 1.0, ""DENY"": 0.0, ""DEFER"": 0.0, ""fraction_of_consequential"": 0.6625}, ""PARTITIONED"": {""proposed"": 25, ""ALLOW"": 1.0, ""DENY"": 0.0, ""DEFER"": 0.0, ""fraction_of_consequential"": 0.3125}, ""ISOLATED"": {""proposed"": 0, ""ALLOW"": 0.0, ""DENY"": 0.0, ""DEFER"": 0.0, ""fraction_of_consequential"": 0.0}, ""RECOVERING"": {""proposed"": 2, ""ALLOW"": 1.0, ""DENY"": 0.0, ""DEFER"": 0.0, ""fraction_of_consequential"": 0.025}}",b0d804b41d6f708612dc345c3e165ef89bc8bd77,a5ad1bae19f4ce00
B1,paper_ssp_200m_strong_v1,500,500.0,2,tr_e18b2f198ce8_gpu,47.9189,53.9189,1,"{""conflicting_task_ownership"": 0, ""duplicate_execution"": 0, ""contradictory_reassignment"": 0, ""incompatible_mission_state"": 1, ""inconsistent_anomaly_state"": 0}",0.2840909090909091,0.7613636363636364,0.9852941176470589,0.31887456037514655,4352,9296,13648,timeout,40.0,"{""ALLOW_LOW_RISK"": 752, ""ALLOW_AUTHORIZED"": 68, ""DENY_SUPERVISOR_UNREACHABLE"": 18, ""DENY_RECOVERING_CONSEQUENTIAL"": 2}","{""fresh"": 76, ""aging"": 6, ""stale"": 6, ""hard_expired"": 0}","{""fresh"": {""proposed"": 76, ""ALLOW"": 68, ""DENY"": 8, ""DEFER"": 0, ""fraction_of_consequential"": 0.8636363636363636}, ""aging"": {""proposed"": 6, ""ALLOW"": 0, ""DENY"": 6, ""DEFER"": 0, ""fraction_of_consequential"": 0.06818181818181818}, ""stale"": {""proposed"": 6, ""ALLOW"": 0, ""DENY"": 6, ""DEFER"": 0, ""fraction_of_consequential"": 0.06818181818181818}, ""hard_expired"": {""proposed"": 0, ""ALLOW"": 0, ""DENY"": 0, ""DEFER"": 0, ""fraction_of_consequential"": 0.0}}","{""CONNECTED"": {""proposed"": 0, ""ALLOW"": 0.0, ""DENY"": 0.0, ""DEFER"": 0.0, ""fraction_of_consequential"": 0.0}, ""DEGRADED"": {""proposed"": 43, ""ALLOW"": 1.0, ""DENY"": 0.0, ""DEFER"": 0.0, ""fraction_of_consequential"": 0.48863636363636365}, ""PARTITIONED"": {""proposed"": 43, ""ALLOW"": 0.5813953488372093, ""DENY"": 0.4186046511627907, ""DEFER"": 0.0, ""fraction_of_consequential"": 0.48863636363636365}, ""ISOLATED"": {""proposed"": 0, ""ALLOW"": 0.0, ""DENY"": 0.0, ""DEFER"": 0.0, ""fraction_of_consequential"": 0.0}, ""RECOVERING"": {""proposed"": 2, ""ALLOW"": 0.0, ""DENY"": 1.0, ""DEFER"": 0.0, ""fraction_of_consequential"": 0.022727272727272728}}",b0d804b41d6f708612dc345c3e165ef89bc8bd77,a5c593c5612d3a68
B2,paper_ssp_200m_strong_v1,500,500.0,2,tr_e18b2f198ce8_gpu,-77.08455,-23.08455,9,"{""conflicting_task_ownership"": 0, ""duplicate_execution"": 0, ""contradictory_reassignment"": 1, ""incompatible_mission_state"": 4, ""inconsistent_anomaly_state"": 4}",0.49411764705882355,0.9294117647058824,0.9294117647058824,0.31887456037514655,4352,9296,13648,timeout,40.0,"{""ALLOW_AUTHORIZED"": 840}","{""fresh"": 76, ""aging"": 4, ""stale"": 5, ""hard_expired"": 0}","{""fresh"": {""proposed"": 76, ""ALLOW"": 76, ""DENY"": 0, ""DEFER"": 0, ""fraction_of_consequential"": 0.8941176470588236}, ""aging"": {""proposed"": 4, ""ALLOW"": 4, ""DENY"": 0, ""DEFER"": 0, ""fraction_of_consequential"": 0.047058823529411764}, ""stale"": {""proposed"": 5, ""ALLOW"": 5, ""DENY"": 0, ""DEFER"": 0, ""fraction_of_consequential"": 0.058823529411764705}, ""hard_expired"": {""proposed"": 0, ""ALLOW"": 0, ""DENY"": 0, ""DEFER"": 0, ""fraction_of_consequential"": 0.0}}","{""CONNECTED"": {""proposed"": 0, ""ALLOW"": 0.0, ""DENY"": 0.0, ""DEFER"": 0.0, ""fraction_of_consequential"": 0.0}, ""DEGRADED"": {""proposed"": 43, ""ALLOW"": 1.0, ""DENY"": 0.0, ""DEFER"": 0.0, ""fraction_of_consequential"": 0.5058823529411764}, ""PARTITIONED"": {""proposed"": 40, ""ALLOW"": 1.0, ""DENY"": 0.0, ""DEFER"": 0.0, ""fraction_of_consequential"": 0.47058823529411764}, ""ISOLATED"": {""proposed"": 0, ""ALLOW"": 0.0, ""DENY"": 0.0, ""DEFER"": 0.0, ""fraction_of_consequential"": 0.0}, ""RECOVERING"": {""proposed"": 2, ""ALLOW"": 1.0, ""DENY"": 0.0, ""DEFER"": 0.0, ""fraction_of_consequential"": 0.023529411764705882}}",b0d804b41d6f708612dc345c3e165ef89bc8bd77,a5c593c5612d3a68
B3,paper_ssp_200m_strong_v1,500,500.0,2,tr_e18b2f198ce8_gpu,-30.0456,-30.0456,0,"{""conflicting_task_ownership"": 0, ""duplicate_execution"": 0, ""contradictory_reassignment"": 0, ""incompatible_mission_state"": 0, ""inconsistent_anomaly_state"": 0}",0.0,0.0,0.0,0.31906158357771264,4352,9288,13640,timeout,40.0,"{""ALLOW_LOW_RISK"": 490, ""DENY_STATIC_BOUND"": 350}","{""fresh"": 274, ""aging"": 46, ""stale"": 30, ""hard_expired"": 0}","{""fresh"": {""proposed"": 274, ""ALLOW"": 0, ""DENY"": 274, ""DEFER"": 0, ""fraction_of_consequential"": 0.7828571428571428}, ""aging"": {""proposed"": 46, ""ALLOW"": 0, ""DENY"": 46, ""DEFER"": 0, ""fraction_of_consequential"": 0.13142857142857142}, ""stale"": {""proposed"": 30, ""ALLOW"": 0, ""DENY"": 30, ""DEFER"": 0, ""fraction_of_consequential"": 0.08571428571428572}, ""hard_expired"": {""proposed"": 0, ""ALLOW"": 0, ""DENY"": 0, ""DEFER"": 0, ""fraction_of_consequential"": 0.0}}","{""CONNECTED"": {""proposed"": 0, ""ALLOW"": 0.0, ""DENY"": 0.0, ""DEFER"": 0.0, ""fraction_of_consequential"": 0.0}, ""DEGRADED"": {""proposed"": 209, ""ALLOW"": 0.0, ""DENY"": 1.0, ""DEFER"": 0.0, ""fraction_of_consequential"": 0.5971428571428572}, ""PARTITIONED"": {""proposed"": 131, ""ALLOW"": 0.0, ""DENY"": 1.0, ""DEFER"": 0.0, ""fraction_of_consequential"": 0.3742857142857143}, ""ISOLATED"": {""proposed"": 0, ""ALLOW"": 0.0, ""DENY"": 0.0, ""DEFER"": 0.0, ""fraction_of_consequential"": 0.0}, ""RECOVERING"": {""proposed"": 10, ""ALLOW"": 0.0, ""DENY"": 1.0, ""DEFER"": 0.0, ""fraction_of_consequential"": 0.02857142857142857}}",b0d804b41d6f708612dc345c3e165ef89bc8bd77,a5c593c5612d3a68
B4,paper_ssp_200m_strong_v1,500,500.0,2,tr_e18b2f198ce8_gpu,-14.0802,21.9198,6,"{""conflicting_task_ownership"": 0, ""duplicate_execution"": 0, ""contradictory_reassignment"": 1, ""incompatible_mission_state"": 1, ""inconsistent_anomaly_state"": 4}",0.4166666666666667,0.8571428571428571,0.9230769230769231,0.31887456037514655,4352,9296,13648,timeout,40.0,"{""ALLOW_LOW_RISK"": 756, ""ALLOW_AUTHORIZED"": 78, ""DENY_FORBIDDEN"": 4, ""DENY_RECOVERING_HARD_SAFETY"": 2}","{""fresh"": 76, ""aging"": 4, ""stale"": 4, ""hard_expired"": 0}","{""fresh"": {""proposed"": 76, ""ALLOW"": 74, ""DENY"": 2, ""DEFER"": 0, ""fraction_of_consequential"": 0.9047619047619048}, ""aging"": {""proposed"": 4, ""ALLOW"": 4, ""DENY"": 0, ""DEFER"": 0, ""fraction_of_consequential"": 0.047619047619047616}, ""stale"": {""proposed"": 4, ""ALLOW"": 0, ""DENY"": 4, ""DEFER"": 0, ""fraction_of_consequential"": 0.047619047619047616}, ""hard_expired"": {""proposed"": 0, ""ALLOW"": 0, ""DENY"": 0, ""DEFER"": 0, ""fraction_of_consequential"": 0.0}}","{""CONNECTED"": {""proposed"": 0, ""ALLOW"": 0.0, ""DENY"": 0.0, ""DEFER"": 0.0, ""fraction_of_consequential"": 0.0}, ""DEGRADED"": {""proposed"": 43, ""ALLOW"": 1.0, ""DENY"": 0.0, ""DEFER"": 0.0, ""fraction_of_consequential"": 0.5119047619047619}, ""PARTITIONED"": {""proposed"": 39, ""ALLOW"": 0.8974358974358975, ""DENY"": 0.10256410256410256, ""DEFER"": 0.0, ""fraction_of_consequential"": 0.4642857142857143}, ""ISOLATED"": {""proposed"": 0, ""ALLOW"": 0.0, ""DENY"": 0.0, ""DEFER"": 0.0, ""fraction_of_consequential"": 0.0}, ""RECOVERING"": {""proposed"": 2, ""ALLOW"": 0.0, ""DENY"": 1.0, ""DEFER"": 0.0, ""fraction_of_consequential"": 0.023809523809523808}}",b0d804b41d6f708612dc345c3e165ef89bc8bd77,a5c593c5612d3a68
B5_conservative,paper_ssp_200m_strong_v1,500,500.0,2,tr_e18b2f198ce8_gpu,-30.0456,-30.0456,0,"{""conflicting_task_ownership"": 0, ""duplicate_execution"": 0, ""contradictory_reassignment"": 0, ""incompatible_mission_state"": 0, ""inconsistent_anomaly_state"": 0}",0.0,0.0,0.0,0.31906158357771264,4352,9288,13640,timeout,40.0,"{""ALLOW_LOW_RISK"": 490, ""DEFER_DEGRADED"": 209, ""DENY_CONNECTIVITY_POLICY"": 141}","{""fresh"": 274, ""aging"": 46, ""stale"": 30, ""hard_expired"": 0}","{""fresh"": {""proposed"": 274, ""ALLOW"": 0, ""DENY"": 65, ""DEFER"": 209, ""fraction_of_consequential"": 0.7828571428571428}, ""aging"": {""proposed"": 46, ""ALLOW"": 0, ""DENY"": 46, ""DEFER"": 0, ""fraction_of_consequential"": 0.13142857142857142}, ""stale"": {""proposed"": 30, ""ALLOW"": 0, ""DENY"": 30, ""DEFER"": 0, ""fraction_of_consequential"": 0.08571428571428572}, ""hard_expired"": {""proposed"": 0, ""ALLOW"": 0, ""DENY"": 0, ""DEFER"": 0, ""fraction_of_consequential"": 0.0}}","{""CONNECTED"": {""proposed"": 0, ""ALLOW"": 0.0, ""DENY"": 0.0, ""DEFER"": 0.0, ""fraction_of_consequential"": 0.0}, ""DEGRADED"": {""proposed"": 209, ""ALLOW"": 0.0, ""DENY"": 0.0, ""DEFER"": 1.0, ""fraction_of_consequential"": 0.5971428571428572}, ""PARTITIONED"": {""proposed"": 131, ""ALLOW"": 0.0, ""DENY"": 1.0, ""DEFER"": 0.0, ""fraction_of_consequential"": 0.3742857142857143}, ""ISOLATED"": {""proposed"": 0, ""ALLOW"": 0.0, ""DENY"": 0.0, ""DEFER"": 0.0, ""fraction_of_consequential"": 0.0}, ""RECOVERING"": {""proposed"": 10, ""ALLOW"": 0.0, ""DENY"": 1.0, ""DEFER"": 0.0, ""fraction_of_consequential"": 0.02857142857142857}}",b0d804b41d6f708612dc345c3e165ef89bc8bd77,a5c593c5612d3a68
B5_nominal,paper_ssp_200m_strong_v1,500,500.0,2,tr_e18b2f198ce8_gpu,-77.08455,-23.08455,9,"{""conflicting_task_ownership"": 0, ""duplicate_execution"": 0, ""contradictory_reassignment"": 1, ""incompatible_mission_state"": 4, ""inconsistent_anomaly_state"": 4}",0.49411764705882355,0.9294117647058824,0.9294117647058824,0.31887456037514655,4352,9296,13648,timeout,40.0,"{""ALLOW_LOW_RISK"": 755, ""ALLOW_AUTHORIZED"": 85}","{""fresh"": 76, ""aging"": 4, ""stale"": 5, ""hard_expired"": 0}","{""fresh"": {""proposed"": 76, ""ALLOW"": 76, ""DENY"": 0, ""DEFER"": 0, ""fraction_of_consequential"": 0.8941176470588236}, ""aging"": {""proposed"": 4, ""ALLOW"": 4, ""DENY"": 0, ""DEFER"": 0, ""fraction_of_consequential"": 0.047058823529411764}, ""stale"": {""proposed"": 5, ""ALLOW"": 5, ""DENY"": 0, ""DEFER"": 0, ""fraction_of_consequential"": 0.058823529411764705}, ""hard_expired"": {""proposed"": 0, ""ALLOW"": 0, ""DENY"": 0, ""DEFER"": 0, ""fraction_of_consequential"": 0.0}}","{""CONNECTED"": {""proposed"": 0, ""ALLOW"": 0.0, ""DENY"": 0.0, ""DEFER"": 0.0, ""fraction_of_consequential"": 0.0}, ""DEGRADED"": {""proposed"": 43, ""ALLOW"": 1.0, ""DENY"": 0.0, ""DEFER"": 0.0, ""fraction_of_consequential"": 0.5058823529411764}, ""PARTITIONED"": {""proposed"": 40, ""ALLOW"": 1.0, ""DENY"": 0.0, ""DEFER"": 0.0, ""fraction_of_consequential"": 0.47058823529411764}, ""ISOLATED"": {""proposed"": 0, ""ALLOW"": 0.0, ""DENY"": 0.0, ""DEFER"": 0.0, ""fraction_of_consequential"": 0.0}, ""RECOVERING"": {""proposed"": 2, ""ALLOW"": 1.0, ""DENY"": 0.0, ""DEFER"": 0.0, ""fraction_of_consequential"": 0.023529411764705882}}",b0d804b41d6f708612dc345c3e165ef89bc8bd77,a5c593c5612d3a68
B5_permissive,paper_ssp_200m_strong_v1,500,500.0,2,tr_e18b2f198ce8_gpu,-77.08455,-23.08455,9,"{""conflicting_task_ownership"": 0, ""duplicate_execution"": 0, ""contradictory_reassignment"": 1, ""incompatible_mission_state"": 4, ""inconsistent_anomaly_state"": 4}",0.49411764705882355,0.9294117647058824,0.9294117647058824,0.31887456037514655,4352,9296,13648,timeout,40.0,"{""ALLOW_LOW_RISK"": 755, ""ALLOW_AUTHORIZED"": 85}","{""fresh"": 76, ""aging"": 4, ""stale"": 5, ""hard_expired"": 0}","{""fresh"": {""proposed"": 76, ""ALLOW"": 76, ""DENY"": 0, ""DEFER"": 0, ""fraction_of_consequential"": 0.8941176470588236}, ""aging"": {""proposed"": 4, ""ALLOW"": 4, ""DENY"": 0, ""DEFER"": 0, ""fraction_of_consequential"": 0.047058823529411764}, ""stale"": {""proposed"": 5, ""ALLOW"": 5, ""DENY"": 0, ""DEFER"": 0, ""fraction_of_consequential"": 0.058823529411764705}, ""hard_expired"": {""proposed"": 0, ""ALLOW"": 0, ""DENY"": 0, ""DEFER"": 0, ""fraction_of_consequential"": 0.0}}","{""CONNECTED"": {""proposed"": 0, ""ALLOW"": 0.0, ""DENY"": 0.0, ""DEFER"": 0.0, ""fraction_of_consequential"": 0.0}, ""DEGRADED"": {""proposed"": 43, ""ALLOW"": 1.0, ""DENY"": 0.0, ""DEFER"": 0.0, ""fraction_of_consequential"": 0.5058823529411764}, ""PARTITIONED"": {""proposed"": 40, ""ALLOW"": 1.0, ""DENY"": 0.0, ""DEFER"": 0.0, ""fraction_of_consequential"": 0.47058823529411764}, ""ISOLATED"": {""proposed"": 0, ""ALLOW"": 0.0, ""DENY"": 0.0, ""DEFER"": 0.0, ""fraction_of_consequential"": 0.0}, ""RECOVERING"": {""proposed"": 2, ""ALLOW"": 1.0, ""DENY"": 0.0, ""DEFER"": 0.0, ""fraction_of_consequential"": 0.023529411764705882}}",b0d804b41d6f708612dc345c3e165ef89bc8bd77,a5c593c5612d3a68
B1,paper_ssp_200m_strong_v1,750,750.0,2,tr_e18b2f198ce8_gpu,47.9192,53.9192,1,"{""conflicting_task_ownership"": 0, ""duplicate_execution"": 0, ""contradictory_reassignment"": 0, ""incompatible_mission_state"": 1, ""inconsistent_anomaly_state"": 0}",0.4175824175824176,0.7362637362637363,0.9852941176470589,0.31887456037514655,4352,9296,13648,timeout,40.0,"{""ALLOW_LOW_RISK"": 749, ""ALLOW_AUTHORIZED"": 68, ""DENY_SUPERVISOR_UNREACHABLE"": 21, ""DENY_RECOVERING_CONSEQUENTIAL"": 2}","{""fresh"": 76, ""aging"": 6, ""stale"": 9, ""hard_expired"": 0}","{""fresh"": {""proposed"": 76, ""ALLOW"": 68, ""DENY"": 8, ""DEFER"": 0, ""fraction_of_consequential"": 0.8351648351648352}, ""aging"": {""proposed"": 6, ""ALLOW"": 0, ""DENY"": 6, ""DEFER"": 0, ""fraction_of_consequential"": 0.06593406593406594}, ""stale"": {""proposed"": 9, ""ALLOW"": 0, ""DENY"": 9, ""DEFER"": 0, ""fraction_of_consequential"": 0.0989010989010989}, ""hard_expired"": {""proposed"": 0, ""ALLOW"": 0, ""DENY"": 0, ""DEFER"": 0, ""fraction_of_consequential"": 0.0}}","{""CONNECTED"": {""proposed"": 0, ""ALLOW"": 0.0, ""DENY"": 0.0, ""DEFER"": 0.0, ""fraction_of_consequential"": 0.0}, ""DEGRADED"": {""proposed"": 30, ""ALLOW"": 1.0, ""DENY"": 0.0, ""DEFER"": 0.0, ""fraction_of_consequential"": 0.32967032967032966}, ""PARTITIONED"": {""proposed"": 59, ""ALLOW"": 0.6440677966101694, ""DENY"": 0.3559322033898305, ""DEFER"": 0.0, ""fraction_of_consequential"": 0.6483516483516484}, ""ISOLATED"": {""proposed"": 0, ""ALLOW"": 0.0, ""DENY"": 0.0, ""DEFER"": 0.0, ""fraction_of_consequential"": 0.0}, ""RECOVERING"": {""proposed"": 2, ""ALLOW"": 0.0, ""DENY"": 1.0, ""DEFER"": 0.0, ""fraction_of_consequential"": 0.02197802197802198}}",b0d804b41d6f708612dc345c3e165ef89bc8bd77,a63e6d9417661d32
B2,paper_ssp_200m_strong_v1,750,750.0,2,tr_e18b2f198ce8_gpu,-77.08455,-23.08455,9,"{""conflicting_task_ownership"": 0, ""duplicate_execution"": 0, ""contradictory_reassignment"": 1, ""incompatible_mission_state"": 4, ""inconsistent_anomaly_state"": 4}",0.6470588235294118,0.9294117647058824,0.9294117647058824,0.31887456037514655,4352,9296,13648,timeout,40.0,"{""ALLOW_AUTHORIZED"": 840}","{""fresh"": 76, ""aging"": 4, ""stale"": 5, ""hard_expired"": 0}","{""fresh"": {""proposed"": 76, ""ALLOW"": 76, ""DENY"": 0, ""DEFER"": 0, ""fraction_of_consequential"": 0.8941176470588236}, ""aging"": {""proposed"": 4, ""ALLOW"": 4, ""DENY"": 0, ""DEFER"": 0, ""fraction_of_consequential"": 0.047058823529411764}, ""stale"": {""proposed"": 5, ""ALLOW"": 5, ""DENY"": 0, ""DEFER"": 0, ""fraction_of_consequential"": 0.058823529411764705}, ""hard_expired"": {""proposed"": 0, ""ALLOW"": 0, ""DENY"": 0, ""DEFER"": 0, ""fraction_of_consequential"": 0.0}}","{""CONNECTED"": {""proposed"": 0, ""ALLOW"": 0.0, ""DENY"": 0.0, ""DEFER"": 0.0, ""fraction_of_consequential"": 0.0}, ""DEGRADED"": {""proposed"": 30, ""ALLOW"": 1.0, ""DENY"": 0.0, ""DEFER"": 0.0, ""fraction_of_consequential"": 0.35294117647058826}, ""PARTITIONED"": {""proposed"": 53, ""ALLOW"": 1.0, ""DENY"": 0.0, ""DEFER"": 0.0, ""fraction_of_consequential"": 0.6235294117647059}, ""ISOLATED"": {""proposed"": 0, ""ALLOW"": 0.0, ""DENY"": 0.0, ""DEFER"": 0.0, ""fraction_of_consequential"": 0.0}, ""RECOVERING"": {""proposed"": 2, ""ALLOW"": 1.0, ""DENY"": 0.0, ""DEFER"": 0.0, ""fraction_of_consequential"": 0.023529411764705882}}",b0d804b41d6f708612dc345c3e165ef89bc8bd77,a63e6d9417661d32
B3,paper_ssp_200m_strong_v1,750,750.0,2,tr_e18b2f198ce8_gpu,-30.0453,-30.0453,0,"{""conflicting_task_ownership"": 0, ""duplicate_execution"": 0, ""contradictory_reassignment"": 0, ""incompatible_mission_state"": 0, ""inconsistent_anomaly_state"": 0}",0.0,0.0,0.0,0.31906158357771264,4352,9288,13640,timeout,40.0,"{""ALLOW_LOW_RISK"": 487, ""DENY_STATIC_BOUND"": 353}","{""fresh"": 222, ""aging"": 46, ""stale"": 85, ""hard_expired"": 0}","{""fresh"": {""proposed"": 222, ""ALLOW"": 0, ""DENY"": 222, ""DEFER"": 0, ""fraction_of_consequential"": 0.6288951841359773}, ""aging"": {""proposed"": 46, ""ALLOW"": 0, ""DENY"": 46, ""DEFER"": 0, ""fraction_of_consequential"": 0.13031161473087818}, ""stale"": {""proposed"": 85, ""ALLOW"": 0, ""DENY"": 85, ""DEFER"": 0, ""fraction_of_consequential"": 0.24079320113314448}, ""hard_expired"": {""proposed"": 0, ""ALLOW"": 0, ""DENY"": 0, ""DEFER"": 0, ""fraction_of_consequential"": 0.0}}","{""CONNECTED"": {""proposed"": 0, ""ALLOW"": 0.0, ""DENY"": 0.0, ""DEFER"": 0.0, ""fraction_of_consequential"": 0.0}, ""DEGRADED"": {""proposed"": 144, ""ALLOW"": 0.0, ""DENY"": 1.0, ""DEFER"": 0.0, ""fraction_of_consequential"": 0.40793201133144474}, ""PARTITIONED"": {""proposed"": 199, ""ALLOW"": 0.0, ""DENY"": 1.0, ""DEFER"": 0.0, ""fraction_of_consequential"": 0.5637393767705382}, ""ISOLATED"": {""proposed"": 0, ""ALLOW"": 0.0, ""DENY"": 0.0, ""DEFER"": 0.0, ""fraction_of_consequential"": 0.0}, ""RECOVERING"": {""proposed"": 10, ""ALLOW"": 0.0, ""DENY"": 1.0, ""DEFER"": 0.0, ""fraction_of_consequential"": 0.028328611898016998}}",b0d804b41d6f708612dc345c3e165ef89bc8bd77,a63e6d9417661d32
B4,paper_ssp_200m_strong_v1,750,750.0,2,tr_e18b2f198ce8_gpu,-14.0802,21.9198,6,"{""conflicting_task_ownership"": 0, ""duplicate_execution"": 0, ""contradictory_reassignment"": 1, ""incompatible_mission_state"": 1, ""inconsistent_anomaly_state"": 4}",0.5714285714285714,0.8571428571428571,0.9230769230769231,0.31887456037514655,4352,9296,13648,timeout,40.0,"{""ALLOW_LOW_RISK"": 756, ""ALLOW_AUTHORIZED"": 78, ""DENY_FORBIDDEN"": 4, ""DENY_RECOVERING_HARD_SAFETY"": 2}","{""fresh"": 76, ""aging"": 4, ""stale"": 4, ""hard_expired"": 0}","{""fresh"": {""proposed"": 76, ""ALLOW"": 74, ""DENY"": 2, ""DEFER"": 0, ""fraction_of_consequential"": 0.9047619047619048}, ""aging"": {""proposed"": 4, ""ALLOW"": 4, ""DENY"": 0, ""DEFER"": 0, ""fraction_of_consequential"": 0.047619047619047616}, ""stale"": {""proposed"": 4, ""ALLOW"": 0, ""DENY"": 4, ""DEFER"": 0, ""fraction_of_consequential"": 0.047619047619047616}, ""hard_expired"": {""proposed"": 0, ""ALLOW"": 0, ""DENY"": 0, ""DEFER"": 0, ""fraction_of_consequential"": 0.0}}","{""CONNECTED"": {""proposed"": 0, ""ALLOW"": 0.0, ""DENY"": 0.0, ""DEFER"": 0.0, ""fraction_of_consequential"": 0.0}, ""DEGRADED"": {""proposed"": 30, ""ALLOW"": 1.0, ""DENY"": 0.0, ""DEFER"": 0.0, ""fraction_of_consequential"": 0.35714285714285715}, ""PARTITIONED"": {""proposed"": 52, ""ALLOW"": 0.9230769230769231, ""DENY"": 0.07692307692307693, ""DEFER"": 0.0, ""fraction_of_consequential"": 0.6190476190476191}, ""ISOLATED"": {""proposed"": 0, ""ALLOW"": 0.0, ""DENY"": 0.0, ""DEFER"": 0.0, ""fraction_of_consequential"": 0.0}, ""RECOVERING"": {""proposed"": 2, ""ALLOW"": 0.0, ""DENY"": 1.0, ""DEFER"": 0.0, ""fraction_of_consequential"": 0.023809523809523808}}",b0d804b41d6f708612dc345c3e165ef89bc8bd77,a63e6d9417661d32
B5_conservative,paper_ssp_200m_strong_v1,750,750.0,2,tr_e18b2f198ce8_gpu,-30.0453,-30.0453,0,"{""conflicting_task_ownership"": 0, ""duplicate_execution"": 0, ""contradictory_reassignment"": 0, ""incompatible_mission_state"": 0, ""inconsistent_anomaly_state"": 0}",0.0,0.0,0.0,0.31906158357771264,4352,9288,13640,timeout,40.0,"{""ALLOW_LOW_RISK"": 487, ""DEFER_DEGRADED"": 144, ""DENY_CONNECTIVITY_POLICY"": 209}","{""fresh"": 222, ""aging"": 46, ""stale"": 85, ""hard_expired"": 0}","{""fresh"": {""proposed"": 222, ""ALLOW"": 0, ""DENY"": 78, ""DEFER"": 144, ""fraction_of_consequential"": 0.6288951841359773}, ""aging"": {""proposed"": 46, ""ALLOW"": 0, ""DENY"": 46, ""DEFER"": 0, ""fraction_of_consequential"": 0.13031161473087818}, ""stale"": {""proposed"": 85, ""ALLOW"": 0, ""DENY"": 85, ""DEFER"": 0, ""fraction_of_consequential"": 0.24079320113314448}, ""hard_expired"": {""proposed"": 0, ""ALLOW"": 0, ""DENY"": 0, ""DEFER"": 0, ""fraction_of_consequential"": 0.0}}","{""CONNECTED"": {""proposed"": 0, ""ALLOW"": 0.0, ""DENY"": 0.0, ""DEFER"": 0.0, ""fraction_of_consequential"": 0.0}, ""DEGRADED"": {""proposed"": 144, ""ALLOW"": 0.0, ""DENY"": 0.0, ""DEFER"": 1.0, ""fraction_of_consequential"": 0.40793201133144474}, ""PARTITIONED"": {""proposed"": 199, ""ALLOW"": 0.0, ""DENY"": 1.0, ""DEFER"": 0.0, ""fraction_of_consequential"": 0.5637393767705382}, ""ISOLATED"": {""proposed"": 0, ""ALLOW"": 0.0, ""DENY"": 0.0, ""DEFER"": 0.0, ""fraction_of_consequential"": 0.0}, ""RECOVERING"": {""proposed"": 10, ""ALLOW"": 0.0, ""DENY"": 1.0, ""DEFER"": 0.0, ""fraction_of_consequential"": 0.028328611898016998}}",b0d804b41d6f708612dc345c3e165ef89bc8bd77,a63e6d9417661d32
B5_nominal,paper_ssp_200m_strong_v1,750,750.0,2,tr_e18b2f198ce8_gpu,-77.08455,-23.08455,9,"{""conflicting_task_ownership"": 0, ""duplicate_execution"": 0, ""contradictory_reassignment"": 1, ""incompatible_mission_state"": 4, ""inconsistent_anomaly_state"": 4}",0.6470588235294118,0.9294117647058824,0.9294117647058824,0.31887456037514655,4352,9296,13648,timeout,40.0,"{""ALLOW_LOW_RISK"": 755, ""ALLOW_AUTHORIZED"": 85}","{""fresh"": 76, ""aging"": 4, ""stale"": 5, ""hard_expired"": 0}","{""fresh"": {""proposed"": 76, ""ALLOW"": 76, ""DENY"": 0, ""DEFER"": 0, ""fraction_of_consequential"": 0.8941176470588236}, ""aging"": {""proposed"": 4, ""ALLOW"": 4, ""DENY"": 0, ""DEFER"": 0, ""fraction_of_consequential"": 0.047058823529411764}, ""stale"": {""proposed"": 5, ""ALLOW"": 5, ""DENY"": 0, ""DEFER"": 0, ""fraction_of_consequential"": 0.058823529411764705}, ""hard_expired"": {""proposed"": 0, ""ALLOW"": 0, ""DENY"": 0, ""DEFER"": 0, ""fraction_of_consequential"": 0.0}}","{""CONNECTED"": {""proposed"": 0, ""ALLOW"": 0.0, ""DENY"": 0.0, ""DEFER"": 0.0, ""fraction_of_consequential"": 0.0}, ""DEGRADED"": {""proposed"": 30, ""ALLOW"": 1.0, ""DENY"": 0.0, ""DEFER"": 0.0, ""fraction_of_consequential"": 0.35294117647058826}, ""PARTITIONED"": {""proposed"": 53, ""ALLOW"": 1.0, ""DENY"": 0.0, ""DEFER"": 0.0, ""fraction_of_consequential"": 0.6235294117647059}, ""ISOLATED"": {""proposed"": 0, ""ALLOW"": 0.0, ""DENY"": 0.0, ""DEFER"": 0.0, ""fraction_of_consequential"": 0.0}, ""RECOVERING"": {""proposed"": 2, ""ALLOW"": 1.0, ""DENY"": 0.0, ""DEFER"": 0.0, ""fraction_of_consequential"": 0.023529411764705882}}",b0d804b41d6f708612dc345c3e165ef89bc8bd77,a63e6d9417661d32
B5_permissive,paper_ssp_200m_strong_v1,750,750.0,2,tr_e18b2f198ce8_gpu,-77.08455,-23.08455,9,"{""conflicting_task_ownership"": 0, ""duplicate_execution"": 0, ""contradictory_reassignment"": 1, ""incompatible_mission_state"": 4, ""inconsistent_anomaly_state"": 4}",0.6470588235294118,0.9294117647058824,0.9294117647058824,0.31887456037514655,4352,9296,13648,timeout,40.0,"{""ALLOW_LOW_RISK"": 755, ""ALLOW_AUTHORIZED"": 85}","{""fresh"": 76, ""aging"": 4, ""stale"": 5, ""hard_expired"": 0}","{""fresh"": {""proposed"": 76, ""ALLOW"": 76, ""DENY"": 0, ""DEFER"": 0, ""fraction_of_consequential"": 0.8941176470588236}, ""aging"": {""proposed"": 4, ""ALLOW"": 4, ""DENY"": 0, ""DEFER"": 0, ""fraction_of_consequential"": 0.047058823529411764}, ""stale"": {""proposed"": 5, ""ALLOW"": 5, ""DENY"": 0, ""DEFER"": 0, ""fraction_of_consequential"": 0.058823529411764705}, ""hard_expired"": {""proposed"": 0, ""ALLOW"": 0, ""DENY"": 0, ""DEFER"": 0, ""fraction_of_consequential"": 0.0}}","{""CONNECTED"": {""proposed"": 0, ""ALLOW"": 0.0, ""DENY"": 0.0, ""DEFER"": 0.0, ""fraction_of_consequential"": 0.0}, ""DEGRADED"": {""proposed"": 30, ""ALLOW"": 1.0, ""DENY"": 0.0, ""DEFER"": 0.0, ""fraction_of_consequential"": 0.35294117647058826}, ""PARTITIONED"": {""proposed"": 53, ""ALLOW"": 1.0, ""DENY"": 0.0, ""DEFER"": 0.0, ""fraction_of_consequential"": 0.6235294117647059}, ""ISOLATED"": {""proposed"": 0, ""ALLOW"": 0.0, ""DENY"": 0.0, ""DEFER"": 0.0, ""fraction_of_consequential"": 0.0}, ""RECOVERING"": {""proposed"": 2, ""ALLOW"": 1.0, ""DENY"": 0.0, ""DEFER"": 0.0, ""fraction_of_consequential"": 0.023529411764705882}}",b0d804b41d6f708612dc345c3e165ef89bc8bd77,a63e6d9417661d32
B1,paper_ssp_200m_strong_v1,1000,1000.0,2,tr_e18b2f198ce8_gpu,47.9229,53.9229,1,"{""conflicting_task_ownership"": 0, ""duplicate_execution"": 0, ""contradictory_reassignment"": 0, ""incompatible_mission_state"": 1, ""inconsistent_anomaly_state"": 0}",0.5050505050505051,0.6767676767676768,0.9852941176470589,0.31887456037514655,4352,9296,13648,timeout,40.0,"{""ALLOW_LOW_RISK"": 705, ""ALLOW_AUTHORIZED"": 68, ""DENY_SUPERVISOR_UNREACHABLE"": 29, ""DENY_FORBIDDEN"": 36, ""DENY_RECOVERING_CONSEQUENTIAL"": 2}","{""fresh"": 76, ""aging"": 6, ""stale"": 11, ""hard_expired"": 6}","{""fresh"": {""proposed"": 76, ""ALLOW"": 68, ""DENY"": 8, ""DEFER"": 0, ""fraction_of_consequential"": 0.7676767676767676}, ""aging"": {""proposed"": 6, ""ALLOW"": 0, ""DENY"": 6, ""DEFER"": 0, ""fraction_of_consequential"": 0.06060606060606061}, ""stale"": {""proposed"": 11, ""ALLOW"": 0, ""DENY"": 11, ""DEFER"": 0, ""fraction_of_consequential"": 0.1111111111111111}, ""hard_expired"": {""proposed"": 6, ""ALLOW"": 0, ""DENY"": 6, ""DEFER"": 0, ""fraction_of_consequential"": 0.06060606060606061}}","{""CONNECTED"": {""proposed"": 0, ""ALLOW"": 0.0, ""DENY"": 0.0, ""DEFER"": 0.0, ""fraction_of_consequential"": 0.0}, ""DEGRADED"": {""proposed"": 18, ""ALLOW"": 1.0, ""DENY"": 0.0, ""DEFER"": 0.0, ""fraction_of_consequential"": 0.18181818181818182}, ""PARTITIONED"": {""proposed"": 79, ""ALLOW"": 0.6329113924050633, ""DENY"": 0.3670886075949367, ""DEFER"": 0.0, ""fraction_of_consequential"": 0.797979797979798}, ""ISOLATED"": {""proposed"": 0, ""ALLOW"": 0.0, ""DENY"": 0.0, ""DEFER"": 0.0, ""fraction_of_consequential"": 0.0}, ""RECOVERING"": {""proposed"": 2, ""ALLOW"": 0.0, ""DENY"": 1.0, ""DEFER"": 0.0, ""fraction_of_consequential"": 0.020202020202020204}}",b0d804b41d6f708612dc345c3e165ef89bc8bd77,6f79589068c228d3
B2,paper_ssp_200m_strong_v1,1000,1000.0,2,tr_e18b2f198ce8_gpu,-117.08815,-63.08815,9,"{""conflicting_task_ownership"": 0, ""duplicate_execution"": 0, ""contradictory_reassignment"": 1, ""incompatible_mission_state"": 4, ""inconsistent_anomaly_state"": 4}",0.797752808988764,0.9325842696629213,0.9325842696629213,0.31887456037514655,4352,9296,13648,timeout,40.0,"{""ALLOW_AUTHORIZED"": 840}","{""fresh"": 76, ""aging"": 4, ""stale"": 5, ""hard_expired"": 4}","{""fresh"": {""proposed"": 76, ""ALLOW"": 76, ""DENY"": 0, ""DEFER"": 0, ""fraction_of_consequential"": 0.8539325842696629}, ""aging"": {""proposed"": 4, ""ALLOW"": 4, ""DENY"": 0, ""DEFER"": 0, ""fraction_of_consequential"": 0.0449438202247191}, ""stale"": {""proposed"": 5, ""ALLOW"": 5, ""DENY"": 0, ""DEFER"": 0, ""fraction_of_consequential"": 0.056179775280898875}, ""hard_expired"": {""proposed"": 4, ""ALLOW"": 4, ""DENY"": 0, ""DEFER"": 0, ""fraction_of_consequential"": 0.0449438202247191}}","{""CONNECTED"": {""proposed"": 0, ""ALLOW"": 0.0, ""DENY"": 0.0, ""DEFER"": 0.0, ""fraction_of_consequential"": 0.0}, ""DEGRADED"": {""proposed"": 18, ""ALLOW"": 1.0, ""DENY"": 0.0, ""DEFER"": 0.0, ""fraction_of_consequential"": 0.20224719101123595}, ""PARTITIONED"": {""proposed"": 69, ""ALLOW"": 1.0, ""DENY"": 0.0, ""DEFER"": 0.0, ""fraction_of_consequential"": 0.7752808988764045}, ""ISOLATED"": {""proposed"": 0, ""ALLOW"": 0.0, ""DENY"": 0.0, ""DEFER"": 0.0, ""fraction_of_consequential"": 0.0}, ""RECOVERING"": {""proposed"": 2, ""ALLOW"": 1.0, ""DENY"": 0.0, ""DEFER"": 0.0, ""fraction_of_consequential"": 0.02247191011235955}}",b0d804b41d6f708612dc345c3e165ef89bc8bd77,6f79589068c228d3
B3,paper_ssp_200m_strong_v1,1000,1000.0,2,tr_e18b2f198ce8_gpu,-30.0449,-30.0449,0,"{""conflicting_task_ownership"": 0, ""duplicate_execution"": 0, ""contradictory_reassignment"": 0, ""incompatible_mission_state"": 0, ""inconsistent_anomaly_state"": 0}",0.0,0.0,0.0,0.31906158357771264,4352,9288,13640,timeout,40.0,"{""ALLOW_LOW_RISK"": 483, ""DENY_STATIC_BOUND"": 357}","{""fresh"": 174, ""aging"": 46, ""stale"": 107, ""hard_expired"": 30}","{""fresh"": {""proposed"": 174, ""ALLOW"": 0, ""DENY"": 174, ""DEFER"": 0, ""fraction_of_consequential"": 0.48739495798319327}, ""aging"": {""proposed"": 46, ""ALLOW"": 0, ""DENY"": 46, ""DEFER"": 0, ""fraction_of_consequential"": 0.12885154061624648}, ""stale"": {""proposed"": 107, ""ALLOW"": 0, ""DENY"": 107, ""DEFER"": 0, ""fraction_of_consequential"": 0.29971988795518206}, ""hard_expired"": {""proposed"": 30, ""ALLOW"": 0, ""DENY"": 30, ""DEFER"": 0, ""fraction_of_consequential"": 0.08403361344537816}}","{""CONNECTED"": {""proposed"": 0, ""ALLOW"": 0.0, ""DENY"": 0.0, ""DEFER"": 0.0, ""fraction_of_consequential"": 0.0}, ""DEGRADED"": {""proposed"": 84, ""ALLOW"": 0.0, ""DENY"": 1.0, ""DEFER"": 0.0, ""fraction_of_consequential"": 0.23529411764705882}, ""PARTITIONED"": {""proposed"": 263, ""ALLOW"": 0.0, ""DENY"": 1.0, ""DEFER"": 0.0, ""fraction_of_consequential"": 0.7366946778711485}, ""ISOLATED"": {""proposed"": 0, ""ALLOW"": 0.0, ""DENY"": 0.0, ""DEFER"": 0.0, ""fraction_of_consequential"": 0.0}, ""RECOVERING"": {""proposed"": 10, ""ALLOW"": 0.0, ""DENY"": 1.0, ""DEFER"": 0.0, ""fraction_of_consequential"": 0.028011204481792718}}",b0d804b41d6f708612dc345c3e165ef89bc8bd77,6f79589068c228d3
B4,paper_ssp_200m_strong_v1,1000,1000.0,2,tr_e18b2f198ce8_gpu,-14.0774,21.9226,6,"{""conflicting_task_ownership"": 0, ""duplicate_execution"": 0, ""contradictory_reassignment"": 1, ""incompatible_mission_state"": 1, ""inconsistent_anomaly_state"": 4}",0.6818181818181818,0.8181818181818182,0.9230769230769231,0.31887456037514655,4352,9296,13648,timeout,40.0,"{""ALLOW_LOW_RISK"": 714, ""ALLOW_AUTHORIZED"": 78, ""DENY_FORBIDDEN"": 42, ""DENY_HARD_EXPIRY"": 4, ""DENY_RECOVERING_HARD_SAFETY"": 2}","{""fresh"": 76, ""aging"": 4, ""stale"": 4, ""hard_expired"": 4}","{""fresh"": {""proposed"": 76, ""ALLOW"": 74, ""DENY"": 2, ""DEFER"": 0, ""fraction_of_consequential"": 0.8636363636363636}, ""aging"": {""proposed"": 4, ""ALLOW"": 4, ""DENY"": 0, ""DEFER"": 0, ""fraction_of_consequential"": 0.045454545454545456}, ""stale"": {""proposed"": 4, ""ALLOW"": 0, ""DENY"": 4, ""DEFER"": 0, ""fraction_of_consequential"": 0.045454545454545456}, ""hard_expired"": {""proposed"": 4, ""ALLOW"": 0, ""DENY"": 4, ""DEFER"": 0, ""fraction_of_consequential"": 0.045454545454545456}}","{""CONNECTED"": {""proposed"": 0, ""ALLOW"": 0.0, ""DENY"": 0.0, ""DEFER"": 0.0, ""fraction_of_consequential"": 0.0}, ""DEGRADED"": {""proposed"": 18, ""ALLOW"": 1.0, ""DENY"": 0.0, ""DEFER"": 0.0, ""fraction_of_consequential"": 0.20454545454545456}, ""PARTITIONED"": {""proposed"": 68, ""ALLOW"": 0.8823529411764706, ""DENY"": 0.11764705882352941, ""DEFER"": 0.0, ""fraction_of_consequential"": 0.7727272727272727}, ""ISOLATED"": {""proposed"": 0, ""ALLOW"": 0.0, ""DENY"": 0.0, ""DEFER"": 0.0, ""fraction_of_consequential"": 0.0}, ""RECOVERING"": {""proposed"": 2, ""ALLOW"": 0.0, ""DENY"": 1.0, ""DEFER"": 0.0, ""fraction_of_consequential"": 0.022727272727272728}}",b0d804b41d6f708612dc345c3e165ef89bc8bd77,6f79589068c228d3
B5_conservative,paper_ssp_200m_strong_v1,1000,1000.0,2,tr_e18b2f198ce8_gpu,-30.0449,-30.0449,0,"{""conflicting_task_ownership"": 0, ""duplicate_execution"": 0, ""contradictory_reassignment"": 0, ""incompatible_mission_state"": 0, ""inconsistent_anomaly_state"": 0}",0.0,0.0,0.0,0.31906158357771264,4352,9288,13640,timeout,40.0,"{""ALLOW_LOW_RISK"": 483, ""DEFER_DEGRADED"": 84, ""DENY_CONNECTIVITY_POLICY"": 273}","{""fresh"": 174, ""aging"": 46, ""stale"": 107, ""hard_expired"": 30}","{""fresh"": {""proposed"": 174, ""ALLOW"": 0, ""DENY"": 90, ""DEFER"": 84, ""fraction_of_consequential"": 0.48739495798319327}, ""aging"": {""proposed"": 46, ""ALLOW"": 0, ""DENY"": 46, ""DEFER"": 0, ""fraction_of_consequential"": 0.12885154061624648}, ""stale"": {""proposed"": 107, ""ALLOW"": 0, ""DENY"": 107, ""DEFER"": 0, ""fraction_of_consequential"": 0.29971988795518206}, ""hard_expired"": {""proposed"": 30, ""ALLOW"": 0, ""DENY"": 30, ""DEFER"": 0, ""fraction_of_consequential"": 0.08403361344537816}}","{""CONNECTED"": {""proposed"": 0, ""ALLOW"": 0.0, ""DENY"": 0.0, ""DEFER"": 0.0, ""fraction_of_consequential"": 0.0}, ""DEGRADED"": {""proposed"": 84, ""ALLOW"": 0.0, ""DENY"": 0.0, ""DEFER"": 1.0, ""fraction_of_consequential"": 0.23529411764705882}, ""PARTITIONED"": {""proposed"": 263, ""ALLOW"": 0.0, ""DENY"": 1.0, ""DEFER"": 0.0, ""fraction_of_consequential"": 0.7366946778711485}, ""ISOLATED"": {""proposed"": 0, ""ALLOW"": 0.0, ""DENY"": 0.0, ""DEFER"": 0.0, ""fraction_of_consequential"": 0.0}, ""RECOVERING"": {""proposed"": 10, ""ALLOW"": 0.0, ""DENY"": 1.0, ""DEFER"": 0.0, ""fraction_of_consequential"": 0.028011204481792718}}",b0d804b41d6f708612dc345c3e165ef89bc8bd77,6f79589068c228d3
B5_nominal,paper_ssp_200m_strong_v1,1000,1000.0,2,tr_e18b2f198ce8_gpu,-117.08815,-63.08815,9,"{""conflicting_task_ownership"": 0, ""duplicate_execution"": 0, ""contradictory_reassignment"": 1, ""incompatible_mission_state"": 4, ""inconsistent_anomaly_state"": 4}",0.797752808988764,0.9325842696629213,0.9325842696629213,0.31887456037514655,4352,9296,13648,timeout,40.0,"{""ALLOW_LOW_RISK"": 751, ""ALLOW_AUTHORIZED"": 89}","{""fresh"": 76, ""aging"": 4, ""stale"": 5, ""hard_expired"": 4}","{""fresh"": {""proposed"": 76, ""ALLOW"": 76, ""DENY"": 0, ""DEFER"": 0, ""fraction_of_consequential"": 0.8539325842696629}, ""aging"": {""proposed"": 4, ""ALLOW"": 4, ""DENY"": 0, ""DEFER"": 0, ""fraction_of_consequential"": 0.0449438202247191}, ""stale"": {""proposed"": 5, ""ALLOW"": 5, ""DENY"": 0, ""DEFER"": 0, ""fraction_of_consequential"": 0.056179775280898875}, ""hard_expired"": {""proposed"": 4, ""ALLOW"": 4, ""DENY"": 0, ""DEFER"": 0, ""fraction_of_consequential"": 0.0449438202247191}}","{""CONNECTED"": {""proposed"": 0, ""ALLOW"": 0.0, ""DENY"": 0.0, ""DEFER"": 0.0, ""fraction_of_consequential"": 0.0}, ""DEGRADED"": {""proposed"": 18, ""ALLOW"": 1.0, ""DENY"": 0.0, ""DEFER"": 0.0, ""fraction_of_consequential"": 0.20224719101123595}, ""PARTITIONED"": {""proposed"": 69, ""ALLOW"": 1.0, ""DENY"": 0.0, ""DEFER"": 0.0, ""fraction_of_consequential"": 0.7752808988764045}, ""ISOLATED"": {""proposed"": 0, ""ALLOW"": 0.0, ""DENY"": 0.0, ""DEFER"": 0.0, ""fraction_of_consequential"": 0.0}, ""RECOVERING"": {""proposed"": 2, ""ALLOW"": 1.0, ""DENY"": 0.0, ""DEFER"": 0.0, ""fraction_of_consequential"": 0.02247191011235955}}",b0d804b41d6f708612dc345c3e165ef89bc8bd77,6f79589068c228d3
B5_permissive,paper_ssp_200m_strong_v1,1000,1000.0,2,tr_e18b2f198ce8_gpu,-117.08815,-63.08815,9,"{""conflicting_task_ownership"": 0, ""duplicate_execution"": 0, ""contradictory_reassignment"": 1, ""incompatible_mission_state"": 4, ""inconsistent_anomaly_state"": 4}",0.797752808988764,0.9325842696629213,0.9325842696629213,0.31887456037514655,4352,9296,13648,timeout,40.0,"{""ALLOW_LOW_RISK"": 751, ""ALLOW_AUTHORIZED"": 89}","{""fresh"": 76, ""aging"": 4, ""stale"": 5, ""hard_expired"": 4}","{""fresh"": {""proposed"": 76, ""ALLOW"": 76, ""DENY"": 0, ""DEFER"": 0, ""fraction_of_consequential"": 0.8539325842696629}, ""aging"": {""proposed"": 4, ""ALLOW"": 4, ""DENY"": 0, ""DEFER"": 0, ""fraction_of_consequential"": 0.0449438202247191}, ""stale"": {""proposed"": 5, ""ALLOW"": 5, ""DENY"": 0, ""DEFER"": 0, ""fraction_of_consequential"": 0.056179775280898875}, ""hard_expired"": {""proposed"": 4, ""ALLOW"": 4, ""DENY"": 0, ""DEFER"": 0, ""fraction_of_consequential"": 0.0449438202247191}}","{""CONNECTED"": {""proposed"": 0, ""ALLOW"": 0.0, ""DENY"": 0.0, ""DEFER"": 0.0, ""fraction_of_consequential"": 0.0}, ""DEGRADED"": {""proposed"": 18, ""ALLOW"": 1.0, ""DENY"": 0.0, ""DEFER"": 0.0, ""fraction_of_consequential"": 0.20224719101123595}, ""PARTITIONED"": {""proposed"": 69, ""ALLOW"": 1.0, ""DENY"": 0.0, ""DEFER"": 0.0, ""fraction_of_consequential"": 0.7752808988764045}, ""ISOLATED"": {""proposed"": 0, ""ALLOW"": 0.0, ""DENY"": 0.0, ""DEFER"": 0.0, ""fraction_of_consequential"": 0.0}, ""RECOVERING"": {""proposed"": 2, ""ALLOW"": 1.0, ""DENY"": 0.0, ""DEFER"": 0.0, ""fraction_of_consequential"": 0.02247191011235955}}",b0d804b41d6f708612dc345c3e165ef89bc8bd77,6f79589068c228d3
