environment_id,seed,outage,outage_duration_s,t_s,auv_id,action_type,risk_class,decision,reason_code,authority_freshness,authority_age_s,connectivity,supervisor_reachable,hard_expired_label,age_ge_900,freshness_age_disagree,attribution,trace_id
paper_ssp_200m_v1,0,1000,1000.0,1060.0,auv_06,enter_exclusion_zone,consequential,DENY,DENY_HARD_EXPIRY,hard_expired,900.0,PARTITIONED,False,True,True,False,not_low_risk,tr_54fb653caded_gpu
paper_ssp_200m_v1,0,1000,1000.0,1060.0,auv_07,enter_exclusion_zone,consequential,DENY,DENY_HARD_EXPIRY,hard_expired,900.0,PARTITIONED,False,True,True,False,not_low_risk,tr_54fb653caded_gpu
paper_ssp_200m_v1,0,1000,1000.0,1060.0,auv_08,exceed_return_energy_reserve,consequential,DENY,DENY_HARD_EXPIRY,hard_expired,900.0,PARTITIONED,False,True,True,False,not_low_risk,tr_54fb653caded_gpu
paper_ssp_200m_v1,0,1000,1000.0,1060.0,auv_09,hold_station,low,DENY,DENY_FORBIDDEN,hard_expired,900.0,PARTITIONED,False,True,True,False,A_hard_expiry_capsule_contraction,tr_54fb653caded_gpu
paper_ssp_200m_v1,0,1000,1000.0,1060.0,auv_10,enter_exclusion_zone,consequential,DENY,DENY_HARD_EXPIRY,hard_expired,900.0,PARTITIONED,False,True,True,False,not_low_risk,tr_54fb653caded_gpu
paper_ssp_200m_v1,0,1000,1000.0,1060.0,auv_11,bounded_path_correction,low,DENY,DENY_FORBIDDEN,hard_expired,900.0,PARTITIONED,False,True,True,False,A_hard_expiry_capsule_contraction,tr_54fb653caded_gpu
paper_ssp_200m_v1,0,1000,1000.0,1080.0,auv_06,enter_exclusion_zone,consequential,DENY,DENY_HARD_EXPIRY,hard_expired,920.0,PARTITIONED,False,True,True,False,not_low_risk,tr_54fb653caded_gpu
paper_ssp_200m_v1,0,1000,1000.0,1080.0,auv_07,enter_exclusion_zone,consequential,DENY,DENY_HARD_EXPIRY,hard_expired,920.0,PARTITIONED,False,True,True,False,not_low_risk,tr_54fb653caded_gpu
paper_ssp_200m_v1,0,1000,1000.0,1080.0,auv_08,exceed_return_energy_reserve,consequential,DENY,DENY_HARD_EXPIRY,hard_expired,920.0,PARTITIONED,False,True,True,False,not_low_risk,tr_54fb653caded_gpu
paper_ssp_200m_v1,0,1000,1000.0,1080.0,auv_09,hold_station,low,DENY,DENY_FORBIDDEN,hard_expired,920.0,PARTITIONED,False,True,True,False,A_hard_expiry_capsule_contraction,tr_54fb653caded_gpu
paper_ssp_200m_v1,0,1000,1000.0,1080.0,auv_10,enter_exclusion_zone,consequential,DENY,DENY_HARD_EXPIRY,hard_expired,920.0,PARTITIONED,False,True,True,False,not_low_risk,tr_54fb653caded_gpu
paper_ssp_200m_v1,0,1000,1000.0,1080.0,auv_11,bounded_path_correction,low,DENY,DENY_FORBIDDEN,hard_expired,920.0,PARTITIONED,False,True,True,False,A_hard_expiry_capsule_contraction,tr_54fb653caded_gpu
paper_ssp_200m_v1,0,1000,1000.0,1100.0,auv_06,enter_exclusion_zone,consequential,DENY,DENY_HARD_EXPIRY,hard_expired,940.0,PARTITIONED,False,True,True,False,not_low_risk,tr_54fb653caded_gpu
paper_ssp_200m_v1,0,1000,1000.0,1100.0,auv_07,enter_exclusion_zone,consequential,DENY,DENY_HARD_EXPIRY,hard_expired,940.0,PARTITIONED,False,True,True,False,not_low_risk,tr_54fb653caded_gpu
paper_ssp_200m_v1,0,1000,1000.0,1100.0,auv_08,exceed_return_energy_reserve,consequential,DENY,DENY_HARD_EXPIRY,hard_expired,940.0,PARTITIONED,False,True,True,False,not_low_risk,tr_54fb653caded_gpu
paper_ssp_200m_v1,0,1000,1000.0,1100.0,auv_09,hold_station,low,DENY,DENY_FORBIDDEN,hard_expired,940.0,PARTITIONED,False,True,True,False,A_hard_expiry_capsule_contraction,tr_54fb653caded_gpu
paper_ssp_200m_v1,0,1000,1000.0,1100.0,auv_10,enter_exclusion_zone,consequential,DENY,DENY_HARD_EXPIRY,hard_expired,940.0,PARTITIONED,False,True,True,False,not_low_risk,tr_54fb653caded_gpu
paper_ssp_200m_v1,0,1000,1000.0,1100.0,auv_11,bounded_path_correction,low,DENY,DENY_FORBIDDEN,hard_expired,940.0,PARTITIONED,False,True,True,False,A_hard_expiry_capsule_contraction,tr_54fb653caded_gpu
paper_ssp_200m_v1,0,1000,1000.0,1120.0,auv_06,enter_exclusion_zone,consequential,DENY,DENY_HARD_EXPIRY,hard_expired,960.0,PARTITIONED,False,True,True,False,not_low_risk,tr_54fb653caded_gpu
paper_ssp_200m_v1,0,1000,1000.0,1120.0,auv_07,enter_exclusion_zone,consequential,DENY,DENY_HARD_EXPIRY,hard_expired,960.0,PARTITIONED,False,True,True,False,not_low_risk,tr_54fb653caded_gpu
paper_ssp_200m_v1,0,1000,1000.0,1120.0,auv_08,exceed_return_energy_reserve,consequential,DENY,DENY_HARD_EXPIRY,hard_expired,960.0,PARTITIONED,False,True,True,False,not_low_risk,tr_54fb653caded_gpu
paper_ssp_200m_v1,0,1000,1000.0,1120.0,auv_09,hold_station,low,DENY,DENY_FORBIDDEN,hard_expired,960.0,PARTITIONED,False,True,True,False,A_hard_expiry_capsule_contraction,tr_54fb653caded_gpu
paper_ssp_200m_v1,0,1000,1000.0,1120.0,auv_10,enter_exclusion_zone,consequential,DENY,DENY_HARD_EXPIRY,hard_expired,960.0,PARTITIONED,False,True,True,False,not_low_risk,tr_54fb653caded_gpu
paper_ssp_200m_v1,0,1000,1000.0,1120.0,auv_11,change_high_level_objective,consequential,DENY,DENY_HARD_EXPIRY,hard_expired,960.0,PARTITIONED,False,True,True,False,not_low_risk,tr_54fb653caded_gpu
paper_ssp_200m_v1,0,1000,1000.0,1140.0,auv_06,exceed_return_energy_reserve,consequential,DENY,DENY_HARD_EXPIRY,hard_expired,980.0,PARTITIONED,False,True,True,False,not_low_risk,tr_54fb653caded_gpu
paper_ssp_200m_v1,0,1000,1000.0,1140.0,auv_07,exceed_return_energy_reserve,consequential,DENY,DENY_HARD_EXPIRY,hard_expired,980.0,PARTITIONED,False,True,True,False,not_low_risk,tr_54fb653caded_gpu
paper_ssp_200m_v1,0,1000,1000.0,1140.0,auv_08,exceed_return_energy_reserve,consequential,DENY,DENY_HARD_EXPIRY,hard_expired,980.0,PARTITIONED,False,True,True,False,not_low_risk,tr_54fb653caded_gpu
paper_ssp_200m_v1,0,1000,1000.0,1140.0,auv_09,hold_station,low,DENY,DENY_FORBIDDEN,hard_expired,980.0,PARTITIONED,False,True,True,False,A_hard_expiry_capsule_contraction,tr_54fb653caded_gpu
paper_ssp_200m_v1,0,1000,1000.0,1140.0,auv_10,exceed_return_energy_reserve,consequential,DENY,DENY_HARD_EXPIRY,hard_expired,980.0,PARTITIONED,False,True,True,False,not_low_risk,tr_54fb653caded_gpu
paper_ssp_200m_v1,0,1000,1000.0,1140.0,auv_11,exceed_return_energy_reserve,consequential,DENY,DENY_HARD_EXPIRY,hard_expired,980.0,PARTITIONED,False,True,True,False,not_low_risk,tr_54fb653caded_gpu
paper_ssp_200m_v1,0,1000,1000.0,1160.0,auv_06,enter_exclusion_zone,consequential,DENY,DENY_HARD_EXPIRY,hard_expired,1000.0,PARTITIONED,False,True,True,False,not_low_risk,tr_54fb653caded_gpu
paper_ssp_200m_v1,0,1000,1000.0,1160.0,auv_07,enter_exclusion_zone,consequential,DENY,DENY_HARD_EXPIRY,hard_expired,1000.0,PARTITIONED,False,True,True,False,not_low_risk,tr_54fb653caded_gpu
paper_ssp_200m_v1,0,1000,1000.0,1160.0,auv_08,exceed_return_energy_reserve,consequential,DENY,DENY_HARD_EXPIRY,hard_expired,1000.0,PARTITIONED,False,True,True,False,not_low_risk,tr_54fb653caded_gpu
paper_ssp_200m_v1,0,1000,1000.0,1160.0,auv_09,hold_station,low,DENY,DENY_FORBIDDEN,hard_expired,1000.0,PARTITIONED,False,True,True,False,A_hard_expiry_capsule_contraction,tr_54fb653caded_gpu
paper_ssp_200m_v1,0,1000,1000.0,1160.0,auv_10,enter_exclusion_zone,consequential,DENY,DENY_HARD_EXPIRY,hard_expired,1000.0,PARTITIONED,False,True,True,False,not_low_risk,tr_54fb653caded_gpu
paper_ssp_200m_v1,0,1000,1000.0,1160.0,auv_11,bounded_path_correction,low,DENY,DENY_FORBIDDEN,hard_expired,1000.0,PARTITIONED,False,True,True,False,A_hard_expiry_capsule_contraction,tr_54fb653caded_gpu
paper_ssp_200m_v1,0,1000,1000.0,1180.0,auv_06,enter_exclusion_zone,consequential,DENY,DENY_HARD_EXPIRY,hard_expired,1020.0,PARTITIONED,False,True,True,False,not_low_risk,tr_54fb653caded_gpu
paper_ssp_200m_v1,0,1000,1000.0,1180.0,auv_07,enter_exclusion_zone,consequential,DENY,DENY_HARD_EXPIRY,hard_expired,1020.0,PARTITIONED,False,True,True,False,not_low_risk,tr_54fb653caded_gpu
paper_ssp_200m_v1,0,1000,1000.0,1180.0,auv_08,exceed_return_energy_reserve,consequential,DENY,DENY_HARD_EXPIRY,hard_expired,1020.0,PARTITIONED,False,True,True,False,not_low_risk,tr_54fb653caded_gpu
paper_ssp_200m_v1,0,1000,1000.0,1180.0,auv_09,hold_station,low,DENY,DENY_FORBIDDEN,hard_expired,1020.0,PARTITIONED,False,True,True,False,A_hard_expiry_capsule_contraction,tr_54fb653caded_gpu
paper_ssp_200m_v1,0,1000,1000.0,1180.0,auv_10,enter_exclusion_zone,consequential,DENY,DENY_HARD_EXPIRY,hard_expired,1020.0,PARTITIONED,False,True,True,False,not_low_risk,tr_54fb653caded_gpu
paper_ssp_200m_v1,0,1000,1000.0,1180.0,auv_11,bounded_path_correction,low,DENY,DENY_FORBIDDEN,hard_expired,1020.0,PARTITIONED,False,True,True,False,A_hard_expiry_capsule_contraction,tr_54fb653caded_gpu
paper_ssp_200m_v1,1,1000,1000.0,1060.0,auv_06,enter_exclusion_zone,consequential,DENY,DENY_HARD_EXPIRY,hard_expired,900.0,PARTITIONED,False,True,True,False,not_low_risk,tr_3bf719402f6c_gpu
paper_ssp_200m_v1,1,1000,1000.0,1060.0,auv_07,enter_exclusion_zone,consequential,DENY,DENY_HARD_EXPIRY,hard_expired,900.0,PARTITIONED,False,True,True,False,not_low_risk,tr_3bf719402f6c_gpu
paper_ssp_200m_v1,1,1000,1000.0,1060.0,auv_08,exceed_return_energy_reserve,consequential,DENY,DENY_HARD_EXPIRY,hard_expired,900.0,PARTITIONED,False,True,True,False,not_low_risk,tr_3bf719402f6c_gpu
paper_ssp_200m_v1,1,1000,1000.0,1060.0,auv_09,hold_station,low,DENY,DENY_FORBIDDEN,hard_expired,900.0,PARTITIONED,False,True,True,False,A_hard_expiry_capsule_contraction,tr_3bf719402f6c_gpu
paper_ssp_200m_v1,1,1000,1000.0,1060.0,auv_10,enter_exclusion_zone,consequential,DENY,DENY_HARD_EXPIRY,hard_expired,900.0,PARTITIONED,False,True,True,False,not_low_risk,tr_3bf719402f6c_gpu
paper_ssp_200m_v1,1,1000,1000.0,1060.0,auv_11,bounded_path_correction,low,DENY,DENY_FORBIDDEN,hard_expired,900.0,PARTITIONED,False,True,True,False,A_hard_expiry_capsule_contraction,tr_3bf719402f6c_gpu
paper_ssp_200m_v1,1,1000,1000.0,1080.0,auv_06,enter_exclusion_zone,consequential,DENY,DENY_HARD_EXPIRY,hard_expired,920.0,PARTITIONED,False,True,True,False,not_low_risk,tr_3bf719402f6c_gpu
paper_ssp_200m_v1,1,1000,1000.0,1080.0,auv_07,enter_exclusion_zone,consequential,DENY,DENY_HARD_EXPIRY,hard_expired,920.0,PARTITIONED,False,True,True,False,not_low_risk,tr_3bf719402f6c_gpu
paper_ssp_200m_v1,1,1000,1000.0,1080.0,auv_08,exceed_return_energy_reserve,consequential,DENY,DENY_HARD_EXPIRY,hard_expired,920.0,PARTITIONED,False,True,True,False,not_low_risk,tr_3bf719402f6c_gpu
paper_ssp_200m_v1,1,1000,1000.0,1080.0,auv_09,hold_station,low,DENY,DENY_FORBIDDEN,hard_expired,920.0,PARTITIONED,False,True,True,False,A_hard_expiry_capsule_contraction,tr_3bf719402f6c_gpu
paper_ssp_200m_v1,1,1000,1000.0,1080.0,auv_10,enter_exclusion_zone,consequential,DENY,DENY_HARD_EXPIRY,hard_expired,920.0,PARTITIONED,False,True,True,False,not_low_risk,tr_3bf719402f6c_gpu
paper_ssp_200m_v1,1,1000,1000.0,1080.0,auv_11,bounded_path_correction,low,DENY,DENY_FORBIDDEN,hard_expired,920.0,PARTITIONED,False,True,True,False,A_hard_expiry_capsule_contraction,tr_3bf719402f6c_gpu
paper_ssp_200m_v1,1,1000,1000.0,1100.0,auv_06,enter_exclusion_zone,consequential,DENY,DENY_HARD_EXPIRY,hard_expired,940.0,PARTITIONED,False,True,True,False,not_low_risk,tr_3bf719402f6c_gpu
paper_ssp_200m_v1,1,1000,1000.0,1100.0,auv_07,enter_exclusion_zone,consequential,DENY,DENY_HARD_EXPIRY,hard_expired,940.0,PARTITIONED,False,True,True,False,not_low_risk,tr_3bf719402f6c_gpu
paper_ssp_200m_v1,1,1000,1000.0,1100.0,auv_08,exceed_return_energy_reserve,consequential,DENY,DENY_HARD_EXPIRY,hard_expired,940.0,PARTITIONED,False,True,True,False,not_low_risk,tr_3bf719402f6c_gpu
paper_ssp_200m_v1,1,1000,1000.0,1100.0,auv_09,hold_station,low,DENY,DENY_FORBIDDEN,hard_expired,940.0,PARTITIONED,False,True,True,False,A_hard_expiry_capsule_contraction,tr_3bf719402f6c_gpu
paper_ssp_200m_v1,1,1000,1000.0,1100.0,auv_10,enter_exclusion_zone,consequential,DENY,DENY_HARD_EXPIRY,hard_expired,940.0,PARTITIONED,False,True,True,False,not_low_risk,tr_3bf719402f6c_gpu
paper_ssp_200m_v1,1,1000,1000.0,1100.0,auv_11,bounded_path_correction,low,DENY,DENY_FORBIDDEN,hard_expired,940.0,PARTITIONED,False,True,True,False,A_hard_expiry_capsule_contraction,tr_3bf719402f6c_gpu
paper_ssp_200m_v1,1,1000,1000.0,1120.0,auv_06,enter_exclusion_zone,consequential,DENY,DENY_HARD_EXPIRY,hard_expired,960.0,PARTITIONED,False,True,True,False,not_low_risk,tr_3bf719402f6c_gpu
paper_ssp_200m_v1,1,1000,1000.0,1120.0,auv_07,enter_exclusion_zone,consequential,DENY,DENY_HARD_EXPIRY,hard_expired,960.0,PARTITIONED,False,True,True,False,not_low_risk,tr_3bf719402f6c_gpu
paper_ssp_200m_v1,1,1000,1000.0,1120.0,auv_08,exceed_return_energy_reserve,consequential,DENY,DENY_HARD_EXPIRY,hard_expired,960.0,PARTITIONED,False,True,True,False,not_low_risk,tr_3bf719402f6c_gpu
paper_ssp_200m_v1,1,1000,1000.0,1120.0,auv_09,hold_station,low,DENY,DENY_FORBIDDEN,hard_expired,960.0,PARTITIONED,False,True,True,False,A_hard_expiry_capsule_contraction,tr_3bf719402f6c_gpu
paper_ssp_200m_v1,1,1000,1000.0,1120.0,auv_10,enter_exclusion_zone,consequential,DENY,DENY_HARD_EXPIRY,hard_expired,960.0,PARTITIONED,False,True,True,False,not_low_risk,tr_3bf719402f6c_gpu
paper_ssp_200m_v1,1,1000,1000.0,1120.0,auv_11,change_high_level_objective,consequential,DENY,DENY_HARD_EXPIRY,hard_expired,960.0,PARTITIONED,False,True,True,False,not_low_risk,tr_3bf719402f6c_gpu
paper_ssp_200m_v1,1,1000,1000.0,1140.0,auv_06,exceed_return_energy_reserve,consequential,DENY,DENY_HARD_EXPIRY,hard_expired,980.0,PARTITIONED,False,True,True,False,not_low_risk,tr_3bf719402f6c_gpu
paper_ssp_200m_v1,1,1000,1000.0,1140.0,auv_07,exceed_return_energy_reserve,consequential,DENY,DENY_HARD_EXPIRY,hard_expired,980.0,PARTITIONED,False,True,True,False,not_low_risk,tr_3bf719402f6c_gpu
paper_ssp_200m_v1,1,1000,1000.0,1140.0,auv_08,exceed_return_energy_reserve,consequential,DENY,DENY_HARD_EXPIRY,hard_expired,980.0,PARTITIONED,False,True,True,False,not_low_risk,tr_3bf719402f6c_gpu
paper_ssp_200m_v1,1,1000,1000.0,1140.0,auv_09,hold_station,low,DENY,DENY_FORBIDDEN,hard_expired,980.0,PARTITIONED,False,True,True,False,A_hard_expiry_capsule_contraction,tr_3bf719402f6c_gpu
paper_ssp_200m_v1,1,1000,1000.0,1140.0,auv_10,exceed_return_energy_reserve,consequential,DENY,DENY_HARD_EXPIRY,hard_expired,980.0,PARTITIONED,False,True,True,False,not_low_risk,tr_3bf719402f6c_gpu
paper_ssp_200m_v1,1,1000,1000.0,1140.0,auv_11,exceed_return_energy_reserve,consequential,DENY,DENY_HARD_EXPIRY,hard_expired,980.0,PARTITIONED,False,True,True,False,not_low_risk,tr_3bf719402f6c_gpu
paper_ssp_200m_v1,1,1000,1000.0,1160.0,auv_06,enter_exclusion_zone,consequential,DENY,DENY_HARD_EXPIRY,hard_expired,1000.0,PARTITIONED,False,True,True,False,not_low_risk,tr_3bf719402f6c_gpu
paper_ssp_200m_v1,1,1000,1000.0,1160.0,auv_07,enter_exclusion_zone,consequential,DENY,DENY_HARD_EXPIRY,hard_expired,1000.0,PARTITIONED,False,True,True,False,not_low_risk,tr_3bf719402f6c_gpu
paper_ssp_200m_v1,1,1000,1000.0,1160.0,auv_08,exceed_return_energy_reserve,consequential,DENY,DENY_HARD_EXPIRY,hard_expired,1000.0,PARTITIONED,False,True,True,False,not_low_risk,tr_3bf719402f6c_gpu
paper_ssp_200m_v1,1,1000,1000.0,1160.0,auv_09,hold_station,low,DENY,DENY_FORBIDDEN,hard_expired,1000.0,PARTITIONED,False,True,True,False,A_hard_expiry_capsule_contraction,tr_3bf719402f6c_gpu
paper_ssp_200m_v1,1,1000,1000.0,1160.0,auv_10,enter_exclusion_zone,consequential,DENY,DENY_HARD_EXPIRY,hard_expired,1000.0,PARTITIONED,False,True,True,False,not_low_risk,tr_3bf719402f6c_gpu
paper_ssp_200m_v1,1,1000,1000.0,1160.0,auv_11,bounded_path_correction,low,DENY,DENY_FORBIDDEN,hard_expired,1000.0,PARTITIONED,False,True,True,False,A_hard_expiry_capsule_contraction,tr_3bf719402f6c_gpu
paper_ssp_200m_v1,1,1000,1000.0,1180.0,auv_06,enter_exclusion_zone,consequential,DENY,DENY_HARD_EXPIRY,hard_expired,1020.0,PARTITIONED,False,True,True,False,not_low_risk,tr_3bf719402f6c_gpu
paper_ssp_200m_v1,1,1000,1000.0,1180.0,auv_07,enter_exclusion_zone,consequential,DENY,DENY_HARD_EXPIRY,hard_expired,1020.0,PARTITIONED,False,True,True,False,not_low_risk,tr_3bf719402f6c_gpu
paper_ssp_200m_v1,1,1000,1000.0,1180.0,auv_08,exceed_return_energy_reserve,consequential,DENY,DENY_HARD_EXPIRY,hard_expired,1020.0,PARTITIONED,False,True,True,False,not_low_risk,tr_3bf719402f6c_gpu
paper_ssp_200m_v1,1,1000,1000.0,1180.0,auv_09,hold_station,low,DENY,DENY_FORBIDDEN,hard_expired,1020.0,PARTITIONED,False,True,True,False,A_hard_expiry_capsule_contraction,tr_3bf719402f6c_gpu
paper_ssp_200m_v1,1,1000,1000.0,1180.0,auv_10,enter_exclusion_zone,consequential,DENY,DENY_HARD_EXPIRY,hard_expired,1020.0,PARTITIONED,False,True,True,False,not_low_risk,tr_3bf719402f6c_gpu
paper_ssp_200m_v1,1,1000,1000.0,1180.0,auv_11,bounded_path_correction,low,DENY,DENY_FORBIDDEN,hard_expired,1020.0,PARTITIONED,False,True,True,False,A_hard_expiry_capsule_contraction,tr_3bf719402f6c_gpu
paper_ssp_200m_v1,2,1000,1000.0,1060.0,auv_06,enter_exclusion_zone,consequential,DENY,DENY_HARD_EXPIRY,hard_expired,900.0,PARTITIONED,False,True,True,False,not_low_risk,tr_0ab8a47a1225_gpu
paper_ssp_200m_v1,2,1000,1000.0,1060.0,auv_07,enter_exclusion_zone,consequential,DENY,DENY_HARD_EXPIRY,hard_expired,900.0,PARTITIONED,False,True,True,False,not_low_risk,tr_0ab8a47a1225_gpu
paper_ssp_200m_v1,2,1000,1000.0,1060.0,auv_08,exceed_return_energy_reserve,consequential,DENY,DENY_HARD_EXPIRY,hard_expired,900.0,PARTITIONED,False,True,True,False,not_low_risk,tr_0ab8a47a1225_gpu
paper_ssp_200m_v1,2,1000,1000.0,1060.0,auv_09,hold_station,low,DENY,DENY_FORBIDDEN,hard_expired,900.0,PARTITIONED,False,True,True,False,A_hard_expiry_capsule_contraction,tr_0ab8a47a1225_gpu
paper_ssp_200m_v1,2,1000,1000.0,1060.0,auv_10,enter_exclusion_zone,consequential,DENY,DENY_HARD_EXPIRY,hard_expired,900.0,PARTITIONED,False,True,True,False,not_low_risk,tr_0ab8a47a1225_gpu
paper_ssp_200m_v1,2,1000,1000.0,1060.0,auv_11,bounded_path_correction,low,DENY,DENY_FORBIDDEN,hard_expired,900.0,PARTITIONED,False,True,True,False,A_hard_expiry_capsule_contraction,tr_0ab8a47a1225_gpu
paper_ssp_200m_v1,2,1000,1000.0,1080.0,auv_06,enter_exclusion_zone,consequential,DENY,DENY_HARD_EXPIRY,hard_expired,920.0,PARTITIONED,False,True,True,False,not_low_risk,tr_0ab8a47a1225_gpu
paper_ssp_200m_v1,2,1000,1000.0,1080.0,auv_07,enter_exclusion_zone,consequential,DENY,DENY_HARD_EXPIRY,hard_expired,920.0,PARTITIONED,False,True,True,False,not_low_risk,tr_0ab8a47a1225_gpu
paper_ssp_200m_v1,2,1000,1000.0,1080.0,auv_08,exceed_return_energy_reserve,consequential,DENY,DENY_HARD_EXPIRY,hard_expired,920.0,PARTITIONED,False,True,True,False,not_low_risk,tr_0ab8a47a1225_gpu
paper_ssp_200m_v1,2,1000,1000.0,1080.0,auv_09,hold_station,low,DENY,DENY_FORBIDDEN,hard_expired,920.0,PARTITIONED,False,True,True,False,A_hard_expiry_capsule_contraction,tr_0ab8a47a1225_gpu
paper_ssp_200m_v1,2,1000,1000.0,1080.0,auv_10,enter_exclusion_zone,consequential,DENY,DENY_HARD_EXPIRY,hard_expired,920.0,PARTITIONED,False,True,True,False,not_low_risk,tr_0ab8a47a1225_gpu
paper_ssp_200m_v1,2,1000,1000.0,1080.0,auv_11,bounded_path_correction,low,DENY,DENY_FORBIDDEN,hard_expired,920.0,PARTITIONED,False,True,True,False,A_hard_expiry_capsule_contraction,tr_0ab8a47a1225_gpu
paper_ssp_200m_v1,2,1000,1000.0,1100.0,auv_06,enter_exclusion_zone,consequential,DENY,DENY_HARD_EXPIRY,hard_expired,940.0,PARTITIONED,False,True,True,False,not_low_risk,tr_0ab8a47a1225_gpu
paper_ssp_200m_v1,2,1000,1000.0,1100.0,auv_07,enter_exclusion_zone,consequential,DENY,DENY_HARD_EXPIRY,hard_expired,940.0,PARTITIONED,False,True,True,False,not_low_risk,tr_0ab8a47a1225_gpu
paper_ssp_200m_v1,2,1000,1000.0,1100.0,auv_08,exceed_return_energy_reserve,consequential,DENY,DENY_HARD_EXPIRY,hard_expired,940.0,PARTITIONED,False,True,True,False,not_low_risk,tr_0ab8a47a1225_gpu
paper_ssp_200m_v1,2,1000,1000.0,1100.0,auv_09,hold_station,low,DENY,DENY_FORBIDDEN,hard_expired,940.0,PARTITIONED,False,True,True,False,A_hard_expiry_capsule_contraction,tr_0ab8a47a1225_gpu
paper_ssp_200m_v1,2,1000,1000.0,1100.0,auv_10,enter_exclusion_zone,consequential,DENY,DENY_HARD_EXPIRY,hard_expired,940.0,PARTITIONED,False,True,True,False,not_low_risk,tr_0ab8a47a1225_gpu
paper_ssp_200m_v1,2,1000,1000.0,1100.0,auv_11,bounded_path_correction,low,DENY,DENY_FORBIDDEN,hard_expired,940.0,PARTITIONED,False,True,True,False,A_hard_expiry_capsule_contraction,tr_0ab8a47a1225_gpu
paper_ssp_200m_v1,2,1000,1000.0,1120.0,auv_06,enter_exclusion_zone,consequential,DENY,DENY_HARD_EXPIRY,hard_expired,960.0,PARTITIONED,False,True,True,False,not_low_risk,tr_0ab8a47a1225_gpu
paper_ssp_200m_v1,2,1000,1000.0,1120.0,auv_07,enter_exclusion_zone,consequential,DENY,DENY_HARD_EXPIRY,hard_expired,960.0,PARTITIONED,False,True,True,False,not_low_risk,tr_0ab8a47a1225_gpu
paper_ssp_200m_v1,2,1000,1000.0,1120.0,auv_08,exceed_return_energy_reserve,consequential,DENY,DENY_HARD_EXPIRY,hard_expired,960.0,PARTITIONED,False,True,True,False,not_low_risk,tr_0ab8a47a1225_gpu
paper_ssp_200m_v1,2,1000,1000.0,1120.0,auv_09,hold_station,low,DENY,DENY_FORBIDDEN,hard_expired,960.0,PARTITIONED,False,True,True,False,A_hard_expiry_capsule_contraction,tr_0ab8a47a1225_gpu
paper_ssp_200m_v1,2,1000,1000.0,1120.0,auv_10,enter_exclusion_zone,consequential,DENY,DENY_HARD_EXPIRY,hard_expired,960.0,PARTITIONED,False,True,True,False,not_low_risk,tr_0ab8a47a1225_gpu
paper_ssp_200m_v1,2,1000,1000.0,1120.0,auv_11,change_high_level_objective,consequential,DENY,DENY_HARD_EXPIRY,hard_expired,960.0,PARTITIONED,False,True,True,False,not_low_risk,tr_0ab8a47a1225_gpu
paper_ssp_200m_v1,2,1000,1000.0,1140.0,auv_06,exceed_return_energy_reserve,consequential,DENY,DENY_HARD_EXPIRY,hard_expired,980.0,PARTITIONED,False,True,True,False,not_low_risk,tr_0ab8a47a1225_gpu
paper_ssp_200m_v1,2,1000,1000.0,1140.0,auv_07,exceed_return_energy_reserve,consequential,DENY,DENY_HARD_EXPIRY,hard_expired,980.0,PARTITIONED,False,True,True,False,not_low_risk,tr_0ab8a47a1225_gpu
paper_ssp_200m_v1,2,1000,1000.0,1140.0,auv_08,exceed_return_energy_reserve,consequential,DENY,DENY_HARD_EXPIRY,hard_expired,980.0,PARTITIONED,False,True,True,False,not_low_risk,tr_0ab8a47a1225_gpu
paper_ssp_200m_v1,2,1000,1000.0,1140.0,auv_09,hold_station,low,DENY,DENY_FORBIDDEN,hard_expired,980.0,PARTITIONED,False,True,True,False,A_hard_expiry_capsule_contraction,tr_0ab8a47a1225_gpu
paper_ssp_200m_v1,2,1000,1000.0,1140.0,auv_10,exceed_return_energy_reserve,consequential,DENY,DENY_HARD_EXPIRY,hard_expired,980.0,PARTITIONED,False,True,True,False,not_low_risk,tr_0ab8a47a1225_gpu
paper_ssp_200m_v1,2,1000,1000.0,1140.0,auv_11,exceed_return_energy_reserve,consequential,DENY,DENY_HARD_EXPIRY,hard_expired,980.0,PARTITIONED,False,True,True,False,not_low_risk,tr_0ab8a47a1225_gpu
paper_ssp_200m_v1,2,1000,1000.0,1160.0,auv_06,enter_exclusion_zone,consequential,DENY,DENY_HARD_EXPIRY,hard_expired,1000.0,PARTITIONED,False,True,True,False,not_low_risk,tr_0ab8a47a1225_gpu
paper_ssp_200m_v1,2,1000,1000.0,1160.0,auv_07,enter_exclusion_zone,consequential,DENY,DENY_HARD_EXPIRY,hard_expired,1000.0,PARTITIONED,False,True,True,False,not_low_risk,tr_0ab8a47a1225_gpu
paper_ssp_200m_v1,2,1000,1000.0,1160.0,auv_08,exceed_return_energy_reserve,consequential,DENY,DENY_HARD_EXPIRY,hard_expired,1000.0,PARTITIONED,False,True,True,False,not_low_risk,tr_0ab8a47a1225_gpu
paper_ssp_200m_v1,2,1000,1000.0,1160.0,auv_09,hold_station,low,DENY,DENY_FORBIDDEN,hard_expired,1000.0,PARTITIONED,False,True,True,False,A_hard_expiry_capsule_contraction,tr_0ab8a47a1225_gpu
paper_ssp_200m_v1,2,1000,1000.0,1160.0,auv_10,enter_exclusion_zone,consequential,DENY,DENY_HARD_EXPIRY,hard_expired,1000.0,PARTITIONED,False,True,True,False,not_low_risk,tr_0ab8a47a1225_gpu
paper_ssp_200m_v1,2,1000,1000.0,1160.0,auv_11,bounded_path_correction,low,DENY,DENY_FORBIDDEN,hard_expired,1000.0,PARTITIONED,False,True,True,False,A_hard_expiry_capsule_contraction,tr_0ab8a47a1225_gpu
paper_ssp_200m_v1,2,1000,1000.0,1180.0,auv_06,enter_exclusion_zone,consequential,DENY,DENY_HARD_EXPIRY,hard_expired,1020.0,PARTITIONED,False,True,True,False,not_low_risk,tr_0ab8a47a1225_gpu
paper_ssp_200m_v1,2,1000,1000.0,1180.0,auv_07,enter_exclusion_zone,consequential,DENY,DENY_HARD_EXPIRY,hard_expired,1020.0,PARTITIONED,False,True,True,False,not_low_risk,tr_0ab8a47a1225_gpu
paper_ssp_200m_v1,2,1000,1000.0,1180.0,auv_08,exceed_return_energy_reserve,consequential,DENY,DENY_HARD_EXPIRY,hard_expired,1020.0,PARTITIONED,False,True,True,False,not_low_risk,tr_0ab8a47a1225_gpu
paper_ssp_200m_v1,2,1000,1000.0,1180.0,auv_09,hold_station,low,DENY,DENY_FORBIDDEN,hard_expired,1020.0,PARTITIONED,False,True,True,False,A_hard_expiry_capsule_contraction,tr_0ab8a47a1225_gpu
paper_ssp_200m_v1,2,1000,1000.0,1180.0,auv_10,enter_exclusion_zone,consequential,DENY,DENY_HARD_EXPIRY,hard_expired,1020.0,PARTITIONED,False,True,True,False,not_low_risk,tr_0ab8a47a1225_gpu
paper_ssp_200m_v1,2,1000,1000.0,1180.0,auv_11,bounded_path_correction,low,DENY,DENY_FORBIDDEN,hard_expired,1020.0,PARTITIONED,False,True,True,False,A_hard_expiry_capsule_contraction,tr_0ab8a47a1225_gpu
paper_ssp_200m_v1,3,1000,1000.0,1060.0,auv_06,enter_exclusion_zone,consequential,DENY,DENY_HARD_EXPIRY,hard_expired,900.0,PARTITIONED,False,True,True,False,not_low_risk,tr_f9f4d2c6f6d1_gpu
paper_ssp_200m_v1,3,1000,1000.0,1060.0,auv_07,enter_exclusion_zone,consequential,DENY,DENY_HARD_EXPIRY,hard_expired,900.0,PARTITIONED,False,True,True,False,not_low_risk,tr_f9f4d2c6f6d1_gpu
paper_ssp_200m_v1,3,1000,1000.0,1060.0,auv_08,exceed_return_energy_reserve,consequential,DENY,DENY_HARD_EXPIRY,hard_expired,900.0,PARTITIONED,False,True,True,False,not_low_risk,tr_f9f4d2c6f6d1_gpu
paper_ssp_200m_v1,3,1000,1000.0,1060.0,auv_09,hold_station,low,DENY,DENY_FORBIDDEN,hard_expired,900.0,PARTITIONED,False,True,True,False,A_hard_expiry_capsule_contraction,tr_f9f4d2c6f6d1_gpu
paper_ssp_200m_v1,3,1000,1000.0,1060.0,auv_10,enter_exclusion_zone,consequential,DENY,DENY_HARD_EXPIRY,hard_expired,900.0,PARTITIONED,False,True,True,False,not_low_risk,tr_f9f4d2c6f6d1_gpu
paper_ssp_200m_v1,3,1000,1000.0,1060.0,auv_11,bounded_path_correction,low,DENY,DENY_FORBIDDEN,hard_expired,900.0,PARTITIONED,False,True,True,False,A_hard_expiry_capsule_contraction,tr_f9f4d2c6f6d1_gpu
paper_ssp_200m_v1,3,1000,1000.0,1080.0,auv_06,enter_exclusion_zone,consequential,DENY,DENY_HARD_EXPIRY,hard_expired,920.0,PARTITIONED,False,True,True,False,not_low_risk,tr_f9f4d2c6f6d1_gpu
paper_ssp_200m_v1,3,1000,1000.0,1080.0,auv_07,enter_exclusion_zone,consequential,DENY,DENY_HARD_EXPIRY,hard_expired,920.0,PARTITIONED,False,True,True,False,not_low_risk,tr_f9f4d2c6f6d1_gpu
paper_ssp_200m_v1,3,1000,1000.0,1080.0,auv_08,exceed_return_energy_reserve,consequential,DENY,DENY_HARD_EXPIRY,hard_expired,920.0,PARTITIONED,False,True,True,False,not_low_risk,tr_f9f4d2c6f6d1_gpu
paper_ssp_200m_v1,3,1000,1000.0,1080.0,auv_09,hold_station,low,DENY,DENY_FORBIDDEN,hard_expired,920.0,PARTITIONED,False,True,True,False,A_hard_expiry_capsule_contraction,tr_f9f4d2c6f6d1_gpu
paper_ssp_200m_v1,3,1000,1000.0,1080.0,auv_10,enter_exclusion_zone,consequential,DENY,DENY_HARD_EXPIRY,hard_expired,920.0,PARTITIONED,False,True,True,False,not_low_risk,tr_f9f4d2c6f6d1_gpu
paper_ssp_200m_v1,3,1000,1000.0,1080.0,auv_11,bounded_path_correction,low,DENY,DENY_FORBIDDEN,hard_expired,920.0,PARTITIONED,False,True,True,False,A_hard_expiry_capsule_contraction,tr_f9f4d2c6f6d1_gpu
paper_ssp_200m_v1,3,1000,1000.0,1100.0,auv_06,enter_exclusion_zone,consequential,DENY,DENY_HARD_EXPIRY,hard_expired,940.0,PARTITIONED,False,True,True,False,not_low_risk,tr_f9f4d2c6f6d1_gpu
paper_ssp_200m_v1,3,1000,1000.0,1100.0,auv_07,enter_exclusion_zone,consequential,DENY,DENY_HARD_EXPIRY,hard_expired,940.0,PARTITIONED,False,True,True,False,not_low_risk,tr_f9f4d2c6f6d1_gpu
paper_ssp_200m_v1,3,1000,1000.0,1100.0,auv_08,exceed_return_energy_reserve,consequential,DENY,DENY_HARD_EXPIRY,hard_expired,940.0,PARTITIONED,False,True,True,False,not_low_risk,tr_f9f4d2c6f6d1_gpu
paper_ssp_200m_v1,3,1000,1000.0,1100.0,auv_09,hold_station,low,DENY,DENY_FORBIDDEN,hard_expired,940.0,PARTITIONED,False,True,True,False,A_hard_expiry_capsule_contraction,tr_f9f4d2c6f6d1_gpu
paper_ssp_200m_v1,3,1000,1000.0,1100.0,auv_10,enter_exclusion_zone,consequential,DENY,DENY_HARD_EXPIRY,hard_expired,940.0,PARTITIONED,False,True,True,False,not_low_risk,tr_f9f4d2c6f6d1_gpu
paper_ssp_200m_v1,3,1000,1000.0,1100.0,auv_11,bounded_path_correction,low,DENY,DENY_FORBIDDEN,hard_expired,940.0,PARTITIONED,False,True,True,False,A_hard_expiry_capsule_contraction,tr_f9f4d2c6f6d1_gpu
paper_ssp_200m_v1,3,1000,1000.0,1120.0,auv_06,enter_exclusion_zone,consequential,DENY,DENY_HARD_EXPIRY,hard_expired,960.0,PARTITIONED,False,True,True,False,not_low_risk,tr_f9f4d2c6f6d1_gpu
paper_ssp_200m_v1,3,1000,1000.0,1120.0,auv_07,enter_exclusion_zone,consequential,DENY,DENY_HARD_EXPIRY,hard_expired,960.0,PARTITIONED,False,True,True,False,not_low_risk,tr_f9f4d2c6f6d1_gpu
paper_ssp_200m_v1,3,1000,1000.0,1120.0,auv_08,exceed_return_energy_reserve,consequential,DENY,DENY_HARD_EXPIRY,hard_expired,960.0,PARTITIONED,False,True,True,False,not_low_risk,tr_f9f4d2c6f6d1_gpu
paper_ssp_200m_v1,3,1000,1000.0,1120.0,auv_09,hold_station,low,DENY,DENY_FORBIDDEN,hard_expired,960.0,PARTITIONED,False,True,True,False,A_hard_expiry_capsule_contraction,tr_f9f4d2c6f6d1_gpu
paper_ssp_200m_v1,3,1000,1000.0,1120.0,auv_10,enter_exclusion_zone,consequential,DENY,DENY_HARD_EXPIRY,hard_expired,960.0,PARTITIONED,False,True,True,False,not_low_risk,tr_f9f4d2c6f6d1_gpu
paper_ssp_200m_v1,3,1000,1000.0,1120.0,auv_11,change_high_level_objective,consequential,DENY,DENY_HARD_EXPIRY,hard_expired,960.0,PARTITIONED,False,True,True,False,not_low_risk,tr_f9f4d2c6f6d1_gpu
paper_ssp_200m_v1,3,1000,1000.0,1140.0,auv_06,exceed_return_energy_reserve,consequential,DENY,DENY_HARD_EXPIRY,hard_expired,980.0,PARTITIONED,False,True,True,False,not_low_risk,tr_f9f4d2c6f6d1_gpu
paper_ssp_200m_v1,3,1000,1000.0,1140.0,auv_07,exceed_return_energy_reserve,consequential,DENY,DENY_HARD_EXPIRY,hard_expired,980.0,PARTITIONED,False,True,True,False,not_low_risk,tr_f9f4d2c6f6d1_gpu
paper_ssp_200m_v1,3,1000,1000.0,1140.0,auv_08,exceed_return_energy_reserve,consequential,DENY,DENY_HARD_EXPIRY,hard_expired,980.0,PARTITIONED,False,True,True,False,not_low_risk,tr_f9f4d2c6f6d1_gpu
paper_ssp_200m_v1,3,1000,1000.0,1140.0,auv_09,hold_station,low,DENY,DENY_FORBIDDEN,hard_expired,980.0,PARTITIONED,False,True,True,False,A_hard_expiry_capsule_contraction,tr_f9f4d2c6f6d1_gpu
paper_ssp_200m_v1,3,1000,1000.0,1140.0,auv_10,exceed_return_energy_reserve,consequential,DENY,DENY_HARD_EXPIRY,hard_expired,980.0,PARTITIONED,False,True,True,False,not_low_risk,tr_f9f4d2c6f6d1_gpu
paper_ssp_200m_v1,3,1000,1000.0,1140.0,auv_11,exceed_return_energy_reserve,consequential,DENY,DENY_HARD_EXPIRY,hard_expired,980.0,PARTITIONED,False,True,True,False,not_low_risk,tr_f9f4d2c6f6d1_gpu
paper_ssp_200m_v1,3,1000,1000.0,1160.0,auv_06,enter_exclusion_zone,consequential,DENY,DENY_HARD_EXPIRY,hard_expired,1000.0,PARTITIONED,False,True,True,False,not_low_risk,tr_f9f4d2c6f6d1_gpu
paper_ssp_200m_v1,3,1000,1000.0,1160.0,auv_07,enter_exclusion_zone,consequential,DENY,DENY_HARD_EXPIRY,hard_expired,1000.0,PARTITIONED,False,True,True,False,not_low_risk,tr_f9f4d2c6f6d1_gpu
paper_ssp_200m_v1,3,1000,1000.0,1160.0,auv_08,exceed_return_energy_reserve,consequential,DENY,DENY_HARD_EXPIRY,hard_expired,1000.0,PARTITIONED,False,True,True,False,not_low_risk,tr_f9f4d2c6f6d1_gpu
paper_ssp_200m_v1,3,1000,1000.0,1160.0,auv_09,hold_station,low,DENY,DENY_FORBIDDEN,hard_expired,1000.0,PARTITIONED,False,True,True,False,A_hard_expiry_capsule_contraction,tr_f9f4d2c6f6d1_gpu
paper_ssp_200m_v1,3,1000,1000.0,1160.0,auv_10,enter_exclusion_zone,consequential,DENY,DENY_HARD_EXPIRY,hard_expired,1000.0,PARTITIONED,False,True,True,False,not_low_risk,tr_f9f4d2c6f6d1_gpu
paper_ssp_200m_v1,3,1000,1000.0,1160.0,auv_11,bounded_path_correction,low,DENY,DENY_FORBIDDEN,hard_expired,1000.0,PARTITIONED,False,True,True,False,A_hard_expiry_capsule_contraction,tr_f9f4d2c6f6d1_gpu
paper_ssp_200m_v1,3,1000,1000.0,1180.0,auv_06,enter_exclusion_zone,consequential,DENY,DENY_HARD_EXPIRY,hard_expired,1020.0,PARTITIONED,False,True,True,False,not_low_risk,tr_f9f4d2c6f6d1_gpu
paper_ssp_200m_v1,3,1000,1000.0,1180.0,auv_07,enter_exclusion_zone,consequential,DENY,DENY_HARD_EXPIRY,hard_expired,1020.0,PARTITIONED,False,True,True,False,not_low_risk,tr_f9f4d2c6f6d1_gpu
paper_ssp_200m_v1,3,1000,1000.0,1180.0,auv_08,exceed_return_energy_reserve,consequential,DENY,DENY_HARD_EXPIRY,hard_expired,1020.0,PARTITIONED,False,True,True,False,not_low_risk,tr_f9f4d2c6f6d1_gpu
paper_ssp_200m_v1,3,1000,1000.0,1180.0,auv_09,hold_station,low,DENY,DENY_FORBIDDEN,hard_expired,1020.0,PARTITIONED,False,True,True,False,A_hard_expiry_capsule_contraction,tr_f9f4d2c6f6d1_gpu
paper_ssp_200m_v1,3,1000,1000.0,1180.0,auv_10,enter_exclusion_zone,consequential,DENY,DENY_HARD_EXPIRY,hard_expired,1020.0,PARTITIONED,False,True,True,False,not_low_risk,tr_f9f4d2c6f6d1_gpu
paper_ssp_200m_v1,3,1000,1000.0,1180.0,auv_11,bounded_path_correction,low,DENY,DENY_FORBIDDEN,hard_expired,1020.0,PARTITIONED,False,True,True,False,A_hard_expiry_capsule_contraction,tr_f9f4d2c6f6d1_gpu
paper_ssp_200m_v1,4,1000,1000.0,1060.0,auv_06,enter_exclusion_zone,consequential,DENY,DENY_HARD_EXPIRY,hard_expired,900.0,PARTITIONED,False,True,True,False,not_low_risk,tr_5bf96997e3af_gpu
paper_ssp_200m_v1,4,1000,1000.0,1060.0,auv_07,enter_exclusion_zone,consequential,DENY,DENY_HARD_EXPIRY,hard_expired,900.0,PARTITIONED,False,True,True,False,not_low_risk,tr_5bf96997e3af_gpu
paper_ssp_200m_v1,4,1000,1000.0,1060.0,auv_08,exceed_return_energy_reserve,consequential,DENY,DENY_HARD_EXPIRY,hard_expired,900.0,PARTITIONED,False,True,True,False,not_low_risk,tr_5bf96997e3af_gpu
paper_ssp_200m_v1,4,1000,1000.0,1060.0,auv_09,hold_station,low,DENY,DENY_FORBIDDEN,hard_expired,900.0,PARTITIONED,False,True,True,False,A_hard_expiry_capsule_contraction,tr_5bf96997e3af_gpu
paper_ssp_200m_v1,4,1000,1000.0,1060.0,auv_10,enter_exclusion_zone,consequential,DENY,DENY_HARD_EXPIRY,hard_expired,900.0,PARTITIONED,False,True,True,False,not_low_risk,tr_5bf96997e3af_gpu
paper_ssp_200m_v1,4,1000,1000.0,1060.0,auv_11,bounded_path_correction,low,DENY,DENY_FORBIDDEN,hard_expired,900.0,PARTITIONED,False,True,True,False,A_hard_expiry_capsule_contraction,tr_5bf96997e3af_gpu
paper_ssp_200m_v1,4,1000,1000.0,1080.0,auv_06,enter_exclusion_zone,consequential,DENY,DENY_HARD_EXPIRY,hard_expired,920.0,PARTITIONED,False,True,True,False,not_low_risk,tr_5bf96997e3af_gpu
paper_ssp_200m_v1,4,1000,1000.0,1080.0,auv_07,enter_exclusion_zone,consequential,DENY,DENY_HARD_EXPIRY,hard_expired,920.0,PARTITIONED,False,True,True,False,not_low_risk,tr_5bf96997e3af_gpu
paper_ssp_200m_v1,4,1000,1000.0,1080.0,auv_08,exceed_return_energy_reserve,consequential,DENY,DENY_HARD_EXPIRY,hard_expired,920.0,PARTITIONED,False,True,True,False,not_low_risk,tr_5bf96997e3af_gpu
paper_ssp_200m_v1,4,1000,1000.0,1080.0,auv_09,hold_station,low,DENY,DENY_FORBIDDEN,hard_expired,920.0,PARTITIONED,False,True,True,False,A_hard_expiry_capsule_contraction,tr_5bf96997e3af_gpu
paper_ssp_200m_v1,4,1000,1000.0,1080.0,auv_10,enter_exclusion_zone,consequential,DENY,DENY_HARD_EXPIRY,hard_expired,920.0,PARTITIONED,False,True,True,False,not_low_risk,tr_5bf96997e3af_gpu
paper_ssp_200m_v1,4,1000,1000.0,1080.0,auv_11,bounded_path_correction,low,DENY,DENY_FORBIDDEN,hard_expired,920.0,PARTITIONED,False,True,True,False,A_hard_expiry_capsule_contraction,tr_5bf96997e3af_gpu
paper_ssp_200m_v1,4,1000,1000.0,1100.0,auv_06,enter_exclusion_zone,consequential,DENY,DENY_HARD_EXPIRY,hard_expired,940.0,PARTITIONED,False,True,True,False,not_low_risk,tr_5bf96997e3af_gpu
paper_ssp_200m_v1,4,1000,1000.0,1100.0,auv_07,enter_exclusion_zone,consequential,DENY,DENY_HARD_EXPIRY,hard_expired,940.0,PARTITIONED,False,True,True,False,not_low_risk,tr_5bf96997e3af_gpu
paper_ssp_200m_v1,4,1000,1000.0,1100.0,auv_08,exceed_return_energy_reserve,consequential,DENY,DENY_HARD_EXPIRY,hard_expired,940.0,PARTITIONED,False,True,True,False,not_low_risk,tr_5bf96997e3af_gpu
paper_ssp_200m_v1,4,1000,1000.0,1100.0,auv_09,hold_station,low,DENY,DENY_FORBIDDEN,hard_expired,940.0,PARTITIONED,False,True,True,False,A_hard_expiry_capsule_contraction,tr_5bf96997e3af_gpu
paper_ssp_200m_v1,4,1000,1000.0,1100.0,auv_10,enter_exclusion_zone,consequential,DENY,DENY_HARD_EXPIRY,hard_expired,940.0,PARTITIONED,False,True,True,False,not_low_risk,tr_5bf96997e3af_gpu
paper_ssp_200m_v1,4,1000,1000.0,1100.0,auv_11,bounded_path_correction,low,DENY,DENY_FORBIDDEN,hard_expired,940.0,PARTITIONED,False,True,True,False,A_hard_expiry_capsule_contraction,tr_5bf96997e3af_gpu
paper_ssp_200m_v1,4,1000,1000.0,1120.0,auv_06,enter_exclusion_zone,consequential,DENY,DENY_HARD_EXPIRY,hard_expired,960.0,PARTITIONED,False,True,True,False,not_low_risk,tr_5bf96997e3af_gpu
paper_ssp_200m_v1,4,1000,1000.0,1120.0,auv_07,enter_exclusion_zone,consequential,DENY,DENY_HARD_EXPIRY,hard_expired,960.0,PARTITIONED,False,True,True,False,not_low_risk,tr_5bf96997e3af_gpu
paper_ssp_200m_v1,4,1000,1000.0,1120.0,auv_08,exceed_return_energy_reserve,consequential,DENY,DENY_HARD_EXPIRY,hard_expired,960.0,PARTITIONED,False,True,True,False,not_low_risk,tr_5bf96997e3af_gpu
paper_ssp_200m_v1,4,1000,1000.0,1120.0,auv_09,hold_station,low,DENY,DENY_FORBIDDEN,hard_expired,960.0,PARTITIONED,False,True,True,False,A_hard_expiry_capsule_contraction,tr_5bf96997e3af_gpu
paper_ssp_200m_v1,4,1000,1000.0,1120.0,auv_10,enter_exclusion_zone,consequential,DENY,DENY_HARD_EXPIRY,hard_expired,960.0,PARTITIONED,False,True,True,False,not_low_risk,tr_5bf96997e3af_gpu
paper_ssp_200m_v1,4,1000,1000.0,1120.0,auv_11,change_high_level_objective,consequential,DENY,DENY_HARD_EXPIRY,hard_expired,960.0,PARTITIONED,False,True,True,False,not_low_risk,tr_5bf96997e3af_gpu
paper_ssp_200m_v1,4,1000,1000.0,1140.0,auv_06,exceed_return_energy_reserve,consequential,DENY,DENY_HARD_EXPIRY,hard_expired,980.0,PARTITIONED,False,True,True,False,not_low_risk,tr_5bf96997e3af_gpu
paper_ssp_200m_v1,4,1000,1000.0,1140.0,auv_07,exceed_return_energy_reserve,consequential,DENY,DENY_HARD_EXPIRY,hard_expired,980.0,PARTITIONED,False,True,True,False,not_low_risk,tr_5bf96997e3af_gpu
paper_ssp_200m_v1,4,1000,1000.0,1140.0,auv_08,exceed_return_energy_reserve,consequential,DENY,DENY_HARD_EXPIRY,hard_expired,980.0,PARTITIONED,False,True,True,False,not_low_risk,tr_5bf96997e3af_gpu
paper_ssp_200m_v1,4,1000,1000.0,1140.0,auv_09,hold_station,low,DENY,DENY_FORBIDDEN,hard_expired,980.0,PARTITIONED,False,True,True,False,A_hard_expiry_capsule_contraction,tr_5bf96997e3af_gpu
paper_ssp_200m_v1,4,1000,1000.0,1140.0,auv_10,exceed_return_energy_reserve,consequential,DENY,DENY_HARD_EXPIRY,hard_expired,980.0,PARTITIONED,False,True,True,False,not_low_risk,tr_5bf96997e3af_gpu
paper_ssp_200m_v1,4,1000,1000.0,1140.0,auv_11,exceed_return_energy_reserve,consequential,DENY,DENY_HARD_EXPIRY,hard_expired,980.0,PARTITIONED,False,True,True,False,not_low_risk,tr_5bf96997e3af_gpu
paper_ssp_200m_v1,4,1000,1000.0,1160.0,auv_06,enter_exclusion_zone,consequential,DENY,DENY_HARD_EXPIRY,hard_expired,1000.0,PARTITIONED,False,True,True,False,not_low_risk,tr_5bf96997e3af_gpu
paper_ssp_200m_v1,4,1000,1000.0,1160.0,auv_07,enter_exclusion_zone,consequential,DENY,DENY_HARD_EXPIRY,hard_expired,1000.0,PARTITIONED,False,True,True,False,not_low_risk,tr_5bf96997e3af_gpu
paper_ssp_200m_v1,4,1000,1000.0,1160.0,auv_08,exceed_return_energy_reserve,consequential,DENY,DENY_HARD_EXPIRY,hard_expired,1000.0,PARTITIONED,False,True,True,False,not_low_risk,tr_5bf96997e3af_gpu
paper_ssp_200m_v1,4,1000,1000.0,1160.0,auv_09,hold_station,low,DENY,DENY_FORBIDDEN,hard_expired,1000.0,PARTITIONED,False,True,True,False,A_hard_expiry_capsule_contraction,tr_5bf96997e3af_gpu
paper_ssp_200m_v1,4,1000,1000.0,1160.0,auv_10,enter_exclusion_zone,consequential,DENY,DENY_HARD_EXPIRY,hard_expired,1000.0,PARTITIONED,False,True,True,False,not_low_risk,tr_5bf96997e3af_gpu
paper_ssp_200m_v1,4,1000,1000.0,1160.0,auv_11,bounded_path_correction,low,DENY,DENY_FORBIDDEN,hard_expired,1000.0,PARTITIONED,False,True,True,False,A_hard_expiry_capsule_contraction,tr_5bf96997e3af_gpu
paper_ssp_200m_v1,4,1000,1000.0,1180.0,auv_06,enter_exclusion_zone,consequential,DENY,DENY_HARD_EXPIRY,hard_expired,1020.0,PARTITIONED,False,True,True,False,not_low_risk,tr_5bf96997e3af_gpu
paper_ssp_200m_v1,4,1000,1000.0,1180.0,auv_07,enter_exclusion_zone,consequential,DENY,DENY_HARD_EXPIRY,hard_expired,1020.0,PARTITIONED,False,True,True,False,not_low_risk,tr_5bf96997e3af_gpu
paper_ssp_200m_v1,4,1000,1000.0,1180.0,auv_08,exceed_return_energy_reserve,consequential,DENY,DENY_HARD_EXPIRY,hard_expired,1020.0,PARTITIONED,False,True,True,False,not_low_risk,tr_5bf96997e3af_gpu
paper_ssp_200m_v1,4,1000,1000.0,1180.0,auv_09,hold_station,low,DENY,DENY_FORBIDDEN,hard_expired,1020.0,PARTITIONED,False,True,True,False,A_hard_expiry_capsule_contraction,tr_5bf96997e3af_gpu
paper_ssp_200m_v1,4,1000,1000.0,1180.0,auv_10,enter_exclusion_zone,consequential,DENY,DENY_HARD_EXPIRY,hard_expired,1020.0,PARTITIONED,False,True,True,False,not_low_risk,tr_5bf96997e3af_gpu
paper_ssp_200m_v1,4,1000,1000.0,1180.0,auv_11,bounded_path_correction,low,DENY,DENY_FORBIDDEN,hard_expired,1020.0,PARTITIONED,False,True,True,False,A_hard_expiry_capsule_contraction,tr_5bf96997e3af_gpu
paper_ssp_200m_v1,5,1000,1000.0,1060.0,auv_06,enter_exclusion_zone,consequential,DENY,DENY_HARD_EXPIRY,hard_expired,900.0,PARTITIONED,False,True,True,False,not_low_risk,tr_15e068cb7ee2_gpu
paper_ssp_200m_v1,5,1000,1000.0,1060.0,auv_07,enter_exclusion_zone,consequential,DENY,DENY_HARD_EXPIRY,hard_expired,900.0,PARTITIONED,False,True,True,False,not_low_risk,tr_15e068cb7ee2_gpu
paper_ssp_200m_v1,5,1000,1000.0,1060.0,auv_08,exceed_return_energy_reserve,consequential,DENY,DENY_HARD_EXPIRY,hard_expired,900.0,PARTITIONED,False,True,True,False,not_low_risk,tr_15e068cb7ee2_gpu
paper_ssp_200m_v1,5,1000,1000.0,1060.0,auv_09,hold_station,low,DENY,DENY_FORBIDDEN,hard_expired,900.0,PARTITIONED,False,True,True,False,A_hard_expiry_capsule_contraction,tr_15e068cb7ee2_gpu
paper_ssp_200m_v1,5,1000,1000.0,1060.0,auv_10,enter_exclusion_zone,consequential,DENY,DENY_HARD_EXPIRY,hard_expired,900.0,PARTITIONED,False,True,True,False,not_low_risk,tr_15e068cb7ee2_gpu
paper_ssp_200m_v1,5,1000,1000.0,1060.0,auv_11,bounded_path_correction,low,DENY,DENY_FORBIDDEN,hard_expired,900.0,PARTITIONED,False,True,True,False,A_hard_expiry_capsule_contraction,tr_15e068cb7ee2_gpu
paper_ssp_200m_v1,5,1000,1000.0,1080.0,auv_06,enter_exclusion_zone,consequential,DENY,DENY_HARD_EXPIRY,hard_expired,920.0,PARTITIONED,False,True,True,False,not_low_risk,tr_15e068cb7ee2_gpu
paper_ssp_200m_v1,5,1000,1000.0,1080.0,auv_07,enter_exclusion_zone,consequential,DENY,DENY_HARD_EXPIRY,hard_expired,920.0,PARTITIONED,False,True,True,False,not_low_risk,tr_15e068cb7ee2_gpu
paper_ssp_200m_v1,5,1000,1000.0,1080.0,auv_08,exceed_return_energy_reserve,consequential,DENY,DENY_HARD_EXPIRY,hard_expired,920.0,PARTITIONED,False,True,True,False,not_low_risk,tr_15e068cb7ee2_gpu
paper_ssp_200m_v1,5,1000,1000.0,1080.0,auv_09,hold_station,low,DENY,DENY_FORBIDDEN,hard_expired,920.0,PARTITIONED,False,True,True,False,A_hard_expiry_capsule_contraction,tr_15e068cb7ee2_gpu
paper_ssp_200m_v1,5,1000,1000.0,1080.0,auv_10,enter_exclusion_zone,consequential,DENY,DENY_HARD_EXPIRY,hard_expired,920.0,PARTITIONED,False,True,True,False,not_low_risk,tr_15e068cb7ee2_gpu
paper_ssp_200m_v1,5,1000,1000.0,1080.0,auv_11,bounded_path_correction,low,DENY,DENY_FORBIDDEN,hard_expired,920.0,PARTITIONED,False,True,True,False,A_hard_expiry_capsule_contraction,tr_15e068cb7ee2_gpu
paper_ssp_200m_v1,5,1000,1000.0,1100.0,auv_06,enter_exclusion_zone,consequential,DENY,DENY_HARD_EXPIRY,hard_expired,940.0,PARTITIONED,False,True,True,False,not_low_risk,tr_15e068cb7ee2_gpu
paper_ssp_200m_v1,5,1000,1000.0,1100.0,auv_07,enter_exclusion_zone,consequential,DENY,DENY_HARD_EXPIRY,hard_expired,940.0,PARTITIONED,False,True,True,False,not_low_risk,tr_15e068cb7ee2_gpu
paper_ssp_200m_v1,5,1000,1000.0,1100.0,auv_08,exceed_return_energy_reserve,consequential,DENY,DENY_HARD_EXPIRY,hard_expired,940.0,PARTITIONED,False,True,True,False,not_low_risk,tr_15e068cb7ee2_gpu
paper_ssp_200m_v1,5,1000,1000.0,1100.0,auv_09,hold_station,low,DENY,DENY_FORBIDDEN,hard_expired,940.0,PARTITIONED,False,True,True,False,A_hard_expiry_capsule_contraction,tr_15e068cb7ee2_gpu
paper_ssp_200m_v1,5,1000,1000.0,1100.0,auv_10,enter_exclusion_zone,consequential,DENY,DENY_HARD_EXPIRY,hard_expired,940.0,PARTITIONED,False,True,True,False,not_low_risk,tr_15e068cb7ee2_gpu
paper_ssp_200m_v1,5,1000,1000.0,1100.0,auv_11,bounded_path_correction,low,DENY,DENY_FORBIDDEN,hard_expired,940.0,PARTITIONED,False,True,True,False,A_hard_expiry_capsule_contraction,tr_15e068cb7ee2_gpu
paper_ssp_200m_v1,5,1000,1000.0,1120.0,auv_06,enter_exclusion_zone,consequential,DENY,DENY_HARD_EXPIRY,hard_expired,960.0,PARTITIONED,False,True,True,False,not_low_risk,tr_15e068cb7ee2_gpu
paper_ssp_200m_v1,5,1000,1000.0,1120.0,auv_07,enter_exclusion_zone,consequential,DENY,DENY_HARD_EXPIRY,hard_expired,960.0,PARTITIONED,False,True,True,False,not_low_risk,tr_15e068cb7ee2_gpu
paper_ssp_200m_v1,5,1000,1000.0,1120.0,auv_08,exceed_return_energy_reserve,consequential,DENY,DENY_HARD_EXPIRY,hard_expired,960.0,PARTITIONED,False,True,True,False,not_low_risk,tr_15e068cb7ee2_gpu
paper_ssp_200m_v1,5,1000,1000.0,1120.0,auv_09,hold_station,low,DENY,DENY_FORBIDDEN,hard_expired,960.0,PARTITIONED,False,True,True,False,A_hard_expiry_capsule_contraction,tr_15e068cb7ee2_gpu
paper_ssp_200m_v1,5,1000,1000.0,1120.0,auv_10,enter_exclusion_zone,consequential,DENY,DENY_HARD_EXPIRY,hard_expired,960.0,PARTITIONED,False,True,True,False,not_low_risk,tr_15e068cb7ee2_gpu
paper_ssp_200m_v1,5,1000,1000.0,1120.0,auv_11,change_high_level_objective,consequential,DENY,DENY_HARD_EXPIRY,hard_expired,960.0,PARTITIONED,False,True,True,False,not_low_risk,tr_15e068cb7ee2_gpu
paper_ssp_200m_v1,5,1000,1000.0,1140.0,auv_06,exceed_return_energy_reserve,consequential,DENY,DENY_HARD_EXPIRY,hard_expired,980.0,PARTITIONED,False,True,True,False,not_low_risk,tr_15e068cb7ee2_gpu
paper_ssp_200m_v1,5,1000,1000.0,1140.0,auv_07,exceed_return_energy_reserve,consequential,DENY,DENY_HARD_EXPIRY,hard_expired,980.0,PARTITIONED,False,True,True,False,not_low_risk,tr_15e068cb7ee2_gpu
paper_ssp_200m_v1,5,1000,1000.0,1140.0,auv_08,exceed_return_energy_reserve,consequential,DENY,DENY_HARD_EXPIRY,hard_expired,980.0,PARTITIONED,False,True,True,False,not_low_risk,tr_15e068cb7ee2_gpu
paper_ssp_200m_v1,5,1000,1000.0,1140.0,auv_09,hold_station,low,DENY,DENY_FORBIDDEN,hard_expired,980.0,PARTITIONED,False,True,True,False,A_hard_expiry_capsule_contraction,tr_15e068cb7ee2_gpu
paper_ssp_200m_v1,5,1000,1000.0,1140.0,auv_10,exceed_return_energy_reserve,consequential,DENY,DENY_HARD_EXPIRY,hard_expired,980.0,PARTITIONED,False,True,True,False,not_low_risk,tr_15e068cb7ee2_gpu
paper_ssp_200m_v1,5,1000,1000.0,1140.0,auv_11,exceed_return_energy_reserve,consequential,DENY,DENY_HARD_EXPIRY,hard_expired,980.0,PARTITIONED,False,True,True,False,not_low_risk,tr_15e068cb7ee2_gpu
paper_ssp_200m_v1,5,1000,1000.0,1160.0,auv_06,enter_exclusion_zone,consequential,DENY,DENY_HARD_EXPIRY,hard_expired,1000.0,PARTITIONED,False,True,True,False,not_low_risk,tr_15e068cb7ee2_gpu
paper_ssp_200m_v1,5,1000,1000.0,1160.0,auv_07,enter_exclusion_zone,consequential,DENY,DENY_HARD_EXPIRY,hard_expired,1000.0,PARTITIONED,False,True,True,False,not_low_risk,tr_15e068cb7ee2_gpu
paper_ssp_200m_v1,5,1000,1000.0,1160.0,auv_08,exceed_return_energy_reserve,consequential,DENY,DENY_HARD_EXPIRY,hard_expired,1000.0,PARTITIONED,False,True,True,False,not_low_risk,tr_15e068cb7ee2_gpu
paper_ssp_200m_v1,5,1000,1000.0,1160.0,auv_09,hold_station,low,DENY,DENY_FORBIDDEN,hard_expired,1000.0,PARTITIONED,False,True,True,False,A_hard_expiry_capsule_contraction,tr_15e068cb7ee2_gpu
paper_ssp_200m_v1,5,1000,1000.0,1160.0,auv_10,enter_exclusion_zone,consequential,DENY,DENY_HARD_EXPIRY,hard_expired,1000.0,PARTITIONED,False,True,True,False,not_low_risk,tr_15e068cb7ee2_gpu
paper_ssp_200m_v1,5,1000,1000.0,1160.0,auv_11,bounded_path_correction,low,DENY,DENY_FORBIDDEN,hard_expired,1000.0,PARTITIONED,False,True,True,False,A_hard_expiry_capsule_contraction,tr_15e068cb7ee2_gpu
paper_ssp_200m_v1,5,1000,1000.0,1180.0,auv_06,enter_exclusion_zone,consequential,DENY,DENY_HARD_EXPIRY,hard_expired,1020.0,PARTITIONED,False,True,True,False,not_low_risk,tr_15e068cb7ee2_gpu
paper_ssp_200m_v1,5,1000,1000.0,1180.0,auv_07,enter_exclusion_zone,consequential,DENY,DENY_HARD_EXPIRY,hard_expired,1020.0,PARTITIONED,False,True,True,False,not_low_risk,tr_15e068cb7ee2_gpu
paper_ssp_200m_v1,5,1000,1000.0,1180.0,auv_08,exceed_return_energy_reserve,consequential,DENY,DENY_HARD_EXPIRY,hard_expired,1020.0,PARTITIONED,False,True,True,False,not_low_risk,tr_15e068cb7ee2_gpu
paper_ssp_200m_v1,5,1000,1000.0,1180.0,auv_09,hold_station,low,DENY,DENY_FORBIDDEN,hard_expired,1020.0,PARTITIONED,False,True,True,False,A_hard_expiry_capsule_contraction,tr_15e068cb7ee2_gpu
paper_ssp_200m_v1,5,1000,1000.0,1180.0,auv_10,enter_exclusion_zone,consequential,DENY,DENY_HARD_EXPIRY,hard_expired,1020.0,PARTITIONED,False,True,True,False,not_low_risk,tr_15e068cb7ee2_gpu
paper_ssp_200m_v1,5,1000,1000.0,1180.0,auv_11,bounded_path_correction,low,DENY,DENY_FORBIDDEN,hard_expired,1020.0,PARTITIONED,False,True,True,False,A_hard_expiry_capsule_contraction,tr_15e068cb7ee2_gpu
paper_ssp_200m_v1,6,1000,1000.0,1060.0,auv_06,enter_exclusion_zone,consequential,DENY,DENY_HARD_EXPIRY,hard_expired,900.0,PARTITIONED,False,True,True,False,not_low_risk,tr_554048377072_gpu
paper_ssp_200m_v1,6,1000,1000.0,1060.0,auv_07,enter_exclusion_zone,consequential,DENY,DENY_HARD_EXPIRY,hard_expired,900.0,PARTITIONED,False,True,True,False,not_low_risk,tr_554048377072_gpu
paper_ssp_200m_v1,6,1000,1000.0,1060.0,auv_08,exceed_return_energy_reserve,consequential,DENY,DENY_HARD_EXPIRY,hard_expired,900.0,PARTITIONED,False,True,True,False,not_low_risk,tr_554048377072_gpu
paper_ssp_200m_v1,6,1000,1000.0,1060.0,auv_09,hold_station,low,DENY,DENY_FORBIDDEN,hard_expired,900.0,PARTITIONED,False,True,True,False,A_hard_expiry_capsule_contraction,tr_554048377072_gpu
paper_ssp_200m_v1,6,1000,1000.0,1060.0,auv_10,enter_exclusion_zone,consequential,DENY,DENY_HARD_EXPIRY,hard_expired,900.0,PARTITIONED,False,True,True,False,not_low_risk,tr_554048377072_gpu
paper_ssp_200m_v1,6,1000,1000.0,1060.0,auv_11,bounded_path_correction,low,DENY,DENY_FORBIDDEN,hard_expired,900.0,PARTITIONED,False,True,True,False,A_hard_expiry_capsule_contraction,tr_554048377072_gpu
paper_ssp_200m_v1,6,1000,1000.0,1080.0,auv_06,enter_exclusion_zone,consequential,DENY,DENY_HARD_EXPIRY,hard_expired,920.0,PARTITIONED,False,True,True,False,not_low_risk,tr_554048377072_gpu
paper_ssp_200m_v1,6,1000,1000.0,1080.0,auv_07,enter_exclusion_zone,consequential,DENY,DENY_HARD_EXPIRY,hard_expired,920.0,PARTITIONED,False,True,True,False,not_low_risk,tr_554048377072_gpu
paper_ssp_200m_v1,6,1000,1000.0,1080.0,auv_08,exceed_return_energy_reserve,consequential,DENY,DENY_HARD_EXPIRY,hard_expired,920.0,PARTITIONED,False,True,True,False,not_low_risk,tr_554048377072_gpu
paper_ssp_200m_v1,6,1000,1000.0,1080.0,auv_09,hold_station,low,DENY,DENY_FORBIDDEN,hard_expired,920.0,PARTITIONED,False,True,True,False,A_hard_expiry_capsule_contraction,tr_554048377072_gpu
paper_ssp_200m_v1,6,1000,1000.0,1080.0,auv_10,enter_exclusion_zone,consequential,DENY,DENY_HARD_EXPIRY,hard_expired,920.0,PARTITIONED,False,True,True,False,not_low_risk,tr_554048377072_gpu
paper_ssp_200m_v1,6,1000,1000.0,1080.0,auv_11,bounded_path_correction,low,DENY,DENY_FORBIDDEN,hard_expired,920.0,PARTITIONED,False,True,True,False,A_hard_expiry_capsule_contraction,tr_554048377072_gpu
paper_ssp_200m_v1,6,1000,1000.0,1100.0,auv_06,enter_exclusion_zone,consequential,DENY,DENY_HARD_EXPIRY,hard_expired,940.0,PARTITIONED,False,True,True,False,not_low_risk,tr_554048377072_gpu
paper_ssp_200m_v1,6,1000,1000.0,1100.0,auv_07,enter_exclusion_zone,consequential,DENY,DENY_HARD_EXPIRY,hard_expired,940.0,PARTITIONED,False,True,True,False,not_low_risk,tr_554048377072_gpu
paper_ssp_200m_v1,6,1000,1000.0,1100.0,auv_08,exceed_return_energy_reserve,consequential,DENY,DENY_HARD_EXPIRY,hard_expired,940.0,PARTITIONED,False,True,True,False,not_low_risk,tr_554048377072_gpu
paper_ssp_200m_v1,6,1000,1000.0,1100.0,auv_09,hold_station,low,DENY,DENY_FORBIDDEN,hard_expired,940.0,PARTITIONED,False,True,True,False,A_hard_expiry_capsule_contraction,tr_554048377072_gpu
paper_ssp_200m_v1,6,1000,1000.0,1100.0,auv_10,enter_exclusion_zone,consequential,DENY,DENY_HARD_EXPIRY,hard_expired,940.0,PARTITIONED,False,True,True,False,not_low_risk,tr_554048377072_gpu
paper_ssp_200m_v1,6,1000,1000.0,1100.0,auv_11,bounded_path_correction,low,DENY,DENY_FORBIDDEN,hard_expired,940.0,PARTITIONED,False,True,True,False,A_hard_expiry_capsule_contraction,tr_554048377072_gpu
paper_ssp_200m_v1,6,1000,1000.0,1120.0,auv_06,enter_exclusion_zone,consequential,DENY,DENY_HARD_EXPIRY,hard_expired,960.0,PARTITIONED,False,True,True,False,not_low_risk,tr_554048377072_gpu
paper_ssp_200m_v1,6,1000,1000.0,1120.0,auv_07,enter_exclusion_zone,consequential,DENY,DENY_HARD_EXPIRY,hard_expired,960.0,PARTITIONED,False,True,True,False,not_low_risk,tr_554048377072_gpu
paper_ssp_200m_v1,6,1000,1000.0,1120.0,auv_08,exceed_return_energy_reserve,consequential,DENY,DENY_HARD_EXPIRY,hard_expired,960.0,PARTITIONED,False,True,True,False,not_low_risk,tr_554048377072_gpu
paper_ssp_200m_v1,6,1000,1000.0,1120.0,auv_09,hold_station,low,DENY,DENY_FORBIDDEN,hard_expired,960.0,PARTITIONED,False,True,True,False,A_hard_expiry_capsule_contraction,tr_554048377072_gpu
paper_ssp_200m_v1,6,1000,1000.0,1120.0,auv_10,enter_exclusion_zone,consequential,DENY,DENY_HARD_EXPIRY,hard_expired,960.0,PARTITIONED,False,True,True,False,not_low_risk,tr_554048377072_gpu
paper_ssp_200m_v1,6,1000,1000.0,1120.0,auv_11,change_high_level_objective,consequential,DENY,DENY_HARD_EXPIRY,hard_expired,960.0,PARTITIONED,False,True,True,False,not_low_risk,tr_554048377072_gpu
paper_ssp_200m_v1,6,1000,1000.0,1140.0,auv_06,exceed_return_energy_reserve,consequential,DENY,DENY_HARD_EXPIRY,hard_expired,980.0,PARTITIONED,False,True,True,False,not_low_risk,tr_554048377072_gpu
paper_ssp_200m_v1,6,1000,1000.0,1140.0,auv_07,exceed_return_energy_reserve,consequential,DENY,DENY_HARD_EXPIRY,hard_expired,980.0,PARTITIONED,False,True,True,False,not_low_risk,tr_554048377072_gpu
paper_ssp_200m_v1,6,1000,1000.0,1140.0,auv_08,exceed_return_energy_reserve,consequential,DENY,DENY_HARD_EXPIRY,hard_expired,980.0,PARTITIONED,False,True,True,False,not_low_risk,tr_554048377072_gpu
paper_ssp_200m_v1,6,1000,1000.0,1140.0,auv_09,hold_station,low,DENY,DENY_FORBIDDEN,hard_expired,980.0,PARTITIONED,False,True,True,False,A_hard_expiry_capsule_contraction,tr_554048377072_gpu
paper_ssp_200m_v1,6,1000,1000.0,1140.0,auv_10,exceed_return_energy_reserve,consequential,DENY,DENY_HARD_EXPIRY,hard_expired,980.0,PARTITIONED,False,True,True,False,not_low_risk,tr_554048377072_gpu
paper_ssp_200m_v1,6,1000,1000.0,1140.0,auv_11,exceed_return_energy_reserve,consequential,DENY,DENY_HARD_EXPIRY,hard_expired,980.0,PARTITIONED,False,True,True,False,not_low_risk,tr_554048377072_gpu
paper_ssp_200m_v1,6,1000,1000.0,1160.0,auv_06,enter_exclusion_zone,consequential,DENY,DENY_HARD_EXPIRY,hard_expired,1000.0,PARTITIONED,False,True,True,False,not_low_risk,tr_554048377072_gpu
paper_ssp_200m_v1,6,1000,1000.0,1160.0,auv_07,enter_exclusion_zone,consequential,DENY,DENY_HARD_EXPIRY,hard_expired,1000.0,PARTITIONED,False,True,True,False,not_low_risk,tr_554048377072_gpu
paper_ssp_200m_v1,6,1000,1000.0,1160.0,auv_08,exceed_return_energy_reserve,consequential,DENY,DENY_HARD_EXPIRY,hard_expired,1000.0,PARTITIONED,False,True,True,False,not_low_risk,tr_554048377072_gpu
paper_ssp_200m_v1,6,1000,1000.0,1160.0,auv_09,hold_station,low,DENY,DENY_FORBIDDEN,hard_expired,1000.0,PARTITIONED,False,True,True,False,A_hard_expiry_capsule_contraction,tr_554048377072_gpu
paper_ssp_200m_v1,6,1000,1000.0,1160.0,auv_10,enter_exclusion_zone,consequential,DENY,DENY_HARD_EXPIRY,hard_expired,1000.0,PARTITIONED,False,True,True,False,not_low_risk,tr_554048377072_gpu
paper_ssp_200m_v1,6,1000,1000.0,1160.0,auv_11,bounded_path_correction,low,DENY,DENY_FORBIDDEN,hard_expired,1000.0,PARTITIONED,False,True,True,False,A_hard_expiry_capsule_contraction,tr_554048377072_gpu
paper_ssp_200m_v1,6,1000,1000.0,1180.0,auv_06,enter_exclusion_zone,consequential,DENY,DENY_HARD_EXPIRY,hard_expired,1020.0,PARTITIONED,False,True,True,False,not_low_risk,tr_554048377072_gpu
paper_ssp_200m_v1,6,1000,1000.0,1180.0,auv_07,enter_exclusion_zone,consequential,DENY,DENY_HARD_EXPIRY,hard_expired,1020.0,PARTITIONED,False,True,True,False,not_low_risk,tr_554048377072_gpu
paper_ssp_200m_v1,6,1000,1000.0,1180.0,auv_08,exceed_return_energy_reserve,consequential,DENY,DENY_HARD_EXPIRY,hard_expired,1020.0,PARTITIONED,False,True,True,False,not_low_risk,tr_554048377072_gpu
paper_ssp_200m_v1,6,1000,1000.0,1180.0,auv_09,hold_station,low,DENY,DENY_FORBIDDEN,hard_expired,1020.0,PARTITIONED,False,True,True,False,A_hard_expiry_capsule_contraction,tr_554048377072_gpu
paper_ssp_200m_v1,6,1000,1000.0,1180.0,auv_10,enter_exclusion_zone,consequential,DENY,DENY_HARD_EXPIRY,hard_expired,1020.0,PARTITIONED,False,True,True,False,not_low_risk,tr_554048377072_gpu
paper_ssp_200m_v1,6,1000,1000.0,1180.0,auv_11,bounded_path_correction,low,DENY,DENY_FORBIDDEN,hard_expired,1020.0,PARTITIONED,False,True,True,False,A_hard_expiry_capsule_contraction,tr_554048377072_gpu
paper_ssp_200m_v1,7,1000,1000.0,1060.0,auv_06,enter_exclusion_zone,consequential,DENY,DENY_HARD_EXPIRY,hard_expired,900.0,PARTITIONED,False,True,True,False,not_low_risk,tr_58d2b05ddd66_gpu
paper_ssp_200m_v1,7,1000,1000.0,1060.0,auv_07,enter_exclusion_zone,consequential,DENY,DENY_HARD_EXPIRY,hard_expired,900.0,PARTITIONED,False,True,True,False,not_low_risk,tr_58d2b05ddd66_gpu
paper_ssp_200m_v1,7,1000,1000.0,1060.0,auv_08,exceed_return_energy_reserve,consequential,DENY,DENY_HARD_EXPIRY,hard_expired,900.0,PARTITIONED,False,True,True,False,not_low_risk,tr_58d2b05ddd66_gpu
paper_ssp_200m_v1,7,1000,1000.0,1060.0,auv_09,hold_station,low,DENY,DENY_FORBIDDEN,hard_expired,900.0,PARTITIONED,False,True,True,False,A_hard_expiry_capsule_contraction,tr_58d2b05ddd66_gpu
paper_ssp_200m_v1,7,1000,1000.0,1060.0,auv_10,enter_exclusion_zone,consequential,DENY,DENY_HARD_EXPIRY,hard_expired,900.0,PARTITIONED,False,True,True,False,not_low_risk,tr_58d2b05ddd66_gpu
paper_ssp_200m_v1,7,1000,1000.0,1060.0,auv_11,bounded_path_correction,low,DENY,DENY_FORBIDDEN,hard_expired,900.0,PARTITIONED,False,True,True,False,A_hard_expiry_capsule_contraction,tr_58d2b05ddd66_gpu
paper_ssp_200m_v1,7,1000,1000.0,1080.0,auv_06,enter_exclusion_zone,consequential,DENY,DENY_HARD_EXPIRY,hard_expired,920.0,PARTITIONED,False,True,True,False,not_low_risk,tr_58d2b05ddd66_gpu
paper_ssp_200m_v1,7,1000,1000.0,1080.0,auv_07,enter_exclusion_zone,consequential,DENY,DENY_HARD_EXPIRY,hard_expired,920.0,PARTITIONED,False,True,True,False,not_low_risk,tr_58d2b05ddd66_gpu
paper_ssp_200m_v1,7,1000,1000.0,1080.0,auv_08,exceed_return_energy_reserve,consequential,DENY,DENY_HARD_EXPIRY,hard_expired,920.0,PARTITIONED,False,True,True,False,not_low_risk,tr_58d2b05ddd66_gpu
paper_ssp_200m_v1,7,1000,1000.0,1080.0,auv_09,hold_station,low,DENY,DENY_FORBIDDEN,hard_expired,920.0,PARTITIONED,False,True,True,False,A_hard_expiry_capsule_contraction,tr_58d2b05ddd66_gpu
paper_ssp_200m_v1,7,1000,1000.0,1080.0,auv_10,enter_exclusion_zone,consequential,DENY,DENY_HARD_EXPIRY,hard_expired,920.0,PARTITIONED,False,True,True,False,not_low_risk,tr_58d2b05ddd66_gpu
paper_ssp_200m_v1,7,1000,1000.0,1080.0,auv_11,bounded_path_correction,low,DENY,DENY_FORBIDDEN,hard_expired,920.0,PARTITIONED,False,True,True,False,A_hard_expiry_capsule_contraction,tr_58d2b05ddd66_gpu
paper_ssp_200m_v1,7,1000,1000.0,1100.0,auv_06,enter_exclusion_zone,consequential,DENY,DENY_HARD_EXPIRY,hard_expired,940.0,PARTITIONED,False,True,True,False,not_low_risk,tr_58d2b05ddd66_gpu
paper_ssp_200m_v1,7,1000,1000.0,1100.0,auv_07,enter_exclusion_zone,consequential,DENY,DENY_HARD_EXPIRY,hard_expired,940.0,PARTITIONED,False,True,True,False,not_low_risk,tr_58d2b05ddd66_gpu
paper_ssp_200m_v1,7,1000,1000.0,1100.0,auv_08,exceed_return_energy_reserve,consequential,DENY,DENY_HARD_EXPIRY,hard_expired,940.0,PARTITIONED,False,True,True,False,not_low_risk,tr_58d2b05ddd66_gpu
paper_ssp_200m_v1,7,1000,1000.0,1100.0,auv_09,hold_station,low,DENY,DENY_FORBIDDEN,hard_expired,940.0,PARTITIONED,False,True,True,False,A_hard_expiry_capsule_contraction,tr_58d2b05ddd66_gpu
paper_ssp_200m_v1,7,1000,1000.0,1100.0,auv_10,enter_exclusion_zone,consequential,DENY,DENY_HARD_EXPIRY,hard_expired,940.0,PARTITIONED,False,True,True,False,not_low_risk,tr_58d2b05ddd66_gpu
paper_ssp_200m_v1,7,1000,1000.0,1100.0,auv_11,bounded_path_correction,low,DENY,DENY_FORBIDDEN,hard_expired,940.0,PARTITIONED,False,True,True,False,A_hard_expiry_capsule_contraction,tr_58d2b05ddd66_gpu
paper_ssp_200m_v1,7,1000,1000.0,1120.0,auv_06,enter_exclusion_zone,consequential,DENY,DENY_HARD_EXPIRY,hard_expired,960.0,PARTITIONED,False,True,True,False,not_low_risk,tr_58d2b05ddd66_gpu
paper_ssp_200m_v1,7,1000,1000.0,1120.0,auv_07,enter_exclusion_zone,consequential,DENY,DENY_HARD_EXPIRY,hard_expired,960.0,PARTITIONED,False,True,True,False,not_low_risk,tr_58d2b05ddd66_gpu
paper_ssp_200m_v1,7,1000,1000.0,1120.0,auv_08,exceed_return_energy_reserve,consequential,DENY,DENY_HARD_EXPIRY,hard_expired,960.0,PARTITIONED,False,True,True,False,not_low_risk,tr_58d2b05ddd66_gpu
paper_ssp_200m_v1,7,1000,1000.0,1120.0,auv_09,hold_station,low,DENY,DENY_FORBIDDEN,hard_expired,960.0,PARTITIONED,False,True,True,False,A_hard_expiry_capsule_contraction,tr_58d2b05ddd66_gpu
paper_ssp_200m_v1,7,1000,1000.0,1120.0,auv_10,enter_exclusion_zone,consequential,DENY,DENY_HARD_EXPIRY,hard_expired,960.0,PARTITIONED,False,True,True,False,not_low_risk,tr_58d2b05ddd66_gpu
paper_ssp_200m_v1,7,1000,1000.0,1120.0,auv_11,change_high_level_objective,consequential,DENY,DENY_HARD_EXPIRY,hard_expired,960.0,PARTITIONED,False,True,True,False,not_low_risk,tr_58d2b05ddd66_gpu
paper_ssp_200m_v1,7,1000,1000.0,1140.0,auv_06,exceed_return_energy_reserve,consequential,DENY,DENY_HARD_EXPIRY,hard_expired,980.0,PARTITIONED,False,True,True,False,not_low_risk,tr_58d2b05ddd66_gpu
paper_ssp_200m_v1,7,1000,1000.0,1140.0,auv_07,exceed_return_energy_reserve,consequential,DENY,DENY_HARD_EXPIRY,hard_expired,980.0,PARTITIONED,False,True,True,False,not_low_risk,tr_58d2b05ddd66_gpu
paper_ssp_200m_v1,7,1000,1000.0,1140.0,auv_08,exceed_return_energy_reserve,consequential,DENY,DENY_HARD_EXPIRY,hard_expired,980.0,PARTITIONED,False,True,True,False,not_low_risk,tr_58d2b05ddd66_gpu
paper_ssp_200m_v1,7,1000,1000.0,1140.0,auv_09,hold_station,low,DENY,DENY_FORBIDDEN,hard_expired,980.0,PARTITIONED,False,True,True,False,A_hard_expiry_capsule_contraction,tr_58d2b05ddd66_gpu
paper_ssp_200m_v1,7,1000,1000.0,1140.0,auv_10,exceed_return_energy_reserve,consequential,DENY,DENY_HARD_EXPIRY,hard_expired,980.0,PARTITIONED,False,True,True,False,not_low_risk,tr_58d2b05ddd66_gpu
paper_ssp_200m_v1,7,1000,1000.0,1140.0,auv_11,exceed_return_energy_reserve,consequential,DENY,DENY_HARD_EXPIRY,hard_expired,980.0,PARTITIONED,False,True,True,False,not_low_risk,tr_58d2b05ddd66_gpu
paper_ssp_200m_v1,7,1000,1000.0,1160.0,auv_06,enter_exclusion_zone,consequential,DENY,DENY_HARD_EXPIRY,hard_expired,1000.0,PARTITIONED,False,True,True,False,not_low_risk,tr_58d2b05ddd66_gpu
paper_ssp_200m_v1,7,1000,1000.0,1160.0,auv_07,enter_exclusion_zone,consequential,DENY,DENY_HARD_EXPIRY,hard_expired,1000.0,PARTITIONED,False,True,True,False,not_low_risk,tr_58d2b05ddd66_gpu
paper_ssp_200m_v1,7,1000,1000.0,1160.0,auv_08,exceed_return_energy_reserve,consequential,DENY,DENY_HARD_EXPIRY,hard_expired,1000.0,PARTITIONED,False,True,True,False,not_low_risk,tr_58d2b05ddd66_gpu
paper_ssp_200m_v1,7,1000,1000.0,1160.0,auv_09,hold_station,low,DENY,DENY_FORBIDDEN,hard_expired,1000.0,PARTITIONED,False,True,True,False,A_hard_expiry_capsule_contraction,tr_58d2b05ddd66_gpu
paper_ssp_200m_v1,7,1000,1000.0,1160.0,auv_10,enter_exclusion_zone,consequential,DENY,DENY_HARD_EXPIRY,hard_expired,1000.0,PARTITIONED,False,True,True,False,not_low_risk,tr_58d2b05ddd66_gpu
paper_ssp_200m_v1,7,1000,1000.0,1160.0,auv_11,bounded_path_correction,low,DENY,DENY_FORBIDDEN,hard_expired,1000.0,PARTITIONED,False,True,True,False,A_hard_expiry_capsule_contraction,tr_58d2b05ddd66_gpu
paper_ssp_200m_v1,7,1000,1000.0,1180.0,auv_06,enter_exclusion_zone,consequential,DENY,DENY_HARD_EXPIRY,hard_expired,1020.0,PARTITIONED,False,True,True,False,not_low_risk,tr_58d2b05ddd66_gpu
paper_ssp_200m_v1,7,1000,1000.0,1180.0,auv_07,enter_exclusion_zone,consequential,DENY,DENY_HARD_EXPIRY,hard_expired,1020.0,PARTITIONED,False,True,True,False,not_low_risk,tr_58d2b05ddd66_gpu
paper_ssp_200m_v1,7,1000,1000.0,1180.0,auv_08,exceed_return_energy_reserve,consequential,DENY,DENY_HARD_EXPIRY,hard_expired,1020.0,PARTITIONED,False,True,True,False,not_low_risk,tr_58d2b05ddd66_gpu
paper_ssp_200m_v1,7,1000,1000.0,1180.0,auv_09,hold_station,low,DENY,DENY_FORBIDDEN,hard_expired,1020.0,PARTITIONED,False,True,True,False,A_hard_expiry_capsule_contraction,tr_58d2b05ddd66_gpu
paper_ssp_200m_v1,7,1000,1000.0,1180.0,auv_10,enter_exclusion_zone,consequential,DENY,DENY_HARD_EXPIRY,hard_expired,1020.0,PARTITIONED,False,True,True,False,not_low_risk,tr_58d2b05ddd66_gpu
paper_ssp_200m_v1,7,1000,1000.0,1180.0,auv_11,bounded_path_correction,low,DENY,DENY_FORBIDDEN,hard_expired,1020.0,PARTITIONED,False,True,True,False,A_hard_expiry_capsule_contraction,tr_58d2b05ddd66_gpu
paper_ssp_200m_v1,8,1000,1000.0,1060.0,auv_06,enter_exclusion_zone,consequential,DENY,DENY_HARD_EXPIRY,hard_expired,900.0,PARTITIONED,False,True,True,False,not_low_risk,tr_ca1dfa6822d6_gpu
paper_ssp_200m_v1,8,1000,1000.0,1060.0,auv_07,enter_exclusion_zone,consequential,DENY,DENY_HARD_EXPIRY,hard_expired,900.0,PARTITIONED,False,True,True,False,not_low_risk,tr_ca1dfa6822d6_gpu
paper_ssp_200m_v1,8,1000,1000.0,1060.0,auv_08,exceed_return_energy_reserve,consequential,DENY,DENY_HARD_EXPIRY,hard_expired,900.0,PARTITIONED,False,True,True,False,not_low_risk,tr_ca1dfa6822d6_gpu
paper_ssp_200m_v1,8,1000,1000.0,1060.0,auv_09,hold_station,low,DENY,DENY_FORBIDDEN,hard_expired,900.0,PARTITIONED,False,True,True,False,A_hard_expiry_capsule_contraction,tr_ca1dfa6822d6_gpu
paper_ssp_200m_v1,8,1000,1000.0,1060.0,auv_10,enter_exclusion_zone,consequential,DENY,DENY_HARD_EXPIRY,hard_expired,900.0,PARTITIONED,False,True,True,False,not_low_risk,tr_ca1dfa6822d6_gpu
paper_ssp_200m_v1,8,1000,1000.0,1060.0,auv_11,bounded_path_correction,low,DENY,DENY_FORBIDDEN,hard_expired,900.0,PARTITIONED,False,True,True,False,A_hard_expiry_capsule_contraction,tr_ca1dfa6822d6_gpu
paper_ssp_200m_v1,8,1000,1000.0,1080.0,auv_06,enter_exclusion_zone,consequential,DENY,DENY_HARD_EXPIRY,hard_expired,920.0,PARTITIONED,False,True,True,False,not_low_risk,tr_ca1dfa6822d6_gpu
paper_ssp_200m_v1,8,1000,1000.0,1080.0,auv_07,enter_exclusion_zone,consequential,DENY,DENY_HARD_EXPIRY,hard_expired,920.0,PARTITIONED,False,True,True,False,not_low_risk,tr_ca1dfa6822d6_gpu
paper_ssp_200m_v1,8,1000,1000.0,1080.0,auv_08,exceed_return_energy_reserve,consequential,DENY,DENY_HARD_EXPIRY,hard_expired,920.0,PARTITIONED,False,True,True,False,not_low_risk,tr_ca1dfa6822d6_gpu
paper_ssp_200m_v1,8,1000,1000.0,1080.0,auv_09,hold_station,low,DENY,DENY_FORBIDDEN,hard_expired,920.0,PARTITIONED,False,True,True,False,A_hard_expiry_capsule_contraction,tr_ca1dfa6822d6_gpu
paper_ssp_200m_v1,8,1000,1000.0,1080.0,auv_10,enter_exclusion_zone,consequential,DENY,DENY_HARD_EXPIRY,hard_expired,920.0,PARTITIONED,False,True,True,False,not_low_risk,tr_ca1dfa6822d6_gpu
paper_ssp_200m_v1,8,1000,1000.0,1080.0,auv_11,bounded_path_correction,low,DENY,DENY_FORBIDDEN,hard_expired,920.0,PARTITIONED,False,True,True,False,A_hard_expiry_capsule_contraction,tr_ca1dfa6822d6_gpu
paper_ssp_200m_v1,8,1000,1000.0,1100.0,auv_06,enter_exclusion_zone,consequential,DENY,DENY_HARD_EXPIRY,hard_expired,940.0,PARTITIONED,False,True,True,False,not_low_risk,tr_ca1dfa6822d6_gpu
paper_ssp_200m_v1,8,1000,1000.0,1100.0,auv_07,enter_exclusion_zone,consequential,DENY,DENY_HARD_EXPIRY,hard_expired,940.0,PARTITIONED,False,True,True,False,not_low_risk,tr_ca1dfa6822d6_gpu
paper_ssp_200m_v1,8,1000,1000.0,1100.0,auv_08,exceed_return_energy_reserve,consequential,DENY,DENY_HARD_EXPIRY,hard_expired,940.0,PARTITIONED,False,True,True,False,not_low_risk,tr_ca1dfa6822d6_gpu
paper_ssp_200m_v1,8,1000,1000.0,1100.0,auv_09,hold_station,low,DENY,DENY_FORBIDDEN,hard_expired,940.0,PARTITIONED,False,True,True,False,A_hard_expiry_capsule_contraction,tr_ca1dfa6822d6_gpu
paper_ssp_200m_v1,8,1000,1000.0,1100.0,auv_10,enter_exclusion_zone,consequential,DENY,DENY_HARD_EXPIRY,hard_expired,940.0,PARTITIONED,False,True,True,False,not_low_risk,tr_ca1dfa6822d6_gpu
paper_ssp_200m_v1,8,1000,1000.0,1100.0,auv_11,bounded_path_correction,low,DENY,DENY_FORBIDDEN,hard_expired,940.0,PARTITIONED,False,True,True,False,A_hard_expiry_capsule_contraction,tr_ca1dfa6822d6_gpu
paper_ssp_200m_v1,8,1000,1000.0,1120.0,auv_06,enter_exclusion_zone,consequential,DENY,DENY_HARD_EXPIRY,hard_expired,960.0,PARTITIONED,False,True,True,False,not_low_risk,tr_ca1dfa6822d6_gpu
paper_ssp_200m_v1,8,1000,1000.0,1120.0,auv_07,enter_exclusion_zone,consequential,DENY,DENY_HARD_EXPIRY,hard_expired,960.0,PARTITIONED,False,True,True,False,not_low_risk,tr_ca1dfa6822d6_gpu
paper_ssp_200m_v1,8,1000,1000.0,1120.0,auv_08,exceed_return_energy_reserve,consequential,DENY,DENY_HARD_EXPIRY,hard_expired,960.0,PARTITIONED,False,True,True,False,not_low_risk,tr_ca1dfa6822d6_gpu
paper_ssp_200m_v1,8,1000,1000.0,1120.0,auv_09,hold_station,low,DENY,DENY_FORBIDDEN,hard_expired,960.0,PARTITIONED,False,True,True,False,A_hard_expiry_capsule_contraction,tr_ca1dfa6822d6_gpu
paper_ssp_200m_v1,8,1000,1000.0,1120.0,auv_10,enter_exclusion_zone,consequential,DENY,DENY_HARD_EXPIRY,hard_expired,960.0,PARTITIONED,False,True,True,False,not_low_risk,tr_ca1dfa6822d6_gpu
paper_ssp_200m_v1,8,1000,1000.0,1120.0,auv_11,change_high_level_objective,consequential,DENY,DENY_HARD_EXPIRY,hard_expired,960.0,PARTITIONED,False,True,True,False,not_low_risk,tr_ca1dfa6822d6_gpu
paper_ssp_200m_v1,8,1000,1000.0,1140.0,auv_06,exceed_return_energy_reserve,consequential,DENY,DENY_HARD_EXPIRY,hard_expired,980.0,PARTITIONED,False,True,True,False,not_low_risk,tr_ca1dfa6822d6_gpu
paper_ssp_200m_v1,8,1000,1000.0,1140.0,auv_07,exceed_return_energy_reserve,consequential,DENY,DENY_HARD_EXPIRY,hard_expired,980.0,PARTITIONED,False,True,True,False,not_low_risk,tr_ca1dfa6822d6_gpu
paper_ssp_200m_v1,8,1000,1000.0,1140.0,auv_08,exceed_return_energy_reserve,consequential,DENY,DENY_HARD_EXPIRY,hard_expired,980.0,PARTITIONED,False,True,True,False,not_low_risk,tr_ca1dfa6822d6_gpu
paper_ssp_200m_v1,8,1000,1000.0,1140.0,auv_09,hold_station,low,DENY,DENY_FORBIDDEN,hard_expired,980.0,PARTITIONED,False,True,True,False,A_hard_expiry_capsule_contraction,tr_ca1dfa6822d6_gpu
paper_ssp_200m_v1,8,1000,1000.0,1140.0,auv_10,exceed_return_energy_reserve,consequential,DENY,DENY_HARD_EXPIRY,hard_expired,980.0,PARTITIONED,False,True,True,False,not_low_risk,tr_ca1dfa6822d6_gpu
paper_ssp_200m_v1,8,1000,1000.0,1140.0,auv_11,exceed_return_energy_reserve,consequential,DENY,DENY_HARD_EXPIRY,hard_expired,980.0,PARTITIONED,False,True,True,False,not_low_risk,tr_ca1dfa6822d6_gpu
paper_ssp_200m_v1,8,1000,1000.0,1160.0,auv_06,enter_exclusion_zone,consequential,DENY,DENY_HARD_EXPIRY,hard_expired,1000.0,PARTITIONED,False,True,True,False,not_low_risk,tr_ca1dfa6822d6_gpu
paper_ssp_200m_v1,8,1000,1000.0,1160.0,auv_07,enter_exclusion_zone,consequential,DENY,DENY_HARD_EXPIRY,hard_expired,1000.0,PARTITIONED,False,True,True,False,not_low_risk,tr_ca1dfa6822d6_gpu
paper_ssp_200m_v1,8,1000,1000.0,1160.0,auv_08,exceed_return_energy_reserve,consequential,DENY,DENY_HARD_EXPIRY,hard_expired,1000.0,PARTITIONED,False,True,True,False,not_low_risk,tr_ca1dfa6822d6_gpu
paper_ssp_200m_v1,8,1000,1000.0,1160.0,auv_09,hold_station,low,DENY,DENY_FORBIDDEN,hard_expired,1000.0,PARTITIONED,False,True,True,False,A_hard_expiry_capsule_contraction,tr_ca1dfa6822d6_gpu
paper_ssp_200m_v1,8,1000,1000.0,1160.0,auv_10,enter_exclusion_zone,consequential,DENY,DENY_HARD_EXPIRY,hard_expired,1000.0,PARTITIONED,False,True,True,False,not_low_risk,tr_ca1dfa6822d6_gpu
paper_ssp_200m_v1,8,1000,1000.0,1160.0,auv_11,bounded_path_correction,low,DENY,DENY_FORBIDDEN,hard_expired,1000.0,PARTITIONED,False,True,True,False,A_hard_expiry_capsule_contraction,tr_ca1dfa6822d6_gpu
paper_ssp_200m_v1,8,1000,1000.0,1180.0,auv_06,enter_exclusion_zone,consequential,DENY,DENY_HARD_EXPIRY,hard_expired,1020.0,PARTITIONED,False,True,True,False,not_low_risk,tr_ca1dfa6822d6_gpu
paper_ssp_200m_v1,8,1000,1000.0,1180.0,auv_07,enter_exclusion_zone,consequential,DENY,DENY_HARD_EXPIRY,hard_expired,1020.0,PARTITIONED,False,True,True,False,not_low_risk,tr_ca1dfa6822d6_gpu
paper_ssp_200m_v1,8,1000,1000.0,1180.0,auv_08,exceed_return_energy_reserve,consequential,DENY,DENY_HARD_EXPIRY,hard_expired,1020.0,PARTITIONED,False,True,True,False,not_low_risk,tr_ca1dfa6822d6_gpu
paper_ssp_200m_v1,8,1000,1000.0,1180.0,auv_09,hold_station,low,DENY,DENY_FORBIDDEN,hard_expired,1020.0,PARTITIONED,False,True,True,False,A_hard_expiry_capsule_contraction,tr_ca1dfa6822d6_gpu
paper_ssp_200m_v1,8,1000,1000.0,1180.0,auv_10,enter_exclusion_zone,consequential,DENY,DENY_HARD_EXPIRY,hard_expired,1020.0,PARTITIONED,False,True,True,False,not_low_risk,tr_ca1dfa6822d6_gpu
paper_ssp_200m_v1,8,1000,1000.0,1180.0,auv_11,bounded_path_correction,low,DENY,DENY_FORBIDDEN,hard_expired,1020.0,PARTITIONED,False,True,True,False,A_hard_expiry_capsule_contraction,tr_ca1dfa6822d6_gpu
paper_ssp_200m_v1,9,1000,1000.0,1060.0,auv_06,enter_exclusion_zone,consequential,DENY,DENY_HARD_EXPIRY,hard_expired,900.0,PARTITIONED,False,True,True,False,not_low_risk,tr_f9d255d666ea_gpu
paper_ssp_200m_v1,9,1000,1000.0,1060.0,auv_07,enter_exclusion_zone,consequential,DENY,DENY_HARD_EXPIRY,hard_expired,900.0,PARTITIONED,False,True,True,False,not_low_risk,tr_f9d255d666ea_gpu
paper_ssp_200m_v1,9,1000,1000.0,1060.0,auv_08,exceed_return_energy_reserve,consequential,DENY,DENY_HARD_EXPIRY,hard_expired,900.0,PARTITIONED,False,True,True,False,not_low_risk,tr_f9d255d666ea_gpu
paper_ssp_200m_v1,9,1000,1000.0,1060.0,auv_09,hold_station,low,DENY,DENY_FORBIDDEN,hard_expired,900.0,PARTITIONED,False,True,True,False,A_hard_expiry_capsule_contraction,tr_f9d255d666ea_gpu
paper_ssp_200m_v1,9,1000,1000.0,1060.0,auv_10,enter_exclusion_zone,consequential,DENY,DENY_HARD_EXPIRY,hard_expired,900.0,PARTITIONED,False,True,True,False,not_low_risk,tr_f9d255d666ea_gpu
paper_ssp_200m_v1,9,1000,1000.0,1060.0,auv_11,bounded_path_correction,low,DENY,DENY_FORBIDDEN,hard_expired,900.0,PARTITIONED,False,True,True,False,A_hard_expiry_capsule_contraction,tr_f9d255d666ea_gpu
paper_ssp_200m_v1,9,1000,1000.0,1080.0,auv_06,enter_exclusion_zone,consequential,DENY,DENY_HARD_EXPIRY,hard_expired,920.0,PARTITIONED,False,True,True,False,not_low_risk,tr_f9d255d666ea_gpu
paper_ssp_200m_v1,9,1000,1000.0,1080.0,auv_07,enter_exclusion_zone,consequential,DENY,DENY_HARD_EXPIRY,hard_expired,920.0,PARTITIONED,False,True,True,False,not_low_risk,tr_f9d255d666ea_gpu
paper_ssp_200m_v1,9,1000,1000.0,1080.0,auv_08,exceed_return_energy_reserve,consequential,DENY,DENY_HARD_EXPIRY,hard_expired,920.0,PARTITIONED,False,True,True,False,not_low_risk,tr_f9d255d666ea_gpu
paper_ssp_200m_v1,9,1000,1000.0,1080.0,auv_09,hold_station,low,DENY,DENY_FORBIDDEN,hard_expired,920.0,PARTITIONED,False,True,True,False,A_hard_expiry_capsule_contraction,tr_f9d255d666ea_gpu
paper_ssp_200m_v1,9,1000,1000.0,1080.0,auv_10,enter_exclusion_zone,consequential,DENY,DENY_HARD_EXPIRY,hard_expired,920.0,PARTITIONED,False,True,True,False,not_low_risk,tr_f9d255d666ea_gpu
paper_ssp_200m_v1,9,1000,1000.0,1080.0,auv_11,bounded_path_correction,low,DENY,DENY_FORBIDDEN,hard_expired,920.0,PARTITIONED,False,True,True,False,A_hard_expiry_capsule_contraction,tr_f9d255d666ea_gpu
paper_ssp_200m_v1,9,1000,1000.0,1100.0,auv_06,enter_exclusion_zone,consequential,DENY,DENY_HARD_EXPIRY,hard_expired,940.0,PARTITIONED,False,True,True,False,not_low_risk,tr_f9d255d666ea_gpu
paper_ssp_200m_v1,9,1000,1000.0,1100.0,auv_07,enter_exclusion_zone,consequential,DENY,DENY_HARD_EXPIRY,hard_expired,940.0,PARTITIONED,False,True,True,False,not_low_risk,tr_f9d255d666ea_gpu
paper_ssp_200m_v1,9,1000,1000.0,1100.0,auv_08,exceed_return_energy_reserve,consequential,DENY,DENY_HARD_EXPIRY,hard_expired,940.0,PARTITIONED,False,True,True,False,not_low_risk,tr_f9d255d666ea_gpu
paper_ssp_200m_v1,9,1000,1000.0,1100.0,auv_09,hold_station,low,DENY,DENY_FORBIDDEN,hard_expired,940.0,PARTITIONED,False,True,True,False,A_hard_expiry_capsule_contraction,tr_f9d255d666ea_gpu
paper_ssp_200m_v1,9,1000,1000.0,1100.0,auv_10,enter_exclusion_zone,consequential,DENY,DENY_HARD_EXPIRY,hard_expired,940.0,PARTITIONED,False,True,True,False,not_low_risk,tr_f9d255d666ea_gpu
paper_ssp_200m_v1,9,1000,1000.0,1100.0,auv_11,bounded_path_correction,low,DENY,DENY_FORBIDDEN,hard_expired,940.0,PARTITIONED,False,True,True,False,A_hard_expiry_capsule_contraction,tr_f9d255d666ea_gpu
paper_ssp_200m_v1,9,1000,1000.0,1120.0,auv_06,enter_exclusion_zone,consequential,DENY,DENY_HARD_EXPIRY,hard_expired,960.0,PARTITIONED,False,True,True,False,not_low_risk,tr_f9d255d666ea_gpu
paper_ssp_200m_v1,9,1000,1000.0,1120.0,auv_07,enter_exclusion_zone,consequential,DENY,DENY_HARD_EXPIRY,hard_expired,960.0,PARTITIONED,False,True,True,False,not_low_risk,tr_f9d255d666ea_gpu
paper_ssp_200m_v1,9,1000,1000.0,1120.0,auv_08,exceed_return_energy_reserve,consequential,DENY,DENY_HARD_EXPIRY,hard_expired,960.0,PARTITIONED,False,True,True,False,not_low_risk,tr_f9d255d666ea_gpu
paper_ssp_200m_v1,9,1000,1000.0,1120.0,auv_09,hold_station,low,DENY,DENY_FORBIDDEN,hard_expired,960.0,PARTITIONED,False,True,True,False,A_hard_expiry_capsule_contraction,tr_f9d255d666ea_gpu
paper_ssp_200m_v1,9,1000,1000.0,1120.0,auv_10,enter_exclusion_zone,consequential,DENY,DENY_HARD_EXPIRY,hard_expired,960.0,PARTITIONED,False,True,True,False,not_low_risk,tr_f9d255d666ea_gpu
paper_ssp_200m_v1,9,1000,1000.0,1120.0,auv_11,change_high_level_objective,consequential,DENY,DENY_HARD_EXPIRY,hard_expired,960.0,PARTITIONED,False,True,True,False,not_low_risk,tr_f9d255d666ea_gpu
paper_ssp_200m_v1,9,1000,1000.0,1140.0,auv_06,exceed_return_energy_reserve,consequential,DENY,DENY_HARD_EXPIRY,hard_expired,980.0,PARTITIONED,False,True,True,False,not_low_risk,tr_f9d255d666ea_gpu
paper_ssp_200m_v1,9,1000,1000.0,1140.0,auv_07,exceed_return_energy_reserve,consequential,DENY,DENY_HARD_EXPIRY,hard_expired,980.0,PARTITIONED,False,True,True,False,not_low_risk,tr_f9d255d666ea_gpu
paper_ssp_200m_v1,9,1000,1000.0,1140.0,auv_08,exceed_return_energy_reserve,consequential,DENY,DENY_HARD_EXPIRY,hard_expired,980.0,PARTITIONED,False,True,True,False,not_low_risk,tr_f9d255d666ea_gpu
paper_ssp_200m_v1,9,1000,1000.0,1140.0,auv_09,hold_station,low,DENY,DENY_FORBIDDEN,hard_expired,980.0,PARTITIONED,False,True,True,False,A_hard_expiry_capsule_contraction,tr_f9d255d666ea_gpu
paper_ssp_200m_v1,9,1000,1000.0,1140.0,auv_10,exceed_return_energy_reserve,consequential,DENY,DENY_HARD_EXPIRY,hard_expired,980.0,PARTITIONED,False,True,True,False,not_low_risk,tr_f9d255d666ea_gpu
paper_ssp_200m_v1,9,1000,1000.0,1140.0,auv_11,exceed_return_energy_reserve,consequential,DENY,DENY_HARD_EXPIRY,hard_expired,980.0,PARTITIONED,False,True,True,False,not_low_risk,tr_f9d255d666ea_gpu
paper_ssp_200m_v1,9,1000,1000.0,1160.0,auv_06,enter_exclusion_zone,consequential,DENY,DENY_HARD_EXPIRY,hard_expired,1000.0,PARTITIONED,False,True,True,False,not_low_risk,tr_f9d255d666ea_gpu
paper_ssp_200m_v1,9,1000,1000.0,1160.0,auv_07,enter_exclusion_zone,consequential,DENY,DENY_HARD_EXPIRY,hard_expired,1000.0,PARTITIONED,False,True,True,False,not_low_risk,tr_f9d255d666ea_gpu
paper_ssp_200m_v1,9,1000,1000.0,1160.0,auv_08,exceed_return_energy_reserve,consequential,DENY,DENY_HARD_EXPIRY,hard_expired,1000.0,PARTITIONED,False,True,True,False,not_low_risk,tr_f9d255d666ea_gpu
paper_ssp_200m_v1,9,1000,1000.0,1160.0,auv_09,hold_station,low,DENY,DENY_FORBIDDEN,hard_expired,1000.0,PARTITIONED,False,True,True,False,A_hard_expiry_capsule_contraction,tr_f9d255d666ea_gpu
paper_ssp_200m_v1,9,1000,1000.0,1160.0,auv_10,enter_exclusion_zone,consequential,DENY,DENY_HARD_EXPIRY,hard_expired,1000.0,PARTITIONED,False,True,True,False,not_low_risk,tr_f9d255d666ea_gpu
paper_ssp_200m_v1,9,1000,1000.0,1160.0,auv_11,bounded_path_correction,low,DENY,DENY_FORBIDDEN,hard_expired,1000.0,PARTITIONED,False,True,True,False,A_hard_expiry_capsule_contraction,tr_f9d255d666ea_gpu
paper_ssp_200m_v1,9,1000,1000.0,1180.0,auv_06,enter_exclusion_zone,consequential,DENY,DENY_HARD_EXPIRY,hard_expired,1020.0,PARTITIONED,False,True,True,False,not_low_risk,tr_f9d255d666ea_gpu
paper_ssp_200m_v1,9,1000,1000.0,1180.0,auv_07,enter_exclusion_zone,consequential,DENY,DENY_HARD_EXPIRY,hard_expired,1020.0,PARTITIONED,False,True,True,False,not_low_risk,tr_f9d255d666ea_gpu
paper_ssp_200m_v1,9,1000,1000.0,1180.0,auv_08,exceed_return_energy_reserve,consequential,DENY,DENY_HARD_EXPIRY,hard_expired,1020.0,PARTITIONED,False,True,True,False,not_low_risk,tr_f9d255d666ea_gpu
paper_ssp_200m_v1,9,1000,1000.0,1180.0,auv_09,hold_station,low,DENY,DENY_FORBIDDEN,hard_expired,1020.0,PARTITIONED,False,True,True,False,A_hard_expiry_capsule_contraction,tr_f9d255d666ea_gpu
paper_ssp_200m_v1,9,1000,1000.0,1180.0,auv_10,enter_exclusion_zone,consequential,DENY,DENY_HARD_EXPIRY,hard_expired,1020.0,PARTITIONED,False,True,True,False,not_low_risk,tr_f9d255d666ea_gpu
paper_ssp_200m_v1,9,1000,1000.0,1180.0,auv_11,bounded_path_correction,low,DENY,DENY_FORBIDDEN,hard_expired,1020.0,PARTITIONED,False,True,True,False,A_hard_expiry_capsule_contraction,tr_f9d255d666ea_gpu
paper_ssp_200m_moderate_v1,0,1000,1000.0,1060.0,auv_06,enter_exclusion_zone,consequential,DENY,DENY_HARD_EXPIRY,hard_expired,900.0,PARTITIONED,False,True,True,False,not_low_risk,tr_e481a0d054ed_gpu
paper_ssp_200m_moderate_v1,0,1000,1000.0,1060.0,auv_07,enter_exclusion_zone,consequential,DENY,DENY_HARD_EXPIRY,hard_expired,900.0,PARTITIONED,False,True,True,False,not_low_risk,tr_e481a0d054ed_gpu
paper_ssp_200m_moderate_v1,0,1000,1000.0,1060.0,auv_08,exceed_return_energy_reserve,consequential,DENY,DENY_HARD_EXPIRY,hard_expired,900.0,PARTITIONED,False,True,True,False,not_low_risk,tr_e481a0d054ed_gpu
paper_ssp_200m_moderate_v1,0,1000,1000.0,1060.0,auv_09,hold_station,low,DENY,DENY_FORBIDDEN,hard_expired,900.0,PARTITIONED,False,True,True,False,A_hard_expiry_capsule_contraction,tr_e481a0d054ed_gpu
paper_ssp_200m_moderate_v1,0,1000,1000.0,1060.0,auv_10,enter_exclusion_zone,consequential,DENY,DENY_HARD_EXPIRY,hard_expired,900.0,PARTITIONED,False,True,True,False,not_low_risk,tr_e481a0d054ed_gpu
paper_ssp_200m_moderate_v1,0,1000,1000.0,1060.0,auv_11,bounded_path_correction,low,DENY,DENY_FORBIDDEN,hard_expired,900.0,PARTITIONED,False,True,True,False,A_hard_expiry_capsule_contraction,tr_e481a0d054ed_gpu
paper_ssp_200m_moderate_v1,0,1000,1000.0,1080.0,auv_06,enter_exclusion_zone,consequential,DENY,DENY_HARD_EXPIRY,hard_expired,920.0,PARTITIONED,False,True,True,False,not_low_risk,tr_e481a0d054ed_gpu
paper_ssp_200m_moderate_v1,0,1000,1000.0,1080.0,auv_07,enter_exclusion_zone,consequential,DENY,DENY_HARD_EXPIRY,hard_expired,920.0,PARTITIONED,False,True,True,False,not_low_risk,tr_e481a0d054ed_gpu
paper_ssp_200m_moderate_v1,0,1000,1000.0,1080.0,auv_08,exceed_return_energy_reserve,consequential,DENY,DENY_HARD_EXPIRY,hard_expired,920.0,PARTITIONED,False,True,True,False,not_low_risk,tr_e481a0d054ed_gpu
paper_ssp_200m_moderate_v1,0,1000,1000.0,1080.0,auv_09,hold_station,low,DENY,DENY_FORBIDDEN,hard_expired,920.0,PARTITIONED,False,True,True,False,A_hard_expiry_capsule_contraction,tr_e481a0d054ed_gpu
paper_ssp_200m_moderate_v1,0,1000,1000.0,1080.0,auv_10,enter_exclusion_zone,consequential,DENY,DENY_HARD_EXPIRY,hard_expired,920.0,PARTITIONED,False,True,True,False,not_low_risk,tr_e481a0d054ed_gpu
paper_ssp_200m_moderate_v1,0,1000,1000.0,1080.0,auv_11,bounded_path_correction,low,DENY,DENY_FORBIDDEN,hard_expired,920.0,PARTITIONED,False,True,True,False,A_hard_expiry_capsule_contraction,tr_e481a0d054ed_gpu
paper_ssp_200m_moderate_v1,0,1000,1000.0,1100.0,auv_06,enter_exclusion_zone,consequential,DENY,DENY_HARD_EXPIRY,hard_expired,940.0,PARTITIONED,False,True,True,False,not_low_risk,tr_e481a0d054ed_gpu
paper_ssp_200m_moderate_v1,0,1000,1000.0,1100.0,auv_07,enter_exclusion_zone,consequential,DENY,DENY_HARD_EXPIRY,hard_expired,940.0,PARTITIONED,False,True,True,False,not_low_risk,tr_e481a0d054ed_gpu
paper_ssp_200m_moderate_v1,0,1000,1000.0,1100.0,auv_08,exceed_return_energy_reserve,consequential,DENY,DENY_HARD_EXPIRY,hard_expired,940.0,PARTITIONED,False,True,True,False,not_low_risk,tr_e481a0d054ed_gpu
paper_ssp_200m_moderate_v1,0,1000,1000.0,1100.0,auv_09,hold_station,low,DENY,DENY_FORBIDDEN,hard_expired,940.0,PARTITIONED,False,True,True,False,A_hard_expiry_capsule_contraction,tr_e481a0d054ed_gpu
paper_ssp_200m_moderate_v1,0,1000,1000.0,1100.0,auv_10,enter_exclusion_zone,consequential,DENY,DENY_HARD_EXPIRY,hard_expired,940.0,PARTITIONED,False,True,True,False,not_low_risk,tr_e481a0d054ed_gpu
paper_ssp_200m_moderate_v1,0,1000,1000.0,1100.0,auv_11,bounded_path_correction,low,DENY,DENY_FORBIDDEN,hard_expired,940.0,PARTITIONED,False,True,True,False,A_hard_expiry_capsule_contraction,tr_e481a0d054ed_gpu
paper_ssp_200m_moderate_v1,0,1000,1000.0,1120.0,auv_06,enter_exclusion_zone,consequential,DENY,DENY_HARD_EXPIRY,hard_expired,960.0,PARTITIONED,False,True,True,False,not_low_risk,tr_e481a0d054ed_gpu
paper_ssp_200m_moderate_v1,0,1000,1000.0,1120.0,auv_07,enter_exclusion_zone,consequential,DENY,DENY_HARD_EXPIRY,hard_expired,960.0,PARTITIONED,False,True,True,False,not_low_risk,tr_e481a0d054ed_gpu
paper_ssp_200m_moderate_v1,0,1000,1000.0,1120.0,auv_08,exceed_return_energy_reserve,consequential,DENY,DENY_HARD_EXPIRY,hard_expired,960.0,PARTITIONED,False,True,True,False,not_low_risk,tr_e481a0d054ed_gpu
paper_ssp_200m_moderate_v1,0,1000,1000.0,1120.0,auv_09,hold_station,low,DENY,DENY_FORBIDDEN,hard_expired,960.0,PARTITIONED,False,True,True,False,A_hard_expiry_capsule_contraction,tr_e481a0d054ed_gpu
paper_ssp_200m_moderate_v1,0,1000,1000.0,1120.0,auv_10,enter_exclusion_zone,consequential,DENY,DENY_HARD_EXPIRY,hard_expired,960.0,PARTITIONED,False,True,True,False,not_low_risk,tr_e481a0d054ed_gpu
paper_ssp_200m_moderate_v1,0,1000,1000.0,1120.0,auv_11,change_high_level_objective,consequential,DENY,DENY_HARD_EXPIRY,hard_expired,960.0,PARTITIONED,False,True,True,False,not_low_risk,tr_e481a0d054ed_gpu
paper_ssp_200m_moderate_v1,0,1000,1000.0,1140.0,auv_06,exceed_return_energy_reserve,consequential,DENY,DENY_HARD_EXPIRY,hard_expired,980.0,PARTITIONED,False,True,True,False,not_low_risk,tr_e481a0d054ed_gpu
paper_ssp_200m_moderate_v1,0,1000,1000.0,1140.0,auv_07,exceed_return_energy_reserve,consequential,DENY,DENY_HARD_EXPIRY,hard_expired,980.0,PARTITIONED,False,True,True,False,not_low_risk,tr_e481a0d054ed_gpu
paper_ssp_200m_moderate_v1,0,1000,1000.0,1140.0,auv_08,exceed_return_energy_reserve,consequential,DENY,DENY_HARD_EXPIRY,hard_expired,980.0,PARTITIONED,False,True,True,False,not_low_risk,tr_e481a0d054ed_gpu
paper_ssp_200m_moderate_v1,0,1000,1000.0,1140.0,auv_09,hold_station,low,DENY,DENY_FORBIDDEN,hard_expired,980.0,PARTITIONED,False,True,True,False,A_hard_expiry_capsule_contraction,tr_e481a0d054ed_gpu
paper_ssp_200m_moderate_v1,0,1000,1000.0,1140.0,auv_10,exceed_return_energy_reserve,consequential,DENY,DENY_HARD_EXPIRY,hard_expired,980.0,PARTITIONED,False,True,True,False,not_low_risk,tr_e481a0d054ed_gpu
paper_ssp_200m_moderate_v1,0,1000,1000.0,1140.0,auv_11,exceed_return_energy_reserve,consequential,DENY,DENY_HARD_EXPIRY,hard_expired,980.0,PARTITIONED,False,True,True,False,not_low_risk,tr_e481a0d054ed_gpu
paper_ssp_200m_moderate_v1,0,1000,1000.0,1160.0,auv_06,enter_exclusion_zone,consequential,DENY,DENY_HARD_EXPIRY,hard_expired,1000.0,PARTITIONED,False,True,True,False,not_low_risk,tr_e481a0d054ed_gpu
paper_ssp_200m_moderate_v1,0,1000,1000.0,1160.0,auv_07,enter_exclusion_zone,consequential,DENY,DENY_HARD_EXPIRY,hard_expired,1000.0,PARTITIONED,False,True,True,False,not_low_risk,tr_e481a0d054ed_gpu
paper_ssp_200m_moderate_v1,0,1000,1000.0,1160.0,auv_08,exceed_return_energy_reserve,consequential,DENY,DENY_HARD_EXPIRY,hard_expired,1000.0,PARTITIONED,False,True,True,False,not_low_risk,tr_e481a0d054ed_gpu
paper_ssp_200m_moderate_v1,0,1000,1000.0,1160.0,auv_09,hold_station,low,DENY,DENY_FORBIDDEN,hard_expired,1000.0,PARTITIONED,False,True,True,False,A_hard_expiry_capsule_contraction,tr_e481a0d054ed_gpu
paper_ssp_200m_moderate_v1,0,1000,1000.0,1160.0,auv_10,enter_exclusion_zone,consequential,DENY,DENY_HARD_EXPIRY,hard_expired,1000.0,PARTITIONED,False,True,True,False,not_low_risk,tr_e481a0d054ed_gpu
paper_ssp_200m_moderate_v1,0,1000,1000.0,1160.0,auv_11,bounded_path_correction,low,DENY,DENY_FORBIDDEN,hard_expired,1000.0,PARTITIONED,False,True,True,False,A_hard_expiry_capsule_contraction,tr_e481a0d054ed_gpu
paper_ssp_200m_moderate_v1,0,1000,1000.0,1180.0,auv_06,enter_exclusion_zone,consequential,DENY,DENY_HARD_EXPIRY,hard_expired,1020.0,PARTITIONED,False,True,True,False,not_low_risk,tr_e481a0d054ed_gpu
paper_ssp_200m_moderate_v1,0,1000,1000.0,1180.0,auv_07,enter_exclusion_zone,consequential,DENY,DENY_HARD_EXPIRY,hard_expired,1020.0,PARTITIONED,False,True,True,False,not_low_risk,tr_e481a0d054ed_gpu
paper_ssp_200m_moderate_v1,0,1000,1000.0,1180.0,auv_08,exceed_return_energy_reserve,consequential,DENY,DENY_HARD_EXPIRY,hard_expired,1020.0,PARTITIONED,False,True,True,False,not_low_risk,tr_e481a0d054ed_gpu
paper_ssp_200m_moderate_v1,0,1000,1000.0,1180.0,auv_09,hold_station,low,DENY,DENY_FORBIDDEN,hard_expired,1020.0,PARTITIONED,False,True,True,False,A_hard_expiry_capsule_contraction,tr_e481a0d054ed_gpu
paper_ssp_200m_moderate_v1,0,1000,1000.0,1180.0,auv_10,enter_exclusion_zone,consequential,DENY,DENY_HARD_EXPIRY,hard_expired,1020.0,PARTITIONED,False,True,True,False,not_low_risk,tr_e481a0d054ed_gpu
paper_ssp_200m_moderate_v1,0,1000,1000.0,1180.0,auv_11,bounded_path_correction,low,DENY,DENY_FORBIDDEN,hard_expired,1020.0,PARTITIONED,False,True,True,False,A_hard_expiry_capsule_contraction,tr_e481a0d054ed_gpu
paper_ssp_200m_moderate_v1,1,1000,1000.0,1060.0,auv_06,enter_exclusion_zone,consequential,DENY,DENY_HARD_EXPIRY,hard_expired,900.0,PARTITIONED,False,True,True,False,not_low_risk,tr_a88224c7b787_gpu
paper_ssp_200m_moderate_v1,1,1000,1000.0,1060.0,auv_07,enter_exclusion_zone,consequential,DENY,DENY_HARD_EXPIRY,hard_expired,900.0,PARTITIONED,False,True,True,False,not_low_risk,tr_a88224c7b787_gpu
paper_ssp_200m_moderate_v1,1,1000,1000.0,1060.0,auv_08,exceed_return_energy_reserve,consequential,DENY,DENY_HARD_EXPIRY,hard_expired,900.0,PARTITIONED,False,True,True,False,not_low_risk,tr_a88224c7b787_gpu
paper_ssp_200m_moderate_v1,1,1000,1000.0,1060.0,auv_09,hold_station,low,DENY,DENY_FORBIDDEN,hard_expired,900.0,PARTITIONED,False,True,True,False,A_hard_expiry_capsule_contraction,tr_a88224c7b787_gpu
paper_ssp_200m_moderate_v1,1,1000,1000.0,1060.0,auv_10,enter_exclusion_zone,consequential,DENY,DENY_HARD_EXPIRY,hard_expired,900.0,PARTITIONED,False,True,True,False,not_low_risk,tr_a88224c7b787_gpu
paper_ssp_200m_moderate_v1,1,1000,1000.0,1060.0,auv_11,bounded_path_correction,low,DENY,DENY_FORBIDDEN,hard_expired,900.0,PARTITIONED,False,True,True,False,A_hard_expiry_capsule_contraction,tr_a88224c7b787_gpu
paper_ssp_200m_moderate_v1,1,1000,1000.0,1080.0,auv_06,enter_exclusion_zone,consequential,DENY,DENY_HARD_EXPIRY,hard_expired,920.0,PARTITIONED,False,True,True,False,not_low_risk,tr_a88224c7b787_gpu
paper_ssp_200m_moderate_v1,1,1000,1000.0,1080.0,auv_07,enter_exclusion_zone,consequential,DENY,DENY_HARD_EXPIRY,hard_expired,920.0,PARTITIONED,False,True,True,False,not_low_risk,tr_a88224c7b787_gpu
paper_ssp_200m_moderate_v1,1,1000,1000.0,1080.0,auv_08,exceed_return_energy_reserve,consequential,DENY,DENY_HARD_EXPIRY,hard_expired,920.0,PARTITIONED,False,True,True,False,not_low_risk,tr_a88224c7b787_gpu
paper_ssp_200m_moderate_v1,1,1000,1000.0,1080.0,auv_09,hold_station,low,DENY,DENY_FORBIDDEN,hard_expired,920.0,PARTITIONED,False,True,True,False,A_hard_expiry_capsule_contraction,tr_a88224c7b787_gpu
paper_ssp_200m_moderate_v1,1,1000,1000.0,1080.0,auv_10,enter_exclusion_zone,consequential,DENY,DENY_HARD_EXPIRY,hard_expired,920.0,PARTITIONED,False,True,True,False,not_low_risk,tr_a88224c7b787_gpu
paper_ssp_200m_moderate_v1,1,1000,1000.0,1080.0,auv_11,bounded_path_correction,low,DENY,DENY_FORBIDDEN,hard_expired,920.0,PARTITIONED,False,True,True,False,A_hard_expiry_capsule_contraction,tr_a88224c7b787_gpu
paper_ssp_200m_moderate_v1,1,1000,1000.0,1100.0,auv_06,enter_exclusion_zone,consequential,DENY,DENY_HARD_EXPIRY,hard_expired,940.0,PARTITIONED,False,True,True,False,not_low_risk,tr_a88224c7b787_gpu
paper_ssp_200m_moderate_v1,1,1000,1000.0,1100.0,auv_07,enter_exclusion_zone,consequential,DENY,DENY_HARD_EXPIRY,hard_expired,940.0,PARTITIONED,False,True,True,False,not_low_risk,tr_a88224c7b787_gpu
paper_ssp_200m_moderate_v1,1,1000,1000.0,1100.0,auv_08,exceed_return_energy_reserve,consequential,DENY,DENY_HARD_EXPIRY,hard_expired,940.0,PARTITIONED,False,True,True,False,not_low_risk,tr_a88224c7b787_gpu
paper_ssp_200m_moderate_v1,1,1000,1000.0,1100.0,auv_09,hold_station,low,DENY,DENY_FORBIDDEN,hard_expired,940.0,PARTITIONED,False,True,True,False,A_hard_expiry_capsule_contraction,tr_a88224c7b787_gpu
paper_ssp_200m_moderate_v1,1,1000,1000.0,1100.0,auv_10,enter_exclusion_zone,consequential,DENY,DENY_HARD_EXPIRY,hard_expired,940.0,PARTITIONED,False,True,True,False,not_low_risk,tr_a88224c7b787_gpu
paper_ssp_200m_moderate_v1,1,1000,1000.0,1100.0,auv_11,bounded_path_correction,low,DENY,DENY_FORBIDDEN,hard_expired,940.0,PARTITIONED,False,True,True,False,A_hard_expiry_capsule_contraction,tr_a88224c7b787_gpu
paper_ssp_200m_moderate_v1,1,1000,1000.0,1120.0,auv_06,enter_exclusion_zone,consequential,DENY,DENY_HARD_EXPIRY,hard_expired,960.0,PARTITIONED,False,True,True,False,not_low_risk,tr_a88224c7b787_gpu
paper_ssp_200m_moderate_v1,1,1000,1000.0,1120.0,auv_07,enter_exclusion_zone,consequential,DENY,DENY_HARD_EXPIRY,hard_expired,960.0,PARTITIONED,False,True,True,False,not_low_risk,tr_a88224c7b787_gpu
paper_ssp_200m_moderate_v1,1,1000,1000.0,1120.0,auv_08,exceed_return_energy_reserve,consequential,DENY,DENY_HARD_EXPIRY,hard_expired,960.0,PARTITIONED,False,True,True,False,not_low_risk,tr_a88224c7b787_gpu
paper_ssp_200m_moderate_v1,1,1000,1000.0,1120.0,auv_09,hold_station,low,DENY,DENY_FORBIDDEN,hard_expired,960.0,PARTITIONED,False,True,True,False,A_hard_expiry_capsule_contraction,tr_a88224c7b787_gpu
paper_ssp_200m_moderate_v1,1,1000,1000.0,1120.0,auv_10,enter_exclusion_zone,consequential,DENY,DENY_HARD_EXPIRY,hard_expired,960.0,PARTITIONED,False,True,True,False,not_low_risk,tr_a88224c7b787_gpu
paper_ssp_200m_moderate_v1,1,1000,1000.0,1120.0,auv_11,change_high_level_objective,consequential,DENY,DENY_HARD_EXPIRY,hard_expired,960.0,PARTITIONED,False,True,True,False,not_low_risk,tr_a88224c7b787_gpu
paper_ssp_200m_moderate_v1,1,1000,1000.0,1140.0,auv_06,exceed_return_energy_reserve,consequential,DENY,DENY_HARD_EXPIRY,hard_expired,980.0,PARTITIONED,False,True,True,False,not_low_risk,tr_a88224c7b787_gpu
paper_ssp_200m_moderate_v1,1,1000,1000.0,1140.0,auv_07,exceed_return_energy_reserve,consequential,DENY,DENY_HARD_EXPIRY,hard_expired,980.0,PARTITIONED,False,True,True,False,not_low_risk,tr_a88224c7b787_gpu
paper_ssp_200m_moderate_v1,1,1000,1000.0,1140.0,auv_08,exceed_return_energy_reserve,consequential,DENY,DENY_HARD_EXPIRY,hard_expired,980.0,PARTITIONED,False,True,True,False,not_low_risk,tr_a88224c7b787_gpu
paper_ssp_200m_moderate_v1,1,1000,1000.0,1140.0,auv_09,hold_station,low,DENY,DENY_FORBIDDEN,hard_expired,980.0,PARTITIONED,False,True,True,False,A_hard_expiry_capsule_contraction,tr_a88224c7b787_gpu
paper_ssp_200m_moderate_v1,1,1000,1000.0,1140.0,auv_10,exceed_return_energy_reserve,consequential,DENY,DENY_HARD_EXPIRY,hard_expired,980.0,PARTITIONED,False,True,True,False,not_low_risk,tr_a88224c7b787_gpu
paper_ssp_200m_moderate_v1,1,1000,1000.0,1140.0,auv_11,exceed_return_energy_reserve,consequential,DENY,DENY_HARD_EXPIRY,hard_expired,980.0,PARTITIONED,False,True,True,False,not_low_risk,tr_a88224c7b787_gpu
paper_ssp_200m_moderate_v1,1,1000,1000.0,1160.0,auv_06,enter_exclusion_zone,consequential,DENY,DENY_HARD_EXPIRY,hard_expired,1000.0,PARTITIONED,False,True,True,False,not_low_risk,tr_a88224c7b787_gpu
paper_ssp_200m_moderate_v1,1,1000,1000.0,1160.0,auv_07,enter_exclusion_zone,consequential,DENY,DENY_HARD_EXPIRY,hard_expired,1000.0,PARTITIONED,False,True,True,False,not_low_risk,tr_a88224c7b787_gpu
paper_ssp_200m_moderate_v1,1,1000,1000.0,1160.0,auv_08,exceed_return_energy_reserve,consequential,DENY,DENY_HARD_EXPIRY,hard_expired,1000.0,PARTITIONED,False,True,True,False,not_low_risk,tr_a88224c7b787_gpu
paper_ssp_200m_moderate_v1,1,1000,1000.0,1160.0,auv_09,hold_station,low,DENY,DENY_FORBIDDEN,hard_expired,1000.0,PARTITIONED,False,True,True,False,A_hard_expiry_capsule_contraction,tr_a88224c7b787_gpu
paper_ssp_200m_moderate_v1,1,1000,1000.0,1160.0,auv_10,enter_exclusion_zone,consequential,DENY,DENY_HARD_EXPIRY,hard_expired,1000.0,PARTITIONED,False,True,True,False,not_low_risk,tr_a88224c7b787_gpu
paper_ssp_200m_moderate_v1,1,1000,1000.0,1160.0,auv_11,bounded_path_correction,low,DENY,DENY_FORBIDDEN,hard_expired,1000.0,PARTITIONED,False,True,True,False,A_hard_expiry_capsule_contraction,tr_a88224c7b787_gpu
paper_ssp_200m_moderate_v1,1,1000,1000.0,1180.0,auv_06,enter_exclusion_zone,consequential,DENY,DENY_HARD_EXPIRY,hard_expired,1020.0,PARTITIONED,False,True,True,False,not_low_risk,tr_a88224c7b787_gpu
paper_ssp_200m_moderate_v1,1,1000,1000.0,1180.0,auv_07,enter_exclusion_zone,consequential,DENY,DENY_HARD_EXPIRY,hard_expired,1020.0,PARTITIONED,False,True,True,False,not_low_risk,tr_a88224c7b787_gpu
paper_ssp_200m_moderate_v1,1,1000,1000.0,1180.0,auv_08,exceed_return_energy_reserve,consequential,DENY,DENY_HARD_EXPIRY,hard_expired,1020.0,PARTITIONED,False,True,True,False,not_low_risk,tr_a88224c7b787_gpu
paper_ssp_200m_moderate_v1,1,1000,1000.0,1180.0,auv_09,hold_station,low,DENY,DENY_FORBIDDEN,hard_expired,1020.0,PARTITIONED,False,True,True,False,A_hard_expiry_capsule_contraction,tr_a88224c7b787_gpu
paper_ssp_200m_moderate_v1,1,1000,1000.0,1180.0,auv_10,enter_exclusion_zone,consequential,DENY,DENY_HARD_EXPIRY,hard_expired,1020.0,PARTITIONED,False,True,True,False,not_low_risk,tr_a88224c7b787_gpu
paper_ssp_200m_moderate_v1,1,1000,1000.0,1180.0,auv_11,bounded_path_correction,low,DENY,DENY_FORBIDDEN,hard_expired,1020.0,PARTITIONED,False,True,True,False,A_hard_expiry_capsule_contraction,tr_a88224c7b787_gpu
paper_ssp_200m_moderate_v1,2,1000,1000.0,1060.0,auv_06,enter_exclusion_zone,consequential,DENY,DENY_HARD_EXPIRY,hard_expired,900.0,PARTITIONED,False,True,True,False,not_low_risk,tr_4370fea4680c_gpu
paper_ssp_200m_moderate_v1,2,1000,1000.0,1060.0,auv_07,enter_exclusion_zone,consequential,DENY,DENY_HARD_EXPIRY,hard_expired,900.0,PARTITIONED,False,True,True,False,not_low_risk,tr_4370fea4680c_gpu
paper_ssp_200m_moderate_v1,2,1000,1000.0,1060.0,auv_08,exceed_return_energy_reserve,consequential,DENY,DENY_HARD_EXPIRY,hard_expired,900.0,PARTITIONED,False,True,True,False,not_low_risk,tr_4370fea4680c_gpu
paper_ssp_200m_moderate_v1,2,1000,1000.0,1060.0,auv_09,hold_station,low,DENY,DENY_FORBIDDEN,hard_expired,900.0,PARTITIONED,False,True,True,False,A_hard_expiry_capsule_contraction,tr_4370fea4680c_gpu
paper_ssp_200m_moderate_v1,2,1000,1000.0,1060.0,auv_10,enter_exclusion_zone,consequential,DENY,DENY_HARD_EXPIRY,hard_expired,900.0,PARTITIONED,False,True,True,False,not_low_risk,tr_4370fea4680c_gpu
paper_ssp_200m_moderate_v1,2,1000,1000.0,1060.0,auv_11,bounded_path_correction,low,DENY,DENY_FORBIDDEN,hard_expired,900.0,PARTITIONED,False,True,True,False,A_hard_expiry_capsule_contraction,tr_4370fea4680c_gpu
paper_ssp_200m_moderate_v1,2,1000,1000.0,1080.0,auv_06,enter_exclusion_zone,consequential,DENY,DENY_HARD_EXPIRY,hard_expired,920.0,PARTITIONED,False,True,True,False,not_low_risk,tr_4370fea4680c_gpu
paper_ssp_200m_moderate_v1,2,1000,1000.0,1080.0,auv_07,enter_exclusion_zone,consequential,DENY,DENY_HARD_EXPIRY,hard_expired,920.0,PARTITIONED,False,True,True,False,not_low_risk,tr_4370fea4680c_gpu
paper_ssp_200m_moderate_v1,2,1000,1000.0,1080.0,auv_08,exceed_return_energy_reserve,consequential,DENY,DENY_HARD_EXPIRY,hard_expired,920.0,PARTITIONED,False,True,True,False,not_low_risk,tr_4370fea4680c_gpu
paper_ssp_200m_moderate_v1,2,1000,1000.0,1080.0,auv_09,hold_station,low,DENY,DENY_FORBIDDEN,hard_expired,920.0,PARTITIONED,False,True,True,False,A_hard_expiry_capsule_contraction,tr_4370fea4680c_gpu
paper_ssp_200m_moderate_v1,2,1000,1000.0,1080.0,auv_10,enter_exclusion_zone,consequential,DENY,DENY_HARD_EXPIRY,hard_expired,920.0,PARTITIONED,False,True,True,False,not_low_risk,tr_4370fea4680c_gpu
paper_ssp_200m_moderate_v1,2,1000,1000.0,1080.0,auv_11,bounded_path_correction,low,DENY,DENY_FORBIDDEN,hard_expired,920.0,PARTITIONED,False,True,True,False,A_hard_expiry_capsule_contraction,tr_4370fea4680c_gpu
paper_ssp_200m_moderate_v1,2,1000,1000.0,1100.0,auv_06,enter_exclusion_zone,consequential,DENY,DENY_HARD_EXPIRY,hard_expired,940.0,PARTITIONED,False,True,True,False,not_low_risk,tr_4370fea4680c_gpu
paper_ssp_200m_moderate_v1,2,1000,1000.0,1100.0,auv_07,enter_exclusion_zone,consequential,DENY,DENY_HARD_EXPIRY,hard_expired,940.0,PARTITIONED,False,True,True,False,not_low_risk,tr_4370fea4680c_gpu
paper_ssp_200m_moderate_v1,2,1000,1000.0,1100.0,auv_08,exceed_return_energy_reserve,consequential,DENY,DENY_HARD_EXPIRY,hard_expired,940.0,PARTITIONED,False,True,True,False,not_low_risk,tr_4370fea4680c_gpu
paper_ssp_200m_moderate_v1,2,1000,1000.0,1100.0,auv_09,hold_station,low,DENY,DENY_FORBIDDEN,hard_expired,940.0,PARTITIONED,False,True,True,False,A_hard_expiry_capsule_contraction,tr_4370fea4680c_gpu
paper_ssp_200m_moderate_v1,2,1000,1000.0,1100.0,auv_10,enter_exclusion_zone,consequential,DENY,DENY_HARD_EXPIRY,hard_expired,940.0,PARTITIONED,False,True,True,False,not_low_risk,tr_4370fea4680c_gpu
paper_ssp_200m_moderate_v1,2,1000,1000.0,1100.0,auv_11,bounded_path_correction,low,DENY,DENY_FORBIDDEN,hard_expired,940.0,PARTITIONED,False,True,True,False,A_hard_expiry_capsule_contraction,tr_4370fea4680c_gpu
paper_ssp_200m_moderate_v1,2,1000,1000.0,1120.0,auv_06,enter_exclusion_zone,consequential,DENY,DENY_HARD_EXPIRY,hard_expired,960.0,PARTITIONED,False,True,True,False,not_low_risk,tr_4370fea4680c_gpu
paper_ssp_200m_moderate_v1,2,1000,1000.0,1120.0,auv_07,enter_exclusion_zone,consequential,DENY,DENY_HARD_EXPIRY,hard_expired,960.0,PARTITIONED,False,True,True,False,not_low_risk,tr_4370fea4680c_gpu
paper_ssp_200m_moderate_v1,2,1000,1000.0,1120.0,auv_08,exceed_return_energy_reserve,consequential,DENY,DENY_HARD_EXPIRY,hard_expired,960.0,PARTITIONED,False,True,True,False,not_low_risk,tr_4370fea4680c_gpu
paper_ssp_200m_moderate_v1,2,1000,1000.0,1120.0,auv_09,hold_station,low,DENY,DENY_FORBIDDEN,hard_expired,960.0,PARTITIONED,False,True,True,False,A_hard_expiry_capsule_contraction,tr_4370fea4680c_gpu
paper_ssp_200m_moderate_v1,2,1000,1000.0,1120.0,auv_10,enter_exclusion_zone,consequential,DENY,DENY_HARD_EXPIRY,hard_expired,960.0,PARTITIONED,False,True,True,False,not_low_risk,tr_4370fea4680c_gpu
paper_ssp_200m_moderate_v1,2,1000,1000.0,1120.0,auv_11,change_high_level_objective,consequential,DENY,DENY_HARD_EXPIRY,hard_expired,960.0,PARTITIONED,False,True,True,False,not_low_risk,tr_4370fea4680c_gpu
paper_ssp_200m_moderate_v1,2,1000,1000.0,1140.0,auv_06,exceed_return_energy_reserve,consequential,DENY,DENY_HARD_EXPIRY,hard_expired,980.0,PARTITIONED,False,True,True,False,not_low_risk,tr_4370fea4680c_gpu
paper_ssp_200m_moderate_v1,2,1000,1000.0,1140.0,auv_07,exceed_return_energy_reserve,consequential,DENY,DENY_HARD_EXPIRY,hard_expired,980.0,PARTITIONED,False,True,True,False,not_low_risk,tr_4370fea4680c_gpu
paper_ssp_200m_moderate_v1,2,1000,1000.0,1140.0,auv_08,exceed_return_energy_reserve,consequential,DENY,DENY_HARD_EXPIRY,hard_expired,980.0,PARTITIONED,False,True,True,False,not_low_risk,tr_4370fea4680c_gpu
paper_ssp_200m_moderate_v1,2,1000,1000.0,1140.0,auv_09,hold_station,low,DENY,DENY_FORBIDDEN,hard_expired,980.0,PARTITIONED,False,True,True,False,A_hard_expiry_capsule_contraction,tr_4370fea4680c_gpu
paper_ssp_200m_moderate_v1,2,1000,1000.0,1140.0,auv_10,exceed_return_energy_reserve,consequential,DENY,DENY_HARD_EXPIRY,hard_expired,980.0,PARTITIONED,False,True,True,False,not_low_risk,tr_4370fea4680c_gpu
paper_ssp_200m_moderate_v1,2,1000,1000.0,1140.0,auv_11,exceed_return_energy_reserve,consequential,DENY,DENY_HARD_EXPIRY,hard_expired,980.0,PARTITIONED,False,True,True,False,not_low_risk,tr_4370fea4680c_gpu
paper_ssp_200m_moderate_v1,2,1000,1000.0,1160.0,auv_06,enter_exclusion_zone,consequential,DENY,DENY_HARD_EXPIRY,hard_expired,1000.0,PARTITIONED,False,True,True,False,not_low_risk,tr_4370fea4680c_gpu
paper_ssp_200m_moderate_v1,2,1000,1000.0,1160.0,auv_07,enter_exclusion_zone,consequential,DENY,DENY_HARD_EXPIRY,hard_expired,1000.0,PARTITIONED,False,True,True,False,not_low_risk,tr_4370fea4680c_gpu
paper_ssp_200m_moderate_v1,2,1000,1000.0,1160.0,auv_08,exceed_return_energy_reserve,consequential,DENY,DENY_HARD_EXPIRY,hard_expired,1000.0,PARTITIONED,False,True,True,False,not_low_risk,tr_4370fea4680c_gpu
paper_ssp_200m_moderate_v1,2,1000,1000.0,1160.0,auv_09,hold_station,low,DENY,DENY_FORBIDDEN,hard_expired,1000.0,PARTITIONED,False,True,True,False,A_hard_expiry_capsule_contraction,tr_4370fea4680c_gpu
paper_ssp_200m_moderate_v1,2,1000,1000.0,1160.0,auv_10,enter_exclusion_zone,consequential,DENY,DENY_HARD_EXPIRY,hard_expired,1000.0,PARTITIONED,False,True,True,False,not_low_risk,tr_4370fea4680c_gpu
paper_ssp_200m_moderate_v1,2,1000,1000.0,1160.0,auv_11,bounded_path_correction,low,DENY,DENY_FORBIDDEN,hard_expired,1000.0,PARTITIONED,False,True,True,False,A_hard_expiry_capsule_contraction,tr_4370fea4680c_gpu
paper_ssp_200m_moderate_v1,2,1000,1000.0,1180.0,auv_06,enter_exclusion_zone,consequential,DENY,DENY_HARD_EXPIRY,hard_expired,1020.0,PARTITIONED,False,True,True,False,not_low_risk,tr_4370fea4680c_gpu
paper_ssp_200m_moderate_v1,2,1000,1000.0,1180.0,auv_07,enter_exclusion_zone,consequential,DENY,DENY_HARD_EXPIRY,hard_expired,1020.0,PARTITIONED,False,True,True,False,not_low_risk,tr_4370fea4680c_gpu
paper_ssp_200m_moderate_v1,2,1000,1000.0,1180.0,auv_08,exceed_return_energy_reserve,consequential,DENY,DENY_HARD_EXPIRY,hard_expired,1020.0,PARTITIONED,False,True,True,False,not_low_risk,tr_4370fea4680c_gpu
paper_ssp_200m_moderate_v1,2,1000,1000.0,1180.0,auv_09,hold_station,low,DENY,DENY_FORBIDDEN,hard_expired,1020.0,PARTITIONED,False,True,True,False,A_hard_expiry_capsule_contraction,tr_4370fea4680c_gpu
paper_ssp_200m_moderate_v1,2,1000,1000.0,1180.0,auv_10,enter_exclusion_zone,consequential,DENY,DENY_HARD_EXPIRY,hard_expired,1020.0,PARTITIONED,False,True,True,False,not_low_risk,tr_4370fea4680c_gpu
paper_ssp_200m_moderate_v1,2,1000,1000.0,1180.0,auv_11,bounded_path_correction,low,DENY,DENY_FORBIDDEN,hard_expired,1020.0,PARTITIONED,False,True,True,False,A_hard_expiry_capsule_contraction,tr_4370fea4680c_gpu
paper_ssp_200m_moderate_v1,3,1000,1000.0,1060.0,auv_06,enter_exclusion_zone,consequential,DENY,DENY_HARD_EXPIRY,hard_expired,900.0,PARTITIONED,False,True,True,False,not_low_risk,tr_20211a97cb5f_gpu
paper_ssp_200m_moderate_v1,3,1000,1000.0,1060.0,auv_07,enter_exclusion_zone,consequential,DENY,DENY_HARD_EXPIRY,hard_expired,900.0,PARTITIONED,False,True,True,False,not_low_risk,tr_20211a97cb5f_gpu
paper_ssp_200m_moderate_v1,3,1000,1000.0,1060.0,auv_08,exceed_return_energy_reserve,consequential,DENY,DENY_HARD_EXPIRY,hard_expired,900.0,PARTITIONED,False,True,True,False,not_low_risk,tr_20211a97cb5f_gpu
paper_ssp_200m_moderate_v1,3,1000,1000.0,1060.0,auv_09,hold_station,low,DENY,DENY_FORBIDDEN,hard_expired,900.0,PARTITIONED,False,True,True,False,A_hard_expiry_capsule_contraction,tr_20211a97cb5f_gpu
paper_ssp_200m_moderate_v1,3,1000,1000.0,1060.0,auv_10,enter_exclusion_zone,consequential,DENY,DENY_HARD_EXPIRY,hard_expired,900.0,PARTITIONED,False,True,True,False,not_low_risk,tr_20211a97cb5f_gpu
paper_ssp_200m_moderate_v1,3,1000,1000.0,1060.0,auv_11,bounded_path_correction,low,DENY,DENY_FORBIDDEN,hard_expired,900.0,PARTITIONED,False,True,True,False,A_hard_expiry_capsule_contraction,tr_20211a97cb5f_gpu
paper_ssp_200m_moderate_v1,3,1000,1000.0,1080.0,auv_06,enter_exclusion_zone,consequential,DENY,DENY_HARD_EXPIRY,hard_expired,920.0,PARTITIONED,False,True,True,False,not_low_risk,tr_20211a97cb5f_gpu
paper_ssp_200m_moderate_v1,3,1000,1000.0,1080.0,auv_07,enter_exclusion_zone,consequential,DENY,DENY_HARD_EXPIRY,hard_expired,920.0,PARTITIONED,False,True,True,False,not_low_risk,tr_20211a97cb5f_gpu
paper_ssp_200m_moderate_v1,3,1000,1000.0,1080.0,auv_08,exceed_return_energy_reserve,consequential,DENY,DENY_HARD_EXPIRY,hard_expired,920.0,PARTITIONED,False,True,True,False,not_low_risk,tr_20211a97cb5f_gpu
paper_ssp_200m_moderate_v1,3,1000,1000.0,1080.0,auv_09,hold_station,low,DENY,DENY_FORBIDDEN,hard_expired,920.0,PARTITIONED,False,True,True,False,A_hard_expiry_capsule_contraction,tr_20211a97cb5f_gpu
paper_ssp_200m_moderate_v1,3,1000,1000.0,1080.0,auv_10,enter_exclusion_zone,consequential,DENY,DENY_HARD_EXPIRY,hard_expired,920.0,PARTITIONED,False,True,True,False,not_low_risk,tr_20211a97cb5f_gpu
paper_ssp_200m_moderate_v1,3,1000,1000.0,1080.0,auv_11,bounded_path_correction,low,DENY,DENY_FORBIDDEN,hard_expired,920.0,PARTITIONED,False,True,True,False,A_hard_expiry_capsule_contraction,tr_20211a97cb5f_gpu
paper_ssp_200m_moderate_v1,3,1000,1000.0,1100.0,auv_06,enter_exclusion_zone,consequential,DENY,DENY_HARD_EXPIRY,hard_expired,940.0,PARTITIONED,False,True,True,False,not_low_risk,tr_20211a97cb5f_gpu
paper_ssp_200m_moderate_v1,3,1000,1000.0,1100.0,auv_07,enter_exclusion_zone,consequential,DENY,DENY_HARD_EXPIRY,hard_expired,940.0,PARTITIONED,False,True,True,False,not_low_risk,tr_20211a97cb5f_gpu
paper_ssp_200m_moderate_v1,3,1000,1000.0,1100.0,auv_08,exceed_return_energy_reserve,consequential,DENY,DENY_HARD_EXPIRY,hard_expired,940.0,PARTITIONED,False,True,True,False,not_low_risk,tr_20211a97cb5f_gpu
paper_ssp_200m_moderate_v1,3,1000,1000.0,1100.0,auv_09,hold_station,low,DENY,DENY_FORBIDDEN,hard_expired,940.0,PARTITIONED,False,True,True,False,A_hard_expiry_capsule_contraction,tr_20211a97cb5f_gpu
paper_ssp_200m_moderate_v1,3,1000,1000.0,1100.0,auv_10,enter_exclusion_zone,consequential,DENY,DENY_HARD_EXPIRY,hard_expired,940.0,PARTITIONED,False,True,True,False,not_low_risk,tr_20211a97cb5f_gpu
paper_ssp_200m_moderate_v1,3,1000,1000.0,1100.0,auv_11,bounded_path_correction,low,DENY,DENY_FORBIDDEN,hard_expired,940.0,PARTITIONED,False,True,True,False,A_hard_expiry_capsule_contraction,tr_20211a97cb5f_gpu
paper_ssp_200m_moderate_v1,3,1000,1000.0,1120.0,auv_06,enter_exclusion_zone,consequential,DENY,DENY_HARD_EXPIRY,hard_expired,960.0,PARTITIONED,False,True,True,False,not_low_risk,tr_20211a97cb5f_gpu
paper_ssp_200m_moderate_v1,3,1000,1000.0,1120.0,auv_07,enter_exclusion_zone,consequential,DENY,DENY_HARD_EXPIRY,hard_expired,960.0,PARTITIONED,False,True,True,False,not_low_risk,tr_20211a97cb5f_gpu
paper_ssp_200m_moderate_v1,3,1000,1000.0,1120.0,auv_08,exceed_return_energy_reserve,consequential,DENY,DENY_HARD_EXPIRY,hard_expired,960.0,PARTITIONED,False,True,True,False,not_low_risk,tr_20211a97cb5f_gpu
paper_ssp_200m_moderate_v1,3,1000,1000.0,1120.0,auv_09,hold_station,low,DENY,DENY_FORBIDDEN,hard_expired,960.0,PARTITIONED,False,True,True,False,A_hard_expiry_capsule_contraction,tr_20211a97cb5f_gpu
paper_ssp_200m_moderate_v1,3,1000,1000.0,1120.0,auv_10,enter_exclusion_zone,consequential,DENY,DENY_HARD_EXPIRY,hard_expired,960.0,PARTITIONED,False,True,True,False,not_low_risk,tr_20211a97cb5f_gpu
paper_ssp_200m_moderate_v1,3,1000,1000.0,1120.0,auv_11,change_high_level_objective,consequential,DENY,DENY_HARD_EXPIRY,hard_expired,960.0,PARTITIONED,False,True,True,False,not_low_risk,tr_20211a97cb5f_gpu
paper_ssp_200m_moderate_v1,3,1000,1000.0,1140.0,auv_06,exceed_return_energy_reserve,consequential,DENY,DENY_HARD_EXPIRY,hard_expired,980.0,PARTITIONED,False,True,True,False,not_low_risk,tr_20211a97cb5f_gpu
paper_ssp_200m_moderate_v1,3,1000,1000.0,1140.0,auv_07,exceed_return_energy_reserve,consequential,DENY,DENY_HARD_EXPIRY,hard_expired,980.0,PARTITIONED,False,True,True,False,not_low_risk,tr_20211a97cb5f_gpu
paper_ssp_200m_moderate_v1,3,1000,1000.0,1140.0,auv_08,exceed_return_energy_reserve,consequential,DENY,DENY_HARD_EXPIRY,hard_expired,980.0,PARTITIONED,False,True,True,False,not_low_risk,tr_20211a97cb5f_gpu
paper_ssp_200m_moderate_v1,3,1000,1000.0,1140.0,auv_09,hold_station,low,DENY,DENY_FORBIDDEN,hard_expired,980.0,PARTITIONED,False,True,True,False,A_hard_expiry_capsule_contraction,tr_20211a97cb5f_gpu
paper_ssp_200m_moderate_v1,3,1000,1000.0,1140.0,auv_10,exceed_return_energy_reserve,consequential,DENY,DENY_HARD_EXPIRY,hard_expired,980.0,PARTITIONED,False,True,True,False,not_low_risk,tr_20211a97cb5f_gpu
paper_ssp_200m_moderate_v1,3,1000,1000.0,1140.0,auv_11,exceed_return_energy_reserve,consequential,DENY,DENY_HARD_EXPIRY,hard_expired,980.0,PARTITIONED,False,True,True,False,not_low_risk,tr_20211a97cb5f_gpu
paper_ssp_200m_moderate_v1,3,1000,1000.0,1160.0,auv_06,enter_exclusion_zone,consequential,DENY,DENY_HARD_EXPIRY,hard_expired,1000.0,PARTITIONED,False,True,True,False,not_low_risk,tr_20211a97cb5f_gpu
paper_ssp_200m_moderate_v1,3,1000,1000.0,1160.0,auv_07,enter_exclusion_zone,consequential,DENY,DENY_HARD_EXPIRY,hard_expired,1000.0,PARTITIONED,False,True,True,False,not_low_risk,tr_20211a97cb5f_gpu
paper_ssp_200m_moderate_v1,3,1000,1000.0,1160.0,auv_08,exceed_return_energy_reserve,consequential,DENY,DENY_HARD_EXPIRY,hard_expired,1000.0,PARTITIONED,False,True,True,False,not_low_risk,tr_20211a97cb5f_gpu
paper_ssp_200m_moderate_v1,3,1000,1000.0,1160.0,auv_09,hold_station,low,DENY,DENY_FORBIDDEN,hard_expired,1000.0,PARTITIONED,False,True,True,False,A_hard_expiry_capsule_contraction,tr_20211a97cb5f_gpu
paper_ssp_200m_moderate_v1,3,1000,1000.0,1160.0,auv_10,enter_exclusion_zone,consequential,DENY,DENY_HARD_EXPIRY,hard_expired,1000.0,PARTITIONED,False,True,True,False,not_low_risk,tr_20211a97cb5f_gpu
paper_ssp_200m_moderate_v1,3,1000,1000.0,1160.0,auv_11,bounded_path_correction,low,DENY,DENY_FORBIDDEN,hard_expired,1000.0,PARTITIONED,False,True,True,False,A_hard_expiry_capsule_contraction,tr_20211a97cb5f_gpu
paper_ssp_200m_moderate_v1,3,1000,1000.0,1180.0,auv_06,enter_exclusion_zone,consequential,DENY,DENY_HARD_EXPIRY,hard_expired,1020.0,PARTITIONED,False,True,True,False,not_low_risk,tr_20211a97cb5f_gpu
paper_ssp_200m_moderate_v1,3,1000,1000.0,1180.0,auv_07,enter_exclusion_zone,consequential,DENY,DENY_HARD_EXPIRY,hard_expired,1020.0,PARTITIONED,False,True,True,False,not_low_risk,tr_20211a97cb5f_gpu
paper_ssp_200m_moderate_v1,3,1000,1000.0,1180.0,auv_08,exceed_return_energy_reserve,consequential,DENY,DENY_HARD_EXPIRY,hard_expired,1020.0,PARTITIONED,False,True,True,False,not_low_risk,tr_20211a97cb5f_gpu
paper_ssp_200m_moderate_v1,3,1000,1000.0,1180.0,auv_09,hold_station,low,DENY,DENY_FORBIDDEN,hard_expired,1020.0,PARTITIONED,False,True,True,False,A_hard_expiry_capsule_contraction,tr_20211a97cb5f_gpu
paper_ssp_200m_moderate_v1,3,1000,1000.0,1180.0,auv_10,enter_exclusion_zone,consequential,DENY,DENY_HARD_EXPIRY,hard_expired,1020.0,PARTITIONED,False,True,True,False,not_low_risk,tr_20211a97cb5f_gpu
paper_ssp_200m_moderate_v1,3,1000,1000.0,1180.0,auv_11,bounded_path_correction,low,DENY,DENY_FORBIDDEN,hard_expired,1020.0,PARTITIONED,False,True,True,False,A_hard_expiry_capsule_contraction,tr_20211a97cb5f_gpu
paper_ssp_200m_moderate_v1,4,1000,1000.0,1060.0,auv_06,enter_exclusion_zone,consequential,DENY,DENY_HARD_EXPIRY,hard_expired,900.0,PARTITIONED,False,True,True,False,not_low_risk,tr_6f36c0ce7c2d_gpu
paper_ssp_200m_moderate_v1,4,1000,1000.0,1060.0,auv_07,enter_exclusion_zone,consequential,DENY,DENY_HARD_EXPIRY,hard_expired,900.0,PARTITIONED,False,True,True,False,not_low_risk,tr_6f36c0ce7c2d_gpu
paper_ssp_200m_moderate_v1,4,1000,1000.0,1060.0,auv_08,exceed_return_energy_reserve,consequential,DENY,DENY_HARD_EXPIRY,hard_expired,900.0,PARTITIONED,False,True,True,False,not_low_risk,tr_6f36c0ce7c2d_gpu
paper_ssp_200m_moderate_v1,4,1000,1000.0,1060.0,auv_09,hold_station,low,DENY,DENY_FORBIDDEN,hard_expired,900.0,PARTITIONED,False,True,True,False,A_hard_expiry_capsule_contraction,tr_6f36c0ce7c2d_gpu
paper_ssp_200m_moderate_v1,4,1000,1000.0,1060.0,auv_10,enter_exclusion_zone,consequential,DENY,DENY_HARD_EXPIRY,hard_expired,900.0,PARTITIONED,False,True,True,False,not_low_risk,tr_6f36c0ce7c2d_gpu
paper_ssp_200m_moderate_v1,4,1000,1000.0,1060.0,auv_11,bounded_path_correction,low,DENY,DENY_FORBIDDEN,hard_expired,900.0,PARTITIONED,False,True,True,False,A_hard_expiry_capsule_contraction,tr_6f36c0ce7c2d_gpu
paper_ssp_200m_moderate_v1,4,1000,1000.0,1080.0,auv_06,enter_exclusion_zone,consequential,DENY,DENY_HARD_EXPIRY,hard_expired,920.0,PARTITIONED,False,True,True,False,not_low_risk,tr_6f36c0ce7c2d_gpu
paper_ssp_200m_moderate_v1,4,1000,1000.0,1080.0,auv_07,enter_exclusion_zone,consequential,DENY,DENY_HARD_EXPIRY,hard_expired,920.0,PARTITIONED,False,True,True,False,not_low_risk,tr_6f36c0ce7c2d_gpu
paper_ssp_200m_moderate_v1,4,1000,1000.0,1080.0,auv_08,exceed_return_energy_reserve,consequential,DENY,DENY_HARD_EXPIRY,hard_expired,920.0,PARTITIONED,False,True,True,False,not_low_risk,tr_6f36c0ce7c2d_gpu
paper_ssp_200m_moderate_v1,4,1000,1000.0,1080.0,auv_09,hold_station,low,DENY,DENY_FORBIDDEN,hard_expired,920.0,PARTITIONED,False,True,True,False,A_hard_expiry_capsule_contraction,tr_6f36c0ce7c2d_gpu
paper_ssp_200m_moderate_v1,4,1000,1000.0,1080.0,auv_10,enter_exclusion_zone,consequential,DENY,DENY_HARD_EXPIRY,hard_expired,920.0,PARTITIONED,False,True,True,False,not_low_risk,tr_6f36c0ce7c2d_gpu
paper_ssp_200m_moderate_v1,4,1000,1000.0,1080.0,auv_11,bounded_path_correction,low,DENY,DENY_FORBIDDEN,hard_expired,920.0,PARTITIONED,False,True,True,False,A_hard_expiry_capsule_contraction,tr_6f36c0ce7c2d_gpu
paper_ssp_200m_moderate_v1,4,1000,1000.0,1100.0,auv_06,enter_exclusion_zone,consequential,DENY,DENY_HARD_EXPIRY,hard_expired,940.0,PARTITIONED,False,True,True,False,not_low_risk,tr_6f36c0ce7c2d_gpu
paper_ssp_200m_moderate_v1,4,1000,1000.0,1100.0,auv_07,enter_exclusion_zone,consequential,DENY,DENY_HARD_EXPIRY,hard_expired,940.0,PARTITIONED,False,True,True,False,not_low_risk,tr_6f36c0ce7c2d_gpu
paper_ssp_200m_moderate_v1,4,1000,1000.0,1100.0,auv_08,exceed_return_energy_reserve,consequential,DENY,DENY_HARD_EXPIRY,hard_expired,940.0,PARTITIONED,False,True,True,False,not_low_risk,tr_6f36c0ce7c2d_gpu
paper_ssp_200m_moderate_v1,4,1000,1000.0,1100.0,auv_09,hold_station,low,DENY,DENY_FORBIDDEN,hard_expired,940.0,PARTITIONED,False,True,True,False,A_hard_expiry_capsule_contraction,tr_6f36c0ce7c2d_gpu
paper_ssp_200m_moderate_v1,4,1000,1000.0,1100.0,auv_10,enter_exclusion_zone,consequential,DENY,DENY_HARD_EXPIRY,hard_expired,940.0,PARTITIONED,False,True,True,False,not_low_risk,tr_6f36c0ce7c2d_gpu
paper_ssp_200m_moderate_v1,4,1000,1000.0,1100.0,auv_11,bounded_path_correction,low,DENY,DENY_FORBIDDEN,hard_expired,940.0,PARTITIONED,False,True,True,False,A_hard_expiry_capsule_contraction,tr_6f36c0ce7c2d_gpu
paper_ssp_200m_moderate_v1,4,1000,1000.0,1120.0,auv_06,enter_exclusion_zone,consequential,DENY,DENY_HARD_EXPIRY,hard_expired,960.0,PARTITIONED,False,True,True,False,not_low_risk,tr_6f36c0ce7c2d_gpu
paper_ssp_200m_moderate_v1,4,1000,1000.0,1120.0,auv_07,enter_exclusion_zone,consequential,DENY,DENY_HARD_EXPIRY,hard_expired,960.0,PARTITIONED,False,True,True,False,not_low_risk,tr_6f36c0ce7c2d_gpu
paper_ssp_200m_moderate_v1,4,1000,1000.0,1120.0,auv_08,exceed_return_energy_reserve,consequential,DENY,DENY_HARD_EXPIRY,hard_expired,960.0,PARTITIONED,False,True,True,False,not_low_risk,tr_6f36c0ce7c2d_gpu
paper_ssp_200m_moderate_v1,4,1000,1000.0,1120.0,auv_09,hold_station,low,DENY,DENY_FORBIDDEN,hard_expired,960.0,PARTITIONED,False,True,True,False,A_hard_expiry_capsule_contraction,tr_6f36c0ce7c2d_gpu
paper_ssp_200m_moderate_v1,4,1000,1000.0,1120.0,auv_10,enter_exclusion_zone,consequential,DENY,DENY_HARD_EXPIRY,hard_expired,960.0,PARTITIONED,False,True,True,False,not_low_risk,tr_6f36c0ce7c2d_gpu
paper_ssp_200m_moderate_v1,4,1000,1000.0,1120.0,auv_11,change_high_level_objective,consequential,DENY,DENY_HARD_EXPIRY,hard_expired,960.0,PARTITIONED,False,True,True,False,not_low_risk,tr_6f36c0ce7c2d_gpu
paper_ssp_200m_moderate_v1,4,1000,1000.0,1140.0,auv_06,exceed_return_energy_reserve,consequential,DENY,DENY_HARD_EXPIRY,hard_expired,980.0,PARTITIONED,False,True,True,False,not_low_risk,tr_6f36c0ce7c2d_gpu
paper_ssp_200m_moderate_v1,4,1000,1000.0,1140.0,auv_07,exceed_return_energy_reserve,consequential,DENY,DENY_HARD_EXPIRY,hard_expired,980.0,PARTITIONED,False,True,True,False,not_low_risk,tr_6f36c0ce7c2d_gpu
paper_ssp_200m_moderate_v1,4,1000,1000.0,1140.0,auv_08,exceed_return_energy_reserve,consequential,DENY,DENY_HARD_EXPIRY,hard_expired,980.0,PARTITIONED,False,True,True,False,not_low_risk,tr_6f36c0ce7c2d_gpu
paper_ssp_200m_moderate_v1,4,1000,1000.0,1140.0,auv_09,hold_station,low,DENY,DENY_FORBIDDEN,hard_expired,980.0,PARTITIONED,False,True,True,False,A_hard_expiry_capsule_contraction,tr_6f36c0ce7c2d_gpu
paper_ssp_200m_moderate_v1,4,1000,1000.0,1140.0,auv_10,exceed_return_energy_reserve,consequential,DENY,DENY_HARD_EXPIRY,hard_expired,980.0,PARTITIONED,False,True,True,False,not_low_risk,tr_6f36c0ce7c2d_gpu
paper_ssp_200m_moderate_v1,4,1000,1000.0,1140.0,auv_11,exceed_return_energy_reserve,consequential,DENY,DENY_HARD_EXPIRY,hard_expired,980.0,PARTITIONED,False,True,True,False,not_low_risk,tr_6f36c0ce7c2d_gpu
paper_ssp_200m_moderate_v1,4,1000,1000.0,1160.0,auv_06,enter_exclusion_zone,consequential,DENY,DENY_HARD_EXPIRY,hard_expired,1000.0,PARTITIONED,False,True,True,False,not_low_risk,tr_6f36c0ce7c2d_gpu
paper_ssp_200m_moderate_v1,4,1000,1000.0,1160.0,auv_07,enter_exclusion_zone,consequential,DENY,DENY_HARD_EXPIRY,hard_expired,1000.0,PARTITIONED,False,True,True,False,not_low_risk,tr_6f36c0ce7c2d_gpu
paper_ssp_200m_moderate_v1,4,1000,1000.0,1160.0,auv_08,exceed_return_energy_reserve,consequential,DENY,DENY_HARD_EXPIRY,hard_expired,1000.0,PARTITIONED,False,True,True,False,not_low_risk,tr_6f36c0ce7c2d_gpu
paper_ssp_200m_moderate_v1,4,1000,1000.0,1160.0,auv_09,hold_station,low,DENY,DENY_FORBIDDEN,hard_expired,1000.0,PARTITIONED,False,True,True,False,A_hard_expiry_capsule_contraction,tr_6f36c0ce7c2d_gpu
paper_ssp_200m_moderate_v1,4,1000,1000.0,1160.0,auv_10,enter_exclusion_zone,consequential,DENY,DENY_HARD_EXPIRY,hard_expired,1000.0,PARTITIONED,False,True,True,False,not_low_risk,tr_6f36c0ce7c2d_gpu
paper_ssp_200m_moderate_v1,4,1000,1000.0,1160.0,auv_11,bounded_path_correction,low,DENY,DENY_FORBIDDEN,hard_expired,1000.0,PARTITIONED,False,True,True,False,A_hard_expiry_capsule_contraction,tr_6f36c0ce7c2d_gpu
paper_ssp_200m_moderate_v1,4,1000,1000.0,1180.0,auv_06,enter_exclusion_zone,consequential,DENY,DENY_HARD_EXPIRY,hard_expired,1020.0,PARTITIONED,False,True,True,False,not_low_risk,tr_6f36c0ce7c2d_gpu
paper_ssp_200m_moderate_v1,4,1000,1000.0,1180.0,auv_07,enter_exclusion_zone,consequential,DENY,DENY_HARD_EXPIRY,hard_expired,1020.0,PARTITIONED,False,True,True,False,not_low_risk,tr_6f36c0ce7c2d_gpu
paper_ssp_200m_moderate_v1,4,1000,1000.0,1180.0,auv_08,exceed_return_energy_reserve,consequential,DENY,DENY_HARD_EXPIRY,hard_expired,1020.0,PARTITIONED,False,True,True,False,not_low_risk,tr_6f36c0ce7c2d_gpu
paper_ssp_200m_moderate_v1,4,1000,1000.0,1180.0,auv_09,hold_station,low,DENY,DENY_FORBIDDEN,hard_expired,1020.0,PARTITIONED,False,True,True,False,A_hard_expiry_capsule_contraction,tr_6f36c0ce7c2d_gpu
paper_ssp_200m_moderate_v1,4,1000,1000.0,1180.0,auv_10,enter_exclusion_zone,consequential,DENY,DENY_HARD_EXPIRY,hard_expired,1020.0,PARTITIONED,False,True,True,False,not_low_risk,tr_6f36c0ce7c2d_gpu
paper_ssp_200m_moderate_v1,4,1000,1000.0,1180.0,auv_11,bounded_path_correction,low,DENY,DENY_FORBIDDEN,hard_expired,1020.0,PARTITIONED,False,True,True,False,A_hard_expiry_capsule_contraction,tr_6f36c0ce7c2d_gpu
paper_ssp_200m_moderate_v1,5,1000,1000.0,1060.0,auv_06,enter_exclusion_zone,consequential,DENY,DENY_HARD_EXPIRY,hard_expired,900.0,PARTITIONED,False,True,True,False,not_low_risk,tr_5d331a011f4e_gpu
paper_ssp_200m_moderate_v1,5,1000,1000.0,1060.0,auv_07,enter_exclusion_zone,consequential,DENY,DENY_HARD_EXPIRY,hard_expired,900.0,PARTITIONED,False,True,True,False,not_low_risk,tr_5d331a011f4e_gpu
paper_ssp_200m_moderate_v1,5,1000,1000.0,1060.0,auv_08,exceed_return_energy_reserve,consequential,DENY,DENY_HARD_EXPIRY,hard_expired,900.0,PARTITIONED,False,True,True,False,not_low_risk,tr_5d331a011f4e_gpu
paper_ssp_200m_moderate_v1,5,1000,1000.0,1060.0,auv_09,hold_station,low,DENY,DENY_FORBIDDEN,hard_expired,900.0,PARTITIONED,False,True,True,False,A_hard_expiry_capsule_contraction,tr_5d331a011f4e_gpu
paper_ssp_200m_moderate_v1,5,1000,1000.0,1060.0,auv_10,enter_exclusion_zone,consequential,DENY,DENY_HARD_EXPIRY,hard_expired,900.0,PARTITIONED,False,True,True,False,not_low_risk,tr_5d331a011f4e_gpu
paper_ssp_200m_moderate_v1,5,1000,1000.0,1060.0,auv_11,bounded_path_correction,low,DENY,DENY_FORBIDDEN,hard_expired,900.0,PARTITIONED,False,True,True,False,A_hard_expiry_capsule_contraction,tr_5d331a011f4e_gpu
paper_ssp_200m_moderate_v1,5,1000,1000.0,1080.0,auv_06,enter_exclusion_zone,consequential,DENY,DENY_HARD_EXPIRY,hard_expired,920.0,PARTITIONED,False,True,True,False,not_low_risk,tr_5d331a011f4e_gpu
paper_ssp_200m_moderate_v1,5,1000,1000.0,1080.0,auv_07,enter_exclusion_zone,consequential,DENY,DENY_HARD_EXPIRY,hard_expired,920.0,PARTITIONED,False,True,True,False,not_low_risk,tr_5d331a011f4e_gpu
paper_ssp_200m_moderate_v1,5,1000,1000.0,1080.0,auv_08,exceed_return_energy_reserve,consequential,DENY,DENY_HARD_EXPIRY,hard_expired,920.0,PARTITIONED,False,True,True,False,not_low_risk,tr_5d331a011f4e_gpu
paper_ssp_200m_moderate_v1,5,1000,1000.0,1080.0,auv_09,hold_station,low,DENY,DENY_FORBIDDEN,hard_expired,920.0,PARTITIONED,False,True,True,False,A_hard_expiry_capsule_contraction,tr_5d331a011f4e_gpu
paper_ssp_200m_moderate_v1,5,1000,1000.0,1080.0,auv_10,enter_exclusion_zone,consequential,DENY,DENY_HARD_EXPIRY,hard_expired,920.0,PARTITIONED,False,True,True,False,not_low_risk,tr_5d331a011f4e_gpu
paper_ssp_200m_moderate_v1,5,1000,1000.0,1080.0,auv_11,bounded_path_correction,low,DENY,DENY_FORBIDDEN,hard_expired,920.0,PARTITIONED,False,True,True,False,A_hard_expiry_capsule_contraction,tr_5d331a011f4e_gpu
paper_ssp_200m_moderate_v1,5,1000,1000.0,1100.0,auv_06,enter_exclusion_zone,consequential,DENY,DENY_HARD_EXPIRY,hard_expired,940.0,PARTITIONED,False,True,True,False,not_low_risk,tr_5d331a011f4e_gpu
paper_ssp_200m_moderate_v1,5,1000,1000.0,1100.0,auv_07,enter_exclusion_zone,consequential,DENY,DENY_HARD_EXPIRY,hard_expired,940.0,PARTITIONED,False,True,True,False,not_low_risk,tr_5d331a011f4e_gpu
paper_ssp_200m_moderate_v1,5,1000,1000.0,1100.0,auv_08,exceed_return_energy_reserve,consequential,DENY,DENY_HARD_EXPIRY,hard_expired,940.0,PARTITIONED,False,True,True,False,not_low_risk,tr_5d331a011f4e_gpu
paper_ssp_200m_moderate_v1,5,1000,1000.0,1100.0,auv_09,hold_station,low,DENY,DENY_FORBIDDEN,hard_expired,940.0,PARTITIONED,False,True,True,False,A_hard_expiry_capsule_contraction,tr_5d331a011f4e_gpu
paper_ssp_200m_moderate_v1,5,1000,1000.0,1100.0,auv_10,enter_exclusion_zone,consequential,DENY,DENY_HARD_EXPIRY,hard_expired,940.0,PARTITIONED,False,True,True,False,not_low_risk,tr_5d331a011f4e_gpu
paper_ssp_200m_moderate_v1,5,1000,1000.0,1100.0,auv_11,bounded_path_correction,low,DENY,DENY_FORBIDDEN,hard_expired,940.0,PARTITIONED,False,True,True,False,A_hard_expiry_capsule_contraction,tr_5d331a011f4e_gpu
paper_ssp_200m_moderate_v1,5,1000,1000.0,1120.0,auv_06,enter_exclusion_zone,consequential,DENY,DENY_HARD_EXPIRY,hard_expired,960.0,PARTITIONED,False,True,True,False,not_low_risk,tr_5d331a011f4e_gpu
paper_ssp_200m_moderate_v1,5,1000,1000.0,1120.0,auv_07,enter_exclusion_zone,consequential,DENY,DENY_HARD_EXPIRY,hard_expired,960.0,PARTITIONED,False,True,True,False,not_low_risk,tr_5d331a011f4e_gpu
paper_ssp_200m_moderate_v1,5,1000,1000.0,1120.0,auv_08,exceed_return_energy_reserve,consequential,DENY,DENY_HARD_EXPIRY,hard_expired,960.0,PARTITIONED,False,True,True,False,not_low_risk,tr_5d331a011f4e_gpu
paper_ssp_200m_moderate_v1,5,1000,1000.0,1120.0,auv_09,hold_station,low,DENY,DENY_FORBIDDEN,hard_expired,960.0,PARTITIONED,False,True,True,False,A_hard_expiry_capsule_contraction,tr_5d331a011f4e_gpu
paper_ssp_200m_moderate_v1,5,1000,1000.0,1120.0,auv_10,enter_exclusion_zone,consequential,DENY,DENY_HARD_EXPIRY,hard_expired,960.0,PARTITIONED,False,True,True,False,not_low_risk,tr_5d331a011f4e_gpu
paper_ssp_200m_moderate_v1,5,1000,1000.0,1120.0,auv_11,change_high_level_objective,consequential,DENY,DENY_HARD_EXPIRY,hard_expired,960.0,PARTITIONED,False,True,True,False,not_low_risk,tr_5d331a011f4e_gpu
paper_ssp_200m_moderate_v1,5,1000,1000.0,1140.0,auv_06,exceed_return_energy_reserve,consequential,DENY,DENY_HARD_EXPIRY,hard_expired,980.0,PARTITIONED,False,True,True,False,not_low_risk,tr_5d331a011f4e_gpu
paper_ssp_200m_moderate_v1,5,1000,1000.0,1140.0,auv_07,exceed_return_energy_reserve,consequential,DENY,DENY_HARD_EXPIRY,hard_expired,980.0,PARTITIONED,False,True,True,False,not_low_risk,tr_5d331a011f4e_gpu
paper_ssp_200m_moderate_v1,5,1000,1000.0,1140.0,auv_08,exceed_return_energy_reserve,consequential,DENY,DENY_HARD_EXPIRY,hard_expired,980.0,PARTITIONED,False,True,True,False,not_low_risk,tr_5d331a011f4e_gpu
paper_ssp_200m_moderate_v1,5,1000,1000.0,1140.0,auv_09,hold_station,low,DENY,DENY_FORBIDDEN,hard_expired,980.0,PARTITIONED,False,True,True,False,A_hard_expiry_capsule_contraction,tr_5d331a011f4e_gpu
paper_ssp_200m_moderate_v1,5,1000,1000.0,1140.0,auv_10,exceed_return_energy_reserve,consequential,DENY,DENY_HARD_EXPIRY,hard_expired,980.0,PARTITIONED,False,True,True,False,not_low_risk,tr_5d331a011f4e_gpu
paper_ssp_200m_moderate_v1,5,1000,1000.0,1140.0,auv_11,exceed_return_energy_reserve,consequential,DENY,DENY_HARD_EXPIRY,hard_expired,980.0,PARTITIONED,False,True,True,False,not_low_risk,tr_5d331a011f4e_gpu
paper_ssp_200m_moderate_v1,5,1000,1000.0,1160.0,auv_06,enter_exclusion_zone,consequential,DENY,DENY_HARD_EXPIRY,hard_expired,1000.0,PARTITIONED,False,True,True,False,not_low_risk,tr_5d331a011f4e_gpu
paper_ssp_200m_moderate_v1,5,1000,1000.0,1160.0,auv_07,enter_exclusion_zone,consequential,DENY,DENY_HARD_EXPIRY,hard_expired,1000.0,PARTITIONED,False,True,True,False,not_low_risk,tr_5d331a011f4e_gpu
paper_ssp_200m_moderate_v1,5,1000,1000.0,1160.0,auv_08,exceed_return_energy_reserve,consequential,DENY,DENY_HARD_EXPIRY,hard_expired,1000.0,PARTITIONED,False,True,True,False,not_low_risk,tr_5d331a011f4e_gpu
paper_ssp_200m_moderate_v1,5,1000,1000.0,1160.0,auv_09,hold_station,low,DENY,DENY_FORBIDDEN,hard_expired,1000.0,PARTITIONED,False,True,True,False,A_hard_expiry_capsule_contraction,tr_5d331a011f4e_gpu
paper_ssp_200m_moderate_v1,5,1000,1000.0,1160.0,auv_10,enter_exclusion_zone,consequential,DENY,DENY_HARD_EXPIRY,hard_expired,1000.0,PARTITIONED,False,True,True,False,not_low_risk,tr_5d331a011f4e_gpu
paper_ssp_200m_moderate_v1,5,1000,1000.0,1160.0,auv_11,bounded_path_correction,low,DENY,DENY_FORBIDDEN,hard_expired,1000.0,PARTITIONED,False,True,True,False,A_hard_expiry_capsule_contraction,tr_5d331a011f4e_gpu
paper_ssp_200m_moderate_v1,5,1000,1000.0,1180.0,auv_06,enter_exclusion_zone,consequential,DENY,DENY_HARD_EXPIRY,hard_expired,1020.0,PARTITIONED,False,True,True,False,not_low_risk,tr_5d331a011f4e_gpu
paper_ssp_200m_moderate_v1,5,1000,1000.0,1180.0,auv_07,enter_exclusion_zone,consequential,DENY,DENY_HARD_EXPIRY,hard_expired,1020.0,PARTITIONED,False,True,True,False,not_low_risk,tr_5d331a011f4e_gpu
paper_ssp_200m_moderate_v1,5,1000,1000.0,1180.0,auv_08,exceed_return_energy_reserve,consequential,DENY,DENY_HARD_EXPIRY,hard_expired,1020.0,PARTITIONED,False,True,True,False,not_low_risk,tr_5d331a011f4e_gpu
paper_ssp_200m_moderate_v1,5,1000,1000.0,1180.0,auv_09,hold_station,low,DENY,DENY_FORBIDDEN,hard_expired,1020.0,PARTITIONED,False,True,True,False,A_hard_expiry_capsule_contraction,tr_5d331a011f4e_gpu
paper_ssp_200m_moderate_v1,5,1000,1000.0,1180.0,auv_10,enter_exclusion_zone,consequential,DENY,DENY_HARD_EXPIRY,hard_expired,1020.0,PARTITIONED,False,True,True,False,not_low_risk,tr_5d331a011f4e_gpu
paper_ssp_200m_moderate_v1,5,1000,1000.0,1180.0,auv_11,bounded_path_correction,low,DENY,DENY_FORBIDDEN,hard_expired,1020.0,PARTITIONED,False,True,True,False,A_hard_expiry_capsule_contraction,tr_5d331a011f4e_gpu
paper_ssp_200m_moderate_v1,6,1000,1000.0,1060.0,auv_06,enter_exclusion_zone,consequential,DENY,DENY_HARD_EXPIRY,hard_expired,900.0,PARTITIONED,False,True,True,False,not_low_risk,tr_fb806e94e0f6_gpu
paper_ssp_200m_moderate_v1,6,1000,1000.0,1060.0,auv_07,enter_exclusion_zone,consequential,DENY,DENY_HARD_EXPIRY,hard_expired,900.0,PARTITIONED,False,True,True,False,not_low_risk,tr_fb806e94e0f6_gpu
paper_ssp_200m_moderate_v1,6,1000,1000.0,1060.0,auv_08,exceed_return_energy_reserve,consequential,DENY,DENY_HARD_EXPIRY,hard_expired,900.0,PARTITIONED,False,True,True,False,not_low_risk,tr_fb806e94e0f6_gpu
paper_ssp_200m_moderate_v1,6,1000,1000.0,1060.0,auv_09,hold_station,low,DENY,DENY_FORBIDDEN,hard_expired,900.0,PARTITIONED,False,True,True,False,A_hard_expiry_capsule_contraction,tr_fb806e94e0f6_gpu
paper_ssp_200m_moderate_v1,6,1000,1000.0,1060.0,auv_10,enter_exclusion_zone,consequential,DENY,DENY_HARD_EXPIRY,hard_expired,900.0,PARTITIONED,False,True,True,False,not_low_risk,tr_fb806e94e0f6_gpu
paper_ssp_200m_moderate_v1,6,1000,1000.0,1060.0,auv_11,bounded_path_correction,low,DENY,DENY_FORBIDDEN,hard_expired,900.0,PARTITIONED,False,True,True,False,A_hard_expiry_capsule_contraction,tr_fb806e94e0f6_gpu
paper_ssp_200m_moderate_v1,6,1000,1000.0,1080.0,auv_06,enter_exclusion_zone,consequential,DENY,DENY_HARD_EXPIRY,hard_expired,920.0,PARTITIONED,False,True,True,False,not_low_risk,tr_fb806e94e0f6_gpu
paper_ssp_200m_moderate_v1,6,1000,1000.0,1080.0,auv_07,enter_exclusion_zone,consequential,DENY,DENY_HARD_EXPIRY,hard_expired,920.0,PARTITIONED,False,True,True,False,not_low_risk,tr_fb806e94e0f6_gpu
paper_ssp_200m_moderate_v1,6,1000,1000.0,1080.0,auv_08,exceed_return_energy_reserve,consequential,DENY,DENY_HARD_EXPIRY,hard_expired,920.0,PARTITIONED,False,True,True,False,not_low_risk,tr_fb806e94e0f6_gpu
paper_ssp_200m_moderate_v1,6,1000,1000.0,1080.0,auv_09,hold_station,low,DENY,DENY_FORBIDDEN,hard_expired,920.0,PARTITIONED,False,True,True,False,A_hard_expiry_capsule_contraction,tr_fb806e94e0f6_gpu
paper_ssp_200m_moderate_v1,6,1000,1000.0,1080.0,auv_10,enter_exclusion_zone,consequential,DENY,DENY_HARD_EXPIRY,hard_expired,920.0,PARTITIONED,False,True,True,False,not_low_risk,tr_fb806e94e0f6_gpu
paper_ssp_200m_moderate_v1,6,1000,1000.0,1080.0,auv_11,bounded_path_correction,low,DENY,DENY_FORBIDDEN,hard_expired,920.0,PARTITIONED,False,True,True,False,A_hard_expiry_capsule_contraction,tr_fb806e94e0f6_gpu
paper_ssp_200m_moderate_v1,6,1000,1000.0,1100.0,auv_06,enter_exclusion_zone,consequential,DENY,DENY_HARD_EXPIRY,hard_expired,940.0,PARTITIONED,False,True,True,False,not_low_risk,tr_fb806e94e0f6_gpu
paper_ssp_200m_moderate_v1,6,1000,1000.0,1100.0,auv_07,enter_exclusion_zone,consequential,DENY,DENY_HARD_EXPIRY,hard_expired,940.0,PARTITIONED,False,True,True,False,not_low_risk,tr_fb806e94e0f6_gpu
paper_ssp_200m_moderate_v1,6,1000,1000.0,1100.0,auv_08,exceed_return_energy_reserve,consequential,DENY,DENY_HARD_EXPIRY,hard_expired,940.0,PARTITIONED,False,True,True,False,not_low_risk,tr_fb806e94e0f6_gpu
paper_ssp_200m_moderate_v1,6,1000,1000.0,1100.0,auv_09,hold_station,low,DENY,DENY_FORBIDDEN,hard_expired,940.0,PARTITIONED,False,True,True,False,A_hard_expiry_capsule_contraction,tr_fb806e94e0f6_gpu
paper_ssp_200m_moderate_v1,6,1000,1000.0,1100.0,auv_10,enter_exclusion_zone,consequential,DENY,DENY_HARD_EXPIRY,hard_expired,940.0,PARTITIONED,False,True,True,False,not_low_risk,tr_fb806e94e0f6_gpu
paper_ssp_200m_moderate_v1,6,1000,1000.0,1100.0,auv_11,bounded_path_correction,low,DENY,DENY_FORBIDDEN,hard_expired,940.0,PARTITIONED,False,True,True,False,A_hard_expiry_capsule_contraction,tr_fb806e94e0f6_gpu
paper_ssp_200m_moderate_v1,6,1000,1000.0,1120.0,auv_06,enter_exclusion_zone,consequential,DENY,DENY_HARD_EXPIRY,hard_expired,960.0,PARTITIONED,False,True,True,False,not_low_risk,tr_fb806e94e0f6_gpu
paper_ssp_200m_moderate_v1,6,1000,1000.0,1120.0,auv_07,enter_exclusion_zone,consequential,DENY,DENY_HARD_EXPIRY,hard_expired,960.0,PARTITIONED,False,True,True,False,not_low_risk,tr_fb806e94e0f6_gpu
paper_ssp_200m_moderate_v1,6,1000,1000.0,1120.0,auv_08,exceed_return_energy_reserve,consequential,DENY,DENY_HARD_EXPIRY,hard_expired,960.0,PARTITIONED,False,True,True,False,not_low_risk,tr_fb806e94e0f6_gpu
paper_ssp_200m_moderate_v1,6,1000,1000.0,1120.0,auv_09,hold_station,low,DENY,DENY_FORBIDDEN,hard_expired,960.0,PARTITIONED,False,True,True,False,A_hard_expiry_capsule_contraction,tr_fb806e94e0f6_gpu
paper_ssp_200m_moderate_v1,6,1000,1000.0,1120.0,auv_10,enter_exclusion_zone,consequential,DENY,DENY_HARD_EXPIRY,hard_expired,960.0,PARTITIONED,False,True,True,False,not_low_risk,tr_fb806e94e0f6_gpu
paper_ssp_200m_moderate_v1,6,1000,1000.0,1120.0,auv_11,change_high_level_objective,consequential,DENY,DENY_HARD_EXPIRY,hard_expired,960.0,PARTITIONED,False,True,True,False,not_low_risk,tr_fb806e94e0f6_gpu
paper_ssp_200m_moderate_v1,6,1000,1000.0,1140.0,auv_06,exceed_return_energy_reserve,consequential,DENY,DENY_HARD_EXPIRY,hard_expired,980.0,PARTITIONED,False,True,True,False,not_low_risk,tr_fb806e94e0f6_gpu
paper_ssp_200m_moderate_v1,6,1000,1000.0,1140.0,auv_07,exceed_return_energy_reserve,consequential,DENY,DENY_HARD_EXPIRY,hard_expired,980.0,PARTITIONED,False,True,True,False,not_low_risk,tr_fb806e94e0f6_gpu
paper_ssp_200m_moderate_v1,6,1000,1000.0,1140.0,auv_08,exceed_return_energy_reserve,consequential,DENY,DENY_HARD_EXPIRY,hard_expired,980.0,PARTITIONED,False,True,True,False,not_low_risk,tr_fb806e94e0f6_gpu
paper_ssp_200m_moderate_v1,6,1000,1000.0,1140.0,auv_09,hold_station,low,DENY,DENY_FORBIDDEN,hard_expired,980.0,PARTITIONED,False,True,True,False,A_hard_expiry_capsule_contraction,tr_fb806e94e0f6_gpu
paper_ssp_200m_moderate_v1,6,1000,1000.0,1140.0,auv_10,exceed_return_energy_reserve,consequential,DENY,DENY_HARD_EXPIRY,hard_expired,980.0,PARTITIONED,False,True,True,False,not_low_risk,tr_fb806e94e0f6_gpu
paper_ssp_200m_moderate_v1,6,1000,1000.0,1140.0,auv_11,exceed_return_energy_reserve,consequential,DENY,DENY_HARD_EXPIRY,hard_expired,980.0,PARTITIONED,False,True,True,False,not_low_risk,tr_fb806e94e0f6_gpu
paper_ssp_200m_moderate_v1,6,1000,1000.0,1160.0,auv_06,enter_exclusion_zone,consequential,DENY,DENY_HARD_EXPIRY,hard_expired,1000.0,PARTITIONED,False,True,True,False,not_low_risk,tr_fb806e94e0f6_gpu
paper_ssp_200m_moderate_v1,6,1000,1000.0,1160.0,auv_07,enter_exclusion_zone,consequential,DENY,DENY_HARD_EXPIRY,hard_expired,1000.0,PARTITIONED,False,True,True,False,not_low_risk,tr_fb806e94e0f6_gpu
paper_ssp_200m_moderate_v1,6,1000,1000.0,1160.0,auv_08,exceed_return_energy_reserve,consequential,DENY,DENY_HARD_EXPIRY,hard_expired,1000.0,PARTITIONED,False,True,True,False,not_low_risk,tr_fb806e94e0f6_gpu
paper_ssp_200m_moderate_v1,6,1000,1000.0,1160.0,auv_09,hold_station,low,DENY,DENY_FORBIDDEN,hard_expired,1000.0,PARTITIONED,False,True,True,False,A_hard_expiry_capsule_contraction,tr_fb806e94e0f6_gpu
paper_ssp_200m_moderate_v1,6,1000,1000.0,1160.0,auv_10,enter_exclusion_zone,consequential,DENY,DENY_HARD_EXPIRY,hard_expired,1000.0,PARTITIONED,False,True,True,False,not_low_risk,tr_fb806e94e0f6_gpu
paper_ssp_200m_moderate_v1,6,1000,1000.0,1160.0,auv_11,bounded_path_correction,low,DENY,DENY_FORBIDDEN,hard_expired,1000.0,PARTITIONED,False,True,True,False,A_hard_expiry_capsule_contraction,tr_fb806e94e0f6_gpu
paper_ssp_200m_moderate_v1,6,1000,1000.0,1180.0,auv_06,enter_exclusion_zone,consequential,DENY,DENY_HARD_EXPIRY,hard_expired,1020.0,PARTITIONED,False,True,True,False,not_low_risk,tr_fb806e94e0f6_gpu
paper_ssp_200m_moderate_v1,6,1000,1000.0,1180.0,auv_07,enter_exclusion_zone,consequential,DENY,DENY_HARD_EXPIRY,hard_expired,1020.0,PARTITIONED,False,True,True,False,not_low_risk,tr_fb806e94e0f6_gpu
paper_ssp_200m_moderate_v1,6,1000,1000.0,1180.0,auv_08,exceed_return_energy_reserve,consequential,DENY,DENY_HARD_EXPIRY,hard_expired,1020.0,PARTITIONED,False,True,True,False,not_low_risk,tr_fb806e94e0f6_gpu
paper_ssp_200m_moderate_v1,6,1000,1000.0,1180.0,auv_09,hold_station,low,DENY,DENY_FORBIDDEN,hard_expired,1020.0,PARTITIONED,False,True,True,False,A_hard_expiry_capsule_contraction,tr_fb806e94e0f6_gpu
paper_ssp_200m_moderate_v1,6,1000,1000.0,1180.0,auv_10,enter_exclusion_zone,consequential,DENY,DENY_HARD_EXPIRY,hard_expired,1020.0,PARTITIONED,False,True,True,False,not_low_risk,tr_fb806e94e0f6_gpu
paper_ssp_200m_moderate_v1,6,1000,1000.0,1180.0,auv_11,bounded_path_correction,low,DENY,DENY_FORBIDDEN,hard_expired,1020.0,PARTITIONED,False,True,True,False,A_hard_expiry_capsule_contraction,tr_fb806e94e0f6_gpu
paper_ssp_200m_moderate_v1,7,1000,1000.0,1060.0,auv_06,enter_exclusion_zone,consequential,DENY,DENY_HARD_EXPIRY,hard_expired,900.0,PARTITIONED,False,True,True,False,not_low_risk,tr_0339ceb0e831_gpu
paper_ssp_200m_moderate_v1,7,1000,1000.0,1060.0,auv_07,enter_exclusion_zone,consequential,DENY,DENY_HARD_EXPIRY,hard_expired,900.0,PARTITIONED,False,True,True,False,not_low_risk,tr_0339ceb0e831_gpu
paper_ssp_200m_moderate_v1,7,1000,1000.0,1060.0,auv_08,exceed_return_energy_reserve,consequential,DENY,DENY_HARD_EXPIRY,hard_expired,900.0,PARTITIONED,False,True,True,False,not_low_risk,tr_0339ceb0e831_gpu
paper_ssp_200m_moderate_v1,7,1000,1000.0,1060.0,auv_09,hold_station,low,DENY,DENY_FORBIDDEN,hard_expired,900.0,PARTITIONED,False,True,True,False,A_hard_expiry_capsule_contraction,tr_0339ceb0e831_gpu
paper_ssp_200m_moderate_v1,7,1000,1000.0,1060.0,auv_10,enter_exclusion_zone,consequential,DENY,DENY_HARD_EXPIRY,hard_expired,900.0,PARTITIONED,False,True,True,False,not_low_risk,tr_0339ceb0e831_gpu
paper_ssp_200m_moderate_v1,7,1000,1000.0,1060.0,auv_11,bounded_path_correction,low,DENY,DENY_FORBIDDEN,hard_expired,900.0,PARTITIONED,False,True,True,False,A_hard_expiry_capsule_contraction,tr_0339ceb0e831_gpu
paper_ssp_200m_moderate_v1,7,1000,1000.0,1080.0,auv_06,enter_exclusion_zone,consequential,DENY,DENY_HARD_EXPIRY,hard_expired,920.0,PARTITIONED,False,True,True,False,not_low_risk,tr_0339ceb0e831_gpu
paper_ssp_200m_moderate_v1,7,1000,1000.0,1080.0,auv_07,enter_exclusion_zone,consequential,DENY,DENY_HARD_EXPIRY,hard_expired,920.0,PARTITIONED,False,True,True,False,not_low_risk,tr_0339ceb0e831_gpu
paper_ssp_200m_moderate_v1,7,1000,1000.0,1080.0,auv_08,exceed_return_energy_reserve,consequential,DENY,DENY_HARD_EXPIRY,hard_expired,920.0,PARTITIONED,False,True,True,False,not_low_risk,tr_0339ceb0e831_gpu
paper_ssp_200m_moderate_v1,7,1000,1000.0,1080.0,auv_09,hold_station,low,DENY,DENY_FORBIDDEN,hard_expired,920.0,PARTITIONED,False,True,True,False,A_hard_expiry_capsule_contraction,tr_0339ceb0e831_gpu
paper_ssp_200m_moderate_v1,7,1000,1000.0,1080.0,auv_10,enter_exclusion_zone,consequential,DENY,DENY_HARD_EXPIRY,hard_expired,920.0,PARTITIONED,False,True,True,False,not_low_risk,tr_0339ceb0e831_gpu
paper_ssp_200m_moderate_v1,7,1000,1000.0,1080.0,auv_11,bounded_path_correction,low,DENY,DENY_FORBIDDEN,hard_expired,920.0,PARTITIONED,False,True,True,False,A_hard_expiry_capsule_contraction,tr_0339ceb0e831_gpu
paper_ssp_200m_moderate_v1,7,1000,1000.0,1100.0,auv_06,enter_exclusion_zone,consequential,DENY,DENY_HARD_EXPIRY,hard_expired,940.0,PARTITIONED,False,True,True,False,not_low_risk,tr_0339ceb0e831_gpu
paper_ssp_200m_moderate_v1,7,1000,1000.0,1100.0,auv_07,enter_exclusion_zone,consequential,DENY,DENY_HARD_EXPIRY,hard_expired,940.0,PARTITIONED,False,True,True,False,not_low_risk,tr_0339ceb0e831_gpu
paper_ssp_200m_moderate_v1,7,1000,1000.0,1100.0,auv_08,exceed_return_energy_reserve,consequential,DENY,DENY_HARD_EXPIRY,hard_expired,940.0,PARTITIONED,False,True,True,False,not_low_risk,tr_0339ceb0e831_gpu
paper_ssp_200m_moderate_v1,7,1000,1000.0,1100.0,auv_09,hold_station,low,DENY,DENY_FORBIDDEN,hard_expired,940.0,PARTITIONED,False,True,True,False,A_hard_expiry_capsule_contraction,tr_0339ceb0e831_gpu
paper_ssp_200m_moderate_v1,7,1000,1000.0,1100.0,auv_10,enter_exclusion_zone,consequential,DENY,DENY_HARD_EXPIRY,hard_expired,940.0,PARTITIONED,False,True,True,False,not_low_risk,tr_0339ceb0e831_gpu
paper_ssp_200m_moderate_v1,7,1000,1000.0,1100.0,auv_11,bounded_path_correction,low,DENY,DENY_FORBIDDEN,hard_expired,940.0,PARTITIONED,False,True,True,False,A_hard_expiry_capsule_contraction,tr_0339ceb0e831_gpu
paper_ssp_200m_moderate_v1,7,1000,1000.0,1120.0,auv_06,enter_exclusion_zone,consequential,DENY,DENY_HARD_EXPIRY,hard_expired,960.0,PARTITIONED,False,True,True,False,not_low_risk,tr_0339ceb0e831_gpu
paper_ssp_200m_moderate_v1,7,1000,1000.0,1120.0,auv_07,enter_exclusion_zone,consequential,DENY,DENY_HARD_EXPIRY,hard_expired,960.0,PARTITIONED,False,True,True,False,not_low_risk,tr_0339ceb0e831_gpu
paper_ssp_200m_moderate_v1,7,1000,1000.0,1120.0,auv_08,exceed_return_energy_reserve,consequential,DENY,DENY_HARD_EXPIRY,hard_expired,960.0,PARTITIONED,False,True,True,False,not_low_risk,tr_0339ceb0e831_gpu
paper_ssp_200m_moderate_v1,7,1000,1000.0,1120.0,auv_09,hold_station,low,DENY,DENY_FORBIDDEN,hard_expired,960.0,PARTITIONED,False,True,True,False,A_hard_expiry_capsule_contraction,tr_0339ceb0e831_gpu
paper_ssp_200m_moderate_v1,7,1000,1000.0,1120.0,auv_10,enter_exclusion_zone,consequential,DENY,DENY_HARD_EXPIRY,hard_expired,960.0,PARTITIONED,False,True,True,False,not_low_risk,tr_0339ceb0e831_gpu
paper_ssp_200m_moderate_v1,7,1000,1000.0,1120.0,auv_11,change_high_level_objective,consequential,DENY,DENY_HARD_EXPIRY,hard_expired,960.0,PARTITIONED,False,True,True,False,not_low_risk,tr_0339ceb0e831_gpu
paper_ssp_200m_moderate_v1,7,1000,1000.0,1140.0,auv_06,exceed_return_energy_reserve,consequential,DENY,DENY_HARD_EXPIRY,hard_expired,980.0,PARTITIONED,False,True,True,False,not_low_risk,tr_0339ceb0e831_gpu
paper_ssp_200m_moderate_v1,7,1000,1000.0,1140.0,auv_07,exceed_return_energy_reserve,consequential,DENY,DENY_HARD_EXPIRY,hard_expired,980.0,PARTITIONED,False,True,True,False,not_low_risk,tr_0339ceb0e831_gpu
paper_ssp_200m_moderate_v1,7,1000,1000.0,1140.0,auv_08,exceed_return_energy_reserve,consequential,DENY,DENY_HARD_EXPIRY,hard_expired,980.0,PARTITIONED,False,True,True,False,not_low_risk,tr_0339ceb0e831_gpu
paper_ssp_200m_moderate_v1,7,1000,1000.0,1140.0,auv_09,hold_station,low,DENY,DENY_FORBIDDEN,hard_expired,980.0,PARTITIONED,False,True,True,False,A_hard_expiry_capsule_contraction,tr_0339ceb0e831_gpu
paper_ssp_200m_moderate_v1,7,1000,1000.0,1140.0,auv_10,exceed_return_energy_reserve,consequential,DENY,DENY_HARD_EXPIRY,hard_expired,980.0,PARTITIONED,False,True,True,False,not_low_risk,tr_0339ceb0e831_gpu
paper_ssp_200m_moderate_v1,7,1000,1000.0,1140.0,auv_11,exceed_return_energy_reserve,consequential,DENY,DENY_HARD_EXPIRY,hard_expired,980.0,PARTITIONED,False,True,True,False,not_low_risk,tr_0339ceb0e831_gpu
paper_ssp_200m_moderate_v1,7,1000,1000.0,1160.0,auv_06,enter_exclusion_zone,consequential,DENY,DENY_HARD_EXPIRY,hard_expired,1000.0,PARTITIONED,False,True,True,False,not_low_risk,tr_0339ceb0e831_gpu
paper_ssp_200m_moderate_v1,7,1000,1000.0,1160.0,auv_07,enter_exclusion_zone,consequential,DENY,DENY_HARD_EXPIRY,hard_expired,1000.0,PARTITIONED,False,True,True,False,not_low_risk,tr_0339ceb0e831_gpu
paper_ssp_200m_moderate_v1,7,1000,1000.0,1160.0,auv_08,exceed_return_energy_reserve,consequential,DENY,DENY_HARD_EXPIRY,hard_expired,1000.0,PARTITIONED,False,True,True,False,not_low_risk,tr_0339ceb0e831_gpu
paper_ssp_200m_moderate_v1,7,1000,1000.0,1160.0,auv_09,hold_station,low,DENY,DENY_FORBIDDEN,hard_expired,1000.0,PARTITIONED,False,True,True,False,A_hard_expiry_capsule_contraction,tr_0339ceb0e831_gpu
paper_ssp_200m_moderate_v1,7,1000,1000.0,1160.0,auv_10,enter_exclusion_zone,consequential,DENY,DENY_HARD_EXPIRY,hard_expired,1000.0,PARTITIONED,False,True,True,False,not_low_risk,tr_0339ceb0e831_gpu
paper_ssp_200m_moderate_v1,7,1000,1000.0,1160.0,auv_11,bounded_path_correction,low,DENY,DENY_FORBIDDEN,hard_expired,1000.0,PARTITIONED,False,True,True,False,A_hard_expiry_capsule_contraction,tr_0339ceb0e831_gpu
paper_ssp_200m_moderate_v1,7,1000,1000.0,1180.0,auv_06,enter_exclusion_zone,consequential,DENY,DENY_HARD_EXPIRY,hard_expired,1020.0,PARTITIONED,False,True,True,False,not_low_risk,tr_0339ceb0e831_gpu
paper_ssp_200m_moderate_v1,7,1000,1000.0,1180.0,auv_07,enter_exclusion_zone,consequential,DENY,DENY_HARD_EXPIRY,hard_expired,1020.0,PARTITIONED,False,True,True,False,not_low_risk,tr_0339ceb0e831_gpu
paper_ssp_200m_moderate_v1,7,1000,1000.0,1180.0,auv_08,exceed_return_energy_reserve,consequential,DENY,DENY_HARD_EXPIRY,hard_expired,1020.0,PARTITIONED,False,True,True,False,not_low_risk,tr_0339ceb0e831_gpu
paper_ssp_200m_moderate_v1,7,1000,1000.0,1180.0,auv_09,hold_station,low,DENY,DENY_FORBIDDEN,hard_expired,1020.0,PARTITIONED,False,True,True,False,A_hard_expiry_capsule_contraction,tr_0339ceb0e831_gpu
paper_ssp_200m_moderate_v1,7,1000,1000.0,1180.0,auv_10,enter_exclusion_zone,consequential,DENY,DENY_HARD_EXPIRY,hard_expired,1020.0,PARTITIONED,False,True,True,False,not_low_risk,tr_0339ceb0e831_gpu
paper_ssp_200m_moderate_v1,7,1000,1000.0,1180.0,auv_11,bounded_path_correction,low,DENY,DENY_FORBIDDEN,hard_expired,1020.0,PARTITIONED,False,True,True,False,A_hard_expiry_capsule_contraction,tr_0339ceb0e831_gpu
paper_ssp_200m_moderate_v1,8,1000,1000.0,1060.0,auv_06,enter_exclusion_zone,consequential,DENY,DENY_HARD_EXPIRY,hard_expired,900.0,PARTITIONED,False,True,True,False,not_low_risk,tr_6d424feb0439_gpu
paper_ssp_200m_moderate_v1,8,1000,1000.0,1060.0,auv_07,enter_exclusion_zone,consequential,DENY,DENY_HARD_EXPIRY,hard_expired,900.0,PARTITIONED,False,True,True,False,not_low_risk,tr_6d424feb0439_gpu
paper_ssp_200m_moderate_v1,8,1000,1000.0,1060.0,auv_08,exceed_return_energy_reserve,consequential,DENY,DENY_HARD_EXPIRY,hard_expired,900.0,PARTITIONED,False,True,True,False,not_low_risk,tr_6d424feb0439_gpu
paper_ssp_200m_moderate_v1,8,1000,1000.0,1060.0,auv_09,hold_station,low,DENY,DENY_FORBIDDEN,hard_expired,900.0,PARTITIONED,False,True,True,False,A_hard_expiry_capsule_contraction,tr_6d424feb0439_gpu
paper_ssp_200m_moderate_v1,8,1000,1000.0,1060.0,auv_10,enter_exclusion_zone,consequential,DENY,DENY_HARD_EXPIRY,hard_expired,900.0,PARTITIONED,False,True,True,False,not_low_risk,tr_6d424feb0439_gpu
paper_ssp_200m_moderate_v1,8,1000,1000.0,1060.0,auv_11,bounded_path_correction,low,DENY,DENY_FORBIDDEN,hard_expired,900.0,PARTITIONED,False,True,True,False,A_hard_expiry_capsule_contraction,tr_6d424feb0439_gpu
paper_ssp_200m_moderate_v1,8,1000,1000.0,1080.0,auv_06,enter_exclusion_zone,consequential,DENY,DENY_HARD_EXPIRY,hard_expired,920.0,PARTITIONED,False,True,True,False,not_low_risk,tr_6d424feb0439_gpu
paper_ssp_200m_moderate_v1,8,1000,1000.0,1080.0,auv_07,enter_exclusion_zone,consequential,DENY,DENY_HARD_EXPIRY,hard_expired,920.0,PARTITIONED,False,True,True,False,not_low_risk,tr_6d424feb0439_gpu
paper_ssp_200m_moderate_v1,8,1000,1000.0,1080.0,auv_08,exceed_return_energy_reserve,consequential,DENY,DENY_HARD_EXPIRY,hard_expired,920.0,PARTITIONED,False,True,True,False,not_low_risk,tr_6d424feb0439_gpu
paper_ssp_200m_moderate_v1,8,1000,1000.0,1080.0,auv_09,hold_station,low,DENY,DENY_FORBIDDEN,hard_expired,920.0,PARTITIONED,False,True,True,False,A_hard_expiry_capsule_contraction,tr_6d424feb0439_gpu
paper_ssp_200m_moderate_v1,8,1000,1000.0,1080.0,auv_10,enter_exclusion_zone,consequential,DENY,DENY_HARD_EXPIRY,hard_expired,920.0,PARTITIONED,False,True,True,False,not_low_risk,tr_6d424feb0439_gpu
paper_ssp_200m_moderate_v1,8,1000,1000.0,1080.0,auv_11,bounded_path_correction,low,DENY,DENY_FORBIDDEN,hard_expired,920.0,PARTITIONED,False,True,True,False,A_hard_expiry_capsule_contraction,tr_6d424feb0439_gpu
paper_ssp_200m_moderate_v1,8,1000,1000.0,1100.0,auv_06,enter_exclusion_zone,consequential,DENY,DENY_HARD_EXPIRY,hard_expired,940.0,PARTITIONED,False,True,True,False,not_low_risk,tr_6d424feb0439_gpu
paper_ssp_200m_moderate_v1,8,1000,1000.0,1100.0,auv_07,enter_exclusion_zone,consequential,DENY,DENY_HARD_EXPIRY,hard_expired,940.0,PARTITIONED,False,True,True,False,not_low_risk,tr_6d424feb0439_gpu
paper_ssp_200m_moderate_v1,8,1000,1000.0,1100.0,auv_08,exceed_return_energy_reserve,consequential,DENY,DENY_HARD_EXPIRY,hard_expired,940.0,PARTITIONED,False,True,True,False,not_low_risk,tr_6d424feb0439_gpu
paper_ssp_200m_moderate_v1,8,1000,1000.0,1100.0,auv_09,hold_station,low,DENY,DENY_FORBIDDEN,hard_expired,940.0,PARTITIONED,False,True,True,False,A_hard_expiry_capsule_contraction,tr_6d424feb0439_gpu
paper_ssp_200m_moderate_v1,8,1000,1000.0,1100.0,auv_10,enter_exclusion_zone,consequential,DENY,DENY_HARD_EXPIRY,hard_expired,940.0,PARTITIONED,False,True,True,False,not_low_risk,tr_6d424feb0439_gpu
paper_ssp_200m_moderate_v1,8,1000,1000.0,1100.0,auv_11,bounded_path_correction,low,DENY,DENY_FORBIDDEN,hard_expired,940.0,PARTITIONED,False,True,True,False,A_hard_expiry_capsule_contraction,tr_6d424feb0439_gpu
paper_ssp_200m_moderate_v1,8,1000,1000.0,1120.0,auv_06,enter_exclusion_zone,consequential,DENY,DENY_HARD_EXPIRY,hard_expired,960.0,PARTITIONED,False,True,True,False,not_low_risk,tr_6d424feb0439_gpu
paper_ssp_200m_moderate_v1,8,1000,1000.0,1120.0,auv_07,enter_exclusion_zone,consequential,DENY,DENY_HARD_EXPIRY,hard_expired,960.0,PARTITIONED,False,True,True,False,not_low_risk,tr_6d424feb0439_gpu
paper_ssp_200m_moderate_v1,8,1000,1000.0,1120.0,auv_08,exceed_return_energy_reserve,consequential,DENY,DENY_HARD_EXPIRY,hard_expired,960.0,PARTITIONED,False,True,True,False,not_low_risk,tr_6d424feb0439_gpu
paper_ssp_200m_moderate_v1,8,1000,1000.0,1120.0,auv_09,hold_station,low,DENY,DENY_FORBIDDEN,hard_expired,960.0,PARTITIONED,False,True,True,False,A_hard_expiry_capsule_contraction,tr_6d424feb0439_gpu
paper_ssp_200m_moderate_v1,8,1000,1000.0,1120.0,auv_10,enter_exclusion_zone,consequential,DENY,DENY_HARD_EXPIRY,hard_expired,960.0,PARTITIONED,False,True,True,False,not_low_risk,tr_6d424feb0439_gpu
paper_ssp_200m_moderate_v1,8,1000,1000.0,1120.0,auv_11,change_high_level_objective,consequential,DENY,DENY_HARD_EXPIRY,hard_expired,960.0,PARTITIONED,False,True,True,False,not_low_risk,tr_6d424feb0439_gpu
paper_ssp_200m_moderate_v1,8,1000,1000.0,1140.0,auv_06,exceed_return_energy_reserve,consequential,DENY,DENY_HARD_EXPIRY,hard_expired,980.0,PARTITIONED,False,True,True,False,not_low_risk,tr_6d424feb0439_gpu
paper_ssp_200m_moderate_v1,8,1000,1000.0,1140.0,auv_07,exceed_return_energy_reserve,consequential,DENY,DENY_HARD_EXPIRY,hard_expired,980.0,PARTITIONED,False,True,True,False,not_low_risk,tr_6d424feb0439_gpu
paper_ssp_200m_moderate_v1,8,1000,1000.0,1140.0,auv_08,exceed_return_energy_reserve,consequential,DENY,DENY_HARD_EXPIRY,hard_expired,980.0,PARTITIONED,False,True,True,False,not_low_risk,tr_6d424feb0439_gpu
paper_ssp_200m_moderate_v1,8,1000,1000.0,1140.0,auv_09,hold_station,low,DENY,DENY_FORBIDDEN,hard_expired,980.0,PARTITIONED,False,True,True,False,A_hard_expiry_capsule_contraction,tr_6d424feb0439_gpu
paper_ssp_200m_moderate_v1,8,1000,1000.0,1140.0,auv_10,exceed_return_energy_reserve,consequential,DENY,DENY_HARD_EXPIRY,hard_expired,980.0,PARTITIONED,False,True,True,False,not_low_risk,tr_6d424feb0439_gpu
paper_ssp_200m_moderate_v1,8,1000,1000.0,1140.0,auv_11,exceed_return_energy_reserve,consequential,DENY,DENY_HARD_EXPIRY,hard_expired,980.0,PARTITIONED,False,True,True,False,not_low_risk,tr_6d424feb0439_gpu
paper_ssp_200m_moderate_v1,8,1000,1000.0,1160.0,auv_06,enter_exclusion_zone,consequential,DENY,DENY_HARD_EXPIRY,hard_expired,1000.0,PARTITIONED,False,True,True,False,not_low_risk,tr_6d424feb0439_gpu
paper_ssp_200m_moderate_v1,8,1000,1000.0,1160.0,auv_07,enter_exclusion_zone,consequential,DENY,DENY_HARD_EXPIRY,hard_expired,1000.0,PARTITIONED,False,True,True,False,not_low_risk,tr_6d424feb0439_gpu
paper_ssp_200m_moderate_v1,8,1000,1000.0,1160.0,auv_08,exceed_return_energy_reserve,consequential,DENY,DENY_HARD_EXPIRY,hard_expired,1000.0,PARTITIONED,False,True,True,False,not_low_risk,tr_6d424feb0439_gpu
paper_ssp_200m_moderate_v1,8,1000,1000.0,1160.0,auv_09,hold_station,low,DENY,DENY_FORBIDDEN,hard_expired,1000.0,PARTITIONED,False,True,True,False,A_hard_expiry_capsule_contraction,tr_6d424feb0439_gpu
paper_ssp_200m_moderate_v1,8,1000,1000.0,1160.0,auv_10,enter_exclusion_zone,consequential,DENY,DENY_HARD_EXPIRY,hard_expired,1000.0,PARTITIONED,False,True,True,False,not_low_risk,tr_6d424feb0439_gpu
paper_ssp_200m_moderate_v1,8,1000,1000.0,1160.0,auv_11,bounded_path_correction,low,DENY,DENY_FORBIDDEN,hard_expired,1000.0,PARTITIONED,False,True,True,False,A_hard_expiry_capsule_contraction,tr_6d424feb0439_gpu
paper_ssp_200m_moderate_v1,8,1000,1000.0,1180.0,auv_06,enter_exclusion_zone,consequential,DENY,DENY_HARD_EXPIRY,hard_expired,1020.0,PARTITIONED,False,True,True,False,not_low_risk,tr_6d424feb0439_gpu
paper_ssp_200m_moderate_v1,8,1000,1000.0,1180.0,auv_07,enter_exclusion_zone,consequential,DENY,DENY_HARD_EXPIRY,hard_expired,1020.0,PARTITIONED,False,True,True,False,not_low_risk,tr_6d424feb0439_gpu
paper_ssp_200m_moderate_v1,8,1000,1000.0,1180.0,auv_08,exceed_return_energy_reserve,consequential,DENY,DENY_HARD_EXPIRY,hard_expired,1020.0,PARTITIONED,False,True,True,False,not_low_risk,tr_6d424feb0439_gpu
paper_ssp_200m_moderate_v1,8,1000,1000.0,1180.0,auv_09,hold_station,low,DENY,DENY_FORBIDDEN,hard_expired,1020.0,PARTITIONED,False,True,True,False,A_hard_expiry_capsule_contraction,tr_6d424feb0439_gpu
paper_ssp_200m_moderate_v1,8,1000,1000.0,1180.0,auv_10,enter_exclusion_zone,consequential,DENY,DENY_HARD_EXPIRY,hard_expired,1020.0,PARTITIONED,False,True,True,False,not_low_risk,tr_6d424feb0439_gpu
paper_ssp_200m_moderate_v1,8,1000,1000.0,1180.0,auv_11,bounded_path_correction,low,DENY,DENY_FORBIDDEN,hard_expired,1020.0,PARTITIONED,False,True,True,False,A_hard_expiry_capsule_contraction,tr_6d424feb0439_gpu
paper_ssp_200m_moderate_v1,9,1000,1000.0,1060.0,auv_06,enter_exclusion_zone,consequential,DENY,DENY_HARD_EXPIRY,hard_expired,900.0,PARTITIONED,False,True,True,False,not_low_risk,tr_777f672e9af8_gpu
paper_ssp_200m_moderate_v1,9,1000,1000.0,1060.0,auv_07,enter_exclusion_zone,consequential,DENY,DENY_HARD_EXPIRY,hard_expired,900.0,PARTITIONED,False,True,True,False,not_low_risk,tr_777f672e9af8_gpu
paper_ssp_200m_moderate_v1,9,1000,1000.0,1060.0,auv_08,exceed_return_energy_reserve,consequential,DENY,DENY_HARD_EXPIRY,hard_expired,900.0,PARTITIONED,False,True,True,False,not_low_risk,tr_777f672e9af8_gpu
paper_ssp_200m_moderate_v1,9,1000,1000.0,1060.0,auv_09,hold_station,low,DENY,DENY_FORBIDDEN,hard_expired,900.0,PARTITIONED,False,True,True,False,A_hard_expiry_capsule_contraction,tr_777f672e9af8_gpu
paper_ssp_200m_moderate_v1,9,1000,1000.0,1060.0,auv_10,enter_exclusion_zone,consequential,DENY,DENY_HARD_EXPIRY,hard_expired,900.0,PARTITIONED,False,True,True,False,not_low_risk,tr_777f672e9af8_gpu
paper_ssp_200m_moderate_v1,9,1000,1000.0,1060.0,auv_11,bounded_path_correction,low,DENY,DENY_FORBIDDEN,hard_expired,900.0,PARTITIONED,False,True,True,False,A_hard_expiry_capsule_contraction,tr_777f672e9af8_gpu
paper_ssp_200m_moderate_v1,9,1000,1000.0,1080.0,auv_06,enter_exclusion_zone,consequential,DENY,DENY_HARD_EXPIRY,hard_expired,920.0,PARTITIONED,False,True,True,False,not_low_risk,tr_777f672e9af8_gpu
paper_ssp_200m_moderate_v1,9,1000,1000.0,1080.0,auv_07,enter_exclusion_zone,consequential,DENY,DENY_HARD_EXPIRY,hard_expired,920.0,PARTITIONED,False,True,True,False,not_low_risk,tr_777f672e9af8_gpu
paper_ssp_200m_moderate_v1,9,1000,1000.0,1080.0,auv_08,exceed_return_energy_reserve,consequential,DENY,DENY_HARD_EXPIRY,hard_expired,920.0,PARTITIONED,False,True,True,False,not_low_risk,tr_777f672e9af8_gpu
paper_ssp_200m_moderate_v1,9,1000,1000.0,1080.0,auv_09,hold_station,low,DENY,DENY_FORBIDDEN,hard_expired,920.0,PARTITIONED,False,True,True,False,A_hard_expiry_capsule_contraction,tr_777f672e9af8_gpu
paper_ssp_200m_moderate_v1,9,1000,1000.0,1080.0,auv_10,enter_exclusion_zone,consequential,DENY,DENY_HARD_EXPIRY,hard_expired,920.0,PARTITIONED,False,True,True,False,not_low_risk,tr_777f672e9af8_gpu
paper_ssp_200m_moderate_v1,9,1000,1000.0,1080.0,auv_11,bounded_path_correction,low,DENY,DENY_FORBIDDEN,hard_expired,920.0,PARTITIONED,False,True,True,False,A_hard_expiry_capsule_contraction,tr_777f672e9af8_gpu
paper_ssp_200m_moderate_v1,9,1000,1000.0,1100.0,auv_06,enter_exclusion_zone,consequential,DENY,DENY_HARD_EXPIRY,hard_expired,940.0,PARTITIONED,False,True,True,False,not_low_risk,tr_777f672e9af8_gpu
paper_ssp_200m_moderate_v1,9,1000,1000.0,1100.0,auv_07,enter_exclusion_zone,consequential,DENY,DENY_HARD_EXPIRY,hard_expired,940.0,PARTITIONED,False,True,True,False,not_low_risk,tr_777f672e9af8_gpu
paper_ssp_200m_moderate_v1,9,1000,1000.0,1100.0,auv_08,exceed_return_energy_reserve,consequential,DENY,DENY_HARD_EXPIRY,hard_expired,940.0,PARTITIONED,False,True,True,False,not_low_risk,tr_777f672e9af8_gpu
paper_ssp_200m_moderate_v1,9,1000,1000.0,1100.0,auv_09,hold_station,low,DENY,DENY_FORBIDDEN,hard_expired,940.0,PARTITIONED,False,True,True,False,A_hard_expiry_capsule_contraction,tr_777f672e9af8_gpu
paper_ssp_200m_moderate_v1,9,1000,1000.0,1100.0,auv_10,enter_exclusion_zone,consequential,DENY,DENY_HARD_EXPIRY,hard_expired,940.0,PARTITIONED,False,True,True,False,not_low_risk,tr_777f672e9af8_gpu
paper_ssp_200m_moderate_v1,9,1000,1000.0,1100.0,auv_11,bounded_path_correction,low,DENY,DENY_FORBIDDEN,hard_expired,940.0,PARTITIONED,False,True,True,False,A_hard_expiry_capsule_contraction,tr_777f672e9af8_gpu
paper_ssp_200m_moderate_v1,9,1000,1000.0,1120.0,auv_06,enter_exclusion_zone,consequential,DENY,DENY_HARD_EXPIRY,hard_expired,960.0,PARTITIONED,False,True,True,False,not_low_risk,tr_777f672e9af8_gpu
paper_ssp_200m_moderate_v1,9,1000,1000.0,1120.0,auv_07,enter_exclusion_zone,consequential,DENY,DENY_HARD_EXPIRY,hard_expired,960.0,PARTITIONED,False,True,True,False,not_low_risk,tr_777f672e9af8_gpu
paper_ssp_200m_moderate_v1,9,1000,1000.0,1120.0,auv_08,exceed_return_energy_reserve,consequential,DENY,DENY_HARD_EXPIRY,hard_expired,960.0,PARTITIONED,False,True,True,False,not_low_risk,tr_777f672e9af8_gpu
paper_ssp_200m_moderate_v1,9,1000,1000.0,1120.0,auv_09,hold_station,low,DENY,DENY_FORBIDDEN,hard_expired,960.0,PARTITIONED,False,True,True,False,A_hard_expiry_capsule_contraction,tr_777f672e9af8_gpu
paper_ssp_200m_moderate_v1,9,1000,1000.0,1120.0,auv_10,enter_exclusion_zone,consequential,DENY,DENY_HARD_EXPIRY,hard_expired,960.0,PARTITIONED,False,True,True,False,not_low_risk,tr_777f672e9af8_gpu
paper_ssp_200m_moderate_v1,9,1000,1000.0,1120.0,auv_11,change_high_level_objective,consequential,DENY,DENY_HARD_EXPIRY,hard_expired,960.0,PARTITIONED,False,True,True,False,not_low_risk,tr_777f672e9af8_gpu
paper_ssp_200m_moderate_v1,9,1000,1000.0,1140.0,auv_06,exceed_return_energy_reserve,consequential,DENY,DENY_HARD_EXPIRY,hard_expired,980.0,PARTITIONED,False,True,True,False,not_low_risk,tr_777f672e9af8_gpu
paper_ssp_200m_moderate_v1,9,1000,1000.0,1140.0,auv_07,exceed_return_energy_reserve,consequential,DENY,DENY_HARD_EXPIRY,hard_expired,980.0,PARTITIONED,False,True,True,False,not_low_risk,tr_777f672e9af8_gpu
paper_ssp_200m_moderate_v1,9,1000,1000.0,1140.0,auv_08,exceed_return_energy_reserve,consequential,DENY,DENY_HARD_EXPIRY,hard_expired,980.0,PARTITIONED,False,True,True,False,not_low_risk,tr_777f672e9af8_gpu
paper_ssp_200m_moderate_v1,9,1000,1000.0,1140.0,auv_09,hold_station,low,DENY,DENY_FORBIDDEN,hard_expired,980.0,PARTITIONED,False,True,True,False,A_hard_expiry_capsule_contraction,tr_777f672e9af8_gpu
paper_ssp_200m_moderate_v1,9,1000,1000.0,1140.0,auv_10,exceed_return_energy_reserve,consequential,DENY,DENY_HARD_EXPIRY,hard_expired,980.0,PARTITIONED,False,True,True,False,not_low_risk,tr_777f672e9af8_gpu
paper_ssp_200m_moderate_v1,9,1000,1000.0,1140.0,auv_11,exceed_return_energy_reserve,consequential,DENY,DENY_HARD_EXPIRY,hard_expired,980.0,PARTITIONED,False,True,True,False,not_low_risk,tr_777f672e9af8_gpu
paper_ssp_200m_moderate_v1,9,1000,1000.0,1160.0,auv_06,enter_exclusion_zone,consequential,DENY,DENY_HARD_EXPIRY,hard_expired,1000.0,PARTITIONED,False,True,True,False,not_low_risk,tr_777f672e9af8_gpu
paper_ssp_200m_moderate_v1,9,1000,1000.0,1160.0,auv_07,enter_exclusion_zone,consequential,DENY,DENY_HARD_EXPIRY,hard_expired,1000.0,PARTITIONED,False,True,True,False,not_low_risk,tr_777f672e9af8_gpu
paper_ssp_200m_moderate_v1,9,1000,1000.0,1160.0,auv_08,exceed_return_energy_reserve,consequential,DENY,DENY_HARD_EXPIRY,hard_expired,1000.0,PARTITIONED,False,True,True,False,not_low_risk,tr_777f672e9af8_gpu
paper_ssp_200m_moderate_v1,9,1000,1000.0,1160.0,auv_09,hold_station,low,DENY,DENY_FORBIDDEN,hard_expired,1000.0,PARTITIONED,False,True,True,False,A_hard_expiry_capsule_contraction,tr_777f672e9af8_gpu
paper_ssp_200m_moderate_v1,9,1000,1000.0,1160.0,auv_10,enter_exclusion_zone,consequential,DENY,DENY_HARD_EXPIRY,hard_expired,1000.0,PARTITIONED,False,True,True,False,not_low_risk,tr_777f672e9af8_gpu
paper_ssp_200m_moderate_v1,9,1000,1000.0,1160.0,auv_11,bounded_path_correction,low,DENY,DENY_FORBIDDEN,hard_expired,1000.0,PARTITIONED,False,True,True,False,A_hard_expiry_capsule_contraction,tr_777f672e9af8_gpu
paper_ssp_200m_moderate_v1,9,1000,1000.0,1180.0,auv_06,enter_exclusion_zone,consequential,DENY,DENY_HARD_EXPIRY,hard_expired,1020.0,PARTITIONED,False,True,True,False,not_low_risk,tr_777f672e9af8_gpu
paper_ssp_200m_moderate_v1,9,1000,1000.0,1180.0,auv_07,enter_exclusion_zone,consequential,DENY,DENY_HARD_EXPIRY,hard_expired,1020.0,PARTITIONED,False,True,True,False,not_low_risk,tr_777f672e9af8_gpu
paper_ssp_200m_moderate_v1,9,1000,1000.0,1180.0,auv_08,exceed_return_energy_reserve,consequential,DENY,DENY_HARD_EXPIRY,hard_expired,1020.0,PARTITIONED,False,True,True,False,not_low_risk,tr_777f672e9af8_gpu
paper_ssp_200m_moderate_v1,9,1000,1000.0,1180.0,auv_09,hold_station,low,DENY,DENY_FORBIDDEN,hard_expired,1020.0,PARTITIONED,False,True,True,False,A_hard_expiry_capsule_contraction,tr_777f672e9af8_gpu
paper_ssp_200m_moderate_v1,9,1000,1000.0,1180.0,auv_10,enter_exclusion_zone,consequential,DENY,DENY_HARD_EXPIRY,hard_expired,1020.0,PARTITIONED,False,True,True,False,not_low_risk,tr_777f672e9af8_gpu
paper_ssp_200m_moderate_v1,9,1000,1000.0,1180.0,auv_11,bounded_path_correction,low,DENY,DENY_FORBIDDEN,hard_expired,1020.0,PARTITIONED,False,True,True,False,A_hard_expiry_capsule_contraction,tr_777f672e9af8_gpu
paper_ssp_200m_strong_v1,0,0,0.0,900.0,auv_00,bounded_path_correction,low,DENY,DENY_FORBIDDEN,hard_expired,900.0,PARTITIONED,False,True,True,False,A_hard_expiry_capsule_contraction,tr_41578464d64c_gpu
paper_ssp_200m_strong_v1,0,0,0.0,900.0,auv_01,bounded_path_correction,low,DENY,DENY_FORBIDDEN,hard_expired,900.0,PARTITIONED,False,True,True,False,A_hard_expiry_capsule_contraction,tr_41578464d64c_gpu
paper_ssp_200m_strong_v1,0,0,0.0,900.0,auv_02,bounded_path_correction,low,DENY,DENY_FORBIDDEN,hard_expired,900.0,PARTITIONED,False,True,True,False,A_hard_expiry_capsule_contraction,tr_41578464d64c_gpu
paper_ssp_200m_strong_v1,0,0,0.0,900.0,auv_03,bounded_path_correction,low,DENY,DENY_FORBIDDEN,hard_expired,900.0,PARTITIONED,False,True,True,False,A_hard_expiry_capsule_contraction,tr_41578464d64c_gpu
paper_ssp_200m_strong_v1,0,0,0.0,900.0,auv_04,abandon_mandatory_inspection,consequential,DENY,DENY_HARD_EXPIRY,hard_expired,900.0,PARTITIONED,False,True,True,False,not_low_risk,tr_41578464d64c_gpu
paper_ssp_200m_strong_v1,0,0,0.0,900.0,auv_05,bounded_path_correction,low,DENY,DENY_FORBIDDEN,hard_expired,900.0,PARTITIONED,False,True,True,False,A_hard_expiry_capsule_contraction,tr_41578464d64c_gpu
paper_ssp_200m_strong_v1,0,0,0.0,900.0,auv_06,enter_exclusion_zone,consequential,DENY,DENY_HARD_EXPIRY,hard_expired,900.0,PARTITIONED,False,True,True,False,not_low_risk,tr_41578464d64c_gpu
paper_ssp_200m_strong_v1,0,0,0.0,900.0,auv_07,enter_exclusion_zone,consequential,DENY,DENY_HARD_EXPIRY,hard_expired,900.0,PARTITIONED,False,True,True,False,not_low_risk,tr_41578464d64c_gpu
paper_ssp_200m_strong_v1,0,0,0.0,900.0,auv_08,exceed_return_energy_reserve,consequential,DENY,DENY_HARD_EXPIRY,hard_expired,900.0,PARTITIONED,False,True,True,False,not_low_risk,tr_41578464d64c_gpu
paper_ssp_200m_strong_v1,0,0,0.0,900.0,auv_09,hold_station,low,DENY,DENY_FORBIDDEN,hard_expired,900.0,PARTITIONED,False,True,True,False,A_hard_expiry_capsule_contraction,tr_41578464d64c_gpu
paper_ssp_200m_strong_v1,0,0,0.0,900.0,auv_10,enter_exclusion_zone,consequential,DENY,DENY_HARD_EXPIRY,hard_expired,900.0,PARTITIONED,False,True,True,False,not_low_risk,tr_41578464d64c_gpu
paper_ssp_200m_strong_v1,0,0,0.0,900.0,auv_11,bounded_path_correction,low,DENY,DENY_FORBIDDEN,hard_expired,900.0,PARTITIONED,False,True,True,False,A_hard_expiry_capsule_contraction,tr_41578464d64c_gpu
paper_ssp_200m_strong_v1,0,0,0.0,920.0,auv_00,bounded_path_correction,low,DENY,DENY_FORBIDDEN,hard_expired,920.0,PARTITIONED,False,True,True,False,A_hard_expiry_capsule_contraction,tr_41578464d64c_gpu
paper_ssp_200m_strong_v1,0,0,0.0,920.0,auv_01,bounded_path_correction,low,DENY,DENY_FORBIDDEN,hard_expired,920.0,PARTITIONED,False,True,True,False,A_hard_expiry_capsule_contraction,tr_41578464d64c_gpu
paper_ssp_200m_strong_v1,0,0,0.0,920.0,auv_02,bounded_path_correction,low,DENY,DENY_FORBIDDEN,hard_expired,920.0,PARTITIONED,False,True,True,False,A_hard_expiry_capsule_contraction,tr_41578464d64c_gpu
paper_ssp_200m_strong_v1,0,0,0.0,920.0,auv_03,bounded_path_correction,low,DENY,DENY_FORBIDDEN,hard_expired,920.0,PARTITIONED,False,True,True,False,A_hard_expiry_capsule_contraction,tr_41578464d64c_gpu
paper_ssp_200m_strong_v1,0,0,0.0,920.0,auv_04,abandon_mandatory_inspection,consequential,DENY,DENY_HARD_EXPIRY,hard_expired,920.0,PARTITIONED,False,True,True,False,not_low_risk,tr_41578464d64c_gpu
paper_ssp_200m_strong_v1,0,0,0.0,920.0,auv_05,bounded_path_correction,low,DENY,DENY_FORBIDDEN,hard_expired,920.0,PARTITIONED,False,True,True,False,A_hard_expiry_capsule_contraction,tr_41578464d64c_gpu
paper_ssp_200m_strong_v1,0,0,0.0,920.0,auv_06,enter_exclusion_zone,consequential,DENY,DENY_HARD_EXPIRY,hard_expired,920.0,PARTITIONED,False,True,True,False,not_low_risk,tr_41578464d64c_gpu
paper_ssp_200m_strong_v1,0,0,0.0,920.0,auv_07,enter_exclusion_zone,consequential,DENY,DENY_HARD_EXPIRY,hard_expired,920.0,PARTITIONED,False,True,True,False,not_low_risk,tr_41578464d64c_gpu
paper_ssp_200m_strong_v1,0,0,0.0,920.0,auv_08,exceed_return_energy_reserve,consequential,DENY,DENY_HARD_EXPIRY,hard_expired,920.0,PARTITIONED,False,True,True,False,not_low_risk,tr_41578464d64c_gpu
paper_ssp_200m_strong_v1,0,0,0.0,920.0,auv_09,hold_station,low,DENY,DENY_FORBIDDEN,hard_expired,920.0,PARTITIONED,False,True,True,False,A_hard_expiry_capsule_contraction,tr_41578464d64c_gpu
paper_ssp_200m_strong_v1,0,0,0.0,920.0,auv_10,enter_exclusion_zone,consequential,DENY,DENY_HARD_EXPIRY,hard_expired,920.0,PARTITIONED,False,True,True,False,not_low_risk,tr_41578464d64c_gpu
paper_ssp_200m_strong_v1,0,0,0.0,920.0,auv_11,bounded_path_correction,low,DENY,DENY_FORBIDDEN,hard_expired,920.0,PARTITIONED,False,True,True,False,A_hard_expiry_capsule_contraction,tr_41578464d64c_gpu
paper_ssp_200m_strong_v1,0,0,0.0,940.0,auv_00,bounded_path_correction,low,DENY,DENY_FORBIDDEN,hard_expired,940.0,PARTITIONED,False,True,True,False,A_hard_expiry_capsule_contraction,tr_41578464d64c_gpu
paper_ssp_200m_strong_v1,0,0,0.0,940.0,auv_01,bounded_path_correction,low,DENY,DENY_FORBIDDEN,hard_expired,940.0,PARTITIONED,False,True,True,False,A_hard_expiry_capsule_contraction,tr_41578464d64c_gpu
paper_ssp_200m_strong_v1,0,0,0.0,940.0,auv_02,bounded_path_correction,low,DENY,DENY_FORBIDDEN,hard_expired,940.0,PARTITIONED,False,True,True,False,A_hard_expiry_capsule_contraction,tr_41578464d64c_gpu
paper_ssp_200m_strong_v1,0,0,0.0,940.0,auv_03,bounded_path_correction,low,DENY,DENY_FORBIDDEN,hard_expired,940.0,PARTITIONED,False,True,True,False,A_hard_expiry_capsule_contraction,tr_41578464d64c_gpu
paper_ssp_200m_strong_v1,0,0,0.0,940.0,auv_04,abandon_mandatory_inspection,consequential,DENY,DENY_HARD_EXPIRY,hard_expired,940.0,PARTITIONED,False,True,True,False,not_low_risk,tr_41578464d64c_gpu
paper_ssp_200m_strong_v1,0,0,0.0,940.0,auv_05,bounded_path_correction,low,DENY,DENY_FORBIDDEN,hard_expired,940.0,PARTITIONED,False,True,True,False,A_hard_expiry_capsule_contraction,tr_41578464d64c_gpu
paper_ssp_200m_strong_v1,0,0,0.0,940.0,auv_06,enter_exclusion_zone,consequential,DENY,DENY_HARD_EXPIRY,hard_expired,940.0,PARTITIONED,False,True,True,False,not_low_risk,tr_41578464d64c_gpu
paper_ssp_200m_strong_v1,0,0,0.0,940.0,auv_07,enter_exclusion_zone,consequential,DENY,DENY_HARD_EXPIRY,hard_expired,940.0,PARTITIONED,False,True,True,False,not_low_risk,tr_41578464d64c_gpu
paper_ssp_200m_strong_v1,0,0,0.0,940.0,auv_08,exceed_return_energy_reserve,consequential,DENY,DENY_HARD_EXPIRY,hard_expired,940.0,PARTITIONED,False,True,True,False,not_low_risk,tr_41578464d64c_gpu
paper_ssp_200m_strong_v1,0,0,0.0,940.0,auv_09,hold_station,low,DENY,DENY_FORBIDDEN,hard_expired,940.0,PARTITIONED,False,True,True,False,A_hard_expiry_capsule_contraction,tr_41578464d64c_gpu
paper_ssp_200m_strong_v1,0,0,0.0,940.0,auv_10,enter_exclusion_zone,consequential,DENY,DENY_HARD_EXPIRY,hard_expired,940.0,PARTITIONED,False,True,True,False,not_low_risk,tr_41578464d64c_gpu
paper_ssp_200m_strong_v1,0,0,0.0,940.0,auv_11,bounded_path_correction,low,DENY,DENY_FORBIDDEN,hard_expired,940.0,PARTITIONED,False,True,True,False,A_hard_expiry_capsule_contraction,tr_41578464d64c_gpu
paper_ssp_200m_strong_v1,0,0,0.0,960.0,auv_00,bounded_path_correction,low,DENY,DENY_FORBIDDEN,hard_expired,960.0,PARTITIONED,False,True,True,False,A_hard_expiry_capsule_contraction,tr_41578464d64c_gpu
paper_ssp_200m_strong_v1,0,0,0.0,960.0,auv_01,bounded_path_correction,low,DENY,DENY_FORBIDDEN,hard_expired,960.0,PARTITIONED,False,True,True,False,A_hard_expiry_capsule_contraction,tr_41578464d64c_gpu
paper_ssp_200m_strong_v1,0,0,0.0,960.0,auv_02,bounded_path_correction,low,DENY,DENY_FORBIDDEN,hard_expired,960.0,PARTITIONED,False,True,True,False,A_hard_expiry_capsule_contraction,tr_41578464d64c_gpu
paper_ssp_200m_strong_v1,0,0,0.0,960.0,auv_03,bounded_path_correction,low,DENY,DENY_FORBIDDEN,hard_expired,960.0,PARTITIONED,False,True,True,False,A_hard_expiry_capsule_contraction,tr_41578464d64c_gpu
paper_ssp_200m_strong_v1,0,0,0.0,960.0,auv_04,abandon_mandatory_inspection,consequential,DENY,DENY_HARD_EXPIRY,hard_expired,960.0,PARTITIONED,False,True,True,False,not_low_risk,tr_41578464d64c_gpu
paper_ssp_200m_strong_v1,0,0,0.0,960.0,auv_05,bounded_path_correction,low,DENY,DENY_FORBIDDEN,hard_expired,960.0,PARTITIONED,False,True,True,False,A_hard_expiry_capsule_contraction,tr_41578464d64c_gpu
paper_ssp_200m_strong_v1,0,0,0.0,960.0,auv_06,enter_exclusion_zone,consequential,DENY,DENY_HARD_EXPIRY,hard_expired,960.0,PARTITIONED,False,True,True,False,not_low_risk,tr_41578464d64c_gpu
paper_ssp_200m_strong_v1,0,0,0.0,960.0,auv_07,enter_exclusion_zone,consequential,DENY,DENY_HARD_EXPIRY,hard_expired,960.0,PARTITIONED,False,True,True,False,not_low_risk,tr_41578464d64c_gpu
paper_ssp_200m_strong_v1,0,0,0.0,960.0,auv_08,exceed_return_energy_reserve,consequential,DENY,DENY_HARD_EXPIRY,hard_expired,960.0,PARTITIONED,False,True,True,False,not_low_risk,tr_41578464d64c_gpu
paper_ssp_200m_strong_v1,0,0,0.0,960.0,auv_09,hold_station,low,DENY,DENY_FORBIDDEN,hard_expired,960.0,PARTITIONED,False,True,True,False,A_hard_expiry_capsule_contraction,tr_41578464d64c_gpu
paper_ssp_200m_strong_v1,0,0,0.0,960.0,auv_10,enter_exclusion_zone,consequential,DENY,DENY_HARD_EXPIRY,hard_expired,960.0,PARTITIONED,False,True,True,False,not_low_risk,tr_41578464d64c_gpu
paper_ssp_200m_strong_v1,0,0,0.0,960.0,auv_11,change_high_level_objective,consequential,DENY,DENY_HARD_EXPIRY,hard_expired,960.0,PARTITIONED,False,True,True,False,not_low_risk,tr_41578464d64c_gpu
paper_ssp_200m_strong_v1,0,0,0.0,980.0,auv_00,bounded_path_correction,low,DENY,DENY_FORBIDDEN,hard_expired,980.0,PARTITIONED,False,True,True,False,A_hard_expiry_capsule_contraction,tr_41578464d64c_gpu
paper_ssp_200m_strong_v1,0,0,0.0,980.0,auv_01,bounded_path_correction,low,DENY,DENY_FORBIDDEN,hard_expired,980.0,PARTITIONED,False,True,True,False,A_hard_expiry_capsule_contraction,tr_41578464d64c_gpu
paper_ssp_200m_strong_v1,0,0,0.0,980.0,auv_02,bounded_path_correction,low,DENY,DENY_FORBIDDEN,hard_expired,980.0,PARTITIONED,False,True,True,False,A_hard_expiry_capsule_contraction,tr_41578464d64c_gpu
paper_ssp_200m_strong_v1,0,0,0.0,980.0,auv_03,bounded_path_correction,low,DENY,DENY_FORBIDDEN,hard_expired,980.0,PARTITIONED,False,True,True,False,A_hard_expiry_capsule_contraction,tr_41578464d64c_gpu
paper_ssp_200m_strong_v1,0,0,0.0,980.0,auv_04,abandon_mandatory_inspection,consequential,DENY,DENY_HARD_EXPIRY,hard_expired,980.0,PARTITIONED,False,True,True,False,not_low_risk,tr_41578464d64c_gpu
paper_ssp_200m_strong_v1,0,0,0.0,980.0,auv_05,bounded_path_correction,low,DENY,DENY_FORBIDDEN,hard_expired,980.0,PARTITIONED,False,True,True,False,A_hard_expiry_capsule_contraction,tr_41578464d64c_gpu
paper_ssp_200m_strong_v1,0,0,0.0,980.0,auv_06,enter_exclusion_zone,consequential,DENY,DENY_HARD_EXPIRY,hard_expired,980.0,PARTITIONED,False,True,True,False,not_low_risk,tr_41578464d64c_gpu
paper_ssp_200m_strong_v1,0,0,0.0,980.0,auv_07,enter_exclusion_zone,consequential,DENY,DENY_HARD_EXPIRY,hard_expired,980.0,PARTITIONED,False,True,True,False,not_low_risk,tr_41578464d64c_gpu
paper_ssp_200m_strong_v1,0,0,0.0,980.0,auv_08,exceed_return_energy_reserve,consequential,DENY,DENY_HARD_EXPIRY,hard_expired,980.0,PARTITIONED,False,True,True,False,not_low_risk,tr_41578464d64c_gpu
paper_ssp_200m_strong_v1,0,0,0.0,980.0,auv_09,hold_station,low,DENY,DENY_FORBIDDEN,hard_expired,980.0,PARTITIONED,False,True,True,False,A_hard_expiry_capsule_contraction,tr_41578464d64c_gpu
paper_ssp_200m_strong_v1,0,0,0.0,980.0,auv_10,enter_exclusion_zone,consequential,DENY,DENY_HARD_EXPIRY,hard_expired,980.0,PARTITIONED,False,True,True,False,not_low_risk,tr_41578464d64c_gpu
paper_ssp_200m_strong_v1,0,0,0.0,980.0,auv_11,bounded_path_correction,low,DENY,DENY_FORBIDDEN,hard_expired,980.0,PARTITIONED,False,True,True,False,A_hard_expiry_capsule_contraction,tr_41578464d64c_gpu
paper_ssp_200m_strong_v1,0,0,0.0,1000.0,auv_00,bounded_path_correction,low,DENY,DENY_FORBIDDEN,hard_expired,1000.0,PARTITIONED,False,True,True,False,A_hard_expiry_capsule_contraction,tr_41578464d64c_gpu
paper_ssp_200m_strong_v1,0,0,0.0,1000.0,auv_01,bounded_path_correction,low,DENY,DENY_FORBIDDEN,hard_expired,1000.0,PARTITIONED,False,True,True,False,A_hard_expiry_capsule_contraction,tr_41578464d64c_gpu
paper_ssp_200m_strong_v1,0,0,0.0,1000.0,auv_02,bounded_path_correction,low,DENY,DENY_FORBIDDEN,hard_expired,1000.0,PARTITIONED,False,True,True,False,A_hard_expiry_capsule_contraction,tr_41578464d64c_gpu
paper_ssp_200m_strong_v1,0,0,0.0,1000.0,auv_03,bounded_path_correction,low,DENY,DENY_FORBIDDEN,hard_expired,1000.0,PARTITIONED,False,True,True,False,A_hard_expiry_capsule_contraction,tr_41578464d64c_gpu
paper_ssp_200m_strong_v1,0,0,0.0,1000.0,auv_04,abandon_mandatory_inspection,consequential,DENY,DENY_HARD_EXPIRY,hard_expired,1000.0,PARTITIONED,False,True,True,False,not_low_risk,tr_41578464d64c_gpu
paper_ssp_200m_strong_v1,0,0,0.0,1000.0,auv_05,bounded_path_correction,low,DENY,DENY_FORBIDDEN,hard_expired,1000.0,PARTITIONED,False,True,True,False,A_hard_expiry_capsule_contraction,tr_41578464d64c_gpu
paper_ssp_200m_strong_v1,0,0,0.0,1000.0,auv_06,enter_exclusion_zone,consequential,DENY,DENY_HARD_EXPIRY,hard_expired,1000.0,PARTITIONED,False,True,True,False,not_low_risk,tr_41578464d64c_gpu
paper_ssp_200m_strong_v1,0,0,0.0,1000.0,auv_07,enter_exclusion_zone,consequential,DENY,DENY_HARD_EXPIRY,hard_expired,1000.0,PARTITIONED,False,True,True,False,not_low_risk,tr_41578464d64c_gpu
paper_ssp_200m_strong_v1,0,0,0.0,1000.0,auv_08,exceed_return_energy_reserve,consequential,DENY,DENY_HARD_EXPIRY,hard_expired,1000.0,PARTITIONED,False,True,True,False,not_low_risk,tr_41578464d64c_gpu
paper_ssp_200m_strong_v1,0,0,0.0,1000.0,auv_09,hold_station,low,DENY,DENY_FORBIDDEN,hard_expired,1000.0,PARTITIONED,False,True,True,False,A_hard_expiry_capsule_contraction,tr_41578464d64c_gpu
paper_ssp_200m_strong_v1,0,0,0.0,1000.0,auv_10,enter_exclusion_zone,consequential,DENY,DENY_HARD_EXPIRY,hard_expired,1000.0,PARTITIONED,False,True,True,False,not_low_risk,tr_41578464d64c_gpu
paper_ssp_200m_strong_v1,0,0,0.0,1000.0,auv_11,bounded_path_correction,low,DENY,DENY_FORBIDDEN,hard_expired,1000.0,PARTITIONED,False,True,True,False,A_hard_expiry_capsule_contraction,tr_41578464d64c_gpu
paper_ssp_200m_strong_v1,0,0,0.0,1020.0,auv_00,bounded_path_correction,low,DENY,DENY_FORBIDDEN,hard_expired,1020.0,PARTITIONED,False,True,True,False,A_hard_expiry_capsule_contraction,tr_41578464d64c_gpu
paper_ssp_200m_strong_v1,0,0,0.0,1020.0,auv_01,bounded_path_correction,low,DENY,DENY_FORBIDDEN,hard_expired,1020.0,PARTITIONED,False,True,True,False,A_hard_expiry_capsule_contraction,tr_41578464d64c_gpu
paper_ssp_200m_strong_v1,0,0,0.0,1020.0,auv_02,bounded_path_correction,low,DENY,DENY_FORBIDDEN,hard_expired,1020.0,PARTITIONED,False,True,True,False,A_hard_expiry_capsule_contraction,tr_41578464d64c_gpu
paper_ssp_200m_strong_v1,0,0,0.0,1020.0,auv_03,bounded_path_correction,low,DENY,DENY_FORBIDDEN,hard_expired,1020.0,PARTITIONED,False,True,True,False,A_hard_expiry_capsule_contraction,tr_41578464d64c_gpu
paper_ssp_200m_strong_v1,0,0,0.0,1020.0,auv_04,abandon_mandatory_inspection,consequential,DENY,DENY_HARD_EXPIRY,hard_expired,1020.0,PARTITIONED,False,True,True,False,not_low_risk,tr_41578464d64c_gpu
paper_ssp_200m_strong_v1,0,0,0.0,1020.0,auv_05,bounded_path_correction,low,DENY,DENY_FORBIDDEN,hard_expired,1020.0,PARTITIONED,False,True,True,False,A_hard_expiry_capsule_contraction,tr_41578464d64c_gpu
paper_ssp_200m_strong_v1,0,0,0.0,1020.0,auv_06,enter_exclusion_zone,consequential,DENY,DENY_HARD_EXPIRY,hard_expired,1020.0,PARTITIONED,False,True,True,False,not_low_risk,tr_41578464d64c_gpu
paper_ssp_200m_strong_v1,0,0,0.0,1020.0,auv_07,enter_exclusion_zone,consequential,DENY,DENY_HARD_EXPIRY,hard_expired,1020.0,PARTITIONED,False,True,True,False,not_low_risk,tr_41578464d64c_gpu
paper_ssp_200m_strong_v1,0,0,0.0,1020.0,auv_08,exceed_return_energy_reserve,consequential,DENY,DENY_HARD_EXPIRY,hard_expired,1020.0,PARTITIONED,False,True,True,False,not_low_risk,tr_41578464d64c_gpu
paper_ssp_200m_strong_v1,0,0,0.0,1020.0,auv_09,hold_station,low,DENY,DENY_FORBIDDEN,hard_expired,1020.0,PARTITIONED,False,True,True,False,A_hard_expiry_capsule_contraction,tr_41578464d64c_gpu
paper_ssp_200m_strong_v1,0,0,0.0,1020.0,auv_10,enter_exclusion_zone,consequential,DENY,DENY_HARD_EXPIRY,hard_expired,1020.0,PARTITIONED,False,True,True,False,not_low_risk,tr_41578464d64c_gpu
paper_ssp_200m_strong_v1,0,0,0.0,1020.0,auv_11,bounded_path_correction,low,DENY,DENY_FORBIDDEN,hard_expired,1020.0,PARTITIONED,False,True,True,False,A_hard_expiry_capsule_contraction,tr_41578464d64c_gpu
paper_ssp_200m_strong_v1,0,0,0.0,1040.0,auv_00,bounded_path_correction,low,DENY,DENY_FORBIDDEN,hard_expired,1040.0,PARTITIONED,False,True,True,False,A_hard_expiry_capsule_contraction,tr_41578464d64c_gpu
paper_ssp_200m_strong_v1,0,0,0.0,1040.0,auv_01,bounded_path_correction,low,DENY,DENY_FORBIDDEN,hard_expired,1040.0,PARTITIONED,False,True,True,False,A_hard_expiry_capsule_contraction,tr_41578464d64c_gpu
paper_ssp_200m_strong_v1,0,0,0.0,1040.0,auv_02,bounded_path_correction,low,DENY,DENY_FORBIDDEN,hard_expired,1040.0,PARTITIONED,False,True,True,False,A_hard_expiry_capsule_contraction,tr_41578464d64c_gpu
paper_ssp_200m_strong_v1,0,0,0.0,1040.0,auv_03,bounded_path_correction,low,DENY,DENY_FORBIDDEN,hard_expired,1040.0,PARTITIONED,False,True,True,False,A_hard_expiry_capsule_contraction,tr_41578464d64c_gpu
paper_ssp_200m_strong_v1,0,0,0.0,1040.0,auv_04,abandon_mandatory_inspection,consequential,DENY,DENY_HARD_EXPIRY,hard_expired,1040.0,PARTITIONED,False,True,True,False,not_low_risk,tr_41578464d64c_gpu
paper_ssp_200m_strong_v1,0,0,0.0,1040.0,auv_05,bounded_path_correction,low,DENY,DENY_FORBIDDEN,hard_expired,1040.0,PARTITIONED,False,True,True,False,A_hard_expiry_capsule_contraction,tr_41578464d64c_gpu
paper_ssp_200m_strong_v1,0,0,0.0,1040.0,auv_06,enter_exclusion_zone,consequential,DENY,DENY_HARD_EXPIRY,hard_expired,1040.0,PARTITIONED,False,True,True,False,not_low_risk,tr_41578464d64c_gpu
paper_ssp_200m_strong_v1,0,0,0.0,1040.0,auv_07,enter_exclusion_zone,consequential,DENY,DENY_HARD_EXPIRY,hard_expired,1040.0,PARTITIONED,False,True,True,False,not_low_risk,tr_41578464d64c_gpu
paper_ssp_200m_strong_v1,0,0,0.0,1040.0,auv_08,exceed_return_energy_reserve,consequential,DENY,DENY_HARD_EXPIRY,hard_expired,1040.0,PARTITIONED,False,True,True,False,not_low_risk,tr_41578464d64c_gpu
paper_ssp_200m_strong_v1,0,0,0.0,1040.0,auv_09,hold_station,low,DENY,DENY_FORBIDDEN,hard_expired,1040.0,PARTITIONED,False,True,True,False,A_hard_expiry_capsule_contraction,tr_41578464d64c_gpu
paper_ssp_200m_strong_v1,0,0,0.0,1040.0,auv_10,enter_exclusion_zone,consequential,DENY,DENY_HARD_EXPIRY,hard_expired,1040.0,PARTITIONED,False,True,True,False,not_low_risk,tr_41578464d64c_gpu
paper_ssp_200m_strong_v1,0,0,0.0,1040.0,auv_11,change_high_level_objective,consequential,DENY,DENY_HARD_EXPIRY,hard_expired,1040.0,PARTITIONED,False,True,True,False,not_low_risk,tr_41578464d64c_gpu
paper_ssp_200m_strong_v1,0,0,0.0,1060.0,auv_00,bounded_path_correction,low,DENY,DENY_FORBIDDEN,hard_expired,1060.0,PARTITIONED,False,True,True,False,A_hard_expiry_capsule_contraction,tr_41578464d64c_gpu
paper_ssp_200m_strong_v1,0,0,0.0,1060.0,auv_01,bounded_path_correction,low,DENY,DENY_FORBIDDEN,hard_expired,1060.0,PARTITIONED,False,True,True,False,A_hard_expiry_capsule_contraction,tr_41578464d64c_gpu
paper_ssp_200m_strong_v1,0,0,0.0,1060.0,auv_02,bounded_path_correction,low,DENY,DENY_FORBIDDEN,hard_expired,1060.0,PARTITIONED,False,True,True,False,A_hard_expiry_capsule_contraction,tr_41578464d64c_gpu
paper_ssp_200m_strong_v1,0,0,0.0,1060.0,auv_03,bounded_path_correction,low,DENY,DENY_FORBIDDEN,hard_expired,1060.0,PARTITIONED,False,True,True,False,A_hard_expiry_capsule_contraction,tr_41578464d64c_gpu
paper_ssp_200m_strong_v1,0,0,0.0,1060.0,auv_04,abandon_mandatory_inspection,consequential,DENY,DENY_HARD_EXPIRY,hard_expired,1060.0,PARTITIONED,False,True,True,False,not_low_risk,tr_41578464d64c_gpu
paper_ssp_200m_strong_v1,0,0,0.0,1060.0,auv_05,bounded_path_correction,low,DENY,DENY_FORBIDDEN,hard_expired,1060.0,PARTITIONED,False,True,True,False,A_hard_expiry_capsule_contraction,tr_41578464d64c_gpu
paper_ssp_200m_strong_v1,0,0,0.0,1060.0,auv_06,enter_exclusion_zone,consequential,DENY,DENY_HARD_EXPIRY,hard_expired,1060.0,PARTITIONED,False,True,True,False,not_low_risk,tr_41578464d64c_gpu
paper_ssp_200m_strong_v1,0,0,0.0,1060.0,auv_07,enter_exclusion_zone,consequential,DENY,DENY_HARD_EXPIRY,hard_expired,1060.0,PARTITIONED,False,True,True,False,not_low_risk,tr_41578464d64c_gpu
paper_ssp_200m_strong_v1,0,0,0.0,1060.0,auv_08,exceed_return_energy_reserve,consequential,DENY,DENY_HARD_EXPIRY,hard_expired,1060.0,PARTITIONED,False,True,True,False,not_low_risk,tr_41578464d64c_gpu
paper_ssp_200m_strong_v1,0,0,0.0,1060.0,auv_09,hold_station,low,DENY,DENY_FORBIDDEN,hard_expired,1060.0,PARTITIONED,False,True,True,False,A_hard_expiry_capsule_contraction,tr_41578464d64c_gpu
paper_ssp_200m_strong_v1,0,0,0.0,1060.0,auv_10,enter_exclusion_zone,consequential,DENY,DENY_HARD_EXPIRY,hard_expired,1060.0,PARTITIONED,False,True,True,False,not_low_risk,tr_41578464d64c_gpu
paper_ssp_200m_strong_v1,0,0,0.0,1060.0,auv_11,bounded_path_correction,low,DENY,DENY_FORBIDDEN,hard_expired,1060.0,PARTITIONED,False,True,True,False,A_hard_expiry_capsule_contraction,tr_41578464d64c_gpu
paper_ssp_200m_strong_v1,0,0,0.0,1080.0,auv_00,bounded_path_correction,low,DENY,DENY_FORBIDDEN,hard_expired,1080.0,PARTITIONED,False,True,True,False,A_hard_expiry_capsule_contraction,tr_41578464d64c_gpu
paper_ssp_200m_strong_v1,0,0,0.0,1080.0,auv_01,bounded_path_correction,low,DENY,DENY_FORBIDDEN,hard_expired,1080.0,PARTITIONED,False,True,True,False,A_hard_expiry_capsule_contraction,tr_41578464d64c_gpu
paper_ssp_200m_strong_v1,0,0,0.0,1080.0,auv_02,bounded_path_correction,low,DENY,DENY_FORBIDDEN,hard_expired,1080.0,PARTITIONED,False,True,True,False,A_hard_expiry_capsule_contraction,tr_41578464d64c_gpu
paper_ssp_200m_strong_v1,0,0,0.0,1080.0,auv_03,bounded_path_correction,low,DENY,DENY_FORBIDDEN,hard_expired,1080.0,PARTITIONED,False,True,True,False,A_hard_expiry_capsule_contraction,tr_41578464d64c_gpu
paper_ssp_200m_strong_v1,0,0,0.0,1080.0,auv_04,abandon_mandatory_inspection,consequential,DENY,DENY_HARD_EXPIRY,hard_expired,1080.0,PARTITIONED,False,True,True,False,not_low_risk,tr_41578464d64c_gpu
paper_ssp_200m_strong_v1,0,0,0.0,1080.0,auv_05,bounded_path_correction,low,DENY,DENY_FORBIDDEN,hard_expired,1080.0,PARTITIONED,False,True,True,False,A_hard_expiry_capsule_contraction,tr_41578464d64c_gpu
paper_ssp_200m_strong_v1,0,0,0.0,1080.0,auv_06,enter_exclusion_zone,consequential,DENY,DENY_HARD_EXPIRY,hard_expired,1080.0,PARTITIONED,False,True,True,False,not_low_risk,tr_41578464d64c_gpu
paper_ssp_200m_strong_v1,0,0,0.0,1080.0,auv_07,enter_exclusion_zone,consequential,DENY,DENY_HARD_EXPIRY,hard_expired,1080.0,PARTITIONED,False,True,True,False,not_low_risk,tr_41578464d64c_gpu
paper_ssp_200m_strong_v1,0,0,0.0,1080.0,auv_08,exceed_return_energy_reserve,consequential,DENY,DENY_HARD_EXPIRY,hard_expired,1080.0,PARTITIONED,False,True,True,False,not_low_risk,tr_41578464d64c_gpu
paper_ssp_200m_strong_v1,0,0,0.0,1080.0,auv_09,hold_station,low,DENY,DENY_FORBIDDEN,hard_expired,1080.0,PARTITIONED,False,True,True,False,A_hard_expiry_capsule_contraction,tr_41578464d64c_gpu
paper_ssp_200m_strong_v1,0,0,0.0,1080.0,auv_10,enter_exclusion_zone,consequential,DENY,DENY_HARD_EXPIRY,hard_expired,1080.0,PARTITIONED,False,True,True,False,not_low_risk,tr_41578464d64c_gpu
paper_ssp_200m_strong_v1,0,0,0.0,1080.0,auv_11,bounded_path_correction,low,DENY,DENY_FORBIDDEN,hard_expired,1080.0,PARTITIONED,False,True,True,False,A_hard_expiry_capsule_contraction,tr_41578464d64c_gpu
paper_ssp_200m_strong_v1,0,0,0.0,1100.0,auv_00,bounded_path_correction,low,DENY,DENY_FORBIDDEN,hard_expired,1100.0,PARTITIONED,False,True,True,False,A_hard_expiry_capsule_contraction,tr_41578464d64c_gpu
paper_ssp_200m_strong_v1,0,0,0.0,1100.0,auv_01,bounded_path_correction,low,DENY,DENY_FORBIDDEN,hard_expired,1100.0,PARTITIONED,False,True,True,False,A_hard_expiry_capsule_contraction,tr_41578464d64c_gpu
paper_ssp_200m_strong_v1,0,0,0.0,1100.0,auv_02,bounded_path_correction,low,DENY,DENY_FORBIDDEN,hard_expired,1100.0,PARTITIONED,False,True,True,False,A_hard_expiry_capsule_contraction,tr_41578464d64c_gpu
paper_ssp_200m_strong_v1,0,0,0.0,1100.0,auv_03,bounded_path_correction,low,DENY,DENY_FORBIDDEN,hard_expired,1100.0,PARTITIONED,False,True,True,False,A_hard_expiry_capsule_contraction,tr_41578464d64c_gpu
paper_ssp_200m_strong_v1,0,0,0.0,1100.0,auv_04,abandon_mandatory_inspection,consequential,DENY,DENY_HARD_EXPIRY,hard_expired,1100.0,PARTITIONED,False,True,True,False,not_low_risk,tr_41578464d64c_gpu
paper_ssp_200m_strong_v1,0,0,0.0,1100.0,auv_05,bounded_path_correction,low,DENY,DENY_FORBIDDEN,hard_expired,1100.0,PARTITIONED,False,True,True,False,A_hard_expiry_capsule_contraction,tr_41578464d64c_gpu
paper_ssp_200m_strong_v1,0,0,0.0,1100.0,auv_06,enter_exclusion_zone,consequential,DENY,DENY_HARD_EXPIRY,hard_expired,1100.0,PARTITIONED,False,True,True,False,not_low_risk,tr_41578464d64c_gpu
paper_ssp_200m_strong_v1,0,0,0.0,1100.0,auv_07,enter_exclusion_zone,consequential,DENY,DENY_HARD_EXPIRY,hard_expired,1100.0,PARTITIONED,False,True,True,False,not_low_risk,tr_41578464d64c_gpu
paper_ssp_200m_strong_v1,0,0,0.0,1100.0,auv_08,exceed_return_energy_reserve,consequential,DENY,DENY_HARD_EXPIRY,hard_expired,1100.0,PARTITIONED,False,True,True,False,not_low_risk,tr_41578464d64c_gpu
paper_ssp_200m_strong_v1,0,0,0.0,1100.0,auv_09,hold_station,low,DENY,DENY_FORBIDDEN,hard_expired,1100.0,PARTITIONED,False,True,True,False,A_hard_expiry_capsule_contraction,tr_41578464d64c_gpu
paper_ssp_200m_strong_v1,0,0,0.0,1100.0,auv_10,enter_exclusion_zone,consequential,DENY,DENY_HARD_EXPIRY,hard_expired,1100.0,PARTITIONED,False,True,True,False,not_low_risk,tr_41578464d64c_gpu
paper_ssp_200m_strong_v1,0,0,0.0,1100.0,auv_11,bounded_path_correction,low,DENY,DENY_FORBIDDEN,hard_expired,1100.0,PARTITIONED,False,True,True,False,A_hard_expiry_capsule_contraction,tr_41578464d64c_gpu
paper_ssp_200m_strong_v1,0,0,0.0,1120.0,auv_00,bounded_path_correction,low,DENY,DENY_FORBIDDEN,hard_expired,1120.0,PARTITIONED,False,True,True,False,A_hard_expiry_capsule_contraction,tr_41578464d64c_gpu
paper_ssp_200m_strong_v1,0,0,0.0,1120.0,auv_01,bounded_path_correction,low,DENY,DENY_FORBIDDEN,hard_expired,1120.0,PARTITIONED,False,True,True,False,A_hard_expiry_capsule_contraction,tr_41578464d64c_gpu
paper_ssp_200m_strong_v1,0,0,0.0,1120.0,auv_02,bounded_path_correction,low,DENY,DENY_FORBIDDEN,hard_expired,1120.0,PARTITIONED,False,True,True,False,A_hard_expiry_capsule_contraction,tr_41578464d64c_gpu
paper_ssp_200m_strong_v1,0,0,0.0,1120.0,auv_03,bounded_path_correction,low,DENY,DENY_FORBIDDEN,hard_expired,1120.0,PARTITIONED,False,True,True,False,A_hard_expiry_capsule_contraction,tr_41578464d64c_gpu
paper_ssp_200m_strong_v1,0,0,0.0,1120.0,auv_04,abandon_mandatory_inspection,consequential,DENY,DENY_HARD_EXPIRY,hard_expired,1120.0,PARTITIONED,False,True,True,False,not_low_risk,tr_41578464d64c_gpu
paper_ssp_200m_strong_v1,0,0,0.0,1120.0,auv_05,bounded_path_correction,low,DENY,DENY_FORBIDDEN,hard_expired,1120.0,PARTITIONED,False,True,True,False,A_hard_expiry_capsule_contraction,tr_41578464d64c_gpu
paper_ssp_200m_strong_v1,0,0,0.0,1120.0,auv_06,enter_exclusion_zone,consequential,DENY,DENY_HARD_EXPIRY,hard_expired,1120.0,PARTITIONED,False,True,True,False,not_low_risk,tr_41578464d64c_gpu
paper_ssp_200m_strong_v1,0,0,0.0,1120.0,auv_07,enter_exclusion_zone,consequential,DENY,DENY_HARD_EXPIRY,hard_expired,1120.0,PARTITIONED,False,True,True,False,not_low_risk,tr_41578464d64c_gpu
paper_ssp_200m_strong_v1,0,0,0.0,1120.0,auv_08,exceed_return_energy_reserve,consequential,DENY,DENY_HARD_EXPIRY,hard_expired,1120.0,PARTITIONED,False,True,True,False,not_low_risk,tr_41578464d64c_gpu
paper_ssp_200m_strong_v1,0,0,0.0,1120.0,auv_09,hold_station,low,DENY,DENY_FORBIDDEN,hard_expired,1120.0,PARTITIONED,False,True,True,False,A_hard_expiry_capsule_contraction,tr_41578464d64c_gpu
paper_ssp_200m_strong_v1,0,0,0.0,1120.0,auv_10,enter_exclusion_zone,consequential,DENY,DENY_HARD_EXPIRY,hard_expired,1120.0,PARTITIONED,False,True,True,False,not_low_risk,tr_41578464d64c_gpu
paper_ssp_200m_strong_v1,0,0,0.0,1120.0,auv_11,change_high_level_objective,consequential,DENY,DENY_HARD_EXPIRY,hard_expired,1120.0,PARTITIONED,False,True,True,False,not_low_risk,tr_41578464d64c_gpu
paper_ssp_200m_strong_v1,0,0,0.0,1140.0,auv_00,bounded_path_correction,low,DENY,DENY_FORBIDDEN,hard_expired,1140.0,PARTITIONED,False,True,True,False,A_hard_expiry_capsule_contraction,tr_41578464d64c_gpu
paper_ssp_200m_strong_v1,0,0,0.0,1140.0,auv_01,bounded_path_correction,low,DENY,DENY_FORBIDDEN,hard_expired,1140.0,PARTITIONED,False,True,True,False,A_hard_expiry_capsule_contraction,tr_41578464d64c_gpu
paper_ssp_200m_strong_v1,0,0,0.0,1140.0,auv_02,bounded_path_correction,low,DENY,DENY_FORBIDDEN,hard_expired,1140.0,PARTITIONED,False,True,True,False,A_hard_expiry_capsule_contraction,tr_41578464d64c_gpu
paper_ssp_200m_strong_v1,0,0,0.0,1140.0,auv_03,bounded_path_correction,low,DENY,DENY_FORBIDDEN,hard_expired,1140.0,PARTITIONED,False,True,True,False,A_hard_expiry_capsule_contraction,tr_41578464d64c_gpu
paper_ssp_200m_strong_v1,0,0,0.0,1140.0,auv_04,abandon_mandatory_inspection,consequential,DENY,DENY_HARD_EXPIRY,hard_expired,1140.0,PARTITIONED,False,True,True,False,not_low_risk,tr_41578464d64c_gpu
paper_ssp_200m_strong_v1,0,0,0.0,1140.0,auv_05,bounded_path_correction,low,DENY,DENY_FORBIDDEN,hard_expired,1140.0,PARTITIONED,False,True,True,False,A_hard_expiry_capsule_contraction,tr_41578464d64c_gpu
paper_ssp_200m_strong_v1,0,0,0.0,1140.0,auv_06,exceed_return_energy_reserve,consequential,DENY,DENY_HARD_EXPIRY,hard_expired,1140.0,PARTITIONED,False,True,True,False,not_low_risk,tr_41578464d64c_gpu
paper_ssp_200m_strong_v1,0,0,0.0,1140.0,auv_07,exceed_return_energy_reserve,consequential,DENY,DENY_HARD_EXPIRY,hard_expired,1140.0,PARTITIONED,False,True,True,False,not_low_risk,tr_41578464d64c_gpu
paper_ssp_200m_strong_v1,0,0,0.0,1140.0,auv_08,exceed_return_energy_reserve,consequential,DENY,DENY_HARD_EXPIRY,hard_expired,1140.0,PARTITIONED,False,True,True,False,not_low_risk,tr_41578464d64c_gpu
paper_ssp_200m_strong_v1,0,0,0.0,1140.0,auv_09,hold_station,low,DENY,DENY_FORBIDDEN,hard_expired,1140.0,PARTITIONED,False,True,True,False,A_hard_expiry_capsule_contraction,tr_41578464d64c_gpu
paper_ssp_200m_strong_v1,0,0,0.0,1140.0,auv_10,exceed_return_energy_reserve,consequential,DENY,DENY_HARD_EXPIRY,hard_expired,1140.0,PARTITIONED,False,True,True,False,not_low_risk,tr_41578464d64c_gpu
paper_ssp_200m_strong_v1,0,0,0.0,1140.0,auv_11,exceed_return_energy_reserve,consequential,DENY,DENY_HARD_EXPIRY,hard_expired,1140.0,PARTITIONED,False,True,True,False,not_low_risk,tr_41578464d64c_gpu
paper_ssp_200m_strong_v1,0,0,0.0,1160.0,auv_00,bounded_path_correction,low,DENY,DENY_FORBIDDEN,hard_expired,1160.0,PARTITIONED,False,True,True,False,A_hard_expiry_capsule_contraction,tr_41578464d64c_gpu
paper_ssp_200m_strong_v1,0,0,0.0,1160.0,auv_01,bounded_path_correction,low,DENY,DENY_FORBIDDEN,hard_expired,1160.0,PARTITIONED,False,True,True,False,A_hard_expiry_capsule_contraction,tr_41578464d64c_gpu
paper_ssp_200m_strong_v1,0,0,0.0,1160.0,auv_02,bounded_path_correction,low,DENY,DENY_FORBIDDEN,hard_expired,1160.0,PARTITIONED,False,True,True,False,A_hard_expiry_capsule_contraction,tr_41578464d64c_gpu
paper_ssp_200m_strong_v1,0,0,0.0,1160.0,auv_03,bounded_path_correction,low,DENY,DENY_FORBIDDEN,hard_expired,1160.0,PARTITIONED,False,True,True,False,A_hard_expiry_capsule_contraction,tr_41578464d64c_gpu
paper_ssp_200m_strong_v1,0,0,0.0,1160.0,auv_04,abandon_mandatory_inspection,consequential,DENY,DENY_HARD_EXPIRY,hard_expired,1160.0,PARTITIONED,False,True,True,False,not_low_risk,tr_41578464d64c_gpu
paper_ssp_200m_strong_v1,0,0,0.0,1160.0,auv_05,bounded_path_correction,low,DENY,DENY_FORBIDDEN,hard_expired,1160.0,PARTITIONED,False,True,True,False,A_hard_expiry_capsule_contraction,tr_41578464d64c_gpu
paper_ssp_200m_strong_v1,0,0,0.0,1160.0,auv_06,enter_exclusion_zone,consequential,DENY,DENY_HARD_EXPIRY,hard_expired,1160.0,PARTITIONED,False,True,True,False,not_low_risk,tr_41578464d64c_gpu
paper_ssp_200m_strong_v1,0,0,0.0,1160.0,auv_07,enter_exclusion_zone,consequential,DENY,DENY_HARD_EXPIRY,hard_expired,1160.0,PARTITIONED,False,True,True,False,not_low_risk,tr_41578464d64c_gpu
paper_ssp_200m_strong_v1,0,0,0.0,1160.0,auv_08,exceed_return_energy_reserve,consequential,DENY,DENY_HARD_EXPIRY,hard_expired,1160.0,PARTITIONED,False,True,True,False,not_low_risk,tr_41578464d64c_gpu
paper_ssp_200m_strong_v1,0,0,0.0,1160.0,auv_09,hold_station,low,DENY,DENY_FORBIDDEN,hard_expired,1160.0,PARTITIONED,False,True,True,False,A_hard_expiry_capsule_contraction,tr_41578464d64c_gpu
paper_ssp_200m_strong_v1,0,0,0.0,1160.0,auv_10,enter_exclusion_zone,consequential,DENY,DENY_HARD_EXPIRY,hard_expired,1160.0,PARTITIONED,False,True,True,False,not_low_risk,tr_41578464d64c_gpu
paper_ssp_200m_strong_v1,0,0,0.0,1160.0,auv_11,bounded_path_correction,low,DENY,DENY_FORBIDDEN,hard_expired,1160.0,PARTITIONED,False,True,True,False,A_hard_expiry_capsule_contraction,tr_41578464d64c_gpu
paper_ssp_200m_strong_v1,0,0,0.0,1180.0,auv_00,bounded_path_correction,low,DENY,DENY_FORBIDDEN,hard_expired,1180.0,PARTITIONED,False,True,True,False,A_hard_expiry_capsule_contraction,tr_41578464d64c_gpu
paper_ssp_200m_strong_v1,0,0,0.0,1180.0,auv_01,bounded_path_correction,low,DENY,DENY_FORBIDDEN,hard_expired,1180.0,PARTITIONED,False,True,True,False,A_hard_expiry_capsule_contraction,tr_41578464d64c_gpu
paper_ssp_200m_strong_v1,0,0,0.0,1180.0,auv_02,bounded_path_correction,low,DENY,DENY_FORBIDDEN,hard_expired,1180.0,PARTITIONED,False,True,True,False,A_hard_expiry_capsule_contraction,tr_41578464d64c_gpu
paper_ssp_200m_strong_v1,0,0,0.0,1180.0,auv_03,bounded_path_correction,low,DENY,DENY_FORBIDDEN,hard_expired,1180.0,PARTITIONED,False,True,True,False,A_hard_expiry_capsule_contraction,tr_41578464d64c_gpu
paper_ssp_200m_strong_v1,0,0,0.0,1180.0,auv_04,abandon_mandatory_inspection,consequential,DENY,DENY_HARD_EXPIRY,hard_expired,1180.0,PARTITIONED,False,True,True,False,not_low_risk,tr_41578464d64c_gpu
paper_ssp_200m_strong_v1,0,0,0.0,1180.0,auv_05,bounded_path_correction,low,DENY,DENY_FORBIDDEN,hard_expired,1180.0,PARTITIONED,False,True,True,False,A_hard_expiry_capsule_contraction,tr_41578464d64c_gpu
paper_ssp_200m_strong_v1,0,0,0.0,1180.0,auv_06,enter_exclusion_zone,consequential,DENY,DENY_HARD_EXPIRY,hard_expired,1180.0,PARTITIONED,False,True,True,False,not_low_risk,tr_41578464d64c_gpu
paper_ssp_200m_strong_v1,0,0,0.0,1180.0,auv_07,enter_exclusion_zone,consequential,DENY,DENY_HARD_EXPIRY,hard_expired,1180.0,PARTITIONED,False,True,True,False,not_low_risk,tr_41578464d64c_gpu
paper_ssp_200m_strong_v1,0,0,0.0,1180.0,auv_08,exceed_return_energy_reserve,consequential,DENY,DENY_HARD_EXPIRY,hard_expired,1180.0,PARTITIONED,False,True,True,False,not_low_risk,tr_41578464d64c_gpu
paper_ssp_200m_strong_v1,0,0,0.0,1180.0,auv_09,hold_station,low,DENY,DENY_FORBIDDEN,hard_expired,1180.0,PARTITIONED,False,True,True,False,A_hard_expiry_capsule_contraction,tr_41578464d64c_gpu
paper_ssp_200m_strong_v1,0,0,0.0,1180.0,auv_10,enter_exclusion_zone,consequential,DENY,DENY_HARD_EXPIRY,hard_expired,1180.0,PARTITIONED,False,True,True,False,not_low_risk,tr_41578464d64c_gpu
paper_ssp_200m_strong_v1,0,0,0.0,1180.0,auv_11,bounded_path_correction,low,DENY,DENY_FORBIDDEN,hard_expired,1180.0,PARTITIONED,False,True,True,False,A_hard_expiry_capsule_contraction,tr_41578464d64c_gpu
paper_ssp_200m_strong_v1,0,0,0.0,1200.0,auv_00,bounded_path_correction,low,DENY,DENY_FORBIDDEN,hard_expired,1200.0,PARTITIONED,False,True,True,False,A_hard_expiry_capsule_contraction,tr_41578464d64c_gpu
paper_ssp_200m_strong_v1,0,0,0.0,1200.0,auv_01,bounded_path_correction,low,DENY,DENY_FORBIDDEN,hard_expired,1200.0,PARTITIONED,False,True,True,False,A_hard_expiry_capsule_contraction,tr_41578464d64c_gpu
paper_ssp_200m_strong_v1,0,0,0.0,1200.0,auv_02,bounded_path_correction,low,DENY,DENY_FORBIDDEN,hard_expired,1200.0,PARTITIONED,False,True,True,False,A_hard_expiry_capsule_contraction,tr_41578464d64c_gpu
paper_ssp_200m_strong_v1,0,0,0.0,1200.0,auv_03,bounded_path_correction,low,DENY,DENY_FORBIDDEN,hard_expired,1200.0,PARTITIONED,False,True,True,False,A_hard_expiry_capsule_contraction,tr_41578464d64c_gpu
paper_ssp_200m_strong_v1,0,0,0.0,1200.0,auv_04,abandon_mandatory_inspection,consequential,DENY,DENY_HARD_EXPIRY,hard_expired,1200.0,PARTITIONED,False,True,True,False,not_low_risk,tr_41578464d64c_gpu
paper_ssp_200m_strong_v1,0,0,0.0,1200.0,auv_05,bounded_path_correction,low,DENY,DENY_FORBIDDEN,hard_expired,1200.0,PARTITIONED,False,True,True,False,A_hard_expiry_capsule_contraction,tr_41578464d64c_gpu
paper_ssp_200m_strong_v1,0,0,0.0,1200.0,auv_06,enter_exclusion_zone,consequential,DENY,DENY_HARD_EXPIRY,hard_expired,1200.0,PARTITIONED,False,True,True,False,not_low_risk,tr_41578464d64c_gpu
paper_ssp_200m_strong_v1,0,0,0.0,1200.0,auv_07,enter_exclusion_zone,consequential,DENY,DENY_HARD_EXPIRY,hard_expired,1200.0,PARTITIONED,False,True,True,False,not_low_risk,tr_41578464d64c_gpu
paper_ssp_200m_strong_v1,0,0,0.0,1200.0,auv_08,exceed_return_energy_reserve,consequential,DENY,DENY_HARD_EXPIRY,hard_expired,1200.0,PARTITIONED,False,True,True,False,not_low_risk,tr_41578464d64c_gpu
paper_ssp_200m_strong_v1,0,0,0.0,1200.0,auv_09,hold_station,low,DENY,DENY_FORBIDDEN,hard_expired,1200.0,PARTITIONED,False,True,True,False,A_hard_expiry_capsule_contraction,tr_41578464d64c_gpu
paper_ssp_200m_strong_v1,0,0,0.0,1200.0,auv_10,enter_exclusion_zone,consequential,DENY,DENY_HARD_EXPIRY,hard_expired,1200.0,PARTITIONED,False,True,True,False,not_low_risk,tr_41578464d64c_gpu
paper_ssp_200m_strong_v1,0,0,0.0,1200.0,auv_11,change_high_level_objective,consequential,DENY,DENY_HARD_EXPIRY,hard_expired,1200.0,PARTITIONED,False,True,True,False,not_low_risk,tr_41578464d64c_gpu
paper_ssp_200m_strong_v1,0,0,0.0,1220.0,auv_00,bounded_path_correction,low,DENY,DENY_FORBIDDEN,hard_expired,1220.0,PARTITIONED,False,True,True,False,A_hard_expiry_capsule_contraction,tr_41578464d64c_gpu
paper_ssp_200m_strong_v1,0,0,0.0,1220.0,auv_01,bounded_path_correction,low,DENY,DENY_FORBIDDEN,hard_expired,1220.0,PARTITIONED,False,True,True,False,A_hard_expiry_capsule_contraction,tr_41578464d64c_gpu
paper_ssp_200m_strong_v1,0,0,0.0,1220.0,auv_02,bounded_path_correction,low,DENY,DENY_FORBIDDEN,hard_expired,1220.0,PARTITIONED,False,True,True,False,A_hard_expiry_capsule_contraction,tr_41578464d64c_gpu
paper_ssp_200m_strong_v1,0,0,0.0,1220.0,auv_03,bounded_path_correction,low,DENY,DENY_FORBIDDEN,hard_expired,1220.0,PARTITIONED,False,True,True,False,A_hard_expiry_capsule_contraction,tr_41578464d64c_gpu
paper_ssp_200m_strong_v1,0,0,0.0,1220.0,auv_04,abandon_mandatory_inspection,consequential,DENY,DENY_HARD_EXPIRY,hard_expired,1220.0,PARTITIONED,False,True,True,False,not_low_risk,tr_41578464d64c_gpu
paper_ssp_200m_strong_v1,0,0,0.0,1220.0,auv_05,bounded_path_correction,low,DENY,DENY_FORBIDDEN,hard_expired,1220.0,PARTITIONED,False,True,True,False,A_hard_expiry_capsule_contraction,tr_41578464d64c_gpu
paper_ssp_200m_strong_v1,0,0,0.0,1220.0,auv_06,enter_exclusion_zone,consequential,DENY,DENY_HARD_EXPIRY,hard_expired,1220.0,PARTITIONED,False,True,True,False,not_low_risk,tr_41578464d64c_gpu
paper_ssp_200m_strong_v1,0,0,0.0,1220.0,auv_07,enter_exclusion_zone,consequential,DENY,DENY_HARD_EXPIRY,hard_expired,1220.0,PARTITIONED,False,True,True,False,not_low_risk,tr_41578464d64c_gpu
paper_ssp_200m_strong_v1,0,0,0.0,1220.0,auv_08,exceed_return_energy_reserve,consequential,DENY,DENY_HARD_EXPIRY,hard_expired,1220.0,PARTITIONED,False,True,True,False,not_low_risk,tr_41578464d64c_gpu
paper_ssp_200m_strong_v1,0,0,0.0,1220.0,auv_09,hold_station,low,DENY,DENY_FORBIDDEN,hard_expired,1220.0,PARTITIONED,False,True,True,False,A_hard_expiry_capsule_contraction,tr_41578464d64c_gpu
paper_ssp_200m_strong_v1,0,0,0.0,1220.0,auv_10,enter_exclusion_zone,consequential,DENY,DENY_HARD_EXPIRY,hard_expired,1220.0,PARTITIONED,False,True,True,False,not_low_risk,tr_41578464d64c_gpu
paper_ssp_200m_strong_v1,0,0,0.0,1220.0,auv_11,bounded_path_correction,low,DENY,DENY_FORBIDDEN,hard_expired,1220.0,PARTITIONED,False,True,True,False,A_hard_expiry_capsule_contraction,tr_41578464d64c_gpu
paper_ssp_200m_strong_v1,0,0,0.0,1240.0,auv_00,bounded_path_correction,low,DENY,DENY_FORBIDDEN,hard_expired,1240.0,PARTITIONED,False,True,True,False,A_hard_expiry_capsule_contraction,tr_41578464d64c_gpu
paper_ssp_200m_strong_v1,0,0,0.0,1240.0,auv_01,bounded_path_correction,low,DENY,DENY_FORBIDDEN,hard_expired,1240.0,PARTITIONED,False,True,True,False,A_hard_expiry_capsule_contraction,tr_41578464d64c_gpu
paper_ssp_200m_strong_v1,0,0,0.0,1240.0,auv_02,bounded_path_correction,low,DENY,DENY_FORBIDDEN,hard_expired,1240.0,PARTITIONED,False,True,True,False,A_hard_expiry_capsule_contraction,tr_41578464d64c_gpu
paper_ssp_200m_strong_v1,0,0,0.0,1240.0,auv_03,bounded_path_correction,low,DENY,DENY_FORBIDDEN,hard_expired,1240.0,PARTITIONED,False,True,True,False,A_hard_expiry_capsule_contraction,tr_41578464d64c_gpu
paper_ssp_200m_strong_v1,0,0,0.0,1240.0,auv_04,abandon_mandatory_inspection,consequential,DENY,DENY_HARD_EXPIRY,hard_expired,1240.0,PARTITIONED,False,True,True,False,not_low_risk,tr_41578464d64c_gpu
paper_ssp_200m_strong_v1,0,0,0.0,1240.0,auv_05,bounded_path_correction,low,DENY,DENY_FORBIDDEN,hard_expired,1240.0,PARTITIONED,False,True,True,False,A_hard_expiry_capsule_contraction,tr_41578464d64c_gpu
paper_ssp_200m_strong_v1,0,0,0.0,1240.0,auv_06,enter_exclusion_zone,consequential,DENY,DENY_HARD_EXPIRY,hard_expired,1240.0,PARTITIONED,False,True,True,False,not_low_risk,tr_41578464d64c_gpu
paper_ssp_200m_strong_v1,0,0,0.0,1240.0,auv_07,enter_exclusion_zone,consequential,DENY,DENY_HARD_EXPIRY,hard_expired,1240.0,PARTITIONED,False,True,True,False,not_low_risk,tr_41578464d64c_gpu
paper_ssp_200m_strong_v1,0,0,0.0,1240.0,auv_08,exceed_return_energy_reserve,consequential,DENY,DENY_HARD_EXPIRY,hard_expired,1240.0,PARTITIONED,False,True,True,False,not_low_risk,tr_41578464d64c_gpu
paper_ssp_200m_strong_v1,0,0,0.0,1240.0,auv_09,hold_station,low,DENY,DENY_FORBIDDEN,hard_expired,1240.0,PARTITIONED,False,True,True,False,A_hard_expiry_capsule_contraction,tr_41578464d64c_gpu
paper_ssp_200m_strong_v1,0,0,0.0,1240.0,auv_10,enter_exclusion_zone,consequential,DENY,DENY_HARD_EXPIRY,hard_expired,1240.0,PARTITIONED,False,True,True,False,not_low_risk,tr_41578464d64c_gpu
paper_ssp_200m_strong_v1,0,0,0.0,1240.0,auv_11,bounded_path_correction,low,DENY,DENY_FORBIDDEN,hard_expired,1240.0,PARTITIONED,False,True,True,False,A_hard_expiry_capsule_contraction,tr_41578464d64c_gpu
paper_ssp_200m_strong_v1,0,0,0.0,1260.0,auv_00,bounded_path_correction,low,DENY,DENY_FORBIDDEN,hard_expired,1260.0,PARTITIONED,False,True,True,False,A_hard_expiry_capsule_contraction,tr_41578464d64c_gpu
paper_ssp_200m_strong_v1,0,0,0.0,1260.0,auv_01,bounded_path_correction,low,DENY,DENY_FORBIDDEN,hard_expired,1260.0,PARTITIONED,False,True,True,False,A_hard_expiry_capsule_contraction,tr_41578464d64c_gpu
paper_ssp_200m_strong_v1,0,0,0.0,1260.0,auv_02,bounded_path_correction,low,DENY,DENY_FORBIDDEN,hard_expired,1260.0,PARTITIONED,False,True,True,False,A_hard_expiry_capsule_contraction,tr_41578464d64c_gpu
paper_ssp_200m_strong_v1,0,0,0.0,1260.0,auv_03,bounded_path_correction,low,DENY,DENY_FORBIDDEN,hard_expired,1260.0,PARTITIONED,False,True,True,False,A_hard_expiry_capsule_contraction,tr_41578464d64c_gpu
paper_ssp_200m_strong_v1,0,0,0.0,1260.0,auv_04,abandon_mandatory_inspection,consequential,DENY,DENY_HARD_EXPIRY,hard_expired,1260.0,PARTITIONED,False,True,True,False,not_low_risk,tr_41578464d64c_gpu
paper_ssp_200m_strong_v1,0,0,0.0,1260.0,auv_05,bounded_path_correction,low,DENY,DENY_FORBIDDEN,hard_expired,1260.0,PARTITIONED,False,True,True,False,A_hard_expiry_capsule_contraction,tr_41578464d64c_gpu
paper_ssp_200m_strong_v1,0,0,0.0,1260.0,auv_06,enter_exclusion_zone,consequential,DENY,DENY_HARD_EXPIRY,hard_expired,1260.0,PARTITIONED,False,True,True,False,not_low_risk,tr_41578464d64c_gpu
paper_ssp_200m_strong_v1,0,0,0.0,1260.0,auv_07,enter_exclusion_zone,consequential,DENY,DENY_HARD_EXPIRY,hard_expired,1260.0,PARTITIONED,False,True,True,False,not_low_risk,tr_41578464d64c_gpu
paper_ssp_200m_strong_v1,0,0,0.0,1260.0,auv_08,exceed_return_energy_reserve,consequential,DENY,DENY_HARD_EXPIRY,hard_expired,1260.0,PARTITIONED,False,True,True,False,not_low_risk,tr_41578464d64c_gpu
paper_ssp_200m_strong_v1,0,0,0.0,1260.0,auv_09,hold_station,low,DENY,DENY_FORBIDDEN,hard_expired,1260.0,PARTITIONED,False,True,True,False,A_hard_expiry_capsule_contraction,tr_41578464d64c_gpu
paper_ssp_200m_strong_v1,0,0,0.0,1260.0,auv_10,enter_exclusion_zone,consequential,DENY,DENY_HARD_EXPIRY,hard_expired,1260.0,PARTITIONED,False,True,True,False,not_low_risk,tr_41578464d64c_gpu
paper_ssp_200m_strong_v1,0,0,0.0,1260.0,auv_11,bounded_path_correction,low,DENY,DENY_FORBIDDEN,hard_expired,1260.0,PARTITIONED,False,True,True,False,A_hard_expiry_capsule_contraction,tr_41578464d64c_gpu
paper_ssp_200m_strong_v1,0,0,0.0,1280.0,auv_00,bounded_path_correction,low,DENY,DENY_FORBIDDEN,hard_expired,1280.0,PARTITIONED,False,True,True,False,A_hard_expiry_capsule_contraction,tr_41578464d64c_gpu
paper_ssp_200m_strong_v1,0,0,0.0,1280.0,auv_01,bounded_path_correction,low,DENY,DENY_FORBIDDEN,hard_expired,1280.0,PARTITIONED,False,True,True,False,A_hard_expiry_capsule_contraction,tr_41578464d64c_gpu
paper_ssp_200m_strong_v1,0,0,0.0,1280.0,auv_02,bounded_path_correction,low,DENY,DENY_FORBIDDEN,hard_expired,1280.0,PARTITIONED,False,True,True,False,A_hard_expiry_capsule_contraction,tr_41578464d64c_gpu
paper_ssp_200m_strong_v1,0,0,0.0,1280.0,auv_03,bounded_path_correction,low,DENY,DENY_FORBIDDEN,hard_expired,1280.0,PARTITIONED,False,True,True,False,A_hard_expiry_capsule_contraction,tr_41578464d64c_gpu
paper_ssp_200m_strong_v1,0,0,0.0,1280.0,auv_04,abandon_mandatory_inspection,consequential,DENY,DENY_HARD_EXPIRY,hard_expired,1280.0,PARTITIONED,False,True,True,False,not_low_risk,tr_41578464d64c_gpu
paper_ssp_200m_strong_v1,0,0,0.0,1280.0,auv_05,bounded_path_correction,low,DENY,DENY_FORBIDDEN,hard_expired,1280.0,PARTITIONED,False,True,True,False,A_hard_expiry_capsule_contraction,tr_41578464d64c_gpu
paper_ssp_200m_strong_v1,0,0,0.0,1280.0,auv_06,enter_exclusion_zone,consequential,DENY,DENY_HARD_EXPIRY,hard_expired,1280.0,PARTITIONED,False,True,True,False,not_low_risk,tr_41578464d64c_gpu
paper_ssp_200m_strong_v1,0,0,0.0,1280.0,auv_07,enter_exclusion_zone,consequential,DENY,DENY_HARD_EXPIRY,hard_expired,1280.0,PARTITIONED,False,True,True,False,not_low_risk,tr_41578464d64c_gpu
paper_ssp_200m_strong_v1,0,0,0.0,1280.0,auv_08,exceed_return_energy_reserve,consequential,DENY,DENY_HARD_EXPIRY,hard_expired,1280.0,PARTITIONED,False,True,True,False,not_low_risk,tr_41578464d64c_gpu
paper_ssp_200m_strong_v1,0,0,0.0,1280.0,auv_09,hold_station,low,DENY,DENY_FORBIDDEN,hard_expired,1280.0,PARTITIONED,False,True,True,False,A_hard_expiry_capsule_contraction,tr_41578464d64c_gpu
paper_ssp_200m_strong_v1,0,0,0.0,1280.0,auv_10,enter_exclusion_zone,consequential,DENY,DENY_HARD_EXPIRY,hard_expired,1280.0,PARTITIONED,False,True,True,False,not_low_risk,tr_41578464d64c_gpu
paper_ssp_200m_strong_v1,0,0,0.0,1280.0,auv_11,change_high_level_objective,consequential,DENY,DENY_HARD_EXPIRY,hard_expired,1280.0,PARTITIONED,False,True,True,False,not_low_risk,tr_41578464d64c_gpu
paper_ssp_200m_strong_v1,0,0,0.0,1300.0,auv_00,bounded_path_correction,low,DENY,DENY_FORBIDDEN,hard_expired,1300.0,PARTITIONED,False,True,True,False,A_hard_expiry_capsule_contraction,tr_41578464d64c_gpu
paper_ssp_200m_strong_v1,0,0,0.0,1300.0,auv_01,bounded_path_correction,low,DENY,DENY_FORBIDDEN,hard_expired,1300.0,PARTITIONED,False,True,True,False,A_hard_expiry_capsule_contraction,tr_41578464d64c_gpu
paper_ssp_200m_strong_v1,0,0,0.0,1300.0,auv_02,bounded_path_correction,low,DENY,DENY_FORBIDDEN,hard_expired,1300.0,PARTITIONED,False,True,True,False,A_hard_expiry_capsule_contraction,tr_41578464d64c_gpu
paper_ssp_200m_strong_v1,0,0,0.0,1300.0,auv_03,bounded_path_correction,low,DENY,DENY_FORBIDDEN,hard_expired,1300.0,PARTITIONED,False,True,True,False,A_hard_expiry_capsule_contraction,tr_41578464d64c_gpu
paper_ssp_200m_strong_v1,0,0,0.0,1300.0,auv_04,abandon_mandatory_inspection,consequential,DENY,DENY_HARD_EXPIRY,hard_expired,1300.0,PARTITIONED,False,True,True,False,not_low_risk,tr_41578464d64c_gpu
paper_ssp_200m_strong_v1,0,0,0.0,1300.0,auv_05,bounded_path_correction,low,DENY,DENY_FORBIDDEN,hard_expired,1300.0,PARTITIONED,False,True,True,False,A_hard_expiry_capsule_contraction,tr_41578464d64c_gpu
paper_ssp_200m_strong_v1,0,0,0.0,1300.0,auv_06,enter_exclusion_zone,consequential,DENY,DENY_HARD_EXPIRY,hard_expired,1300.0,PARTITIONED,False,True,True,False,not_low_risk,tr_41578464d64c_gpu
paper_ssp_200m_strong_v1,0,0,0.0,1300.0,auv_07,enter_exclusion_zone,consequential,DENY,DENY_HARD_EXPIRY,hard_expired,1300.0,PARTITIONED,False,True,True,False,not_low_risk,tr_41578464d64c_gpu
paper_ssp_200m_strong_v1,0,0,0.0,1300.0,auv_08,exceed_return_energy_reserve,consequential,DENY,DENY_HARD_EXPIRY,hard_expired,1300.0,PARTITIONED,False,True,True,False,not_low_risk,tr_41578464d64c_gpu
paper_ssp_200m_strong_v1,0,0,0.0,1300.0,auv_09,hold_station,low,DENY,DENY_FORBIDDEN,hard_expired,1300.0,PARTITIONED,False,True,True,False,A_hard_expiry_capsule_contraction,tr_41578464d64c_gpu
paper_ssp_200m_strong_v1,0,0,0.0,1300.0,auv_10,enter_exclusion_zone,consequential,DENY,DENY_HARD_EXPIRY,hard_expired,1300.0,PARTITIONED,False,True,True,False,not_low_risk,tr_41578464d64c_gpu
paper_ssp_200m_strong_v1,0,0,0.0,1300.0,auv_11,bounded_path_correction,low,DENY,DENY_FORBIDDEN,hard_expired,1300.0,PARTITIONED,False,True,True,False,A_hard_expiry_capsule_contraction,tr_41578464d64c_gpu
paper_ssp_200m_strong_v1,0,0,0.0,1320.0,auv_00,bounded_path_correction,low,DENY,DENY_FORBIDDEN,hard_expired,1320.0,PARTITIONED,False,True,True,False,A_hard_expiry_capsule_contraction,tr_41578464d64c_gpu
paper_ssp_200m_strong_v1,0,0,0.0,1320.0,auv_01,bounded_path_correction,low,DENY,DENY_FORBIDDEN,hard_expired,1320.0,PARTITIONED,False,True,True,False,A_hard_expiry_capsule_contraction,tr_41578464d64c_gpu
paper_ssp_200m_strong_v1,0,0,0.0,1320.0,auv_02,bounded_path_correction,low,DENY,DENY_FORBIDDEN,hard_expired,1320.0,PARTITIONED,False,True,True,False,A_hard_expiry_capsule_contraction,tr_41578464d64c_gpu
paper_ssp_200m_strong_v1,0,0,0.0,1320.0,auv_03,bounded_path_correction,low,DENY,DENY_FORBIDDEN,hard_expired,1320.0,PARTITIONED,False,True,True,False,A_hard_expiry_capsule_contraction,tr_41578464d64c_gpu
paper_ssp_200m_strong_v1,0,0,0.0,1320.0,auv_04,abandon_mandatory_inspection,consequential,DENY,DENY_HARD_EXPIRY,hard_expired,1320.0,PARTITIONED,False,True,True,False,not_low_risk,tr_41578464d64c_gpu
paper_ssp_200m_strong_v1,0,0,0.0,1320.0,auv_05,bounded_path_correction,low,DENY,DENY_FORBIDDEN,hard_expired,1320.0,PARTITIONED,False,True,True,False,A_hard_expiry_capsule_contraction,tr_41578464d64c_gpu
paper_ssp_200m_strong_v1,0,0,0.0,1320.0,auv_06,enter_exclusion_zone,consequential,DENY,DENY_HARD_EXPIRY,hard_expired,1320.0,PARTITIONED,False,True,True,False,not_low_risk,tr_41578464d64c_gpu
paper_ssp_200m_strong_v1,0,0,0.0,1320.0,auv_07,enter_exclusion_zone,consequential,DENY,DENY_HARD_EXPIRY,hard_expired,1320.0,PARTITIONED,False,True,True,False,not_low_risk,tr_41578464d64c_gpu
paper_ssp_200m_strong_v1,0,0,0.0,1320.0,auv_08,exceed_return_energy_reserve,consequential,DENY,DENY_HARD_EXPIRY,hard_expired,1320.0,PARTITIONED,False,True,True,False,not_low_risk,tr_41578464d64c_gpu
paper_ssp_200m_strong_v1,0,0,0.0,1320.0,auv_09,hold_station,low,DENY,DENY_FORBIDDEN,hard_expired,1320.0,PARTITIONED,False,True,True,False,A_hard_expiry_capsule_contraction,tr_41578464d64c_gpu
paper_ssp_200m_strong_v1,0,0,0.0,1320.0,auv_10,enter_exclusion_zone,consequential,DENY,DENY_HARD_EXPIRY,hard_expired,1320.0,PARTITIONED,False,True,True,False,not_low_risk,tr_41578464d64c_gpu
paper_ssp_200m_strong_v1,0,0,0.0,1320.0,auv_11,bounded_path_correction,low,DENY,DENY_FORBIDDEN,hard_expired,1320.0,PARTITIONED,False,True,True,False,A_hard_expiry_capsule_contraction,tr_41578464d64c_gpu
paper_ssp_200m_strong_v1,0,0,0.0,1340.0,auv_00,bounded_path_correction,low,DENY,DENY_FORBIDDEN,hard_expired,1340.0,PARTITIONED,False,True,True,False,A_hard_expiry_capsule_contraction,tr_41578464d64c_gpu
paper_ssp_200m_strong_v1,0,0,0.0,1340.0,auv_01,bounded_path_correction,low,DENY,DENY_FORBIDDEN,hard_expired,1340.0,PARTITIONED,False,True,True,False,A_hard_expiry_capsule_contraction,tr_41578464d64c_gpu
paper_ssp_200m_strong_v1,0,0,0.0,1340.0,auv_02,bounded_path_correction,low,DENY,DENY_FORBIDDEN,hard_expired,1340.0,PARTITIONED,False,True,True,False,A_hard_expiry_capsule_contraction,tr_41578464d64c_gpu
paper_ssp_200m_strong_v1,0,0,0.0,1340.0,auv_03,bounded_path_correction,low,DENY,DENY_FORBIDDEN,hard_expired,1340.0,PARTITIONED,False,True,True,False,A_hard_expiry_capsule_contraction,tr_41578464d64c_gpu
paper_ssp_200m_strong_v1,0,0,0.0,1340.0,auv_04,abandon_mandatory_inspection,consequential,DENY,DENY_HARD_EXPIRY,hard_expired,1340.0,PARTITIONED,False,True,True,False,not_low_risk,tr_41578464d64c_gpu
paper_ssp_200m_strong_v1,0,0,0.0,1340.0,auv_05,bounded_path_correction,low,DENY,DENY_FORBIDDEN,hard_expired,1340.0,PARTITIONED,False,True,True,False,A_hard_expiry_capsule_contraction,tr_41578464d64c_gpu
paper_ssp_200m_strong_v1,0,0,0.0,1340.0,auv_06,enter_exclusion_zone,consequential,DENY,DENY_HARD_EXPIRY,hard_expired,1340.0,PARTITIONED,False,True,True,False,not_low_risk,tr_41578464d64c_gpu
paper_ssp_200m_strong_v1,0,0,0.0,1340.0,auv_07,enter_exclusion_zone,consequential,DENY,DENY_HARD_EXPIRY,hard_expired,1340.0,PARTITIONED,False,True,True,False,not_low_risk,tr_41578464d64c_gpu
paper_ssp_200m_strong_v1,0,0,0.0,1340.0,auv_08,exceed_return_energy_reserve,consequential,DENY,DENY_HARD_EXPIRY,hard_expired,1340.0,PARTITIONED,False,True,True,False,not_low_risk,tr_41578464d64c_gpu
paper_ssp_200m_strong_v1,0,0,0.0,1340.0,auv_09,hold_station,low,DENY,DENY_FORBIDDEN,hard_expired,1340.0,PARTITIONED,False,True,True,False,A_hard_expiry_capsule_contraction,tr_41578464d64c_gpu
paper_ssp_200m_strong_v1,0,0,0.0,1340.0,auv_10,enter_exclusion_zone,consequential,DENY,DENY_HARD_EXPIRY,hard_expired,1340.0,PARTITIONED,False,True,True,False,not_low_risk,tr_41578464d64c_gpu
paper_ssp_200m_strong_v1,0,0,0.0,1340.0,auv_11,bounded_path_correction,low,DENY,DENY_FORBIDDEN,hard_expired,1340.0,PARTITIONED,False,True,True,False,A_hard_expiry_capsule_contraction,tr_41578464d64c_gpu
paper_ssp_200m_strong_v1,0,0,0.0,1360.0,auv_00,bounded_path_correction,low,DENY,DENY_FORBIDDEN,hard_expired,1360.0,PARTITIONED,False,True,True,False,A_hard_expiry_capsule_contraction,tr_41578464d64c_gpu
paper_ssp_200m_strong_v1,0,0,0.0,1360.0,auv_01,bounded_path_correction,low,DENY,DENY_FORBIDDEN,hard_expired,1360.0,PARTITIONED,False,True,True,False,A_hard_expiry_capsule_contraction,tr_41578464d64c_gpu
paper_ssp_200m_strong_v1,0,0,0.0,1360.0,auv_02,bounded_path_correction,low,DENY,DENY_FORBIDDEN,hard_expired,1360.0,PARTITIONED,False,True,True,False,A_hard_expiry_capsule_contraction,tr_41578464d64c_gpu
paper_ssp_200m_strong_v1,0,0,0.0,1360.0,auv_03,bounded_path_correction,low,DENY,DENY_FORBIDDEN,hard_expired,1360.0,PARTITIONED,False,True,True,False,A_hard_expiry_capsule_contraction,tr_41578464d64c_gpu
paper_ssp_200m_strong_v1,0,0,0.0,1360.0,auv_04,abandon_mandatory_inspection,consequential,DENY,DENY_HARD_EXPIRY,hard_expired,1360.0,PARTITIONED,False,True,True,False,not_low_risk,tr_41578464d64c_gpu
paper_ssp_200m_strong_v1,0,0,0.0,1360.0,auv_05,bounded_path_correction,low,DENY,DENY_FORBIDDEN,hard_expired,1360.0,PARTITIONED,False,True,True,False,A_hard_expiry_capsule_contraction,tr_41578464d64c_gpu
paper_ssp_200m_strong_v1,0,0,0.0,1360.0,auv_06,enter_exclusion_zone,consequential,DENY,DENY_HARD_EXPIRY,hard_expired,1360.0,PARTITIONED,False,True,True,False,not_low_risk,tr_41578464d64c_gpu
paper_ssp_200m_strong_v1,0,0,0.0,1360.0,auv_07,enter_exclusion_zone,consequential,DENY,DENY_HARD_EXPIRY,hard_expired,1360.0,PARTITIONED,False,True,True,False,not_low_risk,tr_41578464d64c_gpu
paper_ssp_200m_strong_v1,0,0,0.0,1360.0,auv_08,exceed_return_energy_reserve,consequential,DENY,DENY_HARD_EXPIRY,hard_expired,1360.0,PARTITIONED,False,True,True,False,not_low_risk,tr_41578464d64c_gpu
paper_ssp_200m_strong_v1,0,0,0.0,1360.0,auv_09,hold_station,low,DENY,DENY_FORBIDDEN,hard_expired,1360.0,PARTITIONED,False,True,True,False,A_hard_expiry_capsule_contraction,tr_41578464d64c_gpu
paper_ssp_200m_strong_v1,0,0,0.0,1360.0,auv_10,enter_exclusion_zone,consequential,DENY,DENY_HARD_EXPIRY,hard_expired,1360.0,PARTITIONED,False,True,True,False,not_low_risk,tr_41578464d64c_gpu
paper_ssp_200m_strong_v1,0,0,0.0,1360.0,auv_11,change_high_level_objective,consequential,DENY,DENY_HARD_EXPIRY,hard_expired,1360.0,PARTITIONED,False,True,True,False,not_low_risk,tr_41578464d64c_gpu
paper_ssp_200m_strong_v1,0,0,0.0,1380.0,auv_00,bounded_path_correction,low,DENY,DENY_FORBIDDEN,hard_expired,1380.0,PARTITIONED,False,True,True,False,A_hard_expiry_capsule_contraction,tr_41578464d64c_gpu
paper_ssp_200m_strong_v1,0,0,0.0,1380.0,auv_01,bounded_path_correction,low,DENY,DENY_FORBIDDEN,hard_expired,1380.0,PARTITIONED,False,True,True,False,A_hard_expiry_capsule_contraction,tr_41578464d64c_gpu
paper_ssp_200m_strong_v1,0,0,0.0,1380.0,auv_02,bounded_path_correction,low,DENY,DENY_FORBIDDEN,hard_expired,1380.0,PARTITIONED,False,True,True,False,A_hard_expiry_capsule_contraction,tr_41578464d64c_gpu
paper_ssp_200m_strong_v1,0,0,0.0,1380.0,auv_03,bounded_path_correction,low,DENY,DENY_FORBIDDEN,hard_expired,1380.0,PARTITIONED,False,True,True,False,A_hard_expiry_capsule_contraction,tr_41578464d64c_gpu
paper_ssp_200m_strong_v1,0,0,0.0,1380.0,auv_04,abandon_mandatory_inspection,consequential,DENY,DENY_HARD_EXPIRY,hard_expired,1380.0,PARTITIONED,False,True,True,False,not_low_risk,tr_41578464d64c_gpu
paper_ssp_200m_strong_v1,0,0,0.0,1380.0,auv_05,bounded_path_correction,low,DENY,DENY_FORBIDDEN,hard_expired,1380.0,PARTITIONED,False,True,True,False,A_hard_expiry_capsule_contraction,tr_41578464d64c_gpu
paper_ssp_200m_strong_v1,0,0,0.0,1380.0,auv_06,enter_exclusion_zone,consequential,DENY,DENY_HARD_EXPIRY,hard_expired,1380.0,PARTITIONED,False,True,True,False,not_low_risk,tr_41578464d64c_gpu
paper_ssp_200m_strong_v1,0,0,0.0,1380.0,auv_07,enter_exclusion_zone,consequential,DENY,DENY_HARD_EXPIRY,hard_expired,1380.0,PARTITIONED,False,True,True,False,not_low_risk,tr_41578464d64c_gpu
paper_ssp_200m_strong_v1,0,0,0.0,1380.0,auv_08,exceed_return_energy_reserve,consequential,DENY,DENY_HARD_EXPIRY,hard_expired,1380.0,PARTITIONED,False,True,True,False,not_low_risk,tr_41578464d64c_gpu
paper_ssp_200m_strong_v1,0,0,0.0,1380.0,auv_09,hold_station,low,DENY,DENY_FORBIDDEN,hard_expired,1380.0,PARTITIONED,False,True,True,False,A_hard_expiry_capsule_contraction,tr_41578464d64c_gpu
paper_ssp_200m_strong_v1,0,0,0.0,1380.0,auv_10,enter_exclusion_zone,consequential,DENY,DENY_HARD_EXPIRY,hard_expired,1380.0,PARTITIONED,False,True,True,False,not_low_risk,tr_41578464d64c_gpu
paper_ssp_200m_strong_v1,0,0,0.0,1380.0,auv_11,bounded_path_correction,low,DENY,DENY_FORBIDDEN,hard_expired,1380.0,PARTITIONED,False,True,True,False,A_hard_expiry_capsule_contraction,tr_41578464d64c_gpu
paper_ssp_200m_strong_v1,0,150,150.0,900.0,auv_00,bounded_path_correction,low,DENY,DENY_FORBIDDEN,hard_expired,900.0,PARTITIONED,False,True,True,False,A_hard_expiry_capsule_contraction,tr_41578464d64c_gpu
paper_ssp_200m_strong_v1,0,150,150.0,900.0,auv_01,bounded_path_correction,low,DENY,DENY_FORBIDDEN,hard_expired,900.0,PARTITIONED,False,True,True,False,A_hard_expiry_capsule_contraction,tr_41578464d64c_gpu
paper_ssp_200m_strong_v1,0,150,150.0,900.0,auv_02,bounded_path_correction,low,DENY,DENY_FORBIDDEN,hard_expired,900.0,PARTITIONED,False,True,True,False,A_hard_expiry_capsule_contraction,tr_41578464d64c_gpu
paper_ssp_200m_strong_v1,0,150,150.0,900.0,auv_03,bounded_path_correction,low,DENY,DENY_FORBIDDEN,hard_expired,900.0,PARTITIONED,False,True,True,False,A_hard_expiry_capsule_contraction,tr_41578464d64c_gpu
paper_ssp_200m_strong_v1,0,150,150.0,900.0,auv_04,abandon_mandatory_inspection,consequential,DENY,DENY_HARD_EXPIRY,hard_expired,900.0,PARTITIONED,False,True,True,False,not_low_risk,tr_41578464d64c_gpu
paper_ssp_200m_strong_v1,0,150,150.0,900.0,auv_05,bounded_path_correction,low,DENY,DENY_FORBIDDEN,hard_expired,900.0,PARTITIONED,False,True,True,False,A_hard_expiry_capsule_contraction,tr_41578464d64c_gpu
paper_ssp_200m_strong_v1,0,150,150.0,900.0,auv_06,enter_exclusion_zone,consequential,DENY,DENY_HARD_EXPIRY,hard_expired,900.0,PARTITIONED,False,True,True,False,not_low_risk,tr_41578464d64c_gpu
paper_ssp_200m_strong_v1,0,150,150.0,900.0,auv_07,enter_exclusion_zone,consequential,DENY,DENY_HARD_EXPIRY,hard_expired,900.0,PARTITIONED,False,True,True,False,not_low_risk,tr_41578464d64c_gpu
paper_ssp_200m_strong_v1,0,150,150.0,900.0,auv_08,exceed_return_energy_reserve,consequential,DENY,DENY_HARD_EXPIRY,hard_expired,900.0,PARTITIONED,False,True,True,False,not_low_risk,tr_41578464d64c_gpu
paper_ssp_200m_strong_v1,0,150,150.0,900.0,auv_09,hold_station,low,DENY,DENY_FORBIDDEN,hard_expired,900.0,PARTITIONED,False,True,True,False,A_hard_expiry_capsule_contraction,tr_41578464d64c_gpu
paper_ssp_200m_strong_v1,0,150,150.0,900.0,auv_10,enter_exclusion_zone,consequential,DENY,DENY_HARD_EXPIRY,hard_expired,900.0,PARTITIONED,False,True,True,False,not_low_risk,tr_41578464d64c_gpu
paper_ssp_200m_strong_v1,0,150,150.0,900.0,auv_11,bounded_path_correction,low,DENY,DENY_FORBIDDEN,hard_expired,900.0,PARTITIONED,False,True,True,False,A_hard_expiry_capsule_contraction,tr_41578464d64c_gpu
paper_ssp_200m_strong_v1,0,150,150.0,920.0,auv_00,bounded_path_correction,low,DENY,DENY_FORBIDDEN,hard_expired,920.0,PARTITIONED,False,True,True,False,A_hard_expiry_capsule_contraction,tr_41578464d64c_gpu
paper_ssp_200m_strong_v1,0,150,150.0,920.0,auv_01,bounded_path_correction,low,DENY,DENY_FORBIDDEN,hard_expired,920.0,PARTITIONED,False,True,True,False,A_hard_expiry_capsule_contraction,tr_41578464d64c_gpu
paper_ssp_200m_strong_v1,0,150,150.0,920.0,auv_02,bounded_path_correction,low,DENY,DENY_FORBIDDEN,hard_expired,920.0,PARTITIONED,False,True,True,False,A_hard_expiry_capsule_contraction,tr_41578464d64c_gpu
paper_ssp_200m_strong_v1,0,150,150.0,920.0,auv_03,bounded_path_correction,low,DENY,DENY_FORBIDDEN,hard_expired,920.0,PARTITIONED,False,True,True,False,A_hard_expiry_capsule_contraction,tr_41578464d64c_gpu
paper_ssp_200m_strong_v1,0,150,150.0,920.0,auv_04,abandon_mandatory_inspection,consequential,DENY,DENY_HARD_EXPIRY,hard_expired,920.0,PARTITIONED,False,True,True,False,not_low_risk,tr_41578464d64c_gpu
paper_ssp_200m_strong_v1,0,150,150.0,920.0,auv_05,bounded_path_correction,low,DENY,DENY_FORBIDDEN,hard_expired,920.0,PARTITIONED,False,True,True,False,A_hard_expiry_capsule_contraction,tr_41578464d64c_gpu
paper_ssp_200m_strong_v1,0,150,150.0,920.0,auv_06,enter_exclusion_zone,consequential,DENY,DENY_HARD_EXPIRY,hard_expired,920.0,PARTITIONED,False,True,True,False,not_low_risk,tr_41578464d64c_gpu
paper_ssp_200m_strong_v1,0,150,150.0,920.0,auv_07,enter_exclusion_zone,consequential,DENY,DENY_HARD_EXPIRY,hard_expired,920.0,PARTITIONED,False,True,True,False,not_low_risk,tr_41578464d64c_gpu
paper_ssp_200m_strong_v1,0,150,150.0,920.0,auv_08,exceed_return_energy_reserve,consequential,DENY,DENY_HARD_EXPIRY,hard_expired,920.0,PARTITIONED,False,True,True,False,not_low_risk,tr_41578464d64c_gpu
paper_ssp_200m_strong_v1,0,150,150.0,920.0,auv_09,hold_station,low,DENY,DENY_FORBIDDEN,hard_expired,920.0,PARTITIONED,False,True,True,False,A_hard_expiry_capsule_contraction,tr_41578464d64c_gpu
paper_ssp_200m_strong_v1,0,150,150.0,920.0,auv_10,enter_exclusion_zone,consequential,DENY,DENY_HARD_EXPIRY,hard_expired,920.0,PARTITIONED,False,True,True,False,not_low_risk,tr_41578464d64c_gpu
paper_ssp_200m_strong_v1,0,150,150.0,920.0,auv_11,bounded_path_correction,low,DENY,DENY_FORBIDDEN,hard_expired,920.0,PARTITIONED,False,True,True,False,A_hard_expiry_capsule_contraction,tr_41578464d64c_gpu
paper_ssp_200m_strong_v1,0,150,150.0,940.0,auv_00,bounded_path_correction,low,DENY,DENY_FORBIDDEN,hard_expired,940.0,PARTITIONED,False,True,True,False,A_hard_expiry_capsule_contraction,tr_41578464d64c_gpu
paper_ssp_200m_strong_v1,0,150,150.0,940.0,auv_01,bounded_path_correction,low,DENY,DENY_FORBIDDEN,hard_expired,940.0,PARTITIONED,False,True,True,False,A_hard_expiry_capsule_contraction,tr_41578464d64c_gpu
paper_ssp_200m_strong_v1,0,150,150.0,940.0,auv_02,bounded_path_correction,low,DENY,DENY_FORBIDDEN,hard_expired,940.0,PARTITIONED,False,True,True,False,A_hard_expiry_capsule_contraction,tr_41578464d64c_gpu
paper_ssp_200m_strong_v1,0,150,150.0,940.0,auv_03,bounded_path_correction,low,DENY,DENY_FORBIDDEN,hard_expired,940.0,PARTITIONED,False,True,True,False,A_hard_expiry_capsule_contraction,tr_41578464d64c_gpu
paper_ssp_200m_strong_v1,0,150,150.0,940.0,auv_04,abandon_mandatory_inspection,consequential,DENY,DENY_HARD_EXPIRY,hard_expired,940.0,PARTITIONED,False,True,True,False,not_low_risk,tr_41578464d64c_gpu
paper_ssp_200m_strong_v1,0,150,150.0,940.0,auv_05,bounded_path_correction,low,DENY,DENY_FORBIDDEN,hard_expired,940.0,PARTITIONED,False,True,True,False,A_hard_expiry_capsule_contraction,tr_41578464d64c_gpu
paper_ssp_200m_strong_v1,0,150,150.0,940.0,auv_06,enter_exclusion_zone,consequential,DENY,DENY_HARD_EXPIRY,hard_expired,940.0,PARTITIONED,False,True,True,False,not_low_risk,tr_41578464d64c_gpu
paper_ssp_200m_strong_v1,0,150,150.0,940.0,auv_07,enter_exclusion_zone,consequential,DENY,DENY_HARD_EXPIRY,hard_expired,940.0,PARTITIONED,False,True,True,False,not_low_risk,tr_41578464d64c_gpu
paper_ssp_200m_strong_v1,0,150,150.0,940.0,auv_08,exceed_return_energy_reserve,consequential,DENY,DENY_HARD_EXPIRY,hard_expired,940.0,PARTITIONED,False,True,True,False,not_low_risk,tr_41578464d64c_gpu
paper_ssp_200m_strong_v1,0,150,150.0,940.0,auv_09,hold_station,low,DENY,DENY_FORBIDDEN,hard_expired,940.0,PARTITIONED,False,True,True,False,A_hard_expiry_capsule_contraction,tr_41578464d64c_gpu
paper_ssp_200m_strong_v1,0,150,150.0,940.0,auv_10,enter_exclusion_zone,consequential,DENY,DENY_HARD_EXPIRY,hard_expired,940.0,PARTITIONED,False,True,True,False,not_low_risk,tr_41578464d64c_gpu
paper_ssp_200m_strong_v1,0,150,150.0,940.0,auv_11,bounded_path_correction,low,DENY,DENY_FORBIDDEN,hard_expired,940.0,PARTITIONED,False,True,True,False,A_hard_expiry_capsule_contraction,tr_41578464d64c_gpu
paper_ssp_200m_strong_v1,0,150,150.0,960.0,auv_00,bounded_path_correction,low,DENY,DENY_FORBIDDEN,hard_expired,960.0,PARTITIONED,False,True,True,False,A_hard_expiry_capsule_contraction,tr_41578464d64c_gpu
paper_ssp_200m_strong_v1,0,150,150.0,960.0,auv_01,bounded_path_correction,low,DENY,DENY_FORBIDDEN,hard_expired,960.0,PARTITIONED,False,True,True,False,A_hard_expiry_capsule_contraction,tr_41578464d64c_gpu
paper_ssp_200m_strong_v1,0,150,150.0,960.0,auv_02,bounded_path_correction,low,DENY,DENY_FORBIDDEN,hard_expired,960.0,PARTITIONED,False,True,True,False,A_hard_expiry_capsule_contraction,tr_41578464d64c_gpu
paper_ssp_200m_strong_v1,0,150,150.0,960.0,auv_03,bounded_path_correction,low,DENY,DENY_FORBIDDEN,hard_expired,960.0,PARTITIONED,False,True,True,False,A_hard_expiry_capsule_contraction,tr_41578464d64c_gpu
paper_ssp_200m_strong_v1,0,150,150.0,960.0,auv_04,abandon_mandatory_inspection,consequential,DENY,DENY_HARD_EXPIRY,hard_expired,960.0,PARTITIONED,False,True,True,False,not_low_risk,tr_41578464d64c_gpu
paper_ssp_200m_strong_v1,0,150,150.0,960.0,auv_05,bounded_path_correction,low,DENY,DENY_FORBIDDEN,hard_expired,960.0,PARTITIONED,False,True,True,False,A_hard_expiry_capsule_contraction,tr_41578464d64c_gpu
paper_ssp_200m_strong_v1,0,150,150.0,960.0,auv_06,enter_exclusion_zone,consequential,DENY,DENY_HARD_EXPIRY,hard_expired,960.0,PARTITIONED,False,True,True,False,not_low_risk,tr_41578464d64c_gpu
paper_ssp_200m_strong_v1,0,150,150.0,960.0,auv_07,enter_exclusion_zone,consequential,DENY,DENY_HARD_EXPIRY,hard_expired,960.0,PARTITIONED,False,True,True,False,not_low_risk,tr_41578464d64c_gpu
paper_ssp_200m_strong_v1,0,150,150.0,960.0,auv_08,exceed_return_energy_reserve,consequential,DENY,DENY_HARD_EXPIRY,hard_expired,960.0,PARTITIONED,False,True,True,False,not_low_risk,tr_41578464d64c_gpu
paper_ssp_200m_strong_v1,0,150,150.0,960.0,auv_09,hold_station,low,DENY,DENY_FORBIDDEN,hard_expired,960.0,PARTITIONED,False,True,True,False,A_hard_expiry_capsule_contraction,tr_41578464d64c_gpu
paper_ssp_200m_strong_v1,0,150,150.0,960.0,auv_10,enter_exclusion_zone,consequential,DENY,DENY_HARD_EXPIRY,hard_expired,960.0,PARTITIONED,False,True,True,False,not_low_risk,tr_41578464d64c_gpu
paper_ssp_200m_strong_v1,0,150,150.0,960.0,auv_11,change_high_level_objective,consequential,DENY,DENY_HARD_EXPIRY,hard_expired,960.0,PARTITIONED,False,True,True,False,not_low_risk,tr_41578464d64c_gpu
paper_ssp_200m_strong_v1,0,150,150.0,980.0,auv_00,bounded_path_correction,low,DENY,DENY_FORBIDDEN,hard_expired,980.0,PARTITIONED,False,True,True,False,A_hard_expiry_capsule_contraction,tr_41578464d64c_gpu
paper_ssp_200m_strong_v1,0,150,150.0,980.0,auv_01,bounded_path_correction,low,DENY,DENY_FORBIDDEN,hard_expired,980.0,PARTITIONED,False,True,True,False,A_hard_expiry_capsule_contraction,tr_41578464d64c_gpu
paper_ssp_200m_strong_v1,0,150,150.0,980.0,auv_02,bounded_path_correction,low,DENY,DENY_FORBIDDEN,hard_expired,980.0,PARTITIONED,False,True,True,False,A_hard_expiry_capsule_contraction,tr_41578464d64c_gpu
paper_ssp_200m_strong_v1,0,150,150.0,980.0,auv_03,bounded_path_correction,low,DENY,DENY_FORBIDDEN,hard_expired,980.0,PARTITIONED,False,True,True,False,A_hard_expiry_capsule_contraction,tr_41578464d64c_gpu
paper_ssp_200m_strong_v1,0,150,150.0,980.0,auv_04,abandon_mandatory_inspection,consequential,DENY,DENY_HARD_EXPIRY,hard_expired,980.0,PARTITIONED,False,True,True,False,not_low_risk,tr_41578464d64c_gpu
paper_ssp_200m_strong_v1,0,150,150.0,980.0,auv_05,bounded_path_correction,low,DENY,DENY_FORBIDDEN,hard_expired,980.0,PARTITIONED,False,True,True,False,A_hard_expiry_capsule_contraction,tr_41578464d64c_gpu
paper_ssp_200m_strong_v1,0,150,150.0,980.0,auv_06,enter_exclusion_zone,consequential,DENY,DENY_HARD_EXPIRY,hard_expired,980.0,PARTITIONED,False,True,True,False,not_low_risk,tr_41578464d64c_gpu
paper_ssp_200m_strong_v1,0,150,150.0,980.0,auv_07,enter_exclusion_zone,consequential,DENY,DENY_HARD_EXPIRY,hard_expired,980.0,PARTITIONED,False,True,True,False,not_low_risk,tr_41578464d64c_gpu
paper_ssp_200m_strong_v1,0,150,150.0,980.0,auv_08,exceed_return_energy_reserve,consequential,DENY,DENY_HARD_EXPIRY,hard_expired,980.0,PARTITIONED,False,True,True,False,not_low_risk,tr_41578464d64c_gpu
paper_ssp_200m_strong_v1,0,150,150.0,980.0,auv_09,hold_station,low,DENY,DENY_FORBIDDEN,hard_expired,980.0,PARTITIONED,False,True,True,False,A_hard_expiry_capsule_contraction,tr_41578464d64c_gpu
paper_ssp_200m_strong_v1,0,150,150.0,980.0,auv_10,enter_exclusion_zone,consequential,DENY,DENY_HARD_EXPIRY,hard_expired,980.0,PARTITIONED,False,True,True,False,not_low_risk,tr_41578464d64c_gpu
paper_ssp_200m_strong_v1,0,150,150.0,980.0,auv_11,bounded_path_correction,low,DENY,DENY_FORBIDDEN,hard_expired,980.0,PARTITIONED,False,True,True,False,A_hard_expiry_capsule_contraction,tr_41578464d64c_gpu
paper_ssp_200m_strong_v1,0,150,150.0,1000.0,auv_00,bounded_path_correction,low,DENY,DENY_FORBIDDEN,hard_expired,1000.0,PARTITIONED,False,True,True,False,A_hard_expiry_capsule_contraction,tr_41578464d64c_gpu
paper_ssp_200m_strong_v1,0,150,150.0,1000.0,auv_01,bounded_path_correction,low,DENY,DENY_FORBIDDEN,hard_expired,1000.0,PARTITIONED,False,True,True,False,A_hard_expiry_capsule_contraction,tr_41578464d64c_gpu
paper_ssp_200m_strong_v1,0,150,150.0,1000.0,auv_02,bounded_path_correction,low,DENY,DENY_FORBIDDEN,hard_expired,1000.0,PARTITIONED,False,True,True,False,A_hard_expiry_capsule_contraction,tr_41578464d64c_gpu
paper_ssp_200m_strong_v1,0,150,150.0,1000.0,auv_03,bounded_path_correction,low,DENY,DENY_FORBIDDEN,hard_expired,1000.0,PARTITIONED,False,True,True,False,A_hard_expiry_capsule_contraction,tr_41578464d64c_gpu
paper_ssp_200m_strong_v1,0,150,150.0,1000.0,auv_04,abandon_mandatory_inspection,consequential,DENY,DENY_HARD_EXPIRY,hard_expired,1000.0,PARTITIONED,False,True,True,False,not_low_risk,tr_41578464d64c_gpu
paper_ssp_200m_strong_v1,0,150,150.0,1000.0,auv_05,bounded_path_correction,low,DENY,DENY_FORBIDDEN,hard_expired,1000.0,PARTITIONED,False,True,True,False,A_hard_expiry_capsule_contraction,tr_41578464d64c_gpu
paper_ssp_200m_strong_v1,0,150,150.0,1000.0,auv_06,enter_exclusion_zone,consequential,DENY,DENY_HARD_EXPIRY,hard_expired,1000.0,PARTITIONED,False,True,True,False,not_low_risk,tr_41578464d64c_gpu
paper_ssp_200m_strong_v1,0,150,150.0,1000.0,auv_07,enter_exclusion_zone,consequential,DENY,DENY_HARD_EXPIRY,hard_expired,1000.0,PARTITIONED,False,True,True,False,not_low_risk,tr_41578464d64c_gpu
paper_ssp_200m_strong_v1,0,150,150.0,1000.0,auv_08,exceed_return_energy_reserve,consequential,DENY,DENY_HARD_EXPIRY,hard_expired,1000.0,PARTITIONED,False,True,True,False,not_low_risk,tr_41578464d64c_gpu
paper_ssp_200m_strong_v1,0,150,150.0,1000.0,auv_09,hold_station,low,DENY,DENY_FORBIDDEN,hard_expired,1000.0,PARTITIONED,False,True,True,False,A_hard_expiry_capsule_contraction,tr_41578464d64c_gpu
paper_ssp_200m_strong_v1,0,150,150.0,1000.0,auv_10,enter_exclusion_zone,consequential,DENY,DENY_HARD_EXPIRY,hard_expired,1000.0,PARTITIONED,False,True,True,False,not_low_risk,tr_41578464d64c_gpu
paper_ssp_200m_strong_v1,0,150,150.0,1000.0,auv_11,bounded_path_correction,low,DENY,DENY_FORBIDDEN,hard_expired,1000.0,PARTITIONED,False,True,True,False,A_hard_expiry_capsule_contraction,tr_41578464d64c_gpu
paper_ssp_200m_strong_v1,0,150,150.0,1020.0,auv_00,bounded_path_correction,low,DENY,DENY_FORBIDDEN,hard_expired,1020.0,PARTITIONED,False,True,True,False,A_hard_expiry_capsule_contraction,tr_41578464d64c_gpu
paper_ssp_200m_strong_v1,0,150,150.0,1020.0,auv_01,bounded_path_correction,low,DENY,DENY_FORBIDDEN,hard_expired,1020.0,PARTITIONED,False,True,True,False,A_hard_expiry_capsule_contraction,tr_41578464d64c_gpu
paper_ssp_200m_strong_v1,0,150,150.0,1020.0,auv_02,bounded_path_correction,low,DENY,DENY_FORBIDDEN,hard_expired,1020.0,PARTITIONED,False,True,True,False,A_hard_expiry_capsule_contraction,tr_41578464d64c_gpu
paper_ssp_200m_strong_v1,0,150,150.0,1020.0,auv_03,bounded_path_correction,low,DENY,DENY_FORBIDDEN,hard_expired,1020.0,PARTITIONED,False,True,True,False,A_hard_expiry_capsule_contraction,tr_41578464d64c_gpu
paper_ssp_200m_strong_v1,0,150,150.0,1020.0,auv_04,abandon_mandatory_inspection,consequential,DENY,DENY_HARD_EXPIRY,hard_expired,1020.0,PARTITIONED,False,True,True,False,not_low_risk,tr_41578464d64c_gpu
paper_ssp_200m_strong_v1,0,150,150.0,1020.0,auv_05,bounded_path_correction,low,DENY,DENY_FORBIDDEN,hard_expired,1020.0,PARTITIONED,False,True,True,False,A_hard_expiry_capsule_contraction,tr_41578464d64c_gpu
paper_ssp_200m_strong_v1,0,150,150.0,1020.0,auv_06,enter_exclusion_zone,consequential,DENY,DENY_HARD_EXPIRY,hard_expired,1020.0,PARTITIONED,False,True,True,False,not_low_risk,tr_41578464d64c_gpu
paper_ssp_200m_strong_v1,0,150,150.0,1020.0,auv_07,enter_exclusion_zone,consequential,DENY,DENY_HARD_EXPIRY,hard_expired,1020.0,PARTITIONED,False,True,True,False,not_low_risk,tr_41578464d64c_gpu
paper_ssp_200m_strong_v1,0,150,150.0,1020.0,auv_08,exceed_return_energy_reserve,consequential,DENY,DENY_HARD_EXPIRY,hard_expired,1020.0,PARTITIONED,False,True,True,False,not_low_risk,tr_41578464d64c_gpu
paper_ssp_200m_strong_v1,0,150,150.0,1020.0,auv_09,hold_station,low,DENY,DENY_FORBIDDEN,hard_expired,1020.0,PARTITIONED,False,True,True,False,A_hard_expiry_capsule_contraction,tr_41578464d64c_gpu
paper_ssp_200m_strong_v1,0,150,150.0,1020.0,auv_10,enter_exclusion_zone,consequential,DENY,DENY_HARD_EXPIRY,hard_expired,1020.0,PARTITIONED,False,True,True,False,not_low_risk,tr_41578464d64c_gpu
paper_ssp_200m_strong_v1,0,150,150.0,1020.0,auv_11,bounded_path_correction,low,DENY,DENY_FORBIDDEN,hard_expired,1020.0,PARTITIONED,False,True,True,False,A_hard_expiry_capsule_contraction,tr_41578464d64c_gpu
paper_ssp_200m_strong_v1,0,150,150.0,1040.0,auv_00,bounded_path_correction,low,DENY,DENY_FORBIDDEN,hard_expired,1040.0,PARTITIONED,False,True,True,False,A_hard_expiry_capsule_contraction,tr_41578464d64c_gpu
paper_ssp_200m_strong_v1,0,150,150.0,1040.0,auv_01,bounded_path_correction,low,DENY,DENY_FORBIDDEN,hard_expired,1040.0,PARTITIONED,False,True,True,False,A_hard_expiry_capsule_contraction,tr_41578464d64c_gpu
paper_ssp_200m_strong_v1,0,150,150.0,1040.0,auv_02,bounded_path_correction,low,DENY,DENY_FORBIDDEN,hard_expired,1040.0,PARTITIONED,False,True,True,False,A_hard_expiry_capsule_contraction,tr_41578464d64c_gpu
paper_ssp_200m_strong_v1,0,150,150.0,1040.0,auv_03,bounded_path_correction,low,DENY,DENY_FORBIDDEN,hard_expired,1040.0,PARTITIONED,False,True,True,False,A_hard_expiry_capsule_contraction,tr_41578464d64c_gpu
paper_ssp_200m_strong_v1,0,150,150.0,1040.0,auv_04,abandon_mandatory_inspection,consequential,DENY,DENY_HARD_EXPIRY,hard_expired,1040.0,PARTITIONED,False,True,True,False,not_low_risk,tr_41578464d64c_gpu
paper_ssp_200m_strong_v1,0,150,150.0,1040.0,auv_05,bounded_path_correction,low,DENY,DENY_FORBIDDEN,hard_expired,1040.0,PARTITIONED,False,True,True,False,A_hard_expiry_capsule_contraction,tr_41578464d64c_gpu
paper_ssp_200m_strong_v1,0,150,150.0,1040.0,auv_06,enter_exclusion_zone,consequential,DENY,DENY_HARD_EXPIRY,hard_expired,1040.0,PARTITIONED,False,True,True,False,not_low_risk,tr_41578464d64c_gpu
paper_ssp_200m_strong_v1,0,150,150.0,1040.0,auv_07,enter_exclusion_zone,consequential,DENY,DENY_HARD_EXPIRY,hard_expired,1040.0,PARTITIONED,False,True,True,False,not_low_risk,tr_41578464d64c_gpu
paper_ssp_200m_strong_v1,0,150,150.0,1040.0,auv_08,exceed_return_energy_reserve,consequential,DENY,DENY_HARD_EXPIRY,hard_expired,1040.0,PARTITIONED,False,True,True,False,not_low_risk,tr_41578464d64c_gpu
paper_ssp_200m_strong_v1,0,150,150.0,1040.0,auv_09,hold_station,low,DENY,DENY_FORBIDDEN,hard_expired,1040.0,PARTITIONED,False,True,True,False,A_hard_expiry_capsule_contraction,tr_41578464d64c_gpu
paper_ssp_200m_strong_v1,0,150,150.0,1040.0,auv_10,enter_exclusion_zone,consequential,DENY,DENY_HARD_EXPIRY,hard_expired,1040.0,PARTITIONED,False,True,True,False,not_low_risk,tr_41578464d64c_gpu
paper_ssp_200m_strong_v1,0,150,150.0,1040.0,auv_11,change_high_level_objective,consequential,DENY,DENY_HARD_EXPIRY,hard_expired,1040.0,PARTITIONED,False,True,True,False,not_low_risk,tr_41578464d64c_gpu
paper_ssp_200m_strong_v1,0,150,150.0,1060.0,auv_00,bounded_path_correction,low,DENY,DENY_FORBIDDEN,hard_expired,1060.0,PARTITIONED,False,True,True,False,A_hard_expiry_capsule_contraction,tr_41578464d64c_gpu
paper_ssp_200m_strong_v1,0,150,150.0,1060.0,auv_01,bounded_path_correction,low,DENY,DENY_FORBIDDEN,hard_expired,1060.0,PARTITIONED,False,True,True,False,A_hard_expiry_capsule_contraction,tr_41578464d64c_gpu
paper_ssp_200m_strong_v1,0,150,150.0,1060.0,auv_02,bounded_path_correction,low,DENY,DENY_FORBIDDEN,hard_expired,1060.0,PARTITIONED,False,True,True,False,A_hard_expiry_capsule_contraction,tr_41578464d64c_gpu
paper_ssp_200m_strong_v1,0,150,150.0,1060.0,auv_03,bounded_path_correction,low,DENY,DENY_FORBIDDEN,hard_expired,1060.0,PARTITIONED,False,True,True,False,A_hard_expiry_capsule_contraction,tr_41578464d64c_gpu
paper_ssp_200m_strong_v1,0,150,150.0,1060.0,auv_04,abandon_mandatory_inspection,consequential,DENY,DENY_HARD_EXPIRY,hard_expired,1060.0,PARTITIONED,False,True,True,False,not_low_risk,tr_41578464d64c_gpu
paper_ssp_200m_strong_v1,0,150,150.0,1060.0,auv_05,bounded_path_correction,low,DENY,DENY_FORBIDDEN,hard_expired,1060.0,PARTITIONED,False,True,True,False,A_hard_expiry_capsule_contraction,tr_41578464d64c_gpu
paper_ssp_200m_strong_v1,0,150,150.0,1060.0,auv_06,enter_exclusion_zone,consequential,DENY,DENY_HARD_EXPIRY,hard_expired,1060.0,PARTITIONED,False,True,True,False,not_low_risk,tr_41578464d64c_gpu
paper_ssp_200m_strong_v1,0,150,150.0,1060.0,auv_07,enter_exclusion_zone,consequential,DENY,DENY_HARD_EXPIRY,hard_expired,1060.0,PARTITIONED,False,True,True,False,not_low_risk,tr_41578464d64c_gpu
paper_ssp_200m_strong_v1,0,150,150.0,1060.0,auv_08,exceed_return_energy_reserve,consequential,DENY,DENY_HARD_EXPIRY,hard_expired,1060.0,PARTITIONED,False,True,True,False,not_low_risk,tr_41578464d64c_gpu
paper_ssp_200m_strong_v1,0,150,150.0,1060.0,auv_09,hold_station,low,DENY,DENY_FORBIDDEN,hard_expired,1060.0,PARTITIONED,False,True,True,False,A_hard_expiry_capsule_contraction,tr_41578464d64c_gpu
paper_ssp_200m_strong_v1,0,150,150.0,1060.0,auv_10,enter_exclusion_zone,consequential,DENY,DENY_HARD_EXPIRY,hard_expired,1060.0,PARTITIONED,False,True,True,False,not_low_risk,tr_41578464d64c_gpu
paper_ssp_200m_strong_v1,0,150,150.0,1060.0,auv_11,bounded_path_correction,low,DENY,DENY_FORBIDDEN,hard_expired,1060.0,PARTITIONED,False,True,True,False,A_hard_expiry_capsule_contraction,tr_41578464d64c_gpu
paper_ssp_200m_strong_v1,0,150,150.0,1080.0,auv_00,bounded_path_correction,low,DENY,DENY_FORBIDDEN,hard_expired,1080.0,PARTITIONED,False,True,True,False,A_hard_expiry_capsule_contraction,tr_41578464d64c_gpu
paper_ssp_200m_strong_v1,0,150,150.0,1080.0,auv_01,bounded_path_correction,low,DENY,DENY_FORBIDDEN,hard_expired,1080.0,PARTITIONED,False,True,True,False,A_hard_expiry_capsule_contraction,tr_41578464d64c_gpu
paper_ssp_200m_strong_v1,0,150,150.0,1080.0,auv_02,bounded_path_correction,low,DENY,DENY_FORBIDDEN,hard_expired,1080.0,PARTITIONED,False,True,True,False,A_hard_expiry_capsule_contraction,tr_41578464d64c_gpu
paper_ssp_200m_strong_v1,0,150,150.0,1080.0,auv_03,bounded_path_correction,low,DENY,DENY_FORBIDDEN,hard_expired,1080.0,PARTITIONED,False,True,True,False,A_hard_expiry_capsule_contraction,tr_41578464d64c_gpu
paper_ssp_200m_strong_v1,0,150,150.0,1080.0,auv_04,abandon_mandatory_inspection,consequential,DENY,DENY_HARD_EXPIRY,hard_expired,1080.0,PARTITIONED,False,True,True,False,not_low_risk,tr_41578464d64c_gpu
paper_ssp_200m_strong_v1,0,150,150.0,1080.0,auv_05,bounded_path_correction,low,DENY,DENY_FORBIDDEN,hard_expired,1080.0,PARTITIONED,False,True,True,False,A_hard_expiry_capsule_contraction,tr_41578464d64c_gpu
paper_ssp_200m_strong_v1,0,150,150.0,1080.0,auv_06,enter_exclusion_zone,consequential,DENY,DENY_HARD_EXPIRY,hard_expired,1080.0,PARTITIONED,False,True,True,False,not_low_risk,tr_41578464d64c_gpu
paper_ssp_200m_strong_v1,0,150,150.0,1080.0,auv_07,enter_exclusion_zone,consequential,DENY,DENY_HARD_EXPIRY,hard_expired,1080.0,PARTITIONED,False,True,True,False,not_low_risk,tr_41578464d64c_gpu
paper_ssp_200m_strong_v1,0,150,150.0,1080.0,auv_08,exceed_return_energy_reserve,consequential,DENY,DENY_HARD_EXPIRY,hard_expired,1080.0,PARTITIONED,False,True,True,False,not_low_risk,tr_41578464d64c_gpu
paper_ssp_200m_strong_v1,0,150,150.0,1080.0,auv_09,hold_station,low,DENY,DENY_FORBIDDEN,hard_expired,1080.0,PARTITIONED,False,True,True,False,A_hard_expiry_capsule_contraction,tr_41578464d64c_gpu
paper_ssp_200m_strong_v1,0,150,150.0,1080.0,auv_10,enter_exclusion_zone,consequential,DENY,DENY_HARD_EXPIRY,hard_expired,1080.0,PARTITIONED,False,True,True,False,not_low_risk,tr_41578464d64c_gpu
paper_ssp_200m_strong_v1,0,150,150.0,1080.0,auv_11,bounded_path_correction,low,DENY,DENY_FORBIDDEN,hard_expired,1080.0,PARTITIONED,False,True,True,False,A_hard_expiry_capsule_contraction,tr_41578464d64c_gpu
paper_ssp_200m_strong_v1,0,150,150.0,1100.0,auv_00,bounded_path_correction,low,DENY,DENY_FORBIDDEN,hard_expired,1100.0,PARTITIONED,False,True,True,False,A_hard_expiry_capsule_contraction,tr_41578464d64c_gpu
paper_ssp_200m_strong_v1,0,150,150.0,1100.0,auv_01,bounded_path_correction,low,DENY,DENY_FORBIDDEN,hard_expired,1100.0,PARTITIONED,False,True,True,False,A_hard_expiry_capsule_contraction,tr_41578464d64c_gpu
paper_ssp_200m_strong_v1,0,150,150.0,1100.0,auv_02,bounded_path_correction,low,DENY,DENY_FORBIDDEN,hard_expired,1100.0,PARTITIONED,False,True,True,False,A_hard_expiry_capsule_contraction,tr_41578464d64c_gpu
paper_ssp_200m_strong_v1,0,150,150.0,1100.0,auv_03,bounded_path_correction,low,DENY,DENY_FORBIDDEN,hard_expired,1100.0,PARTITIONED,False,True,True,False,A_hard_expiry_capsule_contraction,tr_41578464d64c_gpu
paper_ssp_200m_strong_v1,0,150,150.0,1100.0,auv_04,abandon_mandatory_inspection,consequential,DENY,DENY_HARD_EXPIRY,hard_expired,1100.0,PARTITIONED,False,True,True,False,not_low_risk,tr_41578464d64c_gpu
paper_ssp_200m_strong_v1,0,150,150.0,1100.0,auv_05,bounded_path_correction,low,DENY,DENY_FORBIDDEN,hard_expired,1100.0,PARTITIONED,False,True,True,False,A_hard_expiry_capsule_contraction,tr_41578464d64c_gpu
paper_ssp_200m_strong_v1,0,150,150.0,1100.0,auv_06,enter_exclusion_zone,consequential,DENY,DENY_HARD_EXPIRY,hard_expired,1100.0,PARTITIONED,False,True,True,False,not_low_risk,tr_41578464d64c_gpu
paper_ssp_200m_strong_v1,0,150,150.0,1100.0,auv_07,enter_exclusion_zone,consequential,DENY,DENY_HARD_EXPIRY,hard_expired,1100.0,PARTITIONED,False,True,True,False,not_low_risk,tr_41578464d64c_gpu
paper_ssp_200m_strong_v1,0,150,150.0,1100.0,auv_08,exceed_return_energy_reserve,consequential,DENY,DENY_HARD_EXPIRY,hard_expired,1100.0,PARTITIONED,False,True,True,False,not_low_risk,tr_41578464d64c_gpu
paper_ssp_200m_strong_v1,0,150,150.0,1100.0,auv_09,hold_station,low,DENY,DENY_FORBIDDEN,hard_expired,1100.0,PARTITIONED,False,True,True,False,A_hard_expiry_capsule_contraction,tr_41578464d64c_gpu
paper_ssp_200m_strong_v1,0,150,150.0,1100.0,auv_10,enter_exclusion_zone,consequential,DENY,DENY_HARD_EXPIRY,hard_expired,1100.0,PARTITIONED,False,True,True,False,not_low_risk,tr_41578464d64c_gpu
paper_ssp_200m_strong_v1,0,150,150.0,1100.0,auv_11,bounded_path_correction,low,DENY,DENY_FORBIDDEN,hard_expired,1100.0,PARTITIONED,False,True,True,False,A_hard_expiry_capsule_contraction,tr_41578464d64c_gpu
paper_ssp_200m_strong_v1,0,150,150.0,1120.0,auv_00,bounded_path_correction,low,DENY,DENY_FORBIDDEN,hard_expired,1120.0,PARTITIONED,False,True,True,False,A_hard_expiry_capsule_contraction,tr_41578464d64c_gpu
paper_ssp_200m_strong_v1,0,150,150.0,1120.0,auv_01,bounded_path_correction,low,DENY,DENY_FORBIDDEN,hard_expired,1120.0,PARTITIONED,False,True,True,False,A_hard_expiry_capsule_contraction,tr_41578464d64c_gpu
paper_ssp_200m_strong_v1,0,150,150.0,1120.0,auv_02,bounded_path_correction,low,DENY,DENY_FORBIDDEN,hard_expired,1120.0,PARTITIONED,False,True,True,False,A_hard_expiry_capsule_contraction,tr_41578464d64c_gpu
paper_ssp_200m_strong_v1,0,150,150.0,1120.0,auv_03,bounded_path_correction,low,DENY,DENY_FORBIDDEN,hard_expired,1120.0,PARTITIONED,False,True,True,False,A_hard_expiry_capsule_contraction,tr_41578464d64c_gpu
paper_ssp_200m_strong_v1,0,150,150.0,1120.0,auv_04,abandon_mandatory_inspection,consequential,DENY,DENY_HARD_EXPIRY,hard_expired,1120.0,PARTITIONED,False,True,True,False,not_low_risk,tr_41578464d64c_gpu
paper_ssp_200m_strong_v1,0,150,150.0,1120.0,auv_05,bounded_path_correction,low,DENY,DENY_FORBIDDEN,hard_expired,1120.0,PARTITIONED,False,True,True,False,A_hard_expiry_capsule_contraction,tr_41578464d64c_gpu
paper_ssp_200m_strong_v1,0,150,150.0,1120.0,auv_06,enter_exclusion_zone,consequential,DENY,DENY_HARD_EXPIRY,hard_expired,1120.0,PARTITIONED,False,True,True,False,not_low_risk,tr_41578464d64c_gpu
paper_ssp_200m_strong_v1,0,150,150.0,1120.0,auv_07,enter_exclusion_zone,consequential,DENY,DENY_HARD_EXPIRY,hard_expired,1120.0,PARTITIONED,False,True,True,False,not_low_risk,tr_41578464d64c_gpu
paper_ssp_200m_strong_v1,0,150,150.0,1120.0,auv_08,exceed_return_energy_reserve,consequential,DENY,DENY_HARD_EXPIRY,hard_expired,1120.0,PARTITIONED,False,True,True,False,not_low_risk,tr_41578464d64c_gpu
paper_ssp_200m_strong_v1,0,150,150.0,1120.0,auv_09,hold_station,low,DENY,DENY_FORBIDDEN,hard_expired,1120.0,PARTITIONED,False,True,True,False,A_hard_expiry_capsule_contraction,tr_41578464d64c_gpu
paper_ssp_200m_strong_v1,0,150,150.0,1120.0,auv_10,enter_exclusion_zone,consequential,DENY,DENY_HARD_EXPIRY,hard_expired,1120.0,PARTITIONED,False,True,True,False,not_low_risk,tr_41578464d64c_gpu
paper_ssp_200m_strong_v1,0,150,150.0,1120.0,auv_11,change_high_level_objective,consequential,DENY,DENY_HARD_EXPIRY,hard_expired,1120.0,PARTITIONED,False,True,True,False,not_low_risk,tr_41578464d64c_gpu
paper_ssp_200m_strong_v1,0,150,150.0,1140.0,auv_00,bounded_path_correction,low,DENY,DENY_FORBIDDEN,hard_expired,1140.0,PARTITIONED,False,True,True,False,A_hard_expiry_capsule_contraction,tr_41578464d64c_gpu
paper_ssp_200m_strong_v1,0,150,150.0,1140.0,auv_01,bounded_path_correction,low,DENY,DENY_FORBIDDEN,hard_expired,1140.0,PARTITIONED,False,True,True,False,A_hard_expiry_capsule_contraction,tr_41578464d64c_gpu
paper_ssp_200m_strong_v1,0,150,150.0,1140.0,auv_02,bounded_path_correction,low,DENY,DENY_FORBIDDEN,hard_expired,1140.0,PARTITIONED,False,True,True,False,A_hard_expiry_capsule_contraction,tr_41578464d64c_gpu
paper_ssp_200m_strong_v1,0,150,150.0,1140.0,auv_03,bounded_path_correction,low,DENY,DENY_FORBIDDEN,hard_expired,1140.0,PARTITIONED,False,True,True,False,A_hard_expiry_capsule_contraction,tr_41578464d64c_gpu
paper_ssp_200m_strong_v1,0,150,150.0,1140.0,auv_04,abandon_mandatory_inspection,consequential,DENY,DENY_HARD_EXPIRY,hard_expired,1140.0,PARTITIONED,False,True,True,False,not_low_risk,tr_41578464d64c_gpu
paper_ssp_200m_strong_v1,0,150,150.0,1140.0,auv_05,bounded_path_correction,low,DENY,DENY_FORBIDDEN,hard_expired,1140.0,PARTITIONED,False,True,True,False,A_hard_expiry_capsule_contraction,tr_41578464d64c_gpu
paper_ssp_200m_strong_v1,0,150,150.0,1140.0,auv_06,exceed_return_energy_reserve,consequential,DENY,DENY_HARD_EXPIRY,hard_expired,1140.0,PARTITIONED,False,True,True,False,not_low_risk,tr_41578464d64c_gpu
paper_ssp_200m_strong_v1,0,150,150.0,1140.0,auv_07,exceed_return_energy_reserve,consequential,DENY,DENY_HARD_EXPIRY,hard_expired,1140.0,PARTITIONED,False,True,True,False,not_low_risk,tr_41578464d64c_gpu
paper_ssp_200m_strong_v1,0,150,150.0,1140.0,auv_08,exceed_return_energy_reserve,consequential,DENY,DENY_HARD_EXPIRY,hard_expired,1140.0,PARTITIONED,False,True,True,False,not_low_risk,tr_41578464d64c_gpu
paper_ssp_200m_strong_v1,0,150,150.0,1140.0,auv_09,hold_station,low,DENY,DENY_FORBIDDEN,hard_expired,1140.0,PARTITIONED,False,True,True,False,A_hard_expiry_capsule_contraction,tr_41578464d64c_gpu
paper_ssp_200m_strong_v1,0,150,150.0,1140.0,auv_10,exceed_return_energy_reserve,consequential,DENY,DENY_HARD_EXPIRY,hard_expired,1140.0,PARTITIONED,False,True,True,False,not_low_risk,tr_41578464d64c_gpu
paper_ssp_200m_strong_v1,0,150,150.0,1140.0,auv_11,exceed_return_energy_reserve,consequential,DENY,DENY_HARD_EXPIRY,hard_expired,1140.0,PARTITIONED,False,True,True,False,not_low_risk,tr_41578464d64c_gpu
paper_ssp_200m_strong_v1,0,150,150.0,1160.0,auv_00,bounded_path_correction,low,DENY,DENY_FORBIDDEN,hard_expired,1160.0,PARTITIONED,False,True,True,False,A_hard_expiry_capsule_contraction,tr_41578464d64c_gpu
paper_ssp_200m_strong_v1,0,150,150.0,1160.0,auv_01,bounded_path_correction,low,DENY,DENY_FORBIDDEN,hard_expired,1160.0,PARTITIONED,False,True,True,False,A_hard_expiry_capsule_contraction,tr_41578464d64c_gpu
paper_ssp_200m_strong_v1,0,150,150.0,1160.0,auv_02,bounded_path_correction,low,DENY,DENY_FORBIDDEN,hard_expired,1160.0,PARTITIONED,False,True,True,False,A_hard_expiry_capsule_contraction,tr_41578464d64c_gpu
paper_ssp_200m_strong_v1,0,150,150.0,1160.0,auv_03,bounded_path_correction,low,DENY,DENY_FORBIDDEN,hard_expired,1160.0,PARTITIONED,False,True,True,False,A_hard_expiry_capsule_contraction,tr_41578464d64c_gpu
paper_ssp_200m_strong_v1,0,150,150.0,1160.0,auv_04,abandon_mandatory_inspection,consequential,DENY,DENY_HARD_EXPIRY,hard_expired,1160.0,PARTITIONED,False,True,True,False,not_low_risk,tr_41578464d64c_gpu
paper_ssp_200m_strong_v1,0,150,150.0,1160.0,auv_05,bounded_path_correction,low,DENY,DENY_FORBIDDEN,hard_expired,1160.0,PARTITIONED,False,True,True,False,A_hard_expiry_capsule_contraction,tr_41578464d64c_gpu
paper_ssp_200m_strong_v1,0,150,150.0,1160.0,auv_06,enter_exclusion_zone,consequential,DENY,DENY_HARD_EXPIRY,hard_expired,1160.0,PARTITIONED,False,True,True,False,not_low_risk,tr_41578464d64c_gpu
paper_ssp_200m_strong_v1,0,150,150.0,1160.0,auv_07,enter_exclusion_zone,consequential,DENY,DENY_HARD_EXPIRY,hard_expired,1160.0,PARTITIONED,False,True,True,False,not_low_risk,tr_41578464d64c_gpu
paper_ssp_200m_strong_v1,0,150,150.0,1160.0,auv_08,exceed_return_energy_reserve,consequential,DENY,DENY_HARD_EXPIRY,hard_expired,1160.0,PARTITIONED,False,True,True,False,not_low_risk,tr_41578464d64c_gpu
paper_ssp_200m_strong_v1,0,150,150.0,1160.0,auv_09,hold_station,low,DENY,DENY_FORBIDDEN,hard_expired,1160.0,PARTITIONED,False,True,True,False,A_hard_expiry_capsule_contraction,tr_41578464d64c_gpu
paper_ssp_200m_strong_v1,0,150,150.0,1160.0,auv_10,enter_exclusion_zone,consequential,DENY,DENY_HARD_EXPIRY,hard_expired,1160.0,PARTITIONED,False,True,True,False,not_low_risk,tr_41578464d64c_gpu
paper_ssp_200m_strong_v1,0,150,150.0,1160.0,auv_11,bounded_path_correction,low,DENY,DENY_FORBIDDEN,hard_expired,1160.0,PARTITIONED,False,True,True,False,A_hard_expiry_capsule_contraction,tr_41578464d64c_gpu
paper_ssp_200m_strong_v1,0,150,150.0,1180.0,auv_00,bounded_path_correction,low,DENY,DENY_FORBIDDEN,hard_expired,1180.0,PARTITIONED,False,True,True,False,A_hard_expiry_capsule_contraction,tr_41578464d64c_gpu
paper_ssp_200m_strong_v1,0,150,150.0,1180.0,auv_01,bounded_path_correction,low,DENY,DENY_FORBIDDEN,hard_expired,1180.0,PARTITIONED,False,True,True,False,A_hard_expiry_capsule_contraction,tr_41578464d64c_gpu
paper_ssp_200m_strong_v1,0,150,150.0,1180.0,auv_02,bounded_path_correction,low,DENY,DENY_FORBIDDEN,hard_expired,1180.0,PARTITIONED,False,True,True,False,A_hard_expiry_capsule_contraction,tr_41578464d64c_gpu
paper_ssp_200m_strong_v1,0,150,150.0,1180.0,auv_03,bounded_path_correction,low,DENY,DENY_FORBIDDEN,hard_expired,1180.0,PARTITIONED,False,True,True,False,A_hard_expiry_capsule_contraction,tr_41578464d64c_gpu
paper_ssp_200m_strong_v1,0,150,150.0,1180.0,auv_04,abandon_mandatory_inspection,consequential,DENY,DENY_HARD_EXPIRY,hard_expired,1180.0,PARTITIONED,False,True,True,False,not_low_risk,tr_41578464d64c_gpu
paper_ssp_200m_strong_v1,0,150,150.0,1180.0,auv_05,bounded_path_correction,low,DENY,DENY_FORBIDDEN,hard_expired,1180.0,PARTITIONED,False,True,True,False,A_hard_expiry_capsule_contraction,tr_41578464d64c_gpu
paper_ssp_200m_strong_v1,0,150,150.0,1180.0,auv_06,enter_exclusion_zone,consequential,DENY,DENY_HARD_EXPIRY,hard_expired,1180.0,PARTITIONED,False,True,True,False,not_low_risk,tr_41578464d64c_gpu
paper_ssp_200m_strong_v1,0,150,150.0,1180.0,auv_07,enter_exclusion_zone,consequential,DENY,DENY_HARD_EXPIRY,hard_expired,1180.0,PARTITIONED,False,True,True,False,not_low_risk,tr_41578464d64c_gpu
paper_ssp_200m_strong_v1,0,150,150.0,1180.0,auv_08,exceed_return_energy_reserve,consequential,DENY,DENY_HARD_EXPIRY,hard_expired,1180.0,PARTITIONED,False,True,True,False,not_low_risk,tr_41578464d64c_gpu
paper_ssp_200m_strong_v1,0,150,150.0,1180.0,auv_09,hold_station,low,DENY,DENY_FORBIDDEN,hard_expired,1180.0,PARTITIONED,False,True,True,False,A_hard_expiry_capsule_contraction,tr_41578464d64c_gpu
paper_ssp_200m_strong_v1,0,150,150.0,1180.0,auv_10,enter_exclusion_zone,consequential,DENY,DENY_HARD_EXPIRY,hard_expired,1180.0,PARTITIONED,False,True,True,False,not_low_risk,tr_41578464d64c_gpu
paper_ssp_200m_strong_v1,0,150,150.0,1180.0,auv_11,bounded_path_correction,low,DENY,DENY_FORBIDDEN,hard_expired,1180.0,PARTITIONED,False,True,True,False,A_hard_expiry_capsule_contraction,tr_41578464d64c_gpu
paper_ssp_200m_strong_v1,0,150,150.0,1200.0,auv_00,bounded_path_correction,low,DENY,DENY_FORBIDDEN,hard_expired,1200.0,PARTITIONED,False,True,True,False,A_hard_expiry_capsule_contraction,tr_41578464d64c_gpu
paper_ssp_200m_strong_v1,0,150,150.0,1200.0,auv_01,bounded_path_correction,low,DENY,DENY_FORBIDDEN,hard_expired,1200.0,PARTITIONED,False,True,True,False,A_hard_expiry_capsule_contraction,tr_41578464d64c_gpu
paper_ssp_200m_strong_v1,0,150,150.0,1200.0,auv_02,bounded_path_correction,low,DENY,DENY_FORBIDDEN,hard_expired,1200.0,PARTITIONED,False,True,True,False,A_hard_expiry_capsule_contraction,tr_41578464d64c_gpu
paper_ssp_200m_strong_v1,0,150,150.0,1200.0,auv_03,bounded_path_correction,low,DENY,DENY_FORBIDDEN,hard_expired,1200.0,PARTITIONED,False,True,True,False,A_hard_expiry_capsule_contraction,tr_41578464d64c_gpu
paper_ssp_200m_strong_v1,0,150,150.0,1200.0,auv_04,abandon_mandatory_inspection,consequential,DENY,DENY_HARD_EXPIRY,hard_expired,1200.0,PARTITIONED,False,True,True,False,not_low_risk,tr_41578464d64c_gpu
paper_ssp_200m_strong_v1,0,150,150.0,1200.0,auv_05,bounded_path_correction,low,DENY,DENY_FORBIDDEN,hard_expired,1200.0,PARTITIONED,False,True,True,False,A_hard_expiry_capsule_contraction,tr_41578464d64c_gpu
paper_ssp_200m_strong_v1,0,150,150.0,1200.0,auv_06,enter_exclusion_zone,consequential,DENY,DENY_HARD_EXPIRY,hard_expired,1200.0,PARTITIONED,False,True,True,False,not_low_risk,tr_41578464d64c_gpu
paper_ssp_200m_strong_v1,0,150,150.0,1200.0,auv_07,enter_exclusion_zone,consequential,DENY,DENY_HARD_EXPIRY,hard_expired,1200.0,PARTITIONED,False,True,True,False,not_low_risk,tr_41578464d64c_gpu
paper_ssp_200m_strong_v1,0,150,150.0,1200.0,auv_08,exceed_return_energy_reserve,consequential,DENY,DENY_HARD_EXPIRY,hard_expired,1200.0,PARTITIONED,False,True,True,False,not_low_risk,tr_41578464d64c_gpu
paper_ssp_200m_strong_v1,0,150,150.0,1200.0,auv_09,hold_station,low,DENY,DENY_FORBIDDEN,hard_expired,1200.0,PARTITIONED,False,True,True,False,A_hard_expiry_capsule_contraction,tr_41578464d64c_gpu
paper_ssp_200m_strong_v1,0,150,150.0,1200.0,auv_10,enter_exclusion_zone,consequential,DENY,DENY_HARD_EXPIRY,hard_expired,1200.0,PARTITIONED,False,True,True,False,not_low_risk,tr_41578464d64c_gpu
paper_ssp_200m_strong_v1,0,150,150.0,1200.0,auv_11,change_high_level_objective,consequential,DENY,DENY_HARD_EXPIRY,hard_expired,1200.0,PARTITIONED,False,True,True,False,not_low_risk,tr_41578464d64c_gpu
paper_ssp_200m_strong_v1,0,150,150.0,1220.0,auv_00,bounded_path_correction,low,DENY,DENY_FORBIDDEN,hard_expired,1220.0,PARTITIONED,False,True,True,False,A_hard_expiry_capsule_contraction,tr_41578464d64c_gpu
paper_ssp_200m_strong_v1,0,150,150.0,1220.0,auv_01,bounded_path_correction,low,DENY,DENY_FORBIDDEN,hard_expired,1220.0,PARTITIONED,False,True,True,False,A_hard_expiry_capsule_contraction,tr_41578464d64c_gpu
paper_ssp_200m_strong_v1,0,150,150.0,1220.0,auv_02,bounded_path_correction,low,DENY,DENY_FORBIDDEN,hard_expired,1220.0,PARTITIONED,False,True,True,False,A_hard_expiry_capsule_contraction,tr_41578464d64c_gpu
paper_ssp_200m_strong_v1,0,150,150.0,1220.0,auv_03,bounded_path_correction,low,DENY,DENY_FORBIDDEN,hard_expired,1220.0,PARTITIONED,False,True,True,False,A_hard_expiry_capsule_contraction,tr_41578464d64c_gpu
paper_ssp_200m_strong_v1,0,150,150.0,1220.0,auv_04,abandon_mandatory_inspection,consequential,DENY,DENY_HARD_EXPIRY,hard_expired,1220.0,PARTITIONED,False,True,True,False,not_low_risk,tr_41578464d64c_gpu
paper_ssp_200m_strong_v1,0,150,150.0,1220.0,auv_05,bounded_path_correction,low,DENY,DENY_FORBIDDEN,hard_expired,1220.0,PARTITIONED,False,True,True,False,A_hard_expiry_capsule_contraction,tr_41578464d64c_gpu
paper_ssp_200m_strong_v1,0,150,150.0,1220.0,auv_06,enter_exclusion_zone,consequential,DENY,DENY_HARD_EXPIRY,hard_expired,1220.0,PARTITIONED,False,True,True,False,not_low_risk,tr_41578464d64c_gpu
paper_ssp_200m_strong_v1,0,150,150.0,1220.0,auv_07,enter_exclusion_zone,consequential,DENY,DENY_HARD_EXPIRY,hard_expired,1220.0,PARTITIONED,False,True,True,False,not_low_risk,tr_41578464d64c_gpu
paper_ssp_200m_strong_v1,0,150,150.0,1220.0,auv_08,exceed_return_energy_reserve,consequential,DENY,DENY_HARD_EXPIRY,hard_expired,1220.0,PARTITIONED,False,True,True,False,not_low_risk,tr_41578464d64c_gpu
paper_ssp_200m_strong_v1,0,150,150.0,1220.0,auv_09,hold_station,low,DENY,DENY_FORBIDDEN,hard_expired,1220.0,PARTITIONED,False,True,True,False,A_hard_expiry_capsule_contraction,tr_41578464d64c_gpu
paper_ssp_200m_strong_v1,0,150,150.0,1220.0,auv_10,enter_exclusion_zone,consequential,DENY,DENY_HARD_EXPIRY,hard_expired,1220.0,PARTITIONED,False,True,True,False,not_low_risk,tr_41578464d64c_gpu
paper_ssp_200m_strong_v1,0,150,150.0,1220.0,auv_11,bounded_path_correction,low,DENY,DENY_FORBIDDEN,hard_expired,1220.0,PARTITIONED,False,True,True,False,A_hard_expiry_capsule_contraction,tr_41578464d64c_gpu
paper_ssp_200m_strong_v1,0,150,150.0,1240.0,auv_00,bounded_path_correction,low,DENY,DENY_FORBIDDEN,hard_expired,1240.0,PARTITIONED,False,True,True,False,A_hard_expiry_capsule_contraction,tr_41578464d64c_gpu
paper_ssp_200m_strong_v1,0,150,150.0,1240.0,auv_01,bounded_path_correction,low,DENY,DENY_FORBIDDEN,hard_expired,1240.0,PARTITIONED,False,True,True,False,A_hard_expiry_capsule_contraction,tr_41578464d64c_gpu
paper_ssp_200m_strong_v1,0,150,150.0,1240.0,auv_02,bounded_path_correction,low,DENY,DENY_FORBIDDEN,hard_expired,1240.0,PARTITIONED,False,True,True,False,A_hard_expiry_capsule_contraction,tr_41578464d64c_gpu
paper_ssp_200m_strong_v1,0,150,150.0,1240.0,auv_03,bounded_path_correction,low,DENY,DENY_FORBIDDEN,hard_expired,1240.0,PARTITIONED,False,True,True,False,A_hard_expiry_capsule_contraction,tr_41578464d64c_gpu
paper_ssp_200m_strong_v1,0,150,150.0,1240.0,auv_04,abandon_mandatory_inspection,consequential,DENY,DENY_HARD_EXPIRY,hard_expired,1240.0,PARTITIONED,False,True,True,False,not_low_risk,tr_41578464d64c_gpu
paper_ssp_200m_strong_v1,0,150,150.0,1240.0,auv_05,bounded_path_correction,low,DENY,DENY_FORBIDDEN,hard_expired,1240.0,PARTITIONED,False,True,True,False,A_hard_expiry_capsule_contraction,tr_41578464d64c_gpu
paper_ssp_200m_strong_v1,0,150,150.0,1240.0,auv_06,enter_exclusion_zone,consequential,DENY,DENY_HARD_EXPIRY,hard_expired,1240.0,PARTITIONED,False,True,True,False,not_low_risk,tr_41578464d64c_gpu
paper_ssp_200m_strong_v1,0,150,150.0,1240.0,auv_07,enter_exclusion_zone,consequential,DENY,DENY_HARD_EXPIRY,hard_expired,1240.0,PARTITIONED,False,True,True,False,not_low_risk,tr_41578464d64c_gpu
paper_ssp_200m_strong_v1,0,150,150.0,1240.0,auv_08,exceed_return_energy_reserve,consequential,DENY,DENY_HARD_EXPIRY,hard_expired,1240.0,PARTITIONED,False,True,True,False,not_low_risk,tr_41578464d64c_gpu
paper_ssp_200m_strong_v1,0,150,150.0,1240.0,auv_09,hold_station,low,DENY,DENY_FORBIDDEN,hard_expired,1240.0,PARTITIONED,False,True,True,False,A_hard_expiry_capsule_contraction,tr_41578464d64c_gpu
paper_ssp_200m_strong_v1,0,150,150.0,1240.0,auv_10,enter_exclusion_zone,consequential,DENY,DENY_HARD_EXPIRY,hard_expired,1240.0,PARTITIONED,False,True,True,False,not_low_risk,tr_41578464d64c_gpu
paper_ssp_200m_strong_v1,0,150,150.0,1240.0,auv_11,bounded_path_correction,low,DENY,DENY_FORBIDDEN,hard_expired,1240.0,PARTITIONED,False,True,True,False,A_hard_expiry_capsule_contraction,tr_41578464d64c_gpu
paper_ssp_200m_strong_v1,0,150,150.0,1260.0,auv_00,bounded_path_correction,low,DENY,DENY_FORBIDDEN,hard_expired,1260.0,PARTITIONED,False,True,True,False,A_hard_expiry_capsule_contraction,tr_41578464d64c_gpu
paper_ssp_200m_strong_v1,0,150,150.0,1260.0,auv_01,bounded_path_correction,low,DENY,DENY_FORBIDDEN,hard_expired,1260.0,PARTITIONED,False,True,True,False,A_hard_expiry_capsule_contraction,tr_41578464d64c_gpu
paper_ssp_200m_strong_v1,0,150,150.0,1260.0,auv_02,bounded_path_correction,low,DENY,DENY_FORBIDDEN,hard_expired,1260.0,PARTITIONED,False,True,True,False,A_hard_expiry_capsule_contraction,tr_41578464d64c_gpu
paper_ssp_200m_strong_v1,0,150,150.0,1260.0,auv_03,bounded_path_correction,low,DENY,DENY_FORBIDDEN,hard_expired,1260.0,PARTITIONED,False,True,True,False,A_hard_expiry_capsule_contraction,tr_41578464d64c_gpu
paper_ssp_200m_strong_v1,0,150,150.0,1260.0,auv_04,abandon_mandatory_inspection,consequential,DENY,DENY_HARD_EXPIRY,hard_expired,1260.0,PARTITIONED,False,True,True,False,not_low_risk,tr_41578464d64c_gpu
paper_ssp_200m_strong_v1,0,150,150.0,1260.0,auv_05,bounded_path_correction,low,DENY,DENY_FORBIDDEN,hard_expired,1260.0,PARTITIONED,False,True,True,False,A_hard_expiry_capsule_contraction,tr_41578464d64c_gpu
paper_ssp_200m_strong_v1,0,150,150.0,1260.0,auv_06,enter_exclusion_zone,consequential,DENY,DENY_HARD_EXPIRY,hard_expired,1260.0,PARTITIONED,False,True,True,False,not_low_risk,tr_41578464d64c_gpu
paper_ssp_200m_strong_v1,0,150,150.0,1260.0,auv_07,enter_exclusion_zone,consequential,DENY,DENY_HARD_EXPIRY,hard_expired,1260.0,PARTITIONED,False,True,True,False,not_low_risk,tr_41578464d64c_gpu
paper_ssp_200m_strong_v1,0,150,150.0,1260.0,auv_08,exceed_return_energy_reserve,consequential,DENY,DENY_HARD_EXPIRY,hard_expired,1260.0,PARTITIONED,False,True,True,False,not_low_risk,tr_41578464d64c_gpu
paper_ssp_200m_strong_v1,0,150,150.0,1260.0,auv_09,hold_station,low,DENY,DENY_FORBIDDEN,hard_expired,1260.0,PARTITIONED,False,True,True,False,A_hard_expiry_capsule_contraction,tr_41578464d64c_gpu
paper_ssp_200m_strong_v1,0,150,150.0,1260.0,auv_10,enter_exclusion_zone,consequential,DENY,DENY_HARD_EXPIRY,hard_expired,1260.0,PARTITIONED,False,True,True,False,not_low_risk,tr_41578464d64c_gpu
paper_ssp_200m_strong_v1,0,150,150.0,1260.0,auv_11,bounded_path_correction,low,DENY,DENY_FORBIDDEN,hard_expired,1260.0,PARTITIONED,False,True,True,False,A_hard_expiry_capsule_contraction,tr_41578464d64c_gpu
paper_ssp_200m_strong_v1,0,150,150.0,1280.0,auv_00,bounded_path_correction,low,DENY,DENY_FORBIDDEN,hard_expired,1280.0,PARTITIONED,False,True,True,False,A_hard_expiry_capsule_contraction,tr_41578464d64c_gpu
paper_ssp_200m_strong_v1,0,150,150.0,1280.0,auv_01,bounded_path_correction,low,DENY,DENY_FORBIDDEN,hard_expired,1280.0,PARTITIONED,False,True,True,False,A_hard_expiry_capsule_contraction,tr_41578464d64c_gpu
paper_ssp_200m_strong_v1,0,150,150.0,1280.0,auv_02,bounded_path_correction,low,DENY,DENY_FORBIDDEN,hard_expired,1280.0,PARTITIONED,False,True,True,False,A_hard_expiry_capsule_contraction,tr_41578464d64c_gpu
paper_ssp_200m_strong_v1,0,150,150.0,1280.0,auv_03,bounded_path_correction,low,DENY,DENY_FORBIDDEN,hard_expired,1280.0,PARTITIONED,False,True,True,False,A_hard_expiry_capsule_contraction,tr_41578464d64c_gpu
paper_ssp_200m_strong_v1,0,150,150.0,1280.0,auv_04,abandon_mandatory_inspection,consequential,DENY,DENY_HARD_EXPIRY,hard_expired,1280.0,PARTITIONED,False,True,True,False,not_low_risk,tr_41578464d64c_gpu
paper_ssp_200m_strong_v1,0,150,150.0,1280.0,auv_05,bounded_path_correction,low,DENY,DENY_FORBIDDEN,hard_expired,1280.0,PARTITIONED,False,True,True,False,A_hard_expiry_capsule_contraction,tr_41578464d64c_gpu
paper_ssp_200m_strong_v1,0,150,150.0,1280.0,auv_06,enter_exclusion_zone,consequential,DENY,DENY_HARD_EXPIRY,hard_expired,1280.0,PARTITIONED,False,True,True,False,not_low_risk,tr_41578464d64c_gpu
paper_ssp_200m_strong_v1,0,150,150.0,1280.0,auv_07,enter_exclusion_zone,consequential,DENY,DENY_HARD_EXPIRY,hard_expired,1280.0,PARTITIONED,False,True,True,False,not_low_risk,tr_41578464d64c_gpu
paper_ssp_200m_strong_v1,0,150,150.0,1280.0,auv_08,exceed_return_energy_reserve,consequential,DENY,DENY_HARD_EXPIRY,hard_expired,1280.0,PARTITIONED,False,True,True,False,not_low_risk,tr_41578464d64c_gpu
paper_ssp_200m_strong_v1,0,150,150.0,1280.0,auv_09,hold_station,low,DENY,DENY_FORBIDDEN,hard_expired,1280.0,PARTITIONED,False,True,True,False,A_hard_expiry_capsule_contraction,tr_41578464d64c_gpu
paper_ssp_200m_strong_v1,0,150,150.0,1280.0,auv_10,enter_exclusion_zone,consequential,DENY,DENY_HARD_EXPIRY,hard_expired,1280.0,PARTITIONED,False,True,True,False,not_low_risk,tr_41578464d64c_gpu
paper_ssp_200m_strong_v1,0,150,150.0,1280.0,auv_11,change_high_level_objective,consequential,DENY,DENY_HARD_EXPIRY,hard_expired,1280.0,PARTITIONED,False,True,True,False,not_low_risk,tr_41578464d64c_gpu
paper_ssp_200m_strong_v1,0,150,150.0,1300.0,auv_00,bounded_path_correction,low,DENY,DENY_FORBIDDEN,hard_expired,1300.0,PARTITIONED,False,True,True,False,A_hard_expiry_capsule_contraction,tr_41578464d64c_gpu
paper_ssp_200m_strong_v1,0,150,150.0,1300.0,auv_01,bounded_path_correction,low,DENY,DENY_FORBIDDEN,hard_expired,1300.0,PARTITIONED,False,True,True,False,A_hard_expiry_capsule_contraction,tr_41578464d64c_gpu
paper_ssp_200m_strong_v1,0,150,150.0,1300.0,auv_02,bounded_path_correction,low,DENY,DENY_FORBIDDEN,hard_expired,1300.0,PARTITIONED,False,True,True,False,A_hard_expiry_capsule_contraction,tr_41578464d64c_gpu
paper_ssp_200m_strong_v1,0,150,150.0,1300.0,auv_03,bounded_path_correction,low,DENY,DENY_FORBIDDEN,hard_expired,1300.0,PARTITIONED,False,True,True,False,A_hard_expiry_capsule_contraction,tr_41578464d64c_gpu
paper_ssp_200m_strong_v1,0,150,150.0,1300.0,auv_04,abandon_mandatory_inspection,consequential,DENY,DENY_HARD_EXPIRY,hard_expired,1300.0,PARTITIONED,False,True,True,False,not_low_risk,tr_41578464d64c_gpu
paper_ssp_200m_strong_v1,0,150,150.0,1300.0,auv_05,bounded_path_correction,low,DENY,DENY_FORBIDDEN,hard_expired,1300.0,PARTITIONED,False,True,True,False,A_hard_expiry_capsule_contraction,tr_41578464d64c_gpu
paper_ssp_200m_strong_v1,0,150,150.0,1300.0,auv_06,enter_exclusion_zone,consequential,DENY,DENY_HARD_EXPIRY,hard_expired,1300.0,PARTITIONED,False,True,True,False,not_low_risk,tr_41578464d64c_gpu
paper_ssp_200m_strong_v1,0,150,150.0,1300.0,auv_07,enter_exclusion_zone,consequential,DENY,DENY_HARD_EXPIRY,hard_expired,1300.0,PARTITIONED,False,True,True,False,not_low_risk,tr_41578464d64c_gpu
paper_ssp_200m_strong_v1,0,150,150.0,1300.0,auv_08,exceed_return_energy_reserve,consequential,DENY,DENY_HARD_EXPIRY,hard_expired,1300.0,PARTITIONED,False,True,True,False,not_low_risk,tr_41578464d64c_gpu
paper_ssp_200m_strong_v1,0,150,150.0,1300.0,auv_09,hold_station,low,DENY,DENY_FORBIDDEN,hard_expired,1300.0,PARTITIONED,False,True,True,False,A_hard_expiry_capsule_contraction,tr_41578464d64c_gpu
paper_ssp_200m_strong_v1,0,150,150.0,1300.0,auv_10,enter_exclusion_zone,consequential,DENY,DENY_HARD_EXPIRY,hard_expired,1300.0,PARTITIONED,False,True,True,False,not_low_risk,tr_41578464d64c_gpu
paper_ssp_200m_strong_v1,0,150,150.0,1300.0,auv_11,bounded_path_correction,low,DENY,DENY_FORBIDDEN,hard_expired,1300.0,PARTITIONED,False,True,True,False,A_hard_expiry_capsule_contraction,tr_41578464d64c_gpu
paper_ssp_200m_strong_v1,0,150,150.0,1320.0,auv_00,bounded_path_correction,low,DENY,DENY_FORBIDDEN,hard_expired,1320.0,PARTITIONED,False,True,True,False,A_hard_expiry_capsule_contraction,tr_41578464d64c_gpu
paper_ssp_200m_strong_v1,0,150,150.0,1320.0,auv_01,bounded_path_correction,low,DENY,DENY_FORBIDDEN,hard_expired,1320.0,PARTITIONED,False,True,True,False,A_hard_expiry_capsule_contraction,tr_41578464d64c_gpu
paper_ssp_200m_strong_v1,0,150,150.0,1320.0,auv_02,bounded_path_correction,low,DENY,DENY_FORBIDDEN,hard_expired,1320.0,PARTITIONED,False,True,True,False,A_hard_expiry_capsule_contraction,tr_41578464d64c_gpu
paper_ssp_200m_strong_v1,0,150,150.0,1320.0,auv_03,bounded_path_correction,low,DENY,DENY_FORBIDDEN,hard_expired,1320.0,PARTITIONED,False,True,True,False,A_hard_expiry_capsule_contraction,tr_41578464d64c_gpu
paper_ssp_200m_strong_v1,0,150,150.0,1320.0,auv_04,abandon_mandatory_inspection,consequential,DENY,DENY_HARD_EXPIRY,hard_expired,1320.0,PARTITIONED,False,True,True,False,not_low_risk,tr_41578464d64c_gpu
paper_ssp_200m_strong_v1,0,150,150.0,1320.0,auv_05,bounded_path_correction,low,DENY,DENY_FORBIDDEN,hard_expired,1320.0,PARTITIONED,False,True,True,False,A_hard_expiry_capsule_contraction,tr_41578464d64c_gpu
paper_ssp_200m_strong_v1,0,150,150.0,1320.0,auv_06,enter_exclusion_zone,consequential,DENY,DENY_HARD_EXPIRY,hard_expired,1320.0,PARTITIONED,False,True,True,False,not_low_risk,tr_41578464d64c_gpu
paper_ssp_200m_strong_v1,0,150,150.0,1320.0,auv_07,enter_exclusion_zone,consequential,DENY,DENY_HARD_EXPIRY,hard_expired,1320.0,PARTITIONED,False,True,True,False,not_low_risk,tr_41578464d64c_gpu
paper_ssp_200m_strong_v1,0,150,150.0,1320.0,auv_08,exceed_return_energy_reserve,consequential,DENY,DENY_HARD_EXPIRY,hard_expired,1320.0,PARTITIONED,False,True,True,False,not_low_risk,tr_41578464d64c_gpu
paper_ssp_200m_strong_v1,0,150,150.0,1320.0,auv_09,hold_station,low,DENY,DENY_FORBIDDEN,hard_expired,1320.0,PARTITIONED,False,True,True,False,A_hard_expiry_capsule_contraction,tr_41578464d64c_gpu
paper_ssp_200m_strong_v1,0,150,150.0,1320.0,auv_10,enter_exclusion_zone,consequential,DENY,DENY_HARD_EXPIRY,hard_expired,1320.0,PARTITIONED,False,True,True,False,not_low_risk,tr_41578464d64c_gpu
paper_ssp_200m_strong_v1,0,150,150.0,1320.0,auv_11,bounded_path_correction,low,DENY,DENY_FORBIDDEN,hard_expired,1320.0,PARTITIONED,False,True,True,False,A_hard_expiry_capsule_contraction,tr_41578464d64c_gpu
paper_ssp_200m_strong_v1,0,150,150.0,1340.0,auv_00,bounded_path_correction,low,DENY,DENY_FORBIDDEN,hard_expired,1340.0,PARTITIONED,False,True,True,False,A_hard_expiry_capsule_contraction,tr_41578464d64c_gpu
paper_ssp_200m_strong_v1,0,150,150.0,1340.0,auv_01,bounded_path_correction,low,DENY,DENY_FORBIDDEN,hard_expired,1340.0,PARTITIONED,False,True,True,False,A_hard_expiry_capsule_contraction,tr_41578464d64c_gpu
paper_ssp_200m_strong_v1,0,150,150.0,1340.0,auv_02,bounded_path_correction,low,DENY,DENY_FORBIDDEN,hard_expired,1340.0,PARTITIONED,False,True,True,False,A_hard_expiry_capsule_contraction,tr_41578464d64c_gpu
paper_ssp_200m_strong_v1,0,150,150.0,1340.0,auv_03,bounded_path_correction,low,DENY,DENY_FORBIDDEN,hard_expired,1340.0,PARTITIONED,False,True,True,False,A_hard_expiry_capsule_contraction,tr_41578464d64c_gpu
paper_ssp_200m_strong_v1,0,150,150.0,1340.0,auv_04,abandon_mandatory_inspection,consequential,DENY,DENY_HARD_EXPIRY,hard_expired,1340.0,PARTITIONED,False,True,True,False,not_low_risk,tr_41578464d64c_gpu
paper_ssp_200m_strong_v1,0,150,150.0,1340.0,auv_05,bounded_path_correction,low,DENY,DENY_FORBIDDEN,hard_expired,1340.0,PARTITIONED,False,True,True,False,A_hard_expiry_capsule_contraction,tr_41578464d64c_gpu
paper_ssp_200m_strong_v1,0,150,150.0,1340.0,auv_06,enter_exclusion_zone,consequential,DENY,DENY_HARD_EXPIRY,hard_expired,1340.0,PARTITIONED,False,True,True,False,not_low_risk,tr_41578464d64c_gpu
paper_ssp_200m_strong_v1,0,150,150.0,1340.0,auv_07,enter_exclusion_zone,consequential,DENY,DENY_HARD_EXPIRY,hard_expired,1340.0,PARTITIONED,False,True,True,False,not_low_risk,tr_41578464d64c_gpu
paper_ssp_200m_strong_v1,0,150,150.0,1340.0,auv_08,exceed_return_energy_reserve,consequential,DENY,DENY_HARD_EXPIRY,hard_expired,1340.0,PARTITIONED,False,True,True,False,not_low_risk,tr_41578464d64c_gpu
paper_ssp_200m_strong_v1,0,150,150.0,1340.0,auv_09,hold_station,low,DENY,DENY_FORBIDDEN,hard_expired,1340.0,PARTITIONED,False,True,True,False,A_hard_expiry_capsule_contraction,tr_41578464d64c_gpu
paper_ssp_200m_strong_v1,0,150,150.0,1340.0,auv_10,enter_exclusion_zone,consequential,DENY,DENY_HARD_EXPIRY,hard_expired,1340.0,PARTITIONED,False,True,True,False,not_low_risk,tr_41578464d64c_gpu
paper_ssp_200m_strong_v1,0,150,150.0,1340.0,auv_11,bounded_path_correction,low,DENY,DENY_FORBIDDEN,hard_expired,1340.0,PARTITIONED,False,True,True,False,A_hard_expiry_capsule_contraction,tr_41578464d64c_gpu
paper_ssp_200m_strong_v1,0,150,150.0,1360.0,auv_00,bounded_path_correction,low,DENY,DENY_FORBIDDEN,hard_expired,1360.0,PARTITIONED,False,True,True,False,A_hard_expiry_capsule_contraction,tr_41578464d64c_gpu
paper_ssp_200m_strong_v1,0,150,150.0,1360.0,auv_01,bounded_path_correction,low,DENY,DENY_FORBIDDEN,hard_expired,1360.0,PARTITIONED,False,True,True,False,A_hard_expiry_capsule_contraction,tr_41578464d64c_gpu
paper_ssp_200m_strong_v1,0,150,150.0,1360.0,auv_02,bounded_path_correction,low,DENY,DENY_FORBIDDEN,hard_expired,1360.0,PARTITIONED,False,True,True,False,A_hard_expiry_capsule_contraction,tr_41578464d64c_gpu
paper_ssp_200m_strong_v1,0,150,150.0,1360.0,auv_03,bounded_path_correction,low,DENY,DENY_FORBIDDEN,hard_expired,1360.0,PARTITIONED,False,True,True,False,A_hard_expiry_capsule_contraction,tr_41578464d64c_gpu
paper_ssp_200m_strong_v1,0,150,150.0,1360.0,auv_04,abandon_mandatory_inspection,consequential,DENY,DENY_HARD_EXPIRY,hard_expired,1360.0,PARTITIONED,False,True,True,False,not_low_risk,tr_41578464d64c_gpu
paper_ssp_200m_strong_v1,0,150,150.0,1360.0,auv_05,bounded_path_correction,low,DENY,DENY_FORBIDDEN,hard_expired,1360.0,PARTITIONED,False,True,True,False,A_hard_expiry_capsule_contraction,tr_41578464d64c_gpu
paper_ssp_200m_strong_v1,0,150,150.0,1360.0,auv_06,enter_exclusion_zone,consequential,DENY,DENY_HARD_EXPIRY,hard_expired,1360.0,PARTITIONED,False,True,True,False,not_low_risk,tr_41578464d64c_gpu
paper_ssp_200m_strong_v1,0,150,150.0,1360.0,auv_07,enter_exclusion_zone,consequential,DENY,DENY_HARD_EXPIRY,hard_expired,1360.0,PARTITIONED,False,True,True,False,not_low_risk,tr_41578464d64c_gpu
paper_ssp_200m_strong_v1,0,150,150.0,1360.0,auv_08,exceed_return_energy_reserve,consequential,DENY,DENY_HARD_EXPIRY,hard_expired,1360.0,PARTITIONED,False,True,True,False,not_low_risk,tr_41578464d64c_gpu
paper_ssp_200m_strong_v1,0,150,150.0,1360.0,auv_09,hold_station,low,DENY,DENY_FORBIDDEN,hard_expired,1360.0,PARTITIONED,False,True,True,False,A_hard_expiry_capsule_contraction,tr_41578464d64c_gpu
paper_ssp_200m_strong_v1,0,150,150.0,1360.0,auv_10,enter_exclusion_zone,consequential,DENY,DENY_HARD_EXPIRY,hard_expired,1360.0,PARTITIONED,False,True,True,False,not_low_risk,tr_41578464d64c_gpu
paper_ssp_200m_strong_v1,0,150,150.0,1360.0,auv_11,change_high_level_objective,consequential,DENY,DENY_HARD_EXPIRY,hard_expired,1360.0,PARTITIONED,False,True,True,False,not_low_risk,tr_41578464d64c_gpu
paper_ssp_200m_strong_v1,0,150,150.0,1380.0,auv_00,bounded_path_correction,low,DENY,DENY_FORBIDDEN,hard_expired,1380.0,PARTITIONED,False,True,True,False,A_hard_expiry_capsule_contraction,tr_41578464d64c_gpu
paper_ssp_200m_strong_v1,0,150,150.0,1380.0,auv_01,bounded_path_correction,low,DENY,DENY_FORBIDDEN,hard_expired,1380.0,PARTITIONED,False,True,True,False,A_hard_expiry_capsule_contraction,tr_41578464d64c_gpu
paper_ssp_200m_strong_v1,0,150,150.0,1380.0,auv_02,bounded_path_correction,low,DENY,DENY_FORBIDDEN,hard_expired,1380.0,PARTITIONED,False,True,True,False,A_hard_expiry_capsule_contraction,tr_41578464d64c_gpu
paper_ssp_200m_strong_v1,0,150,150.0,1380.0,auv_03,bounded_path_correction,low,DENY,DENY_FORBIDDEN,hard_expired,1380.0,PARTITIONED,False,True,True,False,A_hard_expiry_capsule_contraction,tr_41578464d64c_gpu
paper_ssp_200m_strong_v1,0,150,150.0,1380.0,auv_04,abandon_mandatory_inspection,consequential,DENY,DENY_HARD_EXPIRY,hard_expired,1380.0,PARTITIONED,False,True,True,False,not_low_risk,tr_41578464d64c_gpu
paper_ssp_200m_strong_v1,0,150,150.0,1380.0,auv_05,bounded_path_correction,low,DENY,DENY_FORBIDDEN,hard_expired,1380.0,PARTITIONED,False,True,True,False,A_hard_expiry_capsule_contraction,tr_41578464d64c_gpu
paper_ssp_200m_strong_v1,0,150,150.0,1380.0,auv_06,enter_exclusion_zone,consequential,DENY,DENY_HARD_EXPIRY,hard_expired,1380.0,PARTITIONED,False,True,True,False,not_low_risk,tr_41578464d64c_gpu
paper_ssp_200m_strong_v1,0,150,150.0,1380.0,auv_07,enter_exclusion_zone,consequential,DENY,DENY_HARD_EXPIRY,hard_expired,1380.0,PARTITIONED,False,True,True,False,not_low_risk,tr_41578464d64c_gpu
paper_ssp_200m_strong_v1,0,150,150.0,1380.0,auv_08,exceed_return_energy_reserve,consequential,DENY,DENY_HARD_EXPIRY,hard_expired,1380.0,PARTITIONED,False,True,True,False,not_low_risk,tr_41578464d64c_gpu
paper_ssp_200m_strong_v1,0,150,150.0,1380.0,auv_09,hold_station,low,DENY,DENY_FORBIDDEN,hard_expired,1380.0,PARTITIONED,False,True,True,False,A_hard_expiry_capsule_contraction,tr_41578464d64c_gpu
paper_ssp_200m_strong_v1,0,150,150.0,1380.0,auv_10,enter_exclusion_zone,consequential,DENY,DENY_HARD_EXPIRY,hard_expired,1380.0,PARTITIONED,False,True,True,False,not_low_risk,tr_41578464d64c_gpu
paper_ssp_200m_strong_v1,0,150,150.0,1380.0,auv_11,bounded_path_correction,low,DENY,DENY_FORBIDDEN,hard_expired,1380.0,PARTITIONED,False,True,True,False,A_hard_expiry_capsule_contraction,tr_41578464d64c_gpu
paper_ssp_200m_strong_v1,0,300,300.0,900.0,auv_00,bounded_path_correction,low,DENY,DENY_FORBIDDEN,hard_expired,900.0,PARTITIONED,False,True,True,False,A_hard_expiry_capsule_contraction,tr_41578464d64c_gpu
paper_ssp_200m_strong_v1,0,300,300.0,900.0,auv_01,bounded_path_correction,low,DENY,DENY_FORBIDDEN,hard_expired,900.0,PARTITIONED,False,True,True,False,A_hard_expiry_capsule_contraction,tr_41578464d64c_gpu
paper_ssp_200m_strong_v1,0,300,300.0,900.0,auv_02,bounded_path_correction,low,DENY,DENY_FORBIDDEN,hard_expired,900.0,PARTITIONED,False,True,True,False,A_hard_expiry_capsule_contraction,tr_41578464d64c_gpu
paper_ssp_200m_strong_v1,0,300,300.0,900.0,auv_03,bounded_path_correction,low,DENY,DENY_FORBIDDEN,hard_expired,900.0,PARTITIONED,False,True,True,False,A_hard_expiry_capsule_contraction,tr_41578464d64c_gpu
paper_ssp_200m_strong_v1,0,300,300.0,900.0,auv_04,abandon_mandatory_inspection,consequential,DENY,DENY_HARD_EXPIRY,hard_expired,900.0,PARTITIONED,False,True,True,False,not_low_risk,tr_41578464d64c_gpu
paper_ssp_200m_strong_v1,0,300,300.0,900.0,auv_05,bounded_path_correction,low,DENY,DENY_FORBIDDEN,hard_expired,900.0,PARTITIONED,False,True,True,False,A_hard_expiry_capsule_contraction,tr_41578464d64c_gpu
paper_ssp_200m_strong_v1,0,300,300.0,900.0,auv_06,enter_exclusion_zone,consequential,DENY,DENY_HARD_EXPIRY,hard_expired,900.0,PARTITIONED,False,True,True,False,not_low_risk,tr_41578464d64c_gpu
paper_ssp_200m_strong_v1,0,300,300.0,900.0,auv_07,enter_exclusion_zone,consequential,DENY,DENY_HARD_EXPIRY,hard_expired,900.0,PARTITIONED,False,True,True,False,not_low_risk,tr_41578464d64c_gpu
paper_ssp_200m_strong_v1,0,300,300.0,900.0,auv_08,exceed_return_energy_reserve,consequential,DENY,DENY_HARD_EXPIRY,hard_expired,900.0,PARTITIONED,False,True,True,False,not_low_risk,tr_41578464d64c_gpu
paper_ssp_200m_strong_v1,0,300,300.0,900.0,auv_09,hold_station,low,DENY,DENY_FORBIDDEN,hard_expired,900.0,PARTITIONED,False,True,True,False,A_hard_expiry_capsule_contraction,tr_41578464d64c_gpu
paper_ssp_200m_strong_v1,0,300,300.0,900.0,auv_10,enter_exclusion_zone,consequential,DENY,DENY_HARD_EXPIRY,hard_expired,900.0,PARTITIONED,False,True,True,False,not_low_risk,tr_41578464d64c_gpu
paper_ssp_200m_strong_v1,0,300,300.0,900.0,auv_11,bounded_path_correction,low,DENY,DENY_FORBIDDEN,hard_expired,900.0,PARTITIONED,False,True,True,False,A_hard_expiry_capsule_contraction,tr_41578464d64c_gpu
paper_ssp_200m_strong_v1,0,300,300.0,920.0,auv_00,bounded_path_correction,low,DENY,DENY_FORBIDDEN,hard_expired,920.0,PARTITIONED,False,True,True,False,A_hard_expiry_capsule_contraction,tr_41578464d64c_gpu
paper_ssp_200m_strong_v1,0,300,300.0,920.0,auv_01,bounded_path_correction,low,DENY,DENY_FORBIDDEN,hard_expired,920.0,PARTITIONED,False,True,True,False,A_hard_expiry_capsule_contraction,tr_41578464d64c_gpu
paper_ssp_200m_strong_v1,0,300,300.0,920.0,auv_02,bounded_path_correction,low,DENY,DENY_FORBIDDEN,hard_expired,920.0,PARTITIONED,False,True,True,False,A_hard_expiry_capsule_contraction,tr_41578464d64c_gpu
paper_ssp_200m_strong_v1,0,300,300.0,920.0,auv_03,bounded_path_correction,low,DENY,DENY_FORBIDDEN,hard_expired,920.0,PARTITIONED,False,True,True,False,A_hard_expiry_capsule_contraction,tr_41578464d64c_gpu
paper_ssp_200m_strong_v1,0,300,300.0,920.0,auv_04,abandon_mandatory_inspection,consequential,DENY,DENY_HARD_EXPIRY,hard_expired,920.0,PARTITIONED,False,True,True,False,not_low_risk,tr_41578464d64c_gpu
paper_ssp_200m_strong_v1,0,300,300.0,920.0,auv_05,bounded_path_correction,low,DENY,DENY_FORBIDDEN,hard_expired,920.0,PARTITIONED,False,True,True,False,A_hard_expiry_capsule_contraction,tr_41578464d64c_gpu
paper_ssp_200m_strong_v1,0,300,300.0,920.0,auv_06,enter_exclusion_zone,consequential,DENY,DENY_HARD_EXPIRY,hard_expired,920.0,PARTITIONED,False,True,True,False,not_low_risk,tr_41578464d64c_gpu
paper_ssp_200m_strong_v1,0,300,300.0,920.0,auv_07,enter_exclusion_zone,consequential,DENY,DENY_HARD_EXPIRY,hard_expired,920.0,PARTITIONED,False,True,True,False,not_low_risk,tr_41578464d64c_gpu
paper_ssp_200m_strong_v1,0,300,300.0,920.0,auv_08,exceed_return_energy_reserve,consequential,DENY,DENY_HARD_EXPIRY,hard_expired,920.0,PARTITIONED,False,True,True,False,not_low_risk,tr_41578464d64c_gpu
paper_ssp_200m_strong_v1,0,300,300.0,920.0,auv_09,hold_station,low,DENY,DENY_FORBIDDEN,hard_expired,920.0,PARTITIONED,False,True,True,False,A_hard_expiry_capsule_contraction,tr_41578464d64c_gpu
paper_ssp_200m_strong_v1,0,300,300.0,920.0,auv_10,enter_exclusion_zone,consequential,DENY,DENY_HARD_EXPIRY,hard_expired,920.0,PARTITIONED,False,True,True,False,not_low_risk,tr_41578464d64c_gpu
paper_ssp_200m_strong_v1,0,300,300.0,920.0,auv_11,bounded_path_correction,low,DENY,DENY_FORBIDDEN,hard_expired,920.0,PARTITIONED,False,True,True,False,A_hard_expiry_capsule_contraction,tr_41578464d64c_gpu
paper_ssp_200m_strong_v1,0,300,300.0,940.0,auv_00,bounded_path_correction,low,DENY,DENY_FORBIDDEN,hard_expired,940.0,PARTITIONED,False,True,True,False,A_hard_expiry_capsule_contraction,tr_41578464d64c_gpu
paper_ssp_200m_strong_v1,0,300,300.0,940.0,auv_01,bounded_path_correction,low,DENY,DENY_FORBIDDEN,hard_expired,940.0,PARTITIONED,False,True,True,False,A_hard_expiry_capsule_contraction,tr_41578464d64c_gpu
paper_ssp_200m_strong_v1,0,300,300.0,940.0,auv_02,bounded_path_correction,low,DENY,DENY_FORBIDDEN,hard_expired,940.0,PARTITIONED,False,True,True,False,A_hard_expiry_capsule_contraction,tr_41578464d64c_gpu
paper_ssp_200m_strong_v1,0,300,300.0,940.0,auv_03,bounded_path_correction,low,DENY,DENY_FORBIDDEN,hard_expired,940.0,PARTITIONED,False,True,True,False,A_hard_expiry_capsule_contraction,tr_41578464d64c_gpu
paper_ssp_200m_strong_v1,0,300,300.0,940.0,auv_04,abandon_mandatory_inspection,consequential,DENY,DENY_HARD_EXPIRY,hard_expired,940.0,PARTITIONED,False,True,True,False,not_low_risk,tr_41578464d64c_gpu
paper_ssp_200m_strong_v1,0,300,300.0,940.0,auv_05,bounded_path_correction,low,DENY,DENY_FORBIDDEN,hard_expired,940.0,PARTITIONED,False,True,True,False,A_hard_expiry_capsule_contraction,tr_41578464d64c_gpu
paper_ssp_200m_strong_v1,0,300,300.0,940.0,auv_06,enter_exclusion_zone,consequential,DENY,DENY_HARD_EXPIRY,hard_expired,940.0,PARTITIONED,False,True,True,False,not_low_risk,tr_41578464d64c_gpu
paper_ssp_200m_strong_v1,0,300,300.0,940.0,auv_07,enter_exclusion_zone,consequential,DENY,DENY_HARD_EXPIRY,hard_expired,940.0,PARTITIONED,False,True,True,False,not_low_risk,tr_41578464d64c_gpu
paper_ssp_200m_strong_v1,0,300,300.0,940.0,auv_08,exceed_return_energy_reserve,consequential,DENY,DENY_HARD_EXPIRY,hard_expired,940.0,PARTITIONED,False,True,True,False,not_low_risk,tr_41578464d64c_gpu
paper_ssp_200m_strong_v1,0,300,300.0,940.0,auv_09,hold_station,low,DENY,DENY_FORBIDDEN,hard_expired,940.0,PARTITIONED,False,True,True,False,A_hard_expiry_capsule_contraction,tr_41578464d64c_gpu
paper_ssp_200m_strong_v1,0,300,300.0,940.0,auv_10,enter_exclusion_zone,consequential,DENY,DENY_HARD_EXPIRY,hard_expired,940.0,PARTITIONED,False,True,True,False,not_low_risk,tr_41578464d64c_gpu
paper_ssp_200m_strong_v1,0,300,300.0,940.0,auv_11,bounded_path_correction,low,DENY,DENY_FORBIDDEN,hard_expired,940.0,PARTITIONED,False,True,True,False,A_hard_expiry_capsule_contraction,tr_41578464d64c_gpu
paper_ssp_200m_strong_v1,0,300,300.0,960.0,auv_00,bounded_path_correction,low,DENY,DENY_FORBIDDEN,hard_expired,960.0,PARTITIONED,False,True,True,False,A_hard_expiry_capsule_contraction,tr_41578464d64c_gpu
paper_ssp_200m_strong_v1,0,300,300.0,960.0,auv_01,bounded_path_correction,low,DENY,DENY_FORBIDDEN,hard_expired,960.0,PARTITIONED,False,True,True,False,A_hard_expiry_capsule_contraction,tr_41578464d64c_gpu
paper_ssp_200m_strong_v1,0,300,300.0,960.0,auv_02,bounded_path_correction,low,DENY,DENY_FORBIDDEN,hard_expired,960.0,PARTITIONED,False,True,True,False,A_hard_expiry_capsule_contraction,tr_41578464d64c_gpu
paper_ssp_200m_strong_v1,0,300,300.0,960.0,auv_03,bounded_path_correction,low,DENY,DENY_FORBIDDEN,hard_expired,960.0,PARTITIONED,False,True,True,False,A_hard_expiry_capsule_contraction,tr_41578464d64c_gpu
paper_ssp_200m_strong_v1,0,300,300.0,960.0,auv_04,abandon_mandatory_inspection,consequential,DENY,DENY_HARD_EXPIRY,hard_expired,960.0,PARTITIONED,False,True,True,False,not_low_risk,tr_41578464d64c_gpu
paper_ssp_200m_strong_v1,0,300,300.0,960.0,auv_05,bounded_path_correction,low,DENY,DENY_FORBIDDEN,hard_expired,960.0,PARTITIONED,False,True,True,False,A_hard_expiry_capsule_contraction,tr_41578464d64c_gpu
paper_ssp_200m_strong_v1,0,300,300.0,960.0,auv_06,enter_exclusion_zone,consequential,DENY,DENY_HARD_EXPIRY,hard_expired,960.0,PARTITIONED,False,True,True,False,not_low_risk,tr_41578464d64c_gpu
paper_ssp_200m_strong_v1,0,300,300.0,960.0,auv_07,enter_exclusion_zone,consequential,DENY,DENY_HARD_EXPIRY,hard_expired,960.0,PARTITIONED,False,True,True,False,not_low_risk,tr_41578464d64c_gpu
paper_ssp_200m_strong_v1,0,300,300.0,960.0,auv_08,exceed_return_energy_reserve,consequential,DENY,DENY_HARD_EXPIRY,hard_expired,960.0,PARTITIONED,False,True,True,False,not_low_risk,tr_41578464d64c_gpu
paper_ssp_200m_strong_v1,0,300,300.0,960.0,auv_09,hold_station,low,DENY,DENY_FORBIDDEN,hard_expired,960.0,PARTITIONED,False,True,True,False,A_hard_expiry_capsule_contraction,tr_41578464d64c_gpu
paper_ssp_200m_strong_v1,0,300,300.0,960.0,auv_10,enter_exclusion_zone,consequential,DENY,DENY_HARD_EXPIRY,hard_expired,960.0,PARTITIONED,False,True,True,False,not_low_risk,tr_41578464d64c_gpu
paper_ssp_200m_strong_v1,0,300,300.0,960.0,auv_11,change_high_level_objective,consequential,DENY,DENY_HARD_EXPIRY,hard_expired,960.0,PARTITIONED,False,True,True,False,not_low_risk,tr_41578464d64c_gpu
paper_ssp_200m_strong_v1,0,300,300.0,980.0,auv_00,bounded_path_correction,low,DENY,DENY_FORBIDDEN,hard_expired,980.0,PARTITIONED,False,True,True,False,A_hard_expiry_capsule_contraction,tr_41578464d64c_gpu
paper_ssp_200m_strong_v1,0,300,300.0,980.0,auv_01,bounded_path_correction,low,DENY,DENY_FORBIDDEN,hard_expired,980.0,PARTITIONED,False,True,True,False,A_hard_expiry_capsule_contraction,tr_41578464d64c_gpu
paper_ssp_200m_strong_v1,0,300,300.0,980.0,auv_02,bounded_path_correction,low,DENY,DENY_FORBIDDEN,hard_expired,980.0,PARTITIONED,False,True,True,False,A_hard_expiry_capsule_contraction,tr_41578464d64c_gpu
paper_ssp_200m_strong_v1,0,300,300.0,980.0,auv_03,bounded_path_correction,low,DENY,DENY_FORBIDDEN,hard_expired,980.0,PARTITIONED,False,True,True,False,A_hard_expiry_capsule_contraction,tr_41578464d64c_gpu
paper_ssp_200m_strong_v1,0,300,300.0,980.0,auv_04,abandon_mandatory_inspection,consequential,DENY,DENY_HARD_EXPIRY,hard_expired,980.0,PARTITIONED,False,True,True,False,not_low_risk,tr_41578464d64c_gpu
paper_ssp_200m_strong_v1,0,300,300.0,980.0,auv_05,bounded_path_correction,low,DENY,DENY_FORBIDDEN,hard_expired,980.0,PARTITIONED,False,True,True,False,A_hard_expiry_capsule_contraction,tr_41578464d64c_gpu
paper_ssp_200m_strong_v1,0,300,300.0,980.0,auv_06,enter_exclusion_zone,consequential,DENY,DENY_HARD_EXPIRY,hard_expired,980.0,PARTITIONED,False,True,True,False,not_low_risk,tr_41578464d64c_gpu
paper_ssp_200m_strong_v1,0,300,300.0,980.0,auv_07,enter_exclusion_zone,consequential,DENY,DENY_HARD_EXPIRY,hard_expired,980.0,PARTITIONED,False,True,True,False,not_low_risk,tr_41578464d64c_gpu
paper_ssp_200m_strong_v1,0,300,300.0,980.0,auv_08,exceed_return_energy_reserve,consequential,DENY,DENY_HARD_EXPIRY,hard_expired,980.0,PARTITIONED,False,True,True,False,not_low_risk,tr_41578464d64c_gpu
paper_ssp_200m_strong_v1,0,300,300.0,980.0,auv_09,hold_station,low,DENY,DENY_FORBIDDEN,hard_expired,980.0,PARTITIONED,False,True,True,False,A_hard_expiry_capsule_contraction,tr_41578464d64c_gpu
paper_ssp_200m_strong_v1,0,300,300.0,980.0,auv_10,enter_exclusion_zone,consequential,DENY,DENY_HARD_EXPIRY,hard_expired,980.0,PARTITIONED,False,True,True,False,not_low_risk,tr_41578464d64c_gpu
paper_ssp_200m_strong_v1,0,300,300.0,980.0,auv_11,bounded_path_correction,low,DENY,DENY_FORBIDDEN,hard_expired,980.0,PARTITIONED,False,True,True,False,A_hard_expiry_capsule_contraction,tr_41578464d64c_gpu
paper_ssp_200m_strong_v1,0,300,300.0,1000.0,auv_00,bounded_path_correction,low,DENY,DENY_FORBIDDEN,hard_expired,1000.0,PARTITIONED,False,True,True,False,A_hard_expiry_capsule_contraction,tr_41578464d64c_gpu
paper_ssp_200m_strong_v1,0,300,300.0,1000.0,auv_01,bounded_path_correction,low,DENY,DENY_FORBIDDEN,hard_expired,1000.0,PARTITIONED,False,True,True,False,A_hard_expiry_capsule_contraction,tr_41578464d64c_gpu
paper_ssp_200m_strong_v1,0,300,300.0,1000.0,auv_02,bounded_path_correction,low,DENY,DENY_FORBIDDEN,hard_expired,1000.0,PARTITIONED,False,True,True,False,A_hard_expiry_capsule_contraction,tr_41578464d64c_gpu
paper_ssp_200m_strong_v1,0,300,300.0,1000.0,auv_03,bounded_path_correction,low,DENY,DENY_FORBIDDEN,hard_expired,1000.0,PARTITIONED,False,True,True,False,A_hard_expiry_capsule_contraction,tr_41578464d64c_gpu
paper_ssp_200m_strong_v1,0,300,300.0,1000.0,auv_04,abandon_mandatory_inspection,consequential,DENY,DENY_HARD_EXPIRY,hard_expired,1000.0,PARTITIONED,False,True,True,False,not_low_risk,tr_41578464d64c_gpu
paper_ssp_200m_strong_v1,0,300,300.0,1000.0,auv_05,bounded_path_correction,low,DENY,DENY_FORBIDDEN,hard_expired,1000.0,PARTITIONED,False,True,True,False,A_hard_expiry_capsule_contraction,tr_41578464d64c_gpu
paper_ssp_200m_strong_v1,0,300,300.0,1000.0,auv_06,enter_exclusion_zone,consequential,DENY,DENY_HARD_EXPIRY,hard_expired,1000.0,PARTITIONED,False,True,True,False,not_low_risk,tr_41578464d64c_gpu
paper_ssp_200m_strong_v1,0,300,300.0,1000.0,auv_07,enter_exclusion_zone,consequential,DENY,DENY_HARD_EXPIRY,hard_expired,1000.0,PARTITIONED,False,True,True,False,not_low_risk,tr_41578464d64c_gpu
paper_ssp_200m_strong_v1,0,300,300.0,1000.0,auv_08,exceed_return_energy_reserve,consequential,DENY,DENY_HARD_EXPIRY,hard_expired,1000.0,PARTITIONED,False,True,True,False,not_low_risk,tr_41578464d64c_gpu
paper_ssp_200m_strong_v1,0,300,300.0,1000.0,auv_09,hold_station,low,DENY,DENY_FORBIDDEN,hard_expired,1000.0,PARTITIONED,False,True,True,False,A_hard_expiry_capsule_contraction,tr_41578464d64c_gpu
paper_ssp_200m_strong_v1,0,300,300.0,1000.0,auv_10,enter_exclusion_zone,consequential,DENY,DENY_HARD_EXPIRY,hard_expired,1000.0,PARTITIONED,False,True,True,False,not_low_risk,tr_41578464d64c_gpu
paper_ssp_200m_strong_v1,0,300,300.0,1000.0,auv_11,bounded_path_correction,low,DENY,DENY_FORBIDDEN,hard_expired,1000.0,PARTITIONED,False,True,True,False,A_hard_expiry_capsule_contraction,tr_41578464d64c_gpu
paper_ssp_200m_strong_v1,0,300,300.0,1020.0,auv_00,bounded_path_correction,low,DENY,DENY_FORBIDDEN,hard_expired,1020.0,PARTITIONED,False,True,True,False,A_hard_expiry_capsule_contraction,tr_41578464d64c_gpu
paper_ssp_200m_strong_v1,0,300,300.0,1020.0,auv_01,bounded_path_correction,low,DENY,DENY_FORBIDDEN,hard_expired,1020.0,PARTITIONED,False,True,True,False,A_hard_expiry_capsule_contraction,tr_41578464d64c_gpu
paper_ssp_200m_strong_v1,0,300,300.0,1020.0,auv_02,bounded_path_correction,low,DENY,DENY_FORBIDDEN,hard_expired,1020.0,PARTITIONED,False,True,True,False,A_hard_expiry_capsule_contraction,tr_41578464d64c_gpu
paper_ssp_200m_strong_v1,0,300,300.0,1020.0,auv_03,bounded_path_correction,low,DENY,DENY_FORBIDDEN,hard_expired,1020.0,PARTITIONED,False,True,True,False,A_hard_expiry_capsule_contraction,tr_41578464d64c_gpu
paper_ssp_200m_strong_v1,0,300,300.0,1020.0,auv_04,abandon_mandatory_inspection,consequential,DENY,DENY_HARD_EXPIRY,hard_expired,1020.0,PARTITIONED,False,True,True,False,not_low_risk,tr_41578464d64c_gpu
paper_ssp_200m_strong_v1,0,300,300.0,1020.0,auv_05,bounded_path_correction,low,DENY,DENY_FORBIDDEN,hard_expired,1020.0,PARTITIONED,False,True,True,False,A_hard_expiry_capsule_contraction,tr_41578464d64c_gpu
paper_ssp_200m_strong_v1,0,300,300.0,1020.0,auv_06,enter_exclusion_zone,consequential,DENY,DENY_HARD_EXPIRY,hard_expired,1020.0,PARTITIONED,False,True,True,False,not_low_risk,tr_41578464d64c_gpu
paper_ssp_200m_strong_v1,0,300,300.0,1020.0,auv_07,enter_exclusion_zone,consequential,DENY,DENY_HARD_EXPIRY,hard_expired,1020.0,PARTITIONED,False,True,True,False,not_low_risk,tr_41578464d64c_gpu
paper_ssp_200m_strong_v1,0,300,300.0,1020.0,auv_08,exceed_return_energy_reserve,consequential,DENY,DENY_HARD_EXPIRY,hard_expired,1020.0,PARTITIONED,False,True,True,False,not_low_risk,tr_41578464d64c_gpu
paper_ssp_200m_strong_v1,0,300,300.0,1020.0,auv_09,hold_station,low,DENY,DENY_FORBIDDEN,hard_expired,1020.0,PARTITIONED,False,True,True,False,A_hard_expiry_capsule_contraction,tr_41578464d64c_gpu
paper_ssp_200m_strong_v1,0,300,300.0,1020.0,auv_10,enter_exclusion_zone,consequential,DENY,DENY_HARD_EXPIRY,hard_expired,1020.0,PARTITIONED,False,True,True,False,not_low_risk,tr_41578464d64c_gpu
paper_ssp_200m_strong_v1,0,300,300.0,1020.0,auv_11,bounded_path_correction,low,DENY,DENY_FORBIDDEN,hard_expired,1020.0,PARTITIONED,False,True,True,False,A_hard_expiry_capsule_contraction,tr_41578464d64c_gpu
paper_ssp_200m_strong_v1,0,300,300.0,1040.0,auv_00,bounded_path_correction,low,DENY,DENY_FORBIDDEN,hard_expired,1040.0,PARTITIONED,False,True,True,False,A_hard_expiry_capsule_contraction,tr_41578464d64c_gpu
paper_ssp_200m_strong_v1,0,300,300.0,1040.0,auv_01,bounded_path_correction,low,DENY,DENY_FORBIDDEN,hard_expired,1040.0,PARTITIONED,False,True,True,False,A_hard_expiry_capsule_contraction,tr_41578464d64c_gpu
paper_ssp_200m_strong_v1,0,300,300.0,1040.0,auv_02,bounded_path_correction,low,DENY,DENY_FORBIDDEN,hard_expired,1040.0,PARTITIONED,False,True,True,False,A_hard_expiry_capsule_contraction,tr_41578464d64c_gpu
paper_ssp_200m_strong_v1,0,300,300.0,1040.0,auv_03,bounded_path_correction,low,DENY,DENY_FORBIDDEN,hard_expired,1040.0,PARTITIONED,False,True,True,False,A_hard_expiry_capsule_contraction,tr_41578464d64c_gpu
paper_ssp_200m_strong_v1,0,300,300.0,1040.0,auv_04,abandon_mandatory_inspection,consequential,DENY,DENY_HARD_EXPIRY,hard_expired,1040.0,PARTITIONED,False,True,True,False,not_low_risk,tr_41578464d64c_gpu
paper_ssp_200m_strong_v1,0,300,300.0,1040.0,auv_05,bounded_path_correction,low,DENY,DENY_FORBIDDEN,hard_expired,1040.0,PARTITIONED,False,True,True,False,A_hard_expiry_capsule_contraction,tr_41578464d64c_gpu
paper_ssp_200m_strong_v1,0,300,300.0,1040.0,auv_06,enter_exclusion_zone,consequential,DENY,DENY_HARD_EXPIRY,hard_expired,1040.0,PARTITIONED,False,True,True,False,not_low_risk,tr_41578464d64c_gpu
paper_ssp_200m_strong_v1,0,300,300.0,1040.0,auv_07,enter_exclusion_zone,consequential,DENY,DENY_HARD_EXPIRY,hard_expired,1040.0,PARTITIONED,False,True,True,False,not_low_risk,tr_41578464d64c_gpu
paper_ssp_200m_strong_v1,0,300,300.0,1040.0,auv_08,exceed_return_energy_reserve,consequential,DENY,DENY_HARD_EXPIRY,hard_expired,1040.0,PARTITIONED,False,True,True,False,not_low_risk,tr_41578464d64c_gpu
paper_ssp_200m_strong_v1,0,300,300.0,1040.0,auv_09,hold_station,low,DENY,DENY_FORBIDDEN,hard_expired,1040.0,PARTITIONED,False,True,True,False,A_hard_expiry_capsule_contraction,tr_41578464d64c_gpu
paper_ssp_200m_strong_v1,0,300,300.0,1040.0,auv_10,enter_exclusion_zone,consequential,DENY,DENY_HARD_EXPIRY,hard_expired,1040.0,PARTITIONED,False,True,True,False,not_low_risk,tr_41578464d64c_gpu
paper_ssp_200m_strong_v1,0,300,300.0,1040.0,auv_11,change_high_level_objective,consequential,DENY,DENY_HARD_EXPIRY,hard_expired,1040.0,PARTITIONED,False,True,True,False,not_low_risk,tr_41578464d64c_gpu
paper_ssp_200m_strong_v1,0,300,300.0,1060.0,auv_00,bounded_path_correction,low,DENY,DENY_FORBIDDEN,hard_expired,1060.0,PARTITIONED,False,True,True,False,A_hard_expiry_capsule_contraction,tr_41578464d64c_gpu
paper_ssp_200m_strong_v1,0,300,300.0,1060.0,auv_01,bounded_path_correction,low,DENY,DENY_FORBIDDEN,hard_expired,1060.0,PARTITIONED,False,True,True,False,A_hard_expiry_capsule_contraction,tr_41578464d64c_gpu
paper_ssp_200m_strong_v1,0,300,300.0,1060.0,auv_02,bounded_path_correction,low,DENY,DENY_FORBIDDEN,hard_expired,1060.0,PARTITIONED,False,True,True,False,A_hard_expiry_capsule_contraction,tr_41578464d64c_gpu
paper_ssp_200m_strong_v1,0,300,300.0,1060.0,auv_03,bounded_path_correction,low,DENY,DENY_FORBIDDEN,hard_expired,1060.0,PARTITIONED,False,True,True,False,A_hard_expiry_capsule_contraction,tr_41578464d64c_gpu
paper_ssp_200m_strong_v1,0,300,300.0,1060.0,auv_04,abandon_mandatory_inspection,consequential,DENY,DENY_HARD_EXPIRY,hard_expired,1060.0,PARTITIONED,False,True,True,False,not_low_risk,tr_41578464d64c_gpu
paper_ssp_200m_strong_v1,0,300,300.0,1060.0,auv_05,bounded_path_correction,low,DENY,DENY_FORBIDDEN,hard_expired,1060.0,PARTITIONED,False,True,True,False,A_hard_expiry_capsule_contraction,tr_41578464d64c_gpu
paper_ssp_200m_strong_v1,0,300,300.0,1060.0,auv_06,enter_exclusion_zone,consequential,DENY,DENY_HARD_EXPIRY,hard_expired,1060.0,PARTITIONED,False,True,True,False,not_low_risk,tr_41578464d64c_gpu
paper_ssp_200m_strong_v1,0,300,300.0,1060.0,auv_07,enter_exclusion_zone,consequential,DENY,DENY_HARD_EXPIRY,hard_expired,1060.0,PARTITIONED,False,True,True,False,not_low_risk,tr_41578464d64c_gpu
paper_ssp_200m_strong_v1,0,300,300.0,1060.0,auv_08,exceed_return_energy_reserve,consequential,DENY,DENY_HARD_EXPIRY,hard_expired,1060.0,PARTITIONED,False,True,True,False,not_low_risk,tr_41578464d64c_gpu
paper_ssp_200m_strong_v1,0,300,300.0,1060.0,auv_09,hold_station,low,DENY,DENY_FORBIDDEN,hard_expired,1060.0,PARTITIONED,False,True,True,False,A_hard_expiry_capsule_contraction,tr_41578464d64c_gpu
paper_ssp_200m_strong_v1,0,300,300.0,1060.0,auv_10,enter_exclusion_zone,consequential,DENY,DENY_HARD_EXPIRY,hard_expired,1060.0,PARTITIONED,False,True,True,False,not_low_risk,tr_41578464d64c_gpu
paper_ssp_200m_strong_v1,0,300,300.0,1060.0,auv_11,bounded_path_correction,low,DENY,DENY_FORBIDDEN,hard_expired,1060.0,PARTITIONED,False,True,True,False,A_hard_expiry_capsule_contraction,tr_41578464d64c_gpu
paper_ssp_200m_strong_v1,0,300,300.0,1080.0,auv_00,bounded_path_correction,low,DENY,DENY_FORBIDDEN,hard_expired,1080.0,PARTITIONED,False,True,True,False,A_hard_expiry_capsule_contraction,tr_41578464d64c_gpu
paper_ssp_200m_strong_v1,0,300,300.0,1080.0,auv_01,bounded_path_correction,low,DENY,DENY_FORBIDDEN,hard_expired,1080.0,PARTITIONED,False,True,True,False,A_hard_expiry_capsule_contraction,tr_41578464d64c_gpu
paper_ssp_200m_strong_v1,0,300,300.0,1080.0,auv_02,bounded_path_correction,low,DENY,DENY_FORBIDDEN,hard_expired,1080.0,PARTITIONED,False,True,True,False,A_hard_expiry_capsule_contraction,tr_41578464d64c_gpu
paper_ssp_200m_strong_v1,0,300,300.0,1080.0,auv_03,bounded_path_correction,low,DENY,DENY_FORBIDDEN,hard_expired,1080.0,PARTITIONED,False,True,True,False,A_hard_expiry_capsule_contraction,tr_41578464d64c_gpu
paper_ssp_200m_strong_v1,0,300,300.0,1080.0,auv_04,abandon_mandatory_inspection,consequential,DENY,DENY_HARD_EXPIRY,hard_expired,1080.0,PARTITIONED,False,True,True,False,not_low_risk,tr_41578464d64c_gpu
paper_ssp_200m_strong_v1,0,300,300.0,1080.0,auv_05,bounded_path_correction,low,DENY,DENY_FORBIDDEN,hard_expired,1080.0,PARTITIONED,False,True,True,False,A_hard_expiry_capsule_contraction,tr_41578464d64c_gpu
paper_ssp_200m_strong_v1,0,300,300.0,1080.0,auv_06,enter_exclusion_zone,consequential,DENY,DENY_HARD_EXPIRY,hard_expired,1080.0,PARTITIONED,False,True,True,False,not_low_risk,tr_41578464d64c_gpu
paper_ssp_200m_strong_v1,0,300,300.0,1080.0,auv_07,enter_exclusion_zone,consequential,DENY,DENY_HARD_EXPIRY,hard_expired,1080.0,PARTITIONED,False,True,True,False,not_low_risk,tr_41578464d64c_gpu
paper_ssp_200m_strong_v1,0,300,300.0,1080.0,auv_08,exceed_return_energy_reserve,consequential,DENY,DENY_HARD_EXPIRY,hard_expired,1080.0,PARTITIONED,False,True,True,False,not_low_risk,tr_41578464d64c_gpu
paper_ssp_200m_strong_v1,0,300,300.0,1080.0,auv_09,hold_station,low,DENY,DENY_FORBIDDEN,hard_expired,1080.0,PARTITIONED,False,True,True,False,A_hard_expiry_capsule_contraction,tr_41578464d64c_gpu
paper_ssp_200m_strong_v1,0,300,300.0,1080.0,auv_10,enter_exclusion_zone,consequential,DENY,DENY_HARD_EXPIRY,hard_expired,1080.0,PARTITIONED,False,True,True,False,not_low_risk,tr_41578464d64c_gpu
paper_ssp_200m_strong_v1,0,300,300.0,1080.0,auv_11,bounded_path_correction,low,DENY,DENY_FORBIDDEN,hard_expired,1080.0,PARTITIONED,False,True,True,False,A_hard_expiry_capsule_contraction,tr_41578464d64c_gpu
paper_ssp_200m_strong_v1,0,300,300.0,1100.0,auv_00,bounded_path_correction,low,DENY,DENY_FORBIDDEN,hard_expired,1100.0,PARTITIONED,False,True,True,False,A_hard_expiry_capsule_contraction,tr_41578464d64c_gpu
paper_ssp_200m_strong_v1,0,300,300.0,1100.0,auv_01,bounded_path_correction,low,DENY,DENY_FORBIDDEN,hard_expired,1100.0,PARTITIONED,False,True,True,False,A_hard_expiry_capsule_contraction,tr_41578464d64c_gpu
paper_ssp_200m_strong_v1,0,300,300.0,1100.0,auv_02,bounded_path_correction,low,DENY,DENY_FORBIDDEN,hard_expired,1100.0,PARTITIONED,False,True,True,False,A_hard_expiry_capsule_contraction,tr_41578464d64c_gpu
paper_ssp_200m_strong_v1,0,300,300.0,1100.0,auv_03,bounded_path_correction,low,DENY,DENY_FORBIDDEN,hard_expired,1100.0,PARTITIONED,False,True,True,False,A_hard_expiry_capsule_contraction,tr_41578464d64c_gpu
paper_ssp_200m_strong_v1,0,300,300.0,1100.0,auv_04,abandon_mandatory_inspection,consequential,DENY,DENY_HARD_EXPIRY,hard_expired,1100.0,PARTITIONED,False,True,True,False,not_low_risk,tr_41578464d64c_gpu
paper_ssp_200m_strong_v1,0,300,300.0,1100.0,auv_05,bounded_path_correction,low,DENY,DENY_FORBIDDEN,hard_expired,1100.0,PARTITIONED,False,True,True,False,A_hard_expiry_capsule_contraction,tr_41578464d64c_gpu
paper_ssp_200m_strong_v1,0,300,300.0,1100.0,auv_06,enter_exclusion_zone,consequential,DENY,DENY_HARD_EXPIRY,hard_expired,1100.0,PARTITIONED,False,True,True,False,not_low_risk,tr_41578464d64c_gpu
paper_ssp_200m_strong_v1,0,300,300.0,1100.0,auv_07,enter_exclusion_zone,consequential,DENY,DENY_HARD_EXPIRY,hard_expired,1100.0,PARTITIONED,False,True,True,False,not_low_risk,tr_41578464d64c_gpu
paper_ssp_200m_strong_v1,0,300,300.0,1100.0,auv_08,exceed_return_energy_reserve,consequential,DENY,DENY_HARD_EXPIRY,hard_expired,1100.0,PARTITIONED,False,True,True,False,not_low_risk,tr_41578464d64c_gpu
paper_ssp_200m_strong_v1,0,300,300.0,1100.0,auv_09,hold_station,low,DENY,DENY_FORBIDDEN,hard_expired,1100.0,PARTITIONED,False,True,True,False,A_hard_expiry_capsule_contraction,tr_41578464d64c_gpu
paper_ssp_200m_strong_v1,0,300,300.0,1100.0,auv_10,enter_exclusion_zone,consequential,DENY,DENY_HARD_EXPIRY,hard_expired,1100.0,PARTITIONED,False,True,True,False,not_low_risk,tr_41578464d64c_gpu
paper_ssp_200m_strong_v1,0,300,300.0,1100.0,auv_11,bounded_path_correction,low,DENY,DENY_FORBIDDEN,hard_expired,1100.0,PARTITIONED,False,True,True,False,A_hard_expiry_capsule_contraction,tr_41578464d64c_gpu
paper_ssp_200m_strong_v1,0,300,300.0,1120.0,auv_00,bounded_path_correction,low,DENY,DENY_FORBIDDEN,hard_expired,1120.0,PARTITIONED,False,True,True,False,A_hard_expiry_capsule_contraction,tr_41578464d64c_gpu
paper_ssp_200m_strong_v1,0,300,300.0,1120.0,auv_01,bounded_path_correction,low,DENY,DENY_FORBIDDEN,hard_expired,1120.0,PARTITIONED,False,True,True,False,A_hard_expiry_capsule_contraction,tr_41578464d64c_gpu
paper_ssp_200m_strong_v1,0,300,300.0,1120.0,auv_02,bounded_path_correction,low,DENY,DENY_FORBIDDEN,hard_expired,1120.0,PARTITIONED,False,True,True,False,A_hard_expiry_capsule_contraction,tr_41578464d64c_gpu
paper_ssp_200m_strong_v1,0,300,300.0,1120.0,auv_03,bounded_path_correction,low,DENY,DENY_FORBIDDEN,hard_expired,1120.0,PARTITIONED,False,True,True,False,A_hard_expiry_capsule_contraction,tr_41578464d64c_gpu
paper_ssp_200m_strong_v1,0,300,300.0,1120.0,auv_04,abandon_mandatory_inspection,consequential,DENY,DENY_HARD_EXPIRY,hard_expired,1120.0,PARTITIONED,False,True,True,False,not_low_risk,tr_41578464d64c_gpu
paper_ssp_200m_strong_v1,0,300,300.0,1120.0,auv_05,bounded_path_correction,low,DENY,DENY_FORBIDDEN,hard_expired,1120.0,PARTITIONED,False,True,True,False,A_hard_expiry_capsule_contraction,tr_41578464d64c_gpu
paper_ssp_200m_strong_v1,0,300,300.0,1120.0,auv_06,enter_exclusion_zone,consequential,DENY,DENY_HARD_EXPIRY,hard_expired,1120.0,PARTITIONED,False,True,True,False,not_low_risk,tr_41578464d64c_gpu
paper_ssp_200m_strong_v1,0,300,300.0,1120.0,auv_07,enter_exclusion_zone,consequential,DENY,DENY_HARD_EXPIRY,hard_expired,1120.0,PARTITIONED,False,True,True,False,not_low_risk,tr_41578464d64c_gpu
paper_ssp_200m_strong_v1,0,300,300.0,1120.0,auv_08,exceed_return_energy_reserve,consequential,DENY,DENY_HARD_EXPIRY,hard_expired,1120.0,PARTITIONED,False,True,True,False,not_low_risk,tr_41578464d64c_gpu
paper_ssp_200m_strong_v1,0,300,300.0,1120.0,auv_09,hold_station,low,DENY,DENY_FORBIDDEN,hard_expired,1120.0,PARTITIONED,False,True,True,False,A_hard_expiry_capsule_contraction,tr_41578464d64c_gpu
paper_ssp_200m_strong_v1,0,300,300.0,1120.0,auv_10,enter_exclusion_zone,consequential,DENY,DENY_HARD_EXPIRY,hard_expired,1120.0,PARTITIONED,False,True,True,False,not_low_risk,tr_41578464d64c_gpu
paper_ssp_200m_strong_v1,0,300,300.0,1120.0,auv_11,change_high_level_objective,consequential,DENY,DENY_HARD_EXPIRY,hard_expired,1120.0,PARTITIONED,False,True,True,False,not_low_risk,tr_41578464d64c_gpu
paper_ssp_200m_strong_v1,0,300,300.0,1140.0,auv_00,bounded_path_correction,low,DENY,DENY_FORBIDDEN,hard_expired,1140.0,PARTITIONED,False,True,True,False,A_hard_expiry_capsule_contraction,tr_41578464d64c_gpu
paper_ssp_200m_strong_v1,0,300,300.0,1140.0,auv_01,bounded_path_correction,low,DENY,DENY_FORBIDDEN,hard_expired,1140.0,PARTITIONED,False,True,True,False,A_hard_expiry_capsule_contraction,tr_41578464d64c_gpu
paper_ssp_200m_strong_v1,0,300,300.0,1140.0,auv_02,bounded_path_correction,low,DENY,DENY_FORBIDDEN,hard_expired,1140.0,PARTITIONED,False,True,True,False,A_hard_expiry_capsule_contraction,tr_41578464d64c_gpu
paper_ssp_200m_strong_v1,0,300,300.0,1140.0,auv_03,bounded_path_correction,low,DENY,DENY_FORBIDDEN,hard_expired,1140.0,PARTITIONED,False,True,True,False,A_hard_expiry_capsule_contraction,tr_41578464d64c_gpu
paper_ssp_200m_strong_v1,0,300,300.0,1140.0,auv_04,abandon_mandatory_inspection,consequential,DENY,DENY_HARD_EXPIRY,hard_expired,1140.0,PARTITIONED,False,True,True,False,not_low_risk,tr_41578464d64c_gpu
paper_ssp_200m_strong_v1,0,300,300.0,1140.0,auv_05,bounded_path_correction,low,DENY,DENY_FORBIDDEN,hard_expired,1140.0,PARTITIONED,False,True,True,False,A_hard_expiry_capsule_contraction,tr_41578464d64c_gpu
paper_ssp_200m_strong_v1,0,300,300.0,1140.0,auv_06,exceed_return_energy_reserve,consequential,DENY,DENY_HARD_EXPIRY,hard_expired,1140.0,PARTITIONED,False,True,True,False,not_low_risk,tr_41578464d64c_gpu
paper_ssp_200m_strong_v1,0,300,300.0,1140.0,auv_07,exceed_return_energy_reserve,consequential,DENY,DENY_HARD_EXPIRY,hard_expired,1140.0,PARTITIONED,False,True,True,False,not_low_risk,tr_41578464d64c_gpu
paper_ssp_200m_strong_v1,0,300,300.0,1140.0,auv_08,exceed_return_energy_reserve,consequential,DENY,DENY_HARD_EXPIRY,hard_expired,1140.0,PARTITIONED,False,True,True,False,not_low_risk,tr_41578464d64c_gpu
paper_ssp_200m_strong_v1,0,300,300.0,1140.0,auv_09,hold_station,low,DENY,DENY_FORBIDDEN,hard_expired,1140.0,PARTITIONED,False,True,True,False,A_hard_expiry_capsule_contraction,tr_41578464d64c_gpu
paper_ssp_200m_strong_v1,0,300,300.0,1140.0,auv_10,exceed_return_energy_reserve,consequential,DENY,DENY_HARD_EXPIRY,hard_expired,1140.0,PARTITIONED,False,True,True,False,not_low_risk,tr_41578464d64c_gpu
paper_ssp_200m_strong_v1,0,300,300.0,1140.0,auv_11,exceed_return_energy_reserve,consequential,DENY,DENY_HARD_EXPIRY,hard_expired,1140.0,PARTITIONED,False,True,True,False,not_low_risk,tr_41578464d64c_gpu
paper_ssp_200m_strong_v1,0,300,300.0,1160.0,auv_00,bounded_path_correction,low,DENY,DENY_FORBIDDEN,hard_expired,1160.0,PARTITIONED,False,True,True,False,A_hard_expiry_capsule_contraction,tr_41578464d64c_gpu
paper_ssp_200m_strong_v1,0,300,300.0,1160.0,auv_01,bounded_path_correction,low,DENY,DENY_FORBIDDEN,hard_expired,1160.0,PARTITIONED,False,True,True,False,A_hard_expiry_capsule_contraction,tr_41578464d64c_gpu
paper_ssp_200m_strong_v1,0,300,300.0,1160.0,auv_02,bounded_path_correction,low,DENY,DENY_FORBIDDEN,hard_expired,1160.0,PARTITIONED,False,True,True,False,A_hard_expiry_capsule_contraction,tr_41578464d64c_gpu
paper_ssp_200m_strong_v1,0,300,300.0,1160.0,auv_03,bounded_path_correction,low,DENY,DENY_FORBIDDEN,hard_expired,1160.0,PARTITIONED,False,True,True,False,A_hard_expiry_capsule_contraction,tr_41578464d64c_gpu
paper_ssp_200m_strong_v1,0,300,300.0,1160.0,auv_04,abandon_mandatory_inspection,consequential,DENY,DENY_HARD_EXPIRY,hard_expired,1160.0,PARTITIONED,False,True,True,False,not_low_risk,tr_41578464d64c_gpu
paper_ssp_200m_strong_v1,0,300,300.0,1160.0,auv_05,bounded_path_correction,low,DENY,DENY_FORBIDDEN,hard_expired,1160.0,PARTITIONED,False,True,True,False,A_hard_expiry_capsule_contraction,tr_41578464d64c_gpu
paper_ssp_200m_strong_v1,0,300,300.0,1160.0,auv_06,enter_exclusion_zone,consequential,DENY,DENY_HARD_EXPIRY,hard_expired,1160.0,PARTITIONED,False,True,True,False,not_low_risk,tr_41578464d64c_gpu
paper_ssp_200m_strong_v1,0,300,300.0,1160.0,auv_07,enter_exclusion_zone,consequential,DENY,DENY_HARD_EXPIRY,hard_expired,1160.0,PARTITIONED,False,True,True,False,not_low_risk,tr_41578464d64c_gpu
paper_ssp_200m_strong_v1,0,300,300.0,1160.0,auv_08,exceed_return_energy_reserve,consequential,DENY,DENY_HARD_EXPIRY,hard_expired,1160.0,PARTITIONED,False,True,True,False,not_low_risk,tr_41578464d64c_gpu
paper_ssp_200m_strong_v1,0,300,300.0,1160.0,auv_09,hold_station,low,DENY,DENY_FORBIDDEN,hard_expired,1160.0,PARTITIONED,False,True,True,False,A_hard_expiry_capsule_contraction,tr_41578464d64c_gpu
paper_ssp_200m_strong_v1,0,300,300.0,1160.0,auv_10,enter_exclusion_zone,consequential,DENY,DENY_HARD_EXPIRY,hard_expired,1160.0,PARTITIONED,False,True,True,False,not_low_risk,tr_41578464d64c_gpu
paper_ssp_200m_strong_v1,0,300,300.0,1160.0,auv_11,bounded_path_correction,low,DENY,DENY_FORBIDDEN,hard_expired,1160.0,PARTITIONED,False,True,True,False,A_hard_expiry_capsule_contraction,tr_41578464d64c_gpu
paper_ssp_200m_strong_v1,0,300,300.0,1180.0,auv_00,bounded_path_correction,low,DENY,DENY_FORBIDDEN,hard_expired,1180.0,PARTITIONED,False,True,True,False,A_hard_expiry_capsule_contraction,tr_41578464d64c_gpu
paper_ssp_200m_strong_v1,0,300,300.0,1180.0,auv_01,bounded_path_correction,low,DENY,DENY_FORBIDDEN,hard_expired,1180.0,PARTITIONED,False,True,True,False,A_hard_expiry_capsule_contraction,tr_41578464d64c_gpu
paper_ssp_200m_strong_v1,0,300,300.0,1180.0,auv_02,bounded_path_correction,low,DENY,DENY_FORBIDDEN,hard_expired,1180.0,PARTITIONED,False,True,True,False,A_hard_expiry_capsule_contraction,tr_41578464d64c_gpu
paper_ssp_200m_strong_v1,0,300,300.0,1180.0,auv_03,bounded_path_correction,low,DENY,DENY_FORBIDDEN,hard_expired,1180.0,PARTITIONED,False,True,True,False,A_hard_expiry_capsule_contraction,tr_41578464d64c_gpu
paper_ssp_200m_strong_v1,0,300,300.0,1180.0,auv_04,abandon_mandatory_inspection,consequential,DENY,DENY_HARD_EXPIRY,hard_expired,1180.0,PARTITIONED,False,True,True,False,not_low_risk,tr_41578464d64c_gpu
paper_ssp_200m_strong_v1,0,300,300.0,1180.0,auv_05,bounded_path_correction,low,DENY,DENY_FORBIDDEN,hard_expired,1180.0,PARTITIONED,False,True,True,False,A_hard_expiry_capsule_contraction,tr_41578464d64c_gpu
paper_ssp_200m_strong_v1,0,300,300.0,1180.0,auv_06,enter_exclusion_zone,consequential,DENY,DENY_HARD_EXPIRY,hard_expired,1180.0,PARTITIONED,False,True,True,False,not_low_risk,tr_41578464d64c_gpu
paper_ssp_200m_strong_v1,0,300,300.0,1180.0,auv_07,enter_exclusion_zone,consequential,DENY,DENY_HARD_EXPIRY,hard_expired,1180.0,PARTITIONED,False,True,True,False,not_low_risk,tr_41578464d64c_gpu
paper_ssp_200m_strong_v1,0,300,300.0,1180.0,auv_08,exceed_return_energy_reserve,consequential,DENY,DENY_HARD_EXPIRY,hard_expired,1180.0,PARTITIONED,False,True,True,False,not_low_risk,tr_41578464d64c_gpu
paper_ssp_200m_strong_v1,0,300,300.0,1180.0,auv_09,hold_station,low,DENY,DENY_FORBIDDEN,hard_expired,1180.0,PARTITIONED,False,True,True,False,A_hard_expiry_capsule_contraction,tr_41578464d64c_gpu
paper_ssp_200m_strong_v1,0,300,300.0,1180.0,auv_10,enter_exclusion_zone,consequential,DENY,DENY_HARD_EXPIRY,hard_expired,1180.0,PARTITIONED,False,True,True,False,not_low_risk,tr_41578464d64c_gpu
paper_ssp_200m_strong_v1,0,300,300.0,1180.0,auv_11,bounded_path_correction,low,DENY,DENY_FORBIDDEN,hard_expired,1180.0,PARTITIONED,False,True,True,False,A_hard_expiry_capsule_contraction,tr_41578464d64c_gpu
paper_ssp_200m_strong_v1,0,300,300.0,1200.0,auv_00,bounded_path_correction,low,DENY,DENY_FORBIDDEN,hard_expired,1200.0,PARTITIONED,False,True,True,False,A_hard_expiry_capsule_contraction,tr_41578464d64c_gpu
paper_ssp_200m_strong_v1,0,300,300.0,1200.0,auv_01,bounded_path_correction,low,DENY,DENY_FORBIDDEN,hard_expired,1200.0,PARTITIONED,False,True,True,False,A_hard_expiry_capsule_contraction,tr_41578464d64c_gpu
paper_ssp_200m_strong_v1,0,300,300.0,1200.0,auv_02,bounded_path_correction,low,DENY,DENY_FORBIDDEN,hard_expired,1200.0,PARTITIONED,False,True,True,False,A_hard_expiry_capsule_contraction,tr_41578464d64c_gpu
paper_ssp_200m_strong_v1,0,300,300.0,1200.0,auv_03,bounded_path_correction,low,DENY,DENY_FORBIDDEN,hard_expired,1200.0,PARTITIONED,False,True,True,False,A_hard_expiry_capsule_contraction,tr_41578464d64c_gpu
paper_ssp_200m_strong_v1,0,300,300.0,1200.0,auv_04,abandon_mandatory_inspection,consequential,DENY,DENY_HARD_EXPIRY,hard_expired,1200.0,PARTITIONED,False,True,True,False,not_low_risk,tr_41578464d64c_gpu
paper_ssp_200m_strong_v1,0,300,300.0,1200.0,auv_05,bounded_path_correction,low,DENY,DENY_FORBIDDEN,hard_expired,1200.0,PARTITIONED,False,True,True,False,A_hard_expiry_capsule_contraction,tr_41578464d64c_gpu
paper_ssp_200m_strong_v1,0,300,300.0,1200.0,auv_06,enter_exclusion_zone,consequential,DENY,DENY_HARD_EXPIRY,hard_expired,1200.0,PARTITIONED,False,True,True,False,not_low_risk,tr_41578464d64c_gpu
paper_ssp_200m_strong_v1,0,300,300.0,1200.0,auv_07,enter_exclusion_zone,consequential,DENY,DENY_HARD_EXPIRY,hard_expired,1200.0,PARTITIONED,False,True,True,False,not_low_risk,tr_41578464d64c_gpu
paper_ssp_200m_strong_v1,0,300,300.0,1200.0,auv_08,exceed_return_energy_reserve,consequential,DENY,DENY_HARD_EXPIRY,hard_expired,1200.0,PARTITIONED,False,True,True,False,not_low_risk,tr_41578464d64c_gpu
paper_ssp_200m_strong_v1,0,300,300.0,1200.0,auv_09,hold_station,low,DENY,DENY_FORBIDDEN,hard_expired,1200.0,PARTITIONED,False,True,True,False,A_hard_expiry_capsule_contraction,tr_41578464d64c_gpu
paper_ssp_200m_strong_v1,0,300,300.0,1200.0,auv_10,enter_exclusion_zone,consequential,DENY,DENY_HARD_EXPIRY,hard_expired,1200.0,PARTITIONED,False,True,True,False,not_low_risk,tr_41578464d64c_gpu
paper_ssp_200m_strong_v1,0,300,300.0,1200.0,auv_11,change_high_level_objective,consequential,DENY,DENY_HARD_EXPIRY,hard_expired,1200.0,PARTITIONED,False,True,True,False,not_low_risk,tr_41578464d64c_gpu
paper_ssp_200m_strong_v1,0,300,300.0,1220.0,auv_00,bounded_path_correction,low,DENY,DENY_FORBIDDEN,hard_expired,1220.0,PARTITIONED,False,True,True,False,A_hard_expiry_capsule_contraction,tr_41578464d64c_gpu
paper_ssp_200m_strong_v1,0,300,300.0,1220.0,auv_01,bounded_path_correction,low,DENY,DENY_FORBIDDEN,hard_expired,1220.0,PARTITIONED,False,True,True,False,A_hard_expiry_capsule_contraction,tr_41578464d64c_gpu
paper_ssp_200m_strong_v1,0,300,300.0,1220.0,auv_02,bounded_path_correction,low,DENY,DENY_FORBIDDEN,hard_expired,1220.0,PARTITIONED,False,True,True,False,A_hard_expiry_capsule_contraction,tr_41578464d64c_gpu
paper_ssp_200m_strong_v1,0,300,300.0,1220.0,auv_03,bounded_path_correction,low,DENY,DENY_FORBIDDEN,hard_expired,1220.0,PARTITIONED,False,True,True,False,A_hard_expiry_capsule_contraction,tr_41578464d64c_gpu
paper_ssp_200m_strong_v1,0,300,300.0,1220.0,auv_04,abandon_mandatory_inspection,consequential,DENY,DENY_HARD_EXPIRY,hard_expired,1220.0,PARTITIONED,False,True,True,False,not_low_risk,tr_41578464d64c_gpu
paper_ssp_200m_strong_v1,0,300,300.0,1220.0,auv_05,bounded_path_correction,low,DENY,DENY_FORBIDDEN,hard_expired,1220.0,PARTITIONED,False,True,True,False,A_hard_expiry_capsule_contraction,tr_41578464d64c_gpu
paper_ssp_200m_strong_v1,0,300,300.0,1220.0,auv_06,enter_exclusion_zone,consequential,DENY,DENY_HARD_EXPIRY,hard_expired,1220.0,PARTITIONED,False,True,True,False,not_low_risk,tr_41578464d64c_gpu
paper_ssp_200m_strong_v1,0,300,300.0,1220.0,auv_07,enter_exclusion_zone,consequential,DENY,DENY_HARD_EXPIRY,hard_expired,1220.0,PARTITIONED,False,True,True,False,not_low_risk,tr_41578464d64c_gpu
paper_ssp_200m_strong_v1,0,300,300.0,1220.0,auv_08,exceed_return_energy_reserve,consequential,DENY,DENY_HARD_EXPIRY,hard_expired,1220.0,PARTITIONED,False,True,True,False,not_low_risk,tr_41578464d64c_gpu
paper_ssp_200m_strong_v1,0,300,300.0,1220.0,auv_09,hold_station,low,DENY,DENY_FORBIDDEN,hard_expired,1220.0,PARTITIONED,False,True,True,False,A_hard_expiry_capsule_contraction,tr_41578464d64c_gpu
paper_ssp_200m_strong_v1,0,300,300.0,1220.0,auv_10,enter_exclusion_zone,consequential,DENY,DENY_HARD_EXPIRY,hard_expired,1220.0,PARTITIONED,False,True,True,False,not_low_risk,tr_41578464d64c_gpu
paper_ssp_200m_strong_v1,0,300,300.0,1220.0,auv_11,bounded_path_correction,low,DENY,DENY_FORBIDDEN,hard_expired,1220.0,PARTITIONED,False,True,True,False,A_hard_expiry_capsule_contraction,tr_41578464d64c_gpu
paper_ssp_200m_strong_v1,0,300,300.0,1240.0,auv_00,bounded_path_correction,low,DENY,DENY_FORBIDDEN,hard_expired,1240.0,PARTITIONED,False,True,True,False,A_hard_expiry_capsule_contraction,tr_41578464d64c_gpu
paper_ssp_200m_strong_v1,0,300,300.0,1240.0,auv_01,bounded_path_correction,low,DENY,DENY_FORBIDDEN,hard_expired,1240.0,PARTITIONED,False,True,True,False,A_hard_expiry_capsule_contraction,tr_41578464d64c_gpu
paper_ssp_200m_strong_v1,0,300,300.0,1240.0,auv_02,bounded_path_correction,low,DENY,DENY_FORBIDDEN,hard_expired,1240.0,PARTITIONED,False,True,True,False,A_hard_expiry_capsule_contraction,tr_41578464d64c_gpu
paper_ssp_200m_strong_v1,0,300,300.0,1240.0,auv_03,bounded_path_correction,low,DENY,DENY_FORBIDDEN,hard_expired,1240.0,PARTITIONED,False,True,True,False,A_hard_expiry_capsule_contraction,tr_41578464d64c_gpu
paper_ssp_200m_strong_v1,0,300,300.0,1240.0,auv_04,abandon_mandatory_inspection,consequential,DENY,DENY_HARD_EXPIRY,hard_expired,1240.0,PARTITIONED,False,True,True,False,not_low_risk,tr_41578464d64c_gpu
paper_ssp_200m_strong_v1,0,300,300.0,1240.0,auv_05,bounded_path_correction,low,DENY,DENY_FORBIDDEN,hard_expired,1240.0,PARTITIONED,False,True,True,False,A_hard_expiry_capsule_contraction,tr_41578464d64c_gpu
paper_ssp_200m_strong_v1,0,300,300.0,1240.0,auv_06,enter_exclusion_zone,consequential,DENY,DENY_HARD_EXPIRY,hard_expired,1240.0,PARTITIONED,False,True,True,False,not_low_risk,tr_41578464d64c_gpu
paper_ssp_200m_strong_v1,0,300,300.0,1240.0,auv_07,enter_exclusion_zone,consequential,DENY,DENY_HARD_EXPIRY,hard_expired,1240.0,PARTITIONED,False,True,True,False,not_low_risk,tr_41578464d64c_gpu
paper_ssp_200m_strong_v1,0,300,300.0,1240.0,auv_08,exceed_return_energy_reserve,consequential,DENY,DENY_HARD_EXPIRY,hard_expired,1240.0,PARTITIONED,False,True,True,False,not_low_risk,tr_41578464d64c_gpu
paper_ssp_200m_strong_v1,0,300,300.0,1240.0,auv_09,hold_station,low,DENY,DENY_FORBIDDEN,hard_expired,1240.0,PARTITIONED,False,True,True,False,A_hard_expiry_capsule_contraction,tr_41578464d64c_gpu
paper_ssp_200m_strong_v1,0,300,300.0,1240.0,auv_10,enter_exclusion_zone,consequential,DENY,DENY_HARD_EXPIRY,hard_expired,1240.0,PARTITIONED,False,True,True,False,not_low_risk,tr_41578464d64c_gpu
paper_ssp_200m_strong_v1,0,300,300.0,1240.0,auv_11,bounded_path_correction,low,DENY,DENY_FORBIDDEN,hard_expired,1240.0,PARTITIONED,False,True,True,False,A_hard_expiry_capsule_contraction,tr_41578464d64c_gpu
paper_ssp_200m_strong_v1,0,300,300.0,1260.0,auv_00,bounded_path_correction,low,DENY,DENY_FORBIDDEN,hard_expired,1260.0,PARTITIONED,False,True,True,False,A_hard_expiry_capsule_contraction,tr_41578464d64c_gpu
paper_ssp_200m_strong_v1,0,300,300.0,1260.0,auv_01,bounded_path_correction,low,DENY,DENY_FORBIDDEN,hard_expired,1260.0,PARTITIONED,False,True,True,False,A_hard_expiry_capsule_contraction,tr_41578464d64c_gpu
paper_ssp_200m_strong_v1,0,300,300.0,1260.0,auv_02,bounded_path_correction,low,DENY,DENY_FORBIDDEN,hard_expired,1260.0,PARTITIONED,False,True,True,False,A_hard_expiry_capsule_contraction,tr_41578464d64c_gpu
paper_ssp_200m_strong_v1,0,300,300.0,1260.0,auv_03,bounded_path_correction,low,DENY,DENY_FORBIDDEN,hard_expired,1260.0,PARTITIONED,False,True,True,False,A_hard_expiry_capsule_contraction,tr_41578464d64c_gpu
paper_ssp_200m_strong_v1,0,300,300.0,1260.0,auv_04,abandon_mandatory_inspection,consequential,DENY,DENY_HARD_EXPIRY,hard_expired,1260.0,PARTITIONED,False,True,True,False,not_low_risk,tr_41578464d64c_gpu
paper_ssp_200m_strong_v1,0,300,300.0,1260.0,auv_05,bounded_path_correction,low,DENY,DENY_FORBIDDEN,hard_expired,1260.0,PARTITIONED,False,True,True,False,A_hard_expiry_capsule_contraction,tr_41578464d64c_gpu
paper_ssp_200m_strong_v1,0,300,300.0,1260.0,auv_06,enter_exclusion_zone,consequential,DENY,DENY_HARD_EXPIRY,hard_expired,1260.0,PARTITIONED,False,True,True,False,not_low_risk,tr_41578464d64c_gpu
paper_ssp_200m_strong_v1,0,300,300.0,1260.0,auv_07,enter_exclusion_zone,consequential,DENY,DENY_HARD_EXPIRY,hard_expired,1260.0,PARTITIONED,False,True,True,False,not_low_risk,tr_41578464d64c_gpu
paper_ssp_200m_strong_v1,0,300,300.0,1260.0,auv_08,exceed_return_energy_reserve,consequential,DENY,DENY_HARD_EXPIRY,hard_expired,1260.0,PARTITIONED,False,True,True,False,not_low_risk,tr_41578464d64c_gpu
paper_ssp_200m_strong_v1,0,300,300.0,1260.0,auv_09,hold_station,low,DENY,DENY_FORBIDDEN,hard_expired,1260.0,PARTITIONED,False,True,True,False,A_hard_expiry_capsule_contraction,tr_41578464d64c_gpu
paper_ssp_200m_strong_v1,0,300,300.0,1260.0,auv_10,enter_exclusion_zone,consequential,DENY,DENY_HARD_EXPIRY,hard_expired,1260.0,PARTITIONED,False,True,True,False,not_low_risk,tr_41578464d64c_gpu
paper_ssp_200m_strong_v1,0,300,300.0,1260.0,auv_11,bounded_path_correction,low,DENY,DENY_FORBIDDEN,hard_expired,1260.0,PARTITIONED,False,True,True,False,A_hard_expiry_capsule_contraction,tr_41578464d64c_gpu
paper_ssp_200m_strong_v1,0,300,300.0,1280.0,auv_00,bounded_path_correction,low,DENY,DENY_FORBIDDEN,hard_expired,1280.0,PARTITIONED,False,True,True,False,A_hard_expiry_capsule_contraction,tr_41578464d64c_gpu
paper_ssp_200m_strong_v1,0,300,300.0,1280.0,auv_01,bounded_path_correction,low,DENY,DENY_FORBIDDEN,hard_expired,1280.0,PARTITIONED,False,True,True,False,A_hard_expiry_capsule_contraction,tr_41578464d64c_gpu
paper_ssp_200m_strong_v1,0,300,300.0,1280.0,auv_02,bounded_path_correction,low,DENY,DENY_FORBIDDEN,hard_expired,1280.0,PARTITIONED,False,True,True,False,A_hard_expiry_capsule_contraction,tr_41578464d64c_gpu
paper_ssp_200m_strong_v1,0,300,300.0,1280.0,auv_03,bounded_path_correction,low,DENY,DENY_FORBIDDEN,hard_expired,1280.0,PARTITIONED,False,True,True,False,A_hard_expiry_capsule_contraction,tr_41578464d64c_gpu
paper_ssp_200m_strong_v1,0,300,300.0,1280.0,auv_04,abandon_mandatory_inspection,consequential,DENY,DENY_HARD_EXPIRY,hard_expired,1280.0,PARTITIONED,False,True,True,False,not_low_risk,tr_41578464d64c_gpu
paper_ssp_200m_strong_v1,0,300,300.0,1280.0,auv_05,bounded_path_correction,low,DENY,DENY_FORBIDDEN,hard_expired,1280.0,PARTITIONED,False,True,True,False,A_hard_expiry_capsule_contraction,tr_41578464d64c_gpu
paper_ssp_200m_strong_v1,0,300,300.0,1280.0,auv_06,enter_exclusion_zone,consequential,DENY,DENY_HARD_EXPIRY,hard_expired,1280.0,PARTITIONED,False,True,True,False,not_low_risk,tr_41578464d64c_gpu
paper_ssp_200m_strong_v1,0,300,300.0,1280.0,auv_07,enter_exclusion_zone,consequential,DENY,DENY_HARD_EXPIRY,hard_expired,1280.0,PARTITIONED,False,True,True,False,not_low_risk,tr_41578464d64c_gpu
paper_ssp_200m_strong_v1,0,300,300.0,1280.0,auv_08,exceed_return_energy_reserve,consequential,DENY,DENY_HARD_EXPIRY,hard_expired,1280.0,PARTITIONED,False,True,True,False,not_low_risk,tr_41578464d64c_gpu
paper_ssp_200m_strong_v1,0,300,300.0,1280.0,auv_09,hold_station,low,DENY,DENY_FORBIDDEN,hard_expired,1280.0,PARTITIONED,False,True,True,False,A_hard_expiry_capsule_contraction,tr_41578464d64c_gpu
paper_ssp_200m_strong_v1,0,300,300.0,1280.0,auv_10,enter_exclusion_zone,consequential,DENY,DENY_HARD_EXPIRY,hard_expired,1280.0,PARTITIONED,False,True,True,False,not_low_risk,tr_41578464d64c_gpu
paper_ssp_200m_strong_v1,0,300,300.0,1280.0,auv_11,change_high_level_objective,consequential,DENY,DENY_HARD_EXPIRY,hard_expired,1280.0,PARTITIONED,False,True,True,False,not_low_risk,tr_41578464d64c_gpu
paper_ssp_200m_strong_v1,0,300,300.0,1300.0,auv_00,bounded_path_correction,low,DENY,DENY_FORBIDDEN,hard_expired,1300.0,PARTITIONED,False,True,True,False,A_hard_expiry_capsule_contraction,tr_41578464d64c_gpu
paper_ssp_200m_strong_v1,0,300,300.0,1300.0,auv_01,bounded_path_correction,low,DENY,DENY_FORBIDDEN,hard_expired,1300.0,PARTITIONED,False,True,True,False,A_hard_expiry_capsule_contraction,tr_41578464d64c_gpu
paper_ssp_200m_strong_v1,0,300,300.0,1300.0,auv_02,bounded_path_correction,low,DENY,DENY_FORBIDDEN,hard_expired,1300.0,PARTITIONED,False,True,True,False,A_hard_expiry_capsule_contraction,tr_41578464d64c_gpu
paper_ssp_200m_strong_v1,0,300,300.0,1300.0,auv_03,bounded_path_correction,low,DENY,DENY_FORBIDDEN,hard_expired,1300.0,PARTITIONED,False,True,True,False,A_hard_expiry_capsule_contraction,tr_41578464d64c_gpu
paper_ssp_200m_strong_v1,0,300,300.0,1300.0,auv_04,abandon_mandatory_inspection,consequential,DENY,DENY_HARD_EXPIRY,hard_expired,1300.0,PARTITIONED,False,True,True,False,not_low_risk,tr_41578464d64c_gpu
paper_ssp_200m_strong_v1,0,300,300.0,1300.0,auv_05,bounded_path_correction,low,DENY,DENY_FORBIDDEN,hard_expired,1300.0,PARTITIONED,False,True,True,False,A_hard_expiry_capsule_contraction,tr_41578464d64c_gpu
paper_ssp_200m_strong_v1,0,300,300.0,1300.0,auv_06,enter_exclusion_zone,consequential,DENY,DENY_HARD_EXPIRY,hard_expired,1300.0,PARTITIONED,False,True,True,False,not_low_risk,tr_41578464d64c_gpu
paper_ssp_200m_strong_v1,0,300,300.0,1300.0,auv_07,enter_exclusion_zone,consequential,DENY,DENY_HARD_EXPIRY,hard_expired,1300.0,PARTITIONED,False,True,True,False,not_low_risk,tr_41578464d64c_gpu
paper_ssp_200m_strong_v1,0,300,300.0,1300.0,auv_08,exceed_return_energy_reserve,consequential,DENY,DENY_HARD_EXPIRY,hard_expired,1300.0,PARTITIONED,False,True,True,False,not_low_risk,tr_41578464d64c_gpu
paper_ssp_200m_strong_v1,0,300,300.0,1300.0,auv_09,hold_station,low,DENY,DENY_FORBIDDEN,hard_expired,1300.0,PARTITIONED,False,True,True,False,A_hard_expiry_capsule_contraction,tr_41578464d64c_gpu
paper_ssp_200m_strong_v1,0,300,300.0,1300.0,auv_10,enter_exclusion_zone,consequential,DENY,DENY_HARD_EXPIRY,hard_expired,1300.0,PARTITIONED,False,True,True,False,not_low_risk,tr_41578464d64c_gpu
paper_ssp_200m_strong_v1,0,300,300.0,1300.0,auv_11,bounded_path_correction,low,DENY,DENY_FORBIDDEN,hard_expired,1300.0,PARTITIONED,False,True,True,False,A_hard_expiry_capsule_contraction,tr_41578464d64c_gpu
paper_ssp_200m_strong_v1,0,300,300.0,1320.0,auv_00,bounded_path_correction,low,DENY,DENY_FORBIDDEN,hard_expired,1320.0,PARTITIONED,False,True,True,False,A_hard_expiry_capsule_contraction,tr_41578464d64c_gpu
paper_ssp_200m_strong_v1,0,300,300.0,1320.0,auv_01,bounded_path_correction,low,DENY,DENY_FORBIDDEN,hard_expired,1320.0,PARTITIONED,False,True,True,False,A_hard_expiry_capsule_contraction,tr_41578464d64c_gpu
paper_ssp_200m_strong_v1,0,300,300.0,1320.0,auv_02,bounded_path_correction,low,DENY,DENY_FORBIDDEN,hard_expired,1320.0,PARTITIONED,False,True,True,False,A_hard_expiry_capsule_contraction,tr_41578464d64c_gpu
paper_ssp_200m_strong_v1,0,300,300.0,1320.0,auv_03,bounded_path_correction,low,DENY,DENY_FORBIDDEN,hard_expired,1320.0,PARTITIONED,False,True,True,False,A_hard_expiry_capsule_contraction,tr_41578464d64c_gpu
paper_ssp_200m_strong_v1,0,300,300.0,1320.0,auv_04,abandon_mandatory_inspection,consequential,DENY,DENY_HARD_EXPIRY,hard_expired,1320.0,PARTITIONED,False,True,True,False,not_low_risk,tr_41578464d64c_gpu
paper_ssp_200m_strong_v1,0,300,300.0,1320.0,auv_05,bounded_path_correction,low,DENY,DENY_FORBIDDEN,hard_expired,1320.0,PARTITIONED,False,True,True,False,A_hard_expiry_capsule_contraction,tr_41578464d64c_gpu
paper_ssp_200m_strong_v1,0,300,300.0,1320.0,auv_06,enter_exclusion_zone,consequential,DENY,DENY_HARD_EXPIRY,hard_expired,1320.0,PARTITIONED,False,True,True,False,not_low_risk,tr_41578464d64c_gpu
paper_ssp_200m_strong_v1,0,300,300.0,1320.0,auv_07,enter_exclusion_zone,consequential,DENY,DENY_HARD_EXPIRY,hard_expired,1320.0,PARTITIONED,False,True,True,False,not_low_risk,tr_41578464d64c_gpu
paper_ssp_200m_strong_v1,0,300,300.0,1320.0,auv_08,exceed_return_energy_reserve,consequential,DENY,DENY_HARD_EXPIRY,hard_expired,1320.0,PARTITIONED,False,True,True,False,not_low_risk,tr_41578464d64c_gpu
paper_ssp_200m_strong_v1,0,300,300.0,1320.0,auv_09,hold_station,low,DENY,DENY_FORBIDDEN,hard_expired,1320.0,PARTITIONED,False,True,True,False,A_hard_expiry_capsule_contraction,tr_41578464d64c_gpu
paper_ssp_200m_strong_v1,0,300,300.0,1320.0,auv_10,enter_exclusion_zone,consequential,DENY,DENY_HARD_EXPIRY,hard_expired,1320.0,PARTITIONED,False,True,True,False,not_low_risk,tr_41578464d64c_gpu
paper_ssp_200m_strong_v1,0,300,300.0,1320.0,auv_11,bounded_path_correction,low,DENY,DENY_FORBIDDEN,hard_expired,1320.0,PARTITIONED,False,True,True,False,A_hard_expiry_capsule_contraction,tr_41578464d64c_gpu
paper_ssp_200m_strong_v1,0,300,300.0,1340.0,auv_00,bounded_path_correction,low,DENY,DENY_FORBIDDEN,hard_expired,1340.0,PARTITIONED,False,True,True,False,A_hard_expiry_capsule_contraction,tr_41578464d64c_gpu
paper_ssp_200m_strong_v1,0,300,300.0,1340.0,auv_01,bounded_path_correction,low,DENY,DENY_FORBIDDEN,hard_expired,1340.0,PARTITIONED,False,True,True,False,A_hard_expiry_capsule_contraction,tr_41578464d64c_gpu
paper_ssp_200m_strong_v1,0,300,300.0,1340.0,auv_02,bounded_path_correction,low,DENY,DENY_FORBIDDEN,hard_expired,1340.0,PARTITIONED,False,True,True,False,A_hard_expiry_capsule_contraction,tr_41578464d64c_gpu
paper_ssp_200m_strong_v1,0,300,300.0,1340.0,auv_03,bounded_path_correction,low,DENY,DENY_FORBIDDEN,hard_expired,1340.0,PARTITIONED,False,True,True,False,A_hard_expiry_capsule_contraction,tr_41578464d64c_gpu
paper_ssp_200m_strong_v1,0,300,300.0,1340.0,auv_04,abandon_mandatory_inspection,consequential,DENY,DENY_HARD_EXPIRY,hard_expired,1340.0,PARTITIONED,False,True,True,False,not_low_risk,tr_41578464d64c_gpu
paper_ssp_200m_strong_v1,0,300,300.0,1340.0,auv_05,bounded_path_correction,low,DENY,DENY_FORBIDDEN,hard_expired,1340.0,PARTITIONED,False,True,True,False,A_hard_expiry_capsule_contraction,tr_41578464d64c_gpu
paper_ssp_200m_strong_v1,0,300,300.0,1340.0,auv_06,enter_exclusion_zone,consequential,DENY,DENY_HARD_EXPIRY,hard_expired,1340.0,PARTITIONED,False,True,True,False,not_low_risk,tr_41578464d64c_gpu
paper_ssp_200m_strong_v1,0,300,300.0,1340.0,auv_07,enter_exclusion_zone,consequential,DENY,DENY_HARD_EXPIRY,hard_expired,1340.0,PARTITIONED,False,True,True,False,not_low_risk,tr_41578464d64c_gpu
paper_ssp_200m_strong_v1,0,300,300.0,1340.0,auv_08,exceed_return_energy_reserve,consequential,DENY,DENY_HARD_EXPIRY,hard_expired,1340.0,PARTITIONED,False,True,True,False,not_low_risk,tr_41578464d64c_gpu
paper_ssp_200m_strong_v1,0,300,300.0,1340.0,auv_09,hold_station,low,DENY,DENY_FORBIDDEN,hard_expired,1340.0,PARTITIONED,False,True,True,False,A_hard_expiry_capsule_contraction,tr_41578464d64c_gpu
paper_ssp_200m_strong_v1,0,300,300.0,1340.0,auv_10,enter_exclusion_zone,consequential,DENY,DENY_HARD_EXPIRY,hard_expired,1340.0,PARTITIONED,False,True,True,False,not_low_risk,tr_41578464d64c_gpu
paper_ssp_200m_strong_v1,0,300,300.0,1340.0,auv_11,bounded_path_correction,low,DENY,DENY_FORBIDDEN,hard_expired,1340.0,PARTITIONED,False,True,True,False,A_hard_expiry_capsule_contraction,tr_41578464d64c_gpu
paper_ssp_200m_strong_v1,0,300,300.0,1360.0,auv_00,bounded_path_correction,low,DENY,DENY_FORBIDDEN,hard_expired,1360.0,PARTITIONED,False,True,True,False,A_hard_expiry_capsule_contraction,tr_41578464d64c_gpu
paper_ssp_200m_strong_v1,0,300,300.0,1360.0,auv_01,bounded_path_correction,low,DENY,DENY_FORBIDDEN,hard_expired,1360.0,PARTITIONED,False,True,True,False,A_hard_expiry_capsule_contraction,tr_41578464d64c_gpu
paper_ssp_200m_strong_v1,0,300,300.0,1360.0,auv_02,bounded_path_correction,low,DENY,DENY_FORBIDDEN,hard_expired,1360.0,PARTITIONED,False,True,True,False,A_hard_expiry_capsule_contraction,tr_41578464d64c_gpu
paper_ssp_200m_strong_v1,0,300,300.0,1360.0,auv_03,bounded_path_correction,low,DENY,DENY_FORBIDDEN,hard_expired,1360.0,PARTITIONED,False,True,True,False,A_hard_expiry_capsule_contraction,tr_41578464d64c_gpu
paper_ssp_200m_strong_v1,0,300,300.0,1360.0,auv_04,abandon_mandatory_inspection,consequential,DENY,DENY_HARD_EXPIRY,hard_expired,1360.0,PARTITIONED,False,True,True,False,not_low_risk,tr_41578464d64c_gpu
paper_ssp_200m_strong_v1,0,300,300.0,1360.0,auv_05,bounded_path_correction,low,DENY,DENY_FORBIDDEN,hard_expired,1360.0,PARTITIONED,False,True,True,False,A_hard_expiry_capsule_contraction,tr_41578464d64c_gpu
paper_ssp_200m_strong_v1,0,300,300.0,1360.0,auv_06,enter_exclusion_zone,consequential,DENY,DENY_HARD_EXPIRY,hard_expired,1360.0,PARTITIONED,False,True,True,False,not_low_risk,tr_41578464d64c_gpu
paper_ssp_200m_strong_v1,0,300,300.0,1360.0,auv_07,enter_exclusion_zone,consequential,DENY,DENY_HARD_EXPIRY,hard_expired,1360.0,PARTITIONED,False,True,True,False,not_low_risk,tr_41578464d64c_gpu
paper_ssp_200m_strong_v1,0,300,300.0,1360.0,auv_08,exceed_return_energy_reserve,consequential,DENY,DENY_HARD_EXPIRY,hard_expired,1360.0,PARTITIONED,False,True,True,False,not_low_risk,tr_41578464d64c_gpu
paper_ssp_200m_strong_v1,0,300,300.0,1360.0,auv_09,hold_station,low,DENY,DENY_FORBIDDEN,hard_expired,1360.0,PARTITIONED,False,True,True,False,A_hard_expiry_capsule_contraction,tr_41578464d64c_gpu
paper_ssp_200m_strong_v1,0,300,300.0,1360.0,auv_10,enter_exclusion_zone,consequential,DENY,DENY_HARD_EXPIRY,hard_expired,1360.0,PARTITIONED,False,True,True,False,not_low_risk,tr_41578464d64c_gpu
paper_ssp_200m_strong_v1,0,300,300.0,1360.0,auv_11,change_high_level_objective,consequential,DENY,DENY_HARD_EXPIRY,hard_expired,1360.0,PARTITIONED,False,True,True,False,not_low_risk,tr_41578464d64c_gpu
paper_ssp_200m_strong_v1,0,300,300.0,1380.0,auv_00,bounded_path_correction,low,DENY,DENY_FORBIDDEN,hard_expired,1380.0,PARTITIONED,False,True,True,False,A_hard_expiry_capsule_contraction,tr_41578464d64c_gpu
paper_ssp_200m_strong_v1,0,300,300.0,1380.0,auv_01,bounded_path_correction,low,DENY,DENY_FORBIDDEN,hard_expired,1380.0,PARTITIONED,False,True,True,False,A_hard_expiry_capsule_contraction,tr_41578464d64c_gpu
paper_ssp_200m_strong_v1,0,300,300.0,1380.0,auv_02,bounded_path_correction,low,DENY,DENY_FORBIDDEN,hard_expired,1380.0,PARTITIONED,False,True,True,False,A_hard_expiry_capsule_contraction,tr_41578464d64c_gpu
paper_ssp_200m_strong_v1,0,300,300.0,1380.0,auv_03,bounded_path_correction,low,DENY,DENY_FORBIDDEN,hard_expired,1380.0,PARTITIONED,False,True,True,False,A_hard_expiry_capsule_contraction,tr_41578464d64c_gpu
paper_ssp_200m_strong_v1,0,300,300.0,1380.0,auv_04,abandon_mandatory_inspection,consequential,DENY,DENY_HARD_EXPIRY,hard_expired,1380.0,PARTITIONED,False,True,True,False,not_low_risk,tr_41578464d64c_gpu
paper_ssp_200m_strong_v1,0,300,300.0,1380.0,auv_05,bounded_path_correction,low,DENY,DENY_FORBIDDEN,hard_expired,1380.0,PARTITIONED,False,True,True,False,A_hard_expiry_capsule_contraction,tr_41578464d64c_gpu
paper_ssp_200m_strong_v1,0,300,300.0,1380.0,auv_06,enter_exclusion_zone,consequential,DENY,DENY_HARD_EXPIRY,hard_expired,1380.0,PARTITIONED,False,True,True,False,not_low_risk,tr_41578464d64c_gpu
paper_ssp_200m_strong_v1,0,300,300.0,1380.0,auv_07,enter_exclusion_zone,consequential,DENY,DENY_HARD_EXPIRY,hard_expired,1380.0,PARTITIONED,False,True,True,False,not_low_risk,tr_41578464d64c_gpu
paper_ssp_200m_strong_v1,0,300,300.0,1380.0,auv_08,exceed_return_energy_reserve,consequential,DENY,DENY_HARD_EXPIRY,hard_expired,1380.0,PARTITIONED,False,True,True,False,not_low_risk,tr_41578464d64c_gpu
paper_ssp_200m_strong_v1,0,300,300.0,1380.0,auv_09,hold_station,low,DENY,DENY_FORBIDDEN,hard_expired,1380.0,PARTITIONED,False,True,True,False,A_hard_expiry_capsule_contraction,tr_41578464d64c_gpu
paper_ssp_200m_strong_v1,0,300,300.0,1380.0,auv_10,enter_exclusion_zone,consequential,DENY,DENY_HARD_EXPIRY,hard_expired,1380.0,PARTITIONED,False,True,True,False,not_low_risk,tr_41578464d64c_gpu
paper_ssp_200m_strong_v1,0,300,300.0,1380.0,auv_11,bounded_path_correction,low,DENY,DENY_FORBIDDEN,hard_expired,1380.0,PARTITIONED,False,True,True,False,A_hard_expiry_capsule_contraction,tr_41578464d64c_gpu
paper_ssp_200m_strong_v1,0,500,500.0,900.0,auv_00,bounded_path_correction,low,DENY,DENY_FORBIDDEN,hard_expired,900.0,PARTITIONED,False,True,True,False,A_hard_expiry_capsule_contraction,tr_41578464d64c_gpu
paper_ssp_200m_strong_v1,0,500,500.0,900.0,auv_01,bounded_path_correction,low,DENY,DENY_FORBIDDEN,hard_expired,900.0,PARTITIONED,False,True,True,False,A_hard_expiry_capsule_contraction,tr_41578464d64c_gpu
paper_ssp_200m_strong_v1,0,500,500.0,900.0,auv_02,bounded_path_correction,low,DENY,DENY_FORBIDDEN,hard_expired,900.0,PARTITIONED,False,True,True,False,A_hard_expiry_capsule_contraction,tr_41578464d64c_gpu
paper_ssp_200m_strong_v1,0,500,500.0,900.0,auv_03,bounded_path_correction,low,DENY,DENY_FORBIDDEN,hard_expired,900.0,PARTITIONED,False,True,True,False,A_hard_expiry_capsule_contraction,tr_41578464d64c_gpu
paper_ssp_200m_strong_v1,0,500,500.0,900.0,auv_04,abandon_mandatory_inspection,consequential,DENY,DENY_HARD_EXPIRY,hard_expired,900.0,PARTITIONED,False,True,True,False,not_low_risk,tr_41578464d64c_gpu
paper_ssp_200m_strong_v1,0,500,500.0,900.0,auv_05,bounded_path_correction,low,DENY,DENY_FORBIDDEN,hard_expired,900.0,PARTITIONED,False,True,True,False,A_hard_expiry_capsule_contraction,tr_41578464d64c_gpu
paper_ssp_200m_strong_v1,0,500,500.0,900.0,auv_06,enter_exclusion_zone,consequential,DENY,DENY_HARD_EXPIRY,hard_expired,900.0,PARTITIONED,False,True,True,False,not_low_risk,tr_41578464d64c_gpu
paper_ssp_200m_strong_v1,0,500,500.0,900.0,auv_07,enter_exclusion_zone,consequential,DENY,DENY_HARD_EXPIRY,hard_expired,900.0,PARTITIONED,False,True,True,False,not_low_risk,tr_41578464d64c_gpu
paper_ssp_200m_strong_v1,0,500,500.0,900.0,auv_08,exceed_return_energy_reserve,consequential,DENY,DENY_HARD_EXPIRY,hard_expired,900.0,PARTITIONED,False,True,True,False,not_low_risk,tr_41578464d64c_gpu
paper_ssp_200m_strong_v1,0,500,500.0,900.0,auv_09,hold_station,low,DENY,DENY_FORBIDDEN,hard_expired,900.0,PARTITIONED,False,True,True,False,A_hard_expiry_capsule_contraction,tr_41578464d64c_gpu
paper_ssp_200m_strong_v1,0,500,500.0,900.0,auv_10,enter_exclusion_zone,consequential,DENY,DENY_HARD_EXPIRY,hard_expired,900.0,PARTITIONED,False,True,True,False,not_low_risk,tr_41578464d64c_gpu
paper_ssp_200m_strong_v1,0,500,500.0,900.0,auv_11,bounded_path_correction,low,DENY,DENY_FORBIDDEN,hard_expired,900.0,PARTITIONED,False,True,True,False,A_hard_expiry_capsule_contraction,tr_41578464d64c_gpu
paper_ssp_200m_strong_v1,0,500,500.0,920.0,auv_00,bounded_path_correction,low,DENY,DENY_FORBIDDEN,hard_expired,920.0,PARTITIONED,False,True,True,False,A_hard_expiry_capsule_contraction,tr_41578464d64c_gpu
paper_ssp_200m_strong_v1,0,500,500.0,920.0,auv_01,bounded_path_correction,low,DENY,DENY_FORBIDDEN,hard_expired,920.0,PARTITIONED,False,True,True,False,A_hard_expiry_capsule_contraction,tr_41578464d64c_gpu
paper_ssp_200m_strong_v1,0,500,500.0,920.0,auv_02,bounded_path_correction,low,DENY,DENY_FORBIDDEN,hard_expired,920.0,PARTITIONED,False,True,True,False,A_hard_expiry_capsule_contraction,tr_41578464d64c_gpu
paper_ssp_200m_strong_v1,0,500,500.0,920.0,auv_03,bounded_path_correction,low,DENY,DENY_FORBIDDEN,hard_expired,920.0,PARTITIONED,False,True,True,False,A_hard_expiry_capsule_contraction,tr_41578464d64c_gpu
paper_ssp_200m_strong_v1,0,500,500.0,920.0,auv_04,abandon_mandatory_inspection,consequential,DENY,DENY_HARD_EXPIRY,hard_expired,920.0,PARTITIONED,False,True,True,False,not_low_risk,tr_41578464d64c_gpu
paper_ssp_200m_strong_v1,0,500,500.0,920.0,auv_05,bounded_path_correction,low,DENY,DENY_FORBIDDEN,hard_expired,920.0,PARTITIONED,False,True,True,False,A_hard_expiry_capsule_contraction,tr_41578464d64c_gpu
paper_ssp_200m_strong_v1,0,500,500.0,920.0,auv_06,enter_exclusion_zone,consequential,DENY,DENY_HARD_EXPIRY,hard_expired,920.0,PARTITIONED,False,True,True,False,not_low_risk,tr_41578464d64c_gpu
paper_ssp_200m_strong_v1,0,500,500.0,920.0,auv_07,enter_exclusion_zone,consequential,DENY,DENY_HARD_EXPIRY,hard_expired,920.0,PARTITIONED,False,True,True,False,not_low_risk,tr_41578464d64c_gpu
paper_ssp_200m_strong_v1,0,500,500.0,920.0,auv_08,exceed_return_energy_reserve,consequential,DENY,DENY_HARD_EXPIRY,hard_expired,920.0,PARTITIONED,False,True,True,False,not_low_risk,tr_41578464d64c_gpu
paper_ssp_200m_strong_v1,0,500,500.0,920.0,auv_09,hold_station,low,DENY,DENY_FORBIDDEN,hard_expired,920.0,PARTITIONED,False,True,True,False,A_hard_expiry_capsule_contraction,tr_41578464d64c_gpu
paper_ssp_200m_strong_v1,0,500,500.0,920.0,auv_10,enter_exclusion_zone,consequential,DENY,DENY_HARD_EXPIRY,hard_expired,920.0,PARTITIONED,False,True,True,False,not_low_risk,tr_41578464d64c_gpu
paper_ssp_200m_strong_v1,0,500,500.0,920.0,auv_11,bounded_path_correction,low,DENY,DENY_FORBIDDEN,hard_expired,920.0,PARTITIONED,False,True,True,False,A_hard_expiry_capsule_contraction,tr_41578464d64c_gpu
paper_ssp_200m_strong_v1,0,500,500.0,940.0,auv_00,bounded_path_correction,low,DENY,DENY_FORBIDDEN,hard_expired,940.0,PARTITIONED,False,True,True,False,A_hard_expiry_capsule_contraction,tr_41578464d64c_gpu
paper_ssp_200m_strong_v1,0,500,500.0,940.0,auv_01,bounded_path_correction,low,DENY,DENY_FORBIDDEN,hard_expired,940.0,PARTITIONED,False,True,True,False,A_hard_expiry_capsule_contraction,tr_41578464d64c_gpu
paper_ssp_200m_strong_v1,0,500,500.0,940.0,auv_02,bounded_path_correction,low,DENY,DENY_FORBIDDEN,hard_expired,940.0,PARTITIONED,False,True,True,False,A_hard_expiry_capsule_contraction,tr_41578464d64c_gpu
paper_ssp_200m_strong_v1,0,500,500.0,940.0,auv_03,bounded_path_correction,low,DENY,DENY_FORBIDDEN,hard_expired,940.0,PARTITIONED,False,True,True,False,A_hard_expiry_capsule_contraction,tr_41578464d64c_gpu
paper_ssp_200m_strong_v1,0,500,500.0,940.0,auv_04,abandon_mandatory_inspection,consequential,DENY,DENY_HARD_EXPIRY,hard_expired,940.0,PARTITIONED,False,True,True,False,not_low_risk,tr_41578464d64c_gpu
paper_ssp_200m_strong_v1,0,500,500.0,940.0,auv_05,bounded_path_correction,low,DENY,DENY_FORBIDDEN,hard_expired,940.0,PARTITIONED,False,True,True,False,A_hard_expiry_capsule_contraction,tr_41578464d64c_gpu
paper_ssp_200m_strong_v1,0,500,500.0,940.0,auv_06,enter_exclusion_zone,consequential,DENY,DENY_HARD_EXPIRY,hard_expired,940.0,PARTITIONED,False,True,True,False,not_low_risk,tr_41578464d64c_gpu
paper_ssp_200m_strong_v1,0,500,500.0,940.0,auv_07,enter_exclusion_zone,consequential,DENY,DENY_HARD_EXPIRY,hard_expired,940.0,PARTITIONED,False,True,True,False,not_low_risk,tr_41578464d64c_gpu
paper_ssp_200m_strong_v1,0,500,500.0,940.0,auv_08,exceed_return_energy_reserve,consequential,DENY,DENY_HARD_EXPIRY,hard_expired,940.0,PARTITIONED,False,True,True,False,not_low_risk,tr_41578464d64c_gpu
paper_ssp_200m_strong_v1,0,500,500.0,940.0,auv_09,hold_station,low,DENY,DENY_FORBIDDEN,hard_expired,940.0,PARTITIONED,False,True,True,False,A_hard_expiry_capsule_contraction,tr_41578464d64c_gpu
paper_ssp_200m_strong_v1,0,500,500.0,940.0,auv_10,enter_exclusion_zone,consequential,DENY,DENY_HARD_EXPIRY,hard_expired,940.0,PARTITIONED,False,True,True,False,not_low_risk,tr_41578464d64c_gpu
paper_ssp_200m_strong_v1,0,500,500.0,940.0,auv_11,bounded_path_correction,low,DENY,DENY_FORBIDDEN,hard_expired,940.0,PARTITIONED,False,True,True,False,A_hard_expiry_capsule_contraction,tr_41578464d64c_gpu
paper_ssp_200m_strong_v1,0,500,500.0,960.0,auv_00,bounded_path_correction,low,DENY,DENY_FORBIDDEN,hard_expired,960.0,PARTITIONED,False,True,True,False,A_hard_expiry_capsule_contraction,tr_41578464d64c_gpu
paper_ssp_200m_strong_v1,0,500,500.0,960.0,auv_01,bounded_path_correction,low,DENY,DENY_FORBIDDEN,hard_expired,960.0,PARTITIONED,False,True,True,False,A_hard_expiry_capsule_contraction,tr_41578464d64c_gpu
paper_ssp_200m_strong_v1,0,500,500.0,960.0,auv_02,bounded_path_correction,low,DENY,DENY_FORBIDDEN,hard_expired,960.0,PARTITIONED,False,True,True,False,A_hard_expiry_capsule_contraction,tr_41578464d64c_gpu
paper_ssp_200m_strong_v1,0,500,500.0,960.0,auv_03,bounded_path_correction,low,DENY,DENY_FORBIDDEN,hard_expired,960.0,PARTITIONED,False,True,True,False,A_hard_expiry_capsule_contraction,tr_41578464d64c_gpu
paper_ssp_200m_strong_v1,0,500,500.0,960.0,auv_04,abandon_mandatory_inspection,consequential,DENY,DENY_HARD_EXPIRY,hard_expired,960.0,PARTITIONED,False,True,True,False,not_low_risk,tr_41578464d64c_gpu
paper_ssp_200m_strong_v1,0,500,500.0,960.0,auv_05,bounded_path_correction,low,DENY,DENY_FORBIDDEN,hard_expired,960.0,PARTITIONED,False,True,True,False,A_hard_expiry_capsule_contraction,tr_41578464d64c_gpu
paper_ssp_200m_strong_v1,0,500,500.0,960.0,auv_06,enter_exclusion_zone,consequential,DENY,DENY_HARD_EXPIRY,hard_expired,960.0,PARTITIONED,False,True,True,False,not_low_risk,tr_41578464d64c_gpu
paper_ssp_200m_strong_v1,0,500,500.0,960.0,auv_07,enter_exclusion_zone,consequential,DENY,DENY_HARD_EXPIRY,hard_expired,960.0,PARTITIONED,False,True,True,False,not_low_risk,tr_41578464d64c_gpu
paper_ssp_200m_strong_v1,0,500,500.0,960.0,auv_08,exceed_return_energy_reserve,consequential,DENY,DENY_HARD_EXPIRY,hard_expired,960.0,PARTITIONED,False,True,True,False,not_low_risk,tr_41578464d64c_gpu
paper_ssp_200m_strong_v1,0,500,500.0,960.0,auv_09,hold_station,low,DENY,DENY_FORBIDDEN,hard_expired,960.0,PARTITIONED,False,True,True,False,A_hard_expiry_capsule_contraction,tr_41578464d64c_gpu
paper_ssp_200m_strong_v1,0,500,500.0,960.0,auv_10,enter_exclusion_zone,consequential,DENY,DENY_HARD_EXPIRY,hard_expired,960.0,PARTITIONED,False,True,True,False,not_low_risk,tr_41578464d64c_gpu
paper_ssp_200m_strong_v1,0,500,500.0,960.0,auv_11,change_high_level_objective,consequential,DENY,DENY_HARD_EXPIRY,hard_expired,960.0,PARTITIONED,False,True,True,False,not_low_risk,tr_41578464d64c_gpu
paper_ssp_200m_strong_v1,0,500,500.0,980.0,auv_00,bounded_path_correction,low,DENY,DENY_FORBIDDEN,hard_expired,980.0,PARTITIONED,False,True,True,False,A_hard_expiry_capsule_contraction,tr_41578464d64c_gpu
paper_ssp_200m_strong_v1,0,500,500.0,980.0,auv_01,bounded_path_correction,low,DENY,DENY_FORBIDDEN,hard_expired,980.0,PARTITIONED,False,True,True,False,A_hard_expiry_capsule_contraction,tr_41578464d64c_gpu
paper_ssp_200m_strong_v1,0,500,500.0,980.0,auv_02,bounded_path_correction,low,DENY,DENY_FORBIDDEN,hard_expired,980.0,PARTITIONED,False,True,True,False,A_hard_expiry_capsule_contraction,tr_41578464d64c_gpu
paper_ssp_200m_strong_v1,0,500,500.0,980.0,auv_03,bounded_path_correction,low,DENY,DENY_FORBIDDEN,hard_expired,980.0,PARTITIONED,False,True,True,False,A_hard_expiry_capsule_contraction,tr_41578464d64c_gpu
paper_ssp_200m_strong_v1,0,500,500.0,980.0,auv_04,abandon_mandatory_inspection,consequential,DENY,DENY_HARD_EXPIRY,hard_expired,980.0,PARTITIONED,False,True,True,False,not_low_risk,tr_41578464d64c_gpu
paper_ssp_200m_strong_v1,0,500,500.0,980.0,auv_05,bounded_path_correction,low,DENY,DENY_FORBIDDEN,hard_expired,980.0,PARTITIONED,False,True,True,False,A_hard_expiry_capsule_contraction,tr_41578464d64c_gpu
paper_ssp_200m_strong_v1,0,500,500.0,980.0,auv_06,enter_exclusion_zone,consequential,DENY,DENY_HARD_EXPIRY,hard_expired,980.0,PARTITIONED,False,True,True,False,not_low_risk,tr_41578464d64c_gpu
paper_ssp_200m_strong_v1,0,500,500.0,980.0,auv_07,enter_exclusion_zone,consequential,DENY,DENY_HARD_EXPIRY,hard_expired,980.0,PARTITIONED,False,True,True,False,not_low_risk,tr_41578464d64c_gpu
paper_ssp_200m_strong_v1,0,500,500.0,980.0,auv_08,exceed_return_energy_reserve,consequential,DENY,DENY_HARD_EXPIRY,hard_expired,980.0,PARTITIONED,False,True,True,False,not_low_risk,tr_41578464d64c_gpu
paper_ssp_200m_strong_v1,0,500,500.0,980.0,auv_09,hold_station,low,DENY,DENY_FORBIDDEN,hard_expired,980.0,PARTITIONED,False,True,True,False,A_hard_expiry_capsule_contraction,tr_41578464d64c_gpu
paper_ssp_200m_strong_v1,0,500,500.0,980.0,auv_10,enter_exclusion_zone,consequential,DENY,DENY_HARD_EXPIRY,hard_expired,980.0,PARTITIONED,False,True,True,False,not_low_risk,tr_41578464d64c_gpu
paper_ssp_200m_strong_v1,0,500,500.0,980.0,auv_11,bounded_path_correction,low,DENY,DENY_FORBIDDEN,hard_expired,980.0,PARTITIONED,False,True,True,False,A_hard_expiry_capsule_contraction,tr_41578464d64c_gpu
paper_ssp_200m_strong_v1,0,500,500.0,1000.0,auv_00,bounded_path_correction,low,DENY,DENY_FORBIDDEN,hard_expired,1000.0,PARTITIONED,False,True,True,False,A_hard_expiry_capsule_contraction,tr_41578464d64c_gpu
paper_ssp_200m_strong_v1,0,500,500.0,1000.0,auv_01,bounded_path_correction,low,DENY,DENY_FORBIDDEN,hard_expired,1000.0,PARTITIONED,False,True,True,False,A_hard_expiry_capsule_contraction,tr_41578464d64c_gpu
paper_ssp_200m_strong_v1,0,500,500.0,1000.0,auv_02,bounded_path_correction,low,DENY,DENY_FORBIDDEN,hard_expired,1000.0,PARTITIONED,False,True,True,False,A_hard_expiry_capsule_contraction,tr_41578464d64c_gpu
paper_ssp_200m_strong_v1,0,500,500.0,1000.0,auv_03,bounded_path_correction,low,DENY,DENY_FORBIDDEN,hard_expired,1000.0,PARTITIONED,False,True,True,False,A_hard_expiry_capsule_contraction,tr_41578464d64c_gpu
paper_ssp_200m_strong_v1,0,500,500.0,1000.0,auv_04,abandon_mandatory_inspection,consequential,DENY,DENY_HARD_EXPIRY,hard_expired,1000.0,PARTITIONED,False,True,True,False,not_low_risk,tr_41578464d64c_gpu
paper_ssp_200m_strong_v1,0,500,500.0,1000.0,auv_05,bounded_path_correction,low,DENY,DENY_FORBIDDEN,hard_expired,1000.0,PARTITIONED,False,True,True,False,A_hard_expiry_capsule_contraction,tr_41578464d64c_gpu
paper_ssp_200m_strong_v1,0,500,500.0,1000.0,auv_06,enter_exclusion_zone,consequential,DENY,DENY_HARD_EXPIRY,hard_expired,1000.0,PARTITIONED,False,True,True,False,not_low_risk,tr_41578464d64c_gpu
paper_ssp_200m_strong_v1,0,500,500.0,1000.0,auv_07,enter_exclusion_zone,consequential,DENY,DENY_HARD_EXPIRY,hard_expired,1000.0,PARTITIONED,False,True,True,False,not_low_risk,tr_41578464d64c_gpu
paper_ssp_200m_strong_v1,0,500,500.0,1000.0,auv_08,exceed_return_energy_reserve,consequential,DENY,DENY_HARD_EXPIRY,hard_expired,1000.0,PARTITIONED,False,True,True,False,not_low_risk,tr_41578464d64c_gpu
paper_ssp_200m_strong_v1,0,500,500.0,1000.0,auv_09,hold_station,low,DENY,DENY_FORBIDDEN,hard_expired,1000.0,PARTITIONED,False,True,True,False,A_hard_expiry_capsule_contraction,tr_41578464d64c_gpu
paper_ssp_200m_strong_v1,0,500,500.0,1000.0,auv_10,enter_exclusion_zone,consequential,DENY,DENY_HARD_EXPIRY,hard_expired,1000.0,PARTITIONED,False,True,True,False,not_low_risk,tr_41578464d64c_gpu
paper_ssp_200m_strong_v1,0,500,500.0,1000.0,auv_11,bounded_path_correction,low,DENY,DENY_FORBIDDEN,hard_expired,1000.0,PARTITIONED,False,True,True,False,A_hard_expiry_capsule_contraction,tr_41578464d64c_gpu
paper_ssp_200m_strong_v1,0,500,500.0,1020.0,auv_00,bounded_path_correction,low,DENY,DENY_FORBIDDEN,hard_expired,1020.0,PARTITIONED,False,True,True,False,A_hard_expiry_capsule_contraction,tr_41578464d64c_gpu
paper_ssp_200m_strong_v1,0,500,500.0,1020.0,auv_01,bounded_path_correction,low,DENY,DENY_FORBIDDEN,hard_expired,1020.0,PARTITIONED,False,True,True,False,A_hard_expiry_capsule_contraction,tr_41578464d64c_gpu
paper_ssp_200m_strong_v1,0,500,500.0,1020.0,auv_02,bounded_path_correction,low,DENY,DENY_FORBIDDEN,hard_expired,1020.0,PARTITIONED,False,True,True,False,A_hard_expiry_capsule_contraction,tr_41578464d64c_gpu
paper_ssp_200m_strong_v1,0,500,500.0,1020.0,auv_03,bounded_path_correction,low,DENY,DENY_FORBIDDEN,hard_expired,1020.0,PARTITIONED,False,True,True,False,A_hard_expiry_capsule_contraction,tr_41578464d64c_gpu
paper_ssp_200m_strong_v1,0,500,500.0,1020.0,auv_04,abandon_mandatory_inspection,consequential,DENY,DENY_HARD_EXPIRY,hard_expired,1020.0,PARTITIONED,False,True,True,False,not_low_risk,tr_41578464d64c_gpu
paper_ssp_200m_strong_v1,0,500,500.0,1020.0,auv_05,bounded_path_correction,low,DENY,DENY_FORBIDDEN,hard_expired,1020.0,PARTITIONED,False,True,True,False,A_hard_expiry_capsule_contraction,tr_41578464d64c_gpu
paper_ssp_200m_strong_v1,0,500,500.0,1020.0,auv_06,enter_exclusion_zone,consequential,DENY,DENY_HARD_EXPIRY,hard_expired,1020.0,PARTITIONED,False,True,True,False,not_low_risk,tr_41578464d64c_gpu
paper_ssp_200m_strong_v1,0,500,500.0,1020.0,auv_07,enter_exclusion_zone,consequential,DENY,DENY_HARD_EXPIRY,hard_expired,1020.0,PARTITIONED,False,True,True,False,not_low_risk,tr_41578464d64c_gpu
paper_ssp_200m_strong_v1,0,500,500.0,1020.0,auv_08,exceed_return_energy_reserve,consequential,DENY,DENY_HARD_EXPIRY,hard_expired,1020.0,PARTITIONED,False,True,True,False,not_low_risk,tr_41578464d64c_gpu
paper_ssp_200m_strong_v1,0,500,500.0,1020.0,auv_09,hold_station,low,DENY,DENY_FORBIDDEN,hard_expired,1020.0,PARTITIONED,False,True,True,False,A_hard_expiry_capsule_contraction,tr_41578464d64c_gpu
paper_ssp_200m_strong_v1,0,500,500.0,1020.0,auv_10,enter_exclusion_zone,consequential,DENY,DENY_HARD_EXPIRY,hard_expired,1020.0,PARTITIONED,False,True,True,False,not_low_risk,tr_41578464d64c_gpu
paper_ssp_200m_strong_v1,0,500,500.0,1020.0,auv_11,bounded_path_correction,low,DENY,DENY_FORBIDDEN,hard_expired,1020.0,PARTITIONED,False,True,True,False,A_hard_expiry_capsule_contraction,tr_41578464d64c_gpu
paper_ssp_200m_strong_v1,0,500,500.0,1040.0,auv_00,bounded_path_correction,low,DENY,DENY_FORBIDDEN,hard_expired,1040.0,PARTITIONED,False,True,True,False,A_hard_expiry_capsule_contraction,tr_41578464d64c_gpu
paper_ssp_200m_strong_v1,0,500,500.0,1040.0,auv_01,bounded_path_correction,low,DENY,DENY_FORBIDDEN,hard_expired,1040.0,PARTITIONED,False,True,True,False,A_hard_expiry_capsule_contraction,tr_41578464d64c_gpu
paper_ssp_200m_strong_v1,0,500,500.0,1040.0,auv_02,bounded_path_correction,low,DENY,DENY_FORBIDDEN,hard_expired,1040.0,PARTITIONED,False,True,True,False,A_hard_expiry_capsule_contraction,tr_41578464d64c_gpu
paper_ssp_200m_strong_v1,0,500,500.0,1040.0,auv_03,bounded_path_correction,low,DENY,DENY_FORBIDDEN,hard_expired,1040.0,PARTITIONED,False,True,True,False,A_hard_expiry_capsule_contraction,tr_41578464d64c_gpu
paper_ssp_200m_strong_v1,0,500,500.0,1040.0,auv_04,abandon_mandatory_inspection,consequential,DENY,DENY_HARD_EXPIRY,hard_expired,1040.0,PARTITIONED,False,True,True,False,not_low_risk,tr_41578464d64c_gpu
paper_ssp_200m_strong_v1,0,500,500.0,1040.0,auv_05,bounded_path_correction,low,DENY,DENY_FORBIDDEN,hard_expired,1040.0,PARTITIONED,False,True,True,False,A_hard_expiry_capsule_contraction,tr_41578464d64c_gpu
paper_ssp_200m_strong_v1,0,500,500.0,1040.0,auv_06,enter_exclusion_zone,consequential,DENY,DENY_HARD_EXPIRY,hard_expired,1040.0,PARTITIONED,False,True,True,False,not_low_risk,tr_41578464d64c_gpu
paper_ssp_200m_strong_v1,0,500,500.0,1040.0,auv_07,enter_exclusion_zone,consequential,DENY,DENY_HARD_EXPIRY,hard_expired,1040.0,PARTITIONED,False,True,True,False,not_low_risk,tr_41578464d64c_gpu
paper_ssp_200m_strong_v1,0,500,500.0,1040.0,auv_08,exceed_return_energy_reserve,consequential,DENY,DENY_HARD_EXPIRY,hard_expired,1040.0,PARTITIONED,False,True,True,False,not_low_risk,tr_41578464d64c_gpu
paper_ssp_200m_strong_v1,0,500,500.0,1040.0,auv_09,hold_station,low,DENY,DENY_FORBIDDEN,hard_expired,1040.0,PARTITIONED,False,True,True,False,A_hard_expiry_capsule_contraction,tr_41578464d64c_gpu
paper_ssp_200m_strong_v1,0,500,500.0,1040.0,auv_10,enter_exclusion_zone,consequential,DENY,DENY_HARD_EXPIRY,hard_expired,1040.0,PARTITIONED,False,True,True,False,not_low_risk,tr_41578464d64c_gpu
paper_ssp_200m_strong_v1,0,500,500.0,1040.0,auv_11,change_high_level_objective,consequential,DENY,DENY_HARD_EXPIRY,hard_expired,1040.0,PARTITIONED,False,True,True,False,not_low_risk,tr_41578464d64c_gpu
paper_ssp_200m_strong_v1,0,500,500.0,1060.0,auv_00,bounded_path_correction,low,DENY,DENY_FORBIDDEN,hard_expired,1060.0,PARTITIONED,False,True,True,False,A_hard_expiry_capsule_contraction,tr_41578464d64c_gpu
paper_ssp_200m_strong_v1,0,500,500.0,1060.0,auv_01,bounded_path_correction,low,DENY,DENY_FORBIDDEN,hard_expired,1060.0,PARTITIONED,False,True,True,False,A_hard_expiry_capsule_contraction,tr_41578464d64c_gpu
paper_ssp_200m_strong_v1,0,500,500.0,1060.0,auv_02,bounded_path_correction,low,DENY,DENY_FORBIDDEN,hard_expired,1060.0,PARTITIONED,False,True,True,False,A_hard_expiry_capsule_contraction,tr_41578464d64c_gpu
paper_ssp_200m_strong_v1,0,500,500.0,1060.0,auv_03,bounded_path_correction,low,DENY,DENY_FORBIDDEN,hard_expired,1060.0,PARTITIONED,False,True,True,False,A_hard_expiry_capsule_contraction,tr_41578464d64c_gpu
paper_ssp_200m_strong_v1,0,500,500.0,1060.0,auv_04,abandon_mandatory_inspection,consequential,DENY,DENY_HARD_EXPIRY,hard_expired,1060.0,PARTITIONED,False,True,True,False,not_low_risk,tr_41578464d64c_gpu
paper_ssp_200m_strong_v1,0,500,500.0,1060.0,auv_05,bounded_path_correction,low,DENY,DENY_FORBIDDEN,hard_expired,1060.0,PARTITIONED,False,True,True,False,A_hard_expiry_capsule_contraction,tr_41578464d64c_gpu
paper_ssp_200m_strong_v1,0,500,500.0,1060.0,auv_06,enter_exclusion_zone,consequential,DENY,DENY_HARD_EXPIRY,hard_expired,1060.0,PARTITIONED,False,True,True,False,not_low_risk,tr_41578464d64c_gpu
paper_ssp_200m_strong_v1,0,500,500.0,1060.0,auv_07,enter_exclusion_zone,consequential,DENY,DENY_HARD_EXPIRY,hard_expired,1060.0,PARTITIONED,False,True,True,False,not_low_risk,tr_41578464d64c_gpu
paper_ssp_200m_strong_v1,0,500,500.0,1060.0,auv_08,exceed_return_energy_reserve,consequential,DENY,DENY_HARD_EXPIRY,hard_expired,1060.0,PARTITIONED,False,True,True,False,not_low_risk,tr_41578464d64c_gpu
paper_ssp_200m_strong_v1,0,500,500.0,1060.0,auv_09,hold_station,low,DENY,DENY_FORBIDDEN,hard_expired,1060.0,PARTITIONED,False,True,True,False,A_hard_expiry_capsule_contraction,tr_41578464d64c_gpu
paper_ssp_200m_strong_v1,0,500,500.0,1060.0,auv_10,enter_exclusion_zone,consequential,DENY,DENY_HARD_EXPIRY,hard_expired,1060.0,PARTITIONED,False,True,True,False,not_low_risk,tr_41578464d64c_gpu
paper_ssp_200m_strong_v1,0,500,500.0,1060.0,auv_11,bounded_path_correction,low,DENY,DENY_FORBIDDEN,hard_expired,1060.0,PARTITIONED,False,True,True,False,A_hard_expiry_capsule_contraction,tr_41578464d64c_gpu
paper_ssp_200m_strong_v1,0,500,500.0,1080.0,auv_00,bounded_path_correction,low,DENY,DENY_FORBIDDEN,hard_expired,1080.0,PARTITIONED,False,True,True,False,A_hard_expiry_capsule_contraction,tr_41578464d64c_gpu
paper_ssp_200m_strong_v1,0,500,500.0,1080.0,auv_01,bounded_path_correction,low,DENY,DENY_FORBIDDEN,hard_expired,1080.0,PARTITIONED,False,True,True,False,A_hard_expiry_capsule_contraction,tr_41578464d64c_gpu
paper_ssp_200m_strong_v1,0,500,500.0,1080.0,auv_02,bounded_path_correction,low,DENY,DENY_FORBIDDEN,hard_expired,1080.0,PARTITIONED,False,True,True,False,A_hard_expiry_capsule_contraction,tr_41578464d64c_gpu
paper_ssp_200m_strong_v1,0,500,500.0,1080.0,auv_03,bounded_path_correction,low,DENY,DENY_FORBIDDEN,hard_expired,1080.0,PARTITIONED,False,True,True,False,A_hard_expiry_capsule_contraction,tr_41578464d64c_gpu
paper_ssp_200m_strong_v1,0,500,500.0,1080.0,auv_04,abandon_mandatory_inspection,consequential,DENY,DENY_HARD_EXPIRY,hard_expired,1080.0,PARTITIONED,False,True,True,False,not_low_risk,tr_41578464d64c_gpu
paper_ssp_200m_strong_v1,0,500,500.0,1080.0,auv_05,bounded_path_correction,low,DENY,DENY_FORBIDDEN,hard_expired,1080.0,PARTITIONED,False,True,True,False,A_hard_expiry_capsule_contraction,tr_41578464d64c_gpu
paper_ssp_200m_strong_v1,0,500,500.0,1080.0,auv_06,enter_exclusion_zone,consequential,DENY,DENY_HARD_EXPIRY,hard_expired,1080.0,PARTITIONED,False,True,True,False,not_low_risk,tr_41578464d64c_gpu
paper_ssp_200m_strong_v1,0,500,500.0,1080.0,auv_07,enter_exclusion_zone,consequential,DENY,DENY_HARD_EXPIRY,hard_expired,1080.0,PARTITIONED,False,True,True,False,not_low_risk,tr_41578464d64c_gpu
paper_ssp_200m_strong_v1,0,500,500.0,1080.0,auv_08,exceed_return_energy_reserve,consequential,DENY,DENY_HARD_EXPIRY,hard_expired,1080.0,PARTITIONED,False,True,True,False,not_low_risk,tr_41578464d64c_gpu
paper_ssp_200m_strong_v1,0,500,500.0,1080.0,auv_09,hold_station,low,DENY,DENY_FORBIDDEN,hard_expired,1080.0,PARTITIONED,False,True,True,False,A_hard_expiry_capsule_contraction,tr_41578464d64c_gpu
paper_ssp_200m_strong_v1,0,500,500.0,1080.0,auv_10,enter_exclusion_zone,consequential,DENY,DENY_HARD_EXPIRY,hard_expired,1080.0,PARTITIONED,False,True,True,False,not_low_risk,tr_41578464d64c_gpu
paper_ssp_200m_strong_v1,0,500,500.0,1080.0,auv_11,bounded_path_correction,low,DENY,DENY_FORBIDDEN,hard_expired,1080.0,PARTITIONED,False,True,True,False,A_hard_expiry_capsule_contraction,tr_41578464d64c_gpu
paper_ssp_200m_strong_v1,0,500,500.0,1100.0,auv_00,bounded_path_correction,low,DENY,DENY_FORBIDDEN,hard_expired,1100.0,PARTITIONED,False,True,True,False,A_hard_expiry_capsule_contraction,tr_41578464d64c_gpu
paper_ssp_200m_strong_v1,0,500,500.0,1100.0,auv_01,bounded_path_correction,low,DENY,DENY_FORBIDDEN,hard_expired,1100.0,PARTITIONED,False,True,True,False,A_hard_expiry_capsule_contraction,tr_41578464d64c_gpu
paper_ssp_200m_strong_v1,0,500,500.0,1100.0,auv_02,bounded_path_correction,low,DENY,DENY_FORBIDDEN,hard_expired,1100.0,PARTITIONED,False,True,True,False,A_hard_expiry_capsule_contraction,tr_41578464d64c_gpu
paper_ssp_200m_strong_v1,0,500,500.0,1100.0,auv_03,bounded_path_correction,low,DENY,DENY_FORBIDDEN,hard_expired,1100.0,PARTITIONED,False,True,True,False,A_hard_expiry_capsule_contraction,tr_41578464d64c_gpu
paper_ssp_200m_strong_v1,0,500,500.0,1100.0,auv_04,abandon_mandatory_inspection,consequential,DENY,DENY_HARD_EXPIRY,hard_expired,1100.0,PARTITIONED,False,True,True,False,not_low_risk,tr_41578464d64c_gpu
paper_ssp_200m_strong_v1,0,500,500.0,1100.0,auv_05,bounded_path_correction,low,DENY,DENY_FORBIDDEN,hard_expired,1100.0,PARTITIONED,False,True,True,False,A_hard_expiry_capsule_contraction,tr_41578464d64c_gpu
paper_ssp_200m_strong_v1,0,500,500.0,1100.0,auv_06,enter_exclusion_zone,consequential,DENY,DENY_HARD_EXPIRY,hard_expired,1100.0,PARTITIONED,False,True,True,False,not_low_risk,tr_41578464d64c_gpu
paper_ssp_200m_strong_v1,0,500,500.0,1100.0,auv_07,enter_exclusion_zone,consequential,DENY,DENY_HARD_EXPIRY,hard_expired,1100.0,PARTITIONED,False,True,True,False,not_low_risk,tr_41578464d64c_gpu
paper_ssp_200m_strong_v1,0,500,500.0,1100.0,auv_08,exceed_return_energy_reserve,consequential,DENY,DENY_HARD_EXPIRY,hard_expired,1100.0,PARTITIONED,False,True,True,False,not_low_risk,tr_41578464d64c_gpu
paper_ssp_200m_strong_v1,0,500,500.0,1100.0,auv_09,hold_station,low,DENY,DENY_FORBIDDEN,hard_expired,1100.0,PARTITIONED,False,True,True,False,A_hard_expiry_capsule_contraction,tr_41578464d64c_gpu
paper_ssp_200m_strong_v1,0,500,500.0,1100.0,auv_10,enter_exclusion_zone,consequential,DENY,DENY_HARD_EXPIRY,hard_expired,1100.0,PARTITIONED,False,True,True,False,not_low_risk,tr_41578464d64c_gpu
paper_ssp_200m_strong_v1,0,500,500.0,1100.0,auv_11,bounded_path_correction,low,DENY,DENY_FORBIDDEN,hard_expired,1100.0,PARTITIONED,False,True,True,False,A_hard_expiry_capsule_contraction,tr_41578464d64c_gpu
paper_ssp_200m_strong_v1,0,500,500.0,1120.0,auv_00,bounded_path_correction,low,DENY,DENY_FORBIDDEN,hard_expired,1120.0,PARTITIONED,False,True,True,False,A_hard_expiry_capsule_contraction,tr_41578464d64c_gpu
paper_ssp_200m_strong_v1,0,500,500.0,1120.0,auv_01,bounded_path_correction,low,DENY,DENY_FORBIDDEN,hard_expired,1120.0,PARTITIONED,False,True,True,False,A_hard_expiry_capsule_contraction,tr_41578464d64c_gpu
paper_ssp_200m_strong_v1,0,500,500.0,1120.0,auv_02,bounded_path_correction,low,DENY,DENY_FORBIDDEN,hard_expired,1120.0,PARTITIONED,False,True,True,False,A_hard_expiry_capsule_contraction,tr_41578464d64c_gpu
paper_ssp_200m_strong_v1,0,500,500.0,1120.0,auv_03,bounded_path_correction,low,DENY,DENY_FORBIDDEN,hard_expired,1120.0,PARTITIONED,False,True,True,False,A_hard_expiry_capsule_contraction,tr_41578464d64c_gpu
paper_ssp_200m_strong_v1,0,500,500.0,1120.0,auv_04,abandon_mandatory_inspection,consequential,DENY,DENY_HARD_EXPIRY,hard_expired,1120.0,PARTITIONED,False,True,True,False,not_low_risk,tr_41578464d64c_gpu
paper_ssp_200m_strong_v1,0,500,500.0,1120.0,auv_05,bounded_path_correction,low,DENY,DENY_FORBIDDEN,hard_expired,1120.0,PARTITIONED,False,True,True,False,A_hard_expiry_capsule_contraction,tr_41578464d64c_gpu
paper_ssp_200m_strong_v1,0,500,500.0,1120.0,auv_06,enter_exclusion_zone,consequential,DENY,DENY_HARD_EXPIRY,hard_expired,1120.0,PARTITIONED,False,True,True,False,not_low_risk,tr_41578464d64c_gpu
paper_ssp_200m_strong_v1,0,500,500.0,1120.0,auv_07,enter_exclusion_zone,consequential,DENY,DENY_HARD_EXPIRY,hard_expired,1120.0,PARTITIONED,False,True,True,False,not_low_risk,tr_41578464d64c_gpu
paper_ssp_200m_strong_v1,0,500,500.0,1120.0,auv_08,exceed_return_energy_reserve,consequential,DENY,DENY_HARD_EXPIRY,hard_expired,1120.0,PARTITIONED,False,True,True,False,not_low_risk,tr_41578464d64c_gpu
paper_ssp_200m_strong_v1,0,500,500.0,1120.0,auv_09,hold_station,low,DENY,DENY_FORBIDDEN,hard_expired,1120.0,PARTITIONED,False,True,True,False,A_hard_expiry_capsule_contraction,tr_41578464d64c_gpu
paper_ssp_200m_strong_v1,0,500,500.0,1120.0,auv_10,enter_exclusion_zone,consequential,DENY,DENY_HARD_EXPIRY,hard_expired,1120.0,PARTITIONED,False,True,True,False,not_low_risk,tr_41578464d64c_gpu
paper_ssp_200m_strong_v1,0,500,500.0,1120.0,auv_11,change_high_level_objective,consequential,DENY,DENY_HARD_EXPIRY,hard_expired,1120.0,PARTITIONED,False,True,True,False,not_low_risk,tr_41578464d64c_gpu
paper_ssp_200m_strong_v1,0,500,500.0,1140.0,auv_00,bounded_path_correction,low,DENY,DENY_FORBIDDEN,hard_expired,1140.0,PARTITIONED,False,True,True,False,A_hard_expiry_capsule_contraction,tr_41578464d64c_gpu
paper_ssp_200m_strong_v1,0,500,500.0,1140.0,auv_01,bounded_path_correction,low,DENY,DENY_FORBIDDEN,hard_expired,1140.0,PARTITIONED,False,True,True,False,A_hard_expiry_capsule_contraction,tr_41578464d64c_gpu
paper_ssp_200m_strong_v1,0,500,500.0,1140.0,auv_02,bounded_path_correction,low,DENY,DENY_FORBIDDEN,hard_expired,1140.0,PARTITIONED,False,True,True,False,A_hard_expiry_capsule_contraction,tr_41578464d64c_gpu
paper_ssp_200m_strong_v1,0,500,500.0,1140.0,auv_03,bounded_path_correction,low,DENY,DENY_FORBIDDEN,hard_expired,1140.0,PARTITIONED,False,True,True,False,A_hard_expiry_capsule_contraction,tr_41578464d64c_gpu
paper_ssp_200m_strong_v1,0,500,500.0,1140.0,auv_04,abandon_mandatory_inspection,consequential,DENY,DENY_HARD_EXPIRY,hard_expired,1140.0,PARTITIONED,False,True,True,False,not_low_risk,tr_41578464d64c_gpu
paper_ssp_200m_strong_v1,0,500,500.0,1140.0,auv_05,bounded_path_correction,low,DENY,DENY_FORBIDDEN,hard_expired,1140.0,PARTITIONED,False,True,True,False,A_hard_expiry_capsule_contraction,tr_41578464d64c_gpu
paper_ssp_200m_strong_v1,0,500,500.0,1140.0,auv_06,exceed_return_energy_reserve,consequential,DENY,DENY_HARD_EXPIRY,hard_expired,1140.0,PARTITIONED,False,True,True,False,not_low_risk,tr_41578464d64c_gpu
paper_ssp_200m_strong_v1,0,500,500.0,1140.0,auv_07,exceed_return_energy_reserve,consequential,DENY,DENY_HARD_EXPIRY,hard_expired,1140.0,PARTITIONED,False,True,True,False,not_low_risk,tr_41578464d64c_gpu
paper_ssp_200m_strong_v1,0,500,500.0,1140.0,auv_08,exceed_return_energy_reserve,consequential,DENY,DENY_HARD_EXPIRY,hard_expired,1140.0,PARTITIONED,False,True,True,False,not_low_risk,tr_41578464d64c_gpu
paper_ssp_200m_strong_v1,0,500,500.0,1140.0,auv_09,hold_station,low,DENY,DENY_FORBIDDEN,hard_expired,1140.0,PARTITIONED,False,True,True,False,A_hard_expiry_capsule_contraction,tr_41578464d64c_gpu
paper_ssp_200m_strong_v1,0,500,500.0,1140.0,auv_10,exceed_return_energy_reserve,consequential,DENY,DENY_HARD_EXPIRY,hard_expired,1140.0,PARTITIONED,False,True,True,False,not_low_risk,tr_41578464d64c_gpu
paper_ssp_200m_strong_v1,0,500,500.0,1140.0,auv_11,exceed_return_energy_reserve,consequential,DENY,DENY_HARD_EXPIRY,hard_expired,1140.0,PARTITIONED,False,True,True,False,not_low_risk,tr_41578464d64c_gpu
paper_ssp_200m_strong_v1,0,500,500.0,1160.0,auv_00,bounded_path_correction,low,DENY,DENY_FORBIDDEN,hard_expired,1160.0,PARTITIONED,False,True,True,False,A_hard_expiry_capsule_contraction,tr_41578464d64c_gpu
paper_ssp_200m_strong_v1,0,500,500.0,1160.0,auv_01,bounded_path_correction,low,DENY,DENY_FORBIDDEN,hard_expired,1160.0,PARTITIONED,False,True,True,False,A_hard_expiry_capsule_contraction,tr_41578464d64c_gpu
paper_ssp_200m_strong_v1,0,500,500.0,1160.0,auv_02,bounded_path_correction,low,DENY,DENY_FORBIDDEN,hard_expired,1160.0,PARTITIONED,False,True,True,False,A_hard_expiry_capsule_contraction,tr_41578464d64c_gpu
paper_ssp_200m_strong_v1,0,500,500.0,1160.0,auv_03,bounded_path_correction,low,DENY,DENY_FORBIDDEN,hard_expired,1160.0,PARTITIONED,False,True,True,False,A_hard_expiry_capsule_contraction,tr_41578464d64c_gpu
paper_ssp_200m_strong_v1,0,500,500.0,1160.0,auv_04,abandon_mandatory_inspection,consequential,DENY,DENY_HARD_EXPIRY,hard_expired,1160.0,PARTITIONED,False,True,True,False,not_low_risk,tr_41578464d64c_gpu
paper_ssp_200m_strong_v1,0,500,500.0,1160.0,auv_05,bounded_path_correction,low,DENY,DENY_FORBIDDEN,hard_expired,1160.0,PARTITIONED,False,True,True,False,A_hard_expiry_capsule_contraction,tr_41578464d64c_gpu
paper_ssp_200m_strong_v1,0,500,500.0,1160.0,auv_06,enter_exclusion_zone,consequential,DENY,DENY_HARD_EXPIRY,hard_expired,1160.0,PARTITIONED,False,True,True,False,not_low_risk,tr_41578464d64c_gpu
paper_ssp_200m_strong_v1,0,500,500.0,1160.0,auv_07,enter_exclusion_zone,consequential,DENY,DENY_HARD_EXPIRY,hard_expired,1160.0,PARTITIONED,False,True,True,False,not_low_risk,tr_41578464d64c_gpu
paper_ssp_200m_strong_v1,0,500,500.0,1160.0,auv_08,exceed_return_energy_reserve,consequential,DENY,DENY_HARD_EXPIRY,hard_expired,1160.0,PARTITIONED,False,True,True,False,not_low_risk,tr_41578464d64c_gpu
paper_ssp_200m_strong_v1,0,500,500.0,1160.0,auv_09,hold_station,low,DENY,DENY_FORBIDDEN,hard_expired,1160.0,PARTITIONED,False,True,True,False,A_hard_expiry_capsule_contraction,tr_41578464d64c_gpu
paper_ssp_200m_strong_v1,0,500,500.0,1160.0,auv_10,enter_exclusion_zone,consequential,DENY,DENY_HARD_EXPIRY,hard_expired,1160.0,PARTITIONED,False,True,True,False,not_low_risk,tr_41578464d64c_gpu
paper_ssp_200m_strong_v1,0,500,500.0,1160.0,auv_11,bounded_path_correction,low,DENY,DENY_FORBIDDEN,hard_expired,1160.0,PARTITIONED,False,True,True,False,A_hard_expiry_capsule_contraction,tr_41578464d64c_gpu
paper_ssp_200m_strong_v1,0,500,500.0,1180.0,auv_00,bounded_path_correction,low,DENY,DENY_FORBIDDEN,hard_expired,1180.0,PARTITIONED,False,True,True,False,A_hard_expiry_capsule_contraction,tr_41578464d64c_gpu
paper_ssp_200m_strong_v1,0,500,500.0,1180.0,auv_01,bounded_path_correction,low,DENY,DENY_FORBIDDEN,hard_expired,1180.0,PARTITIONED,False,True,True,False,A_hard_expiry_capsule_contraction,tr_41578464d64c_gpu
paper_ssp_200m_strong_v1,0,500,500.0,1180.0,auv_02,bounded_path_correction,low,DENY,DENY_FORBIDDEN,hard_expired,1180.0,PARTITIONED,False,True,True,False,A_hard_expiry_capsule_contraction,tr_41578464d64c_gpu
paper_ssp_200m_strong_v1,0,500,500.0,1180.0,auv_03,bounded_path_correction,low,DENY,DENY_FORBIDDEN,hard_expired,1180.0,PARTITIONED,False,True,True,False,A_hard_expiry_capsule_contraction,tr_41578464d64c_gpu
paper_ssp_200m_strong_v1,0,500,500.0,1180.0,auv_04,abandon_mandatory_inspection,consequential,DENY,DENY_HARD_EXPIRY,hard_expired,1180.0,PARTITIONED,False,True,True,False,not_low_risk,tr_41578464d64c_gpu
paper_ssp_200m_strong_v1,0,500,500.0,1180.0,auv_05,bounded_path_correction,low,DENY,DENY_FORBIDDEN,hard_expired,1180.0,PARTITIONED,False,True,True,False,A_hard_expiry_capsule_contraction,tr_41578464d64c_gpu
paper_ssp_200m_strong_v1,0,500,500.0,1180.0,auv_06,enter_exclusion_zone,consequential,DENY,DENY_HARD_EXPIRY,hard_expired,1180.0,PARTITIONED,False,True,True,False,not_low_risk,tr_41578464d64c_gpu
paper_ssp_200m_strong_v1,0,500,500.0,1180.0,auv_07,enter_exclusion_zone,consequential,DENY,DENY_HARD_EXPIRY,hard_expired,1180.0,PARTITIONED,False,True,True,False,not_low_risk,tr_41578464d64c_gpu
paper_ssp_200m_strong_v1,0,500,500.0,1180.0,auv_08,exceed_return_energy_reserve,consequential,DENY,DENY_HARD_EXPIRY,hard_expired,1180.0,PARTITIONED,False,True,True,False,not_low_risk,tr_41578464d64c_gpu
paper_ssp_200m_strong_v1,0,500,500.0,1180.0,auv_09,hold_station,low,DENY,DENY_FORBIDDEN,hard_expired,1180.0,PARTITIONED,False,True,True,False,A_hard_expiry_capsule_contraction,tr_41578464d64c_gpu
paper_ssp_200m_strong_v1,0,500,500.0,1180.0,auv_10,enter_exclusion_zone,consequential,DENY,DENY_HARD_EXPIRY,hard_expired,1180.0,PARTITIONED,False,True,True,False,not_low_risk,tr_41578464d64c_gpu
paper_ssp_200m_strong_v1,0,500,500.0,1180.0,auv_11,bounded_path_correction,low,DENY,DENY_FORBIDDEN,hard_expired,1180.0,PARTITIONED,False,True,True,False,A_hard_expiry_capsule_contraction,tr_41578464d64c_gpu
paper_ssp_200m_strong_v1,0,500,500.0,1200.0,auv_00,bounded_path_correction,low,DENY,DENY_FORBIDDEN,hard_expired,1200.0,PARTITIONED,False,True,True,False,A_hard_expiry_capsule_contraction,tr_41578464d64c_gpu
paper_ssp_200m_strong_v1,0,500,500.0,1200.0,auv_01,bounded_path_correction,low,DENY,DENY_FORBIDDEN,hard_expired,1200.0,PARTITIONED,False,True,True,False,A_hard_expiry_capsule_contraction,tr_41578464d64c_gpu
paper_ssp_200m_strong_v1,0,500,500.0,1200.0,auv_02,bounded_path_correction,low,DENY,DENY_FORBIDDEN,hard_expired,1200.0,PARTITIONED,False,True,True,False,A_hard_expiry_capsule_contraction,tr_41578464d64c_gpu
paper_ssp_200m_strong_v1,0,500,500.0,1200.0,auv_03,bounded_path_correction,low,DENY,DENY_FORBIDDEN,hard_expired,1200.0,PARTITIONED,False,True,True,False,A_hard_expiry_capsule_contraction,tr_41578464d64c_gpu
paper_ssp_200m_strong_v1,0,500,500.0,1200.0,auv_04,abandon_mandatory_inspection,consequential,DENY,DENY_HARD_EXPIRY,hard_expired,1200.0,PARTITIONED,False,True,True,False,not_low_risk,tr_41578464d64c_gpu
paper_ssp_200m_strong_v1,0,500,500.0,1200.0,auv_05,bounded_path_correction,low,DENY,DENY_FORBIDDEN,hard_expired,1200.0,PARTITIONED,False,True,True,False,A_hard_expiry_capsule_contraction,tr_41578464d64c_gpu
paper_ssp_200m_strong_v1,0,500,500.0,1200.0,auv_06,enter_exclusion_zone,consequential,DENY,DENY_HARD_EXPIRY,hard_expired,1200.0,PARTITIONED,False,True,True,False,not_low_risk,tr_41578464d64c_gpu
paper_ssp_200m_strong_v1,0,500,500.0,1200.0,auv_07,enter_exclusion_zone,consequential,DENY,DENY_HARD_EXPIRY,hard_expired,1200.0,PARTITIONED,False,True,True,False,not_low_risk,tr_41578464d64c_gpu
paper_ssp_200m_strong_v1,0,500,500.0,1200.0,auv_08,exceed_return_energy_reserve,consequential,DENY,DENY_HARD_EXPIRY,hard_expired,1200.0,PARTITIONED,False,True,True,False,not_low_risk,tr_41578464d64c_gpu
paper_ssp_200m_strong_v1,0,500,500.0,1200.0,auv_09,hold_station,low,DENY,DENY_FORBIDDEN,hard_expired,1200.0,PARTITIONED,False,True,True,False,A_hard_expiry_capsule_contraction,tr_41578464d64c_gpu
paper_ssp_200m_strong_v1,0,500,500.0,1200.0,auv_10,enter_exclusion_zone,consequential,DENY,DENY_HARD_EXPIRY,hard_expired,1200.0,PARTITIONED,False,True,True,False,not_low_risk,tr_41578464d64c_gpu
paper_ssp_200m_strong_v1,0,500,500.0,1200.0,auv_11,change_high_level_objective,consequential,DENY,DENY_HARD_EXPIRY,hard_expired,1200.0,PARTITIONED,False,True,True,False,not_low_risk,tr_41578464d64c_gpu
paper_ssp_200m_strong_v1,0,500,500.0,1220.0,auv_00,bounded_path_correction,low,DENY,DENY_FORBIDDEN,hard_expired,1220.0,PARTITIONED,False,True,True,False,A_hard_expiry_capsule_contraction,tr_41578464d64c_gpu
paper_ssp_200m_strong_v1,0,500,500.0,1220.0,auv_01,bounded_path_correction,low,DENY,DENY_FORBIDDEN,hard_expired,1220.0,PARTITIONED,False,True,True,False,A_hard_expiry_capsule_contraction,tr_41578464d64c_gpu
paper_ssp_200m_strong_v1,0,500,500.0,1220.0,auv_02,bounded_path_correction,low,DENY,DENY_FORBIDDEN,hard_expired,1220.0,PARTITIONED,False,True,True,False,A_hard_expiry_capsule_contraction,tr_41578464d64c_gpu
paper_ssp_200m_strong_v1,0,500,500.0,1220.0,auv_03,bounded_path_correction,low,DENY,DENY_FORBIDDEN,hard_expired,1220.0,PARTITIONED,False,True,True,False,A_hard_expiry_capsule_contraction,tr_41578464d64c_gpu
paper_ssp_200m_strong_v1,0,500,500.0,1220.0,auv_04,abandon_mandatory_inspection,consequential,DENY,DENY_HARD_EXPIRY,hard_expired,1220.0,PARTITIONED,False,True,True,False,not_low_risk,tr_41578464d64c_gpu
paper_ssp_200m_strong_v1,0,500,500.0,1220.0,auv_05,bounded_path_correction,low,DENY,DENY_FORBIDDEN,hard_expired,1220.0,PARTITIONED,False,True,True,False,A_hard_expiry_capsule_contraction,tr_41578464d64c_gpu
paper_ssp_200m_strong_v1,0,500,500.0,1220.0,auv_06,enter_exclusion_zone,consequential,DENY,DENY_HARD_EXPIRY,hard_expired,1220.0,PARTITIONED,False,True,True,False,not_low_risk,tr_41578464d64c_gpu
paper_ssp_200m_strong_v1,0,500,500.0,1220.0,auv_07,enter_exclusion_zone,consequential,DENY,DENY_HARD_EXPIRY,hard_expired,1220.0,PARTITIONED,False,True,True,False,not_low_risk,tr_41578464d64c_gpu
paper_ssp_200m_strong_v1,0,500,500.0,1220.0,auv_08,exceed_return_energy_reserve,consequential,DENY,DENY_HARD_EXPIRY,hard_expired,1220.0,PARTITIONED,False,True,True,False,not_low_risk,tr_41578464d64c_gpu
paper_ssp_200m_strong_v1,0,500,500.0,1220.0,auv_09,hold_station,low,DENY,DENY_FORBIDDEN,hard_expired,1220.0,PARTITIONED,False,True,True,False,A_hard_expiry_capsule_contraction,tr_41578464d64c_gpu
paper_ssp_200m_strong_v1,0,500,500.0,1220.0,auv_10,enter_exclusion_zone,consequential,DENY,DENY_HARD_EXPIRY,hard_expired,1220.0,PARTITIONED,False,True,True,False,not_low_risk,tr_41578464d64c_gpu
paper_ssp_200m_strong_v1,0,500,500.0,1220.0,auv_11,bounded_path_correction,low,DENY,DENY_FORBIDDEN,hard_expired,1220.0,PARTITIONED,False,True,True,False,A_hard_expiry_capsule_contraction,tr_41578464d64c_gpu
paper_ssp_200m_strong_v1,0,500,500.0,1240.0,auv_00,bounded_path_correction,low,DENY,DENY_FORBIDDEN,hard_expired,1240.0,PARTITIONED,False,True,True,False,A_hard_expiry_capsule_contraction,tr_41578464d64c_gpu
paper_ssp_200m_strong_v1,0,500,500.0,1240.0,auv_01,bounded_path_correction,low,DENY,DENY_FORBIDDEN,hard_expired,1240.0,PARTITIONED,False,True,True,False,A_hard_expiry_capsule_contraction,tr_41578464d64c_gpu
paper_ssp_200m_strong_v1,0,500,500.0,1240.0,auv_02,bounded_path_correction,low,DENY,DENY_FORBIDDEN,hard_expired,1240.0,PARTITIONED,False,True,True,False,A_hard_expiry_capsule_contraction,tr_41578464d64c_gpu
paper_ssp_200m_strong_v1,0,500,500.0,1240.0,auv_03,bounded_path_correction,low,DENY,DENY_FORBIDDEN,hard_expired,1240.0,PARTITIONED,False,True,True,False,A_hard_expiry_capsule_contraction,tr_41578464d64c_gpu
paper_ssp_200m_strong_v1,0,500,500.0,1240.0,auv_04,abandon_mandatory_inspection,consequential,DENY,DENY_HARD_EXPIRY,hard_expired,1240.0,PARTITIONED,False,True,True,False,not_low_risk,tr_41578464d64c_gpu
paper_ssp_200m_strong_v1,0,500,500.0,1240.0,auv_05,bounded_path_correction,low,DENY,DENY_FORBIDDEN,hard_expired,1240.0,PARTITIONED,False,True,True,False,A_hard_expiry_capsule_contraction,tr_41578464d64c_gpu
paper_ssp_200m_strong_v1,0,500,500.0,1240.0,auv_06,enter_exclusion_zone,consequential,DENY,DENY_HARD_EXPIRY,hard_expired,1240.0,PARTITIONED,False,True,True,False,not_low_risk,tr_41578464d64c_gpu
paper_ssp_200m_strong_v1,0,500,500.0,1240.0,auv_07,enter_exclusion_zone,consequential,DENY,DENY_HARD_EXPIRY,hard_expired,1240.0,PARTITIONED,False,True,True,False,not_low_risk,tr_41578464d64c_gpu
paper_ssp_200m_strong_v1,0,500,500.0,1240.0,auv_08,exceed_return_energy_reserve,consequential,DENY,DENY_HARD_EXPIRY,hard_expired,1240.0,PARTITIONED,False,True,True,False,not_low_risk,tr_41578464d64c_gpu
paper_ssp_200m_strong_v1,0,500,500.0,1240.0,auv_09,hold_station,low,DENY,DENY_FORBIDDEN,hard_expired,1240.0,PARTITIONED,False,True,True,False,A_hard_expiry_capsule_contraction,tr_41578464d64c_gpu
paper_ssp_200m_strong_v1,0,500,500.0,1240.0,auv_10,enter_exclusion_zone,consequential,DENY,DENY_HARD_EXPIRY,hard_expired,1240.0,PARTITIONED,False,True,True,False,not_low_risk,tr_41578464d64c_gpu
paper_ssp_200m_strong_v1,0,500,500.0,1240.0,auv_11,bounded_path_correction,low,DENY,DENY_FORBIDDEN,hard_expired,1240.0,PARTITIONED,False,True,True,False,A_hard_expiry_capsule_contraction,tr_41578464d64c_gpu
paper_ssp_200m_strong_v1,0,500,500.0,1260.0,auv_00,bounded_path_correction,low,DENY,DENY_FORBIDDEN,hard_expired,1260.0,PARTITIONED,False,True,True,False,A_hard_expiry_capsule_contraction,tr_41578464d64c_gpu
paper_ssp_200m_strong_v1,0,500,500.0,1260.0,auv_01,bounded_path_correction,low,DENY,DENY_FORBIDDEN,hard_expired,1260.0,PARTITIONED,False,True,True,False,A_hard_expiry_capsule_contraction,tr_41578464d64c_gpu
paper_ssp_200m_strong_v1,0,500,500.0,1260.0,auv_02,bounded_path_correction,low,DENY,DENY_FORBIDDEN,hard_expired,1260.0,PARTITIONED,False,True,True,False,A_hard_expiry_capsule_contraction,tr_41578464d64c_gpu
paper_ssp_200m_strong_v1,0,500,500.0,1260.0,auv_03,bounded_path_correction,low,DENY,DENY_FORBIDDEN,hard_expired,1260.0,PARTITIONED,False,True,True,False,A_hard_expiry_capsule_contraction,tr_41578464d64c_gpu
paper_ssp_200m_strong_v1,0,500,500.0,1260.0,auv_04,abandon_mandatory_inspection,consequential,DENY,DENY_HARD_EXPIRY,hard_expired,1260.0,PARTITIONED,False,True,True,False,not_low_risk,tr_41578464d64c_gpu
paper_ssp_200m_strong_v1,0,500,500.0,1260.0,auv_05,bounded_path_correction,low,DENY,DENY_FORBIDDEN,hard_expired,1260.0,PARTITIONED,False,True,True,False,A_hard_expiry_capsule_contraction,tr_41578464d64c_gpu
paper_ssp_200m_strong_v1,0,500,500.0,1260.0,auv_06,enter_exclusion_zone,consequential,DENY,DENY_HARD_EXPIRY,hard_expired,1260.0,PARTITIONED,False,True,True,False,not_low_risk,tr_41578464d64c_gpu
paper_ssp_200m_strong_v1,0,500,500.0,1260.0,auv_07,enter_exclusion_zone,consequential,DENY,DENY_HARD_EXPIRY,hard_expired,1260.0,PARTITIONED,False,True,True,False,not_low_risk,tr_41578464d64c_gpu
paper_ssp_200m_strong_v1,0,500,500.0,1260.0,auv_08,exceed_return_energy_reserve,consequential,DENY,DENY_HARD_EXPIRY,hard_expired,1260.0,PARTITIONED,False,True,True,False,not_low_risk,tr_41578464d64c_gpu
paper_ssp_200m_strong_v1,0,500,500.0,1260.0,auv_09,hold_station,low,DENY,DENY_FORBIDDEN,hard_expired,1260.0,PARTITIONED,False,True,True,False,A_hard_expiry_capsule_contraction,tr_41578464d64c_gpu
paper_ssp_200m_strong_v1,0,500,500.0,1260.0,auv_10,enter_exclusion_zone,consequential,DENY,DENY_HARD_EXPIRY,hard_expired,1260.0,PARTITIONED,False,True,True,False,not_low_risk,tr_41578464d64c_gpu
paper_ssp_200m_strong_v1,0,500,500.0,1260.0,auv_11,bounded_path_correction,low,DENY,DENY_FORBIDDEN,hard_expired,1260.0,PARTITIONED,False,True,True,False,A_hard_expiry_capsule_contraction,tr_41578464d64c_gpu
paper_ssp_200m_strong_v1,0,500,500.0,1280.0,auv_00,bounded_path_correction,low,DENY,DENY_FORBIDDEN,hard_expired,1280.0,PARTITIONED,False,True,True,False,A_hard_expiry_capsule_contraction,tr_41578464d64c_gpu
paper_ssp_200m_strong_v1,0,500,500.0,1280.0,auv_01,bounded_path_correction,low,DENY,DENY_FORBIDDEN,hard_expired,1280.0,PARTITIONED,False,True,True,False,A_hard_expiry_capsule_contraction,tr_41578464d64c_gpu
paper_ssp_200m_strong_v1,0,500,500.0,1280.0,auv_02,bounded_path_correction,low,DENY,DENY_FORBIDDEN,hard_expired,1280.0,PARTITIONED,False,True,True,False,A_hard_expiry_capsule_contraction,tr_41578464d64c_gpu
paper_ssp_200m_strong_v1,0,500,500.0,1280.0,auv_03,bounded_path_correction,low,DENY,DENY_FORBIDDEN,hard_expired,1280.0,PARTITIONED,False,True,True,False,A_hard_expiry_capsule_contraction,tr_41578464d64c_gpu
paper_ssp_200m_strong_v1,0,500,500.0,1280.0,auv_04,abandon_mandatory_inspection,consequential,DENY,DENY_HARD_EXPIRY,hard_expired,1280.0,PARTITIONED,False,True,True,False,not_low_risk,tr_41578464d64c_gpu
paper_ssp_200m_strong_v1,0,500,500.0,1280.0,auv_05,bounded_path_correction,low,DENY,DENY_FORBIDDEN,hard_expired,1280.0,PARTITIONED,False,True,True,False,A_hard_expiry_capsule_contraction,tr_41578464d64c_gpu
paper_ssp_200m_strong_v1,0,500,500.0,1280.0,auv_06,enter_exclusion_zone,consequential,DENY,DENY_HARD_EXPIRY,hard_expired,1280.0,PARTITIONED,False,True,True,False,not_low_risk,tr_41578464d64c_gpu
paper_ssp_200m_strong_v1,0,500,500.0,1280.0,auv_07,enter_exclusion_zone,consequential,DENY,DENY_HARD_EXPIRY,hard_expired,1280.0,PARTITIONED,False,True,True,False,not_low_risk,tr_41578464d64c_gpu
paper_ssp_200m_strong_v1,0,500,500.0,1280.0,auv_08,exceed_return_energy_reserve,consequential,DENY,DENY_HARD_EXPIRY,hard_expired,1280.0,PARTITIONED,False,True,True,False,not_low_risk,tr_41578464d64c_gpu
paper_ssp_200m_strong_v1,0,500,500.0,1280.0,auv_09,hold_station,low,DENY,DENY_FORBIDDEN,hard_expired,1280.0,PARTITIONED,False,True,True,False,A_hard_expiry_capsule_contraction,tr_41578464d64c_gpu
paper_ssp_200m_strong_v1,0,500,500.0,1280.0,auv_10,enter_exclusion_zone,consequential,DENY,DENY_HARD_EXPIRY,hard_expired,1280.0,PARTITIONED,False,True,True,False,not_low_risk,tr_41578464d64c_gpu
paper_ssp_200m_strong_v1,0,500,500.0,1280.0,auv_11,change_high_level_objective,consequential,DENY,DENY_HARD_EXPIRY,hard_expired,1280.0,PARTITIONED,False,True,True,False,not_low_risk,tr_41578464d64c_gpu
paper_ssp_200m_strong_v1,0,500,500.0,1300.0,auv_00,bounded_path_correction,low,DENY,DENY_FORBIDDEN,hard_expired,1300.0,PARTITIONED,False,True,True,False,A_hard_expiry_capsule_contraction,tr_41578464d64c_gpu
paper_ssp_200m_strong_v1,0,500,500.0,1300.0,auv_01,bounded_path_correction,low,DENY,DENY_FORBIDDEN,hard_expired,1300.0,PARTITIONED,False,True,True,False,A_hard_expiry_capsule_contraction,tr_41578464d64c_gpu
paper_ssp_200m_strong_v1,0,500,500.0,1300.0,auv_02,bounded_path_correction,low,DENY,DENY_FORBIDDEN,hard_expired,1300.0,PARTITIONED,False,True,True,False,A_hard_expiry_capsule_contraction,tr_41578464d64c_gpu
paper_ssp_200m_strong_v1,0,500,500.0,1300.0,auv_03,bounded_path_correction,low,DENY,DENY_FORBIDDEN,hard_expired,1300.0,PARTITIONED,False,True,True,False,A_hard_expiry_capsule_contraction,tr_41578464d64c_gpu
paper_ssp_200m_strong_v1,0,500,500.0,1300.0,auv_04,abandon_mandatory_inspection,consequential,DENY,DENY_HARD_EXPIRY,hard_expired,1300.0,PARTITIONED,False,True,True,False,not_low_risk,tr_41578464d64c_gpu
paper_ssp_200m_strong_v1,0,500,500.0,1300.0,auv_05,bounded_path_correction,low,DENY,DENY_FORBIDDEN,hard_expired,1300.0,PARTITIONED,False,True,True,False,A_hard_expiry_capsule_contraction,tr_41578464d64c_gpu
paper_ssp_200m_strong_v1,0,500,500.0,1300.0,auv_06,enter_exclusion_zone,consequential,DENY,DENY_HARD_EXPIRY,hard_expired,1300.0,PARTITIONED,False,True,True,False,not_low_risk,tr_41578464d64c_gpu
paper_ssp_200m_strong_v1,0,500,500.0,1300.0,auv_07,enter_exclusion_zone,consequential,DENY,DENY_HARD_EXPIRY,hard_expired,1300.0,PARTITIONED,False,True,True,False,not_low_risk,tr_41578464d64c_gpu
paper_ssp_200m_strong_v1,0,500,500.0,1300.0,auv_08,exceed_return_energy_reserve,consequential,DENY,DENY_HARD_EXPIRY,hard_expired,1300.0,PARTITIONED,False,True,True,False,not_low_risk,tr_41578464d64c_gpu
paper_ssp_200m_strong_v1,0,500,500.0,1300.0,auv_09,hold_station,low,DENY,DENY_FORBIDDEN,hard_expired,1300.0,PARTITIONED,False,True,True,False,A_hard_expiry_capsule_contraction,tr_41578464d64c_gpu
paper_ssp_200m_strong_v1,0,500,500.0,1300.0,auv_10,enter_exclusion_zone,consequential,DENY,DENY_HARD_EXPIRY,hard_expired,1300.0,PARTITIONED,False,True,True,False,not_low_risk,tr_41578464d64c_gpu
paper_ssp_200m_strong_v1,0,500,500.0,1300.0,auv_11,bounded_path_correction,low,DENY,DENY_FORBIDDEN,hard_expired,1300.0,PARTITIONED,False,True,True,False,A_hard_expiry_capsule_contraction,tr_41578464d64c_gpu
paper_ssp_200m_strong_v1,0,500,500.0,1320.0,auv_00,bounded_path_correction,low,DENY,DENY_FORBIDDEN,hard_expired,1320.0,PARTITIONED,False,True,True,False,A_hard_expiry_capsule_contraction,tr_41578464d64c_gpu
paper_ssp_200m_strong_v1,0,500,500.0,1320.0,auv_01,bounded_path_correction,low,DENY,DENY_FORBIDDEN,hard_expired,1320.0,PARTITIONED,False,True,True,False,A_hard_expiry_capsule_contraction,tr_41578464d64c_gpu
paper_ssp_200m_strong_v1,0,500,500.0,1320.0,auv_02,bounded_path_correction,low,DENY,DENY_FORBIDDEN,hard_expired,1320.0,PARTITIONED,False,True,True,False,A_hard_expiry_capsule_contraction,tr_41578464d64c_gpu
paper_ssp_200m_strong_v1,0,500,500.0,1320.0,auv_03,bounded_path_correction,low,DENY,DENY_FORBIDDEN,hard_expired,1320.0,PARTITIONED,False,True,True,False,A_hard_expiry_capsule_contraction,tr_41578464d64c_gpu
paper_ssp_200m_strong_v1,0,500,500.0,1320.0,auv_04,abandon_mandatory_inspection,consequential,DENY,DENY_HARD_EXPIRY,hard_expired,1320.0,PARTITIONED,False,True,True,False,not_low_risk,tr_41578464d64c_gpu
paper_ssp_200m_strong_v1,0,500,500.0,1320.0,auv_05,bounded_path_correction,low,DENY,DENY_FORBIDDEN,hard_expired,1320.0,PARTITIONED,False,True,True,False,A_hard_expiry_capsule_contraction,tr_41578464d64c_gpu
paper_ssp_200m_strong_v1,0,500,500.0,1320.0,auv_06,enter_exclusion_zone,consequential,DENY,DENY_HARD_EXPIRY,hard_expired,1320.0,PARTITIONED,False,True,True,False,not_low_risk,tr_41578464d64c_gpu
paper_ssp_200m_strong_v1,0,500,500.0,1320.0,auv_07,enter_exclusion_zone,consequential,DENY,DENY_HARD_EXPIRY,hard_expired,1320.0,PARTITIONED,False,True,True,False,not_low_risk,tr_41578464d64c_gpu
paper_ssp_200m_strong_v1,0,500,500.0,1320.0,auv_08,exceed_return_energy_reserve,consequential,DENY,DENY_HARD_EXPIRY,hard_expired,1320.0,PARTITIONED,False,True,True,False,not_low_risk,tr_41578464d64c_gpu
paper_ssp_200m_strong_v1,0,500,500.0,1320.0,auv_09,hold_station,low,DENY,DENY_FORBIDDEN,hard_expired,1320.0,PARTITIONED,False,True,True,False,A_hard_expiry_capsule_contraction,tr_41578464d64c_gpu
paper_ssp_200m_strong_v1,0,500,500.0,1320.0,auv_10,enter_exclusion_zone,consequential,DENY,DENY_HARD_EXPIRY,hard_expired,1320.0,PARTITIONED,False,True,True,False,not_low_risk,tr_41578464d64c_gpu
paper_ssp_200m_strong_v1,0,500,500.0,1320.0,auv_11,bounded_path_correction,low,DENY,DENY_FORBIDDEN,hard_expired,1320.0,PARTITIONED,False,True,True,False,A_hard_expiry_capsule_contraction,tr_41578464d64c_gpu
paper_ssp_200m_strong_v1,0,500,500.0,1340.0,auv_00,bounded_path_correction,low,DENY,DENY_FORBIDDEN,hard_expired,1340.0,PARTITIONED,False,True,True,False,A_hard_expiry_capsule_contraction,tr_41578464d64c_gpu
paper_ssp_200m_strong_v1,0,500,500.0,1340.0,auv_01,bounded_path_correction,low,DENY,DENY_FORBIDDEN,hard_expired,1340.0,PARTITIONED,False,True,True,False,A_hard_expiry_capsule_contraction,tr_41578464d64c_gpu
paper_ssp_200m_strong_v1,0,500,500.0,1340.0,auv_02,bounded_path_correction,low,DENY,DENY_FORBIDDEN,hard_expired,1340.0,PARTITIONED,False,True,True,False,A_hard_expiry_capsule_contraction,tr_41578464d64c_gpu
paper_ssp_200m_strong_v1,0,500,500.0,1340.0,auv_03,bounded_path_correction,low,DENY,DENY_FORBIDDEN,hard_expired,1340.0,PARTITIONED,False,True,True,False,A_hard_expiry_capsule_contraction,tr_41578464d64c_gpu
paper_ssp_200m_strong_v1,0,500,500.0,1340.0,auv_04,abandon_mandatory_inspection,consequential,DENY,DENY_HARD_EXPIRY,hard_expired,1340.0,PARTITIONED,False,True,True,False,not_low_risk,tr_41578464d64c_gpu
paper_ssp_200m_strong_v1,0,500,500.0,1340.0,auv_05,bounded_path_correction,low,DENY,DENY_FORBIDDEN,hard_expired,1340.0,PARTITIONED,False,True,True,False,A_hard_expiry_capsule_contraction,tr_41578464d64c_gpu
paper_ssp_200m_strong_v1,0,500,500.0,1340.0,auv_06,enter_exclusion_zone,consequential,DENY,DENY_HARD_EXPIRY,hard_expired,1340.0,PARTITIONED,False,True,True,False,not_low_risk,tr_41578464d64c_gpu
paper_ssp_200m_strong_v1,0,500,500.0,1340.0,auv_07,enter_exclusion_zone,consequential,DENY,DENY_HARD_EXPIRY,hard_expired,1340.0,PARTITIONED,False,True,True,False,not_low_risk,tr_41578464d64c_gpu
paper_ssp_200m_strong_v1,0,500,500.0,1340.0,auv_08,exceed_return_energy_reserve,consequential,DENY,DENY_HARD_EXPIRY,hard_expired,1340.0,PARTITIONED,False,True,True,False,not_low_risk,tr_41578464d64c_gpu
paper_ssp_200m_strong_v1,0,500,500.0,1340.0,auv_09,hold_station,low,DENY,DENY_FORBIDDEN,hard_expired,1340.0,PARTITIONED,False,True,True,False,A_hard_expiry_capsule_contraction,tr_41578464d64c_gpu
paper_ssp_200m_strong_v1,0,500,500.0,1340.0,auv_10,enter_exclusion_zone,consequential,DENY,DENY_HARD_EXPIRY,hard_expired,1340.0,PARTITIONED,False,True,True,False,not_low_risk,tr_41578464d64c_gpu
paper_ssp_200m_strong_v1,0,500,500.0,1340.0,auv_11,bounded_path_correction,low,DENY,DENY_FORBIDDEN,hard_expired,1340.0,PARTITIONED,False,True,True,False,A_hard_expiry_capsule_contraction,tr_41578464d64c_gpu
paper_ssp_200m_strong_v1,0,500,500.0,1360.0,auv_00,bounded_path_correction,low,DENY,DENY_FORBIDDEN,hard_expired,1360.0,PARTITIONED,False,True,True,False,A_hard_expiry_capsule_contraction,tr_41578464d64c_gpu
paper_ssp_200m_strong_v1,0,500,500.0,1360.0,auv_01,bounded_path_correction,low,DENY,DENY_FORBIDDEN,hard_expired,1360.0,PARTITIONED,False,True,True,False,A_hard_expiry_capsule_contraction,tr_41578464d64c_gpu
paper_ssp_200m_strong_v1,0,500,500.0,1360.0,auv_02,bounded_path_correction,low,DENY,DENY_FORBIDDEN,hard_expired,1360.0,PARTITIONED,False,True,True,False,A_hard_expiry_capsule_contraction,tr_41578464d64c_gpu
paper_ssp_200m_strong_v1,0,500,500.0,1360.0,auv_03,bounded_path_correction,low,DENY,DENY_FORBIDDEN,hard_expired,1360.0,PARTITIONED,False,True,True,False,A_hard_expiry_capsule_contraction,tr_41578464d64c_gpu
paper_ssp_200m_strong_v1,0,500,500.0,1360.0,auv_04,abandon_mandatory_inspection,consequential,DENY,DENY_HARD_EXPIRY,hard_expired,1360.0,PARTITIONED,False,True,True,False,not_low_risk,tr_41578464d64c_gpu
paper_ssp_200m_strong_v1,0,500,500.0,1360.0,auv_05,bounded_path_correction,low,DENY,DENY_FORBIDDEN,hard_expired,1360.0,PARTITIONED,False,True,True,False,A_hard_expiry_capsule_contraction,tr_41578464d64c_gpu
paper_ssp_200m_strong_v1,0,500,500.0,1360.0,auv_06,enter_exclusion_zone,consequential,DENY,DENY_HARD_EXPIRY,hard_expired,1360.0,PARTITIONED,False,True,True,False,not_low_risk,tr_41578464d64c_gpu
paper_ssp_200m_strong_v1,0,500,500.0,1360.0,auv_07,enter_exclusion_zone,consequential,DENY,DENY_HARD_EXPIRY,hard_expired,1360.0,PARTITIONED,False,True,True,False,not_low_risk,tr_41578464d64c_gpu
paper_ssp_200m_strong_v1,0,500,500.0,1360.0,auv_08,exceed_return_energy_reserve,consequential,DENY,DENY_HARD_EXPIRY,hard_expired,1360.0,PARTITIONED,False,True,True,False,not_low_risk,tr_41578464d64c_gpu
paper_ssp_200m_strong_v1,0,500,500.0,1360.0,auv_09,hold_station,low,DENY,DENY_FORBIDDEN,hard_expired,1360.0,PARTITIONED,False,True,True,False,A_hard_expiry_capsule_contraction,tr_41578464d64c_gpu
paper_ssp_200m_strong_v1,0,500,500.0,1360.0,auv_10,enter_exclusion_zone,consequential,DENY,DENY_HARD_EXPIRY,hard_expired,1360.0,PARTITIONED,False,True,True,False,not_low_risk,tr_41578464d64c_gpu
paper_ssp_200m_strong_v1,0,500,500.0,1360.0,auv_11,change_high_level_objective,consequential,DENY,DENY_HARD_EXPIRY,hard_expired,1360.0,PARTITIONED,False,True,True,False,not_low_risk,tr_41578464d64c_gpu
paper_ssp_200m_strong_v1,0,500,500.0,1380.0,auv_00,bounded_path_correction,low,DENY,DENY_FORBIDDEN,hard_expired,1380.0,PARTITIONED,False,True,True,False,A_hard_expiry_capsule_contraction,tr_41578464d64c_gpu
paper_ssp_200m_strong_v1,0,500,500.0,1380.0,auv_01,bounded_path_correction,low,DENY,DENY_FORBIDDEN,hard_expired,1380.0,PARTITIONED,False,True,True,False,A_hard_expiry_capsule_contraction,tr_41578464d64c_gpu
paper_ssp_200m_strong_v1,0,500,500.0,1380.0,auv_02,bounded_path_correction,low,DENY,DENY_FORBIDDEN,hard_expired,1380.0,PARTITIONED,False,True,True,False,A_hard_expiry_capsule_contraction,tr_41578464d64c_gpu
paper_ssp_200m_strong_v1,0,500,500.0,1380.0,auv_03,bounded_path_correction,low,DENY,DENY_FORBIDDEN,hard_expired,1380.0,PARTITIONED,False,True,True,False,A_hard_expiry_capsule_contraction,tr_41578464d64c_gpu
paper_ssp_200m_strong_v1,0,500,500.0,1380.0,auv_04,abandon_mandatory_inspection,consequential,DENY,DENY_HARD_EXPIRY,hard_expired,1380.0,PARTITIONED,False,True,True,False,not_low_risk,tr_41578464d64c_gpu
paper_ssp_200m_strong_v1,0,500,500.0,1380.0,auv_05,bounded_path_correction,low,DENY,DENY_FORBIDDEN,hard_expired,1380.0,PARTITIONED,False,True,True,False,A_hard_expiry_capsule_contraction,tr_41578464d64c_gpu
paper_ssp_200m_strong_v1,0,500,500.0,1380.0,auv_06,enter_exclusion_zone,consequential,DENY,DENY_HARD_EXPIRY,hard_expired,1380.0,PARTITIONED,False,True,True,False,not_low_risk,tr_41578464d64c_gpu
paper_ssp_200m_strong_v1,0,500,500.0,1380.0,auv_07,enter_exclusion_zone,consequential,DENY,DENY_HARD_EXPIRY,hard_expired,1380.0,PARTITIONED,False,True,True,False,not_low_risk,tr_41578464d64c_gpu
paper_ssp_200m_strong_v1,0,500,500.0,1380.0,auv_08,exceed_return_energy_reserve,consequential,DENY,DENY_HARD_EXPIRY,hard_expired,1380.0,PARTITIONED,False,True,True,False,not_low_risk,tr_41578464d64c_gpu
paper_ssp_200m_strong_v1,0,500,500.0,1380.0,auv_09,hold_station,low,DENY,DENY_FORBIDDEN,hard_expired,1380.0,PARTITIONED,False,True,True,False,A_hard_expiry_capsule_contraction,tr_41578464d64c_gpu
paper_ssp_200m_strong_v1,0,500,500.0,1380.0,auv_10,enter_exclusion_zone,consequential,DENY,DENY_HARD_EXPIRY,hard_expired,1380.0,PARTITIONED,False,True,True,False,not_low_risk,tr_41578464d64c_gpu
paper_ssp_200m_strong_v1,0,500,500.0,1380.0,auv_11,bounded_path_correction,low,DENY,DENY_FORBIDDEN,hard_expired,1380.0,PARTITIONED,False,True,True,False,A_hard_expiry_capsule_contraction,tr_41578464d64c_gpu
paper_ssp_200m_strong_v1,0,750,750.0,900.0,auv_00,bounded_path_correction,low,DENY,DENY_FORBIDDEN,hard_expired,900.0,PARTITIONED,False,True,True,False,A_hard_expiry_capsule_contraction,tr_41578464d64c_gpu
paper_ssp_200m_strong_v1,0,750,750.0,900.0,auv_01,bounded_path_correction,low,DENY,DENY_FORBIDDEN,hard_expired,900.0,PARTITIONED,False,True,True,False,A_hard_expiry_capsule_contraction,tr_41578464d64c_gpu
paper_ssp_200m_strong_v1,0,750,750.0,900.0,auv_02,bounded_path_correction,low,DENY,DENY_FORBIDDEN,hard_expired,900.0,PARTITIONED,False,True,True,False,A_hard_expiry_capsule_contraction,tr_41578464d64c_gpu
paper_ssp_200m_strong_v1,0,750,750.0,900.0,auv_03,bounded_path_correction,low,DENY,DENY_FORBIDDEN,hard_expired,900.0,PARTITIONED,False,True,True,False,A_hard_expiry_capsule_contraction,tr_41578464d64c_gpu
paper_ssp_200m_strong_v1,0,750,750.0,900.0,auv_04,abandon_mandatory_inspection,consequential,DENY,DENY_HARD_EXPIRY,hard_expired,900.0,PARTITIONED,False,True,True,False,not_low_risk,tr_41578464d64c_gpu
paper_ssp_200m_strong_v1,0,750,750.0,900.0,auv_05,bounded_path_correction,low,DENY,DENY_FORBIDDEN,hard_expired,900.0,PARTITIONED,False,True,True,False,A_hard_expiry_capsule_contraction,tr_41578464d64c_gpu
paper_ssp_200m_strong_v1,0,750,750.0,900.0,auv_06,enter_exclusion_zone,consequential,DENY,DENY_HARD_EXPIRY,hard_expired,900.0,PARTITIONED,False,True,True,False,not_low_risk,tr_41578464d64c_gpu
paper_ssp_200m_strong_v1,0,750,750.0,900.0,auv_07,enter_exclusion_zone,consequential,DENY,DENY_HARD_EXPIRY,hard_expired,900.0,PARTITIONED,False,True,True,False,not_low_risk,tr_41578464d64c_gpu
paper_ssp_200m_strong_v1,0,750,750.0,900.0,auv_08,exceed_return_energy_reserve,consequential,DENY,DENY_HARD_EXPIRY,hard_expired,900.0,PARTITIONED,False,True,True,False,not_low_risk,tr_41578464d64c_gpu
paper_ssp_200m_strong_v1,0,750,750.0,900.0,auv_09,hold_station,low,DENY,DENY_FORBIDDEN,hard_expired,900.0,PARTITIONED,False,True,True,False,A_hard_expiry_capsule_contraction,tr_41578464d64c_gpu
paper_ssp_200m_strong_v1,0,750,750.0,900.0,auv_10,enter_exclusion_zone,consequential,DENY,DENY_HARD_EXPIRY,hard_expired,900.0,PARTITIONED,False,True,True,False,not_low_risk,tr_41578464d64c_gpu
paper_ssp_200m_strong_v1,0,750,750.0,900.0,auv_11,bounded_path_correction,low,DENY,DENY_FORBIDDEN,hard_expired,900.0,PARTITIONED,False,True,True,False,A_hard_expiry_capsule_contraction,tr_41578464d64c_gpu
paper_ssp_200m_strong_v1,0,750,750.0,920.0,auv_00,bounded_path_correction,low,DENY,DENY_FORBIDDEN,hard_expired,920.0,PARTITIONED,False,True,True,False,A_hard_expiry_capsule_contraction,tr_41578464d64c_gpu
paper_ssp_200m_strong_v1,0,750,750.0,920.0,auv_01,bounded_path_correction,low,DENY,DENY_FORBIDDEN,hard_expired,920.0,PARTITIONED,False,True,True,False,A_hard_expiry_capsule_contraction,tr_41578464d64c_gpu
paper_ssp_200m_strong_v1,0,750,750.0,920.0,auv_02,bounded_path_correction,low,DENY,DENY_FORBIDDEN,hard_expired,920.0,PARTITIONED,False,True,True,False,A_hard_expiry_capsule_contraction,tr_41578464d64c_gpu
paper_ssp_200m_strong_v1,0,750,750.0,920.0,auv_03,bounded_path_correction,low,DENY,DENY_FORBIDDEN,hard_expired,920.0,PARTITIONED,False,True,True,False,A_hard_expiry_capsule_contraction,tr_41578464d64c_gpu
paper_ssp_200m_strong_v1,0,750,750.0,920.0,auv_04,abandon_mandatory_inspection,consequential,DENY,DENY_HARD_EXPIRY,hard_expired,920.0,PARTITIONED,False,True,True,False,not_low_risk,tr_41578464d64c_gpu
paper_ssp_200m_strong_v1,0,750,750.0,920.0,auv_05,bounded_path_correction,low,DENY,DENY_FORBIDDEN,hard_expired,920.0,PARTITIONED,False,True,True,False,A_hard_expiry_capsule_contraction,tr_41578464d64c_gpu
paper_ssp_200m_strong_v1,0,750,750.0,920.0,auv_06,enter_exclusion_zone,consequential,DENY,DENY_HARD_EXPIRY,hard_expired,920.0,PARTITIONED,False,True,True,False,not_low_risk,tr_41578464d64c_gpu
paper_ssp_200m_strong_v1,0,750,750.0,920.0,auv_07,enter_exclusion_zone,consequential,DENY,DENY_HARD_EXPIRY,hard_expired,920.0,PARTITIONED,False,True,True,False,not_low_risk,tr_41578464d64c_gpu
paper_ssp_200m_strong_v1,0,750,750.0,920.0,auv_08,exceed_return_energy_reserve,consequential,DENY,DENY_HARD_EXPIRY,hard_expired,920.0,PARTITIONED,False,True,True,False,not_low_risk,tr_41578464d64c_gpu
paper_ssp_200m_strong_v1,0,750,750.0,920.0,auv_09,hold_station,low,DENY,DENY_FORBIDDEN,hard_expired,920.0,PARTITIONED,False,True,True,False,A_hard_expiry_capsule_contraction,tr_41578464d64c_gpu
paper_ssp_200m_strong_v1,0,750,750.0,920.0,auv_10,enter_exclusion_zone,consequential,DENY,DENY_HARD_EXPIRY,hard_expired,920.0,PARTITIONED,False,True,True,False,not_low_risk,tr_41578464d64c_gpu
paper_ssp_200m_strong_v1,0,750,750.0,920.0,auv_11,bounded_path_correction,low,DENY,DENY_FORBIDDEN,hard_expired,920.0,PARTITIONED,False,True,True,False,A_hard_expiry_capsule_contraction,tr_41578464d64c_gpu
paper_ssp_200m_strong_v1,0,750,750.0,940.0,auv_00,bounded_path_correction,low,DENY,DENY_FORBIDDEN,hard_expired,940.0,PARTITIONED,False,True,True,False,A_hard_expiry_capsule_contraction,tr_41578464d64c_gpu
paper_ssp_200m_strong_v1,0,750,750.0,940.0,auv_01,bounded_path_correction,low,DENY,DENY_FORBIDDEN,hard_expired,940.0,PARTITIONED,False,True,True,False,A_hard_expiry_capsule_contraction,tr_41578464d64c_gpu
paper_ssp_200m_strong_v1,0,750,750.0,940.0,auv_02,bounded_path_correction,low,DENY,DENY_FORBIDDEN,hard_expired,940.0,PARTITIONED,False,True,True,False,A_hard_expiry_capsule_contraction,tr_41578464d64c_gpu
paper_ssp_200m_strong_v1,0,750,750.0,940.0,auv_03,bounded_path_correction,low,DENY,DENY_FORBIDDEN,hard_expired,940.0,PARTITIONED,False,True,True,False,A_hard_expiry_capsule_contraction,tr_41578464d64c_gpu
paper_ssp_200m_strong_v1,0,750,750.0,940.0,auv_04,abandon_mandatory_inspection,consequential,DENY,DENY_HARD_EXPIRY,hard_expired,940.0,PARTITIONED,False,True,True,False,not_low_risk,tr_41578464d64c_gpu
paper_ssp_200m_strong_v1,0,750,750.0,940.0,auv_05,bounded_path_correction,low,DENY,DENY_FORBIDDEN,hard_expired,940.0,PARTITIONED,False,True,True,False,A_hard_expiry_capsule_contraction,tr_41578464d64c_gpu
paper_ssp_200m_strong_v1,0,750,750.0,940.0,auv_06,enter_exclusion_zone,consequential,DENY,DENY_HARD_EXPIRY,hard_expired,940.0,PARTITIONED,False,True,True,False,not_low_risk,tr_41578464d64c_gpu
paper_ssp_200m_strong_v1,0,750,750.0,940.0,auv_07,enter_exclusion_zone,consequential,DENY,DENY_HARD_EXPIRY,hard_expired,940.0,PARTITIONED,False,True,True,False,not_low_risk,tr_41578464d64c_gpu
paper_ssp_200m_strong_v1,0,750,750.0,940.0,auv_08,exceed_return_energy_reserve,consequential,DENY,DENY_HARD_EXPIRY,hard_expired,940.0,PARTITIONED,False,True,True,False,not_low_risk,tr_41578464d64c_gpu
paper_ssp_200m_strong_v1,0,750,750.0,940.0,auv_09,hold_station,low,DENY,DENY_FORBIDDEN,hard_expired,940.0,PARTITIONED,False,True,True,False,A_hard_expiry_capsule_contraction,tr_41578464d64c_gpu
paper_ssp_200m_strong_v1,0,750,750.0,940.0,auv_10,enter_exclusion_zone,consequential,DENY,DENY_HARD_EXPIRY,hard_expired,940.0,PARTITIONED,False,True,True,False,not_low_risk,tr_41578464d64c_gpu
paper_ssp_200m_strong_v1,0,750,750.0,940.0,auv_11,bounded_path_correction,low,DENY,DENY_FORBIDDEN,hard_expired,940.0,PARTITIONED,False,True,True,False,A_hard_expiry_capsule_contraction,tr_41578464d64c_gpu
paper_ssp_200m_strong_v1,0,750,750.0,960.0,auv_00,bounded_path_correction,low,DENY,DENY_FORBIDDEN,hard_expired,960.0,RECOVERING,False,True,True,False,A_hard_expiry_capsule_contraction,tr_41578464d64c_gpu
paper_ssp_200m_strong_v1,0,750,750.0,960.0,auv_01,bounded_path_correction,low,DENY,DENY_FORBIDDEN,hard_expired,960.0,RECOVERING,False,True,True,False,A_hard_expiry_capsule_contraction,tr_41578464d64c_gpu
paper_ssp_200m_strong_v1,0,750,750.0,960.0,auv_02,bounded_path_correction,low,DENY,DENY_FORBIDDEN,hard_expired,960.0,RECOVERING,False,True,True,False,A_hard_expiry_capsule_contraction,tr_41578464d64c_gpu
paper_ssp_200m_strong_v1,0,750,750.0,960.0,auv_03,bounded_path_correction,low,DENY,DENY_FORBIDDEN,hard_expired,960.0,RECOVERING,False,True,True,False,A_hard_expiry_capsule_contraction,tr_41578464d64c_gpu
paper_ssp_200m_strong_v1,0,750,750.0,960.0,auv_04,abandon_mandatory_inspection,consequential,DENY,DENY_RECOVERING_HARD_SAFETY,hard_expired,960.0,RECOVERING,False,True,True,False,not_low_risk,tr_41578464d64c_gpu
paper_ssp_200m_strong_v1,0,750,750.0,960.0,auv_05,bounded_path_correction,low,DENY,DENY_FORBIDDEN,hard_expired,960.0,RECOVERING,False,True,True,False,A_hard_expiry_capsule_contraction,tr_41578464d64c_gpu
paper_ssp_200m_strong_v1,0,750,750.0,960.0,auv_06,enter_exclusion_zone,consequential,DENY,DENY_RECOVERING_HARD_SAFETY,hard_expired,960.0,RECOVERING,False,True,True,False,not_low_risk,tr_41578464d64c_gpu
paper_ssp_200m_strong_v1,0,750,750.0,960.0,auv_07,enter_exclusion_zone,consequential,DENY,DENY_RECOVERING_HARD_SAFETY,hard_expired,960.0,RECOVERING,False,True,True,False,not_low_risk,tr_41578464d64c_gpu
paper_ssp_200m_strong_v1,0,750,750.0,960.0,auv_08,exceed_return_energy_reserve,consequential,DENY,DENY_RECOVERING_HARD_SAFETY,hard_expired,960.0,RECOVERING,False,True,True,False,not_low_risk,tr_41578464d64c_gpu
paper_ssp_200m_strong_v1,0,750,750.0,960.0,auv_09,hold_station,low,DENY,DENY_FORBIDDEN,hard_expired,960.0,RECOVERING,False,True,True,False,A_hard_expiry_capsule_contraction,tr_41578464d64c_gpu
paper_ssp_200m_strong_v1,0,750,750.0,960.0,auv_10,enter_exclusion_zone,consequential,DENY,DENY_RECOVERING_HARD_SAFETY,hard_expired,960.0,RECOVERING,False,True,True,False,not_low_risk,tr_41578464d64c_gpu
paper_ssp_200m_strong_v1,0,750,750.0,960.0,auv_11,change_high_level_objective,consequential,DENY,DENY_RECOVERING_HARD_SAFETY,hard_expired,960.0,RECOVERING,False,True,True,False,not_low_risk,tr_41578464d64c_gpu
paper_ssp_200m_strong_v1,0,750,750.0,980.0,auv_00,bounded_path_correction,low,DENY,DENY_FORBIDDEN,hard_expired,980.0,RECOVERING,False,True,True,False,A_hard_expiry_capsule_contraction,tr_41578464d64c_gpu
paper_ssp_200m_strong_v1,0,750,750.0,980.0,auv_01,bounded_path_correction,low,DENY,DENY_FORBIDDEN,hard_expired,980.0,RECOVERING,False,True,True,False,A_hard_expiry_capsule_contraction,tr_41578464d64c_gpu
paper_ssp_200m_strong_v1,0,750,750.0,980.0,auv_02,bounded_path_correction,low,DENY,DENY_FORBIDDEN,hard_expired,980.0,RECOVERING,False,True,True,False,A_hard_expiry_capsule_contraction,tr_41578464d64c_gpu
paper_ssp_200m_strong_v1,0,750,750.0,980.0,auv_03,bounded_path_correction,low,DENY,DENY_FORBIDDEN,hard_expired,980.0,RECOVERING,False,True,True,False,A_hard_expiry_capsule_contraction,tr_41578464d64c_gpu
paper_ssp_200m_strong_v1,0,750,750.0,980.0,auv_04,abandon_mandatory_inspection,consequential,DENY,DENY_RECOVERING_HARD_SAFETY,hard_expired,980.0,RECOVERING,False,True,True,False,not_low_risk,tr_41578464d64c_gpu
paper_ssp_200m_strong_v1,0,750,750.0,980.0,auv_05,bounded_path_correction,low,DENY,DENY_FORBIDDEN,hard_expired,980.0,RECOVERING,False,True,True,False,A_hard_expiry_capsule_contraction,tr_41578464d64c_gpu
paper_ssp_200m_strong_v1,0,750,750.0,980.0,auv_06,enter_exclusion_zone,consequential,DENY,DENY_RECOVERING_HARD_SAFETY,hard_expired,980.0,RECOVERING,False,True,True,False,not_low_risk,tr_41578464d64c_gpu
paper_ssp_200m_strong_v1,0,750,750.0,980.0,auv_07,enter_exclusion_zone,consequential,DENY,DENY_RECOVERING_HARD_SAFETY,hard_expired,980.0,RECOVERING,False,True,True,False,not_low_risk,tr_41578464d64c_gpu
paper_ssp_200m_strong_v1,0,750,750.0,980.0,auv_08,exceed_return_energy_reserve,consequential,DENY,DENY_RECOVERING_HARD_SAFETY,hard_expired,980.0,RECOVERING,False,True,True,False,not_low_risk,tr_41578464d64c_gpu
paper_ssp_200m_strong_v1,0,750,750.0,980.0,auv_09,hold_station,low,DENY,DENY_FORBIDDEN,hard_expired,980.0,RECOVERING,False,True,True,False,A_hard_expiry_capsule_contraction,tr_41578464d64c_gpu
paper_ssp_200m_strong_v1,0,750,750.0,980.0,auv_10,enter_exclusion_zone,consequential,DENY,DENY_RECOVERING_HARD_SAFETY,hard_expired,980.0,RECOVERING,False,True,True,False,not_low_risk,tr_41578464d64c_gpu
paper_ssp_200m_strong_v1,0,750,750.0,980.0,auv_11,bounded_path_correction,low,DENY,DENY_FORBIDDEN,hard_expired,980.0,RECOVERING,False,True,True,False,A_hard_expiry_capsule_contraction,tr_41578464d64c_gpu
paper_ssp_200m_strong_v1,0,750,750.0,1000.0,auv_00,bounded_path_correction,low,DENY,DENY_FORBIDDEN,hard_expired,1000.0,RECOVERING,False,True,True,False,A_hard_expiry_capsule_contraction,tr_41578464d64c_gpu
paper_ssp_200m_strong_v1,0,750,750.0,1000.0,auv_01,bounded_path_correction,low,DENY,DENY_FORBIDDEN,hard_expired,1000.0,RECOVERING,False,True,True,False,A_hard_expiry_capsule_contraction,tr_41578464d64c_gpu
paper_ssp_200m_strong_v1,0,750,750.0,1000.0,auv_02,bounded_path_correction,low,DENY,DENY_FORBIDDEN,hard_expired,1000.0,RECOVERING,False,True,True,False,A_hard_expiry_capsule_contraction,tr_41578464d64c_gpu
paper_ssp_200m_strong_v1,0,750,750.0,1000.0,auv_03,bounded_path_correction,low,DENY,DENY_FORBIDDEN,hard_expired,1000.0,RECOVERING,False,True,True,False,A_hard_expiry_capsule_contraction,tr_41578464d64c_gpu
paper_ssp_200m_strong_v1,0,750,750.0,1000.0,auv_04,abandon_mandatory_inspection,consequential,DENY,DENY_RECOVERING_HARD_SAFETY,hard_expired,1000.0,RECOVERING,False,True,True,False,not_low_risk,tr_41578464d64c_gpu
paper_ssp_200m_strong_v1,0,750,750.0,1000.0,auv_05,bounded_path_correction,low,DENY,DENY_FORBIDDEN,hard_expired,1000.0,RECOVERING,False,True,True,False,A_hard_expiry_capsule_contraction,tr_41578464d64c_gpu
paper_ssp_200m_strong_v1,0,750,750.0,1000.0,auv_06,enter_exclusion_zone,consequential,DENY,DENY_RECOVERING_HARD_SAFETY,hard_expired,1000.0,RECOVERING,False,True,True,False,not_low_risk,tr_41578464d64c_gpu
paper_ssp_200m_strong_v1,0,750,750.0,1000.0,auv_07,enter_exclusion_zone,consequential,DENY,DENY_RECOVERING_HARD_SAFETY,hard_expired,1000.0,RECOVERING,False,True,True,False,not_low_risk,tr_41578464d64c_gpu
paper_ssp_200m_strong_v1,0,750,750.0,1000.0,auv_08,exceed_return_energy_reserve,consequential,DENY,DENY_RECOVERING_HARD_SAFETY,hard_expired,1000.0,RECOVERING,False,True,True,False,not_low_risk,tr_41578464d64c_gpu
paper_ssp_200m_strong_v1,0,750,750.0,1000.0,auv_09,hold_station,low,DENY,DENY_FORBIDDEN,hard_expired,1000.0,RECOVERING,False,True,True,False,A_hard_expiry_capsule_contraction,tr_41578464d64c_gpu
paper_ssp_200m_strong_v1,0,750,750.0,1000.0,auv_10,enter_exclusion_zone,consequential,DENY,DENY_RECOVERING_HARD_SAFETY,hard_expired,1000.0,RECOVERING,False,True,True,False,not_low_risk,tr_41578464d64c_gpu
paper_ssp_200m_strong_v1,0,750,750.0,1000.0,auv_11,bounded_path_correction,low,DENY,DENY_FORBIDDEN,hard_expired,1000.0,RECOVERING,False,True,True,False,A_hard_expiry_capsule_contraction,tr_41578464d64c_gpu
paper_ssp_200m_strong_v1,0,750,750.0,1020.0,auv_00,bounded_path_correction,low,DENY,DENY_FORBIDDEN,hard_expired,1020.0,PARTITIONED,False,True,True,False,A_hard_expiry_capsule_contraction,tr_41578464d64c_gpu
paper_ssp_200m_strong_v1,0,750,750.0,1020.0,auv_01,bounded_path_correction,low,DENY,DENY_FORBIDDEN,hard_expired,1020.0,PARTITIONED,False,True,True,False,A_hard_expiry_capsule_contraction,tr_41578464d64c_gpu
paper_ssp_200m_strong_v1,0,750,750.0,1020.0,auv_02,bounded_path_correction,low,DENY,DENY_FORBIDDEN,hard_expired,1020.0,PARTITIONED,False,True,True,False,A_hard_expiry_capsule_contraction,tr_41578464d64c_gpu
paper_ssp_200m_strong_v1,0,750,750.0,1020.0,auv_03,bounded_path_correction,low,DENY,DENY_FORBIDDEN,hard_expired,1020.0,PARTITIONED,False,True,True,False,A_hard_expiry_capsule_contraction,tr_41578464d64c_gpu
paper_ssp_200m_strong_v1,0,750,750.0,1020.0,auv_04,abandon_mandatory_inspection,consequential,DENY,DENY_HARD_EXPIRY,hard_expired,1020.0,PARTITIONED,False,True,True,False,not_low_risk,tr_41578464d64c_gpu
paper_ssp_200m_strong_v1,0,750,750.0,1020.0,auv_05,bounded_path_correction,low,DENY,DENY_FORBIDDEN,hard_expired,1020.0,PARTITIONED,False,True,True,False,A_hard_expiry_capsule_contraction,tr_41578464d64c_gpu
paper_ssp_200m_strong_v1,0,750,750.0,1020.0,auv_06,enter_exclusion_zone,consequential,DENY,DENY_HARD_EXPIRY,hard_expired,1020.0,PARTITIONED,False,True,True,False,not_low_risk,tr_41578464d64c_gpu
paper_ssp_200m_strong_v1,0,750,750.0,1020.0,auv_07,enter_exclusion_zone,consequential,DENY,DENY_HARD_EXPIRY,hard_expired,1020.0,PARTITIONED,False,True,True,False,not_low_risk,tr_41578464d64c_gpu
paper_ssp_200m_strong_v1,0,750,750.0,1020.0,auv_08,exceed_return_energy_reserve,consequential,DENY,DENY_HARD_EXPIRY,hard_expired,1020.0,PARTITIONED,False,True,True,False,not_low_risk,tr_41578464d64c_gpu
paper_ssp_200m_strong_v1,0,750,750.0,1020.0,auv_09,hold_station,low,DENY,DENY_FORBIDDEN,hard_expired,1020.0,PARTITIONED,False,True,True,False,A_hard_expiry_capsule_contraction,tr_41578464d64c_gpu
paper_ssp_200m_strong_v1,0,750,750.0,1020.0,auv_10,enter_exclusion_zone,consequential,DENY,DENY_HARD_EXPIRY,hard_expired,1020.0,PARTITIONED,False,True,True,False,not_low_risk,tr_41578464d64c_gpu
paper_ssp_200m_strong_v1,0,750,750.0,1020.0,auv_11,bounded_path_correction,low,DENY,DENY_FORBIDDEN,hard_expired,1020.0,PARTITIONED,False,True,True,False,A_hard_expiry_capsule_contraction,tr_41578464d64c_gpu
paper_ssp_200m_strong_v1,0,750,750.0,1040.0,auv_00,bounded_path_correction,low,DENY,DENY_FORBIDDEN,hard_expired,1040.0,PARTITIONED,False,True,True,False,A_hard_expiry_capsule_contraction,tr_41578464d64c_gpu
paper_ssp_200m_strong_v1,0,750,750.0,1040.0,auv_01,bounded_path_correction,low,DENY,DENY_FORBIDDEN,hard_expired,1040.0,PARTITIONED,False,True,True,False,A_hard_expiry_capsule_contraction,tr_41578464d64c_gpu
paper_ssp_200m_strong_v1,0,750,750.0,1040.0,auv_02,bounded_path_correction,low,DENY,DENY_FORBIDDEN,hard_expired,1040.0,PARTITIONED,False,True,True,False,A_hard_expiry_capsule_contraction,tr_41578464d64c_gpu
paper_ssp_200m_strong_v1,0,750,750.0,1040.0,auv_03,bounded_path_correction,low,DENY,DENY_FORBIDDEN,hard_expired,1040.0,PARTITIONED,False,True,True,False,A_hard_expiry_capsule_contraction,tr_41578464d64c_gpu
paper_ssp_200m_strong_v1,0,750,750.0,1040.0,auv_04,abandon_mandatory_inspection,consequential,DENY,DENY_HARD_EXPIRY,hard_expired,1040.0,PARTITIONED,False,True,True,False,not_low_risk,tr_41578464d64c_gpu
paper_ssp_200m_strong_v1,0,750,750.0,1040.0,auv_05,bounded_path_correction,low,DENY,DENY_FORBIDDEN,hard_expired,1040.0,PARTITIONED,False,True,True,False,A_hard_expiry_capsule_contraction,tr_41578464d64c_gpu
paper_ssp_200m_strong_v1,0,750,750.0,1040.0,auv_06,enter_exclusion_zone,consequential,DENY,DENY_HARD_EXPIRY,hard_expired,1040.0,PARTITIONED,False,True,True,False,not_low_risk,tr_41578464d64c_gpu
paper_ssp_200m_strong_v1,0,750,750.0,1040.0,auv_07,enter_exclusion_zone,consequential,DENY,DENY_HARD_EXPIRY,hard_expired,1040.0,PARTITIONED,False,True,True,False,not_low_risk,tr_41578464d64c_gpu
paper_ssp_200m_strong_v1,0,750,750.0,1040.0,auv_08,exceed_return_energy_reserve,consequential,DENY,DENY_HARD_EXPIRY,hard_expired,1040.0,PARTITIONED,False,True,True,False,not_low_risk,tr_41578464d64c_gpu
paper_ssp_200m_strong_v1,0,750,750.0,1040.0,auv_09,hold_station,low,DENY,DENY_FORBIDDEN,hard_expired,1040.0,PARTITIONED,False,True,True,False,A_hard_expiry_capsule_contraction,tr_41578464d64c_gpu
paper_ssp_200m_strong_v1,0,750,750.0,1040.0,auv_10,enter_exclusion_zone,consequential,DENY,DENY_HARD_EXPIRY,hard_expired,1040.0,PARTITIONED,False,True,True,False,not_low_risk,tr_41578464d64c_gpu
paper_ssp_200m_strong_v1,0,750,750.0,1040.0,auv_11,change_high_level_objective,consequential,DENY,DENY_HARD_EXPIRY,hard_expired,1040.0,PARTITIONED,False,True,True,False,not_low_risk,tr_41578464d64c_gpu
paper_ssp_200m_strong_v1,0,750,750.0,1060.0,auv_00,bounded_path_correction,low,DENY,DENY_FORBIDDEN,hard_expired,1060.0,PARTITIONED,False,True,True,False,A_hard_expiry_capsule_contraction,tr_41578464d64c_gpu
paper_ssp_200m_strong_v1,0,750,750.0,1060.0,auv_01,bounded_path_correction,low,DENY,DENY_FORBIDDEN,hard_expired,1060.0,PARTITIONED,False,True,True,False,A_hard_expiry_capsule_contraction,tr_41578464d64c_gpu
paper_ssp_200m_strong_v1,0,750,750.0,1060.0,auv_02,bounded_path_correction,low,DENY,DENY_FORBIDDEN,hard_expired,1060.0,PARTITIONED,False,True,True,False,A_hard_expiry_capsule_contraction,tr_41578464d64c_gpu
paper_ssp_200m_strong_v1,0,750,750.0,1060.0,auv_03,bounded_path_correction,low,DENY,DENY_FORBIDDEN,hard_expired,1060.0,PARTITIONED,False,True,True,False,A_hard_expiry_capsule_contraction,tr_41578464d64c_gpu
paper_ssp_200m_strong_v1,0,750,750.0,1060.0,auv_04,abandon_mandatory_inspection,consequential,DENY,DENY_HARD_EXPIRY,hard_expired,1060.0,PARTITIONED,False,True,True,False,not_low_risk,tr_41578464d64c_gpu
paper_ssp_200m_strong_v1,0,750,750.0,1060.0,auv_05,bounded_path_correction,low,DENY,DENY_FORBIDDEN,hard_expired,1060.0,PARTITIONED,False,True,True,False,A_hard_expiry_capsule_contraction,tr_41578464d64c_gpu
paper_ssp_200m_strong_v1,0,750,750.0,1060.0,auv_06,enter_exclusion_zone,consequential,DENY,DENY_HARD_EXPIRY,hard_expired,1060.0,PARTITIONED,False,True,True,False,not_low_risk,tr_41578464d64c_gpu
paper_ssp_200m_strong_v1,0,750,750.0,1060.0,auv_07,enter_exclusion_zone,consequential,DENY,DENY_HARD_EXPIRY,hard_expired,1060.0,PARTITIONED,False,True,True,False,not_low_risk,tr_41578464d64c_gpu
paper_ssp_200m_strong_v1,0,750,750.0,1060.0,auv_08,exceed_return_energy_reserve,consequential,DENY,DENY_HARD_EXPIRY,hard_expired,1060.0,PARTITIONED,False,True,True,False,not_low_risk,tr_41578464d64c_gpu
paper_ssp_200m_strong_v1,0,750,750.0,1060.0,auv_09,hold_station,low,DENY,DENY_FORBIDDEN,hard_expired,1060.0,PARTITIONED,False,True,True,False,A_hard_expiry_capsule_contraction,tr_41578464d64c_gpu
paper_ssp_200m_strong_v1,0,750,750.0,1060.0,auv_10,enter_exclusion_zone,consequential,DENY,DENY_HARD_EXPIRY,hard_expired,1060.0,PARTITIONED,False,True,True,False,not_low_risk,tr_41578464d64c_gpu
paper_ssp_200m_strong_v1,0,750,750.0,1060.0,auv_11,bounded_path_correction,low,DENY,DENY_FORBIDDEN,hard_expired,1060.0,PARTITIONED,False,True,True,False,A_hard_expiry_capsule_contraction,tr_41578464d64c_gpu
paper_ssp_200m_strong_v1,0,750,750.0,1080.0,auv_00,bounded_path_correction,low,DENY,DENY_FORBIDDEN,hard_expired,1080.0,PARTITIONED,False,True,True,False,A_hard_expiry_capsule_contraction,tr_41578464d64c_gpu
paper_ssp_200m_strong_v1,0,750,750.0,1080.0,auv_01,bounded_path_correction,low,DENY,DENY_FORBIDDEN,hard_expired,1080.0,PARTITIONED,False,True,True,False,A_hard_expiry_capsule_contraction,tr_41578464d64c_gpu
paper_ssp_200m_strong_v1,0,750,750.0,1080.0,auv_02,bounded_path_correction,low,DENY,DENY_FORBIDDEN,hard_expired,1080.0,PARTITIONED,False,True,True,False,A_hard_expiry_capsule_contraction,tr_41578464d64c_gpu
paper_ssp_200m_strong_v1,0,750,750.0,1080.0,auv_03,bounded_path_correction,low,DENY,DENY_FORBIDDEN,hard_expired,1080.0,PARTITIONED,False,True,True,False,A_hard_expiry_capsule_contraction,tr_41578464d64c_gpu
paper_ssp_200m_strong_v1,0,750,750.0,1080.0,auv_04,abandon_mandatory_inspection,consequential,DENY,DENY_HARD_EXPIRY,hard_expired,1080.0,PARTITIONED,False,True,True,False,not_low_risk,tr_41578464d64c_gpu
paper_ssp_200m_strong_v1,0,750,750.0,1080.0,auv_05,bounded_path_correction,low,DENY,DENY_FORBIDDEN,hard_expired,1080.0,PARTITIONED,False,True,True,False,A_hard_expiry_capsule_contraction,tr_41578464d64c_gpu
paper_ssp_200m_strong_v1,0,750,750.0,1080.0,auv_06,enter_exclusion_zone,consequential,DENY,DENY_HARD_EXPIRY,hard_expired,1080.0,PARTITIONED,False,True,True,False,not_low_risk,tr_41578464d64c_gpu
paper_ssp_200m_strong_v1,0,750,750.0,1080.0,auv_07,enter_exclusion_zone,consequential,DENY,DENY_HARD_EXPIRY,hard_expired,1080.0,PARTITIONED,False,True,True,False,not_low_risk,tr_41578464d64c_gpu
paper_ssp_200m_strong_v1,0,750,750.0,1080.0,auv_08,exceed_return_energy_reserve,consequential,DENY,DENY_HARD_EXPIRY,hard_expired,1080.0,PARTITIONED,False,True,True,False,not_low_risk,tr_41578464d64c_gpu
paper_ssp_200m_strong_v1,0,750,750.0,1080.0,auv_09,hold_station,low,DENY,DENY_FORBIDDEN,hard_expired,1080.0,PARTITIONED,False,True,True,False,A_hard_expiry_capsule_contraction,tr_41578464d64c_gpu
paper_ssp_200m_strong_v1,0,750,750.0,1080.0,auv_10,enter_exclusion_zone,consequential,DENY,DENY_HARD_EXPIRY,hard_expired,1080.0,PARTITIONED,False,True,True,False,not_low_risk,tr_41578464d64c_gpu
paper_ssp_200m_strong_v1,0,750,750.0,1080.0,auv_11,bounded_path_correction,low,DENY,DENY_FORBIDDEN,hard_expired,1080.0,PARTITIONED,False,True,True,False,A_hard_expiry_capsule_contraction,tr_41578464d64c_gpu
paper_ssp_200m_strong_v1,0,750,750.0,1100.0,auv_00,bounded_path_correction,low,DENY,DENY_FORBIDDEN,hard_expired,1100.0,PARTITIONED,False,True,True,False,A_hard_expiry_capsule_contraction,tr_41578464d64c_gpu
paper_ssp_200m_strong_v1,0,750,750.0,1100.0,auv_01,bounded_path_correction,low,DENY,DENY_FORBIDDEN,hard_expired,1100.0,PARTITIONED,False,True,True,False,A_hard_expiry_capsule_contraction,tr_41578464d64c_gpu
paper_ssp_200m_strong_v1,0,750,750.0,1100.0,auv_02,bounded_path_correction,low,DENY,DENY_FORBIDDEN,hard_expired,1100.0,PARTITIONED,False,True,True,False,A_hard_expiry_capsule_contraction,tr_41578464d64c_gpu
paper_ssp_200m_strong_v1,0,750,750.0,1100.0,auv_03,bounded_path_correction,low,DENY,DENY_FORBIDDEN,hard_expired,1100.0,PARTITIONED,False,True,True,False,A_hard_expiry_capsule_contraction,tr_41578464d64c_gpu
paper_ssp_200m_strong_v1,0,750,750.0,1100.0,auv_04,abandon_mandatory_inspection,consequential,DENY,DENY_HARD_EXPIRY,hard_expired,1100.0,PARTITIONED,False,True,True,False,not_low_risk,tr_41578464d64c_gpu
paper_ssp_200m_strong_v1,0,750,750.0,1100.0,auv_05,bounded_path_correction,low,DENY,DENY_FORBIDDEN,hard_expired,1100.0,PARTITIONED,False,True,True,False,A_hard_expiry_capsule_contraction,tr_41578464d64c_gpu
paper_ssp_200m_strong_v1,0,750,750.0,1100.0,auv_06,enter_exclusion_zone,consequential,DENY,DENY_HARD_EXPIRY,hard_expired,1100.0,PARTITIONED,False,True,True,False,not_low_risk,tr_41578464d64c_gpu
paper_ssp_200m_strong_v1,0,750,750.0,1100.0,auv_07,enter_exclusion_zone,consequential,DENY,DENY_HARD_EXPIRY,hard_expired,1100.0,PARTITIONED,False,True,True,False,not_low_risk,tr_41578464d64c_gpu
paper_ssp_200m_strong_v1,0,750,750.0,1100.0,auv_08,exceed_return_energy_reserve,consequential,DENY,DENY_HARD_EXPIRY,hard_expired,1100.0,PARTITIONED,False,True,True,False,not_low_risk,tr_41578464d64c_gpu
paper_ssp_200m_strong_v1,0,750,750.0,1100.0,auv_09,hold_station,low,DENY,DENY_FORBIDDEN,hard_expired,1100.0,PARTITIONED,False,True,True,False,A_hard_expiry_capsule_contraction,tr_41578464d64c_gpu
paper_ssp_200m_strong_v1,0,750,750.0,1100.0,auv_10,enter_exclusion_zone,consequential,DENY,DENY_HARD_EXPIRY,hard_expired,1100.0,PARTITIONED,False,True,True,False,not_low_risk,tr_41578464d64c_gpu
paper_ssp_200m_strong_v1,0,750,750.0,1100.0,auv_11,bounded_path_correction,low,DENY,DENY_FORBIDDEN,hard_expired,1100.0,PARTITIONED,False,True,True,False,A_hard_expiry_capsule_contraction,tr_41578464d64c_gpu
paper_ssp_200m_strong_v1,0,750,750.0,1120.0,auv_00,bounded_path_correction,low,DENY,DENY_FORBIDDEN,hard_expired,1120.0,PARTITIONED,False,True,True,False,A_hard_expiry_capsule_contraction,tr_41578464d64c_gpu
paper_ssp_200m_strong_v1,0,750,750.0,1120.0,auv_01,bounded_path_correction,low,DENY,DENY_FORBIDDEN,hard_expired,1120.0,PARTITIONED,False,True,True,False,A_hard_expiry_capsule_contraction,tr_41578464d64c_gpu
paper_ssp_200m_strong_v1,0,750,750.0,1120.0,auv_02,bounded_path_correction,low,DENY,DENY_FORBIDDEN,hard_expired,1120.0,PARTITIONED,False,True,True,False,A_hard_expiry_capsule_contraction,tr_41578464d64c_gpu
paper_ssp_200m_strong_v1,0,750,750.0,1120.0,auv_03,bounded_path_correction,low,DENY,DENY_FORBIDDEN,hard_expired,1120.0,PARTITIONED,False,True,True,False,A_hard_expiry_capsule_contraction,tr_41578464d64c_gpu
paper_ssp_200m_strong_v1,0,750,750.0,1120.0,auv_04,abandon_mandatory_inspection,consequential,DENY,DENY_HARD_EXPIRY,hard_expired,1120.0,PARTITIONED,False,True,True,False,not_low_risk,tr_41578464d64c_gpu
paper_ssp_200m_strong_v1,0,750,750.0,1120.0,auv_05,bounded_path_correction,low,DENY,DENY_FORBIDDEN,hard_expired,1120.0,PARTITIONED,False,True,True,False,A_hard_expiry_capsule_contraction,tr_41578464d64c_gpu
paper_ssp_200m_strong_v1,0,750,750.0,1120.0,auv_06,enter_exclusion_zone,consequential,DENY,DENY_HARD_EXPIRY,hard_expired,1120.0,PARTITIONED,False,True,True,False,not_low_risk,tr_41578464d64c_gpu
paper_ssp_200m_strong_v1,0,750,750.0,1120.0,auv_07,enter_exclusion_zone,consequential,DENY,DENY_HARD_EXPIRY,hard_expired,1120.0,PARTITIONED,False,True,True,False,not_low_risk,tr_41578464d64c_gpu
paper_ssp_200m_strong_v1,0,750,750.0,1120.0,auv_08,exceed_return_energy_reserve,consequential,DENY,DENY_HARD_EXPIRY,hard_expired,1120.0,PARTITIONED,False,True,True,False,not_low_risk,tr_41578464d64c_gpu
paper_ssp_200m_strong_v1,0,750,750.0,1120.0,auv_09,hold_station,low,DENY,DENY_FORBIDDEN,hard_expired,1120.0,PARTITIONED,False,True,True,False,A_hard_expiry_capsule_contraction,tr_41578464d64c_gpu
paper_ssp_200m_strong_v1,0,750,750.0,1120.0,auv_10,enter_exclusion_zone,consequential,DENY,DENY_HARD_EXPIRY,hard_expired,1120.0,PARTITIONED,False,True,True,False,not_low_risk,tr_41578464d64c_gpu
paper_ssp_200m_strong_v1,0,750,750.0,1120.0,auv_11,change_high_level_objective,consequential,DENY,DENY_HARD_EXPIRY,hard_expired,1120.0,PARTITIONED,False,True,True,False,not_low_risk,tr_41578464d64c_gpu
paper_ssp_200m_strong_v1,0,750,750.0,1140.0,auv_00,bounded_path_correction,low,DENY,DENY_FORBIDDEN,hard_expired,1140.0,PARTITIONED,False,True,True,False,A_hard_expiry_capsule_contraction,tr_41578464d64c_gpu
paper_ssp_200m_strong_v1,0,750,750.0,1140.0,auv_01,bounded_path_correction,low,DENY,DENY_FORBIDDEN,hard_expired,1140.0,PARTITIONED,False,True,True,False,A_hard_expiry_capsule_contraction,tr_41578464d64c_gpu
paper_ssp_200m_strong_v1,0,750,750.0,1140.0,auv_02,bounded_path_correction,low,DENY,DENY_FORBIDDEN,hard_expired,1140.0,PARTITIONED,False,True,True,False,A_hard_expiry_capsule_contraction,tr_41578464d64c_gpu
paper_ssp_200m_strong_v1,0,750,750.0,1140.0,auv_03,bounded_path_correction,low,DENY,DENY_FORBIDDEN,hard_expired,1140.0,PARTITIONED,False,True,True,False,A_hard_expiry_capsule_contraction,tr_41578464d64c_gpu
paper_ssp_200m_strong_v1,0,750,750.0,1140.0,auv_04,abandon_mandatory_inspection,consequential,DENY,DENY_HARD_EXPIRY,hard_expired,1140.0,PARTITIONED,False,True,True,False,not_low_risk,tr_41578464d64c_gpu
paper_ssp_200m_strong_v1,0,750,750.0,1140.0,auv_05,bounded_path_correction,low,DENY,DENY_FORBIDDEN,hard_expired,1140.0,PARTITIONED,False,True,True,False,A_hard_expiry_capsule_contraction,tr_41578464d64c_gpu
paper_ssp_200m_strong_v1,0,750,750.0,1140.0,auv_06,exceed_return_energy_reserve,consequential,DENY,DENY_HARD_EXPIRY,hard_expired,1140.0,PARTITIONED,False,True,True,False,not_low_risk,tr_41578464d64c_gpu
paper_ssp_200m_strong_v1,0,750,750.0,1140.0,auv_07,exceed_return_energy_reserve,consequential,DENY,DENY_HARD_EXPIRY,hard_expired,1140.0,PARTITIONED,False,True,True,False,not_low_risk,tr_41578464d64c_gpu
paper_ssp_200m_strong_v1,0,750,750.0,1140.0,auv_08,exceed_return_energy_reserve,consequential,DENY,DENY_HARD_EXPIRY,hard_expired,1140.0,PARTITIONED,False,True,True,False,not_low_risk,tr_41578464d64c_gpu
paper_ssp_200m_strong_v1,0,750,750.0,1140.0,auv_09,hold_station,low,DENY,DENY_FORBIDDEN,hard_expired,1140.0,PARTITIONED,False,True,True,False,A_hard_expiry_capsule_contraction,tr_41578464d64c_gpu
paper_ssp_200m_strong_v1,0,750,750.0,1140.0,auv_10,exceed_return_energy_reserve,consequential,DENY,DENY_HARD_EXPIRY,hard_expired,1140.0,PARTITIONED,False,True,True,False,not_low_risk,tr_41578464d64c_gpu
paper_ssp_200m_strong_v1,0,750,750.0,1140.0,auv_11,exceed_return_energy_reserve,consequential,DENY,DENY_HARD_EXPIRY,hard_expired,1140.0,PARTITIONED,False,True,True,False,not_low_risk,tr_41578464d64c_gpu
paper_ssp_200m_strong_v1,0,750,750.0,1160.0,auv_00,bounded_path_correction,low,DENY,DENY_FORBIDDEN,hard_expired,1160.0,PARTITIONED,False,True,True,False,A_hard_expiry_capsule_contraction,tr_41578464d64c_gpu
paper_ssp_200m_strong_v1,0,750,750.0,1160.0,auv_01,bounded_path_correction,low,DENY,DENY_FORBIDDEN,hard_expired,1160.0,PARTITIONED,False,True,True,False,A_hard_expiry_capsule_contraction,tr_41578464d64c_gpu
paper_ssp_200m_strong_v1,0,750,750.0,1160.0,auv_02,bounded_path_correction,low,DENY,DENY_FORBIDDEN,hard_expired,1160.0,PARTITIONED,False,True,True,False,A_hard_expiry_capsule_contraction,tr_41578464d64c_gpu
paper_ssp_200m_strong_v1,0,750,750.0,1160.0,auv_03,bounded_path_correction,low,DENY,DENY_FORBIDDEN,hard_expired,1160.0,PARTITIONED,False,True,True,False,A_hard_expiry_capsule_contraction,tr_41578464d64c_gpu
paper_ssp_200m_strong_v1,0,750,750.0,1160.0,auv_04,abandon_mandatory_inspection,consequential,DENY,DENY_HARD_EXPIRY,hard_expired,1160.0,PARTITIONED,False,True,True,False,not_low_risk,tr_41578464d64c_gpu
paper_ssp_200m_strong_v1,0,750,750.0,1160.0,auv_05,bounded_path_correction,low,DENY,DENY_FORBIDDEN,hard_expired,1160.0,PARTITIONED,False,True,True,False,A_hard_expiry_capsule_contraction,tr_41578464d64c_gpu
paper_ssp_200m_strong_v1,0,750,750.0,1160.0,auv_06,enter_exclusion_zone,consequential,DENY,DENY_HARD_EXPIRY,hard_expired,1160.0,PARTITIONED,False,True,True,False,not_low_risk,tr_41578464d64c_gpu
paper_ssp_200m_strong_v1,0,750,750.0,1160.0,auv_07,enter_exclusion_zone,consequential,DENY,DENY_HARD_EXPIRY,hard_expired,1160.0,PARTITIONED,False,True,True,False,not_low_risk,tr_41578464d64c_gpu
paper_ssp_200m_strong_v1,0,750,750.0,1160.0,auv_08,exceed_return_energy_reserve,consequential,DENY,DENY_HARD_EXPIRY,hard_expired,1160.0,PARTITIONED,False,True,True,False,not_low_risk,tr_41578464d64c_gpu
paper_ssp_200m_strong_v1,0,750,750.0,1160.0,auv_09,hold_station,low,DENY,DENY_FORBIDDEN,hard_expired,1160.0,PARTITIONED,False,True,True,False,A_hard_expiry_capsule_contraction,tr_41578464d64c_gpu
paper_ssp_200m_strong_v1,0,750,750.0,1160.0,auv_10,enter_exclusion_zone,consequential,DENY,DENY_HARD_EXPIRY,hard_expired,1160.0,PARTITIONED,False,True,True,False,not_low_risk,tr_41578464d64c_gpu
paper_ssp_200m_strong_v1,0,750,750.0,1160.0,auv_11,bounded_path_correction,low,DENY,DENY_FORBIDDEN,hard_expired,1160.0,PARTITIONED,False,True,True,False,A_hard_expiry_capsule_contraction,tr_41578464d64c_gpu
paper_ssp_200m_strong_v1,0,750,750.0,1180.0,auv_00,bounded_path_correction,low,DENY,DENY_FORBIDDEN,hard_expired,1180.0,PARTITIONED,False,True,True,False,A_hard_expiry_capsule_contraction,tr_41578464d64c_gpu
paper_ssp_200m_strong_v1,0,750,750.0,1180.0,auv_01,bounded_path_correction,low,DENY,DENY_FORBIDDEN,hard_expired,1180.0,PARTITIONED,False,True,True,False,A_hard_expiry_capsule_contraction,tr_41578464d64c_gpu
paper_ssp_200m_strong_v1,0,750,750.0,1180.0,auv_02,bounded_path_correction,low,DENY,DENY_FORBIDDEN,hard_expired,1180.0,PARTITIONED,False,True,True,False,A_hard_expiry_capsule_contraction,tr_41578464d64c_gpu
paper_ssp_200m_strong_v1,0,750,750.0,1180.0,auv_03,bounded_path_correction,low,DENY,DENY_FORBIDDEN,hard_expired,1180.0,PARTITIONED,False,True,True,False,A_hard_expiry_capsule_contraction,tr_41578464d64c_gpu
paper_ssp_200m_strong_v1,0,750,750.0,1180.0,auv_04,abandon_mandatory_inspection,consequential,DENY,DENY_HARD_EXPIRY,hard_expired,1180.0,PARTITIONED,False,True,True,False,not_low_risk,tr_41578464d64c_gpu
paper_ssp_200m_strong_v1,0,750,750.0,1180.0,auv_05,bounded_path_correction,low,DENY,DENY_FORBIDDEN,hard_expired,1180.0,PARTITIONED,False,True,True,False,A_hard_expiry_capsule_contraction,tr_41578464d64c_gpu
paper_ssp_200m_strong_v1,0,750,750.0,1180.0,auv_06,enter_exclusion_zone,consequential,DENY,DENY_HARD_EXPIRY,hard_expired,1180.0,PARTITIONED,False,True,True,False,not_low_risk,tr_41578464d64c_gpu
paper_ssp_200m_strong_v1,0,750,750.0,1180.0,auv_07,enter_exclusion_zone,consequential,DENY,DENY_HARD_EXPIRY,hard_expired,1180.0,PARTITIONED,False,True,True,False,not_low_risk,tr_41578464d64c_gpu
paper_ssp_200m_strong_v1,0,750,750.0,1180.0,auv_08,exceed_return_energy_reserve,consequential,DENY,DENY_HARD_EXPIRY,hard_expired,1180.0,PARTITIONED,False,True,True,False,not_low_risk,tr_41578464d64c_gpu
paper_ssp_200m_strong_v1,0,750,750.0,1180.0,auv_09,hold_station,low,DENY,DENY_FORBIDDEN,hard_expired,1180.0,PARTITIONED,False,True,True,False,A_hard_expiry_capsule_contraction,tr_41578464d64c_gpu
paper_ssp_200m_strong_v1,0,750,750.0,1180.0,auv_10,enter_exclusion_zone,consequential,DENY,DENY_HARD_EXPIRY,hard_expired,1180.0,PARTITIONED,False,True,True,False,not_low_risk,tr_41578464d64c_gpu
paper_ssp_200m_strong_v1,0,750,750.0,1180.0,auv_11,bounded_path_correction,low,DENY,DENY_FORBIDDEN,hard_expired,1180.0,PARTITIONED,False,True,True,False,A_hard_expiry_capsule_contraction,tr_41578464d64c_gpu
paper_ssp_200m_strong_v1,0,750,750.0,1200.0,auv_00,bounded_path_correction,low,DENY,DENY_FORBIDDEN,hard_expired,1200.0,PARTITIONED,False,True,True,False,A_hard_expiry_capsule_contraction,tr_41578464d64c_gpu
paper_ssp_200m_strong_v1,0,750,750.0,1200.0,auv_01,bounded_path_correction,low,DENY,DENY_FORBIDDEN,hard_expired,1200.0,PARTITIONED,False,True,True,False,A_hard_expiry_capsule_contraction,tr_41578464d64c_gpu
paper_ssp_200m_strong_v1,0,750,750.0,1200.0,auv_02,bounded_path_correction,low,DENY,DENY_FORBIDDEN,hard_expired,1200.0,PARTITIONED,False,True,True,False,A_hard_expiry_capsule_contraction,tr_41578464d64c_gpu
paper_ssp_200m_strong_v1,0,750,750.0,1200.0,auv_03,bounded_path_correction,low,DENY,DENY_FORBIDDEN,hard_expired,1200.0,PARTITIONED,False,True,True,False,A_hard_expiry_capsule_contraction,tr_41578464d64c_gpu
paper_ssp_200m_strong_v1,0,750,750.0,1200.0,auv_04,abandon_mandatory_inspection,consequential,DENY,DENY_HARD_EXPIRY,hard_expired,1200.0,PARTITIONED,False,True,True,False,not_low_risk,tr_41578464d64c_gpu
paper_ssp_200m_strong_v1,0,750,750.0,1200.0,auv_05,bounded_path_correction,low,DENY,DENY_FORBIDDEN,hard_expired,1200.0,PARTITIONED,False,True,True,False,A_hard_expiry_capsule_contraction,tr_41578464d64c_gpu
paper_ssp_200m_strong_v1,0,750,750.0,1200.0,auv_06,enter_exclusion_zone,consequential,DENY,DENY_HARD_EXPIRY,hard_expired,1200.0,PARTITIONED,False,True,True,False,not_low_risk,tr_41578464d64c_gpu
paper_ssp_200m_strong_v1,0,750,750.0,1200.0,auv_07,enter_exclusion_zone,consequential,DENY,DENY_HARD_EXPIRY,hard_expired,1200.0,PARTITIONED,False,True,True,False,not_low_risk,tr_41578464d64c_gpu
paper_ssp_200m_strong_v1,0,750,750.0,1200.0,auv_08,exceed_return_energy_reserve,consequential,DENY,DENY_HARD_EXPIRY,hard_expired,1200.0,PARTITIONED,False,True,True,False,not_low_risk,tr_41578464d64c_gpu
paper_ssp_200m_strong_v1,0,750,750.0,1200.0,auv_09,hold_station,low,DENY,DENY_FORBIDDEN,hard_expired,1200.0,PARTITIONED,False,True,True,False,A_hard_expiry_capsule_contraction,tr_41578464d64c_gpu
paper_ssp_200m_strong_v1,0,750,750.0,1200.0,auv_10,enter_exclusion_zone,consequential,DENY,DENY_HARD_EXPIRY,hard_expired,1200.0,PARTITIONED,False,True,True,False,not_low_risk,tr_41578464d64c_gpu
paper_ssp_200m_strong_v1,0,750,750.0,1200.0,auv_11,change_high_level_objective,consequential,DENY,DENY_HARD_EXPIRY,hard_expired,1200.0,PARTITIONED,False,True,True,False,not_low_risk,tr_41578464d64c_gpu
paper_ssp_200m_strong_v1,0,750,750.0,1220.0,auv_00,bounded_path_correction,low,DENY,DENY_FORBIDDEN,hard_expired,1220.0,PARTITIONED,False,True,True,False,A_hard_expiry_capsule_contraction,tr_41578464d64c_gpu
paper_ssp_200m_strong_v1,0,750,750.0,1220.0,auv_01,bounded_path_correction,low,DENY,DENY_FORBIDDEN,hard_expired,1220.0,PARTITIONED,False,True,True,False,A_hard_expiry_capsule_contraction,tr_41578464d64c_gpu
paper_ssp_200m_strong_v1,0,750,750.0,1220.0,auv_02,bounded_path_correction,low,DENY,DENY_FORBIDDEN,hard_expired,1220.0,PARTITIONED,False,True,True,False,A_hard_expiry_capsule_contraction,tr_41578464d64c_gpu
paper_ssp_200m_strong_v1,0,750,750.0,1220.0,auv_03,bounded_path_correction,low,DENY,DENY_FORBIDDEN,hard_expired,1220.0,PARTITIONED,False,True,True,False,A_hard_expiry_capsule_contraction,tr_41578464d64c_gpu
paper_ssp_200m_strong_v1,0,750,750.0,1220.0,auv_04,abandon_mandatory_inspection,consequential,DENY,DENY_HARD_EXPIRY,hard_expired,1220.0,PARTITIONED,False,True,True,False,not_low_risk,tr_41578464d64c_gpu
paper_ssp_200m_strong_v1,0,750,750.0,1220.0,auv_05,bounded_path_correction,low,DENY,DENY_FORBIDDEN,hard_expired,1220.0,PARTITIONED,False,True,True,False,A_hard_expiry_capsule_contraction,tr_41578464d64c_gpu
paper_ssp_200m_strong_v1,0,750,750.0,1220.0,auv_06,enter_exclusion_zone,consequential,DENY,DENY_HARD_EXPIRY,hard_expired,1220.0,PARTITIONED,False,True,True,False,not_low_risk,tr_41578464d64c_gpu
paper_ssp_200m_strong_v1,0,750,750.0,1220.0,auv_07,enter_exclusion_zone,consequential,DENY,DENY_HARD_EXPIRY,hard_expired,1220.0,PARTITIONED,False,True,True,False,not_low_risk,tr_41578464d64c_gpu
paper_ssp_200m_strong_v1,0,750,750.0,1220.0,auv_08,exceed_return_energy_reserve,consequential,DENY,DENY_HARD_EXPIRY,hard_expired,1220.0,PARTITIONED,False,True,True,False,not_low_risk,tr_41578464d64c_gpu
paper_ssp_200m_strong_v1,0,750,750.0,1220.0,auv_09,hold_station,low,DENY,DENY_FORBIDDEN,hard_expired,1220.0,PARTITIONED,False,True,True,False,A_hard_expiry_capsule_contraction,tr_41578464d64c_gpu
paper_ssp_200m_strong_v1,0,750,750.0,1220.0,auv_10,enter_exclusion_zone,consequential,DENY,DENY_HARD_EXPIRY,hard_expired,1220.0,PARTITIONED,False,True,True,False,not_low_risk,tr_41578464d64c_gpu
paper_ssp_200m_strong_v1,0,750,750.0,1220.0,auv_11,bounded_path_correction,low,DENY,DENY_FORBIDDEN,hard_expired,1220.0,PARTITIONED,False,True,True,False,A_hard_expiry_capsule_contraction,tr_41578464d64c_gpu
paper_ssp_200m_strong_v1,0,750,750.0,1240.0,auv_00,bounded_path_correction,low,DENY,DENY_FORBIDDEN,hard_expired,1240.0,PARTITIONED,False,True,True,False,A_hard_expiry_capsule_contraction,tr_41578464d64c_gpu
paper_ssp_200m_strong_v1,0,750,750.0,1240.0,auv_01,bounded_path_correction,low,DENY,DENY_FORBIDDEN,hard_expired,1240.0,PARTITIONED,False,True,True,False,A_hard_expiry_capsule_contraction,tr_41578464d64c_gpu
paper_ssp_200m_strong_v1,0,750,750.0,1240.0,auv_02,bounded_path_correction,low,DENY,DENY_FORBIDDEN,hard_expired,1240.0,PARTITIONED,False,True,True,False,A_hard_expiry_capsule_contraction,tr_41578464d64c_gpu
paper_ssp_200m_strong_v1,0,750,750.0,1240.0,auv_03,bounded_path_correction,low,DENY,DENY_FORBIDDEN,hard_expired,1240.0,PARTITIONED,False,True,True,False,A_hard_expiry_capsule_contraction,tr_41578464d64c_gpu
paper_ssp_200m_strong_v1,0,750,750.0,1240.0,auv_04,abandon_mandatory_inspection,consequential,DENY,DENY_HARD_EXPIRY,hard_expired,1240.0,PARTITIONED,False,True,True,False,not_low_risk,tr_41578464d64c_gpu
paper_ssp_200m_strong_v1,0,750,750.0,1240.0,auv_05,bounded_path_correction,low,DENY,DENY_FORBIDDEN,hard_expired,1240.0,PARTITIONED,False,True,True,False,A_hard_expiry_capsule_contraction,tr_41578464d64c_gpu
paper_ssp_200m_strong_v1,0,750,750.0,1240.0,auv_06,enter_exclusion_zone,consequential,DENY,DENY_HARD_EXPIRY,hard_expired,1240.0,PARTITIONED,False,True,True,False,not_low_risk,tr_41578464d64c_gpu
paper_ssp_200m_strong_v1,0,750,750.0,1240.0,auv_07,enter_exclusion_zone,consequential,DENY,DENY_HARD_EXPIRY,hard_expired,1240.0,PARTITIONED,False,True,True,False,not_low_risk,tr_41578464d64c_gpu
paper_ssp_200m_strong_v1,0,750,750.0,1240.0,auv_08,exceed_return_energy_reserve,consequential,DENY,DENY_HARD_EXPIRY,hard_expired,1240.0,PARTITIONED,False,True,True,False,not_low_risk,tr_41578464d64c_gpu
paper_ssp_200m_strong_v1,0,750,750.0,1240.0,auv_09,hold_station,low,DENY,DENY_FORBIDDEN,hard_expired,1240.0,PARTITIONED,False,True,True,False,A_hard_expiry_capsule_contraction,tr_41578464d64c_gpu
paper_ssp_200m_strong_v1,0,750,750.0,1240.0,auv_10,enter_exclusion_zone,consequential,DENY,DENY_HARD_EXPIRY,hard_expired,1240.0,PARTITIONED,False,True,True,False,not_low_risk,tr_41578464d64c_gpu
paper_ssp_200m_strong_v1,0,750,750.0,1240.0,auv_11,bounded_path_correction,low,DENY,DENY_FORBIDDEN,hard_expired,1240.0,PARTITIONED,False,True,True,False,A_hard_expiry_capsule_contraction,tr_41578464d64c_gpu
paper_ssp_200m_strong_v1,0,750,750.0,1260.0,auv_00,bounded_path_correction,low,DENY,DENY_FORBIDDEN,hard_expired,1260.0,PARTITIONED,False,True,True,False,A_hard_expiry_capsule_contraction,tr_41578464d64c_gpu
paper_ssp_200m_strong_v1,0,750,750.0,1260.0,auv_01,bounded_path_correction,low,DENY,DENY_FORBIDDEN,hard_expired,1260.0,PARTITIONED,False,True,True,False,A_hard_expiry_capsule_contraction,tr_41578464d64c_gpu
paper_ssp_200m_strong_v1,0,750,750.0,1260.0,auv_02,bounded_path_correction,low,DENY,DENY_FORBIDDEN,hard_expired,1260.0,PARTITIONED,False,True,True,False,A_hard_expiry_capsule_contraction,tr_41578464d64c_gpu
paper_ssp_200m_strong_v1,0,750,750.0,1260.0,auv_03,bounded_path_correction,low,DENY,DENY_FORBIDDEN,hard_expired,1260.0,PARTITIONED,False,True,True,False,A_hard_expiry_capsule_contraction,tr_41578464d64c_gpu
paper_ssp_200m_strong_v1,0,750,750.0,1260.0,auv_04,abandon_mandatory_inspection,consequential,DENY,DENY_HARD_EXPIRY,hard_expired,1260.0,PARTITIONED,False,True,True,False,not_low_risk,tr_41578464d64c_gpu
paper_ssp_200m_strong_v1,0,750,750.0,1260.0,auv_05,bounded_path_correction,low,DENY,DENY_FORBIDDEN,hard_expired,1260.0,PARTITIONED,False,True,True,False,A_hard_expiry_capsule_contraction,tr_41578464d64c_gpu
paper_ssp_200m_strong_v1,0,750,750.0,1260.0,auv_06,enter_exclusion_zone,consequential,DENY,DENY_HARD_EXPIRY,hard_expired,1260.0,PARTITIONED,False,True,True,False,not_low_risk,tr_41578464d64c_gpu
paper_ssp_200m_strong_v1,0,750,750.0,1260.0,auv_07,enter_exclusion_zone,consequential,DENY,DENY_HARD_EXPIRY,hard_expired,1260.0,PARTITIONED,False,True,True,False,not_low_risk,tr_41578464d64c_gpu
paper_ssp_200m_strong_v1,0,750,750.0,1260.0,auv_08,exceed_return_energy_reserve,consequential,DENY,DENY_HARD_EXPIRY,hard_expired,1260.0,PARTITIONED,False,True,True,False,not_low_risk,tr_41578464d64c_gpu
paper_ssp_200m_strong_v1,0,750,750.0,1260.0,auv_09,hold_station,low,DENY,DENY_FORBIDDEN,hard_expired,1260.0,PARTITIONED,False,True,True,False,A_hard_expiry_capsule_contraction,tr_41578464d64c_gpu
paper_ssp_200m_strong_v1,0,750,750.0,1260.0,auv_10,enter_exclusion_zone,consequential,DENY,DENY_HARD_EXPIRY,hard_expired,1260.0,PARTITIONED,False,True,True,False,not_low_risk,tr_41578464d64c_gpu
paper_ssp_200m_strong_v1,0,750,750.0,1260.0,auv_11,bounded_path_correction,low,DENY,DENY_FORBIDDEN,hard_expired,1260.0,PARTITIONED,False,True,True,False,A_hard_expiry_capsule_contraction,tr_41578464d64c_gpu
paper_ssp_200m_strong_v1,0,750,750.0,1280.0,auv_00,bounded_path_correction,low,DENY,DENY_FORBIDDEN,hard_expired,1280.0,PARTITIONED,False,True,True,False,A_hard_expiry_capsule_contraction,tr_41578464d64c_gpu
paper_ssp_200m_strong_v1,0,750,750.0,1280.0,auv_01,bounded_path_correction,low,DENY,DENY_FORBIDDEN,hard_expired,1280.0,PARTITIONED,False,True,True,False,A_hard_expiry_capsule_contraction,tr_41578464d64c_gpu
paper_ssp_200m_strong_v1,0,750,750.0,1280.0,auv_02,bounded_path_correction,low,DENY,DENY_FORBIDDEN,hard_expired,1280.0,PARTITIONED,False,True,True,False,A_hard_expiry_capsule_contraction,tr_41578464d64c_gpu
paper_ssp_200m_strong_v1,0,750,750.0,1280.0,auv_03,bounded_path_correction,low,DENY,DENY_FORBIDDEN,hard_expired,1280.0,PARTITIONED,False,True,True,False,A_hard_expiry_capsule_contraction,tr_41578464d64c_gpu
paper_ssp_200m_strong_v1,0,750,750.0,1280.0,auv_04,abandon_mandatory_inspection,consequential,DENY,DENY_HARD_EXPIRY,hard_expired,1280.0,PARTITIONED,False,True,True,False,not_low_risk,tr_41578464d64c_gpu
paper_ssp_200m_strong_v1,0,750,750.0,1280.0,auv_05,bounded_path_correction,low,DENY,DENY_FORBIDDEN,hard_expired,1280.0,PARTITIONED,False,True,True,False,A_hard_expiry_capsule_contraction,tr_41578464d64c_gpu
paper_ssp_200m_strong_v1,0,750,750.0,1280.0,auv_06,enter_exclusion_zone,consequential,DENY,DENY_HARD_EXPIRY,hard_expired,1280.0,PARTITIONED,False,True,True,False,not_low_risk,tr_41578464d64c_gpu
paper_ssp_200m_strong_v1,0,750,750.0,1280.0,auv_07,enter_exclusion_zone,consequential,DENY,DENY_HARD_EXPIRY,hard_expired,1280.0,PARTITIONED,False,True,True,False,not_low_risk,tr_41578464d64c_gpu
paper_ssp_200m_strong_v1,0,750,750.0,1280.0,auv_08,exceed_return_energy_reserve,consequential,DENY,DENY_HARD_EXPIRY,hard_expired,1280.0,PARTITIONED,False,True,True,False,not_low_risk,tr_41578464d64c_gpu
paper_ssp_200m_strong_v1,0,750,750.0,1280.0,auv_09,hold_station,low,DENY,DENY_FORBIDDEN,hard_expired,1280.0,PARTITIONED,False,True,True,False,A_hard_expiry_capsule_contraction,tr_41578464d64c_gpu
paper_ssp_200m_strong_v1,0,750,750.0,1280.0,auv_10,enter_exclusion_zone,consequential,DENY,DENY_HARD_EXPIRY,hard_expired,1280.0,PARTITIONED,False,True,True,False,not_low_risk,tr_41578464d64c_gpu
paper_ssp_200m_strong_v1,0,750,750.0,1280.0,auv_11,change_high_level_objective,consequential,DENY,DENY_HARD_EXPIRY,hard_expired,1280.0,PARTITIONED,False,True,True,False,not_low_risk,tr_41578464d64c_gpu
paper_ssp_200m_strong_v1,0,750,750.0,1300.0,auv_00,bounded_path_correction,low,DENY,DENY_FORBIDDEN,hard_expired,1300.0,PARTITIONED,False,True,True,False,A_hard_expiry_capsule_contraction,tr_41578464d64c_gpu
paper_ssp_200m_strong_v1,0,750,750.0,1300.0,auv_01,bounded_path_correction,low,DENY,DENY_FORBIDDEN,hard_expired,1300.0,PARTITIONED,False,True,True,False,A_hard_expiry_capsule_contraction,tr_41578464d64c_gpu
paper_ssp_200m_strong_v1,0,750,750.0,1300.0,auv_02,bounded_path_correction,low,DENY,DENY_FORBIDDEN,hard_expired,1300.0,PARTITIONED,False,True,True,False,A_hard_expiry_capsule_contraction,tr_41578464d64c_gpu
paper_ssp_200m_strong_v1,0,750,750.0,1300.0,auv_03,bounded_path_correction,low,DENY,DENY_FORBIDDEN,hard_expired,1300.0,PARTITIONED,False,True,True,False,A_hard_expiry_capsule_contraction,tr_41578464d64c_gpu
paper_ssp_200m_strong_v1,0,750,750.0,1300.0,auv_04,abandon_mandatory_inspection,consequential,DENY,DENY_HARD_EXPIRY,hard_expired,1300.0,PARTITIONED,False,True,True,False,not_low_risk,tr_41578464d64c_gpu
paper_ssp_200m_strong_v1,0,750,750.0,1300.0,auv_05,bounded_path_correction,low,DENY,DENY_FORBIDDEN,hard_expired,1300.0,PARTITIONED,False,True,True,False,A_hard_expiry_capsule_contraction,tr_41578464d64c_gpu
paper_ssp_200m_strong_v1,0,750,750.0,1300.0,auv_06,enter_exclusion_zone,consequential,DENY,DENY_HARD_EXPIRY,hard_expired,1300.0,PARTITIONED,False,True,True,False,not_low_risk,tr_41578464d64c_gpu
paper_ssp_200m_strong_v1,0,750,750.0,1300.0,auv_07,enter_exclusion_zone,consequential,DENY,DENY_HARD_EXPIRY,hard_expired,1300.0,PARTITIONED,False,True,True,False,not_low_risk,tr_41578464d64c_gpu
paper_ssp_200m_strong_v1,0,750,750.0,1300.0,auv_08,exceed_return_energy_reserve,consequential,DENY,DENY_HARD_EXPIRY,hard_expired,1300.0,PARTITIONED,False,True,True,False,not_low_risk,tr_41578464d64c_gpu
paper_ssp_200m_strong_v1,0,750,750.0,1300.0,auv_09,hold_station,low,DENY,DENY_FORBIDDEN,hard_expired,1300.0,PARTITIONED,False,True,True,False,A_hard_expiry_capsule_contraction,tr_41578464d64c_gpu
paper_ssp_200m_strong_v1,0,750,750.0,1300.0,auv_10,enter_exclusion_zone,consequential,DENY,DENY_HARD_EXPIRY,hard_expired,1300.0,PARTITIONED,False,True,True,False,not_low_risk,tr_41578464d64c_gpu
paper_ssp_200m_strong_v1,0,750,750.0,1300.0,auv_11,bounded_path_correction,low,DENY,DENY_FORBIDDEN,hard_expired,1300.0,PARTITIONED,False,True,True,False,A_hard_expiry_capsule_contraction,tr_41578464d64c_gpu
paper_ssp_200m_strong_v1,0,750,750.0,1320.0,auv_00,bounded_path_correction,low,DENY,DENY_FORBIDDEN,hard_expired,1320.0,PARTITIONED,False,True,True,False,A_hard_expiry_capsule_contraction,tr_41578464d64c_gpu
paper_ssp_200m_strong_v1,0,750,750.0,1320.0,auv_01,bounded_path_correction,low,DENY,DENY_FORBIDDEN,hard_expired,1320.0,PARTITIONED,False,True,True,False,A_hard_expiry_capsule_contraction,tr_41578464d64c_gpu
paper_ssp_200m_strong_v1,0,750,750.0,1320.0,auv_02,bounded_path_correction,low,DENY,DENY_FORBIDDEN,hard_expired,1320.0,PARTITIONED,False,True,True,False,A_hard_expiry_capsule_contraction,tr_41578464d64c_gpu
paper_ssp_200m_strong_v1,0,750,750.0,1320.0,auv_03,bounded_path_correction,low,DENY,DENY_FORBIDDEN,hard_expired,1320.0,PARTITIONED,False,True,True,False,A_hard_expiry_capsule_contraction,tr_41578464d64c_gpu
paper_ssp_200m_strong_v1,0,750,750.0,1320.0,auv_04,abandon_mandatory_inspection,consequential,DENY,DENY_HARD_EXPIRY,hard_expired,1320.0,PARTITIONED,False,True,True,False,not_low_risk,tr_41578464d64c_gpu
paper_ssp_200m_strong_v1,0,750,750.0,1320.0,auv_05,bounded_path_correction,low,DENY,DENY_FORBIDDEN,hard_expired,1320.0,PARTITIONED,False,True,True,False,A_hard_expiry_capsule_contraction,tr_41578464d64c_gpu
paper_ssp_200m_strong_v1,0,750,750.0,1320.0,auv_06,enter_exclusion_zone,consequential,DENY,DENY_HARD_EXPIRY,hard_expired,1320.0,PARTITIONED,False,True,True,False,not_low_risk,tr_41578464d64c_gpu
paper_ssp_200m_strong_v1,0,750,750.0,1320.0,auv_07,enter_exclusion_zone,consequential,DENY,DENY_HARD_EXPIRY,hard_expired,1320.0,PARTITIONED,False,True,True,False,not_low_risk,tr_41578464d64c_gpu
paper_ssp_200m_strong_v1,0,750,750.0,1320.0,auv_08,exceed_return_energy_reserve,consequential,DENY,DENY_HARD_EXPIRY,hard_expired,1320.0,PARTITIONED,False,True,True,False,not_low_risk,tr_41578464d64c_gpu
paper_ssp_200m_strong_v1,0,750,750.0,1320.0,auv_09,hold_station,low,DENY,DENY_FORBIDDEN,hard_expired,1320.0,PARTITIONED,False,True,True,False,A_hard_expiry_capsule_contraction,tr_41578464d64c_gpu
paper_ssp_200m_strong_v1,0,750,750.0,1320.0,auv_10,enter_exclusion_zone,consequential,DENY,DENY_HARD_EXPIRY,hard_expired,1320.0,PARTITIONED,False,True,True,False,not_low_risk,tr_41578464d64c_gpu
paper_ssp_200m_strong_v1,0,750,750.0,1320.0,auv_11,bounded_path_correction,low,DENY,DENY_FORBIDDEN,hard_expired,1320.0,PARTITIONED,False,True,True,False,A_hard_expiry_capsule_contraction,tr_41578464d64c_gpu
paper_ssp_200m_strong_v1,0,750,750.0,1340.0,auv_00,bounded_path_correction,low,DENY,DENY_FORBIDDEN,hard_expired,1340.0,PARTITIONED,False,True,True,False,A_hard_expiry_capsule_contraction,tr_41578464d64c_gpu
paper_ssp_200m_strong_v1,0,750,750.0,1340.0,auv_01,bounded_path_correction,low,DENY,DENY_FORBIDDEN,hard_expired,1340.0,PARTITIONED,False,True,True,False,A_hard_expiry_capsule_contraction,tr_41578464d64c_gpu
paper_ssp_200m_strong_v1,0,750,750.0,1340.0,auv_02,bounded_path_correction,low,DENY,DENY_FORBIDDEN,hard_expired,1340.0,PARTITIONED,False,True,True,False,A_hard_expiry_capsule_contraction,tr_41578464d64c_gpu
paper_ssp_200m_strong_v1,0,750,750.0,1340.0,auv_03,bounded_path_correction,low,DENY,DENY_FORBIDDEN,hard_expired,1340.0,PARTITIONED,False,True,True,False,A_hard_expiry_capsule_contraction,tr_41578464d64c_gpu
paper_ssp_200m_strong_v1,0,750,750.0,1340.0,auv_04,abandon_mandatory_inspection,consequential,DENY,DENY_HARD_EXPIRY,hard_expired,1340.0,PARTITIONED,False,True,True,False,not_low_risk,tr_41578464d64c_gpu
paper_ssp_200m_strong_v1,0,750,750.0,1340.0,auv_05,bounded_path_correction,low,DENY,DENY_FORBIDDEN,hard_expired,1340.0,PARTITIONED,False,True,True,False,A_hard_expiry_capsule_contraction,tr_41578464d64c_gpu
paper_ssp_200m_strong_v1,0,750,750.0,1340.0,auv_06,enter_exclusion_zone,consequential,DENY,DENY_HARD_EXPIRY,hard_expired,1340.0,PARTITIONED,False,True,True,False,not_low_risk,tr_41578464d64c_gpu
paper_ssp_200m_strong_v1,0,750,750.0,1340.0,auv_07,enter_exclusion_zone,consequential,DENY,DENY_HARD_EXPIRY,hard_expired,1340.0,PARTITIONED,False,True,True,False,not_low_risk,tr_41578464d64c_gpu
paper_ssp_200m_strong_v1,0,750,750.0,1340.0,auv_08,exceed_return_energy_reserve,consequential,DENY,DENY_HARD_EXPIRY,hard_expired,1340.0,PARTITIONED,False,True,True,False,not_low_risk,tr_41578464d64c_gpu
paper_ssp_200m_strong_v1,0,750,750.0,1340.0,auv_09,hold_station,low,DENY,DENY_FORBIDDEN,hard_expired,1340.0,PARTITIONED,False,True,True,False,A_hard_expiry_capsule_contraction,tr_41578464d64c_gpu
paper_ssp_200m_strong_v1,0,750,750.0,1340.0,auv_10,enter_exclusion_zone,consequential,DENY,DENY_HARD_EXPIRY,hard_expired,1340.0,PARTITIONED,False,True,True,False,not_low_risk,tr_41578464d64c_gpu
paper_ssp_200m_strong_v1,0,750,750.0,1340.0,auv_11,bounded_path_correction,low,DENY,DENY_FORBIDDEN,hard_expired,1340.0,PARTITIONED,False,True,True,False,A_hard_expiry_capsule_contraction,tr_41578464d64c_gpu
paper_ssp_200m_strong_v1,0,750,750.0,1360.0,auv_00,bounded_path_correction,low,DENY,DENY_FORBIDDEN,hard_expired,1360.0,PARTITIONED,False,True,True,False,A_hard_expiry_capsule_contraction,tr_41578464d64c_gpu
paper_ssp_200m_strong_v1,0,750,750.0,1360.0,auv_01,bounded_path_correction,low,DENY,DENY_FORBIDDEN,hard_expired,1360.0,PARTITIONED,False,True,True,False,A_hard_expiry_capsule_contraction,tr_41578464d64c_gpu
paper_ssp_200m_strong_v1,0,750,750.0,1360.0,auv_02,bounded_path_correction,low,DENY,DENY_FORBIDDEN,hard_expired,1360.0,PARTITIONED,False,True,True,False,A_hard_expiry_capsule_contraction,tr_41578464d64c_gpu
paper_ssp_200m_strong_v1,0,750,750.0,1360.0,auv_03,bounded_path_correction,low,DENY,DENY_FORBIDDEN,hard_expired,1360.0,PARTITIONED,False,True,True,False,A_hard_expiry_capsule_contraction,tr_41578464d64c_gpu
paper_ssp_200m_strong_v1,0,750,750.0,1360.0,auv_04,abandon_mandatory_inspection,consequential,DENY,DENY_HARD_EXPIRY,hard_expired,1360.0,PARTITIONED,False,True,True,False,not_low_risk,tr_41578464d64c_gpu
paper_ssp_200m_strong_v1,0,750,750.0,1360.0,auv_05,bounded_path_correction,low,DENY,DENY_FORBIDDEN,hard_expired,1360.0,PARTITIONED,False,True,True,False,A_hard_expiry_capsule_contraction,tr_41578464d64c_gpu
paper_ssp_200m_strong_v1,0,750,750.0,1360.0,auv_06,enter_exclusion_zone,consequential,DENY,DENY_HARD_EXPIRY,hard_expired,1360.0,PARTITIONED,False,True,True,False,not_low_risk,tr_41578464d64c_gpu
paper_ssp_200m_strong_v1,0,750,750.0,1360.0,auv_07,enter_exclusion_zone,consequential,DENY,DENY_HARD_EXPIRY,hard_expired,1360.0,PARTITIONED,False,True,True,False,not_low_risk,tr_41578464d64c_gpu
paper_ssp_200m_strong_v1,0,750,750.0,1360.0,auv_08,exceed_return_energy_reserve,consequential,DENY,DENY_HARD_EXPIRY,hard_expired,1360.0,PARTITIONED,False,True,True,False,not_low_risk,tr_41578464d64c_gpu
paper_ssp_200m_strong_v1,0,750,750.0,1360.0,auv_09,hold_station,low,DENY,DENY_FORBIDDEN,hard_expired,1360.0,PARTITIONED,False,True,True,False,A_hard_expiry_capsule_contraction,tr_41578464d64c_gpu
paper_ssp_200m_strong_v1,0,750,750.0,1360.0,auv_10,enter_exclusion_zone,consequential,DENY,DENY_HARD_EXPIRY,hard_expired,1360.0,PARTITIONED,False,True,True,False,not_low_risk,tr_41578464d64c_gpu
paper_ssp_200m_strong_v1,0,750,750.0,1360.0,auv_11,change_high_level_objective,consequential,DENY,DENY_HARD_EXPIRY,hard_expired,1360.0,PARTITIONED,False,True,True,False,not_low_risk,tr_41578464d64c_gpu
paper_ssp_200m_strong_v1,0,750,750.0,1380.0,auv_00,bounded_path_correction,low,DENY,DENY_FORBIDDEN,hard_expired,1380.0,PARTITIONED,False,True,True,False,A_hard_expiry_capsule_contraction,tr_41578464d64c_gpu
paper_ssp_200m_strong_v1,0,750,750.0,1380.0,auv_01,bounded_path_correction,low,DENY,DENY_FORBIDDEN,hard_expired,1380.0,PARTITIONED,False,True,True,False,A_hard_expiry_capsule_contraction,tr_41578464d64c_gpu
paper_ssp_200m_strong_v1,0,750,750.0,1380.0,auv_02,bounded_path_correction,low,DENY,DENY_FORBIDDEN,hard_expired,1380.0,PARTITIONED,False,True,True,False,A_hard_expiry_capsule_contraction,tr_41578464d64c_gpu
paper_ssp_200m_strong_v1,0,750,750.0,1380.0,auv_03,bounded_path_correction,low,DENY,DENY_FORBIDDEN,hard_expired,1380.0,PARTITIONED,False,True,True,False,A_hard_expiry_capsule_contraction,tr_41578464d64c_gpu
paper_ssp_200m_strong_v1,0,750,750.0,1380.0,auv_04,abandon_mandatory_inspection,consequential,DENY,DENY_HARD_EXPIRY,hard_expired,1380.0,PARTITIONED,False,True,True,False,not_low_risk,tr_41578464d64c_gpu
paper_ssp_200m_strong_v1,0,750,750.0,1380.0,auv_05,bounded_path_correction,low,DENY,DENY_FORBIDDEN,hard_expired,1380.0,PARTITIONED,False,True,True,False,A_hard_expiry_capsule_contraction,tr_41578464d64c_gpu
paper_ssp_200m_strong_v1,0,750,750.0,1380.0,auv_06,enter_exclusion_zone,consequential,DENY,DENY_HARD_EXPIRY,hard_expired,1380.0,PARTITIONED,False,True,True,False,not_low_risk,tr_41578464d64c_gpu
paper_ssp_200m_strong_v1,0,750,750.0,1380.0,auv_07,enter_exclusion_zone,consequential,DENY,DENY_HARD_EXPIRY,hard_expired,1380.0,PARTITIONED,False,True,True,False,not_low_risk,tr_41578464d64c_gpu
paper_ssp_200m_strong_v1,0,750,750.0,1380.0,auv_08,exceed_return_energy_reserve,consequential,DENY,DENY_HARD_EXPIRY,hard_expired,1380.0,PARTITIONED,False,True,True,False,not_low_risk,tr_41578464d64c_gpu
paper_ssp_200m_strong_v1,0,750,750.0,1380.0,auv_09,hold_station,low,DENY,DENY_FORBIDDEN,hard_expired,1380.0,PARTITIONED,False,True,True,False,A_hard_expiry_capsule_contraction,tr_41578464d64c_gpu
paper_ssp_200m_strong_v1,0,750,750.0,1380.0,auv_10,enter_exclusion_zone,consequential,DENY,DENY_HARD_EXPIRY,hard_expired,1380.0,PARTITIONED,False,True,True,False,not_low_risk,tr_41578464d64c_gpu
paper_ssp_200m_strong_v1,0,750,750.0,1380.0,auv_11,bounded_path_correction,low,DENY,DENY_FORBIDDEN,hard_expired,1380.0,PARTITIONED,False,True,True,False,A_hard_expiry_capsule_contraction,tr_41578464d64c_gpu
paper_ssp_200m_strong_v1,0,1000,1000.0,900.0,auv_00,bounded_path_correction,low,DENY,DENY_FORBIDDEN,hard_expired,900.0,PARTITIONED,False,True,True,False,A_hard_expiry_capsule_contraction,tr_41578464d64c_gpu
paper_ssp_200m_strong_v1,0,1000,1000.0,900.0,auv_01,bounded_path_correction,low,DENY,DENY_FORBIDDEN,hard_expired,900.0,PARTITIONED,False,True,True,False,A_hard_expiry_capsule_contraction,tr_41578464d64c_gpu
paper_ssp_200m_strong_v1,0,1000,1000.0,900.0,auv_02,bounded_path_correction,low,DENY,DENY_FORBIDDEN,hard_expired,900.0,PARTITIONED,False,True,True,False,A_hard_expiry_capsule_contraction,tr_41578464d64c_gpu
paper_ssp_200m_strong_v1,0,1000,1000.0,900.0,auv_03,bounded_path_correction,low,DENY,DENY_FORBIDDEN,hard_expired,900.0,PARTITIONED,False,True,True,False,A_hard_expiry_capsule_contraction,tr_41578464d64c_gpu
paper_ssp_200m_strong_v1,0,1000,1000.0,900.0,auv_04,abandon_mandatory_inspection,consequential,DENY,DENY_HARD_EXPIRY,hard_expired,900.0,PARTITIONED,False,True,True,False,not_low_risk,tr_41578464d64c_gpu
paper_ssp_200m_strong_v1,0,1000,1000.0,900.0,auv_05,bounded_path_correction,low,DENY,DENY_FORBIDDEN,hard_expired,900.0,PARTITIONED,False,True,True,False,A_hard_expiry_capsule_contraction,tr_41578464d64c_gpu
paper_ssp_200m_strong_v1,0,1000,1000.0,900.0,auv_06,enter_exclusion_zone,consequential,DENY,DENY_HARD_EXPIRY,hard_expired,900.0,PARTITIONED,False,True,True,False,not_low_risk,tr_41578464d64c_gpu
paper_ssp_200m_strong_v1,0,1000,1000.0,900.0,auv_07,enter_exclusion_zone,consequential,DENY,DENY_HARD_EXPIRY,hard_expired,900.0,PARTITIONED,False,True,True,False,not_low_risk,tr_41578464d64c_gpu
paper_ssp_200m_strong_v1,0,1000,1000.0,900.0,auv_08,exceed_return_energy_reserve,consequential,DENY,DENY_HARD_EXPIRY,hard_expired,900.0,PARTITIONED,False,True,True,False,not_low_risk,tr_41578464d64c_gpu
paper_ssp_200m_strong_v1,0,1000,1000.0,900.0,auv_09,hold_station,low,DENY,DENY_FORBIDDEN,hard_expired,900.0,PARTITIONED,False,True,True,False,A_hard_expiry_capsule_contraction,tr_41578464d64c_gpu
paper_ssp_200m_strong_v1,0,1000,1000.0,900.0,auv_10,enter_exclusion_zone,consequential,DENY,DENY_HARD_EXPIRY,hard_expired,900.0,PARTITIONED,False,True,True,False,not_low_risk,tr_41578464d64c_gpu
paper_ssp_200m_strong_v1,0,1000,1000.0,900.0,auv_11,bounded_path_correction,low,DENY,DENY_FORBIDDEN,hard_expired,900.0,PARTITIONED,False,True,True,False,A_hard_expiry_capsule_contraction,tr_41578464d64c_gpu
paper_ssp_200m_strong_v1,0,1000,1000.0,920.0,auv_00,bounded_path_correction,low,DENY,DENY_FORBIDDEN,hard_expired,920.0,PARTITIONED,False,True,True,False,A_hard_expiry_capsule_contraction,tr_41578464d64c_gpu
paper_ssp_200m_strong_v1,0,1000,1000.0,920.0,auv_01,bounded_path_correction,low,DENY,DENY_FORBIDDEN,hard_expired,920.0,PARTITIONED,False,True,True,False,A_hard_expiry_capsule_contraction,tr_41578464d64c_gpu
paper_ssp_200m_strong_v1,0,1000,1000.0,920.0,auv_02,bounded_path_correction,low,DENY,DENY_FORBIDDEN,hard_expired,920.0,PARTITIONED,False,True,True,False,A_hard_expiry_capsule_contraction,tr_41578464d64c_gpu
paper_ssp_200m_strong_v1,0,1000,1000.0,920.0,auv_03,bounded_path_correction,low,DENY,DENY_FORBIDDEN,hard_expired,920.0,PARTITIONED,False,True,True,False,A_hard_expiry_capsule_contraction,tr_41578464d64c_gpu
paper_ssp_200m_strong_v1,0,1000,1000.0,920.0,auv_04,abandon_mandatory_inspection,consequential,DENY,DENY_HARD_EXPIRY,hard_expired,920.0,PARTITIONED,False,True,True,False,not_low_risk,tr_41578464d64c_gpu
paper_ssp_200m_strong_v1,0,1000,1000.0,920.0,auv_05,bounded_path_correction,low,DENY,DENY_FORBIDDEN,hard_expired,920.0,PARTITIONED,False,True,True,False,A_hard_expiry_capsule_contraction,tr_41578464d64c_gpu
paper_ssp_200m_strong_v1,0,1000,1000.0,920.0,auv_06,enter_exclusion_zone,consequential,DENY,DENY_HARD_EXPIRY,hard_expired,920.0,PARTITIONED,False,True,True,False,not_low_risk,tr_41578464d64c_gpu
paper_ssp_200m_strong_v1,0,1000,1000.0,920.0,auv_07,enter_exclusion_zone,consequential,DENY,DENY_HARD_EXPIRY,hard_expired,920.0,PARTITIONED,False,True,True,False,not_low_risk,tr_41578464d64c_gpu
paper_ssp_200m_strong_v1,0,1000,1000.0,920.0,auv_08,exceed_return_energy_reserve,consequential,DENY,DENY_HARD_EXPIRY,hard_expired,920.0,PARTITIONED,False,True,True,False,not_low_risk,tr_41578464d64c_gpu
paper_ssp_200m_strong_v1,0,1000,1000.0,920.0,auv_09,hold_station,low,DENY,DENY_FORBIDDEN,hard_expired,920.0,PARTITIONED,False,True,True,False,A_hard_expiry_capsule_contraction,tr_41578464d64c_gpu
paper_ssp_200m_strong_v1,0,1000,1000.0,920.0,auv_10,enter_exclusion_zone,consequential,DENY,DENY_HARD_EXPIRY,hard_expired,920.0,PARTITIONED,False,True,True,False,not_low_risk,tr_41578464d64c_gpu
paper_ssp_200m_strong_v1,0,1000,1000.0,920.0,auv_11,bounded_path_correction,low,DENY,DENY_FORBIDDEN,hard_expired,920.0,PARTITIONED,False,True,True,False,A_hard_expiry_capsule_contraction,tr_41578464d64c_gpu
paper_ssp_200m_strong_v1,0,1000,1000.0,940.0,auv_00,bounded_path_correction,low,DENY,DENY_FORBIDDEN,hard_expired,940.0,PARTITIONED,False,True,True,False,A_hard_expiry_capsule_contraction,tr_41578464d64c_gpu
paper_ssp_200m_strong_v1,0,1000,1000.0,940.0,auv_01,bounded_path_correction,low,DENY,DENY_FORBIDDEN,hard_expired,940.0,PARTITIONED,False,True,True,False,A_hard_expiry_capsule_contraction,tr_41578464d64c_gpu
paper_ssp_200m_strong_v1,0,1000,1000.0,940.0,auv_02,bounded_path_correction,low,DENY,DENY_FORBIDDEN,hard_expired,940.0,PARTITIONED,False,True,True,False,A_hard_expiry_capsule_contraction,tr_41578464d64c_gpu
paper_ssp_200m_strong_v1,0,1000,1000.0,940.0,auv_03,bounded_path_correction,low,DENY,DENY_FORBIDDEN,hard_expired,940.0,PARTITIONED,False,True,True,False,A_hard_expiry_capsule_contraction,tr_41578464d64c_gpu
paper_ssp_200m_strong_v1,0,1000,1000.0,940.0,auv_04,abandon_mandatory_inspection,consequential,DENY,DENY_HARD_EXPIRY,hard_expired,940.0,PARTITIONED,False,True,True,False,not_low_risk,tr_41578464d64c_gpu
paper_ssp_200m_strong_v1,0,1000,1000.0,940.0,auv_05,bounded_path_correction,low,DENY,DENY_FORBIDDEN,hard_expired,940.0,PARTITIONED,False,True,True,False,A_hard_expiry_capsule_contraction,tr_41578464d64c_gpu
paper_ssp_200m_strong_v1,0,1000,1000.0,940.0,auv_06,enter_exclusion_zone,consequential,DENY,DENY_HARD_EXPIRY,hard_expired,940.0,PARTITIONED,False,True,True,False,not_low_risk,tr_41578464d64c_gpu
paper_ssp_200m_strong_v1,0,1000,1000.0,940.0,auv_07,enter_exclusion_zone,consequential,DENY,DENY_HARD_EXPIRY,hard_expired,940.0,PARTITIONED,False,True,True,False,not_low_risk,tr_41578464d64c_gpu
paper_ssp_200m_strong_v1,0,1000,1000.0,940.0,auv_08,exceed_return_energy_reserve,consequential,DENY,DENY_HARD_EXPIRY,hard_expired,940.0,PARTITIONED,False,True,True,False,not_low_risk,tr_41578464d64c_gpu
paper_ssp_200m_strong_v1,0,1000,1000.0,940.0,auv_09,hold_station,low,DENY,DENY_FORBIDDEN,hard_expired,940.0,PARTITIONED,False,True,True,False,A_hard_expiry_capsule_contraction,tr_41578464d64c_gpu
paper_ssp_200m_strong_v1,0,1000,1000.0,940.0,auv_10,enter_exclusion_zone,consequential,DENY,DENY_HARD_EXPIRY,hard_expired,940.0,PARTITIONED,False,True,True,False,not_low_risk,tr_41578464d64c_gpu
paper_ssp_200m_strong_v1,0,1000,1000.0,940.0,auv_11,bounded_path_correction,low,DENY,DENY_FORBIDDEN,hard_expired,940.0,PARTITIONED,False,True,True,False,A_hard_expiry_capsule_contraction,tr_41578464d64c_gpu
paper_ssp_200m_strong_v1,0,1000,1000.0,960.0,auv_00,bounded_path_correction,low,DENY,DENY_FORBIDDEN,hard_expired,960.0,PARTITIONED,False,True,True,False,A_hard_expiry_capsule_contraction,tr_41578464d64c_gpu
paper_ssp_200m_strong_v1,0,1000,1000.0,960.0,auv_01,bounded_path_correction,low,DENY,DENY_FORBIDDEN,hard_expired,960.0,PARTITIONED,False,True,True,False,A_hard_expiry_capsule_contraction,tr_41578464d64c_gpu
paper_ssp_200m_strong_v1,0,1000,1000.0,960.0,auv_02,bounded_path_correction,low,DENY,DENY_FORBIDDEN,hard_expired,960.0,PARTITIONED,False,True,True,False,A_hard_expiry_capsule_contraction,tr_41578464d64c_gpu
paper_ssp_200m_strong_v1,0,1000,1000.0,960.0,auv_03,bounded_path_correction,low,DENY,DENY_FORBIDDEN,hard_expired,960.0,PARTITIONED,False,True,True,False,A_hard_expiry_capsule_contraction,tr_41578464d64c_gpu
paper_ssp_200m_strong_v1,0,1000,1000.0,960.0,auv_04,abandon_mandatory_inspection,consequential,DENY,DENY_HARD_EXPIRY,hard_expired,960.0,PARTITIONED,False,True,True,False,not_low_risk,tr_41578464d64c_gpu
paper_ssp_200m_strong_v1,0,1000,1000.0,960.0,auv_05,bounded_path_correction,low,DENY,DENY_FORBIDDEN,hard_expired,960.0,PARTITIONED,False,True,True,False,A_hard_expiry_capsule_contraction,tr_41578464d64c_gpu
paper_ssp_200m_strong_v1,0,1000,1000.0,960.0,auv_06,enter_exclusion_zone,consequential,DENY,DENY_HARD_EXPIRY,hard_expired,960.0,PARTITIONED,False,True,True,False,not_low_risk,tr_41578464d64c_gpu
paper_ssp_200m_strong_v1,0,1000,1000.0,960.0,auv_07,enter_exclusion_zone,consequential,DENY,DENY_HARD_EXPIRY,hard_expired,960.0,PARTITIONED,False,True,True,False,not_low_risk,tr_41578464d64c_gpu
paper_ssp_200m_strong_v1,0,1000,1000.0,960.0,auv_08,exceed_return_energy_reserve,consequential,DENY,DENY_HARD_EXPIRY,hard_expired,960.0,PARTITIONED,False,True,True,False,not_low_risk,tr_41578464d64c_gpu
paper_ssp_200m_strong_v1,0,1000,1000.0,960.0,auv_09,hold_station,low,DENY,DENY_FORBIDDEN,hard_expired,960.0,PARTITIONED,False,True,True,False,A_hard_expiry_capsule_contraction,tr_41578464d64c_gpu
paper_ssp_200m_strong_v1,0,1000,1000.0,960.0,auv_10,enter_exclusion_zone,consequential,DENY,DENY_HARD_EXPIRY,hard_expired,960.0,PARTITIONED,False,True,True,False,not_low_risk,tr_41578464d64c_gpu
paper_ssp_200m_strong_v1,0,1000,1000.0,960.0,auv_11,change_high_level_objective,consequential,DENY,DENY_HARD_EXPIRY,hard_expired,960.0,PARTITIONED,False,True,True,False,not_low_risk,tr_41578464d64c_gpu
paper_ssp_200m_strong_v1,0,1000,1000.0,980.0,auv_00,bounded_path_correction,low,DENY,DENY_FORBIDDEN,hard_expired,980.0,PARTITIONED,False,True,True,False,A_hard_expiry_capsule_contraction,tr_41578464d64c_gpu
paper_ssp_200m_strong_v1,0,1000,1000.0,980.0,auv_01,bounded_path_correction,low,DENY,DENY_FORBIDDEN,hard_expired,980.0,PARTITIONED,False,True,True,False,A_hard_expiry_capsule_contraction,tr_41578464d64c_gpu
paper_ssp_200m_strong_v1,0,1000,1000.0,980.0,auv_02,bounded_path_correction,low,DENY,DENY_FORBIDDEN,hard_expired,980.0,PARTITIONED,False,True,True,False,A_hard_expiry_capsule_contraction,tr_41578464d64c_gpu
paper_ssp_200m_strong_v1,0,1000,1000.0,980.0,auv_03,bounded_path_correction,low,DENY,DENY_FORBIDDEN,hard_expired,980.0,PARTITIONED,False,True,True,False,A_hard_expiry_capsule_contraction,tr_41578464d64c_gpu
paper_ssp_200m_strong_v1,0,1000,1000.0,980.0,auv_04,abandon_mandatory_inspection,consequential,DENY,DENY_HARD_EXPIRY,hard_expired,980.0,PARTITIONED,False,True,True,False,not_low_risk,tr_41578464d64c_gpu
paper_ssp_200m_strong_v1,0,1000,1000.0,980.0,auv_05,bounded_path_correction,low,DENY,DENY_FORBIDDEN,hard_expired,980.0,PARTITIONED,False,True,True,False,A_hard_expiry_capsule_contraction,tr_41578464d64c_gpu
paper_ssp_200m_strong_v1,0,1000,1000.0,980.0,auv_06,enter_exclusion_zone,consequential,DENY,DENY_HARD_EXPIRY,hard_expired,980.0,PARTITIONED,False,True,True,False,not_low_risk,tr_41578464d64c_gpu
paper_ssp_200m_strong_v1,0,1000,1000.0,980.0,auv_07,enter_exclusion_zone,consequential,DENY,DENY_HARD_EXPIRY,hard_expired,980.0,PARTITIONED,False,True,True,False,not_low_risk,tr_41578464d64c_gpu
paper_ssp_200m_strong_v1,0,1000,1000.0,980.0,auv_08,exceed_return_energy_reserve,consequential,DENY,DENY_HARD_EXPIRY,hard_expired,980.0,PARTITIONED,False,True,True,False,not_low_risk,tr_41578464d64c_gpu
paper_ssp_200m_strong_v1,0,1000,1000.0,980.0,auv_09,hold_station,low,DENY,DENY_FORBIDDEN,hard_expired,980.0,PARTITIONED,False,True,True,False,A_hard_expiry_capsule_contraction,tr_41578464d64c_gpu
paper_ssp_200m_strong_v1,0,1000,1000.0,980.0,auv_10,enter_exclusion_zone,consequential,DENY,DENY_HARD_EXPIRY,hard_expired,980.0,PARTITIONED,False,True,True,False,not_low_risk,tr_41578464d64c_gpu
paper_ssp_200m_strong_v1,0,1000,1000.0,980.0,auv_11,bounded_path_correction,low,DENY,DENY_FORBIDDEN,hard_expired,980.0,PARTITIONED,False,True,True,False,A_hard_expiry_capsule_contraction,tr_41578464d64c_gpu
paper_ssp_200m_strong_v1,0,1000,1000.0,1000.0,auv_00,bounded_path_correction,low,DENY,DENY_FORBIDDEN,hard_expired,1000.0,PARTITIONED,False,True,True,False,A_hard_expiry_capsule_contraction,tr_41578464d64c_gpu
paper_ssp_200m_strong_v1,0,1000,1000.0,1000.0,auv_01,bounded_path_correction,low,DENY,DENY_FORBIDDEN,hard_expired,1000.0,PARTITIONED,False,True,True,False,A_hard_expiry_capsule_contraction,tr_41578464d64c_gpu
paper_ssp_200m_strong_v1,0,1000,1000.0,1000.0,auv_02,bounded_path_correction,low,DENY,DENY_FORBIDDEN,hard_expired,1000.0,PARTITIONED,False,True,True,False,A_hard_expiry_capsule_contraction,tr_41578464d64c_gpu
paper_ssp_200m_strong_v1,0,1000,1000.0,1000.0,auv_03,bounded_path_correction,low,DENY,DENY_FORBIDDEN,hard_expired,1000.0,PARTITIONED,False,True,True,False,A_hard_expiry_capsule_contraction,tr_41578464d64c_gpu
paper_ssp_200m_strong_v1,0,1000,1000.0,1000.0,auv_04,abandon_mandatory_inspection,consequential,DENY,DENY_HARD_EXPIRY,hard_expired,1000.0,PARTITIONED,False,True,True,False,not_low_risk,tr_41578464d64c_gpu
paper_ssp_200m_strong_v1,0,1000,1000.0,1000.0,auv_05,bounded_path_correction,low,DENY,DENY_FORBIDDEN,hard_expired,1000.0,PARTITIONED,False,True,True,False,A_hard_expiry_capsule_contraction,tr_41578464d64c_gpu
paper_ssp_200m_strong_v1,0,1000,1000.0,1000.0,auv_06,enter_exclusion_zone,consequential,DENY,DENY_HARD_EXPIRY,hard_expired,1000.0,PARTITIONED,False,True,True,False,not_low_risk,tr_41578464d64c_gpu
paper_ssp_200m_strong_v1,0,1000,1000.0,1000.0,auv_07,enter_exclusion_zone,consequential,DENY,DENY_HARD_EXPIRY,hard_expired,1000.0,PARTITIONED,False,True,True,False,not_low_risk,tr_41578464d64c_gpu
paper_ssp_200m_strong_v1,0,1000,1000.0,1000.0,auv_08,exceed_return_energy_reserve,consequential,DENY,DENY_HARD_EXPIRY,hard_expired,1000.0,PARTITIONED,False,True,True,False,not_low_risk,tr_41578464d64c_gpu
paper_ssp_200m_strong_v1,0,1000,1000.0,1000.0,auv_09,hold_station,low,DENY,DENY_FORBIDDEN,hard_expired,1000.0,PARTITIONED,False,True,True,False,A_hard_expiry_capsule_contraction,tr_41578464d64c_gpu
paper_ssp_200m_strong_v1,0,1000,1000.0,1000.0,auv_10,enter_exclusion_zone,consequential,DENY,DENY_HARD_EXPIRY,hard_expired,1000.0,PARTITIONED,False,True,True,False,not_low_risk,tr_41578464d64c_gpu
paper_ssp_200m_strong_v1,0,1000,1000.0,1000.0,auv_11,bounded_path_correction,low,DENY,DENY_FORBIDDEN,hard_expired,1000.0,PARTITIONED,False,True,True,False,A_hard_expiry_capsule_contraction,tr_41578464d64c_gpu
paper_ssp_200m_strong_v1,0,1000,1000.0,1020.0,auv_00,bounded_path_correction,low,DENY,DENY_FORBIDDEN,hard_expired,1020.0,PARTITIONED,False,True,True,False,A_hard_expiry_capsule_contraction,tr_41578464d64c_gpu
paper_ssp_200m_strong_v1,0,1000,1000.0,1020.0,auv_01,bounded_path_correction,low,DENY,DENY_FORBIDDEN,hard_expired,1020.0,PARTITIONED,False,True,True,False,A_hard_expiry_capsule_contraction,tr_41578464d64c_gpu
paper_ssp_200m_strong_v1,0,1000,1000.0,1020.0,auv_02,bounded_path_correction,low,DENY,DENY_FORBIDDEN,hard_expired,1020.0,PARTITIONED,False,True,True,False,A_hard_expiry_capsule_contraction,tr_41578464d64c_gpu
paper_ssp_200m_strong_v1,0,1000,1000.0,1020.0,auv_03,bounded_path_correction,low,DENY,DENY_FORBIDDEN,hard_expired,1020.0,PARTITIONED,False,True,True,False,A_hard_expiry_capsule_contraction,tr_41578464d64c_gpu
paper_ssp_200m_strong_v1,0,1000,1000.0,1020.0,auv_04,abandon_mandatory_inspection,consequential,DENY,DENY_HARD_EXPIRY,hard_expired,1020.0,PARTITIONED,False,True,True,False,not_low_risk,tr_41578464d64c_gpu
paper_ssp_200m_strong_v1,0,1000,1000.0,1020.0,auv_05,bounded_path_correction,low,DENY,DENY_FORBIDDEN,hard_expired,1020.0,PARTITIONED,False,True,True,False,A_hard_expiry_capsule_contraction,tr_41578464d64c_gpu
paper_ssp_200m_strong_v1,0,1000,1000.0,1020.0,auv_06,enter_exclusion_zone,consequential,DENY,DENY_HARD_EXPIRY,hard_expired,1020.0,PARTITIONED,False,True,True,False,not_low_risk,tr_41578464d64c_gpu
paper_ssp_200m_strong_v1,0,1000,1000.0,1020.0,auv_07,enter_exclusion_zone,consequential,DENY,DENY_HARD_EXPIRY,hard_expired,1020.0,PARTITIONED,False,True,True,False,not_low_risk,tr_41578464d64c_gpu
paper_ssp_200m_strong_v1,0,1000,1000.0,1020.0,auv_08,exceed_return_energy_reserve,consequential,DENY,DENY_HARD_EXPIRY,hard_expired,1020.0,PARTITIONED,False,True,True,False,not_low_risk,tr_41578464d64c_gpu
paper_ssp_200m_strong_v1,0,1000,1000.0,1020.0,auv_09,hold_station,low,DENY,DENY_FORBIDDEN,hard_expired,1020.0,PARTITIONED,False,True,True,False,A_hard_expiry_capsule_contraction,tr_41578464d64c_gpu
paper_ssp_200m_strong_v1,0,1000,1000.0,1020.0,auv_10,enter_exclusion_zone,consequential,DENY,DENY_HARD_EXPIRY,hard_expired,1020.0,PARTITIONED,False,True,True,False,not_low_risk,tr_41578464d64c_gpu
paper_ssp_200m_strong_v1,0,1000,1000.0,1020.0,auv_11,bounded_path_correction,low,DENY,DENY_FORBIDDEN,hard_expired,1020.0,PARTITIONED,False,True,True,False,A_hard_expiry_capsule_contraction,tr_41578464d64c_gpu
paper_ssp_200m_strong_v1,0,1000,1000.0,1040.0,auv_00,bounded_path_correction,low,DENY,DENY_FORBIDDEN,hard_expired,1040.0,PARTITIONED,False,True,True,False,A_hard_expiry_capsule_contraction,tr_41578464d64c_gpu
paper_ssp_200m_strong_v1,0,1000,1000.0,1040.0,auv_01,bounded_path_correction,low,DENY,DENY_FORBIDDEN,hard_expired,1040.0,PARTITIONED,False,True,True,False,A_hard_expiry_capsule_contraction,tr_41578464d64c_gpu
paper_ssp_200m_strong_v1,0,1000,1000.0,1040.0,auv_02,bounded_path_correction,low,DENY,DENY_FORBIDDEN,hard_expired,1040.0,PARTITIONED,False,True,True,False,A_hard_expiry_capsule_contraction,tr_41578464d64c_gpu
paper_ssp_200m_strong_v1,0,1000,1000.0,1040.0,auv_03,bounded_path_correction,low,DENY,DENY_FORBIDDEN,hard_expired,1040.0,PARTITIONED,False,True,True,False,A_hard_expiry_capsule_contraction,tr_41578464d64c_gpu
paper_ssp_200m_strong_v1,0,1000,1000.0,1040.0,auv_04,abandon_mandatory_inspection,consequential,DENY,DENY_HARD_EXPIRY,hard_expired,1040.0,PARTITIONED,False,True,True,False,not_low_risk,tr_41578464d64c_gpu
paper_ssp_200m_strong_v1,0,1000,1000.0,1040.0,auv_05,bounded_path_correction,low,DENY,DENY_FORBIDDEN,hard_expired,1040.0,PARTITIONED,False,True,True,False,A_hard_expiry_capsule_contraction,tr_41578464d64c_gpu
paper_ssp_200m_strong_v1,0,1000,1000.0,1040.0,auv_06,enter_exclusion_zone,consequential,DENY,DENY_HARD_EXPIRY,hard_expired,1040.0,PARTITIONED,False,True,True,False,not_low_risk,tr_41578464d64c_gpu
paper_ssp_200m_strong_v1,0,1000,1000.0,1040.0,auv_07,enter_exclusion_zone,consequential,DENY,DENY_HARD_EXPIRY,hard_expired,1040.0,PARTITIONED,False,True,True,False,not_low_risk,tr_41578464d64c_gpu
paper_ssp_200m_strong_v1,0,1000,1000.0,1040.0,auv_08,exceed_return_energy_reserve,consequential,DENY,DENY_HARD_EXPIRY,hard_expired,1040.0,PARTITIONED,False,True,True,False,not_low_risk,tr_41578464d64c_gpu
paper_ssp_200m_strong_v1,0,1000,1000.0,1040.0,auv_09,hold_station,low,DENY,DENY_FORBIDDEN,hard_expired,1040.0,PARTITIONED,False,True,True,False,A_hard_expiry_capsule_contraction,tr_41578464d64c_gpu
paper_ssp_200m_strong_v1,0,1000,1000.0,1040.0,auv_10,enter_exclusion_zone,consequential,DENY,DENY_HARD_EXPIRY,hard_expired,1040.0,PARTITIONED,False,True,True,False,not_low_risk,tr_41578464d64c_gpu
paper_ssp_200m_strong_v1,0,1000,1000.0,1040.0,auv_11,change_high_level_objective,consequential,DENY,DENY_HARD_EXPIRY,hard_expired,1040.0,PARTITIONED,False,True,True,False,not_low_risk,tr_41578464d64c_gpu
paper_ssp_200m_strong_v1,0,1000,1000.0,1060.0,auv_00,bounded_path_correction,low,DENY,DENY_FORBIDDEN,hard_expired,1060.0,PARTITIONED,False,True,True,False,A_hard_expiry_capsule_contraction,tr_41578464d64c_gpu
paper_ssp_200m_strong_v1,0,1000,1000.0,1060.0,auv_01,bounded_path_correction,low,DENY,DENY_FORBIDDEN,hard_expired,1060.0,PARTITIONED,False,True,True,False,A_hard_expiry_capsule_contraction,tr_41578464d64c_gpu
paper_ssp_200m_strong_v1,0,1000,1000.0,1060.0,auv_02,bounded_path_correction,low,DENY,DENY_FORBIDDEN,hard_expired,1060.0,PARTITIONED,False,True,True,False,A_hard_expiry_capsule_contraction,tr_41578464d64c_gpu
paper_ssp_200m_strong_v1,0,1000,1000.0,1060.0,auv_03,bounded_path_correction,low,DENY,DENY_FORBIDDEN,hard_expired,1060.0,PARTITIONED,False,True,True,False,A_hard_expiry_capsule_contraction,tr_41578464d64c_gpu
paper_ssp_200m_strong_v1,0,1000,1000.0,1060.0,auv_04,abandon_mandatory_inspection,consequential,DENY,DENY_HARD_EXPIRY,hard_expired,1060.0,PARTITIONED,False,True,True,False,not_low_risk,tr_41578464d64c_gpu
paper_ssp_200m_strong_v1,0,1000,1000.0,1060.0,auv_05,bounded_path_correction,low,DENY,DENY_FORBIDDEN,hard_expired,1060.0,PARTITIONED,False,True,True,False,A_hard_expiry_capsule_contraction,tr_41578464d64c_gpu
paper_ssp_200m_strong_v1,0,1000,1000.0,1060.0,auv_06,enter_exclusion_zone,consequential,DENY,DENY_HARD_EXPIRY,hard_expired,1060.0,PARTITIONED,False,True,True,False,not_low_risk,tr_41578464d64c_gpu
paper_ssp_200m_strong_v1,0,1000,1000.0,1060.0,auv_07,enter_exclusion_zone,consequential,DENY,DENY_HARD_EXPIRY,hard_expired,1060.0,PARTITIONED,False,True,True,False,not_low_risk,tr_41578464d64c_gpu
paper_ssp_200m_strong_v1,0,1000,1000.0,1060.0,auv_08,exceed_return_energy_reserve,consequential,DENY,DENY_HARD_EXPIRY,hard_expired,1060.0,PARTITIONED,False,True,True,False,not_low_risk,tr_41578464d64c_gpu
paper_ssp_200m_strong_v1,0,1000,1000.0,1060.0,auv_09,hold_station,low,DENY,DENY_FORBIDDEN,hard_expired,1060.0,PARTITIONED,False,True,True,False,A_hard_expiry_capsule_contraction,tr_41578464d64c_gpu
paper_ssp_200m_strong_v1,0,1000,1000.0,1060.0,auv_10,enter_exclusion_zone,consequential,DENY,DENY_HARD_EXPIRY,hard_expired,1060.0,PARTITIONED,False,True,True,False,not_low_risk,tr_41578464d64c_gpu
paper_ssp_200m_strong_v1,0,1000,1000.0,1060.0,auv_11,bounded_path_correction,low,DENY,DENY_FORBIDDEN,hard_expired,1060.0,PARTITIONED,False,True,True,False,A_hard_expiry_capsule_contraction,tr_41578464d64c_gpu
paper_ssp_200m_strong_v1,0,1000,1000.0,1080.0,auv_00,bounded_path_correction,low,DENY,DENY_FORBIDDEN,hard_expired,1080.0,PARTITIONED,False,True,True,False,A_hard_expiry_capsule_contraction,tr_41578464d64c_gpu
paper_ssp_200m_strong_v1,0,1000,1000.0,1080.0,auv_01,bounded_path_correction,low,DENY,DENY_FORBIDDEN,hard_expired,1080.0,PARTITIONED,False,True,True,False,A_hard_expiry_capsule_contraction,tr_41578464d64c_gpu
paper_ssp_200m_strong_v1,0,1000,1000.0,1080.0,auv_02,bounded_path_correction,low,DENY,DENY_FORBIDDEN,hard_expired,1080.0,PARTITIONED,False,True,True,False,A_hard_expiry_capsule_contraction,tr_41578464d64c_gpu
paper_ssp_200m_strong_v1,0,1000,1000.0,1080.0,auv_03,bounded_path_correction,low,DENY,DENY_FORBIDDEN,hard_expired,1080.0,PARTITIONED,False,True,True,False,A_hard_expiry_capsule_contraction,tr_41578464d64c_gpu
paper_ssp_200m_strong_v1,0,1000,1000.0,1080.0,auv_04,abandon_mandatory_inspection,consequential,DENY,DENY_HARD_EXPIRY,hard_expired,1080.0,PARTITIONED,False,True,True,False,not_low_risk,tr_41578464d64c_gpu
paper_ssp_200m_strong_v1,0,1000,1000.0,1080.0,auv_05,bounded_path_correction,low,DENY,DENY_FORBIDDEN,hard_expired,1080.0,PARTITIONED,False,True,True,False,A_hard_expiry_capsule_contraction,tr_41578464d64c_gpu
paper_ssp_200m_strong_v1,0,1000,1000.0,1080.0,auv_06,enter_exclusion_zone,consequential,DENY,DENY_HARD_EXPIRY,hard_expired,1080.0,PARTITIONED,False,True,True,False,not_low_risk,tr_41578464d64c_gpu
paper_ssp_200m_strong_v1,0,1000,1000.0,1080.0,auv_07,enter_exclusion_zone,consequential,DENY,DENY_HARD_EXPIRY,hard_expired,1080.0,PARTITIONED,False,True,True,False,not_low_risk,tr_41578464d64c_gpu
paper_ssp_200m_strong_v1,0,1000,1000.0,1080.0,auv_08,exceed_return_energy_reserve,consequential,DENY,DENY_HARD_EXPIRY,hard_expired,1080.0,PARTITIONED,False,True,True,False,not_low_risk,tr_41578464d64c_gpu
paper_ssp_200m_strong_v1,0,1000,1000.0,1080.0,auv_09,hold_station,low,DENY,DENY_FORBIDDEN,hard_expired,1080.0,PARTITIONED,False,True,True,False,A_hard_expiry_capsule_contraction,tr_41578464d64c_gpu
paper_ssp_200m_strong_v1,0,1000,1000.0,1080.0,auv_10,enter_exclusion_zone,consequential,DENY,DENY_HARD_EXPIRY,hard_expired,1080.0,PARTITIONED,False,True,True,False,not_low_risk,tr_41578464d64c_gpu
paper_ssp_200m_strong_v1,0,1000,1000.0,1080.0,auv_11,bounded_path_correction,low,DENY,DENY_FORBIDDEN,hard_expired,1080.0,PARTITIONED,False,True,True,False,A_hard_expiry_capsule_contraction,tr_41578464d64c_gpu
paper_ssp_200m_strong_v1,0,1000,1000.0,1100.0,auv_00,bounded_path_correction,low,DENY,DENY_FORBIDDEN,hard_expired,1100.0,PARTITIONED,False,True,True,False,A_hard_expiry_capsule_contraction,tr_41578464d64c_gpu
paper_ssp_200m_strong_v1,0,1000,1000.0,1100.0,auv_01,bounded_path_correction,low,DENY,DENY_FORBIDDEN,hard_expired,1100.0,PARTITIONED,False,True,True,False,A_hard_expiry_capsule_contraction,tr_41578464d64c_gpu
paper_ssp_200m_strong_v1,0,1000,1000.0,1100.0,auv_02,bounded_path_correction,low,DENY,DENY_FORBIDDEN,hard_expired,1100.0,PARTITIONED,False,True,True,False,A_hard_expiry_capsule_contraction,tr_41578464d64c_gpu
paper_ssp_200m_strong_v1,0,1000,1000.0,1100.0,auv_03,bounded_path_correction,low,DENY,DENY_FORBIDDEN,hard_expired,1100.0,PARTITIONED,False,True,True,False,A_hard_expiry_capsule_contraction,tr_41578464d64c_gpu
paper_ssp_200m_strong_v1,0,1000,1000.0,1100.0,auv_04,abandon_mandatory_inspection,consequential,DENY,DENY_HARD_EXPIRY,hard_expired,1100.0,PARTITIONED,False,True,True,False,not_low_risk,tr_41578464d64c_gpu
paper_ssp_200m_strong_v1,0,1000,1000.0,1100.0,auv_05,bounded_path_correction,low,DENY,DENY_FORBIDDEN,hard_expired,1100.0,PARTITIONED,False,True,True,False,A_hard_expiry_capsule_contraction,tr_41578464d64c_gpu
paper_ssp_200m_strong_v1,0,1000,1000.0,1100.0,auv_06,enter_exclusion_zone,consequential,DENY,DENY_HARD_EXPIRY,hard_expired,1100.0,PARTITIONED,False,True,True,False,not_low_risk,tr_41578464d64c_gpu
paper_ssp_200m_strong_v1,0,1000,1000.0,1100.0,auv_07,enter_exclusion_zone,consequential,DENY,DENY_HARD_EXPIRY,hard_expired,1100.0,PARTITIONED,False,True,True,False,not_low_risk,tr_41578464d64c_gpu
paper_ssp_200m_strong_v1,0,1000,1000.0,1100.0,auv_08,exceed_return_energy_reserve,consequential,DENY,DENY_HARD_EXPIRY,hard_expired,1100.0,PARTITIONED,False,True,True,False,not_low_risk,tr_41578464d64c_gpu
paper_ssp_200m_strong_v1,0,1000,1000.0,1100.0,auv_09,hold_station,low,DENY,DENY_FORBIDDEN,hard_expired,1100.0,PARTITIONED,False,True,True,False,A_hard_expiry_capsule_contraction,tr_41578464d64c_gpu
paper_ssp_200m_strong_v1,0,1000,1000.0,1100.0,auv_10,enter_exclusion_zone,consequential,DENY,DENY_HARD_EXPIRY,hard_expired,1100.0,PARTITIONED,False,True,True,False,not_low_risk,tr_41578464d64c_gpu
paper_ssp_200m_strong_v1,0,1000,1000.0,1100.0,auv_11,bounded_path_correction,low,DENY,DENY_FORBIDDEN,hard_expired,1100.0,PARTITIONED,False,True,True,False,A_hard_expiry_capsule_contraction,tr_41578464d64c_gpu
paper_ssp_200m_strong_v1,0,1000,1000.0,1120.0,auv_00,bounded_path_correction,low,DENY,DENY_FORBIDDEN,hard_expired,1120.0,PARTITIONED,False,True,True,False,A_hard_expiry_capsule_contraction,tr_41578464d64c_gpu
paper_ssp_200m_strong_v1,0,1000,1000.0,1120.0,auv_01,bounded_path_correction,low,DENY,DENY_FORBIDDEN,hard_expired,1120.0,PARTITIONED,False,True,True,False,A_hard_expiry_capsule_contraction,tr_41578464d64c_gpu
paper_ssp_200m_strong_v1,0,1000,1000.0,1120.0,auv_02,bounded_path_correction,low,DENY,DENY_FORBIDDEN,hard_expired,1120.0,PARTITIONED,False,True,True,False,A_hard_expiry_capsule_contraction,tr_41578464d64c_gpu
paper_ssp_200m_strong_v1,0,1000,1000.0,1120.0,auv_03,bounded_path_correction,low,DENY,DENY_FORBIDDEN,hard_expired,1120.0,PARTITIONED,False,True,True,False,A_hard_expiry_capsule_contraction,tr_41578464d64c_gpu
paper_ssp_200m_strong_v1,0,1000,1000.0,1120.0,auv_04,abandon_mandatory_inspection,consequential,DENY,DENY_HARD_EXPIRY,hard_expired,1120.0,PARTITIONED,False,True,True,False,not_low_risk,tr_41578464d64c_gpu
paper_ssp_200m_strong_v1,0,1000,1000.0,1120.0,auv_05,bounded_path_correction,low,DENY,DENY_FORBIDDEN,hard_expired,1120.0,PARTITIONED,False,True,True,False,A_hard_expiry_capsule_contraction,tr_41578464d64c_gpu
paper_ssp_200m_strong_v1,0,1000,1000.0,1120.0,auv_06,enter_exclusion_zone,consequential,DENY,DENY_HARD_EXPIRY,hard_expired,1120.0,PARTITIONED,False,True,True,False,not_low_risk,tr_41578464d64c_gpu
paper_ssp_200m_strong_v1,0,1000,1000.0,1120.0,auv_07,enter_exclusion_zone,consequential,DENY,DENY_HARD_EXPIRY,hard_expired,1120.0,PARTITIONED,False,True,True,False,not_low_risk,tr_41578464d64c_gpu
paper_ssp_200m_strong_v1,0,1000,1000.0,1120.0,auv_08,exceed_return_energy_reserve,consequential,DENY,DENY_HARD_EXPIRY,hard_expired,1120.0,PARTITIONED,False,True,True,False,not_low_risk,tr_41578464d64c_gpu
paper_ssp_200m_strong_v1,0,1000,1000.0,1120.0,auv_09,hold_station,low,DENY,DENY_FORBIDDEN,hard_expired,1120.0,PARTITIONED,False,True,True,False,A_hard_expiry_capsule_contraction,tr_41578464d64c_gpu
paper_ssp_200m_strong_v1,0,1000,1000.0,1120.0,auv_10,enter_exclusion_zone,consequential,DENY,DENY_HARD_EXPIRY,hard_expired,1120.0,PARTITIONED,False,True,True,False,not_low_risk,tr_41578464d64c_gpu
paper_ssp_200m_strong_v1,0,1000,1000.0,1120.0,auv_11,change_high_level_objective,consequential,DENY,DENY_HARD_EXPIRY,hard_expired,1120.0,PARTITIONED,False,True,True,False,not_low_risk,tr_41578464d64c_gpu
paper_ssp_200m_strong_v1,0,1000,1000.0,1140.0,auv_00,bounded_path_correction,low,DENY,DENY_FORBIDDEN,hard_expired,1140.0,PARTITIONED,False,True,True,False,A_hard_expiry_capsule_contraction,tr_41578464d64c_gpu
paper_ssp_200m_strong_v1,0,1000,1000.0,1140.0,auv_01,bounded_path_correction,low,DENY,DENY_FORBIDDEN,hard_expired,1140.0,PARTITIONED,False,True,True,False,A_hard_expiry_capsule_contraction,tr_41578464d64c_gpu
paper_ssp_200m_strong_v1,0,1000,1000.0,1140.0,auv_02,bounded_path_correction,low,DENY,DENY_FORBIDDEN,hard_expired,1140.0,PARTITIONED,False,True,True,False,A_hard_expiry_capsule_contraction,tr_41578464d64c_gpu
paper_ssp_200m_strong_v1,0,1000,1000.0,1140.0,auv_03,bounded_path_correction,low,DENY,DENY_FORBIDDEN,hard_expired,1140.0,PARTITIONED,False,True,True,False,A_hard_expiry_capsule_contraction,tr_41578464d64c_gpu
paper_ssp_200m_strong_v1,0,1000,1000.0,1140.0,auv_04,abandon_mandatory_inspection,consequential,DENY,DENY_HARD_EXPIRY,hard_expired,1140.0,PARTITIONED,False,True,True,False,not_low_risk,tr_41578464d64c_gpu
paper_ssp_200m_strong_v1,0,1000,1000.0,1140.0,auv_05,bounded_path_correction,low,DENY,DENY_FORBIDDEN,hard_expired,1140.0,PARTITIONED,False,True,True,False,A_hard_expiry_capsule_contraction,tr_41578464d64c_gpu
paper_ssp_200m_strong_v1,0,1000,1000.0,1140.0,auv_06,exceed_return_energy_reserve,consequential,DENY,DENY_HARD_EXPIRY,hard_expired,1140.0,PARTITIONED,False,True,True,False,not_low_risk,tr_41578464d64c_gpu
paper_ssp_200m_strong_v1,0,1000,1000.0,1140.0,auv_07,exceed_return_energy_reserve,consequential,DENY,DENY_HARD_EXPIRY,hard_expired,1140.0,PARTITIONED,False,True,True,False,not_low_risk,tr_41578464d64c_gpu
paper_ssp_200m_strong_v1,0,1000,1000.0,1140.0,auv_08,exceed_return_energy_reserve,consequential,DENY,DENY_HARD_EXPIRY,hard_expired,1140.0,PARTITIONED,False,True,True,False,not_low_risk,tr_41578464d64c_gpu
paper_ssp_200m_strong_v1,0,1000,1000.0,1140.0,auv_09,hold_station,low,DENY,DENY_FORBIDDEN,hard_expired,1140.0,PARTITIONED,False,True,True,False,A_hard_expiry_capsule_contraction,tr_41578464d64c_gpu
paper_ssp_200m_strong_v1,0,1000,1000.0,1140.0,auv_10,exceed_return_energy_reserve,consequential,DENY,DENY_HARD_EXPIRY,hard_expired,1140.0,PARTITIONED,False,True,True,False,not_low_risk,tr_41578464d64c_gpu
paper_ssp_200m_strong_v1,0,1000,1000.0,1140.0,auv_11,exceed_return_energy_reserve,consequential,DENY,DENY_HARD_EXPIRY,hard_expired,1140.0,PARTITIONED,False,True,True,False,not_low_risk,tr_41578464d64c_gpu
paper_ssp_200m_strong_v1,0,1000,1000.0,1160.0,auv_00,bounded_path_correction,low,DENY,DENY_FORBIDDEN,hard_expired,1160.0,PARTITIONED,False,True,True,False,A_hard_expiry_capsule_contraction,tr_41578464d64c_gpu
paper_ssp_200m_strong_v1,0,1000,1000.0,1160.0,auv_01,bounded_path_correction,low,DENY,DENY_FORBIDDEN,hard_expired,1160.0,PARTITIONED,False,True,True,False,A_hard_expiry_capsule_contraction,tr_41578464d64c_gpu
paper_ssp_200m_strong_v1,0,1000,1000.0,1160.0,auv_02,bounded_path_correction,low,DENY,DENY_FORBIDDEN,hard_expired,1160.0,PARTITIONED,False,True,True,False,A_hard_expiry_capsule_contraction,tr_41578464d64c_gpu
paper_ssp_200m_strong_v1,0,1000,1000.0,1160.0,auv_03,bounded_path_correction,low,DENY,DENY_FORBIDDEN,hard_expired,1160.0,PARTITIONED,False,True,True,False,A_hard_expiry_capsule_contraction,tr_41578464d64c_gpu
paper_ssp_200m_strong_v1,0,1000,1000.0,1160.0,auv_04,abandon_mandatory_inspection,consequential,DENY,DENY_HARD_EXPIRY,hard_expired,1160.0,PARTITIONED,False,True,True,False,not_low_risk,tr_41578464d64c_gpu
paper_ssp_200m_strong_v1,0,1000,1000.0,1160.0,auv_05,bounded_path_correction,low,DENY,DENY_FORBIDDEN,hard_expired,1160.0,PARTITIONED,False,True,True,False,A_hard_expiry_capsule_contraction,tr_41578464d64c_gpu
paper_ssp_200m_strong_v1,0,1000,1000.0,1160.0,auv_06,enter_exclusion_zone,consequential,DENY,DENY_HARD_EXPIRY,hard_expired,1160.0,PARTITIONED,False,True,True,False,not_low_risk,tr_41578464d64c_gpu
paper_ssp_200m_strong_v1,0,1000,1000.0,1160.0,auv_07,enter_exclusion_zone,consequential,DENY,DENY_HARD_EXPIRY,hard_expired,1160.0,PARTITIONED,False,True,True,False,not_low_risk,tr_41578464d64c_gpu
paper_ssp_200m_strong_v1,0,1000,1000.0,1160.0,auv_08,exceed_return_energy_reserve,consequential,DENY,DENY_HARD_EXPIRY,hard_expired,1160.0,PARTITIONED,False,True,True,False,not_low_risk,tr_41578464d64c_gpu
paper_ssp_200m_strong_v1,0,1000,1000.0,1160.0,auv_09,hold_station,low,DENY,DENY_FORBIDDEN,hard_expired,1160.0,PARTITIONED,False,True,True,False,A_hard_expiry_capsule_contraction,tr_41578464d64c_gpu
paper_ssp_200m_strong_v1,0,1000,1000.0,1160.0,auv_10,enter_exclusion_zone,consequential,DENY,DENY_HARD_EXPIRY,hard_expired,1160.0,PARTITIONED,False,True,True,False,not_low_risk,tr_41578464d64c_gpu
paper_ssp_200m_strong_v1,0,1000,1000.0,1160.0,auv_11,bounded_path_correction,low,DENY,DENY_FORBIDDEN,hard_expired,1160.0,PARTITIONED,False,True,True,False,A_hard_expiry_capsule_contraction,tr_41578464d64c_gpu
paper_ssp_200m_strong_v1,0,1000,1000.0,1180.0,auv_00,bounded_path_correction,low,DENY,DENY_FORBIDDEN,hard_expired,1180.0,PARTITIONED,False,True,True,False,A_hard_expiry_capsule_contraction,tr_41578464d64c_gpu
paper_ssp_200m_strong_v1,0,1000,1000.0,1180.0,auv_01,bounded_path_correction,low,DENY,DENY_FORBIDDEN,hard_expired,1180.0,PARTITIONED,False,True,True,False,A_hard_expiry_capsule_contraction,tr_41578464d64c_gpu
paper_ssp_200m_strong_v1,0,1000,1000.0,1180.0,auv_02,bounded_path_correction,low,DENY,DENY_FORBIDDEN,hard_expired,1180.0,PARTITIONED,False,True,True,False,A_hard_expiry_capsule_contraction,tr_41578464d64c_gpu
paper_ssp_200m_strong_v1,0,1000,1000.0,1180.0,auv_03,bounded_path_correction,low,DENY,DENY_FORBIDDEN,hard_expired,1180.0,PARTITIONED,False,True,True,False,A_hard_expiry_capsule_contraction,tr_41578464d64c_gpu
paper_ssp_200m_strong_v1,0,1000,1000.0,1180.0,auv_04,abandon_mandatory_inspection,consequential,DENY,DENY_HARD_EXPIRY,hard_expired,1180.0,PARTITIONED,False,True,True,False,not_low_risk,tr_41578464d64c_gpu
paper_ssp_200m_strong_v1,0,1000,1000.0,1180.0,auv_05,bounded_path_correction,low,DENY,DENY_FORBIDDEN,hard_expired,1180.0,PARTITIONED,False,True,True,False,A_hard_expiry_capsule_contraction,tr_41578464d64c_gpu
paper_ssp_200m_strong_v1,0,1000,1000.0,1180.0,auv_06,enter_exclusion_zone,consequential,DENY,DENY_HARD_EXPIRY,hard_expired,1180.0,PARTITIONED,False,True,True,False,not_low_risk,tr_41578464d64c_gpu
paper_ssp_200m_strong_v1,0,1000,1000.0,1180.0,auv_07,enter_exclusion_zone,consequential,DENY,DENY_HARD_EXPIRY,hard_expired,1180.0,PARTITIONED,False,True,True,False,not_low_risk,tr_41578464d64c_gpu
paper_ssp_200m_strong_v1,0,1000,1000.0,1180.0,auv_08,exceed_return_energy_reserve,consequential,DENY,DENY_HARD_EXPIRY,hard_expired,1180.0,PARTITIONED,False,True,True,False,not_low_risk,tr_41578464d64c_gpu
paper_ssp_200m_strong_v1,0,1000,1000.0,1180.0,auv_09,hold_station,low,DENY,DENY_FORBIDDEN,hard_expired,1180.0,PARTITIONED,False,True,True,False,A_hard_expiry_capsule_contraction,tr_41578464d64c_gpu
paper_ssp_200m_strong_v1,0,1000,1000.0,1180.0,auv_10,enter_exclusion_zone,consequential,DENY,DENY_HARD_EXPIRY,hard_expired,1180.0,PARTITIONED,False,True,True,False,not_low_risk,tr_41578464d64c_gpu
paper_ssp_200m_strong_v1,0,1000,1000.0,1180.0,auv_11,bounded_path_correction,low,DENY,DENY_FORBIDDEN,hard_expired,1180.0,PARTITIONED,False,True,True,False,A_hard_expiry_capsule_contraction,tr_41578464d64c_gpu
paper_ssp_200m_strong_v1,0,1000,1000.0,1200.0,auv_00,bounded_path_correction,low,DENY,DENY_FORBIDDEN,hard_expired,1200.0,RECOVERING,False,True,True,False,A_hard_expiry_capsule_contraction,tr_41578464d64c_gpu
paper_ssp_200m_strong_v1,0,1000,1000.0,1200.0,auv_01,bounded_path_correction,low,DENY,DENY_FORBIDDEN,hard_expired,1200.0,RECOVERING,False,True,True,False,A_hard_expiry_capsule_contraction,tr_41578464d64c_gpu
paper_ssp_200m_strong_v1,0,1000,1000.0,1200.0,auv_02,bounded_path_correction,low,DENY,DENY_FORBIDDEN,hard_expired,1200.0,RECOVERING,False,True,True,False,A_hard_expiry_capsule_contraction,tr_41578464d64c_gpu
paper_ssp_200m_strong_v1,0,1000,1000.0,1200.0,auv_03,bounded_path_correction,low,DENY,DENY_FORBIDDEN,hard_expired,1200.0,RECOVERING,False,True,True,False,A_hard_expiry_capsule_contraction,tr_41578464d64c_gpu
paper_ssp_200m_strong_v1,0,1000,1000.0,1200.0,auv_04,abandon_mandatory_inspection,consequential,DENY,DENY_RECOVERING_HARD_SAFETY,hard_expired,1200.0,RECOVERING,False,True,True,False,not_low_risk,tr_41578464d64c_gpu
paper_ssp_200m_strong_v1,0,1000,1000.0,1200.0,auv_05,bounded_path_correction,low,DENY,DENY_FORBIDDEN,hard_expired,1200.0,RECOVERING,False,True,True,False,A_hard_expiry_capsule_contraction,tr_41578464d64c_gpu
paper_ssp_200m_strong_v1,0,1000,1000.0,1200.0,auv_06,enter_exclusion_zone,consequential,DENY,DENY_RECOVERING_HARD_SAFETY,hard_expired,1200.0,RECOVERING,False,True,True,False,not_low_risk,tr_41578464d64c_gpu
paper_ssp_200m_strong_v1,0,1000,1000.0,1200.0,auv_07,enter_exclusion_zone,consequential,DENY,DENY_RECOVERING_HARD_SAFETY,hard_expired,1200.0,RECOVERING,False,True,True,False,not_low_risk,tr_41578464d64c_gpu
paper_ssp_200m_strong_v1,0,1000,1000.0,1200.0,auv_08,exceed_return_energy_reserve,consequential,DENY,DENY_RECOVERING_HARD_SAFETY,hard_expired,1200.0,RECOVERING,False,True,True,False,not_low_risk,tr_41578464d64c_gpu
paper_ssp_200m_strong_v1,0,1000,1000.0,1200.0,auv_09,hold_station,low,DENY,DENY_FORBIDDEN,hard_expired,1200.0,RECOVERING,False,True,True,False,A_hard_expiry_capsule_contraction,tr_41578464d64c_gpu
paper_ssp_200m_strong_v1,0,1000,1000.0,1200.0,auv_10,enter_exclusion_zone,consequential,DENY,DENY_RECOVERING_HARD_SAFETY,hard_expired,1200.0,RECOVERING,False,True,True,False,not_low_risk,tr_41578464d64c_gpu
paper_ssp_200m_strong_v1,0,1000,1000.0,1200.0,auv_11,change_high_level_objective,consequential,DENY,DENY_RECOVERING_HARD_SAFETY,hard_expired,1200.0,RECOVERING,False,True,True,False,not_low_risk,tr_41578464d64c_gpu
paper_ssp_200m_strong_v1,0,1000,1000.0,1220.0,auv_00,bounded_path_correction,low,DENY,DENY_FORBIDDEN,hard_expired,1220.0,RECOVERING,False,True,True,False,A_hard_expiry_capsule_contraction,tr_41578464d64c_gpu
paper_ssp_200m_strong_v1,0,1000,1000.0,1220.0,auv_01,bounded_path_correction,low,DENY,DENY_FORBIDDEN,hard_expired,1220.0,RECOVERING,False,True,True,False,A_hard_expiry_capsule_contraction,tr_41578464d64c_gpu
paper_ssp_200m_strong_v1,0,1000,1000.0,1220.0,auv_02,bounded_path_correction,low,DENY,DENY_FORBIDDEN,hard_expired,1220.0,RECOVERING,False,True,True,False,A_hard_expiry_capsule_contraction,tr_41578464d64c_gpu
paper_ssp_200m_strong_v1,0,1000,1000.0,1220.0,auv_03,bounded_path_correction,low,DENY,DENY_FORBIDDEN,hard_expired,1220.0,RECOVERING,False,True,True,False,A_hard_expiry_capsule_contraction,tr_41578464d64c_gpu
paper_ssp_200m_strong_v1,0,1000,1000.0,1220.0,auv_04,abandon_mandatory_inspection,consequential,DENY,DENY_RECOVERING_HARD_SAFETY,hard_expired,1220.0,RECOVERING,False,True,True,False,not_low_risk,tr_41578464d64c_gpu
paper_ssp_200m_strong_v1,0,1000,1000.0,1220.0,auv_05,bounded_path_correction,low,DENY,DENY_FORBIDDEN,hard_expired,1220.0,RECOVERING,False,True,True,False,A_hard_expiry_capsule_contraction,tr_41578464d64c_gpu
paper_ssp_200m_strong_v1,0,1000,1000.0,1220.0,auv_06,enter_exclusion_zone,consequential,DENY,DENY_RECOVERING_HARD_SAFETY,hard_expired,1220.0,RECOVERING,False,True,True,False,not_low_risk,tr_41578464d64c_gpu
paper_ssp_200m_strong_v1,0,1000,1000.0,1220.0,auv_07,enter_exclusion_zone,consequential,DENY,DENY_RECOVERING_HARD_SAFETY,hard_expired,1220.0,RECOVERING,False,True,True,False,not_low_risk,tr_41578464d64c_gpu
paper_ssp_200m_strong_v1,0,1000,1000.0,1220.0,auv_08,exceed_return_energy_reserve,consequential,DENY,DENY_RECOVERING_HARD_SAFETY,hard_expired,1220.0,RECOVERING,False,True,True,False,not_low_risk,tr_41578464d64c_gpu
paper_ssp_200m_strong_v1,0,1000,1000.0,1220.0,auv_09,hold_station,low,DENY,DENY_FORBIDDEN,hard_expired,1220.0,RECOVERING,False,True,True,False,A_hard_expiry_capsule_contraction,tr_41578464d64c_gpu
paper_ssp_200m_strong_v1,0,1000,1000.0,1220.0,auv_10,enter_exclusion_zone,consequential,DENY,DENY_RECOVERING_HARD_SAFETY,hard_expired,1220.0,RECOVERING,False,True,True,False,not_low_risk,tr_41578464d64c_gpu
paper_ssp_200m_strong_v1,0,1000,1000.0,1220.0,auv_11,bounded_path_correction,low,DENY,DENY_FORBIDDEN,hard_expired,1220.0,RECOVERING,False,True,True,False,A_hard_expiry_capsule_contraction,tr_41578464d64c_gpu
paper_ssp_200m_strong_v1,0,1000,1000.0,1240.0,auv_00,bounded_path_correction,low,DENY,DENY_FORBIDDEN,hard_expired,1240.0,RECOVERING,False,True,True,False,A_hard_expiry_capsule_contraction,tr_41578464d64c_gpu
paper_ssp_200m_strong_v1,0,1000,1000.0,1240.0,auv_01,bounded_path_correction,low,DENY,DENY_FORBIDDEN,hard_expired,1240.0,RECOVERING,False,True,True,False,A_hard_expiry_capsule_contraction,tr_41578464d64c_gpu
paper_ssp_200m_strong_v1,0,1000,1000.0,1240.0,auv_02,bounded_path_correction,low,DENY,DENY_FORBIDDEN,hard_expired,1240.0,RECOVERING,False,True,True,False,A_hard_expiry_capsule_contraction,tr_41578464d64c_gpu
paper_ssp_200m_strong_v1,0,1000,1000.0,1240.0,auv_03,bounded_path_correction,low,DENY,DENY_FORBIDDEN,hard_expired,1240.0,RECOVERING,False,True,True,False,A_hard_expiry_capsule_contraction,tr_41578464d64c_gpu
paper_ssp_200m_strong_v1,0,1000,1000.0,1240.0,auv_04,abandon_mandatory_inspection,consequential,DENY,DENY_RECOVERING_HARD_SAFETY,hard_expired,1240.0,RECOVERING,False,True,True,False,not_low_risk,tr_41578464d64c_gpu
paper_ssp_200m_strong_v1,0,1000,1000.0,1240.0,auv_05,bounded_path_correction,low,DENY,DENY_FORBIDDEN,hard_expired,1240.0,RECOVERING,False,True,True,False,A_hard_expiry_capsule_contraction,tr_41578464d64c_gpu
paper_ssp_200m_strong_v1,0,1000,1000.0,1240.0,auv_06,enter_exclusion_zone,consequential,DENY,DENY_RECOVERING_HARD_SAFETY,hard_expired,1240.0,RECOVERING,False,True,True,False,not_low_risk,tr_41578464d64c_gpu
paper_ssp_200m_strong_v1,0,1000,1000.0,1240.0,auv_07,enter_exclusion_zone,consequential,DENY,DENY_RECOVERING_HARD_SAFETY,hard_expired,1240.0,RECOVERING,False,True,True,False,not_low_risk,tr_41578464d64c_gpu
paper_ssp_200m_strong_v1,0,1000,1000.0,1240.0,auv_08,exceed_return_energy_reserve,consequential,DENY,DENY_RECOVERING_HARD_SAFETY,hard_expired,1240.0,RECOVERING,False,True,True,False,not_low_risk,tr_41578464d64c_gpu
paper_ssp_200m_strong_v1,0,1000,1000.0,1240.0,auv_09,hold_station,low,DENY,DENY_FORBIDDEN,hard_expired,1240.0,RECOVERING,False,True,True,False,A_hard_expiry_capsule_contraction,tr_41578464d64c_gpu
paper_ssp_200m_strong_v1,0,1000,1000.0,1240.0,auv_10,enter_exclusion_zone,consequential,DENY,DENY_RECOVERING_HARD_SAFETY,hard_expired,1240.0,RECOVERING,False,True,True,False,not_low_risk,tr_41578464d64c_gpu
paper_ssp_200m_strong_v1,0,1000,1000.0,1240.0,auv_11,bounded_path_correction,low,DENY,DENY_FORBIDDEN,hard_expired,1240.0,RECOVERING,False,True,True,False,A_hard_expiry_capsule_contraction,tr_41578464d64c_gpu
paper_ssp_200m_strong_v1,0,1000,1000.0,1260.0,auv_00,bounded_path_correction,low,DENY,DENY_FORBIDDEN,hard_expired,1260.0,PARTITIONED,False,True,True,False,A_hard_expiry_capsule_contraction,tr_41578464d64c_gpu
paper_ssp_200m_strong_v1,0,1000,1000.0,1260.0,auv_01,bounded_path_correction,low,DENY,DENY_FORBIDDEN,hard_expired,1260.0,PARTITIONED,False,True,True,False,A_hard_expiry_capsule_contraction,tr_41578464d64c_gpu
paper_ssp_200m_strong_v1,0,1000,1000.0,1260.0,auv_02,bounded_path_correction,low,DENY,DENY_FORBIDDEN,hard_expired,1260.0,PARTITIONED,False,True,True,False,A_hard_expiry_capsule_contraction,tr_41578464d64c_gpu
paper_ssp_200m_strong_v1,0,1000,1000.0,1260.0,auv_03,bounded_path_correction,low,DENY,DENY_FORBIDDEN,hard_expired,1260.0,PARTITIONED,False,True,True,False,A_hard_expiry_capsule_contraction,tr_41578464d64c_gpu
paper_ssp_200m_strong_v1,0,1000,1000.0,1260.0,auv_04,abandon_mandatory_inspection,consequential,DENY,DENY_HARD_EXPIRY,hard_expired,1260.0,PARTITIONED,False,True,True,False,not_low_risk,tr_41578464d64c_gpu
paper_ssp_200m_strong_v1,0,1000,1000.0,1260.0,auv_05,bounded_path_correction,low,DENY,DENY_FORBIDDEN,hard_expired,1260.0,PARTITIONED,False,True,True,False,A_hard_expiry_capsule_contraction,tr_41578464d64c_gpu
paper_ssp_200m_strong_v1,0,1000,1000.0,1260.0,auv_06,enter_exclusion_zone,consequential,DENY,DENY_HARD_EXPIRY,hard_expired,1260.0,PARTITIONED,False,True,True,False,not_low_risk,tr_41578464d64c_gpu
paper_ssp_200m_strong_v1,0,1000,1000.0,1260.0,auv_07,enter_exclusion_zone,consequential,DENY,DENY_HARD_EXPIRY,hard_expired,1260.0,PARTITIONED,False,True,True,False,not_low_risk,tr_41578464d64c_gpu
paper_ssp_200m_strong_v1,0,1000,1000.0,1260.0,auv_08,exceed_return_energy_reserve,consequential,DENY,DENY_HARD_EXPIRY,hard_expired,1260.0,PARTITIONED,False,True,True,False,not_low_risk,tr_41578464d64c_gpu
paper_ssp_200m_strong_v1,0,1000,1000.0,1260.0,auv_09,hold_station,low,DENY,DENY_FORBIDDEN,hard_expired,1260.0,PARTITIONED,False,True,True,False,A_hard_expiry_capsule_contraction,tr_41578464d64c_gpu
paper_ssp_200m_strong_v1,0,1000,1000.0,1260.0,auv_10,enter_exclusion_zone,consequential,DENY,DENY_HARD_EXPIRY,hard_expired,1260.0,PARTITIONED,False,True,True,False,not_low_risk,tr_41578464d64c_gpu
paper_ssp_200m_strong_v1,0,1000,1000.0,1260.0,auv_11,bounded_path_correction,low,DENY,DENY_FORBIDDEN,hard_expired,1260.0,PARTITIONED,False,True,True,False,A_hard_expiry_capsule_contraction,tr_41578464d64c_gpu
paper_ssp_200m_strong_v1,0,1000,1000.0,1280.0,auv_00,bounded_path_correction,low,DENY,DENY_FORBIDDEN,hard_expired,1280.0,PARTITIONED,False,True,True,False,A_hard_expiry_capsule_contraction,tr_41578464d64c_gpu
paper_ssp_200m_strong_v1,0,1000,1000.0,1280.0,auv_01,bounded_path_correction,low,DENY,DENY_FORBIDDEN,hard_expired,1280.0,PARTITIONED,False,True,True,False,A_hard_expiry_capsule_contraction,tr_41578464d64c_gpu
paper_ssp_200m_strong_v1,0,1000,1000.0,1280.0,auv_02,bounded_path_correction,low,DENY,DENY_FORBIDDEN,hard_expired,1280.0,PARTITIONED,False,True,True,False,A_hard_expiry_capsule_contraction,tr_41578464d64c_gpu
paper_ssp_200m_strong_v1,0,1000,1000.0,1280.0,auv_03,bounded_path_correction,low,DENY,DENY_FORBIDDEN,hard_expired,1280.0,PARTITIONED,False,True,True,False,A_hard_expiry_capsule_contraction,tr_41578464d64c_gpu
paper_ssp_200m_strong_v1,0,1000,1000.0,1280.0,auv_04,abandon_mandatory_inspection,consequential,DENY,DENY_HARD_EXPIRY,hard_expired,1280.0,PARTITIONED,False,True,True,False,not_low_risk,tr_41578464d64c_gpu
paper_ssp_200m_strong_v1,0,1000,1000.0,1280.0,auv_05,bounded_path_correction,low,DENY,DENY_FORBIDDEN,hard_expired,1280.0,PARTITIONED,False,True,True,False,A_hard_expiry_capsule_contraction,tr_41578464d64c_gpu
paper_ssp_200m_strong_v1,0,1000,1000.0,1280.0,auv_06,enter_exclusion_zone,consequential,DENY,DENY_HARD_EXPIRY,hard_expired,1280.0,PARTITIONED,False,True,True,False,not_low_risk,tr_41578464d64c_gpu
paper_ssp_200m_strong_v1,0,1000,1000.0,1280.0,auv_07,enter_exclusion_zone,consequential,DENY,DENY_HARD_EXPIRY,hard_expired,1280.0,PARTITIONED,False,True,True,False,not_low_risk,tr_41578464d64c_gpu
paper_ssp_200m_strong_v1,0,1000,1000.0,1280.0,auv_08,exceed_return_energy_reserve,consequential,DENY,DENY_HARD_EXPIRY,hard_expired,1280.0,PARTITIONED,False,True,True,False,not_low_risk,tr_41578464d64c_gpu
paper_ssp_200m_strong_v1,0,1000,1000.0,1280.0,auv_09,hold_station,low,DENY,DENY_FORBIDDEN,hard_expired,1280.0,PARTITIONED,False,True,True,False,A_hard_expiry_capsule_contraction,tr_41578464d64c_gpu
paper_ssp_200m_strong_v1,0,1000,1000.0,1280.0,auv_10,enter_exclusion_zone,consequential,DENY,DENY_HARD_EXPIRY,hard_expired,1280.0,PARTITIONED,False,True,True,False,not_low_risk,tr_41578464d64c_gpu
paper_ssp_200m_strong_v1,0,1000,1000.0,1280.0,auv_11,change_high_level_objective,consequential,DENY,DENY_HARD_EXPIRY,hard_expired,1280.0,PARTITIONED,False,True,True,False,not_low_risk,tr_41578464d64c_gpu
paper_ssp_200m_strong_v1,0,1000,1000.0,1300.0,auv_00,bounded_path_correction,low,DENY,DENY_FORBIDDEN,hard_expired,1300.0,PARTITIONED,False,True,True,False,A_hard_expiry_capsule_contraction,tr_41578464d64c_gpu
paper_ssp_200m_strong_v1,0,1000,1000.0,1300.0,auv_01,bounded_path_correction,low,DENY,DENY_FORBIDDEN,hard_expired,1300.0,PARTITIONED,False,True,True,False,A_hard_expiry_capsule_contraction,tr_41578464d64c_gpu
paper_ssp_200m_strong_v1,0,1000,1000.0,1300.0,auv_02,bounded_path_correction,low,DENY,DENY_FORBIDDEN,hard_expired,1300.0,PARTITIONED,False,True,True,False,A_hard_expiry_capsule_contraction,tr_41578464d64c_gpu
paper_ssp_200m_strong_v1,0,1000,1000.0,1300.0,auv_03,bounded_path_correction,low,DENY,DENY_FORBIDDEN,hard_expired,1300.0,PARTITIONED,False,True,True,False,A_hard_expiry_capsule_contraction,tr_41578464d64c_gpu
paper_ssp_200m_strong_v1,0,1000,1000.0,1300.0,auv_04,abandon_mandatory_inspection,consequential,DENY,DENY_HARD_EXPIRY,hard_expired,1300.0,PARTITIONED,False,True,True,False,not_low_risk,tr_41578464d64c_gpu
paper_ssp_200m_strong_v1,0,1000,1000.0,1300.0,auv_05,bounded_path_correction,low,DENY,DENY_FORBIDDEN,hard_expired,1300.0,PARTITIONED,False,True,True,False,A_hard_expiry_capsule_contraction,tr_41578464d64c_gpu
paper_ssp_200m_strong_v1,0,1000,1000.0,1300.0,auv_06,enter_exclusion_zone,consequential,DENY,DENY_HARD_EXPIRY,hard_expired,1300.0,PARTITIONED,False,True,True,False,not_low_risk,tr_41578464d64c_gpu
paper_ssp_200m_strong_v1,0,1000,1000.0,1300.0,auv_07,enter_exclusion_zone,consequential,DENY,DENY_HARD_EXPIRY,hard_expired,1300.0,PARTITIONED,False,True,True,False,not_low_risk,tr_41578464d64c_gpu
paper_ssp_200m_strong_v1,0,1000,1000.0,1300.0,auv_08,exceed_return_energy_reserve,consequential,DENY,DENY_HARD_EXPIRY,hard_expired,1300.0,PARTITIONED,False,True,True,False,not_low_risk,tr_41578464d64c_gpu
paper_ssp_200m_strong_v1,0,1000,1000.0,1300.0,auv_09,hold_station,low,DENY,DENY_FORBIDDEN,hard_expired,1300.0,PARTITIONED,False,True,True,False,A_hard_expiry_capsule_contraction,tr_41578464d64c_gpu
paper_ssp_200m_strong_v1,0,1000,1000.0,1300.0,auv_10,enter_exclusion_zone,consequential,DENY,DENY_HARD_EXPIRY,hard_expired,1300.0,PARTITIONED,False,True,True,False,not_low_risk,tr_41578464d64c_gpu
paper_ssp_200m_strong_v1,0,1000,1000.0,1300.0,auv_11,bounded_path_correction,low,DENY,DENY_FORBIDDEN,hard_expired,1300.0,PARTITIONED,False,True,True,False,A_hard_expiry_capsule_contraction,tr_41578464d64c_gpu
paper_ssp_200m_strong_v1,0,1000,1000.0,1320.0,auv_00,bounded_path_correction,low,DENY,DENY_FORBIDDEN,hard_expired,1320.0,PARTITIONED,False,True,True,False,A_hard_expiry_capsule_contraction,tr_41578464d64c_gpu
paper_ssp_200m_strong_v1,0,1000,1000.0,1320.0,auv_01,bounded_path_correction,low,DENY,DENY_FORBIDDEN,hard_expired,1320.0,PARTITIONED,False,True,True,False,A_hard_expiry_capsule_contraction,tr_41578464d64c_gpu
paper_ssp_200m_strong_v1,0,1000,1000.0,1320.0,auv_02,bounded_path_correction,low,DENY,DENY_FORBIDDEN,hard_expired,1320.0,PARTITIONED,False,True,True,False,A_hard_expiry_capsule_contraction,tr_41578464d64c_gpu
paper_ssp_200m_strong_v1,0,1000,1000.0,1320.0,auv_03,bounded_path_correction,low,DENY,DENY_FORBIDDEN,hard_expired,1320.0,PARTITIONED,False,True,True,False,A_hard_expiry_capsule_contraction,tr_41578464d64c_gpu
paper_ssp_200m_strong_v1,0,1000,1000.0,1320.0,auv_04,abandon_mandatory_inspection,consequential,DENY,DENY_HARD_EXPIRY,hard_expired,1320.0,PARTITIONED,False,True,True,False,not_low_risk,tr_41578464d64c_gpu
paper_ssp_200m_strong_v1,0,1000,1000.0,1320.0,auv_05,bounded_path_correction,low,DENY,DENY_FORBIDDEN,hard_expired,1320.0,PARTITIONED,False,True,True,False,A_hard_expiry_capsule_contraction,tr_41578464d64c_gpu
paper_ssp_200m_strong_v1,0,1000,1000.0,1320.0,auv_06,enter_exclusion_zone,consequential,DENY,DENY_HARD_EXPIRY,hard_expired,1320.0,PARTITIONED,False,True,True,False,not_low_risk,tr_41578464d64c_gpu
paper_ssp_200m_strong_v1,0,1000,1000.0,1320.0,auv_07,enter_exclusion_zone,consequential,DENY,DENY_HARD_EXPIRY,hard_expired,1320.0,PARTITIONED,False,True,True,False,not_low_risk,tr_41578464d64c_gpu
paper_ssp_200m_strong_v1,0,1000,1000.0,1320.0,auv_08,exceed_return_energy_reserve,consequential,DENY,DENY_HARD_EXPIRY,hard_expired,1320.0,PARTITIONED,False,True,True,False,not_low_risk,tr_41578464d64c_gpu
paper_ssp_200m_strong_v1,0,1000,1000.0,1320.0,auv_09,hold_station,low,DENY,DENY_FORBIDDEN,hard_expired,1320.0,PARTITIONED,False,True,True,False,A_hard_expiry_capsule_contraction,tr_41578464d64c_gpu
paper_ssp_200m_strong_v1,0,1000,1000.0,1320.0,auv_10,enter_exclusion_zone,consequential,DENY,DENY_HARD_EXPIRY,hard_expired,1320.0,PARTITIONED,False,True,True,False,not_low_risk,tr_41578464d64c_gpu
paper_ssp_200m_strong_v1,0,1000,1000.0,1320.0,auv_11,bounded_path_correction,low,DENY,DENY_FORBIDDEN,hard_expired,1320.0,PARTITIONED,False,True,True,False,A_hard_expiry_capsule_contraction,tr_41578464d64c_gpu
paper_ssp_200m_strong_v1,0,1000,1000.0,1340.0,auv_00,bounded_path_correction,low,DENY,DENY_FORBIDDEN,hard_expired,1340.0,PARTITIONED,False,True,True,False,A_hard_expiry_capsule_contraction,tr_41578464d64c_gpu
paper_ssp_200m_strong_v1,0,1000,1000.0,1340.0,auv_01,bounded_path_correction,low,DENY,DENY_FORBIDDEN,hard_expired,1340.0,PARTITIONED,False,True,True,False,A_hard_expiry_capsule_contraction,tr_41578464d64c_gpu
paper_ssp_200m_strong_v1,0,1000,1000.0,1340.0,auv_02,bounded_path_correction,low,DENY,DENY_FORBIDDEN,hard_expired,1340.0,PARTITIONED,False,True,True,False,A_hard_expiry_capsule_contraction,tr_41578464d64c_gpu
paper_ssp_200m_strong_v1,0,1000,1000.0,1340.0,auv_03,bounded_path_correction,low,DENY,DENY_FORBIDDEN,hard_expired,1340.0,PARTITIONED,False,True,True,False,A_hard_expiry_capsule_contraction,tr_41578464d64c_gpu
paper_ssp_200m_strong_v1,0,1000,1000.0,1340.0,auv_04,abandon_mandatory_inspection,consequential,DENY,DENY_HARD_EXPIRY,hard_expired,1340.0,PARTITIONED,False,True,True,False,not_low_risk,tr_41578464d64c_gpu
paper_ssp_200m_strong_v1,0,1000,1000.0,1340.0,auv_05,bounded_path_correction,low,DENY,DENY_FORBIDDEN,hard_expired,1340.0,PARTITIONED,False,True,True,False,A_hard_expiry_capsule_contraction,tr_41578464d64c_gpu
paper_ssp_200m_strong_v1,0,1000,1000.0,1340.0,auv_06,enter_exclusion_zone,consequential,DENY,DENY_HARD_EXPIRY,hard_expired,1340.0,PARTITIONED,False,True,True,False,not_low_risk,tr_41578464d64c_gpu
paper_ssp_200m_strong_v1,0,1000,1000.0,1340.0,auv_07,enter_exclusion_zone,consequential,DENY,DENY_HARD_EXPIRY,hard_expired,1340.0,PARTITIONED,False,True,True,False,not_low_risk,tr_41578464d64c_gpu
paper_ssp_200m_strong_v1,0,1000,1000.0,1340.0,auv_08,exceed_return_energy_reserve,consequential,DENY,DENY_HARD_EXPIRY,hard_expired,1340.0,PARTITIONED,False,True,True,False,not_low_risk,tr_41578464d64c_gpu
paper_ssp_200m_strong_v1,0,1000,1000.0,1340.0,auv_09,hold_station,low,DENY,DENY_FORBIDDEN,hard_expired,1340.0,PARTITIONED,False,True,True,False,A_hard_expiry_capsule_contraction,tr_41578464d64c_gpu
paper_ssp_200m_strong_v1,0,1000,1000.0,1340.0,auv_10,enter_exclusion_zone,consequential,DENY,DENY_HARD_EXPIRY,hard_expired,1340.0,PARTITIONED,False,True,True,False,not_low_risk,tr_41578464d64c_gpu
paper_ssp_200m_strong_v1,0,1000,1000.0,1340.0,auv_11,bounded_path_correction,low,DENY,DENY_FORBIDDEN,hard_expired,1340.0,PARTITIONED,False,True,True,False,A_hard_expiry_capsule_contraction,tr_41578464d64c_gpu
paper_ssp_200m_strong_v1,0,1000,1000.0,1360.0,auv_00,bounded_path_correction,low,DENY,DENY_FORBIDDEN,hard_expired,1360.0,PARTITIONED,False,True,True,False,A_hard_expiry_capsule_contraction,tr_41578464d64c_gpu
paper_ssp_200m_strong_v1,0,1000,1000.0,1360.0,auv_01,bounded_path_correction,low,DENY,DENY_FORBIDDEN,hard_expired,1360.0,PARTITIONED,False,True,True,False,A_hard_expiry_capsule_contraction,tr_41578464d64c_gpu
paper_ssp_200m_strong_v1,0,1000,1000.0,1360.0,auv_02,bounded_path_correction,low,DENY,DENY_FORBIDDEN,hard_expired,1360.0,PARTITIONED,False,True,True,False,A_hard_expiry_capsule_contraction,tr_41578464d64c_gpu
paper_ssp_200m_strong_v1,0,1000,1000.0,1360.0,auv_03,bounded_path_correction,low,DENY,DENY_FORBIDDEN,hard_expired,1360.0,PARTITIONED,False,True,True,False,A_hard_expiry_capsule_contraction,tr_41578464d64c_gpu
paper_ssp_200m_strong_v1,0,1000,1000.0,1360.0,auv_04,abandon_mandatory_inspection,consequential,DENY,DENY_HARD_EXPIRY,hard_expired,1360.0,PARTITIONED,False,True,True,False,not_low_risk,tr_41578464d64c_gpu
paper_ssp_200m_strong_v1,0,1000,1000.0,1360.0,auv_05,bounded_path_correction,low,DENY,DENY_FORBIDDEN,hard_expired,1360.0,PARTITIONED,False,True,True,False,A_hard_expiry_capsule_contraction,tr_41578464d64c_gpu
paper_ssp_200m_strong_v1,0,1000,1000.0,1360.0,auv_06,enter_exclusion_zone,consequential,DENY,DENY_HARD_EXPIRY,hard_expired,1360.0,PARTITIONED,False,True,True,False,not_low_risk,tr_41578464d64c_gpu
paper_ssp_200m_strong_v1,0,1000,1000.0,1360.0,auv_07,enter_exclusion_zone,consequential,DENY,DENY_HARD_EXPIRY,hard_expired,1360.0,PARTITIONED,False,True,True,False,not_low_risk,tr_41578464d64c_gpu
paper_ssp_200m_strong_v1,0,1000,1000.0,1360.0,auv_08,exceed_return_energy_reserve,consequential,DENY,DENY_HARD_EXPIRY,hard_expired,1360.0,PARTITIONED,False,True,True,False,not_low_risk,tr_41578464d64c_gpu
paper_ssp_200m_strong_v1,0,1000,1000.0,1360.0,auv_09,hold_station,low,DENY,DENY_FORBIDDEN,hard_expired,1360.0,PARTITIONED,False,True,True,False,A_hard_expiry_capsule_contraction,tr_41578464d64c_gpu
paper_ssp_200m_strong_v1,0,1000,1000.0,1360.0,auv_10,enter_exclusion_zone,consequential,DENY,DENY_HARD_EXPIRY,hard_expired,1360.0,PARTITIONED,False,True,True,False,not_low_risk,tr_41578464d64c_gpu
paper_ssp_200m_strong_v1,0,1000,1000.0,1360.0,auv_11,change_high_level_objective,consequential,DENY,DENY_HARD_EXPIRY,hard_expired,1360.0,PARTITIONED,False,True,True,False,not_low_risk,tr_41578464d64c_gpu
paper_ssp_200m_strong_v1,0,1000,1000.0,1380.0,auv_00,bounded_path_correction,low,DENY,DENY_FORBIDDEN,hard_expired,1380.0,PARTITIONED,False,True,True,False,A_hard_expiry_capsule_contraction,tr_41578464d64c_gpu
paper_ssp_200m_strong_v1,0,1000,1000.0,1380.0,auv_01,bounded_path_correction,low,DENY,DENY_FORBIDDEN,hard_expired,1380.0,PARTITIONED,False,True,True,False,A_hard_expiry_capsule_contraction,tr_41578464d64c_gpu
paper_ssp_200m_strong_v1,0,1000,1000.0,1380.0,auv_02,bounded_path_correction,low,DENY,DENY_FORBIDDEN,hard_expired,1380.0,PARTITIONED,False,True,True,False,A_hard_expiry_capsule_contraction,tr_41578464d64c_gpu
paper_ssp_200m_strong_v1,0,1000,1000.0,1380.0,auv_03,bounded_path_correction,low,DENY,DENY_FORBIDDEN,hard_expired,1380.0,PARTITIONED,False,True,True,False,A_hard_expiry_capsule_contraction,tr_41578464d64c_gpu
paper_ssp_200m_strong_v1,0,1000,1000.0,1380.0,auv_04,abandon_mandatory_inspection,consequential,DENY,DENY_HARD_EXPIRY,hard_expired,1380.0,PARTITIONED,False,True,True,False,not_low_risk,tr_41578464d64c_gpu
paper_ssp_200m_strong_v1,0,1000,1000.0,1380.0,auv_05,bounded_path_correction,low,DENY,DENY_FORBIDDEN,hard_expired,1380.0,PARTITIONED,False,True,True,False,A_hard_expiry_capsule_contraction,tr_41578464d64c_gpu
paper_ssp_200m_strong_v1,0,1000,1000.0,1380.0,auv_06,enter_exclusion_zone,consequential,DENY,DENY_HARD_EXPIRY,hard_expired,1380.0,PARTITIONED,False,True,True,False,not_low_risk,tr_41578464d64c_gpu
paper_ssp_200m_strong_v1,0,1000,1000.0,1380.0,auv_07,enter_exclusion_zone,consequential,DENY,DENY_HARD_EXPIRY,hard_expired,1380.0,PARTITIONED,False,True,True,False,not_low_risk,tr_41578464d64c_gpu
paper_ssp_200m_strong_v1,0,1000,1000.0,1380.0,auv_08,exceed_return_energy_reserve,consequential,DENY,DENY_HARD_EXPIRY,hard_expired,1380.0,PARTITIONED,False,True,True,False,not_low_risk,tr_41578464d64c_gpu
paper_ssp_200m_strong_v1,0,1000,1000.0,1380.0,auv_09,hold_station,low,DENY,DENY_FORBIDDEN,hard_expired,1380.0,PARTITIONED,False,True,True,False,A_hard_expiry_capsule_contraction,tr_41578464d64c_gpu
paper_ssp_200m_strong_v1,0,1000,1000.0,1380.0,auv_10,enter_exclusion_zone,consequential,DENY,DENY_HARD_EXPIRY,hard_expired,1380.0,PARTITIONED,False,True,True,False,not_low_risk,tr_41578464d64c_gpu
paper_ssp_200m_strong_v1,0,1000,1000.0,1380.0,auv_11,bounded_path_correction,low,DENY,DENY_FORBIDDEN,hard_expired,1380.0,PARTITIONED,False,True,True,False,A_hard_expiry_capsule_contraction,tr_41578464d64c_gpu
paper_ssp_200m_strong_v1,1,1000,1000.0,1060.0,auv_06,enter_exclusion_zone,consequential,DENY,DENY_HARD_EXPIRY,hard_expired,900.0,PARTITIONED,False,True,True,False,not_low_risk,tr_6c0fce5b4aa8_gpu
paper_ssp_200m_strong_v1,1,1000,1000.0,1060.0,auv_07,enter_exclusion_zone,consequential,DENY,DENY_HARD_EXPIRY,hard_expired,900.0,PARTITIONED,False,True,True,False,not_low_risk,tr_6c0fce5b4aa8_gpu
paper_ssp_200m_strong_v1,1,1000,1000.0,1060.0,auv_08,exceed_return_energy_reserve,consequential,DENY,DENY_HARD_EXPIRY,hard_expired,900.0,PARTITIONED,False,True,True,False,not_low_risk,tr_6c0fce5b4aa8_gpu
paper_ssp_200m_strong_v1,1,1000,1000.0,1060.0,auv_09,hold_station,low,DENY,DENY_FORBIDDEN,hard_expired,900.0,PARTITIONED,False,True,True,False,A_hard_expiry_capsule_contraction,tr_6c0fce5b4aa8_gpu
paper_ssp_200m_strong_v1,1,1000,1000.0,1060.0,auv_10,enter_exclusion_zone,consequential,DENY,DENY_HARD_EXPIRY,hard_expired,900.0,PARTITIONED,False,True,True,False,not_low_risk,tr_6c0fce5b4aa8_gpu
paper_ssp_200m_strong_v1,1,1000,1000.0,1060.0,auv_11,bounded_path_correction,low,DENY,DENY_FORBIDDEN,hard_expired,900.0,PARTITIONED,False,True,True,False,A_hard_expiry_capsule_contraction,tr_6c0fce5b4aa8_gpu
paper_ssp_200m_strong_v1,1,1000,1000.0,1080.0,auv_06,enter_exclusion_zone,consequential,DENY,DENY_HARD_EXPIRY,hard_expired,920.0,PARTITIONED,False,True,True,False,not_low_risk,tr_6c0fce5b4aa8_gpu
paper_ssp_200m_strong_v1,1,1000,1000.0,1080.0,auv_07,enter_exclusion_zone,consequential,DENY,DENY_HARD_EXPIRY,hard_expired,920.0,PARTITIONED,False,True,True,False,not_low_risk,tr_6c0fce5b4aa8_gpu
paper_ssp_200m_strong_v1,1,1000,1000.0,1080.0,auv_08,exceed_return_energy_reserve,consequential,DENY,DENY_HARD_EXPIRY,hard_expired,920.0,PARTITIONED,False,True,True,False,not_low_risk,tr_6c0fce5b4aa8_gpu
paper_ssp_200m_strong_v1,1,1000,1000.0,1080.0,auv_09,hold_station,low,DENY,DENY_FORBIDDEN,hard_expired,920.0,PARTITIONED,False,True,True,False,A_hard_expiry_capsule_contraction,tr_6c0fce5b4aa8_gpu
paper_ssp_200m_strong_v1,1,1000,1000.0,1080.0,auv_10,enter_exclusion_zone,consequential,DENY,DENY_HARD_EXPIRY,hard_expired,920.0,PARTITIONED,False,True,True,False,not_low_risk,tr_6c0fce5b4aa8_gpu
paper_ssp_200m_strong_v1,1,1000,1000.0,1080.0,auv_11,bounded_path_correction,low,DENY,DENY_FORBIDDEN,hard_expired,920.0,PARTITIONED,False,True,True,False,A_hard_expiry_capsule_contraction,tr_6c0fce5b4aa8_gpu
paper_ssp_200m_strong_v1,1,1000,1000.0,1100.0,auv_06,enter_exclusion_zone,consequential,DENY,DENY_HARD_EXPIRY,hard_expired,940.0,PARTITIONED,False,True,True,False,not_low_risk,tr_6c0fce5b4aa8_gpu
paper_ssp_200m_strong_v1,1,1000,1000.0,1100.0,auv_07,enter_exclusion_zone,consequential,DENY,DENY_HARD_EXPIRY,hard_expired,940.0,PARTITIONED,False,True,True,False,not_low_risk,tr_6c0fce5b4aa8_gpu
paper_ssp_200m_strong_v1,1,1000,1000.0,1100.0,auv_08,exceed_return_energy_reserve,consequential,DENY,DENY_HARD_EXPIRY,hard_expired,940.0,PARTITIONED,False,True,True,False,not_low_risk,tr_6c0fce5b4aa8_gpu
paper_ssp_200m_strong_v1,1,1000,1000.0,1100.0,auv_09,hold_station,low,DENY,DENY_FORBIDDEN,hard_expired,940.0,PARTITIONED,False,True,True,False,A_hard_expiry_capsule_contraction,tr_6c0fce5b4aa8_gpu
paper_ssp_200m_strong_v1,1,1000,1000.0,1100.0,auv_10,enter_exclusion_zone,consequential,DENY,DENY_HARD_EXPIRY,hard_expired,940.0,PARTITIONED,False,True,True,False,not_low_risk,tr_6c0fce5b4aa8_gpu
paper_ssp_200m_strong_v1,1,1000,1000.0,1100.0,auv_11,bounded_path_correction,low,DENY,DENY_FORBIDDEN,hard_expired,940.0,PARTITIONED,False,True,True,False,A_hard_expiry_capsule_contraction,tr_6c0fce5b4aa8_gpu
paper_ssp_200m_strong_v1,1,1000,1000.0,1120.0,auv_06,enter_exclusion_zone,consequential,DENY,DENY_HARD_EXPIRY,hard_expired,960.0,PARTITIONED,False,True,True,False,not_low_risk,tr_6c0fce5b4aa8_gpu
paper_ssp_200m_strong_v1,1,1000,1000.0,1120.0,auv_07,enter_exclusion_zone,consequential,DENY,DENY_HARD_EXPIRY,hard_expired,960.0,PARTITIONED,False,True,True,False,not_low_risk,tr_6c0fce5b4aa8_gpu
paper_ssp_200m_strong_v1,1,1000,1000.0,1120.0,auv_08,exceed_return_energy_reserve,consequential,DENY,DENY_HARD_EXPIRY,hard_expired,960.0,PARTITIONED,False,True,True,False,not_low_risk,tr_6c0fce5b4aa8_gpu
paper_ssp_200m_strong_v1,1,1000,1000.0,1120.0,auv_09,hold_station,low,DENY,DENY_FORBIDDEN,hard_expired,960.0,PARTITIONED,False,True,True,False,A_hard_expiry_capsule_contraction,tr_6c0fce5b4aa8_gpu
paper_ssp_200m_strong_v1,1,1000,1000.0,1120.0,auv_10,enter_exclusion_zone,consequential,DENY,DENY_HARD_EXPIRY,hard_expired,960.0,PARTITIONED,False,True,True,False,not_low_risk,tr_6c0fce5b4aa8_gpu
paper_ssp_200m_strong_v1,1,1000,1000.0,1120.0,auv_11,change_high_level_objective,consequential,DENY,DENY_HARD_EXPIRY,hard_expired,960.0,PARTITIONED,False,True,True,False,not_low_risk,tr_6c0fce5b4aa8_gpu
paper_ssp_200m_strong_v1,1,1000,1000.0,1140.0,auv_06,exceed_return_energy_reserve,consequential,DENY,DENY_HARD_EXPIRY,hard_expired,980.0,PARTITIONED,False,True,True,False,not_low_risk,tr_6c0fce5b4aa8_gpu
paper_ssp_200m_strong_v1,1,1000,1000.0,1140.0,auv_07,exceed_return_energy_reserve,consequential,DENY,DENY_HARD_EXPIRY,hard_expired,980.0,PARTITIONED,False,True,True,False,not_low_risk,tr_6c0fce5b4aa8_gpu
paper_ssp_200m_strong_v1,1,1000,1000.0,1140.0,auv_08,exceed_return_energy_reserve,consequential,DENY,DENY_HARD_EXPIRY,hard_expired,980.0,PARTITIONED,False,True,True,False,not_low_risk,tr_6c0fce5b4aa8_gpu
paper_ssp_200m_strong_v1,1,1000,1000.0,1140.0,auv_09,hold_station,low,DENY,DENY_FORBIDDEN,hard_expired,980.0,PARTITIONED,False,True,True,False,A_hard_expiry_capsule_contraction,tr_6c0fce5b4aa8_gpu
paper_ssp_200m_strong_v1,1,1000,1000.0,1140.0,auv_10,exceed_return_energy_reserve,consequential,DENY,DENY_HARD_EXPIRY,hard_expired,980.0,PARTITIONED,False,True,True,False,not_low_risk,tr_6c0fce5b4aa8_gpu
paper_ssp_200m_strong_v1,1,1000,1000.0,1140.0,auv_11,exceed_return_energy_reserve,consequential,DENY,DENY_HARD_EXPIRY,hard_expired,980.0,PARTITIONED,False,True,True,False,not_low_risk,tr_6c0fce5b4aa8_gpu
paper_ssp_200m_strong_v1,1,1000,1000.0,1160.0,auv_06,enter_exclusion_zone,consequential,DENY,DENY_HARD_EXPIRY,hard_expired,1000.0,PARTITIONED,False,True,True,False,not_low_risk,tr_6c0fce5b4aa8_gpu
paper_ssp_200m_strong_v1,1,1000,1000.0,1160.0,auv_07,enter_exclusion_zone,consequential,DENY,DENY_HARD_EXPIRY,hard_expired,1000.0,PARTITIONED,False,True,True,False,not_low_risk,tr_6c0fce5b4aa8_gpu
paper_ssp_200m_strong_v1,1,1000,1000.0,1160.0,auv_08,exceed_return_energy_reserve,consequential,DENY,DENY_HARD_EXPIRY,hard_expired,1000.0,PARTITIONED,False,True,True,False,not_low_risk,tr_6c0fce5b4aa8_gpu
paper_ssp_200m_strong_v1,1,1000,1000.0,1160.0,auv_09,hold_station,low,DENY,DENY_FORBIDDEN,hard_expired,1000.0,PARTITIONED,False,True,True,False,A_hard_expiry_capsule_contraction,tr_6c0fce5b4aa8_gpu
paper_ssp_200m_strong_v1,1,1000,1000.0,1160.0,auv_10,enter_exclusion_zone,consequential,DENY,DENY_HARD_EXPIRY,hard_expired,1000.0,PARTITIONED,False,True,True,False,not_low_risk,tr_6c0fce5b4aa8_gpu
paper_ssp_200m_strong_v1,1,1000,1000.0,1160.0,auv_11,bounded_path_correction,low,DENY,DENY_FORBIDDEN,hard_expired,1000.0,PARTITIONED,False,True,True,False,A_hard_expiry_capsule_contraction,tr_6c0fce5b4aa8_gpu
paper_ssp_200m_strong_v1,1,1000,1000.0,1180.0,auv_06,enter_exclusion_zone,consequential,DENY,DENY_HARD_EXPIRY,hard_expired,1020.0,PARTITIONED,False,True,True,False,not_low_risk,tr_6c0fce5b4aa8_gpu
paper_ssp_200m_strong_v1,1,1000,1000.0,1180.0,auv_07,enter_exclusion_zone,consequential,DENY,DENY_HARD_EXPIRY,hard_expired,1020.0,PARTITIONED,False,True,True,False,not_low_risk,tr_6c0fce5b4aa8_gpu
paper_ssp_200m_strong_v1,1,1000,1000.0,1180.0,auv_08,exceed_return_energy_reserve,consequential,DENY,DENY_HARD_EXPIRY,hard_expired,1020.0,PARTITIONED,False,True,True,False,not_low_risk,tr_6c0fce5b4aa8_gpu
paper_ssp_200m_strong_v1,1,1000,1000.0,1180.0,auv_09,hold_station,low,DENY,DENY_FORBIDDEN,hard_expired,1020.0,PARTITIONED,False,True,True,False,A_hard_expiry_capsule_contraction,tr_6c0fce5b4aa8_gpu
paper_ssp_200m_strong_v1,1,1000,1000.0,1180.0,auv_10,enter_exclusion_zone,consequential,DENY,DENY_HARD_EXPIRY,hard_expired,1020.0,PARTITIONED,False,True,True,False,not_low_risk,tr_6c0fce5b4aa8_gpu
paper_ssp_200m_strong_v1,1,1000,1000.0,1180.0,auv_11,bounded_path_correction,low,DENY,DENY_FORBIDDEN,hard_expired,1020.0,PARTITIONED,False,True,True,False,A_hard_expiry_capsule_contraction,tr_6c0fce5b4aa8_gpu
paper_ssp_200m_strong_v1,2,1000,1000.0,1060.0,auv_06,enter_exclusion_zone,consequential,DENY,DENY_HARD_EXPIRY,hard_expired,900.0,PARTITIONED,False,True,True,False,not_low_risk,tr_e18b2f198ce8_gpu
paper_ssp_200m_strong_v1,2,1000,1000.0,1060.0,auv_07,enter_exclusion_zone,consequential,DENY,DENY_HARD_EXPIRY,hard_expired,900.0,PARTITIONED,False,True,True,False,not_low_risk,tr_e18b2f198ce8_gpu
paper_ssp_200m_strong_v1,2,1000,1000.0,1060.0,auv_08,exceed_return_energy_reserve,consequential,DENY,DENY_HARD_EXPIRY,hard_expired,900.0,PARTITIONED,False,True,True,False,not_low_risk,tr_e18b2f198ce8_gpu
paper_ssp_200m_strong_v1,2,1000,1000.0,1060.0,auv_09,hold_station,low,DENY,DENY_FORBIDDEN,hard_expired,900.0,PARTITIONED,False,True,True,False,A_hard_expiry_capsule_contraction,tr_e18b2f198ce8_gpu
paper_ssp_200m_strong_v1,2,1000,1000.0,1060.0,auv_10,enter_exclusion_zone,consequential,DENY,DENY_HARD_EXPIRY,hard_expired,900.0,PARTITIONED,False,True,True,False,not_low_risk,tr_e18b2f198ce8_gpu
paper_ssp_200m_strong_v1,2,1000,1000.0,1060.0,auv_11,bounded_path_correction,low,DENY,DENY_FORBIDDEN,hard_expired,900.0,PARTITIONED,False,True,True,False,A_hard_expiry_capsule_contraction,tr_e18b2f198ce8_gpu
paper_ssp_200m_strong_v1,2,1000,1000.0,1080.0,auv_06,enter_exclusion_zone,consequential,DENY,DENY_HARD_EXPIRY,hard_expired,920.0,PARTITIONED,False,True,True,False,not_low_risk,tr_e18b2f198ce8_gpu
paper_ssp_200m_strong_v1,2,1000,1000.0,1080.0,auv_07,enter_exclusion_zone,consequential,DENY,DENY_HARD_EXPIRY,hard_expired,920.0,PARTITIONED,False,True,True,False,not_low_risk,tr_e18b2f198ce8_gpu
paper_ssp_200m_strong_v1,2,1000,1000.0,1080.0,auv_08,exceed_return_energy_reserve,consequential,DENY,DENY_HARD_EXPIRY,hard_expired,920.0,PARTITIONED,False,True,True,False,not_low_risk,tr_e18b2f198ce8_gpu
paper_ssp_200m_strong_v1,2,1000,1000.0,1080.0,auv_09,hold_station,low,DENY,DENY_FORBIDDEN,hard_expired,920.0,PARTITIONED,False,True,True,False,A_hard_expiry_capsule_contraction,tr_e18b2f198ce8_gpu
paper_ssp_200m_strong_v1,2,1000,1000.0,1080.0,auv_10,enter_exclusion_zone,consequential,DENY,DENY_HARD_EXPIRY,hard_expired,920.0,PARTITIONED,False,True,True,False,not_low_risk,tr_e18b2f198ce8_gpu
paper_ssp_200m_strong_v1,2,1000,1000.0,1080.0,auv_11,bounded_path_correction,low,DENY,DENY_FORBIDDEN,hard_expired,920.0,PARTITIONED,False,True,True,False,A_hard_expiry_capsule_contraction,tr_e18b2f198ce8_gpu
paper_ssp_200m_strong_v1,2,1000,1000.0,1100.0,auv_06,enter_exclusion_zone,consequential,DENY,DENY_HARD_EXPIRY,hard_expired,940.0,PARTITIONED,False,True,True,False,not_low_risk,tr_e18b2f198ce8_gpu
paper_ssp_200m_strong_v1,2,1000,1000.0,1100.0,auv_07,enter_exclusion_zone,consequential,DENY,DENY_HARD_EXPIRY,hard_expired,940.0,PARTITIONED,False,True,True,False,not_low_risk,tr_e18b2f198ce8_gpu
paper_ssp_200m_strong_v1,2,1000,1000.0,1100.0,auv_08,exceed_return_energy_reserve,consequential,DENY,DENY_HARD_EXPIRY,hard_expired,940.0,PARTITIONED,False,True,True,False,not_low_risk,tr_e18b2f198ce8_gpu
paper_ssp_200m_strong_v1,2,1000,1000.0,1100.0,auv_09,hold_station,low,DENY,DENY_FORBIDDEN,hard_expired,940.0,PARTITIONED,False,True,True,False,A_hard_expiry_capsule_contraction,tr_e18b2f198ce8_gpu
paper_ssp_200m_strong_v1,2,1000,1000.0,1100.0,auv_10,enter_exclusion_zone,consequential,DENY,DENY_HARD_EXPIRY,hard_expired,940.0,PARTITIONED,False,True,True,False,not_low_risk,tr_e18b2f198ce8_gpu
paper_ssp_200m_strong_v1,2,1000,1000.0,1100.0,auv_11,bounded_path_correction,low,DENY,DENY_FORBIDDEN,hard_expired,940.0,PARTITIONED,False,True,True,False,A_hard_expiry_capsule_contraction,tr_e18b2f198ce8_gpu
paper_ssp_200m_strong_v1,2,1000,1000.0,1120.0,auv_06,enter_exclusion_zone,consequential,DENY,DENY_HARD_EXPIRY,hard_expired,960.0,PARTITIONED,False,True,True,False,not_low_risk,tr_e18b2f198ce8_gpu
paper_ssp_200m_strong_v1,2,1000,1000.0,1120.0,auv_07,enter_exclusion_zone,consequential,DENY,DENY_HARD_EXPIRY,hard_expired,960.0,PARTITIONED,False,True,True,False,not_low_risk,tr_e18b2f198ce8_gpu
paper_ssp_200m_strong_v1,2,1000,1000.0,1120.0,auv_08,exceed_return_energy_reserve,consequential,DENY,DENY_HARD_EXPIRY,hard_expired,960.0,PARTITIONED,False,True,True,False,not_low_risk,tr_e18b2f198ce8_gpu
paper_ssp_200m_strong_v1,2,1000,1000.0,1120.0,auv_09,hold_station,low,DENY,DENY_FORBIDDEN,hard_expired,960.0,PARTITIONED,False,True,True,False,A_hard_expiry_capsule_contraction,tr_e18b2f198ce8_gpu
paper_ssp_200m_strong_v1,2,1000,1000.0,1120.0,auv_10,enter_exclusion_zone,consequential,DENY,DENY_HARD_EXPIRY,hard_expired,960.0,PARTITIONED,False,True,True,False,not_low_risk,tr_e18b2f198ce8_gpu
paper_ssp_200m_strong_v1,2,1000,1000.0,1120.0,auv_11,change_high_level_objective,consequential,DENY,DENY_HARD_EXPIRY,hard_expired,960.0,PARTITIONED,False,True,True,False,not_low_risk,tr_e18b2f198ce8_gpu
paper_ssp_200m_strong_v1,2,1000,1000.0,1140.0,auv_06,exceed_return_energy_reserve,consequential,DENY,DENY_HARD_EXPIRY,hard_expired,980.0,PARTITIONED,False,True,True,False,not_low_risk,tr_e18b2f198ce8_gpu
paper_ssp_200m_strong_v1,2,1000,1000.0,1140.0,auv_07,exceed_return_energy_reserve,consequential,DENY,DENY_HARD_EXPIRY,hard_expired,980.0,PARTITIONED,False,True,True,False,not_low_risk,tr_e18b2f198ce8_gpu
paper_ssp_200m_strong_v1,2,1000,1000.0,1140.0,auv_08,exceed_return_energy_reserve,consequential,DENY,DENY_HARD_EXPIRY,hard_expired,980.0,PARTITIONED,False,True,True,False,not_low_risk,tr_e18b2f198ce8_gpu
paper_ssp_200m_strong_v1,2,1000,1000.0,1140.0,auv_09,hold_station,low,DENY,DENY_FORBIDDEN,hard_expired,980.0,PARTITIONED,False,True,True,False,A_hard_expiry_capsule_contraction,tr_e18b2f198ce8_gpu
paper_ssp_200m_strong_v1,2,1000,1000.0,1140.0,auv_10,exceed_return_energy_reserve,consequential,DENY,DENY_HARD_EXPIRY,hard_expired,980.0,PARTITIONED,False,True,True,False,not_low_risk,tr_e18b2f198ce8_gpu
paper_ssp_200m_strong_v1,2,1000,1000.0,1140.0,auv_11,exceed_return_energy_reserve,consequential,DENY,DENY_HARD_EXPIRY,hard_expired,980.0,PARTITIONED,False,True,True,False,not_low_risk,tr_e18b2f198ce8_gpu
paper_ssp_200m_strong_v1,2,1000,1000.0,1160.0,auv_06,enter_exclusion_zone,consequential,DENY,DENY_HARD_EXPIRY,hard_expired,1000.0,PARTITIONED,False,True,True,False,not_low_risk,tr_e18b2f198ce8_gpu
paper_ssp_200m_strong_v1,2,1000,1000.0,1160.0,auv_07,enter_exclusion_zone,consequential,DENY,DENY_HARD_EXPIRY,hard_expired,1000.0,PARTITIONED,False,True,True,False,not_low_risk,tr_e18b2f198ce8_gpu
paper_ssp_200m_strong_v1,2,1000,1000.0,1160.0,auv_08,exceed_return_energy_reserve,consequential,DENY,DENY_HARD_EXPIRY,hard_expired,1000.0,PARTITIONED,False,True,True,False,not_low_risk,tr_e18b2f198ce8_gpu
paper_ssp_200m_strong_v1,2,1000,1000.0,1160.0,auv_09,hold_station,low,DENY,DENY_FORBIDDEN,hard_expired,1000.0,PARTITIONED,False,True,True,False,A_hard_expiry_capsule_contraction,tr_e18b2f198ce8_gpu
paper_ssp_200m_strong_v1,2,1000,1000.0,1160.0,auv_10,enter_exclusion_zone,consequential,DENY,DENY_HARD_EXPIRY,hard_expired,1000.0,PARTITIONED,False,True,True,False,not_low_risk,tr_e18b2f198ce8_gpu
paper_ssp_200m_strong_v1,2,1000,1000.0,1160.0,auv_11,bounded_path_correction,low,DENY,DENY_FORBIDDEN,hard_expired,1000.0,PARTITIONED,False,True,True,False,A_hard_expiry_capsule_contraction,tr_e18b2f198ce8_gpu
paper_ssp_200m_strong_v1,2,1000,1000.0,1180.0,auv_06,enter_exclusion_zone,consequential,DENY,DENY_HARD_EXPIRY,hard_expired,1020.0,PARTITIONED,False,True,True,False,not_low_risk,tr_e18b2f198ce8_gpu
paper_ssp_200m_strong_v1,2,1000,1000.0,1180.0,auv_07,enter_exclusion_zone,consequential,DENY,DENY_HARD_EXPIRY,hard_expired,1020.0,PARTITIONED,False,True,True,False,not_low_risk,tr_e18b2f198ce8_gpu
paper_ssp_200m_strong_v1,2,1000,1000.0,1180.0,auv_08,exceed_return_energy_reserve,consequential,DENY,DENY_HARD_EXPIRY,hard_expired,1020.0,PARTITIONED,False,True,True,False,not_low_risk,tr_e18b2f198ce8_gpu
paper_ssp_200m_strong_v1,2,1000,1000.0,1180.0,auv_09,hold_station,low,DENY,DENY_FORBIDDEN,hard_expired,1020.0,PARTITIONED,False,True,True,False,A_hard_expiry_capsule_contraction,tr_e18b2f198ce8_gpu
paper_ssp_200m_strong_v1,2,1000,1000.0,1180.0,auv_10,enter_exclusion_zone,consequential,DENY,DENY_HARD_EXPIRY,hard_expired,1020.0,PARTITIONED,False,True,True,False,not_low_risk,tr_e18b2f198ce8_gpu
paper_ssp_200m_strong_v1,2,1000,1000.0,1180.0,auv_11,bounded_path_correction,low,DENY,DENY_FORBIDDEN,hard_expired,1020.0,PARTITIONED,False,True,True,False,A_hard_expiry_capsule_contraction,tr_e18b2f198ce8_gpu
paper_ssp_200m_strong_v1,3,1000,1000.0,1060.0,auv_06,enter_exclusion_zone,consequential,DENY,DENY_HARD_EXPIRY,hard_expired,900.0,PARTITIONED,False,True,True,False,not_low_risk,tr_90c59e32088b_gpu
paper_ssp_200m_strong_v1,3,1000,1000.0,1060.0,auv_07,enter_exclusion_zone,consequential,DENY,DENY_HARD_EXPIRY,hard_expired,900.0,PARTITIONED,False,True,True,False,not_low_risk,tr_90c59e32088b_gpu
paper_ssp_200m_strong_v1,3,1000,1000.0,1060.0,auv_08,exceed_return_energy_reserve,consequential,DENY,DENY_HARD_EXPIRY,hard_expired,900.0,PARTITIONED,False,True,True,False,not_low_risk,tr_90c59e32088b_gpu
paper_ssp_200m_strong_v1,3,1000,1000.0,1060.0,auv_09,hold_station,low,DENY,DENY_FORBIDDEN,hard_expired,900.0,PARTITIONED,False,True,True,False,A_hard_expiry_capsule_contraction,tr_90c59e32088b_gpu
paper_ssp_200m_strong_v1,3,1000,1000.0,1060.0,auv_10,enter_exclusion_zone,consequential,DENY,DENY_HARD_EXPIRY,hard_expired,900.0,PARTITIONED,False,True,True,False,not_low_risk,tr_90c59e32088b_gpu
paper_ssp_200m_strong_v1,3,1000,1000.0,1060.0,auv_11,bounded_path_correction,low,DENY,DENY_FORBIDDEN,hard_expired,900.0,PARTITIONED,False,True,True,False,A_hard_expiry_capsule_contraction,tr_90c59e32088b_gpu
paper_ssp_200m_strong_v1,3,1000,1000.0,1080.0,auv_06,enter_exclusion_zone,consequential,DENY,DENY_HARD_EXPIRY,hard_expired,920.0,PARTITIONED,False,True,True,False,not_low_risk,tr_90c59e32088b_gpu
paper_ssp_200m_strong_v1,3,1000,1000.0,1080.0,auv_07,enter_exclusion_zone,consequential,DENY,DENY_HARD_EXPIRY,hard_expired,920.0,PARTITIONED,False,True,True,False,not_low_risk,tr_90c59e32088b_gpu
paper_ssp_200m_strong_v1,3,1000,1000.0,1080.0,auv_08,exceed_return_energy_reserve,consequential,DENY,DENY_HARD_EXPIRY,hard_expired,920.0,PARTITIONED,False,True,True,False,not_low_risk,tr_90c59e32088b_gpu
paper_ssp_200m_strong_v1,3,1000,1000.0,1080.0,auv_09,hold_station,low,DENY,DENY_FORBIDDEN,hard_expired,920.0,PARTITIONED,False,True,True,False,A_hard_expiry_capsule_contraction,tr_90c59e32088b_gpu
paper_ssp_200m_strong_v1,3,1000,1000.0,1080.0,auv_10,enter_exclusion_zone,consequential,DENY,DENY_HARD_EXPIRY,hard_expired,920.0,PARTITIONED,False,True,True,False,not_low_risk,tr_90c59e32088b_gpu
paper_ssp_200m_strong_v1,3,1000,1000.0,1080.0,auv_11,bounded_path_correction,low,DENY,DENY_FORBIDDEN,hard_expired,920.0,PARTITIONED,False,True,True,False,A_hard_expiry_capsule_contraction,tr_90c59e32088b_gpu
paper_ssp_200m_strong_v1,3,1000,1000.0,1100.0,auv_06,enter_exclusion_zone,consequential,DENY,DENY_HARD_EXPIRY,hard_expired,940.0,PARTITIONED,False,True,True,False,not_low_risk,tr_90c59e32088b_gpu
paper_ssp_200m_strong_v1,3,1000,1000.0,1100.0,auv_07,enter_exclusion_zone,consequential,DENY,DENY_HARD_EXPIRY,hard_expired,940.0,PARTITIONED,False,True,True,False,not_low_risk,tr_90c59e32088b_gpu
paper_ssp_200m_strong_v1,3,1000,1000.0,1100.0,auv_08,exceed_return_energy_reserve,consequential,DENY,DENY_HARD_EXPIRY,hard_expired,940.0,PARTITIONED,False,True,True,False,not_low_risk,tr_90c59e32088b_gpu
paper_ssp_200m_strong_v1,3,1000,1000.0,1100.0,auv_09,hold_station,low,DENY,DENY_FORBIDDEN,hard_expired,940.0,PARTITIONED,False,True,True,False,A_hard_expiry_capsule_contraction,tr_90c59e32088b_gpu
paper_ssp_200m_strong_v1,3,1000,1000.0,1100.0,auv_10,enter_exclusion_zone,consequential,DENY,DENY_HARD_EXPIRY,hard_expired,940.0,PARTITIONED,False,True,True,False,not_low_risk,tr_90c59e32088b_gpu
paper_ssp_200m_strong_v1,3,1000,1000.0,1100.0,auv_11,bounded_path_correction,low,DENY,DENY_FORBIDDEN,hard_expired,940.0,PARTITIONED,False,True,True,False,A_hard_expiry_capsule_contraction,tr_90c59e32088b_gpu
paper_ssp_200m_strong_v1,3,1000,1000.0,1120.0,auv_06,enter_exclusion_zone,consequential,DENY,DENY_HARD_EXPIRY,hard_expired,960.0,PARTITIONED,False,True,True,False,not_low_risk,tr_90c59e32088b_gpu
paper_ssp_200m_strong_v1,3,1000,1000.0,1120.0,auv_07,enter_exclusion_zone,consequential,DENY,DENY_HARD_EXPIRY,hard_expired,960.0,PARTITIONED,False,True,True,False,not_low_risk,tr_90c59e32088b_gpu
paper_ssp_200m_strong_v1,3,1000,1000.0,1120.0,auv_08,exceed_return_energy_reserve,consequential,DENY,DENY_HARD_EXPIRY,hard_expired,960.0,PARTITIONED,False,True,True,False,not_low_risk,tr_90c59e32088b_gpu
paper_ssp_200m_strong_v1,3,1000,1000.0,1120.0,auv_09,hold_station,low,DENY,DENY_FORBIDDEN,hard_expired,960.0,PARTITIONED,False,True,True,False,A_hard_expiry_capsule_contraction,tr_90c59e32088b_gpu
paper_ssp_200m_strong_v1,3,1000,1000.0,1120.0,auv_10,enter_exclusion_zone,consequential,DENY,DENY_HARD_EXPIRY,hard_expired,960.0,PARTITIONED,False,True,True,False,not_low_risk,tr_90c59e32088b_gpu
paper_ssp_200m_strong_v1,3,1000,1000.0,1120.0,auv_11,change_high_level_objective,consequential,DENY,DENY_HARD_EXPIRY,hard_expired,960.0,PARTITIONED,False,True,True,False,not_low_risk,tr_90c59e32088b_gpu
paper_ssp_200m_strong_v1,3,1000,1000.0,1140.0,auv_06,exceed_return_energy_reserve,consequential,DENY,DENY_HARD_EXPIRY,hard_expired,980.0,PARTITIONED,False,True,True,False,not_low_risk,tr_90c59e32088b_gpu
paper_ssp_200m_strong_v1,3,1000,1000.0,1140.0,auv_07,exceed_return_energy_reserve,consequential,DENY,DENY_HARD_EXPIRY,hard_expired,980.0,PARTITIONED,False,True,True,False,not_low_risk,tr_90c59e32088b_gpu
paper_ssp_200m_strong_v1,3,1000,1000.0,1140.0,auv_08,exceed_return_energy_reserve,consequential,DENY,DENY_HARD_EXPIRY,hard_expired,980.0,PARTITIONED,False,True,True,False,not_low_risk,tr_90c59e32088b_gpu
paper_ssp_200m_strong_v1,3,1000,1000.0,1140.0,auv_09,hold_station,low,DENY,DENY_FORBIDDEN,hard_expired,980.0,PARTITIONED,False,True,True,False,A_hard_expiry_capsule_contraction,tr_90c59e32088b_gpu
paper_ssp_200m_strong_v1,3,1000,1000.0,1140.0,auv_10,exceed_return_energy_reserve,consequential,DENY,DENY_HARD_EXPIRY,hard_expired,980.0,PARTITIONED,False,True,True,False,not_low_risk,tr_90c59e32088b_gpu
paper_ssp_200m_strong_v1,3,1000,1000.0,1140.0,auv_11,exceed_return_energy_reserve,consequential,DENY,DENY_HARD_EXPIRY,hard_expired,980.0,PARTITIONED,False,True,True,False,not_low_risk,tr_90c59e32088b_gpu
paper_ssp_200m_strong_v1,3,1000,1000.0,1160.0,auv_06,enter_exclusion_zone,consequential,DENY,DENY_HARD_EXPIRY,hard_expired,1000.0,PARTITIONED,False,True,True,False,not_low_risk,tr_90c59e32088b_gpu
paper_ssp_200m_strong_v1,3,1000,1000.0,1160.0,auv_07,enter_exclusion_zone,consequential,DENY,DENY_HARD_EXPIRY,hard_expired,1000.0,PARTITIONED,False,True,True,False,not_low_risk,tr_90c59e32088b_gpu
paper_ssp_200m_strong_v1,3,1000,1000.0,1160.0,auv_08,exceed_return_energy_reserve,consequential,DENY,DENY_HARD_EXPIRY,hard_expired,1000.0,PARTITIONED,False,True,True,False,not_low_risk,tr_90c59e32088b_gpu
paper_ssp_200m_strong_v1,3,1000,1000.0,1160.0,auv_09,hold_station,low,DENY,DENY_FORBIDDEN,hard_expired,1000.0,PARTITIONED,False,True,True,False,A_hard_expiry_capsule_contraction,tr_90c59e32088b_gpu
paper_ssp_200m_strong_v1,3,1000,1000.0,1160.0,auv_10,enter_exclusion_zone,consequential,DENY,DENY_HARD_EXPIRY,hard_expired,1000.0,PARTITIONED,False,True,True,False,not_low_risk,tr_90c59e32088b_gpu
paper_ssp_200m_strong_v1,3,1000,1000.0,1160.0,auv_11,bounded_path_correction,low,DENY,DENY_FORBIDDEN,hard_expired,1000.0,PARTITIONED,False,True,True,False,A_hard_expiry_capsule_contraction,tr_90c59e32088b_gpu
paper_ssp_200m_strong_v1,3,1000,1000.0,1180.0,auv_06,enter_exclusion_zone,consequential,DENY,DENY_HARD_EXPIRY,hard_expired,1020.0,PARTITIONED,False,True,True,False,not_low_risk,tr_90c59e32088b_gpu
paper_ssp_200m_strong_v1,3,1000,1000.0,1180.0,auv_07,enter_exclusion_zone,consequential,DENY,DENY_HARD_EXPIRY,hard_expired,1020.0,PARTITIONED,False,True,True,False,not_low_risk,tr_90c59e32088b_gpu
paper_ssp_200m_strong_v1,3,1000,1000.0,1180.0,auv_08,exceed_return_energy_reserve,consequential,DENY,DENY_HARD_EXPIRY,hard_expired,1020.0,PARTITIONED,False,True,True,False,not_low_risk,tr_90c59e32088b_gpu
paper_ssp_200m_strong_v1,3,1000,1000.0,1180.0,auv_09,hold_station,low,DENY,DENY_FORBIDDEN,hard_expired,1020.0,PARTITIONED,False,True,True,False,A_hard_expiry_capsule_contraction,tr_90c59e32088b_gpu
paper_ssp_200m_strong_v1,3,1000,1000.0,1180.0,auv_10,enter_exclusion_zone,consequential,DENY,DENY_HARD_EXPIRY,hard_expired,1020.0,PARTITIONED,False,True,True,False,not_low_risk,tr_90c59e32088b_gpu
paper_ssp_200m_strong_v1,3,1000,1000.0,1180.0,auv_11,bounded_path_correction,low,DENY,DENY_FORBIDDEN,hard_expired,1020.0,PARTITIONED,False,True,True,False,A_hard_expiry_capsule_contraction,tr_90c59e32088b_gpu
paper_ssp_200m_strong_v1,4,1000,1000.0,1060.0,auv_06,enter_exclusion_zone,consequential,DENY,DENY_HARD_EXPIRY,hard_expired,900.0,PARTITIONED,False,True,True,False,not_low_risk,tr_d1ea9e6ed537_gpu
paper_ssp_200m_strong_v1,4,1000,1000.0,1060.0,auv_07,enter_exclusion_zone,consequential,DENY,DENY_HARD_EXPIRY,hard_expired,900.0,PARTITIONED,False,True,True,False,not_low_risk,tr_d1ea9e6ed537_gpu
paper_ssp_200m_strong_v1,4,1000,1000.0,1060.0,auv_08,exceed_return_energy_reserve,consequential,DENY,DENY_HARD_EXPIRY,hard_expired,900.0,PARTITIONED,False,True,True,False,not_low_risk,tr_d1ea9e6ed537_gpu
paper_ssp_200m_strong_v1,4,1000,1000.0,1060.0,auv_09,hold_station,low,DENY,DENY_FORBIDDEN,hard_expired,900.0,PARTITIONED,False,True,True,False,A_hard_expiry_capsule_contraction,tr_d1ea9e6ed537_gpu
paper_ssp_200m_strong_v1,4,1000,1000.0,1060.0,auv_10,enter_exclusion_zone,consequential,DENY,DENY_HARD_EXPIRY,hard_expired,900.0,PARTITIONED,False,True,True,False,not_low_risk,tr_d1ea9e6ed537_gpu
paper_ssp_200m_strong_v1,4,1000,1000.0,1060.0,auv_11,bounded_path_correction,low,DENY,DENY_FORBIDDEN,hard_expired,900.0,PARTITIONED,False,True,True,False,A_hard_expiry_capsule_contraction,tr_d1ea9e6ed537_gpu
paper_ssp_200m_strong_v1,4,1000,1000.0,1080.0,auv_06,enter_exclusion_zone,consequential,DENY,DENY_HARD_EXPIRY,hard_expired,920.0,PARTITIONED,False,True,True,False,not_low_risk,tr_d1ea9e6ed537_gpu
paper_ssp_200m_strong_v1,4,1000,1000.0,1080.0,auv_07,enter_exclusion_zone,consequential,DENY,DENY_HARD_EXPIRY,hard_expired,920.0,PARTITIONED,False,True,True,False,not_low_risk,tr_d1ea9e6ed537_gpu
paper_ssp_200m_strong_v1,4,1000,1000.0,1080.0,auv_08,exceed_return_energy_reserve,consequential,DENY,DENY_HARD_EXPIRY,hard_expired,920.0,PARTITIONED,False,True,True,False,not_low_risk,tr_d1ea9e6ed537_gpu
paper_ssp_200m_strong_v1,4,1000,1000.0,1080.0,auv_09,hold_station,low,DENY,DENY_FORBIDDEN,hard_expired,920.0,PARTITIONED,False,True,True,False,A_hard_expiry_capsule_contraction,tr_d1ea9e6ed537_gpu
paper_ssp_200m_strong_v1,4,1000,1000.0,1080.0,auv_10,enter_exclusion_zone,consequential,DENY,DENY_HARD_EXPIRY,hard_expired,920.0,PARTITIONED,False,True,True,False,not_low_risk,tr_d1ea9e6ed537_gpu
paper_ssp_200m_strong_v1,4,1000,1000.0,1080.0,auv_11,bounded_path_correction,low,DENY,DENY_FORBIDDEN,hard_expired,920.0,PARTITIONED,False,True,True,False,A_hard_expiry_capsule_contraction,tr_d1ea9e6ed537_gpu
paper_ssp_200m_strong_v1,4,1000,1000.0,1100.0,auv_06,enter_exclusion_zone,consequential,DENY,DENY_HARD_EXPIRY,hard_expired,940.0,PARTITIONED,False,True,True,False,not_low_risk,tr_d1ea9e6ed537_gpu
paper_ssp_200m_strong_v1,4,1000,1000.0,1100.0,auv_07,enter_exclusion_zone,consequential,DENY,DENY_HARD_EXPIRY,hard_expired,940.0,PARTITIONED,False,True,True,False,not_low_risk,tr_d1ea9e6ed537_gpu
paper_ssp_200m_strong_v1,4,1000,1000.0,1100.0,auv_08,exceed_return_energy_reserve,consequential,DENY,DENY_HARD_EXPIRY,hard_expired,940.0,PARTITIONED,False,True,True,False,not_low_risk,tr_d1ea9e6ed537_gpu
paper_ssp_200m_strong_v1,4,1000,1000.0,1100.0,auv_09,hold_station,low,DENY,DENY_FORBIDDEN,hard_expired,940.0,PARTITIONED,False,True,True,False,A_hard_expiry_capsule_contraction,tr_d1ea9e6ed537_gpu
paper_ssp_200m_strong_v1,4,1000,1000.0,1100.0,auv_10,enter_exclusion_zone,consequential,DENY,DENY_HARD_EXPIRY,hard_expired,940.0,PARTITIONED,False,True,True,False,not_low_risk,tr_d1ea9e6ed537_gpu
paper_ssp_200m_strong_v1,4,1000,1000.0,1100.0,auv_11,bounded_path_correction,low,DENY,DENY_FORBIDDEN,hard_expired,940.0,PARTITIONED,False,True,True,False,A_hard_expiry_capsule_contraction,tr_d1ea9e6ed537_gpu
paper_ssp_200m_strong_v1,4,1000,1000.0,1120.0,auv_06,enter_exclusion_zone,consequential,DENY,DENY_HARD_EXPIRY,hard_expired,960.0,PARTITIONED,False,True,True,False,not_low_risk,tr_d1ea9e6ed537_gpu
paper_ssp_200m_strong_v1,4,1000,1000.0,1120.0,auv_07,enter_exclusion_zone,consequential,DENY,DENY_HARD_EXPIRY,hard_expired,960.0,PARTITIONED,False,True,True,False,not_low_risk,tr_d1ea9e6ed537_gpu
paper_ssp_200m_strong_v1,4,1000,1000.0,1120.0,auv_08,exceed_return_energy_reserve,consequential,DENY,DENY_HARD_EXPIRY,hard_expired,960.0,PARTITIONED,False,True,True,False,not_low_risk,tr_d1ea9e6ed537_gpu
paper_ssp_200m_strong_v1,4,1000,1000.0,1120.0,auv_09,hold_station,low,DENY,DENY_FORBIDDEN,hard_expired,960.0,PARTITIONED,False,True,True,False,A_hard_expiry_capsule_contraction,tr_d1ea9e6ed537_gpu
paper_ssp_200m_strong_v1,4,1000,1000.0,1120.0,auv_10,enter_exclusion_zone,consequential,DENY,DENY_HARD_EXPIRY,hard_expired,960.0,PARTITIONED,False,True,True,False,not_low_risk,tr_d1ea9e6ed537_gpu
paper_ssp_200m_strong_v1,4,1000,1000.0,1120.0,auv_11,change_high_level_objective,consequential,DENY,DENY_HARD_EXPIRY,hard_expired,960.0,PARTITIONED,False,True,True,False,not_low_risk,tr_d1ea9e6ed537_gpu
paper_ssp_200m_strong_v1,4,1000,1000.0,1140.0,auv_06,exceed_return_energy_reserve,consequential,DENY,DENY_HARD_EXPIRY,hard_expired,980.0,PARTITIONED,False,True,True,False,not_low_risk,tr_d1ea9e6ed537_gpu
paper_ssp_200m_strong_v1,4,1000,1000.0,1140.0,auv_07,exceed_return_energy_reserve,consequential,DENY,DENY_HARD_EXPIRY,hard_expired,980.0,PARTITIONED,False,True,True,False,not_low_risk,tr_d1ea9e6ed537_gpu
paper_ssp_200m_strong_v1,4,1000,1000.0,1140.0,auv_08,exceed_return_energy_reserve,consequential,DENY,DENY_HARD_EXPIRY,hard_expired,980.0,PARTITIONED,False,True,True,False,not_low_risk,tr_d1ea9e6ed537_gpu
paper_ssp_200m_strong_v1,4,1000,1000.0,1140.0,auv_09,hold_station,low,DENY,DENY_FORBIDDEN,hard_expired,980.0,PARTITIONED,False,True,True,False,A_hard_expiry_capsule_contraction,tr_d1ea9e6ed537_gpu
paper_ssp_200m_strong_v1,4,1000,1000.0,1140.0,auv_10,exceed_return_energy_reserve,consequential,DENY,DENY_HARD_EXPIRY,hard_expired,980.0,PARTITIONED,False,True,True,False,not_low_risk,tr_d1ea9e6ed537_gpu
paper_ssp_200m_strong_v1,4,1000,1000.0,1140.0,auv_11,exceed_return_energy_reserve,consequential,DENY,DENY_HARD_EXPIRY,hard_expired,980.0,PARTITIONED,False,True,True,False,not_low_risk,tr_d1ea9e6ed537_gpu
paper_ssp_200m_strong_v1,4,1000,1000.0,1160.0,auv_06,enter_exclusion_zone,consequential,DENY,DENY_HARD_EXPIRY,hard_expired,1000.0,PARTITIONED,False,True,True,False,not_low_risk,tr_d1ea9e6ed537_gpu
paper_ssp_200m_strong_v1,4,1000,1000.0,1160.0,auv_07,enter_exclusion_zone,consequential,DENY,DENY_HARD_EXPIRY,hard_expired,1000.0,PARTITIONED,False,True,True,False,not_low_risk,tr_d1ea9e6ed537_gpu
paper_ssp_200m_strong_v1,4,1000,1000.0,1160.0,auv_08,exceed_return_energy_reserve,consequential,DENY,DENY_HARD_EXPIRY,hard_expired,1000.0,PARTITIONED,False,True,True,False,not_low_risk,tr_d1ea9e6ed537_gpu
paper_ssp_200m_strong_v1,4,1000,1000.0,1160.0,auv_09,hold_station,low,DENY,DENY_FORBIDDEN,hard_expired,1000.0,PARTITIONED,False,True,True,False,A_hard_expiry_capsule_contraction,tr_d1ea9e6ed537_gpu
paper_ssp_200m_strong_v1,4,1000,1000.0,1160.0,auv_10,enter_exclusion_zone,consequential,DENY,DENY_HARD_EXPIRY,hard_expired,1000.0,PARTITIONED,False,True,True,False,not_low_risk,tr_d1ea9e6ed537_gpu
paper_ssp_200m_strong_v1,4,1000,1000.0,1160.0,auv_11,bounded_path_correction,low,DENY,DENY_FORBIDDEN,hard_expired,1000.0,PARTITIONED,False,True,True,False,A_hard_expiry_capsule_contraction,tr_d1ea9e6ed537_gpu
paper_ssp_200m_strong_v1,4,1000,1000.0,1180.0,auv_06,enter_exclusion_zone,consequential,DENY,DENY_HARD_EXPIRY,hard_expired,1020.0,PARTITIONED,False,True,True,False,not_low_risk,tr_d1ea9e6ed537_gpu
paper_ssp_200m_strong_v1,4,1000,1000.0,1180.0,auv_07,enter_exclusion_zone,consequential,DENY,DENY_HARD_EXPIRY,hard_expired,1020.0,PARTITIONED,False,True,True,False,not_low_risk,tr_d1ea9e6ed537_gpu
paper_ssp_200m_strong_v1,4,1000,1000.0,1180.0,auv_08,exceed_return_energy_reserve,consequential,DENY,DENY_HARD_EXPIRY,hard_expired,1020.0,PARTITIONED,False,True,True,False,not_low_risk,tr_d1ea9e6ed537_gpu
paper_ssp_200m_strong_v1,4,1000,1000.0,1180.0,auv_09,hold_station,low,DENY,DENY_FORBIDDEN,hard_expired,1020.0,PARTITIONED,False,True,True,False,A_hard_expiry_capsule_contraction,tr_d1ea9e6ed537_gpu
paper_ssp_200m_strong_v1,4,1000,1000.0,1180.0,auv_10,enter_exclusion_zone,consequential,DENY,DENY_HARD_EXPIRY,hard_expired,1020.0,PARTITIONED,False,True,True,False,not_low_risk,tr_d1ea9e6ed537_gpu
paper_ssp_200m_strong_v1,4,1000,1000.0,1180.0,auv_11,bounded_path_correction,low,DENY,DENY_FORBIDDEN,hard_expired,1020.0,PARTITIONED,False,True,True,False,A_hard_expiry_capsule_contraction,tr_d1ea9e6ed537_gpu
paper_ssp_200m_strong_v1,5,1000,1000.0,1060.0,auv_06,enter_exclusion_zone,consequential,DENY,DENY_HARD_EXPIRY,hard_expired,900.0,PARTITIONED,False,True,True,False,not_low_risk,tr_656c2a3d7e5e_gpu
paper_ssp_200m_strong_v1,5,1000,1000.0,1060.0,auv_07,enter_exclusion_zone,consequential,DENY,DENY_HARD_EXPIRY,hard_expired,900.0,PARTITIONED,False,True,True,False,not_low_risk,tr_656c2a3d7e5e_gpu
paper_ssp_200m_strong_v1,5,1000,1000.0,1060.0,auv_08,exceed_return_energy_reserve,consequential,DENY,DENY_HARD_EXPIRY,hard_expired,900.0,PARTITIONED,False,True,True,False,not_low_risk,tr_656c2a3d7e5e_gpu
paper_ssp_200m_strong_v1,5,1000,1000.0,1060.0,auv_09,hold_station,low,DENY,DENY_FORBIDDEN,hard_expired,900.0,PARTITIONED,False,True,True,False,A_hard_expiry_capsule_contraction,tr_656c2a3d7e5e_gpu
paper_ssp_200m_strong_v1,5,1000,1000.0,1060.0,auv_10,enter_exclusion_zone,consequential,DENY,DENY_HARD_EXPIRY,hard_expired,900.0,PARTITIONED,False,True,True,False,not_low_risk,tr_656c2a3d7e5e_gpu
paper_ssp_200m_strong_v1,5,1000,1000.0,1060.0,auv_11,bounded_path_correction,low,DENY,DENY_FORBIDDEN,hard_expired,900.0,PARTITIONED,False,True,True,False,A_hard_expiry_capsule_contraction,tr_656c2a3d7e5e_gpu
paper_ssp_200m_strong_v1,5,1000,1000.0,1080.0,auv_06,enter_exclusion_zone,consequential,DENY,DENY_HARD_EXPIRY,hard_expired,920.0,PARTITIONED,False,True,True,False,not_low_risk,tr_656c2a3d7e5e_gpu
paper_ssp_200m_strong_v1,5,1000,1000.0,1080.0,auv_07,enter_exclusion_zone,consequential,DENY,DENY_HARD_EXPIRY,hard_expired,920.0,PARTITIONED,False,True,True,False,not_low_risk,tr_656c2a3d7e5e_gpu
paper_ssp_200m_strong_v1,5,1000,1000.0,1080.0,auv_08,exceed_return_energy_reserve,consequential,DENY,DENY_HARD_EXPIRY,hard_expired,920.0,PARTITIONED,False,True,True,False,not_low_risk,tr_656c2a3d7e5e_gpu
paper_ssp_200m_strong_v1,5,1000,1000.0,1080.0,auv_09,hold_station,low,DENY,DENY_FORBIDDEN,hard_expired,920.0,PARTITIONED,False,True,True,False,A_hard_expiry_capsule_contraction,tr_656c2a3d7e5e_gpu
paper_ssp_200m_strong_v1,5,1000,1000.0,1080.0,auv_10,enter_exclusion_zone,consequential,DENY,DENY_HARD_EXPIRY,hard_expired,920.0,PARTITIONED,False,True,True,False,not_low_risk,tr_656c2a3d7e5e_gpu
paper_ssp_200m_strong_v1,5,1000,1000.0,1080.0,auv_11,bounded_path_correction,low,DENY,DENY_FORBIDDEN,hard_expired,920.0,PARTITIONED,False,True,True,False,A_hard_expiry_capsule_contraction,tr_656c2a3d7e5e_gpu
paper_ssp_200m_strong_v1,5,1000,1000.0,1100.0,auv_06,enter_exclusion_zone,consequential,DENY,DENY_HARD_EXPIRY,hard_expired,940.0,PARTITIONED,False,True,True,False,not_low_risk,tr_656c2a3d7e5e_gpu
paper_ssp_200m_strong_v1,5,1000,1000.0,1100.0,auv_07,enter_exclusion_zone,consequential,DENY,DENY_HARD_EXPIRY,hard_expired,940.0,PARTITIONED,False,True,True,False,not_low_risk,tr_656c2a3d7e5e_gpu
paper_ssp_200m_strong_v1,5,1000,1000.0,1100.0,auv_08,exceed_return_energy_reserve,consequential,DENY,DENY_HARD_EXPIRY,hard_expired,940.0,PARTITIONED,False,True,True,False,not_low_risk,tr_656c2a3d7e5e_gpu
paper_ssp_200m_strong_v1,5,1000,1000.0,1100.0,auv_09,hold_station,low,DENY,DENY_FORBIDDEN,hard_expired,940.0,PARTITIONED,False,True,True,False,A_hard_expiry_capsule_contraction,tr_656c2a3d7e5e_gpu
paper_ssp_200m_strong_v1,5,1000,1000.0,1100.0,auv_10,enter_exclusion_zone,consequential,DENY,DENY_HARD_EXPIRY,hard_expired,940.0,PARTITIONED,False,True,True,False,not_low_risk,tr_656c2a3d7e5e_gpu
paper_ssp_200m_strong_v1,5,1000,1000.0,1100.0,auv_11,bounded_path_correction,low,DENY,DENY_FORBIDDEN,hard_expired,940.0,PARTITIONED,False,True,True,False,A_hard_expiry_capsule_contraction,tr_656c2a3d7e5e_gpu
paper_ssp_200m_strong_v1,5,1000,1000.0,1120.0,auv_06,enter_exclusion_zone,consequential,DENY,DENY_HARD_EXPIRY,hard_expired,960.0,PARTITIONED,False,True,True,False,not_low_risk,tr_656c2a3d7e5e_gpu
paper_ssp_200m_strong_v1,5,1000,1000.0,1120.0,auv_07,enter_exclusion_zone,consequential,DENY,DENY_HARD_EXPIRY,hard_expired,960.0,PARTITIONED,False,True,True,False,not_low_risk,tr_656c2a3d7e5e_gpu
paper_ssp_200m_strong_v1,5,1000,1000.0,1120.0,auv_08,exceed_return_energy_reserve,consequential,DENY,DENY_HARD_EXPIRY,hard_expired,960.0,PARTITIONED,False,True,True,False,not_low_risk,tr_656c2a3d7e5e_gpu
paper_ssp_200m_strong_v1,5,1000,1000.0,1120.0,auv_09,hold_station,low,DENY,DENY_FORBIDDEN,hard_expired,960.0,PARTITIONED,False,True,True,False,A_hard_expiry_capsule_contraction,tr_656c2a3d7e5e_gpu
paper_ssp_200m_strong_v1,5,1000,1000.0,1120.0,auv_10,enter_exclusion_zone,consequential,DENY,DENY_HARD_EXPIRY,hard_expired,960.0,PARTITIONED,False,True,True,False,not_low_risk,tr_656c2a3d7e5e_gpu
paper_ssp_200m_strong_v1,5,1000,1000.0,1120.0,auv_11,change_high_level_objective,consequential,DENY,DENY_HARD_EXPIRY,hard_expired,960.0,PARTITIONED,False,True,True,False,not_low_risk,tr_656c2a3d7e5e_gpu
paper_ssp_200m_strong_v1,5,1000,1000.0,1140.0,auv_06,exceed_return_energy_reserve,consequential,DENY,DENY_HARD_EXPIRY,hard_expired,980.0,PARTITIONED,False,True,True,False,not_low_risk,tr_656c2a3d7e5e_gpu
paper_ssp_200m_strong_v1,5,1000,1000.0,1140.0,auv_07,exceed_return_energy_reserve,consequential,DENY,DENY_HARD_EXPIRY,hard_expired,980.0,PARTITIONED,False,True,True,False,not_low_risk,tr_656c2a3d7e5e_gpu
paper_ssp_200m_strong_v1,5,1000,1000.0,1140.0,auv_08,exceed_return_energy_reserve,consequential,DENY,DENY_HARD_EXPIRY,hard_expired,980.0,PARTITIONED,False,True,True,False,not_low_risk,tr_656c2a3d7e5e_gpu
paper_ssp_200m_strong_v1,5,1000,1000.0,1140.0,auv_09,hold_station,low,DENY,DENY_FORBIDDEN,hard_expired,980.0,PARTITIONED,False,True,True,False,A_hard_expiry_capsule_contraction,tr_656c2a3d7e5e_gpu
paper_ssp_200m_strong_v1,5,1000,1000.0,1140.0,auv_10,exceed_return_energy_reserve,consequential,DENY,DENY_HARD_EXPIRY,hard_expired,980.0,PARTITIONED,False,True,True,False,not_low_risk,tr_656c2a3d7e5e_gpu
paper_ssp_200m_strong_v1,5,1000,1000.0,1140.0,auv_11,exceed_return_energy_reserve,consequential,DENY,DENY_HARD_EXPIRY,hard_expired,980.0,PARTITIONED,False,True,True,False,not_low_risk,tr_656c2a3d7e5e_gpu
paper_ssp_200m_strong_v1,5,1000,1000.0,1160.0,auv_06,enter_exclusion_zone,consequential,DENY,DENY_HARD_EXPIRY,hard_expired,1000.0,PARTITIONED,False,True,True,False,not_low_risk,tr_656c2a3d7e5e_gpu
paper_ssp_200m_strong_v1,5,1000,1000.0,1160.0,auv_07,enter_exclusion_zone,consequential,DENY,DENY_HARD_EXPIRY,hard_expired,1000.0,PARTITIONED,False,True,True,False,not_low_risk,tr_656c2a3d7e5e_gpu
paper_ssp_200m_strong_v1,5,1000,1000.0,1160.0,auv_08,exceed_return_energy_reserve,consequential,DENY,DENY_HARD_EXPIRY,hard_expired,1000.0,PARTITIONED,False,True,True,False,not_low_risk,tr_656c2a3d7e5e_gpu
paper_ssp_200m_strong_v1,5,1000,1000.0,1160.0,auv_09,hold_station,low,DENY,DENY_FORBIDDEN,hard_expired,1000.0,PARTITIONED,False,True,True,False,A_hard_expiry_capsule_contraction,tr_656c2a3d7e5e_gpu
paper_ssp_200m_strong_v1,5,1000,1000.0,1160.0,auv_10,enter_exclusion_zone,consequential,DENY,DENY_HARD_EXPIRY,hard_expired,1000.0,PARTITIONED,False,True,True,False,not_low_risk,tr_656c2a3d7e5e_gpu
paper_ssp_200m_strong_v1,5,1000,1000.0,1160.0,auv_11,bounded_path_correction,low,DENY,DENY_FORBIDDEN,hard_expired,1000.0,PARTITIONED,False,True,True,False,A_hard_expiry_capsule_contraction,tr_656c2a3d7e5e_gpu
paper_ssp_200m_strong_v1,5,1000,1000.0,1180.0,auv_06,enter_exclusion_zone,consequential,DENY,DENY_HARD_EXPIRY,hard_expired,1020.0,PARTITIONED,False,True,True,False,not_low_risk,tr_656c2a3d7e5e_gpu
paper_ssp_200m_strong_v1,5,1000,1000.0,1180.0,auv_07,enter_exclusion_zone,consequential,DENY,DENY_HARD_EXPIRY,hard_expired,1020.0,PARTITIONED,False,True,True,False,not_low_risk,tr_656c2a3d7e5e_gpu
paper_ssp_200m_strong_v1,5,1000,1000.0,1180.0,auv_08,exceed_return_energy_reserve,consequential,DENY,DENY_HARD_EXPIRY,hard_expired,1020.0,PARTITIONED,False,True,True,False,not_low_risk,tr_656c2a3d7e5e_gpu
paper_ssp_200m_strong_v1,5,1000,1000.0,1180.0,auv_09,hold_station,low,DENY,DENY_FORBIDDEN,hard_expired,1020.0,PARTITIONED,False,True,True,False,A_hard_expiry_capsule_contraction,tr_656c2a3d7e5e_gpu
paper_ssp_200m_strong_v1,5,1000,1000.0,1180.0,auv_10,enter_exclusion_zone,consequential,DENY,DENY_HARD_EXPIRY,hard_expired,1020.0,PARTITIONED,False,True,True,False,not_low_risk,tr_656c2a3d7e5e_gpu
paper_ssp_200m_strong_v1,5,1000,1000.0,1180.0,auv_11,bounded_path_correction,low,DENY,DENY_FORBIDDEN,hard_expired,1020.0,PARTITIONED,False,True,True,False,A_hard_expiry_capsule_contraction,tr_656c2a3d7e5e_gpu
paper_ssp_200m_strong_v1,6,1000,1000.0,1060.0,auv_06,enter_exclusion_zone,consequential,DENY,DENY_HARD_EXPIRY,hard_expired,900.0,PARTITIONED,False,True,True,False,not_low_risk,tr_59abcdc50842_gpu
paper_ssp_200m_strong_v1,6,1000,1000.0,1060.0,auv_07,enter_exclusion_zone,consequential,DENY,DENY_HARD_EXPIRY,hard_expired,900.0,PARTITIONED,False,True,True,False,not_low_risk,tr_59abcdc50842_gpu
paper_ssp_200m_strong_v1,6,1000,1000.0,1060.0,auv_08,exceed_return_energy_reserve,consequential,DENY,DENY_HARD_EXPIRY,hard_expired,900.0,PARTITIONED,False,True,True,False,not_low_risk,tr_59abcdc50842_gpu
paper_ssp_200m_strong_v1,6,1000,1000.0,1060.0,auv_09,hold_station,low,DENY,DENY_FORBIDDEN,hard_expired,900.0,PARTITIONED,False,True,True,False,A_hard_expiry_capsule_contraction,tr_59abcdc50842_gpu
paper_ssp_200m_strong_v1,6,1000,1000.0,1060.0,auv_10,enter_exclusion_zone,consequential,DENY,DENY_HARD_EXPIRY,hard_expired,900.0,PARTITIONED,False,True,True,False,not_low_risk,tr_59abcdc50842_gpu
paper_ssp_200m_strong_v1,6,1000,1000.0,1060.0,auv_11,bounded_path_correction,low,DENY,DENY_FORBIDDEN,hard_expired,900.0,PARTITIONED,False,True,True,False,A_hard_expiry_capsule_contraction,tr_59abcdc50842_gpu
paper_ssp_200m_strong_v1,6,1000,1000.0,1080.0,auv_06,enter_exclusion_zone,consequential,DENY,DENY_HARD_EXPIRY,hard_expired,920.0,PARTITIONED,False,True,True,False,not_low_risk,tr_59abcdc50842_gpu
paper_ssp_200m_strong_v1,6,1000,1000.0,1080.0,auv_07,enter_exclusion_zone,consequential,DENY,DENY_HARD_EXPIRY,hard_expired,920.0,PARTITIONED,False,True,True,False,not_low_risk,tr_59abcdc50842_gpu
paper_ssp_200m_strong_v1,6,1000,1000.0,1080.0,auv_08,exceed_return_energy_reserve,consequential,DENY,DENY_HARD_EXPIRY,hard_expired,920.0,PARTITIONED,False,True,True,False,not_low_risk,tr_59abcdc50842_gpu
paper_ssp_200m_strong_v1,6,1000,1000.0,1080.0,auv_09,hold_station,low,DENY,DENY_FORBIDDEN,hard_expired,920.0,PARTITIONED,False,True,True,False,A_hard_expiry_capsule_contraction,tr_59abcdc50842_gpu
paper_ssp_200m_strong_v1,6,1000,1000.0,1080.0,auv_10,enter_exclusion_zone,consequential,DENY,DENY_HARD_EXPIRY,hard_expired,920.0,PARTITIONED,False,True,True,False,not_low_risk,tr_59abcdc50842_gpu
paper_ssp_200m_strong_v1,6,1000,1000.0,1080.0,auv_11,bounded_path_correction,low,DENY,DENY_FORBIDDEN,hard_expired,920.0,PARTITIONED,False,True,True,False,A_hard_expiry_capsule_contraction,tr_59abcdc50842_gpu
paper_ssp_200m_strong_v1,6,1000,1000.0,1100.0,auv_06,enter_exclusion_zone,consequential,DENY,DENY_HARD_EXPIRY,hard_expired,940.0,PARTITIONED,False,True,True,False,not_low_risk,tr_59abcdc50842_gpu
paper_ssp_200m_strong_v1,6,1000,1000.0,1100.0,auv_07,enter_exclusion_zone,consequential,DENY,DENY_HARD_EXPIRY,hard_expired,940.0,PARTITIONED,False,True,True,False,not_low_risk,tr_59abcdc50842_gpu
paper_ssp_200m_strong_v1,6,1000,1000.0,1100.0,auv_08,exceed_return_energy_reserve,consequential,DENY,DENY_HARD_EXPIRY,hard_expired,940.0,PARTITIONED,False,True,True,False,not_low_risk,tr_59abcdc50842_gpu
paper_ssp_200m_strong_v1,6,1000,1000.0,1100.0,auv_09,hold_station,low,DENY,DENY_FORBIDDEN,hard_expired,940.0,PARTITIONED,False,True,True,False,A_hard_expiry_capsule_contraction,tr_59abcdc50842_gpu
paper_ssp_200m_strong_v1,6,1000,1000.0,1100.0,auv_10,enter_exclusion_zone,consequential,DENY,DENY_HARD_EXPIRY,hard_expired,940.0,PARTITIONED,False,True,True,False,not_low_risk,tr_59abcdc50842_gpu
paper_ssp_200m_strong_v1,6,1000,1000.0,1100.0,auv_11,bounded_path_correction,low,DENY,DENY_FORBIDDEN,hard_expired,940.0,PARTITIONED,False,True,True,False,A_hard_expiry_capsule_contraction,tr_59abcdc50842_gpu
paper_ssp_200m_strong_v1,6,1000,1000.0,1120.0,auv_06,enter_exclusion_zone,consequential,DENY,DENY_HARD_EXPIRY,hard_expired,960.0,PARTITIONED,False,True,True,False,not_low_risk,tr_59abcdc50842_gpu
paper_ssp_200m_strong_v1,6,1000,1000.0,1120.0,auv_07,enter_exclusion_zone,consequential,DENY,DENY_HARD_EXPIRY,hard_expired,960.0,PARTITIONED,False,True,True,False,not_low_risk,tr_59abcdc50842_gpu
paper_ssp_200m_strong_v1,6,1000,1000.0,1120.0,auv_08,exceed_return_energy_reserve,consequential,DENY,DENY_HARD_EXPIRY,hard_expired,960.0,PARTITIONED,False,True,True,False,not_low_risk,tr_59abcdc50842_gpu
paper_ssp_200m_strong_v1,6,1000,1000.0,1120.0,auv_09,hold_station,low,DENY,DENY_FORBIDDEN,hard_expired,960.0,PARTITIONED,False,True,True,False,A_hard_expiry_capsule_contraction,tr_59abcdc50842_gpu
paper_ssp_200m_strong_v1,6,1000,1000.0,1120.0,auv_10,enter_exclusion_zone,consequential,DENY,DENY_HARD_EXPIRY,hard_expired,960.0,PARTITIONED,False,True,True,False,not_low_risk,tr_59abcdc50842_gpu
paper_ssp_200m_strong_v1,6,1000,1000.0,1120.0,auv_11,change_high_level_objective,consequential,DENY,DENY_HARD_EXPIRY,hard_expired,960.0,PARTITIONED,False,True,True,False,not_low_risk,tr_59abcdc50842_gpu
paper_ssp_200m_strong_v1,6,1000,1000.0,1140.0,auv_06,exceed_return_energy_reserve,consequential,DENY,DENY_HARD_EXPIRY,hard_expired,980.0,PARTITIONED,False,True,True,False,not_low_risk,tr_59abcdc50842_gpu
paper_ssp_200m_strong_v1,6,1000,1000.0,1140.0,auv_07,exceed_return_energy_reserve,consequential,DENY,DENY_HARD_EXPIRY,hard_expired,980.0,PARTITIONED,False,True,True,False,not_low_risk,tr_59abcdc50842_gpu
paper_ssp_200m_strong_v1,6,1000,1000.0,1140.0,auv_08,exceed_return_energy_reserve,consequential,DENY,DENY_HARD_EXPIRY,hard_expired,980.0,PARTITIONED,False,True,True,False,not_low_risk,tr_59abcdc50842_gpu
paper_ssp_200m_strong_v1,6,1000,1000.0,1140.0,auv_09,hold_station,low,DENY,DENY_FORBIDDEN,hard_expired,980.0,PARTITIONED,False,True,True,False,A_hard_expiry_capsule_contraction,tr_59abcdc50842_gpu
paper_ssp_200m_strong_v1,6,1000,1000.0,1140.0,auv_10,exceed_return_energy_reserve,consequential,DENY,DENY_HARD_EXPIRY,hard_expired,980.0,PARTITIONED,False,True,True,False,not_low_risk,tr_59abcdc50842_gpu
paper_ssp_200m_strong_v1,6,1000,1000.0,1140.0,auv_11,exceed_return_energy_reserve,consequential,DENY,DENY_HARD_EXPIRY,hard_expired,980.0,PARTITIONED,False,True,True,False,not_low_risk,tr_59abcdc50842_gpu
paper_ssp_200m_strong_v1,6,1000,1000.0,1160.0,auv_06,enter_exclusion_zone,consequential,DENY,DENY_HARD_EXPIRY,hard_expired,1000.0,PARTITIONED,False,True,True,False,not_low_risk,tr_59abcdc50842_gpu
paper_ssp_200m_strong_v1,6,1000,1000.0,1160.0,auv_07,enter_exclusion_zone,consequential,DENY,DENY_HARD_EXPIRY,hard_expired,1000.0,PARTITIONED,False,True,True,False,not_low_risk,tr_59abcdc50842_gpu
paper_ssp_200m_strong_v1,6,1000,1000.0,1160.0,auv_08,exceed_return_energy_reserve,consequential,DENY,DENY_HARD_EXPIRY,hard_expired,1000.0,PARTITIONED,False,True,True,False,not_low_risk,tr_59abcdc50842_gpu
paper_ssp_200m_strong_v1,6,1000,1000.0,1160.0,auv_09,hold_station,low,DENY,DENY_FORBIDDEN,hard_expired,1000.0,PARTITIONED,False,True,True,False,A_hard_expiry_capsule_contraction,tr_59abcdc50842_gpu
paper_ssp_200m_strong_v1,6,1000,1000.0,1160.0,auv_10,enter_exclusion_zone,consequential,DENY,DENY_HARD_EXPIRY,hard_expired,1000.0,PARTITIONED,False,True,True,False,not_low_risk,tr_59abcdc50842_gpu
paper_ssp_200m_strong_v1,6,1000,1000.0,1160.0,auv_11,bounded_path_correction,low,DENY,DENY_FORBIDDEN,hard_expired,1000.0,PARTITIONED,False,True,True,False,A_hard_expiry_capsule_contraction,tr_59abcdc50842_gpu
paper_ssp_200m_strong_v1,6,1000,1000.0,1180.0,auv_06,enter_exclusion_zone,consequential,DENY,DENY_HARD_EXPIRY,hard_expired,1020.0,PARTITIONED,False,True,True,False,not_low_risk,tr_59abcdc50842_gpu
paper_ssp_200m_strong_v1,6,1000,1000.0,1180.0,auv_07,enter_exclusion_zone,consequential,DENY,DENY_HARD_EXPIRY,hard_expired,1020.0,PARTITIONED,False,True,True,False,not_low_risk,tr_59abcdc50842_gpu
paper_ssp_200m_strong_v1,6,1000,1000.0,1180.0,auv_08,exceed_return_energy_reserve,consequential,DENY,DENY_HARD_EXPIRY,hard_expired,1020.0,PARTITIONED,False,True,True,False,not_low_risk,tr_59abcdc50842_gpu
paper_ssp_200m_strong_v1,6,1000,1000.0,1180.0,auv_09,hold_station,low,DENY,DENY_FORBIDDEN,hard_expired,1020.0,PARTITIONED,False,True,True,False,A_hard_expiry_capsule_contraction,tr_59abcdc50842_gpu
paper_ssp_200m_strong_v1,6,1000,1000.0,1180.0,auv_10,enter_exclusion_zone,consequential,DENY,DENY_HARD_EXPIRY,hard_expired,1020.0,PARTITIONED,False,True,True,False,not_low_risk,tr_59abcdc50842_gpu
paper_ssp_200m_strong_v1,6,1000,1000.0,1180.0,auv_11,bounded_path_correction,low,DENY,DENY_FORBIDDEN,hard_expired,1020.0,PARTITIONED,False,True,True,False,A_hard_expiry_capsule_contraction,tr_59abcdc50842_gpu
paper_ssp_200m_strong_v1,7,1000,1000.0,1060.0,auv_06,enter_exclusion_zone,consequential,DENY,DENY_HARD_EXPIRY,hard_expired,900.0,PARTITIONED,False,True,True,False,not_low_risk,tr_4e1f28b2f305_gpu
paper_ssp_200m_strong_v1,7,1000,1000.0,1060.0,auv_07,enter_exclusion_zone,consequential,DENY,DENY_HARD_EXPIRY,hard_expired,900.0,PARTITIONED,False,True,True,False,not_low_risk,tr_4e1f28b2f305_gpu
paper_ssp_200m_strong_v1,7,1000,1000.0,1060.0,auv_08,exceed_return_energy_reserve,consequential,DENY,DENY_HARD_EXPIRY,hard_expired,900.0,PARTITIONED,False,True,True,False,not_low_risk,tr_4e1f28b2f305_gpu
paper_ssp_200m_strong_v1,7,1000,1000.0,1060.0,auv_09,hold_station,low,DENY,DENY_FORBIDDEN,hard_expired,900.0,PARTITIONED,False,True,True,False,A_hard_expiry_capsule_contraction,tr_4e1f28b2f305_gpu
paper_ssp_200m_strong_v1,7,1000,1000.0,1060.0,auv_10,enter_exclusion_zone,consequential,DENY,DENY_HARD_EXPIRY,hard_expired,900.0,PARTITIONED,False,True,True,False,not_low_risk,tr_4e1f28b2f305_gpu
paper_ssp_200m_strong_v1,7,1000,1000.0,1060.0,auv_11,bounded_path_correction,low,DENY,DENY_FORBIDDEN,hard_expired,900.0,PARTITIONED,False,True,True,False,A_hard_expiry_capsule_contraction,tr_4e1f28b2f305_gpu
paper_ssp_200m_strong_v1,7,1000,1000.0,1080.0,auv_06,enter_exclusion_zone,consequential,DENY,DENY_HARD_EXPIRY,hard_expired,920.0,PARTITIONED,False,True,True,False,not_low_risk,tr_4e1f28b2f305_gpu
paper_ssp_200m_strong_v1,7,1000,1000.0,1080.0,auv_07,enter_exclusion_zone,consequential,DENY,DENY_HARD_EXPIRY,hard_expired,920.0,PARTITIONED,False,True,True,False,not_low_risk,tr_4e1f28b2f305_gpu
paper_ssp_200m_strong_v1,7,1000,1000.0,1080.0,auv_08,exceed_return_energy_reserve,consequential,DENY,DENY_HARD_EXPIRY,hard_expired,920.0,PARTITIONED,False,True,True,False,not_low_risk,tr_4e1f28b2f305_gpu
paper_ssp_200m_strong_v1,7,1000,1000.0,1080.0,auv_09,hold_station,low,DENY,DENY_FORBIDDEN,hard_expired,920.0,PARTITIONED,False,True,True,False,A_hard_expiry_capsule_contraction,tr_4e1f28b2f305_gpu
paper_ssp_200m_strong_v1,7,1000,1000.0,1080.0,auv_10,enter_exclusion_zone,consequential,DENY,DENY_HARD_EXPIRY,hard_expired,920.0,PARTITIONED,False,True,True,False,not_low_risk,tr_4e1f28b2f305_gpu
paper_ssp_200m_strong_v1,7,1000,1000.0,1080.0,auv_11,bounded_path_correction,low,DENY,DENY_FORBIDDEN,hard_expired,920.0,PARTITIONED,False,True,True,False,A_hard_expiry_capsule_contraction,tr_4e1f28b2f305_gpu
paper_ssp_200m_strong_v1,7,1000,1000.0,1100.0,auv_06,enter_exclusion_zone,consequential,DENY,DENY_HARD_EXPIRY,hard_expired,940.0,PARTITIONED,False,True,True,False,not_low_risk,tr_4e1f28b2f305_gpu
paper_ssp_200m_strong_v1,7,1000,1000.0,1100.0,auv_07,enter_exclusion_zone,consequential,DENY,DENY_HARD_EXPIRY,hard_expired,940.0,PARTITIONED,False,True,True,False,not_low_risk,tr_4e1f28b2f305_gpu
paper_ssp_200m_strong_v1,7,1000,1000.0,1100.0,auv_08,exceed_return_energy_reserve,consequential,DENY,DENY_HARD_EXPIRY,hard_expired,940.0,PARTITIONED,False,True,True,False,not_low_risk,tr_4e1f28b2f305_gpu
paper_ssp_200m_strong_v1,7,1000,1000.0,1100.0,auv_09,hold_station,low,DENY,DENY_FORBIDDEN,hard_expired,940.0,PARTITIONED,False,True,True,False,A_hard_expiry_capsule_contraction,tr_4e1f28b2f305_gpu
paper_ssp_200m_strong_v1,7,1000,1000.0,1100.0,auv_10,enter_exclusion_zone,consequential,DENY,DENY_HARD_EXPIRY,hard_expired,940.0,PARTITIONED,False,True,True,False,not_low_risk,tr_4e1f28b2f305_gpu
paper_ssp_200m_strong_v1,7,1000,1000.0,1100.0,auv_11,bounded_path_correction,low,DENY,DENY_FORBIDDEN,hard_expired,940.0,PARTITIONED,False,True,True,False,A_hard_expiry_capsule_contraction,tr_4e1f28b2f305_gpu
paper_ssp_200m_strong_v1,7,1000,1000.0,1120.0,auv_06,enter_exclusion_zone,consequential,DENY,DENY_HARD_EXPIRY,hard_expired,960.0,PARTITIONED,False,True,True,False,not_low_risk,tr_4e1f28b2f305_gpu
paper_ssp_200m_strong_v1,7,1000,1000.0,1120.0,auv_07,enter_exclusion_zone,consequential,DENY,DENY_HARD_EXPIRY,hard_expired,960.0,PARTITIONED,False,True,True,False,not_low_risk,tr_4e1f28b2f305_gpu
paper_ssp_200m_strong_v1,7,1000,1000.0,1120.0,auv_08,exceed_return_energy_reserve,consequential,DENY,DENY_HARD_EXPIRY,hard_expired,960.0,PARTITIONED,False,True,True,False,not_low_risk,tr_4e1f28b2f305_gpu
paper_ssp_200m_strong_v1,7,1000,1000.0,1120.0,auv_09,hold_station,low,DENY,DENY_FORBIDDEN,hard_expired,960.0,PARTITIONED,False,True,True,False,A_hard_expiry_capsule_contraction,tr_4e1f28b2f305_gpu
paper_ssp_200m_strong_v1,7,1000,1000.0,1120.0,auv_10,enter_exclusion_zone,consequential,DENY,DENY_HARD_EXPIRY,hard_expired,960.0,PARTITIONED,False,True,True,False,not_low_risk,tr_4e1f28b2f305_gpu
paper_ssp_200m_strong_v1,7,1000,1000.0,1120.0,auv_11,change_high_level_objective,consequential,DENY,DENY_HARD_EXPIRY,hard_expired,960.0,PARTITIONED,False,True,True,False,not_low_risk,tr_4e1f28b2f305_gpu
paper_ssp_200m_strong_v1,7,1000,1000.0,1140.0,auv_06,exceed_return_energy_reserve,consequential,DENY,DENY_HARD_EXPIRY,hard_expired,980.0,PARTITIONED,False,True,True,False,not_low_risk,tr_4e1f28b2f305_gpu
paper_ssp_200m_strong_v1,7,1000,1000.0,1140.0,auv_07,exceed_return_energy_reserve,consequential,DENY,DENY_HARD_EXPIRY,hard_expired,980.0,PARTITIONED,False,True,True,False,not_low_risk,tr_4e1f28b2f305_gpu
paper_ssp_200m_strong_v1,7,1000,1000.0,1140.0,auv_08,exceed_return_energy_reserve,consequential,DENY,DENY_HARD_EXPIRY,hard_expired,980.0,PARTITIONED,False,True,True,False,not_low_risk,tr_4e1f28b2f305_gpu
paper_ssp_200m_strong_v1,7,1000,1000.0,1140.0,auv_09,hold_station,low,DENY,DENY_FORBIDDEN,hard_expired,980.0,PARTITIONED,False,True,True,False,A_hard_expiry_capsule_contraction,tr_4e1f28b2f305_gpu
paper_ssp_200m_strong_v1,7,1000,1000.0,1140.0,auv_10,exceed_return_energy_reserve,consequential,DENY,DENY_HARD_EXPIRY,hard_expired,980.0,PARTITIONED,False,True,True,False,not_low_risk,tr_4e1f28b2f305_gpu
paper_ssp_200m_strong_v1,7,1000,1000.0,1140.0,auv_11,exceed_return_energy_reserve,consequential,DENY,DENY_HARD_EXPIRY,hard_expired,980.0,PARTITIONED,False,True,True,False,not_low_risk,tr_4e1f28b2f305_gpu
paper_ssp_200m_strong_v1,7,1000,1000.0,1160.0,auv_06,enter_exclusion_zone,consequential,DENY,DENY_HARD_EXPIRY,hard_expired,1000.0,PARTITIONED,False,True,True,False,not_low_risk,tr_4e1f28b2f305_gpu
paper_ssp_200m_strong_v1,7,1000,1000.0,1160.0,auv_07,enter_exclusion_zone,consequential,DENY,DENY_HARD_EXPIRY,hard_expired,1000.0,PARTITIONED,False,True,True,False,not_low_risk,tr_4e1f28b2f305_gpu
paper_ssp_200m_strong_v1,7,1000,1000.0,1160.0,auv_08,exceed_return_energy_reserve,consequential,DENY,DENY_HARD_EXPIRY,hard_expired,1000.0,PARTITIONED,False,True,True,False,not_low_risk,tr_4e1f28b2f305_gpu
paper_ssp_200m_strong_v1,7,1000,1000.0,1160.0,auv_09,hold_station,low,DENY,DENY_FORBIDDEN,hard_expired,1000.0,PARTITIONED,False,True,True,False,A_hard_expiry_capsule_contraction,tr_4e1f28b2f305_gpu
paper_ssp_200m_strong_v1,7,1000,1000.0,1160.0,auv_10,enter_exclusion_zone,consequential,DENY,DENY_HARD_EXPIRY,hard_expired,1000.0,PARTITIONED,False,True,True,False,not_low_risk,tr_4e1f28b2f305_gpu
paper_ssp_200m_strong_v1,7,1000,1000.0,1160.0,auv_11,bounded_path_correction,low,DENY,DENY_FORBIDDEN,hard_expired,1000.0,PARTITIONED,False,True,True,False,A_hard_expiry_capsule_contraction,tr_4e1f28b2f305_gpu
paper_ssp_200m_strong_v1,7,1000,1000.0,1180.0,auv_06,enter_exclusion_zone,consequential,DENY,DENY_HARD_EXPIRY,hard_expired,1020.0,PARTITIONED,False,True,True,False,not_low_risk,tr_4e1f28b2f305_gpu
paper_ssp_200m_strong_v1,7,1000,1000.0,1180.0,auv_07,enter_exclusion_zone,consequential,DENY,DENY_HARD_EXPIRY,hard_expired,1020.0,PARTITIONED,False,True,True,False,not_low_risk,tr_4e1f28b2f305_gpu
paper_ssp_200m_strong_v1,7,1000,1000.0,1180.0,auv_08,exceed_return_energy_reserve,consequential,DENY,DENY_HARD_EXPIRY,hard_expired,1020.0,PARTITIONED,False,True,True,False,not_low_risk,tr_4e1f28b2f305_gpu
paper_ssp_200m_strong_v1,7,1000,1000.0,1180.0,auv_09,hold_station,low,DENY,DENY_FORBIDDEN,hard_expired,1020.0,PARTITIONED,False,True,True,False,A_hard_expiry_capsule_contraction,tr_4e1f28b2f305_gpu
paper_ssp_200m_strong_v1,7,1000,1000.0,1180.0,auv_10,enter_exclusion_zone,consequential,DENY,DENY_HARD_EXPIRY,hard_expired,1020.0,PARTITIONED,False,True,True,False,not_low_risk,tr_4e1f28b2f305_gpu
paper_ssp_200m_strong_v1,7,1000,1000.0,1180.0,auv_11,bounded_path_correction,low,DENY,DENY_FORBIDDEN,hard_expired,1020.0,PARTITIONED,False,True,True,False,A_hard_expiry_capsule_contraction,tr_4e1f28b2f305_gpu
paper_ssp_200m_strong_v1,8,0,0.0,900.0,auv_00,bounded_path_correction,low,DENY,DENY_FORBIDDEN,hard_expired,900.0,PARTITIONED,False,True,True,False,A_hard_expiry_capsule_contraction,tr_cdd5f1950a3c_gpu
paper_ssp_200m_strong_v1,8,0,0.0,900.0,auv_01,bounded_path_correction,low,DENY,DENY_FORBIDDEN,hard_expired,900.0,PARTITIONED,False,True,True,False,A_hard_expiry_capsule_contraction,tr_cdd5f1950a3c_gpu
paper_ssp_200m_strong_v1,8,0,0.0,900.0,auv_02,bounded_path_correction,low,DENY,DENY_FORBIDDEN,hard_expired,900.0,PARTITIONED,False,True,True,False,A_hard_expiry_capsule_contraction,tr_cdd5f1950a3c_gpu
paper_ssp_200m_strong_v1,8,0,0.0,900.0,auv_03,bounded_path_correction,low,DENY,DENY_FORBIDDEN,hard_expired,900.0,PARTITIONED,False,True,True,False,A_hard_expiry_capsule_contraction,tr_cdd5f1950a3c_gpu
paper_ssp_200m_strong_v1,8,0,0.0,900.0,auv_04,abandon_mandatory_inspection,consequential,DENY,DENY_HARD_EXPIRY,hard_expired,900.0,PARTITIONED,False,True,True,False,not_low_risk,tr_cdd5f1950a3c_gpu
paper_ssp_200m_strong_v1,8,0,0.0,900.0,auv_05,bounded_path_correction,low,DENY,DENY_FORBIDDEN,hard_expired,900.0,PARTITIONED,False,True,True,False,A_hard_expiry_capsule_contraction,tr_cdd5f1950a3c_gpu
paper_ssp_200m_strong_v1,8,0,0.0,900.0,auv_06,enter_exclusion_zone,consequential,DENY,DENY_HARD_EXPIRY,hard_expired,900.0,PARTITIONED,False,True,True,False,not_low_risk,tr_cdd5f1950a3c_gpu
paper_ssp_200m_strong_v1,8,0,0.0,900.0,auv_07,enter_exclusion_zone,consequential,DENY,DENY_HARD_EXPIRY,hard_expired,900.0,PARTITIONED,False,True,True,False,not_low_risk,tr_cdd5f1950a3c_gpu
paper_ssp_200m_strong_v1,8,0,0.0,900.0,auv_08,exceed_return_energy_reserve,consequential,DENY,DENY_HARD_EXPIRY,hard_expired,900.0,PARTITIONED,False,True,True,False,not_low_risk,tr_cdd5f1950a3c_gpu
paper_ssp_200m_strong_v1,8,0,0.0,900.0,auv_09,hold_station,low,DENY,DENY_FORBIDDEN,hard_expired,900.0,PARTITIONED,False,True,True,False,A_hard_expiry_capsule_contraction,tr_cdd5f1950a3c_gpu
paper_ssp_200m_strong_v1,8,0,0.0,900.0,auv_10,enter_exclusion_zone,consequential,DENY,DENY_HARD_EXPIRY,hard_expired,900.0,PARTITIONED,False,True,True,False,not_low_risk,tr_cdd5f1950a3c_gpu
paper_ssp_200m_strong_v1,8,0,0.0,900.0,auv_11,bounded_path_correction,low,DENY,DENY_FORBIDDEN,hard_expired,900.0,PARTITIONED,False,True,True,False,A_hard_expiry_capsule_contraction,tr_cdd5f1950a3c_gpu
paper_ssp_200m_strong_v1,8,0,0.0,920.0,auv_00,bounded_path_correction,low,DENY,DENY_FORBIDDEN,hard_expired,920.0,PARTITIONED,False,True,True,False,A_hard_expiry_capsule_contraction,tr_cdd5f1950a3c_gpu
paper_ssp_200m_strong_v1,8,0,0.0,920.0,auv_01,bounded_path_correction,low,DENY,DENY_FORBIDDEN,hard_expired,920.0,PARTITIONED,False,True,True,False,A_hard_expiry_capsule_contraction,tr_cdd5f1950a3c_gpu
paper_ssp_200m_strong_v1,8,0,0.0,920.0,auv_02,bounded_path_correction,low,DENY,DENY_FORBIDDEN,hard_expired,920.0,PARTITIONED,False,True,True,False,A_hard_expiry_capsule_contraction,tr_cdd5f1950a3c_gpu
paper_ssp_200m_strong_v1,8,0,0.0,920.0,auv_03,bounded_path_correction,low,DENY,DENY_FORBIDDEN,hard_expired,920.0,PARTITIONED,False,True,True,False,A_hard_expiry_capsule_contraction,tr_cdd5f1950a3c_gpu
paper_ssp_200m_strong_v1,8,0,0.0,920.0,auv_04,abandon_mandatory_inspection,consequential,DENY,DENY_HARD_EXPIRY,hard_expired,920.0,PARTITIONED,False,True,True,False,not_low_risk,tr_cdd5f1950a3c_gpu
paper_ssp_200m_strong_v1,8,0,0.0,920.0,auv_05,bounded_path_correction,low,DENY,DENY_FORBIDDEN,hard_expired,920.0,PARTITIONED,False,True,True,False,A_hard_expiry_capsule_contraction,tr_cdd5f1950a3c_gpu
paper_ssp_200m_strong_v1,8,0,0.0,920.0,auv_06,enter_exclusion_zone,consequential,DENY,DENY_HARD_EXPIRY,hard_expired,920.0,PARTITIONED,False,True,True,False,not_low_risk,tr_cdd5f1950a3c_gpu
paper_ssp_200m_strong_v1,8,0,0.0,920.0,auv_07,enter_exclusion_zone,consequential,DENY,DENY_HARD_EXPIRY,hard_expired,920.0,PARTITIONED,False,True,True,False,not_low_risk,tr_cdd5f1950a3c_gpu
paper_ssp_200m_strong_v1,8,0,0.0,920.0,auv_08,exceed_return_energy_reserve,consequential,DENY,DENY_HARD_EXPIRY,hard_expired,920.0,PARTITIONED,False,True,True,False,not_low_risk,tr_cdd5f1950a3c_gpu
paper_ssp_200m_strong_v1,8,0,0.0,920.0,auv_09,hold_station,low,DENY,DENY_FORBIDDEN,hard_expired,920.0,PARTITIONED,False,True,True,False,A_hard_expiry_capsule_contraction,tr_cdd5f1950a3c_gpu
paper_ssp_200m_strong_v1,8,0,0.0,920.0,auv_10,enter_exclusion_zone,consequential,DENY,DENY_HARD_EXPIRY,hard_expired,920.0,PARTITIONED,False,True,True,False,not_low_risk,tr_cdd5f1950a3c_gpu
paper_ssp_200m_strong_v1,8,0,0.0,920.0,auv_11,bounded_path_correction,low,DENY,DENY_FORBIDDEN,hard_expired,920.0,PARTITIONED,False,True,True,False,A_hard_expiry_capsule_contraction,tr_cdd5f1950a3c_gpu
paper_ssp_200m_strong_v1,8,0,0.0,940.0,auv_00,bounded_path_correction,low,DENY,DENY_FORBIDDEN,hard_expired,940.0,PARTITIONED,False,True,True,False,A_hard_expiry_capsule_contraction,tr_cdd5f1950a3c_gpu
paper_ssp_200m_strong_v1,8,0,0.0,940.0,auv_01,bounded_path_correction,low,DENY,DENY_FORBIDDEN,hard_expired,940.0,PARTITIONED,False,True,True,False,A_hard_expiry_capsule_contraction,tr_cdd5f1950a3c_gpu
paper_ssp_200m_strong_v1,8,0,0.0,940.0,auv_02,bounded_path_correction,low,DENY,DENY_FORBIDDEN,hard_expired,940.0,PARTITIONED,False,True,True,False,A_hard_expiry_capsule_contraction,tr_cdd5f1950a3c_gpu
paper_ssp_200m_strong_v1,8,0,0.0,940.0,auv_03,bounded_path_correction,low,DENY,DENY_FORBIDDEN,hard_expired,940.0,PARTITIONED,False,True,True,False,A_hard_expiry_capsule_contraction,tr_cdd5f1950a3c_gpu
paper_ssp_200m_strong_v1,8,0,0.0,940.0,auv_04,abandon_mandatory_inspection,consequential,DENY,DENY_HARD_EXPIRY,hard_expired,940.0,PARTITIONED,False,True,True,False,not_low_risk,tr_cdd5f1950a3c_gpu
paper_ssp_200m_strong_v1,8,0,0.0,940.0,auv_05,bounded_path_correction,low,DENY,DENY_FORBIDDEN,hard_expired,940.0,PARTITIONED,False,True,True,False,A_hard_expiry_capsule_contraction,tr_cdd5f1950a3c_gpu
paper_ssp_200m_strong_v1,8,0,0.0,940.0,auv_06,enter_exclusion_zone,consequential,DENY,DENY_HARD_EXPIRY,hard_expired,940.0,PARTITIONED,False,True,True,False,not_low_risk,tr_cdd5f1950a3c_gpu
paper_ssp_200m_strong_v1,8,0,0.0,940.0,auv_07,enter_exclusion_zone,consequential,DENY,DENY_HARD_EXPIRY,hard_expired,940.0,PARTITIONED,False,True,True,False,not_low_risk,tr_cdd5f1950a3c_gpu
paper_ssp_200m_strong_v1,8,0,0.0,940.0,auv_08,exceed_return_energy_reserve,consequential,DENY,DENY_HARD_EXPIRY,hard_expired,940.0,PARTITIONED,False,True,True,False,not_low_risk,tr_cdd5f1950a3c_gpu
paper_ssp_200m_strong_v1,8,0,0.0,940.0,auv_09,hold_station,low,DENY,DENY_FORBIDDEN,hard_expired,940.0,PARTITIONED,False,True,True,False,A_hard_expiry_capsule_contraction,tr_cdd5f1950a3c_gpu
paper_ssp_200m_strong_v1,8,0,0.0,940.0,auv_10,enter_exclusion_zone,consequential,DENY,DENY_HARD_EXPIRY,hard_expired,940.0,PARTITIONED,False,True,True,False,not_low_risk,tr_cdd5f1950a3c_gpu
paper_ssp_200m_strong_v1,8,0,0.0,940.0,auv_11,bounded_path_correction,low,DENY,DENY_FORBIDDEN,hard_expired,940.0,PARTITIONED,False,True,True,False,A_hard_expiry_capsule_contraction,tr_cdd5f1950a3c_gpu
paper_ssp_200m_strong_v1,8,0,0.0,960.0,auv_00,bounded_path_correction,low,DENY,DENY_FORBIDDEN,hard_expired,960.0,PARTITIONED,False,True,True,False,A_hard_expiry_capsule_contraction,tr_cdd5f1950a3c_gpu
paper_ssp_200m_strong_v1,8,0,0.0,960.0,auv_01,bounded_path_correction,low,DENY,DENY_FORBIDDEN,hard_expired,960.0,PARTITIONED,False,True,True,False,A_hard_expiry_capsule_contraction,tr_cdd5f1950a3c_gpu
paper_ssp_200m_strong_v1,8,0,0.0,960.0,auv_02,bounded_path_correction,low,DENY,DENY_FORBIDDEN,hard_expired,960.0,PARTITIONED,False,True,True,False,A_hard_expiry_capsule_contraction,tr_cdd5f1950a3c_gpu
paper_ssp_200m_strong_v1,8,0,0.0,960.0,auv_03,bounded_path_correction,low,DENY,DENY_FORBIDDEN,hard_expired,960.0,PARTITIONED,False,True,True,False,A_hard_expiry_capsule_contraction,tr_cdd5f1950a3c_gpu
paper_ssp_200m_strong_v1,8,0,0.0,960.0,auv_04,abandon_mandatory_inspection,consequential,DENY,DENY_HARD_EXPIRY,hard_expired,960.0,PARTITIONED,False,True,True,False,not_low_risk,tr_cdd5f1950a3c_gpu
paper_ssp_200m_strong_v1,8,0,0.0,960.0,auv_05,bounded_path_correction,low,DENY,DENY_FORBIDDEN,hard_expired,960.0,PARTITIONED,False,True,True,False,A_hard_expiry_capsule_contraction,tr_cdd5f1950a3c_gpu
paper_ssp_200m_strong_v1,8,0,0.0,960.0,auv_06,enter_exclusion_zone,consequential,DENY,DENY_HARD_EXPIRY,hard_expired,960.0,PARTITIONED,False,True,True,False,not_low_risk,tr_cdd5f1950a3c_gpu
paper_ssp_200m_strong_v1,8,0,0.0,960.0,auv_07,enter_exclusion_zone,consequential,DENY,DENY_HARD_EXPIRY,hard_expired,960.0,PARTITIONED,False,True,True,False,not_low_risk,tr_cdd5f1950a3c_gpu
paper_ssp_200m_strong_v1,8,0,0.0,960.0,auv_08,exceed_return_energy_reserve,consequential,DENY,DENY_HARD_EXPIRY,hard_expired,960.0,PARTITIONED,False,True,True,False,not_low_risk,tr_cdd5f1950a3c_gpu
paper_ssp_200m_strong_v1,8,0,0.0,960.0,auv_09,hold_station,low,DENY,DENY_FORBIDDEN,hard_expired,960.0,PARTITIONED,False,True,True,False,A_hard_expiry_capsule_contraction,tr_cdd5f1950a3c_gpu
paper_ssp_200m_strong_v1,8,0,0.0,960.0,auv_10,enter_exclusion_zone,consequential,DENY,DENY_HARD_EXPIRY,hard_expired,960.0,PARTITIONED,False,True,True,False,not_low_risk,tr_cdd5f1950a3c_gpu
paper_ssp_200m_strong_v1,8,0,0.0,960.0,auv_11,change_high_level_objective,consequential,DENY,DENY_HARD_EXPIRY,hard_expired,960.0,PARTITIONED,False,True,True,False,not_low_risk,tr_cdd5f1950a3c_gpu
paper_ssp_200m_strong_v1,8,0,0.0,980.0,auv_00,bounded_path_correction,low,DENY,DENY_FORBIDDEN,hard_expired,980.0,PARTITIONED,False,True,True,False,A_hard_expiry_capsule_contraction,tr_cdd5f1950a3c_gpu
paper_ssp_200m_strong_v1,8,0,0.0,980.0,auv_01,bounded_path_correction,low,DENY,DENY_FORBIDDEN,hard_expired,980.0,PARTITIONED,False,True,True,False,A_hard_expiry_capsule_contraction,tr_cdd5f1950a3c_gpu
paper_ssp_200m_strong_v1,8,0,0.0,980.0,auv_02,bounded_path_correction,low,DENY,DENY_FORBIDDEN,hard_expired,980.0,PARTITIONED,False,True,True,False,A_hard_expiry_capsule_contraction,tr_cdd5f1950a3c_gpu
paper_ssp_200m_strong_v1,8,0,0.0,980.0,auv_03,bounded_path_correction,low,DENY,DENY_FORBIDDEN,hard_expired,980.0,PARTITIONED,False,True,True,False,A_hard_expiry_capsule_contraction,tr_cdd5f1950a3c_gpu
paper_ssp_200m_strong_v1,8,0,0.0,980.0,auv_04,abandon_mandatory_inspection,consequential,DENY,DENY_HARD_EXPIRY,hard_expired,980.0,PARTITIONED,False,True,True,False,not_low_risk,tr_cdd5f1950a3c_gpu
paper_ssp_200m_strong_v1,8,0,0.0,980.0,auv_05,bounded_path_correction,low,DENY,DENY_FORBIDDEN,hard_expired,980.0,PARTITIONED,False,True,True,False,A_hard_expiry_capsule_contraction,tr_cdd5f1950a3c_gpu
paper_ssp_200m_strong_v1,8,0,0.0,980.0,auv_06,enter_exclusion_zone,consequential,DENY,DENY_HARD_EXPIRY,hard_expired,980.0,PARTITIONED,False,True,True,False,not_low_risk,tr_cdd5f1950a3c_gpu
paper_ssp_200m_strong_v1,8,0,0.0,980.0,auv_07,enter_exclusion_zone,consequential,DENY,DENY_HARD_EXPIRY,hard_expired,980.0,PARTITIONED,False,True,True,False,not_low_risk,tr_cdd5f1950a3c_gpu
paper_ssp_200m_strong_v1,8,0,0.0,980.0,auv_08,exceed_return_energy_reserve,consequential,DENY,DENY_HARD_EXPIRY,hard_expired,980.0,PARTITIONED,False,True,True,False,not_low_risk,tr_cdd5f1950a3c_gpu
paper_ssp_200m_strong_v1,8,0,0.0,980.0,auv_09,hold_station,low,DENY,DENY_FORBIDDEN,hard_expired,980.0,PARTITIONED,False,True,True,False,A_hard_expiry_capsule_contraction,tr_cdd5f1950a3c_gpu
paper_ssp_200m_strong_v1,8,0,0.0,980.0,auv_10,enter_exclusion_zone,consequential,DENY,DENY_HARD_EXPIRY,hard_expired,980.0,PARTITIONED,False,True,True,False,not_low_risk,tr_cdd5f1950a3c_gpu
paper_ssp_200m_strong_v1,8,0,0.0,980.0,auv_11,bounded_path_correction,low,DENY,DENY_FORBIDDEN,hard_expired,980.0,PARTITIONED,False,True,True,False,A_hard_expiry_capsule_contraction,tr_cdd5f1950a3c_gpu
paper_ssp_200m_strong_v1,8,0,0.0,1000.0,auv_00,bounded_path_correction,low,DENY,DENY_FORBIDDEN,hard_expired,1000.0,PARTITIONED,False,True,True,False,A_hard_expiry_capsule_contraction,tr_cdd5f1950a3c_gpu
paper_ssp_200m_strong_v1,8,0,0.0,1000.0,auv_01,bounded_path_correction,low,DENY,DENY_FORBIDDEN,hard_expired,1000.0,PARTITIONED,False,True,True,False,A_hard_expiry_capsule_contraction,tr_cdd5f1950a3c_gpu
paper_ssp_200m_strong_v1,8,0,0.0,1000.0,auv_02,bounded_path_correction,low,DENY,DENY_FORBIDDEN,hard_expired,1000.0,PARTITIONED,False,True,True,False,A_hard_expiry_capsule_contraction,tr_cdd5f1950a3c_gpu
paper_ssp_200m_strong_v1,8,0,0.0,1000.0,auv_03,bounded_path_correction,low,DENY,DENY_FORBIDDEN,hard_expired,1000.0,PARTITIONED,False,True,True,False,A_hard_expiry_capsule_contraction,tr_cdd5f1950a3c_gpu
paper_ssp_200m_strong_v1,8,0,0.0,1000.0,auv_04,abandon_mandatory_inspection,consequential,DENY,DENY_HARD_EXPIRY,hard_expired,1000.0,PARTITIONED,False,True,True,False,not_low_risk,tr_cdd5f1950a3c_gpu
paper_ssp_200m_strong_v1,8,0,0.0,1000.0,auv_05,bounded_path_correction,low,DENY,DENY_FORBIDDEN,hard_expired,1000.0,PARTITIONED,False,True,True,False,A_hard_expiry_capsule_contraction,tr_cdd5f1950a3c_gpu
paper_ssp_200m_strong_v1,8,0,0.0,1000.0,auv_06,enter_exclusion_zone,consequential,DENY,DENY_HARD_EXPIRY,hard_expired,1000.0,PARTITIONED,False,True,True,False,not_low_risk,tr_cdd5f1950a3c_gpu
paper_ssp_200m_strong_v1,8,0,0.0,1000.0,auv_07,enter_exclusion_zone,consequential,DENY,DENY_HARD_EXPIRY,hard_expired,1000.0,PARTITIONED,False,True,True,False,not_low_risk,tr_cdd5f1950a3c_gpu
paper_ssp_200m_strong_v1,8,0,0.0,1000.0,auv_08,exceed_return_energy_reserve,consequential,DENY,DENY_HARD_EXPIRY,hard_expired,1000.0,PARTITIONED,False,True,True,False,not_low_risk,tr_cdd5f1950a3c_gpu
paper_ssp_200m_strong_v1,8,0,0.0,1000.0,auv_09,hold_station,low,DENY,DENY_FORBIDDEN,hard_expired,1000.0,PARTITIONED,False,True,True,False,A_hard_expiry_capsule_contraction,tr_cdd5f1950a3c_gpu
paper_ssp_200m_strong_v1,8,0,0.0,1000.0,auv_10,enter_exclusion_zone,consequential,DENY,DENY_HARD_EXPIRY,hard_expired,1000.0,PARTITIONED,False,True,True,False,not_low_risk,tr_cdd5f1950a3c_gpu
paper_ssp_200m_strong_v1,8,0,0.0,1000.0,auv_11,bounded_path_correction,low,DENY,DENY_FORBIDDEN,hard_expired,1000.0,PARTITIONED,False,True,True,False,A_hard_expiry_capsule_contraction,tr_cdd5f1950a3c_gpu
paper_ssp_200m_strong_v1,8,0,0.0,1020.0,auv_00,bounded_path_correction,low,DENY,DENY_FORBIDDEN,hard_expired,1020.0,PARTITIONED,False,True,True,False,A_hard_expiry_capsule_contraction,tr_cdd5f1950a3c_gpu
paper_ssp_200m_strong_v1,8,0,0.0,1020.0,auv_01,bounded_path_correction,low,DENY,DENY_FORBIDDEN,hard_expired,1020.0,PARTITIONED,False,True,True,False,A_hard_expiry_capsule_contraction,tr_cdd5f1950a3c_gpu
paper_ssp_200m_strong_v1,8,0,0.0,1020.0,auv_02,bounded_path_correction,low,DENY,DENY_FORBIDDEN,hard_expired,1020.0,PARTITIONED,False,True,True,False,A_hard_expiry_capsule_contraction,tr_cdd5f1950a3c_gpu
paper_ssp_200m_strong_v1,8,0,0.0,1020.0,auv_03,bounded_path_correction,low,DENY,DENY_FORBIDDEN,hard_expired,1020.0,PARTITIONED,False,True,True,False,A_hard_expiry_capsule_contraction,tr_cdd5f1950a3c_gpu
paper_ssp_200m_strong_v1,8,0,0.0,1020.0,auv_04,abandon_mandatory_inspection,consequential,DENY,DENY_HARD_EXPIRY,hard_expired,1020.0,PARTITIONED,False,True,True,False,not_low_risk,tr_cdd5f1950a3c_gpu
paper_ssp_200m_strong_v1,8,0,0.0,1020.0,auv_05,bounded_path_correction,low,DENY,DENY_FORBIDDEN,hard_expired,1020.0,PARTITIONED,False,True,True,False,A_hard_expiry_capsule_contraction,tr_cdd5f1950a3c_gpu
paper_ssp_200m_strong_v1,8,0,0.0,1020.0,auv_06,enter_exclusion_zone,consequential,DENY,DENY_HARD_EXPIRY,hard_expired,1020.0,PARTITIONED,False,True,True,False,not_low_risk,tr_cdd5f1950a3c_gpu
paper_ssp_200m_strong_v1,8,0,0.0,1020.0,auv_07,enter_exclusion_zone,consequential,DENY,DENY_HARD_EXPIRY,hard_expired,1020.0,PARTITIONED,False,True,True,False,not_low_risk,tr_cdd5f1950a3c_gpu
paper_ssp_200m_strong_v1,8,0,0.0,1020.0,auv_08,exceed_return_energy_reserve,consequential,DENY,DENY_HARD_EXPIRY,hard_expired,1020.0,PARTITIONED,False,True,True,False,not_low_risk,tr_cdd5f1950a3c_gpu
paper_ssp_200m_strong_v1,8,0,0.0,1020.0,auv_09,hold_station,low,DENY,DENY_FORBIDDEN,hard_expired,1020.0,PARTITIONED,False,True,True,False,A_hard_expiry_capsule_contraction,tr_cdd5f1950a3c_gpu
paper_ssp_200m_strong_v1,8,0,0.0,1020.0,auv_10,enter_exclusion_zone,consequential,DENY,DENY_HARD_EXPIRY,hard_expired,1020.0,PARTITIONED,False,True,True,False,not_low_risk,tr_cdd5f1950a3c_gpu
paper_ssp_200m_strong_v1,8,0,0.0,1020.0,auv_11,bounded_path_correction,low,DENY,DENY_FORBIDDEN,hard_expired,1020.0,PARTITIONED,False,True,True,False,A_hard_expiry_capsule_contraction,tr_cdd5f1950a3c_gpu
paper_ssp_200m_strong_v1,8,0,0.0,1040.0,auv_00,bounded_path_correction,low,DENY,DENY_FORBIDDEN,hard_expired,1040.0,PARTITIONED,False,True,True,False,A_hard_expiry_capsule_contraction,tr_cdd5f1950a3c_gpu
paper_ssp_200m_strong_v1,8,0,0.0,1040.0,auv_01,bounded_path_correction,low,DENY,DENY_FORBIDDEN,hard_expired,1040.0,PARTITIONED,False,True,True,False,A_hard_expiry_capsule_contraction,tr_cdd5f1950a3c_gpu
paper_ssp_200m_strong_v1,8,0,0.0,1040.0,auv_02,bounded_path_correction,low,DENY,DENY_FORBIDDEN,hard_expired,1040.0,PARTITIONED,False,True,True,False,A_hard_expiry_capsule_contraction,tr_cdd5f1950a3c_gpu
paper_ssp_200m_strong_v1,8,0,0.0,1040.0,auv_03,bounded_path_correction,low,DENY,DENY_FORBIDDEN,hard_expired,1040.0,PARTITIONED,False,True,True,False,A_hard_expiry_capsule_contraction,tr_cdd5f1950a3c_gpu
paper_ssp_200m_strong_v1,8,0,0.0,1040.0,auv_04,abandon_mandatory_inspection,consequential,DENY,DENY_HARD_EXPIRY,hard_expired,1040.0,PARTITIONED,False,True,True,False,not_low_risk,tr_cdd5f1950a3c_gpu
paper_ssp_200m_strong_v1,8,0,0.0,1040.0,auv_05,bounded_path_correction,low,DENY,DENY_FORBIDDEN,hard_expired,1040.0,PARTITIONED,False,True,True,False,A_hard_expiry_capsule_contraction,tr_cdd5f1950a3c_gpu
paper_ssp_200m_strong_v1,8,0,0.0,1040.0,auv_06,enter_exclusion_zone,consequential,DENY,DENY_HARD_EXPIRY,hard_expired,1040.0,PARTITIONED,False,True,True,False,not_low_risk,tr_cdd5f1950a3c_gpu
paper_ssp_200m_strong_v1,8,0,0.0,1040.0,auv_07,enter_exclusion_zone,consequential,DENY,DENY_HARD_EXPIRY,hard_expired,1040.0,PARTITIONED,False,True,True,False,not_low_risk,tr_cdd5f1950a3c_gpu
paper_ssp_200m_strong_v1,8,0,0.0,1040.0,auv_08,exceed_return_energy_reserve,consequential,DENY,DENY_HARD_EXPIRY,hard_expired,1040.0,PARTITIONED,False,True,True,False,not_low_risk,tr_cdd5f1950a3c_gpu
paper_ssp_200m_strong_v1,8,0,0.0,1040.0,auv_09,hold_station,low,DENY,DENY_FORBIDDEN,hard_expired,1040.0,PARTITIONED,False,True,True,False,A_hard_expiry_capsule_contraction,tr_cdd5f1950a3c_gpu
paper_ssp_200m_strong_v1,8,0,0.0,1040.0,auv_10,enter_exclusion_zone,consequential,DENY,DENY_HARD_EXPIRY,hard_expired,1040.0,PARTITIONED,False,True,True,False,not_low_risk,tr_cdd5f1950a3c_gpu
paper_ssp_200m_strong_v1,8,0,0.0,1040.0,auv_11,change_high_level_objective,consequential,DENY,DENY_HARD_EXPIRY,hard_expired,1040.0,PARTITIONED,False,True,True,False,not_low_risk,tr_cdd5f1950a3c_gpu
paper_ssp_200m_strong_v1,8,0,0.0,1060.0,auv_00,bounded_path_correction,low,DENY,DENY_FORBIDDEN,hard_expired,1060.0,PARTITIONED,False,True,True,False,A_hard_expiry_capsule_contraction,tr_cdd5f1950a3c_gpu
paper_ssp_200m_strong_v1,8,0,0.0,1060.0,auv_01,bounded_path_correction,low,DENY,DENY_FORBIDDEN,hard_expired,1060.0,PARTITIONED,False,True,True,False,A_hard_expiry_capsule_contraction,tr_cdd5f1950a3c_gpu
paper_ssp_200m_strong_v1,8,0,0.0,1060.0,auv_02,bounded_path_correction,low,DENY,DENY_FORBIDDEN,hard_expired,1060.0,PARTITIONED,False,True,True,False,A_hard_expiry_capsule_contraction,tr_cdd5f1950a3c_gpu
paper_ssp_200m_strong_v1,8,0,0.0,1060.0,auv_03,bounded_path_correction,low,DENY,DENY_FORBIDDEN,hard_expired,1060.0,PARTITIONED,False,True,True,False,A_hard_expiry_capsule_contraction,tr_cdd5f1950a3c_gpu
paper_ssp_200m_strong_v1,8,0,0.0,1060.0,auv_04,abandon_mandatory_inspection,consequential,DENY,DENY_HARD_EXPIRY,hard_expired,1060.0,PARTITIONED,False,True,True,False,not_low_risk,tr_cdd5f1950a3c_gpu
paper_ssp_200m_strong_v1,8,0,0.0,1060.0,auv_05,bounded_path_correction,low,DENY,DENY_FORBIDDEN,hard_expired,1060.0,PARTITIONED,False,True,True,False,A_hard_expiry_capsule_contraction,tr_cdd5f1950a3c_gpu
paper_ssp_200m_strong_v1,8,0,0.0,1060.0,auv_06,enter_exclusion_zone,consequential,DENY,DENY_HARD_EXPIRY,hard_expired,1060.0,PARTITIONED,False,True,True,False,not_low_risk,tr_cdd5f1950a3c_gpu
paper_ssp_200m_strong_v1,8,0,0.0,1060.0,auv_07,enter_exclusion_zone,consequential,DENY,DENY_HARD_EXPIRY,hard_expired,1060.0,PARTITIONED,False,True,True,False,not_low_risk,tr_cdd5f1950a3c_gpu
paper_ssp_200m_strong_v1,8,0,0.0,1060.0,auv_08,exceed_return_energy_reserve,consequential,DENY,DENY_HARD_EXPIRY,hard_expired,1060.0,PARTITIONED,False,True,True,False,not_low_risk,tr_cdd5f1950a3c_gpu
paper_ssp_200m_strong_v1,8,0,0.0,1060.0,auv_09,hold_station,low,DENY,DENY_FORBIDDEN,hard_expired,1060.0,PARTITIONED,False,True,True,False,A_hard_expiry_capsule_contraction,tr_cdd5f1950a3c_gpu
paper_ssp_200m_strong_v1,8,0,0.0,1060.0,auv_10,enter_exclusion_zone,consequential,DENY,DENY_HARD_EXPIRY,hard_expired,1060.0,PARTITIONED,False,True,True,False,not_low_risk,tr_cdd5f1950a3c_gpu
paper_ssp_200m_strong_v1,8,0,0.0,1060.0,auv_11,bounded_path_correction,low,DENY,DENY_FORBIDDEN,hard_expired,1060.0,PARTITIONED,False,True,True,False,A_hard_expiry_capsule_contraction,tr_cdd5f1950a3c_gpu
paper_ssp_200m_strong_v1,8,0,0.0,1080.0,auv_00,bounded_path_correction,low,DENY,DENY_FORBIDDEN,hard_expired,1080.0,PARTITIONED,False,True,True,False,A_hard_expiry_capsule_contraction,tr_cdd5f1950a3c_gpu
paper_ssp_200m_strong_v1,8,0,0.0,1080.0,auv_01,bounded_path_correction,low,DENY,DENY_FORBIDDEN,hard_expired,1080.0,PARTITIONED,False,True,True,False,A_hard_expiry_capsule_contraction,tr_cdd5f1950a3c_gpu
paper_ssp_200m_strong_v1,8,0,0.0,1080.0,auv_02,bounded_path_correction,low,DENY,DENY_FORBIDDEN,hard_expired,1080.0,PARTITIONED,False,True,True,False,A_hard_expiry_capsule_contraction,tr_cdd5f1950a3c_gpu
paper_ssp_200m_strong_v1,8,0,0.0,1080.0,auv_03,bounded_path_correction,low,DENY,DENY_FORBIDDEN,hard_expired,1080.0,PARTITIONED,False,True,True,False,A_hard_expiry_capsule_contraction,tr_cdd5f1950a3c_gpu
paper_ssp_200m_strong_v1,8,0,0.0,1080.0,auv_04,abandon_mandatory_inspection,consequential,DENY,DENY_HARD_EXPIRY,hard_expired,1080.0,PARTITIONED,False,True,True,False,not_low_risk,tr_cdd5f1950a3c_gpu
paper_ssp_200m_strong_v1,8,0,0.0,1080.0,auv_05,bounded_path_correction,low,DENY,DENY_FORBIDDEN,hard_expired,1080.0,PARTITIONED,False,True,True,False,A_hard_expiry_capsule_contraction,tr_cdd5f1950a3c_gpu
paper_ssp_200m_strong_v1,8,0,0.0,1080.0,auv_06,enter_exclusion_zone,consequential,DENY,DENY_HARD_EXPIRY,hard_expired,1080.0,PARTITIONED,False,True,True,False,not_low_risk,tr_cdd5f1950a3c_gpu
paper_ssp_200m_strong_v1,8,0,0.0,1080.0,auv_07,enter_exclusion_zone,consequential,DENY,DENY_HARD_EXPIRY,hard_expired,1080.0,PARTITIONED,False,True,True,False,not_low_risk,tr_cdd5f1950a3c_gpu
paper_ssp_200m_strong_v1,8,0,0.0,1080.0,auv_08,exceed_return_energy_reserve,consequential,DENY,DENY_HARD_EXPIRY,hard_expired,1080.0,PARTITIONED,False,True,True,False,not_low_risk,tr_cdd5f1950a3c_gpu
paper_ssp_200m_strong_v1,8,0,0.0,1080.0,auv_09,hold_station,low,DENY,DENY_FORBIDDEN,hard_expired,1080.0,PARTITIONED,False,True,True,False,A_hard_expiry_capsule_contraction,tr_cdd5f1950a3c_gpu
paper_ssp_200m_strong_v1,8,0,0.0,1080.0,auv_10,enter_exclusion_zone,consequential,DENY,DENY_HARD_EXPIRY,hard_expired,1080.0,PARTITIONED,False,True,True,False,not_low_risk,tr_cdd5f1950a3c_gpu
paper_ssp_200m_strong_v1,8,0,0.0,1080.0,auv_11,bounded_path_correction,low,DENY,DENY_FORBIDDEN,hard_expired,1080.0,PARTITIONED,False,True,True,False,A_hard_expiry_capsule_contraction,tr_cdd5f1950a3c_gpu
paper_ssp_200m_strong_v1,8,0,0.0,1100.0,auv_00,bounded_path_correction,low,DENY,DENY_FORBIDDEN,hard_expired,1100.0,PARTITIONED,False,True,True,False,A_hard_expiry_capsule_contraction,tr_cdd5f1950a3c_gpu
paper_ssp_200m_strong_v1,8,0,0.0,1100.0,auv_01,bounded_path_correction,low,DENY,DENY_FORBIDDEN,hard_expired,1100.0,PARTITIONED,False,True,True,False,A_hard_expiry_capsule_contraction,tr_cdd5f1950a3c_gpu
paper_ssp_200m_strong_v1,8,0,0.0,1100.0,auv_02,bounded_path_correction,low,DENY,DENY_FORBIDDEN,hard_expired,1100.0,PARTITIONED,False,True,True,False,A_hard_expiry_capsule_contraction,tr_cdd5f1950a3c_gpu
paper_ssp_200m_strong_v1,8,0,0.0,1100.0,auv_03,bounded_path_correction,low,DENY,DENY_FORBIDDEN,hard_expired,1100.0,PARTITIONED,False,True,True,False,A_hard_expiry_capsule_contraction,tr_cdd5f1950a3c_gpu
paper_ssp_200m_strong_v1,8,0,0.0,1100.0,auv_04,abandon_mandatory_inspection,consequential,DENY,DENY_HARD_EXPIRY,hard_expired,1100.0,PARTITIONED,False,True,True,False,not_low_risk,tr_cdd5f1950a3c_gpu
paper_ssp_200m_strong_v1,8,0,0.0,1100.0,auv_05,bounded_path_correction,low,DENY,DENY_FORBIDDEN,hard_expired,1100.0,PARTITIONED,False,True,True,False,A_hard_expiry_capsule_contraction,tr_cdd5f1950a3c_gpu
paper_ssp_200m_strong_v1,8,0,0.0,1100.0,auv_06,enter_exclusion_zone,consequential,DENY,DENY_HARD_EXPIRY,hard_expired,1100.0,PARTITIONED,False,True,True,False,not_low_risk,tr_cdd5f1950a3c_gpu
paper_ssp_200m_strong_v1,8,0,0.0,1100.0,auv_07,enter_exclusion_zone,consequential,DENY,DENY_HARD_EXPIRY,hard_expired,1100.0,PARTITIONED,False,True,True,False,not_low_risk,tr_cdd5f1950a3c_gpu
paper_ssp_200m_strong_v1,8,0,0.0,1100.0,auv_08,exceed_return_energy_reserve,consequential,DENY,DENY_HARD_EXPIRY,hard_expired,1100.0,PARTITIONED,False,True,True,False,not_low_risk,tr_cdd5f1950a3c_gpu
paper_ssp_200m_strong_v1,8,0,0.0,1100.0,auv_09,hold_station,low,DENY,DENY_FORBIDDEN,hard_expired,1100.0,PARTITIONED,False,True,True,False,A_hard_expiry_capsule_contraction,tr_cdd5f1950a3c_gpu
paper_ssp_200m_strong_v1,8,0,0.0,1100.0,auv_10,enter_exclusion_zone,consequential,DENY,DENY_HARD_EXPIRY,hard_expired,1100.0,PARTITIONED,False,True,True,False,not_low_risk,tr_cdd5f1950a3c_gpu
paper_ssp_200m_strong_v1,8,0,0.0,1100.0,auv_11,bounded_path_correction,low,DENY,DENY_FORBIDDEN,hard_expired,1100.0,PARTITIONED,False,True,True,False,A_hard_expiry_capsule_contraction,tr_cdd5f1950a3c_gpu
paper_ssp_200m_strong_v1,8,0,0.0,1120.0,auv_00,bounded_path_correction,low,DENY,DENY_FORBIDDEN,hard_expired,1120.0,PARTITIONED,False,True,True,False,A_hard_expiry_capsule_contraction,tr_cdd5f1950a3c_gpu
paper_ssp_200m_strong_v1,8,0,0.0,1120.0,auv_01,bounded_path_correction,low,DENY,DENY_FORBIDDEN,hard_expired,1120.0,PARTITIONED,False,True,True,False,A_hard_expiry_capsule_contraction,tr_cdd5f1950a3c_gpu
paper_ssp_200m_strong_v1,8,0,0.0,1120.0,auv_02,bounded_path_correction,low,DENY,DENY_FORBIDDEN,hard_expired,1120.0,PARTITIONED,False,True,True,False,A_hard_expiry_capsule_contraction,tr_cdd5f1950a3c_gpu
paper_ssp_200m_strong_v1,8,0,0.0,1120.0,auv_03,bounded_path_correction,low,DENY,DENY_FORBIDDEN,hard_expired,1120.0,PARTITIONED,False,True,True,False,A_hard_expiry_capsule_contraction,tr_cdd5f1950a3c_gpu
paper_ssp_200m_strong_v1,8,0,0.0,1120.0,auv_04,abandon_mandatory_inspection,consequential,DENY,DENY_HARD_EXPIRY,hard_expired,1120.0,PARTITIONED,False,True,True,False,not_low_risk,tr_cdd5f1950a3c_gpu
paper_ssp_200m_strong_v1,8,0,0.0,1120.0,auv_05,bounded_path_correction,low,DENY,DENY_FORBIDDEN,hard_expired,1120.0,PARTITIONED,False,True,True,False,A_hard_expiry_capsule_contraction,tr_cdd5f1950a3c_gpu
paper_ssp_200m_strong_v1,8,0,0.0,1120.0,auv_06,enter_exclusion_zone,consequential,DENY,DENY_HARD_EXPIRY,hard_expired,1120.0,PARTITIONED,False,True,True,False,not_low_risk,tr_cdd5f1950a3c_gpu
paper_ssp_200m_strong_v1,8,0,0.0,1120.0,auv_07,enter_exclusion_zone,consequential,DENY,DENY_HARD_EXPIRY,hard_expired,1120.0,PARTITIONED,False,True,True,False,not_low_risk,tr_cdd5f1950a3c_gpu
paper_ssp_200m_strong_v1,8,0,0.0,1120.0,auv_08,exceed_return_energy_reserve,consequential,DENY,DENY_HARD_EXPIRY,hard_expired,1120.0,PARTITIONED,False,True,True,False,not_low_risk,tr_cdd5f1950a3c_gpu
paper_ssp_200m_strong_v1,8,0,0.0,1120.0,auv_09,hold_station,low,DENY,DENY_FORBIDDEN,hard_expired,1120.0,PARTITIONED,False,True,True,False,A_hard_expiry_capsule_contraction,tr_cdd5f1950a3c_gpu
paper_ssp_200m_strong_v1,8,0,0.0,1120.0,auv_10,enter_exclusion_zone,consequential,DENY,DENY_HARD_EXPIRY,hard_expired,1120.0,PARTITIONED,False,True,True,False,not_low_risk,tr_cdd5f1950a3c_gpu
paper_ssp_200m_strong_v1,8,0,0.0,1120.0,auv_11,change_high_level_objective,consequential,DENY,DENY_HARD_EXPIRY,hard_expired,1120.0,PARTITIONED,False,True,True,False,not_low_risk,tr_cdd5f1950a3c_gpu
paper_ssp_200m_strong_v1,8,0,0.0,1140.0,auv_00,bounded_path_correction,low,DENY,DENY_FORBIDDEN,hard_expired,1140.0,PARTITIONED,False,True,True,False,A_hard_expiry_capsule_contraction,tr_cdd5f1950a3c_gpu
paper_ssp_200m_strong_v1,8,0,0.0,1140.0,auv_01,bounded_path_correction,low,DENY,DENY_FORBIDDEN,hard_expired,1140.0,PARTITIONED,False,True,True,False,A_hard_expiry_capsule_contraction,tr_cdd5f1950a3c_gpu
paper_ssp_200m_strong_v1,8,0,0.0,1140.0,auv_02,bounded_path_correction,low,DENY,DENY_FORBIDDEN,hard_expired,1140.0,PARTITIONED,False,True,True,False,A_hard_expiry_capsule_contraction,tr_cdd5f1950a3c_gpu
paper_ssp_200m_strong_v1,8,0,0.0,1140.0,auv_03,bounded_path_correction,low,DENY,DENY_FORBIDDEN,hard_expired,1140.0,PARTITIONED,False,True,True,False,A_hard_expiry_capsule_contraction,tr_cdd5f1950a3c_gpu
paper_ssp_200m_strong_v1,8,0,0.0,1140.0,auv_04,abandon_mandatory_inspection,consequential,DENY,DENY_HARD_EXPIRY,hard_expired,1140.0,PARTITIONED,False,True,True,False,not_low_risk,tr_cdd5f1950a3c_gpu
paper_ssp_200m_strong_v1,8,0,0.0,1140.0,auv_05,bounded_path_correction,low,DENY,DENY_FORBIDDEN,hard_expired,1140.0,PARTITIONED,False,True,True,False,A_hard_expiry_capsule_contraction,tr_cdd5f1950a3c_gpu
paper_ssp_200m_strong_v1,8,0,0.0,1140.0,auv_06,exceed_return_energy_reserve,consequential,DENY,DENY_HARD_EXPIRY,hard_expired,1140.0,PARTITIONED,False,True,True,False,not_low_risk,tr_cdd5f1950a3c_gpu
paper_ssp_200m_strong_v1,8,0,0.0,1140.0,auv_07,exceed_return_energy_reserve,consequential,DENY,DENY_HARD_EXPIRY,hard_expired,1140.0,PARTITIONED,False,True,True,False,not_low_risk,tr_cdd5f1950a3c_gpu
paper_ssp_200m_strong_v1,8,0,0.0,1140.0,auv_08,exceed_return_energy_reserve,consequential,DENY,DENY_HARD_EXPIRY,hard_expired,1140.0,PARTITIONED,False,True,True,False,not_low_risk,tr_cdd5f1950a3c_gpu
paper_ssp_200m_strong_v1,8,0,0.0,1140.0,auv_09,hold_station,low,DENY,DENY_FORBIDDEN,hard_expired,1140.0,PARTITIONED,False,True,True,False,A_hard_expiry_capsule_contraction,tr_cdd5f1950a3c_gpu
paper_ssp_200m_strong_v1,8,0,0.0,1140.0,auv_10,exceed_return_energy_reserve,consequential,DENY,DENY_HARD_EXPIRY,hard_expired,1140.0,PARTITIONED,False,True,True,False,not_low_risk,tr_cdd5f1950a3c_gpu
paper_ssp_200m_strong_v1,8,0,0.0,1140.0,auv_11,exceed_return_energy_reserve,consequential,DENY,DENY_HARD_EXPIRY,hard_expired,1140.0,PARTITIONED,False,True,True,False,not_low_risk,tr_cdd5f1950a3c_gpu
paper_ssp_200m_strong_v1,8,0,0.0,1160.0,auv_00,bounded_path_correction,low,DENY,DENY_FORBIDDEN,hard_expired,1160.0,PARTITIONED,False,True,True,False,A_hard_expiry_capsule_contraction,tr_cdd5f1950a3c_gpu
paper_ssp_200m_strong_v1,8,0,0.0,1160.0,auv_01,bounded_path_correction,low,DENY,DENY_FORBIDDEN,hard_expired,1160.0,PARTITIONED,False,True,True,False,A_hard_expiry_capsule_contraction,tr_cdd5f1950a3c_gpu
paper_ssp_200m_strong_v1,8,0,0.0,1160.0,auv_02,bounded_path_correction,low,DENY,DENY_FORBIDDEN,hard_expired,1160.0,PARTITIONED,False,True,True,False,A_hard_expiry_capsule_contraction,tr_cdd5f1950a3c_gpu
paper_ssp_200m_strong_v1,8,0,0.0,1160.0,auv_03,bounded_path_correction,low,DENY,DENY_FORBIDDEN,hard_expired,1160.0,PARTITIONED,False,True,True,False,A_hard_expiry_capsule_contraction,tr_cdd5f1950a3c_gpu
paper_ssp_200m_strong_v1,8,0,0.0,1160.0,auv_04,abandon_mandatory_inspection,consequential,DENY,DENY_HARD_EXPIRY,hard_expired,1160.0,PARTITIONED,False,True,True,False,not_low_risk,tr_cdd5f1950a3c_gpu
paper_ssp_200m_strong_v1,8,0,0.0,1160.0,auv_05,bounded_path_correction,low,DENY,DENY_FORBIDDEN,hard_expired,1160.0,PARTITIONED,False,True,True,False,A_hard_expiry_capsule_contraction,tr_cdd5f1950a3c_gpu
paper_ssp_200m_strong_v1,8,0,0.0,1160.0,auv_06,enter_exclusion_zone,consequential,DENY,DENY_HARD_EXPIRY,hard_expired,1160.0,PARTITIONED,False,True,True,False,not_low_risk,tr_cdd5f1950a3c_gpu
paper_ssp_200m_strong_v1,8,0,0.0,1160.0,auv_07,enter_exclusion_zone,consequential,DENY,DENY_HARD_EXPIRY,hard_expired,1160.0,PARTITIONED,False,True,True,False,not_low_risk,tr_cdd5f1950a3c_gpu
paper_ssp_200m_strong_v1,8,0,0.0,1160.0,auv_08,exceed_return_energy_reserve,consequential,DENY,DENY_HARD_EXPIRY,hard_expired,1160.0,PARTITIONED,False,True,True,False,not_low_risk,tr_cdd5f1950a3c_gpu
paper_ssp_200m_strong_v1,8,0,0.0,1160.0,auv_09,hold_station,low,DENY,DENY_FORBIDDEN,hard_expired,1160.0,PARTITIONED,False,True,True,False,A_hard_expiry_capsule_contraction,tr_cdd5f1950a3c_gpu
paper_ssp_200m_strong_v1,8,0,0.0,1160.0,auv_10,enter_exclusion_zone,consequential,DENY,DENY_HARD_EXPIRY,hard_expired,1160.0,PARTITIONED,False,True,True,False,not_low_risk,tr_cdd5f1950a3c_gpu
paper_ssp_200m_strong_v1,8,0,0.0,1160.0,auv_11,bounded_path_correction,low,DENY,DENY_FORBIDDEN,hard_expired,1160.0,PARTITIONED,False,True,True,False,A_hard_expiry_capsule_contraction,tr_cdd5f1950a3c_gpu
paper_ssp_200m_strong_v1,8,0,0.0,1180.0,auv_00,bounded_path_correction,low,DENY,DENY_FORBIDDEN,hard_expired,1180.0,PARTITIONED,False,True,True,False,A_hard_expiry_capsule_contraction,tr_cdd5f1950a3c_gpu
paper_ssp_200m_strong_v1,8,0,0.0,1180.0,auv_01,bounded_path_correction,low,DENY,DENY_FORBIDDEN,hard_expired,1180.0,PARTITIONED,False,True,True,False,A_hard_expiry_capsule_contraction,tr_cdd5f1950a3c_gpu
paper_ssp_200m_strong_v1,8,0,0.0,1180.0,auv_02,bounded_path_correction,low,DENY,DENY_FORBIDDEN,hard_expired,1180.0,PARTITIONED,False,True,True,False,A_hard_expiry_capsule_contraction,tr_cdd5f1950a3c_gpu
paper_ssp_200m_strong_v1,8,0,0.0,1180.0,auv_03,bounded_path_correction,low,DENY,DENY_FORBIDDEN,hard_expired,1180.0,PARTITIONED,False,True,True,False,A_hard_expiry_capsule_contraction,tr_cdd5f1950a3c_gpu
paper_ssp_200m_strong_v1,8,0,0.0,1180.0,auv_04,abandon_mandatory_inspection,consequential,DENY,DENY_HARD_EXPIRY,hard_expired,1180.0,PARTITIONED,False,True,True,False,not_low_risk,tr_cdd5f1950a3c_gpu
paper_ssp_200m_strong_v1,8,0,0.0,1180.0,auv_05,bounded_path_correction,low,DENY,DENY_FORBIDDEN,hard_expired,1180.0,PARTITIONED,False,True,True,False,A_hard_expiry_capsule_contraction,tr_cdd5f1950a3c_gpu
paper_ssp_200m_strong_v1,8,0,0.0,1180.0,auv_06,enter_exclusion_zone,consequential,DENY,DENY_HARD_EXPIRY,hard_expired,1180.0,PARTITIONED,False,True,True,False,not_low_risk,tr_cdd5f1950a3c_gpu
paper_ssp_200m_strong_v1,8,0,0.0,1180.0,auv_07,enter_exclusion_zone,consequential,DENY,DENY_HARD_EXPIRY,hard_expired,1180.0,PARTITIONED,False,True,True,False,not_low_risk,tr_cdd5f1950a3c_gpu
paper_ssp_200m_strong_v1,8,0,0.0,1180.0,auv_08,exceed_return_energy_reserve,consequential,DENY,DENY_HARD_EXPIRY,hard_expired,1180.0,PARTITIONED,False,True,True,False,not_low_risk,tr_cdd5f1950a3c_gpu
paper_ssp_200m_strong_v1,8,0,0.0,1180.0,auv_09,hold_station,low,DENY,DENY_FORBIDDEN,hard_expired,1180.0,PARTITIONED,False,True,True,False,A_hard_expiry_capsule_contraction,tr_cdd5f1950a3c_gpu
paper_ssp_200m_strong_v1,8,0,0.0,1180.0,auv_10,enter_exclusion_zone,consequential,DENY,DENY_HARD_EXPIRY,hard_expired,1180.0,PARTITIONED,False,True,True,False,not_low_risk,tr_cdd5f1950a3c_gpu
paper_ssp_200m_strong_v1,8,0,0.0,1180.0,auv_11,bounded_path_correction,low,DENY,DENY_FORBIDDEN,hard_expired,1180.0,PARTITIONED,False,True,True,False,A_hard_expiry_capsule_contraction,tr_cdd5f1950a3c_gpu
paper_ssp_200m_strong_v1,8,0,0.0,1200.0,auv_00,bounded_path_correction,low,DENY,DENY_FORBIDDEN,hard_expired,1200.0,PARTITIONED,False,True,True,False,A_hard_expiry_capsule_contraction,tr_cdd5f1950a3c_gpu
paper_ssp_200m_strong_v1,8,0,0.0,1200.0,auv_01,bounded_path_correction,low,DENY,DENY_FORBIDDEN,hard_expired,1200.0,PARTITIONED,False,True,True,False,A_hard_expiry_capsule_contraction,tr_cdd5f1950a3c_gpu
paper_ssp_200m_strong_v1,8,0,0.0,1200.0,auv_02,bounded_path_correction,low,DENY,DENY_FORBIDDEN,hard_expired,1200.0,PARTITIONED,False,True,True,False,A_hard_expiry_capsule_contraction,tr_cdd5f1950a3c_gpu
paper_ssp_200m_strong_v1,8,0,0.0,1200.0,auv_03,bounded_path_correction,low,DENY,DENY_FORBIDDEN,hard_expired,1200.0,PARTITIONED,False,True,True,False,A_hard_expiry_capsule_contraction,tr_cdd5f1950a3c_gpu
paper_ssp_200m_strong_v1,8,0,0.0,1200.0,auv_04,abandon_mandatory_inspection,consequential,DENY,DENY_HARD_EXPIRY,hard_expired,1200.0,PARTITIONED,False,True,True,False,not_low_risk,tr_cdd5f1950a3c_gpu
paper_ssp_200m_strong_v1,8,0,0.0,1200.0,auv_05,bounded_path_correction,low,DENY,DENY_FORBIDDEN,hard_expired,1200.0,PARTITIONED,False,True,True,False,A_hard_expiry_capsule_contraction,tr_cdd5f1950a3c_gpu
paper_ssp_200m_strong_v1,8,0,0.0,1200.0,auv_06,enter_exclusion_zone,consequential,DENY,DENY_HARD_EXPIRY,hard_expired,1200.0,PARTITIONED,False,True,True,False,not_low_risk,tr_cdd5f1950a3c_gpu
paper_ssp_200m_strong_v1,8,0,0.0,1200.0,auv_07,enter_exclusion_zone,consequential,DENY,DENY_HARD_EXPIRY,hard_expired,1200.0,PARTITIONED,False,True,True,False,not_low_risk,tr_cdd5f1950a3c_gpu
paper_ssp_200m_strong_v1,8,0,0.0,1200.0,auv_08,exceed_return_energy_reserve,consequential,DENY,DENY_HARD_EXPIRY,hard_expired,1200.0,PARTITIONED,False,True,True,False,not_low_risk,tr_cdd5f1950a3c_gpu
paper_ssp_200m_strong_v1,8,0,0.0,1200.0,auv_09,hold_station,low,DENY,DENY_FORBIDDEN,hard_expired,1200.0,PARTITIONED,False,True,True,False,A_hard_expiry_capsule_contraction,tr_cdd5f1950a3c_gpu
paper_ssp_200m_strong_v1,8,0,0.0,1200.0,auv_10,enter_exclusion_zone,consequential,DENY,DENY_HARD_EXPIRY,hard_expired,1200.0,PARTITIONED,False,True,True,False,not_low_risk,tr_cdd5f1950a3c_gpu
paper_ssp_200m_strong_v1,8,0,0.0,1200.0,auv_11,change_high_level_objective,consequential,DENY,DENY_HARD_EXPIRY,hard_expired,1200.0,PARTITIONED,False,True,True,False,not_low_risk,tr_cdd5f1950a3c_gpu
paper_ssp_200m_strong_v1,8,0,0.0,1220.0,auv_00,bounded_path_correction,low,DENY,DENY_FORBIDDEN,hard_expired,1220.0,PARTITIONED,False,True,True,False,A_hard_expiry_capsule_contraction,tr_cdd5f1950a3c_gpu
paper_ssp_200m_strong_v1,8,0,0.0,1220.0,auv_01,bounded_path_correction,low,DENY,DENY_FORBIDDEN,hard_expired,1220.0,PARTITIONED,False,True,True,False,A_hard_expiry_capsule_contraction,tr_cdd5f1950a3c_gpu
paper_ssp_200m_strong_v1,8,0,0.0,1220.0,auv_02,bounded_path_correction,low,DENY,DENY_FORBIDDEN,hard_expired,1220.0,PARTITIONED,False,True,True,False,A_hard_expiry_capsule_contraction,tr_cdd5f1950a3c_gpu
paper_ssp_200m_strong_v1,8,0,0.0,1220.0,auv_03,bounded_path_correction,low,DENY,DENY_FORBIDDEN,hard_expired,1220.0,PARTITIONED,False,True,True,False,A_hard_expiry_capsule_contraction,tr_cdd5f1950a3c_gpu
paper_ssp_200m_strong_v1,8,0,0.0,1220.0,auv_04,abandon_mandatory_inspection,consequential,DENY,DENY_HARD_EXPIRY,hard_expired,1220.0,PARTITIONED,False,True,True,False,not_low_risk,tr_cdd5f1950a3c_gpu
paper_ssp_200m_strong_v1,8,0,0.0,1220.0,auv_05,bounded_path_correction,low,DENY,DENY_FORBIDDEN,hard_expired,1220.0,PARTITIONED,False,True,True,False,A_hard_expiry_capsule_contraction,tr_cdd5f1950a3c_gpu
paper_ssp_200m_strong_v1,8,0,0.0,1220.0,auv_06,enter_exclusion_zone,consequential,DENY,DENY_HARD_EXPIRY,hard_expired,1220.0,PARTITIONED,False,True,True,False,not_low_risk,tr_cdd5f1950a3c_gpu
paper_ssp_200m_strong_v1,8,0,0.0,1220.0,auv_07,enter_exclusion_zone,consequential,DENY,DENY_HARD_EXPIRY,hard_expired,1220.0,PARTITIONED,False,True,True,False,not_low_risk,tr_cdd5f1950a3c_gpu
paper_ssp_200m_strong_v1,8,0,0.0,1220.0,auv_08,exceed_return_energy_reserve,consequential,DENY,DENY_HARD_EXPIRY,hard_expired,1220.0,PARTITIONED,False,True,True,False,not_low_risk,tr_cdd5f1950a3c_gpu
paper_ssp_200m_strong_v1,8,0,0.0,1220.0,auv_09,hold_station,low,DENY,DENY_FORBIDDEN,hard_expired,1220.0,PARTITIONED,False,True,True,False,A_hard_expiry_capsule_contraction,tr_cdd5f1950a3c_gpu
paper_ssp_200m_strong_v1,8,0,0.0,1220.0,auv_10,enter_exclusion_zone,consequential,DENY,DENY_HARD_EXPIRY,hard_expired,1220.0,PARTITIONED,False,True,True,False,not_low_risk,tr_cdd5f1950a3c_gpu
paper_ssp_200m_strong_v1,8,0,0.0,1220.0,auv_11,bounded_path_correction,low,DENY,DENY_FORBIDDEN,hard_expired,1220.0,PARTITIONED,False,True,True,False,A_hard_expiry_capsule_contraction,tr_cdd5f1950a3c_gpu
paper_ssp_200m_strong_v1,8,0,0.0,1240.0,auv_00,bounded_path_correction,low,DENY,DENY_FORBIDDEN,hard_expired,1240.0,PARTITIONED,False,True,True,False,A_hard_expiry_capsule_contraction,tr_cdd5f1950a3c_gpu
paper_ssp_200m_strong_v1,8,0,0.0,1240.0,auv_01,bounded_path_correction,low,DENY,DENY_FORBIDDEN,hard_expired,1240.0,PARTITIONED,False,True,True,False,A_hard_expiry_capsule_contraction,tr_cdd5f1950a3c_gpu
paper_ssp_200m_strong_v1,8,0,0.0,1240.0,auv_02,bounded_path_correction,low,DENY,DENY_FORBIDDEN,hard_expired,1240.0,PARTITIONED,False,True,True,False,A_hard_expiry_capsule_contraction,tr_cdd5f1950a3c_gpu
paper_ssp_200m_strong_v1,8,0,0.0,1240.0,auv_03,bounded_path_correction,low,DENY,DENY_FORBIDDEN,hard_expired,1240.0,PARTITIONED,False,True,True,False,A_hard_expiry_capsule_contraction,tr_cdd5f1950a3c_gpu
paper_ssp_200m_strong_v1,8,0,0.0,1240.0,auv_04,abandon_mandatory_inspection,consequential,DENY,DENY_HARD_EXPIRY,hard_expired,1240.0,PARTITIONED,False,True,True,False,not_low_risk,tr_cdd5f1950a3c_gpu
paper_ssp_200m_strong_v1,8,0,0.0,1240.0,auv_05,bounded_path_correction,low,DENY,DENY_FORBIDDEN,hard_expired,1240.0,PARTITIONED,False,True,True,False,A_hard_expiry_capsule_contraction,tr_cdd5f1950a3c_gpu
paper_ssp_200m_strong_v1,8,0,0.0,1240.0,auv_06,enter_exclusion_zone,consequential,DENY,DENY_HARD_EXPIRY,hard_expired,1240.0,PARTITIONED,False,True,True,False,not_low_risk,tr_cdd5f1950a3c_gpu
paper_ssp_200m_strong_v1,8,0,0.0,1240.0,auv_07,enter_exclusion_zone,consequential,DENY,DENY_HARD_EXPIRY,hard_expired,1240.0,PARTITIONED,False,True,True,False,not_low_risk,tr_cdd5f1950a3c_gpu
paper_ssp_200m_strong_v1,8,0,0.0,1240.0,auv_08,exceed_return_energy_reserve,consequential,DENY,DENY_HARD_EXPIRY,hard_expired,1240.0,PARTITIONED,False,True,True,False,not_low_risk,tr_cdd5f1950a3c_gpu
paper_ssp_200m_strong_v1,8,0,0.0,1240.0,auv_09,hold_station,low,DENY,DENY_FORBIDDEN,hard_expired,1240.0,PARTITIONED,False,True,True,False,A_hard_expiry_capsule_contraction,tr_cdd5f1950a3c_gpu
paper_ssp_200m_strong_v1,8,0,0.0,1240.0,auv_10,enter_exclusion_zone,consequential,DENY,DENY_HARD_EXPIRY,hard_expired,1240.0,PARTITIONED,False,True,True,False,not_low_risk,tr_cdd5f1950a3c_gpu
paper_ssp_200m_strong_v1,8,0,0.0,1240.0,auv_11,bounded_path_correction,low,DENY,DENY_FORBIDDEN,hard_expired,1240.0,PARTITIONED,False,True,True,False,A_hard_expiry_capsule_contraction,tr_cdd5f1950a3c_gpu
paper_ssp_200m_strong_v1,8,0,0.0,1260.0,auv_00,bounded_path_correction,low,DENY,DENY_FORBIDDEN,hard_expired,1260.0,PARTITIONED,False,True,True,False,A_hard_expiry_capsule_contraction,tr_cdd5f1950a3c_gpu
paper_ssp_200m_strong_v1,8,0,0.0,1260.0,auv_01,bounded_path_correction,low,DENY,DENY_FORBIDDEN,hard_expired,1260.0,PARTITIONED,False,True,True,False,A_hard_expiry_capsule_contraction,tr_cdd5f1950a3c_gpu
paper_ssp_200m_strong_v1,8,0,0.0,1260.0,auv_02,bounded_path_correction,low,DENY,DENY_FORBIDDEN,hard_expired,1260.0,PARTITIONED,False,True,True,False,A_hard_expiry_capsule_contraction,tr_cdd5f1950a3c_gpu
paper_ssp_200m_strong_v1,8,0,0.0,1260.0,auv_03,bounded_path_correction,low,DENY,DENY_FORBIDDEN,hard_expired,1260.0,PARTITIONED,False,True,True,False,A_hard_expiry_capsule_contraction,tr_cdd5f1950a3c_gpu
paper_ssp_200m_strong_v1,8,0,0.0,1260.0,auv_04,abandon_mandatory_inspection,consequential,DENY,DENY_HARD_EXPIRY,hard_expired,1260.0,PARTITIONED,False,True,True,False,not_low_risk,tr_cdd5f1950a3c_gpu
paper_ssp_200m_strong_v1,8,0,0.0,1260.0,auv_05,bounded_path_correction,low,DENY,DENY_FORBIDDEN,hard_expired,1260.0,PARTITIONED,False,True,True,False,A_hard_expiry_capsule_contraction,tr_cdd5f1950a3c_gpu
paper_ssp_200m_strong_v1,8,0,0.0,1260.0,auv_06,enter_exclusion_zone,consequential,DENY,DENY_HARD_EXPIRY,hard_expired,1260.0,PARTITIONED,False,True,True,False,not_low_risk,tr_cdd5f1950a3c_gpu
paper_ssp_200m_strong_v1,8,0,0.0,1260.0,auv_07,enter_exclusion_zone,consequential,DENY,DENY_HARD_EXPIRY,hard_expired,1260.0,PARTITIONED,False,True,True,False,not_low_risk,tr_cdd5f1950a3c_gpu
paper_ssp_200m_strong_v1,8,0,0.0,1260.0,auv_08,exceed_return_energy_reserve,consequential,DENY,DENY_HARD_EXPIRY,hard_expired,1260.0,PARTITIONED,False,True,True,False,not_low_risk,tr_cdd5f1950a3c_gpu
paper_ssp_200m_strong_v1,8,0,0.0,1260.0,auv_09,hold_station,low,DENY,DENY_FORBIDDEN,hard_expired,1260.0,PARTITIONED,False,True,True,False,A_hard_expiry_capsule_contraction,tr_cdd5f1950a3c_gpu
paper_ssp_200m_strong_v1,8,0,0.0,1260.0,auv_10,enter_exclusion_zone,consequential,DENY,DENY_HARD_EXPIRY,hard_expired,1260.0,PARTITIONED,False,True,True,False,not_low_risk,tr_cdd5f1950a3c_gpu
paper_ssp_200m_strong_v1,8,0,0.0,1260.0,auv_11,bounded_path_correction,low,DENY,DENY_FORBIDDEN,hard_expired,1260.0,PARTITIONED,False,True,True,False,A_hard_expiry_capsule_contraction,tr_cdd5f1950a3c_gpu
paper_ssp_200m_strong_v1,8,0,0.0,1280.0,auv_00,bounded_path_correction,low,DENY,DENY_FORBIDDEN,hard_expired,1280.0,PARTITIONED,False,True,True,False,A_hard_expiry_capsule_contraction,tr_cdd5f1950a3c_gpu
paper_ssp_200m_strong_v1,8,0,0.0,1280.0,auv_01,bounded_path_correction,low,DENY,DENY_FORBIDDEN,hard_expired,1280.0,PARTITIONED,False,True,True,False,A_hard_expiry_capsule_contraction,tr_cdd5f1950a3c_gpu
paper_ssp_200m_strong_v1,8,0,0.0,1280.0,auv_02,bounded_path_correction,low,DENY,DENY_FORBIDDEN,hard_expired,1280.0,PARTITIONED,False,True,True,False,A_hard_expiry_capsule_contraction,tr_cdd5f1950a3c_gpu
paper_ssp_200m_strong_v1,8,0,0.0,1280.0,auv_03,bounded_path_correction,low,DENY,DENY_FORBIDDEN,hard_expired,1280.0,PARTITIONED,False,True,True,False,A_hard_expiry_capsule_contraction,tr_cdd5f1950a3c_gpu
paper_ssp_200m_strong_v1,8,0,0.0,1280.0,auv_04,abandon_mandatory_inspection,consequential,DENY,DENY_HARD_EXPIRY,hard_expired,1280.0,PARTITIONED,False,True,True,False,not_low_risk,tr_cdd5f1950a3c_gpu
paper_ssp_200m_strong_v1,8,0,0.0,1280.0,auv_05,bounded_path_correction,low,DENY,DENY_FORBIDDEN,hard_expired,1280.0,PARTITIONED,False,True,True,False,A_hard_expiry_capsule_contraction,tr_cdd5f1950a3c_gpu
paper_ssp_200m_strong_v1,8,0,0.0,1280.0,auv_06,enter_exclusion_zone,consequential,DENY,DENY_HARD_EXPIRY,hard_expired,1280.0,PARTITIONED,False,True,True,False,not_low_risk,tr_cdd5f1950a3c_gpu
paper_ssp_200m_strong_v1,8,0,0.0,1280.0,auv_07,enter_exclusion_zone,consequential,DENY,DENY_HARD_EXPIRY,hard_expired,1280.0,PARTITIONED,False,True,True,False,not_low_risk,tr_cdd5f1950a3c_gpu
paper_ssp_200m_strong_v1,8,0,0.0,1280.0,auv_08,exceed_return_energy_reserve,consequential,DENY,DENY_HARD_EXPIRY,hard_expired,1280.0,PARTITIONED,False,True,True,False,not_low_risk,tr_cdd5f1950a3c_gpu
paper_ssp_200m_strong_v1,8,0,0.0,1280.0,auv_09,hold_station,low,DENY,DENY_FORBIDDEN,hard_expired,1280.0,PARTITIONED,False,True,True,False,A_hard_expiry_capsule_contraction,tr_cdd5f1950a3c_gpu
paper_ssp_200m_strong_v1,8,0,0.0,1280.0,auv_10,enter_exclusion_zone,consequential,DENY,DENY_HARD_EXPIRY,hard_expired,1280.0,PARTITIONED,False,True,True,False,not_low_risk,tr_cdd5f1950a3c_gpu
paper_ssp_200m_strong_v1,8,0,0.0,1280.0,auv_11,change_high_level_objective,consequential,DENY,DENY_HARD_EXPIRY,hard_expired,1280.0,PARTITIONED,False,True,True,False,not_low_risk,tr_cdd5f1950a3c_gpu
paper_ssp_200m_strong_v1,8,0,0.0,1300.0,auv_00,bounded_path_correction,low,DENY,DENY_FORBIDDEN,hard_expired,1300.0,PARTITIONED,False,True,True,False,A_hard_expiry_capsule_contraction,tr_cdd5f1950a3c_gpu
paper_ssp_200m_strong_v1,8,0,0.0,1300.0,auv_01,bounded_path_correction,low,DENY,DENY_FORBIDDEN,hard_expired,1300.0,PARTITIONED,False,True,True,False,A_hard_expiry_capsule_contraction,tr_cdd5f1950a3c_gpu
paper_ssp_200m_strong_v1,8,0,0.0,1300.0,auv_02,bounded_path_correction,low,DENY,DENY_FORBIDDEN,hard_expired,1300.0,PARTITIONED,False,True,True,False,A_hard_expiry_capsule_contraction,tr_cdd5f1950a3c_gpu
paper_ssp_200m_strong_v1,8,0,0.0,1300.0,auv_03,bounded_path_correction,low,DENY,DENY_FORBIDDEN,hard_expired,1300.0,PARTITIONED,False,True,True,False,A_hard_expiry_capsule_contraction,tr_cdd5f1950a3c_gpu
paper_ssp_200m_strong_v1,8,0,0.0,1300.0,auv_04,abandon_mandatory_inspection,consequential,DENY,DENY_HARD_EXPIRY,hard_expired,1300.0,PARTITIONED,False,True,True,False,not_low_risk,tr_cdd5f1950a3c_gpu
paper_ssp_200m_strong_v1,8,0,0.0,1300.0,auv_05,bounded_path_correction,low,DENY,DENY_FORBIDDEN,hard_expired,1300.0,PARTITIONED,False,True,True,False,A_hard_expiry_capsule_contraction,tr_cdd5f1950a3c_gpu
paper_ssp_200m_strong_v1,8,0,0.0,1300.0,auv_06,enter_exclusion_zone,consequential,DENY,DENY_HARD_EXPIRY,hard_expired,1300.0,PARTITIONED,False,True,True,False,not_low_risk,tr_cdd5f1950a3c_gpu
paper_ssp_200m_strong_v1,8,0,0.0,1300.0,auv_07,enter_exclusion_zone,consequential,DENY,DENY_HARD_EXPIRY,hard_expired,1300.0,PARTITIONED,False,True,True,False,not_low_risk,tr_cdd5f1950a3c_gpu
paper_ssp_200m_strong_v1,8,0,0.0,1300.0,auv_08,exceed_return_energy_reserve,consequential,DENY,DENY_HARD_EXPIRY,hard_expired,1300.0,PARTITIONED,False,True,True,False,not_low_risk,tr_cdd5f1950a3c_gpu
paper_ssp_200m_strong_v1,8,0,0.0,1300.0,auv_09,hold_station,low,DENY,DENY_FORBIDDEN,hard_expired,1300.0,PARTITIONED,False,True,True,False,A_hard_expiry_capsule_contraction,tr_cdd5f1950a3c_gpu
paper_ssp_200m_strong_v1,8,0,0.0,1300.0,auv_10,enter_exclusion_zone,consequential,DENY,DENY_HARD_EXPIRY,hard_expired,1300.0,PARTITIONED,False,True,True,False,not_low_risk,tr_cdd5f1950a3c_gpu
paper_ssp_200m_strong_v1,8,0,0.0,1300.0,auv_11,bounded_path_correction,low,DENY,DENY_FORBIDDEN,hard_expired,1300.0,PARTITIONED,False,True,True,False,A_hard_expiry_capsule_contraction,tr_cdd5f1950a3c_gpu
paper_ssp_200m_strong_v1,8,0,0.0,1320.0,auv_00,bounded_path_correction,low,DENY,DENY_FORBIDDEN,hard_expired,1320.0,PARTITIONED,False,True,True,False,A_hard_expiry_capsule_contraction,tr_cdd5f1950a3c_gpu
paper_ssp_200m_strong_v1,8,0,0.0,1320.0,auv_01,bounded_path_correction,low,DENY,DENY_FORBIDDEN,hard_expired,1320.0,PARTITIONED,False,True,True,False,A_hard_expiry_capsule_contraction,tr_cdd5f1950a3c_gpu
paper_ssp_200m_strong_v1,8,0,0.0,1320.0,auv_02,bounded_path_correction,low,DENY,DENY_FORBIDDEN,hard_expired,1320.0,PARTITIONED,False,True,True,False,A_hard_expiry_capsule_contraction,tr_cdd5f1950a3c_gpu
paper_ssp_200m_strong_v1,8,0,0.0,1320.0,auv_03,bounded_path_correction,low,DENY,DENY_FORBIDDEN,hard_expired,1320.0,PARTITIONED,False,True,True,False,A_hard_expiry_capsule_contraction,tr_cdd5f1950a3c_gpu
paper_ssp_200m_strong_v1,8,0,0.0,1320.0,auv_04,abandon_mandatory_inspection,consequential,DENY,DENY_HARD_EXPIRY,hard_expired,1320.0,PARTITIONED,False,True,True,False,not_low_risk,tr_cdd5f1950a3c_gpu
paper_ssp_200m_strong_v1,8,0,0.0,1320.0,auv_05,bounded_path_correction,low,DENY,DENY_FORBIDDEN,hard_expired,1320.0,PARTITIONED,False,True,True,False,A_hard_expiry_capsule_contraction,tr_cdd5f1950a3c_gpu
paper_ssp_200m_strong_v1,8,0,0.0,1320.0,auv_06,enter_exclusion_zone,consequential,DENY,DENY_HARD_EXPIRY,hard_expired,1320.0,PARTITIONED,False,True,True,False,not_low_risk,tr_cdd5f1950a3c_gpu
paper_ssp_200m_strong_v1,8,0,0.0,1320.0,auv_07,enter_exclusion_zone,consequential,DENY,DENY_HARD_EXPIRY,hard_expired,1320.0,PARTITIONED,False,True,True,False,not_low_risk,tr_cdd5f1950a3c_gpu
paper_ssp_200m_strong_v1,8,0,0.0,1320.0,auv_08,exceed_return_energy_reserve,consequential,DENY,DENY_HARD_EXPIRY,hard_expired,1320.0,PARTITIONED,False,True,True,False,not_low_risk,tr_cdd5f1950a3c_gpu
paper_ssp_200m_strong_v1,8,0,0.0,1320.0,auv_09,hold_station,low,DENY,DENY_FORBIDDEN,hard_expired,1320.0,PARTITIONED,False,True,True,False,A_hard_expiry_capsule_contraction,tr_cdd5f1950a3c_gpu
paper_ssp_200m_strong_v1,8,0,0.0,1320.0,auv_10,enter_exclusion_zone,consequential,DENY,DENY_HARD_EXPIRY,hard_expired,1320.0,PARTITIONED,False,True,True,False,not_low_risk,tr_cdd5f1950a3c_gpu
paper_ssp_200m_strong_v1,8,0,0.0,1320.0,auv_11,bounded_path_correction,low,DENY,DENY_FORBIDDEN,hard_expired,1320.0,PARTITIONED,False,True,True,False,A_hard_expiry_capsule_contraction,tr_cdd5f1950a3c_gpu
paper_ssp_200m_strong_v1,8,0,0.0,1340.0,auv_00,bounded_path_correction,low,DENY,DENY_FORBIDDEN,hard_expired,1340.0,PARTITIONED,False,True,True,False,A_hard_expiry_capsule_contraction,tr_cdd5f1950a3c_gpu
paper_ssp_200m_strong_v1,8,0,0.0,1340.0,auv_01,bounded_path_correction,low,DENY,DENY_FORBIDDEN,hard_expired,1340.0,PARTITIONED,False,True,True,False,A_hard_expiry_capsule_contraction,tr_cdd5f1950a3c_gpu
paper_ssp_200m_strong_v1,8,0,0.0,1340.0,auv_02,bounded_path_correction,low,DENY,DENY_FORBIDDEN,hard_expired,1340.0,PARTITIONED,False,True,True,False,A_hard_expiry_capsule_contraction,tr_cdd5f1950a3c_gpu
paper_ssp_200m_strong_v1,8,0,0.0,1340.0,auv_03,bounded_path_correction,low,DENY,DENY_FORBIDDEN,hard_expired,1340.0,PARTITIONED,False,True,True,False,A_hard_expiry_capsule_contraction,tr_cdd5f1950a3c_gpu
paper_ssp_200m_strong_v1,8,0,0.0,1340.0,auv_04,abandon_mandatory_inspection,consequential,DENY,DENY_HARD_EXPIRY,hard_expired,1340.0,PARTITIONED,False,True,True,False,not_low_risk,tr_cdd5f1950a3c_gpu
paper_ssp_200m_strong_v1,8,0,0.0,1340.0,auv_05,bounded_path_correction,low,DENY,DENY_FORBIDDEN,hard_expired,1340.0,PARTITIONED,False,True,True,False,A_hard_expiry_capsule_contraction,tr_cdd5f1950a3c_gpu
paper_ssp_200m_strong_v1,8,0,0.0,1340.0,auv_06,enter_exclusion_zone,consequential,DENY,DENY_HARD_EXPIRY,hard_expired,1340.0,PARTITIONED,False,True,True,False,not_low_risk,tr_cdd5f1950a3c_gpu
paper_ssp_200m_strong_v1,8,0,0.0,1340.0,auv_07,enter_exclusion_zone,consequential,DENY,DENY_HARD_EXPIRY,hard_expired,1340.0,PARTITIONED,False,True,True,False,not_low_risk,tr_cdd5f1950a3c_gpu
paper_ssp_200m_strong_v1,8,0,0.0,1340.0,auv_08,exceed_return_energy_reserve,consequential,DENY,DENY_HARD_EXPIRY,hard_expired,1340.0,PARTITIONED,False,True,True,False,not_low_risk,tr_cdd5f1950a3c_gpu
paper_ssp_200m_strong_v1,8,0,0.0,1340.0,auv_09,hold_station,low,DENY,DENY_FORBIDDEN,hard_expired,1340.0,PARTITIONED,False,True,True,False,A_hard_expiry_capsule_contraction,tr_cdd5f1950a3c_gpu
paper_ssp_200m_strong_v1,8,0,0.0,1340.0,auv_10,enter_exclusion_zone,consequential,DENY,DENY_HARD_EXPIRY,hard_expired,1340.0,PARTITIONED,False,True,True,False,not_low_risk,tr_cdd5f1950a3c_gpu
paper_ssp_200m_strong_v1,8,0,0.0,1340.0,auv_11,bounded_path_correction,low,DENY,DENY_FORBIDDEN,hard_expired,1340.0,PARTITIONED,False,True,True,False,A_hard_expiry_capsule_contraction,tr_cdd5f1950a3c_gpu
paper_ssp_200m_strong_v1,8,0,0.0,1360.0,auv_00,bounded_path_correction,low,DENY,DENY_FORBIDDEN,hard_expired,1360.0,PARTITIONED,False,True,True,False,A_hard_expiry_capsule_contraction,tr_cdd5f1950a3c_gpu
paper_ssp_200m_strong_v1,8,0,0.0,1360.0,auv_01,bounded_path_correction,low,DENY,DENY_FORBIDDEN,hard_expired,1360.0,PARTITIONED,False,True,True,False,A_hard_expiry_capsule_contraction,tr_cdd5f1950a3c_gpu
paper_ssp_200m_strong_v1,8,0,0.0,1360.0,auv_02,bounded_path_correction,low,DENY,DENY_FORBIDDEN,hard_expired,1360.0,PARTITIONED,False,True,True,False,A_hard_expiry_capsule_contraction,tr_cdd5f1950a3c_gpu
paper_ssp_200m_strong_v1,8,0,0.0,1360.0,auv_03,bounded_path_correction,low,DENY,DENY_FORBIDDEN,hard_expired,1360.0,PARTITIONED,False,True,True,False,A_hard_expiry_capsule_contraction,tr_cdd5f1950a3c_gpu
paper_ssp_200m_strong_v1,8,0,0.0,1360.0,auv_04,abandon_mandatory_inspection,consequential,DENY,DENY_HARD_EXPIRY,hard_expired,1360.0,PARTITIONED,False,True,True,False,not_low_risk,tr_cdd5f1950a3c_gpu
paper_ssp_200m_strong_v1,8,0,0.0,1360.0,auv_05,bounded_path_correction,low,DENY,DENY_FORBIDDEN,hard_expired,1360.0,PARTITIONED,False,True,True,False,A_hard_expiry_capsule_contraction,tr_cdd5f1950a3c_gpu
paper_ssp_200m_strong_v1,8,0,0.0,1360.0,auv_06,enter_exclusion_zone,consequential,DENY,DENY_HARD_EXPIRY,hard_expired,1360.0,PARTITIONED,False,True,True,False,not_low_risk,tr_cdd5f1950a3c_gpu
paper_ssp_200m_strong_v1,8,0,0.0,1360.0,auv_07,enter_exclusion_zone,consequential,DENY,DENY_HARD_EXPIRY,hard_expired,1360.0,PARTITIONED,False,True,True,False,not_low_risk,tr_cdd5f1950a3c_gpu
paper_ssp_200m_strong_v1,8,0,0.0,1360.0,auv_08,exceed_return_energy_reserve,consequential,DENY,DENY_HARD_EXPIRY,hard_expired,1360.0,PARTITIONED,False,True,True,False,not_low_risk,tr_cdd5f1950a3c_gpu
paper_ssp_200m_strong_v1,8,0,0.0,1360.0,auv_09,hold_station,low,DENY,DENY_FORBIDDEN,hard_expired,1360.0,PARTITIONED,False,True,True,False,A_hard_expiry_capsule_contraction,tr_cdd5f1950a3c_gpu
paper_ssp_200m_strong_v1,8,0,0.0,1360.0,auv_10,enter_exclusion_zone,consequential,DENY,DENY_HARD_EXPIRY,hard_expired,1360.0,PARTITIONED,False,True,True,False,not_low_risk,tr_cdd5f1950a3c_gpu
paper_ssp_200m_strong_v1,8,0,0.0,1360.0,auv_11,change_high_level_objective,consequential,DENY,DENY_HARD_EXPIRY,hard_expired,1360.0,PARTITIONED,False,True,True,False,not_low_risk,tr_cdd5f1950a3c_gpu
paper_ssp_200m_strong_v1,8,0,0.0,1380.0,auv_00,bounded_path_correction,low,DENY,DENY_FORBIDDEN,hard_expired,1380.0,PARTITIONED,False,True,True,False,A_hard_expiry_capsule_contraction,tr_cdd5f1950a3c_gpu
paper_ssp_200m_strong_v1,8,0,0.0,1380.0,auv_01,bounded_path_correction,low,DENY,DENY_FORBIDDEN,hard_expired,1380.0,PARTITIONED,False,True,True,False,A_hard_expiry_capsule_contraction,tr_cdd5f1950a3c_gpu
paper_ssp_200m_strong_v1,8,0,0.0,1380.0,auv_02,bounded_path_correction,low,DENY,DENY_FORBIDDEN,hard_expired,1380.0,PARTITIONED,False,True,True,False,A_hard_expiry_capsule_contraction,tr_cdd5f1950a3c_gpu
paper_ssp_200m_strong_v1,8,0,0.0,1380.0,auv_03,bounded_path_correction,low,DENY,DENY_FORBIDDEN,hard_expired,1380.0,PARTITIONED,False,True,True,False,A_hard_expiry_capsule_contraction,tr_cdd5f1950a3c_gpu
paper_ssp_200m_strong_v1,8,0,0.0,1380.0,auv_04,abandon_mandatory_inspection,consequential,DENY,DENY_HARD_EXPIRY,hard_expired,1380.0,PARTITIONED,False,True,True,False,not_low_risk,tr_cdd5f1950a3c_gpu
paper_ssp_200m_strong_v1,8,0,0.0,1380.0,auv_05,bounded_path_correction,low,DENY,DENY_FORBIDDEN,hard_expired,1380.0,PARTITIONED,False,True,True,False,A_hard_expiry_capsule_contraction,tr_cdd5f1950a3c_gpu
paper_ssp_200m_strong_v1,8,0,0.0,1380.0,auv_06,enter_exclusion_zone,consequential,DENY,DENY_HARD_EXPIRY,hard_expired,1380.0,PARTITIONED,False,True,True,False,not_low_risk,tr_cdd5f1950a3c_gpu
paper_ssp_200m_strong_v1,8,0,0.0,1380.0,auv_07,enter_exclusion_zone,consequential,DENY,DENY_HARD_EXPIRY,hard_expired,1380.0,PARTITIONED,False,True,True,False,not_low_risk,tr_cdd5f1950a3c_gpu
paper_ssp_200m_strong_v1,8,0,0.0,1380.0,auv_08,exceed_return_energy_reserve,consequential,DENY,DENY_HARD_EXPIRY,hard_expired,1380.0,PARTITIONED,False,True,True,False,not_low_risk,tr_cdd5f1950a3c_gpu
paper_ssp_200m_strong_v1,8,0,0.0,1380.0,auv_09,hold_station,low,DENY,DENY_FORBIDDEN,hard_expired,1380.0,PARTITIONED,False,True,True,False,A_hard_expiry_capsule_contraction,tr_cdd5f1950a3c_gpu
paper_ssp_200m_strong_v1,8,0,0.0,1380.0,auv_10,enter_exclusion_zone,consequential,DENY,DENY_HARD_EXPIRY,hard_expired,1380.0,PARTITIONED,False,True,True,False,not_low_risk,tr_cdd5f1950a3c_gpu
paper_ssp_200m_strong_v1,8,0,0.0,1380.0,auv_11,bounded_path_correction,low,DENY,DENY_FORBIDDEN,hard_expired,1380.0,PARTITIONED,False,True,True,False,A_hard_expiry_capsule_contraction,tr_cdd5f1950a3c_gpu
paper_ssp_200m_strong_v1,8,150,150.0,900.0,auv_00,bounded_path_correction,low,DENY,DENY_FORBIDDEN,hard_expired,900.0,PARTITIONED,False,True,True,False,A_hard_expiry_capsule_contraction,tr_cdd5f1950a3c_gpu
paper_ssp_200m_strong_v1,8,150,150.0,900.0,auv_01,bounded_path_correction,low,DENY,DENY_FORBIDDEN,hard_expired,900.0,PARTITIONED,False,True,True,False,A_hard_expiry_capsule_contraction,tr_cdd5f1950a3c_gpu
paper_ssp_200m_strong_v1,8,150,150.0,900.0,auv_02,bounded_path_correction,low,DENY,DENY_FORBIDDEN,hard_expired,900.0,PARTITIONED,False,True,True,False,A_hard_expiry_capsule_contraction,tr_cdd5f1950a3c_gpu
paper_ssp_200m_strong_v1,8,150,150.0,900.0,auv_03,bounded_path_correction,low,DENY,DENY_FORBIDDEN,hard_expired,900.0,PARTITIONED,False,True,True,False,A_hard_expiry_capsule_contraction,tr_cdd5f1950a3c_gpu
paper_ssp_200m_strong_v1,8,150,150.0,900.0,auv_04,abandon_mandatory_inspection,consequential,DENY,DENY_HARD_EXPIRY,hard_expired,900.0,PARTITIONED,False,True,True,False,not_low_risk,tr_cdd5f1950a3c_gpu
paper_ssp_200m_strong_v1,8,150,150.0,900.0,auv_05,bounded_path_correction,low,DENY,DENY_FORBIDDEN,hard_expired,900.0,PARTITIONED,False,True,True,False,A_hard_expiry_capsule_contraction,tr_cdd5f1950a3c_gpu
paper_ssp_200m_strong_v1,8,150,150.0,900.0,auv_06,enter_exclusion_zone,consequential,DENY,DENY_HARD_EXPIRY,hard_expired,900.0,PARTITIONED,False,True,True,False,not_low_risk,tr_cdd5f1950a3c_gpu
paper_ssp_200m_strong_v1,8,150,150.0,900.0,auv_07,enter_exclusion_zone,consequential,DENY,DENY_HARD_EXPIRY,hard_expired,900.0,PARTITIONED,False,True,True,False,not_low_risk,tr_cdd5f1950a3c_gpu
paper_ssp_200m_strong_v1,8,150,150.0,900.0,auv_08,exceed_return_energy_reserve,consequential,DENY,DENY_HARD_EXPIRY,hard_expired,900.0,PARTITIONED,False,True,True,False,not_low_risk,tr_cdd5f1950a3c_gpu
paper_ssp_200m_strong_v1,8,150,150.0,900.0,auv_09,hold_station,low,DENY,DENY_FORBIDDEN,hard_expired,900.0,PARTITIONED,False,True,True,False,A_hard_expiry_capsule_contraction,tr_cdd5f1950a3c_gpu
paper_ssp_200m_strong_v1,8,150,150.0,900.0,auv_10,enter_exclusion_zone,consequential,DENY,DENY_HARD_EXPIRY,hard_expired,900.0,PARTITIONED,False,True,True,False,not_low_risk,tr_cdd5f1950a3c_gpu
paper_ssp_200m_strong_v1,8,150,150.0,900.0,auv_11,bounded_path_correction,low,DENY,DENY_FORBIDDEN,hard_expired,900.0,PARTITIONED,False,True,True,False,A_hard_expiry_capsule_contraction,tr_cdd5f1950a3c_gpu
paper_ssp_200m_strong_v1,8,150,150.0,920.0,auv_00,bounded_path_correction,low,DENY,DENY_FORBIDDEN,hard_expired,920.0,PARTITIONED,False,True,True,False,A_hard_expiry_capsule_contraction,tr_cdd5f1950a3c_gpu
paper_ssp_200m_strong_v1,8,150,150.0,920.0,auv_01,bounded_path_correction,low,DENY,DENY_FORBIDDEN,hard_expired,920.0,PARTITIONED,False,True,True,False,A_hard_expiry_capsule_contraction,tr_cdd5f1950a3c_gpu
paper_ssp_200m_strong_v1,8,150,150.0,920.0,auv_02,bounded_path_correction,low,DENY,DENY_FORBIDDEN,hard_expired,920.0,PARTITIONED,False,True,True,False,A_hard_expiry_capsule_contraction,tr_cdd5f1950a3c_gpu
paper_ssp_200m_strong_v1,8,150,150.0,920.0,auv_03,bounded_path_correction,low,DENY,DENY_FORBIDDEN,hard_expired,920.0,PARTITIONED,False,True,True,False,A_hard_expiry_capsule_contraction,tr_cdd5f1950a3c_gpu
paper_ssp_200m_strong_v1,8,150,150.0,920.0,auv_04,abandon_mandatory_inspection,consequential,DENY,DENY_HARD_EXPIRY,hard_expired,920.0,PARTITIONED,False,True,True,False,not_low_risk,tr_cdd5f1950a3c_gpu
paper_ssp_200m_strong_v1,8,150,150.0,920.0,auv_05,bounded_path_correction,low,DENY,DENY_FORBIDDEN,hard_expired,920.0,PARTITIONED,False,True,True,False,A_hard_expiry_capsule_contraction,tr_cdd5f1950a3c_gpu
paper_ssp_200m_strong_v1,8,150,150.0,920.0,auv_06,enter_exclusion_zone,consequential,DENY,DENY_HARD_EXPIRY,hard_expired,920.0,PARTITIONED,False,True,True,False,not_low_risk,tr_cdd5f1950a3c_gpu
paper_ssp_200m_strong_v1,8,150,150.0,920.0,auv_07,enter_exclusion_zone,consequential,DENY,DENY_HARD_EXPIRY,hard_expired,920.0,PARTITIONED,False,True,True,False,not_low_risk,tr_cdd5f1950a3c_gpu
paper_ssp_200m_strong_v1,8,150,150.0,920.0,auv_08,exceed_return_energy_reserve,consequential,DENY,DENY_HARD_EXPIRY,hard_expired,920.0,PARTITIONED,False,True,True,False,not_low_risk,tr_cdd5f1950a3c_gpu
paper_ssp_200m_strong_v1,8,150,150.0,920.0,auv_09,hold_station,low,DENY,DENY_FORBIDDEN,hard_expired,920.0,PARTITIONED,False,True,True,False,A_hard_expiry_capsule_contraction,tr_cdd5f1950a3c_gpu
paper_ssp_200m_strong_v1,8,150,150.0,920.0,auv_10,enter_exclusion_zone,consequential,DENY,DENY_HARD_EXPIRY,hard_expired,920.0,PARTITIONED,False,True,True,False,not_low_risk,tr_cdd5f1950a3c_gpu
paper_ssp_200m_strong_v1,8,150,150.0,920.0,auv_11,bounded_path_correction,low,DENY,DENY_FORBIDDEN,hard_expired,920.0,PARTITIONED,False,True,True,False,A_hard_expiry_capsule_contraction,tr_cdd5f1950a3c_gpu
paper_ssp_200m_strong_v1,8,150,150.0,940.0,auv_00,bounded_path_correction,low,DENY,DENY_FORBIDDEN,hard_expired,940.0,PARTITIONED,False,True,True,False,A_hard_expiry_capsule_contraction,tr_cdd5f1950a3c_gpu
paper_ssp_200m_strong_v1,8,150,150.0,940.0,auv_01,bounded_path_correction,low,DENY,DENY_FORBIDDEN,hard_expired,940.0,PARTITIONED,False,True,True,False,A_hard_expiry_capsule_contraction,tr_cdd5f1950a3c_gpu
paper_ssp_200m_strong_v1,8,150,150.0,940.0,auv_02,bounded_path_correction,low,DENY,DENY_FORBIDDEN,hard_expired,940.0,PARTITIONED,False,True,True,False,A_hard_expiry_capsule_contraction,tr_cdd5f1950a3c_gpu
paper_ssp_200m_strong_v1,8,150,150.0,940.0,auv_03,bounded_path_correction,low,DENY,DENY_FORBIDDEN,hard_expired,940.0,PARTITIONED,False,True,True,False,A_hard_expiry_capsule_contraction,tr_cdd5f1950a3c_gpu
paper_ssp_200m_strong_v1,8,150,150.0,940.0,auv_04,abandon_mandatory_inspection,consequential,DENY,DENY_HARD_EXPIRY,hard_expired,940.0,PARTITIONED,False,True,True,False,not_low_risk,tr_cdd5f1950a3c_gpu
paper_ssp_200m_strong_v1,8,150,150.0,940.0,auv_05,bounded_path_correction,low,DENY,DENY_FORBIDDEN,hard_expired,940.0,PARTITIONED,False,True,True,False,A_hard_expiry_capsule_contraction,tr_cdd5f1950a3c_gpu
paper_ssp_200m_strong_v1,8,150,150.0,940.0,auv_06,enter_exclusion_zone,consequential,DENY,DENY_HARD_EXPIRY,hard_expired,940.0,PARTITIONED,False,True,True,False,not_low_risk,tr_cdd5f1950a3c_gpu
paper_ssp_200m_strong_v1,8,150,150.0,940.0,auv_07,enter_exclusion_zone,consequential,DENY,DENY_HARD_EXPIRY,hard_expired,940.0,PARTITIONED,False,True,True,False,not_low_risk,tr_cdd5f1950a3c_gpu
paper_ssp_200m_strong_v1,8,150,150.0,940.0,auv_08,exceed_return_energy_reserve,consequential,DENY,DENY_HARD_EXPIRY,hard_expired,940.0,PARTITIONED,False,True,True,False,not_low_risk,tr_cdd5f1950a3c_gpu
paper_ssp_200m_strong_v1,8,150,150.0,940.0,auv_09,hold_station,low,DENY,DENY_FORBIDDEN,hard_expired,940.0,PARTITIONED,False,True,True,False,A_hard_expiry_capsule_contraction,tr_cdd5f1950a3c_gpu
paper_ssp_200m_strong_v1,8,150,150.0,940.0,auv_10,enter_exclusion_zone,consequential,DENY,DENY_HARD_EXPIRY,hard_expired,940.0,PARTITIONED,False,True,True,False,not_low_risk,tr_cdd5f1950a3c_gpu
paper_ssp_200m_strong_v1,8,150,150.0,940.0,auv_11,bounded_path_correction,low,DENY,DENY_FORBIDDEN,hard_expired,940.0,PARTITIONED,False,True,True,False,A_hard_expiry_capsule_contraction,tr_cdd5f1950a3c_gpu
paper_ssp_200m_strong_v1,8,150,150.0,960.0,auv_00,bounded_path_correction,low,DENY,DENY_FORBIDDEN,hard_expired,960.0,PARTITIONED,False,True,True,False,A_hard_expiry_capsule_contraction,tr_cdd5f1950a3c_gpu
paper_ssp_200m_strong_v1,8,150,150.0,960.0,auv_01,bounded_path_correction,low,DENY,DENY_FORBIDDEN,hard_expired,960.0,PARTITIONED,False,True,True,False,A_hard_expiry_capsule_contraction,tr_cdd5f1950a3c_gpu
paper_ssp_200m_strong_v1,8,150,150.0,960.0,auv_02,bounded_path_correction,low,DENY,DENY_FORBIDDEN,hard_expired,960.0,PARTITIONED,False,True,True,False,A_hard_expiry_capsule_contraction,tr_cdd5f1950a3c_gpu
paper_ssp_200m_strong_v1,8,150,150.0,960.0,auv_03,bounded_path_correction,low,DENY,DENY_FORBIDDEN,hard_expired,960.0,PARTITIONED,False,True,True,False,A_hard_expiry_capsule_contraction,tr_cdd5f1950a3c_gpu
paper_ssp_200m_strong_v1,8,150,150.0,960.0,auv_04,abandon_mandatory_inspection,consequential,DENY,DENY_HARD_EXPIRY,hard_expired,960.0,PARTITIONED,False,True,True,False,not_low_risk,tr_cdd5f1950a3c_gpu
paper_ssp_200m_strong_v1,8,150,150.0,960.0,auv_05,bounded_path_correction,low,DENY,DENY_FORBIDDEN,hard_expired,960.0,PARTITIONED,False,True,True,False,A_hard_expiry_capsule_contraction,tr_cdd5f1950a3c_gpu
paper_ssp_200m_strong_v1,8,150,150.0,960.0,auv_06,enter_exclusion_zone,consequential,DENY,DENY_HARD_EXPIRY,hard_expired,960.0,PARTITIONED,False,True,True,False,not_low_risk,tr_cdd5f1950a3c_gpu
paper_ssp_200m_strong_v1,8,150,150.0,960.0,auv_07,enter_exclusion_zone,consequential,DENY,DENY_HARD_EXPIRY,hard_expired,960.0,PARTITIONED,False,True,True,False,not_low_risk,tr_cdd5f1950a3c_gpu
paper_ssp_200m_strong_v1,8,150,150.0,960.0,auv_08,exceed_return_energy_reserve,consequential,DENY,DENY_HARD_EXPIRY,hard_expired,960.0,PARTITIONED,False,True,True,False,not_low_risk,tr_cdd5f1950a3c_gpu
paper_ssp_200m_strong_v1,8,150,150.0,960.0,auv_09,hold_station,low,DENY,DENY_FORBIDDEN,hard_expired,960.0,PARTITIONED,False,True,True,False,A_hard_expiry_capsule_contraction,tr_cdd5f1950a3c_gpu
paper_ssp_200m_strong_v1,8,150,150.0,960.0,auv_10,enter_exclusion_zone,consequential,DENY,DENY_HARD_EXPIRY,hard_expired,960.0,PARTITIONED,False,True,True,False,not_low_risk,tr_cdd5f1950a3c_gpu
paper_ssp_200m_strong_v1,8,150,150.0,960.0,auv_11,change_high_level_objective,consequential,DENY,DENY_HARD_EXPIRY,hard_expired,960.0,PARTITIONED,False,True,True,False,not_low_risk,tr_cdd5f1950a3c_gpu
paper_ssp_200m_strong_v1,8,150,150.0,980.0,auv_00,bounded_path_correction,low,DENY,DENY_FORBIDDEN,hard_expired,980.0,PARTITIONED,False,True,True,False,A_hard_expiry_capsule_contraction,tr_cdd5f1950a3c_gpu
paper_ssp_200m_strong_v1,8,150,150.0,980.0,auv_01,bounded_path_correction,low,DENY,DENY_FORBIDDEN,hard_expired,980.0,PARTITIONED,False,True,True,False,A_hard_expiry_capsule_contraction,tr_cdd5f1950a3c_gpu
paper_ssp_200m_strong_v1,8,150,150.0,980.0,auv_02,bounded_path_correction,low,DENY,DENY_FORBIDDEN,hard_expired,980.0,PARTITIONED,False,True,True,False,A_hard_expiry_capsule_contraction,tr_cdd5f1950a3c_gpu
paper_ssp_200m_strong_v1,8,150,150.0,980.0,auv_03,bounded_path_correction,low,DENY,DENY_FORBIDDEN,hard_expired,980.0,PARTITIONED,False,True,True,False,A_hard_expiry_capsule_contraction,tr_cdd5f1950a3c_gpu
paper_ssp_200m_strong_v1,8,150,150.0,980.0,auv_04,abandon_mandatory_inspection,consequential,DENY,DENY_HARD_EXPIRY,hard_expired,980.0,PARTITIONED,False,True,True,False,not_low_risk,tr_cdd5f1950a3c_gpu
paper_ssp_200m_strong_v1,8,150,150.0,980.0,auv_05,bounded_path_correction,low,DENY,DENY_FORBIDDEN,hard_expired,980.0,PARTITIONED,False,True,True,False,A_hard_expiry_capsule_contraction,tr_cdd5f1950a3c_gpu
paper_ssp_200m_strong_v1,8,150,150.0,980.0,auv_06,enter_exclusion_zone,consequential,DENY,DENY_HARD_EXPIRY,hard_expired,980.0,PARTITIONED,False,True,True,False,not_low_risk,tr_cdd5f1950a3c_gpu
paper_ssp_200m_strong_v1,8,150,150.0,980.0,auv_07,enter_exclusion_zone,consequential,DENY,DENY_HARD_EXPIRY,hard_expired,980.0,PARTITIONED,False,True,True,False,not_low_risk,tr_cdd5f1950a3c_gpu
paper_ssp_200m_strong_v1,8,150,150.0,980.0,auv_08,exceed_return_energy_reserve,consequential,DENY,DENY_HARD_EXPIRY,hard_expired,980.0,PARTITIONED,False,True,True,False,not_low_risk,tr_cdd5f1950a3c_gpu
paper_ssp_200m_strong_v1,8,150,150.0,980.0,auv_09,hold_station,low,DENY,DENY_FORBIDDEN,hard_expired,980.0,PARTITIONED,False,True,True,False,A_hard_expiry_capsule_contraction,tr_cdd5f1950a3c_gpu
paper_ssp_200m_strong_v1,8,150,150.0,980.0,auv_10,enter_exclusion_zone,consequential,DENY,DENY_HARD_EXPIRY,hard_expired,980.0,PARTITIONED,False,True,True,False,not_low_risk,tr_cdd5f1950a3c_gpu
paper_ssp_200m_strong_v1,8,150,150.0,980.0,auv_11,bounded_path_correction,low,DENY,DENY_FORBIDDEN,hard_expired,980.0,PARTITIONED,False,True,True,False,A_hard_expiry_capsule_contraction,tr_cdd5f1950a3c_gpu
paper_ssp_200m_strong_v1,8,150,150.0,1000.0,auv_00,bounded_path_correction,low,DENY,DENY_FORBIDDEN,hard_expired,1000.0,PARTITIONED,False,True,True,False,A_hard_expiry_capsule_contraction,tr_cdd5f1950a3c_gpu
paper_ssp_200m_strong_v1,8,150,150.0,1000.0,auv_01,bounded_path_correction,low,DENY,DENY_FORBIDDEN,hard_expired,1000.0,PARTITIONED,False,True,True,False,A_hard_expiry_capsule_contraction,tr_cdd5f1950a3c_gpu
paper_ssp_200m_strong_v1,8,150,150.0,1000.0,auv_02,bounded_path_correction,low,DENY,DENY_FORBIDDEN,hard_expired,1000.0,PARTITIONED,False,True,True,False,A_hard_expiry_capsule_contraction,tr_cdd5f1950a3c_gpu
paper_ssp_200m_strong_v1,8,150,150.0,1000.0,auv_03,bounded_path_correction,low,DENY,DENY_FORBIDDEN,hard_expired,1000.0,PARTITIONED,False,True,True,False,A_hard_expiry_capsule_contraction,tr_cdd5f1950a3c_gpu
paper_ssp_200m_strong_v1,8,150,150.0,1000.0,auv_04,abandon_mandatory_inspection,consequential,DENY,DENY_HARD_EXPIRY,hard_expired,1000.0,PARTITIONED,False,True,True,False,not_low_risk,tr_cdd5f1950a3c_gpu
paper_ssp_200m_strong_v1,8,150,150.0,1000.0,auv_05,bounded_path_correction,low,DENY,DENY_FORBIDDEN,hard_expired,1000.0,PARTITIONED,False,True,True,False,A_hard_expiry_capsule_contraction,tr_cdd5f1950a3c_gpu
paper_ssp_200m_strong_v1,8,150,150.0,1000.0,auv_06,enter_exclusion_zone,consequential,DENY,DENY_HARD_EXPIRY,hard_expired,1000.0,PARTITIONED,False,True,True,False,not_low_risk,tr_cdd5f1950a3c_gpu
paper_ssp_200m_strong_v1,8,150,150.0,1000.0,auv_07,enter_exclusion_zone,consequential,DENY,DENY_HARD_EXPIRY,hard_expired,1000.0,PARTITIONED,False,True,True,False,not_low_risk,tr_cdd5f1950a3c_gpu
paper_ssp_200m_strong_v1,8,150,150.0,1000.0,auv_08,exceed_return_energy_reserve,consequential,DENY,DENY_HARD_EXPIRY,hard_expired,1000.0,PARTITIONED,False,True,True,False,not_low_risk,tr_cdd5f1950a3c_gpu
paper_ssp_200m_strong_v1,8,150,150.0,1000.0,auv_09,hold_station,low,DENY,DENY_FORBIDDEN,hard_expired,1000.0,PARTITIONED,False,True,True,False,A_hard_expiry_capsule_contraction,tr_cdd5f1950a3c_gpu
paper_ssp_200m_strong_v1,8,150,150.0,1000.0,auv_10,enter_exclusion_zone,consequential,DENY,DENY_HARD_EXPIRY,hard_expired,1000.0,PARTITIONED,False,True,True,False,not_low_risk,tr_cdd5f1950a3c_gpu
paper_ssp_200m_strong_v1,8,150,150.0,1000.0,auv_11,bounded_path_correction,low,DENY,DENY_FORBIDDEN,hard_expired,1000.0,PARTITIONED,False,True,True,False,A_hard_expiry_capsule_contraction,tr_cdd5f1950a3c_gpu
paper_ssp_200m_strong_v1,8,150,150.0,1020.0,auv_00,bounded_path_correction,low,DENY,DENY_FORBIDDEN,hard_expired,1020.0,PARTITIONED,False,True,True,False,A_hard_expiry_capsule_contraction,tr_cdd5f1950a3c_gpu
paper_ssp_200m_strong_v1,8,150,150.0,1020.0,auv_01,bounded_path_correction,low,DENY,DENY_FORBIDDEN,hard_expired,1020.0,PARTITIONED,False,True,True,False,A_hard_expiry_capsule_contraction,tr_cdd5f1950a3c_gpu
paper_ssp_200m_strong_v1,8,150,150.0,1020.0,auv_02,bounded_path_correction,low,DENY,DENY_FORBIDDEN,hard_expired,1020.0,PARTITIONED,False,True,True,False,A_hard_expiry_capsule_contraction,tr_cdd5f1950a3c_gpu
paper_ssp_200m_strong_v1,8,150,150.0,1020.0,auv_03,bounded_path_correction,low,DENY,DENY_FORBIDDEN,hard_expired,1020.0,PARTITIONED,False,True,True,False,A_hard_expiry_capsule_contraction,tr_cdd5f1950a3c_gpu
paper_ssp_200m_strong_v1,8,150,150.0,1020.0,auv_04,abandon_mandatory_inspection,consequential,DENY,DENY_HARD_EXPIRY,hard_expired,1020.0,PARTITIONED,False,True,True,False,not_low_risk,tr_cdd5f1950a3c_gpu
paper_ssp_200m_strong_v1,8,150,150.0,1020.0,auv_05,bounded_path_correction,low,DENY,DENY_FORBIDDEN,hard_expired,1020.0,PARTITIONED,False,True,True,False,A_hard_expiry_capsule_contraction,tr_cdd5f1950a3c_gpu
paper_ssp_200m_strong_v1,8,150,150.0,1020.0,auv_06,enter_exclusion_zone,consequential,DENY,DENY_HARD_EXPIRY,hard_expired,1020.0,PARTITIONED,False,True,True,False,not_low_risk,tr_cdd5f1950a3c_gpu
paper_ssp_200m_strong_v1,8,150,150.0,1020.0,auv_07,enter_exclusion_zone,consequential,DENY,DENY_HARD_EXPIRY,hard_expired,1020.0,PARTITIONED,False,True,True,False,not_low_risk,tr_cdd5f1950a3c_gpu
paper_ssp_200m_strong_v1,8,150,150.0,1020.0,auv_08,exceed_return_energy_reserve,consequential,DENY,DENY_HARD_EXPIRY,hard_expired,1020.0,PARTITIONED,False,True,True,False,not_low_risk,tr_cdd5f1950a3c_gpu
paper_ssp_200m_strong_v1,8,150,150.0,1020.0,auv_09,hold_station,low,DENY,DENY_FORBIDDEN,hard_expired,1020.0,PARTITIONED,False,True,True,False,A_hard_expiry_capsule_contraction,tr_cdd5f1950a3c_gpu
paper_ssp_200m_strong_v1,8,150,150.0,1020.0,auv_10,enter_exclusion_zone,consequential,DENY,DENY_HARD_EXPIRY,hard_expired,1020.0,PARTITIONED,False,True,True,False,not_low_risk,tr_cdd5f1950a3c_gpu
paper_ssp_200m_strong_v1,8,150,150.0,1020.0,auv_11,bounded_path_correction,low,DENY,DENY_FORBIDDEN,hard_expired,1020.0,PARTITIONED,False,True,True,False,A_hard_expiry_capsule_contraction,tr_cdd5f1950a3c_gpu
paper_ssp_200m_strong_v1,8,150,150.0,1040.0,auv_00,bounded_path_correction,low,DENY,DENY_FORBIDDEN,hard_expired,1040.0,PARTITIONED,False,True,True,False,A_hard_expiry_capsule_contraction,tr_cdd5f1950a3c_gpu
paper_ssp_200m_strong_v1,8,150,150.0,1040.0,auv_01,bounded_path_correction,low,DENY,DENY_FORBIDDEN,hard_expired,1040.0,PARTITIONED,False,True,True,False,A_hard_expiry_capsule_contraction,tr_cdd5f1950a3c_gpu
paper_ssp_200m_strong_v1,8,150,150.0,1040.0,auv_02,bounded_path_correction,low,DENY,DENY_FORBIDDEN,hard_expired,1040.0,PARTITIONED,False,True,True,False,A_hard_expiry_capsule_contraction,tr_cdd5f1950a3c_gpu
paper_ssp_200m_strong_v1,8,150,150.0,1040.0,auv_03,bounded_path_correction,low,DENY,DENY_FORBIDDEN,hard_expired,1040.0,PARTITIONED,False,True,True,False,A_hard_expiry_capsule_contraction,tr_cdd5f1950a3c_gpu
paper_ssp_200m_strong_v1,8,150,150.0,1040.0,auv_04,abandon_mandatory_inspection,consequential,DENY,DENY_HARD_EXPIRY,hard_expired,1040.0,PARTITIONED,False,True,True,False,not_low_risk,tr_cdd5f1950a3c_gpu
paper_ssp_200m_strong_v1,8,150,150.0,1040.0,auv_05,bounded_path_correction,low,DENY,DENY_FORBIDDEN,hard_expired,1040.0,PARTITIONED,False,True,True,False,A_hard_expiry_capsule_contraction,tr_cdd5f1950a3c_gpu
paper_ssp_200m_strong_v1,8,150,150.0,1040.0,auv_06,enter_exclusion_zone,consequential,DENY,DENY_HARD_EXPIRY,hard_expired,1040.0,PARTITIONED,False,True,True,False,not_low_risk,tr_cdd5f1950a3c_gpu
paper_ssp_200m_strong_v1,8,150,150.0,1040.0,auv_07,enter_exclusion_zone,consequential,DENY,DENY_HARD_EXPIRY,hard_expired,1040.0,PARTITIONED,False,True,True,False,not_low_risk,tr_cdd5f1950a3c_gpu
paper_ssp_200m_strong_v1,8,150,150.0,1040.0,auv_08,exceed_return_energy_reserve,consequential,DENY,DENY_HARD_EXPIRY,hard_expired,1040.0,PARTITIONED,False,True,True,False,not_low_risk,tr_cdd5f1950a3c_gpu
paper_ssp_200m_strong_v1,8,150,150.0,1040.0,auv_09,hold_station,low,DENY,DENY_FORBIDDEN,hard_expired,1040.0,PARTITIONED,False,True,True,False,A_hard_expiry_capsule_contraction,tr_cdd5f1950a3c_gpu
paper_ssp_200m_strong_v1,8,150,150.0,1040.0,auv_10,enter_exclusion_zone,consequential,DENY,DENY_HARD_EXPIRY,hard_expired,1040.0,PARTITIONED,False,True,True,False,not_low_risk,tr_cdd5f1950a3c_gpu
paper_ssp_200m_strong_v1,8,150,150.0,1040.0,auv_11,change_high_level_objective,consequential,DENY,DENY_HARD_EXPIRY,hard_expired,1040.0,PARTITIONED,False,True,True,False,not_low_risk,tr_cdd5f1950a3c_gpu
paper_ssp_200m_strong_v1,8,150,150.0,1060.0,auv_00,bounded_path_correction,low,DENY,DENY_FORBIDDEN,hard_expired,1060.0,PARTITIONED,False,True,True,False,A_hard_expiry_capsule_contraction,tr_cdd5f1950a3c_gpu
paper_ssp_200m_strong_v1,8,150,150.0,1060.0,auv_01,bounded_path_correction,low,DENY,DENY_FORBIDDEN,hard_expired,1060.0,PARTITIONED,False,True,True,False,A_hard_expiry_capsule_contraction,tr_cdd5f1950a3c_gpu
paper_ssp_200m_strong_v1,8,150,150.0,1060.0,auv_02,bounded_path_correction,low,DENY,DENY_FORBIDDEN,hard_expired,1060.0,PARTITIONED,False,True,True,False,A_hard_expiry_capsule_contraction,tr_cdd5f1950a3c_gpu
paper_ssp_200m_strong_v1,8,150,150.0,1060.0,auv_03,bounded_path_correction,low,DENY,DENY_FORBIDDEN,hard_expired,1060.0,PARTITIONED,False,True,True,False,A_hard_expiry_capsule_contraction,tr_cdd5f1950a3c_gpu
paper_ssp_200m_strong_v1,8,150,150.0,1060.0,auv_04,abandon_mandatory_inspection,consequential,DENY,DENY_HARD_EXPIRY,hard_expired,1060.0,PARTITIONED,False,True,True,False,not_low_risk,tr_cdd5f1950a3c_gpu
paper_ssp_200m_strong_v1,8,150,150.0,1060.0,auv_05,bounded_path_correction,low,DENY,DENY_FORBIDDEN,hard_expired,1060.0,PARTITIONED,False,True,True,False,A_hard_expiry_capsule_contraction,tr_cdd5f1950a3c_gpu
paper_ssp_200m_strong_v1,8,150,150.0,1060.0,auv_06,enter_exclusion_zone,consequential,DENY,DENY_HARD_EXPIRY,hard_expired,1060.0,PARTITIONED,False,True,True,False,not_low_risk,tr_cdd5f1950a3c_gpu
paper_ssp_200m_strong_v1,8,150,150.0,1060.0,auv_07,enter_exclusion_zone,consequential,DENY,DENY_HARD_EXPIRY,hard_expired,1060.0,PARTITIONED,False,True,True,False,not_low_risk,tr_cdd5f1950a3c_gpu
paper_ssp_200m_strong_v1,8,150,150.0,1060.0,auv_08,exceed_return_energy_reserve,consequential,DENY,DENY_HARD_EXPIRY,hard_expired,1060.0,PARTITIONED,False,True,True,False,not_low_risk,tr_cdd5f1950a3c_gpu
paper_ssp_200m_strong_v1,8,150,150.0,1060.0,auv_09,hold_station,low,DENY,DENY_FORBIDDEN,hard_expired,1060.0,PARTITIONED,False,True,True,False,A_hard_expiry_capsule_contraction,tr_cdd5f1950a3c_gpu
paper_ssp_200m_strong_v1,8,150,150.0,1060.0,auv_10,enter_exclusion_zone,consequential,DENY,DENY_HARD_EXPIRY,hard_expired,1060.0,PARTITIONED,False,True,True,False,not_low_risk,tr_cdd5f1950a3c_gpu
paper_ssp_200m_strong_v1,8,150,150.0,1060.0,auv_11,bounded_path_correction,low,DENY,DENY_FORBIDDEN,hard_expired,1060.0,PARTITIONED,False,True,True,False,A_hard_expiry_capsule_contraction,tr_cdd5f1950a3c_gpu
paper_ssp_200m_strong_v1,8,150,150.0,1080.0,auv_00,bounded_path_correction,low,DENY,DENY_FORBIDDEN,hard_expired,1080.0,PARTITIONED,False,True,True,False,A_hard_expiry_capsule_contraction,tr_cdd5f1950a3c_gpu
paper_ssp_200m_strong_v1,8,150,150.0,1080.0,auv_01,bounded_path_correction,low,DENY,DENY_FORBIDDEN,hard_expired,1080.0,PARTITIONED,False,True,True,False,A_hard_expiry_capsule_contraction,tr_cdd5f1950a3c_gpu
paper_ssp_200m_strong_v1,8,150,150.0,1080.0,auv_02,bounded_path_correction,low,DENY,DENY_FORBIDDEN,hard_expired,1080.0,PARTITIONED,False,True,True,False,A_hard_expiry_capsule_contraction,tr_cdd5f1950a3c_gpu
paper_ssp_200m_strong_v1,8,150,150.0,1080.0,auv_03,bounded_path_correction,low,DENY,DENY_FORBIDDEN,hard_expired,1080.0,PARTITIONED,False,True,True,False,A_hard_expiry_capsule_contraction,tr_cdd5f1950a3c_gpu
paper_ssp_200m_strong_v1,8,150,150.0,1080.0,auv_04,abandon_mandatory_inspection,consequential,DENY,DENY_HARD_EXPIRY,hard_expired,1080.0,PARTITIONED,False,True,True,False,not_low_risk,tr_cdd5f1950a3c_gpu
paper_ssp_200m_strong_v1,8,150,150.0,1080.0,auv_05,bounded_path_correction,low,DENY,DENY_FORBIDDEN,hard_expired,1080.0,PARTITIONED,False,True,True,False,A_hard_expiry_capsule_contraction,tr_cdd5f1950a3c_gpu
paper_ssp_200m_strong_v1,8,150,150.0,1080.0,auv_06,enter_exclusion_zone,consequential,DENY,DENY_HARD_EXPIRY,hard_expired,1080.0,PARTITIONED,False,True,True,False,not_low_risk,tr_cdd5f1950a3c_gpu
paper_ssp_200m_strong_v1,8,150,150.0,1080.0,auv_07,enter_exclusion_zone,consequential,DENY,DENY_HARD_EXPIRY,hard_expired,1080.0,PARTITIONED,False,True,True,False,not_low_risk,tr_cdd5f1950a3c_gpu
paper_ssp_200m_strong_v1,8,150,150.0,1080.0,auv_08,exceed_return_energy_reserve,consequential,DENY,DENY_HARD_EXPIRY,hard_expired,1080.0,PARTITIONED,False,True,True,False,not_low_risk,tr_cdd5f1950a3c_gpu
paper_ssp_200m_strong_v1,8,150,150.0,1080.0,auv_09,hold_station,low,DENY,DENY_FORBIDDEN,hard_expired,1080.0,PARTITIONED,False,True,True,False,A_hard_expiry_capsule_contraction,tr_cdd5f1950a3c_gpu
paper_ssp_200m_strong_v1,8,150,150.0,1080.0,auv_10,enter_exclusion_zone,consequential,DENY,DENY_HARD_EXPIRY,hard_expired,1080.0,PARTITIONED,False,True,True,False,not_low_risk,tr_cdd5f1950a3c_gpu
paper_ssp_200m_strong_v1,8,150,150.0,1080.0,auv_11,bounded_path_correction,low,DENY,DENY_FORBIDDEN,hard_expired,1080.0,PARTITIONED,False,True,True,False,A_hard_expiry_capsule_contraction,tr_cdd5f1950a3c_gpu
paper_ssp_200m_strong_v1,8,150,150.0,1100.0,auv_00,bounded_path_correction,low,DENY,DENY_FORBIDDEN,hard_expired,1100.0,PARTITIONED,False,True,True,False,A_hard_expiry_capsule_contraction,tr_cdd5f1950a3c_gpu
paper_ssp_200m_strong_v1,8,150,150.0,1100.0,auv_01,bounded_path_correction,low,DENY,DENY_FORBIDDEN,hard_expired,1100.0,PARTITIONED,False,True,True,False,A_hard_expiry_capsule_contraction,tr_cdd5f1950a3c_gpu
paper_ssp_200m_strong_v1,8,150,150.0,1100.0,auv_02,bounded_path_correction,low,DENY,DENY_FORBIDDEN,hard_expired,1100.0,PARTITIONED,False,True,True,False,A_hard_expiry_capsule_contraction,tr_cdd5f1950a3c_gpu
paper_ssp_200m_strong_v1,8,150,150.0,1100.0,auv_03,bounded_path_correction,low,DENY,DENY_FORBIDDEN,hard_expired,1100.0,PARTITIONED,False,True,True,False,A_hard_expiry_capsule_contraction,tr_cdd5f1950a3c_gpu
paper_ssp_200m_strong_v1,8,150,150.0,1100.0,auv_04,abandon_mandatory_inspection,consequential,DENY,DENY_HARD_EXPIRY,hard_expired,1100.0,PARTITIONED,False,True,True,False,not_low_risk,tr_cdd5f1950a3c_gpu
paper_ssp_200m_strong_v1,8,150,150.0,1100.0,auv_05,bounded_path_correction,low,DENY,DENY_FORBIDDEN,hard_expired,1100.0,PARTITIONED,False,True,True,False,A_hard_expiry_capsule_contraction,tr_cdd5f1950a3c_gpu
paper_ssp_200m_strong_v1,8,150,150.0,1100.0,auv_06,enter_exclusion_zone,consequential,DENY,DENY_HARD_EXPIRY,hard_expired,1100.0,PARTITIONED,False,True,True,False,not_low_risk,tr_cdd5f1950a3c_gpu
paper_ssp_200m_strong_v1,8,150,150.0,1100.0,auv_07,enter_exclusion_zone,consequential,DENY,DENY_HARD_EXPIRY,hard_expired,1100.0,PARTITIONED,False,True,True,False,not_low_risk,tr_cdd5f1950a3c_gpu
paper_ssp_200m_strong_v1,8,150,150.0,1100.0,auv_08,exceed_return_energy_reserve,consequential,DENY,DENY_HARD_EXPIRY,hard_expired,1100.0,PARTITIONED,False,True,True,False,not_low_risk,tr_cdd5f1950a3c_gpu
paper_ssp_200m_strong_v1,8,150,150.0,1100.0,auv_09,hold_station,low,DENY,DENY_FORBIDDEN,hard_expired,1100.0,PARTITIONED,False,True,True,False,A_hard_expiry_capsule_contraction,tr_cdd5f1950a3c_gpu
paper_ssp_200m_strong_v1,8,150,150.0,1100.0,auv_10,enter_exclusion_zone,consequential,DENY,DENY_HARD_EXPIRY,hard_expired,1100.0,PARTITIONED,False,True,True,False,not_low_risk,tr_cdd5f1950a3c_gpu
paper_ssp_200m_strong_v1,8,150,150.0,1100.0,auv_11,bounded_path_correction,low,DENY,DENY_FORBIDDEN,hard_expired,1100.0,PARTITIONED,False,True,True,False,A_hard_expiry_capsule_contraction,tr_cdd5f1950a3c_gpu
paper_ssp_200m_strong_v1,8,150,150.0,1120.0,auv_00,bounded_path_correction,low,DENY,DENY_FORBIDDEN,hard_expired,1120.0,PARTITIONED,False,True,True,False,A_hard_expiry_capsule_contraction,tr_cdd5f1950a3c_gpu
paper_ssp_200m_strong_v1,8,150,150.0,1120.0,auv_01,bounded_path_correction,low,DENY,DENY_FORBIDDEN,hard_expired,1120.0,PARTITIONED,False,True,True,False,A_hard_expiry_capsule_contraction,tr_cdd5f1950a3c_gpu
paper_ssp_200m_strong_v1,8,150,150.0,1120.0,auv_02,bounded_path_correction,low,DENY,DENY_FORBIDDEN,hard_expired,1120.0,PARTITIONED,False,True,True,False,A_hard_expiry_capsule_contraction,tr_cdd5f1950a3c_gpu
paper_ssp_200m_strong_v1,8,150,150.0,1120.0,auv_03,bounded_path_correction,low,DENY,DENY_FORBIDDEN,hard_expired,1120.0,PARTITIONED,False,True,True,False,A_hard_expiry_capsule_contraction,tr_cdd5f1950a3c_gpu
paper_ssp_200m_strong_v1,8,150,150.0,1120.0,auv_04,abandon_mandatory_inspection,consequential,DENY,DENY_HARD_EXPIRY,hard_expired,1120.0,PARTITIONED,False,True,True,False,not_low_risk,tr_cdd5f1950a3c_gpu
paper_ssp_200m_strong_v1,8,150,150.0,1120.0,auv_05,bounded_path_correction,low,DENY,DENY_FORBIDDEN,hard_expired,1120.0,PARTITIONED,False,True,True,False,A_hard_expiry_capsule_contraction,tr_cdd5f1950a3c_gpu
paper_ssp_200m_strong_v1,8,150,150.0,1120.0,auv_06,enter_exclusion_zone,consequential,DENY,DENY_HARD_EXPIRY,hard_expired,1120.0,PARTITIONED,False,True,True,False,not_low_risk,tr_cdd5f1950a3c_gpu
paper_ssp_200m_strong_v1,8,150,150.0,1120.0,auv_07,enter_exclusion_zone,consequential,DENY,DENY_HARD_EXPIRY,hard_expired,1120.0,PARTITIONED,False,True,True,False,not_low_risk,tr_cdd5f1950a3c_gpu
paper_ssp_200m_strong_v1,8,150,150.0,1120.0,auv_08,exceed_return_energy_reserve,consequential,DENY,DENY_HARD_EXPIRY,hard_expired,1120.0,PARTITIONED,False,True,True,False,not_low_risk,tr_cdd5f1950a3c_gpu
paper_ssp_200m_strong_v1,8,150,150.0,1120.0,auv_09,hold_station,low,DENY,DENY_FORBIDDEN,hard_expired,1120.0,PARTITIONED,False,True,True,False,A_hard_expiry_capsule_contraction,tr_cdd5f1950a3c_gpu
paper_ssp_200m_strong_v1,8,150,150.0,1120.0,auv_10,enter_exclusion_zone,consequential,DENY,DENY_HARD_EXPIRY,hard_expired,1120.0,PARTITIONED,False,True,True,False,not_low_risk,tr_cdd5f1950a3c_gpu
paper_ssp_200m_strong_v1,8,150,150.0,1120.0,auv_11,change_high_level_objective,consequential,DENY,DENY_HARD_EXPIRY,hard_expired,1120.0,PARTITIONED,False,True,True,False,not_low_risk,tr_cdd5f1950a3c_gpu
paper_ssp_200m_strong_v1,8,150,150.0,1140.0,auv_00,bounded_path_correction,low,DENY,DENY_FORBIDDEN,hard_expired,1140.0,PARTITIONED,False,True,True,False,A_hard_expiry_capsule_contraction,tr_cdd5f1950a3c_gpu
paper_ssp_200m_strong_v1,8,150,150.0,1140.0,auv_01,bounded_path_correction,low,DENY,DENY_FORBIDDEN,hard_expired,1140.0,PARTITIONED,False,True,True,False,A_hard_expiry_capsule_contraction,tr_cdd5f1950a3c_gpu
paper_ssp_200m_strong_v1,8,150,150.0,1140.0,auv_02,bounded_path_correction,low,DENY,DENY_FORBIDDEN,hard_expired,1140.0,PARTITIONED,False,True,True,False,A_hard_expiry_capsule_contraction,tr_cdd5f1950a3c_gpu
paper_ssp_200m_strong_v1,8,150,150.0,1140.0,auv_03,bounded_path_correction,low,DENY,DENY_FORBIDDEN,hard_expired,1140.0,PARTITIONED,False,True,True,False,A_hard_expiry_capsule_contraction,tr_cdd5f1950a3c_gpu
paper_ssp_200m_strong_v1,8,150,150.0,1140.0,auv_04,abandon_mandatory_inspection,consequential,DENY,DENY_HARD_EXPIRY,hard_expired,1140.0,PARTITIONED,False,True,True,False,not_low_risk,tr_cdd5f1950a3c_gpu
paper_ssp_200m_strong_v1,8,150,150.0,1140.0,auv_05,bounded_path_correction,low,DENY,DENY_FORBIDDEN,hard_expired,1140.0,PARTITIONED,False,True,True,False,A_hard_expiry_capsule_contraction,tr_cdd5f1950a3c_gpu
paper_ssp_200m_strong_v1,8,150,150.0,1140.0,auv_06,exceed_return_energy_reserve,consequential,DENY,DENY_HARD_EXPIRY,hard_expired,1140.0,PARTITIONED,False,True,True,False,not_low_risk,tr_cdd5f1950a3c_gpu
paper_ssp_200m_strong_v1,8,150,150.0,1140.0,auv_07,exceed_return_energy_reserve,consequential,DENY,DENY_HARD_EXPIRY,hard_expired,1140.0,PARTITIONED,False,True,True,False,not_low_risk,tr_cdd5f1950a3c_gpu
paper_ssp_200m_strong_v1,8,150,150.0,1140.0,auv_08,exceed_return_energy_reserve,consequential,DENY,DENY_HARD_EXPIRY,hard_expired,1140.0,PARTITIONED,False,True,True,False,not_low_risk,tr_cdd5f1950a3c_gpu
paper_ssp_200m_strong_v1,8,150,150.0,1140.0,auv_09,hold_station,low,DENY,DENY_FORBIDDEN,hard_expired,1140.0,PARTITIONED,False,True,True,False,A_hard_expiry_capsule_contraction,tr_cdd5f1950a3c_gpu
paper_ssp_200m_strong_v1,8,150,150.0,1140.0,auv_10,exceed_return_energy_reserve,consequential,DENY,DENY_HARD_EXPIRY,hard_expired,1140.0,PARTITIONED,False,True,True,False,not_low_risk,tr_cdd5f1950a3c_gpu
paper_ssp_200m_strong_v1,8,150,150.0,1140.0,auv_11,exceed_return_energy_reserve,consequential,DENY,DENY_HARD_EXPIRY,hard_expired,1140.0,PARTITIONED,False,True,True,False,not_low_risk,tr_cdd5f1950a3c_gpu
paper_ssp_200m_strong_v1,8,150,150.0,1160.0,auv_00,bounded_path_correction,low,DENY,DENY_FORBIDDEN,hard_expired,1160.0,PARTITIONED,False,True,True,False,A_hard_expiry_capsule_contraction,tr_cdd5f1950a3c_gpu
paper_ssp_200m_strong_v1,8,150,150.0,1160.0,auv_01,bounded_path_correction,low,DENY,DENY_FORBIDDEN,hard_expired,1160.0,PARTITIONED,False,True,True,False,A_hard_expiry_capsule_contraction,tr_cdd5f1950a3c_gpu
paper_ssp_200m_strong_v1,8,150,150.0,1160.0,auv_02,bounded_path_correction,low,DENY,DENY_FORBIDDEN,hard_expired,1160.0,PARTITIONED,False,True,True,False,A_hard_expiry_capsule_contraction,tr_cdd5f1950a3c_gpu
paper_ssp_200m_strong_v1,8,150,150.0,1160.0,auv_03,bounded_path_correction,low,DENY,DENY_FORBIDDEN,hard_expired,1160.0,PARTITIONED,False,True,True,False,A_hard_expiry_capsule_contraction,tr_cdd5f1950a3c_gpu
paper_ssp_200m_strong_v1,8,150,150.0,1160.0,auv_04,abandon_mandatory_inspection,consequential,DENY,DENY_HARD_EXPIRY,hard_expired,1160.0,PARTITIONED,False,True,True,False,not_low_risk,tr_cdd5f1950a3c_gpu
paper_ssp_200m_strong_v1,8,150,150.0,1160.0,auv_05,bounded_path_correction,low,DENY,DENY_FORBIDDEN,hard_expired,1160.0,PARTITIONED,False,True,True,False,A_hard_expiry_capsule_contraction,tr_cdd5f1950a3c_gpu
paper_ssp_200m_strong_v1,8,150,150.0,1160.0,auv_06,enter_exclusion_zone,consequential,DENY,DENY_HARD_EXPIRY,hard_expired,1160.0,PARTITIONED,False,True,True,False,not_low_risk,tr_cdd5f1950a3c_gpu
paper_ssp_200m_strong_v1,8,150,150.0,1160.0,auv_07,enter_exclusion_zone,consequential,DENY,DENY_HARD_EXPIRY,hard_expired,1160.0,PARTITIONED,False,True,True,False,not_low_risk,tr_cdd5f1950a3c_gpu
paper_ssp_200m_strong_v1,8,150,150.0,1160.0,auv_08,exceed_return_energy_reserve,consequential,DENY,DENY_HARD_EXPIRY,hard_expired,1160.0,PARTITIONED,False,True,True,False,not_low_risk,tr_cdd5f1950a3c_gpu
paper_ssp_200m_strong_v1,8,150,150.0,1160.0,auv_09,hold_station,low,DENY,DENY_FORBIDDEN,hard_expired,1160.0,PARTITIONED,False,True,True,False,A_hard_expiry_capsule_contraction,tr_cdd5f1950a3c_gpu
paper_ssp_200m_strong_v1,8,150,150.0,1160.0,auv_10,enter_exclusion_zone,consequential,DENY,DENY_HARD_EXPIRY,hard_expired,1160.0,PARTITIONED,False,True,True,False,not_low_risk,tr_cdd5f1950a3c_gpu
paper_ssp_200m_strong_v1,8,150,150.0,1160.0,auv_11,bounded_path_correction,low,DENY,DENY_FORBIDDEN,hard_expired,1160.0,PARTITIONED,False,True,True,False,A_hard_expiry_capsule_contraction,tr_cdd5f1950a3c_gpu
paper_ssp_200m_strong_v1,8,150,150.0,1180.0,auv_00,bounded_path_correction,low,DENY,DENY_FORBIDDEN,hard_expired,1180.0,PARTITIONED,False,True,True,False,A_hard_expiry_capsule_contraction,tr_cdd5f1950a3c_gpu
paper_ssp_200m_strong_v1,8,150,150.0,1180.0,auv_01,bounded_path_correction,low,DENY,DENY_FORBIDDEN,hard_expired,1180.0,PARTITIONED,False,True,True,False,A_hard_expiry_capsule_contraction,tr_cdd5f1950a3c_gpu
paper_ssp_200m_strong_v1,8,150,150.0,1180.0,auv_02,bounded_path_correction,low,DENY,DENY_FORBIDDEN,hard_expired,1180.0,PARTITIONED,False,True,True,False,A_hard_expiry_capsule_contraction,tr_cdd5f1950a3c_gpu
paper_ssp_200m_strong_v1,8,150,150.0,1180.0,auv_03,bounded_path_correction,low,DENY,DENY_FORBIDDEN,hard_expired,1180.0,PARTITIONED,False,True,True,False,A_hard_expiry_capsule_contraction,tr_cdd5f1950a3c_gpu
paper_ssp_200m_strong_v1,8,150,150.0,1180.0,auv_04,abandon_mandatory_inspection,consequential,DENY,DENY_HARD_EXPIRY,hard_expired,1180.0,PARTITIONED,False,True,True,False,not_low_risk,tr_cdd5f1950a3c_gpu
paper_ssp_200m_strong_v1,8,150,150.0,1180.0,auv_05,bounded_path_correction,low,DENY,DENY_FORBIDDEN,hard_expired,1180.0,PARTITIONED,False,True,True,False,A_hard_expiry_capsule_contraction,tr_cdd5f1950a3c_gpu
paper_ssp_200m_strong_v1,8,150,150.0,1180.0,auv_06,enter_exclusion_zone,consequential,DENY,DENY_HARD_EXPIRY,hard_expired,1180.0,PARTITIONED,False,True,True,False,not_low_risk,tr_cdd5f1950a3c_gpu
paper_ssp_200m_strong_v1,8,150,150.0,1180.0,auv_07,enter_exclusion_zone,consequential,DENY,DENY_HARD_EXPIRY,hard_expired,1180.0,PARTITIONED,False,True,True,False,not_low_risk,tr_cdd5f1950a3c_gpu
paper_ssp_200m_strong_v1,8,150,150.0,1180.0,auv_08,exceed_return_energy_reserve,consequential,DENY,DENY_HARD_EXPIRY,hard_expired,1180.0,PARTITIONED,False,True,True,False,not_low_risk,tr_cdd5f1950a3c_gpu
paper_ssp_200m_strong_v1,8,150,150.0,1180.0,auv_09,hold_station,low,DENY,DENY_FORBIDDEN,hard_expired,1180.0,PARTITIONED,False,True,True,False,A_hard_expiry_capsule_contraction,tr_cdd5f1950a3c_gpu
paper_ssp_200m_strong_v1,8,150,150.0,1180.0,auv_10,enter_exclusion_zone,consequential,DENY,DENY_HARD_EXPIRY,hard_expired,1180.0,PARTITIONED,False,True,True,False,not_low_risk,tr_cdd5f1950a3c_gpu
paper_ssp_200m_strong_v1,8,150,150.0,1180.0,auv_11,bounded_path_correction,low,DENY,DENY_FORBIDDEN,hard_expired,1180.0,PARTITIONED,False,True,True,False,A_hard_expiry_capsule_contraction,tr_cdd5f1950a3c_gpu
paper_ssp_200m_strong_v1,8,150,150.0,1200.0,auv_00,bounded_path_correction,low,DENY,DENY_FORBIDDEN,hard_expired,1200.0,PARTITIONED,False,True,True,False,A_hard_expiry_capsule_contraction,tr_cdd5f1950a3c_gpu
paper_ssp_200m_strong_v1,8,150,150.0,1200.0,auv_01,bounded_path_correction,low,DENY,DENY_FORBIDDEN,hard_expired,1200.0,PARTITIONED,False,True,True,False,A_hard_expiry_capsule_contraction,tr_cdd5f1950a3c_gpu
paper_ssp_200m_strong_v1,8,150,150.0,1200.0,auv_02,bounded_path_correction,low,DENY,DENY_FORBIDDEN,hard_expired,1200.0,PARTITIONED,False,True,True,False,A_hard_expiry_capsule_contraction,tr_cdd5f1950a3c_gpu
paper_ssp_200m_strong_v1,8,150,150.0,1200.0,auv_03,bounded_path_correction,low,DENY,DENY_FORBIDDEN,hard_expired,1200.0,PARTITIONED,False,True,True,False,A_hard_expiry_capsule_contraction,tr_cdd5f1950a3c_gpu
paper_ssp_200m_strong_v1,8,150,150.0,1200.0,auv_04,abandon_mandatory_inspection,consequential,DENY,DENY_HARD_EXPIRY,hard_expired,1200.0,PARTITIONED,False,True,True,False,not_low_risk,tr_cdd5f1950a3c_gpu
paper_ssp_200m_strong_v1,8,150,150.0,1200.0,auv_05,bounded_path_correction,low,DENY,DENY_FORBIDDEN,hard_expired,1200.0,PARTITIONED,False,True,True,False,A_hard_expiry_capsule_contraction,tr_cdd5f1950a3c_gpu
paper_ssp_200m_strong_v1,8,150,150.0,1200.0,auv_06,enter_exclusion_zone,consequential,DENY,DENY_HARD_EXPIRY,hard_expired,1200.0,PARTITIONED,False,True,True,False,not_low_risk,tr_cdd5f1950a3c_gpu
paper_ssp_200m_strong_v1,8,150,150.0,1200.0,auv_07,enter_exclusion_zone,consequential,DENY,DENY_HARD_EXPIRY,hard_expired,1200.0,PARTITIONED,False,True,True,False,not_low_risk,tr_cdd5f1950a3c_gpu
paper_ssp_200m_strong_v1,8,150,150.0,1200.0,auv_08,exceed_return_energy_reserve,consequential,DENY,DENY_HARD_EXPIRY,hard_expired,1200.0,PARTITIONED,False,True,True,False,not_low_risk,tr_cdd5f1950a3c_gpu
paper_ssp_200m_strong_v1,8,150,150.0,1200.0,auv_09,hold_station,low,DENY,DENY_FORBIDDEN,hard_expired,1200.0,PARTITIONED,False,True,True,False,A_hard_expiry_capsule_contraction,tr_cdd5f1950a3c_gpu
paper_ssp_200m_strong_v1,8,150,150.0,1200.0,auv_10,enter_exclusion_zone,consequential,DENY,DENY_HARD_EXPIRY,hard_expired,1200.0,PARTITIONED,False,True,True,False,not_low_risk,tr_cdd5f1950a3c_gpu
paper_ssp_200m_strong_v1,8,150,150.0,1200.0,auv_11,change_high_level_objective,consequential,DENY,DENY_HARD_EXPIRY,hard_expired,1200.0,PARTITIONED,False,True,True,False,not_low_risk,tr_cdd5f1950a3c_gpu
paper_ssp_200m_strong_v1,8,150,150.0,1220.0,auv_00,bounded_path_correction,low,DENY,DENY_FORBIDDEN,hard_expired,1220.0,PARTITIONED,False,True,True,False,A_hard_expiry_capsule_contraction,tr_cdd5f1950a3c_gpu
paper_ssp_200m_strong_v1,8,150,150.0,1220.0,auv_01,bounded_path_correction,low,DENY,DENY_FORBIDDEN,hard_expired,1220.0,PARTITIONED,False,True,True,False,A_hard_expiry_capsule_contraction,tr_cdd5f1950a3c_gpu
paper_ssp_200m_strong_v1,8,150,150.0,1220.0,auv_02,bounded_path_correction,low,DENY,DENY_FORBIDDEN,hard_expired,1220.0,PARTITIONED,False,True,True,False,A_hard_expiry_capsule_contraction,tr_cdd5f1950a3c_gpu
paper_ssp_200m_strong_v1,8,150,150.0,1220.0,auv_03,bounded_path_correction,low,DENY,DENY_FORBIDDEN,hard_expired,1220.0,PARTITIONED,False,True,True,False,A_hard_expiry_capsule_contraction,tr_cdd5f1950a3c_gpu
paper_ssp_200m_strong_v1,8,150,150.0,1220.0,auv_04,abandon_mandatory_inspection,consequential,DENY,DENY_HARD_EXPIRY,hard_expired,1220.0,PARTITIONED,False,True,True,False,not_low_risk,tr_cdd5f1950a3c_gpu
paper_ssp_200m_strong_v1,8,150,150.0,1220.0,auv_05,bounded_path_correction,low,DENY,DENY_FORBIDDEN,hard_expired,1220.0,PARTITIONED,False,True,True,False,A_hard_expiry_capsule_contraction,tr_cdd5f1950a3c_gpu
paper_ssp_200m_strong_v1,8,150,150.0,1220.0,auv_06,enter_exclusion_zone,consequential,DENY,DENY_HARD_EXPIRY,hard_expired,1220.0,PARTITIONED,False,True,True,False,not_low_risk,tr_cdd5f1950a3c_gpu
paper_ssp_200m_strong_v1,8,150,150.0,1220.0,auv_07,enter_exclusion_zone,consequential,DENY,DENY_HARD_EXPIRY,hard_expired,1220.0,PARTITIONED,False,True,True,False,not_low_risk,tr_cdd5f1950a3c_gpu
paper_ssp_200m_strong_v1,8,150,150.0,1220.0,auv_08,exceed_return_energy_reserve,consequential,DENY,DENY_HARD_EXPIRY,hard_expired,1220.0,PARTITIONED,False,True,True,False,not_low_risk,tr_cdd5f1950a3c_gpu
paper_ssp_200m_strong_v1,8,150,150.0,1220.0,auv_09,hold_station,low,DENY,DENY_FORBIDDEN,hard_expired,1220.0,PARTITIONED,False,True,True,False,A_hard_expiry_capsule_contraction,tr_cdd5f1950a3c_gpu
paper_ssp_200m_strong_v1,8,150,150.0,1220.0,auv_10,enter_exclusion_zone,consequential,DENY,DENY_HARD_EXPIRY,hard_expired,1220.0,PARTITIONED,False,True,True,False,not_low_risk,tr_cdd5f1950a3c_gpu
paper_ssp_200m_strong_v1,8,150,150.0,1220.0,auv_11,bounded_path_correction,low,DENY,DENY_FORBIDDEN,hard_expired,1220.0,PARTITIONED,False,True,True,False,A_hard_expiry_capsule_contraction,tr_cdd5f1950a3c_gpu
paper_ssp_200m_strong_v1,8,150,150.0,1240.0,auv_00,bounded_path_correction,low,DENY,DENY_FORBIDDEN,hard_expired,1240.0,PARTITIONED,False,True,True,False,A_hard_expiry_capsule_contraction,tr_cdd5f1950a3c_gpu
paper_ssp_200m_strong_v1,8,150,150.0,1240.0,auv_01,bounded_path_correction,low,DENY,DENY_FORBIDDEN,hard_expired,1240.0,PARTITIONED,False,True,True,False,A_hard_expiry_capsule_contraction,tr_cdd5f1950a3c_gpu
paper_ssp_200m_strong_v1,8,150,150.0,1240.0,auv_02,bounded_path_correction,low,DENY,DENY_FORBIDDEN,hard_expired,1240.0,PARTITIONED,False,True,True,False,A_hard_expiry_capsule_contraction,tr_cdd5f1950a3c_gpu
paper_ssp_200m_strong_v1,8,150,150.0,1240.0,auv_03,bounded_path_correction,low,DENY,DENY_FORBIDDEN,hard_expired,1240.0,PARTITIONED,False,True,True,False,A_hard_expiry_capsule_contraction,tr_cdd5f1950a3c_gpu
paper_ssp_200m_strong_v1,8,150,150.0,1240.0,auv_04,abandon_mandatory_inspection,consequential,DENY,DENY_HARD_EXPIRY,hard_expired,1240.0,PARTITIONED,False,True,True,False,not_low_risk,tr_cdd5f1950a3c_gpu
paper_ssp_200m_strong_v1,8,150,150.0,1240.0,auv_05,bounded_path_correction,low,DENY,DENY_FORBIDDEN,hard_expired,1240.0,PARTITIONED,False,True,True,False,A_hard_expiry_capsule_contraction,tr_cdd5f1950a3c_gpu
paper_ssp_200m_strong_v1,8,150,150.0,1240.0,auv_06,enter_exclusion_zone,consequential,DENY,DENY_HARD_EXPIRY,hard_expired,1240.0,PARTITIONED,False,True,True,False,not_low_risk,tr_cdd5f1950a3c_gpu
paper_ssp_200m_strong_v1,8,150,150.0,1240.0,auv_07,enter_exclusion_zone,consequential,DENY,DENY_HARD_EXPIRY,hard_expired,1240.0,PARTITIONED,False,True,True,False,not_low_risk,tr_cdd5f1950a3c_gpu
paper_ssp_200m_strong_v1,8,150,150.0,1240.0,auv_08,exceed_return_energy_reserve,consequential,DENY,DENY_HARD_EXPIRY,hard_expired,1240.0,PARTITIONED,False,True,True,False,not_low_risk,tr_cdd5f1950a3c_gpu
paper_ssp_200m_strong_v1,8,150,150.0,1240.0,auv_09,hold_station,low,DENY,DENY_FORBIDDEN,hard_expired,1240.0,PARTITIONED,False,True,True,False,A_hard_expiry_capsule_contraction,tr_cdd5f1950a3c_gpu
paper_ssp_200m_strong_v1,8,150,150.0,1240.0,auv_10,enter_exclusion_zone,consequential,DENY,DENY_HARD_EXPIRY,hard_expired,1240.0,PARTITIONED,False,True,True,False,not_low_risk,tr_cdd5f1950a3c_gpu
paper_ssp_200m_strong_v1,8,150,150.0,1240.0,auv_11,bounded_path_correction,low,DENY,DENY_FORBIDDEN,hard_expired,1240.0,PARTITIONED,False,True,True,False,A_hard_expiry_capsule_contraction,tr_cdd5f1950a3c_gpu
paper_ssp_200m_strong_v1,8,150,150.0,1260.0,auv_00,bounded_path_correction,low,DENY,DENY_FORBIDDEN,hard_expired,1260.0,PARTITIONED,False,True,True,False,A_hard_expiry_capsule_contraction,tr_cdd5f1950a3c_gpu
paper_ssp_200m_strong_v1,8,150,150.0,1260.0,auv_01,bounded_path_correction,low,DENY,DENY_FORBIDDEN,hard_expired,1260.0,PARTITIONED,False,True,True,False,A_hard_expiry_capsule_contraction,tr_cdd5f1950a3c_gpu
paper_ssp_200m_strong_v1,8,150,150.0,1260.0,auv_02,bounded_path_correction,low,DENY,DENY_FORBIDDEN,hard_expired,1260.0,PARTITIONED,False,True,True,False,A_hard_expiry_capsule_contraction,tr_cdd5f1950a3c_gpu
paper_ssp_200m_strong_v1,8,150,150.0,1260.0,auv_03,bounded_path_correction,low,DENY,DENY_FORBIDDEN,hard_expired,1260.0,PARTITIONED,False,True,True,False,A_hard_expiry_capsule_contraction,tr_cdd5f1950a3c_gpu
paper_ssp_200m_strong_v1,8,150,150.0,1260.0,auv_04,abandon_mandatory_inspection,consequential,DENY,DENY_HARD_EXPIRY,hard_expired,1260.0,PARTITIONED,False,True,True,False,not_low_risk,tr_cdd5f1950a3c_gpu
paper_ssp_200m_strong_v1,8,150,150.0,1260.0,auv_05,bounded_path_correction,low,DENY,DENY_FORBIDDEN,hard_expired,1260.0,PARTITIONED,False,True,True,False,A_hard_expiry_capsule_contraction,tr_cdd5f1950a3c_gpu
paper_ssp_200m_strong_v1,8,150,150.0,1260.0,auv_06,enter_exclusion_zone,consequential,DENY,DENY_HARD_EXPIRY,hard_expired,1260.0,PARTITIONED,False,True,True,False,not_low_risk,tr_cdd5f1950a3c_gpu
paper_ssp_200m_strong_v1,8,150,150.0,1260.0,auv_07,enter_exclusion_zone,consequential,DENY,DENY_HARD_EXPIRY,hard_expired,1260.0,PARTITIONED,False,True,True,False,not_low_risk,tr_cdd5f1950a3c_gpu
paper_ssp_200m_strong_v1,8,150,150.0,1260.0,auv_08,exceed_return_energy_reserve,consequential,DENY,DENY_HARD_EXPIRY,hard_expired,1260.0,PARTITIONED,False,True,True,False,not_low_risk,tr_cdd5f1950a3c_gpu
paper_ssp_200m_strong_v1,8,150,150.0,1260.0,auv_09,hold_station,low,DENY,DENY_FORBIDDEN,hard_expired,1260.0,PARTITIONED,False,True,True,False,A_hard_expiry_capsule_contraction,tr_cdd5f1950a3c_gpu
paper_ssp_200m_strong_v1,8,150,150.0,1260.0,auv_10,enter_exclusion_zone,consequential,DENY,DENY_HARD_EXPIRY,hard_expired,1260.0,PARTITIONED,False,True,True,False,not_low_risk,tr_cdd5f1950a3c_gpu
paper_ssp_200m_strong_v1,8,150,150.0,1260.0,auv_11,bounded_path_correction,low,DENY,DENY_FORBIDDEN,hard_expired,1260.0,PARTITIONED,False,True,True,False,A_hard_expiry_capsule_contraction,tr_cdd5f1950a3c_gpu
paper_ssp_200m_strong_v1,8,150,150.0,1280.0,auv_00,bounded_path_correction,low,DENY,DENY_FORBIDDEN,hard_expired,1280.0,PARTITIONED,False,True,True,False,A_hard_expiry_capsule_contraction,tr_cdd5f1950a3c_gpu
paper_ssp_200m_strong_v1,8,150,150.0,1280.0,auv_01,bounded_path_correction,low,DENY,DENY_FORBIDDEN,hard_expired,1280.0,PARTITIONED,False,True,True,False,A_hard_expiry_capsule_contraction,tr_cdd5f1950a3c_gpu
paper_ssp_200m_strong_v1,8,150,150.0,1280.0,auv_02,bounded_path_correction,low,DENY,DENY_FORBIDDEN,hard_expired,1280.0,PARTITIONED,False,True,True,False,A_hard_expiry_capsule_contraction,tr_cdd5f1950a3c_gpu
paper_ssp_200m_strong_v1,8,150,150.0,1280.0,auv_03,bounded_path_correction,low,DENY,DENY_FORBIDDEN,hard_expired,1280.0,PARTITIONED,False,True,True,False,A_hard_expiry_capsule_contraction,tr_cdd5f1950a3c_gpu
paper_ssp_200m_strong_v1,8,150,150.0,1280.0,auv_04,abandon_mandatory_inspection,consequential,DENY,DENY_HARD_EXPIRY,hard_expired,1280.0,PARTITIONED,False,True,True,False,not_low_risk,tr_cdd5f1950a3c_gpu
paper_ssp_200m_strong_v1,8,150,150.0,1280.0,auv_05,bounded_path_correction,low,DENY,DENY_FORBIDDEN,hard_expired,1280.0,PARTITIONED,False,True,True,False,A_hard_expiry_capsule_contraction,tr_cdd5f1950a3c_gpu
paper_ssp_200m_strong_v1,8,150,150.0,1280.0,auv_06,enter_exclusion_zone,consequential,DENY,DENY_HARD_EXPIRY,hard_expired,1280.0,PARTITIONED,False,True,True,False,not_low_risk,tr_cdd5f1950a3c_gpu
paper_ssp_200m_strong_v1,8,150,150.0,1280.0,auv_07,enter_exclusion_zone,consequential,DENY,DENY_HARD_EXPIRY,hard_expired,1280.0,PARTITIONED,False,True,True,False,not_low_risk,tr_cdd5f1950a3c_gpu
paper_ssp_200m_strong_v1,8,150,150.0,1280.0,auv_08,exceed_return_energy_reserve,consequential,DENY,DENY_HARD_EXPIRY,hard_expired,1280.0,PARTITIONED,False,True,True,False,not_low_risk,tr_cdd5f1950a3c_gpu
paper_ssp_200m_strong_v1,8,150,150.0,1280.0,auv_09,hold_station,low,DENY,DENY_FORBIDDEN,hard_expired,1280.0,PARTITIONED,False,True,True,False,A_hard_expiry_capsule_contraction,tr_cdd5f1950a3c_gpu
paper_ssp_200m_strong_v1,8,150,150.0,1280.0,auv_10,enter_exclusion_zone,consequential,DENY,DENY_HARD_EXPIRY,hard_expired,1280.0,PARTITIONED,False,True,True,False,not_low_risk,tr_cdd5f1950a3c_gpu
paper_ssp_200m_strong_v1,8,150,150.0,1280.0,auv_11,change_high_level_objective,consequential,DENY,DENY_HARD_EXPIRY,hard_expired,1280.0,PARTITIONED,False,True,True,False,not_low_risk,tr_cdd5f1950a3c_gpu
paper_ssp_200m_strong_v1,8,150,150.0,1300.0,auv_00,bounded_path_correction,low,DENY,DENY_FORBIDDEN,hard_expired,1300.0,PARTITIONED,False,True,True,False,A_hard_expiry_capsule_contraction,tr_cdd5f1950a3c_gpu
paper_ssp_200m_strong_v1,8,150,150.0,1300.0,auv_01,bounded_path_correction,low,DENY,DENY_FORBIDDEN,hard_expired,1300.0,PARTITIONED,False,True,True,False,A_hard_expiry_capsule_contraction,tr_cdd5f1950a3c_gpu
paper_ssp_200m_strong_v1,8,150,150.0,1300.0,auv_02,bounded_path_correction,low,DENY,DENY_FORBIDDEN,hard_expired,1300.0,PARTITIONED,False,True,True,False,A_hard_expiry_capsule_contraction,tr_cdd5f1950a3c_gpu
paper_ssp_200m_strong_v1,8,150,150.0,1300.0,auv_03,bounded_path_correction,low,DENY,DENY_FORBIDDEN,hard_expired,1300.0,PARTITIONED,False,True,True,False,A_hard_expiry_capsule_contraction,tr_cdd5f1950a3c_gpu
paper_ssp_200m_strong_v1,8,150,150.0,1300.0,auv_04,abandon_mandatory_inspection,consequential,DENY,DENY_HARD_EXPIRY,hard_expired,1300.0,PARTITIONED,False,True,True,False,not_low_risk,tr_cdd5f1950a3c_gpu
paper_ssp_200m_strong_v1,8,150,150.0,1300.0,auv_05,bounded_path_correction,low,DENY,DENY_FORBIDDEN,hard_expired,1300.0,PARTITIONED,False,True,True,False,A_hard_expiry_capsule_contraction,tr_cdd5f1950a3c_gpu
paper_ssp_200m_strong_v1,8,150,150.0,1300.0,auv_06,enter_exclusion_zone,consequential,DENY,DENY_HARD_EXPIRY,hard_expired,1300.0,PARTITIONED,False,True,True,False,not_low_risk,tr_cdd5f1950a3c_gpu
paper_ssp_200m_strong_v1,8,150,150.0,1300.0,auv_07,enter_exclusion_zone,consequential,DENY,DENY_HARD_EXPIRY,hard_expired,1300.0,PARTITIONED,False,True,True,False,not_low_risk,tr_cdd5f1950a3c_gpu
paper_ssp_200m_strong_v1,8,150,150.0,1300.0,auv_08,exceed_return_energy_reserve,consequential,DENY,DENY_HARD_EXPIRY,hard_expired,1300.0,PARTITIONED,False,True,True,False,not_low_risk,tr_cdd5f1950a3c_gpu
paper_ssp_200m_strong_v1,8,150,150.0,1300.0,auv_09,hold_station,low,DENY,DENY_FORBIDDEN,hard_expired,1300.0,PARTITIONED,False,True,True,False,A_hard_expiry_capsule_contraction,tr_cdd5f1950a3c_gpu
paper_ssp_200m_strong_v1,8,150,150.0,1300.0,auv_10,enter_exclusion_zone,consequential,DENY,DENY_HARD_EXPIRY,hard_expired,1300.0,PARTITIONED,False,True,True,False,not_low_risk,tr_cdd5f1950a3c_gpu
paper_ssp_200m_strong_v1,8,150,150.0,1300.0,auv_11,bounded_path_correction,low,DENY,DENY_FORBIDDEN,hard_expired,1300.0,PARTITIONED,False,True,True,False,A_hard_expiry_capsule_contraction,tr_cdd5f1950a3c_gpu
paper_ssp_200m_strong_v1,8,150,150.0,1320.0,auv_00,bounded_path_correction,low,DENY,DENY_FORBIDDEN,hard_expired,1320.0,PARTITIONED,False,True,True,False,A_hard_expiry_capsule_contraction,tr_cdd5f1950a3c_gpu
paper_ssp_200m_strong_v1,8,150,150.0,1320.0,auv_01,bounded_path_correction,low,DENY,DENY_FORBIDDEN,hard_expired,1320.0,PARTITIONED,False,True,True,False,A_hard_expiry_capsule_contraction,tr_cdd5f1950a3c_gpu
paper_ssp_200m_strong_v1,8,150,150.0,1320.0,auv_02,bounded_path_correction,low,DENY,DENY_FORBIDDEN,hard_expired,1320.0,PARTITIONED,False,True,True,False,A_hard_expiry_capsule_contraction,tr_cdd5f1950a3c_gpu
paper_ssp_200m_strong_v1,8,150,150.0,1320.0,auv_03,bounded_path_correction,low,DENY,DENY_FORBIDDEN,hard_expired,1320.0,PARTITIONED,False,True,True,False,A_hard_expiry_capsule_contraction,tr_cdd5f1950a3c_gpu
paper_ssp_200m_strong_v1,8,150,150.0,1320.0,auv_04,abandon_mandatory_inspection,consequential,DENY,DENY_HARD_EXPIRY,hard_expired,1320.0,PARTITIONED,False,True,True,False,not_low_risk,tr_cdd5f1950a3c_gpu
paper_ssp_200m_strong_v1,8,150,150.0,1320.0,auv_05,bounded_path_correction,low,DENY,DENY_FORBIDDEN,hard_expired,1320.0,PARTITIONED,False,True,True,False,A_hard_expiry_capsule_contraction,tr_cdd5f1950a3c_gpu
paper_ssp_200m_strong_v1,8,150,150.0,1320.0,auv_06,enter_exclusion_zone,consequential,DENY,DENY_HARD_EXPIRY,hard_expired,1320.0,PARTITIONED,False,True,True,False,not_low_risk,tr_cdd5f1950a3c_gpu
paper_ssp_200m_strong_v1,8,150,150.0,1320.0,auv_07,enter_exclusion_zone,consequential,DENY,DENY_HARD_EXPIRY,hard_expired,1320.0,PARTITIONED,False,True,True,False,not_low_risk,tr_cdd5f1950a3c_gpu
paper_ssp_200m_strong_v1,8,150,150.0,1320.0,auv_08,exceed_return_energy_reserve,consequential,DENY,DENY_HARD_EXPIRY,hard_expired,1320.0,PARTITIONED,False,True,True,False,not_low_risk,tr_cdd5f1950a3c_gpu
paper_ssp_200m_strong_v1,8,150,150.0,1320.0,auv_09,hold_station,low,DENY,DENY_FORBIDDEN,hard_expired,1320.0,PARTITIONED,False,True,True,False,A_hard_expiry_capsule_contraction,tr_cdd5f1950a3c_gpu
paper_ssp_200m_strong_v1,8,150,150.0,1320.0,auv_10,enter_exclusion_zone,consequential,DENY,DENY_HARD_EXPIRY,hard_expired,1320.0,PARTITIONED,False,True,True,False,not_low_risk,tr_cdd5f1950a3c_gpu
paper_ssp_200m_strong_v1,8,150,150.0,1320.0,auv_11,bounded_path_correction,low,DENY,DENY_FORBIDDEN,hard_expired,1320.0,PARTITIONED,False,True,True,False,A_hard_expiry_capsule_contraction,tr_cdd5f1950a3c_gpu
paper_ssp_200m_strong_v1,8,150,150.0,1340.0,auv_00,bounded_path_correction,low,DENY,DENY_FORBIDDEN,hard_expired,1340.0,PARTITIONED,False,True,True,False,A_hard_expiry_capsule_contraction,tr_cdd5f1950a3c_gpu
paper_ssp_200m_strong_v1,8,150,150.0,1340.0,auv_01,bounded_path_correction,low,DENY,DENY_FORBIDDEN,hard_expired,1340.0,PARTITIONED,False,True,True,False,A_hard_expiry_capsule_contraction,tr_cdd5f1950a3c_gpu
paper_ssp_200m_strong_v1,8,150,150.0,1340.0,auv_02,bounded_path_correction,low,DENY,DENY_FORBIDDEN,hard_expired,1340.0,PARTITIONED,False,True,True,False,A_hard_expiry_capsule_contraction,tr_cdd5f1950a3c_gpu
paper_ssp_200m_strong_v1,8,150,150.0,1340.0,auv_03,bounded_path_correction,low,DENY,DENY_FORBIDDEN,hard_expired,1340.0,PARTITIONED,False,True,True,False,A_hard_expiry_capsule_contraction,tr_cdd5f1950a3c_gpu
paper_ssp_200m_strong_v1,8,150,150.0,1340.0,auv_04,abandon_mandatory_inspection,consequential,DENY,DENY_HARD_EXPIRY,hard_expired,1340.0,PARTITIONED,False,True,True,False,not_low_risk,tr_cdd5f1950a3c_gpu
paper_ssp_200m_strong_v1,8,150,150.0,1340.0,auv_05,bounded_path_correction,low,DENY,DENY_FORBIDDEN,hard_expired,1340.0,PARTITIONED,False,True,True,False,A_hard_expiry_capsule_contraction,tr_cdd5f1950a3c_gpu
paper_ssp_200m_strong_v1,8,150,150.0,1340.0,auv_06,enter_exclusion_zone,consequential,DENY,DENY_HARD_EXPIRY,hard_expired,1340.0,PARTITIONED,False,True,True,False,not_low_risk,tr_cdd5f1950a3c_gpu
paper_ssp_200m_strong_v1,8,150,150.0,1340.0,auv_07,enter_exclusion_zone,consequential,DENY,DENY_HARD_EXPIRY,hard_expired,1340.0,PARTITIONED,False,True,True,False,not_low_risk,tr_cdd5f1950a3c_gpu
paper_ssp_200m_strong_v1,8,150,150.0,1340.0,auv_08,exceed_return_energy_reserve,consequential,DENY,DENY_HARD_EXPIRY,hard_expired,1340.0,PARTITIONED,False,True,True,False,not_low_risk,tr_cdd5f1950a3c_gpu
paper_ssp_200m_strong_v1,8,150,150.0,1340.0,auv_09,hold_station,low,DENY,DENY_FORBIDDEN,hard_expired,1340.0,PARTITIONED,False,True,True,False,A_hard_expiry_capsule_contraction,tr_cdd5f1950a3c_gpu
paper_ssp_200m_strong_v1,8,150,150.0,1340.0,auv_10,enter_exclusion_zone,consequential,DENY,DENY_HARD_EXPIRY,hard_expired,1340.0,PARTITIONED,False,True,True,False,not_low_risk,tr_cdd5f1950a3c_gpu
paper_ssp_200m_strong_v1,8,150,150.0,1340.0,auv_11,bounded_path_correction,low,DENY,DENY_FORBIDDEN,hard_expired,1340.0,PARTITIONED,False,True,True,False,A_hard_expiry_capsule_contraction,tr_cdd5f1950a3c_gpu
paper_ssp_200m_strong_v1,8,150,150.0,1360.0,auv_00,bounded_path_correction,low,DENY,DENY_FORBIDDEN,hard_expired,1360.0,PARTITIONED,False,True,True,False,A_hard_expiry_capsule_contraction,tr_cdd5f1950a3c_gpu
paper_ssp_200m_strong_v1,8,150,150.0,1360.0,auv_01,bounded_path_correction,low,DENY,DENY_FORBIDDEN,hard_expired,1360.0,PARTITIONED,False,True,True,False,A_hard_expiry_capsule_contraction,tr_cdd5f1950a3c_gpu
paper_ssp_200m_strong_v1,8,150,150.0,1360.0,auv_02,bounded_path_correction,low,DENY,DENY_FORBIDDEN,hard_expired,1360.0,PARTITIONED,False,True,True,False,A_hard_expiry_capsule_contraction,tr_cdd5f1950a3c_gpu
paper_ssp_200m_strong_v1,8,150,150.0,1360.0,auv_03,bounded_path_correction,low,DENY,DENY_FORBIDDEN,hard_expired,1360.0,PARTITIONED,False,True,True,False,A_hard_expiry_capsule_contraction,tr_cdd5f1950a3c_gpu
paper_ssp_200m_strong_v1,8,150,150.0,1360.0,auv_04,abandon_mandatory_inspection,consequential,DENY,DENY_HARD_EXPIRY,hard_expired,1360.0,PARTITIONED,False,True,True,False,not_low_risk,tr_cdd5f1950a3c_gpu
paper_ssp_200m_strong_v1,8,150,150.0,1360.0,auv_05,bounded_path_correction,low,DENY,DENY_FORBIDDEN,hard_expired,1360.0,PARTITIONED,False,True,True,False,A_hard_expiry_capsule_contraction,tr_cdd5f1950a3c_gpu
paper_ssp_200m_strong_v1,8,150,150.0,1360.0,auv_06,enter_exclusion_zone,consequential,DENY,DENY_HARD_EXPIRY,hard_expired,1360.0,PARTITIONED,False,True,True,False,not_low_risk,tr_cdd5f1950a3c_gpu
paper_ssp_200m_strong_v1,8,150,150.0,1360.0,auv_07,enter_exclusion_zone,consequential,DENY,DENY_HARD_EXPIRY,hard_expired,1360.0,PARTITIONED,False,True,True,False,not_low_risk,tr_cdd5f1950a3c_gpu
paper_ssp_200m_strong_v1,8,150,150.0,1360.0,auv_08,exceed_return_energy_reserve,consequential,DENY,DENY_HARD_EXPIRY,hard_expired,1360.0,PARTITIONED,False,True,True,False,not_low_risk,tr_cdd5f1950a3c_gpu
paper_ssp_200m_strong_v1,8,150,150.0,1360.0,auv_09,hold_station,low,DENY,DENY_FORBIDDEN,hard_expired,1360.0,PARTITIONED,False,True,True,False,A_hard_expiry_capsule_contraction,tr_cdd5f1950a3c_gpu
paper_ssp_200m_strong_v1,8,150,150.0,1360.0,auv_10,enter_exclusion_zone,consequential,DENY,DENY_HARD_EXPIRY,hard_expired,1360.0,PARTITIONED,False,True,True,False,not_low_risk,tr_cdd5f1950a3c_gpu
paper_ssp_200m_strong_v1,8,150,150.0,1360.0,auv_11,change_high_level_objective,consequential,DENY,DENY_HARD_EXPIRY,hard_expired,1360.0,PARTITIONED,False,True,True,False,not_low_risk,tr_cdd5f1950a3c_gpu
paper_ssp_200m_strong_v1,8,150,150.0,1380.0,auv_00,bounded_path_correction,low,DENY,DENY_FORBIDDEN,hard_expired,1380.0,PARTITIONED,False,True,True,False,A_hard_expiry_capsule_contraction,tr_cdd5f1950a3c_gpu
paper_ssp_200m_strong_v1,8,150,150.0,1380.0,auv_01,bounded_path_correction,low,DENY,DENY_FORBIDDEN,hard_expired,1380.0,PARTITIONED,False,True,True,False,A_hard_expiry_capsule_contraction,tr_cdd5f1950a3c_gpu
paper_ssp_200m_strong_v1,8,150,150.0,1380.0,auv_02,bounded_path_correction,low,DENY,DENY_FORBIDDEN,hard_expired,1380.0,PARTITIONED,False,True,True,False,A_hard_expiry_capsule_contraction,tr_cdd5f1950a3c_gpu
paper_ssp_200m_strong_v1,8,150,150.0,1380.0,auv_03,bounded_path_correction,low,DENY,DENY_FORBIDDEN,hard_expired,1380.0,PARTITIONED,False,True,True,False,A_hard_expiry_capsule_contraction,tr_cdd5f1950a3c_gpu
paper_ssp_200m_strong_v1,8,150,150.0,1380.0,auv_04,abandon_mandatory_inspection,consequential,DENY,DENY_HARD_EXPIRY,hard_expired,1380.0,PARTITIONED,False,True,True,False,not_low_risk,tr_cdd5f1950a3c_gpu
paper_ssp_200m_strong_v1,8,150,150.0,1380.0,auv_05,bounded_path_correction,low,DENY,DENY_FORBIDDEN,hard_expired,1380.0,PARTITIONED,False,True,True,False,A_hard_expiry_capsule_contraction,tr_cdd5f1950a3c_gpu
paper_ssp_200m_strong_v1,8,150,150.0,1380.0,auv_06,enter_exclusion_zone,consequential,DENY,DENY_HARD_EXPIRY,hard_expired,1380.0,PARTITIONED,False,True,True,False,not_low_risk,tr_cdd5f1950a3c_gpu
paper_ssp_200m_strong_v1,8,150,150.0,1380.0,auv_07,enter_exclusion_zone,consequential,DENY,DENY_HARD_EXPIRY,hard_expired,1380.0,PARTITIONED,False,True,True,False,not_low_risk,tr_cdd5f1950a3c_gpu
paper_ssp_200m_strong_v1,8,150,150.0,1380.0,auv_08,exceed_return_energy_reserve,consequential,DENY,DENY_HARD_EXPIRY,hard_expired,1380.0,PARTITIONED,False,True,True,False,not_low_risk,tr_cdd5f1950a3c_gpu
paper_ssp_200m_strong_v1,8,150,150.0,1380.0,auv_09,hold_station,low,DENY,DENY_FORBIDDEN,hard_expired,1380.0,PARTITIONED,False,True,True,False,A_hard_expiry_capsule_contraction,tr_cdd5f1950a3c_gpu
paper_ssp_200m_strong_v1,8,150,150.0,1380.0,auv_10,enter_exclusion_zone,consequential,DENY,DENY_HARD_EXPIRY,hard_expired,1380.0,PARTITIONED,False,True,True,False,not_low_risk,tr_cdd5f1950a3c_gpu
paper_ssp_200m_strong_v1,8,150,150.0,1380.0,auv_11,bounded_path_correction,low,DENY,DENY_FORBIDDEN,hard_expired,1380.0,PARTITIONED,False,True,True,False,A_hard_expiry_capsule_contraction,tr_cdd5f1950a3c_gpu
paper_ssp_200m_strong_v1,8,300,300.0,900.0,auv_00,bounded_path_correction,low,DENY,DENY_FORBIDDEN,hard_expired,900.0,PARTITIONED,False,True,True,False,A_hard_expiry_capsule_contraction,tr_cdd5f1950a3c_gpu
paper_ssp_200m_strong_v1,8,300,300.0,900.0,auv_01,bounded_path_correction,low,DENY,DENY_FORBIDDEN,hard_expired,900.0,PARTITIONED,False,True,True,False,A_hard_expiry_capsule_contraction,tr_cdd5f1950a3c_gpu
paper_ssp_200m_strong_v1,8,300,300.0,900.0,auv_02,bounded_path_correction,low,DENY,DENY_FORBIDDEN,hard_expired,900.0,PARTITIONED,False,True,True,False,A_hard_expiry_capsule_contraction,tr_cdd5f1950a3c_gpu
paper_ssp_200m_strong_v1,8,300,300.0,900.0,auv_03,bounded_path_correction,low,DENY,DENY_FORBIDDEN,hard_expired,900.0,PARTITIONED,False,True,True,False,A_hard_expiry_capsule_contraction,tr_cdd5f1950a3c_gpu
paper_ssp_200m_strong_v1,8,300,300.0,900.0,auv_04,abandon_mandatory_inspection,consequential,DENY,DENY_HARD_EXPIRY,hard_expired,900.0,PARTITIONED,False,True,True,False,not_low_risk,tr_cdd5f1950a3c_gpu
paper_ssp_200m_strong_v1,8,300,300.0,900.0,auv_05,bounded_path_correction,low,DENY,DENY_FORBIDDEN,hard_expired,900.0,PARTITIONED,False,True,True,False,A_hard_expiry_capsule_contraction,tr_cdd5f1950a3c_gpu
paper_ssp_200m_strong_v1,8,300,300.0,900.0,auv_06,enter_exclusion_zone,consequential,DENY,DENY_HARD_EXPIRY,hard_expired,900.0,PARTITIONED,False,True,True,False,not_low_risk,tr_cdd5f1950a3c_gpu
paper_ssp_200m_strong_v1,8,300,300.0,900.0,auv_07,enter_exclusion_zone,consequential,DENY,DENY_HARD_EXPIRY,hard_expired,900.0,PARTITIONED,False,True,True,False,not_low_risk,tr_cdd5f1950a3c_gpu
paper_ssp_200m_strong_v1,8,300,300.0,900.0,auv_08,exceed_return_energy_reserve,consequential,DENY,DENY_HARD_EXPIRY,hard_expired,900.0,PARTITIONED,False,True,True,False,not_low_risk,tr_cdd5f1950a3c_gpu
paper_ssp_200m_strong_v1,8,300,300.0,900.0,auv_09,hold_station,low,DENY,DENY_FORBIDDEN,hard_expired,900.0,PARTITIONED,False,True,True,False,A_hard_expiry_capsule_contraction,tr_cdd5f1950a3c_gpu
paper_ssp_200m_strong_v1,8,300,300.0,900.0,auv_10,enter_exclusion_zone,consequential,DENY,DENY_HARD_EXPIRY,hard_expired,900.0,PARTITIONED,False,True,True,False,not_low_risk,tr_cdd5f1950a3c_gpu
paper_ssp_200m_strong_v1,8,300,300.0,900.0,auv_11,bounded_path_correction,low,DENY,DENY_FORBIDDEN,hard_expired,900.0,PARTITIONED,False,True,True,False,A_hard_expiry_capsule_contraction,tr_cdd5f1950a3c_gpu
paper_ssp_200m_strong_v1,8,300,300.0,920.0,auv_00,bounded_path_correction,low,DENY,DENY_FORBIDDEN,hard_expired,920.0,PARTITIONED,False,True,True,False,A_hard_expiry_capsule_contraction,tr_cdd5f1950a3c_gpu
paper_ssp_200m_strong_v1,8,300,300.0,920.0,auv_01,bounded_path_correction,low,DENY,DENY_FORBIDDEN,hard_expired,920.0,PARTITIONED,False,True,True,False,A_hard_expiry_capsule_contraction,tr_cdd5f1950a3c_gpu
paper_ssp_200m_strong_v1,8,300,300.0,920.0,auv_02,bounded_path_correction,low,DENY,DENY_FORBIDDEN,hard_expired,920.0,PARTITIONED,False,True,True,False,A_hard_expiry_capsule_contraction,tr_cdd5f1950a3c_gpu
paper_ssp_200m_strong_v1,8,300,300.0,920.0,auv_03,bounded_path_correction,low,DENY,DENY_FORBIDDEN,hard_expired,920.0,PARTITIONED,False,True,True,False,A_hard_expiry_capsule_contraction,tr_cdd5f1950a3c_gpu
paper_ssp_200m_strong_v1,8,300,300.0,920.0,auv_04,abandon_mandatory_inspection,consequential,DENY,DENY_HARD_EXPIRY,hard_expired,920.0,PARTITIONED,False,True,True,False,not_low_risk,tr_cdd5f1950a3c_gpu
paper_ssp_200m_strong_v1,8,300,300.0,920.0,auv_05,bounded_path_correction,low,DENY,DENY_FORBIDDEN,hard_expired,920.0,PARTITIONED,False,True,True,False,A_hard_expiry_capsule_contraction,tr_cdd5f1950a3c_gpu
paper_ssp_200m_strong_v1,8,300,300.0,920.0,auv_06,enter_exclusion_zone,consequential,DENY,DENY_HARD_EXPIRY,hard_expired,920.0,PARTITIONED,False,True,True,False,not_low_risk,tr_cdd5f1950a3c_gpu
paper_ssp_200m_strong_v1,8,300,300.0,920.0,auv_07,enter_exclusion_zone,consequential,DENY,DENY_HARD_EXPIRY,hard_expired,920.0,PARTITIONED,False,True,True,False,not_low_risk,tr_cdd5f1950a3c_gpu
paper_ssp_200m_strong_v1,8,300,300.0,920.0,auv_08,exceed_return_energy_reserve,consequential,DENY,DENY_HARD_EXPIRY,hard_expired,920.0,PARTITIONED,False,True,True,False,not_low_risk,tr_cdd5f1950a3c_gpu
paper_ssp_200m_strong_v1,8,300,300.0,920.0,auv_09,hold_station,low,DENY,DENY_FORBIDDEN,hard_expired,920.0,PARTITIONED,False,True,True,False,A_hard_expiry_capsule_contraction,tr_cdd5f1950a3c_gpu
paper_ssp_200m_strong_v1,8,300,300.0,920.0,auv_10,enter_exclusion_zone,consequential,DENY,DENY_HARD_EXPIRY,hard_expired,920.0,PARTITIONED,False,True,True,False,not_low_risk,tr_cdd5f1950a3c_gpu
paper_ssp_200m_strong_v1,8,300,300.0,920.0,auv_11,bounded_path_correction,low,DENY,DENY_FORBIDDEN,hard_expired,920.0,PARTITIONED,False,True,True,False,A_hard_expiry_capsule_contraction,tr_cdd5f1950a3c_gpu
paper_ssp_200m_strong_v1,8,300,300.0,940.0,auv_00,bounded_path_correction,low,DENY,DENY_FORBIDDEN,hard_expired,940.0,PARTITIONED,False,True,True,False,A_hard_expiry_capsule_contraction,tr_cdd5f1950a3c_gpu
paper_ssp_200m_strong_v1,8,300,300.0,940.0,auv_01,bounded_path_correction,low,DENY,DENY_FORBIDDEN,hard_expired,940.0,PARTITIONED,False,True,True,False,A_hard_expiry_capsule_contraction,tr_cdd5f1950a3c_gpu
paper_ssp_200m_strong_v1,8,300,300.0,940.0,auv_02,bounded_path_correction,low,DENY,DENY_FORBIDDEN,hard_expired,940.0,PARTITIONED,False,True,True,False,A_hard_expiry_capsule_contraction,tr_cdd5f1950a3c_gpu
paper_ssp_200m_strong_v1,8,300,300.0,940.0,auv_03,bounded_path_correction,low,DENY,DENY_FORBIDDEN,hard_expired,940.0,PARTITIONED,False,True,True,False,A_hard_expiry_capsule_contraction,tr_cdd5f1950a3c_gpu
paper_ssp_200m_strong_v1,8,300,300.0,940.0,auv_04,abandon_mandatory_inspection,consequential,DENY,DENY_HARD_EXPIRY,hard_expired,940.0,PARTITIONED,False,True,True,False,not_low_risk,tr_cdd5f1950a3c_gpu
paper_ssp_200m_strong_v1,8,300,300.0,940.0,auv_05,bounded_path_correction,low,DENY,DENY_FORBIDDEN,hard_expired,940.0,PARTITIONED,False,True,True,False,A_hard_expiry_capsule_contraction,tr_cdd5f1950a3c_gpu
paper_ssp_200m_strong_v1,8,300,300.0,940.0,auv_06,enter_exclusion_zone,consequential,DENY,DENY_HARD_EXPIRY,hard_expired,940.0,PARTITIONED,False,True,True,False,not_low_risk,tr_cdd5f1950a3c_gpu
paper_ssp_200m_strong_v1,8,300,300.0,940.0,auv_07,enter_exclusion_zone,consequential,DENY,DENY_HARD_EXPIRY,hard_expired,940.0,PARTITIONED,False,True,True,False,not_low_risk,tr_cdd5f1950a3c_gpu
paper_ssp_200m_strong_v1,8,300,300.0,940.0,auv_08,exceed_return_energy_reserve,consequential,DENY,DENY_HARD_EXPIRY,hard_expired,940.0,PARTITIONED,False,True,True,False,not_low_risk,tr_cdd5f1950a3c_gpu
paper_ssp_200m_strong_v1,8,300,300.0,940.0,auv_09,hold_station,low,DENY,DENY_FORBIDDEN,hard_expired,940.0,PARTITIONED,False,True,True,False,A_hard_expiry_capsule_contraction,tr_cdd5f1950a3c_gpu
paper_ssp_200m_strong_v1,8,300,300.0,940.0,auv_10,enter_exclusion_zone,consequential,DENY,DENY_HARD_EXPIRY,hard_expired,940.0,PARTITIONED,False,True,True,False,not_low_risk,tr_cdd5f1950a3c_gpu
paper_ssp_200m_strong_v1,8,300,300.0,940.0,auv_11,bounded_path_correction,low,DENY,DENY_FORBIDDEN,hard_expired,940.0,PARTITIONED,False,True,True,False,A_hard_expiry_capsule_contraction,tr_cdd5f1950a3c_gpu
paper_ssp_200m_strong_v1,8,300,300.0,960.0,auv_00,bounded_path_correction,low,DENY,DENY_FORBIDDEN,hard_expired,960.0,PARTITIONED,False,True,True,False,A_hard_expiry_capsule_contraction,tr_cdd5f1950a3c_gpu
paper_ssp_200m_strong_v1,8,300,300.0,960.0,auv_01,bounded_path_correction,low,DENY,DENY_FORBIDDEN,hard_expired,960.0,PARTITIONED,False,True,True,False,A_hard_expiry_capsule_contraction,tr_cdd5f1950a3c_gpu
paper_ssp_200m_strong_v1,8,300,300.0,960.0,auv_02,bounded_path_correction,low,DENY,DENY_FORBIDDEN,hard_expired,960.0,PARTITIONED,False,True,True,False,A_hard_expiry_capsule_contraction,tr_cdd5f1950a3c_gpu
paper_ssp_200m_strong_v1,8,300,300.0,960.0,auv_03,bounded_path_correction,low,DENY,DENY_FORBIDDEN,hard_expired,960.0,PARTITIONED,False,True,True,False,A_hard_expiry_capsule_contraction,tr_cdd5f1950a3c_gpu
paper_ssp_200m_strong_v1,8,300,300.0,960.0,auv_04,abandon_mandatory_inspection,consequential,DENY,DENY_HARD_EXPIRY,hard_expired,960.0,PARTITIONED,False,True,True,False,not_low_risk,tr_cdd5f1950a3c_gpu
paper_ssp_200m_strong_v1,8,300,300.0,960.0,auv_05,bounded_path_correction,low,DENY,DENY_FORBIDDEN,hard_expired,960.0,PARTITIONED,False,True,True,False,A_hard_expiry_capsule_contraction,tr_cdd5f1950a3c_gpu
paper_ssp_200m_strong_v1,8,300,300.0,960.0,auv_06,enter_exclusion_zone,consequential,DENY,DENY_HARD_EXPIRY,hard_expired,960.0,PARTITIONED,False,True,True,False,not_low_risk,tr_cdd5f1950a3c_gpu
paper_ssp_200m_strong_v1,8,300,300.0,960.0,auv_07,enter_exclusion_zone,consequential,DENY,DENY_HARD_EXPIRY,hard_expired,960.0,PARTITIONED,False,True,True,False,not_low_risk,tr_cdd5f1950a3c_gpu
paper_ssp_200m_strong_v1,8,300,300.0,960.0,auv_08,exceed_return_energy_reserve,consequential,DENY,DENY_HARD_EXPIRY,hard_expired,960.0,PARTITIONED,False,True,True,False,not_low_risk,tr_cdd5f1950a3c_gpu
paper_ssp_200m_strong_v1,8,300,300.0,960.0,auv_09,hold_station,low,DENY,DENY_FORBIDDEN,hard_expired,960.0,PARTITIONED,False,True,True,False,A_hard_expiry_capsule_contraction,tr_cdd5f1950a3c_gpu
paper_ssp_200m_strong_v1,8,300,300.0,960.0,auv_10,enter_exclusion_zone,consequential,DENY,DENY_HARD_EXPIRY,hard_expired,960.0,PARTITIONED,False,True,True,False,not_low_risk,tr_cdd5f1950a3c_gpu
paper_ssp_200m_strong_v1,8,300,300.0,960.0,auv_11,change_high_level_objective,consequential,DENY,DENY_HARD_EXPIRY,hard_expired,960.0,PARTITIONED,False,True,True,False,not_low_risk,tr_cdd5f1950a3c_gpu
paper_ssp_200m_strong_v1,8,300,300.0,980.0,auv_00,bounded_path_correction,low,DENY,DENY_FORBIDDEN,hard_expired,980.0,PARTITIONED,False,True,True,False,A_hard_expiry_capsule_contraction,tr_cdd5f1950a3c_gpu
paper_ssp_200m_strong_v1,8,300,300.0,980.0,auv_01,bounded_path_correction,low,DENY,DENY_FORBIDDEN,hard_expired,980.0,PARTITIONED,False,True,True,False,A_hard_expiry_capsule_contraction,tr_cdd5f1950a3c_gpu
paper_ssp_200m_strong_v1,8,300,300.0,980.0,auv_02,bounded_path_correction,low,DENY,DENY_FORBIDDEN,hard_expired,980.0,PARTITIONED,False,True,True,False,A_hard_expiry_capsule_contraction,tr_cdd5f1950a3c_gpu
paper_ssp_200m_strong_v1,8,300,300.0,980.0,auv_03,bounded_path_correction,low,DENY,DENY_FORBIDDEN,hard_expired,980.0,PARTITIONED,False,True,True,False,A_hard_expiry_capsule_contraction,tr_cdd5f1950a3c_gpu
paper_ssp_200m_strong_v1,8,300,300.0,980.0,auv_04,abandon_mandatory_inspection,consequential,DENY,DENY_HARD_EXPIRY,hard_expired,980.0,PARTITIONED,False,True,True,False,not_low_risk,tr_cdd5f1950a3c_gpu
paper_ssp_200m_strong_v1,8,300,300.0,980.0,auv_05,bounded_path_correction,low,DENY,DENY_FORBIDDEN,hard_expired,980.0,PARTITIONED,False,True,True,False,A_hard_expiry_capsule_contraction,tr_cdd5f1950a3c_gpu
paper_ssp_200m_strong_v1,8,300,300.0,980.0,auv_06,enter_exclusion_zone,consequential,DENY,DENY_HARD_EXPIRY,hard_expired,980.0,PARTITIONED,False,True,True,False,not_low_risk,tr_cdd5f1950a3c_gpu
paper_ssp_200m_strong_v1,8,300,300.0,980.0,auv_07,enter_exclusion_zone,consequential,DENY,DENY_HARD_EXPIRY,hard_expired,980.0,PARTITIONED,False,True,True,False,not_low_risk,tr_cdd5f1950a3c_gpu
paper_ssp_200m_strong_v1,8,300,300.0,980.0,auv_08,exceed_return_energy_reserve,consequential,DENY,DENY_HARD_EXPIRY,hard_expired,980.0,PARTITIONED,False,True,True,False,not_low_risk,tr_cdd5f1950a3c_gpu
paper_ssp_200m_strong_v1,8,300,300.0,980.0,auv_09,hold_station,low,DENY,DENY_FORBIDDEN,hard_expired,980.0,PARTITIONED,False,True,True,False,A_hard_expiry_capsule_contraction,tr_cdd5f1950a3c_gpu
paper_ssp_200m_strong_v1,8,300,300.0,980.0,auv_10,enter_exclusion_zone,consequential,DENY,DENY_HARD_EXPIRY,hard_expired,980.0,PARTITIONED,False,True,True,False,not_low_risk,tr_cdd5f1950a3c_gpu
paper_ssp_200m_strong_v1,8,300,300.0,980.0,auv_11,bounded_path_correction,low,DENY,DENY_FORBIDDEN,hard_expired,980.0,PARTITIONED,False,True,True,False,A_hard_expiry_capsule_contraction,tr_cdd5f1950a3c_gpu
paper_ssp_200m_strong_v1,8,300,300.0,1000.0,auv_00,bounded_path_correction,low,DENY,DENY_FORBIDDEN,hard_expired,1000.0,PARTITIONED,False,True,True,False,A_hard_expiry_capsule_contraction,tr_cdd5f1950a3c_gpu
paper_ssp_200m_strong_v1,8,300,300.0,1000.0,auv_01,bounded_path_correction,low,DENY,DENY_FORBIDDEN,hard_expired,1000.0,PARTITIONED,False,True,True,False,A_hard_expiry_capsule_contraction,tr_cdd5f1950a3c_gpu
paper_ssp_200m_strong_v1,8,300,300.0,1000.0,auv_02,bounded_path_correction,low,DENY,DENY_FORBIDDEN,hard_expired,1000.0,PARTITIONED,False,True,True,False,A_hard_expiry_capsule_contraction,tr_cdd5f1950a3c_gpu
paper_ssp_200m_strong_v1,8,300,300.0,1000.0,auv_03,bounded_path_correction,low,DENY,DENY_FORBIDDEN,hard_expired,1000.0,PARTITIONED,False,True,True,False,A_hard_expiry_capsule_contraction,tr_cdd5f1950a3c_gpu
paper_ssp_200m_strong_v1,8,300,300.0,1000.0,auv_04,abandon_mandatory_inspection,consequential,DENY,DENY_HARD_EXPIRY,hard_expired,1000.0,PARTITIONED,False,True,True,False,not_low_risk,tr_cdd5f1950a3c_gpu
paper_ssp_200m_strong_v1,8,300,300.0,1000.0,auv_05,bounded_path_correction,low,DENY,DENY_FORBIDDEN,hard_expired,1000.0,PARTITIONED,False,True,True,False,A_hard_expiry_capsule_contraction,tr_cdd5f1950a3c_gpu
paper_ssp_200m_strong_v1,8,300,300.0,1000.0,auv_06,enter_exclusion_zone,consequential,DENY,DENY_HARD_EXPIRY,hard_expired,1000.0,PARTITIONED,False,True,True,False,not_low_risk,tr_cdd5f1950a3c_gpu
paper_ssp_200m_strong_v1,8,300,300.0,1000.0,auv_07,enter_exclusion_zone,consequential,DENY,DENY_HARD_EXPIRY,hard_expired,1000.0,PARTITIONED,False,True,True,False,not_low_risk,tr_cdd5f1950a3c_gpu
paper_ssp_200m_strong_v1,8,300,300.0,1000.0,auv_08,exceed_return_energy_reserve,consequential,DENY,DENY_HARD_EXPIRY,hard_expired,1000.0,PARTITIONED,False,True,True,False,not_low_risk,tr_cdd5f1950a3c_gpu
paper_ssp_200m_strong_v1,8,300,300.0,1000.0,auv_09,hold_station,low,DENY,DENY_FORBIDDEN,hard_expired,1000.0,PARTITIONED,False,True,True,False,A_hard_expiry_capsule_contraction,tr_cdd5f1950a3c_gpu
paper_ssp_200m_strong_v1,8,300,300.0,1000.0,auv_10,enter_exclusion_zone,consequential,DENY,DENY_HARD_EXPIRY,hard_expired,1000.0,PARTITIONED,False,True,True,False,not_low_risk,tr_cdd5f1950a3c_gpu
paper_ssp_200m_strong_v1,8,300,300.0,1000.0,auv_11,bounded_path_correction,low,DENY,DENY_FORBIDDEN,hard_expired,1000.0,PARTITIONED,False,True,True,False,A_hard_expiry_capsule_contraction,tr_cdd5f1950a3c_gpu
paper_ssp_200m_strong_v1,8,300,300.0,1020.0,auv_00,bounded_path_correction,low,DENY,DENY_FORBIDDEN,hard_expired,1020.0,PARTITIONED,False,True,True,False,A_hard_expiry_capsule_contraction,tr_cdd5f1950a3c_gpu
paper_ssp_200m_strong_v1,8,300,300.0,1020.0,auv_01,bounded_path_correction,low,DENY,DENY_FORBIDDEN,hard_expired,1020.0,PARTITIONED,False,True,True,False,A_hard_expiry_capsule_contraction,tr_cdd5f1950a3c_gpu
paper_ssp_200m_strong_v1,8,300,300.0,1020.0,auv_02,bounded_path_correction,low,DENY,DENY_FORBIDDEN,hard_expired,1020.0,PARTITIONED,False,True,True,False,A_hard_expiry_capsule_contraction,tr_cdd5f1950a3c_gpu
paper_ssp_200m_strong_v1,8,300,300.0,1020.0,auv_03,bounded_path_correction,low,DENY,DENY_FORBIDDEN,hard_expired,1020.0,PARTITIONED,False,True,True,False,A_hard_expiry_capsule_contraction,tr_cdd5f1950a3c_gpu
paper_ssp_200m_strong_v1,8,300,300.0,1020.0,auv_04,abandon_mandatory_inspection,consequential,DENY,DENY_HARD_EXPIRY,hard_expired,1020.0,PARTITIONED,False,True,True,False,not_low_risk,tr_cdd5f1950a3c_gpu
paper_ssp_200m_strong_v1,8,300,300.0,1020.0,auv_05,bounded_path_correction,low,DENY,DENY_FORBIDDEN,hard_expired,1020.0,PARTITIONED,False,True,True,False,A_hard_expiry_capsule_contraction,tr_cdd5f1950a3c_gpu
paper_ssp_200m_strong_v1,8,300,300.0,1020.0,auv_06,enter_exclusion_zone,consequential,DENY,DENY_HARD_EXPIRY,hard_expired,1020.0,PARTITIONED,False,True,True,False,not_low_risk,tr_cdd5f1950a3c_gpu
paper_ssp_200m_strong_v1,8,300,300.0,1020.0,auv_07,enter_exclusion_zone,consequential,DENY,DENY_HARD_EXPIRY,hard_expired,1020.0,PARTITIONED,False,True,True,False,not_low_risk,tr_cdd5f1950a3c_gpu
paper_ssp_200m_strong_v1,8,300,300.0,1020.0,auv_08,exceed_return_energy_reserve,consequential,DENY,DENY_HARD_EXPIRY,hard_expired,1020.0,PARTITIONED,False,True,True,False,not_low_risk,tr_cdd5f1950a3c_gpu
paper_ssp_200m_strong_v1,8,300,300.0,1020.0,auv_09,hold_station,low,DENY,DENY_FORBIDDEN,hard_expired,1020.0,PARTITIONED,False,True,True,False,A_hard_expiry_capsule_contraction,tr_cdd5f1950a3c_gpu
paper_ssp_200m_strong_v1,8,300,300.0,1020.0,auv_10,enter_exclusion_zone,consequential,DENY,DENY_HARD_EXPIRY,hard_expired,1020.0,PARTITIONED,False,True,True,False,not_low_risk,tr_cdd5f1950a3c_gpu
paper_ssp_200m_strong_v1,8,300,300.0,1020.0,auv_11,bounded_path_correction,low,DENY,DENY_FORBIDDEN,hard_expired,1020.0,PARTITIONED,False,True,True,False,A_hard_expiry_capsule_contraction,tr_cdd5f1950a3c_gpu
paper_ssp_200m_strong_v1,8,300,300.0,1040.0,auv_00,bounded_path_correction,low,DENY,DENY_FORBIDDEN,hard_expired,1040.0,PARTITIONED,False,True,True,False,A_hard_expiry_capsule_contraction,tr_cdd5f1950a3c_gpu
paper_ssp_200m_strong_v1,8,300,300.0,1040.0,auv_01,bounded_path_correction,low,DENY,DENY_FORBIDDEN,hard_expired,1040.0,PARTITIONED,False,True,True,False,A_hard_expiry_capsule_contraction,tr_cdd5f1950a3c_gpu
paper_ssp_200m_strong_v1,8,300,300.0,1040.0,auv_02,bounded_path_correction,low,DENY,DENY_FORBIDDEN,hard_expired,1040.0,PARTITIONED,False,True,True,False,A_hard_expiry_capsule_contraction,tr_cdd5f1950a3c_gpu
paper_ssp_200m_strong_v1,8,300,300.0,1040.0,auv_03,bounded_path_correction,low,DENY,DENY_FORBIDDEN,hard_expired,1040.0,PARTITIONED,False,True,True,False,A_hard_expiry_capsule_contraction,tr_cdd5f1950a3c_gpu
paper_ssp_200m_strong_v1,8,300,300.0,1040.0,auv_04,abandon_mandatory_inspection,consequential,DENY,DENY_HARD_EXPIRY,hard_expired,1040.0,PARTITIONED,False,True,True,False,not_low_risk,tr_cdd5f1950a3c_gpu
paper_ssp_200m_strong_v1,8,300,300.0,1040.0,auv_05,bounded_path_correction,low,DENY,DENY_FORBIDDEN,hard_expired,1040.0,PARTITIONED,False,True,True,False,A_hard_expiry_capsule_contraction,tr_cdd5f1950a3c_gpu
paper_ssp_200m_strong_v1,8,300,300.0,1040.0,auv_06,enter_exclusion_zone,consequential,DENY,DENY_HARD_EXPIRY,hard_expired,1040.0,PARTITIONED,False,True,True,False,not_low_risk,tr_cdd5f1950a3c_gpu
paper_ssp_200m_strong_v1,8,300,300.0,1040.0,auv_07,enter_exclusion_zone,consequential,DENY,DENY_HARD_EXPIRY,hard_expired,1040.0,PARTITIONED,False,True,True,False,not_low_risk,tr_cdd5f1950a3c_gpu
paper_ssp_200m_strong_v1,8,300,300.0,1040.0,auv_08,exceed_return_energy_reserve,consequential,DENY,DENY_HARD_EXPIRY,hard_expired,1040.0,PARTITIONED,False,True,True,False,not_low_risk,tr_cdd5f1950a3c_gpu
paper_ssp_200m_strong_v1,8,300,300.0,1040.0,auv_09,hold_station,low,DENY,DENY_FORBIDDEN,hard_expired,1040.0,PARTITIONED,False,True,True,False,A_hard_expiry_capsule_contraction,tr_cdd5f1950a3c_gpu
paper_ssp_200m_strong_v1,8,300,300.0,1040.0,auv_10,enter_exclusion_zone,consequential,DENY,DENY_HARD_EXPIRY,hard_expired,1040.0,PARTITIONED,False,True,True,False,not_low_risk,tr_cdd5f1950a3c_gpu
paper_ssp_200m_strong_v1,8,300,300.0,1040.0,auv_11,change_high_level_objective,consequential,DENY,DENY_HARD_EXPIRY,hard_expired,1040.0,PARTITIONED,False,True,True,False,not_low_risk,tr_cdd5f1950a3c_gpu
paper_ssp_200m_strong_v1,8,300,300.0,1060.0,auv_00,bounded_path_correction,low,DENY,DENY_FORBIDDEN,hard_expired,1060.0,PARTITIONED,False,True,True,False,A_hard_expiry_capsule_contraction,tr_cdd5f1950a3c_gpu
paper_ssp_200m_strong_v1,8,300,300.0,1060.0,auv_01,bounded_path_correction,low,DENY,DENY_FORBIDDEN,hard_expired,1060.0,PARTITIONED,False,True,True,False,A_hard_expiry_capsule_contraction,tr_cdd5f1950a3c_gpu
paper_ssp_200m_strong_v1,8,300,300.0,1060.0,auv_02,bounded_path_correction,low,DENY,DENY_FORBIDDEN,hard_expired,1060.0,PARTITIONED,False,True,True,False,A_hard_expiry_capsule_contraction,tr_cdd5f1950a3c_gpu
paper_ssp_200m_strong_v1,8,300,300.0,1060.0,auv_03,bounded_path_correction,low,DENY,DENY_FORBIDDEN,hard_expired,1060.0,PARTITIONED,False,True,True,False,A_hard_expiry_capsule_contraction,tr_cdd5f1950a3c_gpu
paper_ssp_200m_strong_v1,8,300,300.0,1060.0,auv_04,abandon_mandatory_inspection,consequential,DENY,DENY_HARD_EXPIRY,hard_expired,1060.0,PARTITIONED,False,True,True,False,not_low_risk,tr_cdd5f1950a3c_gpu
paper_ssp_200m_strong_v1,8,300,300.0,1060.0,auv_05,bounded_path_correction,low,DENY,DENY_FORBIDDEN,hard_expired,1060.0,PARTITIONED,False,True,True,False,A_hard_expiry_capsule_contraction,tr_cdd5f1950a3c_gpu
paper_ssp_200m_strong_v1,8,300,300.0,1060.0,auv_06,enter_exclusion_zone,consequential,DENY,DENY_HARD_EXPIRY,hard_expired,1060.0,PARTITIONED,False,True,True,False,not_low_risk,tr_cdd5f1950a3c_gpu
paper_ssp_200m_strong_v1,8,300,300.0,1060.0,auv_07,enter_exclusion_zone,consequential,DENY,DENY_HARD_EXPIRY,hard_expired,1060.0,PARTITIONED,False,True,True,False,not_low_risk,tr_cdd5f1950a3c_gpu
paper_ssp_200m_strong_v1,8,300,300.0,1060.0,auv_08,exceed_return_energy_reserve,consequential,DENY,DENY_HARD_EXPIRY,hard_expired,1060.0,PARTITIONED,False,True,True,False,not_low_risk,tr_cdd5f1950a3c_gpu
paper_ssp_200m_strong_v1,8,300,300.0,1060.0,auv_09,hold_station,low,DENY,DENY_FORBIDDEN,hard_expired,1060.0,PARTITIONED,False,True,True,False,A_hard_expiry_capsule_contraction,tr_cdd5f1950a3c_gpu
paper_ssp_200m_strong_v1,8,300,300.0,1060.0,auv_10,enter_exclusion_zone,consequential,DENY,DENY_HARD_EXPIRY,hard_expired,1060.0,PARTITIONED,False,True,True,False,not_low_risk,tr_cdd5f1950a3c_gpu
paper_ssp_200m_strong_v1,8,300,300.0,1060.0,auv_11,bounded_path_correction,low,DENY,DENY_FORBIDDEN,hard_expired,1060.0,PARTITIONED,False,True,True,False,A_hard_expiry_capsule_contraction,tr_cdd5f1950a3c_gpu
paper_ssp_200m_strong_v1,8,300,300.0,1080.0,auv_00,bounded_path_correction,low,DENY,DENY_FORBIDDEN,hard_expired,1080.0,PARTITIONED,False,True,True,False,A_hard_expiry_capsule_contraction,tr_cdd5f1950a3c_gpu
paper_ssp_200m_strong_v1,8,300,300.0,1080.0,auv_01,bounded_path_correction,low,DENY,DENY_FORBIDDEN,hard_expired,1080.0,PARTITIONED,False,True,True,False,A_hard_expiry_capsule_contraction,tr_cdd5f1950a3c_gpu
paper_ssp_200m_strong_v1,8,300,300.0,1080.0,auv_02,bounded_path_correction,low,DENY,DENY_FORBIDDEN,hard_expired,1080.0,PARTITIONED,False,True,True,False,A_hard_expiry_capsule_contraction,tr_cdd5f1950a3c_gpu
paper_ssp_200m_strong_v1,8,300,300.0,1080.0,auv_03,bounded_path_correction,low,DENY,DENY_FORBIDDEN,hard_expired,1080.0,PARTITIONED,False,True,True,False,A_hard_expiry_capsule_contraction,tr_cdd5f1950a3c_gpu
paper_ssp_200m_strong_v1,8,300,300.0,1080.0,auv_04,abandon_mandatory_inspection,consequential,DENY,DENY_HARD_EXPIRY,hard_expired,1080.0,PARTITIONED,False,True,True,False,not_low_risk,tr_cdd5f1950a3c_gpu
paper_ssp_200m_strong_v1,8,300,300.0,1080.0,auv_05,bounded_path_correction,low,DENY,DENY_FORBIDDEN,hard_expired,1080.0,PARTITIONED,False,True,True,False,A_hard_expiry_capsule_contraction,tr_cdd5f1950a3c_gpu
paper_ssp_200m_strong_v1,8,300,300.0,1080.0,auv_06,enter_exclusion_zone,consequential,DENY,DENY_HARD_EXPIRY,hard_expired,1080.0,PARTITIONED,False,True,True,False,not_low_risk,tr_cdd5f1950a3c_gpu
paper_ssp_200m_strong_v1,8,300,300.0,1080.0,auv_07,enter_exclusion_zone,consequential,DENY,DENY_HARD_EXPIRY,hard_expired,1080.0,PARTITIONED,False,True,True,False,not_low_risk,tr_cdd5f1950a3c_gpu
paper_ssp_200m_strong_v1,8,300,300.0,1080.0,auv_08,exceed_return_energy_reserve,consequential,DENY,DENY_HARD_EXPIRY,hard_expired,1080.0,PARTITIONED,False,True,True,False,not_low_risk,tr_cdd5f1950a3c_gpu
paper_ssp_200m_strong_v1,8,300,300.0,1080.0,auv_09,hold_station,low,DENY,DENY_FORBIDDEN,hard_expired,1080.0,PARTITIONED,False,True,True,False,A_hard_expiry_capsule_contraction,tr_cdd5f1950a3c_gpu
paper_ssp_200m_strong_v1,8,300,300.0,1080.0,auv_10,enter_exclusion_zone,consequential,DENY,DENY_HARD_EXPIRY,hard_expired,1080.0,PARTITIONED,False,True,True,False,not_low_risk,tr_cdd5f1950a3c_gpu
paper_ssp_200m_strong_v1,8,300,300.0,1080.0,auv_11,bounded_path_correction,low,DENY,DENY_FORBIDDEN,hard_expired,1080.0,PARTITIONED,False,True,True,False,A_hard_expiry_capsule_contraction,tr_cdd5f1950a3c_gpu
paper_ssp_200m_strong_v1,8,300,300.0,1100.0,auv_00,bounded_path_correction,low,DENY,DENY_FORBIDDEN,hard_expired,1100.0,PARTITIONED,False,True,True,False,A_hard_expiry_capsule_contraction,tr_cdd5f1950a3c_gpu
paper_ssp_200m_strong_v1,8,300,300.0,1100.0,auv_01,bounded_path_correction,low,DENY,DENY_FORBIDDEN,hard_expired,1100.0,PARTITIONED,False,True,True,False,A_hard_expiry_capsule_contraction,tr_cdd5f1950a3c_gpu
paper_ssp_200m_strong_v1,8,300,300.0,1100.0,auv_02,bounded_path_correction,low,DENY,DENY_FORBIDDEN,hard_expired,1100.0,PARTITIONED,False,True,True,False,A_hard_expiry_capsule_contraction,tr_cdd5f1950a3c_gpu
paper_ssp_200m_strong_v1,8,300,300.0,1100.0,auv_03,bounded_path_correction,low,DENY,DENY_FORBIDDEN,hard_expired,1100.0,PARTITIONED,False,True,True,False,A_hard_expiry_capsule_contraction,tr_cdd5f1950a3c_gpu
paper_ssp_200m_strong_v1,8,300,300.0,1100.0,auv_04,abandon_mandatory_inspection,consequential,DENY,DENY_HARD_EXPIRY,hard_expired,1100.0,PARTITIONED,False,True,True,False,not_low_risk,tr_cdd5f1950a3c_gpu
paper_ssp_200m_strong_v1,8,300,300.0,1100.0,auv_05,bounded_path_correction,low,DENY,DENY_FORBIDDEN,hard_expired,1100.0,PARTITIONED,False,True,True,False,A_hard_expiry_capsule_contraction,tr_cdd5f1950a3c_gpu
paper_ssp_200m_strong_v1,8,300,300.0,1100.0,auv_06,enter_exclusion_zone,consequential,DENY,DENY_HARD_EXPIRY,hard_expired,1100.0,PARTITIONED,False,True,True,False,not_low_risk,tr_cdd5f1950a3c_gpu
paper_ssp_200m_strong_v1,8,300,300.0,1100.0,auv_07,enter_exclusion_zone,consequential,DENY,DENY_HARD_EXPIRY,hard_expired,1100.0,PARTITIONED,False,True,True,False,not_low_risk,tr_cdd5f1950a3c_gpu
paper_ssp_200m_strong_v1,8,300,300.0,1100.0,auv_08,exceed_return_energy_reserve,consequential,DENY,DENY_HARD_EXPIRY,hard_expired,1100.0,PARTITIONED,False,True,True,False,not_low_risk,tr_cdd5f1950a3c_gpu
paper_ssp_200m_strong_v1,8,300,300.0,1100.0,auv_09,hold_station,low,DENY,DENY_FORBIDDEN,hard_expired,1100.0,PARTITIONED,False,True,True,False,A_hard_expiry_capsule_contraction,tr_cdd5f1950a3c_gpu
paper_ssp_200m_strong_v1,8,300,300.0,1100.0,auv_10,enter_exclusion_zone,consequential,DENY,DENY_HARD_EXPIRY,hard_expired,1100.0,PARTITIONED,False,True,True,False,not_low_risk,tr_cdd5f1950a3c_gpu
paper_ssp_200m_strong_v1,8,300,300.0,1100.0,auv_11,bounded_path_correction,low,DENY,DENY_FORBIDDEN,hard_expired,1100.0,PARTITIONED,False,True,True,False,A_hard_expiry_capsule_contraction,tr_cdd5f1950a3c_gpu
paper_ssp_200m_strong_v1,8,300,300.0,1120.0,auv_00,bounded_path_correction,low,DENY,DENY_FORBIDDEN,hard_expired,1120.0,PARTITIONED,False,True,True,False,A_hard_expiry_capsule_contraction,tr_cdd5f1950a3c_gpu
paper_ssp_200m_strong_v1,8,300,300.0,1120.0,auv_01,bounded_path_correction,low,DENY,DENY_FORBIDDEN,hard_expired,1120.0,PARTITIONED,False,True,True,False,A_hard_expiry_capsule_contraction,tr_cdd5f1950a3c_gpu
paper_ssp_200m_strong_v1,8,300,300.0,1120.0,auv_02,bounded_path_correction,low,DENY,DENY_FORBIDDEN,hard_expired,1120.0,PARTITIONED,False,True,True,False,A_hard_expiry_capsule_contraction,tr_cdd5f1950a3c_gpu
paper_ssp_200m_strong_v1,8,300,300.0,1120.0,auv_03,bounded_path_correction,low,DENY,DENY_FORBIDDEN,hard_expired,1120.0,PARTITIONED,False,True,True,False,A_hard_expiry_capsule_contraction,tr_cdd5f1950a3c_gpu
paper_ssp_200m_strong_v1,8,300,300.0,1120.0,auv_04,abandon_mandatory_inspection,consequential,DENY,DENY_HARD_EXPIRY,hard_expired,1120.0,PARTITIONED,False,True,True,False,not_low_risk,tr_cdd5f1950a3c_gpu
paper_ssp_200m_strong_v1,8,300,300.0,1120.0,auv_05,bounded_path_correction,low,DENY,DENY_FORBIDDEN,hard_expired,1120.0,PARTITIONED,False,True,True,False,A_hard_expiry_capsule_contraction,tr_cdd5f1950a3c_gpu
paper_ssp_200m_strong_v1,8,300,300.0,1120.0,auv_06,enter_exclusion_zone,consequential,DENY,DENY_HARD_EXPIRY,hard_expired,1120.0,PARTITIONED,False,True,True,False,not_low_risk,tr_cdd5f1950a3c_gpu
paper_ssp_200m_strong_v1,8,300,300.0,1120.0,auv_07,enter_exclusion_zone,consequential,DENY,DENY_HARD_EXPIRY,hard_expired,1120.0,PARTITIONED,False,True,True,False,not_low_risk,tr_cdd5f1950a3c_gpu
paper_ssp_200m_strong_v1,8,300,300.0,1120.0,auv_08,exceed_return_energy_reserve,consequential,DENY,DENY_HARD_EXPIRY,hard_expired,1120.0,PARTITIONED,False,True,True,False,not_low_risk,tr_cdd5f1950a3c_gpu
paper_ssp_200m_strong_v1,8,300,300.0,1120.0,auv_09,hold_station,low,DENY,DENY_FORBIDDEN,hard_expired,1120.0,PARTITIONED,False,True,True,False,A_hard_expiry_capsule_contraction,tr_cdd5f1950a3c_gpu
paper_ssp_200m_strong_v1,8,300,300.0,1120.0,auv_10,enter_exclusion_zone,consequential,DENY,DENY_HARD_EXPIRY,hard_expired,1120.0,PARTITIONED,False,True,True,False,not_low_risk,tr_cdd5f1950a3c_gpu
paper_ssp_200m_strong_v1,8,300,300.0,1120.0,auv_11,change_high_level_objective,consequential,DENY,DENY_HARD_EXPIRY,hard_expired,1120.0,PARTITIONED,False,True,True,False,not_low_risk,tr_cdd5f1950a3c_gpu
paper_ssp_200m_strong_v1,8,300,300.0,1140.0,auv_00,bounded_path_correction,low,DENY,DENY_FORBIDDEN,hard_expired,1140.0,PARTITIONED,False,True,True,False,A_hard_expiry_capsule_contraction,tr_cdd5f1950a3c_gpu
paper_ssp_200m_strong_v1,8,300,300.0,1140.0,auv_01,bounded_path_correction,low,DENY,DENY_FORBIDDEN,hard_expired,1140.0,PARTITIONED,False,True,True,False,A_hard_expiry_capsule_contraction,tr_cdd5f1950a3c_gpu
paper_ssp_200m_strong_v1,8,300,300.0,1140.0,auv_02,bounded_path_correction,low,DENY,DENY_FORBIDDEN,hard_expired,1140.0,PARTITIONED,False,True,True,False,A_hard_expiry_capsule_contraction,tr_cdd5f1950a3c_gpu
paper_ssp_200m_strong_v1,8,300,300.0,1140.0,auv_03,bounded_path_correction,low,DENY,DENY_FORBIDDEN,hard_expired,1140.0,PARTITIONED,False,True,True,False,A_hard_expiry_capsule_contraction,tr_cdd5f1950a3c_gpu
paper_ssp_200m_strong_v1,8,300,300.0,1140.0,auv_04,abandon_mandatory_inspection,consequential,DENY,DENY_HARD_EXPIRY,hard_expired,1140.0,PARTITIONED,False,True,True,False,not_low_risk,tr_cdd5f1950a3c_gpu
paper_ssp_200m_strong_v1,8,300,300.0,1140.0,auv_05,bounded_path_correction,low,DENY,DENY_FORBIDDEN,hard_expired,1140.0,PARTITIONED,False,True,True,False,A_hard_expiry_capsule_contraction,tr_cdd5f1950a3c_gpu
paper_ssp_200m_strong_v1,8,300,300.0,1140.0,auv_06,exceed_return_energy_reserve,consequential,DENY,DENY_HARD_EXPIRY,hard_expired,1140.0,PARTITIONED,False,True,True,False,not_low_risk,tr_cdd5f1950a3c_gpu
paper_ssp_200m_strong_v1,8,300,300.0,1140.0,auv_07,exceed_return_energy_reserve,consequential,DENY,DENY_HARD_EXPIRY,hard_expired,1140.0,PARTITIONED,False,True,True,False,not_low_risk,tr_cdd5f1950a3c_gpu
paper_ssp_200m_strong_v1,8,300,300.0,1140.0,auv_08,exceed_return_energy_reserve,consequential,DENY,DENY_HARD_EXPIRY,hard_expired,1140.0,PARTITIONED,False,True,True,False,not_low_risk,tr_cdd5f1950a3c_gpu
paper_ssp_200m_strong_v1,8,300,300.0,1140.0,auv_09,hold_station,low,DENY,DENY_FORBIDDEN,hard_expired,1140.0,PARTITIONED,False,True,True,False,A_hard_expiry_capsule_contraction,tr_cdd5f1950a3c_gpu
paper_ssp_200m_strong_v1,8,300,300.0,1140.0,auv_10,exceed_return_energy_reserve,consequential,DENY,DENY_HARD_EXPIRY,hard_expired,1140.0,PARTITIONED,False,True,True,False,not_low_risk,tr_cdd5f1950a3c_gpu
paper_ssp_200m_strong_v1,8,300,300.0,1140.0,auv_11,exceed_return_energy_reserve,consequential,DENY,DENY_HARD_EXPIRY,hard_expired,1140.0,PARTITIONED,False,True,True,False,not_low_risk,tr_cdd5f1950a3c_gpu
paper_ssp_200m_strong_v1,8,300,300.0,1160.0,auv_00,bounded_path_correction,low,DENY,DENY_FORBIDDEN,hard_expired,1160.0,PARTITIONED,False,True,True,False,A_hard_expiry_capsule_contraction,tr_cdd5f1950a3c_gpu
paper_ssp_200m_strong_v1,8,300,300.0,1160.0,auv_01,bounded_path_correction,low,DENY,DENY_FORBIDDEN,hard_expired,1160.0,PARTITIONED,False,True,True,False,A_hard_expiry_capsule_contraction,tr_cdd5f1950a3c_gpu
paper_ssp_200m_strong_v1,8,300,300.0,1160.0,auv_02,bounded_path_correction,low,DENY,DENY_FORBIDDEN,hard_expired,1160.0,PARTITIONED,False,True,True,False,A_hard_expiry_capsule_contraction,tr_cdd5f1950a3c_gpu
paper_ssp_200m_strong_v1,8,300,300.0,1160.0,auv_03,bounded_path_correction,low,DENY,DENY_FORBIDDEN,hard_expired,1160.0,PARTITIONED,False,True,True,False,A_hard_expiry_capsule_contraction,tr_cdd5f1950a3c_gpu
paper_ssp_200m_strong_v1,8,300,300.0,1160.0,auv_04,abandon_mandatory_inspection,consequential,DENY,DENY_HARD_EXPIRY,hard_expired,1160.0,PARTITIONED,False,True,True,False,not_low_risk,tr_cdd5f1950a3c_gpu
paper_ssp_200m_strong_v1,8,300,300.0,1160.0,auv_05,bounded_path_correction,low,DENY,DENY_FORBIDDEN,hard_expired,1160.0,PARTITIONED,False,True,True,False,A_hard_expiry_capsule_contraction,tr_cdd5f1950a3c_gpu
paper_ssp_200m_strong_v1,8,300,300.0,1160.0,auv_06,enter_exclusion_zone,consequential,DENY,DENY_HARD_EXPIRY,hard_expired,1160.0,PARTITIONED,False,True,True,False,not_low_risk,tr_cdd5f1950a3c_gpu
paper_ssp_200m_strong_v1,8,300,300.0,1160.0,auv_07,enter_exclusion_zone,consequential,DENY,DENY_HARD_EXPIRY,hard_expired,1160.0,PARTITIONED,False,True,True,False,not_low_risk,tr_cdd5f1950a3c_gpu
paper_ssp_200m_strong_v1,8,300,300.0,1160.0,auv_08,exceed_return_energy_reserve,consequential,DENY,DENY_HARD_EXPIRY,hard_expired,1160.0,PARTITIONED,False,True,True,False,not_low_risk,tr_cdd5f1950a3c_gpu
paper_ssp_200m_strong_v1,8,300,300.0,1160.0,auv_09,hold_station,low,DENY,DENY_FORBIDDEN,hard_expired,1160.0,PARTITIONED,False,True,True,False,A_hard_expiry_capsule_contraction,tr_cdd5f1950a3c_gpu
paper_ssp_200m_strong_v1,8,300,300.0,1160.0,auv_10,enter_exclusion_zone,consequential,DENY,DENY_HARD_EXPIRY,hard_expired,1160.0,PARTITIONED,False,True,True,False,not_low_risk,tr_cdd5f1950a3c_gpu
paper_ssp_200m_strong_v1,8,300,300.0,1160.0,auv_11,bounded_path_correction,low,DENY,DENY_FORBIDDEN,hard_expired,1160.0,PARTITIONED,False,True,True,False,A_hard_expiry_capsule_contraction,tr_cdd5f1950a3c_gpu
paper_ssp_200m_strong_v1,8,300,300.0,1180.0,auv_00,bounded_path_correction,low,DENY,DENY_FORBIDDEN,hard_expired,1180.0,PARTITIONED,False,True,True,False,A_hard_expiry_capsule_contraction,tr_cdd5f1950a3c_gpu
paper_ssp_200m_strong_v1,8,300,300.0,1180.0,auv_01,bounded_path_correction,low,DENY,DENY_FORBIDDEN,hard_expired,1180.0,PARTITIONED,False,True,True,False,A_hard_expiry_capsule_contraction,tr_cdd5f1950a3c_gpu
paper_ssp_200m_strong_v1,8,300,300.0,1180.0,auv_02,bounded_path_correction,low,DENY,DENY_FORBIDDEN,hard_expired,1180.0,PARTITIONED,False,True,True,False,A_hard_expiry_capsule_contraction,tr_cdd5f1950a3c_gpu
paper_ssp_200m_strong_v1,8,300,300.0,1180.0,auv_03,bounded_path_correction,low,DENY,DENY_FORBIDDEN,hard_expired,1180.0,PARTITIONED,False,True,True,False,A_hard_expiry_capsule_contraction,tr_cdd5f1950a3c_gpu
paper_ssp_200m_strong_v1,8,300,300.0,1180.0,auv_04,abandon_mandatory_inspection,consequential,DENY,DENY_HARD_EXPIRY,hard_expired,1180.0,PARTITIONED,False,True,True,False,not_low_risk,tr_cdd5f1950a3c_gpu
paper_ssp_200m_strong_v1,8,300,300.0,1180.0,auv_05,bounded_path_correction,low,DENY,DENY_FORBIDDEN,hard_expired,1180.0,PARTITIONED,False,True,True,False,A_hard_expiry_capsule_contraction,tr_cdd5f1950a3c_gpu
paper_ssp_200m_strong_v1,8,300,300.0,1180.0,auv_06,enter_exclusion_zone,consequential,DENY,DENY_HARD_EXPIRY,hard_expired,1180.0,PARTITIONED,False,True,True,False,not_low_risk,tr_cdd5f1950a3c_gpu
paper_ssp_200m_strong_v1,8,300,300.0,1180.0,auv_07,enter_exclusion_zone,consequential,DENY,DENY_HARD_EXPIRY,hard_expired,1180.0,PARTITIONED,False,True,True,False,not_low_risk,tr_cdd5f1950a3c_gpu
paper_ssp_200m_strong_v1,8,300,300.0,1180.0,auv_08,exceed_return_energy_reserve,consequential,DENY,DENY_HARD_EXPIRY,hard_expired,1180.0,PARTITIONED,False,True,True,False,not_low_risk,tr_cdd5f1950a3c_gpu
paper_ssp_200m_strong_v1,8,300,300.0,1180.0,auv_09,hold_station,low,DENY,DENY_FORBIDDEN,hard_expired,1180.0,PARTITIONED,False,True,True,False,A_hard_expiry_capsule_contraction,tr_cdd5f1950a3c_gpu
paper_ssp_200m_strong_v1,8,300,300.0,1180.0,auv_10,enter_exclusion_zone,consequential,DENY,DENY_HARD_EXPIRY,hard_expired,1180.0,PARTITIONED,False,True,True,False,not_low_risk,tr_cdd5f1950a3c_gpu
paper_ssp_200m_strong_v1,8,300,300.0,1180.0,auv_11,bounded_path_correction,low,DENY,DENY_FORBIDDEN,hard_expired,1180.0,PARTITIONED,False,True,True,False,A_hard_expiry_capsule_contraction,tr_cdd5f1950a3c_gpu
paper_ssp_200m_strong_v1,8,300,300.0,1200.0,auv_00,bounded_path_correction,low,DENY,DENY_FORBIDDEN,hard_expired,1200.0,PARTITIONED,False,True,True,False,A_hard_expiry_capsule_contraction,tr_cdd5f1950a3c_gpu
paper_ssp_200m_strong_v1,8,300,300.0,1200.0,auv_01,bounded_path_correction,low,DENY,DENY_FORBIDDEN,hard_expired,1200.0,PARTITIONED,False,True,True,False,A_hard_expiry_capsule_contraction,tr_cdd5f1950a3c_gpu
paper_ssp_200m_strong_v1,8,300,300.0,1200.0,auv_02,bounded_path_correction,low,DENY,DENY_FORBIDDEN,hard_expired,1200.0,PARTITIONED,False,True,True,False,A_hard_expiry_capsule_contraction,tr_cdd5f1950a3c_gpu
paper_ssp_200m_strong_v1,8,300,300.0,1200.0,auv_03,bounded_path_correction,low,DENY,DENY_FORBIDDEN,hard_expired,1200.0,PARTITIONED,False,True,True,False,A_hard_expiry_capsule_contraction,tr_cdd5f1950a3c_gpu
paper_ssp_200m_strong_v1,8,300,300.0,1200.0,auv_04,abandon_mandatory_inspection,consequential,DENY,DENY_HARD_EXPIRY,hard_expired,1200.0,PARTITIONED,False,True,True,False,not_low_risk,tr_cdd5f1950a3c_gpu
paper_ssp_200m_strong_v1,8,300,300.0,1200.0,auv_05,bounded_path_correction,low,DENY,DENY_FORBIDDEN,hard_expired,1200.0,PARTITIONED,False,True,True,False,A_hard_expiry_capsule_contraction,tr_cdd5f1950a3c_gpu
paper_ssp_200m_strong_v1,8,300,300.0,1200.0,auv_06,enter_exclusion_zone,consequential,DENY,DENY_HARD_EXPIRY,hard_expired,1200.0,PARTITIONED,False,True,True,False,not_low_risk,tr_cdd5f1950a3c_gpu
paper_ssp_200m_strong_v1,8,300,300.0,1200.0,auv_07,enter_exclusion_zone,consequential,DENY,DENY_HARD_EXPIRY,hard_expired,1200.0,PARTITIONED,False,True,True,False,not_low_risk,tr_cdd5f1950a3c_gpu
paper_ssp_200m_strong_v1,8,300,300.0,1200.0,auv_08,exceed_return_energy_reserve,consequential,DENY,DENY_HARD_EXPIRY,hard_expired,1200.0,PARTITIONED,False,True,True,False,not_low_risk,tr_cdd5f1950a3c_gpu
paper_ssp_200m_strong_v1,8,300,300.0,1200.0,auv_09,hold_station,low,DENY,DENY_FORBIDDEN,hard_expired,1200.0,PARTITIONED,False,True,True,False,A_hard_expiry_capsule_contraction,tr_cdd5f1950a3c_gpu
paper_ssp_200m_strong_v1,8,300,300.0,1200.0,auv_10,enter_exclusion_zone,consequential,DENY,DENY_HARD_EXPIRY,hard_expired,1200.0,PARTITIONED,False,True,True,False,not_low_risk,tr_cdd5f1950a3c_gpu
paper_ssp_200m_strong_v1,8,300,300.0,1200.0,auv_11,change_high_level_objective,consequential,DENY,DENY_HARD_EXPIRY,hard_expired,1200.0,PARTITIONED,False,True,True,False,not_low_risk,tr_cdd5f1950a3c_gpu
paper_ssp_200m_strong_v1,8,300,300.0,1220.0,auv_00,bounded_path_correction,low,DENY,DENY_FORBIDDEN,hard_expired,1220.0,PARTITIONED,False,True,True,False,A_hard_expiry_capsule_contraction,tr_cdd5f1950a3c_gpu
paper_ssp_200m_strong_v1,8,300,300.0,1220.0,auv_01,bounded_path_correction,low,DENY,DENY_FORBIDDEN,hard_expired,1220.0,PARTITIONED,False,True,True,False,A_hard_expiry_capsule_contraction,tr_cdd5f1950a3c_gpu
paper_ssp_200m_strong_v1,8,300,300.0,1220.0,auv_02,bounded_path_correction,low,DENY,DENY_FORBIDDEN,hard_expired,1220.0,PARTITIONED,False,True,True,False,A_hard_expiry_capsule_contraction,tr_cdd5f1950a3c_gpu
paper_ssp_200m_strong_v1,8,300,300.0,1220.0,auv_03,bounded_path_correction,low,DENY,DENY_FORBIDDEN,hard_expired,1220.0,PARTITIONED,False,True,True,False,A_hard_expiry_capsule_contraction,tr_cdd5f1950a3c_gpu
paper_ssp_200m_strong_v1,8,300,300.0,1220.0,auv_04,abandon_mandatory_inspection,consequential,DENY,DENY_HARD_EXPIRY,hard_expired,1220.0,PARTITIONED,False,True,True,False,not_low_risk,tr_cdd5f1950a3c_gpu
paper_ssp_200m_strong_v1,8,300,300.0,1220.0,auv_05,bounded_path_correction,low,DENY,DENY_FORBIDDEN,hard_expired,1220.0,PARTITIONED,False,True,True,False,A_hard_expiry_capsule_contraction,tr_cdd5f1950a3c_gpu
paper_ssp_200m_strong_v1,8,300,300.0,1220.0,auv_06,enter_exclusion_zone,consequential,DENY,DENY_HARD_EXPIRY,hard_expired,1220.0,PARTITIONED,False,True,True,False,not_low_risk,tr_cdd5f1950a3c_gpu
paper_ssp_200m_strong_v1,8,300,300.0,1220.0,auv_07,enter_exclusion_zone,consequential,DENY,DENY_HARD_EXPIRY,hard_expired,1220.0,PARTITIONED,False,True,True,False,not_low_risk,tr_cdd5f1950a3c_gpu
paper_ssp_200m_strong_v1,8,300,300.0,1220.0,auv_08,exceed_return_energy_reserve,consequential,DENY,DENY_HARD_EXPIRY,hard_expired,1220.0,PARTITIONED,False,True,True,False,not_low_risk,tr_cdd5f1950a3c_gpu
paper_ssp_200m_strong_v1,8,300,300.0,1220.0,auv_09,hold_station,low,DENY,DENY_FORBIDDEN,hard_expired,1220.0,PARTITIONED,False,True,True,False,A_hard_expiry_capsule_contraction,tr_cdd5f1950a3c_gpu
paper_ssp_200m_strong_v1,8,300,300.0,1220.0,auv_10,enter_exclusion_zone,consequential,DENY,DENY_HARD_EXPIRY,hard_expired,1220.0,PARTITIONED,False,True,True,False,not_low_risk,tr_cdd5f1950a3c_gpu
paper_ssp_200m_strong_v1,8,300,300.0,1220.0,auv_11,bounded_path_correction,low,DENY,DENY_FORBIDDEN,hard_expired,1220.0,PARTITIONED,False,True,True,False,A_hard_expiry_capsule_contraction,tr_cdd5f1950a3c_gpu
paper_ssp_200m_strong_v1,8,300,300.0,1240.0,auv_00,bounded_path_correction,low,DENY,DENY_FORBIDDEN,hard_expired,1240.0,PARTITIONED,False,True,True,False,A_hard_expiry_capsule_contraction,tr_cdd5f1950a3c_gpu
paper_ssp_200m_strong_v1,8,300,300.0,1240.0,auv_01,bounded_path_correction,low,DENY,DENY_FORBIDDEN,hard_expired,1240.0,PARTITIONED,False,True,True,False,A_hard_expiry_capsule_contraction,tr_cdd5f1950a3c_gpu
paper_ssp_200m_strong_v1,8,300,300.0,1240.0,auv_02,bounded_path_correction,low,DENY,DENY_FORBIDDEN,hard_expired,1240.0,PARTITIONED,False,True,True,False,A_hard_expiry_capsule_contraction,tr_cdd5f1950a3c_gpu
paper_ssp_200m_strong_v1,8,300,300.0,1240.0,auv_03,bounded_path_correction,low,DENY,DENY_FORBIDDEN,hard_expired,1240.0,PARTITIONED,False,True,True,False,A_hard_expiry_capsule_contraction,tr_cdd5f1950a3c_gpu
paper_ssp_200m_strong_v1,8,300,300.0,1240.0,auv_04,abandon_mandatory_inspection,consequential,DENY,DENY_HARD_EXPIRY,hard_expired,1240.0,PARTITIONED,False,True,True,False,not_low_risk,tr_cdd5f1950a3c_gpu
paper_ssp_200m_strong_v1,8,300,300.0,1240.0,auv_05,bounded_path_correction,low,DENY,DENY_FORBIDDEN,hard_expired,1240.0,PARTITIONED,False,True,True,False,A_hard_expiry_capsule_contraction,tr_cdd5f1950a3c_gpu
paper_ssp_200m_strong_v1,8,300,300.0,1240.0,auv_06,enter_exclusion_zone,consequential,DENY,DENY_HARD_EXPIRY,hard_expired,1240.0,PARTITIONED,False,True,True,False,not_low_risk,tr_cdd5f1950a3c_gpu
paper_ssp_200m_strong_v1,8,300,300.0,1240.0,auv_07,enter_exclusion_zone,consequential,DENY,DENY_HARD_EXPIRY,hard_expired,1240.0,PARTITIONED,False,True,True,False,not_low_risk,tr_cdd5f1950a3c_gpu
paper_ssp_200m_strong_v1,8,300,300.0,1240.0,auv_08,exceed_return_energy_reserve,consequential,DENY,DENY_HARD_EXPIRY,hard_expired,1240.0,PARTITIONED,False,True,True,False,not_low_risk,tr_cdd5f1950a3c_gpu
paper_ssp_200m_strong_v1,8,300,300.0,1240.0,auv_09,hold_station,low,DENY,DENY_FORBIDDEN,hard_expired,1240.0,PARTITIONED,False,True,True,False,A_hard_expiry_capsule_contraction,tr_cdd5f1950a3c_gpu
paper_ssp_200m_strong_v1,8,300,300.0,1240.0,auv_10,enter_exclusion_zone,consequential,DENY,DENY_HARD_EXPIRY,hard_expired,1240.0,PARTITIONED,False,True,True,False,not_low_risk,tr_cdd5f1950a3c_gpu
paper_ssp_200m_strong_v1,8,300,300.0,1240.0,auv_11,bounded_path_correction,low,DENY,DENY_FORBIDDEN,hard_expired,1240.0,PARTITIONED,False,True,True,False,A_hard_expiry_capsule_contraction,tr_cdd5f1950a3c_gpu
paper_ssp_200m_strong_v1,8,300,300.0,1260.0,auv_00,bounded_path_correction,low,DENY,DENY_FORBIDDEN,hard_expired,1260.0,PARTITIONED,False,True,True,False,A_hard_expiry_capsule_contraction,tr_cdd5f1950a3c_gpu
paper_ssp_200m_strong_v1,8,300,300.0,1260.0,auv_01,bounded_path_correction,low,DENY,DENY_FORBIDDEN,hard_expired,1260.0,PARTITIONED,False,True,True,False,A_hard_expiry_capsule_contraction,tr_cdd5f1950a3c_gpu
paper_ssp_200m_strong_v1,8,300,300.0,1260.0,auv_02,bounded_path_correction,low,DENY,DENY_FORBIDDEN,hard_expired,1260.0,PARTITIONED,False,True,True,False,A_hard_expiry_capsule_contraction,tr_cdd5f1950a3c_gpu
paper_ssp_200m_strong_v1,8,300,300.0,1260.0,auv_03,bounded_path_correction,low,DENY,DENY_FORBIDDEN,hard_expired,1260.0,PARTITIONED,False,True,True,False,A_hard_expiry_capsule_contraction,tr_cdd5f1950a3c_gpu
paper_ssp_200m_strong_v1,8,300,300.0,1260.0,auv_04,abandon_mandatory_inspection,consequential,DENY,DENY_HARD_EXPIRY,hard_expired,1260.0,PARTITIONED,False,True,True,False,not_low_risk,tr_cdd5f1950a3c_gpu
paper_ssp_200m_strong_v1,8,300,300.0,1260.0,auv_05,bounded_path_correction,low,DENY,DENY_FORBIDDEN,hard_expired,1260.0,PARTITIONED,False,True,True,False,A_hard_expiry_capsule_contraction,tr_cdd5f1950a3c_gpu
paper_ssp_200m_strong_v1,8,300,300.0,1260.0,auv_06,enter_exclusion_zone,consequential,DENY,DENY_HARD_EXPIRY,hard_expired,1260.0,PARTITIONED,False,True,True,False,not_low_risk,tr_cdd5f1950a3c_gpu
paper_ssp_200m_strong_v1,8,300,300.0,1260.0,auv_07,enter_exclusion_zone,consequential,DENY,DENY_HARD_EXPIRY,hard_expired,1260.0,PARTITIONED,False,True,True,False,not_low_risk,tr_cdd5f1950a3c_gpu
paper_ssp_200m_strong_v1,8,300,300.0,1260.0,auv_08,exceed_return_energy_reserve,consequential,DENY,DENY_HARD_EXPIRY,hard_expired,1260.0,PARTITIONED,False,True,True,False,not_low_risk,tr_cdd5f1950a3c_gpu
paper_ssp_200m_strong_v1,8,300,300.0,1260.0,auv_09,hold_station,low,DENY,DENY_FORBIDDEN,hard_expired,1260.0,PARTITIONED,False,True,True,False,A_hard_expiry_capsule_contraction,tr_cdd5f1950a3c_gpu
paper_ssp_200m_strong_v1,8,300,300.0,1260.0,auv_10,enter_exclusion_zone,consequential,DENY,DENY_HARD_EXPIRY,hard_expired,1260.0,PARTITIONED,False,True,True,False,not_low_risk,tr_cdd5f1950a3c_gpu
paper_ssp_200m_strong_v1,8,300,300.0,1260.0,auv_11,bounded_path_correction,low,DENY,DENY_FORBIDDEN,hard_expired,1260.0,PARTITIONED,False,True,True,False,A_hard_expiry_capsule_contraction,tr_cdd5f1950a3c_gpu
paper_ssp_200m_strong_v1,8,300,300.0,1280.0,auv_00,bounded_path_correction,low,DENY,DENY_FORBIDDEN,hard_expired,1280.0,PARTITIONED,False,True,True,False,A_hard_expiry_capsule_contraction,tr_cdd5f1950a3c_gpu
paper_ssp_200m_strong_v1,8,300,300.0,1280.0,auv_01,bounded_path_correction,low,DENY,DENY_FORBIDDEN,hard_expired,1280.0,PARTITIONED,False,True,True,False,A_hard_expiry_capsule_contraction,tr_cdd5f1950a3c_gpu
paper_ssp_200m_strong_v1,8,300,300.0,1280.0,auv_02,bounded_path_correction,low,DENY,DENY_FORBIDDEN,hard_expired,1280.0,PARTITIONED,False,True,True,False,A_hard_expiry_capsule_contraction,tr_cdd5f1950a3c_gpu
paper_ssp_200m_strong_v1,8,300,300.0,1280.0,auv_03,bounded_path_correction,low,DENY,DENY_FORBIDDEN,hard_expired,1280.0,PARTITIONED,False,True,True,False,A_hard_expiry_capsule_contraction,tr_cdd5f1950a3c_gpu
paper_ssp_200m_strong_v1,8,300,300.0,1280.0,auv_04,abandon_mandatory_inspection,consequential,DENY,DENY_HARD_EXPIRY,hard_expired,1280.0,PARTITIONED,False,True,True,False,not_low_risk,tr_cdd5f1950a3c_gpu
paper_ssp_200m_strong_v1,8,300,300.0,1280.0,auv_05,bounded_path_correction,low,DENY,DENY_FORBIDDEN,hard_expired,1280.0,PARTITIONED,False,True,True,False,A_hard_expiry_capsule_contraction,tr_cdd5f1950a3c_gpu
paper_ssp_200m_strong_v1,8,300,300.0,1280.0,auv_06,enter_exclusion_zone,consequential,DENY,DENY_HARD_EXPIRY,hard_expired,1280.0,PARTITIONED,False,True,True,False,not_low_risk,tr_cdd5f1950a3c_gpu
paper_ssp_200m_strong_v1,8,300,300.0,1280.0,auv_07,enter_exclusion_zone,consequential,DENY,DENY_HARD_EXPIRY,hard_expired,1280.0,PARTITIONED,False,True,True,False,not_low_risk,tr_cdd5f1950a3c_gpu
paper_ssp_200m_strong_v1,8,300,300.0,1280.0,auv_08,exceed_return_energy_reserve,consequential,DENY,DENY_HARD_EXPIRY,hard_expired,1280.0,PARTITIONED,False,True,True,False,not_low_risk,tr_cdd5f1950a3c_gpu
paper_ssp_200m_strong_v1,8,300,300.0,1280.0,auv_09,hold_station,low,DENY,DENY_FORBIDDEN,hard_expired,1280.0,PARTITIONED,False,True,True,False,A_hard_expiry_capsule_contraction,tr_cdd5f1950a3c_gpu
paper_ssp_200m_strong_v1,8,300,300.0,1280.0,auv_10,enter_exclusion_zone,consequential,DENY,DENY_HARD_EXPIRY,hard_expired,1280.0,PARTITIONED,False,True,True,False,not_low_risk,tr_cdd5f1950a3c_gpu
paper_ssp_200m_strong_v1,8,300,300.0,1280.0,auv_11,change_high_level_objective,consequential,DENY,DENY_HARD_EXPIRY,hard_expired,1280.0,PARTITIONED,False,True,True,False,not_low_risk,tr_cdd5f1950a3c_gpu
paper_ssp_200m_strong_v1,8,300,300.0,1300.0,auv_00,bounded_path_correction,low,DENY,DENY_FORBIDDEN,hard_expired,1300.0,PARTITIONED,False,True,True,False,A_hard_expiry_capsule_contraction,tr_cdd5f1950a3c_gpu
paper_ssp_200m_strong_v1,8,300,300.0,1300.0,auv_01,bounded_path_correction,low,DENY,DENY_FORBIDDEN,hard_expired,1300.0,PARTITIONED,False,True,True,False,A_hard_expiry_capsule_contraction,tr_cdd5f1950a3c_gpu
paper_ssp_200m_strong_v1,8,300,300.0,1300.0,auv_02,bounded_path_correction,low,DENY,DENY_FORBIDDEN,hard_expired,1300.0,PARTITIONED,False,True,True,False,A_hard_expiry_capsule_contraction,tr_cdd5f1950a3c_gpu
paper_ssp_200m_strong_v1,8,300,300.0,1300.0,auv_03,bounded_path_correction,low,DENY,DENY_FORBIDDEN,hard_expired,1300.0,PARTITIONED,False,True,True,False,A_hard_expiry_capsule_contraction,tr_cdd5f1950a3c_gpu
paper_ssp_200m_strong_v1,8,300,300.0,1300.0,auv_04,abandon_mandatory_inspection,consequential,DENY,DENY_HARD_EXPIRY,hard_expired,1300.0,PARTITIONED,False,True,True,False,not_low_risk,tr_cdd5f1950a3c_gpu
paper_ssp_200m_strong_v1,8,300,300.0,1300.0,auv_05,bounded_path_correction,low,DENY,DENY_FORBIDDEN,hard_expired,1300.0,PARTITIONED,False,True,True,False,A_hard_expiry_capsule_contraction,tr_cdd5f1950a3c_gpu
paper_ssp_200m_strong_v1,8,300,300.0,1300.0,auv_06,enter_exclusion_zone,consequential,DENY,DENY_HARD_EXPIRY,hard_expired,1300.0,PARTITIONED,False,True,True,False,not_low_risk,tr_cdd5f1950a3c_gpu
paper_ssp_200m_strong_v1,8,300,300.0,1300.0,auv_07,enter_exclusion_zone,consequential,DENY,DENY_HARD_EXPIRY,hard_expired,1300.0,PARTITIONED,False,True,True,False,not_low_risk,tr_cdd5f1950a3c_gpu
paper_ssp_200m_strong_v1,8,300,300.0,1300.0,auv_08,exceed_return_energy_reserve,consequential,DENY,DENY_HARD_EXPIRY,hard_expired,1300.0,PARTITIONED,False,True,True,False,not_low_risk,tr_cdd5f1950a3c_gpu
paper_ssp_200m_strong_v1,8,300,300.0,1300.0,auv_09,hold_station,low,DENY,DENY_FORBIDDEN,hard_expired,1300.0,PARTITIONED,False,True,True,False,A_hard_expiry_capsule_contraction,tr_cdd5f1950a3c_gpu
paper_ssp_200m_strong_v1,8,300,300.0,1300.0,auv_10,enter_exclusion_zone,consequential,DENY,DENY_HARD_EXPIRY,hard_expired,1300.0,PARTITIONED,False,True,True,False,not_low_risk,tr_cdd5f1950a3c_gpu
paper_ssp_200m_strong_v1,8,300,300.0,1300.0,auv_11,bounded_path_correction,low,DENY,DENY_FORBIDDEN,hard_expired,1300.0,PARTITIONED,False,True,True,False,A_hard_expiry_capsule_contraction,tr_cdd5f1950a3c_gpu
paper_ssp_200m_strong_v1,8,300,300.0,1320.0,auv_00,bounded_path_correction,low,DENY,DENY_FORBIDDEN,hard_expired,1320.0,PARTITIONED,False,True,True,False,A_hard_expiry_capsule_contraction,tr_cdd5f1950a3c_gpu
paper_ssp_200m_strong_v1,8,300,300.0,1320.0,auv_01,bounded_path_correction,low,DENY,DENY_FORBIDDEN,hard_expired,1320.0,PARTITIONED,False,True,True,False,A_hard_expiry_capsule_contraction,tr_cdd5f1950a3c_gpu
paper_ssp_200m_strong_v1,8,300,300.0,1320.0,auv_02,bounded_path_correction,low,DENY,DENY_FORBIDDEN,hard_expired,1320.0,PARTITIONED,False,True,True,False,A_hard_expiry_capsule_contraction,tr_cdd5f1950a3c_gpu
paper_ssp_200m_strong_v1,8,300,300.0,1320.0,auv_03,bounded_path_correction,low,DENY,DENY_FORBIDDEN,hard_expired,1320.0,PARTITIONED,False,True,True,False,A_hard_expiry_capsule_contraction,tr_cdd5f1950a3c_gpu
paper_ssp_200m_strong_v1,8,300,300.0,1320.0,auv_04,abandon_mandatory_inspection,consequential,DENY,DENY_HARD_EXPIRY,hard_expired,1320.0,PARTITIONED,False,True,True,False,not_low_risk,tr_cdd5f1950a3c_gpu
paper_ssp_200m_strong_v1,8,300,300.0,1320.0,auv_05,bounded_path_correction,low,DENY,DENY_FORBIDDEN,hard_expired,1320.0,PARTITIONED,False,True,True,False,A_hard_expiry_capsule_contraction,tr_cdd5f1950a3c_gpu
paper_ssp_200m_strong_v1,8,300,300.0,1320.0,auv_06,enter_exclusion_zone,consequential,DENY,DENY_HARD_EXPIRY,hard_expired,1320.0,PARTITIONED,False,True,True,False,not_low_risk,tr_cdd5f1950a3c_gpu
paper_ssp_200m_strong_v1,8,300,300.0,1320.0,auv_07,enter_exclusion_zone,consequential,DENY,DENY_HARD_EXPIRY,hard_expired,1320.0,PARTITIONED,False,True,True,False,not_low_risk,tr_cdd5f1950a3c_gpu
paper_ssp_200m_strong_v1,8,300,300.0,1320.0,auv_08,exceed_return_energy_reserve,consequential,DENY,DENY_HARD_EXPIRY,hard_expired,1320.0,PARTITIONED,False,True,True,False,not_low_risk,tr_cdd5f1950a3c_gpu
paper_ssp_200m_strong_v1,8,300,300.0,1320.0,auv_09,hold_station,low,DENY,DENY_FORBIDDEN,hard_expired,1320.0,PARTITIONED,False,True,True,False,A_hard_expiry_capsule_contraction,tr_cdd5f1950a3c_gpu
paper_ssp_200m_strong_v1,8,300,300.0,1320.0,auv_10,enter_exclusion_zone,consequential,DENY,DENY_HARD_EXPIRY,hard_expired,1320.0,PARTITIONED,False,True,True,False,not_low_risk,tr_cdd5f1950a3c_gpu
paper_ssp_200m_strong_v1,8,300,300.0,1320.0,auv_11,bounded_path_correction,low,DENY,DENY_FORBIDDEN,hard_expired,1320.0,PARTITIONED,False,True,True,False,A_hard_expiry_capsule_contraction,tr_cdd5f1950a3c_gpu
paper_ssp_200m_strong_v1,8,300,300.0,1340.0,auv_00,bounded_path_correction,low,DENY,DENY_FORBIDDEN,hard_expired,1340.0,PARTITIONED,False,True,True,False,A_hard_expiry_capsule_contraction,tr_cdd5f1950a3c_gpu
paper_ssp_200m_strong_v1,8,300,300.0,1340.0,auv_01,bounded_path_correction,low,DENY,DENY_FORBIDDEN,hard_expired,1340.0,PARTITIONED,False,True,True,False,A_hard_expiry_capsule_contraction,tr_cdd5f1950a3c_gpu
paper_ssp_200m_strong_v1,8,300,300.0,1340.0,auv_02,bounded_path_correction,low,DENY,DENY_FORBIDDEN,hard_expired,1340.0,PARTITIONED,False,True,True,False,A_hard_expiry_capsule_contraction,tr_cdd5f1950a3c_gpu
paper_ssp_200m_strong_v1,8,300,300.0,1340.0,auv_03,bounded_path_correction,low,DENY,DENY_FORBIDDEN,hard_expired,1340.0,PARTITIONED,False,True,True,False,A_hard_expiry_capsule_contraction,tr_cdd5f1950a3c_gpu
paper_ssp_200m_strong_v1,8,300,300.0,1340.0,auv_04,abandon_mandatory_inspection,consequential,DENY,DENY_HARD_EXPIRY,hard_expired,1340.0,PARTITIONED,False,True,True,False,not_low_risk,tr_cdd5f1950a3c_gpu
paper_ssp_200m_strong_v1,8,300,300.0,1340.0,auv_05,bounded_path_correction,low,DENY,DENY_FORBIDDEN,hard_expired,1340.0,PARTITIONED,False,True,True,False,A_hard_expiry_capsule_contraction,tr_cdd5f1950a3c_gpu
paper_ssp_200m_strong_v1,8,300,300.0,1340.0,auv_06,enter_exclusion_zone,consequential,DENY,DENY_HARD_EXPIRY,hard_expired,1340.0,PARTITIONED,False,True,True,False,not_low_risk,tr_cdd5f1950a3c_gpu
paper_ssp_200m_strong_v1,8,300,300.0,1340.0,auv_07,enter_exclusion_zone,consequential,DENY,DENY_HARD_EXPIRY,hard_expired,1340.0,PARTITIONED,False,True,True,False,not_low_risk,tr_cdd5f1950a3c_gpu
paper_ssp_200m_strong_v1,8,300,300.0,1340.0,auv_08,exceed_return_energy_reserve,consequential,DENY,DENY_HARD_EXPIRY,hard_expired,1340.0,PARTITIONED,False,True,True,False,not_low_risk,tr_cdd5f1950a3c_gpu
paper_ssp_200m_strong_v1,8,300,300.0,1340.0,auv_09,hold_station,low,DENY,DENY_FORBIDDEN,hard_expired,1340.0,PARTITIONED,False,True,True,False,A_hard_expiry_capsule_contraction,tr_cdd5f1950a3c_gpu
paper_ssp_200m_strong_v1,8,300,300.0,1340.0,auv_10,enter_exclusion_zone,consequential,DENY,DENY_HARD_EXPIRY,hard_expired,1340.0,PARTITIONED,False,True,True,False,not_low_risk,tr_cdd5f1950a3c_gpu
paper_ssp_200m_strong_v1,8,300,300.0,1340.0,auv_11,bounded_path_correction,low,DENY,DENY_FORBIDDEN,hard_expired,1340.0,PARTITIONED,False,True,True,False,A_hard_expiry_capsule_contraction,tr_cdd5f1950a3c_gpu
paper_ssp_200m_strong_v1,8,300,300.0,1360.0,auv_00,bounded_path_correction,low,DENY,DENY_FORBIDDEN,hard_expired,1360.0,PARTITIONED,False,True,True,False,A_hard_expiry_capsule_contraction,tr_cdd5f1950a3c_gpu
paper_ssp_200m_strong_v1,8,300,300.0,1360.0,auv_01,bounded_path_correction,low,DENY,DENY_FORBIDDEN,hard_expired,1360.0,PARTITIONED,False,True,True,False,A_hard_expiry_capsule_contraction,tr_cdd5f1950a3c_gpu
paper_ssp_200m_strong_v1,8,300,300.0,1360.0,auv_02,bounded_path_correction,low,DENY,DENY_FORBIDDEN,hard_expired,1360.0,PARTITIONED,False,True,True,False,A_hard_expiry_capsule_contraction,tr_cdd5f1950a3c_gpu
paper_ssp_200m_strong_v1,8,300,300.0,1360.0,auv_03,bounded_path_correction,low,DENY,DENY_FORBIDDEN,hard_expired,1360.0,PARTITIONED,False,True,True,False,A_hard_expiry_capsule_contraction,tr_cdd5f1950a3c_gpu
paper_ssp_200m_strong_v1,8,300,300.0,1360.0,auv_04,abandon_mandatory_inspection,consequential,DENY,DENY_HARD_EXPIRY,hard_expired,1360.0,PARTITIONED,False,True,True,False,not_low_risk,tr_cdd5f1950a3c_gpu
paper_ssp_200m_strong_v1,8,300,300.0,1360.0,auv_05,bounded_path_correction,low,DENY,DENY_FORBIDDEN,hard_expired,1360.0,PARTITIONED,False,True,True,False,A_hard_expiry_capsule_contraction,tr_cdd5f1950a3c_gpu
paper_ssp_200m_strong_v1,8,300,300.0,1360.0,auv_06,enter_exclusion_zone,consequential,DENY,DENY_HARD_EXPIRY,hard_expired,1360.0,PARTITIONED,False,True,True,False,not_low_risk,tr_cdd5f1950a3c_gpu
paper_ssp_200m_strong_v1,8,300,300.0,1360.0,auv_07,enter_exclusion_zone,consequential,DENY,DENY_HARD_EXPIRY,hard_expired,1360.0,PARTITIONED,False,True,True,False,not_low_risk,tr_cdd5f1950a3c_gpu
paper_ssp_200m_strong_v1,8,300,300.0,1360.0,auv_08,exceed_return_energy_reserve,consequential,DENY,DENY_HARD_EXPIRY,hard_expired,1360.0,PARTITIONED,False,True,True,False,not_low_risk,tr_cdd5f1950a3c_gpu
paper_ssp_200m_strong_v1,8,300,300.0,1360.0,auv_09,hold_station,low,DENY,DENY_FORBIDDEN,hard_expired,1360.0,PARTITIONED,False,True,True,False,A_hard_expiry_capsule_contraction,tr_cdd5f1950a3c_gpu
paper_ssp_200m_strong_v1,8,300,300.0,1360.0,auv_10,enter_exclusion_zone,consequential,DENY,DENY_HARD_EXPIRY,hard_expired,1360.0,PARTITIONED,False,True,True,False,not_low_risk,tr_cdd5f1950a3c_gpu
paper_ssp_200m_strong_v1,8,300,300.0,1360.0,auv_11,change_high_level_objective,consequential,DENY,DENY_HARD_EXPIRY,hard_expired,1360.0,PARTITIONED,False,True,True,False,not_low_risk,tr_cdd5f1950a3c_gpu
paper_ssp_200m_strong_v1,8,300,300.0,1380.0,auv_00,bounded_path_correction,low,DENY,DENY_FORBIDDEN,hard_expired,1380.0,PARTITIONED,False,True,True,False,A_hard_expiry_capsule_contraction,tr_cdd5f1950a3c_gpu
paper_ssp_200m_strong_v1,8,300,300.0,1380.0,auv_01,bounded_path_correction,low,DENY,DENY_FORBIDDEN,hard_expired,1380.0,PARTITIONED,False,True,True,False,A_hard_expiry_capsule_contraction,tr_cdd5f1950a3c_gpu
paper_ssp_200m_strong_v1,8,300,300.0,1380.0,auv_02,bounded_path_correction,low,DENY,DENY_FORBIDDEN,hard_expired,1380.0,PARTITIONED,False,True,True,False,A_hard_expiry_capsule_contraction,tr_cdd5f1950a3c_gpu
paper_ssp_200m_strong_v1,8,300,300.0,1380.0,auv_03,bounded_path_correction,low,DENY,DENY_FORBIDDEN,hard_expired,1380.0,PARTITIONED,False,True,True,False,A_hard_expiry_capsule_contraction,tr_cdd5f1950a3c_gpu
paper_ssp_200m_strong_v1,8,300,300.0,1380.0,auv_04,abandon_mandatory_inspection,consequential,DENY,DENY_HARD_EXPIRY,hard_expired,1380.0,PARTITIONED,False,True,True,False,not_low_risk,tr_cdd5f1950a3c_gpu
paper_ssp_200m_strong_v1,8,300,300.0,1380.0,auv_05,bounded_path_correction,low,DENY,DENY_FORBIDDEN,hard_expired,1380.0,PARTITIONED,False,True,True,False,A_hard_expiry_capsule_contraction,tr_cdd5f1950a3c_gpu
paper_ssp_200m_strong_v1,8,300,300.0,1380.0,auv_06,enter_exclusion_zone,consequential,DENY,DENY_HARD_EXPIRY,hard_expired,1380.0,PARTITIONED,False,True,True,False,not_low_risk,tr_cdd5f1950a3c_gpu
paper_ssp_200m_strong_v1,8,300,300.0,1380.0,auv_07,enter_exclusion_zone,consequential,DENY,DENY_HARD_EXPIRY,hard_expired,1380.0,PARTITIONED,False,True,True,False,not_low_risk,tr_cdd5f1950a3c_gpu
paper_ssp_200m_strong_v1,8,300,300.0,1380.0,auv_08,exceed_return_energy_reserve,consequential,DENY,DENY_HARD_EXPIRY,hard_expired,1380.0,PARTITIONED,False,True,True,False,not_low_risk,tr_cdd5f1950a3c_gpu
paper_ssp_200m_strong_v1,8,300,300.0,1380.0,auv_09,hold_station,low,DENY,DENY_FORBIDDEN,hard_expired,1380.0,PARTITIONED,False,True,True,False,A_hard_expiry_capsule_contraction,tr_cdd5f1950a3c_gpu
paper_ssp_200m_strong_v1,8,300,300.0,1380.0,auv_10,enter_exclusion_zone,consequential,DENY,DENY_HARD_EXPIRY,hard_expired,1380.0,PARTITIONED,False,True,True,False,not_low_risk,tr_cdd5f1950a3c_gpu
paper_ssp_200m_strong_v1,8,300,300.0,1380.0,auv_11,bounded_path_correction,low,DENY,DENY_FORBIDDEN,hard_expired,1380.0,PARTITIONED,False,True,True,False,A_hard_expiry_capsule_contraction,tr_cdd5f1950a3c_gpu
paper_ssp_200m_strong_v1,8,500,500.0,900.0,auv_00,bounded_path_correction,low,DENY,DENY_FORBIDDEN,hard_expired,900.0,PARTITIONED,False,True,True,False,A_hard_expiry_capsule_contraction,tr_cdd5f1950a3c_gpu
paper_ssp_200m_strong_v1,8,500,500.0,900.0,auv_01,bounded_path_correction,low,DENY,DENY_FORBIDDEN,hard_expired,900.0,PARTITIONED,False,True,True,False,A_hard_expiry_capsule_contraction,tr_cdd5f1950a3c_gpu
paper_ssp_200m_strong_v1,8,500,500.0,900.0,auv_02,bounded_path_correction,low,DENY,DENY_FORBIDDEN,hard_expired,900.0,PARTITIONED,False,True,True,False,A_hard_expiry_capsule_contraction,tr_cdd5f1950a3c_gpu
paper_ssp_200m_strong_v1,8,500,500.0,900.0,auv_03,bounded_path_correction,low,DENY,DENY_FORBIDDEN,hard_expired,900.0,PARTITIONED,False,True,True,False,A_hard_expiry_capsule_contraction,tr_cdd5f1950a3c_gpu
paper_ssp_200m_strong_v1,8,500,500.0,900.0,auv_04,abandon_mandatory_inspection,consequential,DENY,DENY_HARD_EXPIRY,hard_expired,900.0,PARTITIONED,False,True,True,False,not_low_risk,tr_cdd5f1950a3c_gpu
paper_ssp_200m_strong_v1,8,500,500.0,900.0,auv_05,bounded_path_correction,low,DENY,DENY_FORBIDDEN,hard_expired,900.0,PARTITIONED,False,True,True,False,A_hard_expiry_capsule_contraction,tr_cdd5f1950a3c_gpu
paper_ssp_200m_strong_v1,8,500,500.0,900.0,auv_06,enter_exclusion_zone,consequential,DENY,DENY_HARD_EXPIRY,hard_expired,900.0,PARTITIONED,False,True,True,False,not_low_risk,tr_cdd5f1950a3c_gpu
paper_ssp_200m_strong_v1,8,500,500.0,900.0,auv_07,enter_exclusion_zone,consequential,DENY,DENY_HARD_EXPIRY,hard_expired,900.0,PARTITIONED,False,True,True,False,not_low_risk,tr_cdd5f1950a3c_gpu
paper_ssp_200m_strong_v1,8,500,500.0,900.0,auv_08,exceed_return_energy_reserve,consequential,DENY,DENY_HARD_EXPIRY,hard_expired,900.0,PARTITIONED,False,True,True,False,not_low_risk,tr_cdd5f1950a3c_gpu
paper_ssp_200m_strong_v1,8,500,500.0,900.0,auv_09,hold_station,low,DENY,DENY_FORBIDDEN,hard_expired,900.0,PARTITIONED,False,True,True,False,A_hard_expiry_capsule_contraction,tr_cdd5f1950a3c_gpu
paper_ssp_200m_strong_v1,8,500,500.0,900.0,auv_10,enter_exclusion_zone,consequential,DENY,DENY_HARD_EXPIRY,hard_expired,900.0,PARTITIONED,False,True,True,False,not_low_risk,tr_cdd5f1950a3c_gpu
paper_ssp_200m_strong_v1,8,500,500.0,900.0,auv_11,bounded_path_correction,low,DENY,DENY_FORBIDDEN,hard_expired,900.0,PARTITIONED,False,True,True,False,A_hard_expiry_capsule_contraction,tr_cdd5f1950a3c_gpu
paper_ssp_200m_strong_v1,8,500,500.0,920.0,auv_00,bounded_path_correction,low,DENY,DENY_FORBIDDEN,hard_expired,920.0,PARTITIONED,False,True,True,False,A_hard_expiry_capsule_contraction,tr_cdd5f1950a3c_gpu
paper_ssp_200m_strong_v1,8,500,500.0,920.0,auv_01,bounded_path_correction,low,DENY,DENY_FORBIDDEN,hard_expired,920.0,PARTITIONED,False,True,True,False,A_hard_expiry_capsule_contraction,tr_cdd5f1950a3c_gpu
paper_ssp_200m_strong_v1,8,500,500.0,920.0,auv_02,bounded_path_correction,low,DENY,DENY_FORBIDDEN,hard_expired,920.0,PARTITIONED,False,True,True,False,A_hard_expiry_capsule_contraction,tr_cdd5f1950a3c_gpu
paper_ssp_200m_strong_v1,8,500,500.0,920.0,auv_03,bounded_path_correction,low,DENY,DENY_FORBIDDEN,hard_expired,920.0,PARTITIONED,False,True,True,False,A_hard_expiry_capsule_contraction,tr_cdd5f1950a3c_gpu
paper_ssp_200m_strong_v1,8,500,500.0,920.0,auv_04,abandon_mandatory_inspection,consequential,DENY,DENY_HARD_EXPIRY,hard_expired,920.0,PARTITIONED,False,True,True,False,not_low_risk,tr_cdd5f1950a3c_gpu
paper_ssp_200m_strong_v1,8,500,500.0,920.0,auv_05,bounded_path_correction,low,DENY,DENY_FORBIDDEN,hard_expired,920.0,PARTITIONED,False,True,True,False,A_hard_expiry_capsule_contraction,tr_cdd5f1950a3c_gpu
paper_ssp_200m_strong_v1,8,500,500.0,920.0,auv_06,enter_exclusion_zone,consequential,DENY,DENY_HARD_EXPIRY,hard_expired,920.0,PARTITIONED,False,True,True,False,not_low_risk,tr_cdd5f1950a3c_gpu
paper_ssp_200m_strong_v1,8,500,500.0,920.0,auv_07,enter_exclusion_zone,consequential,DENY,DENY_HARD_EXPIRY,hard_expired,920.0,PARTITIONED,False,True,True,False,not_low_risk,tr_cdd5f1950a3c_gpu
paper_ssp_200m_strong_v1,8,500,500.0,920.0,auv_08,exceed_return_energy_reserve,consequential,DENY,DENY_HARD_EXPIRY,hard_expired,920.0,PARTITIONED,False,True,True,False,not_low_risk,tr_cdd5f1950a3c_gpu
paper_ssp_200m_strong_v1,8,500,500.0,920.0,auv_09,hold_station,low,DENY,DENY_FORBIDDEN,hard_expired,920.0,PARTITIONED,False,True,True,False,A_hard_expiry_capsule_contraction,tr_cdd5f1950a3c_gpu
paper_ssp_200m_strong_v1,8,500,500.0,920.0,auv_10,enter_exclusion_zone,consequential,DENY,DENY_HARD_EXPIRY,hard_expired,920.0,PARTITIONED,False,True,True,False,not_low_risk,tr_cdd5f1950a3c_gpu
paper_ssp_200m_strong_v1,8,500,500.0,920.0,auv_11,bounded_path_correction,low,DENY,DENY_FORBIDDEN,hard_expired,920.0,PARTITIONED,False,True,True,False,A_hard_expiry_capsule_contraction,tr_cdd5f1950a3c_gpu
paper_ssp_200m_strong_v1,8,500,500.0,940.0,auv_00,bounded_path_correction,low,DENY,DENY_FORBIDDEN,hard_expired,940.0,PARTITIONED,False,True,True,False,A_hard_expiry_capsule_contraction,tr_cdd5f1950a3c_gpu
paper_ssp_200m_strong_v1,8,500,500.0,940.0,auv_01,bounded_path_correction,low,DENY,DENY_FORBIDDEN,hard_expired,940.0,PARTITIONED,False,True,True,False,A_hard_expiry_capsule_contraction,tr_cdd5f1950a3c_gpu
paper_ssp_200m_strong_v1,8,500,500.0,940.0,auv_02,bounded_path_correction,low,DENY,DENY_FORBIDDEN,hard_expired,940.0,PARTITIONED,False,True,True,False,A_hard_expiry_capsule_contraction,tr_cdd5f1950a3c_gpu
paper_ssp_200m_strong_v1,8,500,500.0,940.0,auv_03,bounded_path_correction,low,DENY,DENY_FORBIDDEN,hard_expired,940.0,PARTITIONED,False,True,True,False,A_hard_expiry_capsule_contraction,tr_cdd5f1950a3c_gpu
paper_ssp_200m_strong_v1,8,500,500.0,940.0,auv_04,abandon_mandatory_inspection,consequential,DENY,DENY_HARD_EXPIRY,hard_expired,940.0,PARTITIONED,False,True,True,False,not_low_risk,tr_cdd5f1950a3c_gpu
paper_ssp_200m_strong_v1,8,500,500.0,940.0,auv_05,bounded_path_correction,low,DENY,DENY_FORBIDDEN,hard_expired,940.0,PARTITIONED,False,True,True,False,A_hard_expiry_capsule_contraction,tr_cdd5f1950a3c_gpu
paper_ssp_200m_strong_v1,8,500,500.0,940.0,auv_06,enter_exclusion_zone,consequential,DENY,DENY_HARD_EXPIRY,hard_expired,940.0,PARTITIONED,False,True,True,False,not_low_risk,tr_cdd5f1950a3c_gpu
paper_ssp_200m_strong_v1,8,500,500.0,940.0,auv_07,enter_exclusion_zone,consequential,DENY,DENY_HARD_EXPIRY,hard_expired,940.0,PARTITIONED,False,True,True,False,not_low_risk,tr_cdd5f1950a3c_gpu
paper_ssp_200m_strong_v1,8,500,500.0,940.0,auv_08,exceed_return_energy_reserve,consequential,DENY,DENY_HARD_EXPIRY,hard_expired,940.0,PARTITIONED,False,True,True,False,not_low_risk,tr_cdd5f1950a3c_gpu
paper_ssp_200m_strong_v1,8,500,500.0,940.0,auv_09,hold_station,low,DENY,DENY_FORBIDDEN,hard_expired,940.0,PARTITIONED,False,True,True,False,A_hard_expiry_capsule_contraction,tr_cdd5f1950a3c_gpu
paper_ssp_200m_strong_v1,8,500,500.0,940.0,auv_10,enter_exclusion_zone,consequential,DENY,DENY_HARD_EXPIRY,hard_expired,940.0,PARTITIONED,False,True,True,False,not_low_risk,tr_cdd5f1950a3c_gpu
paper_ssp_200m_strong_v1,8,500,500.0,940.0,auv_11,bounded_path_correction,low,DENY,DENY_FORBIDDEN,hard_expired,940.0,PARTITIONED,False,True,True,False,A_hard_expiry_capsule_contraction,tr_cdd5f1950a3c_gpu
paper_ssp_200m_strong_v1,8,500,500.0,960.0,auv_00,bounded_path_correction,low,DENY,DENY_FORBIDDEN,hard_expired,960.0,PARTITIONED,False,True,True,False,A_hard_expiry_capsule_contraction,tr_cdd5f1950a3c_gpu
paper_ssp_200m_strong_v1,8,500,500.0,960.0,auv_01,bounded_path_correction,low,DENY,DENY_FORBIDDEN,hard_expired,960.0,PARTITIONED,False,True,True,False,A_hard_expiry_capsule_contraction,tr_cdd5f1950a3c_gpu
paper_ssp_200m_strong_v1,8,500,500.0,960.0,auv_02,bounded_path_correction,low,DENY,DENY_FORBIDDEN,hard_expired,960.0,PARTITIONED,False,True,True,False,A_hard_expiry_capsule_contraction,tr_cdd5f1950a3c_gpu
paper_ssp_200m_strong_v1,8,500,500.0,960.0,auv_03,bounded_path_correction,low,DENY,DENY_FORBIDDEN,hard_expired,960.0,PARTITIONED,False,True,True,False,A_hard_expiry_capsule_contraction,tr_cdd5f1950a3c_gpu
paper_ssp_200m_strong_v1,8,500,500.0,960.0,auv_04,abandon_mandatory_inspection,consequential,DENY,DENY_HARD_EXPIRY,hard_expired,960.0,PARTITIONED,False,True,True,False,not_low_risk,tr_cdd5f1950a3c_gpu
paper_ssp_200m_strong_v1,8,500,500.0,960.0,auv_05,bounded_path_correction,low,DENY,DENY_FORBIDDEN,hard_expired,960.0,PARTITIONED,False,True,True,False,A_hard_expiry_capsule_contraction,tr_cdd5f1950a3c_gpu
paper_ssp_200m_strong_v1,8,500,500.0,960.0,auv_06,enter_exclusion_zone,consequential,DENY,DENY_HARD_EXPIRY,hard_expired,960.0,PARTITIONED,False,True,True,False,not_low_risk,tr_cdd5f1950a3c_gpu
paper_ssp_200m_strong_v1,8,500,500.0,960.0,auv_07,enter_exclusion_zone,consequential,DENY,DENY_HARD_EXPIRY,hard_expired,960.0,PARTITIONED,False,True,True,False,not_low_risk,tr_cdd5f1950a3c_gpu
paper_ssp_200m_strong_v1,8,500,500.0,960.0,auv_08,exceed_return_energy_reserve,consequential,DENY,DENY_HARD_EXPIRY,hard_expired,960.0,PARTITIONED,False,True,True,False,not_low_risk,tr_cdd5f1950a3c_gpu
paper_ssp_200m_strong_v1,8,500,500.0,960.0,auv_09,hold_station,low,DENY,DENY_FORBIDDEN,hard_expired,960.0,PARTITIONED,False,True,True,False,A_hard_expiry_capsule_contraction,tr_cdd5f1950a3c_gpu
paper_ssp_200m_strong_v1,8,500,500.0,960.0,auv_10,enter_exclusion_zone,consequential,DENY,DENY_HARD_EXPIRY,hard_expired,960.0,PARTITIONED,False,True,True,False,not_low_risk,tr_cdd5f1950a3c_gpu
paper_ssp_200m_strong_v1,8,500,500.0,960.0,auv_11,change_high_level_objective,consequential,DENY,DENY_HARD_EXPIRY,hard_expired,960.0,PARTITIONED,False,True,True,False,not_low_risk,tr_cdd5f1950a3c_gpu
paper_ssp_200m_strong_v1,8,500,500.0,980.0,auv_00,bounded_path_correction,low,DENY,DENY_FORBIDDEN,hard_expired,980.0,PARTITIONED,False,True,True,False,A_hard_expiry_capsule_contraction,tr_cdd5f1950a3c_gpu
paper_ssp_200m_strong_v1,8,500,500.0,980.0,auv_01,bounded_path_correction,low,DENY,DENY_FORBIDDEN,hard_expired,980.0,PARTITIONED,False,True,True,False,A_hard_expiry_capsule_contraction,tr_cdd5f1950a3c_gpu
paper_ssp_200m_strong_v1,8,500,500.0,980.0,auv_02,bounded_path_correction,low,DENY,DENY_FORBIDDEN,hard_expired,980.0,PARTITIONED,False,True,True,False,A_hard_expiry_capsule_contraction,tr_cdd5f1950a3c_gpu
paper_ssp_200m_strong_v1,8,500,500.0,980.0,auv_03,bounded_path_correction,low,DENY,DENY_FORBIDDEN,hard_expired,980.0,PARTITIONED,False,True,True,False,A_hard_expiry_capsule_contraction,tr_cdd5f1950a3c_gpu
paper_ssp_200m_strong_v1,8,500,500.0,980.0,auv_04,abandon_mandatory_inspection,consequential,DENY,DENY_HARD_EXPIRY,hard_expired,980.0,PARTITIONED,False,True,True,False,not_low_risk,tr_cdd5f1950a3c_gpu
paper_ssp_200m_strong_v1,8,500,500.0,980.0,auv_05,bounded_path_correction,low,DENY,DENY_FORBIDDEN,hard_expired,980.0,PARTITIONED,False,True,True,False,A_hard_expiry_capsule_contraction,tr_cdd5f1950a3c_gpu
paper_ssp_200m_strong_v1,8,500,500.0,980.0,auv_06,enter_exclusion_zone,consequential,DENY,DENY_HARD_EXPIRY,hard_expired,980.0,PARTITIONED,False,True,True,False,not_low_risk,tr_cdd5f1950a3c_gpu
paper_ssp_200m_strong_v1,8,500,500.0,980.0,auv_07,enter_exclusion_zone,consequential,DENY,DENY_HARD_EXPIRY,hard_expired,980.0,PARTITIONED,False,True,True,False,not_low_risk,tr_cdd5f1950a3c_gpu
paper_ssp_200m_strong_v1,8,500,500.0,980.0,auv_08,exceed_return_energy_reserve,consequential,DENY,DENY_HARD_EXPIRY,hard_expired,980.0,PARTITIONED,False,True,True,False,not_low_risk,tr_cdd5f1950a3c_gpu
paper_ssp_200m_strong_v1,8,500,500.0,980.0,auv_09,hold_station,low,DENY,DENY_FORBIDDEN,hard_expired,980.0,PARTITIONED,False,True,True,False,A_hard_expiry_capsule_contraction,tr_cdd5f1950a3c_gpu
paper_ssp_200m_strong_v1,8,500,500.0,980.0,auv_10,enter_exclusion_zone,consequential,DENY,DENY_HARD_EXPIRY,hard_expired,980.0,PARTITIONED,False,True,True,False,not_low_risk,tr_cdd5f1950a3c_gpu
paper_ssp_200m_strong_v1,8,500,500.0,980.0,auv_11,bounded_path_correction,low,DENY,DENY_FORBIDDEN,hard_expired,980.0,PARTITIONED,False,True,True,False,A_hard_expiry_capsule_contraction,tr_cdd5f1950a3c_gpu
paper_ssp_200m_strong_v1,8,500,500.0,1000.0,auv_00,bounded_path_correction,low,DENY,DENY_FORBIDDEN,hard_expired,1000.0,PARTITIONED,False,True,True,False,A_hard_expiry_capsule_contraction,tr_cdd5f1950a3c_gpu
paper_ssp_200m_strong_v1,8,500,500.0,1000.0,auv_01,bounded_path_correction,low,DENY,DENY_FORBIDDEN,hard_expired,1000.0,PARTITIONED,False,True,True,False,A_hard_expiry_capsule_contraction,tr_cdd5f1950a3c_gpu
paper_ssp_200m_strong_v1,8,500,500.0,1000.0,auv_02,bounded_path_correction,low,DENY,DENY_FORBIDDEN,hard_expired,1000.0,PARTITIONED,False,True,True,False,A_hard_expiry_capsule_contraction,tr_cdd5f1950a3c_gpu
paper_ssp_200m_strong_v1,8,500,500.0,1000.0,auv_03,bounded_path_correction,low,DENY,DENY_FORBIDDEN,hard_expired,1000.0,PARTITIONED,False,True,True,False,A_hard_expiry_capsule_contraction,tr_cdd5f1950a3c_gpu
paper_ssp_200m_strong_v1,8,500,500.0,1000.0,auv_04,abandon_mandatory_inspection,consequential,DENY,DENY_HARD_EXPIRY,hard_expired,1000.0,PARTITIONED,False,True,True,False,not_low_risk,tr_cdd5f1950a3c_gpu
paper_ssp_200m_strong_v1,8,500,500.0,1000.0,auv_05,bounded_path_correction,low,DENY,DENY_FORBIDDEN,hard_expired,1000.0,PARTITIONED,False,True,True,False,A_hard_expiry_capsule_contraction,tr_cdd5f1950a3c_gpu
paper_ssp_200m_strong_v1,8,500,500.0,1000.0,auv_06,enter_exclusion_zone,consequential,DENY,DENY_HARD_EXPIRY,hard_expired,1000.0,PARTITIONED,False,True,True,False,not_low_risk,tr_cdd5f1950a3c_gpu
paper_ssp_200m_strong_v1,8,500,500.0,1000.0,auv_07,enter_exclusion_zone,consequential,DENY,DENY_HARD_EXPIRY,hard_expired,1000.0,PARTITIONED,False,True,True,False,not_low_risk,tr_cdd5f1950a3c_gpu
paper_ssp_200m_strong_v1,8,500,500.0,1000.0,auv_08,exceed_return_energy_reserve,consequential,DENY,DENY_HARD_EXPIRY,hard_expired,1000.0,PARTITIONED,False,True,True,False,not_low_risk,tr_cdd5f1950a3c_gpu
paper_ssp_200m_strong_v1,8,500,500.0,1000.0,auv_09,hold_station,low,DENY,DENY_FORBIDDEN,hard_expired,1000.0,PARTITIONED,False,True,True,False,A_hard_expiry_capsule_contraction,tr_cdd5f1950a3c_gpu
paper_ssp_200m_strong_v1,8,500,500.0,1000.0,auv_10,enter_exclusion_zone,consequential,DENY,DENY_HARD_EXPIRY,hard_expired,1000.0,PARTITIONED,False,True,True,False,not_low_risk,tr_cdd5f1950a3c_gpu
paper_ssp_200m_strong_v1,8,500,500.0,1000.0,auv_11,bounded_path_correction,low,DENY,DENY_FORBIDDEN,hard_expired,1000.0,PARTITIONED,False,True,True,False,A_hard_expiry_capsule_contraction,tr_cdd5f1950a3c_gpu
paper_ssp_200m_strong_v1,8,500,500.0,1020.0,auv_00,bounded_path_correction,low,DENY,DENY_FORBIDDEN,hard_expired,1020.0,PARTITIONED,False,True,True,False,A_hard_expiry_capsule_contraction,tr_cdd5f1950a3c_gpu
paper_ssp_200m_strong_v1,8,500,500.0,1020.0,auv_01,bounded_path_correction,low,DENY,DENY_FORBIDDEN,hard_expired,1020.0,PARTITIONED,False,True,True,False,A_hard_expiry_capsule_contraction,tr_cdd5f1950a3c_gpu
paper_ssp_200m_strong_v1,8,500,500.0,1020.0,auv_02,bounded_path_correction,low,DENY,DENY_FORBIDDEN,hard_expired,1020.0,PARTITIONED,False,True,True,False,A_hard_expiry_capsule_contraction,tr_cdd5f1950a3c_gpu
paper_ssp_200m_strong_v1,8,500,500.0,1020.0,auv_03,bounded_path_correction,low,DENY,DENY_FORBIDDEN,hard_expired,1020.0,PARTITIONED,False,True,True,False,A_hard_expiry_capsule_contraction,tr_cdd5f1950a3c_gpu
paper_ssp_200m_strong_v1,8,500,500.0,1020.0,auv_04,abandon_mandatory_inspection,consequential,DENY,DENY_HARD_EXPIRY,hard_expired,1020.0,PARTITIONED,False,True,True,False,not_low_risk,tr_cdd5f1950a3c_gpu
paper_ssp_200m_strong_v1,8,500,500.0,1020.0,auv_05,bounded_path_correction,low,DENY,DENY_FORBIDDEN,hard_expired,1020.0,PARTITIONED,False,True,True,False,A_hard_expiry_capsule_contraction,tr_cdd5f1950a3c_gpu
paper_ssp_200m_strong_v1,8,500,500.0,1020.0,auv_06,enter_exclusion_zone,consequential,DENY,DENY_HARD_EXPIRY,hard_expired,1020.0,PARTITIONED,False,True,True,False,not_low_risk,tr_cdd5f1950a3c_gpu
paper_ssp_200m_strong_v1,8,500,500.0,1020.0,auv_07,enter_exclusion_zone,consequential,DENY,DENY_HARD_EXPIRY,hard_expired,1020.0,PARTITIONED,False,True,True,False,not_low_risk,tr_cdd5f1950a3c_gpu
paper_ssp_200m_strong_v1,8,500,500.0,1020.0,auv_08,exceed_return_energy_reserve,consequential,DENY,DENY_HARD_EXPIRY,hard_expired,1020.0,PARTITIONED,False,True,True,False,not_low_risk,tr_cdd5f1950a3c_gpu
paper_ssp_200m_strong_v1,8,500,500.0,1020.0,auv_09,hold_station,low,DENY,DENY_FORBIDDEN,hard_expired,1020.0,PARTITIONED,False,True,True,False,A_hard_expiry_capsule_contraction,tr_cdd5f1950a3c_gpu
paper_ssp_200m_strong_v1,8,500,500.0,1020.0,auv_10,enter_exclusion_zone,consequential,DENY,DENY_HARD_EXPIRY,hard_expired,1020.0,PARTITIONED,False,True,True,False,not_low_risk,tr_cdd5f1950a3c_gpu
paper_ssp_200m_strong_v1,8,500,500.0,1020.0,auv_11,bounded_path_correction,low,DENY,DENY_FORBIDDEN,hard_expired,1020.0,PARTITIONED,False,True,True,False,A_hard_expiry_capsule_contraction,tr_cdd5f1950a3c_gpu
paper_ssp_200m_strong_v1,8,500,500.0,1040.0,auv_00,bounded_path_correction,low,DENY,DENY_FORBIDDEN,hard_expired,1040.0,PARTITIONED,False,True,True,False,A_hard_expiry_capsule_contraction,tr_cdd5f1950a3c_gpu
paper_ssp_200m_strong_v1,8,500,500.0,1040.0,auv_01,bounded_path_correction,low,DENY,DENY_FORBIDDEN,hard_expired,1040.0,PARTITIONED,False,True,True,False,A_hard_expiry_capsule_contraction,tr_cdd5f1950a3c_gpu
paper_ssp_200m_strong_v1,8,500,500.0,1040.0,auv_02,bounded_path_correction,low,DENY,DENY_FORBIDDEN,hard_expired,1040.0,PARTITIONED,False,True,True,False,A_hard_expiry_capsule_contraction,tr_cdd5f1950a3c_gpu
paper_ssp_200m_strong_v1,8,500,500.0,1040.0,auv_03,bounded_path_correction,low,DENY,DENY_FORBIDDEN,hard_expired,1040.0,PARTITIONED,False,True,True,False,A_hard_expiry_capsule_contraction,tr_cdd5f1950a3c_gpu
paper_ssp_200m_strong_v1,8,500,500.0,1040.0,auv_04,abandon_mandatory_inspection,consequential,DENY,DENY_HARD_EXPIRY,hard_expired,1040.0,PARTITIONED,False,True,True,False,not_low_risk,tr_cdd5f1950a3c_gpu
paper_ssp_200m_strong_v1,8,500,500.0,1040.0,auv_05,bounded_path_correction,low,DENY,DENY_FORBIDDEN,hard_expired,1040.0,PARTITIONED,False,True,True,False,A_hard_expiry_capsule_contraction,tr_cdd5f1950a3c_gpu
paper_ssp_200m_strong_v1,8,500,500.0,1040.0,auv_06,enter_exclusion_zone,consequential,DENY,DENY_HARD_EXPIRY,hard_expired,1040.0,PARTITIONED,False,True,True,False,not_low_risk,tr_cdd5f1950a3c_gpu
paper_ssp_200m_strong_v1,8,500,500.0,1040.0,auv_07,enter_exclusion_zone,consequential,DENY,DENY_HARD_EXPIRY,hard_expired,1040.0,PARTITIONED,False,True,True,False,not_low_risk,tr_cdd5f1950a3c_gpu
paper_ssp_200m_strong_v1,8,500,500.0,1040.0,auv_08,exceed_return_energy_reserve,consequential,DENY,DENY_HARD_EXPIRY,hard_expired,1040.0,PARTITIONED,False,True,True,False,not_low_risk,tr_cdd5f1950a3c_gpu
paper_ssp_200m_strong_v1,8,500,500.0,1040.0,auv_09,hold_station,low,DENY,DENY_FORBIDDEN,hard_expired,1040.0,PARTITIONED,False,True,True,False,A_hard_expiry_capsule_contraction,tr_cdd5f1950a3c_gpu
paper_ssp_200m_strong_v1,8,500,500.0,1040.0,auv_10,enter_exclusion_zone,consequential,DENY,DENY_HARD_EXPIRY,hard_expired,1040.0,PARTITIONED,False,True,True,False,not_low_risk,tr_cdd5f1950a3c_gpu
paper_ssp_200m_strong_v1,8,500,500.0,1040.0,auv_11,change_high_level_objective,consequential,DENY,DENY_HARD_EXPIRY,hard_expired,1040.0,PARTITIONED,False,True,True,False,not_low_risk,tr_cdd5f1950a3c_gpu
paper_ssp_200m_strong_v1,8,500,500.0,1060.0,auv_00,bounded_path_correction,low,DENY,DENY_FORBIDDEN,hard_expired,1060.0,PARTITIONED,False,True,True,False,A_hard_expiry_capsule_contraction,tr_cdd5f1950a3c_gpu
paper_ssp_200m_strong_v1,8,500,500.0,1060.0,auv_01,bounded_path_correction,low,DENY,DENY_FORBIDDEN,hard_expired,1060.0,PARTITIONED,False,True,True,False,A_hard_expiry_capsule_contraction,tr_cdd5f1950a3c_gpu
paper_ssp_200m_strong_v1,8,500,500.0,1060.0,auv_02,bounded_path_correction,low,DENY,DENY_FORBIDDEN,hard_expired,1060.0,PARTITIONED,False,True,True,False,A_hard_expiry_capsule_contraction,tr_cdd5f1950a3c_gpu
paper_ssp_200m_strong_v1,8,500,500.0,1060.0,auv_03,bounded_path_correction,low,DENY,DENY_FORBIDDEN,hard_expired,1060.0,PARTITIONED,False,True,True,False,A_hard_expiry_capsule_contraction,tr_cdd5f1950a3c_gpu
paper_ssp_200m_strong_v1,8,500,500.0,1060.0,auv_04,abandon_mandatory_inspection,consequential,DENY,DENY_HARD_EXPIRY,hard_expired,1060.0,PARTITIONED,False,True,True,False,not_low_risk,tr_cdd5f1950a3c_gpu
paper_ssp_200m_strong_v1,8,500,500.0,1060.0,auv_05,bounded_path_correction,low,DENY,DENY_FORBIDDEN,hard_expired,1060.0,PARTITIONED,False,True,True,False,A_hard_expiry_capsule_contraction,tr_cdd5f1950a3c_gpu
paper_ssp_200m_strong_v1,8,500,500.0,1060.0,auv_06,enter_exclusion_zone,consequential,DENY,DENY_HARD_EXPIRY,hard_expired,1060.0,PARTITIONED,False,True,True,False,not_low_risk,tr_cdd5f1950a3c_gpu
paper_ssp_200m_strong_v1,8,500,500.0,1060.0,auv_07,enter_exclusion_zone,consequential,DENY,DENY_HARD_EXPIRY,hard_expired,1060.0,PARTITIONED,False,True,True,False,not_low_risk,tr_cdd5f1950a3c_gpu
paper_ssp_200m_strong_v1,8,500,500.0,1060.0,auv_08,exceed_return_energy_reserve,consequential,DENY,DENY_HARD_EXPIRY,hard_expired,1060.0,PARTITIONED,False,True,True,False,not_low_risk,tr_cdd5f1950a3c_gpu
paper_ssp_200m_strong_v1,8,500,500.0,1060.0,auv_09,hold_station,low,DENY,DENY_FORBIDDEN,hard_expired,1060.0,PARTITIONED,False,True,True,False,A_hard_expiry_capsule_contraction,tr_cdd5f1950a3c_gpu
paper_ssp_200m_strong_v1,8,500,500.0,1060.0,auv_10,enter_exclusion_zone,consequential,DENY,DENY_HARD_EXPIRY,hard_expired,1060.0,PARTITIONED,False,True,True,False,not_low_risk,tr_cdd5f1950a3c_gpu
paper_ssp_200m_strong_v1,8,500,500.0,1060.0,auv_11,bounded_path_correction,low,DENY,DENY_FORBIDDEN,hard_expired,1060.0,PARTITIONED,False,True,True,False,A_hard_expiry_capsule_contraction,tr_cdd5f1950a3c_gpu
paper_ssp_200m_strong_v1,8,500,500.0,1080.0,auv_00,bounded_path_correction,low,DENY,DENY_FORBIDDEN,hard_expired,1080.0,PARTITIONED,False,True,True,False,A_hard_expiry_capsule_contraction,tr_cdd5f1950a3c_gpu
paper_ssp_200m_strong_v1,8,500,500.0,1080.0,auv_01,bounded_path_correction,low,DENY,DENY_FORBIDDEN,hard_expired,1080.0,PARTITIONED,False,True,True,False,A_hard_expiry_capsule_contraction,tr_cdd5f1950a3c_gpu
paper_ssp_200m_strong_v1,8,500,500.0,1080.0,auv_02,bounded_path_correction,low,DENY,DENY_FORBIDDEN,hard_expired,1080.0,PARTITIONED,False,True,True,False,A_hard_expiry_capsule_contraction,tr_cdd5f1950a3c_gpu
paper_ssp_200m_strong_v1,8,500,500.0,1080.0,auv_03,bounded_path_correction,low,DENY,DENY_FORBIDDEN,hard_expired,1080.0,PARTITIONED,False,True,True,False,A_hard_expiry_capsule_contraction,tr_cdd5f1950a3c_gpu
paper_ssp_200m_strong_v1,8,500,500.0,1080.0,auv_04,abandon_mandatory_inspection,consequential,DENY,DENY_HARD_EXPIRY,hard_expired,1080.0,PARTITIONED,False,True,True,False,not_low_risk,tr_cdd5f1950a3c_gpu
paper_ssp_200m_strong_v1,8,500,500.0,1080.0,auv_05,bounded_path_correction,low,DENY,DENY_FORBIDDEN,hard_expired,1080.0,PARTITIONED,False,True,True,False,A_hard_expiry_capsule_contraction,tr_cdd5f1950a3c_gpu
paper_ssp_200m_strong_v1,8,500,500.0,1080.0,auv_06,enter_exclusion_zone,consequential,DENY,DENY_HARD_EXPIRY,hard_expired,1080.0,PARTITIONED,False,True,True,False,not_low_risk,tr_cdd5f1950a3c_gpu
paper_ssp_200m_strong_v1,8,500,500.0,1080.0,auv_07,enter_exclusion_zone,consequential,DENY,DENY_HARD_EXPIRY,hard_expired,1080.0,PARTITIONED,False,True,True,False,not_low_risk,tr_cdd5f1950a3c_gpu
paper_ssp_200m_strong_v1,8,500,500.0,1080.0,auv_08,exceed_return_energy_reserve,consequential,DENY,DENY_HARD_EXPIRY,hard_expired,1080.0,PARTITIONED,False,True,True,False,not_low_risk,tr_cdd5f1950a3c_gpu
paper_ssp_200m_strong_v1,8,500,500.0,1080.0,auv_09,hold_station,low,DENY,DENY_FORBIDDEN,hard_expired,1080.0,PARTITIONED,False,True,True,False,A_hard_expiry_capsule_contraction,tr_cdd5f1950a3c_gpu
paper_ssp_200m_strong_v1,8,500,500.0,1080.0,auv_10,enter_exclusion_zone,consequential,DENY,DENY_HARD_EXPIRY,hard_expired,1080.0,PARTITIONED,False,True,True,False,not_low_risk,tr_cdd5f1950a3c_gpu
paper_ssp_200m_strong_v1,8,500,500.0,1080.0,auv_11,bounded_path_correction,low,DENY,DENY_FORBIDDEN,hard_expired,1080.0,PARTITIONED,False,True,True,False,A_hard_expiry_capsule_contraction,tr_cdd5f1950a3c_gpu
paper_ssp_200m_strong_v1,8,500,500.0,1100.0,auv_00,bounded_path_correction,low,DENY,DENY_FORBIDDEN,hard_expired,1100.0,PARTITIONED,False,True,True,False,A_hard_expiry_capsule_contraction,tr_cdd5f1950a3c_gpu
paper_ssp_200m_strong_v1,8,500,500.0,1100.0,auv_01,bounded_path_correction,low,DENY,DENY_FORBIDDEN,hard_expired,1100.0,PARTITIONED,False,True,True,False,A_hard_expiry_capsule_contraction,tr_cdd5f1950a3c_gpu
paper_ssp_200m_strong_v1,8,500,500.0,1100.0,auv_02,bounded_path_correction,low,DENY,DENY_FORBIDDEN,hard_expired,1100.0,PARTITIONED,False,True,True,False,A_hard_expiry_capsule_contraction,tr_cdd5f1950a3c_gpu
paper_ssp_200m_strong_v1,8,500,500.0,1100.0,auv_03,bounded_path_correction,low,DENY,DENY_FORBIDDEN,hard_expired,1100.0,PARTITIONED,False,True,True,False,A_hard_expiry_capsule_contraction,tr_cdd5f1950a3c_gpu
paper_ssp_200m_strong_v1,8,500,500.0,1100.0,auv_04,abandon_mandatory_inspection,consequential,DENY,DENY_HARD_EXPIRY,hard_expired,1100.0,PARTITIONED,False,True,True,False,not_low_risk,tr_cdd5f1950a3c_gpu
paper_ssp_200m_strong_v1,8,500,500.0,1100.0,auv_05,bounded_path_correction,low,DENY,DENY_FORBIDDEN,hard_expired,1100.0,PARTITIONED,False,True,True,False,A_hard_expiry_capsule_contraction,tr_cdd5f1950a3c_gpu
paper_ssp_200m_strong_v1,8,500,500.0,1100.0,auv_06,enter_exclusion_zone,consequential,DENY,DENY_HARD_EXPIRY,hard_expired,1100.0,PARTITIONED,False,True,True,False,not_low_risk,tr_cdd5f1950a3c_gpu
paper_ssp_200m_strong_v1,8,500,500.0,1100.0,auv_07,enter_exclusion_zone,consequential,DENY,DENY_HARD_EXPIRY,hard_expired,1100.0,PARTITIONED,False,True,True,False,not_low_risk,tr_cdd5f1950a3c_gpu
paper_ssp_200m_strong_v1,8,500,500.0,1100.0,auv_08,exceed_return_energy_reserve,consequential,DENY,DENY_HARD_EXPIRY,hard_expired,1100.0,PARTITIONED,False,True,True,False,not_low_risk,tr_cdd5f1950a3c_gpu
paper_ssp_200m_strong_v1,8,500,500.0,1100.0,auv_09,hold_station,low,DENY,DENY_FORBIDDEN,hard_expired,1100.0,PARTITIONED,False,True,True,False,A_hard_expiry_capsule_contraction,tr_cdd5f1950a3c_gpu
paper_ssp_200m_strong_v1,8,500,500.0,1100.0,auv_10,enter_exclusion_zone,consequential,DENY,DENY_HARD_EXPIRY,hard_expired,1100.0,PARTITIONED,False,True,True,False,not_low_risk,tr_cdd5f1950a3c_gpu
paper_ssp_200m_strong_v1,8,500,500.0,1100.0,auv_11,bounded_path_correction,low,DENY,DENY_FORBIDDEN,hard_expired,1100.0,PARTITIONED,False,True,True,False,A_hard_expiry_capsule_contraction,tr_cdd5f1950a3c_gpu
paper_ssp_200m_strong_v1,8,500,500.0,1120.0,auv_00,bounded_path_correction,low,DENY,DENY_FORBIDDEN,hard_expired,1120.0,PARTITIONED,False,True,True,False,A_hard_expiry_capsule_contraction,tr_cdd5f1950a3c_gpu
paper_ssp_200m_strong_v1,8,500,500.0,1120.0,auv_01,bounded_path_correction,low,DENY,DENY_FORBIDDEN,hard_expired,1120.0,PARTITIONED,False,True,True,False,A_hard_expiry_capsule_contraction,tr_cdd5f1950a3c_gpu
paper_ssp_200m_strong_v1,8,500,500.0,1120.0,auv_02,bounded_path_correction,low,DENY,DENY_FORBIDDEN,hard_expired,1120.0,PARTITIONED,False,True,True,False,A_hard_expiry_capsule_contraction,tr_cdd5f1950a3c_gpu
paper_ssp_200m_strong_v1,8,500,500.0,1120.0,auv_03,bounded_path_correction,low,DENY,DENY_FORBIDDEN,hard_expired,1120.0,PARTITIONED,False,True,True,False,A_hard_expiry_capsule_contraction,tr_cdd5f1950a3c_gpu
paper_ssp_200m_strong_v1,8,500,500.0,1120.0,auv_04,abandon_mandatory_inspection,consequential,DENY,DENY_HARD_EXPIRY,hard_expired,1120.0,PARTITIONED,False,True,True,False,not_low_risk,tr_cdd5f1950a3c_gpu
paper_ssp_200m_strong_v1,8,500,500.0,1120.0,auv_05,bounded_path_correction,low,DENY,DENY_FORBIDDEN,hard_expired,1120.0,PARTITIONED,False,True,True,False,A_hard_expiry_capsule_contraction,tr_cdd5f1950a3c_gpu
paper_ssp_200m_strong_v1,8,500,500.0,1120.0,auv_06,enter_exclusion_zone,consequential,DENY,DENY_HARD_EXPIRY,hard_expired,1120.0,PARTITIONED,False,True,True,False,not_low_risk,tr_cdd5f1950a3c_gpu
paper_ssp_200m_strong_v1,8,500,500.0,1120.0,auv_07,enter_exclusion_zone,consequential,DENY,DENY_HARD_EXPIRY,hard_expired,1120.0,PARTITIONED,False,True,True,False,not_low_risk,tr_cdd5f1950a3c_gpu
paper_ssp_200m_strong_v1,8,500,500.0,1120.0,auv_08,exceed_return_energy_reserve,consequential,DENY,DENY_HARD_EXPIRY,hard_expired,1120.0,PARTITIONED,False,True,True,False,not_low_risk,tr_cdd5f1950a3c_gpu
paper_ssp_200m_strong_v1,8,500,500.0,1120.0,auv_09,hold_station,low,DENY,DENY_FORBIDDEN,hard_expired,1120.0,PARTITIONED,False,True,True,False,A_hard_expiry_capsule_contraction,tr_cdd5f1950a3c_gpu
paper_ssp_200m_strong_v1,8,500,500.0,1120.0,auv_10,enter_exclusion_zone,consequential,DENY,DENY_HARD_EXPIRY,hard_expired,1120.0,PARTITIONED,False,True,True,False,not_low_risk,tr_cdd5f1950a3c_gpu
paper_ssp_200m_strong_v1,8,500,500.0,1120.0,auv_11,change_high_level_objective,consequential,DENY,DENY_HARD_EXPIRY,hard_expired,1120.0,PARTITIONED,False,True,True,False,not_low_risk,tr_cdd5f1950a3c_gpu
paper_ssp_200m_strong_v1,8,500,500.0,1140.0,auv_00,bounded_path_correction,low,DENY,DENY_FORBIDDEN,hard_expired,1140.0,PARTITIONED,False,True,True,False,A_hard_expiry_capsule_contraction,tr_cdd5f1950a3c_gpu
paper_ssp_200m_strong_v1,8,500,500.0,1140.0,auv_01,bounded_path_correction,low,DENY,DENY_FORBIDDEN,hard_expired,1140.0,PARTITIONED,False,True,True,False,A_hard_expiry_capsule_contraction,tr_cdd5f1950a3c_gpu
paper_ssp_200m_strong_v1,8,500,500.0,1140.0,auv_02,bounded_path_correction,low,DENY,DENY_FORBIDDEN,hard_expired,1140.0,PARTITIONED,False,True,True,False,A_hard_expiry_capsule_contraction,tr_cdd5f1950a3c_gpu
paper_ssp_200m_strong_v1,8,500,500.0,1140.0,auv_03,bounded_path_correction,low,DENY,DENY_FORBIDDEN,hard_expired,1140.0,PARTITIONED,False,True,True,False,A_hard_expiry_capsule_contraction,tr_cdd5f1950a3c_gpu
paper_ssp_200m_strong_v1,8,500,500.0,1140.0,auv_04,abandon_mandatory_inspection,consequential,DENY,DENY_HARD_EXPIRY,hard_expired,1140.0,PARTITIONED,False,True,True,False,not_low_risk,tr_cdd5f1950a3c_gpu
paper_ssp_200m_strong_v1,8,500,500.0,1140.0,auv_05,bounded_path_correction,low,DENY,DENY_FORBIDDEN,hard_expired,1140.0,PARTITIONED,False,True,True,False,A_hard_expiry_capsule_contraction,tr_cdd5f1950a3c_gpu
paper_ssp_200m_strong_v1,8,500,500.0,1140.0,auv_06,exceed_return_energy_reserve,consequential,DENY,DENY_HARD_EXPIRY,hard_expired,1140.0,PARTITIONED,False,True,True,False,not_low_risk,tr_cdd5f1950a3c_gpu
paper_ssp_200m_strong_v1,8,500,500.0,1140.0,auv_07,exceed_return_energy_reserve,consequential,DENY,DENY_HARD_EXPIRY,hard_expired,1140.0,PARTITIONED,False,True,True,False,not_low_risk,tr_cdd5f1950a3c_gpu
paper_ssp_200m_strong_v1,8,500,500.0,1140.0,auv_08,exceed_return_energy_reserve,consequential,DENY,DENY_HARD_EXPIRY,hard_expired,1140.0,PARTITIONED,False,True,True,False,not_low_risk,tr_cdd5f1950a3c_gpu
paper_ssp_200m_strong_v1,8,500,500.0,1140.0,auv_09,hold_station,low,DENY,DENY_FORBIDDEN,hard_expired,1140.0,PARTITIONED,False,True,True,False,A_hard_expiry_capsule_contraction,tr_cdd5f1950a3c_gpu
paper_ssp_200m_strong_v1,8,500,500.0,1140.0,auv_10,exceed_return_energy_reserve,consequential,DENY,DENY_HARD_EXPIRY,hard_expired,1140.0,PARTITIONED,False,True,True,False,not_low_risk,tr_cdd5f1950a3c_gpu
paper_ssp_200m_strong_v1,8,500,500.0,1140.0,auv_11,exceed_return_energy_reserve,consequential,DENY,DENY_HARD_EXPIRY,hard_expired,1140.0,PARTITIONED,False,True,True,False,not_low_risk,tr_cdd5f1950a3c_gpu
paper_ssp_200m_strong_v1,8,500,500.0,1160.0,auv_00,bounded_path_correction,low,DENY,DENY_FORBIDDEN,hard_expired,1160.0,PARTITIONED,False,True,True,False,A_hard_expiry_capsule_contraction,tr_cdd5f1950a3c_gpu
paper_ssp_200m_strong_v1,8,500,500.0,1160.0,auv_01,bounded_path_correction,low,DENY,DENY_FORBIDDEN,hard_expired,1160.0,PARTITIONED,False,True,True,False,A_hard_expiry_capsule_contraction,tr_cdd5f1950a3c_gpu
paper_ssp_200m_strong_v1,8,500,500.0,1160.0,auv_02,bounded_path_correction,low,DENY,DENY_FORBIDDEN,hard_expired,1160.0,PARTITIONED,False,True,True,False,A_hard_expiry_capsule_contraction,tr_cdd5f1950a3c_gpu
paper_ssp_200m_strong_v1,8,500,500.0,1160.0,auv_03,bounded_path_correction,low,DENY,DENY_FORBIDDEN,hard_expired,1160.0,PARTITIONED,False,True,True,False,A_hard_expiry_capsule_contraction,tr_cdd5f1950a3c_gpu
paper_ssp_200m_strong_v1,8,500,500.0,1160.0,auv_04,abandon_mandatory_inspection,consequential,DENY,DENY_HARD_EXPIRY,hard_expired,1160.0,PARTITIONED,False,True,True,False,not_low_risk,tr_cdd5f1950a3c_gpu
paper_ssp_200m_strong_v1,8,500,500.0,1160.0,auv_05,bounded_path_correction,low,DENY,DENY_FORBIDDEN,hard_expired,1160.0,PARTITIONED,False,True,True,False,A_hard_expiry_capsule_contraction,tr_cdd5f1950a3c_gpu
paper_ssp_200m_strong_v1,8,500,500.0,1160.0,auv_06,enter_exclusion_zone,consequential,DENY,DENY_HARD_EXPIRY,hard_expired,1160.0,PARTITIONED,False,True,True,False,not_low_risk,tr_cdd5f1950a3c_gpu
paper_ssp_200m_strong_v1,8,500,500.0,1160.0,auv_07,enter_exclusion_zone,consequential,DENY,DENY_HARD_EXPIRY,hard_expired,1160.0,PARTITIONED,False,True,True,False,not_low_risk,tr_cdd5f1950a3c_gpu
paper_ssp_200m_strong_v1,8,500,500.0,1160.0,auv_08,exceed_return_energy_reserve,consequential,DENY,DENY_HARD_EXPIRY,hard_expired,1160.0,PARTITIONED,False,True,True,False,not_low_risk,tr_cdd5f1950a3c_gpu
paper_ssp_200m_strong_v1,8,500,500.0,1160.0,auv_09,hold_station,low,DENY,DENY_FORBIDDEN,hard_expired,1160.0,PARTITIONED,False,True,True,False,A_hard_expiry_capsule_contraction,tr_cdd5f1950a3c_gpu
paper_ssp_200m_strong_v1,8,500,500.0,1160.0,auv_10,enter_exclusion_zone,consequential,DENY,DENY_HARD_EXPIRY,hard_expired,1160.0,PARTITIONED,False,True,True,False,not_low_risk,tr_cdd5f1950a3c_gpu
paper_ssp_200m_strong_v1,8,500,500.0,1160.0,auv_11,bounded_path_correction,low,DENY,DENY_FORBIDDEN,hard_expired,1160.0,PARTITIONED,False,True,True,False,A_hard_expiry_capsule_contraction,tr_cdd5f1950a3c_gpu
paper_ssp_200m_strong_v1,8,500,500.0,1180.0,auv_00,bounded_path_correction,low,DENY,DENY_FORBIDDEN,hard_expired,1180.0,PARTITIONED,False,True,True,False,A_hard_expiry_capsule_contraction,tr_cdd5f1950a3c_gpu
paper_ssp_200m_strong_v1,8,500,500.0,1180.0,auv_01,bounded_path_correction,low,DENY,DENY_FORBIDDEN,hard_expired,1180.0,PARTITIONED,False,True,True,False,A_hard_expiry_capsule_contraction,tr_cdd5f1950a3c_gpu
paper_ssp_200m_strong_v1,8,500,500.0,1180.0,auv_02,bounded_path_correction,low,DENY,DENY_FORBIDDEN,hard_expired,1180.0,PARTITIONED,False,True,True,False,A_hard_expiry_capsule_contraction,tr_cdd5f1950a3c_gpu
paper_ssp_200m_strong_v1,8,500,500.0,1180.0,auv_03,bounded_path_correction,low,DENY,DENY_FORBIDDEN,hard_expired,1180.0,PARTITIONED,False,True,True,False,A_hard_expiry_capsule_contraction,tr_cdd5f1950a3c_gpu
paper_ssp_200m_strong_v1,8,500,500.0,1180.0,auv_04,abandon_mandatory_inspection,consequential,DENY,DENY_HARD_EXPIRY,hard_expired,1180.0,PARTITIONED,False,True,True,False,not_low_risk,tr_cdd5f1950a3c_gpu
paper_ssp_200m_strong_v1,8,500,500.0,1180.0,auv_05,bounded_path_correction,low,DENY,DENY_FORBIDDEN,hard_expired,1180.0,PARTITIONED,False,True,True,False,A_hard_expiry_capsule_contraction,tr_cdd5f1950a3c_gpu
paper_ssp_200m_strong_v1,8,500,500.0,1180.0,auv_06,enter_exclusion_zone,consequential,DENY,DENY_HARD_EXPIRY,hard_expired,1180.0,PARTITIONED,False,True,True,False,not_low_risk,tr_cdd5f1950a3c_gpu
paper_ssp_200m_strong_v1,8,500,500.0,1180.0,auv_07,enter_exclusion_zone,consequential,DENY,DENY_HARD_EXPIRY,hard_expired,1180.0,PARTITIONED,False,True,True,False,not_low_risk,tr_cdd5f1950a3c_gpu
paper_ssp_200m_strong_v1,8,500,500.0,1180.0,auv_08,exceed_return_energy_reserve,consequential,DENY,DENY_HARD_EXPIRY,hard_expired,1180.0,PARTITIONED,False,True,True,False,not_low_risk,tr_cdd5f1950a3c_gpu
paper_ssp_200m_strong_v1,8,500,500.0,1180.0,auv_09,hold_station,low,DENY,DENY_FORBIDDEN,hard_expired,1180.0,PARTITIONED,False,True,True,False,A_hard_expiry_capsule_contraction,tr_cdd5f1950a3c_gpu
paper_ssp_200m_strong_v1,8,500,500.0,1180.0,auv_10,enter_exclusion_zone,consequential,DENY,DENY_HARD_EXPIRY,hard_expired,1180.0,PARTITIONED,False,True,True,False,not_low_risk,tr_cdd5f1950a3c_gpu
paper_ssp_200m_strong_v1,8,500,500.0,1180.0,auv_11,bounded_path_correction,low,DENY,DENY_FORBIDDEN,hard_expired,1180.0,PARTITIONED,False,True,True,False,A_hard_expiry_capsule_contraction,tr_cdd5f1950a3c_gpu
paper_ssp_200m_strong_v1,8,500,500.0,1200.0,auv_00,bounded_path_correction,low,DENY,DENY_FORBIDDEN,hard_expired,1200.0,PARTITIONED,False,True,True,False,A_hard_expiry_capsule_contraction,tr_cdd5f1950a3c_gpu
paper_ssp_200m_strong_v1,8,500,500.0,1200.0,auv_01,bounded_path_correction,low,DENY,DENY_FORBIDDEN,hard_expired,1200.0,PARTITIONED,False,True,True,False,A_hard_expiry_capsule_contraction,tr_cdd5f1950a3c_gpu
paper_ssp_200m_strong_v1,8,500,500.0,1200.0,auv_02,bounded_path_correction,low,DENY,DENY_FORBIDDEN,hard_expired,1200.0,PARTITIONED,False,True,True,False,A_hard_expiry_capsule_contraction,tr_cdd5f1950a3c_gpu
paper_ssp_200m_strong_v1,8,500,500.0,1200.0,auv_03,bounded_path_correction,low,DENY,DENY_FORBIDDEN,hard_expired,1200.0,PARTITIONED,False,True,True,False,A_hard_expiry_capsule_contraction,tr_cdd5f1950a3c_gpu
paper_ssp_200m_strong_v1,8,500,500.0,1200.0,auv_04,abandon_mandatory_inspection,consequential,DENY,DENY_HARD_EXPIRY,hard_expired,1200.0,PARTITIONED,False,True,True,False,not_low_risk,tr_cdd5f1950a3c_gpu
paper_ssp_200m_strong_v1,8,500,500.0,1200.0,auv_05,bounded_path_correction,low,DENY,DENY_FORBIDDEN,hard_expired,1200.0,PARTITIONED,False,True,True,False,A_hard_expiry_capsule_contraction,tr_cdd5f1950a3c_gpu
paper_ssp_200m_strong_v1,8,500,500.0,1200.0,auv_06,enter_exclusion_zone,consequential,DENY,DENY_HARD_EXPIRY,hard_expired,1200.0,PARTITIONED,False,True,True,False,not_low_risk,tr_cdd5f1950a3c_gpu
paper_ssp_200m_strong_v1,8,500,500.0,1200.0,auv_07,enter_exclusion_zone,consequential,DENY,DENY_HARD_EXPIRY,hard_expired,1200.0,PARTITIONED,False,True,True,False,not_low_risk,tr_cdd5f1950a3c_gpu
paper_ssp_200m_strong_v1,8,500,500.0,1200.0,auv_08,exceed_return_energy_reserve,consequential,DENY,DENY_HARD_EXPIRY,hard_expired,1200.0,PARTITIONED,False,True,True,False,not_low_risk,tr_cdd5f1950a3c_gpu
paper_ssp_200m_strong_v1,8,500,500.0,1200.0,auv_09,hold_station,low,DENY,DENY_FORBIDDEN,hard_expired,1200.0,PARTITIONED,False,True,True,False,A_hard_expiry_capsule_contraction,tr_cdd5f1950a3c_gpu
paper_ssp_200m_strong_v1,8,500,500.0,1200.0,auv_10,enter_exclusion_zone,consequential,DENY,DENY_HARD_EXPIRY,hard_expired,1200.0,PARTITIONED,False,True,True,False,not_low_risk,tr_cdd5f1950a3c_gpu
paper_ssp_200m_strong_v1,8,500,500.0,1200.0,auv_11,change_high_level_objective,consequential,DENY,DENY_HARD_EXPIRY,hard_expired,1200.0,PARTITIONED,False,True,True,False,not_low_risk,tr_cdd5f1950a3c_gpu
paper_ssp_200m_strong_v1,8,500,500.0,1220.0,auv_00,bounded_path_correction,low,DENY,DENY_FORBIDDEN,hard_expired,1220.0,PARTITIONED,False,True,True,False,A_hard_expiry_capsule_contraction,tr_cdd5f1950a3c_gpu
paper_ssp_200m_strong_v1,8,500,500.0,1220.0,auv_01,bounded_path_correction,low,DENY,DENY_FORBIDDEN,hard_expired,1220.0,PARTITIONED,False,True,True,False,A_hard_expiry_capsule_contraction,tr_cdd5f1950a3c_gpu
paper_ssp_200m_strong_v1,8,500,500.0,1220.0,auv_02,bounded_path_correction,low,DENY,DENY_FORBIDDEN,hard_expired,1220.0,PARTITIONED,False,True,True,False,A_hard_expiry_capsule_contraction,tr_cdd5f1950a3c_gpu
paper_ssp_200m_strong_v1,8,500,500.0,1220.0,auv_03,bounded_path_correction,low,DENY,DENY_FORBIDDEN,hard_expired,1220.0,PARTITIONED,False,True,True,False,A_hard_expiry_capsule_contraction,tr_cdd5f1950a3c_gpu
paper_ssp_200m_strong_v1,8,500,500.0,1220.0,auv_04,abandon_mandatory_inspection,consequential,DENY,DENY_HARD_EXPIRY,hard_expired,1220.0,PARTITIONED,False,True,True,False,not_low_risk,tr_cdd5f1950a3c_gpu
paper_ssp_200m_strong_v1,8,500,500.0,1220.0,auv_05,bounded_path_correction,low,DENY,DENY_FORBIDDEN,hard_expired,1220.0,PARTITIONED,False,True,True,False,A_hard_expiry_capsule_contraction,tr_cdd5f1950a3c_gpu
paper_ssp_200m_strong_v1,8,500,500.0,1220.0,auv_06,enter_exclusion_zone,consequential,DENY,DENY_HARD_EXPIRY,hard_expired,1220.0,PARTITIONED,False,True,True,False,not_low_risk,tr_cdd5f1950a3c_gpu
paper_ssp_200m_strong_v1,8,500,500.0,1220.0,auv_07,enter_exclusion_zone,consequential,DENY,DENY_HARD_EXPIRY,hard_expired,1220.0,PARTITIONED,False,True,True,False,not_low_risk,tr_cdd5f1950a3c_gpu
paper_ssp_200m_strong_v1,8,500,500.0,1220.0,auv_08,exceed_return_energy_reserve,consequential,DENY,DENY_HARD_EXPIRY,hard_expired,1220.0,PARTITIONED,False,True,True,False,not_low_risk,tr_cdd5f1950a3c_gpu
paper_ssp_200m_strong_v1,8,500,500.0,1220.0,auv_09,hold_station,low,DENY,DENY_FORBIDDEN,hard_expired,1220.0,PARTITIONED,False,True,True,False,A_hard_expiry_capsule_contraction,tr_cdd5f1950a3c_gpu
paper_ssp_200m_strong_v1,8,500,500.0,1220.0,auv_10,enter_exclusion_zone,consequential,DENY,DENY_HARD_EXPIRY,hard_expired,1220.0,PARTITIONED,False,True,True,False,not_low_risk,tr_cdd5f1950a3c_gpu
paper_ssp_200m_strong_v1,8,500,500.0,1220.0,auv_11,bounded_path_correction,low,DENY,DENY_FORBIDDEN,hard_expired,1220.0,PARTITIONED,False,True,True,False,A_hard_expiry_capsule_contraction,tr_cdd5f1950a3c_gpu
paper_ssp_200m_strong_v1,8,500,500.0,1240.0,auv_00,bounded_path_correction,low,DENY,DENY_FORBIDDEN,hard_expired,1240.0,PARTITIONED,False,True,True,False,A_hard_expiry_capsule_contraction,tr_cdd5f1950a3c_gpu
paper_ssp_200m_strong_v1,8,500,500.0,1240.0,auv_01,bounded_path_correction,low,DENY,DENY_FORBIDDEN,hard_expired,1240.0,PARTITIONED,False,True,True,False,A_hard_expiry_capsule_contraction,tr_cdd5f1950a3c_gpu
paper_ssp_200m_strong_v1,8,500,500.0,1240.0,auv_02,bounded_path_correction,low,DENY,DENY_FORBIDDEN,hard_expired,1240.0,PARTITIONED,False,True,True,False,A_hard_expiry_capsule_contraction,tr_cdd5f1950a3c_gpu
paper_ssp_200m_strong_v1,8,500,500.0,1240.0,auv_03,bounded_path_correction,low,DENY,DENY_FORBIDDEN,hard_expired,1240.0,PARTITIONED,False,True,True,False,A_hard_expiry_capsule_contraction,tr_cdd5f1950a3c_gpu
paper_ssp_200m_strong_v1,8,500,500.0,1240.0,auv_04,abandon_mandatory_inspection,consequential,DENY,DENY_HARD_EXPIRY,hard_expired,1240.0,PARTITIONED,False,True,True,False,not_low_risk,tr_cdd5f1950a3c_gpu
paper_ssp_200m_strong_v1,8,500,500.0,1240.0,auv_05,bounded_path_correction,low,DENY,DENY_FORBIDDEN,hard_expired,1240.0,PARTITIONED,False,True,True,False,A_hard_expiry_capsule_contraction,tr_cdd5f1950a3c_gpu
paper_ssp_200m_strong_v1,8,500,500.0,1240.0,auv_06,enter_exclusion_zone,consequential,DENY,DENY_HARD_EXPIRY,hard_expired,1240.0,PARTITIONED,False,True,True,False,not_low_risk,tr_cdd5f1950a3c_gpu
paper_ssp_200m_strong_v1,8,500,500.0,1240.0,auv_07,enter_exclusion_zone,consequential,DENY,DENY_HARD_EXPIRY,hard_expired,1240.0,PARTITIONED,False,True,True,False,not_low_risk,tr_cdd5f1950a3c_gpu
paper_ssp_200m_strong_v1,8,500,500.0,1240.0,auv_08,exceed_return_energy_reserve,consequential,DENY,DENY_HARD_EXPIRY,hard_expired,1240.0,PARTITIONED,False,True,True,False,not_low_risk,tr_cdd5f1950a3c_gpu
paper_ssp_200m_strong_v1,8,500,500.0,1240.0,auv_09,hold_station,low,DENY,DENY_FORBIDDEN,hard_expired,1240.0,PARTITIONED,False,True,True,False,A_hard_expiry_capsule_contraction,tr_cdd5f1950a3c_gpu
paper_ssp_200m_strong_v1,8,500,500.0,1240.0,auv_10,enter_exclusion_zone,consequential,DENY,DENY_HARD_EXPIRY,hard_expired,1240.0,PARTITIONED,False,True,True,False,not_low_risk,tr_cdd5f1950a3c_gpu
paper_ssp_200m_strong_v1,8,500,500.0,1240.0,auv_11,bounded_path_correction,low,DENY,DENY_FORBIDDEN,hard_expired,1240.0,PARTITIONED,False,True,True,False,A_hard_expiry_capsule_contraction,tr_cdd5f1950a3c_gpu
paper_ssp_200m_strong_v1,8,500,500.0,1260.0,auv_00,bounded_path_correction,low,DENY,DENY_FORBIDDEN,hard_expired,1260.0,PARTITIONED,False,True,True,False,A_hard_expiry_capsule_contraction,tr_cdd5f1950a3c_gpu
paper_ssp_200m_strong_v1,8,500,500.0,1260.0,auv_01,bounded_path_correction,low,DENY,DENY_FORBIDDEN,hard_expired,1260.0,PARTITIONED,False,True,True,False,A_hard_expiry_capsule_contraction,tr_cdd5f1950a3c_gpu
paper_ssp_200m_strong_v1,8,500,500.0,1260.0,auv_02,bounded_path_correction,low,DENY,DENY_FORBIDDEN,hard_expired,1260.0,PARTITIONED,False,True,True,False,A_hard_expiry_capsule_contraction,tr_cdd5f1950a3c_gpu
paper_ssp_200m_strong_v1,8,500,500.0,1260.0,auv_03,bounded_path_correction,low,DENY,DENY_FORBIDDEN,hard_expired,1260.0,PARTITIONED,False,True,True,False,A_hard_expiry_capsule_contraction,tr_cdd5f1950a3c_gpu
paper_ssp_200m_strong_v1,8,500,500.0,1260.0,auv_04,abandon_mandatory_inspection,consequential,DENY,DENY_HARD_EXPIRY,hard_expired,1260.0,PARTITIONED,False,True,True,False,not_low_risk,tr_cdd5f1950a3c_gpu
paper_ssp_200m_strong_v1,8,500,500.0,1260.0,auv_05,bounded_path_correction,low,DENY,DENY_FORBIDDEN,hard_expired,1260.0,PARTITIONED,False,True,True,False,A_hard_expiry_capsule_contraction,tr_cdd5f1950a3c_gpu
paper_ssp_200m_strong_v1,8,500,500.0,1260.0,auv_06,enter_exclusion_zone,consequential,DENY,DENY_HARD_EXPIRY,hard_expired,1260.0,PARTITIONED,False,True,True,False,not_low_risk,tr_cdd5f1950a3c_gpu
paper_ssp_200m_strong_v1,8,500,500.0,1260.0,auv_07,enter_exclusion_zone,consequential,DENY,DENY_HARD_EXPIRY,hard_expired,1260.0,PARTITIONED,False,True,True,False,not_low_risk,tr_cdd5f1950a3c_gpu
paper_ssp_200m_strong_v1,8,500,500.0,1260.0,auv_08,exceed_return_energy_reserve,consequential,DENY,DENY_HARD_EXPIRY,hard_expired,1260.0,PARTITIONED,False,True,True,False,not_low_risk,tr_cdd5f1950a3c_gpu
paper_ssp_200m_strong_v1,8,500,500.0,1260.0,auv_09,hold_station,low,DENY,DENY_FORBIDDEN,hard_expired,1260.0,PARTITIONED,False,True,True,False,A_hard_expiry_capsule_contraction,tr_cdd5f1950a3c_gpu
paper_ssp_200m_strong_v1,8,500,500.0,1260.0,auv_10,enter_exclusion_zone,consequential,DENY,DENY_HARD_EXPIRY,hard_expired,1260.0,PARTITIONED,False,True,True,False,not_low_risk,tr_cdd5f1950a3c_gpu
paper_ssp_200m_strong_v1,8,500,500.0,1260.0,auv_11,bounded_path_correction,low,DENY,DENY_FORBIDDEN,hard_expired,1260.0,PARTITIONED,False,True,True,False,A_hard_expiry_capsule_contraction,tr_cdd5f1950a3c_gpu
paper_ssp_200m_strong_v1,8,500,500.0,1280.0,auv_00,bounded_path_correction,low,DENY,DENY_FORBIDDEN,hard_expired,1280.0,PARTITIONED,False,True,True,False,A_hard_expiry_capsule_contraction,tr_cdd5f1950a3c_gpu
paper_ssp_200m_strong_v1,8,500,500.0,1280.0,auv_01,bounded_path_correction,low,DENY,DENY_FORBIDDEN,hard_expired,1280.0,PARTITIONED,False,True,True,False,A_hard_expiry_capsule_contraction,tr_cdd5f1950a3c_gpu
paper_ssp_200m_strong_v1,8,500,500.0,1280.0,auv_02,bounded_path_correction,low,DENY,DENY_FORBIDDEN,hard_expired,1280.0,PARTITIONED,False,True,True,False,A_hard_expiry_capsule_contraction,tr_cdd5f1950a3c_gpu
paper_ssp_200m_strong_v1,8,500,500.0,1280.0,auv_03,bounded_path_correction,low,DENY,DENY_FORBIDDEN,hard_expired,1280.0,PARTITIONED,False,True,True,False,A_hard_expiry_capsule_contraction,tr_cdd5f1950a3c_gpu
paper_ssp_200m_strong_v1,8,500,500.0,1280.0,auv_04,abandon_mandatory_inspection,consequential,DENY,DENY_HARD_EXPIRY,hard_expired,1280.0,PARTITIONED,False,True,True,False,not_low_risk,tr_cdd5f1950a3c_gpu
paper_ssp_200m_strong_v1,8,500,500.0,1280.0,auv_05,bounded_path_correction,low,DENY,DENY_FORBIDDEN,hard_expired,1280.0,PARTITIONED,False,True,True,False,A_hard_expiry_capsule_contraction,tr_cdd5f1950a3c_gpu
paper_ssp_200m_strong_v1,8,500,500.0,1280.0,auv_06,enter_exclusion_zone,consequential,DENY,DENY_HARD_EXPIRY,hard_expired,1280.0,PARTITIONED,False,True,True,False,not_low_risk,tr_cdd5f1950a3c_gpu
paper_ssp_200m_strong_v1,8,500,500.0,1280.0,auv_07,enter_exclusion_zone,consequential,DENY,DENY_HARD_EXPIRY,hard_expired,1280.0,PARTITIONED,False,True,True,False,not_low_risk,tr_cdd5f1950a3c_gpu
paper_ssp_200m_strong_v1,8,500,500.0,1280.0,auv_08,exceed_return_energy_reserve,consequential,DENY,DENY_HARD_EXPIRY,hard_expired,1280.0,PARTITIONED,False,True,True,False,not_low_risk,tr_cdd5f1950a3c_gpu
paper_ssp_200m_strong_v1,8,500,500.0,1280.0,auv_09,hold_station,low,DENY,DENY_FORBIDDEN,hard_expired,1280.0,PARTITIONED,False,True,True,False,A_hard_expiry_capsule_contraction,tr_cdd5f1950a3c_gpu
paper_ssp_200m_strong_v1,8,500,500.0,1280.0,auv_10,enter_exclusion_zone,consequential,DENY,DENY_HARD_EXPIRY,hard_expired,1280.0,PARTITIONED,False,True,True,False,not_low_risk,tr_cdd5f1950a3c_gpu
paper_ssp_200m_strong_v1,8,500,500.0,1280.0,auv_11,change_high_level_objective,consequential,DENY,DENY_HARD_EXPIRY,hard_expired,1280.0,PARTITIONED,False,True,True,False,not_low_risk,tr_cdd5f1950a3c_gpu
paper_ssp_200m_strong_v1,8,500,500.0,1300.0,auv_00,bounded_path_correction,low,DENY,DENY_FORBIDDEN,hard_expired,1300.0,PARTITIONED,False,True,True,False,A_hard_expiry_capsule_contraction,tr_cdd5f1950a3c_gpu
paper_ssp_200m_strong_v1,8,500,500.0,1300.0,auv_01,bounded_path_correction,low,DENY,DENY_FORBIDDEN,hard_expired,1300.0,PARTITIONED,False,True,True,False,A_hard_expiry_capsule_contraction,tr_cdd5f1950a3c_gpu
paper_ssp_200m_strong_v1,8,500,500.0,1300.0,auv_02,bounded_path_correction,low,DENY,DENY_FORBIDDEN,hard_expired,1300.0,PARTITIONED,False,True,True,False,A_hard_expiry_capsule_contraction,tr_cdd5f1950a3c_gpu
paper_ssp_200m_strong_v1,8,500,500.0,1300.0,auv_03,bounded_path_correction,low,DENY,DENY_FORBIDDEN,hard_expired,1300.0,PARTITIONED,False,True,True,False,A_hard_expiry_capsule_contraction,tr_cdd5f1950a3c_gpu
paper_ssp_200m_strong_v1,8,500,500.0,1300.0,auv_04,abandon_mandatory_inspection,consequential,DENY,DENY_HARD_EXPIRY,hard_expired,1300.0,PARTITIONED,False,True,True,False,not_low_risk,tr_cdd5f1950a3c_gpu
paper_ssp_200m_strong_v1,8,500,500.0,1300.0,auv_05,bounded_path_correction,low,DENY,DENY_FORBIDDEN,hard_expired,1300.0,PARTITIONED,False,True,True,False,A_hard_expiry_capsule_contraction,tr_cdd5f1950a3c_gpu
paper_ssp_200m_strong_v1,8,500,500.0,1300.0,auv_06,enter_exclusion_zone,consequential,DENY,DENY_HARD_EXPIRY,hard_expired,1300.0,PARTITIONED,False,True,True,False,not_low_risk,tr_cdd5f1950a3c_gpu
paper_ssp_200m_strong_v1,8,500,500.0,1300.0,auv_07,enter_exclusion_zone,consequential,DENY,DENY_HARD_EXPIRY,hard_expired,1300.0,PARTITIONED,False,True,True,False,not_low_risk,tr_cdd5f1950a3c_gpu
paper_ssp_200m_strong_v1,8,500,500.0,1300.0,auv_08,exceed_return_energy_reserve,consequential,DENY,DENY_HARD_EXPIRY,hard_expired,1300.0,PARTITIONED,False,True,True,False,not_low_risk,tr_cdd5f1950a3c_gpu
paper_ssp_200m_strong_v1,8,500,500.0,1300.0,auv_09,hold_station,low,DENY,DENY_FORBIDDEN,hard_expired,1300.0,PARTITIONED,False,True,True,False,A_hard_expiry_capsule_contraction,tr_cdd5f1950a3c_gpu
paper_ssp_200m_strong_v1,8,500,500.0,1300.0,auv_10,enter_exclusion_zone,consequential,DENY,DENY_HARD_EXPIRY,hard_expired,1300.0,PARTITIONED,False,True,True,False,not_low_risk,tr_cdd5f1950a3c_gpu
paper_ssp_200m_strong_v1,8,500,500.0,1300.0,auv_11,bounded_path_correction,low,DENY,DENY_FORBIDDEN,hard_expired,1300.0,PARTITIONED,False,True,True,False,A_hard_expiry_capsule_contraction,tr_cdd5f1950a3c_gpu
paper_ssp_200m_strong_v1,8,500,500.0,1320.0,auv_00,bounded_path_correction,low,DENY,DENY_FORBIDDEN,hard_expired,1320.0,PARTITIONED,False,True,True,False,A_hard_expiry_capsule_contraction,tr_cdd5f1950a3c_gpu
paper_ssp_200m_strong_v1,8,500,500.0,1320.0,auv_01,bounded_path_correction,low,DENY,DENY_FORBIDDEN,hard_expired,1320.0,PARTITIONED,False,True,True,False,A_hard_expiry_capsule_contraction,tr_cdd5f1950a3c_gpu
paper_ssp_200m_strong_v1,8,500,500.0,1320.0,auv_02,bounded_path_correction,low,DENY,DENY_FORBIDDEN,hard_expired,1320.0,PARTITIONED,False,True,True,False,A_hard_expiry_capsule_contraction,tr_cdd5f1950a3c_gpu
paper_ssp_200m_strong_v1,8,500,500.0,1320.0,auv_03,bounded_path_correction,low,DENY,DENY_FORBIDDEN,hard_expired,1320.0,PARTITIONED,False,True,True,False,A_hard_expiry_capsule_contraction,tr_cdd5f1950a3c_gpu
paper_ssp_200m_strong_v1,8,500,500.0,1320.0,auv_04,abandon_mandatory_inspection,consequential,DENY,DENY_HARD_EXPIRY,hard_expired,1320.0,PARTITIONED,False,True,True,False,not_low_risk,tr_cdd5f1950a3c_gpu
paper_ssp_200m_strong_v1,8,500,500.0,1320.0,auv_05,bounded_path_correction,low,DENY,DENY_FORBIDDEN,hard_expired,1320.0,PARTITIONED,False,True,True,False,A_hard_expiry_capsule_contraction,tr_cdd5f1950a3c_gpu
paper_ssp_200m_strong_v1,8,500,500.0,1320.0,auv_06,enter_exclusion_zone,consequential,DENY,DENY_HARD_EXPIRY,hard_expired,1320.0,PARTITIONED,False,True,True,False,not_low_risk,tr_cdd5f1950a3c_gpu
paper_ssp_200m_strong_v1,8,500,500.0,1320.0,auv_07,enter_exclusion_zone,consequential,DENY,DENY_HARD_EXPIRY,hard_expired,1320.0,PARTITIONED,False,True,True,False,not_low_risk,tr_cdd5f1950a3c_gpu
paper_ssp_200m_strong_v1,8,500,500.0,1320.0,auv_08,exceed_return_energy_reserve,consequential,DENY,DENY_HARD_EXPIRY,hard_expired,1320.0,PARTITIONED,False,True,True,False,not_low_risk,tr_cdd5f1950a3c_gpu
paper_ssp_200m_strong_v1,8,500,500.0,1320.0,auv_09,hold_station,low,DENY,DENY_FORBIDDEN,hard_expired,1320.0,PARTITIONED,False,True,True,False,A_hard_expiry_capsule_contraction,tr_cdd5f1950a3c_gpu
paper_ssp_200m_strong_v1,8,500,500.0,1320.0,auv_10,enter_exclusion_zone,consequential,DENY,DENY_HARD_EXPIRY,hard_expired,1320.0,PARTITIONED,False,True,True,False,not_low_risk,tr_cdd5f1950a3c_gpu
paper_ssp_200m_strong_v1,8,500,500.0,1320.0,auv_11,bounded_path_correction,low,DENY,DENY_FORBIDDEN,hard_expired,1320.0,PARTITIONED,False,True,True,False,A_hard_expiry_capsule_contraction,tr_cdd5f1950a3c_gpu
paper_ssp_200m_strong_v1,8,500,500.0,1340.0,auv_00,bounded_path_correction,low,DENY,DENY_FORBIDDEN,hard_expired,1340.0,PARTITIONED,False,True,True,False,A_hard_expiry_capsule_contraction,tr_cdd5f1950a3c_gpu
paper_ssp_200m_strong_v1,8,500,500.0,1340.0,auv_01,bounded_path_correction,low,DENY,DENY_FORBIDDEN,hard_expired,1340.0,PARTITIONED,False,True,True,False,A_hard_expiry_capsule_contraction,tr_cdd5f1950a3c_gpu
paper_ssp_200m_strong_v1,8,500,500.0,1340.0,auv_02,bounded_path_correction,low,DENY,DENY_FORBIDDEN,hard_expired,1340.0,PARTITIONED,False,True,True,False,A_hard_expiry_capsule_contraction,tr_cdd5f1950a3c_gpu
paper_ssp_200m_strong_v1,8,500,500.0,1340.0,auv_03,bounded_path_correction,low,DENY,DENY_FORBIDDEN,hard_expired,1340.0,PARTITIONED,False,True,True,False,A_hard_expiry_capsule_contraction,tr_cdd5f1950a3c_gpu
paper_ssp_200m_strong_v1,8,500,500.0,1340.0,auv_04,abandon_mandatory_inspection,consequential,DENY,DENY_HARD_EXPIRY,hard_expired,1340.0,PARTITIONED,False,True,True,False,not_low_risk,tr_cdd5f1950a3c_gpu
paper_ssp_200m_strong_v1,8,500,500.0,1340.0,auv_05,bounded_path_correction,low,DENY,DENY_FORBIDDEN,hard_expired,1340.0,PARTITIONED,False,True,True,False,A_hard_expiry_capsule_contraction,tr_cdd5f1950a3c_gpu
paper_ssp_200m_strong_v1,8,500,500.0,1340.0,auv_06,enter_exclusion_zone,consequential,DENY,DENY_HARD_EXPIRY,hard_expired,1340.0,PARTITIONED,False,True,True,False,not_low_risk,tr_cdd5f1950a3c_gpu
paper_ssp_200m_strong_v1,8,500,500.0,1340.0,auv_07,enter_exclusion_zone,consequential,DENY,DENY_HARD_EXPIRY,hard_expired,1340.0,PARTITIONED,False,True,True,False,not_low_risk,tr_cdd5f1950a3c_gpu
paper_ssp_200m_strong_v1,8,500,500.0,1340.0,auv_08,exceed_return_energy_reserve,consequential,DENY,DENY_HARD_EXPIRY,hard_expired,1340.0,PARTITIONED,False,True,True,False,not_low_risk,tr_cdd5f1950a3c_gpu
paper_ssp_200m_strong_v1,8,500,500.0,1340.0,auv_09,hold_station,low,DENY,DENY_FORBIDDEN,hard_expired,1340.0,PARTITIONED,False,True,True,False,A_hard_expiry_capsule_contraction,tr_cdd5f1950a3c_gpu
paper_ssp_200m_strong_v1,8,500,500.0,1340.0,auv_10,enter_exclusion_zone,consequential,DENY,DENY_HARD_EXPIRY,hard_expired,1340.0,PARTITIONED,False,True,True,False,not_low_risk,tr_cdd5f1950a3c_gpu
paper_ssp_200m_strong_v1,8,500,500.0,1340.0,auv_11,bounded_path_correction,low,DENY,DENY_FORBIDDEN,hard_expired,1340.0,PARTITIONED,False,True,True,False,A_hard_expiry_capsule_contraction,tr_cdd5f1950a3c_gpu
paper_ssp_200m_strong_v1,8,500,500.0,1360.0,auv_00,bounded_path_correction,low,DENY,DENY_FORBIDDEN,hard_expired,1360.0,PARTITIONED,False,True,True,False,A_hard_expiry_capsule_contraction,tr_cdd5f1950a3c_gpu
paper_ssp_200m_strong_v1,8,500,500.0,1360.0,auv_01,bounded_path_correction,low,DENY,DENY_FORBIDDEN,hard_expired,1360.0,PARTITIONED,False,True,True,False,A_hard_expiry_capsule_contraction,tr_cdd5f1950a3c_gpu
paper_ssp_200m_strong_v1,8,500,500.0,1360.0,auv_02,bounded_path_correction,low,DENY,DENY_FORBIDDEN,hard_expired,1360.0,PARTITIONED,False,True,True,False,A_hard_expiry_capsule_contraction,tr_cdd5f1950a3c_gpu
paper_ssp_200m_strong_v1,8,500,500.0,1360.0,auv_03,bounded_path_correction,low,DENY,DENY_FORBIDDEN,hard_expired,1360.0,PARTITIONED,False,True,True,False,A_hard_expiry_capsule_contraction,tr_cdd5f1950a3c_gpu
paper_ssp_200m_strong_v1,8,500,500.0,1360.0,auv_04,abandon_mandatory_inspection,consequential,DENY,DENY_HARD_EXPIRY,hard_expired,1360.0,PARTITIONED,False,True,True,False,not_low_risk,tr_cdd5f1950a3c_gpu
paper_ssp_200m_strong_v1,8,500,500.0,1360.0,auv_05,bounded_path_correction,low,DENY,DENY_FORBIDDEN,hard_expired,1360.0,PARTITIONED,False,True,True,False,A_hard_expiry_capsule_contraction,tr_cdd5f1950a3c_gpu
paper_ssp_200m_strong_v1,8,500,500.0,1360.0,auv_06,enter_exclusion_zone,consequential,DENY,DENY_HARD_EXPIRY,hard_expired,1360.0,PARTITIONED,False,True,True,False,not_low_risk,tr_cdd5f1950a3c_gpu
paper_ssp_200m_strong_v1,8,500,500.0,1360.0,auv_07,enter_exclusion_zone,consequential,DENY,DENY_HARD_EXPIRY,hard_expired,1360.0,PARTITIONED,False,True,True,False,not_low_risk,tr_cdd5f1950a3c_gpu
paper_ssp_200m_strong_v1,8,500,500.0,1360.0,auv_08,exceed_return_energy_reserve,consequential,DENY,DENY_HARD_EXPIRY,hard_expired,1360.0,PARTITIONED,False,True,True,False,not_low_risk,tr_cdd5f1950a3c_gpu
paper_ssp_200m_strong_v1,8,500,500.0,1360.0,auv_09,hold_station,low,DENY,DENY_FORBIDDEN,hard_expired,1360.0,PARTITIONED,False,True,True,False,A_hard_expiry_capsule_contraction,tr_cdd5f1950a3c_gpu
paper_ssp_200m_strong_v1,8,500,500.0,1360.0,auv_10,enter_exclusion_zone,consequential,DENY,DENY_HARD_EXPIRY,hard_expired,1360.0,PARTITIONED,False,True,True,False,not_low_risk,tr_cdd5f1950a3c_gpu
paper_ssp_200m_strong_v1,8,500,500.0,1360.0,auv_11,change_high_level_objective,consequential,DENY,DENY_HARD_EXPIRY,hard_expired,1360.0,PARTITIONED,False,True,True,False,not_low_risk,tr_cdd5f1950a3c_gpu
paper_ssp_200m_strong_v1,8,500,500.0,1380.0,auv_00,bounded_path_correction,low,DENY,DENY_FORBIDDEN,hard_expired,1380.0,PARTITIONED,False,True,True,False,A_hard_expiry_capsule_contraction,tr_cdd5f1950a3c_gpu
paper_ssp_200m_strong_v1,8,500,500.0,1380.0,auv_01,bounded_path_correction,low,DENY,DENY_FORBIDDEN,hard_expired,1380.0,PARTITIONED,False,True,True,False,A_hard_expiry_capsule_contraction,tr_cdd5f1950a3c_gpu
paper_ssp_200m_strong_v1,8,500,500.0,1380.0,auv_02,bounded_path_correction,low,DENY,DENY_FORBIDDEN,hard_expired,1380.0,PARTITIONED,False,True,True,False,A_hard_expiry_capsule_contraction,tr_cdd5f1950a3c_gpu
paper_ssp_200m_strong_v1,8,500,500.0,1380.0,auv_03,bounded_path_correction,low,DENY,DENY_FORBIDDEN,hard_expired,1380.0,PARTITIONED,False,True,True,False,A_hard_expiry_capsule_contraction,tr_cdd5f1950a3c_gpu
paper_ssp_200m_strong_v1,8,500,500.0,1380.0,auv_04,abandon_mandatory_inspection,consequential,DENY,DENY_HARD_EXPIRY,hard_expired,1380.0,PARTITIONED,False,True,True,False,not_low_risk,tr_cdd5f1950a3c_gpu
paper_ssp_200m_strong_v1,8,500,500.0,1380.0,auv_05,bounded_path_correction,low,DENY,DENY_FORBIDDEN,hard_expired,1380.0,PARTITIONED,False,True,True,False,A_hard_expiry_capsule_contraction,tr_cdd5f1950a3c_gpu
paper_ssp_200m_strong_v1,8,500,500.0,1380.0,auv_06,enter_exclusion_zone,consequential,DENY,DENY_HARD_EXPIRY,hard_expired,1380.0,PARTITIONED,False,True,True,False,not_low_risk,tr_cdd5f1950a3c_gpu
paper_ssp_200m_strong_v1,8,500,500.0,1380.0,auv_07,enter_exclusion_zone,consequential,DENY,DENY_HARD_EXPIRY,hard_expired,1380.0,PARTITIONED,False,True,True,False,not_low_risk,tr_cdd5f1950a3c_gpu
paper_ssp_200m_strong_v1,8,500,500.0,1380.0,auv_08,exceed_return_energy_reserve,consequential,DENY,DENY_HARD_EXPIRY,hard_expired,1380.0,PARTITIONED,False,True,True,False,not_low_risk,tr_cdd5f1950a3c_gpu
paper_ssp_200m_strong_v1,8,500,500.0,1380.0,auv_09,hold_station,low,DENY,DENY_FORBIDDEN,hard_expired,1380.0,PARTITIONED,False,True,True,False,A_hard_expiry_capsule_contraction,tr_cdd5f1950a3c_gpu
paper_ssp_200m_strong_v1,8,500,500.0,1380.0,auv_10,enter_exclusion_zone,consequential,DENY,DENY_HARD_EXPIRY,hard_expired,1380.0,PARTITIONED,False,True,True,False,not_low_risk,tr_cdd5f1950a3c_gpu
paper_ssp_200m_strong_v1,8,500,500.0,1380.0,auv_11,bounded_path_correction,low,DENY,DENY_FORBIDDEN,hard_expired,1380.0,PARTITIONED,False,True,True,False,A_hard_expiry_capsule_contraction,tr_cdd5f1950a3c_gpu
paper_ssp_200m_strong_v1,8,750,750.0,900.0,auv_00,bounded_path_correction,low,DENY,DENY_FORBIDDEN,hard_expired,900.0,PARTITIONED,False,True,True,False,A_hard_expiry_capsule_contraction,tr_cdd5f1950a3c_gpu
paper_ssp_200m_strong_v1,8,750,750.0,900.0,auv_01,bounded_path_correction,low,DENY,DENY_FORBIDDEN,hard_expired,900.0,PARTITIONED,False,True,True,False,A_hard_expiry_capsule_contraction,tr_cdd5f1950a3c_gpu
paper_ssp_200m_strong_v1,8,750,750.0,900.0,auv_02,bounded_path_correction,low,DENY,DENY_FORBIDDEN,hard_expired,900.0,PARTITIONED,False,True,True,False,A_hard_expiry_capsule_contraction,tr_cdd5f1950a3c_gpu
paper_ssp_200m_strong_v1,8,750,750.0,900.0,auv_03,bounded_path_correction,low,DENY,DENY_FORBIDDEN,hard_expired,900.0,PARTITIONED,False,True,True,False,A_hard_expiry_capsule_contraction,tr_cdd5f1950a3c_gpu
paper_ssp_200m_strong_v1,8,750,750.0,900.0,auv_04,abandon_mandatory_inspection,consequential,DENY,DENY_HARD_EXPIRY,hard_expired,900.0,PARTITIONED,False,True,True,False,not_low_risk,tr_cdd5f1950a3c_gpu
paper_ssp_200m_strong_v1,8,750,750.0,900.0,auv_05,bounded_path_correction,low,DENY,DENY_FORBIDDEN,hard_expired,900.0,PARTITIONED,False,True,True,False,A_hard_expiry_capsule_contraction,tr_cdd5f1950a3c_gpu
paper_ssp_200m_strong_v1,8,750,750.0,900.0,auv_06,enter_exclusion_zone,consequential,DENY,DENY_HARD_EXPIRY,hard_expired,900.0,PARTITIONED,False,True,True,False,not_low_risk,tr_cdd5f1950a3c_gpu
paper_ssp_200m_strong_v1,8,750,750.0,900.0,auv_07,enter_exclusion_zone,consequential,DENY,DENY_HARD_EXPIRY,hard_expired,900.0,PARTITIONED,False,True,True,False,not_low_risk,tr_cdd5f1950a3c_gpu
paper_ssp_200m_strong_v1,8,750,750.0,900.0,auv_08,exceed_return_energy_reserve,consequential,DENY,DENY_HARD_EXPIRY,hard_expired,900.0,PARTITIONED,False,True,True,False,not_low_risk,tr_cdd5f1950a3c_gpu
paper_ssp_200m_strong_v1,8,750,750.0,900.0,auv_09,hold_station,low,DENY,DENY_FORBIDDEN,hard_expired,900.0,PARTITIONED,False,True,True,False,A_hard_expiry_capsule_contraction,tr_cdd5f1950a3c_gpu
paper_ssp_200m_strong_v1,8,750,750.0,900.0,auv_10,enter_exclusion_zone,consequential,DENY,DENY_HARD_EXPIRY,hard_expired,900.0,PARTITIONED,False,True,True,False,not_low_risk,tr_cdd5f1950a3c_gpu
paper_ssp_200m_strong_v1,8,750,750.0,900.0,auv_11,bounded_path_correction,low,DENY,DENY_FORBIDDEN,hard_expired,900.0,PARTITIONED,False,True,True,False,A_hard_expiry_capsule_contraction,tr_cdd5f1950a3c_gpu
paper_ssp_200m_strong_v1,8,750,750.0,920.0,auv_00,bounded_path_correction,low,DENY,DENY_FORBIDDEN,hard_expired,920.0,PARTITIONED,False,True,True,False,A_hard_expiry_capsule_contraction,tr_cdd5f1950a3c_gpu
paper_ssp_200m_strong_v1,8,750,750.0,920.0,auv_01,bounded_path_correction,low,DENY,DENY_FORBIDDEN,hard_expired,920.0,PARTITIONED,False,True,True,False,A_hard_expiry_capsule_contraction,tr_cdd5f1950a3c_gpu
paper_ssp_200m_strong_v1,8,750,750.0,920.0,auv_02,bounded_path_correction,low,DENY,DENY_FORBIDDEN,hard_expired,920.0,PARTITIONED,False,True,True,False,A_hard_expiry_capsule_contraction,tr_cdd5f1950a3c_gpu
paper_ssp_200m_strong_v1,8,750,750.0,920.0,auv_03,bounded_path_correction,low,DENY,DENY_FORBIDDEN,hard_expired,920.0,PARTITIONED,False,True,True,False,A_hard_expiry_capsule_contraction,tr_cdd5f1950a3c_gpu
paper_ssp_200m_strong_v1,8,750,750.0,920.0,auv_04,abandon_mandatory_inspection,consequential,DENY,DENY_HARD_EXPIRY,hard_expired,920.0,PARTITIONED,False,True,True,False,not_low_risk,tr_cdd5f1950a3c_gpu
paper_ssp_200m_strong_v1,8,750,750.0,920.0,auv_05,bounded_path_correction,low,DENY,DENY_FORBIDDEN,hard_expired,920.0,PARTITIONED,False,True,True,False,A_hard_expiry_capsule_contraction,tr_cdd5f1950a3c_gpu
paper_ssp_200m_strong_v1,8,750,750.0,920.0,auv_06,enter_exclusion_zone,consequential,DENY,DENY_HARD_EXPIRY,hard_expired,920.0,PARTITIONED,False,True,True,False,not_low_risk,tr_cdd5f1950a3c_gpu
paper_ssp_200m_strong_v1,8,750,750.0,920.0,auv_07,enter_exclusion_zone,consequential,DENY,DENY_HARD_EXPIRY,hard_expired,920.0,PARTITIONED,False,True,True,False,not_low_risk,tr_cdd5f1950a3c_gpu
paper_ssp_200m_strong_v1,8,750,750.0,920.0,auv_08,exceed_return_energy_reserve,consequential,DENY,DENY_HARD_EXPIRY,hard_expired,920.0,PARTITIONED,False,True,True,False,not_low_risk,tr_cdd5f1950a3c_gpu
paper_ssp_200m_strong_v1,8,750,750.0,920.0,auv_09,hold_station,low,DENY,DENY_FORBIDDEN,hard_expired,920.0,PARTITIONED,False,True,True,False,A_hard_expiry_capsule_contraction,tr_cdd5f1950a3c_gpu
paper_ssp_200m_strong_v1,8,750,750.0,920.0,auv_10,enter_exclusion_zone,consequential,DENY,DENY_HARD_EXPIRY,hard_expired,920.0,PARTITIONED,False,True,True,False,not_low_risk,tr_cdd5f1950a3c_gpu
paper_ssp_200m_strong_v1,8,750,750.0,920.0,auv_11,bounded_path_correction,low,DENY,DENY_FORBIDDEN,hard_expired,920.0,PARTITIONED,False,True,True,False,A_hard_expiry_capsule_contraction,tr_cdd5f1950a3c_gpu
paper_ssp_200m_strong_v1,8,750,750.0,940.0,auv_00,bounded_path_correction,low,DENY,DENY_FORBIDDEN,hard_expired,940.0,PARTITIONED,False,True,True,False,A_hard_expiry_capsule_contraction,tr_cdd5f1950a3c_gpu
paper_ssp_200m_strong_v1,8,750,750.0,940.0,auv_01,bounded_path_correction,low,DENY,DENY_FORBIDDEN,hard_expired,940.0,PARTITIONED,False,True,True,False,A_hard_expiry_capsule_contraction,tr_cdd5f1950a3c_gpu
paper_ssp_200m_strong_v1,8,750,750.0,940.0,auv_02,bounded_path_correction,low,DENY,DENY_FORBIDDEN,hard_expired,940.0,PARTITIONED,False,True,True,False,A_hard_expiry_capsule_contraction,tr_cdd5f1950a3c_gpu
paper_ssp_200m_strong_v1,8,750,750.0,940.0,auv_03,bounded_path_correction,low,DENY,DENY_FORBIDDEN,hard_expired,940.0,PARTITIONED,False,True,True,False,A_hard_expiry_capsule_contraction,tr_cdd5f1950a3c_gpu
paper_ssp_200m_strong_v1,8,750,750.0,940.0,auv_04,abandon_mandatory_inspection,consequential,DENY,DENY_HARD_EXPIRY,hard_expired,940.0,PARTITIONED,False,True,True,False,not_low_risk,tr_cdd5f1950a3c_gpu
paper_ssp_200m_strong_v1,8,750,750.0,940.0,auv_05,bounded_path_correction,low,DENY,DENY_FORBIDDEN,hard_expired,940.0,PARTITIONED,False,True,True,False,A_hard_expiry_capsule_contraction,tr_cdd5f1950a3c_gpu
paper_ssp_200m_strong_v1,8,750,750.0,940.0,auv_06,enter_exclusion_zone,consequential,DENY,DENY_HARD_EXPIRY,hard_expired,940.0,PARTITIONED,False,True,True,False,not_low_risk,tr_cdd5f1950a3c_gpu
paper_ssp_200m_strong_v1,8,750,750.0,940.0,auv_07,enter_exclusion_zone,consequential,DENY,DENY_HARD_EXPIRY,hard_expired,940.0,PARTITIONED,False,True,True,False,not_low_risk,tr_cdd5f1950a3c_gpu
paper_ssp_200m_strong_v1,8,750,750.0,940.0,auv_08,exceed_return_energy_reserve,consequential,DENY,DENY_HARD_EXPIRY,hard_expired,940.0,PARTITIONED,False,True,True,False,not_low_risk,tr_cdd5f1950a3c_gpu
paper_ssp_200m_strong_v1,8,750,750.0,940.0,auv_09,hold_station,low,DENY,DENY_FORBIDDEN,hard_expired,940.0,PARTITIONED,False,True,True,False,A_hard_expiry_capsule_contraction,tr_cdd5f1950a3c_gpu
paper_ssp_200m_strong_v1,8,750,750.0,940.0,auv_10,enter_exclusion_zone,consequential,DENY,DENY_HARD_EXPIRY,hard_expired,940.0,PARTITIONED,False,True,True,False,not_low_risk,tr_cdd5f1950a3c_gpu
paper_ssp_200m_strong_v1,8,750,750.0,940.0,auv_11,bounded_path_correction,low,DENY,DENY_FORBIDDEN,hard_expired,940.0,PARTITIONED,False,True,True,False,A_hard_expiry_capsule_contraction,tr_cdd5f1950a3c_gpu
paper_ssp_200m_strong_v1,8,750,750.0,960.0,auv_00,bounded_path_correction,low,DENY,DENY_FORBIDDEN,hard_expired,960.0,RECOVERING,False,True,True,False,A_hard_expiry_capsule_contraction,tr_cdd5f1950a3c_gpu
paper_ssp_200m_strong_v1,8,750,750.0,960.0,auv_01,bounded_path_correction,low,DENY,DENY_FORBIDDEN,hard_expired,960.0,RECOVERING,False,True,True,False,A_hard_expiry_capsule_contraction,tr_cdd5f1950a3c_gpu
paper_ssp_200m_strong_v1,8,750,750.0,960.0,auv_02,bounded_path_correction,low,DENY,DENY_FORBIDDEN,hard_expired,960.0,RECOVERING,False,True,True,False,A_hard_expiry_capsule_contraction,tr_cdd5f1950a3c_gpu
paper_ssp_200m_strong_v1,8,750,750.0,960.0,auv_03,bounded_path_correction,low,DENY,DENY_FORBIDDEN,hard_expired,960.0,RECOVERING,False,True,True,False,A_hard_expiry_capsule_contraction,tr_cdd5f1950a3c_gpu
paper_ssp_200m_strong_v1,8,750,750.0,960.0,auv_04,abandon_mandatory_inspection,consequential,DENY,DENY_RECOVERING_HARD_SAFETY,hard_expired,960.0,RECOVERING,False,True,True,False,not_low_risk,tr_cdd5f1950a3c_gpu
paper_ssp_200m_strong_v1,8,750,750.0,960.0,auv_05,bounded_path_correction,low,DENY,DENY_FORBIDDEN,hard_expired,960.0,RECOVERING,False,True,True,False,A_hard_expiry_capsule_contraction,tr_cdd5f1950a3c_gpu
paper_ssp_200m_strong_v1,8,750,750.0,960.0,auv_06,enter_exclusion_zone,consequential,DENY,DENY_RECOVERING_HARD_SAFETY,hard_expired,960.0,RECOVERING,False,True,True,False,not_low_risk,tr_cdd5f1950a3c_gpu
paper_ssp_200m_strong_v1,8,750,750.0,960.0,auv_07,enter_exclusion_zone,consequential,DENY,DENY_RECOVERING_HARD_SAFETY,hard_expired,960.0,RECOVERING,False,True,True,False,not_low_risk,tr_cdd5f1950a3c_gpu
paper_ssp_200m_strong_v1,8,750,750.0,960.0,auv_08,exceed_return_energy_reserve,consequential,DENY,DENY_RECOVERING_HARD_SAFETY,hard_expired,960.0,RECOVERING,False,True,True,False,not_low_risk,tr_cdd5f1950a3c_gpu
paper_ssp_200m_strong_v1,8,750,750.0,960.0,auv_09,hold_station,low,DENY,DENY_FORBIDDEN,hard_expired,960.0,RECOVERING,False,True,True,False,A_hard_expiry_capsule_contraction,tr_cdd5f1950a3c_gpu
paper_ssp_200m_strong_v1,8,750,750.0,960.0,auv_10,enter_exclusion_zone,consequential,DENY,DENY_RECOVERING_HARD_SAFETY,hard_expired,960.0,RECOVERING,False,True,True,False,not_low_risk,tr_cdd5f1950a3c_gpu
paper_ssp_200m_strong_v1,8,750,750.0,960.0,auv_11,change_high_level_objective,consequential,DENY,DENY_RECOVERING_HARD_SAFETY,hard_expired,960.0,RECOVERING,False,True,True,False,not_low_risk,tr_cdd5f1950a3c_gpu
paper_ssp_200m_strong_v1,8,750,750.0,980.0,auv_00,bounded_path_correction,low,DENY,DENY_FORBIDDEN,hard_expired,980.0,RECOVERING,False,True,True,False,A_hard_expiry_capsule_contraction,tr_cdd5f1950a3c_gpu
paper_ssp_200m_strong_v1,8,750,750.0,980.0,auv_01,bounded_path_correction,low,DENY,DENY_FORBIDDEN,hard_expired,980.0,RECOVERING,False,True,True,False,A_hard_expiry_capsule_contraction,tr_cdd5f1950a3c_gpu
paper_ssp_200m_strong_v1,8,750,750.0,980.0,auv_02,bounded_path_correction,low,DENY,DENY_FORBIDDEN,hard_expired,980.0,RECOVERING,False,True,True,False,A_hard_expiry_capsule_contraction,tr_cdd5f1950a3c_gpu
paper_ssp_200m_strong_v1,8,750,750.0,980.0,auv_03,bounded_path_correction,low,DENY,DENY_FORBIDDEN,hard_expired,980.0,RECOVERING,False,True,True,False,A_hard_expiry_capsule_contraction,tr_cdd5f1950a3c_gpu
paper_ssp_200m_strong_v1,8,750,750.0,980.0,auv_04,abandon_mandatory_inspection,consequential,DENY,DENY_RECOVERING_HARD_SAFETY,hard_expired,980.0,RECOVERING,False,True,True,False,not_low_risk,tr_cdd5f1950a3c_gpu
paper_ssp_200m_strong_v1,8,750,750.0,980.0,auv_05,bounded_path_correction,low,DENY,DENY_FORBIDDEN,hard_expired,980.0,RECOVERING,False,True,True,False,A_hard_expiry_capsule_contraction,tr_cdd5f1950a3c_gpu
paper_ssp_200m_strong_v1,8,750,750.0,980.0,auv_06,enter_exclusion_zone,consequential,DENY,DENY_RECOVERING_HARD_SAFETY,hard_expired,980.0,RECOVERING,False,True,True,False,not_low_risk,tr_cdd5f1950a3c_gpu
paper_ssp_200m_strong_v1,8,750,750.0,980.0,auv_07,enter_exclusion_zone,consequential,DENY,DENY_RECOVERING_HARD_SAFETY,hard_expired,980.0,RECOVERING,False,True,True,False,not_low_risk,tr_cdd5f1950a3c_gpu
paper_ssp_200m_strong_v1,8,750,750.0,980.0,auv_08,exceed_return_energy_reserve,consequential,DENY,DENY_RECOVERING_HARD_SAFETY,hard_expired,980.0,RECOVERING,False,True,True,False,not_low_risk,tr_cdd5f1950a3c_gpu
paper_ssp_200m_strong_v1,8,750,750.0,980.0,auv_09,hold_station,low,DENY,DENY_FORBIDDEN,hard_expired,980.0,RECOVERING,False,True,True,False,A_hard_expiry_capsule_contraction,tr_cdd5f1950a3c_gpu
paper_ssp_200m_strong_v1,8,750,750.0,980.0,auv_10,enter_exclusion_zone,consequential,DENY,DENY_RECOVERING_HARD_SAFETY,hard_expired,980.0,RECOVERING,False,True,True,False,not_low_risk,tr_cdd5f1950a3c_gpu
paper_ssp_200m_strong_v1,8,750,750.0,980.0,auv_11,bounded_path_correction,low,DENY,DENY_FORBIDDEN,hard_expired,980.0,RECOVERING,False,True,True,False,A_hard_expiry_capsule_contraction,tr_cdd5f1950a3c_gpu
paper_ssp_200m_strong_v1,8,750,750.0,1000.0,auv_00,bounded_path_correction,low,DENY,DENY_FORBIDDEN,hard_expired,1000.0,RECOVERING,False,True,True,False,A_hard_expiry_capsule_contraction,tr_cdd5f1950a3c_gpu
paper_ssp_200m_strong_v1,8,750,750.0,1000.0,auv_01,bounded_path_correction,low,DENY,DENY_FORBIDDEN,hard_expired,1000.0,RECOVERING,False,True,True,False,A_hard_expiry_capsule_contraction,tr_cdd5f1950a3c_gpu
paper_ssp_200m_strong_v1,8,750,750.0,1000.0,auv_02,bounded_path_correction,low,DENY,DENY_FORBIDDEN,hard_expired,1000.0,RECOVERING,False,True,True,False,A_hard_expiry_capsule_contraction,tr_cdd5f1950a3c_gpu
paper_ssp_200m_strong_v1,8,750,750.0,1000.0,auv_03,bounded_path_correction,low,DENY,DENY_FORBIDDEN,hard_expired,1000.0,RECOVERING,False,True,True,False,A_hard_expiry_capsule_contraction,tr_cdd5f1950a3c_gpu
paper_ssp_200m_strong_v1,8,750,750.0,1000.0,auv_04,abandon_mandatory_inspection,consequential,DENY,DENY_RECOVERING_HARD_SAFETY,hard_expired,1000.0,RECOVERING,False,True,True,False,not_low_risk,tr_cdd5f1950a3c_gpu
paper_ssp_200m_strong_v1,8,750,750.0,1000.0,auv_05,bounded_path_correction,low,DENY,DENY_FORBIDDEN,hard_expired,1000.0,RECOVERING,False,True,True,False,A_hard_expiry_capsule_contraction,tr_cdd5f1950a3c_gpu
paper_ssp_200m_strong_v1,8,750,750.0,1000.0,auv_06,enter_exclusion_zone,consequential,DENY,DENY_RECOVERING_HARD_SAFETY,hard_expired,1000.0,RECOVERING,False,True,True,False,not_low_risk,tr_cdd5f1950a3c_gpu
paper_ssp_200m_strong_v1,8,750,750.0,1000.0,auv_07,enter_exclusion_zone,consequential,DENY,DENY_RECOVERING_HARD_SAFETY,hard_expired,1000.0,RECOVERING,False,True,True,False,not_low_risk,tr_cdd5f1950a3c_gpu
paper_ssp_200m_strong_v1,8,750,750.0,1000.0,auv_08,exceed_return_energy_reserve,consequential,DENY,DENY_RECOVERING_HARD_SAFETY,hard_expired,1000.0,RECOVERING,False,True,True,False,not_low_risk,tr_cdd5f1950a3c_gpu
paper_ssp_200m_strong_v1,8,750,750.0,1000.0,auv_09,hold_station,low,DENY,DENY_FORBIDDEN,hard_expired,1000.0,RECOVERING,False,True,True,False,A_hard_expiry_capsule_contraction,tr_cdd5f1950a3c_gpu
paper_ssp_200m_strong_v1,8,750,750.0,1000.0,auv_10,enter_exclusion_zone,consequential,DENY,DENY_RECOVERING_HARD_SAFETY,hard_expired,1000.0,RECOVERING,False,True,True,False,not_low_risk,tr_cdd5f1950a3c_gpu
paper_ssp_200m_strong_v1,8,750,750.0,1000.0,auv_11,bounded_path_correction,low,DENY,DENY_FORBIDDEN,hard_expired,1000.0,RECOVERING,False,True,True,False,A_hard_expiry_capsule_contraction,tr_cdd5f1950a3c_gpu
paper_ssp_200m_strong_v1,8,750,750.0,1020.0,auv_00,bounded_path_correction,low,DENY,DENY_FORBIDDEN,hard_expired,1020.0,PARTITIONED,False,True,True,False,A_hard_expiry_capsule_contraction,tr_cdd5f1950a3c_gpu
paper_ssp_200m_strong_v1,8,750,750.0,1020.0,auv_01,bounded_path_correction,low,DENY,DENY_FORBIDDEN,hard_expired,1020.0,PARTITIONED,False,True,True,False,A_hard_expiry_capsule_contraction,tr_cdd5f1950a3c_gpu
paper_ssp_200m_strong_v1,8,750,750.0,1020.0,auv_02,bounded_path_correction,low,DENY,DENY_FORBIDDEN,hard_expired,1020.0,PARTITIONED,False,True,True,False,A_hard_expiry_capsule_contraction,tr_cdd5f1950a3c_gpu
paper_ssp_200m_strong_v1,8,750,750.0,1020.0,auv_03,bounded_path_correction,low,DENY,DENY_FORBIDDEN,hard_expired,1020.0,PARTITIONED,False,True,True,False,A_hard_expiry_capsule_contraction,tr_cdd5f1950a3c_gpu
paper_ssp_200m_strong_v1,8,750,750.0,1020.0,auv_04,abandon_mandatory_inspection,consequential,DENY,DENY_HARD_EXPIRY,hard_expired,1020.0,PARTITIONED,False,True,True,False,not_low_risk,tr_cdd5f1950a3c_gpu
paper_ssp_200m_strong_v1,8,750,750.0,1020.0,auv_05,bounded_path_correction,low,DENY,DENY_FORBIDDEN,hard_expired,1020.0,PARTITIONED,False,True,True,False,A_hard_expiry_capsule_contraction,tr_cdd5f1950a3c_gpu
paper_ssp_200m_strong_v1,8,750,750.0,1020.0,auv_06,enter_exclusion_zone,consequential,DENY,DENY_HARD_EXPIRY,hard_expired,1020.0,PARTITIONED,False,True,True,False,not_low_risk,tr_cdd5f1950a3c_gpu
paper_ssp_200m_strong_v1,8,750,750.0,1020.0,auv_07,enter_exclusion_zone,consequential,DENY,DENY_HARD_EXPIRY,hard_expired,1020.0,PARTITIONED,False,True,True,False,not_low_risk,tr_cdd5f1950a3c_gpu
paper_ssp_200m_strong_v1,8,750,750.0,1020.0,auv_08,exceed_return_energy_reserve,consequential,DENY,DENY_HARD_EXPIRY,hard_expired,1020.0,PARTITIONED,False,True,True,False,not_low_risk,tr_cdd5f1950a3c_gpu
paper_ssp_200m_strong_v1,8,750,750.0,1020.0,auv_09,hold_station,low,DENY,DENY_FORBIDDEN,hard_expired,1020.0,PARTITIONED,False,True,True,False,A_hard_expiry_capsule_contraction,tr_cdd5f1950a3c_gpu
paper_ssp_200m_strong_v1,8,750,750.0,1020.0,auv_10,enter_exclusion_zone,consequential,DENY,DENY_HARD_EXPIRY,hard_expired,1020.0,PARTITIONED,False,True,True,False,not_low_risk,tr_cdd5f1950a3c_gpu
paper_ssp_200m_strong_v1,8,750,750.0,1020.0,auv_11,bounded_path_correction,low,DENY,DENY_FORBIDDEN,hard_expired,1020.0,PARTITIONED,False,True,True,False,A_hard_expiry_capsule_contraction,tr_cdd5f1950a3c_gpu
paper_ssp_200m_strong_v1,8,750,750.0,1040.0,auv_00,bounded_path_correction,low,DENY,DENY_FORBIDDEN,hard_expired,1040.0,PARTITIONED,False,True,True,False,A_hard_expiry_capsule_contraction,tr_cdd5f1950a3c_gpu
paper_ssp_200m_strong_v1,8,750,750.0,1040.0,auv_01,bounded_path_correction,low,DENY,DENY_FORBIDDEN,hard_expired,1040.0,PARTITIONED,False,True,True,False,A_hard_expiry_capsule_contraction,tr_cdd5f1950a3c_gpu
paper_ssp_200m_strong_v1,8,750,750.0,1040.0,auv_02,bounded_path_correction,low,DENY,DENY_FORBIDDEN,hard_expired,1040.0,PARTITIONED,False,True,True,False,A_hard_expiry_capsule_contraction,tr_cdd5f1950a3c_gpu
paper_ssp_200m_strong_v1,8,750,750.0,1040.0,auv_03,bounded_path_correction,low,DENY,DENY_FORBIDDEN,hard_expired,1040.0,PARTITIONED,False,True,True,False,A_hard_expiry_capsule_contraction,tr_cdd5f1950a3c_gpu
paper_ssp_200m_strong_v1,8,750,750.0,1040.0,auv_04,abandon_mandatory_inspection,consequential,DENY,DENY_HARD_EXPIRY,hard_expired,1040.0,PARTITIONED,False,True,True,False,not_low_risk,tr_cdd5f1950a3c_gpu
paper_ssp_200m_strong_v1,8,750,750.0,1040.0,auv_05,bounded_path_correction,low,DENY,DENY_FORBIDDEN,hard_expired,1040.0,PARTITIONED,False,True,True,False,A_hard_expiry_capsule_contraction,tr_cdd5f1950a3c_gpu
paper_ssp_200m_strong_v1,8,750,750.0,1040.0,auv_06,enter_exclusion_zone,consequential,DENY,DENY_HARD_EXPIRY,hard_expired,1040.0,PARTITIONED,False,True,True,False,not_low_risk,tr_cdd5f1950a3c_gpu
paper_ssp_200m_strong_v1,8,750,750.0,1040.0,auv_07,enter_exclusion_zone,consequential,DENY,DENY_HARD_EXPIRY,hard_expired,1040.0,PARTITIONED,False,True,True,False,not_low_risk,tr_cdd5f1950a3c_gpu
paper_ssp_200m_strong_v1,8,750,750.0,1040.0,auv_08,exceed_return_energy_reserve,consequential,DENY,DENY_HARD_EXPIRY,hard_expired,1040.0,PARTITIONED,False,True,True,False,not_low_risk,tr_cdd5f1950a3c_gpu
paper_ssp_200m_strong_v1,8,750,750.0,1040.0,auv_09,hold_station,low,DENY,DENY_FORBIDDEN,hard_expired,1040.0,PARTITIONED,False,True,True,False,A_hard_expiry_capsule_contraction,tr_cdd5f1950a3c_gpu
paper_ssp_200m_strong_v1,8,750,750.0,1040.0,auv_10,enter_exclusion_zone,consequential,DENY,DENY_HARD_EXPIRY,hard_expired,1040.0,PARTITIONED,False,True,True,False,not_low_risk,tr_cdd5f1950a3c_gpu
paper_ssp_200m_strong_v1,8,750,750.0,1040.0,auv_11,change_high_level_objective,consequential,DENY,DENY_HARD_EXPIRY,hard_expired,1040.0,PARTITIONED,False,True,True,False,not_low_risk,tr_cdd5f1950a3c_gpu
paper_ssp_200m_strong_v1,8,750,750.0,1060.0,auv_00,bounded_path_correction,low,DENY,DENY_FORBIDDEN,hard_expired,1060.0,PARTITIONED,False,True,True,False,A_hard_expiry_capsule_contraction,tr_cdd5f1950a3c_gpu
paper_ssp_200m_strong_v1,8,750,750.0,1060.0,auv_01,bounded_path_correction,low,DENY,DENY_FORBIDDEN,hard_expired,1060.0,PARTITIONED,False,True,True,False,A_hard_expiry_capsule_contraction,tr_cdd5f1950a3c_gpu
paper_ssp_200m_strong_v1,8,750,750.0,1060.0,auv_02,bounded_path_correction,low,DENY,DENY_FORBIDDEN,hard_expired,1060.0,PARTITIONED,False,True,True,False,A_hard_expiry_capsule_contraction,tr_cdd5f1950a3c_gpu
paper_ssp_200m_strong_v1,8,750,750.0,1060.0,auv_03,bounded_path_correction,low,DENY,DENY_FORBIDDEN,hard_expired,1060.0,PARTITIONED,False,True,True,False,A_hard_expiry_capsule_contraction,tr_cdd5f1950a3c_gpu
paper_ssp_200m_strong_v1,8,750,750.0,1060.0,auv_04,abandon_mandatory_inspection,consequential,DENY,DENY_HARD_EXPIRY,hard_expired,1060.0,PARTITIONED,False,True,True,False,not_low_risk,tr_cdd5f1950a3c_gpu
paper_ssp_200m_strong_v1,8,750,750.0,1060.0,auv_05,bounded_path_correction,low,DENY,DENY_FORBIDDEN,hard_expired,1060.0,PARTITIONED,False,True,True,False,A_hard_expiry_capsule_contraction,tr_cdd5f1950a3c_gpu
paper_ssp_200m_strong_v1,8,750,750.0,1060.0,auv_06,enter_exclusion_zone,consequential,DENY,DENY_HARD_EXPIRY,hard_expired,1060.0,PARTITIONED,False,True,True,False,not_low_risk,tr_cdd5f1950a3c_gpu
paper_ssp_200m_strong_v1,8,750,750.0,1060.0,auv_07,enter_exclusion_zone,consequential,DENY,DENY_HARD_EXPIRY,hard_expired,1060.0,PARTITIONED,False,True,True,False,not_low_risk,tr_cdd5f1950a3c_gpu
paper_ssp_200m_strong_v1,8,750,750.0,1060.0,auv_08,exceed_return_energy_reserve,consequential,DENY,DENY_HARD_EXPIRY,hard_expired,1060.0,PARTITIONED,False,True,True,False,not_low_risk,tr_cdd5f1950a3c_gpu
paper_ssp_200m_strong_v1,8,750,750.0,1060.0,auv_09,hold_station,low,DENY,DENY_FORBIDDEN,hard_expired,1060.0,PARTITIONED,False,True,True,False,A_hard_expiry_capsule_contraction,tr_cdd5f1950a3c_gpu
paper_ssp_200m_strong_v1,8,750,750.0,1060.0,auv_10,enter_exclusion_zone,consequential,DENY,DENY_HARD_EXPIRY,hard_expired,1060.0,PARTITIONED,False,True,True,False,not_low_risk,tr_cdd5f1950a3c_gpu
paper_ssp_200m_strong_v1,8,750,750.0,1060.0,auv_11,bounded_path_correction,low,DENY,DENY_FORBIDDEN,hard_expired,1060.0,PARTITIONED,False,True,True,False,A_hard_expiry_capsule_contraction,tr_cdd5f1950a3c_gpu
paper_ssp_200m_strong_v1,8,750,750.0,1080.0,auv_00,bounded_path_correction,low,DENY,DENY_FORBIDDEN,hard_expired,1080.0,PARTITIONED,False,True,True,False,A_hard_expiry_capsule_contraction,tr_cdd5f1950a3c_gpu
paper_ssp_200m_strong_v1,8,750,750.0,1080.0,auv_01,bounded_path_correction,low,DENY,DENY_FORBIDDEN,hard_expired,1080.0,PARTITIONED,False,True,True,False,A_hard_expiry_capsule_contraction,tr_cdd5f1950a3c_gpu
paper_ssp_200m_strong_v1,8,750,750.0,1080.0,auv_02,bounded_path_correction,low,DENY,DENY_FORBIDDEN,hard_expired,1080.0,PARTITIONED,False,True,True,False,A_hard_expiry_capsule_contraction,tr_cdd5f1950a3c_gpu
paper_ssp_200m_strong_v1,8,750,750.0,1080.0,auv_03,bounded_path_correction,low,DENY,DENY_FORBIDDEN,hard_expired,1080.0,PARTITIONED,False,True,True,False,A_hard_expiry_capsule_contraction,tr_cdd5f1950a3c_gpu
paper_ssp_200m_strong_v1,8,750,750.0,1080.0,auv_04,abandon_mandatory_inspection,consequential,DENY,DENY_HARD_EXPIRY,hard_expired,1080.0,PARTITIONED,False,True,True,False,not_low_risk,tr_cdd5f1950a3c_gpu
paper_ssp_200m_strong_v1,8,750,750.0,1080.0,auv_05,bounded_path_correction,low,DENY,DENY_FORBIDDEN,hard_expired,1080.0,PARTITIONED,False,True,True,False,A_hard_expiry_capsule_contraction,tr_cdd5f1950a3c_gpu
paper_ssp_200m_strong_v1,8,750,750.0,1080.0,auv_06,enter_exclusion_zone,consequential,DENY,DENY_HARD_EXPIRY,hard_expired,1080.0,PARTITIONED,False,True,True,False,not_low_risk,tr_cdd5f1950a3c_gpu
paper_ssp_200m_strong_v1,8,750,750.0,1080.0,auv_07,enter_exclusion_zone,consequential,DENY,DENY_HARD_EXPIRY,hard_expired,1080.0,PARTITIONED,False,True,True,False,not_low_risk,tr_cdd5f1950a3c_gpu
paper_ssp_200m_strong_v1,8,750,750.0,1080.0,auv_08,exceed_return_energy_reserve,consequential,DENY,DENY_HARD_EXPIRY,hard_expired,1080.0,PARTITIONED,False,True,True,False,not_low_risk,tr_cdd5f1950a3c_gpu
paper_ssp_200m_strong_v1,8,750,750.0,1080.0,auv_09,hold_station,low,DENY,DENY_FORBIDDEN,hard_expired,1080.0,PARTITIONED,False,True,True,False,A_hard_expiry_capsule_contraction,tr_cdd5f1950a3c_gpu
paper_ssp_200m_strong_v1,8,750,750.0,1080.0,auv_10,enter_exclusion_zone,consequential,DENY,DENY_HARD_EXPIRY,hard_expired,1080.0,PARTITIONED,False,True,True,False,not_low_risk,tr_cdd5f1950a3c_gpu
paper_ssp_200m_strong_v1,8,750,750.0,1080.0,auv_11,bounded_path_correction,low,DENY,DENY_FORBIDDEN,hard_expired,1080.0,PARTITIONED,False,True,True,False,A_hard_expiry_capsule_contraction,tr_cdd5f1950a3c_gpu
paper_ssp_200m_strong_v1,8,750,750.0,1100.0,auv_00,bounded_path_correction,low,DENY,DENY_FORBIDDEN,hard_expired,1100.0,PARTITIONED,False,True,True,False,A_hard_expiry_capsule_contraction,tr_cdd5f1950a3c_gpu
paper_ssp_200m_strong_v1,8,750,750.0,1100.0,auv_01,bounded_path_correction,low,DENY,DENY_FORBIDDEN,hard_expired,1100.0,PARTITIONED,False,True,True,False,A_hard_expiry_capsule_contraction,tr_cdd5f1950a3c_gpu
paper_ssp_200m_strong_v1,8,750,750.0,1100.0,auv_02,bounded_path_correction,low,DENY,DENY_FORBIDDEN,hard_expired,1100.0,PARTITIONED,False,True,True,False,A_hard_expiry_capsule_contraction,tr_cdd5f1950a3c_gpu
paper_ssp_200m_strong_v1,8,750,750.0,1100.0,auv_03,bounded_path_correction,low,DENY,DENY_FORBIDDEN,hard_expired,1100.0,PARTITIONED,False,True,True,False,A_hard_expiry_capsule_contraction,tr_cdd5f1950a3c_gpu
paper_ssp_200m_strong_v1,8,750,750.0,1100.0,auv_04,abandon_mandatory_inspection,consequential,DENY,DENY_HARD_EXPIRY,hard_expired,1100.0,PARTITIONED,False,True,True,False,not_low_risk,tr_cdd5f1950a3c_gpu
paper_ssp_200m_strong_v1,8,750,750.0,1100.0,auv_05,bounded_path_correction,low,DENY,DENY_FORBIDDEN,hard_expired,1100.0,PARTITIONED,False,True,True,False,A_hard_expiry_capsule_contraction,tr_cdd5f1950a3c_gpu
paper_ssp_200m_strong_v1,8,750,750.0,1100.0,auv_06,enter_exclusion_zone,consequential,DENY,DENY_HARD_EXPIRY,hard_expired,1100.0,PARTITIONED,False,True,True,False,not_low_risk,tr_cdd5f1950a3c_gpu
paper_ssp_200m_strong_v1,8,750,750.0,1100.0,auv_07,enter_exclusion_zone,consequential,DENY,DENY_HARD_EXPIRY,hard_expired,1100.0,PARTITIONED,False,True,True,False,not_low_risk,tr_cdd5f1950a3c_gpu
paper_ssp_200m_strong_v1,8,750,750.0,1100.0,auv_08,exceed_return_energy_reserve,consequential,DENY,DENY_HARD_EXPIRY,hard_expired,1100.0,PARTITIONED,False,True,True,False,not_low_risk,tr_cdd5f1950a3c_gpu
paper_ssp_200m_strong_v1,8,750,750.0,1100.0,auv_09,hold_station,low,DENY,DENY_FORBIDDEN,hard_expired,1100.0,PARTITIONED,False,True,True,False,A_hard_expiry_capsule_contraction,tr_cdd5f1950a3c_gpu
paper_ssp_200m_strong_v1,8,750,750.0,1100.0,auv_10,enter_exclusion_zone,consequential,DENY,DENY_HARD_EXPIRY,hard_expired,1100.0,PARTITIONED,False,True,True,False,not_low_risk,tr_cdd5f1950a3c_gpu
paper_ssp_200m_strong_v1,8,750,750.0,1100.0,auv_11,bounded_path_correction,low,DENY,DENY_FORBIDDEN,hard_expired,1100.0,PARTITIONED,False,True,True,False,A_hard_expiry_capsule_contraction,tr_cdd5f1950a3c_gpu
paper_ssp_200m_strong_v1,8,750,750.0,1120.0,auv_00,bounded_path_correction,low,DENY,DENY_FORBIDDEN,hard_expired,1120.0,PARTITIONED,False,True,True,False,A_hard_expiry_capsule_contraction,tr_cdd5f1950a3c_gpu
paper_ssp_200m_strong_v1,8,750,750.0,1120.0,auv_01,bounded_path_correction,low,DENY,DENY_FORBIDDEN,hard_expired,1120.0,PARTITIONED,False,True,True,False,A_hard_expiry_capsule_contraction,tr_cdd5f1950a3c_gpu
paper_ssp_200m_strong_v1,8,750,750.0,1120.0,auv_02,bounded_path_correction,low,DENY,DENY_FORBIDDEN,hard_expired,1120.0,PARTITIONED,False,True,True,False,A_hard_expiry_capsule_contraction,tr_cdd5f1950a3c_gpu
paper_ssp_200m_strong_v1,8,750,750.0,1120.0,auv_03,bounded_path_correction,low,DENY,DENY_FORBIDDEN,hard_expired,1120.0,PARTITIONED,False,True,True,False,A_hard_expiry_capsule_contraction,tr_cdd5f1950a3c_gpu
paper_ssp_200m_strong_v1,8,750,750.0,1120.0,auv_04,abandon_mandatory_inspection,consequential,DENY,DENY_HARD_EXPIRY,hard_expired,1120.0,PARTITIONED,False,True,True,False,not_low_risk,tr_cdd5f1950a3c_gpu
paper_ssp_200m_strong_v1,8,750,750.0,1120.0,auv_05,bounded_path_correction,low,DENY,DENY_FORBIDDEN,hard_expired,1120.0,PARTITIONED,False,True,True,False,A_hard_expiry_capsule_contraction,tr_cdd5f1950a3c_gpu
paper_ssp_200m_strong_v1,8,750,750.0,1120.0,auv_06,enter_exclusion_zone,consequential,DENY,DENY_HARD_EXPIRY,hard_expired,1120.0,PARTITIONED,False,True,True,False,not_low_risk,tr_cdd5f1950a3c_gpu
paper_ssp_200m_strong_v1,8,750,750.0,1120.0,auv_07,enter_exclusion_zone,consequential,DENY,DENY_HARD_EXPIRY,hard_expired,1120.0,PARTITIONED,False,True,True,False,not_low_risk,tr_cdd5f1950a3c_gpu
paper_ssp_200m_strong_v1,8,750,750.0,1120.0,auv_08,exceed_return_energy_reserve,consequential,DENY,DENY_HARD_EXPIRY,hard_expired,1120.0,PARTITIONED,False,True,True,False,not_low_risk,tr_cdd5f1950a3c_gpu
paper_ssp_200m_strong_v1,8,750,750.0,1120.0,auv_09,hold_station,low,DENY,DENY_FORBIDDEN,hard_expired,1120.0,PARTITIONED,False,True,True,False,A_hard_expiry_capsule_contraction,tr_cdd5f1950a3c_gpu
paper_ssp_200m_strong_v1,8,750,750.0,1120.0,auv_10,enter_exclusion_zone,consequential,DENY,DENY_HARD_EXPIRY,hard_expired,1120.0,PARTITIONED,False,True,True,False,not_low_risk,tr_cdd5f1950a3c_gpu
paper_ssp_200m_strong_v1,8,750,750.0,1120.0,auv_11,change_high_level_objective,consequential,DENY,DENY_HARD_EXPIRY,hard_expired,1120.0,PARTITIONED,False,True,True,False,not_low_risk,tr_cdd5f1950a3c_gpu
paper_ssp_200m_strong_v1,8,750,750.0,1140.0,auv_00,bounded_path_correction,low,DENY,DENY_FORBIDDEN,hard_expired,1140.0,PARTITIONED,False,True,True,False,A_hard_expiry_capsule_contraction,tr_cdd5f1950a3c_gpu
paper_ssp_200m_strong_v1,8,750,750.0,1140.0,auv_01,bounded_path_correction,low,DENY,DENY_FORBIDDEN,hard_expired,1140.0,PARTITIONED,False,True,True,False,A_hard_expiry_capsule_contraction,tr_cdd5f1950a3c_gpu
paper_ssp_200m_strong_v1,8,750,750.0,1140.0,auv_02,bounded_path_correction,low,DENY,DENY_FORBIDDEN,hard_expired,1140.0,PARTITIONED,False,True,True,False,A_hard_expiry_capsule_contraction,tr_cdd5f1950a3c_gpu
paper_ssp_200m_strong_v1,8,750,750.0,1140.0,auv_03,bounded_path_correction,low,DENY,DENY_FORBIDDEN,hard_expired,1140.0,PARTITIONED,False,True,True,False,A_hard_expiry_capsule_contraction,tr_cdd5f1950a3c_gpu
paper_ssp_200m_strong_v1,8,750,750.0,1140.0,auv_04,abandon_mandatory_inspection,consequential,DENY,DENY_HARD_EXPIRY,hard_expired,1140.0,PARTITIONED,False,True,True,False,not_low_risk,tr_cdd5f1950a3c_gpu
paper_ssp_200m_strong_v1,8,750,750.0,1140.0,auv_05,bounded_path_correction,low,DENY,DENY_FORBIDDEN,hard_expired,1140.0,PARTITIONED,False,True,True,False,A_hard_expiry_capsule_contraction,tr_cdd5f1950a3c_gpu
paper_ssp_200m_strong_v1,8,750,750.0,1140.0,auv_06,exceed_return_energy_reserve,consequential,DENY,DENY_HARD_EXPIRY,hard_expired,1140.0,PARTITIONED,False,True,True,False,not_low_risk,tr_cdd5f1950a3c_gpu
paper_ssp_200m_strong_v1,8,750,750.0,1140.0,auv_07,exceed_return_energy_reserve,consequential,DENY,DENY_HARD_EXPIRY,hard_expired,1140.0,PARTITIONED,False,True,True,False,not_low_risk,tr_cdd5f1950a3c_gpu
paper_ssp_200m_strong_v1,8,750,750.0,1140.0,auv_08,exceed_return_energy_reserve,consequential,DENY,DENY_HARD_EXPIRY,hard_expired,1140.0,PARTITIONED,False,True,True,False,not_low_risk,tr_cdd5f1950a3c_gpu
paper_ssp_200m_strong_v1,8,750,750.0,1140.0,auv_09,hold_station,low,DENY,DENY_FORBIDDEN,hard_expired,1140.0,PARTITIONED,False,True,True,False,A_hard_expiry_capsule_contraction,tr_cdd5f1950a3c_gpu
paper_ssp_200m_strong_v1,8,750,750.0,1140.0,auv_10,exceed_return_energy_reserve,consequential,DENY,DENY_HARD_EXPIRY,hard_expired,1140.0,PARTITIONED,False,True,True,False,not_low_risk,tr_cdd5f1950a3c_gpu
paper_ssp_200m_strong_v1,8,750,750.0,1140.0,auv_11,exceed_return_energy_reserve,consequential,DENY,DENY_HARD_EXPIRY,hard_expired,1140.0,PARTITIONED,False,True,True,False,not_low_risk,tr_cdd5f1950a3c_gpu
paper_ssp_200m_strong_v1,8,750,750.0,1160.0,auv_00,bounded_path_correction,low,DENY,DENY_FORBIDDEN,hard_expired,1160.0,PARTITIONED,False,True,True,False,A_hard_expiry_capsule_contraction,tr_cdd5f1950a3c_gpu
paper_ssp_200m_strong_v1,8,750,750.0,1160.0,auv_01,bounded_path_correction,low,DENY,DENY_FORBIDDEN,hard_expired,1160.0,PARTITIONED,False,True,True,False,A_hard_expiry_capsule_contraction,tr_cdd5f1950a3c_gpu
paper_ssp_200m_strong_v1,8,750,750.0,1160.0,auv_02,bounded_path_correction,low,DENY,DENY_FORBIDDEN,hard_expired,1160.0,PARTITIONED,False,True,True,False,A_hard_expiry_capsule_contraction,tr_cdd5f1950a3c_gpu
paper_ssp_200m_strong_v1,8,750,750.0,1160.0,auv_03,bounded_path_correction,low,DENY,DENY_FORBIDDEN,hard_expired,1160.0,PARTITIONED,False,True,True,False,A_hard_expiry_capsule_contraction,tr_cdd5f1950a3c_gpu
paper_ssp_200m_strong_v1,8,750,750.0,1160.0,auv_04,abandon_mandatory_inspection,consequential,DENY,DENY_HARD_EXPIRY,hard_expired,1160.0,PARTITIONED,False,True,True,False,not_low_risk,tr_cdd5f1950a3c_gpu
paper_ssp_200m_strong_v1,8,750,750.0,1160.0,auv_05,bounded_path_correction,low,DENY,DENY_FORBIDDEN,hard_expired,1160.0,PARTITIONED,False,True,True,False,A_hard_expiry_capsule_contraction,tr_cdd5f1950a3c_gpu
paper_ssp_200m_strong_v1,8,750,750.0,1160.0,auv_06,enter_exclusion_zone,consequential,DENY,DENY_HARD_EXPIRY,hard_expired,1160.0,PARTITIONED,False,True,True,False,not_low_risk,tr_cdd5f1950a3c_gpu
paper_ssp_200m_strong_v1,8,750,750.0,1160.0,auv_07,enter_exclusion_zone,consequential,DENY,DENY_HARD_EXPIRY,hard_expired,1160.0,PARTITIONED,False,True,True,False,not_low_risk,tr_cdd5f1950a3c_gpu
paper_ssp_200m_strong_v1,8,750,750.0,1160.0,auv_08,exceed_return_energy_reserve,consequential,DENY,DENY_HARD_EXPIRY,hard_expired,1160.0,PARTITIONED,False,True,True,False,not_low_risk,tr_cdd5f1950a3c_gpu
paper_ssp_200m_strong_v1,8,750,750.0,1160.0,auv_09,hold_station,low,DENY,DENY_FORBIDDEN,hard_expired,1160.0,PARTITIONED,False,True,True,False,A_hard_expiry_capsule_contraction,tr_cdd5f1950a3c_gpu
paper_ssp_200m_strong_v1,8,750,750.0,1160.0,auv_10,enter_exclusion_zone,consequential,DENY,DENY_HARD_EXPIRY,hard_expired,1160.0,PARTITIONED,False,True,True,False,not_low_risk,tr_cdd5f1950a3c_gpu
paper_ssp_200m_strong_v1,8,750,750.0,1160.0,auv_11,bounded_path_correction,low,DENY,DENY_FORBIDDEN,hard_expired,1160.0,PARTITIONED,False,True,True,False,A_hard_expiry_capsule_contraction,tr_cdd5f1950a3c_gpu
paper_ssp_200m_strong_v1,8,750,750.0,1180.0,auv_00,bounded_path_correction,low,DENY,DENY_FORBIDDEN,hard_expired,1180.0,PARTITIONED,False,True,True,False,A_hard_expiry_capsule_contraction,tr_cdd5f1950a3c_gpu
paper_ssp_200m_strong_v1,8,750,750.0,1180.0,auv_01,bounded_path_correction,low,DENY,DENY_FORBIDDEN,hard_expired,1180.0,PARTITIONED,False,True,True,False,A_hard_expiry_capsule_contraction,tr_cdd5f1950a3c_gpu
paper_ssp_200m_strong_v1,8,750,750.0,1180.0,auv_02,bounded_path_correction,low,DENY,DENY_FORBIDDEN,hard_expired,1180.0,PARTITIONED,False,True,True,False,A_hard_expiry_capsule_contraction,tr_cdd5f1950a3c_gpu
paper_ssp_200m_strong_v1,8,750,750.0,1180.0,auv_03,bounded_path_correction,low,DENY,DENY_FORBIDDEN,hard_expired,1180.0,PARTITIONED,False,True,True,False,A_hard_expiry_capsule_contraction,tr_cdd5f1950a3c_gpu
paper_ssp_200m_strong_v1,8,750,750.0,1180.0,auv_04,abandon_mandatory_inspection,consequential,DENY,DENY_HARD_EXPIRY,hard_expired,1180.0,PARTITIONED,False,True,True,False,not_low_risk,tr_cdd5f1950a3c_gpu
paper_ssp_200m_strong_v1,8,750,750.0,1180.0,auv_05,bounded_path_correction,low,DENY,DENY_FORBIDDEN,hard_expired,1180.0,PARTITIONED,False,True,True,False,A_hard_expiry_capsule_contraction,tr_cdd5f1950a3c_gpu
paper_ssp_200m_strong_v1,8,750,750.0,1180.0,auv_06,enter_exclusion_zone,consequential,DENY,DENY_HARD_EXPIRY,hard_expired,1180.0,PARTITIONED,False,True,True,False,not_low_risk,tr_cdd5f1950a3c_gpu
paper_ssp_200m_strong_v1,8,750,750.0,1180.0,auv_07,enter_exclusion_zone,consequential,DENY,DENY_HARD_EXPIRY,hard_expired,1180.0,PARTITIONED,False,True,True,False,not_low_risk,tr_cdd5f1950a3c_gpu
paper_ssp_200m_strong_v1,8,750,750.0,1180.0,auv_08,exceed_return_energy_reserve,consequential,DENY,DENY_HARD_EXPIRY,hard_expired,1180.0,PARTITIONED,False,True,True,False,not_low_risk,tr_cdd5f1950a3c_gpu
paper_ssp_200m_strong_v1,8,750,750.0,1180.0,auv_09,hold_station,low,DENY,DENY_FORBIDDEN,hard_expired,1180.0,PARTITIONED,False,True,True,False,A_hard_expiry_capsule_contraction,tr_cdd5f1950a3c_gpu
paper_ssp_200m_strong_v1,8,750,750.0,1180.0,auv_10,enter_exclusion_zone,consequential,DENY,DENY_HARD_EXPIRY,hard_expired,1180.0,PARTITIONED,False,True,True,False,not_low_risk,tr_cdd5f1950a3c_gpu
paper_ssp_200m_strong_v1,8,750,750.0,1180.0,auv_11,bounded_path_correction,low,DENY,DENY_FORBIDDEN,hard_expired,1180.0,PARTITIONED,False,True,True,False,A_hard_expiry_capsule_contraction,tr_cdd5f1950a3c_gpu
paper_ssp_200m_strong_v1,8,750,750.0,1200.0,auv_00,bounded_path_correction,low,DENY,DENY_FORBIDDEN,hard_expired,1200.0,PARTITIONED,False,True,True,False,A_hard_expiry_capsule_contraction,tr_cdd5f1950a3c_gpu
paper_ssp_200m_strong_v1,8,750,750.0,1200.0,auv_01,bounded_path_correction,low,DENY,DENY_FORBIDDEN,hard_expired,1200.0,PARTITIONED,False,True,True,False,A_hard_expiry_capsule_contraction,tr_cdd5f1950a3c_gpu
paper_ssp_200m_strong_v1,8,750,750.0,1200.0,auv_02,bounded_path_correction,low,DENY,DENY_FORBIDDEN,hard_expired,1200.0,PARTITIONED,False,True,True,False,A_hard_expiry_capsule_contraction,tr_cdd5f1950a3c_gpu
paper_ssp_200m_strong_v1,8,750,750.0,1200.0,auv_03,bounded_path_correction,low,DENY,DENY_FORBIDDEN,hard_expired,1200.0,PARTITIONED,False,True,True,False,A_hard_expiry_capsule_contraction,tr_cdd5f1950a3c_gpu
paper_ssp_200m_strong_v1,8,750,750.0,1200.0,auv_04,abandon_mandatory_inspection,consequential,DENY,DENY_HARD_EXPIRY,hard_expired,1200.0,PARTITIONED,False,True,True,False,not_low_risk,tr_cdd5f1950a3c_gpu
paper_ssp_200m_strong_v1,8,750,750.0,1200.0,auv_05,bounded_path_correction,low,DENY,DENY_FORBIDDEN,hard_expired,1200.0,PARTITIONED,False,True,True,False,A_hard_expiry_capsule_contraction,tr_cdd5f1950a3c_gpu
paper_ssp_200m_strong_v1,8,750,750.0,1200.0,auv_06,enter_exclusion_zone,consequential,DENY,DENY_HARD_EXPIRY,hard_expired,1200.0,PARTITIONED,False,True,True,False,not_low_risk,tr_cdd5f1950a3c_gpu
paper_ssp_200m_strong_v1,8,750,750.0,1200.0,auv_07,enter_exclusion_zone,consequential,DENY,DENY_HARD_EXPIRY,hard_expired,1200.0,PARTITIONED,False,True,True,False,not_low_risk,tr_cdd5f1950a3c_gpu
paper_ssp_200m_strong_v1,8,750,750.0,1200.0,auv_08,exceed_return_energy_reserve,consequential,DENY,DENY_HARD_EXPIRY,hard_expired,1200.0,PARTITIONED,False,True,True,False,not_low_risk,tr_cdd5f1950a3c_gpu
paper_ssp_200m_strong_v1,8,750,750.0,1200.0,auv_09,hold_station,low,DENY,DENY_FORBIDDEN,hard_expired,1200.0,PARTITIONED,False,True,True,False,A_hard_expiry_capsule_contraction,tr_cdd5f1950a3c_gpu
paper_ssp_200m_strong_v1,8,750,750.0,1200.0,auv_10,enter_exclusion_zone,consequential,DENY,DENY_HARD_EXPIRY,hard_expired,1200.0,PARTITIONED,False,True,True,False,not_low_risk,tr_cdd5f1950a3c_gpu
paper_ssp_200m_strong_v1,8,750,750.0,1200.0,auv_11,change_high_level_objective,consequential,DENY,DENY_HARD_EXPIRY,hard_expired,1200.0,PARTITIONED,False,True,True,False,not_low_risk,tr_cdd5f1950a3c_gpu
paper_ssp_200m_strong_v1,8,750,750.0,1220.0,auv_00,bounded_path_correction,low,DENY,DENY_FORBIDDEN,hard_expired,1220.0,PARTITIONED,False,True,True,False,A_hard_expiry_capsule_contraction,tr_cdd5f1950a3c_gpu
paper_ssp_200m_strong_v1,8,750,750.0,1220.0,auv_01,bounded_path_correction,low,DENY,DENY_FORBIDDEN,hard_expired,1220.0,PARTITIONED,False,True,True,False,A_hard_expiry_capsule_contraction,tr_cdd5f1950a3c_gpu
paper_ssp_200m_strong_v1,8,750,750.0,1220.0,auv_02,bounded_path_correction,low,DENY,DENY_FORBIDDEN,hard_expired,1220.0,PARTITIONED,False,True,True,False,A_hard_expiry_capsule_contraction,tr_cdd5f1950a3c_gpu
paper_ssp_200m_strong_v1,8,750,750.0,1220.0,auv_03,bounded_path_correction,low,DENY,DENY_FORBIDDEN,hard_expired,1220.0,PARTITIONED,False,True,True,False,A_hard_expiry_capsule_contraction,tr_cdd5f1950a3c_gpu
paper_ssp_200m_strong_v1,8,750,750.0,1220.0,auv_04,abandon_mandatory_inspection,consequential,DENY,DENY_HARD_EXPIRY,hard_expired,1220.0,PARTITIONED,False,True,True,False,not_low_risk,tr_cdd5f1950a3c_gpu
paper_ssp_200m_strong_v1,8,750,750.0,1220.0,auv_05,bounded_path_correction,low,DENY,DENY_FORBIDDEN,hard_expired,1220.0,PARTITIONED,False,True,True,False,A_hard_expiry_capsule_contraction,tr_cdd5f1950a3c_gpu
paper_ssp_200m_strong_v1,8,750,750.0,1220.0,auv_06,enter_exclusion_zone,consequential,DENY,DENY_HARD_EXPIRY,hard_expired,1220.0,PARTITIONED,False,True,True,False,not_low_risk,tr_cdd5f1950a3c_gpu
paper_ssp_200m_strong_v1,8,750,750.0,1220.0,auv_07,enter_exclusion_zone,consequential,DENY,DENY_HARD_EXPIRY,hard_expired,1220.0,PARTITIONED,False,True,True,False,not_low_risk,tr_cdd5f1950a3c_gpu
paper_ssp_200m_strong_v1,8,750,750.0,1220.0,auv_08,exceed_return_energy_reserve,consequential,DENY,DENY_HARD_EXPIRY,hard_expired,1220.0,PARTITIONED,False,True,True,False,not_low_risk,tr_cdd5f1950a3c_gpu
paper_ssp_200m_strong_v1,8,750,750.0,1220.0,auv_09,hold_station,low,DENY,DENY_FORBIDDEN,hard_expired,1220.0,PARTITIONED,False,True,True,False,A_hard_expiry_capsule_contraction,tr_cdd5f1950a3c_gpu
paper_ssp_200m_strong_v1,8,750,750.0,1220.0,auv_10,enter_exclusion_zone,consequential,DENY,DENY_HARD_EXPIRY,hard_expired,1220.0,PARTITIONED,False,True,True,False,not_low_risk,tr_cdd5f1950a3c_gpu
paper_ssp_200m_strong_v1,8,750,750.0,1220.0,auv_11,bounded_path_correction,low,DENY,DENY_FORBIDDEN,hard_expired,1220.0,PARTITIONED,False,True,True,False,A_hard_expiry_capsule_contraction,tr_cdd5f1950a3c_gpu
paper_ssp_200m_strong_v1,8,750,750.0,1240.0,auv_00,bounded_path_correction,low,DENY,DENY_FORBIDDEN,hard_expired,1240.0,PARTITIONED,False,True,True,False,A_hard_expiry_capsule_contraction,tr_cdd5f1950a3c_gpu
paper_ssp_200m_strong_v1,8,750,750.0,1240.0,auv_01,bounded_path_correction,low,DENY,DENY_FORBIDDEN,hard_expired,1240.0,PARTITIONED,False,True,True,False,A_hard_expiry_capsule_contraction,tr_cdd5f1950a3c_gpu
paper_ssp_200m_strong_v1,8,750,750.0,1240.0,auv_02,bounded_path_correction,low,DENY,DENY_FORBIDDEN,hard_expired,1240.0,PARTITIONED,False,True,True,False,A_hard_expiry_capsule_contraction,tr_cdd5f1950a3c_gpu
paper_ssp_200m_strong_v1,8,750,750.0,1240.0,auv_03,bounded_path_correction,low,DENY,DENY_FORBIDDEN,hard_expired,1240.0,PARTITIONED,False,True,True,False,A_hard_expiry_capsule_contraction,tr_cdd5f1950a3c_gpu
paper_ssp_200m_strong_v1,8,750,750.0,1240.0,auv_04,abandon_mandatory_inspection,consequential,DENY,DENY_HARD_EXPIRY,hard_expired,1240.0,PARTITIONED,False,True,True,False,not_low_risk,tr_cdd5f1950a3c_gpu
paper_ssp_200m_strong_v1,8,750,750.0,1240.0,auv_05,bounded_path_correction,low,DENY,DENY_FORBIDDEN,hard_expired,1240.0,PARTITIONED,False,True,True,False,A_hard_expiry_capsule_contraction,tr_cdd5f1950a3c_gpu
paper_ssp_200m_strong_v1,8,750,750.0,1240.0,auv_06,enter_exclusion_zone,consequential,DENY,DENY_HARD_EXPIRY,hard_expired,1240.0,PARTITIONED,False,True,True,False,not_low_risk,tr_cdd5f1950a3c_gpu
paper_ssp_200m_strong_v1,8,750,750.0,1240.0,auv_07,enter_exclusion_zone,consequential,DENY,DENY_HARD_EXPIRY,hard_expired,1240.0,PARTITIONED,False,True,True,False,not_low_risk,tr_cdd5f1950a3c_gpu
paper_ssp_200m_strong_v1,8,750,750.0,1240.0,auv_08,exceed_return_energy_reserve,consequential,DENY,DENY_HARD_EXPIRY,hard_expired,1240.0,PARTITIONED,False,True,True,False,not_low_risk,tr_cdd5f1950a3c_gpu
paper_ssp_200m_strong_v1,8,750,750.0,1240.0,auv_09,hold_station,low,DENY,DENY_FORBIDDEN,hard_expired,1240.0,PARTITIONED,False,True,True,False,A_hard_expiry_capsule_contraction,tr_cdd5f1950a3c_gpu
paper_ssp_200m_strong_v1,8,750,750.0,1240.0,auv_10,enter_exclusion_zone,consequential,DENY,DENY_HARD_EXPIRY,hard_expired,1240.0,PARTITIONED,False,True,True,False,not_low_risk,tr_cdd5f1950a3c_gpu
paper_ssp_200m_strong_v1,8,750,750.0,1240.0,auv_11,bounded_path_correction,low,DENY,DENY_FORBIDDEN,hard_expired,1240.0,PARTITIONED,False,True,True,False,A_hard_expiry_capsule_contraction,tr_cdd5f1950a3c_gpu
paper_ssp_200m_strong_v1,8,750,750.0,1260.0,auv_00,bounded_path_correction,low,DENY,DENY_FORBIDDEN,hard_expired,1260.0,PARTITIONED,False,True,True,False,A_hard_expiry_capsule_contraction,tr_cdd5f1950a3c_gpu
paper_ssp_200m_strong_v1,8,750,750.0,1260.0,auv_01,bounded_path_correction,low,DENY,DENY_FORBIDDEN,hard_expired,1260.0,PARTITIONED,False,True,True,False,A_hard_expiry_capsule_contraction,tr_cdd5f1950a3c_gpu
paper_ssp_200m_strong_v1,8,750,750.0,1260.0,auv_02,bounded_path_correction,low,DENY,DENY_FORBIDDEN,hard_expired,1260.0,PARTITIONED,False,True,True,False,A_hard_expiry_capsule_contraction,tr_cdd5f1950a3c_gpu
paper_ssp_200m_strong_v1,8,750,750.0,1260.0,auv_03,bounded_path_correction,low,DENY,DENY_FORBIDDEN,hard_expired,1260.0,PARTITIONED,False,True,True,False,A_hard_expiry_capsule_contraction,tr_cdd5f1950a3c_gpu
paper_ssp_200m_strong_v1,8,750,750.0,1260.0,auv_04,abandon_mandatory_inspection,consequential,DENY,DENY_HARD_EXPIRY,hard_expired,1260.0,PARTITIONED,False,True,True,False,not_low_risk,tr_cdd5f1950a3c_gpu
paper_ssp_200m_strong_v1,8,750,750.0,1260.0,auv_05,bounded_path_correction,low,DENY,DENY_FORBIDDEN,hard_expired,1260.0,PARTITIONED,False,True,True,False,A_hard_expiry_capsule_contraction,tr_cdd5f1950a3c_gpu
paper_ssp_200m_strong_v1,8,750,750.0,1260.0,auv_06,enter_exclusion_zone,consequential,DENY,DENY_HARD_EXPIRY,hard_expired,1260.0,PARTITIONED,False,True,True,False,not_low_risk,tr_cdd5f1950a3c_gpu
paper_ssp_200m_strong_v1,8,750,750.0,1260.0,auv_07,enter_exclusion_zone,consequential,DENY,DENY_HARD_EXPIRY,hard_expired,1260.0,PARTITIONED,False,True,True,False,not_low_risk,tr_cdd5f1950a3c_gpu
paper_ssp_200m_strong_v1,8,750,750.0,1260.0,auv_08,exceed_return_energy_reserve,consequential,DENY,DENY_HARD_EXPIRY,hard_expired,1260.0,PARTITIONED,False,True,True,False,not_low_risk,tr_cdd5f1950a3c_gpu
paper_ssp_200m_strong_v1,8,750,750.0,1260.0,auv_09,hold_station,low,DENY,DENY_FORBIDDEN,hard_expired,1260.0,PARTITIONED,False,True,True,False,A_hard_expiry_capsule_contraction,tr_cdd5f1950a3c_gpu
paper_ssp_200m_strong_v1,8,750,750.0,1260.0,auv_10,enter_exclusion_zone,consequential,DENY,DENY_HARD_EXPIRY,hard_expired,1260.0,PARTITIONED,False,True,True,False,not_low_risk,tr_cdd5f1950a3c_gpu
paper_ssp_200m_strong_v1,8,750,750.0,1260.0,auv_11,bounded_path_correction,low,DENY,DENY_FORBIDDEN,hard_expired,1260.0,PARTITIONED,False,True,True,False,A_hard_expiry_capsule_contraction,tr_cdd5f1950a3c_gpu
paper_ssp_200m_strong_v1,8,750,750.0,1280.0,auv_00,bounded_path_correction,low,DENY,DENY_FORBIDDEN,hard_expired,1280.0,PARTITIONED,False,True,True,False,A_hard_expiry_capsule_contraction,tr_cdd5f1950a3c_gpu
paper_ssp_200m_strong_v1,8,750,750.0,1280.0,auv_01,bounded_path_correction,low,DENY,DENY_FORBIDDEN,hard_expired,1280.0,PARTITIONED,False,True,True,False,A_hard_expiry_capsule_contraction,tr_cdd5f1950a3c_gpu
paper_ssp_200m_strong_v1,8,750,750.0,1280.0,auv_02,bounded_path_correction,low,DENY,DENY_FORBIDDEN,hard_expired,1280.0,PARTITIONED,False,True,True,False,A_hard_expiry_capsule_contraction,tr_cdd5f1950a3c_gpu
paper_ssp_200m_strong_v1,8,750,750.0,1280.0,auv_03,bounded_path_correction,low,DENY,DENY_FORBIDDEN,hard_expired,1280.0,PARTITIONED,False,True,True,False,A_hard_expiry_capsule_contraction,tr_cdd5f1950a3c_gpu
paper_ssp_200m_strong_v1,8,750,750.0,1280.0,auv_04,abandon_mandatory_inspection,consequential,DENY,DENY_HARD_EXPIRY,hard_expired,1280.0,PARTITIONED,False,True,True,False,not_low_risk,tr_cdd5f1950a3c_gpu
paper_ssp_200m_strong_v1,8,750,750.0,1280.0,auv_05,bounded_path_correction,low,DENY,DENY_FORBIDDEN,hard_expired,1280.0,PARTITIONED,False,True,True,False,A_hard_expiry_capsule_contraction,tr_cdd5f1950a3c_gpu
paper_ssp_200m_strong_v1,8,750,750.0,1280.0,auv_06,enter_exclusion_zone,consequential,DENY,DENY_HARD_EXPIRY,hard_expired,1280.0,PARTITIONED,False,True,True,False,not_low_risk,tr_cdd5f1950a3c_gpu
paper_ssp_200m_strong_v1,8,750,750.0,1280.0,auv_07,enter_exclusion_zone,consequential,DENY,DENY_HARD_EXPIRY,hard_expired,1280.0,PARTITIONED,False,True,True,False,not_low_risk,tr_cdd5f1950a3c_gpu
paper_ssp_200m_strong_v1,8,750,750.0,1280.0,auv_08,exceed_return_energy_reserve,consequential,DENY,DENY_HARD_EXPIRY,hard_expired,1280.0,PARTITIONED,False,True,True,False,not_low_risk,tr_cdd5f1950a3c_gpu
paper_ssp_200m_strong_v1,8,750,750.0,1280.0,auv_09,hold_station,low,DENY,DENY_FORBIDDEN,hard_expired,1280.0,PARTITIONED,False,True,True,False,A_hard_expiry_capsule_contraction,tr_cdd5f1950a3c_gpu
paper_ssp_200m_strong_v1,8,750,750.0,1280.0,auv_10,enter_exclusion_zone,consequential,DENY,DENY_HARD_EXPIRY,hard_expired,1280.0,PARTITIONED,False,True,True,False,not_low_risk,tr_cdd5f1950a3c_gpu
paper_ssp_200m_strong_v1,8,750,750.0,1280.0,auv_11,change_high_level_objective,consequential,DENY,DENY_HARD_EXPIRY,hard_expired,1280.0,PARTITIONED,False,True,True,False,not_low_risk,tr_cdd5f1950a3c_gpu
paper_ssp_200m_strong_v1,8,750,750.0,1300.0,auv_00,bounded_path_correction,low,DENY,DENY_FORBIDDEN,hard_expired,1300.0,PARTITIONED,False,True,True,False,A_hard_expiry_capsule_contraction,tr_cdd5f1950a3c_gpu
paper_ssp_200m_strong_v1,8,750,750.0,1300.0,auv_01,bounded_path_correction,low,DENY,DENY_FORBIDDEN,hard_expired,1300.0,PARTITIONED,False,True,True,False,A_hard_expiry_capsule_contraction,tr_cdd5f1950a3c_gpu
paper_ssp_200m_strong_v1,8,750,750.0,1300.0,auv_02,bounded_path_correction,low,DENY,DENY_FORBIDDEN,hard_expired,1300.0,PARTITIONED,False,True,True,False,A_hard_expiry_capsule_contraction,tr_cdd5f1950a3c_gpu
paper_ssp_200m_strong_v1,8,750,750.0,1300.0,auv_03,bounded_path_correction,low,DENY,DENY_FORBIDDEN,hard_expired,1300.0,PARTITIONED,False,True,True,False,A_hard_expiry_capsule_contraction,tr_cdd5f1950a3c_gpu
paper_ssp_200m_strong_v1,8,750,750.0,1300.0,auv_04,abandon_mandatory_inspection,consequential,DENY,DENY_HARD_EXPIRY,hard_expired,1300.0,PARTITIONED,False,True,True,False,not_low_risk,tr_cdd5f1950a3c_gpu
paper_ssp_200m_strong_v1,8,750,750.0,1300.0,auv_05,bounded_path_correction,low,DENY,DENY_FORBIDDEN,hard_expired,1300.0,PARTITIONED,False,True,True,False,A_hard_expiry_capsule_contraction,tr_cdd5f1950a3c_gpu
paper_ssp_200m_strong_v1,8,750,750.0,1300.0,auv_06,enter_exclusion_zone,consequential,DENY,DENY_HARD_EXPIRY,hard_expired,1300.0,PARTITIONED,False,True,True,False,not_low_risk,tr_cdd5f1950a3c_gpu
paper_ssp_200m_strong_v1,8,750,750.0,1300.0,auv_07,enter_exclusion_zone,consequential,DENY,DENY_HARD_EXPIRY,hard_expired,1300.0,PARTITIONED,False,True,True,False,not_low_risk,tr_cdd5f1950a3c_gpu
paper_ssp_200m_strong_v1,8,750,750.0,1300.0,auv_08,exceed_return_energy_reserve,consequential,DENY,DENY_HARD_EXPIRY,hard_expired,1300.0,PARTITIONED,False,True,True,False,not_low_risk,tr_cdd5f1950a3c_gpu
paper_ssp_200m_strong_v1,8,750,750.0,1300.0,auv_09,hold_station,low,DENY,DENY_FORBIDDEN,hard_expired,1300.0,PARTITIONED,False,True,True,False,A_hard_expiry_capsule_contraction,tr_cdd5f1950a3c_gpu
paper_ssp_200m_strong_v1,8,750,750.0,1300.0,auv_10,enter_exclusion_zone,consequential,DENY,DENY_HARD_EXPIRY,hard_expired,1300.0,PARTITIONED,False,True,True,False,not_low_risk,tr_cdd5f1950a3c_gpu
paper_ssp_200m_strong_v1,8,750,750.0,1300.0,auv_11,bounded_path_correction,low,DENY,DENY_FORBIDDEN,hard_expired,1300.0,PARTITIONED,False,True,True,False,A_hard_expiry_capsule_contraction,tr_cdd5f1950a3c_gpu
paper_ssp_200m_strong_v1,8,750,750.0,1320.0,auv_00,bounded_path_correction,low,DENY,DENY_FORBIDDEN,hard_expired,1320.0,PARTITIONED,False,True,True,False,A_hard_expiry_capsule_contraction,tr_cdd5f1950a3c_gpu
paper_ssp_200m_strong_v1,8,750,750.0,1320.0,auv_01,bounded_path_correction,low,DENY,DENY_FORBIDDEN,hard_expired,1320.0,PARTITIONED,False,True,True,False,A_hard_expiry_capsule_contraction,tr_cdd5f1950a3c_gpu
paper_ssp_200m_strong_v1,8,750,750.0,1320.0,auv_02,bounded_path_correction,low,DENY,DENY_FORBIDDEN,hard_expired,1320.0,PARTITIONED,False,True,True,False,A_hard_expiry_capsule_contraction,tr_cdd5f1950a3c_gpu
paper_ssp_200m_strong_v1,8,750,750.0,1320.0,auv_03,bounded_path_correction,low,DENY,DENY_FORBIDDEN,hard_expired,1320.0,PARTITIONED,False,True,True,False,A_hard_expiry_capsule_contraction,tr_cdd5f1950a3c_gpu
paper_ssp_200m_strong_v1,8,750,750.0,1320.0,auv_04,abandon_mandatory_inspection,consequential,DENY,DENY_HARD_EXPIRY,hard_expired,1320.0,PARTITIONED,False,True,True,False,not_low_risk,tr_cdd5f1950a3c_gpu
paper_ssp_200m_strong_v1,8,750,750.0,1320.0,auv_05,bounded_path_correction,low,DENY,DENY_FORBIDDEN,hard_expired,1320.0,PARTITIONED,False,True,True,False,A_hard_expiry_capsule_contraction,tr_cdd5f1950a3c_gpu
paper_ssp_200m_strong_v1,8,750,750.0,1320.0,auv_06,enter_exclusion_zone,consequential,DENY,DENY_HARD_EXPIRY,hard_expired,1320.0,PARTITIONED,False,True,True,False,not_low_risk,tr_cdd5f1950a3c_gpu
paper_ssp_200m_strong_v1,8,750,750.0,1320.0,auv_07,enter_exclusion_zone,consequential,DENY,DENY_HARD_EXPIRY,hard_expired,1320.0,PARTITIONED,False,True,True,False,not_low_risk,tr_cdd5f1950a3c_gpu
paper_ssp_200m_strong_v1,8,750,750.0,1320.0,auv_08,exceed_return_energy_reserve,consequential,DENY,DENY_HARD_EXPIRY,hard_expired,1320.0,PARTITIONED,False,True,True,False,not_low_risk,tr_cdd5f1950a3c_gpu
paper_ssp_200m_strong_v1,8,750,750.0,1320.0,auv_09,hold_station,low,DENY,DENY_FORBIDDEN,hard_expired,1320.0,PARTITIONED,False,True,True,False,A_hard_expiry_capsule_contraction,tr_cdd5f1950a3c_gpu
paper_ssp_200m_strong_v1,8,750,750.0,1320.0,auv_10,enter_exclusion_zone,consequential,DENY,DENY_HARD_EXPIRY,hard_expired,1320.0,PARTITIONED,False,True,True,False,not_low_risk,tr_cdd5f1950a3c_gpu
paper_ssp_200m_strong_v1,8,750,750.0,1320.0,auv_11,bounded_path_correction,low,DENY,DENY_FORBIDDEN,hard_expired,1320.0,PARTITIONED,False,True,True,False,A_hard_expiry_capsule_contraction,tr_cdd5f1950a3c_gpu
paper_ssp_200m_strong_v1,8,750,750.0,1340.0,auv_00,bounded_path_correction,low,DENY,DENY_FORBIDDEN,hard_expired,1340.0,PARTITIONED,False,True,True,False,A_hard_expiry_capsule_contraction,tr_cdd5f1950a3c_gpu
paper_ssp_200m_strong_v1,8,750,750.0,1340.0,auv_01,bounded_path_correction,low,DENY,DENY_FORBIDDEN,hard_expired,1340.0,PARTITIONED,False,True,True,False,A_hard_expiry_capsule_contraction,tr_cdd5f1950a3c_gpu
paper_ssp_200m_strong_v1,8,750,750.0,1340.0,auv_02,bounded_path_correction,low,DENY,DENY_FORBIDDEN,hard_expired,1340.0,PARTITIONED,False,True,True,False,A_hard_expiry_capsule_contraction,tr_cdd5f1950a3c_gpu
paper_ssp_200m_strong_v1,8,750,750.0,1340.0,auv_03,bounded_path_correction,low,DENY,DENY_FORBIDDEN,hard_expired,1340.0,PARTITIONED,False,True,True,False,A_hard_expiry_capsule_contraction,tr_cdd5f1950a3c_gpu
paper_ssp_200m_strong_v1,8,750,750.0,1340.0,auv_04,abandon_mandatory_inspection,consequential,DENY,DENY_HARD_EXPIRY,hard_expired,1340.0,PARTITIONED,False,True,True,False,not_low_risk,tr_cdd5f1950a3c_gpu
paper_ssp_200m_strong_v1,8,750,750.0,1340.0,auv_05,bounded_path_correction,low,DENY,DENY_FORBIDDEN,hard_expired,1340.0,PARTITIONED,False,True,True,False,A_hard_expiry_capsule_contraction,tr_cdd5f1950a3c_gpu
paper_ssp_200m_strong_v1,8,750,750.0,1340.0,auv_06,enter_exclusion_zone,consequential,DENY,DENY_HARD_EXPIRY,hard_expired,1340.0,PARTITIONED,False,True,True,False,not_low_risk,tr_cdd5f1950a3c_gpu
paper_ssp_200m_strong_v1,8,750,750.0,1340.0,auv_07,enter_exclusion_zone,consequential,DENY,DENY_HARD_EXPIRY,hard_expired,1340.0,PARTITIONED,False,True,True,False,not_low_risk,tr_cdd5f1950a3c_gpu
paper_ssp_200m_strong_v1,8,750,750.0,1340.0,auv_08,exceed_return_energy_reserve,consequential,DENY,DENY_HARD_EXPIRY,hard_expired,1340.0,PARTITIONED,False,True,True,False,not_low_risk,tr_cdd5f1950a3c_gpu
paper_ssp_200m_strong_v1,8,750,750.0,1340.0,auv_09,hold_station,low,DENY,DENY_FORBIDDEN,hard_expired,1340.0,PARTITIONED,False,True,True,False,A_hard_expiry_capsule_contraction,tr_cdd5f1950a3c_gpu
paper_ssp_200m_strong_v1,8,750,750.0,1340.0,auv_10,enter_exclusion_zone,consequential,DENY,DENY_HARD_EXPIRY,hard_expired,1340.0,PARTITIONED,False,True,True,False,not_low_risk,tr_cdd5f1950a3c_gpu
paper_ssp_200m_strong_v1,8,750,750.0,1340.0,auv_11,bounded_path_correction,low,DENY,DENY_FORBIDDEN,hard_expired,1340.0,PARTITIONED,False,True,True,False,A_hard_expiry_capsule_contraction,tr_cdd5f1950a3c_gpu
paper_ssp_200m_strong_v1,8,750,750.0,1360.0,auv_00,bounded_path_correction,low,DENY,DENY_FORBIDDEN,hard_expired,1360.0,PARTITIONED,False,True,True,False,A_hard_expiry_capsule_contraction,tr_cdd5f1950a3c_gpu
paper_ssp_200m_strong_v1,8,750,750.0,1360.0,auv_01,bounded_path_correction,low,DENY,DENY_FORBIDDEN,hard_expired,1360.0,PARTITIONED,False,True,True,False,A_hard_expiry_capsule_contraction,tr_cdd5f1950a3c_gpu
paper_ssp_200m_strong_v1,8,750,750.0,1360.0,auv_02,bounded_path_correction,low,DENY,DENY_FORBIDDEN,hard_expired,1360.0,PARTITIONED,False,True,True,False,A_hard_expiry_capsule_contraction,tr_cdd5f1950a3c_gpu
paper_ssp_200m_strong_v1,8,750,750.0,1360.0,auv_03,bounded_path_correction,low,DENY,DENY_FORBIDDEN,hard_expired,1360.0,PARTITIONED,False,True,True,False,A_hard_expiry_capsule_contraction,tr_cdd5f1950a3c_gpu
paper_ssp_200m_strong_v1,8,750,750.0,1360.0,auv_04,abandon_mandatory_inspection,consequential,DENY,DENY_HARD_EXPIRY,hard_expired,1360.0,PARTITIONED,False,True,True,False,not_low_risk,tr_cdd5f1950a3c_gpu
paper_ssp_200m_strong_v1,8,750,750.0,1360.0,auv_05,bounded_path_correction,low,DENY,DENY_FORBIDDEN,hard_expired,1360.0,PARTITIONED,False,True,True,False,A_hard_expiry_capsule_contraction,tr_cdd5f1950a3c_gpu
paper_ssp_200m_strong_v1,8,750,750.0,1360.0,auv_06,enter_exclusion_zone,consequential,DENY,DENY_HARD_EXPIRY,hard_expired,1360.0,PARTITIONED,False,True,True,False,not_low_risk,tr_cdd5f1950a3c_gpu
paper_ssp_200m_strong_v1,8,750,750.0,1360.0,auv_07,enter_exclusion_zone,consequential,DENY,DENY_HARD_EXPIRY,hard_expired,1360.0,PARTITIONED,False,True,True,False,not_low_risk,tr_cdd5f1950a3c_gpu
paper_ssp_200m_strong_v1,8,750,750.0,1360.0,auv_08,exceed_return_energy_reserve,consequential,DENY,DENY_HARD_EXPIRY,hard_expired,1360.0,PARTITIONED,False,True,True,False,not_low_risk,tr_cdd5f1950a3c_gpu
paper_ssp_200m_strong_v1,8,750,750.0,1360.0,auv_09,hold_station,low,DENY,DENY_FORBIDDEN,hard_expired,1360.0,PARTITIONED,False,True,True,False,A_hard_expiry_capsule_contraction,tr_cdd5f1950a3c_gpu
paper_ssp_200m_strong_v1,8,750,750.0,1360.0,auv_10,enter_exclusion_zone,consequential,DENY,DENY_HARD_EXPIRY,hard_expired,1360.0,PARTITIONED,False,True,True,False,not_low_risk,tr_cdd5f1950a3c_gpu
paper_ssp_200m_strong_v1,8,750,750.0,1360.0,auv_11,change_high_level_objective,consequential,DENY,DENY_HARD_EXPIRY,hard_expired,1360.0,PARTITIONED,False,True,True,False,not_low_risk,tr_cdd5f1950a3c_gpu
paper_ssp_200m_strong_v1,8,750,750.0,1380.0,auv_00,bounded_path_correction,low,DENY,DENY_FORBIDDEN,hard_expired,1380.0,PARTITIONED,False,True,True,False,A_hard_expiry_capsule_contraction,tr_cdd5f1950a3c_gpu
paper_ssp_200m_strong_v1,8,750,750.0,1380.0,auv_01,bounded_path_correction,low,DENY,DENY_FORBIDDEN,hard_expired,1380.0,PARTITIONED,False,True,True,False,A_hard_expiry_capsule_contraction,tr_cdd5f1950a3c_gpu
paper_ssp_200m_strong_v1,8,750,750.0,1380.0,auv_02,bounded_path_correction,low,DENY,DENY_FORBIDDEN,hard_expired,1380.0,PARTITIONED,False,True,True,False,A_hard_expiry_capsule_contraction,tr_cdd5f1950a3c_gpu
paper_ssp_200m_strong_v1,8,750,750.0,1380.0,auv_03,bounded_path_correction,low,DENY,DENY_FORBIDDEN,hard_expired,1380.0,PARTITIONED,False,True,True,False,A_hard_expiry_capsule_contraction,tr_cdd5f1950a3c_gpu
paper_ssp_200m_strong_v1,8,750,750.0,1380.0,auv_04,abandon_mandatory_inspection,consequential,DENY,DENY_HARD_EXPIRY,hard_expired,1380.0,PARTITIONED,False,True,True,False,not_low_risk,tr_cdd5f1950a3c_gpu
paper_ssp_200m_strong_v1,8,750,750.0,1380.0,auv_05,bounded_path_correction,low,DENY,DENY_FORBIDDEN,hard_expired,1380.0,PARTITIONED,False,True,True,False,A_hard_expiry_capsule_contraction,tr_cdd5f1950a3c_gpu
paper_ssp_200m_strong_v1,8,750,750.0,1380.0,auv_06,enter_exclusion_zone,consequential,DENY,DENY_HARD_EXPIRY,hard_expired,1380.0,PARTITIONED,False,True,True,False,not_low_risk,tr_cdd5f1950a3c_gpu
paper_ssp_200m_strong_v1,8,750,750.0,1380.0,auv_07,enter_exclusion_zone,consequential,DENY,DENY_HARD_EXPIRY,hard_expired,1380.0,PARTITIONED,False,True,True,False,not_low_risk,tr_cdd5f1950a3c_gpu
paper_ssp_200m_strong_v1,8,750,750.0,1380.0,auv_08,exceed_return_energy_reserve,consequential,DENY,DENY_HARD_EXPIRY,hard_expired,1380.0,PARTITIONED,False,True,True,False,not_low_risk,tr_cdd5f1950a3c_gpu
paper_ssp_200m_strong_v1,8,750,750.0,1380.0,auv_09,hold_station,low,DENY,DENY_FORBIDDEN,hard_expired,1380.0,PARTITIONED,False,True,True,False,A_hard_expiry_capsule_contraction,tr_cdd5f1950a3c_gpu
paper_ssp_200m_strong_v1,8,750,750.0,1380.0,auv_10,enter_exclusion_zone,consequential,DENY,DENY_HARD_EXPIRY,hard_expired,1380.0,PARTITIONED,False,True,True,False,not_low_risk,tr_cdd5f1950a3c_gpu
paper_ssp_200m_strong_v1,8,750,750.0,1380.0,auv_11,bounded_path_correction,low,DENY,DENY_FORBIDDEN,hard_expired,1380.0,PARTITIONED,False,True,True,False,A_hard_expiry_capsule_contraction,tr_cdd5f1950a3c_gpu
paper_ssp_200m_strong_v1,8,1000,1000.0,900.0,auv_00,bounded_path_correction,low,DENY,DENY_FORBIDDEN,hard_expired,900.0,PARTITIONED,False,True,True,False,A_hard_expiry_capsule_contraction,tr_cdd5f1950a3c_gpu
paper_ssp_200m_strong_v1,8,1000,1000.0,900.0,auv_01,bounded_path_correction,low,DENY,DENY_FORBIDDEN,hard_expired,900.0,PARTITIONED,False,True,True,False,A_hard_expiry_capsule_contraction,tr_cdd5f1950a3c_gpu
paper_ssp_200m_strong_v1,8,1000,1000.0,900.0,auv_02,bounded_path_correction,low,DENY,DENY_FORBIDDEN,hard_expired,900.0,PARTITIONED,False,True,True,False,A_hard_expiry_capsule_contraction,tr_cdd5f1950a3c_gpu
paper_ssp_200m_strong_v1,8,1000,1000.0,900.0,auv_03,bounded_path_correction,low,DENY,DENY_FORBIDDEN,hard_expired,900.0,PARTITIONED,False,True,True,False,A_hard_expiry_capsule_contraction,tr_cdd5f1950a3c_gpu
paper_ssp_200m_strong_v1,8,1000,1000.0,900.0,auv_04,abandon_mandatory_inspection,consequential,DENY,DENY_HARD_EXPIRY,hard_expired,900.0,PARTITIONED,False,True,True,False,not_low_risk,tr_cdd5f1950a3c_gpu
paper_ssp_200m_strong_v1,8,1000,1000.0,900.0,auv_05,bounded_path_correction,low,DENY,DENY_FORBIDDEN,hard_expired,900.0,PARTITIONED,False,True,True,False,A_hard_expiry_capsule_contraction,tr_cdd5f1950a3c_gpu
paper_ssp_200m_strong_v1,8,1000,1000.0,900.0,auv_06,enter_exclusion_zone,consequential,DENY,DENY_HARD_EXPIRY,hard_expired,900.0,PARTITIONED,False,True,True,False,not_low_risk,tr_cdd5f1950a3c_gpu
paper_ssp_200m_strong_v1,8,1000,1000.0,900.0,auv_07,enter_exclusion_zone,consequential,DENY,DENY_HARD_EXPIRY,hard_expired,900.0,PARTITIONED,False,True,True,False,not_low_risk,tr_cdd5f1950a3c_gpu
paper_ssp_200m_strong_v1,8,1000,1000.0,900.0,auv_08,exceed_return_energy_reserve,consequential,DENY,DENY_HARD_EXPIRY,hard_expired,900.0,PARTITIONED,False,True,True,False,not_low_risk,tr_cdd5f1950a3c_gpu
paper_ssp_200m_strong_v1,8,1000,1000.0,900.0,auv_09,hold_station,low,DENY,DENY_FORBIDDEN,hard_expired,900.0,PARTITIONED,False,True,True,False,A_hard_expiry_capsule_contraction,tr_cdd5f1950a3c_gpu
paper_ssp_200m_strong_v1,8,1000,1000.0,900.0,auv_10,enter_exclusion_zone,consequential,DENY,DENY_HARD_EXPIRY,hard_expired,900.0,PARTITIONED,False,True,True,False,not_low_risk,tr_cdd5f1950a3c_gpu
paper_ssp_200m_strong_v1,8,1000,1000.0,900.0,auv_11,bounded_path_correction,low,DENY,DENY_FORBIDDEN,hard_expired,900.0,PARTITIONED,False,True,True,False,A_hard_expiry_capsule_contraction,tr_cdd5f1950a3c_gpu
paper_ssp_200m_strong_v1,8,1000,1000.0,920.0,auv_00,bounded_path_correction,low,DENY,DENY_FORBIDDEN,hard_expired,920.0,PARTITIONED,False,True,True,False,A_hard_expiry_capsule_contraction,tr_cdd5f1950a3c_gpu
paper_ssp_200m_strong_v1,8,1000,1000.0,920.0,auv_01,bounded_path_correction,low,DENY,DENY_FORBIDDEN,hard_expired,920.0,PARTITIONED,False,True,True,False,A_hard_expiry_capsule_contraction,tr_cdd5f1950a3c_gpu
paper_ssp_200m_strong_v1,8,1000,1000.0,920.0,auv_02,bounded_path_correction,low,DENY,DENY_FORBIDDEN,hard_expired,920.0,PARTITIONED,False,True,True,False,A_hard_expiry_capsule_contraction,tr_cdd5f1950a3c_gpu
paper_ssp_200m_strong_v1,8,1000,1000.0,920.0,auv_03,bounded_path_correction,low,DENY,DENY_FORBIDDEN,hard_expired,920.0,PARTITIONED,False,True,True,False,A_hard_expiry_capsule_contraction,tr_cdd5f1950a3c_gpu
paper_ssp_200m_strong_v1,8,1000,1000.0,920.0,auv_04,abandon_mandatory_inspection,consequential,DENY,DENY_HARD_EXPIRY,hard_expired,920.0,PARTITIONED,False,True,True,False,not_low_risk,tr_cdd5f1950a3c_gpu
paper_ssp_200m_strong_v1,8,1000,1000.0,920.0,auv_05,bounded_path_correction,low,DENY,DENY_FORBIDDEN,hard_expired,920.0,PARTITIONED,False,True,True,False,A_hard_expiry_capsule_contraction,tr_cdd5f1950a3c_gpu
paper_ssp_200m_strong_v1,8,1000,1000.0,920.0,auv_06,enter_exclusion_zone,consequential,DENY,DENY_HARD_EXPIRY,hard_expired,920.0,PARTITIONED,False,True,True,False,not_low_risk,tr_cdd5f1950a3c_gpu
paper_ssp_200m_strong_v1,8,1000,1000.0,920.0,auv_07,enter_exclusion_zone,consequential,DENY,DENY_HARD_EXPIRY,hard_expired,920.0,PARTITIONED,False,True,True,False,not_low_risk,tr_cdd5f1950a3c_gpu
paper_ssp_200m_strong_v1,8,1000,1000.0,920.0,auv_08,exceed_return_energy_reserve,consequential,DENY,DENY_HARD_EXPIRY,hard_expired,920.0,PARTITIONED,False,True,True,False,not_low_risk,tr_cdd5f1950a3c_gpu
paper_ssp_200m_strong_v1,8,1000,1000.0,920.0,auv_09,hold_station,low,DENY,DENY_FORBIDDEN,hard_expired,920.0,PARTITIONED,False,True,True,False,A_hard_expiry_capsule_contraction,tr_cdd5f1950a3c_gpu
paper_ssp_200m_strong_v1,8,1000,1000.0,920.0,auv_10,enter_exclusion_zone,consequential,DENY,DENY_HARD_EXPIRY,hard_expired,920.0,PARTITIONED,False,True,True,False,not_low_risk,tr_cdd5f1950a3c_gpu
paper_ssp_200m_strong_v1,8,1000,1000.0,920.0,auv_11,bounded_path_correction,low,DENY,DENY_FORBIDDEN,hard_expired,920.0,PARTITIONED,False,True,True,False,A_hard_expiry_capsule_contraction,tr_cdd5f1950a3c_gpu
paper_ssp_200m_strong_v1,8,1000,1000.0,940.0,auv_00,bounded_path_correction,low,DENY,DENY_FORBIDDEN,hard_expired,940.0,PARTITIONED,False,True,True,False,A_hard_expiry_capsule_contraction,tr_cdd5f1950a3c_gpu
paper_ssp_200m_strong_v1,8,1000,1000.0,940.0,auv_01,bounded_path_correction,low,DENY,DENY_FORBIDDEN,hard_expired,940.0,PARTITIONED,False,True,True,False,A_hard_expiry_capsule_contraction,tr_cdd5f1950a3c_gpu
paper_ssp_200m_strong_v1,8,1000,1000.0,940.0,auv_02,bounded_path_correction,low,DENY,DENY_FORBIDDEN,hard_expired,940.0,PARTITIONED,False,True,True,False,A_hard_expiry_capsule_contraction,tr_cdd5f1950a3c_gpu
paper_ssp_200m_strong_v1,8,1000,1000.0,940.0,auv_03,bounded_path_correction,low,DENY,DENY_FORBIDDEN,hard_expired,940.0,PARTITIONED,False,True,True,False,A_hard_expiry_capsule_contraction,tr_cdd5f1950a3c_gpu
paper_ssp_200m_strong_v1,8,1000,1000.0,940.0,auv_04,abandon_mandatory_inspection,consequential,DENY,DENY_HARD_EXPIRY,hard_expired,940.0,PARTITIONED,False,True,True,False,not_low_risk,tr_cdd5f1950a3c_gpu
paper_ssp_200m_strong_v1,8,1000,1000.0,940.0,auv_05,bounded_path_correction,low,DENY,DENY_FORBIDDEN,hard_expired,940.0,PARTITIONED,False,True,True,False,A_hard_expiry_capsule_contraction,tr_cdd5f1950a3c_gpu
paper_ssp_200m_strong_v1,8,1000,1000.0,940.0,auv_06,enter_exclusion_zone,consequential,DENY,DENY_HARD_EXPIRY,hard_expired,940.0,PARTITIONED,False,True,True,False,not_low_risk,tr_cdd5f1950a3c_gpu
paper_ssp_200m_strong_v1,8,1000,1000.0,940.0,auv_07,enter_exclusion_zone,consequential,DENY,DENY_HARD_EXPIRY,hard_expired,940.0,PARTITIONED,False,True,True,False,not_low_risk,tr_cdd5f1950a3c_gpu
paper_ssp_200m_strong_v1,8,1000,1000.0,940.0,auv_08,exceed_return_energy_reserve,consequential,DENY,DENY_HARD_EXPIRY,hard_expired,940.0,PARTITIONED,False,True,True,False,not_low_risk,tr_cdd5f1950a3c_gpu
paper_ssp_200m_strong_v1,8,1000,1000.0,940.0,auv_09,hold_station,low,DENY,DENY_FORBIDDEN,hard_expired,940.0,PARTITIONED,False,True,True,False,A_hard_expiry_capsule_contraction,tr_cdd5f1950a3c_gpu
paper_ssp_200m_strong_v1,8,1000,1000.0,940.0,auv_10,enter_exclusion_zone,consequential,DENY,DENY_HARD_EXPIRY,hard_expired,940.0,PARTITIONED,False,True,True,False,not_low_risk,tr_cdd5f1950a3c_gpu
paper_ssp_200m_strong_v1,8,1000,1000.0,940.0,auv_11,bounded_path_correction,low,DENY,DENY_FORBIDDEN,hard_expired,940.0,PARTITIONED,False,True,True,False,A_hard_expiry_capsule_contraction,tr_cdd5f1950a3c_gpu
paper_ssp_200m_strong_v1,8,1000,1000.0,960.0,auv_00,bounded_path_correction,low,DENY,DENY_FORBIDDEN,hard_expired,960.0,PARTITIONED,False,True,True,False,A_hard_expiry_capsule_contraction,tr_cdd5f1950a3c_gpu
paper_ssp_200m_strong_v1,8,1000,1000.0,960.0,auv_01,bounded_path_correction,low,DENY,DENY_FORBIDDEN,hard_expired,960.0,PARTITIONED,False,True,True,False,A_hard_expiry_capsule_contraction,tr_cdd5f1950a3c_gpu
paper_ssp_200m_strong_v1,8,1000,1000.0,960.0,auv_02,bounded_path_correction,low,DENY,DENY_FORBIDDEN,hard_expired,960.0,PARTITIONED,False,True,True,False,A_hard_expiry_capsule_contraction,tr_cdd5f1950a3c_gpu
paper_ssp_200m_strong_v1,8,1000,1000.0,960.0,auv_03,bounded_path_correction,low,DENY,DENY_FORBIDDEN,hard_expired,960.0,PARTITIONED,False,True,True,False,A_hard_expiry_capsule_contraction,tr_cdd5f1950a3c_gpu
paper_ssp_200m_strong_v1,8,1000,1000.0,960.0,auv_04,abandon_mandatory_inspection,consequential,DENY,DENY_HARD_EXPIRY,hard_expired,960.0,PARTITIONED,False,True,True,False,not_low_risk,tr_cdd5f1950a3c_gpu
paper_ssp_200m_strong_v1,8,1000,1000.0,960.0,auv_05,bounded_path_correction,low,DENY,DENY_FORBIDDEN,hard_expired,960.0,PARTITIONED,False,True,True,False,A_hard_expiry_capsule_contraction,tr_cdd5f1950a3c_gpu
paper_ssp_200m_strong_v1,8,1000,1000.0,960.0,auv_06,enter_exclusion_zone,consequential,DENY,DENY_HARD_EXPIRY,hard_expired,960.0,PARTITIONED,False,True,True,False,not_low_risk,tr_cdd5f1950a3c_gpu
paper_ssp_200m_strong_v1,8,1000,1000.0,960.0,auv_07,enter_exclusion_zone,consequential,DENY,DENY_HARD_EXPIRY,hard_expired,960.0,PARTITIONED,False,True,True,False,not_low_risk,tr_cdd5f1950a3c_gpu
paper_ssp_200m_strong_v1,8,1000,1000.0,960.0,auv_08,exceed_return_energy_reserve,consequential,DENY,DENY_HARD_EXPIRY,hard_expired,960.0,PARTITIONED,False,True,True,False,not_low_risk,tr_cdd5f1950a3c_gpu
paper_ssp_200m_strong_v1,8,1000,1000.0,960.0,auv_09,hold_station,low,DENY,DENY_FORBIDDEN,hard_expired,960.0,PARTITIONED,False,True,True,False,A_hard_expiry_capsule_contraction,tr_cdd5f1950a3c_gpu
paper_ssp_200m_strong_v1,8,1000,1000.0,960.0,auv_10,enter_exclusion_zone,consequential,DENY,DENY_HARD_EXPIRY,hard_expired,960.0,PARTITIONED,False,True,True,False,not_low_risk,tr_cdd5f1950a3c_gpu
paper_ssp_200m_strong_v1,8,1000,1000.0,960.0,auv_11,change_high_level_objective,consequential,DENY,DENY_HARD_EXPIRY,hard_expired,960.0,PARTITIONED,False,True,True,False,not_low_risk,tr_cdd5f1950a3c_gpu
paper_ssp_200m_strong_v1,8,1000,1000.0,980.0,auv_00,bounded_path_correction,low,DENY,DENY_FORBIDDEN,hard_expired,980.0,PARTITIONED,False,True,True,False,A_hard_expiry_capsule_contraction,tr_cdd5f1950a3c_gpu
paper_ssp_200m_strong_v1,8,1000,1000.0,980.0,auv_01,bounded_path_correction,low,DENY,DENY_FORBIDDEN,hard_expired,980.0,PARTITIONED,False,True,True,False,A_hard_expiry_capsule_contraction,tr_cdd5f1950a3c_gpu
paper_ssp_200m_strong_v1,8,1000,1000.0,980.0,auv_02,bounded_path_correction,low,DENY,DENY_FORBIDDEN,hard_expired,980.0,PARTITIONED,False,True,True,False,A_hard_expiry_capsule_contraction,tr_cdd5f1950a3c_gpu
paper_ssp_200m_strong_v1,8,1000,1000.0,980.0,auv_03,bounded_path_correction,low,DENY,DENY_FORBIDDEN,hard_expired,980.0,PARTITIONED,False,True,True,False,A_hard_expiry_capsule_contraction,tr_cdd5f1950a3c_gpu
paper_ssp_200m_strong_v1,8,1000,1000.0,980.0,auv_04,abandon_mandatory_inspection,consequential,DENY,DENY_HARD_EXPIRY,hard_expired,980.0,PARTITIONED,False,True,True,False,not_low_risk,tr_cdd5f1950a3c_gpu
paper_ssp_200m_strong_v1,8,1000,1000.0,980.0,auv_05,bounded_path_correction,low,DENY,DENY_FORBIDDEN,hard_expired,980.0,PARTITIONED,False,True,True,False,A_hard_expiry_capsule_contraction,tr_cdd5f1950a3c_gpu
paper_ssp_200m_strong_v1,8,1000,1000.0,980.0,auv_06,enter_exclusion_zone,consequential,DENY,DENY_HARD_EXPIRY,hard_expired,980.0,PARTITIONED,False,True,True,False,not_low_risk,tr_cdd5f1950a3c_gpu
paper_ssp_200m_strong_v1,8,1000,1000.0,980.0,auv_07,enter_exclusion_zone,consequential,DENY,DENY_HARD_EXPIRY,hard_expired,980.0,PARTITIONED,False,True,True,False,not_low_risk,tr_cdd5f1950a3c_gpu
paper_ssp_200m_strong_v1,8,1000,1000.0,980.0,auv_08,exceed_return_energy_reserve,consequential,DENY,DENY_HARD_EXPIRY,hard_expired,980.0,PARTITIONED,False,True,True,False,not_low_risk,tr_cdd5f1950a3c_gpu
paper_ssp_200m_strong_v1,8,1000,1000.0,980.0,auv_09,hold_station,low,DENY,DENY_FORBIDDEN,hard_expired,980.0,PARTITIONED,False,True,True,False,A_hard_expiry_capsule_contraction,tr_cdd5f1950a3c_gpu
paper_ssp_200m_strong_v1,8,1000,1000.0,980.0,auv_10,enter_exclusion_zone,consequential,DENY,DENY_HARD_EXPIRY,hard_expired,980.0,PARTITIONED,False,True,True,False,not_low_risk,tr_cdd5f1950a3c_gpu
paper_ssp_200m_strong_v1,8,1000,1000.0,980.0,auv_11,bounded_path_correction,low,DENY,DENY_FORBIDDEN,hard_expired,980.0,PARTITIONED,False,True,True,False,A_hard_expiry_capsule_contraction,tr_cdd5f1950a3c_gpu
paper_ssp_200m_strong_v1,8,1000,1000.0,1000.0,auv_00,bounded_path_correction,low,DENY,DENY_FORBIDDEN,hard_expired,1000.0,PARTITIONED,False,True,True,False,A_hard_expiry_capsule_contraction,tr_cdd5f1950a3c_gpu
paper_ssp_200m_strong_v1,8,1000,1000.0,1000.0,auv_01,bounded_path_correction,low,DENY,DENY_FORBIDDEN,hard_expired,1000.0,PARTITIONED,False,True,True,False,A_hard_expiry_capsule_contraction,tr_cdd5f1950a3c_gpu
paper_ssp_200m_strong_v1,8,1000,1000.0,1000.0,auv_02,bounded_path_correction,low,DENY,DENY_FORBIDDEN,hard_expired,1000.0,PARTITIONED,False,True,True,False,A_hard_expiry_capsule_contraction,tr_cdd5f1950a3c_gpu
paper_ssp_200m_strong_v1,8,1000,1000.0,1000.0,auv_03,bounded_path_correction,low,DENY,DENY_FORBIDDEN,hard_expired,1000.0,PARTITIONED,False,True,True,False,A_hard_expiry_capsule_contraction,tr_cdd5f1950a3c_gpu
paper_ssp_200m_strong_v1,8,1000,1000.0,1000.0,auv_04,abandon_mandatory_inspection,consequential,DENY,DENY_HARD_EXPIRY,hard_expired,1000.0,PARTITIONED,False,True,True,False,not_low_risk,tr_cdd5f1950a3c_gpu
paper_ssp_200m_strong_v1,8,1000,1000.0,1000.0,auv_05,bounded_path_correction,low,DENY,DENY_FORBIDDEN,hard_expired,1000.0,PARTITIONED,False,True,True,False,A_hard_expiry_capsule_contraction,tr_cdd5f1950a3c_gpu
paper_ssp_200m_strong_v1,8,1000,1000.0,1000.0,auv_06,enter_exclusion_zone,consequential,DENY,DENY_HARD_EXPIRY,hard_expired,1000.0,PARTITIONED,False,True,True,False,not_low_risk,tr_cdd5f1950a3c_gpu
paper_ssp_200m_strong_v1,8,1000,1000.0,1000.0,auv_07,enter_exclusion_zone,consequential,DENY,DENY_HARD_EXPIRY,hard_expired,1000.0,PARTITIONED,False,True,True,False,not_low_risk,tr_cdd5f1950a3c_gpu
paper_ssp_200m_strong_v1,8,1000,1000.0,1000.0,auv_08,exceed_return_energy_reserve,consequential,DENY,DENY_HARD_EXPIRY,hard_expired,1000.0,PARTITIONED,False,True,True,False,not_low_risk,tr_cdd5f1950a3c_gpu
paper_ssp_200m_strong_v1,8,1000,1000.0,1000.0,auv_09,hold_station,low,DENY,DENY_FORBIDDEN,hard_expired,1000.0,PARTITIONED,False,True,True,False,A_hard_expiry_capsule_contraction,tr_cdd5f1950a3c_gpu
paper_ssp_200m_strong_v1,8,1000,1000.0,1000.0,auv_10,enter_exclusion_zone,consequential,DENY,DENY_HARD_EXPIRY,hard_expired,1000.0,PARTITIONED,False,True,True,False,not_low_risk,tr_cdd5f1950a3c_gpu
paper_ssp_200m_strong_v1,8,1000,1000.0,1000.0,auv_11,bounded_path_correction,low,DENY,DENY_FORBIDDEN,hard_expired,1000.0,PARTITIONED,False,True,True,False,A_hard_expiry_capsule_contraction,tr_cdd5f1950a3c_gpu
paper_ssp_200m_strong_v1,8,1000,1000.0,1020.0,auv_00,bounded_path_correction,low,DENY,DENY_FORBIDDEN,hard_expired,1020.0,PARTITIONED,False,True,True,False,A_hard_expiry_capsule_contraction,tr_cdd5f1950a3c_gpu
paper_ssp_200m_strong_v1,8,1000,1000.0,1020.0,auv_01,bounded_path_correction,low,DENY,DENY_FORBIDDEN,hard_expired,1020.0,PARTITIONED,False,True,True,False,A_hard_expiry_capsule_contraction,tr_cdd5f1950a3c_gpu
paper_ssp_200m_strong_v1,8,1000,1000.0,1020.0,auv_02,bounded_path_correction,low,DENY,DENY_FORBIDDEN,hard_expired,1020.0,PARTITIONED,False,True,True,False,A_hard_expiry_capsule_contraction,tr_cdd5f1950a3c_gpu
paper_ssp_200m_strong_v1,8,1000,1000.0,1020.0,auv_03,bounded_path_correction,low,DENY,DENY_FORBIDDEN,hard_expired,1020.0,PARTITIONED,False,True,True,False,A_hard_expiry_capsule_contraction,tr_cdd5f1950a3c_gpu
paper_ssp_200m_strong_v1,8,1000,1000.0,1020.0,auv_04,abandon_mandatory_inspection,consequential,DENY,DENY_HARD_EXPIRY,hard_expired,1020.0,PARTITIONED,False,True,True,False,not_low_risk,tr_cdd5f1950a3c_gpu
paper_ssp_200m_strong_v1,8,1000,1000.0,1020.0,auv_05,bounded_path_correction,low,DENY,DENY_FORBIDDEN,hard_expired,1020.0,PARTITIONED,False,True,True,False,A_hard_expiry_capsule_contraction,tr_cdd5f1950a3c_gpu
paper_ssp_200m_strong_v1,8,1000,1000.0,1020.0,auv_06,enter_exclusion_zone,consequential,DENY,DENY_HARD_EXPIRY,hard_expired,1020.0,PARTITIONED,False,True,True,False,not_low_risk,tr_cdd5f1950a3c_gpu
paper_ssp_200m_strong_v1,8,1000,1000.0,1020.0,auv_07,enter_exclusion_zone,consequential,DENY,DENY_HARD_EXPIRY,hard_expired,1020.0,PARTITIONED,False,True,True,False,not_low_risk,tr_cdd5f1950a3c_gpu
paper_ssp_200m_strong_v1,8,1000,1000.0,1020.0,auv_08,exceed_return_energy_reserve,consequential,DENY,DENY_HARD_EXPIRY,hard_expired,1020.0,PARTITIONED,False,True,True,False,not_low_risk,tr_cdd5f1950a3c_gpu
paper_ssp_200m_strong_v1,8,1000,1000.0,1020.0,auv_09,hold_station,low,DENY,DENY_FORBIDDEN,hard_expired,1020.0,PARTITIONED,False,True,True,False,A_hard_expiry_capsule_contraction,tr_cdd5f1950a3c_gpu
paper_ssp_200m_strong_v1,8,1000,1000.0,1020.0,auv_10,enter_exclusion_zone,consequential,DENY,DENY_HARD_EXPIRY,hard_expired,1020.0,PARTITIONED,False,True,True,False,not_low_risk,tr_cdd5f1950a3c_gpu
paper_ssp_200m_strong_v1,8,1000,1000.0,1020.0,auv_11,bounded_path_correction,low,DENY,DENY_FORBIDDEN,hard_expired,1020.0,PARTITIONED,False,True,True,False,A_hard_expiry_capsule_contraction,tr_cdd5f1950a3c_gpu
paper_ssp_200m_strong_v1,8,1000,1000.0,1040.0,auv_00,bounded_path_correction,low,DENY,DENY_FORBIDDEN,hard_expired,1040.0,PARTITIONED,False,True,True,False,A_hard_expiry_capsule_contraction,tr_cdd5f1950a3c_gpu
paper_ssp_200m_strong_v1,8,1000,1000.0,1040.0,auv_01,bounded_path_correction,low,DENY,DENY_FORBIDDEN,hard_expired,1040.0,PARTITIONED,False,True,True,False,A_hard_expiry_capsule_contraction,tr_cdd5f1950a3c_gpu
paper_ssp_200m_strong_v1,8,1000,1000.0,1040.0,auv_02,bounded_path_correction,low,DENY,DENY_FORBIDDEN,hard_expired,1040.0,PARTITIONED,False,True,True,False,A_hard_expiry_capsule_contraction,tr_cdd5f1950a3c_gpu
paper_ssp_200m_strong_v1,8,1000,1000.0,1040.0,auv_03,bounded_path_correction,low,DENY,DENY_FORBIDDEN,hard_expired,1040.0,PARTITIONED,False,True,True,False,A_hard_expiry_capsule_contraction,tr_cdd5f1950a3c_gpu
paper_ssp_200m_strong_v1,8,1000,1000.0,1040.0,auv_04,abandon_mandatory_inspection,consequential,DENY,DENY_HARD_EXPIRY,hard_expired,1040.0,PARTITIONED,False,True,True,False,not_low_risk,tr_cdd5f1950a3c_gpu
paper_ssp_200m_strong_v1,8,1000,1000.0,1040.0,auv_05,bounded_path_correction,low,DENY,DENY_FORBIDDEN,hard_expired,1040.0,PARTITIONED,False,True,True,False,A_hard_expiry_capsule_contraction,tr_cdd5f1950a3c_gpu
paper_ssp_200m_strong_v1,8,1000,1000.0,1040.0,auv_06,enter_exclusion_zone,consequential,DENY,DENY_HARD_EXPIRY,hard_expired,1040.0,PARTITIONED,False,True,True,False,not_low_risk,tr_cdd5f1950a3c_gpu
paper_ssp_200m_strong_v1,8,1000,1000.0,1040.0,auv_07,enter_exclusion_zone,consequential,DENY,DENY_HARD_EXPIRY,hard_expired,1040.0,PARTITIONED,False,True,True,False,not_low_risk,tr_cdd5f1950a3c_gpu
paper_ssp_200m_strong_v1,8,1000,1000.0,1040.0,auv_08,exceed_return_energy_reserve,consequential,DENY,DENY_HARD_EXPIRY,hard_expired,1040.0,PARTITIONED,False,True,True,False,not_low_risk,tr_cdd5f1950a3c_gpu
paper_ssp_200m_strong_v1,8,1000,1000.0,1040.0,auv_09,hold_station,low,DENY,DENY_FORBIDDEN,hard_expired,1040.0,PARTITIONED,False,True,True,False,A_hard_expiry_capsule_contraction,tr_cdd5f1950a3c_gpu
paper_ssp_200m_strong_v1,8,1000,1000.0,1040.0,auv_10,enter_exclusion_zone,consequential,DENY,DENY_HARD_EXPIRY,hard_expired,1040.0,PARTITIONED,False,True,True,False,not_low_risk,tr_cdd5f1950a3c_gpu
paper_ssp_200m_strong_v1,8,1000,1000.0,1040.0,auv_11,change_high_level_objective,consequential,DENY,DENY_HARD_EXPIRY,hard_expired,1040.0,PARTITIONED,False,True,True,False,not_low_risk,tr_cdd5f1950a3c_gpu
paper_ssp_200m_strong_v1,8,1000,1000.0,1060.0,auv_00,bounded_path_correction,low,DENY,DENY_FORBIDDEN,hard_expired,1060.0,PARTITIONED,False,True,True,False,A_hard_expiry_capsule_contraction,tr_cdd5f1950a3c_gpu
paper_ssp_200m_strong_v1,8,1000,1000.0,1060.0,auv_01,bounded_path_correction,low,DENY,DENY_FORBIDDEN,hard_expired,1060.0,PARTITIONED,False,True,True,False,A_hard_expiry_capsule_contraction,tr_cdd5f1950a3c_gpu
paper_ssp_200m_strong_v1,8,1000,1000.0,1060.0,auv_02,bounded_path_correction,low,DENY,DENY_FORBIDDEN,hard_expired,1060.0,PARTITIONED,False,True,True,False,A_hard_expiry_capsule_contraction,tr_cdd5f1950a3c_gpu
paper_ssp_200m_strong_v1,8,1000,1000.0,1060.0,auv_03,bounded_path_correction,low,DENY,DENY_FORBIDDEN,hard_expired,1060.0,PARTITIONED,False,True,True,False,A_hard_expiry_capsule_contraction,tr_cdd5f1950a3c_gpu
paper_ssp_200m_strong_v1,8,1000,1000.0,1060.0,auv_04,abandon_mandatory_inspection,consequential,DENY,DENY_HARD_EXPIRY,hard_expired,1060.0,PARTITIONED,False,True,True,False,not_low_risk,tr_cdd5f1950a3c_gpu
paper_ssp_200m_strong_v1,8,1000,1000.0,1060.0,auv_05,bounded_path_correction,low,DENY,DENY_FORBIDDEN,hard_expired,1060.0,PARTITIONED,False,True,True,False,A_hard_expiry_capsule_contraction,tr_cdd5f1950a3c_gpu
paper_ssp_200m_strong_v1,8,1000,1000.0,1060.0,auv_06,enter_exclusion_zone,consequential,DENY,DENY_HARD_EXPIRY,hard_expired,1060.0,PARTITIONED,False,True,True,False,not_low_risk,tr_cdd5f1950a3c_gpu
paper_ssp_200m_strong_v1,8,1000,1000.0,1060.0,auv_07,enter_exclusion_zone,consequential,DENY,DENY_HARD_EXPIRY,hard_expired,1060.0,PARTITIONED,False,True,True,False,not_low_risk,tr_cdd5f1950a3c_gpu
paper_ssp_200m_strong_v1,8,1000,1000.0,1060.0,auv_08,exceed_return_energy_reserve,consequential,DENY,DENY_HARD_EXPIRY,hard_expired,1060.0,PARTITIONED,False,True,True,False,not_low_risk,tr_cdd5f1950a3c_gpu
paper_ssp_200m_strong_v1,8,1000,1000.0,1060.0,auv_09,hold_station,low,DENY,DENY_FORBIDDEN,hard_expired,1060.0,PARTITIONED,False,True,True,False,A_hard_expiry_capsule_contraction,tr_cdd5f1950a3c_gpu
paper_ssp_200m_strong_v1,8,1000,1000.0,1060.0,auv_10,enter_exclusion_zone,consequential,DENY,DENY_HARD_EXPIRY,hard_expired,1060.0,PARTITIONED,False,True,True,False,not_low_risk,tr_cdd5f1950a3c_gpu
paper_ssp_200m_strong_v1,8,1000,1000.0,1060.0,auv_11,bounded_path_correction,low,DENY,DENY_FORBIDDEN,hard_expired,1060.0,PARTITIONED,False,True,True,False,A_hard_expiry_capsule_contraction,tr_cdd5f1950a3c_gpu
paper_ssp_200m_strong_v1,8,1000,1000.0,1080.0,auv_00,bounded_path_correction,low,DENY,DENY_FORBIDDEN,hard_expired,1080.0,PARTITIONED,False,True,True,False,A_hard_expiry_capsule_contraction,tr_cdd5f1950a3c_gpu
paper_ssp_200m_strong_v1,8,1000,1000.0,1080.0,auv_01,bounded_path_correction,low,DENY,DENY_FORBIDDEN,hard_expired,1080.0,PARTITIONED,False,True,True,False,A_hard_expiry_capsule_contraction,tr_cdd5f1950a3c_gpu
paper_ssp_200m_strong_v1,8,1000,1000.0,1080.0,auv_02,bounded_path_correction,low,DENY,DENY_FORBIDDEN,hard_expired,1080.0,PARTITIONED,False,True,True,False,A_hard_expiry_capsule_contraction,tr_cdd5f1950a3c_gpu
paper_ssp_200m_strong_v1,8,1000,1000.0,1080.0,auv_03,bounded_path_correction,low,DENY,DENY_FORBIDDEN,hard_expired,1080.0,PARTITIONED,False,True,True,False,A_hard_expiry_capsule_contraction,tr_cdd5f1950a3c_gpu
paper_ssp_200m_strong_v1,8,1000,1000.0,1080.0,auv_04,abandon_mandatory_inspection,consequential,DENY,DENY_HARD_EXPIRY,hard_expired,1080.0,PARTITIONED,False,True,True,False,not_low_risk,tr_cdd5f1950a3c_gpu
paper_ssp_200m_strong_v1,8,1000,1000.0,1080.0,auv_05,bounded_path_correction,low,DENY,DENY_FORBIDDEN,hard_expired,1080.0,PARTITIONED,False,True,True,False,A_hard_expiry_capsule_contraction,tr_cdd5f1950a3c_gpu
paper_ssp_200m_strong_v1,8,1000,1000.0,1080.0,auv_06,enter_exclusion_zone,consequential,DENY,DENY_HARD_EXPIRY,hard_expired,1080.0,PARTITIONED,False,True,True,False,not_low_risk,tr_cdd5f1950a3c_gpu
paper_ssp_200m_strong_v1,8,1000,1000.0,1080.0,auv_07,enter_exclusion_zone,consequential,DENY,DENY_HARD_EXPIRY,hard_expired,1080.0,PARTITIONED,False,True,True,False,not_low_risk,tr_cdd5f1950a3c_gpu
paper_ssp_200m_strong_v1,8,1000,1000.0,1080.0,auv_08,exceed_return_energy_reserve,consequential,DENY,DENY_HARD_EXPIRY,hard_expired,1080.0,PARTITIONED,False,True,True,False,not_low_risk,tr_cdd5f1950a3c_gpu
paper_ssp_200m_strong_v1,8,1000,1000.0,1080.0,auv_09,hold_station,low,DENY,DENY_FORBIDDEN,hard_expired,1080.0,PARTITIONED,False,True,True,False,A_hard_expiry_capsule_contraction,tr_cdd5f1950a3c_gpu
paper_ssp_200m_strong_v1,8,1000,1000.0,1080.0,auv_10,enter_exclusion_zone,consequential,DENY,DENY_HARD_EXPIRY,hard_expired,1080.0,PARTITIONED,False,True,True,False,not_low_risk,tr_cdd5f1950a3c_gpu
paper_ssp_200m_strong_v1,8,1000,1000.0,1080.0,auv_11,bounded_path_correction,low,DENY,DENY_FORBIDDEN,hard_expired,1080.0,PARTITIONED,False,True,True,False,A_hard_expiry_capsule_contraction,tr_cdd5f1950a3c_gpu
paper_ssp_200m_strong_v1,8,1000,1000.0,1100.0,auv_00,bounded_path_correction,low,DENY,DENY_FORBIDDEN,hard_expired,1100.0,PARTITIONED,False,True,True,False,A_hard_expiry_capsule_contraction,tr_cdd5f1950a3c_gpu
paper_ssp_200m_strong_v1,8,1000,1000.0,1100.0,auv_01,bounded_path_correction,low,DENY,DENY_FORBIDDEN,hard_expired,1100.0,PARTITIONED,False,True,True,False,A_hard_expiry_capsule_contraction,tr_cdd5f1950a3c_gpu
paper_ssp_200m_strong_v1,8,1000,1000.0,1100.0,auv_02,bounded_path_correction,low,DENY,DENY_FORBIDDEN,hard_expired,1100.0,PARTITIONED,False,True,True,False,A_hard_expiry_capsule_contraction,tr_cdd5f1950a3c_gpu
paper_ssp_200m_strong_v1,8,1000,1000.0,1100.0,auv_03,bounded_path_correction,low,DENY,DENY_FORBIDDEN,hard_expired,1100.0,PARTITIONED,False,True,True,False,A_hard_expiry_capsule_contraction,tr_cdd5f1950a3c_gpu
paper_ssp_200m_strong_v1,8,1000,1000.0,1100.0,auv_04,abandon_mandatory_inspection,consequential,DENY,DENY_HARD_EXPIRY,hard_expired,1100.0,PARTITIONED,False,True,True,False,not_low_risk,tr_cdd5f1950a3c_gpu
paper_ssp_200m_strong_v1,8,1000,1000.0,1100.0,auv_05,bounded_path_correction,low,DENY,DENY_FORBIDDEN,hard_expired,1100.0,PARTITIONED,False,True,True,False,A_hard_expiry_capsule_contraction,tr_cdd5f1950a3c_gpu
paper_ssp_200m_strong_v1,8,1000,1000.0,1100.0,auv_06,enter_exclusion_zone,consequential,DENY,DENY_HARD_EXPIRY,hard_expired,1100.0,PARTITIONED,False,True,True,False,not_low_risk,tr_cdd5f1950a3c_gpu
paper_ssp_200m_strong_v1,8,1000,1000.0,1100.0,auv_07,enter_exclusion_zone,consequential,DENY,DENY_HARD_EXPIRY,hard_expired,1100.0,PARTITIONED,False,True,True,False,not_low_risk,tr_cdd5f1950a3c_gpu
paper_ssp_200m_strong_v1,8,1000,1000.0,1100.0,auv_08,exceed_return_energy_reserve,consequential,DENY,DENY_HARD_EXPIRY,hard_expired,1100.0,PARTITIONED,False,True,True,False,not_low_risk,tr_cdd5f1950a3c_gpu
paper_ssp_200m_strong_v1,8,1000,1000.0,1100.0,auv_09,hold_station,low,DENY,DENY_FORBIDDEN,hard_expired,1100.0,PARTITIONED,False,True,True,False,A_hard_expiry_capsule_contraction,tr_cdd5f1950a3c_gpu
paper_ssp_200m_strong_v1,8,1000,1000.0,1100.0,auv_10,enter_exclusion_zone,consequential,DENY,DENY_HARD_EXPIRY,hard_expired,1100.0,PARTITIONED,False,True,True,False,not_low_risk,tr_cdd5f1950a3c_gpu
paper_ssp_200m_strong_v1,8,1000,1000.0,1100.0,auv_11,bounded_path_correction,low,DENY,DENY_FORBIDDEN,hard_expired,1100.0,PARTITIONED,False,True,True,False,A_hard_expiry_capsule_contraction,tr_cdd5f1950a3c_gpu
paper_ssp_200m_strong_v1,8,1000,1000.0,1120.0,auv_00,bounded_path_correction,low,DENY,DENY_FORBIDDEN,hard_expired,1120.0,PARTITIONED,False,True,True,False,A_hard_expiry_capsule_contraction,tr_cdd5f1950a3c_gpu
paper_ssp_200m_strong_v1,8,1000,1000.0,1120.0,auv_01,bounded_path_correction,low,DENY,DENY_FORBIDDEN,hard_expired,1120.0,PARTITIONED,False,True,True,False,A_hard_expiry_capsule_contraction,tr_cdd5f1950a3c_gpu
paper_ssp_200m_strong_v1,8,1000,1000.0,1120.0,auv_02,bounded_path_correction,low,DENY,DENY_FORBIDDEN,hard_expired,1120.0,PARTITIONED,False,True,True,False,A_hard_expiry_capsule_contraction,tr_cdd5f1950a3c_gpu
paper_ssp_200m_strong_v1,8,1000,1000.0,1120.0,auv_03,bounded_path_correction,low,DENY,DENY_FORBIDDEN,hard_expired,1120.0,PARTITIONED,False,True,True,False,A_hard_expiry_capsule_contraction,tr_cdd5f1950a3c_gpu
paper_ssp_200m_strong_v1,8,1000,1000.0,1120.0,auv_04,abandon_mandatory_inspection,consequential,DENY,DENY_HARD_EXPIRY,hard_expired,1120.0,PARTITIONED,False,True,True,False,not_low_risk,tr_cdd5f1950a3c_gpu
paper_ssp_200m_strong_v1,8,1000,1000.0,1120.0,auv_05,bounded_path_correction,low,DENY,DENY_FORBIDDEN,hard_expired,1120.0,PARTITIONED,False,True,True,False,A_hard_expiry_capsule_contraction,tr_cdd5f1950a3c_gpu
paper_ssp_200m_strong_v1,8,1000,1000.0,1120.0,auv_06,enter_exclusion_zone,consequential,DENY,DENY_HARD_EXPIRY,hard_expired,1120.0,PARTITIONED,False,True,True,False,not_low_risk,tr_cdd5f1950a3c_gpu
paper_ssp_200m_strong_v1,8,1000,1000.0,1120.0,auv_07,enter_exclusion_zone,consequential,DENY,DENY_HARD_EXPIRY,hard_expired,1120.0,PARTITIONED,False,True,True,False,not_low_risk,tr_cdd5f1950a3c_gpu
paper_ssp_200m_strong_v1,8,1000,1000.0,1120.0,auv_08,exceed_return_energy_reserve,consequential,DENY,DENY_HARD_EXPIRY,hard_expired,1120.0,PARTITIONED,False,True,True,False,not_low_risk,tr_cdd5f1950a3c_gpu
paper_ssp_200m_strong_v1,8,1000,1000.0,1120.0,auv_09,hold_station,low,DENY,DENY_FORBIDDEN,hard_expired,1120.0,PARTITIONED,False,True,True,False,A_hard_expiry_capsule_contraction,tr_cdd5f1950a3c_gpu
paper_ssp_200m_strong_v1,8,1000,1000.0,1120.0,auv_10,enter_exclusion_zone,consequential,DENY,DENY_HARD_EXPIRY,hard_expired,1120.0,PARTITIONED,False,True,True,False,not_low_risk,tr_cdd5f1950a3c_gpu
paper_ssp_200m_strong_v1,8,1000,1000.0,1120.0,auv_11,change_high_level_objective,consequential,DENY,DENY_HARD_EXPIRY,hard_expired,1120.0,PARTITIONED,False,True,True,False,not_low_risk,tr_cdd5f1950a3c_gpu
paper_ssp_200m_strong_v1,8,1000,1000.0,1140.0,auv_00,bounded_path_correction,low,DENY,DENY_FORBIDDEN,hard_expired,1140.0,PARTITIONED,False,True,True,False,A_hard_expiry_capsule_contraction,tr_cdd5f1950a3c_gpu
paper_ssp_200m_strong_v1,8,1000,1000.0,1140.0,auv_01,bounded_path_correction,low,DENY,DENY_FORBIDDEN,hard_expired,1140.0,PARTITIONED,False,True,True,False,A_hard_expiry_capsule_contraction,tr_cdd5f1950a3c_gpu
paper_ssp_200m_strong_v1,8,1000,1000.0,1140.0,auv_02,bounded_path_correction,low,DENY,DENY_FORBIDDEN,hard_expired,1140.0,PARTITIONED,False,True,True,False,A_hard_expiry_capsule_contraction,tr_cdd5f1950a3c_gpu
paper_ssp_200m_strong_v1,8,1000,1000.0,1140.0,auv_03,bounded_path_correction,low,DENY,DENY_FORBIDDEN,hard_expired,1140.0,PARTITIONED,False,True,True,False,A_hard_expiry_capsule_contraction,tr_cdd5f1950a3c_gpu
paper_ssp_200m_strong_v1,8,1000,1000.0,1140.0,auv_04,abandon_mandatory_inspection,consequential,DENY,DENY_HARD_EXPIRY,hard_expired,1140.0,PARTITIONED,False,True,True,False,not_low_risk,tr_cdd5f1950a3c_gpu
paper_ssp_200m_strong_v1,8,1000,1000.0,1140.0,auv_05,bounded_path_correction,low,DENY,DENY_FORBIDDEN,hard_expired,1140.0,PARTITIONED,False,True,True,False,A_hard_expiry_capsule_contraction,tr_cdd5f1950a3c_gpu
paper_ssp_200m_strong_v1,8,1000,1000.0,1140.0,auv_06,exceed_return_energy_reserve,consequential,DENY,DENY_HARD_EXPIRY,hard_expired,1140.0,PARTITIONED,False,True,True,False,not_low_risk,tr_cdd5f1950a3c_gpu
paper_ssp_200m_strong_v1,8,1000,1000.0,1140.0,auv_07,exceed_return_energy_reserve,consequential,DENY,DENY_HARD_EXPIRY,hard_expired,1140.0,PARTITIONED,False,True,True,False,not_low_risk,tr_cdd5f1950a3c_gpu
paper_ssp_200m_strong_v1,8,1000,1000.0,1140.0,auv_08,exceed_return_energy_reserve,consequential,DENY,DENY_HARD_EXPIRY,hard_expired,1140.0,PARTITIONED,False,True,True,False,not_low_risk,tr_cdd5f1950a3c_gpu
paper_ssp_200m_strong_v1,8,1000,1000.0,1140.0,auv_09,hold_station,low,DENY,DENY_FORBIDDEN,hard_expired,1140.0,PARTITIONED,False,True,True,False,A_hard_expiry_capsule_contraction,tr_cdd5f1950a3c_gpu
paper_ssp_200m_strong_v1,8,1000,1000.0,1140.0,auv_10,exceed_return_energy_reserve,consequential,DENY,DENY_HARD_EXPIRY,hard_expired,1140.0,PARTITIONED,False,True,True,False,not_low_risk,tr_cdd5f1950a3c_gpu
paper_ssp_200m_strong_v1,8,1000,1000.0,1140.0,auv_11,exceed_return_energy_reserve,consequential,DENY,DENY_HARD_EXPIRY,hard_expired,1140.0,PARTITIONED,False,True,True,False,not_low_risk,tr_cdd5f1950a3c_gpu
paper_ssp_200m_strong_v1,8,1000,1000.0,1160.0,auv_00,bounded_path_correction,low,DENY,DENY_FORBIDDEN,hard_expired,1160.0,PARTITIONED,False,True,True,False,A_hard_expiry_capsule_contraction,tr_cdd5f1950a3c_gpu
paper_ssp_200m_strong_v1,8,1000,1000.0,1160.0,auv_01,bounded_path_correction,low,DENY,DENY_FORBIDDEN,hard_expired,1160.0,PARTITIONED,False,True,True,False,A_hard_expiry_capsule_contraction,tr_cdd5f1950a3c_gpu
paper_ssp_200m_strong_v1,8,1000,1000.0,1160.0,auv_02,bounded_path_correction,low,DENY,DENY_FORBIDDEN,hard_expired,1160.0,PARTITIONED,False,True,True,False,A_hard_expiry_capsule_contraction,tr_cdd5f1950a3c_gpu
paper_ssp_200m_strong_v1,8,1000,1000.0,1160.0,auv_03,bounded_path_correction,low,DENY,DENY_FORBIDDEN,hard_expired,1160.0,PARTITIONED,False,True,True,False,A_hard_expiry_capsule_contraction,tr_cdd5f1950a3c_gpu
paper_ssp_200m_strong_v1,8,1000,1000.0,1160.0,auv_04,abandon_mandatory_inspection,consequential,DENY,DENY_HARD_EXPIRY,hard_expired,1160.0,PARTITIONED,False,True,True,False,not_low_risk,tr_cdd5f1950a3c_gpu
paper_ssp_200m_strong_v1,8,1000,1000.0,1160.0,auv_05,bounded_path_correction,low,DENY,DENY_FORBIDDEN,hard_expired,1160.0,PARTITIONED,False,True,True,False,A_hard_expiry_capsule_contraction,tr_cdd5f1950a3c_gpu
paper_ssp_200m_strong_v1,8,1000,1000.0,1160.0,auv_06,enter_exclusion_zone,consequential,DENY,DENY_HARD_EXPIRY,hard_expired,1160.0,PARTITIONED,False,True,True,False,not_low_risk,tr_cdd5f1950a3c_gpu
paper_ssp_200m_strong_v1,8,1000,1000.0,1160.0,auv_07,enter_exclusion_zone,consequential,DENY,DENY_HARD_EXPIRY,hard_expired,1160.0,PARTITIONED,False,True,True,False,not_low_risk,tr_cdd5f1950a3c_gpu
paper_ssp_200m_strong_v1,8,1000,1000.0,1160.0,auv_08,exceed_return_energy_reserve,consequential,DENY,DENY_HARD_EXPIRY,hard_expired,1160.0,PARTITIONED,False,True,True,False,not_low_risk,tr_cdd5f1950a3c_gpu
paper_ssp_200m_strong_v1,8,1000,1000.0,1160.0,auv_09,hold_station,low,DENY,DENY_FORBIDDEN,hard_expired,1160.0,PARTITIONED,False,True,True,False,A_hard_expiry_capsule_contraction,tr_cdd5f1950a3c_gpu
paper_ssp_200m_strong_v1,8,1000,1000.0,1160.0,auv_10,enter_exclusion_zone,consequential,DENY,DENY_HARD_EXPIRY,hard_expired,1160.0,PARTITIONED,False,True,True,False,not_low_risk,tr_cdd5f1950a3c_gpu
paper_ssp_200m_strong_v1,8,1000,1000.0,1160.0,auv_11,bounded_path_correction,low,DENY,DENY_FORBIDDEN,hard_expired,1160.0,PARTITIONED,False,True,True,False,A_hard_expiry_capsule_contraction,tr_cdd5f1950a3c_gpu
paper_ssp_200m_strong_v1,8,1000,1000.0,1180.0,auv_00,bounded_path_correction,low,DENY,DENY_FORBIDDEN,hard_expired,1180.0,PARTITIONED,False,True,True,False,A_hard_expiry_capsule_contraction,tr_cdd5f1950a3c_gpu
paper_ssp_200m_strong_v1,8,1000,1000.0,1180.0,auv_01,bounded_path_correction,low,DENY,DENY_FORBIDDEN,hard_expired,1180.0,PARTITIONED,False,True,True,False,A_hard_expiry_capsule_contraction,tr_cdd5f1950a3c_gpu
paper_ssp_200m_strong_v1,8,1000,1000.0,1180.0,auv_02,bounded_path_correction,low,DENY,DENY_FORBIDDEN,hard_expired,1180.0,PARTITIONED,False,True,True,False,A_hard_expiry_capsule_contraction,tr_cdd5f1950a3c_gpu
paper_ssp_200m_strong_v1,8,1000,1000.0,1180.0,auv_03,bounded_path_correction,low,DENY,DENY_FORBIDDEN,hard_expired,1180.0,PARTITIONED,False,True,True,False,A_hard_expiry_capsule_contraction,tr_cdd5f1950a3c_gpu
paper_ssp_200m_strong_v1,8,1000,1000.0,1180.0,auv_04,abandon_mandatory_inspection,consequential,DENY,DENY_HARD_EXPIRY,hard_expired,1180.0,PARTITIONED,False,True,True,False,not_low_risk,tr_cdd5f1950a3c_gpu
paper_ssp_200m_strong_v1,8,1000,1000.0,1180.0,auv_05,bounded_path_correction,low,DENY,DENY_FORBIDDEN,hard_expired,1180.0,PARTITIONED,False,True,True,False,A_hard_expiry_capsule_contraction,tr_cdd5f1950a3c_gpu
paper_ssp_200m_strong_v1,8,1000,1000.0,1180.0,auv_06,enter_exclusion_zone,consequential,DENY,DENY_HARD_EXPIRY,hard_expired,1180.0,PARTITIONED,False,True,True,False,not_low_risk,tr_cdd5f1950a3c_gpu
paper_ssp_200m_strong_v1,8,1000,1000.0,1180.0,auv_07,enter_exclusion_zone,consequential,DENY,DENY_HARD_EXPIRY,hard_expired,1180.0,PARTITIONED,False,True,True,False,not_low_risk,tr_cdd5f1950a3c_gpu
paper_ssp_200m_strong_v1,8,1000,1000.0,1180.0,auv_08,exceed_return_energy_reserve,consequential,DENY,DENY_HARD_EXPIRY,hard_expired,1180.0,PARTITIONED,False,True,True,False,not_low_risk,tr_cdd5f1950a3c_gpu
paper_ssp_200m_strong_v1,8,1000,1000.0,1180.0,auv_09,hold_station,low,DENY,DENY_FORBIDDEN,hard_expired,1180.0,PARTITIONED,False,True,True,False,A_hard_expiry_capsule_contraction,tr_cdd5f1950a3c_gpu
paper_ssp_200m_strong_v1,8,1000,1000.0,1180.0,auv_10,enter_exclusion_zone,consequential,DENY,DENY_HARD_EXPIRY,hard_expired,1180.0,PARTITIONED,False,True,True,False,not_low_risk,tr_cdd5f1950a3c_gpu
paper_ssp_200m_strong_v1,8,1000,1000.0,1180.0,auv_11,bounded_path_correction,low,DENY,DENY_FORBIDDEN,hard_expired,1180.0,PARTITIONED,False,True,True,False,A_hard_expiry_capsule_contraction,tr_cdd5f1950a3c_gpu
paper_ssp_200m_strong_v1,8,1000,1000.0,1200.0,auv_00,bounded_path_correction,low,DENY,DENY_FORBIDDEN,hard_expired,1200.0,RECOVERING,False,True,True,False,A_hard_expiry_capsule_contraction,tr_cdd5f1950a3c_gpu
paper_ssp_200m_strong_v1,8,1000,1000.0,1200.0,auv_01,bounded_path_correction,low,DENY,DENY_FORBIDDEN,hard_expired,1200.0,RECOVERING,False,True,True,False,A_hard_expiry_capsule_contraction,tr_cdd5f1950a3c_gpu
paper_ssp_200m_strong_v1,8,1000,1000.0,1200.0,auv_02,bounded_path_correction,low,DENY,DENY_FORBIDDEN,hard_expired,1200.0,RECOVERING,False,True,True,False,A_hard_expiry_capsule_contraction,tr_cdd5f1950a3c_gpu
paper_ssp_200m_strong_v1,8,1000,1000.0,1200.0,auv_03,bounded_path_correction,low,DENY,DENY_FORBIDDEN,hard_expired,1200.0,RECOVERING,False,True,True,False,A_hard_expiry_capsule_contraction,tr_cdd5f1950a3c_gpu
paper_ssp_200m_strong_v1,8,1000,1000.0,1200.0,auv_04,abandon_mandatory_inspection,consequential,DENY,DENY_RECOVERING_HARD_SAFETY,hard_expired,1200.0,RECOVERING,False,True,True,False,not_low_risk,tr_cdd5f1950a3c_gpu
paper_ssp_200m_strong_v1,8,1000,1000.0,1200.0,auv_05,bounded_path_correction,low,DENY,DENY_FORBIDDEN,hard_expired,1200.0,RECOVERING,False,True,True,False,A_hard_expiry_capsule_contraction,tr_cdd5f1950a3c_gpu
paper_ssp_200m_strong_v1,8,1000,1000.0,1200.0,auv_06,enter_exclusion_zone,consequential,DENY,DENY_RECOVERING_HARD_SAFETY,hard_expired,1200.0,RECOVERING,False,True,True,False,not_low_risk,tr_cdd5f1950a3c_gpu
paper_ssp_200m_strong_v1,8,1000,1000.0,1200.0,auv_07,enter_exclusion_zone,consequential,DENY,DENY_RECOVERING_HARD_SAFETY,hard_expired,1200.0,RECOVERING,False,True,True,False,not_low_risk,tr_cdd5f1950a3c_gpu
paper_ssp_200m_strong_v1,8,1000,1000.0,1200.0,auv_08,exceed_return_energy_reserve,consequential,DENY,DENY_RECOVERING_HARD_SAFETY,hard_expired,1200.0,RECOVERING,False,True,True,False,not_low_risk,tr_cdd5f1950a3c_gpu
paper_ssp_200m_strong_v1,8,1000,1000.0,1200.0,auv_09,hold_station,low,DENY,DENY_FORBIDDEN,hard_expired,1200.0,RECOVERING,False,True,True,False,A_hard_expiry_capsule_contraction,tr_cdd5f1950a3c_gpu
paper_ssp_200m_strong_v1,8,1000,1000.0,1200.0,auv_10,enter_exclusion_zone,consequential,DENY,DENY_RECOVERING_HARD_SAFETY,hard_expired,1200.0,RECOVERING,False,True,True,False,not_low_risk,tr_cdd5f1950a3c_gpu
paper_ssp_200m_strong_v1,8,1000,1000.0,1200.0,auv_11,change_high_level_objective,consequential,DENY,DENY_RECOVERING_HARD_SAFETY,hard_expired,1200.0,RECOVERING,False,True,True,False,not_low_risk,tr_cdd5f1950a3c_gpu
paper_ssp_200m_strong_v1,8,1000,1000.0,1220.0,auv_00,bounded_path_correction,low,DENY,DENY_FORBIDDEN,hard_expired,1220.0,RECOVERING,False,True,True,False,A_hard_expiry_capsule_contraction,tr_cdd5f1950a3c_gpu
paper_ssp_200m_strong_v1,8,1000,1000.0,1220.0,auv_01,bounded_path_correction,low,DENY,DENY_FORBIDDEN,hard_expired,1220.0,RECOVERING,False,True,True,False,A_hard_expiry_capsule_contraction,tr_cdd5f1950a3c_gpu
paper_ssp_200m_strong_v1,8,1000,1000.0,1220.0,auv_02,bounded_path_correction,low,DENY,DENY_FORBIDDEN,hard_expired,1220.0,RECOVERING,False,True,True,False,A_hard_expiry_capsule_contraction,tr_cdd5f1950a3c_gpu
paper_ssp_200m_strong_v1,8,1000,1000.0,1220.0,auv_03,bounded_path_correction,low,DENY,DENY_FORBIDDEN,hard_expired,1220.0,RECOVERING,False,True,True,False,A_hard_expiry_capsule_contraction,tr_cdd5f1950a3c_gpu
paper_ssp_200m_strong_v1,8,1000,1000.0,1220.0,auv_04,abandon_mandatory_inspection,consequential,DENY,DENY_RECOVERING_HARD_SAFETY,hard_expired,1220.0,RECOVERING,False,True,True,False,not_low_risk,tr_cdd5f1950a3c_gpu
paper_ssp_200m_strong_v1,8,1000,1000.0,1220.0,auv_05,bounded_path_correction,low,DENY,DENY_FORBIDDEN,hard_expired,1220.0,RECOVERING,False,True,True,False,A_hard_expiry_capsule_contraction,tr_cdd5f1950a3c_gpu
paper_ssp_200m_strong_v1,8,1000,1000.0,1220.0,auv_06,enter_exclusion_zone,consequential,DENY,DENY_RECOVERING_HARD_SAFETY,hard_expired,1220.0,RECOVERING,False,True,True,False,not_low_risk,tr_cdd5f1950a3c_gpu
paper_ssp_200m_strong_v1,8,1000,1000.0,1220.0,auv_07,enter_exclusion_zone,consequential,DENY,DENY_RECOVERING_HARD_SAFETY,hard_expired,1220.0,RECOVERING,False,True,True,False,not_low_risk,tr_cdd5f1950a3c_gpu
paper_ssp_200m_strong_v1,8,1000,1000.0,1220.0,auv_08,exceed_return_energy_reserve,consequential,DENY,DENY_RECOVERING_HARD_SAFETY,hard_expired,1220.0,RECOVERING,False,True,True,False,not_low_risk,tr_cdd5f1950a3c_gpu
paper_ssp_200m_strong_v1,8,1000,1000.0,1220.0,auv_09,hold_station,low,DENY,DENY_FORBIDDEN,hard_expired,1220.0,RECOVERING,False,True,True,False,A_hard_expiry_capsule_contraction,tr_cdd5f1950a3c_gpu
paper_ssp_200m_strong_v1,8,1000,1000.0,1220.0,auv_10,enter_exclusion_zone,consequential,DENY,DENY_RECOVERING_HARD_SAFETY,hard_expired,1220.0,RECOVERING,False,True,True,False,not_low_risk,tr_cdd5f1950a3c_gpu
paper_ssp_200m_strong_v1,8,1000,1000.0,1220.0,auv_11,bounded_path_correction,low,DENY,DENY_FORBIDDEN,hard_expired,1220.0,RECOVERING,False,True,True,False,A_hard_expiry_capsule_contraction,tr_cdd5f1950a3c_gpu
paper_ssp_200m_strong_v1,8,1000,1000.0,1240.0,auv_00,bounded_path_correction,low,DENY,DENY_FORBIDDEN,hard_expired,1240.0,RECOVERING,False,True,True,False,A_hard_expiry_capsule_contraction,tr_cdd5f1950a3c_gpu
paper_ssp_200m_strong_v1,8,1000,1000.0,1240.0,auv_01,bounded_path_correction,low,DENY,DENY_FORBIDDEN,hard_expired,1240.0,RECOVERING,False,True,True,False,A_hard_expiry_capsule_contraction,tr_cdd5f1950a3c_gpu
paper_ssp_200m_strong_v1,8,1000,1000.0,1240.0,auv_02,bounded_path_correction,low,DENY,DENY_FORBIDDEN,hard_expired,1240.0,RECOVERING,False,True,True,False,A_hard_expiry_capsule_contraction,tr_cdd5f1950a3c_gpu
paper_ssp_200m_strong_v1,8,1000,1000.0,1240.0,auv_03,bounded_path_correction,low,DENY,DENY_FORBIDDEN,hard_expired,1240.0,RECOVERING,False,True,True,False,A_hard_expiry_capsule_contraction,tr_cdd5f1950a3c_gpu
paper_ssp_200m_strong_v1,8,1000,1000.0,1240.0,auv_04,abandon_mandatory_inspection,consequential,DENY,DENY_RECOVERING_HARD_SAFETY,hard_expired,1240.0,RECOVERING,False,True,True,False,not_low_risk,tr_cdd5f1950a3c_gpu
paper_ssp_200m_strong_v1,8,1000,1000.0,1240.0,auv_05,bounded_path_correction,low,DENY,DENY_FORBIDDEN,hard_expired,1240.0,RECOVERING,False,True,True,False,A_hard_expiry_capsule_contraction,tr_cdd5f1950a3c_gpu
paper_ssp_200m_strong_v1,8,1000,1000.0,1240.0,auv_06,enter_exclusion_zone,consequential,DENY,DENY_RECOVERING_HARD_SAFETY,hard_expired,1240.0,RECOVERING,False,True,True,False,not_low_risk,tr_cdd5f1950a3c_gpu
paper_ssp_200m_strong_v1,8,1000,1000.0,1240.0,auv_07,enter_exclusion_zone,consequential,DENY,DENY_RECOVERING_HARD_SAFETY,hard_expired,1240.0,RECOVERING,False,True,True,False,not_low_risk,tr_cdd5f1950a3c_gpu
paper_ssp_200m_strong_v1,8,1000,1000.0,1240.0,auv_08,exceed_return_energy_reserve,consequential,DENY,DENY_RECOVERING_HARD_SAFETY,hard_expired,1240.0,RECOVERING,False,True,True,False,not_low_risk,tr_cdd5f1950a3c_gpu
paper_ssp_200m_strong_v1,8,1000,1000.0,1240.0,auv_09,hold_station,low,DENY,DENY_FORBIDDEN,hard_expired,1240.0,RECOVERING,False,True,True,False,A_hard_expiry_capsule_contraction,tr_cdd5f1950a3c_gpu
paper_ssp_200m_strong_v1,8,1000,1000.0,1240.0,auv_10,enter_exclusion_zone,consequential,DENY,DENY_RECOVERING_HARD_SAFETY,hard_expired,1240.0,RECOVERING,False,True,True,False,not_low_risk,tr_cdd5f1950a3c_gpu
paper_ssp_200m_strong_v1,8,1000,1000.0,1240.0,auv_11,bounded_path_correction,low,DENY,DENY_FORBIDDEN,hard_expired,1240.0,RECOVERING,False,True,True,False,A_hard_expiry_capsule_contraction,tr_cdd5f1950a3c_gpu
paper_ssp_200m_strong_v1,8,1000,1000.0,1260.0,auv_00,bounded_path_correction,low,DENY,DENY_FORBIDDEN,hard_expired,1260.0,PARTITIONED,False,True,True,False,A_hard_expiry_capsule_contraction,tr_cdd5f1950a3c_gpu
paper_ssp_200m_strong_v1,8,1000,1000.0,1260.0,auv_01,bounded_path_correction,low,DENY,DENY_FORBIDDEN,hard_expired,1260.0,PARTITIONED,False,True,True,False,A_hard_expiry_capsule_contraction,tr_cdd5f1950a3c_gpu
paper_ssp_200m_strong_v1,8,1000,1000.0,1260.0,auv_02,bounded_path_correction,low,DENY,DENY_FORBIDDEN,hard_expired,1260.0,PARTITIONED,False,True,True,False,A_hard_expiry_capsule_contraction,tr_cdd5f1950a3c_gpu
paper_ssp_200m_strong_v1,8,1000,1000.0,1260.0,auv_03,bounded_path_correction,low,DENY,DENY_FORBIDDEN,hard_expired,1260.0,PARTITIONED,False,True,True,False,A_hard_expiry_capsule_contraction,tr_cdd5f1950a3c_gpu
paper_ssp_200m_strong_v1,8,1000,1000.0,1260.0,auv_04,abandon_mandatory_inspection,consequential,DENY,DENY_HARD_EXPIRY,hard_expired,1260.0,PARTITIONED,False,True,True,False,not_low_risk,tr_cdd5f1950a3c_gpu
paper_ssp_200m_strong_v1,8,1000,1000.0,1260.0,auv_05,bounded_path_correction,low,DENY,DENY_FORBIDDEN,hard_expired,1260.0,PARTITIONED,False,True,True,False,A_hard_expiry_capsule_contraction,tr_cdd5f1950a3c_gpu
paper_ssp_200m_strong_v1,8,1000,1000.0,1260.0,auv_06,enter_exclusion_zone,consequential,DENY,DENY_HARD_EXPIRY,hard_expired,1260.0,PARTITIONED,False,True,True,False,not_low_risk,tr_cdd5f1950a3c_gpu
paper_ssp_200m_strong_v1,8,1000,1000.0,1260.0,auv_07,enter_exclusion_zone,consequential,DENY,DENY_HARD_EXPIRY,hard_expired,1260.0,PARTITIONED,False,True,True,False,not_low_risk,tr_cdd5f1950a3c_gpu
paper_ssp_200m_strong_v1,8,1000,1000.0,1260.0,auv_08,exceed_return_energy_reserve,consequential,DENY,DENY_HARD_EXPIRY,hard_expired,1260.0,PARTITIONED,False,True,True,False,not_low_risk,tr_cdd5f1950a3c_gpu
paper_ssp_200m_strong_v1,8,1000,1000.0,1260.0,auv_09,hold_station,low,DENY,DENY_FORBIDDEN,hard_expired,1260.0,PARTITIONED,False,True,True,False,A_hard_expiry_capsule_contraction,tr_cdd5f1950a3c_gpu
paper_ssp_200m_strong_v1,8,1000,1000.0,1260.0,auv_10,enter_exclusion_zone,consequential,DENY,DENY_HARD_EXPIRY,hard_expired,1260.0,PARTITIONED,False,True,True,False,not_low_risk,tr_cdd5f1950a3c_gpu
paper_ssp_200m_strong_v1,8,1000,1000.0,1260.0,auv_11,bounded_path_correction,low,DENY,DENY_FORBIDDEN,hard_expired,1260.0,PARTITIONED,False,True,True,False,A_hard_expiry_capsule_contraction,tr_cdd5f1950a3c_gpu
paper_ssp_200m_strong_v1,8,1000,1000.0,1280.0,auv_00,bounded_path_correction,low,DENY,DENY_FORBIDDEN,hard_expired,1280.0,PARTITIONED,False,True,True,False,A_hard_expiry_capsule_contraction,tr_cdd5f1950a3c_gpu
paper_ssp_200m_strong_v1,8,1000,1000.0,1280.0,auv_01,bounded_path_correction,low,DENY,DENY_FORBIDDEN,hard_expired,1280.0,PARTITIONED,False,True,True,False,A_hard_expiry_capsule_contraction,tr_cdd5f1950a3c_gpu
paper_ssp_200m_strong_v1,8,1000,1000.0,1280.0,auv_02,bounded_path_correction,low,DENY,DENY_FORBIDDEN,hard_expired,1280.0,PARTITIONED,False,True,True,False,A_hard_expiry_capsule_contraction,tr_cdd5f1950a3c_gpu
paper_ssp_200m_strong_v1,8,1000,1000.0,1280.0,auv_03,bounded_path_correction,low,DENY,DENY_FORBIDDEN,hard_expired,1280.0,PARTITIONED,False,True,True,False,A_hard_expiry_capsule_contraction,tr_cdd5f1950a3c_gpu
paper_ssp_200m_strong_v1,8,1000,1000.0,1280.0,auv_04,abandon_mandatory_inspection,consequential,DENY,DENY_HARD_EXPIRY,hard_expired,1280.0,PARTITIONED,False,True,True,False,not_low_risk,tr_cdd5f1950a3c_gpu
paper_ssp_200m_strong_v1,8,1000,1000.0,1280.0,auv_05,bounded_path_correction,low,DENY,DENY_FORBIDDEN,hard_expired,1280.0,PARTITIONED,False,True,True,False,A_hard_expiry_capsule_contraction,tr_cdd5f1950a3c_gpu
paper_ssp_200m_strong_v1,8,1000,1000.0,1280.0,auv_06,enter_exclusion_zone,consequential,DENY,DENY_HARD_EXPIRY,hard_expired,1280.0,PARTITIONED,False,True,True,False,not_low_risk,tr_cdd5f1950a3c_gpu
paper_ssp_200m_strong_v1,8,1000,1000.0,1280.0,auv_07,enter_exclusion_zone,consequential,DENY,DENY_HARD_EXPIRY,hard_expired,1280.0,PARTITIONED,False,True,True,False,not_low_risk,tr_cdd5f1950a3c_gpu
paper_ssp_200m_strong_v1,8,1000,1000.0,1280.0,auv_08,exceed_return_energy_reserve,consequential,DENY,DENY_HARD_EXPIRY,hard_expired,1280.0,PARTITIONED,False,True,True,False,not_low_risk,tr_cdd5f1950a3c_gpu
paper_ssp_200m_strong_v1,8,1000,1000.0,1280.0,auv_09,hold_station,low,DENY,DENY_FORBIDDEN,hard_expired,1280.0,PARTITIONED,False,True,True,False,A_hard_expiry_capsule_contraction,tr_cdd5f1950a3c_gpu
paper_ssp_200m_strong_v1,8,1000,1000.0,1280.0,auv_10,enter_exclusion_zone,consequential,DENY,DENY_HARD_EXPIRY,hard_expired,1280.0,PARTITIONED,False,True,True,False,not_low_risk,tr_cdd5f1950a3c_gpu
paper_ssp_200m_strong_v1,8,1000,1000.0,1280.0,auv_11,change_high_level_objective,consequential,DENY,DENY_HARD_EXPIRY,hard_expired,1280.0,PARTITIONED,False,True,True,False,not_low_risk,tr_cdd5f1950a3c_gpu
paper_ssp_200m_strong_v1,8,1000,1000.0,1300.0,auv_00,bounded_path_correction,low,DENY,DENY_FORBIDDEN,hard_expired,1300.0,PARTITIONED,False,True,True,False,A_hard_expiry_capsule_contraction,tr_cdd5f1950a3c_gpu
paper_ssp_200m_strong_v1,8,1000,1000.0,1300.0,auv_01,bounded_path_correction,low,DENY,DENY_FORBIDDEN,hard_expired,1300.0,PARTITIONED,False,True,True,False,A_hard_expiry_capsule_contraction,tr_cdd5f1950a3c_gpu
paper_ssp_200m_strong_v1,8,1000,1000.0,1300.0,auv_02,bounded_path_correction,low,DENY,DENY_FORBIDDEN,hard_expired,1300.0,PARTITIONED,False,True,True,False,A_hard_expiry_capsule_contraction,tr_cdd5f1950a3c_gpu
paper_ssp_200m_strong_v1,8,1000,1000.0,1300.0,auv_03,bounded_path_correction,low,DENY,DENY_FORBIDDEN,hard_expired,1300.0,PARTITIONED,False,True,True,False,A_hard_expiry_capsule_contraction,tr_cdd5f1950a3c_gpu
paper_ssp_200m_strong_v1,8,1000,1000.0,1300.0,auv_04,abandon_mandatory_inspection,consequential,DENY,DENY_HARD_EXPIRY,hard_expired,1300.0,PARTITIONED,False,True,True,False,not_low_risk,tr_cdd5f1950a3c_gpu
paper_ssp_200m_strong_v1,8,1000,1000.0,1300.0,auv_05,bounded_path_correction,low,DENY,DENY_FORBIDDEN,hard_expired,1300.0,PARTITIONED,False,True,True,False,A_hard_expiry_capsule_contraction,tr_cdd5f1950a3c_gpu
paper_ssp_200m_strong_v1,8,1000,1000.0,1300.0,auv_06,enter_exclusion_zone,consequential,DENY,DENY_HARD_EXPIRY,hard_expired,1300.0,PARTITIONED,False,True,True,False,not_low_risk,tr_cdd5f1950a3c_gpu
paper_ssp_200m_strong_v1,8,1000,1000.0,1300.0,auv_07,enter_exclusion_zone,consequential,DENY,DENY_HARD_EXPIRY,hard_expired,1300.0,PARTITIONED,False,True,True,False,not_low_risk,tr_cdd5f1950a3c_gpu
paper_ssp_200m_strong_v1,8,1000,1000.0,1300.0,auv_08,exceed_return_energy_reserve,consequential,DENY,DENY_HARD_EXPIRY,hard_expired,1300.0,PARTITIONED,False,True,True,False,not_low_risk,tr_cdd5f1950a3c_gpu
paper_ssp_200m_strong_v1,8,1000,1000.0,1300.0,auv_09,hold_station,low,DENY,DENY_FORBIDDEN,hard_expired,1300.0,PARTITIONED,False,True,True,False,A_hard_expiry_capsule_contraction,tr_cdd5f1950a3c_gpu
paper_ssp_200m_strong_v1,8,1000,1000.0,1300.0,auv_10,enter_exclusion_zone,consequential,DENY,DENY_HARD_EXPIRY,hard_expired,1300.0,PARTITIONED,False,True,True,False,not_low_risk,tr_cdd5f1950a3c_gpu
paper_ssp_200m_strong_v1,8,1000,1000.0,1300.0,auv_11,bounded_path_correction,low,DENY,DENY_FORBIDDEN,hard_expired,1300.0,PARTITIONED,False,True,True,False,A_hard_expiry_capsule_contraction,tr_cdd5f1950a3c_gpu
paper_ssp_200m_strong_v1,8,1000,1000.0,1320.0,auv_00,bounded_path_correction,low,DENY,DENY_FORBIDDEN,hard_expired,1320.0,PARTITIONED,False,True,True,False,A_hard_expiry_capsule_contraction,tr_cdd5f1950a3c_gpu
paper_ssp_200m_strong_v1,8,1000,1000.0,1320.0,auv_01,bounded_path_correction,low,DENY,DENY_FORBIDDEN,hard_expired,1320.0,PARTITIONED,False,True,True,False,A_hard_expiry_capsule_contraction,tr_cdd5f1950a3c_gpu
paper_ssp_200m_strong_v1,8,1000,1000.0,1320.0,auv_02,bounded_path_correction,low,DENY,DENY_FORBIDDEN,hard_expired,1320.0,PARTITIONED,False,True,True,False,A_hard_expiry_capsule_contraction,tr_cdd5f1950a3c_gpu
paper_ssp_200m_strong_v1,8,1000,1000.0,1320.0,auv_03,bounded_path_correction,low,DENY,DENY_FORBIDDEN,hard_expired,1320.0,PARTITIONED,False,True,True,False,A_hard_expiry_capsule_contraction,tr_cdd5f1950a3c_gpu
paper_ssp_200m_strong_v1,8,1000,1000.0,1320.0,auv_04,abandon_mandatory_inspection,consequential,DENY,DENY_HARD_EXPIRY,hard_expired,1320.0,PARTITIONED,False,True,True,False,not_low_risk,tr_cdd5f1950a3c_gpu
paper_ssp_200m_strong_v1,8,1000,1000.0,1320.0,auv_05,bounded_path_correction,low,DENY,DENY_FORBIDDEN,hard_expired,1320.0,PARTITIONED,False,True,True,False,A_hard_expiry_capsule_contraction,tr_cdd5f1950a3c_gpu
paper_ssp_200m_strong_v1,8,1000,1000.0,1320.0,auv_06,enter_exclusion_zone,consequential,DENY,DENY_HARD_EXPIRY,hard_expired,1320.0,PARTITIONED,False,True,True,False,not_low_risk,tr_cdd5f1950a3c_gpu
paper_ssp_200m_strong_v1,8,1000,1000.0,1320.0,auv_07,enter_exclusion_zone,consequential,DENY,DENY_HARD_EXPIRY,hard_expired,1320.0,PARTITIONED,False,True,True,False,not_low_risk,tr_cdd5f1950a3c_gpu
paper_ssp_200m_strong_v1,8,1000,1000.0,1320.0,auv_08,exceed_return_energy_reserve,consequential,DENY,DENY_HARD_EXPIRY,hard_expired,1320.0,PARTITIONED,False,True,True,False,not_low_risk,tr_cdd5f1950a3c_gpu
paper_ssp_200m_strong_v1,8,1000,1000.0,1320.0,auv_09,hold_station,low,DENY,DENY_FORBIDDEN,hard_expired,1320.0,PARTITIONED,False,True,True,False,A_hard_expiry_capsule_contraction,tr_cdd5f1950a3c_gpu
paper_ssp_200m_strong_v1,8,1000,1000.0,1320.0,auv_10,enter_exclusion_zone,consequential,DENY,DENY_HARD_EXPIRY,hard_expired,1320.0,PARTITIONED,False,True,True,False,not_low_risk,tr_cdd5f1950a3c_gpu
paper_ssp_200m_strong_v1,8,1000,1000.0,1320.0,auv_11,bounded_path_correction,low,DENY,DENY_FORBIDDEN,hard_expired,1320.0,PARTITIONED,False,True,True,False,A_hard_expiry_capsule_contraction,tr_cdd5f1950a3c_gpu
paper_ssp_200m_strong_v1,8,1000,1000.0,1340.0,auv_00,bounded_path_correction,low,DENY,DENY_FORBIDDEN,hard_expired,1340.0,PARTITIONED,False,True,True,False,A_hard_expiry_capsule_contraction,tr_cdd5f1950a3c_gpu
paper_ssp_200m_strong_v1,8,1000,1000.0,1340.0,auv_01,bounded_path_correction,low,DENY,DENY_FORBIDDEN,hard_expired,1340.0,PARTITIONED,False,True,True,False,A_hard_expiry_capsule_contraction,tr_cdd5f1950a3c_gpu
paper_ssp_200m_strong_v1,8,1000,1000.0,1340.0,auv_02,bounded_path_correction,low,DENY,DENY_FORBIDDEN,hard_expired,1340.0,PARTITIONED,False,True,True,False,A_hard_expiry_capsule_contraction,tr_cdd5f1950a3c_gpu
paper_ssp_200m_strong_v1,8,1000,1000.0,1340.0,auv_03,bounded_path_correction,low,DENY,DENY_FORBIDDEN,hard_expired,1340.0,PARTITIONED,False,True,True,False,A_hard_expiry_capsule_contraction,tr_cdd5f1950a3c_gpu
paper_ssp_200m_strong_v1,8,1000,1000.0,1340.0,auv_04,abandon_mandatory_inspection,consequential,DENY,DENY_HARD_EXPIRY,hard_expired,1340.0,PARTITIONED,False,True,True,False,not_low_risk,tr_cdd5f1950a3c_gpu
paper_ssp_200m_strong_v1,8,1000,1000.0,1340.0,auv_05,bounded_path_correction,low,DENY,DENY_FORBIDDEN,hard_expired,1340.0,PARTITIONED,False,True,True,False,A_hard_expiry_capsule_contraction,tr_cdd5f1950a3c_gpu
paper_ssp_200m_strong_v1,8,1000,1000.0,1340.0,auv_06,enter_exclusion_zone,consequential,DENY,DENY_HARD_EXPIRY,hard_expired,1340.0,PARTITIONED,False,True,True,False,not_low_risk,tr_cdd5f1950a3c_gpu
paper_ssp_200m_strong_v1,8,1000,1000.0,1340.0,auv_07,enter_exclusion_zone,consequential,DENY,DENY_HARD_EXPIRY,hard_expired,1340.0,PARTITIONED,False,True,True,False,not_low_risk,tr_cdd5f1950a3c_gpu
paper_ssp_200m_strong_v1,8,1000,1000.0,1340.0,auv_08,exceed_return_energy_reserve,consequential,DENY,DENY_HARD_EXPIRY,hard_expired,1340.0,PARTITIONED,False,True,True,False,not_low_risk,tr_cdd5f1950a3c_gpu
paper_ssp_200m_strong_v1,8,1000,1000.0,1340.0,auv_09,hold_station,low,DENY,DENY_FORBIDDEN,hard_expired,1340.0,PARTITIONED,False,True,True,False,A_hard_expiry_capsule_contraction,tr_cdd5f1950a3c_gpu
paper_ssp_200m_strong_v1,8,1000,1000.0,1340.0,auv_10,enter_exclusion_zone,consequential,DENY,DENY_HARD_EXPIRY,hard_expired,1340.0,PARTITIONED,False,True,True,False,not_low_risk,tr_cdd5f1950a3c_gpu
paper_ssp_200m_strong_v1,8,1000,1000.0,1340.0,auv_11,bounded_path_correction,low,DENY,DENY_FORBIDDEN,hard_expired,1340.0,PARTITIONED,False,True,True,False,A_hard_expiry_capsule_contraction,tr_cdd5f1950a3c_gpu
paper_ssp_200m_strong_v1,8,1000,1000.0,1360.0,auv_00,bounded_path_correction,low,DENY,DENY_FORBIDDEN,hard_expired,1360.0,PARTITIONED,False,True,True,False,A_hard_expiry_capsule_contraction,tr_cdd5f1950a3c_gpu
paper_ssp_200m_strong_v1,8,1000,1000.0,1360.0,auv_01,bounded_path_correction,low,DENY,DENY_FORBIDDEN,hard_expired,1360.0,PARTITIONED,False,True,True,False,A_hard_expiry_capsule_contraction,tr_cdd5f1950a3c_gpu
paper_ssp_200m_strong_v1,8,1000,1000.0,1360.0,auv_02,bounded_path_correction,low,DENY,DENY_FORBIDDEN,hard_expired,1360.0,PARTITIONED,False,True,True,False,A_hard_expiry_capsule_contraction,tr_cdd5f1950a3c_gpu
paper_ssp_200m_strong_v1,8,1000,1000.0,1360.0,auv_03,bounded_path_correction,low,DENY,DENY_FORBIDDEN,hard_expired,1360.0,PARTITIONED,False,True,True,False,A_hard_expiry_capsule_contraction,tr_cdd5f1950a3c_gpu
paper_ssp_200m_strong_v1,8,1000,1000.0,1360.0,auv_04,abandon_mandatory_inspection,consequential,DENY,DENY_HARD_EXPIRY,hard_expired,1360.0,PARTITIONED,False,True,True,False,not_low_risk,tr_cdd5f1950a3c_gpu
paper_ssp_200m_strong_v1,8,1000,1000.0,1360.0,auv_05,bounded_path_correction,low,DENY,DENY_FORBIDDEN,hard_expired,1360.0,PARTITIONED,False,True,True,False,A_hard_expiry_capsule_contraction,tr_cdd5f1950a3c_gpu
paper_ssp_200m_strong_v1,8,1000,1000.0,1360.0,auv_06,enter_exclusion_zone,consequential,DENY,DENY_HARD_EXPIRY,hard_expired,1360.0,PARTITIONED,False,True,True,False,not_low_risk,tr_cdd5f1950a3c_gpu
paper_ssp_200m_strong_v1,8,1000,1000.0,1360.0,auv_07,enter_exclusion_zone,consequential,DENY,DENY_HARD_EXPIRY,hard_expired,1360.0,PARTITIONED,False,True,True,False,not_low_risk,tr_cdd5f1950a3c_gpu
paper_ssp_200m_strong_v1,8,1000,1000.0,1360.0,auv_08,exceed_return_energy_reserve,consequential,DENY,DENY_HARD_EXPIRY,hard_expired,1360.0,PARTITIONED,False,True,True,False,not_low_risk,tr_cdd5f1950a3c_gpu
paper_ssp_200m_strong_v1,8,1000,1000.0,1360.0,auv_09,hold_station,low,DENY,DENY_FORBIDDEN,hard_expired,1360.0,PARTITIONED,False,True,True,False,A_hard_expiry_capsule_contraction,tr_cdd5f1950a3c_gpu
paper_ssp_200m_strong_v1,8,1000,1000.0,1360.0,auv_10,enter_exclusion_zone,consequential,DENY,DENY_HARD_EXPIRY,hard_expired,1360.0,PARTITIONED,False,True,True,False,not_low_risk,tr_cdd5f1950a3c_gpu
paper_ssp_200m_strong_v1,8,1000,1000.0,1360.0,auv_11,change_high_level_objective,consequential,DENY,DENY_HARD_EXPIRY,hard_expired,1360.0,PARTITIONED,False,True,True,False,not_low_risk,tr_cdd5f1950a3c_gpu
paper_ssp_200m_strong_v1,8,1000,1000.0,1380.0,auv_00,bounded_path_correction,low,DENY,DENY_FORBIDDEN,hard_expired,1380.0,PARTITIONED,False,True,True,False,A_hard_expiry_capsule_contraction,tr_cdd5f1950a3c_gpu
paper_ssp_200m_strong_v1,8,1000,1000.0,1380.0,auv_01,bounded_path_correction,low,DENY,DENY_FORBIDDEN,hard_expired,1380.0,PARTITIONED,False,True,True,False,A_hard_expiry_capsule_contraction,tr_cdd5f1950a3c_gpu
paper_ssp_200m_strong_v1,8,1000,1000.0,1380.0,auv_02,bounded_path_correction,low,DENY,DENY_FORBIDDEN,hard_expired,1380.0,PARTITIONED,False,True,True,False,A_hard_expiry_capsule_contraction,tr_cdd5f1950a3c_gpu
paper_ssp_200m_strong_v1,8,1000,1000.0,1380.0,auv_03,bounded_path_correction,low,DENY,DENY_FORBIDDEN,hard_expired,1380.0,PARTITIONED,False,True,True,False,A_hard_expiry_capsule_contraction,tr_cdd5f1950a3c_gpu
paper_ssp_200m_strong_v1,8,1000,1000.0,1380.0,auv_04,abandon_mandatory_inspection,consequential,DENY,DENY_HARD_EXPIRY,hard_expired,1380.0,PARTITIONED,False,True,True,False,not_low_risk,tr_cdd5f1950a3c_gpu
paper_ssp_200m_strong_v1,8,1000,1000.0,1380.0,auv_05,bounded_path_correction,low,DENY,DENY_FORBIDDEN,hard_expired,1380.0,PARTITIONED,False,True,True,False,A_hard_expiry_capsule_contraction,tr_cdd5f1950a3c_gpu
paper_ssp_200m_strong_v1,8,1000,1000.0,1380.0,auv_06,enter_exclusion_zone,consequential,DENY,DENY_HARD_EXPIRY,hard_expired,1380.0,PARTITIONED,False,True,True,False,not_low_risk,tr_cdd5f1950a3c_gpu
paper_ssp_200m_strong_v1,8,1000,1000.0,1380.0,auv_07,enter_exclusion_zone,consequential,DENY,DENY_HARD_EXPIRY,hard_expired,1380.0,PARTITIONED,False,True,True,False,not_low_risk,tr_cdd5f1950a3c_gpu
paper_ssp_200m_strong_v1,8,1000,1000.0,1380.0,auv_08,exceed_return_energy_reserve,consequential,DENY,DENY_HARD_EXPIRY,hard_expired,1380.0,PARTITIONED,False,True,True,False,not_low_risk,tr_cdd5f1950a3c_gpu
paper_ssp_200m_strong_v1,8,1000,1000.0,1380.0,auv_09,hold_station,low,DENY,DENY_FORBIDDEN,hard_expired,1380.0,PARTITIONED,False,True,True,False,A_hard_expiry_capsule_contraction,tr_cdd5f1950a3c_gpu
paper_ssp_200m_strong_v1,8,1000,1000.0,1380.0,auv_10,enter_exclusion_zone,consequential,DENY,DENY_HARD_EXPIRY,hard_expired,1380.0,PARTITIONED,False,True,True,False,not_low_risk,tr_cdd5f1950a3c_gpu
paper_ssp_200m_strong_v1,8,1000,1000.0,1380.0,auv_11,bounded_path_correction,low,DENY,DENY_FORBIDDEN,hard_expired,1380.0,PARTITIONED,False,True,True,False,A_hard_expiry_capsule_contraction,tr_cdd5f1950a3c_gpu
paper_ssp_200m_strong_v1,9,1000,1000.0,1060.0,auv_06,enter_exclusion_zone,consequential,DENY,DENY_HARD_EXPIRY,hard_expired,900.0,PARTITIONED,False,True,True,False,not_low_risk,tr_b3e3101c8c2a_gpu
paper_ssp_200m_strong_v1,9,1000,1000.0,1060.0,auv_07,enter_exclusion_zone,consequential,DENY,DENY_HARD_EXPIRY,hard_expired,900.0,PARTITIONED,False,True,True,False,not_low_risk,tr_b3e3101c8c2a_gpu
paper_ssp_200m_strong_v1,9,1000,1000.0,1060.0,auv_08,exceed_return_energy_reserve,consequential,DENY,DENY_HARD_EXPIRY,hard_expired,900.0,PARTITIONED,False,True,True,False,not_low_risk,tr_b3e3101c8c2a_gpu
paper_ssp_200m_strong_v1,9,1000,1000.0,1060.0,auv_09,hold_station,low,DENY,DENY_FORBIDDEN,hard_expired,900.0,PARTITIONED,False,True,True,False,A_hard_expiry_capsule_contraction,tr_b3e3101c8c2a_gpu
paper_ssp_200m_strong_v1,9,1000,1000.0,1060.0,auv_10,enter_exclusion_zone,consequential,DENY,DENY_HARD_EXPIRY,hard_expired,900.0,PARTITIONED,False,True,True,False,not_low_risk,tr_b3e3101c8c2a_gpu
paper_ssp_200m_strong_v1,9,1000,1000.0,1060.0,auv_11,bounded_path_correction,low,DENY,DENY_FORBIDDEN,hard_expired,900.0,PARTITIONED,False,True,True,False,A_hard_expiry_capsule_contraction,tr_b3e3101c8c2a_gpu
paper_ssp_200m_strong_v1,9,1000,1000.0,1080.0,auv_06,enter_exclusion_zone,consequential,DENY,DENY_HARD_EXPIRY,hard_expired,920.0,PARTITIONED,False,True,True,False,not_low_risk,tr_b3e3101c8c2a_gpu
paper_ssp_200m_strong_v1,9,1000,1000.0,1080.0,auv_07,enter_exclusion_zone,consequential,DENY,DENY_HARD_EXPIRY,hard_expired,920.0,PARTITIONED,False,True,True,False,not_low_risk,tr_b3e3101c8c2a_gpu
paper_ssp_200m_strong_v1,9,1000,1000.0,1080.0,auv_08,exceed_return_energy_reserve,consequential,DENY,DENY_HARD_EXPIRY,hard_expired,920.0,PARTITIONED,False,True,True,False,not_low_risk,tr_b3e3101c8c2a_gpu
paper_ssp_200m_strong_v1,9,1000,1000.0,1080.0,auv_09,hold_station,low,DENY,DENY_FORBIDDEN,hard_expired,920.0,PARTITIONED,False,True,True,False,A_hard_expiry_capsule_contraction,tr_b3e3101c8c2a_gpu
paper_ssp_200m_strong_v1,9,1000,1000.0,1080.0,auv_10,enter_exclusion_zone,consequential,DENY,DENY_HARD_EXPIRY,hard_expired,920.0,PARTITIONED,False,True,True,False,not_low_risk,tr_b3e3101c8c2a_gpu
paper_ssp_200m_strong_v1,9,1000,1000.0,1080.0,auv_11,bounded_path_correction,low,DENY,DENY_FORBIDDEN,hard_expired,920.0,PARTITIONED,False,True,True,False,A_hard_expiry_capsule_contraction,tr_b3e3101c8c2a_gpu
paper_ssp_200m_strong_v1,9,1000,1000.0,1100.0,auv_06,enter_exclusion_zone,consequential,DENY,DENY_HARD_EXPIRY,hard_expired,940.0,PARTITIONED,False,True,True,False,not_low_risk,tr_b3e3101c8c2a_gpu
paper_ssp_200m_strong_v1,9,1000,1000.0,1100.0,auv_07,enter_exclusion_zone,consequential,DENY,DENY_HARD_EXPIRY,hard_expired,940.0,PARTITIONED,False,True,True,False,not_low_risk,tr_b3e3101c8c2a_gpu
paper_ssp_200m_strong_v1,9,1000,1000.0,1100.0,auv_08,exceed_return_energy_reserve,consequential,DENY,DENY_HARD_EXPIRY,hard_expired,940.0,PARTITIONED,False,True,True,False,not_low_risk,tr_b3e3101c8c2a_gpu
paper_ssp_200m_strong_v1,9,1000,1000.0,1100.0,auv_09,hold_station,low,DENY,DENY_FORBIDDEN,hard_expired,940.0,PARTITIONED,False,True,True,False,A_hard_expiry_capsule_contraction,tr_b3e3101c8c2a_gpu
paper_ssp_200m_strong_v1,9,1000,1000.0,1100.0,auv_10,enter_exclusion_zone,consequential,DENY,DENY_HARD_EXPIRY,hard_expired,940.0,PARTITIONED,False,True,True,False,not_low_risk,tr_b3e3101c8c2a_gpu
paper_ssp_200m_strong_v1,9,1000,1000.0,1100.0,auv_11,bounded_path_correction,low,DENY,DENY_FORBIDDEN,hard_expired,940.0,PARTITIONED,False,True,True,False,A_hard_expiry_capsule_contraction,tr_b3e3101c8c2a_gpu
paper_ssp_200m_strong_v1,9,1000,1000.0,1120.0,auv_06,enter_exclusion_zone,consequential,DENY,DENY_HARD_EXPIRY,hard_expired,960.0,PARTITIONED,False,True,True,False,not_low_risk,tr_b3e3101c8c2a_gpu
paper_ssp_200m_strong_v1,9,1000,1000.0,1120.0,auv_07,enter_exclusion_zone,consequential,DENY,DENY_HARD_EXPIRY,hard_expired,960.0,PARTITIONED,False,True,True,False,not_low_risk,tr_b3e3101c8c2a_gpu
paper_ssp_200m_strong_v1,9,1000,1000.0,1120.0,auv_08,exceed_return_energy_reserve,consequential,DENY,DENY_HARD_EXPIRY,hard_expired,960.0,PARTITIONED,False,True,True,False,not_low_risk,tr_b3e3101c8c2a_gpu
paper_ssp_200m_strong_v1,9,1000,1000.0,1120.0,auv_09,hold_station,low,DENY,DENY_FORBIDDEN,hard_expired,960.0,PARTITIONED,False,True,True,False,A_hard_expiry_capsule_contraction,tr_b3e3101c8c2a_gpu
paper_ssp_200m_strong_v1,9,1000,1000.0,1120.0,auv_10,enter_exclusion_zone,consequential,DENY,DENY_HARD_EXPIRY,hard_expired,960.0,PARTITIONED,False,True,True,False,not_low_risk,tr_b3e3101c8c2a_gpu
paper_ssp_200m_strong_v1,9,1000,1000.0,1120.0,auv_11,change_high_level_objective,consequential,DENY,DENY_HARD_EXPIRY,hard_expired,960.0,PARTITIONED,False,True,True,False,not_low_risk,tr_b3e3101c8c2a_gpu
paper_ssp_200m_strong_v1,9,1000,1000.0,1140.0,auv_06,exceed_return_energy_reserve,consequential,DENY,DENY_HARD_EXPIRY,hard_expired,980.0,PARTITIONED,False,True,True,False,not_low_risk,tr_b3e3101c8c2a_gpu
paper_ssp_200m_strong_v1,9,1000,1000.0,1140.0,auv_07,exceed_return_energy_reserve,consequential,DENY,DENY_HARD_EXPIRY,hard_expired,980.0,PARTITIONED,False,True,True,False,not_low_risk,tr_b3e3101c8c2a_gpu
paper_ssp_200m_strong_v1,9,1000,1000.0,1140.0,auv_08,exceed_return_energy_reserve,consequential,DENY,DENY_HARD_EXPIRY,hard_expired,980.0,PARTITIONED,False,True,True,False,not_low_risk,tr_b3e3101c8c2a_gpu
paper_ssp_200m_strong_v1,9,1000,1000.0,1140.0,auv_09,hold_station,low,DENY,DENY_FORBIDDEN,hard_expired,980.0,PARTITIONED,False,True,True,False,A_hard_expiry_capsule_contraction,tr_b3e3101c8c2a_gpu
paper_ssp_200m_strong_v1,9,1000,1000.0,1140.0,auv_10,exceed_return_energy_reserve,consequential,DENY,DENY_HARD_EXPIRY,hard_expired,980.0,PARTITIONED,False,True,True,False,not_low_risk,tr_b3e3101c8c2a_gpu
paper_ssp_200m_strong_v1,9,1000,1000.0,1140.0,auv_11,exceed_return_energy_reserve,consequential,DENY,DENY_HARD_EXPIRY,hard_expired,980.0,PARTITIONED,False,True,True,False,not_low_risk,tr_b3e3101c8c2a_gpu
paper_ssp_200m_strong_v1,9,1000,1000.0,1160.0,auv_06,enter_exclusion_zone,consequential,DENY,DENY_HARD_EXPIRY,hard_expired,1000.0,PARTITIONED,False,True,True,False,not_low_risk,tr_b3e3101c8c2a_gpu
paper_ssp_200m_strong_v1,9,1000,1000.0,1160.0,auv_07,enter_exclusion_zone,consequential,DENY,DENY_HARD_EXPIRY,hard_expired,1000.0,PARTITIONED,False,True,True,False,not_low_risk,tr_b3e3101c8c2a_gpu
paper_ssp_200m_strong_v1,9,1000,1000.0,1160.0,auv_08,exceed_return_energy_reserve,consequential,DENY,DENY_HARD_EXPIRY,hard_expired,1000.0,PARTITIONED,False,True,True,False,not_low_risk,tr_b3e3101c8c2a_gpu
paper_ssp_200m_strong_v1,9,1000,1000.0,1160.0,auv_09,hold_station,low,DENY,DENY_FORBIDDEN,hard_expired,1000.0,PARTITIONED,False,True,True,False,A_hard_expiry_capsule_contraction,tr_b3e3101c8c2a_gpu
paper_ssp_200m_strong_v1,9,1000,1000.0,1160.0,auv_10,enter_exclusion_zone,consequential,DENY,DENY_HARD_EXPIRY,hard_expired,1000.0,PARTITIONED,False,True,True,False,not_low_risk,tr_b3e3101c8c2a_gpu
paper_ssp_200m_strong_v1,9,1000,1000.0,1160.0,auv_11,bounded_path_correction,low,DENY,DENY_FORBIDDEN,hard_expired,1000.0,PARTITIONED,False,True,True,False,A_hard_expiry_capsule_contraction,tr_b3e3101c8c2a_gpu
paper_ssp_200m_strong_v1,9,1000,1000.0,1180.0,auv_06,enter_exclusion_zone,consequential,DENY,DENY_HARD_EXPIRY,hard_expired,1020.0,PARTITIONED,False,True,True,False,not_low_risk,tr_b3e3101c8c2a_gpu
paper_ssp_200m_strong_v1,9,1000,1000.0,1180.0,auv_07,enter_exclusion_zone,consequential,DENY,DENY_HARD_EXPIRY,hard_expired,1020.0,PARTITIONED,False,True,True,False,not_low_risk,tr_b3e3101c8c2a_gpu
paper_ssp_200m_strong_v1,9,1000,1000.0,1180.0,auv_08,exceed_return_energy_reserve,consequential,DENY,DENY_HARD_EXPIRY,hard_expired,1020.0,PARTITIONED,False,True,True,False,not_low_risk,tr_b3e3101c8c2a_gpu
paper_ssp_200m_strong_v1,9,1000,1000.0,1180.0,auv_09,hold_station,low,DENY,DENY_FORBIDDEN,hard_expired,1020.0,PARTITIONED,False,True,True,False,A_hard_expiry_capsule_contraction,tr_b3e3101c8c2a_gpu
paper_ssp_200m_strong_v1,9,1000,1000.0,1180.0,auv_10,enter_exclusion_zone,consequential,DENY,DENY_HARD_EXPIRY,hard_expired,1020.0,PARTITIONED,False,True,True,False,not_low_risk,tr_b3e3101c8c2a_gpu
paper_ssp_200m_strong_v1,9,1000,1000.0,1180.0,auv_11,bounded_path_correction,low,DENY,DENY_FORBIDDEN,hard_expired,1020.0,PARTITIONED,False,True,True,False,A_hard_expiry_capsule_contraction,tr_b3e3101c8c2a_gpu
