baseline,outage,outage_duration_s,seed,trace_id,config_hash,git_commit,mission_completion_ratio,mission_utility,high_risk_action_count,high_risk_action_rate,false_denial_count,false_denial_rate,useful_consequential_retention,useful_consequential_proposed,useful_consequential_allowed,denied_consequential_count,total_communication_bytes,governance_bytes,gco,energy_propulsion_j,energy_communication_j,energy_compute_j,decisions_allow,decisions_deny,decisions_defer,consequential_proposed,consequential_allowed,n_exercised_consequential_classes,valid_coverage,exercised_classes,coverage_by_class,coverage_by_connectivity,coverage_by_freshness,utility_breakdown,utility_freeze_id,connectivity_occupancy,proposed_by_type,decision_by_type,decision_by_risk_class,backend,allow_fallback,use_sionna_bridge,sionna_device
B1,0,0.0,0,tr_54fb653caded_gpu,f03818aa8dab7d37,unknown,0.8333333333333334,53.9171,0,0.0,0,0.0,1.0,6,6,0,8704,8704,1.0,15432.0,8.704,1148.0,840,0,0,70,70,4,True,"[""abandon_mandatory_inspection"", ""reassign_another_auv"", ""exceed_return_energy_reserve"", ""enter_exclusion_zone""]","{""abandon_mandatory_inspection"": {""proposed"": 64, ""ALLOW"": 64, ""DENY"": 0, ""DEFER"": 0}, ""reassign_another_auv"": {""proposed"": 1, ""ALLOW"": 1, ""DENY"": 0, ""DEFER"": 0}, ""exceed_return_energy_reserve"": {""proposed"": 3, ""ALLOW"": 3, ""DENY"": 0, ""DEFER"": 0}, ""enter_exclusion_zone"": {""proposed"": 2, ""ALLOW"": 2, ""DENY"": 0, ""DEFER"": 0}, ""change_high_level_objective"": {""proposed"": 0, ""ALLOW"": 0, ""DENY"": 0, ""DEFER"": 0}}","{""CONNECTED"": {""proposed"": 0, ""ALLOW"": 0.0, ""DENY"": 0.0, ""DEFER"": 0.0, ""fraction_of_consequential"": 0.0}, ""DEGRADED"": {""proposed"": 70, ""ALLOW"": 1.0, ""DENY"": 0.0, ""DEFER"": 0.0, ""fraction_of_consequential"": 1.0}, ""PARTITIONED"": {""proposed"": 0, ""ALLOW"": 0.0, ""DENY"": 0.0, ""DEFER"": 0.0, ""fraction_of_consequential"": 0.0}, ""ISOLATED"": {""proposed"": 0, ""ALLOW"": 0.0, ""DENY"": 0.0, ""DEFER"": 0.0, ""fraction_of_consequential"": 0.0}, ""RECOVERING"": {""proposed"": 0, ""ALLOW"": 0.0, ""DENY"": 0.0, ""DEFER"": 0.0, ""fraction_of_consequential"": 0.0}}","{""fresh"": {""proposed"": 70, ""ALLOW"": 70, ""DENY"": 0, ""DEFER"": 0, ""fraction_of_consequential"": 1.0}, ""aging"": {""proposed"": 0, ""ALLOW"": 0, ""DENY"": 0, ""DEFER"": 0, ""fraction_of_consequential"": 0.0}, ""stale"": {""proposed"": 0, ""ALLOW"": 0, ""DENY"": 0, ""DEFER"": 0, ""fraction_of_consequential"": 0.0}, ""hard_expired"": {""proposed"": 0, ""ALLOW"": 0, ""DENY"": 0, ""DEFER"": 0, ""fraction_of_consequential"": 0.0}}","{""freeze_id"": ""utility_v2_frozen_2026-09-28"", ""completed_mandatory"": 10, ""anomalies_resolved"": 1, ""useful_reassignments"": 1, ""missed_mandatory"": 2, ""exclusion_violations"": 2, ""reserve_violations"": 3, ""duplicate_work"": 0, ""total_energy_j"": 16580.0, ""unresolved_conflicts"": 0, ""terms"": {""completed_mandatory"": 100.0, ""anomaly_resolved"": 18.0, ""useful_reassignment"": 12.0, ""missed_mandatory"": -30.0, ""exclusion_violation"": -16.0, ""reserve_violation"": -30.0, ""duplicate_work"": -0.0, ""energy"": -0.0829, ""unresolved_conflict"": -0.0}, ""utility"": 53.9171}",utility_v2_frozen_2026-09-28,"{""CONNECTED"": 0.10119047619047619, ""DEGRADED"": 0.8988095238095238, ""PARTITIONED"": 0.0, ""ISOLATED"": 0.0, ""RECOVERING"": 0.0}","{""repeat_sonar_scan"": 32, ""enter_exclusion_zone"": 2, ""exceed_return_energy_reserve"": 3, ""hold_station"": 70, ""reassign_another_auv"": 1, ""local_inference"": 1, ""bounded_path_correction"": 667, ""abandon_mandatory_inspection"": 64}","{""repeat_sonar_scan"": {""ALLOW"": 32, ""DENY"": 0, ""DEFER"": 0}, ""enter_exclusion_zone"": {""ALLOW"": 2, ""DENY"": 0, ""DEFER"": 0}, ""exceed_return_energy_reserve"": {""ALLOW"": 3, ""DENY"": 0, ""DEFER"": 0}, ""hold_station"": {""ALLOW"": 70, ""DENY"": 0, ""DEFER"": 0}, ""reassign_another_auv"": {""ALLOW"": 1, ""DENY"": 0, ""DEFER"": 0}, ""local_inference"": {""ALLOW"": 1, ""DENY"": 0, ""DEFER"": 0}, ""bounded_path_correction"": {""ALLOW"": 667, ""DENY"": 0, ""DEFER"": 0}, ""abandon_mandatory_inspection"": {""ALLOW"": 64, ""DENY"": 0, ""DEFER"": 0}}","{""low"": {""ALLOW"": 770, ""DENY"": 0, ""DEFER"": 0}, ""consequential"": {""ALLOW"": 70, ""DENY"": 0, ""DEFER"": 0}}",aubellhop,False,True,cuda:0
B2,0,0.0,0,tr_54fb653caded_gpu,f03818aa8dab7d37,unknown,0.8333333333333334,53.9171,0,0.0,0,0.0,1.0,6,6,0,8704,8704,1.0,15432.0,8.704,1148.0,840,0,0,70,70,4,True,"[""abandon_mandatory_inspection"", ""reassign_another_auv"", ""exceed_return_energy_reserve"", ""enter_exclusion_zone""]","{""abandon_mandatory_inspection"": {""proposed"": 64, ""ALLOW"": 64, ""DENY"": 0, ""DEFER"": 0}, ""reassign_another_auv"": {""proposed"": 1, ""ALLOW"": 1, ""DENY"": 0, ""DEFER"": 0}, ""exceed_return_energy_reserve"": {""proposed"": 3, ""ALLOW"": 3, ""DENY"": 0, ""DEFER"": 0}, ""enter_exclusion_zone"": {""proposed"": 2, ""ALLOW"": 2, ""DENY"": 0, ""DEFER"": 0}, ""change_high_level_objective"": {""proposed"": 0, ""ALLOW"": 0, ""DENY"": 0, ""DEFER"": 0}}","{""CONNECTED"": {""proposed"": 0, ""ALLOW"": 0.0, ""DENY"": 0.0, ""DEFER"": 0.0, ""fraction_of_consequential"": 0.0}, ""DEGRADED"": {""proposed"": 70, ""ALLOW"": 1.0, ""DENY"": 0.0, ""DEFER"": 0.0, ""fraction_of_consequential"": 1.0}, ""PARTITIONED"": {""proposed"": 0, ""ALLOW"": 0.0, ""DENY"": 0.0, ""DEFER"": 0.0, ""fraction_of_consequential"": 0.0}, ""ISOLATED"": {""proposed"": 0, ""ALLOW"": 0.0, ""DENY"": 0.0, ""DEFER"": 0.0, ""fraction_of_consequential"": 0.0}, ""RECOVERING"": {""proposed"": 0, ""ALLOW"": 0.0, ""DENY"": 0.0, ""DEFER"": 0.0, ""fraction_of_consequential"": 0.0}}","{""fresh"": {""proposed"": 70, ""ALLOW"": 70, ""DENY"": 0, ""DEFER"": 0, ""fraction_of_consequential"": 1.0}, ""aging"": {""proposed"": 0, ""ALLOW"": 0, ""DENY"": 0, ""DEFER"": 0, ""fraction_of_consequential"": 0.0}, ""stale"": {""proposed"": 0, ""ALLOW"": 0, ""DENY"": 0, ""DEFER"": 0, ""fraction_of_consequential"": 0.0}, ""hard_expired"": {""proposed"": 0, ""ALLOW"": 0, ""DENY"": 0, ""DEFER"": 0, ""fraction_of_consequential"": 0.0}}","{""freeze_id"": ""utility_v2_frozen_2026-09-28"", ""completed_mandatory"": 10, ""anomalies_resolved"": 1, ""useful_reassignments"": 1, ""missed_mandatory"": 2, ""exclusion_violations"": 2, ""reserve_violations"": 3, ""duplicate_work"": 0, ""total_energy_j"": 16580.0, ""unresolved_conflicts"": 0, ""terms"": {""completed_mandatory"": 100.0, ""anomaly_resolved"": 18.0, ""useful_reassignment"": 12.0, ""missed_mandatory"": -30.0, ""exclusion_violation"": -16.0, ""reserve_violation"": -30.0, ""duplicate_work"": -0.0, ""energy"": -0.0829, ""unresolved_conflict"": -0.0}, ""utility"": 53.9171}",utility_v2_frozen_2026-09-28,"{""CONNECTED"": 0.10119047619047619, ""DEGRADED"": 0.8988095238095238, ""PARTITIONED"": 0.0, ""ISOLATED"": 0.0, ""RECOVERING"": 0.0}","{""repeat_sonar_scan"": 32, ""enter_exclusion_zone"": 2, ""exceed_return_energy_reserve"": 3, ""hold_station"": 70, ""reassign_another_auv"": 1, ""local_inference"": 1, ""bounded_path_correction"": 667, ""abandon_mandatory_inspection"": 64}","{""repeat_sonar_scan"": {""ALLOW"": 32, ""DENY"": 0, ""DEFER"": 0}, ""enter_exclusion_zone"": {""ALLOW"": 2, ""DENY"": 0, ""DEFER"": 0}, ""exceed_return_energy_reserve"": {""ALLOW"": 3, ""DENY"": 0, ""DEFER"": 0}, ""hold_station"": {""ALLOW"": 70, ""DENY"": 0, ""DEFER"": 0}, ""reassign_another_auv"": {""ALLOW"": 1, ""DENY"": 0, ""DEFER"": 0}, ""local_inference"": {""ALLOW"": 1, ""DENY"": 0, ""DEFER"": 0}, ""bounded_path_correction"": {""ALLOW"": 667, ""DENY"": 0, ""DEFER"": 0}, ""abandon_mandatory_inspection"": {""ALLOW"": 64, ""DENY"": 0, ""DEFER"": 0}}","{""low"": {""ALLOW"": 770, ""DENY"": 0, ""DEFER"": 0}, ""consequential"": {""ALLOW"": 70, ""DENY"": 0, ""DEFER"": 0}}",aubellhop,False,True,cuda:0
B3,0,0.0,0,tr_54fb653caded_gpu,f03818aa8dab7d37,unknown,0.5,-30.0462,0,0.0,70,0.20348837209302326,0.0,280,0,344,8704,8704,1.0,8400.0,8.704,840.0,496,344,0,344,0,4,True,"[""abandon_mandatory_inspection"", ""reassign_another_auv"", ""exceed_return_energy_reserve"", ""enter_exclusion_zone""]","{""abandon_mandatory_inspection"": {""proposed"": 64, ""ALLOW"": 0, ""DENY"": 64, ""DEFER"": 0}, ""reassign_another_auv"": {""proposed"": 70, ""ALLOW"": 0, ""DENY"": 70, ""DEFER"": 0}, ""exceed_return_energy_reserve"": {""proposed"": 70, ""ALLOW"": 0, ""DENY"": 70, ""DEFER"": 0}, ""enter_exclusion_zone"": {""proposed"": 140, ""ALLOW"": 0, ""DENY"": 140, ""DEFER"": 0}, ""change_high_level_objective"": {""proposed"": 0, ""ALLOW"": 0, ""DENY"": 0, ""DEFER"": 0}}","{""CONNECTED"": {""proposed"": 0, ""ALLOW"": 0.0, ""DENY"": 0.0, ""DEFER"": 0.0, ""fraction_of_consequential"": 0.0}, ""DEGRADED"": {""proposed"": 344, ""ALLOW"": 0.0, ""DENY"": 1.0, ""DEFER"": 0.0, ""fraction_of_consequential"": 1.0}, ""PARTITIONED"": {""proposed"": 0, ""ALLOW"": 0.0, ""DENY"": 0.0, ""DEFER"": 0.0, ""fraction_of_consequential"": 0.0}, ""ISOLATED"": {""proposed"": 0, ""ALLOW"": 0.0, ""DENY"": 0.0, ""DEFER"": 0.0, ""fraction_of_consequential"": 0.0}, ""RECOVERING"": {""proposed"": 0, ""ALLOW"": 0.0, ""DENY"": 0.0, ""DEFER"": 0.0, ""fraction_of_consequential"": 0.0}}","{""fresh"": {""proposed"": 344, ""ALLOW"": 0, ""DENY"": 344, ""DEFER"": 0, ""fraction_of_consequential"": 1.0}, ""aging"": {""proposed"": 0, ""ALLOW"": 0, ""DENY"": 0, ""DEFER"": 0, ""fraction_of_consequential"": 0.0}, ""stale"": {""proposed"": 0, ""ALLOW"": 0, ""DENY"": 0, ""DEFER"": 0, ""fraction_of_consequential"": 0.0}, ""hard_expired"": {""proposed"": 0, ""ALLOW"": 0, ""DENY"": 0, ""DEFER"": 0, ""fraction_of_consequential"": 0.0}}","{""freeze_id"": ""utility_v2_frozen_2026-09-28"", ""completed_mandatory"": 6, ""anomalies_resolved"": 0, ""useful_reassignments"": 0, ""missed_mandatory"": 6, ""exclusion_violations"": 0, ""reserve_violations"": 0, ""duplicate_work"": 0, ""total_energy_j"": 9240.0, ""unresolved_conflicts"": 0, ""terms"": {""completed_mandatory"": 60.0, ""anomaly_resolved"": 0.0, ""useful_reassignment"": 0.0, ""missed_mandatory"": -90.0, ""exclusion_violation"": -0.0, ""reserve_violation"": -0.0, ""duplicate_work"": -0.0, ""energy"": -0.0462, ""unresolved_conflict"": -0.0}, ""utility"": -30.0462}",utility_v2_frozen_2026-09-28,"{""CONNECTED"": 0.10119047619047619, ""DEGRADED"": 0.8988095238095238, ""PARTITIONED"": 0.0, ""ISOLATED"": 0.0, ""RECOVERING"": 0.0}","{""repeat_sonar_scan"": 24, ""enter_exclusion_zone"": 140, ""exceed_return_energy_reserve"": 70, ""hold_station"": 70, ""reassign_another_auv"": 70, ""bounded_path_correction"": 402, ""abandon_mandatory_inspection"": 64}","{""repeat_sonar_scan"": {""ALLOW"": 24, ""DENY"": 0, ""DEFER"": 0}, ""enter_exclusion_zone"": {""ALLOW"": 0, ""DENY"": 140, ""DEFER"": 0}, ""exceed_return_energy_reserve"": {""ALLOW"": 0, ""DENY"": 70, ""DEFER"": 0}, ""hold_station"": {""ALLOW"": 70, ""DENY"": 0, ""DEFER"": 0}, ""reassign_another_auv"": {""ALLOW"": 0, ""DENY"": 70, ""DEFER"": 0}, ""bounded_path_correction"": {""ALLOW"": 402, ""DENY"": 0, ""DEFER"": 0}, ""abandon_mandatory_inspection"": {""ALLOW"": 0, ""DENY"": 64, ""DEFER"": 0}}","{""low"": {""ALLOW"": 496, ""DENY"": 0, ""DEFER"": 0}, ""consequential"": {""ALLOW"": 0, ""DENY"": 344, ""DEFER"": 0}}",aubellhop,False,True,cuda:0
B4,0,0.0,0,tr_54fb653caded_gpu,f03818aa8dab7d37,unknown,0.8333333333333334,53.9171,0,0.0,0,0.0,1.0,6,6,0,8704,8704,1.0,15432.0,8.704,1148.0,840,0,0,70,70,4,True,"[""abandon_mandatory_inspection"", ""reassign_another_auv"", ""exceed_return_energy_reserve"", ""enter_exclusion_zone""]","{""abandon_mandatory_inspection"": {""proposed"": 64, ""ALLOW"": 64, ""DENY"": 0, ""DEFER"": 0}, ""reassign_another_auv"": {""proposed"": 1, ""ALLOW"": 1, ""DENY"": 0, ""DEFER"": 0}, ""exceed_return_energy_reserve"": {""proposed"": 3, ""ALLOW"": 3, ""DENY"": 0, ""DEFER"": 0}, ""enter_exclusion_zone"": {""proposed"": 2, ""ALLOW"": 2, ""DENY"": 0, ""DEFER"": 0}, ""change_high_level_objective"": {""proposed"": 0, ""ALLOW"": 0, ""DENY"": 0, ""DEFER"": 0}}","{""CONNECTED"": {""proposed"": 0, ""ALLOW"": 0.0, ""DENY"": 0.0, ""DEFER"": 0.0, ""fraction_of_consequential"": 0.0}, ""DEGRADED"": {""proposed"": 70, ""ALLOW"": 1.0, ""DENY"": 0.0, ""DEFER"": 0.0, ""fraction_of_consequential"": 1.0}, ""PARTITIONED"": {""proposed"": 0, ""ALLOW"": 0.0, ""DENY"": 0.0, ""DEFER"": 0.0, ""fraction_of_consequential"": 0.0}, ""ISOLATED"": {""proposed"": 0, ""ALLOW"": 0.0, ""DENY"": 0.0, ""DEFER"": 0.0, ""fraction_of_consequential"": 0.0}, ""RECOVERING"": {""proposed"": 0, ""ALLOW"": 0.0, ""DENY"": 0.0, ""DEFER"": 0.0, ""fraction_of_consequential"": 0.0}}","{""fresh"": {""proposed"": 70, ""ALLOW"": 70, ""DENY"": 0, ""DEFER"": 0, ""fraction_of_consequential"": 1.0}, ""aging"": {""proposed"": 0, ""ALLOW"": 0, ""DENY"": 0, ""DEFER"": 0, ""fraction_of_consequential"": 0.0}, ""stale"": {""proposed"": 0, ""ALLOW"": 0, ""DENY"": 0, ""DEFER"": 0, ""fraction_of_consequential"": 0.0}, ""hard_expired"": {""proposed"": 0, ""ALLOW"": 0, ""DENY"": 0, ""DEFER"": 0, ""fraction_of_consequential"": 0.0}}","{""freeze_id"": ""utility_v2_frozen_2026-09-28"", ""completed_mandatory"": 10, ""anomalies_resolved"": 1, ""useful_reassignments"": 1, ""missed_mandatory"": 2, ""exclusion_violations"": 2, ""reserve_violations"": 3, ""duplicate_work"": 0, ""total_energy_j"": 16580.0, ""unresolved_conflicts"": 0, ""terms"": {""completed_mandatory"": 100.0, ""anomaly_resolved"": 18.0, ""useful_reassignment"": 12.0, ""missed_mandatory"": -30.0, ""exclusion_violation"": -16.0, ""reserve_violation"": -30.0, ""duplicate_work"": -0.0, ""energy"": -0.0829, ""unresolved_conflict"": -0.0}, ""utility"": 53.9171}",utility_v2_frozen_2026-09-28,"{""CONNECTED"": 0.10119047619047619, ""DEGRADED"": 0.8988095238095238, ""PARTITIONED"": 0.0, ""ISOLATED"": 0.0, ""RECOVERING"": 0.0}","{""repeat_sonar_scan"": 32, ""enter_exclusion_zone"": 2, ""exceed_return_energy_reserve"": 3, ""hold_station"": 70, ""reassign_another_auv"": 1, ""local_inference"": 1, ""bounded_path_correction"": 667, ""abandon_mandatory_inspection"": 64}","{""repeat_sonar_scan"": {""ALLOW"": 32, ""DENY"": 0, ""DEFER"": 0}, ""enter_exclusion_zone"": {""ALLOW"": 2, ""DENY"": 0, ""DEFER"": 0}, ""exceed_return_energy_reserve"": {""ALLOW"": 3, ""DENY"": 0, ""DEFER"": 0}, ""hold_station"": {""ALLOW"": 70, ""DENY"": 0, ""DEFER"": 0}, ""reassign_another_auv"": {""ALLOW"": 1, ""DENY"": 0, ""DEFER"": 0}, ""local_inference"": {""ALLOW"": 1, ""DENY"": 0, ""DEFER"": 0}, ""bounded_path_correction"": {""ALLOW"": 667, ""DENY"": 0, ""DEFER"": 0}, ""abandon_mandatory_inspection"": {""ALLOW"": 64, ""DENY"": 0, ""DEFER"": 0}}","{""low"": {""ALLOW"": 770, ""DENY"": 0, ""DEFER"": 0}, ""consequential"": {""ALLOW"": 70, ""DENY"": 0, ""DEFER"": 0}}",aubellhop,False,True,cuda:0
B5_conservative,0,0.0,0,tr_54fb653caded_gpu,f03818aa8dab7d37,unknown,0.5,-30.0462,0,0.0,0,0.0,0.0,280,0,0,8704,8704,1.0,8400.0,8.704,840.0,496,0,344,344,0,4,True,"[""abandon_mandatory_inspection"", ""reassign_another_auv"", ""exceed_return_energy_reserve"", ""enter_exclusion_zone""]","{""abandon_mandatory_inspection"": {""proposed"": 64, ""ALLOW"": 0, ""DENY"": 0, ""DEFER"": 64}, ""reassign_another_auv"": {""proposed"": 70, ""ALLOW"": 0, ""DENY"": 0, ""DEFER"": 70}, ""exceed_return_energy_reserve"": {""proposed"": 70, ""ALLOW"": 0, ""DENY"": 0, ""DEFER"": 70}, ""enter_exclusion_zone"": {""proposed"": 140, ""ALLOW"": 0, ""DENY"": 0, ""DEFER"": 140}, ""change_high_level_objective"": {""proposed"": 0, ""ALLOW"": 0, ""DENY"": 0, ""DEFER"": 0}}","{""CONNECTED"": {""proposed"": 0, ""ALLOW"": 0.0, ""DENY"": 0.0, ""DEFER"": 0.0, ""fraction_of_consequential"": 0.0}, ""DEGRADED"": {""proposed"": 344, ""ALLOW"": 0.0, ""DENY"": 0.0, ""DEFER"": 1.0, ""fraction_of_consequential"": 1.0}, ""PARTITIONED"": {""proposed"": 0, ""ALLOW"": 0.0, ""DENY"": 0.0, ""DEFER"": 0.0, ""fraction_of_consequential"": 0.0}, ""ISOLATED"": {""proposed"": 0, ""ALLOW"": 0.0, ""DENY"": 0.0, ""DEFER"": 0.0, ""fraction_of_consequential"": 0.0}, ""RECOVERING"": {""proposed"": 0, ""ALLOW"": 0.0, ""DENY"": 0.0, ""DEFER"": 0.0, ""fraction_of_consequential"": 0.0}}","{""fresh"": {""proposed"": 344, ""ALLOW"": 0, ""DENY"": 0, ""DEFER"": 344, ""fraction_of_consequential"": 1.0}, ""aging"": {""proposed"": 0, ""ALLOW"": 0, ""DENY"": 0, ""DEFER"": 0, ""fraction_of_consequential"": 0.0}, ""stale"": {""proposed"": 0, ""ALLOW"": 0, ""DENY"": 0, ""DEFER"": 0, ""fraction_of_consequential"": 0.0}, ""hard_expired"": {""proposed"": 0, ""ALLOW"": 0, ""DENY"": 0, ""DEFER"": 0, ""fraction_of_consequential"": 0.0}}","{""freeze_id"": ""utility_v2_frozen_2026-09-28"", ""completed_mandatory"": 6, ""anomalies_resolved"": 0, ""useful_reassignments"": 0, ""missed_mandatory"": 6, ""exclusion_violations"": 0, ""reserve_violations"": 0, ""duplicate_work"": 0, ""total_energy_j"": 9240.0, ""unresolved_conflicts"": 0, ""terms"": {""completed_mandatory"": 60.0, ""anomaly_resolved"": 0.0, ""useful_reassignment"": 0.0, ""missed_mandatory"": -90.0, ""exclusion_violation"": -0.0, ""reserve_violation"": -0.0, ""duplicate_work"": -0.0, ""energy"": -0.0462, ""unresolved_conflict"": -0.0}, ""utility"": -30.0462}",utility_v2_frozen_2026-09-28,"{""CONNECTED"": 0.10119047619047619, ""DEGRADED"": 0.8988095238095238, ""PARTITIONED"": 0.0, ""ISOLATED"": 0.0, ""RECOVERING"": 0.0}","{""repeat_sonar_scan"": 24, ""enter_exclusion_zone"": 140, ""exceed_return_energy_reserve"": 70, ""hold_station"": 70, ""reassign_another_auv"": 70, ""bounded_path_correction"": 402, ""abandon_mandatory_inspection"": 64}","{""repeat_sonar_scan"": {""ALLOW"": 24, ""DENY"": 0, ""DEFER"": 0}, ""enter_exclusion_zone"": {""ALLOW"": 0, ""DENY"": 0, ""DEFER"": 140}, ""exceed_return_energy_reserve"": {""ALLOW"": 0, ""DENY"": 0, ""DEFER"": 70}, ""hold_station"": {""ALLOW"": 70, ""DENY"": 0, ""DEFER"": 0}, ""reassign_another_auv"": {""ALLOW"": 0, ""DENY"": 0, ""DEFER"": 70}, ""bounded_path_correction"": {""ALLOW"": 402, ""DENY"": 0, ""DEFER"": 0}, ""abandon_mandatory_inspection"": {""ALLOW"": 0, ""DENY"": 0, ""DEFER"": 64}}","{""low"": {""ALLOW"": 496, ""DENY"": 0, ""DEFER"": 0}, ""consequential"": {""ALLOW"": 0, ""DENY"": 0, ""DEFER"": 344}}",aubellhop,False,True,cuda:0
B5_nominal,0,0.0,0,tr_54fb653caded_gpu,f03818aa8dab7d37,unknown,0.8333333333333334,53.9171,0,0.0,0,0.0,1.0,6,6,0,8704,8704,1.0,15432.0,8.704,1148.0,840,0,0,70,70,4,True,"[""abandon_mandatory_inspection"", ""reassign_another_auv"", ""exceed_return_energy_reserve"", ""enter_exclusion_zone""]","{""abandon_mandatory_inspection"": {""proposed"": 64, ""ALLOW"": 64, ""DENY"": 0, ""DEFER"": 0}, ""reassign_another_auv"": {""proposed"": 1, ""ALLOW"": 1, ""DENY"": 0, ""DEFER"": 0}, ""exceed_return_energy_reserve"": {""proposed"": 3, ""ALLOW"": 3, ""DENY"": 0, ""DEFER"": 0}, ""enter_exclusion_zone"": {""proposed"": 2, ""ALLOW"": 2, ""DENY"": 0, ""DEFER"": 0}, ""change_high_level_objective"": {""proposed"": 0, ""ALLOW"": 0, ""DENY"": 0, ""DEFER"": 0}}","{""CONNECTED"": {""proposed"": 0, ""ALLOW"": 0.0, ""DENY"": 0.0, ""DEFER"": 0.0, ""fraction_of_consequential"": 0.0}, ""DEGRADED"": {""proposed"": 70, ""ALLOW"": 1.0, ""DENY"": 0.0, ""DEFER"": 0.0, ""fraction_of_consequential"": 1.0}, ""PARTITIONED"": {""proposed"": 0, ""ALLOW"": 0.0, ""DENY"": 0.0, ""DEFER"": 0.0, ""fraction_of_consequential"": 0.0}, ""ISOLATED"": {""proposed"": 0, ""ALLOW"": 0.0, ""DENY"": 0.0, ""DEFER"": 0.0, ""fraction_of_consequential"": 0.0}, ""RECOVERING"": {""proposed"": 0, ""ALLOW"": 0.0, ""DENY"": 0.0, ""DEFER"": 0.0, ""fraction_of_consequential"": 0.0}}","{""fresh"": {""proposed"": 70, ""ALLOW"": 70, ""DENY"": 0, ""DEFER"": 0, ""fraction_of_consequential"": 1.0}, ""aging"": {""proposed"": 0, ""ALLOW"": 0, ""DENY"": 0, ""DEFER"": 0, ""fraction_of_consequential"": 0.0}, ""stale"": {""proposed"": 0, ""ALLOW"": 0, ""DENY"": 0, ""DEFER"": 0, ""fraction_of_consequential"": 0.0}, ""hard_expired"": {""proposed"": 0, ""ALLOW"": 0, ""DENY"": 0, ""DEFER"": 0, ""fraction_of_consequential"": 0.0}}","{""freeze_id"": ""utility_v2_frozen_2026-09-28"", ""completed_mandatory"": 10, ""anomalies_resolved"": 1, ""useful_reassignments"": 1, ""missed_mandatory"": 2, ""exclusion_violations"": 2, ""reserve_violations"": 3, ""duplicate_work"": 0, ""total_energy_j"": 16580.0, ""unresolved_conflicts"": 0, ""terms"": {""completed_mandatory"": 100.0, ""anomaly_resolved"": 18.0, ""useful_reassignment"": 12.0, ""missed_mandatory"": -30.0, ""exclusion_violation"": -16.0, ""reserve_violation"": -30.0, ""duplicate_work"": -0.0, ""energy"": -0.0829, ""unresolved_conflict"": -0.0}, ""utility"": 53.9171}",utility_v2_frozen_2026-09-28,"{""CONNECTED"": 0.10119047619047619, ""DEGRADED"": 0.8988095238095238, ""PARTITIONED"": 0.0, ""ISOLATED"": 0.0, ""RECOVERING"": 0.0}","{""repeat_sonar_scan"": 32, ""enter_exclusion_zone"": 2, ""exceed_return_energy_reserve"": 3, ""hold_station"": 70, ""reassign_another_auv"": 1, ""local_inference"": 1, ""bounded_path_correction"": 667, ""abandon_mandatory_inspection"": 64}","{""repeat_sonar_scan"": {""ALLOW"": 32, ""DENY"": 0, ""DEFER"": 0}, ""enter_exclusion_zone"": {""ALLOW"": 2, ""DENY"": 0, ""DEFER"": 0}, ""exceed_return_energy_reserve"": {""ALLOW"": 3, ""DENY"": 0, ""DEFER"": 0}, ""hold_station"": {""ALLOW"": 70, ""DENY"": 0, ""DEFER"": 0}, ""reassign_another_auv"": {""ALLOW"": 1, ""DENY"": 0, ""DEFER"": 0}, ""local_inference"": {""ALLOW"": 1, ""DENY"": 0, ""DEFER"": 0}, ""bounded_path_correction"": {""ALLOW"": 667, ""DENY"": 0, ""DEFER"": 0}, ""abandon_mandatory_inspection"": {""ALLOW"": 64, ""DENY"": 0, ""DEFER"": 0}}","{""low"": {""ALLOW"": 770, ""DENY"": 0, ""DEFER"": 0}, ""consequential"": {""ALLOW"": 70, ""DENY"": 0, ""DEFER"": 0}}",aubellhop,False,True,cuda:0
B5_permissive,0,0.0,0,tr_54fb653caded_gpu,f03818aa8dab7d37,unknown,0.8333333333333334,53.9171,0,0.0,0,0.0,1.0,6,6,0,8704,8704,1.0,15432.0,8.704,1148.0,840,0,0,70,70,4,True,"[""abandon_mandatory_inspection"", ""reassign_another_auv"", ""exceed_return_energy_reserve"", ""enter_exclusion_zone""]","{""abandon_mandatory_inspection"": {""proposed"": 64, ""ALLOW"": 64, ""DENY"": 0, ""DEFER"": 0}, ""reassign_another_auv"": {""proposed"": 1, ""ALLOW"": 1, ""DENY"": 0, ""DEFER"": 0}, ""exceed_return_energy_reserve"": {""proposed"": 3, ""ALLOW"": 3, ""DENY"": 0, ""DEFER"": 0}, ""enter_exclusion_zone"": {""proposed"": 2, ""ALLOW"": 2, ""DENY"": 0, ""DEFER"": 0}, ""change_high_level_objective"": {""proposed"": 0, ""ALLOW"": 0, ""DENY"": 0, ""DEFER"": 0}}","{""CONNECTED"": {""proposed"": 0, ""ALLOW"": 0.0, ""DENY"": 0.0, ""DEFER"": 0.0, ""fraction_of_consequential"": 0.0}, ""DEGRADED"": {""proposed"": 70, ""ALLOW"": 1.0, ""DENY"": 0.0, ""DEFER"": 0.0, ""fraction_of_consequential"": 1.0}, ""PARTITIONED"": {""proposed"": 0, ""ALLOW"": 0.0, ""DENY"": 0.0, ""DEFER"": 0.0, ""fraction_of_consequential"": 0.0}, ""ISOLATED"": {""proposed"": 0, ""ALLOW"": 0.0, ""DENY"": 0.0, ""DEFER"": 0.0, ""fraction_of_consequential"": 0.0}, ""RECOVERING"": {""proposed"": 0, ""ALLOW"": 0.0, ""DENY"": 0.0, ""DEFER"": 0.0, ""fraction_of_consequential"": 0.0}}","{""fresh"": {""proposed"": 70, ""ALLOW"": 70, ""DENY"": 0, ""DEFER"": 0, ""fraction_of_consequential"": 1.0}, ""aging"": {""proposed"": 0, ""ALLOW"": 0, ""DENY"": 0, ""DEFER"": 0, ""fraction_of_consequential"": 0.0}, ""stale"": {""proposed"": 0, ""ALLOW"": 0, ""DENY"": 0, ""DEFER"": 0, ""fraction_of_consequential"": 0.0}, ""hard_expired"": {""proposed"": 0, ""ALLOW"": 0, ""DENY"": 0, ""DEFER"": 0, ""fraction_of_consequential"": 0.0}}","{""freeze_id"": ""utility_v2_frozen_2026-09-28"", ""completed_mandatory"": 10, ""anomalies_resolved"": 1, ""useful_reassignments"": 1, ""missed_mandatory"": 2, ""exclusion_violations"": 2, ""reserve_violations"": 3, ""duplicate_work"": 0, ""total_energy_j"": 16580.0, ""unresolved_conflicts"": 0, ""terms"": {""completed_mandatory"": 100.0, ""anomaly_resolved"": 18.0, ""useful_reassignment"": 12.0, ""missed_mandatory"": -30.0, ""exclusion_violation"": -16.0, ""reserve_violation"": -30.0, ""duplicate_work"": -0.0, ""energy"": -0.0829, ""unresolved_conflict"": -0.0}, ""utility"": 53.9171}",utility_v2_frozen_2026-09-28,"{""CONNECTED"": 0.10119047619047619, ""DEGRADED"": 0.8988095238095238, ""PARTITIONED"": 0.0, ""ISOLATED"": 0.0, ""RECOVERING"": 0.0}","{""repeat_sonar_scan"": 32, ""enter_exclusion_zone"": 2, ""exceed_return_energy_reserve"": 3, ""hold_station"": 70, ""reassign_another_auv"": 1, ""local_inference"": 1, ""bounded_path_correction"": 667, ""abandon_mandatory_inspection"": 64}","{""repeat_sonar_scan"": {""ALLOW"": 32, ""DENY"": 0, ""DEFER"": 0}, ""enter_exclusion_zone"": {""ALLOW"": 2, ""DENY"": 0, ""DEFER"": 0}, ""exceed_return_energy_reserve"": {""ALLOW"": 3, ""DENY"": 0, ""DEFER"": 0}, ""hold_station"": {""ALLOW"": 70, ""DENY"": 0, ""DEFER"": 0}, ""reassign_another_auv"": {""ALLOW"": 1, ""DENY"": 0, ""DEFER"": 0}, ""local_inference"": {""ALLOW"": 1, ""DENY"": 0, ""DEFER"": 0}, ""bounded_path_correction"": {""ALLOW"": 667, ""DENY"": 0, ""DEFER"": 0}, ""abandon_mandatory_inspection"": {""ALLOW"": 64, ""DENY"": 0, ""DEFER"": 0}}","{""low"": {""ALLOW"": 770, ""DENY"": 0, ""DEFER"": 0}, ""consequential"": {""ALLOW"": 70, ""DENY"": 0, ""DEFER"": 0}}",aubellhop,False,True,cuda:0
B1,150,150.0,0,tr_54fb653caded_gpu,4d3a738fe6e4b81e,unknown,0.8333333333333334,-54.0808,8,0.11594202898550725,0,0.0,1.0,6,6,1,8192,8192,1.0,15012.0,8.192,1148.0,815,1,0,69,68,5,True,"[""abandon_mandatory_inspection"", ""reassign_another_auv"", ""exceed_return_energy_reserve"", ""enter_exclusion_zone"", ""change_high_level_objective""]","{""abandon_mandatory_inspection"": {""proposed"": 62, ""ALLOW"": 62, ""DENY"": 0, ""DEFER"": 0}, ""reassign_another_auv"": {""proposed"": 1, ""ALLOW"": 1, ""DENY"": 0, ""DEFER"": 0}, ""exceed_return_energy_reserve"": {""proposed"": 3, ""ALLOW"": 3, ""DENY"": 0, ""DEFER"": 0}, ""enter_exclusion_zone"": {""proposed"": 2, ""ALLOW"": 2, ""DENY"": 0, ""DEFER"": 0}, ""change_high_level_objective"": {""proposed"": 1, ""ALLOW"": 0, ""DENY"": 1, ""DEFER"": 0}}","{""CONNECTED"": {""proposed"": 0, ""ALLOW"": 0.0, ""DENY"": 0.0, ""DEFER"": 0.0, ""fraction_of_consequential"": 0.0}, ""DEGRADED"": {""proposed"": 60, ""ALLOW"": 1.0, ""DENY"": 0.0, ""DEFER"": 0.0, ""fraction_of_consequential"": 0.8695652173913043}, ""PARTITIONED"": {""proposed"": 9, ""ALLOW"": 0.8888888888888888, ""DENY"": 0.1111111111111111, ""DEFER"": 0.0, ""fraction_of_consequential"": 0.13043478260869565}, ""ISOLATED"": {""proposed"": 0, ""ALLOW"": 0.0, ""DENY"": 0.0, ""DEFER"": 0.0, ""fraction_of_consequential"": 0.0}, ""RECOVERING"": {""proposed"": 0, ""ALLOW"": 0.0, ""DENY"": 0.0, ""DEFER"": 0.0, ""fraction_of_consequential"": 0.0}}","{""fresh"": {""proposed"": 69, ""ALLOW"": 68, ""DENY"": 1, ""DEFER"": 0, ""fraction_of_consequential"": 1.0}, ""aging"": {""proposed"": 0, ""ALLOW"": 0, ""DENY"": 0, ""DEFER"": 0, ""fraction_of_consequential"": 0.0}, ""stale"": {""proposed"": 0, ""ALLOW"": 0, ""DENY"": 0, ""DEFER"": 0, ""fraction_of_consequential"": 0.0}, ""hard_expired"": {""proposed"": 0, ""ALLOW"": 0, ""DENY"": 0, ""DEFER"": 0, ""fraction_of_consequential"": 0.0}}","{""freeze_id"": ""utility_v2_frozen_2026-09-28"", ""completed_mandatory"": 10, ""anomalies_resolved"": 1, ""useful_reassignments"": 1, ""missed_mandatory"": 2, ""exclusion_violations"": 2, ""reserve_violations"": 3, ""duplicate_work"": 0, ""total_energy_j"": 16160.0, ""unresolved_conflicts"": 18, ""terms"": {""completed_mandatory"": 100.0, ""anomaly_resolved"": 18.0, ""useful_reassignment"": 12.0, ""missed_mandatory"": -30.0, ""exclusion_violation"": -16.0, ""reserve_violation"": -30.0, ""duplicate_work"": -0.0, ""energy"": -0.0808, ""unresolved_conflict"": -108.0}, ""utility"": -54.0808}",utility_v2_frozen_2026-09-28,"{""CONNECTED"": 0.09068627450980392, ""DEGRADED"": 0.7916666666666666, ""PARTITIONED"": 0.11764705882352941, ""ISOLATED"": 0.0, ""RECOVERING"": 0.0}","{""repeat_sonar_scan"": 32, ""enter_exclusion_zone"": 2, ""exceed_return_energy_reserve"": 3, ""hold_station"": 68, ""reassign_another_auv"": 1, ""local_inference"": 1, ""bounded_path_correction"": 646, ""abandon_mandatory_inspection"": 62, ""change_high_level_objective"": 1}","{""repeat_sonar_scan"": {""ALLOW"": 32, ""DENY"": 0, ""DEFER"": 0}, ""enter_exclusion_zone"": {""ALLOW"": 2, ""DENY"": 0, ""DEFER"": 0}, ""exceed_return_energy_reserve"": {""ALLOW"": 3, ""DENY"": 0, ""DEFER"": 0}, ""hold_station"": {""ALLOW"": 68, ""DENY"": 0, ""DEFER"": 0}, ""reassign_another_auv"": {""ALLOW"": 1, ""DENY"": 0, ""DEFER"": 0}, ""local_inference"": {""ALLOW"": 1, ""DENY"": 0, ""DEFER"": 0}, ""bounded_path_correction"": {""ALLOW"": 646, ""DENY"": 0, ""DEFER"": 0}, ""abandon_mandatory_inspection"": {""ALLOW"": 62, ""DENY"": 0, ""DEFER"": 0}, ""change_high_level_objective"": {""ALLOW"": 0, ""DENY"": 1, ""DEFER"": 0}}","{""low"": {""ALLOW"": 747, ""DENY"": 0, ""DEFER"": 0}, ""consequential"": {""ALLOW"": 68, ""DENY"": 1, ""DEFER"": 0}}",aubellhop,False,True,cuda:0
B2,150,150.0,0,tr_54fb653caded_gpu,4d3a738fe6e4b81e,unknown,0.8333333333333334,-60.0757,9,0.13043478260869565,0,0.0,1.0,6,6,0,8192,8192,1.0,13992.0,8.192,1148.0,816,0,0,69,69,5,True,"[""abandon_mandatory_inspection"", ""reassign_another_auv"", ""exceed_return_energy_reserve"", ""enter_exclusion_zone"", ""change_high_level_objective""]","{""abandon_mandatory_inspection"": {""proposed"": 62, ""ALLOW"": 62, ""DENY"": 0, ""DEFER"": 0}, ""reassign_another_auv"": {""proposed"": 1, ""ALLOW"": 1, ""DENY"": 0, ""DEFER"": 0}, ""exceed_return_energy_reserve"": {""proposed"": 3, ""ALLOW"": 3, ""DENY"": 0, ""DEFER"": 0}, ""enter_exclusion_zone"": {""proposed"": 2, ""ALLOW"": 2, ""DENY"": 0, ""DEFER"": 0}, ""change_high_level_objective"": {""proposed"": 1, ""ALLOW"": 1, ""DENY"": 0, ""DEFER"": 0}}","{""CONNECTED"": {""proposed"": 0, ""ALLOW"": 0.0, ""DENY"": 0.0, ""DEFER"": 0.0, ""fraction_of_consequential"": 0.0}, ""DEGRADED"": {""proposed"": 60, ""ALLOW"": 1.0, ""DENY"": 0.0, ""DEFER"": 0.0, ""fraction_of_consequential"": 0.8695652173913043}, ""PARTITIONED"": {""proposed"": 9, ""ALLOW"": 1.0, ""DENY"": 0.0, ""DEFER"": 0.0, ""fraction_of_consequential"": 0.13043478260869565}, ""ISOLATED"": {""proposed"": 0, ""ALLOW"": 0.0, ""DENY"": 0.0, ""DEFER"": 0.0, ""fraction_of_consequential"": 0.0}, ""RECOVERING"": {""proposed"": 0, ""ALLOW"": 0.0, ""DENY"": 0.0, ""DEFER"": 0.0, ""fraction_of_consequential"": 0.0}}","{""fresh"": {""proposed"": 69, ""ALLOW"": 69, ""DENY"": 0, ""DEFER"": 0, ""fraction_of_consequential"": 1.0}, ""aging"": {""proposed"": 0, ""ALLOW"": 0, ""DENY"": 0, ""DEFER"": 0, ""fraction_of_consequential"": 0.0}, ""stale"": {""proposed"": 0, ""ALLOW"": 0, ""DENY"": 0, ""DEFER"": 0, ""fraction_of_consequential"": 0.0}, ""hard_expired"": {""proposed"": 0, ""ALLOW"": 0, ""DENY"": 0, ""DEFER"": 0, ""fraction_of_consequential"": 0.0}}","{""freeze_id"": ""utility_v2_frozen_2026-09-28"", ""completed_mandatory"": 10, ""anomalies_resolved"": 1, ""useful_reassignments"": 1, ""missed_mandatory"": 2, ""exclusion_violations"": 2, ""reserve_violations"": 3, ""duplicate_work"": 0, ""total_energy_j"": 15140.0, ""unresolved_conflicts"": 19, ""terms"": {""completed_mandatory"": 100.0, ""anomaly_resolved"": 18.0, ""useful_reassignment"": 12.0, ""missed_mandatory"": -30.0, ""exclusion_violation"": -16.0, ""reserve_violation"": -30.0, ""duplicate_work"": -0.0, ""energy"": -0.0757, ""unresolved_conflict"": -114.0}, ""utility"": -60.0757}",utility_v2_frozen_2026-09-28,"{""CONNECTED"": 0.09068627450980392, ""DEGRADED"": 0.7916666666666666, ""PARTITIONED"": 0.11764705882352941, ""ISOLATED"": 0.0, ""RECOVERING"": 0.0}","{""repeat_sonar_scan"": 32, ""enter_exclusion_zone"": 2, ""exceed_return_energy_reserve"": 3, ""hold_station"": 119, ""reassign_another_auv"": 1, ""local_inference"": 1, ""bounded_path_correction"": 595, ""abandon_mandatory_inspection"": 62, ""change_high_level_objective"": 1}","{""repeat_sonar_scan"": {""ALLOW"": 32, ""DENY"": 0, ""DEFER"": 0}, ""enter_exclusion_zone"": {""ALLOW"": 2, ""DENY"": 0, ""DEFER"": 0}, ""exceed_return_energy_reserve"": {""ALLOW"": 3, ""DENY"": 0, ""DEFER"": 0}, ""hold_station"": {""ALLOW"": 119, ""DENY"": 0, ""DEFER"": 0}, ""reassign_another_auv"": {""ALLOW"": 1, ""DENY"": 0, ""DEFER"": 0}, ""local_inference"": {""ALLOW"": 1, ""DENY"": 0, ""DEFER"": 0}, ""bounded_path_correction"": {""ALLOW"": 595, ""DENY"": 0, ""DEFER"": 0}, ""abandon_mandatory_inspection"": {""ALLOW"": 62, ""DENY"": 0, ""DEFER"": 0}, ""change_high_level_objective"": {""ALLOW"": 1, ""DENY"": 0, ""DEFER"": 0}}","{""low"": {""ALLOW"": 747, ""DENY"": 0, ""DEFER"": 0}, ""consequential"": {""ALLOW"": 69, ""DENY"": 0, ""DEFER"": 0}}",aubellhop,False,True,cuda:0
B3,150,150.0,0,tr_54fb653caded_gpu,4d3a738fe6e4b81e,unknown,0.5,-30.0461,0,0.0,70,0.2028985507246377,0.0,280,0,345,8192,8192,1.0,8380.0,8.192,840.0,495,345,0,345,0,5,True,"[""abandon_mandatory_inspection"", ""reassign_another_auv"", ""exceed_return_energy_reserve"", ""enter_exclusion_zone"", ""change_high_level_objective""]","{""abandon_mandatory_inspection"": {""proposed"": 64, ""ALLOW"": 0, ""DENY"": 64, ""DEFER"": 0}, ""reassign_another_auv"": {""proposed"": 70, ""ALLOW"": 0, ""DENY"": 70, ""DEFER"": 0}, ""exceed_return_energy_reserve"": {""proposed"": 70, ""ALLOW"": 0, ""DENY"": 70, ""DEFER"": 0}, ""enter_exclusion_zone"": {""proposed"": 140, ""ALLOW"": 0, ""DENY"": 140, ""DEFER"": 0}, ""change_high_level_objective"": {""proposed"": 1, ""ALLOW"": 0, ""DENY"": 1, ""DEFER"": 0}}","{""CONNECTED"": {""proposed"": 0, ""ALLOW"": 0.0, ""DENY"": 0.0, ""DEFER"": 0.0, ""fraction_of_consequential"": 0.0}, ""DEGRADED"": {""proposed"": 304, ""ALLOW"": 0.0, ""DENY"": 1.0, ""DEFER"": 0.0, ""fraction_of_consequential"": 0.881159420289855}, ""PARTITIONED"": {""proposed"": 41, ""ALLOW"": 0.0, ""DENY"": 1.0, ""DEFER"": 0.0, ""fraction_of_consequential"": 0.11884057971014493}, ""ISOLATED"": {""proposed"": 0, ""ALLOW"": 0.0, ""DENY"": 0.0, ""DEFER"": 0.0, ""fraction_of_consequential"": 0.0}, ""RECOVERING"": {""proposed"": 0, ""ALLOW"": 0.0, ""DENY"": 0.0, ""DEFER"": 0.0, ""fraction_of_consequential"": 0.0}}","{""fresh"": {""proposed"": 341, ""ALLOW"": 0, ""DENY"": 341, ""DEFER"": 0, ""fraction_of_consequential"": 0.9884057971014493}, ""aging"": {""proposed"": 4, ""ALLOW"": 0, ""DENY"": 4, ""DEFER"": 0, ""fraction_of_consequential"": 0.011594202898550725}, ""stale"": {""proposed"": 0, ""ALLOW"": 0, ""DENY"": 0, ""DEFER"": 0, ""fraction_of_consequential"": 0.0}, ""hard_expired"": {""proposed"": 0, ""ALLOW"": 0, ""DENY"": 0, ""DEFER"": 0, ""fraction_of_consequential"": 0.0}}","{""freeze_id"": ""utility_v2_frozen_2026-09-28"", ""completed_mandatory"": 6, ""anomalies_resolved"": 0, ""useful_reassignments"": 0, ""missed_mandatory"": 6, ""exclusion_violations"": 0, ""reserve_violations"": 0, ""duplicate_work"": 0, ""total_energy_j"": 9220.0, ""unresolved_conflicts"": 0, ""terms"": {""completed_mandatory"": 60.0, ""anomaly_resolved"": 0.0, ""useful_reassignment"": 0.0, ""missed_mandatory"": -90.0, ""exclusion_violation"": -0.0, ""reserve_violation"": -0.0, ""duplicate_work"": -0.0, ""energy"": -0.0461, ""unresolved_conflict"": -0.0}, ""utility"": -30.0461}",utility_v2_frozen_2026-09-28,"{""CONNECTED"": 0.0880952380952381, ""DEGRADED"": 0.7976190476190477, ""PARTITIONED"": 0.11428571428571428, ""ISOLATED"": 0.0, ""RECOVERING"": 0.0}","{""repeat_sonar_scan"": 24, ""enter_exclusion_zone"": 140, ""exceed_return_energy_reserve"": 70, ""hold_station"": 70, ""reassign_another_auv"": 70, ""bounded_path_correction"": 401, ""abandon_mandatory_inspection"": 64, ""change_high_level_objective"": 1}","{""repeat_sonar_scan"": {""ALLOW"": 24, ""DENY"": 0, ""DEFER"": 0}, ""enter_exclusion_zone"": {""ALLOW"": 0, ""DENY"": 140, ""DEFER"": 0}, ""exceed_return_energy_reserve"": {""ALLOW"": 0, ""DENY"": 70, ""DEFER"": 0}, ""hold_station"": {""ALLOW"": 70, ""DENY"": 0, ""DEFER"": 0}, ""reassign_another_auv"": {""ALLOW"": 0, ""DENY"": 70, ""DEFER"": 0}, ""bounded_path_correction"": {""ALLOW"": 401, ""DENY"": 0, ""DEFER"": 0}, ""abandon_mandatory_inspection"": {""ALLOW"": 0, ""DENY"": 64, ""DEFER"": 0}, ""change_high_level_objective"": {""ALLOW"": 0, ""DENY"": 1, ""DEFER"": 0}}","{""low"": {""ALLOW"": 495, ""DENY"": 0, ""DEFER"": 0}, ""consequential"": {""ALLOW"": 0, ""DENY"": 345, ""DEFER"": 0}}",aubellhop,False,True,cuda:0
B4,150,150.0,0,tr_54fb653caded_gpu,4d3a738fe6e4b81e,unknown,0.8333333333333334,53.9225,9,0.1267605633802817,0,0.0,1.0,6,6,0,8192,8192,1.0,14352.0,8.192,1148.0,840,0,0,71,71,5,True,"[""abandon_mandatory_inspection"", ""reassign_another_auv"", ""exceed_return_energy_reserve"", ""enter_exclusion_zone"", ""change_high_level_objective""]","{""abandon_mandatory_inspection"": {""proposed"": 64, ""ALLOW"": 64, ""DENY"": 0, ""DEFER"": 0}, ""reassign_another_auv"": {""proposed"": 1, ""ALLOW"": 1, ""DENY"": 0, ""DEFER"": 0}, ""exceed_return_energy_reserve"": {""proposed"": 3, ""ALLOW"": 3, ""DENY"": 0, ""DEFER"": 0}, ""enter_exclusion_zone"": {""proposed"": 2, ""ALLOW"": 2, ""DENY"": 0, ""DEFER"": 0}, ""change_high_level_objective"": {""proposed"": 1, ""ALLOW"": 1, ""DENY"": 0, ""DEFER"": 0}}","{""CONNECTED"": {""proposed"": 0, ""ALLOW"": 0.0, ""DENY"": 0.0, ""DEFER"": 0.0, ""fraction_of_consequential"": 0.0}, ""DEGRADED"": {""proposed"": 62, ""ALLOW"": 1.0, ""DENY"": 0.0, ""DEFER"": 0.0, ""fraction_of_consequential"": 0.8732394366197183}, ""PARTITIONED"": {""proposed"": 9, ""ALLOW"": 1.0, ""DENY"": 0.0, ""DEFER"": 0.0, ""fraction_of_consequential"": 0.1267605633802817}, ""ISOLATED"": {""proposed"": 0, ""ALLOW"": 0.0, ""DENY"": 0.0, ""DEFER"": 0.0, ""fraction_of_consequential"": 0.0}, ""RECOVERING"": {""proposed"": 0, ""ALLOW"": 0.0, ""DENY"": 0.0, ""DEFER"": 0.0, ""fraction_of_consequential"": 0.0}}","{""fresh"": {""proposed"": 71, ""ALLOW"": 71, ""DENY"": 0, ""DEFER"": 0, ""fraction_of_consequential"": 1.0}, ""aging"": {""proposed"": 0, ""ALLOW"": 0, ""DENY"": 0, ""DEFER"": 0, ""fraction_of_consequential"": 0.0}, ""stale"": {""proposed"": 0, ""ALLOW"": 0, ""DENY"": 0, ""DEFER"": 0, ""fraction_of_consequential"": 0.0}, ""hard_expired"": {""proposed"": 0, ""ALLOW"": 0, ""DENY"": 0, ""DEFER"": 0, ""fraction_of_consequential"": 0.0}}","{""freeze_id"": ""utility_v2_frozen_2026-09-28"", ""completed_mandatory"": 10, ""anomalies_resolved"": 1, ""useful_reassignments"": 1, ""missed_mandatory"": 2, ""exclusion_violations"": 2, ""reserve_violations"": 3, ""duplicate_work"": 0, ""total_energy_j"": 15500.0, ""unresolved_conflicts"": 0, ""terms"": {""completed_mandatory"": 100.0, ""anomaly_resolved"": 18.0, ""useful_reassignment"": 12.0, ""missed_mandatory"": -30.0, ""exclusion_violation"": -16.0, ""reserve_violation"": -30.0, ""duplicate_work"": -0.0, ""energy"": -0.0775, ""unresolved_conflict"": -0.0}, ""utility"": 53.9225}",utility_v2_frozen_2026-09-28,"{""CONNECTED"": 0.07380952380952381, ""DEGRADED"": 0.8119047619047619, ""PARTITIONED"": 0.11428571428571428, ""ISOLATED"": 0.0, ""RECOVERING"": 0.0}","{""repeat_sonar_scan"": 32, ""enter_exclusion_zone"": 2, ""exceed_return_energy_reserve"": 3, ""hold_station"": 123, ""reassign_another_auv"": 1, ""local_inference"": 1, ""bounded_path_correction"": 613, ""abandon_mandatory_inspection"": 64, ""change_high_level_objective"": 1}","{""repeat_sonar_scan"": {""ALLOW"": 32, ""DENY"": 0, ""DEFER"": 0}, ""enter_exclusion_zone"": {""ALLOW"": 2, ""DENY"": 0, ""DEFER"": 0}, ""exceed_return_energy_reserve"": {""ALLOW"": 3, ""DENY"": 0, ""DEFER"": 0}, ""hold_station"": {""ALLOW"": 123, ""DENY"": 0, ""DEFER"": 0}, ""reassign_another_auv"": {""ALLOW"": 1, ""DENY"": 0, ""DEFER"": 0}, ""local_inference"": {""ALLOW"": 1, ""DENY"": 0, ""DEFER"": 0}, ""bounded_path_correction"": {""ALLOW"": 613, ""DENY"": 0, ""DEFER"": 0}, ""abandon_mandatory_inspection"": {""ALLOW"": 64, ""DENY"": 0, ""DEFER"": 0}, ""change_high_level_objective"": {""ALLOW"": 1, ""DENY"": 0, ""DEFER"": 0}}","{""low"": {""ALLOW"": 769, ""DENY"": 0, ""DEFER"": 0}, ""consequential"": {""ALLOW"": 71, ""DENY"": 0, ""DEFER"": 0}}",aubellhop,False,True,cuda:0
B5_conservative,150,150.0,0,tr_54fb653caded_gpu,4d3a738fe6e4b81e,unknown,0.5,-30.0461,0,0.0,8,0.1951219512195122,0.0,280,0,41,8192,8192,1.0,8380.0,8.192,840.0,495,41,304,345,0,5,True,"[""abandon_mandatory_inspection"", ""reassign_another_auv"", ""exceed_return_energy_reserve"", ""enter_exclusion_zone"", ""change_high_level_objective""]","{""abandon_mandatory_inspection"": {""proposed"": 64, ""ALLOW"": 0, ""DENY"": 8, ""DEFER"": 56}, ""reassign_another_auv"": {""proposed"": 70, ""ALLOW"": 0, ""DENY"": 8, ""DEFER"": 62}, ""exceed_return_energy_reserve"": {""proposed"": 70, ""ALLOW"": 0, ""DENY"": 8, ""DEFER"": 62}, ""enter_exclusion_zone"": {""proposed"": 140, ""ALLOW"": 0, ""DENY"": 16, ""DEFER"": 124}, ""change_high_level_objective"": {""proposed"": 1, ""ALLOW"": 0, ""DENY"": 1, ""DEFER"": 0}}","{""CONNECTED"": {""proposed"": 0, ""ALLOW"": 0.0, ""DENY"": 0.0, ""DEFER"": 0.0, ""fraction_of_consequential"": 0.0}, ""DEGRADED"": {""proposed"": 304, ""ALLOW"": 0.0, ""DENY"": 0.0, ""DEFER"": 1.0, ""fraction_of_consequential"": 0.881159420289855}, ""PARTITIONED"": {""proposed"": 41, ""ALLOW"": 0.0, ""DENY"": 1.0, ""DEFER"": 0.0, ""fraction_of_consequential"": 0.11884057971014493}, ""ISOLATED"": {""proposed"": 0, ""ALLOW"": 0.0, ""DENY"": 0.0, ""DEFER"": 0.0, ""fraction_of_consequential"": 0.0}, ""RECOVERING"": {""proposed"": 0, ""ALLOW"": 0.0, ""DENY"": 0.0, ""DEFER"": 0.0, ""fraction_of_consequential"": 0.0}}","{""fresh"": {""proposed"": 341, ""ALLOW"": 0, ""DENY"": 37, ""DEFER"": 304, ""fraction_of_consequential"": 0.9884057971014493}, ""aging"": {""proposed"": 4, ""ALLOW"": 0, ""DENY"": 4, ""DEFER"": 0, ""fraction_of_consequential"": 0.011594202898550725}, ""stale"": {""proposed"": 0, ""ALLOW"": 0, ""DENY"": 0, ""DEFER"": 0, ""fraction_of_consequential"": 0.0}, ""hard_expired"": {""proposed"": 0, ""ALLOW"": 0, ""DENY"": 0, ""DEFER"": 0, ""fraction_of_consequential"": 0.0}}","{""freeze_id"": ""utility_v2_frozen_2026-09-28"", ""completed_mandatory"": 6, ""anomalies_resolved"": 0, ""useful_reassignments"": 0, ""missed_mandatory"": 6, ""exclusion_violations"": 0, ""reserve_violations"": 0, ""duplicate_work"": 0, ""total_energy_j"": 9220.0, ""unresolved_conflicts"": 0, ""terms"": {""completed_mandatory"": 60.0, ""anomaly_resolved"": 0.0, ""useful_reassignment"": 0.0, ""missed_mandatory"": -90.0, ""exclusion_violation"": -0.0, ""reserve_violation"": -0.0, ""duplicate_work"": -0.0, ""energy"": -0.0461, ""unresolved_conflict"": -0.0}, ""utility"": -30.0461}",utility_v2_frozen_2026-09-28,"{""CONNECTED"": 0.0880952380952381, ""DEGRADED"": 0.7976190476190477, ""PARTITIONED"": 0.11428571428571428, ""ISOLATED"": 0.0, ""RECOVERING"": 0.0}","{""repeat_sonar_scan"": 24, ""enter_exclusion_zone"": 140, ""exceed_return_energy_reserve"": 70, ""hold_station"": 70, ""reassign_another_auv"": 70, ""bounded_path_correction"": 401, ""abandon_mandatory_inspection"": 64, ""change_high_level_objective"": 1}","{""repeat_sonar_scan"": {""ALLOW"": 24, ""DENY"": 0, ""DEFER"": 0}, ""enter_exclusion_zone"": {""ALLOW"": 0, ""DENY"": 16, ""DEFER"": 124}, ""exceed_return_energy_reserve"": {""ALLOW"": 0, ""DENY"": 8, ""DEFER"": 62}, ""hold_station"": {""ALLOW"": 70, ""DENY"": 0, ""DEFER"": 0}, ""reassign_another_auv"": {""ALLOW"": 0, ""DENY"": 8, ""DEFER"": 62}, ""bounded_path_correction"": {""ALLOW"": 401, ""DENY"": 0, ""DEFER"": 0}, ""abandon_mandatory_inspection"": {""ALLOW"": 0, ""DENY"": 8, ""DEFER"": 56}, ""change_high_level_objective"": {""ALLOW"": 0, ""DENY"": 1, ""DEFER"": 0}}","{""low"": {""ALLOW"": 495, ""DENY"": 0, ""DEFER"": 0}, ""consequential"": {""ALLOW"": 0, ""DENY"": 41, ""DEFER"": 304}}",aubellhop,False,True,cuda:0
B5_nominal,150,150.0,0,tr_54fb653caded_gpu,4d3a738fe6e4b81e,unknown,0.8333333333333334,-60.0757,9,0.13043478260869565,0,0.0,1.0,6,6,0,8192,8192,1.0,13992.0,8.192,1148.0,816,0,0,69,69,5,True,"[""abandon_mandatory_inspection"", ""reassign_another_auv"", ""exceed_return_energy_reserve"", ""enter_exclusion_zone"", ""change_high_level_objective""]","{""abandon_mandatory_inspection"": {""proposed"": 62, ""ALLOW"": 62, ""DENY"": 0, ""DEFER"": 0}, ""reassign_another_auv"": {""proposed"": 1, ""ALLOW"": 1, ""DENY"": 0, ""DEFER"": 0}, ""exceed_return_energy_reserve"": {""proposed"": 3, ""ALLOW"": 3, ""DENY"": 0, ""DEFER"": 0}, ""enter_exclusion_zone"": {""proposed"": 2, ""ALLOW"": 2, ""DENY"": 0, ""DEFER"": 0}, ""change_high_level_objective"": {""proposed"": 1, ""ALLOW"": 1, ""DENY"": 0, ""DEFER"": 0}}","{""CONNECTED"": {""proposed"": 0, ""ALLOW"": 0.0, ""DENY"": 0.0, ""DEFER"": 0.0, ""fraction_of_consequential"": 0.0}, ""DEGRADED"": {""proposed"": 60, ""ALLOW"": 1.0, ""DENY"": 0.0, ""DEFER"": 0.0, ""fraction_of_consequential"": 0.8695652173913043}, ""PARTITIONED"": {""proposed"": 9, ""ALLOW"": 1.0, ""DENY"": 0.0, ""DEFER"": 0.0, ""fraction_of_consequential"": 0.13043478260869565}, ""ISOLATED"": {""proposed"": 0, ""ALLOW"": 0.0, ""DENY"": 0.0, ""DEFER"": 0.0, ""fraction_of_consequential"": 0.0}, ""RECOVERING"": {""proposed"": 0, ""ALLOW"": 0.0, ""DENY"": 0.0, ""DEFER"": 0.0, ""fraction_of_consequential"": 0.0}}","{""fresh"": {""proposed"": 69, ""ALLOW"": 69, ""DENY"": 0, ""DEFER"": 0, ""fraction_of_consequential"": 1.0}, ""aging"": {""proposed"": 0, ""ALLOW"": 0, ""DENY"": 0, ""DEFER"": 0, ""fraction_of_consequential"": 0.0}, ""stale"": {""proposed"": 0, ""ALLOW"": 0, ""DENY"": 0, ""DEFER"": 0, ""fraction_of_consequential"": 0.0}, ""hard_expired"": {""proposed"": 0, ""ALLOW"": 0, ""DENY"": 0, ""DEFER"": 0, ""fraction_of_consequential"": 0.0}}","{""freeze_id"": ""utility_v2_frozen_2026-09-28"", ""completed_mandatory"": 10, ""anomalies_resolved"": 1, ""useful_reassignments"": 1, ""missed_mandatory"": 2, ""exclusion_violations"": 2, ""reserve_violations"": 3, ""duplicate_work"": 0, ""total_energy_j"": 15140.0, ""unresolved_conflicts"": 19, ""terms"": {""completed_mandatory"": 100.0, ""anomaly_resolved"": 18.0, ""useful_reassignment"": 12.0, ""missed_mandatory"": -30.0, ""exclusion_violation"": -16.0, ""reserve_violation"": -30.0, ""duplicate_work"": -0.0, ""energy"": -0.0757, ""unresolved_conflict"": -114.0}, ""utility"": -60.0757}",utility_v2_frozen_2026-09-28,"{""CONNECTED"": 0.09068627450980392, ""DEGRADED"": 0.7916666666666666, ""PARTITIONED"": 0.11764705882352941, ""ISOLATED"": 0.0, ""RECOVERING"": 0.0}","{""repeat_sonar_scan"": 32, ""enter_exclusion_zone"": 2, ""exceed_return_energy_reserve"": 3, ""hold_station"": 119, ""reassign_another_auv"": 1, ""local_inference"": 1, ""bounded_path_correction"": 595, ""abandon_mandatory_inspection"": 62, ""change_high_level_objective"": 1}","{""repeat_sonar_scan"": {""ALLOW"": 32, ""DENY"": 0, ""DEFER"": 0}, ""enter_exclusion_zone"": {""ALLOW"": 2, ""DENY"": 0, ""DEFER"": 0}, ""exceed_return_energy_reserve"": {""ALLOW"": 3, ""DENY"": 0, ""DEFER"": 0}, ""hold_station"": {""ALLOW"": 119, ""DENY"": 0, ""DEFER"": 0}, ""reassign_another_auv"": {""ALLOW"": 1, ""DENY"": 0, ""DEFER"": 0}, ""local_inference"": {""ALLOW"": 1, ""DENY"": 0, ""DEFER"": 0}, ""bounded_path_correction"": {""ALLOW"": 595, ""DENY"": 0, ""DEFER"": 0}, ""abandon_mandatory_inspection"": {""ALLOW"": 62, ""DENY"": 0, ""DEFER"": 0}, ""change_high_level_objective"": {""ALLOW"": 1, ""DENY"": 0, ""DEFER"": 0}}","{""low"": {""ALLOW"": 747, ""DENY"": 0, ""DEFER"": 0}, ""consequential"": {""ALLOW"": 69, ""DENY"": 0, ""DEFER"": 0}}",aubellhop,False,True,cuda:0
B5_permissive,150,150.0,0,tr_54fb653caded_gpu,4d3a738fe6e4b81e,unknown,0.8333333333333334,-60.0757,9,0.13043478260869565,0,0.0,1.0,6,6,0,8192,8192,1.0,13992.0,8.192,1148.0,816,0,0,69,69,5,True,"[""abandon_mandatory_inspection"", ""reassign_another_auv"", ""exceed_return_energy_reserve"", ""enter_exclusion_zone"", ""change_high_level_objective""]","{""abandon_mandatory_inspection"": {""proposed"": 62, ""ALLOW"": 62, ""DENY"": 0, ""DEFER"": 0}, ""reassign_another_auv"": {""proposed"": 1, ""ALLOW"": 1, ""DENY"": 0, ""DEFER"": 0}, ""exceed_return_energy_reserve"": {""proposed"": 3, ""ALLOW"": 3, ""DENY"": 0, ""DEFER"": 0}, ""enter_exclusion_zone"": {""proposed"": 2, ""ALLOW"": 2, ""DENY"": 0, ""DEFER"": 0}, ""change_high_level_objective"": {""proposed"": 1, ""ALLOW"": 1, ""DENY"": 0, ""DEFER"": 0}}","{""CONNECTED"": {""proposed"": 0, ""ALLOW"": 0.0, ""DENY"": 0.0, ""DEFER"": 0.0, ""fraction_of_consequential"": 0.0}, ""DEGRADED"": {""proposed"": 60, ""ALLOW"": 1.0, ""DENY"": 0.0, ""DEFER"": 0.0, ""fraction_of_consequential"": 0.8695652173913043}, ""PARTITIONED"": {""proposed"": 9, ""ALLOW"": 1.0, ""DENY"": 0.0, ""DEFER"": 0.0, ""fraction_of_consequential"": 0.13043478260869565}, ""ISOLATED"": {""proposed"": 0, ""ALLOW"": 0.0, ""DENY"": 0.0, ""DEFER"": 0.0, ""fraction_of_consequential"": 0.0}, ""RECOVERING"": {""proposed"": 0, ""ALLOW"": 0.0, ""DENY"": 0.0, ""DEFER"": 0.0, ""fraction_of_consequential"": 0.0}}","{""fresh"": {""proposed"": 69, ""ALLOW"": 69, ""DENY"": 0, ""DEFER"": 0, ""fraction_of_consequential"": 1.0}, ""aging"": {""proposed"": 0, ""ALLOW"": 0, ""DENY"": 0, ""DEFER"": 0, ""fraction_of_consequential"": 0.0}, ""stale"": {""proposed"": 0, ""ALLOW"": 0, ""DENY"": 0, ""DEFER"": 0, ""fraction_of_consequential"": 0.0}, ""hard_expired"": {""proposed"": 0, ""ALLOW"": 0, ""DENY"": 0, ""DEFER"": 0, ""fraction_of_consequential"": 0.0}}","{""freeze_id"": ""utility_v2_frozen_2026-09-28"", ""completed_mandatory"": 10, ""anomalies_resolved"": 1, ""useful_reassignments"": 1, ""missed_mandatory"": 2, ""exclusion_violations"": 2, ""reserve_violations"": 3, ""duplicate_work"": 0, ""total_energy_j"": 15140.0, ""unresolved_conflicts"": 19, ""terms"": {""completed_mandatory"": 100.0, ""anomaly_resolved"": 18.0, ""useful_reassignment"": 12.0, ""missed_mandatory"": -30.0, ""exclusion_violation"": -16.0, ""reserve_violation"": -30.0, ""duplicate_work"": -0.0, ""energy"": -0.0757, ""unresolved_conflict"": -114.0}, ""utility"": -60.0757}",utility_v2_frozen_2026-09-28,"{""CONNECTED"": 0.09068627450980392, ""DEGRADED"": 0.7916666666666666, ""PARTITIONED"": 0.11764705882352941, ""ISOLATED"": 0.0, ""RECOVERING"": 0.0}","{""repeat_sonar_scan"": 32, ""enter_exclusion_zone"": 2, ""exceed_return_energy_reserve"": 3, ""hold_station"": 119, ""reassign_another_auv"": 1, ""local_inference"": 1, ""bounded_path_correction"": 595, ""abandon_mandatory_inspection"": 62, ""change_high_level_objective"": 1}","{""repeat_sonar_scan"": {""ALLOW"": 32, ""DENY"": 0, ""DEFER"": 0}, ""enter_exclusion_zone"": {""ALLOW"": 2, ""DENY"": 0, ""DEFER"": 0}, ""exceed_return_energy_reserve"": {""ALLOW"": 3, ""DENY"": 0, ""DEFER"": 0}, ""hold_station"": {""ALLOW"": 119, ""DENY"": 0, ""DEFER"": 0}, ""reassign_another_auv"": {""ALLOW"": 1, ""DENY"": 0, ""DEFER"": 0}, ""local_inference"": {""ALLOW"": 1, ""DENY"": 0, ""DEFER"": 0}, ""bounded_path_correction"": {""ALLOW"": 595, ""DENY"": 0, ""DEFER"": 0}, ""abandon_mandatory_inspection"": {""ALLOW"": 62, ""DENY"": 0, ""DEFER"": 0}, ""change_high_level_objective"": {""ALLOW"": 1, ""DENY"": 0, ""DEFER"": 0}}","{""low"": {""ALLOW"": 747, ""DENY"": 0, ""DEFER"": 0}, ""consequential"": {""ALLOW"": 69, ""DENY"": 0, ""DEFER"": 0}}",aubellhop,False,True,cuda:0
B1,300,300.0,0,tr_54fb653caded_gpu,ef5e21edc6d6b839,unknown,0.8333333333333334,-96.0806,15,0.2112676056338028,0,0.0,1.0,6,6,3,8192,8192,1.0,14972.0,8.192,1148.0,813,3,0,71,68,5,True,"[""abandon_mandatory_inspection"", ""reassign_another_auv"", ""exceed_return_energy_reserve"", ""enter_exclusion_zone"", ""change_high_level_objective""]","{""abandon_mandatory_inspection"": {""proposed"": 62, ""ALLOW"": 62, ""DENY"": 0, ""DEFER"": 0}, ""reassign_another_auv"": {""proposed"": 1, ""ALLOW"": 1, ""DENY"": 0, ""DEFER"": 0}, ""exceed_return_energy_reserve"": {""proposed"": 3, ""ALLOW"": 3, ""DENY"": 0, ""DEFER"": 0}, ""enter_exclusion_zone"": {""proposed"": 2, ""ALLOW"": 2, ""DENY"": 0, ""DEFER"": 0}, ""change_high_level_objective"": {""proposed"": 3, ""ALLOW"": 0, ""DENY"": 3, ""DEFER"": 0}}","{""CONNECTED"": {""proposed"": 0, ""ALLOW"": 0.0, ""DENY"": 0.0, ""DEFER"": 0.0, ""fraction_of_consequential"": 0.0}, ""DEGRADED"": {""proposed"": 53, ""ALLOW"": 1.0, ""DENY"": 0.0, ""DEFER"": 0.0, ""fraction_of_consequential"": 0.7464788732394366}, ""PARTITIONED"": {""proposed"": 18, ""ALLOW"": 0.8333333333333334, ""DENY"": 0.16666666666666666, ""DEFER"": 0.0, ""fraction_of_consequential"": 0.2535211267605634}, ""ISOLATED"": {""proposed"": 0, ""ALLOW"": 0.0, ""DENY"": 0.0, ""DEFER"": 0.0, ""fraction_of_consequential"": 0.0}, ""RECOVERING"": {""proposed"": 0, ""ALLOW"": 0.0, ""DENY"": 0.0, ""DEFER"": 0.0, ""fraction_of_consequential"": 0.0}}","{""fresh"": {""proposed"": 69, ""ALLOW"": 68, ""DENY"": 1, ""DEFER"": 0, ""fraction_of_consequential"": 0.971830985915493}, ""aging"": {""proposed"": 2, ""ALLOW"": 0, ""DENY"": 2, ""DEFER"": 0, ""fraction_of_consequential"": 0.028169014084507043}, ""stale"": {""proposed"": 0, ""ALLOW"": 0, ""DENY"": 0, ""DEFER"": 0, ""fraction_of_consequential"": 0.0}, ""hard_expired"": {""proposed"": 0, ""ALLOW"": 0, ""DENY"": 0, ""DEFER"": 0, ""fraction_of_consequential"": 0.0}}","{""freeze_id"": ""utility_v2_frozen_2026-09-28"", ""completed_mandatory"": 10, ""anomalies_resolved"": 1, ""useful_reassignments"": 1, ""missed_mandatory"": 2, ""exclusion_violations"": 2, ""reserve_violations"": 3, ""duplicate_work"": 0, ""total_energy_j"": 16120.0, ""unresolved_conflicts"": 25, ""terms"": {""completed_mandatory"": 100.0, ""anomaly_resolved"": 18.0, ""useful_reassignment"": 12.0, ""missed_mandatory"": -30.0, ""exclusion_violation"": -16.0, ""reserve_violation"": -30.0, ""duplicate_work"": -0.0, ""energy"": -0.0806, ""unresolved_conflict"": -150.0}, ""utility"": -96.0806}",utility_v2_frozen_2026-09-28,"{""CONNECTED"": 0.07598039215686274, ""DEGRADED"": 0.7034313725490197, ""PARTITIONED"": 0.22058823529411764, ""ISOLATED"": 0.0, ""RECOVERING"": 0.0}","{""repeat_sonar_scan"": 32, ""enter_exclusion_zone"": 2, ""exceed_return_energy_reserve"": 3, ""hold_station"": 68, ""reassign_another_auv"": 1, ""local_inference"": 1, ""bounded_path_correction"": 644, ""abandon_mandatory_inspection"": 62, ""change_high_level_objective"": 3}","{""repeat_sonar_scan"": {""ALLOW"": 32, ""DENY"": 0, ""DEFER"": 0}, ""enter_exclusion_zone"": {""ALLOW"": 2, ""DENY"": 0, ""DEFER"": 0}, ""exceed_return_energy_reserve"": {""ALLOW"": 3, ""DENY"": 0, ""DEFER"": 0}, ""hold_station"": {""ALLOW"": 68, ""DENY"": 0, ""DEFER"": 0}, ""reassign_another_auv"": {""ALLOW"": 1, ""DENY"": 0, ""DEFER"": 0}, ""local_inference"": {""ALLOW"": 1, ""DENY"": 0, ""DEFER"": 0}, ""bounded_path_correction"": {""ALLOW"": 644, ""DENY"": 0, ""DEFER"": 0}, ""abandon_mandatory_inspection"": {""ALLOW"": 62, ""DENY"": 0, ""DEFER"": 0}, ""change_high_level_objective"": {""ALLOW"": 0, ""DENY"": 3, ""DEFER"": 0}}","{""low"": {""ALLOW"": 745, ""DENY"": 0, ""DEFER"": 0}, ""consequential"": {""ALLOW"": 68, ""DENY"": 3, ""DEFER"": 0}}",aubellhop,False,True,cuda:0
B2,300,300.0,0,tr_54fb653caded_gpu,ef5e21edc6d6b839,unknown,0.8333333333333334,-102.0748,16,0.23529411764705882,0,0.0,1.0,6,6,0,8192,8192,1.0,13812.0,8.192,1148.0,804,0,0,68,68,5,True,"[""abandon_mandatory_inspection"", ""reassign_another_auv"", ""exceed_return_energy_reserve"", ""enter_exclusion_zone"", ""change_high_level_objective""]","{""abandon_mandatory_inspection"": {""proposed"": 61, ""ALLOW"": 61, ""DENY"": 0, ""DEFER"": 0}, ""reassign_another_auv"": {""proposed"": 1, ""ALLOW"": 1, ""DENY"": 0, ""DEFER"": 0}, ""exceed_return_energy_reserve"": {""proposed"": 3, ""ALLOW"": 3, ""DENY"": 0, ""DEFER"": 0}, ""enter_exclusion_zone"": {""proposed"": 2, ""ALLOW"": 2, ""DENY"": 0, ""DEFER"": 0}, ""change_high_level_objective"": {""proposed"": 1, ""ALLOW"": 1, ""DENY"": 0, ""DEFER"": 0}}","{""CONNECTED"": {""proposed"": 0, ""ALLOW"": 0.0, ""DENY"": 0.0, ""DEFER"": 0.0, ""fraction_of_consequential"": 0.0}, ""DEGRADED"": {""proposed"": 52, ""ALLOW"": 1.0, ""DENY"": 0.0, ""DEFER"": 0.0, ""fraction_of_consequential"": 0.7647058823529411}, ""PARTITIONED"": {""proposed"": 16, ""ALLOW"": 1.0, ""DENY"": 0.0, ""DEFER"": 0.0, ""fraction_of_consequential"": 0.23529411764705882}, ""ISOLATED"": {""proposed"": 0, ""ALLOW"": 0.0, ""DENY"": 0.0, ""DEFER"": 0.0, ""fraction_of_consequential"": 0.0}, ""RECOVERING"": {""proposed"": 0, ""ALLOW"": 0.0, ""DENY"": 0.0, ""DEFER"": 0.0, ""fraction_of_consequential"": 0.0}}","{""fresh"": {""proposed"": 68, ""ALLOW"": 68, ""DENY"": 0, ""DEFER"": 0, ""fraction_of_consequential"": 1.0}, ""aging"": {""proposed"": 0, ""ALLOW"": 0, ""DENY"": 0, ""DEFER"": 0, ""fraction_of_consequential"": 0.0}, ""stale"": {""proposed"": 0, ""ALLOW"": 0, ""DENY"": 0, ""DEFER"": 0, ""fraction_of_consequential"": 0.0}, ""hard_expired"": {""proposed"": 0, ""ALLOW"": 0, ""DENY"": 0, ""DEFER"": 0, ""fraction_of_consequential"": 0.0}}","{""freeze_id"": ""utility_v2_frozen_2026-09-28"", ""completed_mandatory"": 10, ""anomalies_resolved"": 1, ""useful_reassignments"": 1, ""missed_mandatory"": 2, ""exclusion_violations"": 2, ""reserve_violations"": 3, ""duplicate_work"": 0, ""total_energy_j"": 14960.0, ""unresolved_conflicts"": 26, ""terms"": {""completed_mandatory"": 100.0, ""anomaly_resolved"": 18.0, ""useful_reassignment"": 12.0, ""missed_mandatory"": -30.0, ""exclusion_violation"": -16.0, ""reserve_violation"": -30.0, ""duplicate_work"": -0.0, ""energy"": -0.0748, ""unresolved_conflict"": -156.0}, ""utility"": -102.0748}",utility_v2_frozen_2026-09-28,"{""CONNECTED"": 0.08208955223880597, ""DEGRADED"": 0.6940298507462687, ""PARTITIONED"": 0.22388059701492538, ""ISOLATED"": 0.0, ""RECOVERING"": 0.0}","{""repeat_sonar_scan"": 32, ""enter_exclusion_zone"": 2, ""exceed_return_energy_reserve"": 3, ""hold_station"": 117, ""reassign_another_auv"": 1, ""local_inference"": 1, ""bounded_path_correction"": 586, ""abandon_mandatory_inspection"": 61, ""change_high_level_objective"": 1}","{""repeat_sonar_scan"": {""ALLOW"": 32, ""DENY"": 0, ""DEFER"": 0}, ""enter_exclusion_zone"": {""ALLOW"": 2, ""DENY"": 0, ""DEFER"": 0}, ""exceed_return_energy_reserve"": {""ALLOW"": 3, ""DENY"": 0, ""DEFER"": 0}, ""hold_station"": {""ALLOW"": 117, ""DENY"": 0, ""DEFER"": 0}, ""reassign_another_auv"": {""ALLOW"": 1, ""DENY"": 0, ""DEFER"": 0}, ""local_inference"": {""ALLOW"": 1, ""DENY"": 0, ""DEFER"": 0}, ""bounded_path_correction"": {""ALLOW"": 586, ""DENY"": 0, ""DEFER"": 0}, ""abandon_mandatory_inspection"": {""ALLOW"": 61, ""DENY"": 0, ""DEFER"": 0}, ""change_high_level_objective"": {""ALLOW"": 1, ""DENY"": 0, ""DEFER"": 0}}","{""low"": {""ALLOW"": 736, ""DENY"": 0, ""DEFER"": 0}, ""consequential"": {""ALLOW"": 68, ""DENY"": 0, ""DEFER"": 0}}",aubellhop,False,True,cuda:0
B3,300,300.0,0,tr_54fb653caded_gpu,ef5e21edc6d6b839,unknown,0.5,-30.0459,0,0.0,70,0.2017291066282421,0.0,280,0,347,8192,8192,1.0,8340.0,8.192,840.0,493,347,0,347,0,5,True,"[""abandon_mandatory_inspection"", ""reassign_another_auv"", ""exceed_return_energy_reserve"", ""enter_exclusion_zone"", ""change_high_level_objective""]","{""abandon_mandatory_inspection"": {""proposed"": 64, ""ALLOW"": 0, ""DENY"": 64, ""DEFER"": 0}, ""reassign_another_auv"": {""proposed"": 70, ""ALLOW"": 0, ""DENY"": 70, ""DEFER"": 0}, ""exceed_return_energy_reserve"": {""proposed"": 70, ""ALLOW"": 0, ""DENY"": 70, ""DEFER"": 0}, ""enter_exclusion_zone"": {""proposed"": 140, ""ALLOW"": 0, ""DENY"": 140, ""DEFER"": 0}, ""change_high_level_objective"": {""proposed"": 3, ""ALLOW"": 0, ""DENY"": 3, ""DEFER"": 0}}","{""CONNECTED"": {""proposed"": 0, ""ALLOW"": 0.0, ""DENY"": 0.0, ""DEFER"": 0.0, ""fraction_of_consequential"": 0.0}, ""DEGRADED"": {""proposed"": 269, ""ALLOW"": 0.0, ""DENY"": 1.0, ""DEFER"": 0.0, ""fraction_of_consequential"": 0.7752161383285303}, ""PARTITIONED"": {""proposed"": 78, ""ALLOW"": 0.0, ""DENY"": 1.0, ""DEFER"": 0.0, ""fraction_of_consequential"": 0.22478386167146974}, ""ISOLATED"": {""proposed"": 0, ""ALLOW"": 0.0, ""DENY"": 0.0, ""DEFER"": 0.0, ""fraction_of_consequential"": 0.0}, ""RECOVERING"": {""proposed"": 0, ""ALLOW"": 0.0, ""DENY"": 0.0, ""DEFER"": 0.0, ""fraction_of_consequential"": 0.0}}","{""fresh"": {""proposed"": 313, ""ALLOW"": 0, ""DENY"": 313, ""DEFER"": 0, ""fraction_of_consequential"": 0.9020172910662824}, ""aging"": {""proposed"": 34, ""ALLOW"": 0, ""DENY"": 34, ""DEFER"": 0, ""fraction_of_consequential"": 0.09798270893371758}, ""stale"": {""proposed"": 0, ""ALLOW"": 0, ""DENY"": 0, ""DEFER"": 0, ""fraction_of_consequential"": 0.0}, ""hard_expired"": {""proposed"": 0, ""ALLOW"": 0, ""DENY"": 0, ""DEFER"": 0, ""fraction_of_consequential"": 0.0}}","{""freeze_id"": ""utility_v2_frozen_2026-09-28"", ""completed_mandatory"": 6, ""anomalies_resolved"": 0, ""useful_reassignments"": 0, ""missed_mandatory"": 6, ""exclusion_violations"": 0, ""reserve_violations"": 0, ""duplicate_work"": 0, ""total_energy_j"": 9180.0, ""unresolved_conflicts"": 0, ""terms"": {""completed_mandatory"": 60.0, ""anomaly_resolved"": 0.0, ""useful_reassignment"": 0.0, ""missed_mandatory"": -90.0, ""exclusion_violation"": -0.0, ""reserve_violation"": -0.0, ""duplicate_work"": -0.0, ""energy"": -0.0459, ""unresolved_conflict"": -0.0}, ""utility"": -30.0459}",utility_v2_frozen_2026-09-28,"{""CONNECTED"": 0.07857142857142857, ""DEGRADED"": 0.7071428571428572, ""PARTITIONED"": 0.21428571428571427, ""ISOLATED"": 0.0, ""RECOVERING"": 0.0}","{""repeat_sonar_scan"": 24, ""enter_exclusion_zone"": 140, ""exceed_return_energy_reserve"": 70, ""hold_station"": 70, ""reassign_another_auv"": 70, ""bounded_path_correction"": 399, ""abandon_mandatory_inspection"": 64, ""change_high_level_objective"": 3}","{""repeat_sonar_scan"": {""ALLOW"": 24, ""DENY"": 0, ""DEFER"": 0}, ""enter_exclusion_zone"": {""ALLOW"": 0, ""DENY"": 140, ""DEFER"": 0}, ""exceed_return_energy_reserve"": {""ALLOW"": 0, ""DENY"": 70, ""DEFER"": 0}, ""hold_station"": {""ALLOW"": 70, ""DENY"": 0, ""DEFER"": 0}, ""reassign_another_auv"": {""ALLOW"": 0, ""DENY"": 70, ""DEFER"": 0}, ""bounded_path_correction"": {""ALLOW"": 399, ""DENY"": 0, ""DEFER"": 0}, ""abandon_mandatory_inspection"": {""ALLOW"": 0, ""DENY"": 64, ""DEFER"": 0}, ""change_high_level_objective"": {""ALLOW"": 0, ""DENY"": 3, ""DEFER"": 0}}","{""low"": {""ALLOW"": 493, ""DENY"": 0, ""DEFER"": 0}, ""consequential"": {""ALLOW"": 0, ""DENY"": 347, ""DEFER"": 0}}",aubellhop,False,True,cuda:0
B4,300,300.0,0,tr_54fb653caded_gpu,ef5e21edc6d6b839,unknown,0.8333333333333334,53.9225,16,0.22535211267605634,0,0.0,1.0,6,6,0,8192,8192,1.0,14352.0,8.192,1148.0,840,0,0,71,71,5,True,"[""abandon_mandatory_inspection"", ""reassign_another_auv"", ""exceed_return_energy_reserve"", ""enter_exclusion_zone"", ""change_high_level_objective""]","{""abandon_mandatory_inspection"": {""proposed"": 64, ""ALLOW"": 64, ""DENY"": 0, ""DEFER"": 0}, ""reassign_another_auv"": {""proposed"": 1, ""ALLOW"": 1, ""DENY"": 0, ""DEFER"": 0}, ""exceed_return_energy_reserve"": {""proposed"": 3, ""ALLOW"": 3, ""DENY"": 0, ""DEFER"": 0}, ""enter_exclusion_zone"": {""proposed"": 2, ""ALLOW"": 2, ""DENY"": 0, ""DEFER"": 0}, ""change_high_level_objective"": {""proposed"": 1, ""ALLOW"": 1, ""DENY"": 0, ""DEFER"": 0}}","{""CONNECTED"": {""proposed"": 0, ""ALLOW"": 0.0, ""DENY"": 0.0, ""DEFER"": 0.0, ""fraction_of_consequential"": 0.0}, ""DEGRADED"": {""proposed"": 55, ""ALLOW"": 1.0, ""DENY"": 0.0, ""DEFER"": 0.0, ""fraction_of_consequential"": 0.7746478873239436}, ""PARTITIONED"": {""proposed"": 16, ""ALLOW"": 1.0, ""DENY"": 0.0, ""DEFER"": 0.0, ""fraction_of_consequential"": 0.22535211267605634}, ""ISOLATED"": {""proposed"": 0, ""ALLOW"": 0.0, ""DENY"": 0.0, ""DEFER"": 0.0, ""fraction_of_consequential"": 0.0}, ""RECOVERING"": {""proposed"": 0, ""ALLOW"": 0.0, ""DENY"": 0.0, ""DEFER"": 0.0, ""fraction_of_consequential"": 0.0}}","{""fresh"": {""proposed"": 71, ""ALLOW"": 71, ""DENY"": 0, ""DEFER"": 0, ""fraction_of_consequential"": 1.0}, ""aging"": {""proposed"": 0, ""ALLOW"": 0, ""DENY"": 0, ""DEFER"": 0, ""fraction_of_consequential"": 0.0}, ""stale"": {""proposed"": 0, ""ALLOW"": 0, ""DENY"": 0, ""DEFER"": 0, ""fraction_of_consequential"": 0.0}, ""hard_expired"": {""proposed"": 0, ""ALLOW"": 0, ""DENY"": 0, ""DEFER"": 0, ""fraction_of_consequential"": 0.0}}","{""freeze_id"": ""utility_v2_frozen_2026-09-28"", ""completed_mandatory"": 10, ""anomalies_resolved"": 1, ""useful_reassignments"": 1, ""missed_mandatory"": 2, ""exclusion_violations"": 2, ""reserve_violations"": 3, ""duplicate_work"": 0, ""total_energy_j"": 15500.0, ""unresolved_conflicts"": 0, ""terms"": {""completed_mandatory"": 100.0, ""anomaly_resolved"": 18.0, ""useful_reassignment"": 12.0, ""missed_mandatory"": -30.0, ""exclusion_violation"": -16.0, ""reserve_violation"": -30.0, ""duplicate_work"": -0.0, ""energy"": -0.0775, ""unresolved_conflict"": -0.0}, ""utility"": 53.9225}",utility_v2_frozen_2026-09-28,"{""CONNECTED"": 0.07380952380952381, ""DEGRADED"": 0.7119047619047619, ""PARTITIONED"": 0.21428571428571427, ""ISOLATED"": 0.0, ""RECOVERING"": 0.0}","{""repeat_sonar_scan"": 32, ""enter_exclusion_zone"": 2, ""exceed_return_energy_reserve"": 3, ""hold_station"": 123, ""reassign_another_auv"": 1, ""local_inference"": 1, ""bounded_path_correction"": 613, ""abandon_mandatory_inspection"": 64, ""change_high_level_objective"": 1}","{""repeat_sonar_scan"": {""ALLOW"": 32, ""DENY"": 0, ""DEFER"": 0}, ""enter_exclusion_zone"": {""ALLOW"": 2, ""DENY"": 0, ""DEFER"": 0}, ""exceed_return_energy_reserve"": {""ALLOW"": 3, ""DENY"": 0, ""DEFER"": 0}, ""hold_station"": {""ALLOW"": 123, ""DENY"": 0, ""DEFER"": 0}, ""reassign_another_auv"": {""ALLOW"": 1, ""DENY"": 0, ""DEFER"": 0}, ""local_inference"": {""ALLOW"": 1, ""DENY"": 0, ""DEFER"": 0}, ""bounded_path_correction"": {""ALLOW"": 613, ""DENY"": 0, ""DEFER"": 0}, ""abandon_mandatory_inspection"": {""ALLOW"": 64, ""DENY"": 0, ""DEFER"": 0}, ""change_high_level_objective"": {""ALLOW"": 1, ""DENY"": 0, ""DEFER"": 0}}","{""low"": {""ALLOW"": 769, ""DENY"": 0, ""DEFER"": 0}, ""consequential"": {""ALLOW"": 71, ""DENY"": 0, ""DEFER"": 0}}",aubellhop,False,True,cuda:0
B5_conservative,300,300.0,0,tr_54fb653caded_gpu,ef5e21edc6d6b839,unknown,0.5,-30.0459,0,0.0,15,0.19230769230769232,0.0,280,0,78,8192,8192,1.0,8340.0,8.192,840.0,493,78,269,347,0,5,True,"[""abandon_mandatory_inspection"", ""reassign_another_auv"", ""exceed_return_energy_reserve"", ""enter_exclusion_zone"", ""change_high_level_objective""]","{""abandon_mandatory_inspection"": {""proposed"": 64, ""ALLOW"": 0, ""DENY"": 15, ""DEFER"": 49}, ""reassign_another_auv"": {""proposed"": 70, ""ALLOW"": 0, ""DENY"": 15, ""DEFER"": 55}, ""exceed_return_energy_reserve"": {""proposed"": 70, ""ALLOW"": 0, ""DENY"": 15, ""DEFER"": 55}, ""enter_exclusion_zone"": {""proposed"": 140, ""ALLOW"": 0, ""DENY"": 30, ""DEFER"": 110}, ""change_high_level_objective"": {""proposed"": 3, ""ALLOW"": 0, ""DENY"": 3, ""DEFER"": 0}}","{""CONNECTED"": {""proposed"": 0, ""ALLOW"": 0.0, ""DENY"": 0.0, ""DEFER"": 0.0, ""fraction_of_consequential"": 0.0}, ""DEGRADED"": {""proposed"": 269, ""ALLOW"": 0.0, ""DENY"": 0.0, ""DEFER"": 1.0, ""fraction_of_consequential"": 0.7752161383285303}, ""PARTITIONED"": {""proposed"": 78, ""ALLOW"": 0.0, ""DENY"": 1.0, ""DEFER"": 0.0, ""fraction_of_consequential"": 0.22478386167146974}, ""ISOLATED"": {""proposed"": 0, ""ALLOW"": 0.0, ""DENY"": 0.0, ""DEFER"": 0.0, ""fraction_of_consequential"": 0.0}, ""RECOVERING"": {""proposed"": 0, ""ALLOW"": 0.0, ""DENY"": 0.0, ""DEFER"": 0.0, ""fraction_of_consequential"": 0.0}}","{""fresh"": {""proposed"": 313, ""ALLOW"": 0, ""DENY"": 44, ""DEFER"": 269, ""fraction_of_consequential"": 0.9020172910662824}, ""aging"": {""proposed"": 34, ""ALLOW"": 0, ""DENY"": 34, ""DEFER"": 0, ""fraction_of_consequential"": 0.09798270893371758}, ""stale"": {""proposed"": 0, ""ALLOW"": 0, ""DENY"": 0, ""DEFER"": 0, ""fraction_of_consequential"": 0.0}, ""hard_expired"": {""proposed"": 0, ""ALLOW"": 0, ""DENY"": 0, ""DEFER"": 0, ""fraction_of_consequential"": 0.0}}","{""freeze_id"": ""utility_v2_frozen_2026-09-28"", ""completed_mandatory"": 6, ""anomalies_resolved"": 0, ""useful_reassignments"": 0, ""missed_mandatory"": 6, ""exclusion_violations"": 0, ""reserve_violations"": 0, ""duplicate_work"": 0, ""total_energy_j"": 9180.0, ""unresolved_conflicts"": 0, ""terms"": {""completed_mandatory"": 60.0, ""anomaly_resolved"": 0.0, ""useful_reassignment"": 0.0, ""missed_mandatory"": -90.0, ""exclusion_violation"": -0.0, ""reserve_violation"": -0.0, ""duplicate_work"": -0.0, ""energy"": -0.0459, ""unresolved_conflict"": -0.0}, ""utility"": -30.0459}",utility_v2_frozen_2026-09-28,"{""CONNECTED"": 0.07857142857142857, ""DEGRADED"": 0.7071428571428572, ""PARTITIONED"": 0.21428571428571427, ""ISOLATED"": 0.0, ""RECOVERING"": 0.0}","{""repeat_sonar_scan"": 24, ""enter_exclusion_zone"": 140, ""exceed_return_energy_reserve"": 70, ""hold_station"": 70, ""reassign_another_auv"": 70, ""bounded_path_correction"": 399, ""abandon_mandatory_inspection"": 64, ""change_high_level_objective"": 3}","{""repeat_sonar_scan"": {""ALLOW"": 24, ""DENY"": 0, ""DEFER"": 0}, ""enter_exclusion_zone"": {""ALLOW"": 0, ""DENY"": 30, ""DEFER"": 110}, ""exceed_return_energy_reserve"": {""ALLOW"": 0, ""DENY"": 15, ""DEFER"": 55}, ""hold_station"": {""ALLOW"": 70, ""DENY"": 0, ""DEFER"": 0}, ""reassign_another_auv"": {""ALLOW"": 0, ""DENY"": 15, ""DEFER"": 55}, ""bounded_path_correction"": {""ALLOW"": 399, ""DENY"": 0, ""DEFER"": 0}, ""abandon_mandatory_inspection"": {""ALLOW"": 0, ""DENY"": 15, ""DEFER"": 49}, ""change_high_level_objective"": {""ALLOW"": 0, ""DENY"": 3, ""DEFER"": 0}}","{""low"": {""ALLOW"": 493, ""DENY"": 0, ""DEFER"": 0}, ""consequential"": {""ALLOW"": 0, ""DENY"": 78, ""DEFER"": 269}}",aubellhop,False,True,cuda:0
B5_nominal,300,300.0,0,tr_54fb653caded_gpu,ef5e21edc6d6b839,unknown,0.8333333333333334,-102.0748,16,0.23529411764705882,0,0.0,1.0,6,6,0,8192,8192,1.0,13812.0,8.192,1148.0,804,0,0,68,68,5,True,"[""abandon_mandatory_inspection"", ""reassign_another_auv"", ""exceed_return_energy_reserve"", ""enter_exclusion_zone"", ""change_high_level_objective""]","{""abandon_mandatory_inspection"": {""proposed"": 61, ""ALLOW"": 61, ""DENY"": 0, ""DEFER"": 0}, ""reassign_another_auv"": {""proposed"": 1, ""ALLOW"": 1, ""DENY"": 0, ""DEFER"": 0}, ""exceed_return_energy_reserve"": {""proposed"": 3, ""ALLOW"": 3, ""DENY"": 0, ""DEFER"": 0}, ""enter_exclusion_zone"": {""proposed"": 2, ""ALLOW"": 2, ""DENY"": 0, ""DEFER"": 0}, ""change_high_level_objective"": {""proposed"": 1, ""ALLOW"": 1, ""DENY"": 0, ""DEFER"": 0}}","{""CONNECTED"": {""proposed"": 0, ""ALLOW"": 0.0, ""DENY"": 0.0, ""DEFER"": 0.0, ""fraction_of_consequential"": 0.0}, ""DEGRADED"": {""proposed"": 52, ""ALLOW"": 1.0, ""DENY"": 0.0, ""DEFER"": 0.0, ""fraction_of_consequential"": 0.7647058823529411}, ""PARTITIONED"": {""proposed"": 16, ""ALLOW"": 1.0, ""DENY"": 0.0, ""DEFER"": 0.0, ""fraction_of_consequential"": 0.23529411764705882}, ""ISOLATED"": {""proposed"": 0, ""ALLOW"": 0.0, ""DENY"": 0.0, ""DEFER"": 0.0, ""fraction_of_consequential"": 0.0}, ""RECOVERING"": {""proposed"": 0, ""ALLOW"": 0.0, ""DENY"": 0.0, ""DEFER"": 0.0, ""fraction_of_consequential"": 0.0}}","{""fresh"": {""proposed"": 68, ""ALLOW"": 68, ""DENY"": 0, ""DEFER"": 0, ""fraction_of_consequential"": 1.0}, ""aging"": {""proposed"": 0, ""ALLOW"": 0, ""DENY"": 0, ""DEFER"": 0, ""fraction_of_consequential"": 0.0}, ""stale"": {""proposed"": 0, ""ALLOW"": 0, ""DENY"": 0, ""DEFER"": 0, ""fraction_of_consequential"": 0.0}, ""hard_expired"": {""proposed"": 0, ""ALLOW"": 0, ""DENY"": 0, ""DEFER"": 0, ""fraction_of_consequential"": 0.0}}","{""freeze_id"": ""utility_v2_frozen_2026-09-28"", ""completed_mandatory"": 10, ""anomalies_resolved"": 1, ""useful_reassignments"": 1, ""missed_mandatory"": 2, ""exclusion_violations"": 2, ""reserve_violations"": 3, ""duplicate_work"": 0, ""total_energy_j"": 14960.0, ""unresolved_conflicts"": 26, ""terms"": {""completed_mandatory"": 100.0, ""anomaly_resolved"": 18.0, ""useful_reassignment"": 12.0, ""missed_mandatory"": -30.0, ""exclusion_violation"": -16.0, ""reserve_violation"": -30.0, ""duplicate_work"": -0.0, ""energy"": -0.0748, ""unresolved_conflict"": -156.0}, ""utility"": -102.0748}",utility_v2_frozen_2026-09-28,"{""CONNECTED"": 0.08208955223880597, ""DEGRADED"": 0.6940298507462687, ""PARTITIONED"": 0.22388059701492538, ""ISOLATED"": 0.0, ""RECOVERING"": 0.0}","{""repeat_sonar_scan"": 32, ""enter_exclusion_zone"": 2, ""exceed_return_energy_reserve"": 3, ""hold_station"": 117, ""reassign_another_auv"": 1, ""local_inference"": 1, ""bounded_path_correction"": 586, ""abandon_mandatory_inspection"": 61, ""change_high_level_objective"": 1}","{""repeat_sonar_scan"": {""ALLOW"": 32, ""DENY"": 0, ""DEFER"": 0}, ""enter_exclusion_zone"": {""ALLOW"": 2, ""DENY"": 0, ""DEFER"": 0}, ""exceed_return_energy_reserve"": {""ALLOW"": 3, ""DENY"": 0, ""DEFER"": 0}, ""hold_station"": {""ALLOW"": 117, ""DENY"": 0, ""DEFER"": 0}, ""reassign_another_auv"": {""ALLOW"": 1, ""DENY"": 0, ""DEFER"": 0}, ""local_inference"": {""ALLOW"": 1, ""DENY"": 0, ""DEFER"": 0}, ""bounded_path_correction"": {""ALLOW"": 586, ""DENY"": 0, ""DEFER"": 0}, ""abandon_mandatory_inspection"": {""ALLOW"": 61, ""DENY"": 0, ""DEFER"": 0}, ""change_high_level_objective"": {""ALLOW"": 1, ""DENY"": 0, ""DEFER"": 0}}","{""low"": {""ALLOW"": 736, ""DENY"": 0, ""DEFER"": 0}, ""consequential"": {""ALLOW"": 68, ""DENY"": 0, ""DEFER"": 0}}",aubellhop,False,True,cuda:0
B5_permissive,300,300.0,0,tr_54fb653caded_gpu,ef5e21edc6d6b839,unknown,0.8333333333333334,-102.0748,16,0.23529411764705882,0,0.0,1.0,6,6,0,8192,8192,1.0,13812.0,8.192,1148.0,804,0,0,68,68,5,True,"[""abandon_mandatory_inspection"", ""reassign_another_auv"", ""exceed_return_energy_reserve"", ""enter_exclusion_zone"", ""change_high_level_objective""]","{""abandon_mandatory_inspection"": {""proposed"": 61, ""ALLOW"": 61, ""DENY"": 0, ""DEFER"": 0}, ""reassign_another_auv"": {""proposed"": 1, ""ALLOW"": 1, ""DENY"": 0, ""DEFER"": 0}, ""exceed_return_energy_reserve"": {""proposed"": 3, ""ALLOW"": 3, ""DENY"": 0, ""DEFER"": 0}, ""enter_exclusion_zone"": {""proposed"": 2, ""ALLOW"": 2, ""DENY"": 0, ""DEFER"": 0}, ""change_high_level_objective"": {""proposed"": 1, ""ALLOW"": 1, ""DENY"": 0, ""DEFER"": 0}}","{""CONNECTED"": {""proposed"": 0, ""ALLOW"": 0.0, ""DENY"": 0.0, ""DEFER"": 0.0, ""fraction_of_consequential"": 0.0}, ""DEGRADED"": {""proposed"": 52, ""ALLOW"": 1.0, ""DENY"": 0.0, ""DEFER"": 0.0, ""fraction_of_consequential"": 0.7647058823529411}, ""PARTITIONED"": {""proposed"": 16, ""ALLOW"": 1.0, ""DENY"": 0.0, ""DEFER"": 0.0, ""fraction_of_consequential"": 0.23529411764705882}, ""ISOLATED"": {""proposed"": 0, ""ALLOW"": 0.0, ""DENY"": 0.0, ""DEFER"": 0.0, ""fraction_of_consequential"": 0.0}, ""RECOVERING"": {""proposed"": 0, ""ALLOW"": 0.0, ""DENY"": 0.0, ""DEFER"": 0.0, ""fraction_of_consequential"": 0.0}}","{""fresh"": {""proposed"": 68, ""ALLOW"": 68, ""DENY"": 0, ""DEFER"": 0, ""fraction_of_consequential"": 1.0}, ""aging"": {""proposed"": 0, ""ALLOW"": 0, ""DENY"": 0, ""DEFER"": 0, ""fraction_of_consequential"": 0.0}, ""stale"": {""proposed"": 0, ""ALLOW"": 0, ""DENY"": 0, ""DEFER"": 0, ""fraction_of_consequential"": 0.0}, ""hard_expired"": {""proposed"": 0, ""ALLOW"": 0, ""DENY"": 0, ""DEFER"": 0, ""fraction_of_consequential"": 0.0}}","{""freeze_id"": ""utility_v2_frozen_2026-09-28"", ""completed_mandatory"": 10, ""anomalies_resolved"": 1, ""useful_reassignments"": 1, ""missed_mandatory"": 2, ""exclusion_violations"": 2, ""reserve_violations"": 3, ""duplicate_work"": 0, ""total_energy_j"": 14960.0, ""unresolved_conflicts"": 26, ""terms"": {""completed_mandatory"": 100.0, ""anomaly_resolved"": 18.0, ""useful_reassignment"": 12.0, ""missed_mandatory"": -30.0, ""exclusion_violation"": -16.0, ""reserve_violation"": -30.0, ""duplicate_work"": -0.0, ""energy"": -0.0748, ""unresolved_conflict"": -156.0}, ""utility"": -102.0748}",utility_v2_frozen_2026-09-28,"{""CONNECTED"": 0.08208955223880597, ""DEGRADED"": 0.6940298507462687, ""PARTITIONED"": 0.22388059701492538, ""ISOLATED"": 0.0, ""RECOVERING"": 0.0}","{""repeat_sonar_scan"": 32, ""enter_exclusion_zone"": 2, ""exceed_return_energy_reserve"": 3, ""hold_station"": 117, ""reassign_another_auv"": 1, ""local_inference"": 1, ""bounded_path_correction"": 586, ""abandon_mandatory_inspection"": 61, ""change_high_level_objective"": 1}","{""repeat_sonar_scan"": {""ALLOW"": 32, ""DENY"": 0, ""DEFER"": 0}, ""enter_exclusion_zone"": {""ALLOW"": 2, ""DENY"": 0, ""DEFER"": 0}, ""exceed_return_energy_reserve"": {""ALLOW"": 3, ""DENY"": 0, ""DEFER"": 0}, ""hold_station"": {""ALLOW"": 117, ""DENY"": 0, ""DEFER"": 0}, ""reassign_another_auv"": {""ALLOW"": 1, ""DENY"": 0, ""DEFER"": 0}, ""local_inference"": {""ALLOW"": 1, ""DENY"": 0, ""DEFER"": 0}, ""bounded_path_correction"": {""ALLOW"": 586, ""DENY"": 0, ""DEFER"": 0}, ""abandon_mandatory_inspection"": {""ALLOW"": 61, ""DENY"": 0, ""DEFER"": 0}, ""change_high_level_objective"": {""ALLOW"": 1, ""DENY"": 0, ""DEFER"": 0}}","{""low"": {""ALLOW"": 736, ""DENY"": 0, ""DEFER"": 0}, ""consequential"": {""ALLOW"": 68, ""DENY"": 0, ""DEFER"": 0}}",aubellhop,False,True,cuda:0
B1,500,500.0,0,tr_54fb653caded_gpu,b71182a0bfafff42,unknown,0.8333333333333334,-156.0794,25,0.3472222222222222,0,0.0,1.0,6,6,5,8192,8192,1.0,14732.0,8.192,1148.0,799,5,0,72,67,5,True,"[""abandon_mandatory_inspection"", ""reassign_another_auv"", ""exceed_return_energy_reserve"", ""enter_exclusion_zone"", ""change_high_level_objective""]","{""abandon_mandatory_inspection"": {""proposed"": 61, ""ALLOW"": 61, ""DENY"": 0, ""DEFER"": 0}, ""reassign_another_auv"": {""proposed"": 1, ""ALLOW"": 1, ""DENY"": 0, ""DEFER"": 0}, ""exceed_return_energy_reserve"": {""proposed"": 3, ""ALLOW"": 3, ""DENY"": 0, ""DEFER"": 0}, ""enter_exclusion_zone"": {""proposed"": 2, ""ALLOW"": 2, ""DENY"": 0, ""DEFER"": 0}, ""change_high_level_objective"": {""proposed"": 5, ""ALLOW"": 0, ""DENY"": 5, ""DEFER"": 0}}","{""CONNECTED"": {""proposed"": 0, ""ALLOW"": 0.0, ""DENY"": 0.0, ""DEFER"": 0.0, ""fraction_of_consequential"": 0.0}, ""DEGRADED"": {""proposed"": 42, ""ALLOW"": 1.0, ""DENY"": 0.0, ""DEFER"": 0.0, ""fraction_of_consequential"": 0.5833333333333334}, ""PARTITIONED"": {""proposed"": 30, ""ALLOW"": 0.8333333333333334, ""DENY"": 0.16666666666666666, ""DEFER"": 0.0, ""fraction_of_consequential"": 0.4166666666666667}, ""ISOLATED"": {""proposed"": 0, ""ALLOW"": 0.0, ""DENY"": 0.0, ""DEFER"": 0.0, ""fraction_of_consequential"": 0.0}, ""RECOVERING"": {""proposed"": 0, ""ALLOW"": 0.0, ""DENY"": 0.0, ""DEFER"": 0.0, ""fraction_of_consequential"": 0.0}}","{""fresh"": {""proposed"": 68, ""ALLOW"": 67, ""DENY"": 1, ""DEFER"": 0, ""fraction_of_consequential"": 0.9444444444444444}, ""aging"": {""proposed"": 2, ""ALLOW"": 0, ""DENY"": 2, ""DEFER"": 0, ""fraction_of_consequential"": 0.027777777777777776}, ""stale"": {""proposed"": 2, ""ALLOW"": 0, ""DENY"": 2, ""DEFER"": 0, ""fraction_of_consequential"": 0.027777777777777776}, ""hard_expired"": {""proposed"": 0, ""ALLOW"": 0, ""DENY"": 0, ""DEFER"": 0, ""fraction_of_consequential"": 0.0}}","{""freeze_id"": ""utility_v2_frozen_2026-09-28"", ""completed_mandatory"": 10, ""anomalies_resolved"": 1, ""useful_reassignments"": 1, ""missed_mandatory"": 2, ""exclusion_violations"": 2, ""reserve_violations"": 3, ""duplicate_work"": 0, ""total_energy_j"": 15880.0, ""unresolved_conflicts"": 35, ""terms"": {""completed_mandatory"": 100.0, ""anomaly_resolved"": 18.0, ""useful_reassignment"": 12.0, ""missed_mandatory"": -30.0, ""exclusion_violation"": -16.0, ""reserve_violation"": -30.0, ""duplicate_work"": -0.0, ""energy"": -0.0794, ""unresolved_conflict"": -210.0}, ""utility"": -156.0794}",utility_v2_frozen_2026-09-28,"{""CONNECTED"": 0.06592039800995025, ""DEGRADED"": 0.5609452736318408, ""PARTITIONED"": 0.373134328358209, ""ISOLATED"": 0.0, ""RECOVERING"": 0.0}","{""repeat_sonar_scan"": 32, ""enter_exclusion_zone"": 2, ""exceed_return_energy_reserve"": 3, ""hold_station"": 67, ""reassign_another_auv"": 1, ""local_inference"": 1, ""bounded_path_correction"": 632, ""abandon_mandatory_inspection"": 61, ""change_high_level_objective"": 5}","{""repeat_sonar_scan"": {""ALLOW"": 32, ""DENY"": 0, ""DEFER"": 0}, ""enter_exclusion_zone"": {""ALLOW"": 2, ""DENY"": 0, ""DEFER"": 0}, ""exceed_return_energy_reserve"": {""ALLOW"": 3, ""DENY"": 0, ""DEFER"": 0}, ""hold_station"": {""ALLOW"": 67, ""DENY"": 0, ""DEFER"": 0}, ""reassign_another_auv"": {""ALLOW"": 1, ""DENY"": 0, ""DEFER"": 0}, ""local_inference"": {""ALLOW"": 1, ""DENY"": 0, ""DEFER"": 0}, ""bounded_path_correction"": {""ALLOW"": 632, ""DENY"": 0, ""DEFER"": 0}, ""abandon_mandatory_inspection"": {""ALLOW"": 61, ""DENY"": 0, ""DEFER"": 0}, ""change_high_level_objective"": {""ALLOW"": 0, ""DENY"": 5, ""DEFER"": 0}}","{""low"": {""ALLOW"": 732, ""DENY"": 0, ""DEFER"": 0}, ""consequential"": {""ALLOW"": 67, ""DENY"": 5, ""DEFER"": 0}}",aubellhop,False,True,cuda:0
B2,500,500.0,0,tr_54fb653caded_gpu,b71182a0bfafff42,unknown,0.8333333333333334,-162.0739,26,0.3880597014925373,0,0.0,1.0,6,6,0,8192,8192,1.0,13632.0,8.192,1148.0,792,0,0,67,67,5,True,"[""abandon_mandatory_inspection"", ""reassign_another_auv"", ""exceed_return_energy_reserve"", ""enter_exclusion_zone"", ""change_high_level_objective""]","{""abandon_mandatory_inspection"": {""proposed"": 60, ""ALLOW"": 60, ""DENY"": 0, ""DEFER"": 0}, ""reassign_another_auv"": {""proposed"": 1, ""ALLOW"": 1, ""DENY"": 0, ""DEFER"": 0}, ""exceed_return_energy_reserve"": {""proposed"": 3, ""ALLOW"": 3, ""DENY"": 0, ""DEFER"": 0}, ""enter_exclusion_zone"": {""proposed"": 2, ""ALLOW"": 2, ""DENY"": 0, ""DEFER"": 0}, ""change_high_level_objective"": {""proposed"": 1, ""ALLOW"": 1, ""DENY"": 0, ""DEFER"": 0}}","{""CONNECTED"": {""proposed"": 0, ""ALLOW"": 0.0, ""DENY"": 0.0, ""DEFER"": 0.0, ""fraction_of_consequential"": 0.0}, ""DEGRADED"": {""proposed"": 41, ""ALLOW"": 1.0, ""DENY"": 0.0, ""DEFER"": 0.0, ""fraction_of_consequential"": 0.6119402985074627}, ""PARTITIONED"": {""proposed"": 26, ""ALLOW"": 1.0, ""DENY"": 0.0, ""DEFER"": 0.0, ""fraction_of_consequential"": 0.3880597014925373}, ""ISOLATED"": {""proposed"": 0, ""ALLOW"": 0.0, ""DENY"": 0.0, ""DEFER"": 0.0, ""fraction_of_consequential"": 0.0}, ""RECOVERING"": {""proposed"": 0, ""ALLOW"": 0.0, ""DENY"": 0.0, ""DEFER"": 0.0, ""fraction_of_consequential"": 0.0}}","{""fresh"": {""proposed"": 67, ""ALLOW"": 67, ""DENY"": 0, ""DEFER"": 0, ""fraction_of_consequential"": 1.0}, ""aging"": {""proposed"": 0, ""ALLOW"": 0, ""DENY"": 0, ""DEFER"": 0, ""fraction_of_consequential"": 0.0}, ""stale"": {""proposed"": 0, ""ALLOW"": 0, ""DENY"": 0, ""DEFER"": 0, ""fraction_of_consequential"": 0.0}, ""hard_expired"": {""proposed"": 0, ""ALLOW"": 0, ""DENY"": 0, ""DEFER"": 0, ""fraction_of_consequential"": 0.0}}","{""freeze_id"": ""utility_v2_frozen_2026-09-28"", ""completed_mandatory"": 10, ""anomalies_resolved"": 1, ""useful_reassignments"": 1, ""missed_mandatory"": 2, ""exclusion_violations"": 2, ""reserve_violations"": 3, ""duplicate_work"": 0, ""total_energy_j"": 14780.0, ""unresolved_conflicts"": 36, ""terms"": {""completed_mandatory"": 100.0, ""anomaly_resolved"": 18.0, ""useful_reassignment"": 12.0, ""missed_mandatory"": -30.0, ""exclusion_violation"": -16.0, ""reserve_violation"": -30.0, ""duplicate_work"": -0.0, ""energy"": -0.0739, ""unresolved_conflict"": -216.0}, ""utility"": -162.0739}",utility_v2_frozen_2026-09-28,"{""CONNECTED"": 0.0707070707070707, ""DEGRADED"": 0.5505050505050505, ""PARTITIONED"": 0.3787878787878788, ""ISOLATED"": 0.0, ""RECOVERING"": 0.0}","{""repeat_sonar_scan"": 32, ""enter_exclusion_zone"": 2, ""exceed_return_energy_reserve"": 3, ""hold_station"": 115, ""reassign_another_auv"": 1, ""local_inference"": 1, ""bounded_path_correction"": 577, ""abandon_mandatory_inspection"": 60, ""change_high_level_objective"": 1}","{""repeat_sonar_scan"": {""ALLOW"": 32, ""DENY"": 0, ""DEFER"": 0}, ""enter_exclusion_zone"": {""ALLOW"": 2, ""DENY"": 0, ""DEFER"": 0}, ""exceed_return_energy_reserve"": {""ALLOW"": 3, ""DENY"": 0, ""DEFER"": 0}, ""hold_station"": {""ALLOW"": 115, ""DENY"": 0, ""DEFER"": 0}, ""reassign_another_auv"": {""ALLOW"": 1, ""DENY"": 0, ""DEFER"": 0}, ""local_inference"": {""ALLOW"": 1, ""DENY"": 0, ""DEFER"": 0}, ""bounded_path_correction"": {""ALLOW"": 577, ""DENY"": 0, ""DEFER"": 0}, ""abandon_mandatory_inspection"": {""ALLOW"": 60, ""DENY"": 0, ""DEFER"": 0}, ""change_high_level_objective"": {""ALLOW"": 1, ""DENY"": 0, ""DEFER"": 0}}","{""low"": {""ALLOW"": 725, ""DENY"": 0, ""DEFER"": 0}, ""consequential"": {""ALLOW"": 67, ""DENY"": 0, ""DEFER"": 0}}",aubellhop,False,True,cuda:0
B3,500,500.0,0,tr_54fb653caded_gpu,b71182a0bfafff42,unknown,0.5,-30.0457,0,0.0,70,0.20057306590257878,0.0,280,0,349,8192,8192,1.0,8300.0,8.192,840.0,491,349,0,349,0,5,True,"[""abandon_mandatory_inspection"", ""reassign_another_auv"", ""exceed_return_energy_reserve"", ""enter_exclusion_zone"", ""change_high_level_objective""]","{""abandon_mandatory_inspection"": {""proposed"": 64, ""ALLOW"": 0, ""DENY"": 64, ""DEFER"": 0}, ""reassign_another_auv"": {""proposed"": 70, ""ALLOW"": 0, ""DENY"": 70, ""DEFER"": 0}, ""exceed_return_energy_reserve"": {""proposed"": 70, ""ALLOW"": 0, ""DENY"": 70, ""DEFER"": 0}, ""enter_exclusion_zone"": {""proposed"": 140, ""ALLOW"": 0, ""DENY"": 140, ""DEFER"": 0}, ""change_high_level_objective"": {""proposed"": 5, ""ALLOW"": 0, ""DENY"": 5, ""DEFER"": 0}}","{""CONNECTED"": {""proposed"": 0, ""ALLOW"": 0.0, ""DENY"": 0.0, ""DEFER"": 0.0, ""fraction_of_consequential"": 0.0}, ""DEGRADED"": {""proposed"": 219, ""ALLOW"": 0.0, ""DENY"": 1.0, ""DEFER"": 0.0, ""fraction_of_consequential"": 0.6275071633237822}, ""PARTITIONED"": {""proposed"": 130, ""ALLOW"": 0.0, ""DENY"": 1.0, ""DEFER"": 0.0, ""fraction_of_consequential"": 0.37249283667621774}, ""ISOLATED"": {""proposed"": 0, ""ALLOW"": 0.0, ""DENY"": 0.0, ""DEFER"": 0.0, ""fraction_of_consequential"": 0.0}, ""RECOVERING"": {""proposed"": 0, ""ALLOW"": 0.0, ""DENY"": 0.0, ""DEFER"": 0.0, ""fraction_of_consequential"": 0.0}}","{""fresh"": {""proposed"": 273, ""ALLOW"": 0, ""DENY"": 273, ""DEFER"": 0, ""fraction_of_consequential"": 0.7822349570200573}, ""aging"": {""proposed"": 46, ""ALLOW"": 0, ""DENY"": 46, ""DEFER"": 0, ""fraction_of_consequential"": 0.1318051575931232}, ""stale"": {""proposed"": 30, ""ALLOW"": 0, ""DENY"": 30, ""DEFER"": 0, ""fraction_of_consequential"": 0.08595988538681948}, ""hard_expired"": {""proposed"": 0, ""ALLOW"": 0, ""DENY"": 0, ""DEFER"": 0, ""fraction_of_consequential"": 0.0}}","{""freeze_id"": ""utility_v2_frozen_2026-09-28"", ""completed_mandatory"": 6, ""anomalies_resolved"": 0, ""useful_reassignments"": 0, ""missed_mandatory"": 6, ""exclusion_violations"": 0, ""reserve_violations"": 0, ""duplicate_work"": 0, ""total_energy_j"": 9140.0, ""unresolved_conflicts"": 0, ""terms"": {""completed_mandatory"": 60.0, ""anomaly_resolved"": 0.0, ""useful_reassignment"": 0.0, ""missed_mandatory"": -90.0, ""exclusion_violation"": -0.0, ""reserve_violation"": -0.0, ""duplicate_work"": -0.0, ""energy"": -0.0457, ""unresolved_conflict"": -0.0}, ""utility"": -30.0457}",utility_v2_frozen_2026-09-28,"{""CONNECTED"": 0.06904761904761905, ""DEGRADED"": 0.5738095238095238, ""PARTITIONED"": 0.35714285714285715, ""ISOLATED"": 0.0, ""RECOVERING"": 0.0}","{""repeat_sonar_scan"": 24, ""enter_exclusion_zone"": 140, ""exceed_return_energy_reserve"": 70, ""hold_station"": 70, ""reassign_another_auv"": 70, ""bounded_path_correction"": 397, ""abandon_mandatory_inspection"": 64, ""change_high_level_objective"": 5}","{""repeat_sonar_scan"": {""ALLOW"": 24, ""DENY"": 0, ""DEFER"": 0}, ""enter_exclusion_zone"": {""ALLOW"": 0, ""DENY"": 140, ""DEFER"": 0}, ""exceed_return_energy_reserve"": {""ALLOW"": 0, ""DENY"": 70, ""DEFER"": 0}, ""hold_station"": {""ALLOW"": 70, ""DENY"": 0, ""DEFER"": 0}, ""reassign_another_auv"": {""ALLOW"": 0, ""DENY"": 70, ""DEFER"": 0}, ""bounded_path_correction"": {""ALLOW"": 397, ""DENY"": 0, ""DEFER"": 0}, ""abandon_mandatory_inspection"": {""ALLOW"": 0, ""DENY"": 64, ""DEFER"": 0}, ""change_high_level_objective"": {""ALLOW"": 0, ""DENY"": 5, ""DEFER"": 0}}","{""low"": {""ALLOW"": 491, ""DENY"": 0, ""DEFER"": 0}, ""consequential"": {""ALLOW"": 0, ""DENY"": 349, ""DEFER"": 0}}",aubellhop,False,True,cuda:0
B4,500,500.0,0,tr_54fb653caded_gpu,b71182a0bfafff42,unknown,0.8333333333333334,53.9225,26,0.36619718309859156,0,0.0,1.0,6,6,0,8192,8192,1.0,14352.0,8.192,1148.0,840,0,0,71,71,5,True,"[""abandon_mandatory_inspection"", ""reassign_another_auv"", ""exceed_return_energy_reserve"", ""enter_exclusion_zone"", ""change_high_level_objective""]","{""abandon_mandatory_inspection"": {""proposed"": 64, ""ALLOW"": 64, ""DENY"": 0, ""DEFER"": 0}, ""reassign_another_auv"": {""proposed"": 1, ""ALLOW"": 1, ""DENY"": 0, ""DEFER"": 0}, ""exceed_return_energy_reserve"": {""proposed"": 3, ""ALLOW"": 3, ""DENY"": 0, ""DEFER"": 0}, ""enter_exclusion_zone"": {""proposed"": 2, ""ALLOW"": 2, ""DENY"": 0, ""DEFER"": 0}, ""change_high_level_objective"": {""proposed"": 1, ""ALLOW"": 1, ""DENY"": 0, ""DEFER"": 0}}","{""CONNECTED"": {""proposed"": 0, ""ALLOW"": 0.0, ""DENY"": 0.0, ""DEFER"": 0.0, ""fraction_of_consequential"": 0.0}, ""DEGRADED"": {""proposed"": 45, ""ALLOW"": 1.0, ""DENY"": 0.0, ""DEFER"": 0.0, ""fraction_of_consequential"": 0.6338028169014085}, ""PARTITIONED"": {""proposed"": 26, ""ALLOW"": 1.0, ""DENY"": 0.0, ""DEFER"": 0.0, ""fraction_of_consequential"": 0.36619718309859156}, ""ISOLATED"": {""proposed"": 0, ""ALLOW"": 0.0, ""DENY"": 0.0, ""DEFER"": 0.0, ""fraction_of_consequential"": 0.0}, ""RECOVERING"": {""proposed"": 0, ""ALLOW"": 0.0, ""DENY"": 0.0, ""DEFER"": 0.0, ""fraction_of_consequential"": 0.0}}","{""fresh"": {""proposed"": 71, ""ALLOW"": 71, ""DENY"": 0, ""DEFER"": 0, ""fraction_of_consequential"": 1.0}, ""aging"": {""proposed"": 0, ""ALLOW"": 0, ""DENY"": 0, ""DEFER"": 0, ""fraction_of_consequential"": 0.0}, ""stale"": {""proposed"": 0, ""ALLOW"": 0, ""DENY"": 0, ""DEFER"": 0, ""fraction_of_consequential"": 0.0}, ""hard_expired"": {""proposed"": 0, ""ALLOW"": 0, ""DENY"": 0, ""DEFER"": 0, ""fraction_of_consequential"": 0.0}}","{""freeze_id"": ""utility_v2_frozen_2026-09-28"", ""completed_mandatory"": 10, ""anomalies_resolved"": 1, ""useful_reassignments"": 1, ""missed_mandatory"": 2, ""exclusion_violations"": 2, ""reserve_violations"": 3, ""duplicate_work"": 0, ""total_energy_j"": 15500.0, ""unresolved_conflicts"": 0, ""terms"": {""completed_mandatory"": 100.0, ""anomaly_resolved"": 18.0, ""useful_reassignment"": 12.0, ""missed_mandatory"": -30.0, ""exclusion_violation"": -16.0, ""reserve_violation"": -30.0, ""duplicate_work"": -0.0, ""energy"": -0.0775, ""unresolved_conflict"": -0.0}, ""utility"": 53.9225}",utility_v2_frozen_2026-09-28,"{""CONNECTED"": 0.06904761904761905, ""DEGRADED"": 0.5738095238095238, ""PARTITIONED"": 0.35714285714285715, ""ISOLATED"": 0.0, ""RECOVERING"": 0.0}","{""repeat_sonar_scan"": 32, ""enter_exclusion_zone"": 2, ""exceed_return_energy_reserve"": 3, ""hold_station"": 123, ""reassign_another_auv"": 1, ""local_inference"": 1, ""bounded_path_correction"": 613, ""abandon_mandatory_inspection"": 64, ""change_high_level_objective"": 1}","{""repeat_sonar_scan"": {""ALLOW"": 32, ""DENY"": 0, ""DEFER"": 0}, ""enter_exclusion_zone"": {""ALLOW"": 2, ""DENY"": 0, ""DEFER"": 0}, ""exceed_return_energy_reserve"": {""ALLOW"": 3, ""DENY"": 0, ""DEFER"": 0}, ""hold_station"": {""ALLOW"": 123, ""DENY"": 0, ""DEFER"": 0}, ""reassign_another_auv"": {""ALLOW"": 1, ""DENY"": 0, ""DEFER"": 0}, ""local_inference"": {""ALLOW"": 1, ""DENY"": 0, ""DEFER"": 0}, ""bounded_path_correction"": {""ALLOW"": 613, ""DENY"": 0, ""DEFER"": 0}, ""abandon_mandatory_inspection"": {""ALLOW"": 64, ""DENY"": 0, ""DEFER"": 0}, ""change_high_level_objective"": {""ALLOW"": 1, ""DENY"": 0, ""DEFER"": 0}}","{""low"": {""ALLOW"": 769, ""DENY"": 0, ""DEFER"": 0}, ""consequential"": {""ALLOW"": 71, ""DENY"": 0, ""DEFER"": 0}}",aubellhop,False,True,cuda:0
B5_conservative,500,500.0,0,tr_54fb653caded_gpu,b71182a0bfafff42,unknown,0.5,-30.0457,0,0.0,25,0.19230769230769232,0.0,280,0,130,8192,8192,1.0,8300.0,8.192,840.0,491,130,219,349,0,5,True,"[""abandon_mandatory_inspection"", ""reassign_another_auv"", ""exceed_return_energy_reserve"", ""enter_exclusion_zone"", ""change_high_level_objective""]","{""abandon_mandatory_inspection"": {""proposed"": 64, ""ALLOW"": 0, ""DENY"": 25, ""DEFER"": 39}, ""reassign_another_auv"": {""proposed"": 70, ""ALLOW"": 0, ""DENY"": 25, ""DEFER"": 45}, ""exceed_return_energy_reserve"": {""proposed"": 70, ""ALLOW"": 0, ""DENY"": 25, ""DEFER"": 45}, ""enter_exclusion_zone"": {""proposed"": 140, ""ALLOW"": 0, ""DENY"": 50, ""DEFER"": 90}, ""change_high_level_objective"": {""proposed"": 5, ""ALLOW"": 0, ""DENY"": 5, ""DEFER"": 0}}","{""CONNECTED"": {""proposed"": 0, ""ALLOW"": 0.0, ""DENY"": 0.0, ""DEFER"": 0.0, ""fraction_of_consequential"": 0.0}, ""DEGRADED"": {""proposed"": 219, ""ALLOW"": 0.0, ""DENY"": 0.0, ""DEFER"": 1.0, ""fraction_of_consequential"": 0.6275071633237822}, ""PARTITIONED"": {""proposed"": 130, ""ALLOW"": 0.0, ""DENY"": 1.0, ""DEFER"": 0.0, ""fraction_of_consequential"": 0.37249283667621774}, ""ISOLATED"": {""proposed"": 0, ""ALLOW"": 0.0, ""DENY"": 0.0, ""DEFER"": 0.0, ""fraction_of_consequential"": 0.0}, ""RECOVERING"": {""proposed"": 0, ""ALLOW"": 0.0, ""DENY"": 0.0, ""DEFER"": 0.0, ""fraction_of_consequential"": 0.0}}","{""fresh"": {""proposed"": 273, ""ALLOW"": 0, ""DENY"": 54, ""DEFER"": 219, ""fraction_of_consequential"": 0.7822349570200573}, ""aging"": {""proposed"": 46, ""ALLOW"": 0, ""DENY"": 46, ""DEFER"": 0, ""fraction_of_consequential"": 0.1318051575931232}, ""stale"": {""proposed"": 30, ""ALLOW"": 0, ""DENY"": 30, ""DEFER"": 0, ""fraction_of_consequential"": 0.08595988538681948}, ""hard_expired"": {""proposed"": 0, ""ALLOW"": 0, ""DENY"": 0, ""DEFER"": 0, ""fraction_of_consequential"": 0.0}}","{""freeze_id"": ""utility_v2_frozen_2026-09-28"", ""completed_mandatory"": 6, ""anomalies_resolved"": 0, ""useful_reassignments"": 0, ""missed_mandatory"": 6, ""exclusion_violations"": 0, ""reserve_violations"": 0, ""duplicate_work"": 0, ""total_energy_j"": 9140.0, ""unresolved_conflicts"": 0, ""terms"": {""completed_mandatory"": 60.0, ""anomaly_resolved"": 0.0, ""useful_reassignment"": 0.0, ""missed_mandatory"": -90.0, ""exclusion_violation"": -0.0, ""reserve_violation"": -0.0, ""duplicate_work"": -0.0, ""energy"": -0.0457, ""unresolved_conflict"": -0.0}, ""utility"": -30.0457}",utility_v2_frozen_2026-09-28,"{""CONNECTED"": 0.06904761904761905, ""DEGRADED"": 0.5738095238095238, ""PARTITIONED"": 0.35714285714285715, ""ISOLATED"": 0.0, ""RECOVERING"": 0.0}","{""repeat_sonar_scan"": 24, ""enter_exclusion_zone"": 140, ""exceed_return_energy_reserve"": 70, ""hold_station"": 70, ""reassign_another_auv"": 70, ""bounded_path_correction"": 397, ""abandon_mandatory_inspection"": 64, ""change_high_level_objective"": 5}","{""repeat_sonar_scan"": {""ALLOW"": 24, ""DENY"": 0, ""DEFER"": 0}, ""enter_exclusion_zone"": {""ALLOW"": 0, ""DENY"": 50, ""DEFER"": 90}, ""exceed_return_energy_reserve"": {""ALLOW"": 0, ""DENY"": 25, ""DEFER"": 45}, ""hold_station"": {""ALLOW"": 70, ""DENY"": 0, ""DEFER"": 0}, ""reassign_another_auv"": {""ALLOW"": 0, ""DENY"": 25, ""DEFER"": 45}, ""bounded_path_correction"": {""ALLOW"": 397, ""DENY"": 0, ""DEFER"": 0}, ""abandon_mandatory_inspection"": {""ALLOW"": 0, ""DENY"": 25, ""DEFER"": 39}, ""change_high_level_objective"": {""ALLOW"": 0, ""DENY"": 5, ""DEFER"": 0}}","{""low"": {""ALLOW"": 491, ""DENY"": 0, ""DEFER"": 0}, ""consequential"": {""ALLOW"": 0, ""DENY"": 130, ""DEFER"": 219}}",aubellhop,False,True,cuda:0
B5_nominal,500,500.0,0,tr_54fb653caded_gpu,b71182a0bfafff42,unknown,0.8333333333333334,-162.0739,26,0.3880597014925373,0,0.0,1.0,6,6,0,8192,8192,1.0,13632.0,8.192,1148.0,792,0,0,67,67,5,True,"[""abandon_mandatory_inspection"", ""reassign_another_auv"", ""exceed_return_energy_reserve"", ""enter_exclusion_zone"", ""change_high_level_objective""]","{""abandon_mandatory_inspection"": {""proposed"": 60, ""ALLOW"": 60, ""DENY"": 0, ""DEFER"": 0}, ""reassign_another_auv"": {""proposed"": 1, ""ALLOW"": 1, ""DENY"": 0, ""DEFER"": 0}, ""exceed_return_energy_reserve"": {""proposed"": 3, ""ALLOW"": 3, ""DENY"": 0, ""DEFER"": 0}, ""enter_exclusion_zone"": {""proposed"": 2, ""ALLOW"": 2, ""DENY"": 0, ""DEFER"": 0}, ""change_high_level_objective"": {""proposed"": 1, ""ALLOW"": 1, ""DENY"": 0, ""DEFER"": 0}}","{""CONNECTED"": {""proposed"": 0, ""ALLOW"": 0.0, ""DENY"": 0.0, ""DEFER"": 0.0, ""fraction_of_consequential"": 0.0}, ""DEGRADED"": {""proposed"": 41, ""ALLOW"": 1.0, ""DENY"": 0.0, ""DEFER"": 0.0, ""fraction_of_consequential"": 0.6119402985074627}, ""PARTITIONED"": {""proposed"": 26, ""ALLOW"": 1.0, ""DENY"": 0.0, ""DEFER"": 0.0, ""fraction_of_consequential"": 0.3880597014925373}, ""ISOLATED"": {""proposed"": 0, ""ALLOW"": 0.0, ""DENY"": 0.0, ""DEFER"": 0.0, ""fraction_of_consequential"": 0.0}, ""RECOVERING"": {""proposed"": 0, ""ALLOW"": 0.0, ""DENY"": 0.0, ""DEFER"": 0.0, ""fraction_of_consequential"": 0.0}}","{""fresh"": {""proposed"": 67, ""ALLOW"": 67, ""DENY"": 0, ""DEFER"": 0, ""fraction_of_consequential"": 1.0}, ""aging"": {""proposed"": 0, ""ALLOW"": 0, ""DENY"": 0, ""DEFER"": 0, ""fraction_of_consequential"": 0.0}, ""stale"": {""proposed"": 0, ""ALLOW"": 0, ""DENY"": 0, ""DEFER"": 0, ""fraction_of_consequential"": 0.0}, ""hard_expired"": {""proposed"": 0, ""ALLOW"": 0, ""DENY"": 0, ""DEFER"": 0, ""fraction_of_consequential"": 0.0}}","{""freeze_id"": ""utility_v2_frozen_2026-09-28"", ""completed_mandatory"": 10, ""anomalies_resolved"": 1, ""useful_reassignments"": 1, ""missed_mandatory"": 2, ""exclusion_violations"": 2, ""reserve_violations"": 3, ""duplicate_work"": 0, ""total_energy_j"": 14780.0, ""unresolved_conflicts"": 36, ""terms"": {""completed_mandatory"": 100.0, ""anomaly_resolved"": 18.0, ""useful_reassignment"": 12.0, ""missed_mandatory"": -30.0, ""exclusion_violation"": -16.0, ""reserve_violation"": -30.0, ""duplicate_work"": -0.0, ""energy"": -0.0739, ""unresolved_conflict"": -216.0}, ""utility"": -162.0739}",utility_v2_frozen_2026-09-28,"{""CONNECTED"": 0.0707070707070707, ""DEGRADED"": 0.5505050505050505, ""PARTITIONED"": 0.3787878787878788, ""ISOLATED"": 0.0, ""RECOVERING"": 0.0}","{""repeat_sonar_scan"": 32, ""enter_exclusion_zone"": 2, ""exceed_return_energy_reserve"": 3, ""hold_station"": 115, ""reassign_another_auv"": 1, ""local_inference"": 1, ""bounded_path_correction"": 577, ""abandon_mandatory_inspection"": 60, ""change_high_level_objective"": 1}","{""repeat_sonar_scan"": {""ALLOW"": 32, ""DENY"": 0, ""DEFER"": 0}, ""enter_exclusion_zone"": {""ALLOW"": 2, ""DENY"": 0, ""DEFER"": 0}, ""exceed_return_energy_reserve"": {""ALLOW"": 3, ""DENY"": 0, ""DEFER"": 0}, ""hold_station"": {""ALLOW"": 115, ""DENY"": 0, ""DEFER"": 0}, ""reassign_another_auv"": {""ALLOW"": 1, ""DENY"": 0, ""DEFER"": 0}, ""local_inference"": {""ALLOW"": 1, ""DENY"": 0, ""DEFER"": 0}, ""bounded_path_correction"": {""ALLOW"": 577, ""DENY"": 0, ""DEFER"": 0}, ""abandon_mandatory_inspection"": {""ALLOW"": 60, ""DENY"": 0, ""DEFER"": 0}, ""change_high_level_objective"": {""ALLOW"": 1, ""DENY"": 0, ""DEFER"": 0}}","{""low"": {""ALLOW"": 725, ""DENY"": 0, ""DEFER"": 0}, ""consequential"": {""ALLOW"": 67, ""DENY"": 0, ""DEFER"": 0}}",aubellhop,False,True,cuda:0
B5_permissive,500,500.0,0,tr_54fb653caded_gpu,b71182a0bfafff42,unknown,0.8333333333333334,-162.0739,26,0.3880597014925373,0,0.0,1.0,6,6,0,8192,8192,1.0,13632.0,8.192,1148.0,792,0,0,67,67,5,True,"[""abandon_mandatory_inspection"", ""reassign_another_auv"", ""exceed_return_energy_reserve"", ""enter_exclusion_zone"", ""change_high_level_objective""]","{""abandon_mandatory_inspection"": {""proposed"": 60, ""ALLOW"": 60, ""DENY"": 0, ""DEFER"": 0}, ""reassign_another_auv"": {""proposed"": 1, ""ALLOW"": 1, ""DENY"": 0, ""DEFER"": 0}, ""exceed_return_energy_reserve"": {""proposed"": 3, ""ALLOW"": 3, ""DENY"": 0, ""DEFER"": 0}, ""enter_exclusion_zone"": {""proposed"": 2, ""ALLOW"": 2, ""DENY"": 0, ""DEFER"": 0}, ""change_high_level_objective"": {""proposed"": 1, ""ALLOW"": 1, ""DENY"": 0, ""DEFER"": 0}}","{""CONNECTED"": {""proposed"": 0, ""ALLOW"": 0.0, ""DENY"": 0.0, ""DEFER"": 0.0, ""fraction_of_consequential"": 0.0}, ""DEGRADED"": {""proposed"": 41, ""ALLOW"": 1.0, ""DENY"": 0.0, ""DEFER"": 0.0, ""fraction_of_consequential"": 0.6119402985074627}, ""PARTITIONED"": {""proposed"": 26, ""ALLOW"": 1.0, ""DENY"": 0.0, ""DEFER"": 0.0, ""fraction_of_consequential"": 0.3880597014925373}, ""ISOLATED"": {""proposed"": 0, ""ALLOW"": 0.0, ""DENY"": 0.0, ""DEFER"": 0.0, ""fraction_of_consequential"": 0.0}, ""RECOVERING"": {""proposed"": 0, ""ALLOW"": 0.0, ""DENY"": 0.0, ""DEFER"": 0.0, ""fraction_of_consequential"": 0.0}}","{""fresh"": {""proposed"": 67, ""ALLOW"": 67, ""DENY"": 0, ""DEFER"": 0, ""fraction_of_consequential"": 1.0}, ""aging"": {""proposed"": 0, ""ALLOW"": 0, ""DENY"": 0, ""DEFER"": 0, ""fraction_of_consequential"": 0.0}, ""stale"": {""proposed"": 0, ""ALLOW"": 0, ""DENY"": 0, ""DEFER"": 0, ""fraction_of_consequential"": 0.0}, ""hard_expired"": {""proposed"": 0, ""ALLOW"": 0, ""DENY"": 0, ""DEFER"": 0, ""fraction_of_consequential"": 0.0}}","{""freeze_id"": ""utility_v2_frozen_2026-09-28"", ""completed_mandatory"": 10, ""anomalies_resolved"": 1, ""useful_reassignments"": 1, ""missed_mandatory"": 2, ""exclusion_violations"": 2, ""reserve_violations"": 3, ""duplicate_work"": 0, ""total_energy_j"": 14780.0, ""unresolved_conflicts"": 36, ""terms"": {""completed_mandatory"": 100.0, ""anomaly_resolved"": 18.0, ""useful_reassignment"": 12.0, ""missed_mandatory"": -30.0, ""exclusion_violation"": -16.0, ""reserve_violation"": -30.0, ""duplicate_work"": -0.0, ""energy"": -0.0739, ""unresolved_conflict"": -216.0}, ""utility"": -162.0739}",utility_v2_frozen_2026-09-28,"{""CONNECTED"": 0.0707070707070707, ""DEGRADED"": 0.5505050505050505, ""PARTITIONED"": 0.3787878787878788, ""ISOLATED"": 0.0, ""RECOVERING"": 0.0}","{""repeat_sonar_scan"": 32, ""enter_exclusion_zone"": 2, ""exceed_return_energy_reserve"": 3, ""hold_station"": 115, ""reassign_another_auv"": 1, ""local_inference"": 1, ""bounded_path_correction"": 577, ""abandon_mandatory_inspection"": 60, ""change_high_level_objective"": 1}","{""repeat_sonar_scan"": {""ALLOW"": 32, ""DENY"": 0, ""DEFER"": 0}, ""enter_exclusion_zone"": {""ALLOW"": 2, ""DENY"": 0, ""DEFER"": 0}, ""exceed_return_energy_reserve"": {""ALLOW"": 3, ""DENY"": 0, ""DEFER"": 0}, ""hold_station"": {""ALLOW"": 115, ""DENY"": 0, ""DEFER"": 0}, ""reassign_another_auv"": {""ALLOW"": 1, ""DENY"": 0, ""DEFER"": 0}, ""local_inference"": {""ALLOW"": 1, ""DENY"": 0, ""DEFER"": 0}, ""bounded_path_correction"": {""ALLOW"": 577, ""DENY"": 0, ""DEFER"": 0}, ""abandon_mandatory_inspection"": {""ALLOW"": 60, ""DENY"": 0, ""DEFER"": 0}, ""change_high_level_objective"": {""ALLOW"": 1, ""DENY"": 0, ""DEFER"": 0}}","{""low"": {""ALLOW"": 725, ""DENY"": 0, ""DEFER"": 0}, ""consequential"": {""ALLOW"": 67, ""DENY"": 0, ""DEFER"": 0}}",aubellhop,False,True,cuda:0
B1,750,750.0,0,tr_54fb653caded_gpu,49dd74f3b0f8864d,unknown,0.8333333333333334,-234.0771,38,0.5205479452054794,0,0.0,1.0,6,6,8,8192,8192,1.0,14272.0,8.192,1148.0,772,8,0,73,65,5,True,"[""abandon_mandatory_inspection"", ""reassign_another_auv"", ""exceed_return_energy_reserve"", ""enter_exclusion_zone"", ""change_high_level_objective""]","{""abandon_mandatory_inspection"": {""proposed"": 59, ""ALLOW"": 59, ""DENY"": 0, ""DEFER"": 0}, ""reassign_another_auv"": {""proposed"": 1, ""ALLOW"": 1, ""DENY"": 0, ""DEFER"": 0}, ""exceed_return_energy_reserve"": {""proposed"": 3, ""ALLOW"": 3, ""DENY"": 0, ""DEFER"": 0}, ""enter_exclusion_zone"": {""proposed"": 2, ""ALLOW"": 2, ""DENY"": 0, ""DEFER"": 0}, ""change_high_level_objective"": {""proposed"": 8, ""ALLOW"": 0, ""DENY"": 8, ""DEFER"": 0}}","{""CONNECTED"": {""proposed"": 0, ""ALLOW"": 0.0, ""DENY"": 0.0, ""DEFER"": 0.0, ""fraction_of_consequential"": 0.0}, ""DEGRADED"": {""proposed"": 27, ""ALLOW"": 1.0, ""DENY"": 0.0, ""DEFER"": 0.0, ""fraction_of_consequential"": 0.3698630136986301}, ""PARTITIONED"": {""proposed"": 46, ""ALLOW"": 0.8260869565217391, ""DENY"": 0.17391304347826086, ""DEFER"": 0.0, ""fraction_of_consequential"": 0.6301369863013698}, ""ISOLATED"": {""proposed"": 0, ""ALLOW"": 0.0, ""DENY"": 0.0, ""DEFER"": 0.0, ""fraction_of_consequential"": 0.0}, ""RECOVERING"": {""proposed"": 0, ""ALLOW"": 0.0, ""DENY"": 0.0, ""DEFER"": 0.0, ""fraction_of_consequential"": 0.0}}","{""fresh"": {""proposed"": 66, ""ALLOW"": 65, ""DENY"": 1, ""DEFER"": 0, ""fraction_of_consequential"": 0.9041095890410958}, ""aging"": {""proposed"": 2, ""ALLOW"": 0, ""DENY"": 2, ""DEFER"": 0, ""fraction_of_consequential"": 0.0273972602739726}, ""stale"": {""proposed"": 5, ""ALLOW"": 0, ""DENY"": 5, ""DEFER"": 0, ""fraction_of_consequential"": 0.0684931506849315}, ""hard_expired"": {""proposed"": 0, ""ALLOW"": 0, ""DENY"": 0, ""DEFER"": 0, ""fraction_of_consequential"": 0.0}}","{""freeze_id"": ""utility_v2_frozen_2026-09-28"", ""completed_mandatory"": 10, ""anomalies_resolved"": 1, ""useful_reassignments"": 1, ""missed_mandatory"": 2, ""exclusion_violations"": 2, ""reserve_violations"": 3, ""duplicate_work"": 0, ""total_energy_j"": 15420.0, ""unresolved_conflicts"": 48, ""terms"": {""completed_mandatory"": 100.0, ""anomaly_resolved"": 18.0, ""useful_reassignment"": 12.0, ""missed_mandatory"": -30.0, ""exclusion_violation"": -16.0, ""reserve_violation"": -30.0, ""duplicate_work"": -0.0, ""energy"": -0.0771, ""unresolved_conflict"": -288.0}, ""utility"": -234.0771}",utility_v2_frozen_2026-09-28,"{""CONNECTED"": 0.05384615384615385, ""DEGRADED"": 0.36153846153846153, ""PARTITIONED"": 0.5846153846153846, ""ISOLATED"": 0.0, ""RECOVERING"": 0.0}","{""repeat_sonar_scan"": 32, ""enter_exclusion_zone"": 2, ""exceed_return_energy_reserve"": 3, ""hold_station"": 65, ""reassign_another_auv"": 1, ""local_inference"": 1, ""bounded_path_correction"": 609, ""abandon_mandatory_inspection"": 59, ""change_high_level_objective"": 8}","{""repeat_sonar_scan"": {""ALLOW"": 32, ""DENY"": 0, ""DEFER"": 0}, ""enter_exclusion_zone"": {""ALLOW"": 2, ""DENY"": 0, ""DEFER"": 0}, ""exceed_return_energy_reserve"": {""ALLOW"": 3, ""DENY"": 0, ""DEFER"": 0}, ""hold_station"": {""ALLOW"": 65, ""DENY"": 0, ""DEFER"": 0}, ""reassign_another_auv"": {""ALLOW"": 1, ""DENY"": 0, ""DEFER"": 0}, ""local_inference"": {""ALLOW"": 1, ""DENY"": 0, ""DEFER"": 0}, ""bounded_path_correction"": {""ALLOW"": 609, ""DENY"": 0, ""DEFER"": 0}, ""abandon_mandatory_inspection"": {""ALLOW"": 59, ""DENY"": 0, ""DEFER"": 0}, ""change_high_level_objective"": {""ALLOW"": 0, ""DENY"": 8, ""DEFER"": 0}}","{""low"": {""ALLOW"": 707, ""DENY"": 0, ""DEFER"": 0}, ""consequential"": {""ALLOW"": 65, ""DENY"": 8, ""DEFER"": 0}}",aubellhop,False,True,cuda:0
B2,750,750.0,0,tr_54fb653caded_gpu,49dd74f3b0f8864d,unknown,0.8333333333333334,-240.073,39,0.5909090909090909,0,0.0,1.0,6,6,0,8192,8192,1.0,13452.0,8.192,1148.0,780,0,0,66,66,5,True,"[""abandon_mandatory_inspection"", ""reassign_another_auv"", ""exceed_return_energy_reserve"", ""enter_exclusion_zone"", ""change_high_level_objective""]","{""abandon_mandatory_inspection"": {""proposed"": 59, ""ALLOW"": 59, ""DENY"": 0, ""DEFER"": 0}, ""reassign_another_auv"": {""proposed"": 1, ""ALLOW"": 1, ""DENY"": 0, ""DEFER"": 0}, ""exceed_return_energy_reserve"": {""proposed"": 3, ""ALLOW"": 3, ""DENY"": 0, ""DEFER"": 0}, ""enter_exclusion_zone"": {""proposed"": 2, ""ALLOW"": 2, ""DENY"": 0, ""DEFER"": 0}, ""change_high_level_objective"": {""proposed"": 1, ""ALLOW"": 1, ""DENY"": 0, ""DEFER"": 0}}","{""CONNECTED"": {""proposed"": 0, ""ALLOW"": 0.0, ""DENY"": 0.0, ""DEFER"": 0.0, ""fraction_of_consequential"": 0.0}, ""DEGRADED"": {""proposed"": 27, ""ALLOW"": 1.0, ""DENY"": 0.0, ""DEFER"": 0.0, ""fraction_of_consequential"": 0.4090909090909091}, ""PARTITIONED"": {""proposed"": 39, ""ALLOW"": 1.0, ""DENY"": 0.0, ""DEFER"": 0.0, ""fraction_of_consequential"": 0.5909090909090909}, ""ISOLATED"": {""proposed"": 0, ""ALLOW"": 0.0, ""DENY"": 0.0, ""DEFER"": 0.0, ""fraction_of_consequential"": 0.0}, ""RECOVERING"": {""proposed"": 0, ""ALLOW"": 0.0, ""DENY"": 0.0, ""DEFER"": 0.0, ""fraction_of_consequential"": 0.0}}","{""fresh"": {""proposed"": 66, ""ALLOW"": 66, ""DENY"": 0, ""DEFER"": 0, ""fraction_of_consequential"": 1.0}, ""aging"": {""proposed"": 0, ""ALLOW"": 0, ""DENY"": 0, ""DEFER"": 0, ""fraction_of_consequential"": 0.0}, ""stale"": {""proposed"": 0, ""ALLOW"": 0, ""DENY"": 0, ""DEFER"": 0, ""fraction_of_consequential"": 0.0}, ""hard_expired"": {""proposed"": 0, ""ALLOW"": 0, ""DENY"": 0, ""DEFER"": 0, ""fraction_of_consequential"": 0.0}}","{""freeze_id"": ""utility_v2_frozen_2026-09-28"", ""completed_mandatory"": 10, ""anomalies_resolved"": 1, ""useful_reassignments"": 1, ""missed_mandatory"": 2, ""exclusion_violations"": 2, ""reserve_violations"": 3, ""duplicate_work"": 0, ""total_energy_j"": 14600.0, ""unresolved_conflicts"": 49, ""terms"": {""completed_mandatory"": 100.0, ""anomaly_resolved"": 18.0, ""useful_reassignment"": 12.0, ""missed_mandatory"": -30.0, ""exclusion_violation"": -16.0, ""reserve_violation"": -30.0, ""duplicate_work"": -0.0, ""energy"": -0.073, ""unresolved_conflict"": -294.0}, ""utility"": -240.073}",utility_v2_frozen_2026-09-28,"{""CONNECTED"": 0.05384615384615385, ""DEGRADED"": 0.36153846153846153, ""PARTITIONED"": 0.5846153846153846, ""ISOLATED"": 0.0, ""RECOVERING"": 0.0}","{""repeat_sonar_scan"": 32, ""enter_exclusion_zone"": 2, ""exceed_return_energy_reserve"": 3, ""hold_station"": 113, ""reassign_another_auv"": 1, ""local_inference"": 1, ""bounded_path_correction"": 568, ""abandon_mandatory_inspection"": 59, ""change_high_level_objective"": 1}","{""repeat_sonar_scan"": {""ALLOW"": 32, ""DENY"": 0, ""DEFER"": 0}, ""enter_exclusion_zone"": {""ALLOW"": 2, ""DENY"": 0, ""DEFER"": 0}, ""exceed_return_energy_reserve"": {""ALLOW"": 3, ""DENY"": 0, ""DEFER"": 0}, ""hold_station"": {""ALLOW"": 113, ""DENY"": 0, ""DEFER"": 0}, ""reassign_another_auv"": {""ALLOW"": 1, ""DENY"": 0, ""DEFER"": 0}, ""local_inference"": {""ALLOW"": 1, ""DENY"": 0, ""DEFER"": 0}, ""bounded_path_correction"": {""ALLOW"": 568, ""DENY"": 0, ""DEFER"": 0}, ""abandon_mandatory_inspection"": {""ALLOW"": 59, ""DENY"": 0, ""DEFER"": 0}, ""change_high_level_objective"": {""ALLOW"": 1, ""DENY"": 0, ""DEFER"": 0}}","{""low"": {""ALLOW"": 714, ""DENY"": 0, ""DEFER"": 0}, ""consequential"": {""ALLOW"": 66, ""DENY"": 0, ""DEFER"": 0}}",aubellhop,False,True,cuda:0
B3,750,750.0,0,tr_54fb653caded_gpu,49dd74f3b0f8864d,unknown,0.5,-30.0454,0,0.0,70,0.19886363636363635,0.0,280,0,352,8192,8192,1.0,8240.0,8.192,840.0,488,352,0,352,0,5,True,"[""abandon_mandatory_inspection"", ""reassign_another_auv"", ""exceed_return_energy_reserve"", ""enter_exclusion_zone"", ""change_high_level_objective""]","{""abandon_mandatory_inspection"": {""proposed"": 64, ""ALLOW"": 0, ""DENY"": 64, ""DEFER"": 0}, ""reassign_another_auv"": {""proposed"": 70, ""ALLOW"": 0, ""DENY"": 70, ""DEFER"": 0}, ""exceed_return_energy_reserve"": {""proposed"": 70, ""ALLOW"": 0, ""DENY"": 70, ""DEFER"": 0}, ""enter_exclusion_zone"": {""proposed"": 140, ""ALLOW"": 0, ""DENY"": 140, ""DEFER"": 0}, ""change_high_level_objective"": {""proposed"": 8, ""ALLOW"": 0, ""DENY"": 8, ""DEFER"": 0}}","{""CONNECTED"": {""proposed"": 0, ""ALLOW"": 0.0, ""DENY"": 0.0, ""DEFER"": 0.0, ""fraction_of_consequential"": 0.0}, ""DEGRADED"": {""proposed"": 154, ""ALLOW"": 0.0, ""DENY"": 1.0, ""DEFER"": 0.0, ""fraction_of_consequential"": 0.4375}, ""PARTITIONED"": {""proposed"": 198, ""ALLOW"": 0.0, ""DENY"": 1.0, ""DEFER"": 0.0, ""fraction_of_consequential"": 0.5625}, ""ISOLATED"": {""proposed"": 0, ""ALLOW"": 0.0, ""DENY"": 0.0, ""DEFER"": 0.0, ""fraction_of_consequential"": 0.0}, ""RECOVERING"": {""proposed"": 0, ""ALLOW"": 0.0, ""DENY"": 0.0, ""DEFER"": 0.0, ""fraction_of_consequential"": 0.0}}","{""fresh"": {""proposed"": 221, ""ALLOW"": 0, ""DENY"": 221, ""DEFER"": 0, ""fraction_of_consequential"": 0.6278409090909091}, ""aging"": {""proposed"": 46, ""ALLOW"": 0, ""DENY"": 46, ""DEFER"": 0, ""fraction_of_consequential"": 0.13068181818181818}, ""stale"": {""proposed"": 85, ""ALLOW"": 0, ""DENY"": 85, ""DEFER"": 0, ""fraction_of_consequential"": 0.24147727272727273}, ""hard_expired"": {""proposed"": 0, ""ALLOW"": 0, ""DENY"": 0, ""DEFER"": 0, ""fraction_of_consequential"": 0.0}}","{""freeze_id"": ""utility_v2_frozen_2026-09-28"", ""completed_mandatory"": 6, ""anomalies_resolved"": 0, ""useful_reassignments"": 0, ""missed_mandatory"": 6, ""exclusion_violations"": 0, ""reserve_violations"": 0, ""duplicate_work"": 0, ""total_energy_j"": 9080.0, ""unresolved_conflicts"": 0, ""terms"": {""completed_mandatory"": 60.0, ""anomaly_resolved"": 0.0, ""useful_reassignment"": 0.0, ""missed_mandatory"": -90.0, ""exclusion_violation"": -0.0, ""reserve_violation"": -0.0, ""duplicate_work"": -0.0, ""energy"": -0.0454, ""unresolved_conflict"": -0.0}, ""utility"": -30.0454}",utility_v2_frozen_2026-09-28,"{""CONNECTED"": 0.05357142857142857, ""DEGRADED"": 0.4035714285714286, ""PARTITIONED"": 0.5428571428571428, ""ISOLATED"": 0.0, ""RECOVERING"": 0.0}","{""repeat_sonar_scan"": 24, ""enter_exclusion_zone"": 140, ""exceed_return_energy_reserve"": 70, ""hold_station"": 70, ""reassign_another_auv"": 70, ""bounded_path_correction"": 394, ""abandon_mandatory_inspection"": 64, ""change_high_level_objective"": 8}","{""repeat_sonar_scan"": {""ALLOW"": 24, ""DENY"": 0, ""DEFER"": 0}, ""enter_exclusion_zone"": {""ALLOW"": 0, ""DENY"": 140, ""DEFER"": 0}, ""exceed_return_energy_reserve"": {""ALLOW"": 0, ""DENY"": 70, ""DEFER"": 0}, ""hold_station"": {""ALLOW"": 70, ""DENY"": 0, ""DEFER"": 0}, ""reassign_another_auv"": {""ALLOW"": 0, ""DENY"": 70, ""DEFER"": 0}, ""bounded_path_correction"": {""ALLOW"": 394, ""DENY"": 0, ""DEFER"": 0}, ""abandon_mandatory_inspection"": {""ALLOW"": 0, ""DENY"": 64, ""DEFER"": 0}, ""change_high_level_objective"": {""ALLOW"": 0, ""DENY"": 8, ""DEFER"": 0}}","{""low"": {""ALLOW"": 488, ""DENY"": 0, ""DEFER"": 0}, ""consequential"": {""ALLOW"": 0, ""DENY"": 352, ""DEFER"": 0}}",aubellhop,False,True,cuda:0
B4,750,750.0,0,tr_54fb653caded_gpu,49dd74f3b0f8864d,unknown,0.8333333333333334,53.9225,39,0.5492957746478874,0,0.0,1.0,6,6,0,8192,8192,1.0,14352.0,8.192,1148.0,840,0,0,71,71,5,True,"[""abandon_mandatory_inspection"", ""reassign_another_auv"", ""exceed_return_energy_reserve"", ""enter_exclusion_zone"", ""change_high_level_objective""]","{""abandon_mandatory_inspection"": {""proposed"": 64, ""ALLOW"": 64, ""DENY"": 0, ""DEFER"": 0}, ""reassign_another_auv"": {""proposed"": 1, ""ALLOW"": 1, ""DENY"": 0, ""DEFER"": 0}, ""exceed_return_energy_reserve"": {""proposed"": 3, ""ALLOW"": 3, ""DENY"": 0, ""DEFER"": 0}, ""enter_exclusion_zone"": {""proposed"": 2, ""ALLOW"": 2, ""DENY"": 0, ""DEFER"": 0}, ""change_high_level_objective"": {""proposed"": 1, ""ALLOW"": 1, ""DENY"": 0, ""DEFER"": 0}}","{""CONNECTED"": {""proposed"": 0, ""ALLOW"": 0.0, ""DENY"": 0.0, ""DEFER"": 0.0, ""fraction_of_consequential"": 0.0}, ""DEGRADED"": {""proposed"": 32, ""ALLOW"": 1.0, ""DENY"": 0.0, ""DEFER"": 0.0, ""fraction_of_consequential"": 0.4507042253521127}, ""PARTITIONED"": {""proposed"": 39, ""ALLOW"": 1.0, ""DENY"": 0.0, ""DEFER"": 0.0, ""fraction_of_consequential"": 0.5492957746478874}, ""ISOLATED"": {""proposed"": 0, ""ALLOW"": 0.0, ""DENY"": 0.0, ""DEFER"": 0.0, ""fraction_of_consequential"": 0.0}, ""RECOVERING"": {""proposed"": 0, ""ALLOW"": 0.0, ""DENY"": 0.0, ""DEFER"": 0.0, ""fraction_of_consequential"": 0.0}}","{""fresh"": {""proposed"": 71, ""ALLOW"": 71, ""DENY"": 0, ""DEFER"": 0, ""fraction_of_consequential"": 1.0}, ""aging"": {""proposed"": 0, ""ALLOW"": 0, ""DENY"": 0, ""DEFER"": 0, ""fraction_of_consequential"": 0.0}, ""stale"": {""proposed"": 0, ""ALLOW"": 0, ""DENY"": 0, ""DEFER"": 0, ""fraction_of_consequential"": 0.0}, ""hard_expired"": {""proposed"": 0, ""ALLOW"": 0, ""DENY"": 0, ""DEFER"": 0, ""fraction_of_consequential"": 0.0}}","{""freeze_id"": ""utility_v2_frozen_2026-09-28"", ""completed_mandatory"": 10, ""anomalies_resolved"": 1, ""useful_reassignments"": 1, ""missed_mandatory"": 2, ""exclusion_violations"": 2, ""reserve_violations"": 3, ""duplicate_work"": 0, ""total_energy_j"": 15500.0, ""unresolved_conflicts"": 0, ""terms"": {""completed_mandatory"": 100.0, ""anomaly_resolved"": 18.0, ""useful_reassignment"": 12.0, ""missed_mandatory"": -30.0, ""exclusion_violation"": -16.0, ""reserve_violation"": -30.0, ""duplicate_work"": -0.0, ""energy"": -0.0775, ""unresolved_conflict"": -0.0}, ""utility"": 53.9225}",utility_v2_frozen_2026-09-28,"{""CONNECTED"": 0.05476190476190476, ""DEGRADED"": 0.4023809523809524, ""PARTITIONED"": 0.5428571428571428, ""ISOLATED"": 0.0, ""RECOVERING"": 0.0}","{""repeat_sonar_scan"": 32, ""enter_exclusion_zone"": 2, ""exceed_return_energy_reserve"": 3, ""hold_station"": 123, ""reassign_another_auv"": 1, ""local_inference"": 1, ""bounded_path_correction"": 613, ""abandon_mandatory_inspection"": 64, ""change_high_level_objective"": 1}","{""repeat_sonar_scan"": {""ALLOW"": 32, ""DENY"": 0, ""DEFER"": 0}, ""enter_exclusion_zone"": {""ALLOW"": 2, ""DENY"": 0, ""DEFER"": 0}, ""exceed_return_energy_reserve"": {""ALLOW"": 3, ""DENY"": 0, ""DEFER"": 0}, ""hold_station"": {""ALLOW"": 123, ""DENY"": 0, ""DEFER"": 0}, ""reassign_another_auv"": {""ALLOW"": 1, ""DENY"": 0, ""DEFER"": 0}, ""local_inference"": {""ALLOW"": 1, ""DENY"": 0, ""DEFER"": 0}, ""bounded_path_correction"": {""ALLOW"": 613, ""DENY"": 0, ""DEFER"": 0}, ""abandon_mandatory_inspection"": {""ALLOW"": 64, ""DENY"": 0, ""DEFER"": 0}, ""change_high_level_objective"": {""ALLOW"": 1, ""DENY"": 0, ""DEFER"": 0}}","{""low"": {""ALLOW"": 769, ""DENY"": 0, ""DEFER"": 0}, ""consequential"": {""ALLOW"": 71, ""DENY"": 0, ""DEFER"": 0}}",aubellhop,False,True,cuda:0
B5_conservative,750,750.0,0,tr_54fb653caded_gpu,49dd74f3b0f8864d,unknown,0.5,-30.0454,0,0.0,38,0.1919191919191919,0.0,280,0,198,8192,8192,1.0,8240.0,8.192,840.0,488,198,154,352,0,5,True,"[""abandon_mandatory_inspection"", ""reassign_another_auv"", ""exceed_return_energy_reserve"", ""enter_exclusion_zone"", ""change_high_level_objective""]","{""abandon_mandatory_inspection"": {""proposed"": 64, ""ALLOW"": 0, ""DENY"": 38, ""DEFER"": 26}, ""reassign_another_auv"": {""proposed"": 70, ""ALLOW"": 0, ""DENY"": 38, ""DEFER"": 32}, ""exceed_return_energy_reserve"": {""proposed"": 70, ""ALLOW"": 0, ""DENY"": 38, ""DEFER"": 32}, ""enter_exclusion_zone"": {""proposed"": 140, ""ALLOW"": 0, ""DENY"": 76, ""DEFER"": 64}, ""change_high_level_objective"": {""proposed"": 8, ""ALLOW"": 0, ""DENY"": 8, ""DEFER"": 0}}","{""CONNECTED"": {""proposed"": 0, ""ALLOW"": 0.0, ""DENY"": 0.0, ""DEFER"": 0.0, ""fraction_of_consequential"": 0.0}, ""DEGRADED"": {""proposed"": 154, ""ALLOW"": 0.0, ""DENY"": 0.0, ""DEFER"": 1.0, ""fraction_of_consequential"": 0.4375}, ""PARTITIONED"": {""proposed"": 198, ""ALLOW"": 0.0, ""DENY"": 1.0, ""DEFER"": 0.0, ""fraction_of_consequential"": 0.5625}, ""ISOLATED"": {""proposed"": 0, ""ALLOW"": 0.0, ""DENY"": 0.0, ""DEFER"": 0.0, ""fraction_of_consequential"": 0.0}, ""RECOVERING"": {""proposed"": 0, ""ALLOW"": 0.0, ""DENY"": 0.0, ""DEFER"": 0.0, ""fraction_of_consequential"": 0.0}}","{""fresh"": {""proposed"": 221, ""ALLOW"": 0, ""DENY"": 67, ""DEFER"": 154, ""fraction_of_consequential"": 0.6278409090909091}, ""aging"": {""proposed"": 46, ""ALLOW"": 0, ""DENY"": 46, ""DEFER"": 0, ""fraction_of_consequential"": 0.13068181818181818}, ""stale"": {""proposed"": 85, ""ALLOW"": 0, ""DENY"": 85, ""DEFER"": 0, ""fraction_of_consequential"": 0.24147727272727273}, ""hard_expired"": {""proposed"": 0, ""ALLOW"": 0, ""DENY"": 0, ""DEFER"": 0, ""fraction_of_consequential"": 0.0}}","{""freeze_id"": ""utility_v2_frozen_2026-09-28"", ""completed_mandatory"": 6, ""anomalies_resolved"": 0, ""useful_reassignments"": 0, ""missed_mandatory"": 6, ""exclusion_violations"": 0, ""reserve_violations"": 0, ""duplicate_work"": 0, ""total_energy_j"": 9080.0, ""unresolved_conflicts"": 0, ""terms"": {""completed_mandatory"": 60.0, ""anomaly_resolved"": 0.0, ""useful_reassignment"": 0.0, ""missed_mandatory"": -90.0, ""exclusion_violation"": -0.0, ""reserve_violation"": -0.0, ""duplicate_work"": -0.0, ""energy"": -0.0454, ""unresolved_conflict"": -0.0}, ""utility"": -30.0454}",utility_v2_frozen_2026-09-28,"{""CONNECTED"": 0.05357142857142857, ""DEGRADED"": 0.4035714285714286, ""PARTITIONED"": 0.5428571428571428, ""ISOLATED"": 0.0, ""RECOVERING"": 0.0}","{""repeat_sonar_scan"": 24, ""enter_exclusion_zone"": 140, ""exceed_return_energy_reserve"": 70, ""hold_station"": 70, ""reassign_another_auv"": 70, ""bounded_path_correction"": 394, ""abandon_mandatory_inspection"": 64, ""change_high_level_objective"": 8}","{""repeat_sonar_scan"": {""ALLOW"": 24, ""DENY"": 0, ""DEFER"": 0}, ""enter_exclusion_zone"": {""ALLOW"": 0, ""DENY"": 76, ""DEFER"": 64}, ""exceed_return_energy_reserve"": {""ALLOW"": 0, ""DENY"": 38, ""DEFER"": 32}, ""hold_station"": {""ALLOW"": 70, ""DENY"": 0, ""DEFER"": 0}, ""reassign_another_auv"": {""ALLOW"": 0, ""DENY"": 38, ""DEFER"": 32}, ""bounded_path_correction"": {""ALLOW"": 394, ""DENY"": 0, ""DEFER"": 0}, ""abandon_mandatory_inspection"": {""ALLOW"": 0, ""DENY"": 38, ""DEFER"": 26}, ""change_high_level_objective"": {""ALLOW"": 0, ""DENY"": 8, ""DEFER"": 0}}","{""low"": {""ALLOW"": 488, ""DENY"": 0, ""DEFER"": 0}, ""consequential"": {""ALLOW"": 0, ""DENY"": 198, ""DEFER"": 154}}",aubellhop,False,True,cuda:0
B5_nominal,750,750.0,0,tr_54fb653caded_gpu,49dd74f3b0f8864d,unknown,0.8333333333333334,-240.073,39,0.5909090909090909,0,0.0,1.0,6,6,0,8192,8192,1.0,13452.0,8.192,1148.0,780,0,0,66,66,5,True,"[""abandon_mandatory_inspection"", ""reassign_another_auv"", ""exceed_return_energy_reserve"", ""enter_exclusion_zone"", ""change_high_level_objective""]","{""abandon_mandatory_inspection"": {""proposed"": 59, ""ALLOW"": 59, ""DENY"": 0, ""DEFER"": 0}, ""reassign_another_auv"": {""proposed"": 1, ""ALLOW"": 1, ""DENY"": 0, ""DEFER"": 0}, ""exceed_return_energy_reserve"": {""proposed"": 3, ""ALLOW"": 3, ""DENY"": 0, ""DEFER"": 0}, ""enter_exclusion_zone"": {""proposed"": 2, ""ALLOW"": 2, ""DENY"": 0, ""DEFER"": 0}, ""change_high_level_objective"": {""proposed"": 1, ""ALLOW"": 1, ""DENY"": 0, ""DEFER"": 0}}","{""CONNECTED"": {""proposed"": 0, ""ALLOW"": 0.0, ""DENY"": 0.0, ""DEFER"": 0.0, ""fraction_of_consequential"": 0.0}, ""DEGRADED"": {""proposed"": 27, ""ALLOW"": 1.0, ""DENY"": 0.0, ""DEFER"": 0.0, ""fraction_of_consequential"": 0.4090909090909091}, ""PARTITIONED"": {""proposed"": 39, ""ALLOW"": 1.0, ""DENY"": 0.0, ""DEFER"": 0.0, ""fraction_of_consequential"": 0.5909090909090909}, ""ISOLATED"": {""proposed"": 0, ""ALLOW"": 0.0, ""DENY"": 0.0, ""DEFER"": 0.0, ""fraction_of_consequential"": 0.0}, ""RECOVERING"": {""proposed"": 0, ""ALLOW"": 0.0, ""DENY"": 0.0, ""DEFER"": 0.0, ""fraction_of_consequential"": 0.0}}","{""fresh"": {""proposed"": 66, ""ALLOW"": 66, ""DENY"": 0, ""DEFER"": 0, ""fraction_of_consequential"": 1.0}, ""aging"": {""proposed"": 0, ""ALLOW"": 0, ""DENY"": 0, ""DEFER"": 0, ""fraction_of_consequential"": 0.0}, ""stale"": {""proposed"": 0, ""ALLOW"": 0, ""DENY"": 0, ""DEFER"": 0, ""fraction_of_consequential"": 0.0}, ""hard_expired"": {""proposed"": 0, ""ALLOW"": 0, ""DENY"": 0, ""DEFER"": 0, ""fraction_of_consequential"": 0.0}}","{""freeze_id"": ""utility_v2_frozen_2026-09-28"", ""completed_mandatory"": 10, ""anomalies_resolved"": 1, ""useful_reassignments"": 1, ""missed_mandatory"": 2, ""exclusion_violations"": 2, ""reserve_violations"": 3, ""duplicate_work"": 0, ""total_energy_j"": 14600.0, ""unresolved_conflicts"": 49, ""terms"": {""completed_mandatory"": 100.0, ""anomaly_resolved"": 18.0, ""useful_reassignment"": 12.0, ""missed_mandatory"": -30.0, ""exclusion_violation"": -16.0, ""reserve_violation"": -30.0, ""duplicate_work"": -0.0, ""energy"": -0.073, ""unresolved_conflict"": -294.0}, ""utility"": -240.073}",utility_v2_frozen_2026-09-28,"{""CONNECTED"": 0.05384615384615385, ""DEGRADED"": 0.36153846153846153, ""PARTITIONED"": 0.5846153846153846, ""ISOLATED"": 0.0, ""RECOVERING"": 0.0}","{""repeat_sonar_scan"": 32, ""enter_exclusion_zone"": 2, ""exceed_return_energy_reserve"": 3, ""hold_station"": 113, ""reassign_another_auv"": 1, ""local_inference"": 1, ""bounded_path_correction"": 568, ""abandon_mandatory_inspection"": 59, ""change_high_level_objective"": 1}","{""repeat_sonar_scan"": {""ALLOW"": 32, ""DENY"": 0, ""DEFER"": 0}, ""enter_exclusion_zone"": {""ALLOW"": 2, ""DENY"": 0, ""DEFER"": 0}, ""exceed_return_energy_reserve"": {""ALLOW"": 3, ""DENY"": 0, ""DEFER"": 0}, ""hold_station"": {""ALLOW"": 113, ""DENY"": 0, ""DEFER"": 0}, ""reassign_another_auv"": {""ALLOW"": 1, ""DENY"": 0, ""DEFER"": 0}, ""local_inference"": {""ALLOW"": 1, ""DENY"": 0, ""DEFER"": 0}, ""bounded_path_correction"": {""ALLOW"": 568, ""DENY"": 0, ""DEFER"": 0}, ""abandon_mandatory_inspection"": {""ALLOW"": 59, ""DENY"": 0, ""DEFER"": 0}, ""change_high_level_objective"": {""ALLOW"": 1, ""DENY"": 0, ""DEFER"": 0}}","{""low"": {""ALLOW"": 714, ""DENY"": 0, ""DEFER"": 0}, ""consequential"": {""ALLOW"": 66, ""DENY"": 0, ""DEFER"": 0}}",aubellhop,False,True,cuda:0
B5_permissive,750,750.0,0,tr_54fb653caded_gpu,49dd74f3b0f8864d,unknown,0.8333333333333334,-240.073,39,0.5909090909090909,0,0.0,1.0,6,6,0,8192,8192,1.0,13452.0,8.192,1148.0,780,0,0,66,66,5,True,"[""abandon_mandatory_inspection"", ""reassign_another_auv"", ""exceed_return_energy_reserve"", ""enter_exclusion_zone"", ""change_high_level_objective""]","{""abandon_mandatory_inspection"": {""proposed"": 59, ""ALLOW"": 59, ""DENY"": 0, ""DEFER"": 0}, ""reassign_another_auv"": {""proposed"": 1, ""ALLOW"": 1, ""DENY"": 0, ""DEFER"": 0}, ""exceed_return_energy_reserve"": {""proposed"": 3, ""ALLOW"": 3, ""DENY"": 0, ""DEFER"": 0}, ""enter_exclusion_zone"": {""proposed"": 2, ""ALLOW"": 2, ""DENY"": 0, ""DEFER"": 0}, ""change_high_level_objective"": {""proposed"": 1, ""ALLOW"": 1, ""DENY"": 0, ""DEFER"": 0}}","{""CONNECTED"": {""proposed"": 0, ""ALLOW"": 0.0, ""DENY"": 0.0, ""DEFER"": 0.0, ""fraction_of_consequential"": 0.0}, ""DEGRADED"": {""proposed"": 27, ""ALLOW"": 1.0, ""DENY"": 0.0, ""DEFER"": 0.0, ""fraction_of_consequential"": 0.4090909090909091}, ""PARTITIONED"": {""proposed"": 39, ""ALLOW"": 1.0, ""DENY"": 0.0, ""DEFER"": 0.0, ""fraction_of_consequential"": 0.5909090909090909}, ""ISOLATED"": {""proposed"": 0, ""ALLOW"": 0.0, ""DENY"": 0.0, ""DEFER"": 0.0, ""fraction_of_consequential"": 0.0}, ""RECOVERING"": {""proposed"": 0, ""ALLOW"": 0.0, ""DENY"": 0.0, ""DEFER"": 0.0, ""fraction_of_consequential"": 0.0}}","{""fresh"": {""proposed"": 66, ""ALLOW"": 66, ""DENY"": 0, ""DEFER"": 0, ""fraction_of_consequential"": 1.0}, ""aging"": {""proposed"": 0, ""ALLOW"": 0, ""DENY"": 0, ""DEFER"": 0, ""fraction_of_consequential"": 0.0}, ""stale"": {""proposed"": 0, ""ALLOW"": 0, ""DENY"": 0, ""DEFER"": 0, ""fraction_of_consequential"": 0.0}, ""hard_expired"": {""proposed"": 0, ""ALLOW"": 0, ""DENY"": 0, ""DEFER"": 0, ""fraction_of_consequential"": 0.0}}","{""freeze_id"": ""utility_v2_frozen_2026-09-28"", ""completed_mandatory"": 10, ""anomalies_resolved"": 1, ""useful_reassignments"": 1, ""missed_mandatory"": 2, ""exclusion_violations"": 2, ""reserve_violations"": 3, ""duplicate_work"": 0, ""total_energy_j"": 14600.0, ""unresolved_conflicts"": 49, ""terms"": {""completed_mandatory"": 100.0, ""anomaly_resolved"": 18.0, ""useful_reassignment"": 12.0, ""missed_mandatory"": -30.0, ""exclusion_violation"": -16.0, ""reserve_violation"": -30.0, ""duplicate_work"": -0.0, ""energy"": -0.073, ""unresolved_conflict"": -294.0}, ""utility"": -240.073}",utility_v2_frozen_2026-09-28,"{""CONNECTED"": 0.05384615384615385, ""DEGRADED"": 0.36153846153846153, ""PARTITIONED"": 0.5846153846153846, ""ISOLATED"": 0.0, ""RECOVERING"": 0.0}","{""repeat_sonar_scan"": 32, ""enter_exclusion_zone"": 2, ""exceed_return_energy_reserve"": 3, ""hold_station"": 113, ""reassign_another_auv"": 1, ""local_inference"": 1, ""bounded_path_correction"": 568, ""abandon_mandatory_inspection"": 59, ""change_high_level_objective"": 1}","{""repeat_sonar_scan"": {""ALLOW"": 32, ""DENY"": 0, ""DEFER"": 0}, ""enter_exclusion_zone"": {""ALLOW"": 2, ""DENY"": 0, ""DEFER"": 0}, ""exceed_return_energy_reserve"": {""ALLOW"": 3, ""DENY"": 0, ""DEFER"": 0}, ""hold_station"": {""ALLOW"": 113, ""DENY"": 0, ""DEFER"": 0}, ""reassign_another_auv"": {""ALLOW"": 1, ""DENY"": 0, ""DEFER"": 0}, ""local_inference"": {""ALLOW"": 1, ""DENY"": 0, ""DEFER"": 0}, ""bounded_path_correction"": {""ALLOW"": 568, ""DENY"": 0, ""DEFER"": 0}, ""abandon_mandatory_inspection"": {""ALLOW"": 59, ""DENY"": 0, ""DEFER"": 0}, ""change_high_level_objective"": {""ALLOW"": 1, ""DENY"": 0, ""DEFER"": 0}}","{""low"": {""ALLOW"": 714, ""DENY"": 0, ""DEFER"": 0}, ""consequential"": {""ALLOW"": 66, ""DENY"": 0, ""DEFER"": 0}}",aubellhop,False,True,cuda:0
B1,1000,1000.0,0,tr_54fb653caded_gpu,73cf28b5b9851e60,unknown,0.8333333333333334,-306.0724,50,0.6666666666666666,0,0.0,1.0,6,6,11,8192,8192,1.0,13332.0,8.192,1148.0,716,52,0,75,64,5,True,"[""abandon_mandatory_inspection"", ""reassign_another_auv"", ""exceed_return_energy_reserve"", ""enter_exclusion_zone"", ""change_high_level_objective""]","{""abandon_mandatory_inspection"": {""proposed"": 58, ""ALLOW"": 58, ""DENY"": 0, ""DEFER"": 0}, ""reassign_another_auv"": {""proposed"": 1, ""ALLOW"": 1, ""DENY"": 0, ""DEFER"": 0}, ""exceed_return_energy_reserve"": {""proposed"": 3, ""ALLOW"": 3, ""DENY"": 0, ""DEFER"": 0}, ""enter_exclusion_zone"": {""proposed"": 2, ""ALLOW"": 2, ""DENY"": 0, ""DEFER"": 0}, ""change_high_level_objective"": {""proposed"": 11, ""ALLOW"": 0, ""DENY"": 11, ""DEFER"": 0}}","{""CONNECTED"": {""proposed"": 0, ""ALLOW"": 0.0, ""DENY"": 0.0, ""DEFER"": 0.0, ""fraction_of_consequential"": 0.0}, ""DEGRADED"": {""proposed"": 14, ""ALLOW"": 1.0, ""DENY"": 0.0, ""DEFER"": 0.0, ""fraction_of_consequential"": 0.18666666666666668}, ""PARTITIONED"": {""proposed"": 61, ""ALLOW"": 0.819672131147541, ""DENY"": 0.18032786885245902, ""DEFER"": 0.0, ""fraction_of_consequential"": 0.8133333333333334}, ""ISOLATED"": {""proposed"": 0, ""ALLOW"": 0.0, ""DENY"": 0.0, ""DEFER"": 0.0, ""fraction_of_consequential"": 0.0}, ""RECOVERING"": {""proposed"": 0, ""ALLOW"": 0.0, ""DENY"": 0.0, ""DEFER"": 0.0, ""fraction_of_consequential"": 0.0}}","{""fresh"": {""proposed"": 65, ""ALLOW"": 64, ""DENY"": 1, ""DEFER"": 0, ""fraction_of_consequential"": 0.8666666666666667}, ""aging"": {""proposed"": 2, ""ALLOW"": 0, ""DENY"": 2, ""DEFER"": 0, ""fraction_of_consequential"": 0.02666666666666667}, ""stale"": {""proposed"": 7, ""ALLOW"": 0, ""DENY"": 7, ""DEFER"": 0, ""fraction_of_consequential"": 0.09333333333333334}, ""hard_expired"": {""proposed"": 1, ""ALLOW"": 0, ""DENY"": 1, ""DEFER"": 0, ""fraction_of_consequential"": 0.013333333333333334}}","{""freeze_id"": ""utility_v2_frozen_2026-09-28"", ""completed_mandatory"": 10, ""anomalies_resolved"": 1, ""useful_reassignments"": 1, ""missed_mandatory"": 2, ""exclusion_violations"": 2, ""reserve_violations"": 3, ""duplicate_work"": 0, ""total_energy_j"": 14480.0, ""unresolved_conflicts"": 60, ""terms"": {""completed_mandatory"": 100.0, ""anomaly_resolved"": 18.0, ""useful_reassignment"": 12.0, ""missed_mandatory"": -30.0, ""exclusion_violation"": -16.0, ""reserve_violation"": -30.0, ""duplicate_work"": -0.0, ""energy"": -0.0724, ""unresolved_conflict"": -360.0}, ""utility"": -306.0724}",utility_v2_frozen_2026-09-28,"{""CONNECTED"": 0.037760416666666664, ""DEGRADED"": 0.18098958333333334, ""PARTITIONED"": 0.78125, ""ISOLATED"": 0.0, ""RECOVERING"": 0.0}","{""repeat_sonar_scan"": 32, ""enter_exclusion_zone"": 2, ""exceed_return_energy_reserve"": 3, ""hold_station"": 64, ""reassign_another_auv"": 1, ""local_inference"": 1, ""bounded_path_correction"": 596, ""abandon_mandatory_inspection"": 58, ""change_high_level_objective"": 11}","{""repeat_sonar_scan"": {""ALLOW"": 32, ""DENY"": 0, ""DEFER"": 0}, ""enter_exclusion_zone"": {""ALLOW"": 2, ""DENY"": 0, ""DEFER"": 0}, ""exceed_return_energy_reserve"": {""ALLOW"": 3, ""DENY"": 0, ""DEFER"": 0}, ""hold_station"": {""ALLOW"": 57, ""DENY"": 7, ""DEFER"": 0}, ""reassign_another_auv"": {""ALLOW"": 1, ""DENY"": 0, ""DEFER"": 0}, ""local_inference"": {""ALLOW"": 1, ""DENY"": 0, ""DEFER"": 0}, ""bounded_path_correction"": {""ALLOW"": 562, ""DENY"": 34, ""DEFER"": 0}, ""abandon_mandatory_inspection"": {""ALLOW"": 58, ""DENY"": 0, ""DEFER"": 0}, ""change_high_level_objective"": {""ALLOW"": 0, ""DENY"": 11, ""DEFER"": 0}}","{""low"": {""ALLOW"": 652, ""DENY"": 41, ""DEFER"": 0}, ""consequential"": {""ALLOW"": 64, ""DENY"": 11, ""DEFER"": 0}}",aubellhop,False,True,cuda:0
B2,1000,1000.0,0,tr_54fb653caded_gpu,73cf28b5b9851e60,unknown,0.8333333333333334,-312.0721,51,0.7846153846153846,0,0.0,1.0,6,6,0,8192,8192,1.0,13272.0,8.192,1148.0,768,0,0,65,65,5,True,"[""abandon_mandatory_inspection"", ""reassign_another_auv"", ""exceed_return_energy_reserve"", ""enter_exclusion_zone"", ""change_high_level_objective""]","{""abandon_mandatory_inspection"": {""proposed"": 58, ""ALLOW"": 58, ""DENY"": 0, ""DEFER"": 0}, ""reassign_another_auv"": {""proposed"": 1, ""ALLOW"": 1, ""DENY"": 0, ""DEFER"": 0}, ""exceed_return_energy_reserve"": {""proposed"": 3, ""ALLOW"": 3, ""DENY"": 0, ""DEFER"": 0}, ""enter_exclusion_zone"": {""proposed"": 2, ""ALLOW"": 2, ""DENY"": 0, ""DEFER"": 0}, ""change_high_level_objective"": {""proposed"": 1, ""ALLOW"": 1, ""DENY"": 0, ""DEFER"": 0}}","{""CONNECTED"": {""proposed"": 0, ""ALLOW"": 0.0, ""DENY"": 0.0, ""DEFER"": 0.0, ""fraction_of_consequential"": 0.0}, ""DEGRADED"": {""proposed"": 14, ""ALLOW"": 1.0, ""DENY"": 0.0, ""DEFER"": 0.0, ""fraction_of_consequential"": 0.2153846153846154}, ""PARTITIONED"": {""proposed"": 51, ""ALLOW"": 1.0, ""DENY"": 0.0, ""DEFER"": 0.0, ""fraction_of_consequential"": 0.7846153846153846}, ""ISOLATED"": {""proposed"": 0, ""ALLOW"": 0.0, ""DENY"": 0.0, ""DEFER"": 0.0, ""fraction_of_consequential"": 0.0}, ""RECOVERING"": {""proposed"": 0, ""ALLOW"": 0.0, ""DENY"": 0.0, ""DEFER"": 0.0, ""fraction_of_consequential"": 0.0}}","{""fresh"": {""proposed"": 65, ""ALLOW"": 65, ""DENY"": 0, ""DEFER"": 0, ""fraction_of_consequential"": 1.0}, ""aging"": {""proposed"": 0, ""ALLOW"": 0, ""DENY"": 0, ""DEFER"": 0, ""fraction_of_consequential"": 0.0}, ""stale"": {""proposed"": 0, ""ALLOW"": 0, ""DENY"": 0, ""DEFER"": 0, ""fraction_of_consequential"": 0.0}, ""hard_expired"": {""proposed"": 0, ""ALLOW"": 0, ""DENY"": 0, ""DEFER"": 0, ""fraction_of_consequential"": 0.0}}","{""freeze_id"": ""utility_v2_frozen_2026-09-28"", ""completed_mandatory"": 10, ""anomalies_resolved"": 1, ""useful_reassignments"": 1, ""missed_mandatory"": 2, ""exclusion_violations"": 2, ""reserve_violations"": 3, ""duplicate_work"": 0, ""total_energy_j"": 14420.0, ""unresolved_conflicts"": 61, ""terms"": {""completed_mandatory"": 100.0, ""anomaly_resolved"": 18.0, ""useful_reassignment"": 12.0, ""missed_mandatory"": -30.0, ""exclusion_violation"": -16.0, ""reserve_violation"": -30.0, ""duplicate_work"": -0.0, ""energy"": -0.0721, ""unresolved_conflict"": -366.0}, ""utility"": -312.0721}",utility_v2_frozen_2026-09-28,"{""CONNECTED"": 0.037760416666666664, ""DEGRADED"": 0.18098958333333334, ""PARTITIONED"": 0.78125, ""ISOLATED"": 0.0, ""RECOVERING"": 0.0}","{""repeat_sonar_scan"": 32, ""enter_exclusion_zone"": 2, ""exceed_return_energy_reserve"": 3, ""hold_station"": 111, ""reassign_another_auv"": 1, ""local_inference"": 1, ""bounded_path_correction"": 559, ""abandon_mandatory_inspection"": 58, ""change_high_level_objective"": 1}","{""repeat_sonar_scan"": {""ALLOW"": 32, ""DENY"": 0, ""DEFER"": 0}, ""enter_exclusion_zone"": {""ALLOW"": 2, ""DENY"": 0, ""DEFER"": 0}, ""exceed_return_energy_reserve"": {""ALLOW"": 3, ""DENY"": 0, ""DEFER"": 0}, ""hold_station"": {""ALLOW"": 111, ""DENY"": 0, ""DEFER"": 0}, ""reassign_another_auv"": {""ALLOW"": 1, ""DENY"": 0, ""DEFER"": 0}, ""local_inference"": {""ALLOW"": 1, ""DENY"": 0, ""DEFER"": 0}, ""bounded_path_correction"": {""ALLOW"": 559, ""DENY"": 0, ""DEFER"": 0}, ""abandon_mandatory_inspection"": {""ALLOW"": 58, ""DENY"": 0, ""DEFER"": 0}, ""change_high_level_objective"": {""ALLOW"": 1, ""DENY"": 0, ""DEFER"": 0}}","{""low"": {""ALLOW"": 703, ""DENY"": 0, ""DEFER"": 0}, ""consequential"": {""ALLOW"": 65, ""DENY"": 0, ""DEFER"": 0}}",aubellhop,False,True,cuda:0
B3,1000,1000.0,0,tr_54fb653caded_gpu,73cf28b5b9851e60,unknown,0.5,-30.0451,0,0.0,70,0.19718309859154928,0.0,280,0,355,8192,8192,1.0,8180.0,8.192,840.0,485,355,0,355,0,5,True,"[""abandon_mandatory_inspection"", ""reassign_another_auv"", ""exceed_return_energy_reserve"", ""enter_exclusion_zone"", ""change_high_level_objective""]","{""abandon_mandatory_inspection"": {""proposed"": 64, ""ALLOW"": 0, ""DENY"": 64, ""DEFER"": 0}, ""reassign_another_auv"": {""proposed"": 70, ""ALLOW"": 0, ""DENY"": 70, ""DEFER"": 0}, ""exceed_return_energy_reserve"": {""proposed"": 70, ""ALLOW"": 0, ""DENY"": 70, ""DEFER"": 0}, ""enter_exclusion_zone"": {""proposed"": 140, ""ALLOW"": 0, ""DENY"": 140, ""DEFER"": 0}, ""change_high_level_objective"": {""proposed"": 11, ""ALLOW"": 0, ""DENY"": 11, ""DEFER"": 0}}","{""CONNECTED"": {""proposed"": 0, ""ALLOW"": 0.0, ""DENY"": 0.0, ""DEFER"": 0.0, ""fraction_of_consequential"": 0.0}, ""DEGRADED"": {""proposed"": 94, ""ALLOW"": 0.0, ""DENY"": 1.0, ""DEFER"": 0.0, ""fraction_of_consequential"": 0.2647887323943662}, ""PARTITIONED"": {""proposed"": 261, ""ALLOW"": 0.0, ""DENY"": 1.0, ""DEFER"": 0.0, ""fraction_of_consequential"": 0.7352112676056338}, ""ISOLATED"": {""proposed"": 0, ""ALLOW"": 0.0, ""DENY"": 0.0, ""DEFER"": 0.0, ""fraction_of_consequential"": 0.0}, ""RECOVERING"": {""proposed"": 0, ""ALLOW"": 0.0, ""DENY"": 0.0, ""DEFER"": 0.0, ""fraction_of_consequential"": 0.0}}","{""fresh"": {""proposed"": 173, ""ALLOW"": 0, ""DENY"": 173, ""DEFER"": 0, ""fraction_of_consequential"": 0.48732394366197185}, ""aging"": {""proposed"": 46, ""ALLOW"": 0, ""DENY"": 46, ""DEFER"": 0, ""fraction_of_consequential"": 0.1295774647887324}, ""stale"": {""proposed"": 107, ""ALLOW"": 0, ""DENY"": 107, ""DEFER"": 0, ""fraction_of_consequential"": 0.30140845070422534}, ""hard_expired"": {""proposed"": 29, ""ALLOW"": 0, ""DENY"": 29, ""DEFER"": 0, ""fraction_of_consequential"": 0.08169014084507042}}","{""freeze_id"": ""utility_v2_frozen_2026-09-28"", ""completed_mandatory"": 6, ""anomalies_resolved"": 0, ""useful_reassignments"": 0, ""missed_mandatory"": 6, ""exclusion_violations"": 0, ""reserve_violations"": 0, ""duplicate_work"": 0, ""total_energy_j"": 9020.0, ""unresolved_conflicts"": 0, ""terms"": {""completed_mandatory"": 60.0, ""anomaly_resolved"": 0.0, ""useful_reassignment"": 0.0, ""missed_mandatory"": -90.0, ""exclusion_violation"": -0.0, ""reserve_violation"": -0.0, ""duplicate_work"": -0.0, ""energy"": -0.0451, ""unresolved_conflict"": -0.0}, ""utility"": -30.0451}",utility_v2_frozen_2026-09-28,"{""CONNECTED"": 0.04047619047619048, ""DEGRADED"": 0.24523809523809523, ""PARTITIONED"": 0.7142857142857143, ""ISOLATED"": 0.0, ""RECOVERING"": 0.0}","{""repeat_sonar_scan"": 24, ""enter_exclusion_zone"": 140, ""exceed_return_energy_reserve"": 70, ""hold_station"": 70, ""reassign_another_auv"": 70, ""bounded_path_correction"": 391, ""abandon_mandatory_inspection"": 64, ""change_high_level_objective"": 11}","{""repeat_sonar_scan"": {""ALLOW"": 24, ""DENY"": 0, ""DEFER"": 0}, ""enter_exclusion_zone"": {""ALLOW"": 0, ""DENY"": 140, ""DEFER"": 0}, ""exceed_return_energy_reserve"": {""ALLOW"": 0, ""DENY"": 70, ""DEFER"": 0}, ""hold_station"": {""ALLOW"": 70, ""DENY"": 0, ""DEFER"": 0}, ""reassign_another_auv"": {""ALLOW"": 0, ""DENY"": 70, ""DEFER"": 0}, ""bounded_path_correction"": {""ALLOW"": 391, ""DENY"": 0, ""DEFER"": 0}, ""abandon_mandatory_inspection"": {""ALLOW"": 0, ""DENY"": 64, ""DEFER"": 0}, ""change_high_level_objective"": {""ALLOW"": 0, ""DENY"": 11, ""DEFER"": 0}}","{""low"": {""ALLOW"": 485, ""DENY"": 0, ""DEFER"": 0}, ""consequential"": {""ALLOW"": 0, ""DENY"": 355, ""DEFER"": 0}}",aubellhop,False,True,cuda:0
B4,1000,1000.0,0,tr_54fb653caded_gpu,73cf28b5b9851e60,unknown,0.8333333333333334,53.9253,51,0.7183098591549296,0,0.0,1.0,6,6,0,8192,8192,1.0,13792.0,8.192,1148.0,798,42,0,71,71,5,True,"[""abandon_mandatory_inspection"", ""reassign_another_auv"", ""exceed_return_energy_reserve"", ""enter_exclusion_zone"", ""change_high_level_objective""]","{""abandon_mandatory_inspection"": {""proposed"": 64, ""ALLOW"": 64, ""DENY"": 0, ""DEFER"": 0}, ""reassign_another_auv"": {""proposed"": 1, ""ALLOW"": 1, ""DENY"": 0, ""DEFER"": 0}, ""exceed_return_energy_reserve"": {""proposed"": 3, ""ALLOW"": 3, ""DENY"": 0, ""DEFER"": 0}, ""enter_exclusion_zone"": {""proposed"": 2, ""ALLOW"": 2, ""DENY"": 0, ""DEFER"": 0}, ""change_high_level_objective"": {""proposed"": 1, ""ALLOW"": 1, ""DENY"": 0, ""DEFER"": 0}}","{""CONNECTED"": {""proposed"": 0, ""ALLOW"": 0.0, ""DENY"": 0.0, ""DEFER"": 0.0, ""fraction_of_consequential"": 0.0}, ""DEGRADED"": {""proposed"": 20, ""ALLOW"": 1.0, ""DENY"": 0.0, ""DEFER"": 0.0, ""fraction_of_consequential"": 0.28169014084507044}, ""PARTITIONED"": {""proposed"": 51, ""ALLOW"": 1.0, ""DENY"": 0.0, ""DEFER"": 0.0, ""fraction_of_consequential"": 0.7183098591549296}, ""ISOLATED"": {""proposed"": 0, ""ALLOW"": 0.0, ""DENY"": 0.0, ""DEFER"": 0.0, ""fraction_of_consequential"": 0.0}, ""RECOVERING"": {""proposed"": 0, ""ALLOW"": 0.0, ""DENY"": 0.0, ""DEFER"": 0.0, ""fraction_of_consequential"": 0.0}}","{""fresh"": {""proposed"": 71, ""ALLOW"": 71, ""DENY"": 0, ""DEFER"": 0, ""fraction_of_consequential"": 1.0}, ""aging"": {""proposed"": 0, ""ALLOW"": 0, ""DENY"": 0, ""DEFER"": 0, ""fraction_of_consequential"": 0.0}, ""stale"": {""proposed"": 0, ""ALLOW"": 0, ""DENY"": 0, ""DEFER"": 0, ""fraction_of_consequential"": 0.0}, ""hard_expired"": {""proposed"": 0, ""ALLOW"": 0, ""DENY"": 0, ""DEFER"": 0, ""fraction_of_consequential"": 0.0}}","{""freeze_id"": ""utility_v2_frozen_2026-09-28"", ""completed_mandatory"": 10, ""anomalies_resolved"": 1, ""useful_reassignments"": 1, ""missed_mandatory"": 2, ""exclusion_violations"": 2, ""reserve_violations"": 3, ""duplicate_work"": 0, ""total_energy_j"": 14940.0, ""unresolved_conflicts"": 0, ""terms"": {""completed_mandatory"": 100.0, ""anomaly_resolved"": 18.0, ""useful_reassignment"": 12.0, ""missed_mandatory"": -30.0, ""exclusion_violation"": -16.0, ""reserve_violation"": -30.0, ""duplicate_work"": -0.0, ""energy"": -0.0747, ""unresolved_conflict"": -0.0}, ""utility"": 53.9253}",utility_v2_frozen_2026-09-28,"{""CONNECTED"": 0.04047619047619048, ""DEGRADED"": 0.24523809523809523, ""PARTITIONED"": 0.7142857142857143, ""ISOLATED"": 0.0, ""RECOVERING"": 0.0}","{""repeat_sonar_scan"": 32, ""enter_exclusion_zone"": 2, ""exceed_return_energy_reserve"": 3, ""hold_station"": 123, ""reassign_another_auv"": 1, ""local_inference"": 1, ""bounded_path_correction"": 613, ""abandon_mandatory_inspection"": 64, ""change_high_level_objective"": 1}","{""repeat_sonar_scan"": {""ALLOW"": 32, ""DENY"": 0, ""DEFER"": 0}, ""enter_exclusion_zone"": {""ALLOW"": 2, ""DENY"": 0, ""DEFER"": 0}, ""exceed_return_energy_reserve"": {""ALLOW"": 3, ""DENY"": 0, ""DEFER"": 0}, ""hold_station"": {""ALLOW"": 109, ""DENY"": 14, ""DEFER"": 0}, ""reassign_another_auv"": {""ALLOW"": 1, ""DENY"": 0, ""DEFER"": 0}, ""local_inference"": {""ALLOW"": 1, ""DENY"": 0, ""DEFER"": 0}, ""bounded_path_correction"": {""ALLOW"": 585, ""DENY"": 28, ""DEFER"": 0}, ""abandon_mandatory_inspection"": {""ALLOW"": 64, ""DENY"": 0, ""DEFER"": 0}, ""change_high_level_objective"": {""ALLOW"": 1, ""DENY"": 0, ""DEFER"": 0}}","{""low"": {""ALLOW"": 727, ""DENY"": 42, ""DEFER"": 0}, ""consequential"": {""ALLOW"": 71, ""DENY"": 0, ""DEFER"": 0}}",aubellhop,False,True,cuda:0
B5_conservative,1000,1000.0,0,tr_54fb653caded_gpu,73cf28b5b9851e60,unknown,0.5,-30.0451,0,0.0,50,0.19157088122605365,0.0,280,0,261,8192,8192,1.0,8180.0,8.192,840.0,485,261,94,355,0,5,True,"[""abandon_mandatory_inspection"", ""reassign_another_auv"", ""exceed_return_energy_reserve"", ""enter_exclusion_zone"", ""change_high_level_objective""]","{""abandon_mandatory_inspection"": {""proposed"": 64, ""ALLOW"": 0, ""DENY"": 50, ""DEFER"": 14}, ""reassign_another_auv"": {""proposed"": 70, ""ALLOW"": 0, ""DENY"": 50, ""DEFER"": 20}, ""exceed_return_energy_reserve"": {""proposed"": 70, ""ALLOW"": 0, ""DENY"": 50, ""DEFER"": 20}, ""enter_exclusion_zone"": {""proposed"": 140, ""ALLOW"": 0, ""DENY"": 100, ""DEFER"": 40}, ""change_high_level_objective"": {""proposed"": 11, ""ALLOW"": 0, ""DENY"": 11, ""DEFER"": 0}}","{""CONNECTED"": {""proposed"": 0, ""ALLOW"": 0.0, ""DENY"": 0.0, ""DEFER"": 0.0, ""fraction_of_consequential"": 0.0}, ""DEGRADED"": {""proposed"": 94, ""ALLOW"": 0.0, ""DENY"": 0.0, ""DEFER"": 1.0, ""fraction_of_consequential"": 0.2647887323943662}, ""PARTITIONED"": {""proposed"": 261, ""ALLOW"": 0.0, ""DENY"": 1.0, ""DEFER"": 0.0, ""fraction_of_consequential"": 0.7352112676056338}, ""ISOLATED"": {""proposed"": 0, ""ALLOW"": 0.0, ""DENY"": 0.0, ""DEFER"": 0.0, ""fraction_of_consequential"": 0.0}, ""RECOVERING"": {""proposed"": 0, ""ALLOW"": 0.0, ""DENY"": 0.0, ""DEFER"": 0.0, ""fraction_of_consequential"": 0.0}}","{""fresh"": {""proposed"": 173, ""ALLOW"": 0, ""DENY"": 79, ""DEFER"": 94, ""fraction_of_consequential"": 0.48732394366197185}, ""aging"": {""proposed"": 46, ""ALLOW"": 0, ""DENY"": 46, ""DEFER"": 0, ""fraction_of_consequential"": 0.1295774647887324}, ""stale"": {""proposed"": 107, ""ALLOW"": 0, ""DENY"": 107, ""DEFER"": 0, ""fraction_of_consequential"": 0.30140845070422534}, ""hard_expired"": {""proposed"": 29, ""ALLOW"": 0, ""DENY"": 29, ""DEFER"": 0, ""fraction_of_consequential"": 0.08169014084507042}}","{""freeze_id"": ""utility_v2_frozen_2026-09-28"", ""completed_mandatory"": 6, ""anomalies_resolved"": 0, ""useful_reassignments"": 0, ""missed_mandatory"": 6, ""exclusion_violations"": 0, ""reserve_violations"": 0, ""duplicate_work"": 0, ""total_energy_j"": 9020.0, ""unresolved_conflicts"": 0, ""terms"": {""completed_mandatory"": 60.0, ""anomaly_resolved"": 0.0, ""useful_reassignment"": 0.0, ""missed_mandatory"": -90.0, ""exclusion_violation"": -0.0, ""reserve_violation"": -0.0, ""duplicate_work"": -0.0, ""energy"": -0.0451, ""unresolved_conflict"": -0.0}, ""utility"": -30.0451}",utility_v2_frozen_2026-09-28,"{""CONNECTED"": 0.04047619047619048, ""DEGRADED"": 0.24523809523809523, ""PARTITIONED"": 0.7142857142857143, ""ISOLATED"": 0.0, ""RECOVERING"": 0.0}","{""repeat_sonar_scan"": 24, ""enter_exclusion_zone"": 140, ""exceed_return_energy_reserve"": 70, ""hold_station"": 70, ""reassign_another_auv"": 70, ""bounded_path_correction"": 391, ""abandon_mandatory_inspection"": 64, ""change_high_level_objective"": 11}","{""repeat_sonar_scan"": {""ALLOW"": 24, ""DENY"": 0, ""DEFER"": 0}, ""enter_exclusion_zone"": {""ALLOW"": 0, ""DENY"": 100, ""DEFER"": 40}, ""exceed_return_energy_reserve"": {""ALLOW"": 0, ""DENY"": 50, ""DEFER"": 20}, ""hold_station"": {""ALLOW"": 70, ""DENY"": 0, ""DEFER"": 0}, ""reassign_another_auv"": {""ALLOW"": 0, ""DENY"": 50, ""DEFER"": 20}, ""bounded_path_correction"": {""ALLOW"": 391, ""DENY"": 0, ""DEFER"": 0}, ""abandon_mandatory_inspection"": {""ALLOW"": 0, ""DENY"": 50, ""DEFER"": 14}, ""change_high_level_objective"": {""ALLOW"": 0, ""DENY"": 11, ""DEFER"": 0}}","{""low"": {""ALLOW"": 485, ""DENY"": 0, ""DEFER"": 0}, ""consequential"": {""ALLOW"": 0, ""DENY"": 261, ""DEFER"": 94}}",aubellhop,False,True,cuda:0
B5_nominal,1000,1000.0,0,tr_54fb653caded_gpu,73cf28b5b9851e60,unknown,0.8333333333333334,-312.0721,51,0.7846153846153846,0,0.0,1.0,6,6,0,8192,8192,1.0,13272.0,8.192,1148.0,768,0,0,65,65,5,True,"[""abandon_mandatory_inspection"", ""reassign_another_auv"", ""exceed_return_energy_reserve"", ""enter_exclusion_zone"", ""change_high_level_objective""]","{""abandon_mandatory_inspection"": {""proposed"": 58, ""ALLOW"": 58, ""DENY"": 0, ""DEFER"": 0}, ""reassign_another_auv"": {""proposed"": 1, ""ALLOW"": 1, ""DENY"": 0, ""DEFER"": 0}, ""exceed_return_energy_reserve"": {""proposed"": 3, ""ALLOW"": 3, ""DENY"": 0, ""DEFER"": 0}, ""enter_exclusion_zone"": {""proposed"": 2, ""ALLOW"": 2, ""DENY"": 0, ""DEFER"": 0}, ""change_high_level_objective"": {""proposed"": 1, ""ALLOW"": 1, ""DENY"": 0, ""DEFER"": 0}}","{""CONNECTED"": {""proposed"": 0, ""ALLOW"": 0.0, ""DENY"": 0.0, ""DEFER"": 0.0, ""fraction_of_consequential"": 0.0}, ""DEGRADED"": {""proposed"": 14, ""ALLOW"": 1.0, ""DENY"": 0.0, ""DEFER"": 0.0, ""fraction_of_consequential"": 0.2153846153846154}, ""PARTITIONED"": {""proposed"": 51, ""ALLOW"": 1.0, ""DENY"": 0.0, ""DEFER"": 0.0, ""fraction_of_consequential"": 0.7846153846153846}, ""ISOLATED"": {""proposed"": 0, ""ALLOW"": 0.0, ""DENY"": 0.0, ""DEFER"": 0.0, ""fraction_of_consequential"": 0.0}, ""RECOVERING"": {""proposed"": 0, ""ALLOW"": 0.0, ""DENY"": 0.0, ""DEFER"": 0.0, ""fraction_of_consequential"": 0.0}}","{""fresh"": {""proposed"": 65, ""ALLOW"": 65, ""DENY"": 0, ""DEFER"": 0, ""fraction_of_consequential"": 1.0}, ""aging"": {""proposed"": 0, ""ALLOW"": 0, ""DENY"": 0, ""DEFER"": 0, ""fraction_of_consequential"": 0.0}, ""stale"": {""proposed"": 0, ""ALLOW"": 0, ""DENY"": 0, ""DEFER"": 0, ""fraction_of_consequential"": 0.0}, ""hard_expired"": {""proposed"": 0, ""ALLOW"": 0, ""DENY"": 0, ""DEFER"": 0, ""fraction_of_consequential"": 0.0}}","{""freeze_id"": ""utility_v2_frozen_2026-09-28"", ""completed_mandatory"": 10, ""anomalies_resolved"": 1, ""useful_reassignments"": 1, ""missed_mandatory"": 2, ""exclusion_violations"": 2, ""reserve_violations"": 3, ""duplicate_work"": 0, ""total_energy_j"": 14420.0, ""unresolved_conflicts"": 61, ""terms"": {""completed_mandatory"": 100.0, ""anomaly_resolved"": 18.0, ""useful_reassignment"": 12.0, ""missed_mandatory"": -30.0, ""exclusion_violation"": -16.0, ""reserve_violation"": -30.0, ""duplicate_work"": -0.0, ""energy"": -0.0721, ""unresolved_conflict"": -366.0}, ""utility"": -312.0721}",utility_v2_frozen_2026-09-28,"{""CONNECTED"": 0.037760416666666664, ""DEGRADED"": 0.18098958333333334, ""PARTITIONED"": 0.78125, ""ISOLATED"": 0.0, ""RECOVERING"": 0.0}","{""repeat_sonar_scan"": 32, ""enter_exclusion_zone"": 2, ""exceed_return_energy_reserve"": 3, ""hold_station"": 111, ""reassign_another_auv"": 1, ""local_inference"": 1, ""bounded_path_correction"": 559, ""abandon_mandatory_inspection"": 58, ""change_high_level_objective"": 1}","{""repeat_sonar_scan"": {""ALLOW"": 32, ""DENY"": 0, ""DEFER"": 0}, ""enter_exclusion_zone"": {""ALLOW"": 2, ""DENY"": 0, ""DEFER"": 0}, ""exceed_return_energy_reserve"": {""ALLOW"": 3, ""DENY"": 0, ""DEFER"": 0}, ""hold_station"": {""ALLOW"": 111, ""DENY"": 0, ""DEFER"": 0}, ""reassign_another_auv"": {""ALLOW"": 1, ""DENY"": 0, ""DEFER"": 0}, ""local_inference"": {""ALLOW"": 1, ""DENY"": 0, ""DEFER"": 0}, ""bounded_path_correction"": {""ALLOW"": 559, ""DENY"": 0, ""DEFER"": 0}, ""abandon_mandatory_inspection"": {""ALLOW"": 58, ""DENY"": 0, ""DEFER"": 0}, ""change_high_level_objective"": {""ALLOW"": 1, ""DENY"": 0, ""DEFER"": 0}}","{""low"": {""ALLOW"": 703, ""DENY"": 0, ""DEFER"": 0}, ""consequential"": {""ALLOW"": 65, ""DENY"": 0, ""DEFER"": 0}}",aubellhop,False,True,cuda:0
B5_permissive,1000,1000.0,0,tr_54fb653caded_gpu,73cf28b5b9851e60,unknown,0.8333333333333334,-312.0721,51,0.7846153846153846,0,0.0,1.0,6,6,0,8192,8192,1.0,13272.0,8.192,1148.0,768,0,0,65,65,5,True,"[""abandon_mandatory_inspection"", ""reassign_another_auv"", ""exceed_return_energy_reserve"", ""enter_exclusion_zone"", ""change_high_level_objective""]","{""abandon_mandatory_inspection"": {""proposed"": 58, ""ALLOW"": 58, ""DENY"": 0, ""DEFER"": 0}, ""reassign_another_auv"": {""proposed"": 1, ""ALLOW"": 1, ""DENY"": 0, ""DEFER"": 0}, ""exceed_return_energy_reserve"": {""proposed"": 3, ""ALLOW"": 3, ""DENY"": 0, ""DEFER"": 0}, ""enter_exclusion_zone"": {""proposed"": 2, ""ALLOW"": 2, ""DENY"": 0, ""DEFER"": 0}, ""change_high_level_objective"": {""proposed"": 1, ""ALLOW"": 1, ""DENY"": 0, ""DEFER"": 0}}","{""CONNECTED"": {""proposed"": 0, ""ALLOW"": 0.0, ""DENY"": 0.0, ""DEFER"": 0.0, ""fraction_of_consequential"": 0.0}, ""DEGRADED"": {""proposed"": 14, ""ALLOW"": 1.0, ""DENY"": 0.0, ""DEFER"": 0.0, ""fraction_of_consequential"": 0.2153846153846154}, ""PARTITIONED"": {""proposed"": 51, ""ALLOW"": 1.0, ""DENY"": 0.0, ""DEFER"": 0.0, ""fraction_of_consequential"": 0.7846153846153846}, ""ISOLATED"": {""proposed"": 0, ""ALLOW"": 0.0, ""DENY"": 0.0, ""DEFER"": 0.0, ""fraction_of_consequential"": 0.0}, ""RECOVERING"": {""proposed"": 0, ""ALLOW"": 0.0, ""DENY"": 0.0, ""DEFER"": 0.0, ""fraction_of_consequential"": 0.0}}","{""fresh"": {""proposed"": 65, ""ALLOW"": 65, ""DENY"": 0, ""DEFER"": 0, ""fraction_of_consequential"": 1.0}, ""aging"": {""proposed"": 0, ""ALLOW"": 0, ""DENY"": 0, ""DEFER"": 0, ""fraction_of_consequential"": 0.0}, ""stale"": {""proposed"": 0, ""ALLOW"": 0, ""DENY"": 0, ""DEFER"": 0, ""fraction_of_consequential"": 0.0}, ""hard_expired"": {""proposed"": 0, ""ALLOW"": 0, ""DENY"": 0, ""DEFER"": 0, ""fraction_of_consequential"": 0.0}}","{""freeze_id"": ""utility_v2_frozen_2026-09-28"", ""completed_mandatory"": 10, ""anomalies_resolved"": 1, ""useful_reassignments"": 1, ""missed_mandatory"": 2, ""exclusion_violations"": 2, ""reserve_violations"": 3, ""duplicate_work"": 0, ""total_energy_j"": 14420.0, ""unresolved_conflicts"": 61, ""terms"": {""completed_mandatory"": 100.0, ""anomaly_resolved"": 18.0, ""useful_reassignment"": 12.0, ""missed_mandatory"": -30.0, ""exclusion_violation"": -16.0, ""reserve_violation"": -30.0, ""duplicate_work"": -0.0, ""energy"": -0.0721, ""unresolved_conflict"": -366.0}, ""utility"": -312.0721}",utility_v2_frozen_2026-09-28,"{""CONNECTED"": 0.037760416666666664, ""DEGRADED"": 0.18098958333333334, ""PARTITIONED"": 0.78125, ""ISOLATED"": 0.0, ""RECOVERING"": 0.0}","{""repeat_sonar_scan"": 32, ""enter_exclusion_zone"": 2, ""exceed_return_energy_reserve"": 3, ""hold_station"": 111, ""reassign_another_auv"": 1, ""local_inference"": 1, ""bounded_path_correction"": 559, ""abandon_mandatory_inspection"": 58, ""change_high_level_objective"": 1}","{""repeat_sonar_scan"": {""ALLOW"": 32, ""DENY"": 0, ""DEFER"": 0}, ""enter_exclusion_zone"": {""ALLOW"": 2, ""DENY"": 0, ""DEFER"": 0}, ""exceed_return_energy_reserve"": {""ALLOW"": 3, ""DENY"": 0, ""DEFER"": 0}, ""hold_station"": {""ALLOW"": 111, ""DENY"": 0, ""DEFER"": 0}, ""reassign_another_auv"": {""ALLOW"": 1, ""DENY"": 0, ""DEFER"": 0}, ""local_inference"": {""ALLOW"": 1, ""DENY"": 0, ""DEFER"": 0}, ""bounded_path_correction"": {""ALLOW"": 559, ""DENY"": 0, ""DEFER"": 0}, ""abandon_mandatory_inspection"": {""ALLOW"": 58, ""DENY"": 0, ""DEFER"": 0}, ""change_high_level_objective"": {""ALLOW"": 1, ""DENY"": 0, ""DEFER"": 0}}","{""low"": {""ALLOW"": 703, ""DENY"": 0, ""DEFER"": 0}, ""consequential"": {""ALLOW"": 65, ""DENY"": 0, ""DEFER"": 0}}",aubellhop,False,True,cuda:0
B1,0,0.0,1,tr_3bf719402f6c_gpu,4814fff4175dd153,unknown,0.8333333333333334,53.9171,0,0.0,0,0.0,1.0,6,6,0,8704,8704,1.0,15432.0,8.704,1148.0,840,0,0,70,70,4,True,"[""abandon_mandatory_inspection"", ""reassign_another_auv"", ""exceed_return_energy_reserve"", ""enter_exclusion_zone""]","{""abandon_mandatory_inspection"": {""proposed"": 64, ""ALLOW"": 64, ""DENY"": 0, ""DEFER"": 0}, ""reassign_another_auv"": {""proposed"": 1, ""ALLOW"": 1, ""DENY"": 0, ""DEFER"": 0}, ""exceed_return_energy_reserve"": {""proposed"": 3, ""ALLOW"": 3, ""DENY"": 0, ""DEFER"": 0}, ""enter_exclusion_zone"": {""proposed"": 2, ""ALLOW"": 2, ""DENY"": 0, ""DEFER"": 0}, ""change_high_level_objective"": {""proposed"": 0, ""ALLOW"": 0, ""DENY"": 0, ""DEFER"": 0}}","{""CONNECTED"": {""proposed"": 0, ""ALLOW"": 0.0, ""DENY"": 0.0, ""DEFER"": 0.0, ""fraction_of_consequential"": 0.0}, ""DEGRADED"": {""proposed"": 70, ""ALLOW"": 1.0, ""DENY"": 0.0, ""DEFER"": 0.0, ""fraction_of_consequential"": 1.0}, ""PARTITIONED"": {""proposed"": 0, ""ALLOW"": 0.0, ""DENY"": 0.0, ""DEFER"": 0.0, ""fraction_of_consequential"": 0.0}, ""ISOLATED"": {""proposed"": 0, ""ALLOW"": 0.0, ""DENY"": 0.0, ""DEFER"": 0.0, ""fraction_of_consequential"": 0.0}, ""RECOVERING"": {""proposed"": 0, ""ALLOW"": 0.0, ""DENY"": 0.0, ""DEFER"": 0.0, ""fraction_of_consequential"": 0.0}}","{""fresh"": {""proposed"": 70, ""ALLOW"": 70, ""DENY"": 0, ""DEFER"": 0, ""fraction_of_consequential"": 1.0}, ""aging"": {""proposed"": 0, ""ALLOW"": 0, ""DENY"": 0, ""DEFER"": 0, ""fraction_of_consequential"": 0.0}, ""stale"": {""proposed"": 0, ""ALLOW"": 0, ""DENY"": 0, ""DEFER"": 0, ""fraction_of_consequential"": 0.0}, ""hard_expired"": {""proposed"": 0, ""ALLOW"": 0, ""DENY"": 0, ""DEFER"": 0, ""fraction_of_consequential"": 0.0}}","{""freeze_id"": ""utility_v2_frozen_2026-09-28"", ""completed_mandatory"": 10, ""anomalies_resolved"": 1, ""useful_reassignments"": 1, ""missed_mandatory"": 2, ""exclusion_violations"": 2, ""reserve_violations"": 3, ""duplicate_work"": 0, ""total_energy_j"": 16580.0, ""unresolved_conflicts"": 0, ""terms"": {""completed_mandatory"": 100.0, ""anomaly_resolved"": 18.0, ""useful_reassignment"": 12.0, ""missed_mandatory"": -30.0, ""exclusion_violation"": -16.0, ""reserve_violation"": -30.0, ""duplicate_work"": -0.0, ""energy"": -0.0829, ""unresolved_conflict"": -0.0}, ""utility"": 53.9171}",utility_v2_frozen_2026-09-28,"{""CONNECTED"": 0.10714285714285714, ""DEGRADED"": 0.8928571428571429, ""PARTITIONED"": 0.0, ""ISOLATED"": 0.0, ""RECOVERING"": 0.0}","{""repeat_sonar_scan"": 32, ""enter_exclusion_zone"": 2, ""exceed_return_energy_reserve"": 3, ""hold_station"": 70, ""reassign_another_auv"": 1, ""local_inference"": 1, ""bounded_path_correction"": 667, ""abandon_mandatory_inspection"": 64}","{""repeat_sonar_scan"": {""ALLOW"": 32, ""DENY"": 0, ""DEFER"": 0}, ""enter_exclusion_zone"": {""ALLOW"": 2, ""DENY"": 0, ""DEFER"": 0}, ""exceed_return_energy_reserve"": {""ALLOW"": 3, ""DENY"": 0, ""DEFER"": 0}, ""hold_station"": {""ALLOW"": 70, ""DENY"": 0, ""DEFER"": 0}, ""reassign_another_auv"": {""ALLOW"": 1, ""DENY"": 0, ""DEFER"": 0}, ""local_inference"": {""ALLOW"": 1, ""DENY"": 0, ""DEFER"": 0}, ""bounded_path_correction"": {""ALLOW"": 667, ""DENY"": 0, ""DEFER"": 0}, ""abandon_mandatory_inspection"": {""ALLOW"": 64, ""DENY"": 0, ""DEFER"": 0}}","{""low"": {""ALLOW"": 770, ""DENY"": 0, ""DEFER"": 0}, ""consequential"": {""ALLOW"": 70, ""DENY"": 0, ""DEFER"": 0}}",aubellhop,False,True,cuda:0
B2,0,0.0,1,tr_3bf719402f6c_gpu,4814fff4175dd153,unknown,0.8333333333333334,53.9171,0,0.0,0,0.0,1.0,6,6,0,8704,8704,1.0,15432.0,8.704,1148.0,840,0,0,70,70,4,True,"[""abandon_mandatory_inspection"", ""reassign_another_auv"", ""exceed_return_energy_reserve"", ""enter_exclusion_zone""]","{""abandon_mandatory_inspection"": {""proposed"": 64, ""ALLOW"": 64, ""DENY"": 0, ""DEFER"": 0}, ""reassign_another_auv"": {""proposed"": 1, ""ALLOW"": 1, ""DENY"": 0, ""DEFER"": 0}, ""exceed_return_energy_reserve"": {""proposed"": 3, ""ALLOW"": 3, ""DENY"": 0, ""DEFER"": 0}, ""enter_exclusion_zone"": {""proposed"": 2, ""ALLOW"": 2, ""DENY"": 0, ""DEFER"": 0}, ""change_high_level_objective"": {""proposed"": 0, ""ALLOW"": 0, ""DENY"": 0, ""DEFER"": 0}}","{""CONNECTED"": {""proposed"": 0, ""ALLOW"": 0.0, ""DENY"": 0.0, ""DEFER"": 0.0, ""fraction_of_consequential"": 0.0}, ""DEGRADED"": {""proposed"": 70, ""ALLOW"": 1.0, ""DENY"": 0.0, ""DEFER"": 0.0, ""fraction_of_consequential"": 1.0}, ""PARTITIONED"": {""proposed"": 0, ""ALLOW"": 0.0, ""DENY"": 0.0, ""DEFER"": 0.0, ""fraction_of_consequential"": 0.0}, ""ISOLATED"": {""proposed"": 0, ""ALLOW"": 0.0, ""DENY"": 0.0, ""DEFER"": 0.0, ""fraction_of_consequential"": 0.0}, ""RECOVERING"": {""proposed"": 0, ""ALLOW"": 0.0, ""DENY"": 0.0, ""DEFER"": 0.0, ""fraction_of_consequential"": 0.0}}","{""fresh"": {""proposed"": 70, ""ALLOW"": 70, ""DENY"": 0, ""DEFER"": 0, ""fraction_of_consequential"": 1.0}, ""aging"": {""proposed"": 0, ""ALLOW"": 0, ""DENY"": 0, ""DEFER"": 0, ""fraction_of_consequential"": 0.0}, ""stale"": {""proposed"": 0, ""ALLOW"": 0, ""DENY"": 0, ""DEFER"": 0, ""fraction_of_consequential"": 0.0}, ""hard_expired"": {""proposed"": 0, ""ALLOW"": 0, ""DENY"": 0, ""DEFER"": 0, ""fraction_of_consequential"": 0.0}}","{""freeze_id"": ""utility_v2_frozen_2026-09-28"", ""completed_mandatory"": 10, ""anomalies_resolved"": 1, ""useful_reassignments"": 1, ""missed_mandatory"": 2, ""exclusion_violations"": 2, ""reserve_violations"": 3, ""duplicate_work"": 0, ""total_energy_j"": 16580.0, ""unresolved_conflicts"": 0, ""terms"": {""completed_mandatory"": 100.0, ""anomaly_resolved"": 18.0, ""useful_reassignment"": 12.0, ""missed_mandatory"": -30.0, ""exclusion_violation"": -16.0, ""reserve_violation"": -30.0, ""duplicate_work"": -0.0, ""energy"": -0.0829, ""unresolved_conflict"": -0.0}, ""utility"": 53.9171}",utility_v2_frozen_2026-09-28,"{""CONNECTED"": 0.10714285714285714, ""DEGRADED"": 0.8928571428571429, ""PARTITIONED"": 0.0, ""ISOLATED"": 0.0, ""RECOVERING"": 0.0}","{""repeat_sonar_scan"": 32, ""enter_exclusion_zone"": 2, ""exceed_return_energy_reserve"": 3, ""hold_station"": 70, ""reassign_another_auv"": 1, ""local_inference"": 1, ""bounded_path_correction"": 667, ""abandon_mandatory_inspection"": 64}","{""repeat_sonar_scan"": {""ALLOW"": 32, ""DENY"": 0, ""DEFER"": 0}, ""enter_exclusion_zone"": {""ALLOW"": 2, ""DENY"": 0, ""DEFER"": 0}, ""exceed_return_energy_reserve"": {""ALLOW"": 3, ""DENY"": 0, ""DEFER"": 0}, ""hold_station"": {""ALLOW"": 70, ""DENY"": 0, ""DEFER"": 0}, ""reassign_another_auv"": {""ALLOW"": 1, ""DENY"": 0, ""DEFER"": 0}, ""local_inference"": {""ALLOW"": 1, ""DENY"": 0, ""DEFER"": 0}, ""bounded_path_correction"": {""ALLOW"": 667, ""DENY"": 0, ""DEFER"": 0}, ""abandon_mandatory_inspection"": {""ALLOW"": 64, ""DENY"": 0, ""DEFER"": 0}}","{""low"": {""ALLOW"": 770, ""DENY"": 0, ""DEFER"": 0}, ""consequential"": {""ALLOW"": 70, ""DENY"": 0, ""DEFER"": 0}}",aubellhop,False,True,cuda:0
B3,0,0.0,1,tr_3bf719402f6c_gpu,4814fff4175dd153,unknown,0.5,-30.0462,0,0.0,70,0.20348837209302326,0.0,280,0,344,8704,8704,1.0,8400.0,8.704,840.0,496,344,0,344,0,4,True,"[""abandon_mandatory_inspection"", ""reassign_another_auv"", ""exceed_return_energy_reserve"", ""enter_exclusion_zone""]","{""abandon_mandatory_inspection"": {""proposed"": 64, ""ALLOW"": 0, ""DENY"": 64, ""DEFER"": 0}, ""reassign_another_auv"": {""proposed"": 70, ""ALLOW"": 0, ""DENY"": 70, ""DEFER"": 0}, ""exceed_return_energy_reserve"": {""proposed"": 70, ""ALLOW"": 0, ""DENY"": 70, ""DEFER"": 0}, ""enter_exclusion_zone"": {""proposed"": 140, ""ALLOW"": 0, ""DENY"": 140, ""DEFER"": 0}, ""change_high_level_objective"": {""proposed"": 0, ""ALLOW"": 0, ""DENY"": 0, ""DEFER"": 0}}","{""CONNECTED"": {""proposed"": 0, ""ALLOW"": 0.0, ""DENY"": 0.0, ""DEFER"": 0.0, ""fraction_of_consequential"": 0.0}, ""DEGRADED"": {""proposed"": 344, ""ALLOW"": 0.0, ""DENY"": 1.0, ""DEFER"": 0.0, ""fraction_of_consequential"": 1.0}, ""PARTITIONED"": {""proposed"": 0, ""ALLOW"": 0.0, ""DENY"": 0.0, ""DEFER"": 0.0, ""fraction_of_consequential"": 0.0}, ""ISOLATED"": {""proposed"": 0, ""ALLOW"": 0.0, ""DENY"": 0.0, ""DEFER"": 0.0, ""fraction_of_consequential"": 0.0}, ""RECOVERING"": {""proposed"": 0, ""ALLOW"": 0.0, ""DENY"": 0.0, ""DEFER"": 0.0, ""fraction_of_consequential"": 0.0}}","{""fresh"": {""proposed"": 344, ""ALLOW"": 0, ""DENY"": 344, ""DEFER"": 0, ""fraction_of_consequential"": 1.0}, ""aging"": {""proposed"": 0, ""ALLOW"": 0, ""DENY"": 0, ""DEFER"": 0, ""fraction_of_consequential"": 0.0}, ""stale"": {""proposed"": 0, ""ALLOW"": 0, ""DENY"": 0, ""DEFER"": 0, ""fraction_of_consequential"": 0.0}, ""hard_expired"": {""proposed"": 0, ""ALLOW"": 0, ""DENY"": 0, ""DEFER"": 0, ""fraction_of_consequential"": 0.0}}","{""freeze_id"": ""utility_v2_frozen_2026-09-28"", ""completed_mandatory"": 6, ""anomalies_resolved"": 0, ""useful_reassignments"": 0, ""missed_mandatory"": 6, ""exclusion_violations"": 0, ""reserve_violations"": 0, ""duplicate_work"": 0, ""total_energy_j"": 9240.0, ""unresolved_conflicts"": 0, ""terms"": {""completed_mandatory"": 60.0, ""anomaly_resolved"": 0.0, ""useful_reassignment"": 0.0, ""missed_mandatory"": -90.0, ""exclusion_violation"": -0.0, ""reserve_violation"": -0.0, ""duplicate_work"": -0.0, ""energy"": -0.0462, ""unresolved_conflict"": -0.0}, ""utility"": -30.0462}",utility_v2_frozen_2026-09-28,"{""CONNECTED"": 0.10714285714285714, ""DEGRADED"": 0.8928571428571429, ""PARTITIONED"": 0.0, ""ISOLATED"": 0.0, ""RECOVERING"": 0.0}","{""repeat_sonar_scan"": 24, ""enter_exclusion_zone"": 140, ""exceed_return_energy_reserve"": 70, ""hold_station"": 70, ""reassign_another_auv"": 70, ""bounded_path_correction"": 402, ""abandon_mandatory_inspection"": 64}","{""repeat_sonar_scan"": {""ALLOW"": 24, ""DENY"": 0, ""DEFER"": 0}, ""enter_exclusion_zone"": {""ALLOW"": 0, ""DENY"": 140, ""DEFER"": 0}, ""exceed_return_energy_reserve"": {""ALLOW"": 0, ""DENY"": 70, ""DEFER"": 0}, ""hold_station"": {""ALLOW"": 70, ""DENY"": 0, ""DEFER"": 0}, ""reassign_another_auv"": {""ALLOW"": 0, ""DENY"": 70, ""DEFER"": 0}, ""bounded_path_correction"": {""ALLOW"": 402, ""DENY"": 0, ""DEFER"": 0}, ""abandon_mandatory_inspection"": {""ALLOW"": 0, ""DENY"": 64, ""DEFER"": 0}}","{""low"": {""ALLOW"": 496, ""DENY"": 0, ""DEFER"": 0}, ""consequential"": {""ALLOW"": 0, ""DENY"": 344, ""DEFER"": 0}}",aubellhop,False,True,cuda:0
B4,0,0.0,1,tr_3bf719402f6c_gpu,4814fff4175dd153,unknown,0.8333333333333334,53.9171,0,0.0,0,0.0,1.0,6,6,0,8704,8704,1.0,15432.0,8.704,1148.0,840,0,0,70,70,4,True,"[""abandon_mandatory_inspection"", ""reassign_another_auv"", ""exceed_return_energy_reserve"", ""enter_exclusion_zone""]","{""abandon_mandatory_inspection"": {""proposed"": 64, ""ALLOW"": 64, ""DENY"": 0, ""DEFER"": 0}, ""reassign_another_auv"": {""proposed"": 1, ""ALLOW"": 1, ""DENY"": 0, ""DEFER"": 0}, ""exceed_return_energy_reserve"": {""proposed"": 3, ""ALLOW"": 3, ""DENY"": 0, ""DEFER"": 0}, ""enter_exclusion_zone"": {""proposed"": 2, ""ALLOW"": 2, ""DENY"": 0, ""DEFER"": 0}, ""change_high_level_objective"": {""proposed"": 0, ""ALLOW"": 0, ""DENY"": 0, ""DEFER"": 0}}","{""CONNECTED"": {""proposed"": 0, ""ALLOW"": 0.0, ""DENY"": 0.0, ""DEFER"": 0.0, ""fraction_of_consequential"": 0.0}, ""DEGRADED"": {""proposed"": 70, ""ALLOW"": 1.0, ""DENY"": 0.0, ""DEFER"": 0.0, ""fraction_of_consequential"": 1.0}, ""PARTITIONED"": {""proposed"": 0, ""ALLOW"": 0.0, ""DENY"": 0.0, ""DEFER"": 0.0, ""fraction_of_consequential"": 0.0}, ""ISOLATED"": {""proposed"": 0, ""ALLOW"": 0.0, ""DENY"": 0.0, ""DEFER"": 0.0, ""fraction_of_consequential"": 0.0}, ""RECOVERING"": {""proposed"": 0, ""ALLOW"": 0.0, ""DENY"": 0.0, ""DEFER"": 0.0, ""fraction_of_consequential"": 0.0}}","{""fresh"": {""proposed"": 70, ""ALLOW"": 70, ""DENY"": 0, ""DEFER"": 0, ""fraction_of_consequential"": 1.0}, ""aging"": {""proposed"": 0, ""ALLOW"": 0, ""DENY"": 0, ""DEFER"": 0, ""fraction_of_consequential"": 0.0}, ""stale"": {""proposed"": 0, ""ALLOW"": 0, ""DENY"": 0, ""DEFER"": 0, ""fraction_of_consequential"": 0.0}, ""hard_expired"": {""proposed"": 0, ""ALLOW"": 0, ""DENY"": 0, ""DEFER"": 0, ""fraction_of_consequential"": 0.0}}","{""freeze_id"": ""utility_v2_frozen_2026-09-28"", ""completed_mandatory"": 10, ""anomalies_resolved"": 1, ""useful_reassignments"": 1, ""missed_mandatory"": 2, ""exclusion_violations"": 2, ""reserve_violations"": 3, ""duplicate_work"": 0, ""total_energy_j"": 16580.0, ""unresolved_conflicts"": 0, ""terms"": {""completed_mandatory"": 100.0, ""anomaly_resolved"": 18.0, ""useful_reassignment"": 12.0, ""missed_mandatory"": -30.0, ""exclusion_violation"": -16.0, ""reserve_violation"": -30.0, ""duplicate_work"": -0.0, ""energy"": -0.0829, ""unresolved_conflict"": -0.0}, ""utility"": 53.9171}",utility_v2_frozen_2026-09-28,"{""CONNECTED"": 0.10714285714285714, ""DEGRADED"": 0.8928571428571429, ""PARTITIONED"": 0.0, ""ISOLATED"": 0.0, ""RECOVERING"": 0.0}","{""repeat_sonar_scan"": 32, ""enter_exclusion_zone"": 2, ""exceed_return_energy_reserve"": 3, ""hold_station"": 70, ""reassign_another_auv"": 1, ""local_inference"": 1, ""bounded_path_correction"": 667, ""abandon_mandatory_inspection"": 64}","{""repeat_sonar_scan"": {""ALLOW"": 32, ""DENY"": 0, ""DEFER"": 0}, ""enter_exclusion_zone"": {""ALLOW"": 2, ""DENY"": 0, ""DEFER"": 0}, ""exceed_return_energy_reserve"": {""ALLOW"": 3, ""DENY"": 0, ""DEFER"": 0}, ""hold_station"": {""ALLOW"": 70, ""DENY"": 0, ""DEFER"": 0}, ""reassign_another_auv"": {""ALLOW"": 1, ""DENY"": 0, ""DEFER"": 0}, ""local_inference"": {""ALLOW"": 1, ""DENY"": 0, ""DEFER"": 0}, ""bounded_path_correction"": {""ALLOW"": 667, ""DENY"": 0, ""DEFER"": 0}, ""abandon_mandatory_inspection"": {""ALLOW"": 64, ""DENY"": 0, ""DEFER"": 0}}","{""low"": {""ALLOW"": 770, ""DENY"": 0, ""DEFER"": 0}, ""consequential"": {""ALLOW"": 70, ""DENY"": 0, ""DEFER"": 0}}",aubellhop,False,True,cuda:0
B5_conservative,0,0.0,1,tr_3bf719402f6c_gpu,4814fff4175dd153,unknown,0.5,-30.0462,0,0.0,0,0.0,0.0,280,0,0,8704,8704,1.0,8400.0,8.704,840.0,496,0,344,344,0,4,True,"[""abandon_mandatory_inspection"", ""reassign_another_auv"", ""exceed_return_energy_reserve"", ""enter_exclusion_zone""]","{""abandon_mandatory_inspection"": {""proposed"": 64, ""ALLOW"": 0, ""DENY"": 0, ""DEFER"": 64}, ""reassign_another_auv"": {""proposed"": 70, ""ALLOW"": 0, ""DENY"": 0, ""DEFER"": 70}, ""exceed_return_energy_reserve"": {""proposed"": 70, ""ALLOW"": 0, ""DENY"": 0, ""DEFER"": 70}, ""enter_exclusion_zone"": {""proposed"": 140, ""ALLOW"": 0, ""DENY"": 0, ""DEFER"": 140}, ""change_high_level_objective"": {""proposed"": 0, ""ALLOW"": 0, ""DENY"": 0, ""DEFER"": 0}}","{""CONNECTED"": {""proposed"": 0, ""ALLOW"": 0.0, ""DENY"": 0.0, ""DEFER"": 0.0, ""fraction_of_consequential"": 0.0}, ""DEGRADED"": {""proposed"": 344, ""ALLOW"": 0.0, ""DENY"": 0.0, ""DEFER"": 1.0, ""fraction_of_consequential"": 1.0}, ""PARTITIONED"": {""proposed"": 0, ""ALLOW"": 0.0, ""DENY"": 0.0, ""DEFER"": 0.0, ""fraction_of_consequential"": 0.0}, ""ISOLATED"": {""proposed"": 0, ""ALLOW"": 0.0, ""DENY"": 0.0, ""DEFER"": 0.0, ""fraction_of_consequential"": 0.0}, ""RECOVERING"": {""proposed"": 0, ""ALLOW"": 0.0, ""DENY"": 0.0, ""DEFER"": 0.0, ""fraction_of_consequential"": 0.0}}","{""fresh"": {""proposed"": 344, ""ALLOW"": 0, ""DENY"": 0, ""DEFER"": 344, ""fraction_of_consequential"": 1.0}, ""aging"": {""proposed"": 0, ""ALLOW"": 0, ""DENY"": 0, ""DEFER"": 0, ""fraction_of_consequential"": 0.0}, ""stale"": {""proposed"": 0, ""ALLOW"": 0, ""DENY"": 0, ""DEFER"": 0, ""fraction_of_consequential"": 0.0}, ""hard_expired"": {""proposed"": 0, ""ALLOW"": 0, ""DENY"": 0, ""DEFER"": 0, ""fraction_of_consequential"": 0.0}}","{""freeze_id"": ""utility_v2_frozen_2026-09-28"", ""completed_mandatory"": 6, ""anomalies_resolved"": 0, ""useful_reassignments"": 0, ""missed_mandatory"": 6, ""exclusion_violations"": 0, ""reserve_violations"": 0, ""duplicate_work"": 0, ""total_energy_j"": 9240.0, ""unresolved_conflicts"": 0, ""terms"": {""completed_mandatory"": 60.0, ""anomaly_resolved"": 0.0, ""useful_reassignment"": 0.0, ""missed_mandatory"": -90.0, ""exclusion_violation"": -0.0, ""reserve_violation"": -0.0, ""duplicate_work"": -0.0, ""energy"": -0.0462, ""unresolved_conflict"": -0.0}, ""utility"": -30.0462}",utility_v2_frozen_2026-09-28,"{""CONNECTED"": 0.10714285714285714, ""DEGRADED"": 0.8928571428571429, ""PARTITIONED"": 0.0, ""ISOLATED"": 0.0, ""RECOVERING"": 0.0}","{""repeat_sonar_scan"": 24, ""enter_exclusion_zone"": 140, ""exceed_return_energy_reserve"": 70, ""hold_station"": 70, ""reassign_another_auv"": 70, ""bounded_path_correction"": 402, ""abandon_mandatory_inspection"": 64}","{""repeat_sonar_scan"": {""ALLOW"": 24, ""DENY"": 0, ""DEFER"": 0}, ""enter_exclusion_zone"": {""ALLOW"": 0, ""DENY"": 0, ""DEFER"": 140}, ""exceed_return_energy_reserve"": {""ALLOW"": 0, ""DENY"": 0, ""DEFER"": 70}, ""hold_station"": {""ALLOW"": 70, ""DENY"": 0, ""DEFER"": 0}, ""reassign_another_auv"": {""ALLOW"": 0, ""DENY"": 0, ""DEFER"": 70}, ""bounded_path_correction"": {""ALLOW"": 402, ""DENY"": 0, ""DEFER"": 0}, ""abandon_mandatory_inspection"": {""ALLOW"": 0, ""DENY"": 0, ""DEFER"": 64}}","{""low"": {""ALLOW"": 496, ""DENY"": 0, ""DEFER"": 0}, ""consequential"": {""ALLOW"": 0, ""DENY"": 0, ""DEFER"": 344}}",aubellhop,False,True,cuda:0
B5_nominal,0,0.0,1,tr_3bf719402f6c_gpu,4814fff4175dd153,unknown,0.8333333333333334,53.9171,0,0.0,0,0.0,1.0,6,6,0,8704,8704,1.0,15432.0,8.704,1148.0,840,0,0,70,70,4,True,"[""abandon_mandatory_inspection"", ""reassign_another_auv"", ""exceed_return_energy_reserve"", ""enter_exclusion_zone""]","{""abandon_mandatory_inspection"": {""proposed"": 64, ""ALLOW"": 64, ""DENY"": 0, ""DEFER"": 0}, ""reassign_another_auv"": {""proposed"": 1, ""ALLOW"": 1, ""DENY"": 0, ""DEFER"": 0}, ""exceed_return_energy_reserve"": {""proposed"": 3, ""ALLOW"": 3, ""DENY"": 0, ""DEFER"": 0}, ""enter_exclusion_zone"": {""proposed"": 2, ""ALLOW"": 2, ""DENY"": 0, ""DEFER"": 0}, ""change_high_level_objective"": {""proposed"": 0, ""ALLOW"": 0, ""DENY"": 0, ""DEFER"": 0}}","{""CONNECTED"": {""proposed"": 0, ""ALLOW"": 0.0, ""DENY"": 0.0, ""DEFER"": 0.0, ""fraction_of_consequential"": 0.0}, ""DEGRADED"": {""proposed"": 70, ""ALLOW"": 1.0, ""DENY"": 0.0, ""DEFER"": 0.0, ""fraction_of_consequential"": 1.0}, ""PARTITIONED"": {""proposed"": 0, ""ALLOW"": 0.0, ""DENY"": 0.0, ""DEFER"": 0.0, ""fraction_of_consequential"": 0.0}, ""ISOLATED"": {""proposed"": 0, ""ALLOW"": 0.0, ""DENY"": 0.0, ""DEFER"": 0.0, ""fraction_of_consequential"": 0.0}, ""RECOVERING"": {""proposed"": 0, ""ALLOW"": 0.0, ""DENY"": 0.0, ""DEFER"": 0.0, ""fraction_of_consequential"": 0.0}}","{""fresh"": {""proposed"": 70, ""ALLOW"": 70, ""DENY"": 0, ""DEFER"": 0, ""fraction_of_consequential"": 1.0}, ""aging"": {""proposed"": 0, ""ALLOW"": 0, ""DENY"": 0, ""DEFER"": 0, ""fraction_of_consequential"": 0.0}, ""stale"": {""proposed"": 0, ""ALLOW"": 0, ""DENY"": 0, ""DEFER"": 0, ""fraction_of_consequential"": 0.0}, ""hard_expired"": {""proposed"": 0, ""ALLOW"": 0, ""DENY"": 0, ""DEFER"": 0, ""fraction_of_consequential"": 0.0}}","{""freeze_id"": ""utility_v2_frozen_2026-09-28"", ""completed_mandatory"": 10, ""anomalies_resolved"": 1, ""useful_reassignments"": 1, ""missed_mandatory"": 2, ""exclusion_violations"": 2, ""reserve_violations"": 3, ""duplicate_work"": 0, ""total_energy_j"": 16580.0, ""unresolved_conflicts"": 0, ""terms"": {""completed_mandatory"": 100.0, ""anomaly_resolved"": 18.0, ""useful_reassignment"": 12.0, ""missed_mandatory"": -30.0, ""exclusion_violation"": -16.0, ""reserve_violation"": -30.0, ""duplicate_work"": -0.0, ""energy"": -0.0829, ""unresolved_conflict"": -0.0}, ""utility"": 53.9171}",utility_v2_frozen_2026-09-28,"{""CONNECTED"": 0.10714285714285714, ""DEGRADED"": 0.8928571428571429, ""PARTITIONED"": 0.0, ""ISOLATED"": 0.0, ""RECOVERING"": 0.0}","{""repeat_sonar_scan"": 32, ""enter_exclusion_zone"": 2, ""exceed_return_energy_reserve"": 3, ""hold_station"": 70, ""reassign_another_auv"": 1, ""local_inference"": 1, ""bounded_path_correction"": 667, ""abandon_mandatory_inspection"": 64}","{""repeat_sonar_scan"": {""ALLOW"": 32, ""DENY"": 0, ""DEFER"": 0}, ""enter_exclusion_zone"": {""ALLOW"": 2, ""DENY"": 0, ""DEFER"": 0}, ""exceed_return_energy_reserve"": {""ALLOW"": 3, ""DENY"": 0, ""DEFER"": 0}, ""hold_station"": {""ALLOW"": 70, ""DENY"": 0, ""DEFER"": 0}, ""reassign_another_auv"": {""ALLOW"": 1, ""DENY"": 0, ""DEFER"": 0}, ""local_inference"": {""ALLOW"": 1, ""DENY"": 0, ""DEFER"": 0}, ""bounded_path_correction"": {""ALLOW"": 667, ""DENY"": 0, ""DEFER"": 0}, ""abandon_mandatory_inspection"": {""ALLOW"": 64, ""DENY"": 0, ""DEFER"": 0}}","{""low"": {""ALLOW"": 770, ""DENY"": 0, ""DEFER"": 0}, ""consequential"": {""ALLOW"": 70, ""DENY"": 0, ""DEFER"": 0}}",aubellhop,False,True,cuda:0
B5_permissive,0,0.0,1,tr_3bf719402f6c_gpu,4814fff4175dd153,unknown,0.8333333333333334,53.9171,0,0.0,0,0.0,1.0,6,6,0,8704,8704,1.0,15432.0,8.704,1148.0,840,0,0,70,70,4,True,"[""abandon_mandatory_inspection"", ""reassign_another_auv"", ""exceed_return_energy_reserve"", ""enter_exclusion_zone""]","{""abandon_mandatory_inspection"": {""proposed"": 64, ""ALLOW"": 64, ""DENY"": 0, ""DEFER"": 0}, ""reassign_another_auv"": {""proposed"": 1, ""ALLOW"": 1, ""DENY"": 0, ""DEFER"": 0}, ""exceed_return_energy_reserve"": {""proposed"": 3, ""ALLOW"": 3, ""DENY"": 0, ""DEFER"": 0}, ""enter_exclusion_zone"": {""proposed"": 2, ""ALLOW"": 2, ""DENY"": 0, ""DEFER"": 0}, ""change_high_level_objective"": {""proposed"": 0, ""ALLOW"": 0, ""DENY"": 0, ""DEFER"": 0}}","{""CONNECTED"": {""proposed"": 0, ""ALLOW"": 0.0, ""DENY"": 0.0, ""DEFER"": 0.0, ""fraction_of_consequential"": 0.0}, ""DEGRADED"": {""proposed"": 70, ""ALLOW"": 1.0, ""DENY"": 0.0, ""DEFER"": 0.0, ""fraction_of_consequential"": 1.0}, ""PARTITIONED"": {""proposed"": 0, ""ALLOW"": 0.0, ""DENY"": 0.0, ""DEFER"": 0.0, ""fraction_of_consequential"": 0.0}, ""ISOLATED"": {""proposed"": 0, ""ALLOW"": 0.0, ""DENY"": 0.0, ""DEFER"": 0.0, ""fraction_of_consequential"": 0.0}, ""RECOVERING"": {""proposed"": 0, ""ALLOW"": 0.0, ""DENY"": 0.0, ""DEFER"": 0.0, ""fraction_of_consequential"": 0.0}}","{""fresh"": {""proposed"": 70, ""ALLOW"": 70, ""DENY"": 0, ""DEFER"": 0, ""fraction_of_consequential"": 1.0}, ""aging"": {""proposed"": 0, ""ALLOW"": 0, ""DENY"": 0, ""DEFER"": 0, ""fraction_of_consequential"": 0.0}, ""stale"": {""proposed"": 0, ""ALLOW"": 0, ""DENY"": 0, ""DEFER"": 0, ""fraction_of_consequential"": 0.0}, ""hard_expired"": {""proposed"": 0, ""ALLOW"": 0, ""DENY"": 0, ""DEFER"": 0, ""fraction_of_consequential"": 0.0}}","{""freeze_id"": ""utility_v2_frozen_2026-09-28"", ""completed_mandatory"": 10, ""anomalies_resolved"": 1, ""useful_reassignments"": 1, ""missed_mandatory"": 2, ""exclusion_violations"": 2, ""reserve_violations"": 3, ""duplicate_work"": 0, ""total_energy_j"": 16580.0, ""unresolved_conflicts"": 0, ""terms"": {""completed_mandatory"": 100.0, ""anomaly_resolved"": 18.0, ""useful_reassignment"": 12.0, ""missed_mandatory"": -30.0, ""exclusion_violation"": -16.0, ""reserve_violation"": -30.0, ""duplicate_work"": -0.0, ""energy"": -0.0829, ""unresolved_conflict"": -0.0}, ""utility"": 53.9171}",utility_v2_frozen_2026-09-28,"{""CONNECTED"": 0.10714285714285714, ""DEGRADED"": 0.8928571428571429, ""PARTITIONED"": 0.0, ""ISOLATED"": 0.0, ""RECOVERING"": 0.0}","{""repeat_sonar_scan"": 32, ""enter_exclusion_zone"": 2, ""exceed_return_energy_reserve"": 3, ""hold_station"": 70, ""reassign_another_auv"": 1, ""local_inference"": 1, ""bounded_path_correction"": 667, ""abandon_mandatory_inspection"": 64}","{""repeat_sonar_scan"": {""ALLOW"": 32, ""DENY"": 0, ""DEFER"": 0}, ""enter_exclusion_zone"": {""ALLOW"": 2, ""DENY"": 0, ""DEFER"": 0}, ""exceed_return_energy_reserve"": {""ALLOW"": 3, ""DENY"": 0, ""DEFER"": 0}, ""hold_station"": {""ALLOW"": 70, ""DENY"": 0, ""DEFER"": 0}, ""reassign_another_auv"": {""ALLOW"": 1, ""DENY"": 0, ""DEFER"": 0}, ""local_inference"": {""ALLOW"": 1, ""DENY"": 0, ""DEFER"": 0}, ""bounded_path_correction"": {""ALLOW"": 667, ""DENY"": 0, ""DEFER"": 0}, ""abandon_mandatory_inspection"": {""ALLOW"": 64, ""DENY"": 0, ""DEFER"": 0}}","{""low"": {""ALLOW"": 770, ""DENY"": 0, ""DEFER"": 0}, ""consequential"": {""ALLOW"": 70, ""DENY"": 0, ""DEFER"": 0}}",aubellhop,False,True,cuda:0
B1,150,150.0,1,tr_3bf719402f6c_gpu,23e990f5f7545d95,unknown,0.8333333333333334,-54.0808,8,0.11594202898550725,0,0.0,1.0,6,6,1,8192,8192,1.0,15012.0,8.192,1148.0,815,1,0,69,68,5,True,"[""abandon_mandatory_inspection"", ""reassign_another_auv"", ""exceed_return_energy_reserve"", ""enter_exclusion_zone"", ""change_high_level_objective""]","{""abandon_mandatory_inspection"": {""proposed"": 62, ""ALLOW"": 62, ""DENY"": 0, ""DEFER"": 0}, ""reassign_another_auv"": {""proposed"": 1, ""ALLOW"": 1, ""DENY"": 0, ""DEFER"": 0}, ""exceed_return_energy_reserve"": {""proposed"": 3, ""ALLOW"": 3, ""DENY"": 0, ""DEFER"": 0}, ""enter_exclusion_zone"": {""proposed"": 2, ""ALLOW"": 2, ""DENY"": 0, ""DEFER"": 0}, ""change_high_level_objective"": {""proposed"": 1, ""ALLOW"": 0, ""DENY"": 1, ""DEFER"": 0}}","{""CONNECTED"": {""proposed"": 0, ""ALLOW"": 0.0, ""DENY"": 0.0, ""DEFER"": 0.0, ""fraction_of_consequential"": 0.0}, ""DEGRADED"": {""proposed"": 60, ""ALLOW"": 1.0, ""DENY"": 0.0, ""DEFER"": 0.0, ""fraction_of_consequential"": 0.8695652173913043}, ""PARTITIONED"": {""proposed"": 9, ""ALLOW"": 0.8888888888888888, ""DENY"": 0.1111111111111111, ""DEFER"": 0.0, ""fraction_of_consequential"": 0.13043478260869565}, ""ISOLATED"": {""proposed"": 0, ""ALLOW"": 0.0, ""DENY"": 0.0, ""DEFER"": 0.0, ""fraction_of_consequential"": 0.0}, ""RECOVERING"": {""proposed"": 0, ""ALLOW"": 0.0, ""DENY"": 0.0, ""DEFER"": 0.0, ""fraction_of_consequential"": 0.0}}","{""fresh"": {""proposed"": 69, ""ALLOW"": 68, ""DENY"": 1, ""DEFER"": 0, ""fraction_of_consequential"": 1.0}, ""aging"": {""proposed"": 0, ""ALLOW"": 0, ""DENY"": 0, ""DEFER"": 0, ""fraction_of_consequential"": 0.0}, ""stale"": {""proposed"": 0, ""ALLOW"": 0, ""DENY"": 0, ""DEFER"": 0, ""fraction_of_consequential"": 0.0}, ""hard_expired"": {""proposed"": 0, ""ALLOW"": 0, ""DENY"": 0, ""DEFER"": 0, ""fraction_of_consequential"": 0.0}}","{""freeze_id"": ""utility_v2_frozen_2026-09-28"", ""completed_mandatory"": 10, ""anomalies_resolved"": 1, ""useful_reassignments"": 1, ""missed_mandatory"": 2, ""exclusion_violations"": 2, ""reserve_violations"": 3, ""duplicate_work"": 0, ""total_energy_j"": 16160.0, ""unresolved_conflicts"": 18, ""terms"": {""completed_mandatory"": 100.0, ""anomaly_resolved"": 18.0, ""useful_reassignment"": 12.0, ""missed_mandatory"": -30.0, ""exclusion_violation"": -16.0, ""reserve_violation"": -30.0, ""duplicate_work"": -0.0, ""energy"": -0.0808, ""unresolved_conflict"": -108.0}, ""utility"": -54.0808}",utility_v2_frozen_2026-09-28,"{""CONNECTED"": 0.09681372549019608, ""DEGRADED"": 0.7855392156862745, ""PARTITIONED"": 0.11764705882352941, ""ISOLATED"": 0.0, ""RECOVERING"": 0.0}","{""repeat_sonar_scan"": 32, ""enter_exclusion_zone"": 2, ""exceed_return_energy_reserve"": 3, ""hold_station"": 68, ""reassign_another_auv"": 1, ""local_inference"": 1, ""bounded_path_correction"": 646, ""abandon_mandatory_inspection"": 62, ""change_high_level_objective"": 1}","{""repeat_sonar_scan"": {""ALLOW"": 32, ""DENY"": 0, ""DEFER"": 0}, ""enter_exclusion_zone"": {""ALLOW"": 2, ""DENY"": 0, ""DEFER"": 0}, ""exceed_return_energy_reserve"": {""ALLOW"": 3, ""DENY"": 0, ""DEFER"": 0}, ""hold_station"": {""ALLOW"": 68, ""DENY"": 0, ""DEFER"": 0}, ""reassign_another_auv"": {""ALLOW"": 1, ""DENY"": 0, ""DEFER"": 0}, ""local_inference"": {""ALLOW"": 1, ""DENY"": 0, ""DEFER"": 0}, ""bounded_path_correction"": {""ALLOW"": 646, ""DENY"": 0, ""DEFER"": 0}, ""abandon_mandatory_inspection"": {""ALLOW"": 62, ""DENY"": 0, ""DEFER"": 0}, ""change_high_level_objective"": {""ALLOW"": 0, ""DENY"": 1, ""DEFER"": 0}}","{""low"": {""ALLOW"": 747, ""DENY"": 0, ""DEFER"": 0}, ""consequential"": {""ALLOW"": 68, ""DENY"": 1, ""DEFER"": 0}}",aubellhop,False,True,cuda:0
B2,150,150.0,1,tr_3bf719402f6c_gpu,23e990f5f7545d95,unknown,0.8333333333333334,-60.0757,9,0.13043478260869565,0,0.0,1.0,6,6,0,8192,8192,1.0,13992.0,8.192,1148.0,816,0,0,69,69,5,True,"[""abandon_mandatory_inspection"", ""reassign_another_auv"", ""exceed_return_energy_reserve"", ""enter_exclusion_zone"", ""change_high_level_objective""]","{""abandon_mandatory_inspection"": {""proposed"": 62, ""ALLOW"": 62, ""DENY"": 0, ""DEFER"": 0}, ""reassign_another_auv"": {""proposed"": 1, ""ALLOW"": 1, ""DENY"": 0, ""DEFER"": 0}, ""exceed_return_energy_reserve"": {""proposed"": 3, ""ALLOW"": 3, ""DENY"": 0, ""DEFER"": 0}, ""enter_exclusion_zone"": {""proposed"": 2, ""ALLOW"": 2, ""DENY"": 0, ""DEFER"": 0}, ""change_high_level_objective"": {""proposed"": 1, ""ALLOW"": 1, ""DENY"": 0, ""DEFER"": 0}}","{""CONNECTED"": {""proposed"": 0, ""ALLOW"": 0.0, ""DENY"": 0.0, ""DEFER"": 0.0, ""fraction_of_consequential"": 0.0}, ""DEGRADED"": {""proposed"": 60, ""ALLOW"": 1.0, ""DENY"": 0.0, ""DEFER"": 0.0, ""fraction_of_consequential"": 0.8695652173913043}, ""PARTITIONED"": {""proposed"": 9, ""ALLOW"": 1.0, ""DENY"": 0.0, ""DEFER"": 0.0, ""fraction_of_consequential"": 0.13043478260869565}, ""ISOLATED"": {""proposed"": 0, ""ALLOW"": 0.0, ""DENY"": 0.0, ""DEFER"": 0.0, ""fraction_of_consequential"": 0.0}, ""RECOVERING"": {""proposed"": 0, ""ALLOW"": 0.0, ""DENY"": 0.0, ""DEFER"": 0.0, ""fraction_of_consequential"": 0.0}}","{""fresh"": {""proposed"": 69, ""ALLOW"": 69, ""DENY"": 0, ""DEFER"": 0, ""fraction_of_consequential"": 1.0}, ""aging"": {""proposed"": 0, ""ALLOW"": 0, ""DENY"": 0, ""DEFER"": 0, ""fraction_of_consequential"": 0.0}, ""stale"": {""proposed"": 0, ""ALLOW"": 0, ""DENY"": 0, ""DEFER"": 0, ""fraction_of_consequential"": 0.0}, ""hard_expired"": {""proposed"": 0, ""ALLOW"": 0, ""DENY"": 0, ""DEFER"": 0, ""fraction_of_consequential"": 0.0}}","{""freeze_id"": ""utility_v2_frozen_2026-09-28"", ""completed_mandatory"": 10, ""anomalies_resolved"": 1, ""useful_reassignments"": 1, ""missed_mandatory"": 2, ""exclusion_violations"": 2, ""reserve_violations"": 3, ""duplicate_work"": 0, ""total_energy_j"": 15140.0, ""unresolved_conflicts"": 19, ""terms"": {""completed_mandatory"": 100.0, ""anomaly_resolved"": 18.0, ""useful_reassignment"": 12.0, ""missed_mandatory"": -30.0, ""exclusion_violation"": -16.0, ""reserve_violation"": -30.0, ""duplicate_work"": -0.0, ""energy"": -0.0757, ""unresolved_conflict"": -114.0}, ""utility"": -60.0757}",utility_v2_frozen_2026-09-28,"{""CONNECTED"": 0.09681372549019608, ""DEGRADED"": 0.7855392156862745, ""PARTITIONED"": 0.11764705882352941, ""ISOLATED"": 0.0, ""RECOVERING"": 0.0}","{""repeat_sonar_scan"": 32, ""enter_exclusion_zone"": 2, ""exceed_return_energy_reserve"": 3, ""hold_station"": 119, ""reassign_another_auv"": 1, ""local_inference"": 1, ""bounded_path_correction"": 595, ""abandon_mandatory_inspection"": 62, ""change_high_level_objective"": 1}","{""repeat_sonar_scan"": {""ALLOW"": 32, ""DENY"": 0, ""DEFER"": 0}, ""enter_exclusion_zone"": {""ALLOW"": 2, ""DENY"": 0, ""DEFER"": 0}, ""exceed_return_energy_reserve"": {""ALLOW"": 3, ""DENY"": 0, ""DEFER"": 0}, ""hold_station"": {""ALLOW"": 119, ""DENY"": 0, ""DEFER"": 0}, ""reassign_another_auv"": {""ALLOW"": 1, ""DENY"": 0, ""DEFER"": 0}, ""local_inference"": {""ALLOW"": 1, ""DENY"": 0, ""DEFER"": 0}, ""bounded_path_correction"": {""ALLOW"": 595, ""DENY"": 0, ""DEFER"": 0}, ""abandon_mandatory_inspection"": {""ALLOW"": 62, ""DENY"": 0, ""DEFER"": 0}, ""change_high_level_objective"": {""ALLOW"": 1, ""DENY"": 0, ""DEFER"": 0}}","{""low"": {""ALLOW"": 747, ""DENY"": 0, ""DEFER"": 0}, ""consequential"": {""ALLOW"": 69, ""DENY"": 0, ""DEFER"": 0}}",aubellhop,False,True,cuda:0
B3,150,150.0,1,tr_3bf719402f6c_gpu,23e990f5f7545d95,unknown,0.5,-30.0461,0,0.0,70,0.2028985507246377,0.0,280,0,345,8192,8192,1.0,8380.0,8.192,840.0,495,345,0,345,0,5,True,"[""abandon_mandatory_inspection"", ""reassign_another_auv"", ""exceed_return_energy_reserve"", ""enter_exclusion_zone"", ""change_high_level_objective""]","{""abandon_mandatory_inspection"": {""proposed"": 64, ""ALLOW"": 0, ""DENY"": 64, ""DEFER"": 0}, ""reassign_another_auv"": {""proposed"": 70, ""ALLOW"": 0, ""DENY"": 70, ""DEFER"": 0}, ""exceed_return_energy_reserve"": {""proposed"": 70, ""ALLOW"": 0, ""DENY"": 70, ""DEFER"": 0}, ""enter_exclusion_zone"": {""proposed"": 140, ""ALLOW"": 0, ""DENY"": 140, ""DEFER"": 0}, ""change_high_level_objective"": {""proposed"": 1, ""ALLOW"": 0, ""DENY"": 1, ""DEFER"": 0}}","{""CONNECTED"": {""proposed"": 0, ""ALLOW"": 0.0, ""DENY"": 0.0, ""DEFER"": 0.0, ""fraction_of_consequential"": 0.0}, ""DEGRADED"": {""proposed"": 304, ""ALLOW"": 0.0, ""DENY"": 1.0, ""DEFER"": 0.0, ""fraction_of_consequential"": 0.881159420289855}, ""PARTITIONED"": {""proposed"": 41, ""ALLOW"": 0.0, ""DENY"": 1.0, ""DEFER"": 0.0, ""fraction_of_consequential"": 0.11884057971014493}, ""ISOLATED"": {""proposed"": 0, ""ALLOW"": 0.0, ""DENY"": 0.0, ""DEFER"": 0.0, ""fraction_of_consequential"": 0.0}, ""RECOVERING"": {""proposed"": 0, ""ALLOW"": 0.0, ""DENY"": 0.0, ""DEFER"": 0.0, ""fraction_of_consequential"": 0.0}}","{""fresh"": {""proposed"": 341, ""ALLOW"": 0, ""DENY"": 341, ""DEFER"": 0, ""fraction_of_consequential"": 0.9884057971014493}, ""aging"": {""proposed"": 4, ""ALLOW"": 0, ""DENY"": 4, ""DEFER"": 0, ""fraction_of_consequential"": 0.011594202898550725}, ""stale"": {""proposed"": 0, ""ALLOW"": 0, ""DENY"": 0, ""DEFER"": 0, ""fraction_of_consequential"": 0.0}, ""hard_expired"": {""proposed"": 0, ""ALLOW"": 0, ""DENY"": 0, ""DEFER"": 0, ""fraction_of_consequential"": 0.0}}","{""freeze_id"": ""utility_v2_frozen_2026-09-28"", ""completed_mandatory"": 6, ""anomalies_resolved"": 0, ""useful_reassignments"": 0, ""missed_mandatory"": 6, ""exclusion_violations"": 0, ""reserve_violations"": 0, ""duplicate_work"": 0, ""total_energy_j"": 9220.0, ""unresolved_conflicts"": 0, ""terms"": {""completed_mandatory"": 60.0, ""anomaly_resolved"": 0.0, ""useful_reassignment"": 0.0, ""missed_mandatory"": -90.0, ""exclusion_violation"": -0.0, ""reserve_violation"": -0.0, ""duplicate_work"": -0.0, ""energy"": -0.0461, ""unresolved_conflict"": -0.0}, ""utility"": -30.0461}",utility_v2_frozen_2026-09-28,"{""CONNECTED"": 0.09404761904761905, ""DEGRADED"": 0.7916666666666666, ""PARTITIONED"": 0.11428571428571428, ""ISOLATED"": 0.0, ""RECOVERING"": 0.0}","{""repeat_sonar_scan"": 24, ""enter_exclusion_zone"": 140, ""exceed_return_energy_reserve"": 70, ""hold_station"": 70, ""reassign_another_auv"": 70, ""bounded_path_correction"": 401, ""abandon_mandatory_inspection"": 64, ""change_high_level_objective"": 1}","{""repeat_sonar_scan"": {""ALLOW"": 24, ""DENY"": 0, ""DEFER"": 0}, ""enter_exclusion_zone"": {""ALLOW"": 0, ""DENY"": 140, ""DEFER"": 0}, ""exceed_return_energy_reserve"": {""ALLOW"": 0, ""DENY"": 70, ""DEFER"": 0}, ""hold_station"": {""ALLOW"": 70, ""DENY"": 0, ""DEFER"": 0}, ""reassign_another_auv"": {""ALLOW"": 0, ""DENY"": 70, ""DEFER"": 0}, ""bounded_path_correction"": {""ALLOW"": 401, ""DENY"": 0, ""DEFER"": 0}, ""abandon_mandatory_inspection"": {""ALLOW"": 0, ""DENY"": 64, ""DEFER"": 0}, ""change_high_level_objective"": {""ALLOW"": 0, ""DENY"": 1, ""DEFER"": 0}}","{""low"": {""ALLOW"": 495, ""DENY"": 0, ""DEFER"": 0}, ""consequential"": {""ALLOW"": 0, ""DENY"": 345, ""DEFER"": 0}}",aubellhop,False,True,cuda:0
B4,150,150.0,1,tr_3bf719402f6c_gpu,23e990f5f7545d95,unknown,0.8333333333333334,53.9225,9,0.1267605633802817,0,0.0,1.0,6,6,0,8192,8192,1.0,14352.0,8.192,1148.0,840,0,0,71,71,5,True,"[""abandon_mandatory_inspection"", ""reassign_another_auv"", ""exceed_return_energy_reserve"", ""enter_exclusion_zone"", ""change_high_level_objective""]","{""abandon_mandatory_inspection"": {""proposed"": 64, ""ALLOW"": 64, ""DENY"": 0, ""DEFER"": 0}, ""reassign_another_auv"": {""proposed"": 1, ""ALLOW"": 1, ""DENY"": 0, ""DEFER"": 0}, ""exceed_return_energy_reserve"": {""proposed"": 3, ""ALLOW"": 3, ""DENY"": 0, ""DEFER"": 0}, ""enter_exclusion_zone"": {""proposed"": 2, ""ALLOW"": 2, ""DENY"": 0, ""DEFER"": 0}, ""change_high_level_objective"": {""proposed"": 1, ""ALLOW"": 1, ""DENY"": 0, ""DEFER"": 0}}","{""CONNECTED"": {""proposed"": 0, ""ALLOW"": 0.0, ""DENY"": 0.0, ""DEFER"": 0.0, ""fraction_of_consequential"": 0.0}, ""DEGRADED"": {""proposed"": 62, ""ALLOW"": 1.0, ""DENY"": 0.0, ""DEFER"": 0.0, ""fraction_of_consequential"": 0.8732394366197183}, ""PARTITIONED"": {""proposed"": 9, ""ALLOW"": 1.0, ""DENY"": 0.0, ""DEFER"": 0.0, ""fraction_of_consequential"": 0.1267605633802817}, ""ISOLATED"": {""proposed"": 0, ""ALLOW"": 0.0, ""DENY"": 0.0, ""DEFER"": 0.0, ""fraction_of_consequential"": 0.0}, ""RECOVERING"": {""proposed"": 0, ""ALLOW"": 0.0, ""DENY"": 0.0, ""DEFER"": 0.0, ""fraction_of_consequential"": 0.0}}","{""fresh"": {""proposed"": 71, ""ALLOW"": 71, ""DENY"": 0, ""DEFER"": 0, ""fraction_of_consequential"": 1.0}, ""aging"": {""proposed"": 0, ""ALLOW"": 0, ""DENY"": 0, ""DEFER"": 0, ""fraction_of_consequential"": 0.0}, ""stale"": {""proposed"": 0, ""ALLOW"": 0, ""DENY"": 0, ""DEFER"": 0, ""fraction_of_consequential"": 0.0}, ""hard_expired"": {""proposed"": 0, ""ALLOW"": 0, ""DENY"": 0, ""DEFER"": 0, ""fraction_of_consequential"": 0.0}}","{""freeze_id"": ""utility_v2_frozen_2026-09-28"", ""completed_mandatory"": 10, ""anomalies_resolved"": 1, ""useful_reassignments"": 1, ""missed_mandatory"": 2, ""exclusion_violations"": 2, ""reserve_violations"": 3, ""duplicate_work"": 0, ""total_energy_j"": 15500.0, ""unresolved_conflicts"": 0, ""terms"": {""completed_mandatory"": 100.0, ""anomaly_resolved"": 18.0, ""useful_reassignment"": 12.0, ""missed_mandatory"": -30.0, ""exclusion_violation"": -16.0, ""reserve_violation"": -30.0, ""duplicate_work"": -0.0, ""energy"": -0.0775, ""unresolved_conflict"": -0.0}, ""utility"": 53.9225}",utility_v2_frozen_2026-09-28,"{""CONNECTED"": 0.07976190476190476, ""DEGRADED"": 0.805952380952381, ""PARTITIONED"": 0.11428571428571428, ""ISOLATED"": 0.0, ""RECOVERING"": 0.0}","{""repeat_sonar_scan"": 32, ""enter_exclusion_zone"": 2, ""exceed_return_energy_reserve"": 3, ""hold_station"": 123, ""reassign_another_auv"": 1, ""local_inference"": 1, ""bounded_path_correction"": 613, ""abandon_mandatory_inspection"": 64, ""change_high_level_objective"": 1}","{""repeat_sonar_scan"": {""ALLOW"": 32, ""DENY"": 0, ""DEFER"": 0}, ""enter_exclusion_zone"": {""ALLOW"": 2, ""DENY"": 0, ""DEFER"": 0}, ""exceed_return_energy_reserve"": {""ALLOW"": 3, ""DENY"": 0, ""DEFER"": 0}, ""hold_station"": {""ALLOW"": 123, ""DENY"": 0, ""DEFER"": 0}, ""reassign_another_auv"": {""ALLOW"": 1, ""DENY"": 0, ""DEFER"": 0}, ""local_inference"": {""ALLOW"": 1, ""DENY"": 0, ""DEFER"": 0}, ""bounded_path_correction"": {""ALLOW"": 613, ""DENY"": 0, ""DEFER"": 0}, ""abandon_mandatory_inspection"": {""ALLOW"": 64, ""DENY"": 0, ""DEFER"": 0}, ""change_high_level_objective"": {""ALLOW"": 1, ""DENY"": 0, ""DEFER"": 0}}","{""low"": {""ALLOW"": 769, ""DENY"": 0, ""DEFER"": 0}, ""consequential"": {""ALLOW"": 71, ""DENY"": 0, ""DEFER"": 0}}",aubellhop,False,True,cuda:0
B5_conservative,150,150.0,1,tr_3bf719402f6c_gpu,23e990f5f7545d95,unknown,0.5,-30.0461,0,0.0,8,0.1951219512195122,0.0,280,0,41,8192,8192,1.0,8380.0,8.192,840.0,495,41,304,345,0,5,True,"[""abandon_mandatory_inspection"", ""reassign_another_auv"", ""exceed_return_energy_reserve"", ""enter_exclusion_zone"", ""change_high_level_objective""]","{""abandon_mandatory_inspection"": {""proposed"": 64, ""ALLOW"": 0, ""DENY"": 8, ""DEFER"": 56}, ""reassign_another_auv"": {""proposed"": 70, ""ALLOW"": 0, ""DENY"": 8, ""DEFER"": 62}, ""exceed_return_energy_reserve"": {""proposed"": 70, ""ALLOW"": 0, ""DENY"": 8, ""DEFER"": 62}, ""enter_exclusion_zone"": {""proposed"": 140, ""ALLOW"": 0, ""DENY"": 16, ""DEFER"": 124}, ""change_high_level_objective"": {""proposed"": 1, ""ALLOW"": 0, ""DENY"": 1, ""DEFER"": 0}}","{""CONNECTED"": {""proposed"": 0, ""ALLOW"": 0.0, ""DENY"": 0.0, ""DEFER"": 0.0, ""fraction_of_consequential"": 0.0}, ""DEGRADED"": {""proposed"": 304, ""ALLOW"": 0.0, ""DENY"": 0.0, ""DEFER"": 1.0, ""fraction_of_consequential"": 0.881159420289855}, ""PARTITIONED"": {""proposed"": 41, ""ALLOW"": 0.0, ""DENY"": 1.0, ""DEFER"": 0.0, ""fraction_of_consequential"": 0.11884057971014493}, ""ISOLATED"": {""proposed"": 0, ""ALLOW"": 0.0, ""DENY"": 0.0, ""DEFER"": 0.0, ""fraction_of_consequential"": 0.0}, ""RECOVERING"": {""proposed"": 0, ""ALLOW"": 0.0, ""DENY"": 0.0, ""DEFER"": 0.0, ""fraction_of_consequential"": 0.0}}","{""fresh"": {""proposed"": 341, ""ALLOW"": 0, ""DENY"": 37, ""DEFER"": 304, ""fraction_of_consequential"": 0.9884057971014493}, ""aging"": {""proposed"": 4, ""ALLOW"": 0, ""DENY"": 4, ""DEFER"": 0, ""fraction_of_consequential"": 0.011594202898550725}, ""stale"": {""proposed"": 0, ""ALLOW"": 0, ""DENY"": 0, ""DEFER"": 0, ""fraction_of_consequential"": 0.0}, ""hard_expired"": {""proposed"": 0, ""ALLOW"": 0, ""DENY"": 0, ""DEFER"": 0, ""fraction_of_consequential"": 0.0}}","{""freeze_id"": ""utility_v2_frozen_2026-09-28"", ""completed_mandatory"": 6, ""anomalies_resolved"": 0, ""useful_reassignments"": 0, ""missed_mandatory"": 6, ""exclusion_violations"": 0, ""reserve_violations"": 0, ""duplicate_work"": 0, ""total_energy_j"": 9220.0, ""unresolved_conflicts"": 0, ""terms"": {""completed_mandatory"": 60.0, ""anomaly_resolved"": 0.0, ""useful_reassignment"": 0.0, ""missed_mandatory"": -90.0, ""exclusion_violation"": -0.0, ""reserve_violation"": -0.0, ""duplicate_work"": -0.0, ""energy"": -0.0461, ""unresolved_conflict"": -0.0}, ""utility"": -30.0461}",utility_v2_frozen_2026-09-28,"{""CONNECTED"": 0.09404761904761905, ""DEGRADED"": 0.7916666666666666, ""PARTITIONED"": 0.11428571428571428, ""ISOLATED"": 0.0, ""RECOVERING"": 0.0}","{""repeat_sonar_scan"": 24, ""enter_exclusion_zone"": 140, ""exceed_return_energy_reserve"": 70, ""hold_station"": 70, ""reassign_another_auv"": 70, ""bounded_path_correction"": 401, ""abandon_mandatory_inspection"": 64, ""change_high_level_objective"": 1}","{""repeat_sonar_scan"": {""ALLOW"": 24, ""DENY"": 0, ""DEFER"": 0}, ""enter_exclusion_zone"": {""ALLOW"": 0, ""DENY"": 16, ""DEFER"": 124}, ""exceed_return_energy_reserve"": {""ALLOW"": 0, ""DENY"": 8, ""DEFER"": 62}, ""hold_station"": {""ALLOW"": 70, ""DENY"": 0, ""DEFER"": 0}, ""reassign_another_auv"": {""ALLOW"": 0, ""DENY"": 8, ""DEFER"": 62}, ""bounded_path_correction"": {""ALLOW"": 401, ""DENY"": 0, ""DEFER"": 0}, ""abandon_mandatory_inspection"": {""ALLOW"": 0, ""DENY"": 8, ""DEFER"": 56}, ""change_high_level_objective"": {""ALLOW"": 0, ""DENY"": 1, ""DEFER"": 0}}","{""low"": {""ALLOW"": 495, ""DENY"": 0, ""DEFER"": 0}, ""consequential"": {""ALLOW"": 0, ""DENY"": 41, ""DEFER"": 304}}",aubellhop,False,True,cuda:0
B5_nominal,150,150.0,1,tr_3bf719402f6c_gpu,23e990f5f7545d95,unknown,0.8333333333333334,-60.0757,9,0.13043478260869565,0,0.0,1.0,6,6,0,8192,8192,1.0,13992.0,8.192,1148.0,816,0,0,69,69,5,True,"[""abandon_mandatory_inspection"", ""reassign_another_auv"", ""exceed_return_energy_reserve"", ""enter_exclusion_zone"", ""change_high_level_objective""]","{""abandon_mandatory_inspection"": {""proposed"": 62, ""ALLOW"": 62, ""DENY"": 0, ""DEFER"": 0}, ""reassign_another_auv"": {""proposed"": 1, ""ALLOW"": 1, ""DENY"": 0, ""DEFER"": 0}, ""exceed_return_energy_reserve"": {""proposed"": 3, ""ALLOW"": 3, ""DENY"": 0, ""DEFER"": 0}, ""enter_exclusion_zone"": {""proposed"": 2, ""ALLOW"": 2, ""DENY"": 0, ""DEFER"": 0}, ""change_high_level_objective"": {""proposed"": 1, ""ALLOW"": 1, ""DENY"": 0, ""DEFER"": 0}}","{""CONNECTED"": {""proposed"": 0, ""ALLOW"": 0.0, ""DENY"": 0.0, ""DEFER"": 0.0, ""fraction_of_consequential"": 0.0}, ""DEGRADED"": {""proposed"": 60, ""ALLOW"": 1.0, ""DENY"": 0.0, ""DEFER"": 0.0, ""fraction_of_consequential"": 0.8695652173913043}, ""PARTITIONED"": {""proposed"": 9, ""ALLOW"": 1.0, ""DENY"": 0.0, ""DEFER"": 0.0, ""fraction_of_consequential"": 0.13043478260869565}, ""ISOLATED"": {""proposed"": 0, ""ALLOW"": 0.0, ""DENY"": 0.0, ""DEFER"": 0.0, ""fraction_of_consequential"": 0.0}, ""RECOVERING"": {""proposed"": 0, ""ALLOW"": 0.0, ""DENY"": 0.0, ""DEFER"": 0.0, ""fraction_of_consequential"": 0.0}}","{""fresh"": {""proposed"": 69, ""ALLOW"": 69, ""DENY"": 0, ""DEFER"": 0, ""fraction_of_consequential"": 1.0}, ""aging"": {""proposed"": 0, ""ALLOW"": 0, ""DENY"": 0, ""DEFER"": 0, ""fraction_of_consequential"": 0.0}, ""stale"": {""proposed"": 0, ""ALLOW"": 0, ""DENY"": 0, ""DEFER"": 0, ""fraction_of_consequential"": 0.0}, ""hard_expired"": {""proposed"": 0, ""ALLOW"": 0, ""DENY"": 0, ""DEFER"": 0, ""fraction_of_consequential"": 0.0}}","{""freeze_id"": ""utility_v2_frozen_2026-09-28"", ""completed_mandatory"": 10, ""anomalies_resolved"": 1, ""useful_reassignments"": 1, ""missed_mandatory"": 2, ""exclusion_violations"": 2, ""reserve_violations"": 3, ""duplicate_work"": 0, ""total_energy_j"": 15140.0, ""unresolved_conflicts"": 19, ""terms"": {""completed_mandatory"": 100.0, ""anomaly_resolved"": 18.0, ""useful_reassignment"": 12.0, ""missed_mandatory"": -30.0, ""exclusion_violation"": -16.0, ""reserve_violation"": -30.0, ""duplicate_work"": -0.0, ""energy"": -0.0757, ""unresolved_conflict"": -114.0}, ""utility"": -60.0757}",utility_v2_frozen_2026-09-28,"{""CONNECTED"": 0.09681372549019608, ""DEGRADED"": 0.7855392156862745, ""PARTITIONED"": 0.11764705882352941, ""ISOLATED"": 0.0, ""RECOVERING"": 0.0}","{""repeat_sonar_scan"": 32, ""enter_exclusion_zone"": 2, ""exceed_return_energy_reserve"": 3, ""hold_station"": 119, ""reassign_another_auv"": 1, ""local_inference"": 1, ""bounded_path_correction"": 595, ""abandon_mandatory_inspection"": 62, ""change_high_level_objective"": 1}","{""repeat_sonar_scan"": {""ALLOW"": 32, ""DENY"": 0, ""DEFER"": 0}, ""enter_exclusion_zone"": {""ALLOW"": 2, ""DENY"": 0, ""DEFER"": 0}, ""exceed_return_energy_reserve"": {""ALLOW"": 3, ""DENY"": 0, ""DEFER"": 0}, ""hold_station"": {""ALLOW"": 119, ""DENY"": 0, ""DEFER"": 0}, ""reassign_another_auv"": {""ALLOW"": 1, ""DENY"": 0, ""DEFER"": 0}, ""local_inference"": {""ALLOW"": 1, ""DENY"": 0, ""DEFER"": 0}, ""bounded_path_correction"": {""ALLOW"": 595, ""DENY"": 0, ""DEFER"": 0}, ""abandon_mandatory_inspection"": {""ALLOW"": 62, ""DENY"": 0, ""DEFER"": 0}, ""change_high_level_objective"": {""ALLOW"": 1, ""DENY"": 0, ""DEFER"": 0}}","{""low"": {""ALLOW"": 747, ""DENY"": 0, ""DEFER"": 0}, ""consequential"": {""ALLOW"": 69, ""DENY"": 0, ""DEFER"": 0}}",aubellhop,False,True,cuda:0
B5_permissive,150,150.0,1,tr_3bf719402f6c_gpu,23e990f5f7545d95,unknown,0.8333333333333334,-60.0757,9,0.13043478260869565,0,0.0,1.0,6,6,0,8192,8192,1.0,13992.0,8.192,1148.0,816,0,0,69,69,5,True,"[""abandon_mandatory_inspection"", ""reassign_another_auv"", ""exceed_return_energy_reserve"", ""enter_exclusion_zone"", ""change_high_level_objective""]","{""abandon_mandatory_inspection"": {""proposed"": 62, ""ALLOW"": 62, ""DENY"": 0, ""DEFER"": 0}, ""reassign_another_auv"": {""proposed"": 1, ""ALLOW"": 1, ""DENY"": 0, ""DEFER"": 0}, ""exceed_return_energy_reserve"": {""proposed"": 3, ""ALLOW"": 3, ""DENY"": 0, ""DEFER"": 0}, ""enter_exclusion_zone"": {""proposed"": 2, ""ALLOW"": 2, ""DENY"": 0, ""DEFER"": 0}, ""change_high_level_objective"": {""proposed"": 1, ""ALLOW"": 1, ""DENY"": 0, ""DEFER"": 0}}","{""CONNECTED"": {""proposed"": 0, ""ALLOW"": 0.0, ""DENY"": 0.0, ""DEFER"": 0.0, ""fraction_of_consequential"": 0.0}, ""DEGRADED"": {""proposed"": 60, ""ALLOW"": 1.0, ""DENY"": 0.0, ""DEFER"": 0.0, ""fraction_of_consequential"": 0.8695652173913043}, ""PARTITIONED"": {""proposed"": 9, ""ALLOW"": 1.0, ""DENY"": 0.0, ""DEFER"": 0.0, ""fraction_of_consequential"": 0.13043478260869565}, ""ISOLATED"": {""proposed"": 0, ""ALLOW"": 0.0, ""DENY"": 0.0, ""DEFER"": 0.0, ""fraction_of_consequential"": 0.0}, ""RECOVERING"": {""proposed"": 0, ""ALLOW"": 0.0, ""DENY"": 0.0, ""DEFER"": 0.0, ""fraction_of_consequential"": 0.0}}","{""fresh"": {""proposed"": 69, ""ALLOW"": 69, ""DENY"": 0, ""DEFER"": 0, ""fraction_of_consequential"": 1.0}, ""aging"": {""proposed"": 0, ""ALLOW"": 0, ""DENY"": 0, ""DEFER"": 0, ""fraction_of_consequential"": 0.0}, ""stale"": {""proposed"": 0, ""ALLOW"": 0, ""DENY"": 0, ""DEFER"": 0, ""fraction_of_consequential"": 0.0}, ""hard_expired"": {""proposed"": 0, ""ALLOW"": 0, ""DENY"": 0, ""DEFER"": 0, ""fraction_of_consequential"": 0.0}}","{""freeze_id"": ""utility_v2_frozen_2026-09-28"", ""completed_mandatory"": 10, ""anomalies_resolved"": 1, ""useful_reassignments"": 1, ""missed_mandatory"": 2, ""exclusion_violations"": 2, ""reserve_violations"": 3, ""duplicate_work"": 0, ""total_energy_j"": 15140.0, ""unresolved_conflicts"": 19, ""terms"": {""completed_mandatory"": 100.0, ""anomaly_resolved"": 18.0, ""useful_reassignment"": 12.0, ""missed_mandatory"": -30.0, ""exclusion_violation"": -16.0, ""reserve_violation"": -30.0, ""duplicate_work"": -0.0, ""energy"": -0.0757, ""unresolved_conflict"": -114.0}, ""utility"": -60.0757}",utility_v2_frozen_2026-09-28,"{""CONNECTED"": 0.09681372549019608, ""DEGRADED"": 0.7855392156862745, ""PARTITIONED"": 0.11764705882352941, ""ISOLATED"": 0.0, ""RECOVERING"": 0.0}","{""repeat_sonar_scan"": 32, ""enter_exclusion_zone"": 2, ""exceed_return_energy_reserve"": 3, ""hold_station"": 119, ""reassign_another_auv"": 1, ""local_inference"": 1, ""bounded_path_correction"": 595, ""abandon_mandatory_inspection"": 62, ""change_high_level_objective"": 1}","{""repeat_sonar_scan"": {""ALLOW"": 32, ""DENY"": 0, ""DEFER"": 0}, ""enter_exclusion_zone"": {""ALLOW"": 2, ""DENY"": 0, ""DEFER"": 0}, ""exceed_return_energy_reserve"": {""ALLOW"": 3, ""DENY"": 0, ""DEFER"": 0}, ""hold_station"": {""ALLOW"": 119, ""DENY"": 0, ""DEFER"": 0}, ""reassign_another_auv"": {""ALLOW"": 1, ""DENY"": 0, ""DEFER"": 0}, ""local_inference"": {""ALLOW"": 1, ""DENY"": 0, ""DEFER"": 0}, ""bounded_path_correction"": {""ALLOW"": 595, ""DENY"": 0, ""DEFER"": 0}, ""abandon_mandatory_inspection"": {""ALLOW"": 62, ""DENY"": 0, ""DEFER"": 0}, ""change_high_level_objective"": {""ALLOW"": 1, ""DENY"": 0, ""DEFER"": 0}}","{""low"": {""ALLOW"": 747, ""DENY"": 0, ""DEFER"": 0}, ""consequential"": {""ALLOW"": 69, ""DENY"": 0, ""DEFER"": 0}}",aubellhop,False,True,cuda:0
B1,300,300.0,1,tr_3bf719402f6c_gpu,b727cff6348eb724,unknown,0.8333333333333334,-96.0806,15,0.2112676056338028,0,0.0,1.0,6,6,3,8192,8192,1.0,14972.0,8.192,1148.0,813,3,0,71,68,5,True,"[""abandon_mandatory_inspection"", ""reassign_another_auv"", ""exceed_return_energy_reserve"", ""enter_exclusion_zone"", ""change_high_level_objective""]","{""abandon_mandatory_inspection"": {""proposed"": 62, ""ALLOW"": 62, ""DENY"": 0, ""DEFER"": 0}, ""reassign_another_auv"": {""proposed"": 1, ""ALLOW"": 1, ""DENY"": 0, ""DEFER"": 0}, ""exceed_return_energy_reserve"": {""proposed"": 3, ""ALLOW"": 3, ""DENY"": 0, ""DEFER"": 0}, ""enter_exclusion_zone"": {""proposed"": 2, ""ALLOW"": 2, ""DENY"": 0, ""DEFER"": 0}, ""change_high_level_objective"": {""proposed"": 3, ""ALLOW"": 0, ""DENY"": 3, ""DEFER"": 0}}","{""CONNECTED"": {""proposed"": 0, ""ALLOW"": 0.0, ""DENY"": 0.0, ""DEFER"": 0.0, ""fraction_of_consequential"": 0.0}, ""DEGRADED"": {""proposed"": 53, ""ALLOW"": 1.0, ""DENY"": 0.0, ""DEFER"": 0.0, ""fraction_of_consequential"": 0.7464788732394366}, ""PARTITIONED"": {""proposed"": 18, ""ALLOW"": 0.8333333333333334, ""DENY"": 0.16666666666666666, ""DEFER"": 0.0, ""fraction_of_consequential"": 0.2535211267605634}, ""ISOLATED"": {""proposed"": 0, ""ALLOW"": 0.0, ""DENY"": 0.0, ""DEFER"": 0.0, ""fraction_of_consequential"": 0.0}, ""RECOVERING"": {""proposed"": 0, ""ALLOW"": 0.0, ""DENY"": 0.0, ""DEFER"": 0.0, ""fraction_of_consequential"": 0.0}}","{""fresh"": {""proposed"": 69, ""ALLOW"": 68, ""DENY"": 1, ""DEFER"": 0, ""fraction_of_consequential"": 0.971830985915493}, ""aging"": {""proposed"": 2, ""ALLOW"": 0, ""DENY"": 2, ""DEFER"": 0, ""fraction_of_consequential"": 0.028169014084507043}, ""stale"": {""proposed"": 0, ""ALLOW"": 0, ""DENY"": 0, ""DEFER"": 0, ""fraction_of_consequential"": 0.0}, ""hard_expired"": {""proposed"": 0, ""ALLOW"": 0, ""DENY"": 0, ""DEFER"": 0, ""fraction_of_consequential"": 0.0}}","{""freeze_id"": ""utility_v2_frozen_2026-09-28"", ""completed_mandatory"": 10, ""anomalies_resolved"": 1, ""useful_reassignments"": 1, ""missed_mandatory"": 2, ""exclusion_violations"": 2, ""reserve_violations"": 3, ""duplicate_work"": 0, ""total_energy_j"": 16120.0, ""unresolved_conflicts"": 25, ""terms"": {""completed_mandatory"": 100.0, ""anomaly_resolved"": 18.0, ""useful_reassignment"": 12.0, ""missed_mandatory"": -30.0, ""exclusion_violation"": -16.0, ""reserve_violation"": -30.0, ""duplicate_work"": -0.0, ""energy"": -0.0806, ""unresolved_conflict"": -150.0}, ""utility"": -96.0806}",utility_v2_frozen_2026-09-28,"{""CONNECTED"": 0.0821078431372549, ""DEGRADED"": 0.6973039215686274, ""PARTITIONED"": 0.22058823529411764, ""ISOLATED"": 0.0, ""RECOVERING"": 0.0}","{""repeat_sonar_scan"": 32, ""enter_exclusion_zone"": 2, ""exceed_return_energy_reserve"": 3, ""hold_station"": 68, ""reassign_another_auv"": 1, ""local_inference"": 1, ""bounded_path_correction"": 644, ""abandon_mandatory_inspection"": 62, ""change_high_level_objective"": 3}","{""repeat_sonar_scan"": {""ALLOW"": 32, ""DENY"": 0, ""DEFER"": 0}, ""enter_exclusion_zone"": {""ALLOW"": 2, ""DENY"": 0, ""DEFER"": 0}, ""exceed_return_energy_reserve"": {""ALLOW"": 3, ""DENY"": 0, ""DEFER"": 0}, ""hold_station"": {""ALLOW"": 68, ""DENY"": 0, ""DEFER"": 0}, ""reassign_another_auv"": {""ALLOW"": 1, ""DENY"": 0, ""DEFER"": 0}, ""local_inference"": {""ALLOW"": 1, ""DENY"": 0, ""DEFER"": 0}, ""bounded_path_correction"": {""ALLOW"": 644, ""DENY"": 0, ""DEFER"": 0}, ""abandon_mandatory_inspection"": {""ALLOW"": 62, ""DENY"": 0, ""DEFER"": 0}, ""change_high_level_objective"": {""ALLOW"": 0, ""DENY"": 3, ""DEFER"": 0}}","{""low"": {""ALLOW"": 745, ""DENY"": 0, ""DEFER"": 0}, ""consequential"": {""ALLOW"": 68, ""DENY"": 3, ""DEFER"": 0}}",aubellhop,False,True,cuda:0
B2,300,300.0,1,tr_3bf719402f6c_gpu,b727cff6348eb724,unknown,0.8333333333333334,-102.0748,16,0.23529411764705882,0,0.0,1.0,6,6,0,8192,8192,1.0,13812.0,8.192,1148.0,804,0,0,68,68,5,True,"[""abandon_mandatory_inspection"", ""reassign_another_auv"", ""exceed_return_energy_reserve"", ""enter_exclusion_zone"", ""change_high_level_objective""]","{""abandon_mandatory_inspection"": {""proposed"": 61, ""ALLOW"": 61, ""DENY"": 0, ""DEFER"": 0}, ""reassign_another_auv"": {""proposed"": 1, ""ALLOW"": 1, ""DENY"": 0, ""DEFER"": 0}, ""exceed_return_energy_reserve"": {""proposed"": 3, ""ALLOW"": 3, ""DENY"": 0, ""DEFER"": 0}, ""enter_exclusion_zone"": {""proposed"": 2, ""ALLOW"": 2, ""DENY"": 0, ""DEFER"": 0}, ""change_high_level_objective"": {""proposed"": 1, ""ALLOW"": 1, ""DENY"": 0, ""DEFER"": 0}}","{""CONNECTED"": {""proposed"": 0, ""ALLOW"": 0.0, ""DENY"": 0.0, ""DEFER"": 0.0, ""fraction_of_consequential"": 0.0}, ""DEGRADED"": {""proposed"": 52, ""ALLOW"": 1.0, ""DENY"": 0.0, ""DEFER"": 0.0, ""fraction_of_consequential"": 0.7647058823529411}, ""PARTITIONED"": {""proposed"": 16, ""ALLOW"": 1.0, ""DENY"": 0.0, ""DEFER"": 0.0, ""fraction_of_consequential"": 0.23529411764705882}, ""ISOLATED"": {""proposed"": 0, ""ALLOW"": 0.0, ""DENY"": 0.0, ""DEFER"": 0.0, ""fraction_of_consequential"": 0.0}, ""RECOVERING"": {""proposed"": 0, ""ALLOW"": 0.0, ""DENY"": 0.0, ""DEFER"": 0.0, ""fraction_of_consequential"": 0.0}}","{""fresh"": {""proposed"": 68, ""ALLOW"": 68, ""DENY"": 0, ""DEFER"": 0, ""fraction_of_consequential"": 1.0}, ""aging"": {""proposed"": 0, ""ALLOW"": 0, ""DENY"": 0, ""DEFER"": 0, ""fraction_of_consequential"": 0.0}, ""stale"": {""proposed"": 0, ""ALLOW"": 0, ""DENY"": 0, ""DEFER"": 0, ""fraction_of_consequential"": 0.0}, ""hard_expired"": {""proposed"": 0, ""ALLOW"": 0, ""DENY"": 0, ""DEFER"": 0, ""fraction_of_consequential"": 0.0}}","{""freeze_id"": ""utility_v2_frozen_2026-09-28"", ""completed_mandatory"": 10, ""anomalies_resolved"": 1, ""useful_reassignments"": 1, ""missed_mandatory"": 2, ""exclusion_violations"": 2, ""reserve_violations"": 3, ""duplicate_work"": 0, ""total_energy_j"": 14960.0, ""unresolved_conflicts"": 26, ""terms"": {""completed_mandatory"": 100.0, ""anomaly_resolved"": 18.0, ""useful_reassignment"": 12.0, ""missed_mandatory"": -30.0, ""exclusion_violation"": -16.0, ""reserve_violation"": -30.0, ""duplicate_work"": -0.0, ""energy"": -0.0748, ""unresolved_conflict"": -156.0}, ""utility"": -102.0748}",utility_v2_frozen_2026-09-28,"{""CONNECTED"": 0.08830845771144279, ""DEGRADED"": 0.6878109452736318, ""PARTITIONED"": 0.22388059701492538, ""ISOLATED"": 0.0, ""RECOVERING"": 0.0}","{""repeat_sonar_scan"": 32, ""enter_exclusion_zone"": 2, ""exceed_return_energy_reserve"": 3, ""hold_station"": 117, ""reassign_another_auv"": 1, ""local_inference"": 1, ""bounded_path_correction"": 586, ""abandon_mandatory_inspection"": 61, ""change_high_level_objective"": 1}","{""repeat_sonar_scan"": {""ALLOW"": 32, ""DENY"": 0, ""DEFER"": 0}, ""enter_exclusion_zone"": {""ALLOW"": 2, ""DENY"": 0, ""DEFER"": 0}, ""exceed_return_energy_reserve"": {""ALLOW"": 3, ""DENY"": 0, ""DEFER"": 0}, ""hold_station"": {""ALLOW"": 117, ""DENY"": 0, ""DEFER"": 0}, ""reassign_another_auv"": {""ALLOW"": 1, ""DENY"": 0, ""DEFER"": 0}, ""local_inference"": {""ALLOW"": 1, ""DENY"": 0, ""DEFER"": 0}, ""bounded_path_correction"": {""ALLOW"": 586, ""DENY"": 0, ""DEFER"": 0}, ""abandon_mandatory_inspection"": {""ALLOW"": 61, ""DENY"": 0, ""DEFER"": 0}, ""change_high_level_objective"": {""ALLOW"": 1, ""DENY"": 0, ""DEFER"": 0}}","{""low"": {""ALLOW"": 736, ""DENY"": 0, ""DEFER"": 0}, ""consequential"": {""ALLOW"": 68, ""DENY"": 0, ""DEFER"": 0}}",aubellhop,False,True,cuda:0
B3,300,300.0,1,tr_3bf719402f6c_gpu,b727cff6348eb724,unknown,0.5,-30.0459,0,0.0,70,0.2017291066282421,0.0,280,0,347,8192,8192,1.0,8340.0,8.192,840.0,493,347,0,347,0,5,True,"[""abandon_mandatory_inspection"", ""reassign_another_auv"", ""exceed_return_energy_reserve"", ""enter_exclusion_zone"", ""change_high_level_objective""]","{""abandon_mandatory_inspection"": {""proposed"": 64, ""ALLOW"": 0, ""DENY"": 64, ""DEFER"": 0}, ""reassign_another_auv"": {""proposed"": 70, ""ALLOW"": 0, ""DENY"": 70, ""DEFER"": 0}, ""exceed_return_energy_reserve"": {""proposed"": 70, ""ALLOW"": 0, ""DENY"": 70, ""DEFER"": 0}, ""enter_exclusion_zone"": {""proposed"": 140, ""ALLOW"": 0, ""DENY"": 140, ""DEFER"": 0}, ""change_high_level_objective"": {""proposed"": 3, ""ALLOW"": 0, ""DENY"": 3, ""DEFER"": 0}}","{""CONNECTED"": {""proposed"": 0, ""ALLOW"": 0.0, ""DENY"": 0.0, ""DEFER"": 0.0, ""fraction_of_consequential"": 0.0}, ""DEGRADED"": {""proposed"": 269, ""ALLOW"": 0.0, ""DENY"": 1.0, ""DEFER"": 0.0, ""fraction_of_consequential"": 0.7752161383285303}, ""PARTITIONED"": {""proposed"": 78, ""ALLOW"": 0.0, ""DENY"": 1.0, ""DEFER"": 0.0, ""fraction_of_consequential"": 0.22478386167146974}, ""ISOLATED"": {""proposed"": 0, ""ALLOW"": 0.0, ""DENY"": 0.0, ""DEFER"": 0.0, ""fraction_of_consequential"": 0.0}, ""RECOVERING"": {""proposed"": 0, ""ALLOW"": 0.0, ""DENY"": 0.0, ""DEFER"": 0.0, ""fraction_of_consequential"": 0.0}}","{""fresh"": {""proposed"": 313, ""ALLOW"": 0, ""DENY"": 313, ""DEFER"": 0, ""fraction_of_consequential"": 0.9020172910662824}, ""aging"": {""proposed"": 34, ""ALLOW"": 0, ""DENY"": 34, ""DEFER"": 0, ""fraction_of_consequential"": 0.09798270893371758}, ""stale"": {""proposed"": 0, ""ALLOW"": 0, ""DENY"": 0, ""DEFER"": 0, ""fraction_of_consequential"": 0.0}, ""hard_expired"": {""proposed"": 0, ""ALLOW"": 0, ""DENY"": 0, ""DEFER"": 0, ""fraction_of_consequential"": 0.0}}","{""freeze_id"": ""utility_v2_frozen_2026-09-28"", ""completed_mandatory"": 6, ""anomalies_resolved"": 0, ""useful_reassignments"": 0, ""missed_mandatory"": 6, ""exclusion_violations"": 0, ""reserve_violations"": 0, ""duplicate_work"": 0, ""total_energy_j"": 9180.0, ""unresolved_conflicts"": 0, ""terms"": {""completed_mandatory"": 60.0, ""anomaly_resolved"": 0.0, ""useful_reassignment"": 0.0, ""missed_mandatory"": -90.0, ""exclusion_violation"": -0.0, ""reserve_violation"": -0.0, ""duplicate_work"": -0.0, ""energy"": -0.0459, ""unresolved_conflict"": -0.0}, ""utility"": -30.0459}",utility_v2_frozen_2026-09-28,"{""CONNECTED"": 0.08452380952380953, ""DEGRADED"": 0.7011904761904761, ""PARTITIONED"": 0.21428571428571427, ""ISOLATED"": 0.0, ""RECOVERING"": 0.0}","{""repeat_sonar_scan"": 24, ""enter_exclusion_zone"": 140, ""exceed_return_energy_reserve"": 70, ""hold_station"": 70, ""reassign_another_auv"": 70, ""bounded_path_correction"": 399, ""abandon_mandatory_inspection"": 64, ""change_high_level_objective"": 3}","{""repeat_sonar_scan"": {""ALLOW"": 24, ""DENY"": 0, ""DEFER"": 0}, ""enter_exclusion_zone"": {""ALLOW"": 0, ""DENY"": 140, ""DEFER"": 0}, ""exceed_return_energy_reserve"": {""ALLOW"": 0, ""DENY"": 70, ""DEFER"": 0}, ""hold_station"": {""ALLOW"": 70, ""DENY"": 0, ""DEFER"": 0}, ""reassign_another_auv"": {""ALLOW"": 0, ""DENY"": 70, ""DEFER"": 0}, ""bounded_path_correction"": {""ALLOW"": 399, ""DENY"": 0, ""DEFER"": 0}, ""abandon_mandatory_inspection"": {""ALLOW"": 0, ""DENY"": 64, ""DEFER"": 0}, ""change_high_level_objective"": {""ALLOW"": 0, ""DENY"": 3, ""DEFER"": 0}}","{""low"": {""ALLOW"": 493, ""DENY"": 0, ""DEFER"": 0}, ""consequential"": {""ALLOW"": 0, ""DENY"": 347, ""DEFER"": 0}}",aubellhop,False,True,cuda:0
B4,300,300.0,1,tr_3bf719402f6c_gpu,b727cff6348eb724,unknown,0.8333333333333334,53.9225,16,0.22535211267605634,0,0.0,1.0,6,6,0,8192,8192,1.0,14352.0,8.192,1148.0,840,0,0,71,71,5,True,"[""abandon_mandatory_inspection"", ""reassign_another_auv"", ""exceed_return_energy_reserve"", ""enter_exclusion_zone"", ""change_high_level_objective""]","{""abandon_mandatory_inspection"": {""proposed"": 64, ""ALLOW"": 64, ""DENY"": 0, ""DEFER"": 0}, ""reassign_another_auv"": {""proposed"": 1, ""ALLOW"": 1, ""DENY"": 0, ""DEFER"": 0}, ""exceed_return_energy_reserve"": {""proposed"": 3, ""ALLOW"": 3, ""DENY"": 0, ""DEFER"": 0}, ""enter_exclusion_zone"": {""proposed"": 2, ""ALLOW"": 2, ""DENY"": 0, ""DEFER"": 0}, ""change_high_level_objective"": {""proposed"": 1, ""ALLOW"": 1, ""DENY"": 0, ""DEFER"": 0}}","{""CONNECTED"": {""proposed"": 0, ""ALLOW"": 0.0, ""DENY"": 0.0, ""DEFER"": 0.0, ""fraction_of_consequential"": 0.0}, ""DEGRADED"": {""proposed"": 55, ""ALLOW"": 1.0, ""DENY"": 0.0, ""DEFER"": 0.0, ""fraction_of_consequential"": 0.7746478873239436}, ""PARTITIONED"": {""proposed"": 16, ""ALLOW"": 1.0, ""DENY"": 0.0, ""DEFER"": 0.0, ""fraction_of_consequential"": 0.22535211267605634}, ""ISOLATED"": {""proposed"": 0, ""ALLOW"": 0.0, ""DENY"": 0.0, ""DEFER"": 0.0, ""fraction_of_consequential"": 0.0}, ""RECOVERING"": {""proposed"": 0, ""ALLOW"": 0.0, ""DENY"": 0.0, ""DEFER"": 0.0, ""fraction_of_consequential"": 0.0}}","{""fresh"": {""proposed"": 71, ""ALLOW"": 71, ""DENY"": 0, ""DEFER"": 0, ""fraction_of_consequential"": 1.0}, ""aging"": {""proposed"": 0, ""ALLOW"": 0, ""DENY"": 0, ""DEFER"": 0, ""fraction_of_consequential"": 0.0}, ""stale"": {""proposed"": 0, ""ALLOW"": 0, ""DENY"": 0, ""DEFER"": 0, ""fraction_of_consequential"": 0.0}, ""hard_expired"": {""proposed"": 0, ""ALLOW"": 0, ""DENY"": 0, ""DEFER"": 0, ""fraction_of_consequential"": 0.0}}","{""freeze_id"": ""utility_v2_frozen_2026-09-28"", ""completed_mandatory"": 10, ""anomalies_resolved"": 1, ""useful_reassignments"": 1, ""missed_mandatory"": 2, ""exclusion_violations"": 2, ""reserve_violations"": 3, ""duplicate_work"": 0, ""total_energy_j"": 15500.0, ""unresolved_conflicts"": 0, ""terms"": {""completed_mandatory"": 100.0, ""anomaly_resolved"": 18.0, ""useful_reassignment"": 12.0, ""missed_mandatory"": -30.0, ""exclusion_violation"": -16.0, ""reserve_violation"": -30.0, ""duplicate_work"": -0.0, ""energy"": -0.0775, ""unresolved_conflict"": -0.0}, ""utility"": 53.9225}",utility_v2_frozen_2026-09-28,"{""CONNECTED"": 0.07976190476190476, ""DEGRADED"": 0.705952380952381, ""PARTITIONED"": 0.21428571428571427, ""ISOLATED"": 0.0, ""RECOVERING"": 0.0}","{""repeat_sonar_scan"": 32, ""enter_exclusion_zone"": 2, ""exceed_return_energy_reserve"": 3, ""hold_station"": 123, ""reassign_another_auv"": 1, ""local_inference"": 1, ""bounded_path_correction"": 613, ""abandon_mandatory_inspection"": 64, ""change_high_level_objective"": 1}","{""repeat_sonar_scan"": {""ALLOW"": 32, ""DENY"": 0, ""DEFER"": 0}, ""enter_exclusion_zone"": {""ALLOW"": 2, ""DENY"": 0, ""DEFER"": 0}, ""exceed_return_energy_reserve"": {""ALLOW"": 3, ""DENY"": 0, ""DEFER"": 0}, ""hold_station"": {""ALLOW"": 123, ""DENY"": 0, ""DEFER"": 0}, ""reassign_another_auv"": {""ALLOW"": 1, ""DENY"": 0, ""DEFER"": 0}, ""local_inference"": {""ALLOW"": 1, ""DENY"": 0, ""DEFER"": 0}, ""bounded_path_correction"": {""ALLOW"": 613, ""DENY"": 0, ""DEFER"": 0}, ""abandon_mandatory_inspection"": {""ALLOW"": 64, ""DENY"": 0, ""DEFER"": 0}, ""change_high_level_objective"": {""ALLOW"": 1, ""DENY"": 0, ""DEFER"": 0}}","{""low"": {""ALLOW"": 769, ""DENY"": 0, ""DEFER"": 0}, ""consequential"": {""ALLOW"": 71, ""DENY"": 0, ""DEFER"": 0}}",aubellhop,False,True,cuda:0
B5_conservative,300,300.0,1,tr_3bf719402f6c_gpu,b727cff6348eb724,unknown,0.5,-30.0459,0,0.0,15,0.19230769230769232,0.0,280,0,78,8192,8192,1.0,8340.0,8.192,840.0,493,78,269,347,0,5,True,"[""abandon_mandatory_inspection"", ""reassign_another_auv"", ""exceed_return_energy_reserve"", ""enter_exclusion_zone"", ""change_high_level_objective""]","{""abandon_mandatory_inspection"": {""proposed"": 64, ""ALLOW"": 0, ""DENY"": 15, ""DEFER"": 49}, ""reassign_another_auv"": {""proposed"": 70, ""ALLOW"": 0, ""DENY"": 15, ""DEFER"": 55}, ""exceed_return_energy_reserve"": {""proposed"": 70, ""ALLOW"": 0, ""DENY"": 15, ""DEFER"": 55}, ""enter_exclusion_zone"": {""proposed"": 140, ""ALLOW"": 0, ""DENY"": 30, ""DEFER"": 110}, ""change_high_level_objective"": {""proposed"": 3, ""ALLOW"": 0, ""DENY"": 3, ""DEFER"": 0}}","{""CONNECTED"": {""proposed"": 0, ""ALLOW"": 0.0, ""DENY"": 0.0, ""DEFER"": 0.0, ""fraction_of_consequential"": 0.0}, ""DEGRADED"": {""proposed"": 269, ""ALLOW"": 0.0, ""DENY"": 0.0, ""DEFER"": 1.0, ""fraction_of_consequential"": 0.7752161383285303}, ""PARTITIONED"": {""proposed"": 78, ""ALLOW"": 0.0, ""DENY"": 1.0, ""DEFER"": 0.0, ""fraction_of_consequential"": 0.22478386167146974}, ""ISOLATED"": {""proposed"": 0, ""ALLOW"": 0.0, ""DENY"": 0.0, ""DEFER"": 0.0, ""fraction_of_consequential"": 0.0}, ""RECOVERING"": {""proposed"": 0, ""ALLOW"": 0.0, ""DENY"": 0.0, ""DEFER"": 0.0, ""fraction_of_consequential"": 0.0}}","{""fresh"": {""proposed"": 313, ""ALLOW"": 0, ""DENY"": 44, ""DEFER"": 269, ""fraction_of_consequential"": 0.9020172910662824}, ""aging"": {""proposed"": 34, ""ALLOW"": 0, ""DENY"": 34, ""DEFER"": 0, ""fraction_of_consequential"": 0.09798270893371758}, ""stale"": {""proposed"": 0, ""ALLOW"": 0, ""DENY"": 0, ""DEFER"": 0, ""fraction_of_consequential"": 0.0}, ""hard_expired"": {""proposed"": 0, ""ALLOW"": 0, ""DENY"": 0, ""DEFER"": 0, ""fraction_of_consequential"": 0.0}}","{""freeze_id"": ""utility_v2_frozen_2026-09-28"", ""completed_mandatory"": 6, ""anomalies_resolved"": 0, ""useful_reassignments"": 0, ""missed_mandatory"": 6, ""exclusion_violations"": 0, ""reserve_violations"": 0, ""duplicate_work"": 0, ""total_energy_j"": 9180.0, ""unresolved_conflicts"": 0, ""terms"": {""completed_mandatory"": 60.0, ""anomaly_resolved"": 0.0, ""useful_reassignment"": 0.0, ""missed_mandatory"": -90.0, ""exclusion_violation"": -0.0, ""reserve_violation"": -0.0, ""duplicate_work"": -0.0, ""energy"": -0.0459, ""unresolved_conflict"": -0.0}, ""utility"": -30.0459}",utility_v2_frozen_2026-09-28,"{""CONNECTED"": 0.08452380952380953, ""DEGRADED"": 0.7011904761904761, ""PARTITIONED"": 0.21428571428571427, ""ISOLATED"": 0.0, ""RECOVERING"": 0.0}","{""repeat_sonar_scan"": 24, ""enter_exclusion_zone"": 140, ""exceed_return_energy_reserve"": 70, ""hold_station"": 70, ""reassign_another_auv"": 70, ""bounded_path_correction"": 399, ""abandon_mandatory_inspection"": 64, ""change_high_level_objective"": 3}","{""repeat_sonar_scan"": {""ALLOW"": 24, ""DENY"": 0, ""DEFER"": 0}, ""enter_exclusion_zone"": {""ALLOW"": 0, ""DENY"": 30, ""DEFER"": 110}, ""exceed_return_energy_reserve"": {""ALLOW"": 0, ""DENY"": 15, ""DEFER"": 55}, ""hold_station"": {""ALLOW"": 70, ""DENY"": 0, ""DEFER"": 0}, ""reassign_another_auv"": {""ALLOW"": 0, ""DENY"": 15, ""DEFER"": 55}, ""bounded_path_correction"": {""ALLOW"": 399, ""DENY"": 0, ""DEFER"": 0}, ""abandon_mandatory_inspection"": {""ALLOW"": 0, ""DENY"": 15, ""DEFER"": 49}, ""change_high_level_objective"": {""ALLOW"": 0, ""DENY"": 3, ""DEFER"": 0}}","{""low"": {""ALLOW"": 493, ""DENY"": 0, ""DEFER"": 0}, ""consequential"": {""ALLOW"": 0, ""DENY"": 78, ""DEFER"": 269}}",aubellhop,False,True,cuda:0
B5_nominal,300,300.0,1,tr_3bf719402f6c_gpu,b727cff6348eb724,unknown,0.8333333333333334,-102.0748,16,0.23529411764705882,0,0.0,1.0,6,6,0,8192,8192,1.0,13812.0,8.192,1148.0,804,0,0,68,68,5,True,"[""abandon_mandatory_inspection"", ""reassign_another_auv"", ""exceed_return_energy_reserve"", ""enter_exclusion_zone"", ""change_high_level_objective""]","{""abandon_mandatory_inspection"": {""proposed"": 61, ""ALLOW"": 61, ""DENY"": 0, ""DEFER"": 0}, ""reassign_another_auv"": {""proposed"": 1, ""ALLOW"": 1, ""DENY"": 0, ""DEFER"": 0}, ""exceed_return_energy_reserve"": {""proposed"": 3, ""ALLOW"": 3, ""DENY"": 0, ""DEFER"": 0}, ""enter_exclusion_zone"": {""proposed"": 2, ""ALLOW"": 2, ""DENY"": 0, ""DEFER"": 0}, ""change_high_level_objective"": {""proposed"": 1, ""ALLOW"": 1, ""DENY"": 0, ""DEFER"": 0}}","{""CONNECTED"": {""proposed"": 0, ""ALLOW"": 0.0, ""DENY"": 0.0, ""DEFER"": 0.0, ""fraction_of_consequential"": 0.0}, ""DEGRADED"": {""proposed"": 52, ""ALLOW"": 1.0, ""DENY"": 0.0, ""DEFER"": 0.0, ""fraction_of_consequential"": 0.7647058823529411}, ""PARTITIONED"": {""proposed"": 16, ""ALLOW"": 1.0, ""DENY"": 0.0, ""DEFER"": 0.0, ""fraction_of_consequential"": 0.23529411764705882}, ""ISOLATED"": {""proposed"": 0, ""ALLOW"": 0.0, ""DENY"": 0.0, ""DEFER"": 0.0, ""fraction_of_consequential"": 0.0}, ""RECOVERING"": {""proposed"": 0, ""ALLOW"": 0.0, ""DENY"": 0.0, ""DEFER"": 0.0, ""fraction_of_consequential"": 0.0}}","{""fresh"": {""proposed"": 68, ""ALLOW"": 68, ""DENY"": 0, ""DEFER"": 0, ""fraction_of_consequential"": 1.0}, ""aging"": {""proposed"": 0, ""ALLOW"": 0, ""DENY"": 0, ""DEFER"": 0, ""fraction_of_consequential"": 0.0}, ""stale"": {""proposed"": 0, ""ALLOW"": 0, ""DENY"": 0, ""DEFER"": 0, ""fraction_of_consequential"": 0.0}, ""hard_expired"": {""proposed"": 0, ""ALLOW"": 0, ""DENY"": 0, ""DEFER"": 0, ""fraction_of_consequential"": 0.0}}","{""freeze_id"": ""utility_v2_frozen_2026-09-28"", ""completed_mandatory"": 10, ""anomalies_resolved"": 1, ""useful_reassignments"": 1, ""missed_mandatory"": 2, ""exclusion_violations"": 2, ""reserve_violations"": 3, ""duplicate_work"": 0, ""total_energy_j"": 14960.0, ""unresolved_conflicts"": 26, ""terms"": {""completed_mandatory"": 100.0, ""anomaly_resolved"": 18.0, ""useful_reassignment"": 12.0, ""missed_mandatory"": -30.0, ""exclusion_violation"": -16.0, ""reserve_violation"": -30.0, ""duplicate_work"": -0.0, ""energy"": -0.0748, ""unresolved_conflict"": -156.0}, ""utility"": -102.0748}",utility_v2_frozen_2026-09-28,"{""CONNECTED"": 0.08830845771144279, ""DEGRADED"": 0.6878109452736318, ""PARTITIONED"": 0.22388059701492538, ""ISOLATED"": 0.0, ""RECOVERING"": 0.0}","{""repeat_sonar_scan"": 32, ""enter_exclusion_zone"": 2, ""exceed_return_energy_reserve"": 3, ""hold_station"": 117, ""reassign_another_auv"": 1, ""local_inference"": 1, ""bounded_path_correction"": 586, ""abandon_mandatory_inspection"": 61, ""change_high_level_objective"": 1}","{""repeat_sonar_scan"": {""ALLOW"": 32, ""DENY"": 0, ""DEFER"": 0}, ""enter_exclusion_zone"": {""ALLOW"": 2, ""DENY"": 0, ""DEFER"": 0}, ""exceed_return_energy_reserve"": {""ALLOW"": 3, ""DENY"": 0, ""DEFER"": 0}, ""hold_station"": {""ALLOW"": 117, ""DENY"": 0, ""DEFER"": 0}, ""reassign_another_auv"": {""ALLOW"": 1, ""DENY"": 0, ""DEFER"": 0}, ""local_inference"": {""ALLOW"": 1, ""DENY"": 0, ""DEFER"": 0}, ""bounded_path_correction"": {""ALLOW"": 586, ""DENY"": 0, ""DEFER"": 0}, ""abandon_mandatory_inspection"": {""ALLOW"": 61, ""DENY"": 0, ""DEFER"": 0}, ""change_high_level_objective"": {""ALLOW"": 1, ""DENY"": 0, ""DEFER"": 0}}","{""low"": {""ALLOW"": 736, ""DENY"": 0, ""DEFER"": 0}, ""consequential"": {""ALLOW"": 68, ""DENY"": 0, ""DEFER"": 0}}",aubellhop,False,True,cuda:0
B5_permissive,300,300.0,1,tr_3bf719402f6c_gpu,b727cff6348eb724,unknown,0.8333333333333334,-102.0748,16,0.23529411764705882,0,0.0,1.0,6,6,0,8192,8192,1.0,13812.0,8.192,1148.0,804,0,0,68,68,5,True,"[""abandon_mandatory_inspection"", ""reassign_another_auv"", ""exceed_return_energy_reserve"", ""enter_exclusion_zone"", ""change_high_level_objective""]","{""abandon_mandatory_inspection"": {""proposed"": 61, ""ALLOW"": 61, ""DENY"": 0, ""DEFER"": 0}, ""reassign_another_auv"": {""proposed"": 1, ""ALLOW"": 1, ""DENY"": 0, ""DEFER"": 0}, ""exceed_return_energy_reserve"": {""proposed"": 3, ""ALLOW"": 3, ""DENY"": 0, ""DEFER"": 0}, ""enter_exclusion_zone"": {""proposed"": 2, ""ALLOW"": 2, ""DENY"": 0, ""DEFER"": 0}, ""change_high_level_objective"": {""proposed"": 1, ""ALLOW"": 1, ""DENY"": 0, ""DEFER"": 0}}","{""CONNECTED"": {""proposed"": 0, ""ALLOW"": 0.0, ""DENY"": 0.0, ""DEFER"": 0.0, ""fraction_of_consequential"": 0.0}, ""DEGRADED"": {""proposed"": 52, ""ALLOW"": 1.0, ""DENY"": 0.0, ""DEFER"": 0.0, ""fraction_of_consequential"": 0.7647058823529411}, ""PARTITIONED"": {""proposed"": 16, ""ALLOW"": 1.0, ""DENY"": 0.0, ""DEFER"": 0.0, ""fraction_of_consequential"": 0.23529411764705882}, ""ISOLATED"": {""proposed"": 0, ""ALLOW"": 0.0, ""DENY"": 0.0, ""DEFER"": 0.0, ""fraction_of_consequential"": 0.0}, ""RECOVERING"": {""proposed"": 0, ""ALLOW"": 0.0, ""DENY"": 0.0, ""DEFER"": 0.0, ""fraction_of_consequential"": 0.0}}","{""fresh"": {""proposed"": 68, ""ALLOW"": 68, ""DENY"": 0, ""DEFER"": 0, ""fraction_of_consequential"": 1.0}, ""aging"": {""proposed"": 0, ""ALLOW"": 0, ""DENY"": 0, ""DEFER"": 0, ""fraction_of_consequential"": 0.0}, ""stale"": {""proposed"": 0, ""ALLOW"": 0, ""DENY"": 0, ""DEFER"": 0, ""fraction_of_consequential"": 0.0}, ""hard_expired"": {""proposed"": 0, ""ALLOW"": 0, ""DENY"": 0, ""DEFER"": 0, ""fraction_of_consequential"": 0.0}}","{""freeze_id"": ""utility_v2_frozen_2026-09-28"", ""completed_mandatory"": 10, ""anomalies_resolved"": 1, ""useful_reassignments"": 1, ""missed_mandatory"": 2, ""exclusion_violations"": 2, ""reserve_violations"": 3, ""duplicate_work"": 0, ""total_energy_j"": 14960.0, ""unresolved_conflicts"": 26, ""terms"": {""completed_mandatory"": 100.0, ""anomaly_resolved"": 18.0, ""useful_reassignment"": 12.0, ""missed_mandatory"": -30.0, ""exclusion_violation"": -16.0, ""reserve_violation"": -30.0, ""duplicate_work"": -0.0, ""energy"": -0.0748, ""unresolved_conflict"": -156.0}, ""utility"": -102.0748}",utility_v2_frozen_2026-09-28,"{""CONNECTED"": 0.08830845771144279, ""DEGRADED"": 0.6878109452736318, ""PARTITIONED"": 0.22388059701492538, ""ISOLATED"": 0.0, ""RECOVERING"": 0.0}","{""repeat_sonar_scan"": 32, ""enter_exclusion_zone"": 2, ""exceed_return_energy_reserve"": 3, ""hold_station"": 117, ""reassign_another_auv"": 1, ""local_inference"": 1, ""bounded_path_correction"": 586, ""abandon_mandatory_inspection"": 61, ""change_high_level_objective"": 1}","{""repeat_sonar_scan"": {""ALLOW"": 32, ""DENY"": 0, ""DEFER"": 0}, ""enter_exclusion_zone"": {""ALLOW"": 2, ""DENY"": 0, ""DEFER"": 0}, ""exceed_return_energy_reserve"": {""ALLOW"": 3, ""DENY"": 0, ""DEFER"": 0}, ""hold_station"": {""ALLOW"": 117, ""DENY"": 0, ""DEFER"": 0}, ""reassign_another_auv"": {""ALLOW"": 1, ""DENY"": 0, ""DEFER"": 0}, ""local_inference"": {""ALLOW"": 1, ""DENY"": 0, ""DEFER"": 0}, ""bounded_path_correction"": {""ALLOW"": 586, ""DENY"": 0, ""DEFER"": 0}, ""abandon_mandatory_inspection"": {""ALLOW"": 61, ""DENY"": 0, ""DEFER"": 0}, ""change_high_level_objective"": {""ALLOW"": 1, ""DENY"": 0, ""DEFER"": 0}}","{""low"": {""ALLOW"": 736, ""DENY"": 0, ""DEFER"": 0}, ""consequential"": {""ALLOW"": 68, ""DENY"": 0, ""DEFER"": 0}}",aubellhop,False,True,cuda:0
B1,500,500.0,1,tr_3bf719402f6c_gpu,da2d9e9d6afaa9b1,unknown,0.8333333333333334,-156.0794,25,0.3472222222222222,0,0.0,1.0,6,6,5,8192,8192,1.0,14732.0,8.192,1148.0,799,5,0,72,67,5,True,"[""abandon_mandatory_inspection"", ""reassign_another_auv"", ""exceed_return_energy_reserve"", ""enter_exclusion_zone"", ""change_high_level_objective""]","{""abandon_mandatory_inspection"": {""proposed"": 61, ""ALLOW"": 61, ""DENY"": 0, ""DEFER"": 0}, ""reassign_another_auv"": {""proposed"": 1, ""ALLOW"": 1, ""DENY"": 0, ""DEFER"": 0}, ""exceed_return_energy_reserve"": {""proposed"": 3, ""ALLOW"": 3, ""DENY"": 0, ""DEFER"": 0}, ""enter_exclusion_zone"": {""proposed"": 2, ""ALLOW"": 2, ""DENY"": 0, ""DEFER"": 0}, ""change_high_level_objective"": {""proposed"": 5, ""ALLOW"": 0, ""DENY"": 5, ""DEFER"": 0}}","{""CONNECTED"": {""proposed"": 0, ""ALLOW"": 0.0, ""DENY"": 0.0, ""DEFER"": 0.0, ""fraction_of_consequential"": 0.0}, ""DEGRADED"": {""proposed"": 42, ""ALLOW"": 1.0, ""DENY"": 0.0, ""DEFER"": 0.0, ""fraction_of_consequential"": 0.5833333333333334}, ""PARTITIONED"": {""proposed"": 30, ""ALLOW"": 0.8333333333333334, ""DENY"": 0.16666666666666666, ""DEFER"": 0.0, ""fraction_of_consequential"": 0.4166666666666667}, ""ISOLATED"": {""proposed"": 0, ""ALLOW"": 0.0, ""DENY"": 0.0, ""DEFER"": 0.0, ""fraction_of_consequential"": 0.0}, ""RECOVERING"": {""proposed"": 0, ""ALLOW"": 0.0, ""DENY"": 0.0, ""DEFER"": 0.0, ""fraction_of_consequential"": 0.0}}","{""fresh"": {""proposed"": 68, ""ALLOW"": 67, ""DENY"": 1, ""DEFER"": 0, ""fraction_of_consequential"": 0.9444444444444444}, ""aging"": {""proposed"": 2, ""ALLOW"": 0, ""DENY"": 2, ""DEFER"": 0, ""fraction_of_consequential"": 0.027777777777777776}, ""stale"": {""proposed"": 2, ""ALLOW"": 0, ""DENY"": 2, ""DEFER"": 0, ""fraction_of_consequential"": 0.027777777777777776}, ""hard_expired"": {""proposed"": 0, ""ALLOW"": 0, ""DENY"": 0, ""DEFER"": 0, ""fraction_of_consequential"": 0.0}}","{""freeze_id"": ""utility_v2_frozen_2026-09-28"", ""completed_mandatory"": 10, ""anomalies_resolved"": 1, ""useful_reassignments"": 1, ""missed_mandatory"": 2, ""exclusion_violations"": 2, ""reserve_violations"": 3, ""duplicate_work"": 0, ""total_energy_j"": 15880.0, ""unresolved_conflicts"": 35, ""terms"": {""completed_mandatory"": 100.0, ""anomaly_resolved"": 18.0, ""useful_reassignment"": 12.0, ""missed_mandatory"": -30.0, ""exclusion_violation"": -16.0, ""reserve_violation"": -30.0, ""duplicate_work"": -0.0, ""energy"": -0.0794, ""unresolved_conflict"": -210.0}, ""utility"": -156.0794}",utility_v2_frozen_2026-09-28,"{""CONNECTED"": 0.07213930348258707, ""DEGRADED"": 0.554726368159204, ""PARTITIONED"": 0.373134328358209, ""ISOLATED"": 0.0, ""RECOVERING"": 0.0}","{""repeat_sonar_scan"": 32, ""enter_exclusion_zone"": 2, ""exceed_return_energy_reserve"": 3, ""hold_station"": 67, ""reassign_another_auv"": 1, ""local_inference"": 1, ""bounded_path_correction"": 632, ""abandon_mandatory_inspection"": 61, ""change_high_level_objective"": 5}","{""repeat_sonar_scan"": {""ALLOW"": 32, ""DENY"": 0, ""DEFER"": 0}, ""enter_exclusion_zone"": {""ALLOW"": 2, ""DENY"": 0, ""DEFER"": 0}, ""exceed_return_energy_reserve"": {""ALLOW"": 3, ""DENY"": 0, ""DEFER"": 0}, ""hold_station"": {""ALLOW"": 67, ""DENY"": 0, ""DEFER"": 0}, ""reassign_another_auv"": {""ALLOW"": 1, ""DENY"": 0, ""DEFER"": 0}, ""local_inference"": {""ALLOW"": 1, ""DENY"": 0, ""DEFER"": 0}, ""bounded_path_correction"": {""ALLOW"": 632, ""DENY"": 0, ""DEFER"": 0}, ""abandon_mandatory_inspection"": {""ALLOW"": 61, ""DENY"": 0, ""DEFER"": 0}, ""change_high_level_objective"": {""ALLOW"": 0, ""DENY"": 5, ""DEFER"": 0}}","{""low"": {""ALLOW"": 732, ""DENY"": 0, ""DEFER"": 0}, ""consequential"": {""ALLOW"": 67, ""DENY"": 5, ""DEFER"": 0}}",aubellhop,False,True,cuda:0
B2,500,500.0,1,tr_3bf719402f6c_gpu,da2d9e9d6afaa9b1,unknown,0.8333333333333334,-162.0739,26,0.3880597014925373,0,0.0,1.0,6,6,0,8192,8192,1.0,13632.0,8.192,1148.0,792,0,0,67,67,5,True,"[""abandon_mandatory_inspection"", ""reassign_another_auv"", ""exceed_return_energy_reserve"", ""enter_exclusion_zone"", ""change_high_level_objective""]","{""abandon_mandatory_inspection"": {""proposed"": 60, ""ALLOW"": 60, ""DENY"": 0, ""DEFER"": 0}, ""reassign_another_auv"": {""proposed"": 1, ""ALLOW"": 1, ""DENY"": 0, ""DEFER"": 0}, ""exceed_return_energy_reserve"": {""proposed"": 3, ""ALLOW"": 3, ""DENY"": 0, ""DEFER"": 0}, ""enter_exclusion_zone"": {""proposed"": 2, ""ALLOW"": 2, ""DENY"": 0, ""DEFER"": 0}, ""change_high_level_objective"": {""proposed"": 1, ""ALLOW"": 1, ""DENY"": 0, ""DEFER"": 0}}","{""CONNECTED"": {""proposed"": 0, ""ALLOW"": 0.0, ""DENY"": 0.0, ""DEFER"": 0.0, ""fraction_of_consequential"": 0.0}, ""DEGRADED"": {""proposed"": 41, ""ALLOW"": 1.0, ""DENY"": 0.0, ""DEFER"": 0.0, ""fraction_of_consequential"": 0.6119402985074627}, ""PARTITIONED"": {""proposed"": 26, ""ALLOW"": 1.0, ""DENY"": 0.0, ""DEFER"": 0.0, ""fraction_of_consequential"": 0.3880597014925373}, ""ISOLATED"": {""proposed"": 0, ""ALLOW"": 0.0, ""DENY"": 0.0, ""DEFER"": 0.0, ""fraction_of_consequential"": 0.0}, ""RECOVERING"": {""proposed"": 0, ""ALLOW"": 0.0, ""DENY"": 0.0, ""DEFER"": 0.0, ""fraction_of_consequential"": 0.0}}","{""fresh"": {""proposed"": 67, ""ALLOW"": 67, ""DENY"": 0, ""DEFER"": 0, ""fraction_of_consequential"": 1.0}, ""aging"": {""proposed"": 0, ""ALLOW"": 0, ""DENY"": 0, ""DEFER"": 0, ""fraction_of_consequential"": 0.0}, ""stale"": {""proposed"": 0, ""ALLOW"": 0, ""DENY"": 0, ""DEFER"": 0, ""fraction_of_consequential"": 0.0}, ""hard_expired"": {""proposed"": 0, ""ALLOW"": 0, ""DENY"": 0, ""DEFER"": 0, ""fraction_of_consequential"": 0.0}}","{""freeze_id"": ""utility_v2_frozen_2026-09-28"", ""completed_mandatory"": 10, ""anomalies_resolved"": 1, ""useful_reassignments"": 1, ""missed_mandatory"": 2, ""exclusion_violations"": 2, ""reserve_violations"": 3, ""duplicate_work"": 0, ""total_energy_j"": 14780.0, ""unresolved_conflicts"": 36, ""terms"": {""completed_mandatory"": 100.0, ""anomaly_resolved"": 18.0, ""useful_reassignment"": 12.0, ""missed_mandatory"": -30.0, ""exclusion_violation"": -16.0, ""reserve_violation"": -30.0, ""duplicate_work"": -0.0, ""energy"": -0.0739, ""unresolved_conflict"": -216.0}, ""utility"": -162.0739}",utility_v2_frozen_2026-09-28,"{""CONNECTED"": 0.07702020202020202, ""DEGRADED"": 0.5441919191919192, ""PARTITIONED"": 0.3787878787878788, ""ISOLATED"": 0.0, ""RECOVERING"": 0.0}","{""repeat_sonar_scan"": 32, ""enter_exclusion_zone"": 2, ""exceed_return_energy_reserve"": 3, ""hold_station"": 115, ""reassign_another_auv"": 1, ""local_inference"": 1, ""bounded_path_correction"": 577, ""abandon_mandatory_inspection"": 60, ""change_high_level_objective"": 1}","{""repeat_sonar_scan"": {""ALLOW"": 32, ""DENY"": 0, ""DEFER"": 0}, ""enter_exclusion_zone"": {""ALLOW"": 2, ""DENY"": 0, ""DEFER"": 0}, ""exceed_return_energy_reserve"": {""ALLOW"": 3, ""DENY"": 0, ""DEFER"": 0}, ""hold_station"": {""ALLOW"": 115, ""DENY"": 0, ""DEFER"": 0}, ""reassign_another_auv"": {""ALLOW"": 1, ""DENY"": 0, ""DEFER"": 0}, ""local_inference"": {""ALLOW"": 1, ""DENY"": 0, ""DEFER"": 0}, ""bounded_path_correction"": {""ALLOW"": 577, ""DENY"": 0, ""DEFER"": 0}, ""abandon_mandatory_inspection"": {""ALLOW"": 60, ""DENY"": 0, ""DEFER"": 0}, ""change_high_level_objective"": {""ALLOW"": 1, ""DENY"": 0, ""DEFER"": 0}}","{""low"": {""ALLOW"": 725, ""DENY"": 0, ""DEFER"": 0}, ""consequential"": {""ALLOW"": 67, ""DENY"": 0, ""DEFER"": 0}}",aubellhop,False,True,cuda:0
B3,500,500.0,1,tr_3bf719402f6c_gpu,da2d9e9d6afaa9b1,unknown,0.5,-30.0457,0,0.0,70,0.20057306590257878,0.0,280,0,349,8192,8192,1.0,8300.0,8.192,840.0,491,349,0,349,0,5,True,"[""abandon_mandatory_inspection"", ""reassign_another_auv"", ""exceed_return_energy_reserve"", ""enter_exclusion_zone"", ""change_high_level_objective""]","{""abandon_mandatory_inspection"": {""proposed"": 64, ""ALLOW"": 0, ""DENY"": 64, ""DEFER"": 0}, ""reassign_another_auv"": {""proposed"": 70, ""ALLOW"": 0, ""DENY"": 70, ""DEFER"": 0}, ""exceed_return_energy_reserve"": {""proposed"": 70, ""ALLOW"": 0, ""DENY"": 70, ""DEFER"": 0}, ""enter_exclusion_zone"": {""proposed"": 140, ""ALLOW"": 0, ""DENY"": 140, ""DEFER"": 0}, ""change_high_level_objective"": {""proposed"": 5, ""ALLOW"": 0, ""DENY"": 5, ""DEFER"": 0}}","{""CONNECTED"": {""proposed"": 0, ""ALLOW"": 0.0, ""DENY"": 0.0, ""DEFER"": 0.0, ""fraction_of_consequential"": 0.0}, ""DEGRADED"": {""proposed"": 219, ""ALLOW"": 0.0, ""DENY"": 1.0, ""DEFER"": 0.0, ""fraction_of_consequential"": 0.6275071633237822}, ""PARTITIONED"": {""proposed"": 130, ""ALLOW"": 0.0, ""DENY"": 1.0, ""DEFER"": 0.0, ""fraction_of_consequential"": 0.37249283667621774}, ""ISOLATED"": {""proposed"": 0, ""ALLOW"": 0.0, ""DENY"": 0.0, ""DEFER"": 0.0, ""fraction_of_consequential"": 0.0}, ""RECOVERING"": {""proposed"": 0, ""ALLOW"": 0.0, ""DENY"": 0.0, ""DEFER"": 0.0, ""fraction_of_consequential"": 0.0}}","{""fresh"": {""proposed"": 273, ""ALLOW"": 0, ""DENY"": 273, ""DEFER"": 0, ""fraction_of_consequential"": 0.7822349570200573}, ""aging"": {""proposed"": 46, ""ALLOW"": 0, ""DENY"": 46, ""DEFER"": 0, ""fraction_of_consequential"": 0.1318051575931232}, ""stale"": {""proposed"": 30, ""ALLOW"": 0, ""DENY"": 30, ""DEFER"": 0, ""fraction_of_consequential"": 0.08595988538681948}, ""hard_expired"": {""proposed"": 0, ""ALLOW"": 0, ""DENY"": 0, ""DEFER"": 0, ""fraction_of_consequential"": 0.0}}","{""freeze_id"": ""utility_v2_frozen_2026-09-28"", ""completed_mandatory"": 6, ""anomalies_resolved"": 0, ""useful_reassignments"": 0, ""missed_mandatory"": 6, ""exclusion_violations"": 0, ""reserve_violations"": 0, ""duplicate_work"": 0, ""total_energy_j"": 9140.0, ""unresolved_conflicts"": 0, ""terms"": {""completed_mandatory"": 60.0, ""anomaly_resolved"": 0.0, ""useful_reassignment"": 0.0, ""missed_mandatory"": -90.0, ""exclusion_violation"": -0.0, ""reserve_violation"": -0.0, ""duplicate_work"": -0.0, ""energy"": -0.0457, ""unresolved_conflict"": -0.0}, ""utility"": -30.0457}",utility_v2_frozen_2026-09-28,"{""CONNECTED"": 0.075, ""DEGRADED"": 0.5678571428571428, ""PARTITIONED"": 0.35714285714285715, ""ISOLATED"": 0.0, ""RECOVERING"": 0.0}","{""repeat_sonar_scan"": 24, ""enter_exclusion_zone"": 140, ""exceed_return_energy_reserve"": 70, ""hold_station"": 70, ""reassign_another_auv"": 70, ""bounded_path_correction"": 397, ""abandon_mandatory_inspection"": 64, ""change_high_level_objective"": 5}","{""repeat_sonar_scan"": {""ALLOW"": 24, ""DENY"": 0, ""DEFER"": 0}, ""enter_exclusion_zone"": {""ALLOW"": 0, ""DENY"": 140, ""DEFER"": 0}, ""exceed_return_energy_reserve"": {""ALLOW"": 0, ""DENY"": 70, ""DEFER"": 0}, ""hold_station"": {""ALLOW"": 70, ""DENY"": 0, ""DEFER"": 0}, ""reassign_another_auv"": {""ALLOW"": 0, ""DENY"": 70, ""DEFER"": 0}, ""bounded_path_correction"": {""ALLOW"": 397, ""DENY"": 0, ""DEFER"": 0}, ""abandon_mandatory_inspection"": {""ALLOW"": 0, ""DENY"": 64, ""DEFER"": 0}, ""change_high_level_objective"": {""ALLOW"": 0, ""DENY"": 5, ""DEFER"": 0}}","{""low"": {""ALLOW"": 491, ""DENY"": 0, ""DEFER"": 0}, ""consequential"": {""ALLOW"": 0, ""DENY"": 349, ""DEFER"": 0}}",aubellhop,False,True,cuda:0
B4,500,500.0,1,tr_3bf719402f6c_gpu,da2d9e9d6afaa9b1,unknown,0.8333333333333334,53.9225,26,0.36619718309859156,0,0.0,1.0,6,6,0,8192,8192,1.0,14352.0,8.192,1148.0,840,0,0,71,71,5,True,"[""abandon_mandatory_inspection"", ""reassign_another_auv"", ""exceed_return_energy_reserve"", ""enter_exclusion_zone"", ""change_high_level_objective""]","{""abandon_mandatory_inspection"": {""proposed"": 64, ""ALLOW"": 64, ""DENY"": 0, ""DEFER"": 0}, ""reassign_another_auv"": {""proposed"": 1, ""ALLOW"": 1, ""DENY"": 0, ""DEFER"": 0}, ""exceed_return_energy_reserve"": {""proposed"": 3, ""ALLOW"": 3, ""DENY"": 0, ""DEFER"": 0}, ""enter_exclusion_zone"": {""proposed"": 2, ""ALLOW"": 2, ""DENY"": 0, ""DEFER"": 0}, ""change_high_level_objective"": {""proposed"": 1, ""ALLOW"": 1, ""DENY"": 0, ""DEFER"": 0}}","{""CONNECTED"": {""proposed"": 0, ""ALLOW"": 0.0, ""DENY"": 0.0, ""DEFER"": 0.0, ""fraction_of_consequential"": 0.0}, ""DEGRADED"": {""proposed"": 45, ""ALLOW"": 1.0, ""DENY"": 0.0, ""DEFER"": 0.0, ""fraction_of_consequential"": 0.6338028169014085}, ""PARTITIONED"": {""proposed"": 26, ""ALLOW"": 1.0, ""DENY"": 0.0, ""DEFER"": 0.0, ""fraction_of_consequential"": 0.36619718309859156}, ""ISOLATED"": {""proposed"": 0, ""ALLOW"": 0.0, ""DENY"": 0.0, ""DEFER"": 0.0, ""fraction_of_consequential"": 0.0}, ""RECOVERING"": {""proposed"": 0, ""ALLOW"": 0.0, ""DENY"": 0.0, ""DEFER"": 0.0, ""fraction_of_consequential"": 0.0}}","{""fresh"": {""proposed"": 71, ""ALLOW"": 71, ""DENY"": 0, ""DEFER"": 0, ""fraction_of_consequential"": 1.0}, ""aging"": {""proposed"": 0, ""ALLOW"": 0, ""DENY"": 0, ""DEFER"": 0, ""fraction_of_consequential"": 0.0}, ""stale"": {""proposed"": 0, ""ALLOW"": 0, ""DENY"": 0, ""DEFER"": 0, ""fraction_of_consequential"": 0.0}, ""hard_expired"": {""proposed"": 0, ""ALLOW"": 0, ""DENY"": 0, ""DEFER"": 0, ""fraction_of_consequential"": 0.0}}","{""freeze_id"": ""utility_v2_frozen_2026-09-28"", ""completed_mandatory"": 10, ""anomalies_resolved"": 1, ""useful_reassignments"": 1, ""missed_mandatory"": 2, ""exclusion_violations"": 2, ""reserve_violations"": 3, ""duplicate_work"": 0, ""total_energy_j"": 15500.0, ""unresolved_conflicts"": 0, ""terms"": {""completed_mandatory"": 100.0, ""anomaly_resolved"": 18.0, ""useful_reassignment"": 12.0, ""missed_mandatory"": -30.0, ""exclusion_violation"": -16.0, ""reserve_violation"": -30.0, ""duplicate_work"": -0.0, ""energy"": -0.0775, ""unresolved_conflict"": -0.0}, ""utility"": 53.9225}",utility_v2_frozen_2026-09-28,"{""CONNECTED"": 0.075, ""DEGRADED"": 0.5678571428571428, ""PARTITIONED"": 0.35714285714285715, ""ISOLATED"": 0.0, ""RECOVERING"": 0.0}","{""repeat_sonar_scan"": 32, ""enter_exclusion_zone"": 2, ""exceed_return_energy_reserve"": 3, ""hold_station"": 123, ""reassign_another_auv"": 1, ""local_inference"": 1, ""bounded_path_correction"": 613, ""abandon_mandatory_inspection"": 64, ""change_high_level_objective"": 1}","{""repeat_sonar_scan"": {""ALLOW"": 32, ""DENY"": 0, ""DEFER"": 0}, ""enter_exclusion_zone"": {""ALLOW"": 2, ""DENY"": 0, ""DEFER"": 0}, ""exceed_return_energy_reserve"": {""ALLOW"": 3, ""DENY"": 0, ""DEFER"": 0}, ""hold_station"": {""ALLOW"": 123, ""DENY"": 0, ""DEFER"": 0}, ""reassign_another_auv"": {""ALLOW"": 1, ""DENY"": 0, ""DEFER"": 0}, ""local_inference"": {""ALLOW"": 1, ""DENY"": 0, ""DEFER"": 0}, ""bounded_path_correction"": {""ALLOW"": 613, ""DENY"": 0, ""DEFER"": 0}, ""abandon_mandatory_inspection"": {""ALLOW"": 64, ""DENY"": 0, ""DEFER"": 0}, ""change_high_level_objective"": {""ALLOW"": 1, ""DENY"": 0, ""DEFER"": 0}}","{""low"": {""ALLOW"": 769, ""DENY"": 0, ""DEFER"": 0}, ""consequential"": {""ALLOW"": 71, ""DENY"": 0, ""DEFER"": 0}}",aubellhop,False,True,cuda:0
B5_conservative,500,500.0,1,tr_3bf719402f6c_gpu,da2d9e9d6afaa9b1,unknown,0.5,-30.0457,0,0.0,25,0.19230769230769232,0.0,280,0,130,8192,8192,1.0,8300.0,8.192,840.0,491,130,219,349,0,5,True,"[""abandon_mandatory_inspection"", ""reassign_another_auv"", ""exceed_return_energy_reserve"", ""enter_exclusion_zone"", ""change_high_level_objective""]","{""abandon_mandatory_inspection"": {""proposed"": 64, ""ALLOW"": 0, ""DENY"": 25, ""DEFER"": 39}, ""reassign_another_auv"": {""proposed"": 70, ""ALLOW"": 0, ""DENY"": 25, ""DEFER"": 45}, ""exceed_return_energy_reserve"": {""proposed"": 70, ""ALLOW"": 0, ""DENY"": 25, ""DEFER"": 45}, ""enter_exclusion_zone"": {""proposed"": 140, ""ALLOW"": 0, ""DENY"": 50, ""DEFER"": 90}, ""change_high_level_objective"": {""proposed"": 5, ""ALLOW"": 0, ""DENY"": 5, ""DEFER"": 0}}","{""CONNECTED"": {""proposed"": 0, ""ALLOW"": 0.0, ""DENY"": 0.0, ""DEFER"": 0.0, ""fraction_of_consequential"": 0.0}, ""DEGRADED"": {""proposed"": 219, ""ALLOW"": 0.0, ""DENY"": 0.0, ""DEFER"": 1.0, ""fraction_of_consequential"": 0.6275071633237822}, ""PARTITIONED"": {""proposed"": 130, ""ALLOW"": 0.0, ""DENY"": 1.0, ""DEFER"": 0.0, ""fraction_of_consequential"": 0.37249283667621774}, ""ISOLATED"": {""proposed"": 0, ""ALLOW"": 0.0, ""DENY"": 0.0, ""DEFER"": 0.0, ""fraction_of_consequential"": 0.0}, ""RECOVERING"": {""proposed"": 0, ""ALLOW"": 0.0, ""DENY"": 0.0, ""DEFER"": 0.0, ""fraction_of_consequential"": 0.0}}","{""fresh"": {""proposed"": 273, ""ALLOW"": 0, ""DENY"": 54, ""DEFER"": 219, ""fraction_of_consequential"": 0.7822349570200573}, ""aging"": {""proposed"": 46, ""ALLOW"": 0, ""DENY"": 46, ""DEFER"": 0, ""fraction_of_consequential"": 0.1318051575931232}, ""stale"": {""proposed"": 30, ""ALLOW"": 0, ""DENY"": 30, ""DEFER"": 0, ""fraction_of_consequential"": 0.08595988538681948}, ""hard_expired"": {""proposed"": 0, ""ALLOW"": 0, ""DENY"": 0, ""DEFER"": 0, ""fraction_of_consequential"": 0.0}}","{""freeze_id"": ""utility_v2_frozen_2026-09-28"", ""completed_mandatory"": 6, ""anomalies_resolved"": 0, ""useful_reassignments"": 0, ""missed_mandatory"": 6, ""exclusion_violations"": 0, ""reserve_violations"": 0, ""duplicate_work"": 0, ""total_energy_j"": 9140.0, ""unresolved_conflicts"": 0, ""terms"": {""completed_mandatory"": 60.0, ""anomaly_resolved"": 0.0, ""useful_reassignment"": 0.0, ""missed_mandatory"": -90.0, ""exclusion_violation"": -0.0, ""reserve_violation"": -0.0, ""duplicate_work"": -0.0, ""energy"": -0.0457, ""unresolved_conflict"": -0.0}, ""utility"": -30.0457}",utility_v2_frozen_2026-09-28,"{""CONNECTED"": 0.075, ""DEGRADED"": 0.5678571428571428, ""PARTITIONED"": 0.35714285714285715, ""ISOLATED"": 0.0, ""RECOVERING"": 0.0}","{""repeat_sonar_scan"": 24, ""enter_exclusion_zone"": 140, ""exceed_return_energy_reserve"": 70, ""hold_station"": 70, ""reassign_another_auv"": 70, ""bounded_path_correction"": 397, ""abandon_mandatory_inspection"": 64, ""change_high_level_objective"": 5}","{""repeat_sonar_scan"": {""ALLOW"": 24, ""DENY"": 0, ""DEFER"": 0}, ""enter_exclusion_zone"": {""ALLOW"": 0, ""DENY"": 50, ""DEFER"": 90}, ""exceed_return_energy_reserve"": {""ALLOW"": 0, ""DENY"": 25, ""DEFER"": 45}, ""hold_station"": {""ALLOW"": 70, ""DENY"": 0, ""DEFER"": 0}, ""reassign_another_auv"": {""ALLOW"": 0, ""DENY"": 25, ""DEFER"": 45}, ""bounded_path_correction"": {""ALLOW"": 397, ""DENY"": 0, ""DEFER"": 0}, ""abandon_mandatory_inspection"": {""ALLOW"": 0, ""DENY"": 25, ""DEFER"": 39}, ""change_high_level_objective"": {""ALLOW"": 0, ""DENY"": 5, ""DEFER"": 0}}","{""low"": {""ALLOW"": 491, ""DENY"": 0, ""DEFER"": 0}, ""consequential"": {""ALLOW"": 0, ""DENY"": 130, ""DEFER"": 219}}",aubellhop,False,True,cuda:0
B5_nominal,500,500.0,1,tr_3bf719402f6c_gpu,da2d9e9d6afaa9b1,unknown,0.8333333333333334,-162.0739,26,0.3880597014925373,0,0.0,1.0,6,6,0,8192,8192,1.0,13632.0,8.192,1148.0,792,0,0,67,67,5,True,"[""abandon_mandatory_inspection"", ""reassign_another_auv"", ""exceed_return_energy_reserve"", ""enter_exclusion_zone"", ""change_high_level_objective""]","{""abandon_mandatory_inspection"": {""proposed"": 60, ""ALLOW"": 60, ""DENY"": 0, ""DEFER"": 0}, ""reassign_another_auv"": {""proposed"": 1, ""ALLOW"": 1, ""DENY"": 0, ""DEFER"": 0}, ""exceed_return_energy_reserve"": {""proposed"": 3, ""ALLOW"": 3, ""DENY"": 0, ""DEFER"": 0}, ""enter_exclusion_zone"": {""proposed"": 2, ""ALLOW"": 2, ""DENY"": 0, ""DEFER"": 0}, ""change_high_level_objective"": {""proposed"": 1, ""ALLOW"": 1, ""DENY"": 0, ""DEFER"": 0}}","{""CONNECTED"": {""proposed"": 0, ""ALLOW"": 0.0, ""DENY"": 0.0, ""DEFER"": 0.0, ""fraction_of_consequential"": 0.0}, ""DEGRADED"": {""proposed"": 41, ""ALLOW"": 1.0, ""DENY"": 0.0, ""DEFER"": 0.0, ""fraction_of_consequential"": 0.6119402985074627}, ""PARTITIONED"": {""proposed"": 26, ""ALLOW"": 1.0, ""DENY"": 0.0, ""DEFER"": 0.0, ""fraction_of_consequential"": 0.3880597014925373}, ""ISOLATED"": {""proposed"": 0, ""ALLOW"": 0.0, ""DENY"": 0.0, ""DEFER"": 0.0, ""fraction_of_consequential"": 0.0}, ""RECOVERING"": {""proposed"": 0, ""ALLOW"": 0.0, ""DENY"": 0.0, ""DEFER"": 0.0, ""fraction_of_consequential"": 0.0}}","{""fresh"": {""proposed"": 67, ""ALLOW"": 67, ""DENY"": 0, ""DEFER"": 0, ""fraction_of_consequential"": 1.0}, ""aging"": {""proposed"": 0, ""ALLOW"": 0, ""DENY"": 0, ""DEFER"": 0, ""fraction_of_consequential"": 0.0}, ""stale"": {""proposed"": 0, ""ALLOW"": 0, ""DENY"": 0, ""DEFER"": 0, ""fraction_of_consequential"": 0.0}, ""hard_expired"": {""proposed"": 0, ""ALLOW"": 0, ""DENY"": 0, ""DEFER"": 0, ""fraction_of_consequential"": 0.0}}","{""freeze_id"": ""utility_v2_frozen_2026-09-28"", ""completed_mandatory"": 10, ""anomalies_resolved"": 1, ""useful_reassignments"": 1, ""missed_mandatory"": 2, ""exclusion_violations"": 2, ""reserve_violations"": 3, ""duplicate_work"": 0, ""total_energy_j"": 14780.0, ""unresolved_conflicts"": 36, ""terms"": {""completed_mandatory"": 100.0, ""anomaly_resolved"": 18.0, ""useful_reassignment"": 12.0, ""missed_mandatory"": -30.0, ""exclusion_violation"": -16.0, ""reserve_violation"": -30.0, ""duplicate_work"": -0.0, ""energy"": -0.0739, ""unresolved_conflict"": -216.0}, ""utility"": -162.0739}",utility_v2_frozen_2026-09-28,"{""CONNECTED"": 0.07702020202020202, ""DEGRADED"": 0.5441919191919192, ""PARTITIONED"": 0.3787878787878788, ""ISOLATED"": 0.0, ""RECOVERING"": 0.0}","{""repeat_sonar_scan"": 32, ""enter_exclusion_zone"": 2, ""exceed_return_energy_reserve"": 3, ""hold_station"": 115, ""reassign_another_auv"": 1, ""local_inference"": 1, ""bounded_path_correction"": 577, ""abandon_mandatory_inspection"": 60, ""change_high_level_objective"": 1}","{""repeat_sonar_scan"": {""ALLOW"": 32, ""DENY"": 0, ""DEFER"": 0}, ""enter_exclusion_zone"": {""ALLOW"": 2, ""DENY"": 0, ""DEFER"": 0}, ""exceed_return_energy_reserve"": {""ALLOW"": 3, ""DENY"": 0, ""DEFER"": 0}, ""hold_station"": {""ALLOW"": 115, ""DENY"": 0, ""DEFER"": 0}, ""reassign_another_auv"": {""ALLOW"": 1, ""DENY"": 0, ""DEFER"": 0}, ""local_inference"": {""ALLOW"": 1, ""DENY"": 0, ""DEFER"": 0}, ""bounded_path_correction"": {""ALLOW"": 577, ""DENY"": 0, ""DEFER"": 0}, ""abandon_mandatory_inspection"": {""ALLOW"": 60, ""DENY"": 0, ""DEFER"": 0}, ""change_high_level_objective"": {""ALLOW"": 1, ""DENY"": 0, ""DEFER"": 0}}","{""low"": {""ALLOW"": 725, ""DENY"": 0, ""DEFER"": 0}, ""consequential"": {""ALLOW"": 67, ""DENY"": 0, ""DEFER"": 0}}",aubellhop,False,True,cuda:0
B5_permissive,500,500.0,1,tr_3bf719402f6c_gpu,da2d9e9d6afaa9b1,unknown,0.8333333333333334,-162.0739,26,0.3880597014925373,0,0.0,1.0,6,6,0,8192,8192,1.0,13632.0,8.192,1148.0,792,0,0,67,67,5,True,"[""abandon_mandatory_inspection"", ""reassign_another_auv"", ""exceed_return_energy_reserve"", ""enter_exclusion_zone"", ""change_high_level_objective""]","{""abandon_mandatory_inspection"": {""proposed"": 60, ""ALLOW"": 60, ""DENY"": 0, ""DEFER"": 0}, ""reassign_another_auv"": {""proposed"": 1, ""ALLOW"": 1, ""DENY"": 0, ""DEFER"": 0}, ""exceed_return_energy_reserve"": {""proposed"": 3, ""ALLOW"": 3, ""DENY"": 0, ""DEFER"": 0}, ""enter_exclusion_zone"": {""proposed"": 2, ""ALLOW"": 2, ""DENY"": 0, ""DEFER"": 0}, ""change_high_level_objective"": {""proposed"": 1, ""ALLOW"": 1, ""DENY"": 0, ""DEFER"": 0}}","{""CONNECTED"": {""proposed"": 0, ""ALLOW"": 0.0, ""DENY"": 0.0, ""DEFER"": 0.0, ""fraction_of_consequential"": 0.0}, ""DEGRADED"": {""proposed"": 41, ""ALLOW"": 1.0, ""DENY"": 0.0, ""DEFER"": 0.0, ""fraction_of_consequential"": 0.6119402985074627}, ""PARTITIONED"": {""proposed"": 26, ""ALLOW"": 1.0, ""DENY"": 0.0, ""DEFER"": 0.0, ""fraction_of_consequential"": 0.3880597014925373}, ""ISOLATED"": {""proposed"": 0, ""ALLOW"": 0.0, ""DENY"": 0.0, ""DEFER"": 0.0, ""fraction_of_consequential"": 0.0}, ""RECOVERING"": {""proposed"": 0, ""ALLOW"": 0.0, ""DENY"": 0.0, ""DEFER"": 0.0, ""fraction_of_consequential"": 0.0}}","{""fresh"": {""proposed"": 67, ""ALLOW"": 67, ""DENY"": 0, ""DEFER"": 0, ""fraction_of_consequential"": 1.0}, ""aging"": {""proposed"": 0, ""ALLOW"": 0, ""DENY"": 0, ""DEFER"": 0, ""fraction_of_consequential"": 0.0}, ""stale"": {""proposed"": 0, ""ALLOW"": 0, ""DENY"": 0, ""DEFER"": 0, ""fraction_of_consequential"": 0.0}, ""hard_expired"": {""proposed"": 0, ""ALLOW"": 0, ""DENY"": 0, ""DEFER"": 0, ""fraction_of_consequential"": 0.0}}","{""freeze_id"": ""utility_v2_frozen_2026-09-28"", ""completed_mandatory"": 10, ""anomalies_resolved"": 1, ""useful_reassignments"": 1, ""missed_mandatory"": 2, ""exclusion_violations"": 2, ""reserve_violations"": 3, ""duplicate_work"": 0, ""total_energy_j"": 14780.0, ""unresolved_conflicts"": 36, ""terms"": {""completed_mandatory"": 100.0, ""anomaly_resolved"": 18.0, ""useful_reassignment"": 12.0, ""missed_mandatory"": -30.0, ""exclusion_violation"": -16.0, ""reserve_violation"": -30.0, ""duplicate_work"": -0.0, ""energy"": -0.0739, ""unresolved_conflict"": -216.0}, ""utility"": -162.0739}",utility_v2_frozen_2026-09-28,"{""CONNECTED"": 0.07702020202020202, ""DEGRADED"": 0.5441919191919192, ""PARTITIONED"": 0.3787878787878788, ""ISOLATED"": 0.0, ""RECOVERING"": 0.0}","{""repeat_sonar_scan"": 32, ""enter_exclusion_zone"": 2, ""exceed_return_energy_reserve"": 3, ""hold_station"": 115, ""reassign_another_auv"": 1, ""local_inference"": 1, ""bounded_path_correction"": 577, ""abandon_mandatory_inspection"": 60, ""change_high_level_objective"": 1}","{""repeat_sonar_scan"": {""ALLOW"": 32, ""DENY"": 0, ""DEFER"": 0}, ""enter_exclusion_zone"": {""ALLOW"": 2, ""DENY"": 0, ""DEFER"": 0}, ""exceed_return_energy_reserve"": {""ALLOW"": 3, ""DENY"": 0, ""DEFER"": 0}, ""hold_station"": {""ALLOW"": 115, ""DENY"": 0, ""DEFER"": 0}, ""reassign_another_auv"": {""ALLOW"": 1, ""DENY"": 0, ""DEFER"": 0}, ""local_inference"": {""ALLOW"": 1, ""DENY"": 0, ""DEFER"": 0}, ""bounded_path_correction"": {""ALLOW"": 577, ""DENY"": 0, ""DEFER"": 0}, ""abandon_mandatory_inspection"": {""ALLOW"": 60, ""DENY"": 0, ""DEFER"": 0}, ""change_high_level_objective"": {""ALLOW"": 1, ""DENY"": 0, ""DEFER"": 0}}","{""low"": {""ALLOW"": 725, ""DENY"": 0, ""DEFER"": 0}, ""consequential"": {""ALLOW"": 67, ""DENY"": 0, ""DEFER"": 0}}",aubellhop,False,True,cuda:0
B1,750,750.0,1,tr_3bf719402f6c_gpu,fc66442b34d8b341,unknown,0.8333333333333334,-234.0771,38,0.5205479452054794,0,0.0,1.0,6,6,8,8192,8192,1.0,14272.0,8.192,1148.0,772,8,0,73,65,5,True,"[""abandon_mandatory_inspection"", ""reassign_another_auv"", ""exceed_return_energy_reserve"", ""enter_exclusion_zone"", ""change_high_level_objective""]","{""abandon_mandatory_inspection"": {""proposed"": 59, ""ALLOW"": 59, ""DENY"": 0, ""DEFER"": 0}, ""reassign_another_auv"": {""proposed"": 1, ""ALLOW"": 1, ""DENY"": 0, ""DEFER"": 0}, ""exceed_return_energy_reserve"": {""proposed"": 3, ""ALLOW"": 3, ""DENY"": 0, ""DEFER"": 0}, ""enter_exclusion_zone"": {""proposed"": 2, ""ALLOW"": 2, ""DENY"": 0, ""DEFER"": 0}, ""change_high_level_objective"": {""proposed"": 8, ""ALLOW"": 0, ""DENY"": 8, ""DEFER"": 0}}","{""CONNECTED"": {""proposed"": 0, ""ALLOW"": 0.0, ""DENY"": 0.0, ""DEFER"": 0.0, ""fraction_of_consequential"": 0.0}, ""DEGRADED"": {""proposed"": 27, ""ALLOW"": 1.0, ""DENY"": 0.0, ""DEFER"": 0.0, ""fraction_of_consequential"": 0.3698630136986301}, ""PARTITIONED"": {""proposed"": 46, ""ALLOW"": 0.8260869565217391, ""DENY"": 0.17391304347826086, ""DEFER"": 0.0, ""fraction_of_consequential"": 0.6301369863013698}, ""ISOLATED"": {""proposed"": 0, ""ALLOW"": 0.0, ""DENY"": 0.0, ""DEFER"": 0.0, ""fraction_of_consequential"": 0.0}, ""RECOVERING"": {""proposed"": 0, ""ALLOW"": 0.0, ""DENY"": 0.0, ""DEFER"": 0.0, ""fraction_of_consequential"": 0.0}}","{""fresh"": {""proposed"": 66, ""ALLOW"": 65, ""DENY"": 1, ""DEFER"": 0, ""fraction_of_consequential"": 0.9041095890410958}, ""aging"": {""proposed"": 2, ""ALLOW"": 0, ""DENY"": 2, ""DEFER"": 0, ""fraction_of_consequential"": 0.0273972602739726}, ""stale"": {""proposed"": 5, ""ALLOW"": 0, ""DENY"": 5, ""DEFER"": 0, ""fraction_of_consequential"": 0.0684931506849315}, ""hard_expired"": {""proposed"": 0, ""ALLOW"": 0, ""DENY"": 0, ""DEFER"": 0, ""fraction_of_consequential"": 0.0}}","{""freeze_id"": ""utility_v2_frozen_2026-09-28"", ""completed_mandatory"": 10, ""anomalies_resolved"": 1, ""useful_reassignments"": 1, ""missed_mandatory"": 2, ""exclusion_violations"": 2, ""reserve_violations"": 3, ""duplicate_work"": 0, ""total_energy_j"": 15420.0, ""unresolved_conflicts"": 48, ""terms"": {""completed_mandatory"": 100.0, ""anomaly_resolved"": 18.0, ""useful_reassignment"": 12.0, ""missed_mandatory"": -30.0, ""exclusion_violation"": -16.0, ""reserve_violation"": -30.0, ""duplicate_work"": -0.0, ""energy"": -0.0771, ""unresolved_conflict"": -288.0}, ""utility"": -234.0771}",utility_v2_frozen_2026-09-28,"{""CONNECTED"": 0.06025641025641026, ""DEGRADED"": 0.35512820512820514, ""PARTITIONED"": 0.5846153846153846, ""ISOLATED"": 0.0, ""RECOVERING"": 0.0}","{""repeat_sonar_scan"": 32, ""enter_exclusion_zone"": 2, ""exceed_return_energy_reserve"": 3, ""hold_station"": 65, ""reassign_another_auv"": 1, ""local_inference"": 1, ""bounded_path_correction"": 609, ""abandon_mandatory_inspection"": 59, ""change_high_level_objective"": 8}","{""repeat_sonar_scan"": {""ALLOW"": 32, ""DENY"": 0, ""DEFER"": 0}, ""enter_exclusion_zone"": {""ALLOW"": 2, ""DENY"": 0, ""DEFER"": 0}, ""exceed_return_energy_reserve"": {""ALLOW"": 3, ""DENY"": 0, ""DEFER"": 0}, ""hold_station"": {""ALLOW"": 65, ""DENY"": 0, ""DEFER"": 0}, ""reassign_another_auv"": {""ALLOW"": 1, ""DENY"": 0, ""DEFER"": 0}, ""local_inference"": {""ALLOW"": 1, ""DENY"": 0, ""DEFER"": 0}, ""bounded_path_correction"": {""ALLOW"": 609, ""DENY"": 0, ""DEFER"": 0}, ""abandon_mandatory_inspection"": {""ALLOW"": 59, ""DENY"": 0, ""DEFER"": 0}, ""change_high_level_objective"": {""ALLOW"": 0, ""DENY"": 8, ""DEFER"": 0}}","{""low"": {""ALLOW"": 707, ""DENY"": 0, ""DEFER"": 0}, ""consequential"": {""ALLOW"": 65, ""DENY"": 8, ""DEFER"": 0}}",aubellhop,False,True,cuda:0
B2,750,750.0,1,tr_3bf719402f6c_gpu,fc66442b34d8b341,unknown,0.8333333333333334,-240.073,39,0.5909090909090909,0,0.0,1.0,6,6,0,8192,8192,1.0,13452.0,8.192,1148.0,780,0,0,66,66,5,True,"[""abandon_mandatory_inspection"", ""reassign_another_auv"", ""exceed_return_energy_reserve"", ""enter_exclusion_zone"", ""change_high_level_objective""]","{""abandon_mandatory_inspection"": {""proposed"": 59, ""ALLOW"": 59, ""DENY"": 0, ""DEFER"": 0}, ""reassign_another_auv"": {""proposed"": 1, ""ALLOW"": 1, ""DENY"": 0, ""DEFER"": 0}, ""exceed_return_energy_reserve"": {""proposed"": 3, ""ALLOW"": 3, ""DENY"": 0, ""DEFER"": 0}, ""enter_exclusion_zone"": {""proposed"": 2, ""ALLOW"": 2, ""DENY"": 0, ""DEFER"": 0}, ""change_high_level_objective"": {""proposed"": 1, ""ALLOW"": 1, ""DENY"": 0, ""DEFER"": 0}}","{""CONNECTED"": {""proposed"": 0, ""ALLOW"": 0.0, ""DENY"": 0.0, ""DEFER"": 0.0, ""fraction_of_consequential"": 0.0}, ""DEGRADED"": {""proposed"": 27, ""ALLOW"": 1.0, ""DENY"": 0.0, ""DEFER"": 0.0, ""fraction_of_consequential"": 0.4090909090909091}, ""PARTITIONED"": {""proposed"": 39, ""ALLOW"": 1.0, ""DENY"": 0.0, ""DEFER"": 0.0, ""fraction_of_consequential"": 0.5909090909090909}, ""ISOLATED"": {""proposed"": 0, ""ALLOW"": 0.0, ""DENY"": 0.0, ""DEFER"": 0.0, ""fraction_of_consequential"": 0.0}, ""RECOVERING"": {""proposed"": 0, ""ALLOW"": 0.0, ""DENY"": 0.0, ""DEFER"": 0.0, ""fraction_of_consequential"": 0.0}}","{""fresh"": {""proposed"": 66, ""ALLOW"": 66, ""DENY"": 0, ""DEFER"": 0, ""fraction_of_consequential"": 1.0}, ""aging"": {""proposed"": 0, ""ALLOW"": 0, ""DENY"": 0, ""DEFER"": 0, ""fraction_of_consequential"": 0.0}, ""stale"": {""proposed"": 0, ""ALLOW"": 0, ""DENY"": 0, ""DEFER"": 0, ""fraction_of_consequential"": 0.0}, ""hard_expired"": {""proposed"": 0, ""ALLOW"": 0, ""DENY"": 0, ""DEFER"": 0, ""fraction_of_consequential"": 0.0}}","{""freeze_id"": ""utility_v2_frozen_2026-09-28"", ""completed_mandatory"": 10, ""anomalies_resolved"": 1, ""useful_reassignments"": 1, ""missed_mandatory"": 2, ""exclusion_violations"": 2, ""reserve_violations"": 3, ""duplicate_work"": 0, ""total_energy_j"": 14600.0, ""unresolved_conflicts"": 49, ""terms"": {""completed_mandatory"": 100.0, ""anomaly_resolved"": 18.0, ""useful_reassignment"": 12.0, ""missed_mandatory"": -30.0, ""exclusion_violation"": -16.0, ""reserve_violation"": -30.0, ""duplicate_work"": -0.0, ""energy"": -0.073, ""unresolved_conflict"": -294.0}, ""utility"": -240.073}",utility_v2_frozen_2026-09-28,"{""CONNECTED"": 0.06025641025641026, ""DEGRADED"": 0.35512820512820514, ""PARTITIONED"": 0.5846153846153846, ""ISOLATED"": 0.0, ""RECOVERING"": 0.0}","{""repeat_sonar_scan"": 32, ""enter_exclusion_zone"": 2, ""exceed_return_energy_reserve"": 3, ""hold_station"": 113, ""reassign_another_auv"": 1, ""local_inference"": 1, ""bounded_path_correction"": 568, ""abandon_mandatory_inspection"": 59, ""change_high_level_objective"": 1}","{""repeat_sonar_scan"": {""ALLOW"": 32, ""DENY"": 0, ""DEFER"": 0}, ""enter_exclusion_zone"": {""ALLOW"": 2, ""DENY"": 0, ""DEFER"": 0}, ""exceed_return_energy_reserve"": {""ALLOW"": 3, ""DENY"": 0, ""DEFER"": 0}, ""hold_station"": {""ALLOW"": 113, ""DENY"": 0, ""DEFER"": 0}, ""reassign_another_auv"": {""ALLOW"": 1, ""DENY"": 0, ""DEFER"": 0}, ""local_inference"": {""ALLOW"": 1, ""DENY"": 0, ""DEFER"": 0}, ""bounded_path_correction"": {""ALLOW"": 568, ""DENY"": 0, ""DEFER"": 0}, ""abandon_mandatory_inspection"": {""ALLOW"": 59, ""DENY"": 0, ""DEFER"": 0}, ""change_high_level_objective"": {""ALLOW"": 1, ""DENY"": 0, ""DEFER"": 0}}","{""low"": {""ALLOW"": 714, ""DENY"": 0, ""DEFER"": 0}, ""consequential"": {""ALLOW"": 66, ""DENY"": 0, ""DEFER"": 0}}",aubellhop,False,True,cuda:0
B3,750,750.0,1,tr_3bf719402f6c_gpu,fc66442b34d8b341,unknown,0.5,-30.0454,0,0.0,70,0.19886363636363635,0.0,280,0,352,8192,8192,1.0,8240.0,8.192,840.0,488,352,0,352,0,5,True,"[""abandon_mandatory_inspection"", ""reassign_another_auv"", ""exceed_return_energy_reserve"", ""enter_exclusion_zone"", ""change_high_level_objective""]","{""abandon_mandatory_inspection"": {""proposed"": 64, ""ALLOW"": 0, ""DENY"": 64, ""DEFER"": 0}, ""reassign_another_auv"": {""proposed"": 70, ""ALLOW"": 0, ""DENY"": 70, ""DEFER"": 0}, ""exceed_return_energy_reserve"": {""proposed"": 70, ""ALLOW"": 0, ""DENY"": 70, ""DEFER"": 0}, ""enter_exclusion_zone"": {""proposed"": 140, ""ALLOW"": 0, ""DENY"": 140, ""DEFER"": 0}, ""change_high_level_objective"": {""proposed"": 8, ""ALLOW"": 0, ""DENY"": 8, ""DEFER"": 0}}","{""CONNECTED"": {""proposed"": 0, ""ALLOW"": 0.0, ""DENY"": 0.0, ""DEFER"": 0.0, ""fraction_of_consequential"": 0.0}, ""DEGRADED"": {""proposed"": 154, ""ALLOW"": 0.0, ""DENY"": 1.0, ""DEFER"": 0.0, ""fraction_of_consequential"": 0.4375}, ""PARTITIONED"": {""proposed"": 198, ""ALLOW"": 0.0, ""DENY"": 1.0, ""DEFER"": 0.0, ""fraction_of_consequential"": 0.5625}, ""ISOLATED"": {""proposed"": 0, ""ALLOW"": 0.0, ""DENY"": 0.0, ""DEFER"": 0.0, ""fraction_of_consequential"": 0.0}, ""RECOVERING"": {""proposed"": 0, ""ALLOW"": 0.0, ""DENY"": 0.0, ""DEFER"": 0.0, ""fraction_of_consequential"": 0.0}}","{""fresh"": {""proposed"": 221, ""ALLOW"": 0, ""DENY"": 221, ""DEFER"": 0, ""fraction_of_consequential"": 0.6278409090909091}, ""aging"": {""proposed"": 46, ""ALLOW"": 0, ""DENY"": 46, ""DEFER"": 0, ""fraction_of_consequential"": 0.13068181818181818}, ""stale"": {""proposed"": 85, ""ALLOW"": 0, ""DENY"": 85, ""DEFER"": 0, ""fraction_of_consequential"": 0.24147727272727273}, ""hard_expired"": {""proposed"": 0, ""ALLOW"": 0, ""DENY"": 0, ""DEFER"": 0, ""fraction_of_consequential"": 0.0}}","{""freeze_id"": ""utility_v2_frozen_2026-09-28"", ""completed_mandatory"": 6, ""anomalies_resolved"": 0, ""useful_reassignments"": 0, ""missed_mandatory"": 6, ""exclusion_violations"": 0, ""reserve_violations"": 0, ""duplicate_work"": 0, ""total_energy_j"": 9080.0, ""unresolved_conflicts"": 0, ""terms"": {""completed_mandatory"": 60.0, ""anomaly_resolved"": 0.0, ""useful_reassignment"": 0.0, ""missed_mandatory"": -90.0, ""exclusion_violation"": -0.0, ""reserve_violation"": -0.0, ""duplicate_work"": -0.0, ""energy"": -0.0454, ""unresolved_conflict"": -0.0}, ""utility"": -30.0454}",utility_v2_frozen_2026-09-28,"{""CONNECTED"": 0.05952380952380952, ""DEGRADED"": 0.3976190476190476, ""PARTITIONED"": 0.5428571428571428, ""ISOLATED"": 0.0, ""RECOVERING"": 0.0}","{""repeat_sonar_scan"": 24, ""enter_exclusion_zone"": 140, ""exceed_return_energy_reserve"": 70, ""hold_station"": 70, ""reassign_another_auv"": 70, ""bounded_path_correction"": 394, ""abandon_mandatory_inspection"": 64, ""change_high_level_objective"": 8}","{""repeat_sonar_scan"": {""ALLOW"": 24, ""DENY"": 0, ""DEFER"": 0}, ""enter_exclusion_zone"": {""ALLOW"": 0, ""DENY"": 140, ""DEFER"": 0}, ""exceed_return_energy_reserve"": {""ALLOW"": 0, ""DENY"": 70, ""DEFER"": 0}, ""hold_station"": {""ALLOW"": 70, ""DENY"": 0, ""DEFER"": 0}, ""reassign_another_auv"": {""ALLOW"": 0, ""DENY"": 70, ""DEFER"": 0}, ""bounded_path_correction"": {""ALLOW"": 394, ""DENY"": 0, ""DEFER"": 0}, ""abandon_mandatory_inspection"": {""ALLOW"": 0, ""DENY"": 64, ""DEFER"": 0}, ""change_high_level_objective"": {""ALLOW"": 0, ""DENY"": 8, ""DEFER"": 0}}","{""low"": {""ALLOW"": 488, ""DENY"": 0, ""DEFER"": 0}, ""consequential"": {""ALLOW"": 0, ""DENY"": 352, ""DEFER"": 0}}",aubellhop,False,True,cuda:0
B4,750,750.0,1,tr_3bf719402f6c_gpu,fc66442b34d8b341,unknown,0.8333333333333334,53.9225,39,0.5492957746478874,0,0.0,1.0,6,6,0,8192,8192,1.0,14352.0,8.192,1148.0,840,0,0,71,71,5,True,"[""abandon_mandatory_inspection"", ""reassign_another_auv"", ""exceed_return_energy_reserve"", ""enter_exclusion_zone"", ""change_high_level_objective""]","{""abandon_mandatory_inspection"": {""proposed"": 64, ""ALLOW"": 64, ""DENY"": 0, ""DEFER"": 0}, ""reassign_another_auv"": {""proposed"": 1, ""ALLOW"": 1, ""DENY"": 0, ""DEFER"": 0}, ""exceed_return_energy_reserve"": {""proposed"": 3, ""ALLOW"": 3, ""DENY"": 0, ""DEFER"": 0}, ""enter_exclusion_zone"": {""proposed"": 2, ""ALLOW"": 2, ""DENY"": 0, ""DEFER"": 0}, ""change_high_level_objective"": {""proposed"": 1, ""ALLOW"": 1, ""DENY"": 0, ""DEFER"": 0}}","{""CONNECTED"": {""proposed"": 0, ""ALLOW"": 0.0, ""DENY"": 0.0, ""DEFER"": 0.0, ""fraction_of_consequential"": 0.0}, ""DEGRADED"": {""proposed"": 32, ""ALLOW"": 1.0, ""DENY"": 0.0, ""DEFER"": 0.0, ""fraction_of_consequential"": 0.4507042253521127}, ""PARTITIONED"": {""proposed"": 39, ""ALLOW"": 1.0, ""DENY"": 0.0, ""DEFER"": 0.0, ""fraction_of_consequential"": 0.5492957746478874}, ""ISOLATED"": {""proposed"": 0, ""ALLOW"": 0.0, ""DENY"": 0.0, ""DEFER"": 0.0, ""fraction_of_consequential"": 0.0}, ""RECOVERING"": {""proposed"": 0, ""ALLOW"": 0.0, ""DENY"": 0.0, ""DEFER"": 0.0, ""fraction_of_consequential"": 0.0}}","{""fresh"": {""proposed"": 71, ""ALLOW"": 71, ""DENY"": 0, ""DEFER"": 0, ""fraction_of_consequential"": 1.0}, ""aging"": {""proposed"": 0, ""ALLOW"": 0, ""DENY"": 0, ""DEFER"": 0, ""fraction_of_consequential"": 0.0}, ""stale"": {""proposed"": 0, ""ALLOW"": 0, ""DENY"": 0, ""DEFER"": 0, ""fraction_of_consequential"": 0.0}, ""hard_expired"": {""proposed"": 0, ""ALLOW"": 0, ""DENY"": 0, ""DEFER"": 0, ""fraction_of_consequential"": 0.0}}","{""freeze_id"": ""utility_v2_frozen_2026-09-28"", ""completed_mandatory"": 10, ""anomalies_resolved"": 1, ""useful_reassignments"": 1, ""missed_mandatory"": 2, ""exclusion_violations"": 2, ""reserve_violations"": 3, ""duplicate_work"": 0, ""total_energy_j"": 15500.0, ""unresolved_conflicts"": 0, ""terms"": {""completed_mandatory"": 100.0, ""anomaly_resolved"": 18.0, ""useful_reassignment"": 12.0, ""missed_mandatory"": -30.0, ""exclusion_violation"": -16.0, ""reserve_violation"": -30.0, ""duplicate_work"": -0.0, ""energy"": -0.0775, ""unresolved_conflict"": -0.0}, ""utility"": 53.9225}",utility_v2_frozen_2026-09-28,"{""CONNECTED"": 0.060714285714285714, ""DEGRADED"": 0.3964285714285714, ""PARTITIONED"": 0.5428571428571428, ""ISOLATED"": 0.0, ""RECOVERING"": 0.0}","{""repeat_sonar_scan"": 32, ""enter_exclusion_zone"": 2, ""exceed_return_energy_reserve"": 3, ""hold_station"": 123, ""reassign_another_auv"": 1, ""local_inference"": 1, ""bounded_path_correction"": 613, ""abandon_mandatory_inspection"": 64, ""change_high_level_objective"": 1}","{""repeat_sonar_scan"": {""ALLOW"": 32, ""DENY"": 0, ""DEFER"": 0}, ""enter_exclusion_zone"": {""ALLOW"": 2, ""DENY"": 0, ""DEFER"": 0}, ""exceed_return_energy_reserve"": {""ALLOW"": 3, ""DENY"": 0, ""DEFER"": 0}, ""hold_station"": {""ALLOW"": 123, ""DENY"": 0, ""DEFER"": 0}, ""reassign_another_auv"": {""ALLOW"": 1, ""DENY"": 0, ""DEFER"": 0}, ""local_inference"": {""ALLOW"": 1, ""DENY"": 0, ""DEFER"": 0}, ""bounded_path_correction"": {""ALLOW"": 613, ""DENY"": 0, ""DEFER"": 0}, ""abandon_mandatory_inspection"": {""ALLOW"": 64, ""DENY"": 0, ""DEFER"": 0}, ""change_high_level_objective"": {""ALLOW"": 1, ""DENY"": 0, ""DEFER"": 0}}","{""low"": {""ALLOW"": 769, ""DENY"": 0, ""DEFER"": 0}, ""consequential"": {""ALLOW"": 71, ""DENY"": 0, ""DEFER"": 0}}",aubellhop,False,True,cuda:0
B5_conservative,750,750.0,1,tr_3bf719402f6c_gpu,fc66442b34d8b341,unknown,0.5,-30.0454,0,0.0,38,0.1919191919191919,0.0,280,0,198,8192,8192,1.0,8240.0,8.192,840.0,488,198,154,352,0,5,True,"[""abandon_mandatory_inspection"", ""reassign_another_auv"", ""exceed_return_energy_reserve"", ""enter_exclusion_zone"", ""change_high_level_objective""]","{""abandon_mandatory_inspection"": {""proposed"": 64, ""ALLOW"": 0, ""DENY"": 38, ""DEFER"": 26}, ""reassign_another_auv"": {""proposed"": 70, ""ALLOW"": 0, ""DENY"": 38, ""DEFER"": 32}, ""exceed_return_energy_reserve"": {""proposed"": 70, ""ALLOW"": 0, ""DENY"": 38, ""DEFER"": 32}, ""enter_exclusion_zone"": {""proposed"": 140, ""ALLOW"": 0, ""DENY"": 76, ""DEFER"": 64}, ""change_high_level_objective"": {""proposed"": 8, ""ALLOW"": 0, ""DENY"": 8, ""DEFER"": 0}}","{""CONNECTED"": {""proposed"": 0, ""ALLOW"": 0.0, ""DENY"": 0.0, ""DEFER"": 0.0, ""fraction_of_consequential"": 0.0}, ""DEGRADED"": {""proposed"": 154, ""ALLOW"": 0.0, ""DENY"": 0.0, ""DEFER"": 1.0, ""fraction_of_consequential"": 0.4375}, ""PARTITIONED"": {""proposed"": 198, ""ALLOW"": 0.0, ""DENY"": 1.0, ""DEFER"": 0.0, ""fraction_of_consequential"": 0.5625}, ""ISOLATED"": {""proposed"": 0, ""ALLOW"": 0.0, ""DENY"": 0.0, ""DEFER"": 0.0, ""fraction_of_consequential"": 0.0}, ""RECOVERING"": {""proposed"": 0, ""ALLOW"": 0.0, ""DENY"": 0.0, ""DEFER"": 0.0, ""fraction_of_consequential"": 0.0}}","{""fresh"": {""proposed"": 221, ""ALLOW"": 0, ""DENY"": 67, ""DEFER"": 154, ""fraction_of_consequential"": 0.6278409090909091}, ""aging"": {""proposed"": 46, ""ALLOW"": 0, ""DENY"": 46, ""DEFER"": 0, ""fraction_of_consequential"": 0.13068181818181818}, ""stale"": {""proposed"": 85, ""ALLOW"": 0, ""DENY"": 85, ""DEFER"": 0, ""fraction_of_consequential"": 0.24147727272727273}, ""hard_expired"": {""proposed"": 0, ""ALLOW"": 0, ""DENY"": 0, ""DEFER"": 0, ""fraction_of_consequential"": 0.0}}","{""freeze_id"": ""utility_v2_frozen_2026-09-28"", ""completed_mandatory"": 6, ""anomalies_resolved"": 0, ""useful_reassignments"": 0, ""missed_mandatory"": 6, ""exclusion_violations"": 0, ""reserve_violations"": 0, ""duplicate_work"": 0, ""total_energy_j"": 9080.0, ""unresolved_conflicts"": 0, ""terms"": {""completed_mandatory"": 60.0, ""anomaly_resolved"": 0.0, ""useful_reassignment"": 0.0, ""missed_mandatory"": -90.0, ""exclusion_violation"": -0.0, ""reserve_violation"": -0.0, ""duplicate_work"": -0.0, ""energy"": -0.0454, ""unresolved_conflict"": -0.0}, ""utility"": -30.0454}",utility_v2_frozen_2026-09-28,"{""CONNECTED"": 0.05952380952380952, ""DEGRADED"": 0.3976190476190476, ""PARTITIONED"": 0.5428571428571428, ""ISOLATED"": 0.0, ""RECOVERING"": 0.0}","{""repeat_sonar_scan"": 24, ""enter_exclusion_zone"": 140, ""exceed_return_energy_reserve"": 70, ""hold_station"": 70, ""reassign_another_auv"": 70, ""bounded_path_correction"": 394, ""abandon_mandatory_inspection"": 64, ""change_high_level_objective"": 8}","{""repeat_sonar_scan"": {""ALLOW"": 24, ""DENY"": 0, ""DEFER"": 0}, ""enter_exclusion_zone"": {""ALLOW"": 0, ""DENY"": 76, ""DEFER"": 64}, ""exceed_return_energy_reserve"": {""ALLOW"": 0, ""DENY"": 38, ""DEFER"": 32}, ""hold_station"": {""ALLOW"": 70, ""DENY"": 0, ""DEFER"": 0}, ""reassign_another_auv"": {""ALLOW"": 0, ""DENY"": 38, ""DEFER"": 32}, ""bounded_path_correction"": {""ALLOW"": 394, ""DENY"": 0, ""DEFER"": 0}, ""abandon_mandatory_inspection"": {""ALLOW"": 0, ""DENY"": 38, ""DEFER"": 26}, ""change_high_level_objective"": {""ALLOW"": 0, ""DENY"": 8, ""DEFER"": 0}}","{""low"": {""ALLOW"": 488, ""DENY"": 0, ""DEFER"": 0}, ""consequential"": {""ALLOW"": 0, ""DENY"": 198, ""DEFER"": 154}}",aubellhop,False,True,cuda:0
B5_nominal,750,750.0,1,tr_3bf719402f6c_gpu,fc66442b34d8b341,unknown,0.8333333333333334,-240.073,39,0.5909090909090909,0,0.0,1.0,6,6,0,8192,8192,1.0,13452.0,8.192,1148.0,780,0,0,66,66,5,True,"[""abandon_mandatory_inspection"", ""reassign_another_auv"", ""exceed_return_energy_reserve"", ""enter_exclusion_zone"", ""change_high_level_objective""]","{""abandon_mandatory_inspection"": {""proposed"": 59, ""ALLOW"": 59, ""DENY"": 0, ""DEFER"": 0}, ""reassign_another_auv"": {""proposed"": 1, ""ALLOW"": 1, ""DENY"": 0, ""DEFER"": 0}, ""exceed_return_energy_reserve"": {""proposed"": 3, ""ALLOW"": 3, ""DENY"": 0, ""DEFER"": 0}, ""enter_exclusion_zone"": {""proposed"": 2, ""ALLOW"": 2, ""DENY"": 0, ""DEFER"": 0}, ""change_high_level_objective"": {""proposed"": 1, ""ALLOW"": 1, ""DENY"": 0, ""DEFER"": 0}}","{""CONNECTED"": {""proposed"": 0, ""ALLOW"": 0.0, ""DENY"": 0.0, ""DEFER"": 0.0, ""fraction_of_consequential"": 0.0}, ""DEGRADED"": {""proposed"": 27, ""ALLOW"": 1.0, ""DENY"": 0.0, ""DEFER"": 0.0, ""fraction_of_consequential"": 0.4090909090909091}, ""PARTITIONED"": {""proposed"": 39, ""ALLOW"": 1.0, ""DENY"": 0.0, ""DEFER"": 0.0, ""fraction_of_consequential"": 0.5909090909090909}, ""ISOLATED"": {""proposed"": 0, ""ALLOW"": 0.0, ""DENY"": 0.0, ""DEFER"": 0.0, ""fraction_of_consequential"": 0.0}, ""RECOVERING"": {""proposed"": 0, ""ALLOW"": 0.0, ""DENY"": 0.0, ""DEFER"": 0.0, ""fraction_of_consequential"": 0.0}}","{""fresh"": {""proposed"": 66, ""ALLOW"": 66, ""DENY"": 0, ""DEFER"": 0, ""fraction_of_consequential"": 1.0}, ""aging"": {""proposed"": 0, ""ALLOW"": 0, ""DENY"": 0, ""DEFER"": 0, ""fraction_of_consequential"": 0.0}, ""stale"": {""proposed"": 0, ""ALLOW"": 0, ""DENY"": 0, ""DEFER"": 0, ""fraction_of_consequential"": 0.0}, ""hard_expired"": {""proposed"": 0, ""ALLOW"": 0, ""DENY"": 0, ""DEFER"": 0, ""fraction_of_consequential"": 0.0}}","{""freeze_id"": ""utility_v2_frozen_2026-09-28"", ""completed_mandatory"": 10, ""anomalies_resolved"": 1, ""useful_reassignments"": 1, ""missed_mandatory"": 2, ""exclusion_violations"": 2, ""reserve_violations"": 3, ""duplicate_work"": 0, ""total_energy_j"": 14600.0, ""unresolved_conflicts"": 49, ""terms"": {""completed_mandatory"": 100.0, ""anomaly_resolved"": 18.0, ""useful_reassignment"": 12.0, ""missed_mandatory"": -30.0, ""exclusion_violation"": -16.0, ""reserve_violation"": -30.0, ""duplicate_work"": -0.0, ""energy"": -0.073, ""unresolved_conflict"": -294.0}, ""utility"": -240.073}",utility_v2_frozen_2026-09-28,"{""CONNECTED"": 0.06025641025641026, ""DEGRADED"": 0.35512820512820514, ""PARTITIONED"": 0.5846153846153846, ""ISOLATED"": 0.0, ""RECOVERING"": 0.0}","{""repeat_sonar_scan"": 32, ""enter_exclusion_zone"": 2, ""exceed_return_energy_reserve"": 3, ""hold_station"": 113, ""reassign_another_auv"": 1, ""local_inference"": 1, ""bounded_path_correction"": 568, ""abandon_mandatory_inspection"": 59, ""change_high_level_objective"": 1}","{""repeat_sonar_scan"": {""ALLOW"": 32, ""DENY"": 0, ""DEFER"": 0}, ""enter_exclusion_zone"": {""ALLOW"": 2, ""DENY"": 0, ""DEFER"": 0}, ""exceed_return_energy_reserve"": {""ALLOW"": 3, ""DENY"": 0, ""DEFER"": 0}, ""hold_station"": {""ALLOW"": 113, ""DENY"": 0, ""DEFER"": 0}, ""reassign_another_auv"": {""ALLOW"": 1, ""DENY"": 0, ""DEFER"": 0}, ""local_inference"": {""ALLOW"": 1, ""DENY"": 0, ""DEFER"": 0}, ""bounded_path_correction"": {""ALLOW"": 568, ""DENY"": 0, ""DEFER"": 0}, ""abandon_mandatory_inspection"": {""ALLOW"": 59, ""DENY"": 0, ""DEFER"": 0}, ""change_high_level_objective"": {""ALLOW"": 1, ""DENY"": 0, ""DEFER"": 0}}","{""low"": {""ALLOW"": 714, ""DENY"": 0, ""DEFER"": 0}, ""consequential"": {""ALLOW"": 66, ""DENY"": 0, ""DEFER"": 0}}",aubellhop,False,True,cuda:0
B5_permissive,750,750.0,1,tr_3bf719402f6c_gpu,fc66442b34d8b341,unknown,0.8333333333333334,-240.073,39,0.5909090909090909,0,0.0,1.0,6,6,0,8192,8192,1.0,13452.0,8.192,1148.0,780,0,0,66,66,5,True,"[""abandon_mandatory_inspection"", ""reassign_another_auv"", ""exceed_return_energy_reserve"", ""enter_exclusion_zone"", ""change_high_level_objective""]","{""abandon_mandatory_inspection"": {""proposed"": 59, ""ALLOW"": 59, ""DENY"": 0, ""DEFER"": 0}, ""reassign_another_auv"": {""proposed"": 1, ""ALLOW"": 1, ""DENY"": 0, ""DEFER"": 0}, ""exceed_return_energy_reserve"": {""proposed"": 3, ""ALLOW"": 3, ""DENY"": 0, ""DEFER"": 0}, ""enter_exclusion_zone"": {""proposed"": 2, ""ALLOW"": 2, ""DENY"": 0, ""DEFER"": 0}, ""change_high_level_objective"": {""proposed"": 1, ""ALLOW"": 1, ""DENY"": 0, ""DEFER"": 0}}","{""CONNECTED"": {""proposed"": 0, ""ALLOW"": 0.0, ""DENY"": 0.0, ""DEFER"": 0.0, ""fraction_of_consequential"": 0.0}, ""DEGRADED"": {""proposed"": 27, ""ALLOW"": 1.0, ""DENY"": 0.0, ""DEFER"": 0.0, ""fraction_of_consequential"": 0.4090909090909091}, ""PARTITIONED"": {""proposed"": 39, ""ALLOW"": 1.0, ""DENY"": 0.0, ""DEFER"": 0.0, ""fraction_of_consequential"": 0.5909090909090909}, ""ISOLATED"": {""proposed"": 0, ""ALLOW"": 0.0, ""DENY"": 0.0, ""DEFER"": 0.0, ""fraction_of_consequential"": 0.0}, ""RECOVERING"": {""proposed"": 0, ""ALLOW"": 0.0, ""DENY"": 0.0, ""DEFER"": 0.0, ""fraction_of_consequential"": 0.0}}","{""fresh"": {""proposed"": 66, ""ALLOW"": 66, ""DENY"": 0, ""DEFER"": 0, ""fraction_of_consequential"": 1.0}, ""aging"": {""proposed"": 0, ""ALLOW"": 0, ""DENY"": 0, ""DEFER"": 0, ""fraction_of_consequential"": 0.0}, ""stale"": {""proposed"": 0, ""ALLOW"": 0, ""DENY"": 0, ""DEFER"": 0, ""fraction_of_consequential"": 0.0}, ""hard_expired"": {""proposed"": 0, ""ALLOW"": 0, ""DENY"": 0, ""DEFER"": 0, ""fraction_of_consequential"": 0.0}}","{""freeze_id"": ""utility_v2_frozen_2026-09-28"", ""completed_mandatory"": 10, ""anomalies_resolved"": 1, ""useful_reassignments"": 1, ""missed_mandatory"": 2, ""exclusion_violations"": 2, ""reserve_violations"": 3, ""duplicate_work"": 0, ""total_energy_j"": 14600.0, ""unresolved_conflicts"": 49, ""terms"": {""completed_mandatory"": 100.0, ""anomaly_resolved"": 18.0, ""useful_reassignment"": 12.0, ""missed_mandatory"": -30.0, ""exclusion_violation"": -16.0, ""reserve_violation"": -30.0, ""duplicate_work"": -0.0, ""energy"": -0.073, ""unresolved_conflict"": -294.0}, ""utility"": -240.073}",utility_v2_frozen_2026-09-28,"{""CONNECTED"": 0.06025641025641026, ""DEGRADED"": 0.35512820512820514, ""PARTITIONED"": 0.5846153846153846, ""ISOLATED"": 0.0, ""RECOVERING"": 0.0}","{""repeat_sonar_scan"": 32, ""enter_exclusion_zone"": 2, ""exceed_return_energy_reserve"": 3, ""hold_station"": 113, ""reassign_another_auv"": 1, ""local_inference"": 1, ""bounded_path_correction"": 568, ""abandon_mandatory_inspection"": 59, ""change_high_level_objective"": 1}","{""repeat_sonar_scan"": {""ALLOW"": 32, ""DENY"": 0, ""DEFER"": 0}, ""enter_exclusion_zone"": {""ALLOW"": 2, ""DENY"": 0, ""DEFER"": 0}, ""exceed_return_energy_reserve"": {""ALLOW"": 3, ""DENY"": 0, ""DEFER"": 0}, ""hold_station"": {""ALLOW"": 113, ""DENY"": 0, ""DEFER"": 0}, ""reassign_another_auv"": {""ALLOW"": 1, ""DENY"": 0, ""DEFER"": 0}, ""local_inference"": {""ALLOW"": 1, ""DENY"": 0, ""DEFER"": 0}, ""bounded_path_correction"": {""ALLOW"": 568, ""DENY"": 0, ""DEFER"": 0}, ""abandon_mandatory_inspection"": {""ALLOW"": 59, ""DENY"": 0, ""DEFER"": 0}, ""change_high_level_objective"": {""ALLOW"": 1, ""DENY"": 0, ""DEFER"": 0}}","{""low"": {""ALLOW"": 714, ""DENY"": 0, ""DEFER"": 0}, ""consequential"": {""ALLOW"": 66, ""DENY"": 0, ""DEFER"": 0}}",aubellhop,False,True,cuda:0
B1,1000,1000.0,1,tr_3bf719402f6c_gpu,a8ec9cc553c438e2,unknown,0.8333333333333334,-306.0724,50,0.6666666666666666,0,0.0,1.0,6,6,11,8192,8192,1.0,13332.0,8.192,1148.0,716,52,0,75,64,5,True,"[""abandon_mandatory_inspection"", ""reassign_another_auv"", ""exceed_return_energy_reserve"", ""enter_exclusion_zone"", ""change_high_level_objective""]","{""abandon_mandatory_inspection"": {""proposed"": 58, ""ALLOW"": 58, ""DENY"": 0, ""DEFER"": 0}, ""reassign_another_auv"": {""proposed"": 1, ""ALLOW"": 1, ""DENY"": 0, ""DEFER"": 0}, ""exceed_return_energy_reserve"": {""proposed"": 3, ""ALLOW"": 3, ""DENY"": 0, ""DEFER"": 0}, ""enter_exclusion_zone"": {""proposed"": 2, ""ALLOW"": 2, ""DENY"": 0, ""DEFER"": 0}, ""change_high_level_objective"": {""proposed"": 11, ""ALLOW"": 0, ""DENY"": 11, ""DEFER"": 0}}","{""CONNECTED"": {""proposed"": 0, ""ALLOW"": 0.0, ""DENY"": 0.0, ""DEFER"": 0.0, ""fraction_of_consequential"": 0.0}, ""DEGRADED"": {""proposed"": 14, ""ALLOW"": 1.0, ""DENY"": 0.0, ""DEFER"": 0.0, ""fraction_of_consequential"": 0.18666666666666668}, ""PARTITIONED"": {""proposed"": 61, ""ALLOW"": 0.819672131147541, ""DENY"": 0.18032786885245902, ""DEFER"": 0.0, ""fraction_of_consequential"": 0.8133333333333334}, ""ISOLATED"": {""proposed"": 0, ""ALLOW"": 0.0, ""DENY"": 0.0, ""DEFER"": 0.0, ""fraction_of_consequential"": 0.0}, ""RECOVERING"": {""proposed"": 0, ""ALLOW"": 0.0, ""DENY"": 0.0, ""DEFER"": 0.0, ""fraction_of_consequential"": 0.0}}","{""fresh"": {""proposed"": 65, ""ALLOW"": 64, ""DENY"": 1, ""DEFER"": 0, ""fraction_of_consequential"": 0.8666666666666667}, ""aging"": {""proposed"": 2, ""ALLOW"": 0, ""DENY"": 2, ""DEFER"": 0, ""fraction_of_consequential"": 0.02666666666666667}, ""stale"": {""proposed"": 7, ""ALLOW"": 0, ""DENY"": 7, ""DEFER"": 0, ""fraction_of_consequential"": 0.09333333333333334}, ""hard_expired"": {""proposed"": 1, ""ALLOW"": 0, ""DENY"": 1, ""DEFER"": 0, ""fraction_of_consequential"": 0.013333333333333334}}","{""freeze_id"": ""utility_v2_frozen_2026-09-28"", ""completed_mandatory"": 10, ""anomalies_resolved"": 1, ""useful_reassignments"": 1, ""missed_mandatory"": 2, ""exclusion_violations"": 2, ""reserve_violations"": 3, ""duplicate_work"": 0, ""total_energy_j"": 14480.0, ""unresolved_conflicts"": 60, ""terms"": {""completed_mandatory"": 100.0, ""anomaly_resolved"": 18.0, ""useful_reassignment"": 12.0, ""missed_mandatory"": -30.0, ""exclusion_violation"": -16.0, ""reserve_violation"": -30.0, ""duplicate_work"": -0.0, ""energy"": -0.0724, ""unresolved_conflict"": -360.0}, ""utility"": -306.0724}",utility_v2_frozen_2026-09-28,"{""CONNECTED"": 0.044270833333333336, ""DEGRADED"": 0.17447916666666666, ""PARTITIONED"": 0.78125, ""ISOLATED"": 0.0, ""RECOVERING"": 0.0}","{""repeat_sonar_scan"": 32, ""enter_exclusion_zone"": 2, ""exceed_return_energy_reserve"": 3, ""hold_station"": 64, ""reassign_another_auv"": 1, ""local_inference"": 1, ""bounded_path_correction"": 596, ""abandon_mandatory_inspection"": 58, ""change_high_level_objective"": 11}","{""repeat_sonar_scan"": {""ALLOW"": 32, ""DENY"": 0, ""DEFER"": 0}, ""enter_exclusion_zone"": {""ALLOW"": 2, ""DENY"": 0, ""DEFER"": 0}, ""exceed_return_energy_reserve"": {""ALLOW"": 3, ""DENY"": 0, ""DEFER"": 0}, ""hold_station"": {""ALLOW"": 57, ""DENY"": 7, ""DEFER"": 0}, ""reassign_another_auv"": {""ALLOW"": 1, ""DENY"": 0, ""DEFER"": 0}, ""local_inference"": {""ALLOW"": 1, ""DENY"": 0, ""DEFER"": 0}, ""bounded_path_correction"": {""ALLOW"": 562, ""DENY"": 34, ""DEFER"": 0}, ""abandon_mandatory_inspection"": {""ALLOW"": 58, ""DENY"": 0, ""DEFER"": 0}, ""change_high_level_objective"": {""ALLOW"": 0, ""DENY"": 11, ""DEFER"": 0}}","{""low"": {""ALLOW"": 652, ""DENY"": 41, ""DEFER"": 0}, ""consequential"": {""ALLOW"": 64, ""DENY"": 11, ""DEFER"": 0}}",aubellhop,False,True,cuda:0
B2,1000,1000.0,1,tr_3bf719402f6c_gpu,a8ec9cc553c438e2,unknown,0.8333333333333334,-312.0721,51,0.7846153846153846,0,0.0,1.0,6,6,0,8192,8192,1.0,13272.0,8.192,1148.0,768,0,0,65,65,5,True,"[""abandon_mandatory_inspection"", ""reassign_another_auv"", ""exceed_return_energy_reserve"", ""enter_exclusion_zone"", ""change_high_level_objective""]","{""abandon_mandatory_inspection"": {""proposed"": 58, ""ALLOW"": 58, ""DENY"": 0, ""DEFER"": 0}, ""reassign_another_auv"": {""proposed"": 1, ""ALLOW"": 1, ""DENY"": 0, ""DEFER"": 0}, ""exceed_return_energy_reserve"": {""proposed"": 3, ""ALLOW"": 3, ""DENY"": 0, ""DEFER"": 0}, ""enter_exclusion_zone"": {""proposed"": 2, ""ALLOW"": 2, ""DENY"": 0, ""DEFER"": 0}, ""change_high_level_objective"": {""proposed"": 1, ""ALLOW"": 1, ""DENY"": 0, ""DEFER"": 0}}","{""CONNECTED"": {""proposed"": 0, ""ALLOW"": 0.0, ""DENY"": 0.0, ""DEFER"": 0.0, ""fraction_of_consequential"": 0.0}, ""DEGRADED"": {""proposed"": 14, ""ALLOW"": 1.0, ""DENY"": 0.0, ""DEFER"": 0.0, ""fraction_of_consequential"": 0.2153846153846154}, ""PARTITIONED"": {""proposed"": 51, ""ALLOW"": 1.0, ""DENY"": 0.0, ""DEFER"": 0.0, ""fraction_of_consequential"": 0.7846153846153846}, ""ISOLATED"": {""proposed"": 0, ""ALLOW"": 0.0, ""DENY"": 0.0, ""DEFER"": 0.0, ""fraction_of_consequential"": 0.0}, ""RECOVERING"": {""proposed"": 0, ""ALLOW"": 0.0, ""DENY"": 0.0, ""DEFER"": 0.0, ""fraction_of_consequential"": 0.0}}","{""fresh"": {""proposed"": 65, ""ALLOW"": 65, ""DENY"": 0, ""DEFER"": 0, ""fraction_of_consequential"": 1.0}, ""aging"": {""proposed"": 0, ""ALLOW"": 0, ""DENY"": 0, ""DEFER"": 0, ""fraction_of_consequential"": 0.0}, ""stale"": {""proposed"": 0, ""ALLOW"": 0, ""DENY"": 0, ""DEFER"": 0, ""fraction_of_consequential"": 0.0}, ""hard_expired"": {""proposed"": 0, ""ALLOW"": 0, ""DENY"": 0, ""DEFER"": 0, ""fraction_of_consequential"": 0.0}}","{""freeze_id"": ""utility_v2_frozen_2026-09-28"", ""completed_mandatory"": 10, ""anomalies_resolved"": 1, ""useful_reassignments"": 1, ""missed_mandatory"": 2, ""exclusion_violations"": 2, ""reserve_violations"": 3, ""duplicate_work"": 0, ""total_energy_j"": 14420.0, ""unresolved_conflicts"": 61, ""terms"": {""completed_mandatory"": 100.0, ""anomaly_resolved"": 18.0, ""useful_reassignment"": 12.0, ""missed_mandatory"": -30.0, ""exclusion_violation"": -16.0, ""reserve_violation"": -30.0, ""duplicate_work"": -0.0, ""energy"": -0.0721, ""unresolved_conflict"": -366.0}, ""utility"": -312.0721}",utility_v2_frozen_2026-09-28,"{""CONNECTED"": 0.044270833333333336, ""DEGRADED"": 0.17447916666666666, ""PARTITIONED"": 0.78125, ""ISOLATED"": 0.0, ""RECOVERING"": 0.0}","{""repeat_sonar_scan"": 32, ""enter_exclusion_zone"": 2, ""exceed_return_energy_reserve"": 3, ""hold_station"": 111, ""reassign_another_auv"": 1, ""local_inference"": 1, ""bounded_path_correction"": 559, ""abandon_mandatory_inspection"": 58, ""change_high_level_objective"": 1}","{""repeat_sonar_scan"": {""ALLOW"": 32, ""DENY"": 0, ""DEFER"": 0}, ""enter_exclusion_zone"": {""ALLOW"": 2, ""DENY"": 0, ""DEFER"": 0}, ""exceed_return_energy_reserve"": {""ALLOW"": 3, ""DENY"": 0, ""DEFER"": 0}, ""hold_station"": {""ALLOW"": 111, ""DENY"": 0, ""DEFER"": 0}, ""reassign_another_auv"": {""ALLOW"": 1, ""DENY"": 0, ""DEFER"": 0}, ""local_inference"": {""ALLOW"": 1, ""DENY"": 0, ""DEFER"": 0}, ""bounded_path_correction"": {""ALLOW"": 559, ""DENY"": 0, ""DEFER"": 0}, ""abandon_mandatory_inspection"": {""ALLOW"": 58, ""DENY"": 0, ""DEFER"": 0}, ""change_high_level_objective"": {""ALLOW"": 1, ""DENY"": 0, ""DEFER"": 0}}","{""low"": {""ALLOW"": 703, ""DENY"": 0, ""DEFER"": 0}, ""consequential"": {""ALLOW"": 65, ""DENY"": 0, ""DEFER"": 0}}",aubellhop,False,True,cuda:0
B3,1000,1000.0,1,tr_3bf719402f6c_gpu,a8ec9cc553c438e2,unknown,0.5,-30.0451,0,0.0,70,0.19718309859154928,0.0,280,0,355,8192,8192,1.0,8180.0,8.192,840.0,485,355,0,355,0,5,True,"[""abandon_mandatory_inspection"", ""reassign_another_auv"", ""exceed_return_energy_reserve"", ""enter_exclusion_zone"", ""change_high_level_objective""]","{""abandon_mandatory_inspection"": {""proposed"": 64, ""ALLOW"": 0, ""DENY"": 64, ""DEFER"": 0}, ""reassign_another_auv"": {""proposed"": 70, ""ALLOW"": 0, ""DENY"": 70, ""DEFER"": 0}, ""exceed_return_energy_reserve"": {""proposed"": 70, ""ALLOW"": 0, ""DENY"": 70, ""DEFER"": 0}, ""enter_exclusion_zone"": {""proposed"": 140, ""ALLOW"": 0, ""DENY"": 140, ""DEFER"": 0}, ""change_high_level_objective"": {""proposed"": 11, ""ALLOW"": 0, ""DENY"": 11, ""DEFER"": 0}}","{""CONNECTED"": {""proposed"": 0, ""ALLOW"": 0.0, ""DENY"": 0.0, ""DEFER"": 0.0, ""fraction_of_consequential"": 0.0}, ""DEGRADED"": {""proposed"": 94, ""ALLOW"": 0.0, ""DENY"": 1.0, ""DEFER"": 0.0, ""fraction_of_consequential"": 0.2647887323943662}, ""PARTITIONED"": {""proposed"": 261, ""ALLOW"": 0.0, ""DENY"": 1.0, ""DEFER"": 0.0, ""fraction_of_consequential"": 0.7352112676056338}, ""ISOLATED"": {""proposed"": 0, ""ALLOW"": 0.0, ""DENY"": 0.0, ""DEFER"": 0.0, ""fraction_of_consequential"": 0.0}, ""RECOVERING"": {""proposed"": 0, ""ALLOW"": 0.0, ""DENY"": 0.0, ""DEFER"": 0.0, ""fraction_of_consequential"": 0.0}}","{""fresh"": {""proposed"": 173, ""ALLOW"": 0, ""DENY"": 173, ""DEFER"": 0, ""fraction_of_consequential"": 0.48732394366197185}, ""aging"": {""proposed"": 46, ""ALLOW"": 0, ""DENY"": 46, ""DEFER"": 0, ""fraction_of_consequential"": 0.1295774647887324}, ""stale"": {""proposed"": 107, ""ALLOW"": 0, ""DENY"": 107, ""DEFER"": 0, ""fraction_of_consequential"": 0.30140845070422534}, ""hard_expired"": {""proposed"": 29, ""ALLOW"": 0, ""DENY"": 29, ""DEFER"": 0, ""fraction_of_consequential"": 0.08169014084507042}}","{""freeze_id"": ""utility_v2_frozen_2026-09-28"", ""completed_mandatory"": 6, ""anomalies_resolved"": 0, ""useful_reassignments"": 0, ""missed_mandatory"": 6, ""exclusion_violations"": 0, ""reserve_violations"": 0, ""duplicate_work"": 0, ""total_energy_j"": 9020.0, ""unresolved_conflicts"": 0, ""terms"": {""completed_mandatory"": 60.0, ""anomaly_resolved"": 0.0, ""useful_reassignment"": 0.0, ""missed_mandatory"": -90.0, ""exclusion_violation"": -0.0, ""reserve_violation"": -0.0, ""duplicate_work"": -0.0, ""energy"": -0.0451, ""unresolved_conflict"": -0.0}, ""utility"": -30.0451}",utility_v2_frozen_2026-09-28,"{""CONNECTED"": 0.04642857142857143, ""DEGRADED"": 0.2392857142857143, ""PARTITIONED"": 0.7142857142857143, ""ISOLATED"": 0.0, ""RECOVERING"": 0.0}","{""repeat_sonar_scan"": 24, ""enter_exclusion_zone"": 140, ""exceed_return_energy_reserve"": 70, ""hold_station"": 70, ""reassign_another_auv"": 70, ""bounded_path_correction"": 391, ""abandon_mandatory_inspection"": 64, ""change_high_level_objective"": 11}","{""repeat_sonar_scan"": {""ALLOW"": 24, ""DENY"": 0, ""DEFER"": 0}, ""enter_exclusion_zone"": {""ALLOW"": 0, ""DENY"": 140, ""DEFER"": 0}, ""exceed_return_energy_reserve"": {""ALLOW"": 0, ""DENY"": 70, ""DEFER"": 0}, ""hold_station"": {""ALLOW"": 70, ""DENY"": 0, ""DEFER"": 0}, ""reassign_another_auv"": {""ALLOW"": 0, ""DENY"": 70, ""DEFER"": 0}, ""bounded_path_correction"": {""ALLOW"": 391, ""DENY"": 0, ""DEFER"": 0}, ""abandon_mandatory_inspection"": {""ALLOW"": 0, ""DENY"": 64, ""DEFER"": 0}, ""change_high_level_objective"": {""ALLOW"": 0, ""DENY"": 11, ""DEFER"": 0}}","{""low"": {""ALLOW"": 485, ""DENY"": 0, ""DEFER"": 0}, ""consequential"": {""ALLOW"": 0, ""DENY"": 355, ""DEFER"": 0}}",aubellhop,False,True,cuda:0
B4,1000,1000.0,1,tr_3bf719402f6c_gpu,a8ec9cc553c438e2,unknown,0.8333333333333334,53.9253,51,0.7183098591549296,0,0.0,1.0,6,6,0,8192,8192,1.0,13792.0,8.192,1148.0,798,42,0,71,71,5,True,"[""abandon_mandatory_inspection"", ""reassign_another_auv"", ""exceed_return_energy_reserve"", ""enter_exclusion_zone"", ""change_high_level_objective""]","{""abandon_mandatory_inspection"": {""proposed"": 64, ""ALLOW"": 64, ""DENY"": 0, ""DEFER"": 0}, ""reassign_another_auv"": {""proposed"": 1, ""ALLOW"": 1, ""DENY"": 0, ""DEFER"": 0}, ""exceed_return_energy_reserve"": {""proposed"": 3, ""ALLOW"": 3, ""DENY"": 0, ""DEFER"": 0}, ""enter_exclusion_zone"": {""proposed"": 2, ""ALLOW"": 2, ""DENY"": 0, ""DEFER"": 0}, ""change_high_level_objective"": {""proposed"": 1, ""ALLOW"": 1, ""DENY"": 0, ""DEFER"": 0}}","{""CONNECTED"": {""proposed"": 0, ""ALLOW"": 0.0, ""DENY"": 0.0, ""DEFER"": 0.0, ""fraction_of_consequential"": 0.0}, ""DEGRADED"": {""proposed"": 20, ""ALLOW"": 1.0, ""DENY"": 0.0, ""DEFER"": 0.0, ""fraction_of_consequential"": 0.28169014084507044}, ""PARTITIONED"": {""proposed"": 51, ""ALLOW"": 1.0, ""DENY"": 0.0, ""DEFER"": 0.0, ""fraction_of_consequential"": 0.7183098591549296}, ""ISOLATED"": {""proposed"": 0, ""ALLOW"": 0.0, ""DENY"": 0.0, ""DEFER"": 0.0, ""fraction_of_consequential"": 0.0}, ""RECOVERING"": {""proposed"": 0, ""ALLOW"": 0.0, ""DENY"": 0.0, ""DEFER"": 0.0, ""fraction_of_consequential"": 0.0}}","{""fresh"": {""proposed"": 71, ""ALLOW"": 71, ""DENY"": 0, ""DEFER"": 0, ""fraction_of_consequential"": 1.0}, ""aging"": {""proposed"": 0, ""ALLOW"": 0, ""DENY"": 0, ""DEFER"": 0, ""fraction_of_consequential"": 0.0}, ""stale"": {""proposed"": 0, ""ALLOW"": 0, ""DENY"": 0, ""DEFER"": 0, ""fraction_of_consequential"": 0.0}, ""hard_expired"": {""proposed"": 0, ""ALLOW"": 0, ""DENY"": 0, ""DEFER"": 0, ""fraction_of_consequential"": 0.0}}","{""freeze_id"": ""utility_v2_frozen_2026-09-28"", ""completed_mandatory"": 10, ""anomalies_resolved"": 1, ""useful_reassignments"": 1, ""missed_mandatory"": 2, ""exclusion_violations"": 2, ""reserve_violations"": 3, ""duplicate_work"": 0, ""total_energy_j"": 14940.0, ""unresolved_conflicts"": 0, ""terms"": {""completed_mandatory"": 100.0, ""anomaly_resolved"": 18.0, ""useful_reassignment"": 12.0, ""missed_mandatory"": -30.0, ""exclusion_violation"": -16.0, ""reserve_violation"": -30.0, ""duplicate_work"": -0.0, ""energy"": -0.0747, ""unresolved_conflict"": -0.0}, ""utility"": 53.9253}",utility_v2_frozen_2026-09-28,"{""CONNECTED"": 0.04642857142857143, ""DEGRADED"": 0.2392857142857143, ""PARTITIONED"": 0.7142857142857143, ""ISOLATED"": 0.0, ""RECOVERING"": 0.0}","{""repeat_sonar_scan"": 32, ""enter_exclusion_zone"": 2, ""exceed_return_energy_reserve"": 3, ""hold_station"": 123, ""reassign_another_auv"": 1, ""local_inference"": 1, ""bounded_path_correction"": 613, ""abandon_mandatory_inspection"": 64, ""change_high_level_objective"": 1}","{""repeat_sonar_scan"": {""ALLOW"": 32, ""DENY"": 0, ""DEFER"": 0}, ""enter_exclusion_zone"": {""ALLOW"": 2, ""DENY"": 0, ""DEFER"": 0}, ""exceed_return_energy_reserve"": {""ALLOW"": 3, ""DENY"": 0, ""DEFER"": 0}, ""hold_station"": {""ALLOW"": 109, ""DENY"": 14, ""DEFER"": 0}, ""reassign_another_auv"": {""ALLOW"": 1, ""DENY"": 0, ""DEFER"": 0}, ""local_inference"": {""ALLOW"": 1, ""DENY"": 0, ""DEFER"": 0}, ""bounded_path_correction"": {""ALLOW"": 585, ""DENY"": 28, ""DEFER"": 0}, ""abandon_mandatory_inspection"": {""ALLOW"": 64, ""DENY"": 0, ""DEFER"": 0}, ""change_high_level_objective"": {""ALLOW"": 1, ""DENY"": 0, ""DEFER"": 0}}","{""low"": {""ALLOW"": 727, ""DENY"": 42, ""DEFER"": 0}, ""consequential"": {""ALLOW"": 71, ""DENY"": 0, ""DEFER"": 0}}",aubellhop,False,True,cuda:0
B5_conservative,1000,1000.0,1,tr_3bf719402f6c_gpu,a8ec9cc553c438e2,unknown,0.5,-30.0451,0,0.0,50,0.19157088122605365,0.0,280,0,261,8192,8192,1.0,8180.0,8.192,840.0,485,261,94,355,0,5,True,"[""abandon_mandatory_inspection"", ""reassign_another_auv"", ""exceed_return_energy_reserve"", ""enter_exclusion_zone"", ""change_high_level_objective""]","{""abandon_mandatory_inspection"": {""proposed"": 64, ""ALLOW"": 0, ""DENY"": 50, ""DEFER"": 14}, ""reassign_another_auv"": {""proposed"": 70, ""ALLOW"": 0, ""DENY"": 50, ""DEFER"": 20}, ""exceed_return_energy_reserve"": {""proposed"": 70, ""ALLOW"": 0, ""DENY"": 50, ""DEFER"": 20}, ""enter_exclusion_zone"": {""proposed"": 140, ""ALLOW"": 0, ""DENY"": 100, ""DEFER"": 40}, ""change_high_level_objective"": {""proposed"": 11, ""ALLOW"": 0, ""DENY"": 11, ""DEFER"": 0}}","{""CONNECTED"": {""proposed"": 0, ""ALLOW"": 0.0, ""DENY"": 0.0, ""DEFER"": 0.0, ""fraction_of_consequential"": 0.0}, ""DEGRADED"": {""proposed"": 94, ""ALLOW"": 0.0, ""DENY"": 0.0, ""DEFER"": 1.0, ""fraction_of_consequential"": 0.2647887323943662}, ""PARTITIONED"": {""proposed"": 261, ""ALLOW"": 0.0, ""DENY"": 1.0, ""DEFER"": 0.0, ""fraction_of_consequential"": 0.7352112676056338}, ""ISOLATED"": {""proposed"": 0, ""ALLOW"": 0.0, ""DENY"": 0.0, ""DEFER"": 0.0, ""fraction_of_consequential"": 0.0}, ""RECOVERING"": {""proposed"": 0, ""ALLOW"": 0.0, ""DENY"": 0.0, ""DEFER"": 0.0, ""fraction_of_consequential"": 0.0}}","{""fresh"": {""proposed"": 173, ""ALLOW"": 0, ""DENY"": 79, ""DEFER"": 94, ""fraction_of_consequential"": 0.48732394366197185}, ""aging"": {""proposed"": 46, ""ALLOW"": 0, ""DENY"": 46, ""DEFER"": 0, ""fraction_of_consequential"": 0.1295774647887324}, ""stale"": {""proposed"": 107, ""ALLOW"": 0, ""DENY"": 107, ""DEFER"": 0, ""fraction_of_consequential"": 0.30140845070422534}, ""hard_expired"": {""proposed"": 29, ""ALLOW"": 0, ""DENY"": 29, ""DEFER"": 0, ""fraction_of_consequential"": 0.08169014084507042}}","{""freeze_id"": ""utility_v2_frozen_2026-09-28"", ""completed_mandatory"": 6, ""anomalies_resolved"": 0, ""useful_reassignments"": 0, ""missed_mandatory"": 6, ""exclusion_violations"": 0, ""reserve_violations"": 0, ""duplicate_work"": 0, ""total_energy_j"": 9020.0, ""unresolved_conflicts"": 0, ""terms"": {""completed_mandatory"": 60.0, ""anomaly_resolved"": 0.0, ""useful_reassignment"": 0.0, ""missed_mandatory"": -90.0, ""exclusion_violation"": -0.0, ""reserve_violation"": -0.0, ""duplicate_work"": -0.0, ""energy"": -0.0451, ""unresolved_conflict"": -0.0}, ""utility"": -30.0451}",utility_v2_frozen_2026-09-28,"{""CONNECTED"": 0.04642857142857143, ""DEGRADED"": 0.2392857142857143, ""PARTITIONED"": 0.7142857142857143, ""ISOLATED"": 0.0, ""RECOVERING"": 0.0}","{""repeat_sonar_scan"": 24, ""enter_exclusion_zone"": 140, ""exceed_return_energy_reserve"": 70, ""hold_station"": 70, ""reassign_another_auv"": 70, ""bounded_path_correction"": 391, ""abandon_mandatory_inspection"": 64, ""change_high_level_objective"": 11}","{""repeat_sonar_scan"": {""ALLOW"": 24, ""DENY"": 0, ""DEFER"": 0}, ""enter_exclusion_zone"": {""ALLOW"": 0, ""DENY"": 100, ""DEFER"": 40}, ""exceed_return_energy_reserve"": {""ALLOW"": 0, ""DENY"": 50, ""DEFER"": 20}, ""hold_station"": {""ALLOW"": 70, ""DENY"": 0, ""DEFER"": 0}, ""reassign_another_auv"": {""ALLOW"": 0, ""DENY"": 50, ""DEFER"": 20}, ""bounded_path_correction"": {""ALLOW"": 391, ""DENY"": 0, ""DEFER"": 0}, ""abandon_mandatory_inspection"": {""ALLOW"": 0, ""DENY"": 50, ""DEFER"": 14}, ""change_high_level_objective"": {""ALLOW"": 0, ""DENY"": 11, ""DEFER"": 0}}","{""low"": {""ALLOW"": 485, ""DENY"": 0, ""DEFER"": 0}, ""consequential"": {""ALLOW"": 0, ""DENY"": 261, ""DEFER"": 94}}",aubellhop,False,True,cuda:0
B5_nominal,1000,1000.0,1,tr_3bf719402f6c_gpu,a8ec9cc553c438e2,unknown,0.8333333333333334,-312.0721,51,0.7846153846153846,0,0.0,1.0,6,6,0,8192,8192,1.0,13272.0,8.192,1148.0,768,0,0,65,65,5,True,"[""abandon_mandatory_inspection"", ""reassign_another_auv"", ""exceed_return_energy_reserve"", ""enter_exclusion_zone"", ""change_high_level_objective""]","{""abandon_mandatory_inspection"": {""proposed"": 58, ""ALLOW"": 58, ""DENY"": 0, ""DEFER"": 0}, ""reassign_another_auv"": {""proposed"": 1, ""ALLOW"": 1, ""DENY"": 0, ""DEFER"": 0}, ""exceed_return_energy_reserve"": {""proposed"": 3, ""ALLOW"": 3, ""DENY"": 0, ""DEFER"": 0}, ""enter_exclusion_zone"": {""proposed"": 2, ""ALLOW"": 2, ""DENY"": 0, ""DEFER"": 0}, ""change_high_level_objective"": {""proposed"": 1, ""ALLOW"": 1, ""DENY"": 0, ""DEFER"": 0}}","{""CONNECTED"": {""proposed"": 0, ""ALLOW"": 0.0, ""DENY"": 0.0, ""DEFER"": 0.0, ""fraction_of_consequential"": 0.0}, ""DEGRADED"": {""proposed"": 14, ""ALLOW"": 1.0, ""DENY"": 0.0, ""DEFER"": 0.0, ""fraction_of_consequential"": 0.2153846153846154}, ""PARTITIONED"": {""proposed"": 51, ""ALLOW"": 1.0, ""DENY"": 0.0, ""DEFER"": 0.0, ""fraction_of_consequential"": 0.7846153846153846}, ""ISOLATED"": {""proposed"": 0, ""ALLOW"": 0.0, ""DENY"": 0.0, ""DEFER"": 0.0, ""fraction_of_consequential"": 0.0}, ""RECOVERING"": {""proposed"": 0, ""ALLOW"": 0.0, ""DENY"": 0.0, ""DEFER"": 0.0, ""fraction_of_consequential"": 0.0}}","{""fresh"": {""proposed"": 65, ""ALLOW"": 65, ""DENY"": 0, ""DEFER"": 0, ""fraction_of_consequential"": 1.0}, ""aging"": {""proposed"": 0, ""ALLOW"": 0, ""DENY"": 0, ""DEFER"": 0, ""fraction_of_consequential"": 0.0}, ""stale"": {""proposed"": 0, ""ALLOW"": 0, ""DENY"": 0, ""DEFER"": 0, ""fraction_of_consequential"": 0.0}, ""hard_expired"": {""proposed"": 0, ""ALLOW"": 0, ""DENY"": 0, ""DEFER"": 0, ""fraction_of_consequential"": 0.0}}","{""freeze_id"": ""utility_v2_frozen_2026-09-28"", ""completed_mandatory"": 10, ""anomalies_resolved"": 1, ""useful_reassignments"": 1, ""missed_mandatory"": 2, ""exclusion_violations"": 2, ""reserve_violations"": 3, ""duplicate_work"": 0, ""total_energy_j"": 14420.0, ""unresolved_conflicts"": 61, ""terms"": {""completed_mandatory"": 100.0, ""anomaly_resolved"": 18.0, ""useful_reassignment"": 12.0, ""missed_mandatory"": -30.0, ""exclusion_violation"": -16.0, ""reserve_violation"": -30.0, ""duplicate_work"": -0.0, ""energy"": -0.0721, ""unresolved_conflict"": -366.0}, ""utility"": -312.0721}",utility_v2_frozen_2026-09-28,"{""CONNECTED"": 0.044270833333333336, ""DEGRADED"": 0.17447916666666666, ""PARTITIONED"": 0.78125, ""ISOLATED"": 0.0, ""RECOVERING"": 0.0}","{""repeat_sonar_scan"": 32, ""enter_exclusion_zone"": 2, ""exceed_return_energy_reserve"": 3, ""hold_station"": 111, ""reassign_another_auv"": 1, ""local_inference"": 1, ""bounded_path_correction"": 559, ""abandon_mandatory_inspection"": 58, ""change_high_level_objective"": 1}","{""repeat_sonar_scan"": {""ALLOW"": 32, ""DENY"": 0, ""DEFER"": 0}, ""enter_exclusion_zone"": {""ALLOW"": 2, ""DENY"": 0, ""DEFER"": 0}, ""exceed_return_energy_reserve"": {""ALLOW"": 3, ""DENY"": 0, ""DEFER"": 0}, ""hold_station"": {""ALLOW"": 111, ""DENY"": 0, ""DEFER"": 0}, ""reassign_another_auv"": {""ALLOW"": 1, ""DENY"": 0, ""DEFER"": 0}, ""local_inference"": {""ALLOW"": 1, ""DENY"": 0, ""DEFER"": 0}, ""bounded_path_correction"": {""ALLOW"": 559, ""DENY"": 0, ""DEFER"": 0}, ""abandon_mandatory_inspection"": {""ALLOW"": 58, ""DENY"": 0, ""DEFER"": 0}, ""change_high_level_objective"": {""ALLOW"": 1, ""DENY"": 0, ""DEFER"": 0}}","{""low"": {""ALLOW"": 703, ""DENY"": 0, ""DEFER"": 0}, ""consequential"": {""ALLOW"": 65, ""DENY"": 0, ""DEFER"": 0}}",aubellhop,False,True,cuda:0
B5_permissive,1000,1000.0,1,tr_3bf719402f6c_gpu,a8ec9cc553c438e2,unknown,0.8333333333333334,-312.0721,51,0.7846153846153846,0,0.0,1.0,6,6,0,8192,8192,1.0,13272.0,8.192,1148.0,768,0,0,65,65,5,True,"[""abandon_mandatory_inspection"", ""reassign_another_auv"", ""exceed_return_energy_reserve"", ""enter_exclusion_zone"", ""change_high_level_objective""]","{""abandon_mandatory_inspection"": {""proposed"": 58, ""ALLOW"": 58, ""DENY"": 0, ""DEFER"": 0}, ""reassign_another_auv"": {""proposed"": 1, ""ALLOW"": 1, ""DENY"": 0, ""DEFER"": 0}, ""exceed_return_energy_reserve"": {""proposed"": 3, ""ALLOW"": 3, ""DENY"": 0, ""DEFER"": 0}, ""enter_exclusion_zone"": {""proposed"": 2, ""ALLOW"": 2, ""DENY"": 0, ""DEFER"": 0}, ""change_high_level_objective"": {""proposed"": 1, ""ALLOW"": 1, ""DENY"": 0, ""DEFER"": 0}}","{""CONNECTED"": {""proposed"": 0, ""ALLOW"": 0.0, ""DENY"": 0.0, ""DEFER"": 0.0, ""fraction_of_consequential"": 0.0}, ""DEGRADED"": {""proposed"": 14, ""ALLOW"": 1.0, ""DENY"": 0.0, ""DEFER"": 0.0, ""fraction_of_consequential"": 0.2153846153846154}, ""PARTITIONED"": {""proposed"": 51, ""ALLOW"": 1.0, ""DENY"": 0.0, ""DEFER"": 0.0, ""fraction_of_consequential"": 0.7846153846153846}, ""ISOLATED"": {""proposed"": 0, ""ALLOW"": 0.0, ""DENY"": 0.0, ""DEFER"": 0.0, ""fraction_of_consequential"": 0.0}, ""RECOVERING"": {""proposed"": 0, ""ALLOW"": 0.0, ""DENY"": 0.0, ""DEFER"": 0.0, ""fraction_of_consequential"": 0.0}}","{""fresh"": {""proposed"": 65, ""ALLOW"": 65, ""DENY"": 0, ""DEFER"": 0, ""fraction_of_consequential"": 1.0}, ""aging"": {""proposed"": 0, ""ALLOW"": 0, ""DENY"": 0, ""DEFER"": 0, ""fraction_of_consequential"": 0.0}, ""stale"": {""proposed"": 0, ""ALLOW"": 0, ""DENY"": 0, ""DEFER"": 0, ""fraction_of_consequential"": 0.0}, ""hard_expired"": {""proposed"": 0, ""ALLOW"": 0, ""DENY"": 0, ""DEFER"": 0, ""fraction_of_consequential"": 0.0}}","{""freeze_id"": ""utility_v2_frozen_2026-09-28"", ""completed_mandatory"": 10, ""anomalies_resolved"": 1, ""useful_reassignments"": 1, ""missed_mandatory"": 2, ""exclusion_violations"": 2, ""reserve_violations"": 3, ""duplicate_work"": 0, ""total_energy_j"": 14420.0, ""unresolved_conflicts"": 61, ""terms"": {""completed_mandatory"": 100.0, ""anomaly_resolved"": 18.0, ""useful_reassignment"": 12.0, ""missed_mandatory"": -30.0, ""exclusion_violation"": -16.0, ""reserve_violation"": -30.0, ""duplicate_work"": -0.0, ""energy"": -0.0721, ""unresolved_conflict"": -366.0}, ""utility"": -312.0721}",utility_v2_frozen_2026-09-28,"{""CONNECTED"": 0.044270833333333336, ""DEGRADED"": 0.17447916666666666, ""PARTITIONED"": 0.78125, ""ISOLATED"": 0.0, ""RECOVERING"": 0.0}","{""repeat_sonar_scan"": 32, ""enter_exclusion_zone"": 2, ""exceed_return_energy_reserve"": 3, ""hold_station"": 111, ""reassign_another_auv"": 1, ""local_inference"": 1, ""bounded_path_correction"": 559, ""abandon_mandatory_inspection"": 58, ""change_high_level_objective"": 1}","{""repeat_sonar_scan"": {""ALLOW"": 32, ""DENY"": 0, ""DEFER"": 0}, ""enter_exclusion_zone"": {""ALLOW"": 2, ""DENY"": 0, ""DEFER"": 0}, ""exceed_return_energy_reserve"": {""ALLOW"": 3, ""DENY"": 0, ""DEFER"": 0}, ""hold_station"": {""ALLOW"": 111, ""DENY"": 0, ""DEFER"": 0}, ""reassign_another_auv"": {""ALLOW"": 1, ""DENY"": 0, ""DEFER"": 0}, ""local_inference"": {""ALLOW"": 1, ""DENY"": 0, ""DEFER"": 0}, ""bounded_path_correction"": {""ALLOW"": 559, ""DENY"": 0, ""DEFER"": 0}, ""abandon_mandatory_inspection"": {""ALLOW"": 58, ""DENY"": 0, ""DEFER"": 0}, ""change_high_level_objective"": {""ALLOW"": 1, ""DENY"": 0, ""DEFER"": 0}}","{""low"": {""ALLOW"": 703, ""DENY"": 0, ""DEFER"": 0}, ""consequential"": {""ALLOW"": 65, ""DENY"": 0, ""DEFER"": 0}}",aubellhop,False,True,cuda:0
B1,0,0.0,2,tr_0ab8a47a1225_gpu,fd008541a09e0ae5,unknown,0.8333333333333334,53.9171,0,0.0,0,0.0,1.0,6,6,0,8704,8704,1.0,15432.0,8.704,1148.0,840,0,0,70,70,4,True,"[""abandon_mandatory_inspection"", ""reassign_another_auv"", ""exceed_return_energy_reserve"", ""enter_exclusion_zone""]","{""abandon_mandatory_inspection"": {""proposed"": 64, ""ALLOW"": 64, ""DENY"": 0, ""DEFER"": 0}, ""reassign_another_auv"": {""proposed"": 1, ""ALLOW"": 1, ""DENY"": 0, ""DEFER"": 0}, ""exceed_return_energy_reserve"": {""proposed"": 3, ""ALLOW"": 3, ""DENY"": 0, ""DEFER"": 0}, ""enter_exclusion_zone"": {""proposed"": 2, ""ALLOW"": 2, ""DENY"": 0, ""DEFER"": 0}, ""change_high_level_objective"": {""proposed"": 0, ""ALLOW"": 0, ""DENY"": 0, ""DEFER"": 0}}","{""CONNECTED"": {""proposed"": 0, ""ALLOW"": 0.0, ""DENY"": 0.0, ""DEFER"": 0.0, ""fraction_of_consequential"": 0.0}, ""DEGRADED"": {""proposed"": 70, ""ALLOW"": 1.0, ""DENY"": 0.0, ""DEFER"": 0.0, ""fraction_of_consequential"": 1.0}, ""PARTITIONED"": {""proposed"": 0, ""ALLOW"": 0.0, ""DENY"": 0.0, ""DEFER"": 0.0, ""fraction_of_consequential"": 0.0}, ""ISOLATED"": {""proposed"": 0, ""ALLOW"": 0.0, ""DENY"": 0.0, ""DEFER"": 0.0, ""fraction_of_consequential"": 0.0}, ""RECOVERING"": {""proposed"": 0, ""ALLOW"": 0.0, ""DENY"": 0.0, ""DEFER"": 0.0, ""fraction_of_consequential"": 0.0}}","{""fresh"": {""proposed"": 70, ""ALLOW"": 70, ""DENY"": 0, ""DEFER"": 0, ""fraction_of_consequential"": 1.0}, ""aging"": {""proposed"": 0, ""ALLOW"": 0, ""DENY"": 0, ""DEFER"": 0, ""fraction_of_consequential"": 0.0}, ""stale"": {""proposed"": 0, ""ALLOW"": 0, ""DENY"": 0, ""DEFER"": 0, ""fraction_of_consequential"": 0.0}, ""hard_expired"": {""proposed"": 0, ""ALLOW"": 0, ""DENY"": 0, ""DEFER"": 0, ""fraction_of_consequential"": 0.0}}","{""freeze_id"": ""utility_v2_frozen_2026-09-28"", ""completed_mandatory"": 10, ""anomalies_resolved"": 1, ""useful_reassignments"": 1, ""missed_mandatory"": 2, ""exclusion_violations"": 2, ""reserve_violations"": 3, ""duplicate_work"": 0, ""total_energy_j"": 16580.0, ""unresolved_conflicts"": 0, ""terms"": {""completed_mandatory"": 100.0, ""anomaly_resolved"": 18.0, ""useful_reassignment"": 12.0, ""missed_mandatory"": -30.0, ""exclusion_violation"": -16.0, ""reserve_violation"": -30.0, ""duplicate_work"": -0.0, ""energy"": -0.0829, ""unresolved_conflict"": -0.0}, ""utility"": 53.9171}",utility_v2_frozen_2026-09-28,"{""CONNECTED"": 0.10119047619047619, ""DEGRADED"": 0.8988095238095238, ""PARTITIONED"": 0.0, ""ISOLATED"": 0.0, ""RECOVERING"": 0.0}","{""repeat_sonar_scan"": 32, ""enter_exclusion_zone"": 2, ""exceed_return_energy_reserve"": 3, ""hold_station"": 70, ""reassign_another_auv"": 1, ""local_inference"": 1, ""bounded_path_correction"": 667, ""abandon_mandatory_inspection"": 64}","{""repeat_sonar_scan"": {""ALLOW"": 32, ""DENY"": 0, ""DEFER"": 0}, ""enter_exclusion_zone"": {""ALLOW"": 2, ""DENY"": 0, ""DEFER"": 0}, ""exceed_return_energy_reserve"": {""ALLOW"": 3, ""DENY"": 0, ""DEFER"": 0}, ""hold_station"": {""ALLOW"": 70, ""DENY"": 0, ""DEFER"": 0}, ""reassign_another_auv"": {""ALLOW"": 1, ""DENY"": 0, ""DEFER"": 0}, ""local_inference"": {""ALLOW"": 1, ""DENY"": 0, ""DEFER"": 0}, ""bounded_path_correction"": {""ALLOW"": 667, ""DENY"": 0, ""DEFER"": 0}, ""abandon_mandatory_inspection"": {""ALLOW"": 64, ""DENY"": 0, ""DEFER"": 0}}","{""low"": {""ALLOW"": 770, ""DENY"": 0, ""DEFER"": 0}, ""consequential"": {""ALLOW"": 70, ""DENY"": 0, ""DEFER"": 0}}",aubellhop,False,True,cuda:0
B2,0,0.0,2,tr_0ab8a47a1225_gpu,fd008541a09e0ae5,unknown,0.8333333333333334,53.9171,0,0.0,0,0.0,1.0,6,6,0,8704,8704,1.0,15432.0,8.704,1148.0,840,0,0,70,70,4,True,"[""abandon_mandatory_inspection"", ""reassign_another_auv"", ""exceed_return_energy_reserve"", ""enter_exclusion_zone""]","{""abandon_mandatory_inspection"": {""proposed"": 64, ""ALLOW"": 64, ""DENY"": 0, ""DEFER"": 0}, ""reassign_another_auv"": {""proposed"": 1, ""ALLOW"": 1, ""DENY"": 0, ""DEFER"": 0}, ""exceed_return_energy_reserve"": {""proposed"": 3, ""ALLOW"": 3, ""DENY"": 0, ""DEFER"": 0}, ""enter_exclusion_zone"": {""proposed"": 2, ""ALLOW"": 2, ""DENY"": 0, ""DEFER"": 0}, ""change_high_level_objective"": {""proposed"": 0, ""ALLOW"": 0, ""DENY"": 0, ""DEFER"": 0}}","{""CONNECTED"": {""proposed"": 0, ""ALLOW"": 0.0, ""DENY"": 0.0, ""DEFER"": 0.0, ""fraction_of_consequential"": 0.0}, ""DEGRADED"": {""proposed"": 70, ""ALLOW"": 1.0, ""DENY"": 0.0, ""DEFER"": 0.0, ""fraction_of_consequential"": 1.0}, ""PARTITIONED"": {""proposed"": 0, ""ALLOW"": 0.0, ""DENY"": 0.0, ""DEFER"": 0.0, ""fraction_of_consequential"": 0.0}, ""ISOLATED"": {""proposed"": 0, ""ALLOW"": 0.0, ""DENY"": 0.0, ""DEFER"": 0.0, ""fraction_of_consequential"": 0.0}, ""RECOVERING"": {""proposed"": 0, ""ALLOW"": 0.0, ""DENY"": 0.0, ""DEFER"": 0.0, ""fraction_of_consequential"": 0.0}}","{""fresh"": {""proposed"": 70, ""ALLOW"": 70, ""DENY"": 0, ""DEFER"": 0, ""fraction_of_consequential"": 1.0}, ""aging"": {""proposed"": 0, ""ALLOW"": 0, ""DENY"": 0, ""DEFER"": 0, ""fraction_of_consequential"": 0.0}, ""stale"": {""proposed"": 0, ""ALLOW"": 0, ""DENY"": 0, ""DEFER"": 0, ""fraction_of_consequential"": 0.0}, ""hard_expired"": {""proposed"": 0, ""ALLOW"": 0, ""DENY"": 0, ""DEFER"": 0, ""fraction_of_consequential"": 0.0}}","{""freeze_id"": ""utility_v2_frozen_2026-09-28"", ""completed_mandatory"": 10, ""anomalies_resolved"": 1, ""useful_reassignments"": 1, ""missed_mandatory"": 2, ""exclusion_violations"": 2, ""reserve_violations"": 3, ""duplicate_work"": 0, ""total_energy_j"": 16580.0, ""unresolved_conflicts"": 0, ""terms"": {""completed_mandatory"": 100.0, ""anomaly_resolved"": 18.0, ""useful_reassignment"": 12.0, ""missed_mandatory"": -30.0, ""exclusion_violation"": -16.0, ""reserve_violation"": -30.0, ""duplicate_work"": -0.0, ""energy"": -0.0829, ""unresolved_conflict"": -0.0}, ""utility"": 53.9171}",utility_v2_frozen_2026-09-28,"{""CONNECTED"": 0.10119047619047619, ""DEGRADED"": 0.8988095238095238, ""PARTITIONED"": 0.0, ""ISOLATED"": 0.0, ""RECOVERING"": 0.0}","{""repeat_sonar_scan"": 32, ""enter_exclusion_zone"": 2, ""exceed_return_energy_reserve"": 3, ""hold_station"": 70, ""reassign_another_auv"": 1, ""local_inference"": 1, ""bounded_path_correction"": 667, ""abandon_mandatory_inspection"": 64}","{""repeat_sonar_scan"": {""ALLOW"": 32, ""DENY"": 0, ""DEFER"": 0}, ""enter_exclusion_zone"": {""ALLOW"": 2, ""DENY"": 0, ""DEFER"": 0}, ""exceed_return_energy_reserve"": {""ALLOW"": 3, ""DENY"": 0, ""DEFER"": 0}, ""hold_station"": {""ALLOW"": 70, ""DENY"": 0, ""DEFER"": 0}, ""reassign_another_auv"": {""ALLOW"": 1, ""DENY"": 0, ""DEFER"": 0}, ""local_inference"": {""ALLOW"": 1, ""DENY"": 0, ""DEFER"": 0}, ""bounded_path_correction"": {""ALLOW"": 667, ""DENY"": 0, ""DEFER"": 0}, ""abandon_mandatory_inspection"": {""ALLOW"": 64, ""DENY"": 0, ""DEFER"": 0}}","{""low"": {""ALLOW"": 770, ""DENY"": 0, ""DEFER"": 0}, ""consequential"": {""ALLOW"": 70, ""DENY"": 0, ""DEFER"": 0}}",aubellhop,False,True,cuda:0
B3,0,0.0,2,tr_0ab8a47a1225_gpu,fd008541a09e0ae5,unknown,0.5,-30.0462,0,0.0,70,0.20348837209302326,0.0,280,0,344,8704,8704,1.0,8400.0,8.704,840.0,496,344,0,344,0,4,True,"[""abandon_mandatory_inspection"", ""reassign_another_auv"", ""exceed_return_energy_reserve"", ""enter_exclusion_zone""]","{""abandon_mandatory_inspection"": {""proposed"": 64, ""ALLOW"": 0, ""DENY"": 64, ""DEFER"": 0}, ""reassign_another_auv"": {""proposed"": 70, ""ALLOW"": 0, ""DENY"": 70, ""DEFER"": 0}, ""exceed_return_energy_reserve"": {""proposed"": 70, ""ALLOW"": 0, ""DENY"": 70, ""DEFER"": 0}, ""enter_exclusion_zone"": {""proposed"": 140, ""ALLOW"": 0, ""DENY"": 140, ""DEFER"": 0}, ""change_high_level_objective"": {""proposed"": 0, ""ALLOW"": 0, ""DENY"": 0, ""DEFER"": 0}}","{""CONNECTED"": {""proposed"": 0, ""ALLOW"": 0.0, ""DENY"": 0.0, ""DEFER"": 0.0, ""fraction_of_consequential"": 0.0}, ""DEGRADED"": {""proposed"": 344, ""ALLOW"": 0.0, ""DENY"": 1.0, ""DEFER"": 0.0, ""fraction_of_consequential"": 1.0}, ""PARTITIONED"": {""proposed"": 0, ""ALLOW"": 0.0, ""DENY"": 0.0, ""DEFER"": 0.0, ""fraction_of_consequential"": 0.0}, ""ISOLATED"": {""proposed"": 0, ""ALLOW"": 0.0, ""DENY"": 0.0, ""DEFER"": 0.0, ""fraction_of_consequential"": 0.0}, ""RECOVERING"": {""proposed"": 0, ""ALLOW"": 0.0, ""DENY"": 0.0, ""DEFER"": 0.0, ""fraction_of_consequential"": 0.0}}","{""fresh"": {""proposed"": 344, ""ALLOW"": 0, ""DENY"": 344, ""DEFER"": 0, ""fraction_of_consequential"": 1.0}, ""aging"": {""proposed"": 0, ""ALLOW"": 0, ""DENY"": 0, ""DEFER"": 0, ""fraction_of_consequential"": 0.0}, ""stale"": {""proposed"": 0, ""ALLOW"": 0, ""DENY"": 0, ""DEFER"": 0, ""fraction_of_consequential"": 0.0}, ""hard_expired"": {""proposed"": 0, ""ALLOW"": 0, ""DENY"": 0, ""DEFER"": 0, ""fraction_of_consequential"": 0.0}}","{""freeze_id"": ""utility_v2_frozen_2026-09-28"", ""completed_mandatory"": 6, ""anomalies_resolved"": 0, ""useful_reassignments"": 0, ""missed_mandatory"": 6, ""exclusion_violations"": 0, ""reserve_violations"": 0, ""duplicate_work"": 0, ""total_energy_j"": 9240.0, ""unresolved_conflicts"": 0, ""terms"": {""completed_mandatory"": 60.0, ""anomaly_resolved"": 0.0, ""useful_reassignment"": 0.0, ""missed_mandatory"": -90.0, ""exclusion_violation"": -0.0, ""reserve_violation"": -0.0, ""duplicate_work"": -0.0, ""energy"": -0.0462, ""unresolved_conflict"": -0.0}, ""utility"": -30.0462}",utility_v2_frozen_2026-09-28,"{""CONNECTED"": 0.10119047619047619, ""DEGRADED"": 0.8988095238095238, ""PARTITIONED"": 0.0, ""ISOLATED"": 0.0, ""RECOVERING"": 0.0}","{""repeat_sonar_scan"": 24, ""enter_exclusion_zone"": 140, ""exceed_return_energy_reserve"": 70, ""hold_station"": 70, ""reassign_another_auv"": 70, ""bounded_path_correction"": 402, ""abandon_mandatory_inspection"": 64}","{""repeat_sonar_scan"": {""ALLOW"": 24, ""DENY"": 0, ""DEFER"": 0}, ""enter_exclusion_zone"": {""ALLOW"": 0, ""DENY"": 140, ""DEFER"": 0}, ""exceed_return_energy_reserve"": {""ALLOW"": 0, ""DENY"": 70, ""DEFER"": 0}, ""hold_station"": {""ALLOW"": 70, ""DENY"": 0, ""DEFER"": 0}, ""reassign_another_auv"": {""ALLOW"": 0, ""DENY"": 70, ""DEFER"": 0}, ""bounded_path_correction"": {""ALLOW"": 402, ""DENY"": 0, ""DEFER"": 0}, ""abandon_mandatory_inspection"": {""ALLOW"": 0, ""DENY"": 64, ""DEFER"": 0}}","{""low"": {""ALLOW"": 496, ""DENY"": 0, ""DEFER"": 0}, ""consequential"": {""ALLOW"": 0, ""DENY"": 344, ""DEFER"": 0}}",aubellhop,False,True,cuda:0
B4,0,0.0,2,tr_0ab8a47a1225_gpu,fd008541a09e0ae5,unknown,0.8333333333333334,53.9171,0,0.0,0,0.0,1.0,6,6,0,8704,8704,1.0,15432.0,8.704,1148.0,840,0,0,70,70,4,True,"[""abandon_mandatory_inspection"", ""reassign_another_auv"", ""exceed_return_energy_reserve"", ""enter_exclusion_zone""]","{""abandon_mandatory_inspection"": {""proposed"": 64, ""ALLOW"": 64, ""DENY"": 0, ""DEFER"": 0}, ""reassign_another_auv"": {""proposed"": 1, ""ALLOW"": 1, ""DENY"": 0, ""DEFER"": 0}, ""exceed_return_energy_reserve"": {""proposed"": 3, ""ALLOW"": 3, ""DENY"": 0, ""DEFER"": 0}, ""enter_exclusion_zone"": {""proposed"": 2, ""ALLOW"": 2, ""DENY"": 0, ""DEFER"": 0}, ""change_high_level_objective"": {""proposed"": 0, ""ALLOW"": 0, ""DENY"": 0, ""DEFER"": 0}}","{""CONNECTED"": {""proposed"": 0, ""ALLOW"": 0.0, ""DENY"": 0.0, ""DEFER"": 0.0, ""fraction_of_consequential"": 0.0}, ""DEGRADED"": {""proposed"": 70, ""ALLOW"": 1.0, ""DENY"": 0.0, ""DEFER"": 0.0, ""fraction_of_consequential"": 1.0}, ""PARTITIONED"": {""proposed"": 0, ""ALLOW"": 0.0, ""DENY"": 0.0, ""DEFER"": 0.0, ""fraction_of_consequential"": 0.0}, ""ISOLATED"": {""proposed"": 0, ""ALLOW"": 0.0, ""DENY"": 0.0, ""DEFER"": 0.0, ""fraction_of_consequential"": 0.0}, ""RECOVERING"": {""proposed"": 0, ""ALLOW"": 0.0, ""DENY"": 0.0, ""DEFER"": 0.0, ""fraction_of_consequential"": 0.0}}","{""fresh"": {""proposed"": 70, ""ALLOW"": 70, ""DENY"": 0, ""DEFER"": 0, ""fraction_of_consequential"": 1.0}, ""aging"": {""proposed"": 0, ""ALLOW"": 0, ""DENY"": 0, ""DEFER"": 0, ""fraction_of_consequential"": 0.0}, ""stale"": {""proposed"": 0, ""ALLOW"": 0, ""DENY"": 0, ""DEFER"": 0, ""fraction_of_consequential"": 0.0}, ""hard_expired"": {""proposed"": 0, ""ALLOW"": 0, ""DENY"": 0, ""DEFER"": 0, ""fraction_of_consequential"": 0.0}}","{""freeze_id"": ""utility_v2_frozen_2026-09-28"", ""completed_mandatory"": 10, ""anomalies_resolved"": 1, ""useful_reassignments"": 1, ""missed_mandatory"": 2, ""exclusion_violations"": 2, ""reserve_violations"": 3, ""duplicate_work"": 0, ""total_energy_j"": 16580.0, ""unresolved_conflicts"": 0, ""terms"": {""completed_mandatory"": 100.0, ""anomaly_resolved"": 18.0, ""useful_reassignment"": 12.0, ""missed_mandatory"": -30.0, ""exclusion_violation"": -16.0, ""reserve_violation"": -30.0, ""duplicate_work"": -0.0, ""energy"": -0.0829, ""unresolved_conflict"": -0.0}, ""utility"": 53.9171}",utility_v2_frozen_2026-09-28,"{""CONNECTED"": 0.10119047619047619, ""DEGRADED"": 0.8988095238095238, ""PARTITIONED"": 0.0, ""ISOLATED"": 0.0, ""RECOVERING"": 0.0}","{""repeat_sonar_scan"": 32, ""enter_exclusion_zone"": 2, ""exceed_return_energy_reserve"": 3, ""hold_station"": 70, ""reassign_another_auv"": 1, ""local_inference"": 1, ""bounded_path_correction"": 667, ""abandon_mandatory_inspection"": 64}","{""repeat_sonar_scan"": {""ALLOW"": 32, ""DENY"": 0, ""DEFER"": 0}, ""enter_exclusion_zone"": {""ALLOW"": 2, ""DENY"": 0, ""DEFER"": 0}, ""exceed_return_energy_reserve"": {""ALLOW"": 3, ""DENY"": 0, ""DEFER"": 0}, ""hold_station"": {""ALLOW"": 70, ""DENY"": 0, ""DEFER"": 0}, ""reassign_another_auv"": {""ALLOW"": 1, ""DENY"": 0, ""DEFER"": 0}, ""local_inference"": {""ALLOW"": 1, ""DENY"": 0, ""DEFER"": 0}, ""bounded_path_correction"": {""ALLOW"": 667, ""DENY"": 0, ""DEFER"": 0}, ""abandon_mandatory_inspection"": {""ALLOW"": 64, ""DENY"": 0, ""DEFER"": 0}}","{""low"": {""ALLOW"": 770, ""DENY"": 0, ""DEFER"": 0}, ""consequential"": {""ALLOW"": 70, ""DENY"": 0, ""DEFER"": 0}}",aubellhop,False,True,cuda:0
B5_conservative,0,0.0,2,tr_0ab8a47a1225_gpu,fd008541a09e0ae5,unknown,0.5,-30.0462,0,0.0,0,0.0,0.0,280,0,0,8704,8704,1.0,8400.0,8.704,840.0,496,0,344,344,0,4,True,"[""abandon_mandatory_inspection"", ""reassign_another_auv"", ""exceed_return_energy_reserve"", ""enter_exclusion_zone""]","{""abandon_mandatory_inspection"": {""proposed"": 64, ""ALLOW"": 0, ""DENY"": 0, ""DEFER"": 64}, ""reassign_another_auv"": {""proposed"": 70, ""ALLOW"": 0, ""DENY"": 0, ""DEFER"": 70}, ""exceed_return_energy_reserve"": {""proposed"": 70, ""ALLOW"": 0, ""DENY"": 0, ""DEFER"": 70}, ""enter_exclusion_zone"": {""proposed"": 140, ""ALLOW"": 0, ""DENY"": 0, ""DEFER"": 140}, ""change_high_level_objective"": {""proposed"": 0, ""ALLOW"": 0, ""DENY"": 0, ""DEFER"": 0}}","{""CONNECTED"": {""proposed"": 0, ""ALLOW"": 0.0, ""DENY"": 0.0, ""DEFER"": 0.0, ""fraction_of_consequential"": 0.0}, ""DEGRADED"": {""proposed"": 344, ""ALLOW"": 0.0, ""DENY"": 0.0, ""DEFER"": 1.0, ""fraction_of_consequential"": 1.0}, ""PARTITIONED"": {""proposed"": 0, ""ALLOW"": 0.0, ""DENY"": 0.0, ""DEFER"": 0.0, ""fraction_of_consequential"": 0.0}, ""ISOLATED"": {""proposed"": 0, ""ALLOW"": 0.0, ""DENY"": 0.0, ""DEFER"": 0.0, ""fraction_of_consequential"": 0.0}, ""RECOVERING"": {""proposed"": 0, ""ALLOW"": 0.0, ""DENY"": 0.0, ""DEFER"": 0.0, ""fraction_of_consequential"": 0.0}}","{""fresh"": {""proposed"": 344, ""ALLOW"": 0, ""DENY"": 0, ""DEFER"": 344, ""fraction_of_consequential"": 1.0}, ""aging"": {""proposed"": 0, ""ALLOW"": 0, ""DENY"": 0, ""DEFER"": 0, ""fraction_of_consequential"": 0.0}, ""stale"": {""proposed"": 0, ""ALLOW"": 0, ""DENY"": 0, ""DEFER"": 0, ""fraction_of_consequential"": 0.0}, ""hard_expired"": {""proposed"": 0, ""ALLOW"": 0, ""DENY"": 0, ""DEFER"": 0, ""fraction_of_consequential"": 0.0}}","{""freeze_id"": ""utility_v2_frozen_2026-09-28"", ""completed_mandatory"": 6, ""anomalies_resolved"": 0, ""useful_reassignments"": 0, ""missed_mandatory"": 6, ""exclusion_violations"": 0, ""reserve_violations"": 0, ""duplicate_work"": 0, ""total_energy_j"": 9240.0, ""unresolved_conflicts"": 0, ""terms"": {""completed_mandatory"": 60.0, ""anomaly_resolved"": 0.0, ""useful_reassignment"": 0.0, ""missed_mandatory"": -90.0, ""exclusion_violation"": -0.0, ""reserve_violation"": -0.0, ""duplicate_work"": -0.0, ""energy"": -0.0462, ""unresolved_conflict"": -0.0}, ""utility"": -30.0462}",utility_v2_frozen_2026-09-28,"{""CONNECTED"": 0.10119047619047619, ""DEGRADED"": 0.8988095238095238, ""PARTITIONED"": 0.0, ""ISOLATED"": 0.0, ""RECOVERING"": 0.0}","{""repeat_sonar_scan"": 24, ""enter_exclusion_zone"": 140, ""exceed_return_energy_reserve"": 70, ""hold_station"": 70, ""reassign_another_auv"": 70, ""bounded_path_correction"": 402, ""abandon_mandatory_inspection"": 64}","{""repeat_sonar_scan"": {""ALLOW"": 24, ""DENY"": 0, ""DEFER"": 0}, ""enter_exclusion_zone"": {""ALLOW"": 0, ""DENY"": 0, ""DEFER"": 140}, ""exceed_return_energy_reserve"": {""ALLOW"": 0, ""DENY"": 0, ""DEFER"": 70}, ""hold_station"": {""ALLOW"": 70, ""DENY"": 0, ""DEFER"": 0}, ""reassign_another_auv"": {""ALLOW"": 0, ""DENY"": 0, ""DEFER"": 70}, ""bounded_path_correction"": {""ALLOW"": 402, ""DENY"": 0, ""DEFER"": 0}, ""abandon_mandatory_inspection"": {""ALLOW"": 0, ""DENY"": 0, ""DEFER"": 64}}","{""low"": {""ALLOW"": 496, ""DENY"": 0, ""DEFER"": 0}, ""consequential"": {""ALLOW"": 0, ""DENY"": 0, ""DEFER"": 344}}",aubellhop,False,True,cuda:0
B5_nominal,0,0.0,2,tr_0ab8a47a1225_gpu,fd008541a09e0ae5,unknown,0.8333333333333334,53.9171,0,0.0,0,0.0,1.0,6,6,0,8704,8704,1.0,15432.0,8.704,1148.0,840,0,0,70,70,4,True,"[""abandon_mandatory_inspection"", ""reassign_another_auv"", ""exceed_return_energy_reserve"", ""enter_exclusion_zone""]","{""abandon_mandatory_inspection"": {""proposed"": 64, ""ALLOW"": 64, ""DENY"": 0, ""DEFER"": 0}, ""reassign_another_auv"": {""proposed"": 1, ""ALLOW"": 1, ""DENY"": 0, ""DEFER"": 0}, ""exceed_return_energy_reserve"": {""proposed"": 3, ""ALLOW"": 3, ""DENY"": 0, ""DEFER"": 0}, ""enter_exclusion_zone"": {""proposed"": 2, ""ALLOW"": 2, ""DENY"": 0, ""DEFER"": 0}, ""change_high_level_objective"": {""proposed"": 0, ""ALLOW"": 0, ""DENY"": 0, ""DEFER"": 0}}","{""CONNECTED"": {""proposed"": 0, ""ALLOW"": 0.0, ""DENY"": 0.0, ""DEFER"": 0.0, ""fraction_of_consequential"": 0.0}, ""DEGRADED"": {""proposed"": 70, ""ALLOW"": 1.0, ""DENY"": 0.0, ""DEFER"": 0.0, ""fraction_of_consequential"": 1.0}, ""PARTITIONED"": {""proposed"": 0, ""ALLOW"": 0.0, ""DENY"": 0.0, ""DEFER"": 0.0, ""fraction_of_consequential"": 0.0}, ""ISOLATED"": {""proposed"": 0, ""ALLOW"": 0.0, ""DENY"": 0.0, ""DEFER"": 0.0, ""fraction_of_consequential"": 0.0}, ""RECOVERING"": {""proposed"": 0, ""ALLOW"": 0.0, ""DENY"": 0.0, ""DEFER"": 0.0, ""fraction_of_consequential"": 0.0}}","{""fresh"": {""proposed"": 70, ""ALLOW"": 70, ""DENY"": 0, ""DEFER"": 0, ""fraction_of_consequential"": 1.0}, ""aging"": {""proposed"": 0, ""ALLOW"": 0, ""DENY"": 0, ""DEFER"": 0, ""fraction_of_consequential"": 0.0}, ""stale"": {""proposed"": 0, ""ALLOW"": 0, ""DENY"": 0, ""DEFER"": 0, ""fraction_of_consequential"": 0.0}, ""hard_expired"": {""proposed"": 0, ""ALLOW"": 0, ""DENY"": 0, ""DEFER"": 0, ""fraction_of_consequential"": 0.0}}","{""freeze_id"": ""utility_v2_frozen_2026-09-28"", ""completed_mandatory"": 10, ""anomalies_resolved"": 1, ""useful_reassignments"": 1, ""missed_mandatory"": 2, ""exclusion_violations"": 2, ""reserve_violations"": 3, ""duplicate_work"": 0, ""total_energy_j"": 16580.0, ""unresolved_conflicts"": 0, ""terms"": {""completed_mandatory"": 100.0, ""anomaly_resolved"": 18.0, ""useful_reassignment"": 12.0, ""missed_mandatory"": -30.0, ""exclusion_violation"": -16.0, ""reserve_violation"": -30.0, ""duplicate_work"": -0.0, ""energy"": -0.0829, ""unresolved_conflict"": -0.0}, ""utility"": 53.9171}",utility_v2_frozen_2026-09-28,"{""CONNECTED"": 0.10119047619047619, ""DEGRADED"": 0.8988095238095238, ""PARTITIONED"": 0.0, ""ISOLATED"": 0.0, ""RECOVERING"": 0.0}","{""repeat_sonar_scan"": 32, ""enter_exclusion_zone"": 2, ""exceed_return_energy_reserve"": 3, ""hold_station"": 70, ""reassign_another_auv"": 1, ""local_inference"": 1, ""bounded_path_correction"": 667, ""abandon_mandatory_inspection"": 64}","{""repeat_sonar_scan"": {""ALLOW"": 32, ""DENY"": 0, ""DEFER"": 0}, ""enter_exclusion_zone"": {""ALLOW"": 2, ""DENY"": 0, ""DEFER"": 0}, ""exceed_return_energy_reserve"": {""ALLOW"": 3, ""DENY"": 0, ""DEFER"": 0}, ""hold_station"": {""ALLOW"": 70, ""DENY"": 0, ""DEFER"": 0}, ""reassign_another_auv"": {""ALLOW"": 1, ""DENY"": 0, ""DEFER"": 0}, ""local_inference"": {""ALLOW"": 1, ""DENY"": 0, ""DEFER"": 0}, ""bounded_path_correction"": {""ALLOW"": 667, ""DENY"": 0, ""DEFER"": 0}, ""abandon_mandatory_inspection"": {""ALLOW"": 64, ""DENY"": 0, ""DEFER"": 0}}","{""low"": {""ALLOW"": 770, ""DENY"": 0, ""DEFER"": 0}, ""consequential"": {""ALLOW"": 70, ""DENY"": 0, ""DEFER"": 0}}",aubellhop,False,True,cuda:0
B5_permissive,0,0.0,2,tr_0ab8a47a1225_gpu,fd008541a09e0ae5,unknown,0.8333333333333334,53.9171,0,0.0,0,0.0,1.0,6,6,0,8704,8704,1.0,15432.0,8.704,1148.0,840,0,0,70,70,4,True,"[""abandon_mandatory_inspection"", ""reassign_another_auv"", ""exceed_return_energy_reserve"", ""enter_exclusion_zone""]","{""abandon_mandatory_inspection"": {""proposed"": 64, ""ALLOW"": 64, ""DENY"": 0, ""DEFER"": 0}, ""reassign_another_auv"": {""proposed"": 1, ""ALLOW"": 1, ""DENY"": 0, ""DEFER"": 0}, ""exceed_return_energy_reserve"": {""proposed"": 3, ""ALLOW"": 3, ""DENY"": 0, ""DEFER"": 0}, ""enter_exclusion_zone"": {""proposed"": 2, ""ALLOW"": 2, ""DENY"": 0, ""DEFER"": 0}, ""change_high_level_objective"": {""proposed"": 0, ""ALLOW"": 0, ""DENY"": 0, ""DEFER"": 0}}","{""CONNECTED"": {""proposed"": 0, ""ALLOW"": 0.0, ""DENY"": 0.0, ""DEFER"": 0.0, ""fraction_of_consequential"": 0.0}, ""DEGRADED"": {""proposed"": 70, ""ALLOW"": 1.0, ""DENY"": 0.0, ""DEFER"": 0.0, ""fraction_of_consequential"": 1.0}, ""PARTITIONED"": {""proposed"": 0, ""ALLOW"": 0.0, ""DENY"": 0.0, ""DEFER"": 0.0, ""fraction_of_consequential"": 0.0}, ""ISOLATED"": {""proposed"": 0, ""ALLOW"": 0.0, ""DENY"": 0.0, ""DEFER"": 0.0, ""fraction_of_consequential"": 0.0}, ""RECOVERING"": {""proposed"": 0, ""ALLOW"": 0.0, ""DENY"": 0.0, ""DEFER"": 0.0, ""fraction_of_consequential"": 0.0}}","{""fresh"": {""proposed"": 70, ""ALLOW"": 70, ""DENY"": 0, ""DEFER"": 0, ""fraction_of_consequential"": 1.0}, ""aging"": {""proposed"": 0, ""ALLOW"": 0, ""DENY"": 0, ""DEFER"": 0, ""fraction_of_consequential"": 0.0}, ""stale"": {""proposed"": 0, ""ALLOW"": 0, ""DENY"": 0, ""DEFER"": 0, ""fraction_of_consequential"": 0.0}, ""hard_expired"": {""proposed"": 0, ""ALLOW"": 0, ""DENY"": 0, ""DEFER"": 0, ""fraction_of_consequential"": 0.0}}","{""freeze_id"": ""utility_v2_frozen_2026-09-28"", ""completed_mandatory"": 10, ""anomalies_resolved"": 1, ""useful_reassignments"": 1, ""missed_mandatory"": 2, ""exclusion_violations"": 2, ""reserve_violations"": 3, ""duplicate_work"": 0, ""total_energy_j"": 16580.0, ""unresolved_conflicts"": 0, ""terms"": {""completed_mandatory"": 100.0, ""anomaly_resolved"": 18.0, ""useful_reassignment"": 12.0, ""missed_mandatory"": -30.0, ""exclusion_violation"": -16.0, ""reserve_violation"": -30.0, ""duplicate_work"": -0.0, ""energy"": -0.0829, ""unresolved_conflict"": -0.0}, ""utility"": 53.9171}",utility_v2_frozen_2026-09-28,"{""CONNECTED"": 0.10119047619047619, ""DEGRADED"": 0.8988095238095238, ""PARTITIONED"": 0.0, ""ISOLATED"": 0.0, ""RECOVERING"": 0.0}","{""repeat_sonar_scan"": 32, ""enter_exclusion_zone"": 2, ""exceed_return_energy_reserve"": 3, ""hold_station"": 70, ""reassign_another_auv"": 1, ""local_inference"": 1, ""bounded_path_correction"": 667, ""abandon_mandatory_inspection"": 64}","{""repeat_sonar_scan"": {""ALLOW"": 32, ""DENY"": 0, ""DEFER"": 0}, ""enter_exclusion_zone"": {""ALLOW"": 2, ""DENY"": 0, ""DEFER"": 0}, ""exceed_return_energy_reserve"": {""ALLOW"": 3, ""DENY"": 0, ""DEFER"": 0}, ""hold_station"": {""ALLOW"": 70, ""DENY"": 0, ""DEFER"": 0}, ""reassign_another_auv"": {""ALLOW"": 1, ""DENY"": 0, ""DEFER"": 0}, ""local_inference"": {""ALLOW"": 1, ""DENY"": 0, ""DEFER"": 0}, ""bounded_path_correction"": {""ALLOW"": 667, ""DENY"": 0, ""DEFER"": 0}, ""abandon_mandatory_inspection"": {""ALLOW"": 64, ""DENY"": 0, ""DEFER"": 0}}","{""low"": {""ALLOW"": 770, ""DENY"": 0, ""DEFER"": 0}, ""consequential"": {""ALLOW"": 70, ""DENY"": 0, ""DEFER"": 0}}",aubellhop,False,True,cuda:0
B1,150,150.0,2,tr_0ab8a47a1225_gpu,7e0968f1f048ee45,unknown,0.8333333333333334,-54.0808,8,0.11594202898550725,0,0.0,1.0,6,6,1,8192,8192,1.0,15012.0,8.192,1148.0,815,1,0,69,68,5,True,"[""abandon_mandatory_inspection"", ""reassign_another_auv"", ""exceed_return_energy_reserve"", ""enter_exclusion_zone"", ""change_high_level_objective""]","{""abandon_mandatory_inspection"": {""proposed"": 62, ""ALLOW"": 62, ""DENY"": 0, ""DEFER"": 0}, ""reassign_another_auv"": {""proposed"": 1, ""ALLOW"": 1, ""DENY"": 0, ""DEFER"": 0}, ""exceed_return_energy_reserve"": {""proposed"": 3, ""ALLOW"": 3, ""DENY"": 0, ""DEFER"": 0}, ""enter_exclusion_zone"": {""proposed"": 2, ""ALLOW"": 2, ""DENY"": 0, ""DEFER"": 0}, ""change_high_level_objective"": {""proposed"": 1, ""ALLOW"": 0, ""DENY"": 1, ""DEFER"": 0}}","{""CONNECTED"": {""proposed"": 0, ""ALLOW"": 0.0, ""DENY"": 0.0, ""DEFER"": 0.0, ""fraction_of_consequential"": 0.0}, ""DEGRADED"": {""proposed"": 60, ""ALLOW"": 1.0, ""DENY"": 0.0, ""DEFER"": 0.0, ""fraction_of_consequential"": 0.8695652173913043}, ""PARTITIONED"": {""proposed"": 9, ""ALLOW"": 0.8888888888888888, ""DENY"": 0.1111111111111111, ""DEFER"": 0.0, ""fraction_of_consequential"": 0.13043478260869565}, ""ISOLATED"": {""proposed"": 0, ""ALLOW"": 0.0, ""DENY"": 0.0, ""DEFER"": 0.0, ""fraction_of_consequential"": 0.0}, ""RECOVERING"": {""proposed"": 0, ""ALLOW"": 0.0, ""DENY"": 0.0, ""DEFER"": 0.0, ""fraction_of_consequential"": 0.0}}","{""fresh"": {""proposed"": 69, ""ALLOW"": 68, ""DENY"": 1, ""DEFER"": 0, ""fraction_of_consequential"": 1.0}, ""aging"": {""proposed"": 0, ""ALLOW"": 0, ""DENY"": 0, ""DEFER"": 0, ""fraction_of_consequential"": 0.0}, ""stale"": {""proposed"": 0, ""ALLOW"": 0, ""DENY"": 0, ""DEFER"": 0, ""fraction_of_consequential"": 0.0}, ""hard_expired"": {""proposed"": 0, ""ALLOW"": 0, ""DENY"": 0, ""DEFER"": 0, ""fraction_of_consequential"": 0.0}}","{""freeze_id"": ""utility_v2_frozen_2026-09-28"", ""completed_mandatory"": 10, ""anomalies_resolved"": 1, ""useful_reassignments"": 1, ""missed_mandatory"": 2, ""exclusion_violations"": 2, ""reserve_violations"": 3, ""duplicate_work"": 0, ""total_energy_j"": 16160.0, ""unresolved_conflicts"": 18, ""terms"": {""completed_mandatory"": 100.0, ""anomaly_resolved"": 18.0, ""useful_reassignment"": 12.0, ""missed_mandatory"": -30.0, ""exclusion_violation"": -16.0, ""reserve_violation"": -30.0, ""duplicate_work"": -0.0, ""energy"": -0.0808, ""unresolved_conflict"": -108.0}, ""utility"": -54.0808}",utility_v2_frozen_2026-09-28,"{""CONNECTED"": 0.09068627450980392, ""DEGRADED"": 0.7916666666666666, ""PARTITIONED"": 0.11764705882352941, ""ISOLATED"": 0.0, ""RECOVERING"": 0.0}","{""repeat_sonar_scan"": 32, ""enter_exclusion_zone"": 2, ""exceed_return_energy_reserve"": 3, ""hold_station"": 68, ""reassign_another_auv"": 1, ""local_inference"": 1, ""bounded_path_correction"": 646, ""abandon_mandatory_inspection"": 62, ""change_high_level_objective"": 1}","{""repeat_sonar_scan"": {""ALLOW"": 32, ""DENY"": 0, ""DEFER"": 0}, ""enter_exclusion_zone"": {""ALLOW"": 2, ""DENY"": 0, ""DEFER"": 0}, ""exceed_return_energy_reserve"": {""ALLOW"": 3, ""DENY"": 0, ""DEFER"": 0}, ""hold_station"": {""ALLOW"": 68, ""DENY"": 0, ""DEFER"": 0}, ""reassign_another_auv"": {""ALLOW"": 1, ""DENY"": 0, ""DEFER"": 0}, ""local_inference"": {""ALLOW"": 1, ""DENY"": 0, ""DEFER"": 0}, ""bounded_path_correction"": {""ALLOW"": 646, ""DENY"": 0, ""DEFER"": 0}, ""abandon_mandatory_inspection"": {""ALLOW"": 62, ""DENY"": 0, ""DEFER"": 0}, ""change_high_level_objective"": {""ALLOW"": 0, ""DENY"": 1, ""DEFER"": 0}}","{""low"": {""ALLOW"": 747, ""DENY"": 0, ""DEFER"": 0}, ""consequential"": {""ALLOW"": 68, ""DENY"": 1, ""DEFER"": 0}}",aubellhop,False,True,cuda:0
B2,150,150.0,2,tr_0ab8a47a1225_gpu,7e0968f1f048ee45,unknown,0.8333333333333334,-60.0757,9,0.13043478260869565,0,0.0,1.0,6,6,0,8192,8192,1.0,13992.0,8.192,1148.0,816,0,0,69,69,5,True,"[""abandon_mandatory_inspection"", ""reassign_another_auv"", ""exceed_return_energy_reserve"", ""enter_exclusion_zone"", ""change_high_level_objective""]","{""abandon_mandatory_inspection"": {""proposed"": 62, ""ALLOW"": 62, ""DENY"": 0, ""DEFER"": 0}, ""reassign_another_auv"": {""proposed"": 1, ""ALLOW"": 1, ""DENY"": 0, ""DEFER"": 0}, ""exceed_return_energy_reserve"": {""proposed"": 3, ""ALLOW"": 3, ""DENY"": 0, ""DEFER"": 0}, ""enter_exclusion_zone"": {""proposed"": 2, ""ALLOW"": 2, ""DENY"": 0, ""DEFER"": 0}, ""change_high_level_objective"": {""proposed"": 1, ""ALLOW"": 1, ""DENY"": 0, ""DEFER"": 0}}","{""CONNECTED"": {""proposed"": 0, ""ALLOW"": 0.0, ""DENY"": 0.0, ""DEFER"": 0.0, ""fraction_of_consequential"": 0.0}, ""DEGRADED"": {""proposed"": 60, ""ALLOW"": 1.0, ""DENY"": 0.0, ""DEFER"": 0.0, ""fraction_of_consequential"": 0.8695652173913043}, ""PARTITIONED"": {""proposed"": 9, ""ALLOW"": 1.0, ""DENY"": 0.0, ""DEFER"": 0.0, ""fraction_of_consequential"": 0.13043478260869565}, ""ISOLATED"": {""proposed"": 0, ""ALLOW"": 0.0, ""DENY"": 0.0, ""DEFER"": 0.0, ""fraction_of_consequential"": 0.0}, ""RECOVERING"": {""proposed"": 0, ""ALLOW"": 0.0, ""DENY"": 0.0, ""DEFER"": 0.0, ""fraction_of_consequential"": 0.0}}","{""fresh"": {""proposed"": 69, ""ALLOW"": 69, ""DENY"": 0, ""DEFER"": 0, ""fraction_of_consequential"": 1.0}, ""aging"": {""proposed"": 0, ""ALLOW"": 0, ""DENY"": 0, ""DEFER"": 0, ""fraction_of_consequential"": 0.0}, ""stale"": {""proposed"": 0, ""ALLOW"": 0, ""DENY"": 0, ""DEFER"": 0, ""fraction_of_consequential"": 0.0}, ""hard_expired"": {""proposed"": 0, ""ALLOW"": 0, ""DENY"": 0, ""DEFER"": 0, ""fraction_of_consequential"": 0.0}}","{""freeze_id"": ""utility_v2_frozen_2026-09-28"", ""completed_mandatory"": 10, ""anomalies_resolved"": 1, ""useful_reassignments"": 1, ""missed_mandatory"": 2, ""exclusion_violations"": 2, ""reserve_violations"": 3, ""duplicate_work"": 0, ""total_energy_j"": 15140.0, ""unresolved_conflicts"": 19, ""terms"": {""completed_mandatory"": 100.0, ""anomaly_resolved"": 18.0, ""useful_reassignment"": 12.0, ""missed_mandatory"": -30.0, ""exclusion_violation"": -16.0, ""reserve_violation"": -30.0, ""duplicate_work"": -0.0, ""energy"": -0.0757, ""unresolved_conflict"": -114.0}, ""utility"": -60.0757}",utility_v2_frozen_2026-09-28,"{""CONNECTED"": 0.09068627450980392, ""DEGRADED"": 0.7916666666666666, ""PARTITIONED"": 0.11764705882352941, ""ISOLATED"": 0.0, ""RECOVERING"": 0.0}","{""repeat_sonar_scan"": 32, ""enter_exclusion_zone"": 2, ""exceed_return_energy_reserve"": 3, ""hold_station"": 119, ""reassign_another_auv"": 1, ""local_inference"": 1, ""bounded_path_correction"": 595, ""abandon_mandatory_inspection"": 62, ""change_high_level_objective"": 1}","{""repeat_sonar_scan"": {""ALLOW"": 32, ""DENY"": 0, ""DEFER"": 0}, ""enter_exclusion_zone"": {""ALLOW"": 2, ""DENY"": 0, ""DEFER"": 0}, ""exceed_return_energy_reserve"": {""ALLOW"": 3, ""DENY"": 0, ""DEFER"": 0}, ""hold_station"": {""ALLOW"": 119, ""DENY"": 0, ""DEFER"": 0}, ""reassign_another_auv"": {""ALLOW"": 1, ""DENY"": 0, ""DEFER"": 0}, ""local_inference"": {""ALLOW"": 1, ""DENY"": 0, ""DEFER"": 0}, ""bounded_path_correction"": {""ALLOW"": 595, ""DENY"": 0, ""DEFER"": 0}, ""abandon_mandatory_inspection"": {""ALLOW"": 62, ""DENY"": 0, ""DEFER"": 0}, ""change_high_level_objective"": {""ALLOW"": 1, ""DENY"": 0, ""DEFER"": 0}}","{""low"": {""ALLOW"": 747, ""DENY"": 0, ""DEFER"": 0}, ""consequential"": {""ALLOW"": 69, ""DENY"": 0, ""DEFER"": 0}}",aubellhop,False,True,cuda:0
B3,150,150.0,2,tr_0ab8a47a1225_gpu,7e0968f1f048ee45,unknown,0.5,-30.0461,0,0.0,70,0.2028985507246377,0.0,280,0,345,8192,8192,1.0,8380.0,8.192,840.0,495,345,0,345,0,5,True,"[""abandon_mandatory_inspection"", ""reassign_another_auv"", ""exceed_return_energy_reserve"", ""enter_exclusion_zone"", ""change_high_level_objective""]","{""abandon_mandatory_inspection"": {""proposed"": 64, ""ALLOW"": 0, ""DENY"": 64, ""DEFER"": 0}, ""reassign_another_auv"": {""proposed"": 70, ""ALLOW"": 0, ""DENY"": 70, ""DEFER"": 0}, ""exceed_return_energy_reserve"": {""proposed"": 70, ""ALLOW"": 0, ""DENY"": 70, ""DEFER"": 0}, ""enter_exclusion_zone"": {""proposed"": 140, ""ALLOW"": 0, ""DENY"": 140, ""DEFER"": 0}, ""change_high_level_objective"": {""proposed"": 1, ""ALLOW"": 0, ""DENY"": 1, ""DEFER"": 0}}","{""CONNECTED"": {""proposed"": 0, ""ALLOW"": 0.0, ""DENY"": 0.0, ""DEFER"": 0.0, ""fraction_of_consequential"": 0.0}, ""DEGRADED"": {""proposed"": 304, ""ALLOW"": 0.0, ""DENY"": 1.0, ""DEFER"": 0.0, ""fraction_of_consequential"": 0.881159420289855}, ""PARTITIONED"": {""proposed"": 41, ""ALLOW"": 0.0, ""DENY"": 1.0, ""DEFER"": 0.0, ""fraction_of_consequential"": 0.11884057971014493}, ""ISOLATED"": {""proposed"": 0, ""ALLOW"": 0.0, ""DENY"": 0.0, ""DEFER"": 0.0, ""fraction_of_consequential"": 0.0}, ""RECOVERING"": {""proposed"": 0, ""ALLOW"": 0.0, ""DENY"": 0.0, ""DEFER"": 0.0, ""fraction_of_consequential"": 0.0}}","{""fresh"": {""proposed"": 341, ""ALLOW"": 0, ""DENY"": 341, ""DEFER"": 0, ""fraction_of_consequential"": 0.9884057971014493}, ""aging"": {""proposed"": 4, ""ALLOW"": 0, ""DENY"": 4, ""DEFER"": 0, ""fraction_of_consequential"": 0.011594202898550725}, ""stale"": {""proposed"": 0, ""ALLOW"": 0, ""DENY"": 0, ""DEFER"": 0, ""fraction_of_consequential"": 0.0}, ""hard_expired"": {""proposed"": 0, ""ALLOW"": 0, ""DENY"": 0, ""DEFER"": 0, ""fraction_of_consequential"": 0.0}}","{""freeze_id"": ""utility_v2_frozen_2026-09-28"", ""completed_mandatory"": 6, ""anomalies_resolved"": 0, ""useful_reassignments"": 0, ""missed_mandatory"": 6, ""exclusion_violations"": 0, ""reserve_violations"": 0, ""duplicate_work"": 0, ""total_energy_j"": 9220.0, ""unresolved_conflicts"": 0, ""terms"": {""completed_mandatory"": 60.0, ""anomaly_resolved"": 0.0, ""useful_reassignment"": 0.0, ""missed_mandatory"": -90.0, ""exclusion_violation"": -0.0, ""reserve_violation"": -0.0, ""duplicate_work"": -0.0, ""energy"": -0.0461, ""unresolved_conflict"": -0.0}, ""utility"": -30.0461}",utility_v2_frozen_2026-09-28,"{""CONNECTED"": 0.0880952380952381, ""DEGRADED"": 0.7976190476190477, ""PARTITIONED"": 0.11428571428571428, ""ISOLATED"": 0.0, ""RECOVERING"": 0.0}","{""repeat_sonar_scan"": 24, ""enter_exclusion_zone"": 140, ""exceed_return_energy_reserve"": 70, ""hold_station"": 70, ""reassign_another_auv"": 70, ""bounded_path_correction"": 401, ""abandon_mandatory_inspection"": 64, ""change_high_level_objective"": 1}","{""repeat_sonar_scan"": {""ALLOW"": 24, ""DENY"": 0, ""DEFER"": 0}, ""enter_exclusion_zone"": {""ALLOW"": 0, ""DENY"": 140, ""DEFER"": 0}, ""exceed_return_energy_reserve"": {""ALLOW"": 0, ""DENY"": 70, ""DEFER"": 0}, ""hold_station"": {""ALLOW"": 70, ""DENY"": 0, ""DEFER"": 0}, ""reassign_another_auv"": {""ALLOW"": 0, ""DENY"": 70, ""DEFER"": 0}, ""bounded_path_correction"": {""ALLOW"": 401, ""DENY"": 0, ""DEFER"": 0}, ""abandon_mandatory_inspection"": {""ALLOW"": 0, ""DENY"": 64, ""DEFER"": 0}, ""change_high_level_objective"": {""ALLOW"": 0, ""DENY"": 1, ""DEFER"": 0}}","{""low"": {""ALLOW"": 495, ""DENY"": 0, ""DEFER"": 0}, ""consequential"": {""ALLOW"": 0, ""DENY"": 345, ""DEFER"": 0}}",aubellhop,False,True,cuda:0
B4,150,150.0,2,tr_0ab8a47a1225_gpu,7e0968f1f048ee45,unknown,0.8333333333333334,53.9225,9,0.1267605633802817,0,0.0,1.0,6,6,0,8192,8192,1.0,14352.0,8.192,1148.0,840,0,0,71,71,5,True,"[""abandon_mandatory_inspection"", ""reassign_another_auv"", ""exceed_return_energy_reserve"", ""enter_exclusion_zone"", ""change_high_level_objective""]","{""abandon_mandatory_inspection"": {""proposed"": 64, ""ALLOW"": 64, ""DENY"": 0, ""DEFER"": 0}, ""reassign_another_auv"": {""proposed"": 1, ""ALLOW"": 1, ""DENY"": 0, ""DEFER"": 0}, ""exceed_return_energy_reserve"": {""proposed"": 3, ""ALLOW"": 3, ""DENY"": 0, ""DEFER"": 0}, ""enter_exclusion_zone"": {""proposed"": 2, ""ALLOW"": 2, ""DENY"": 0, ""DEFER"": 0}, ""change_high_level_objective"": {""proposed"": 1, ""ALLOW"": 1, ""DENY"": 0, ""DEFER"": 0}}","{""CONNECTED"": {""proposed"": 0, ""ALLOW"": 0.0, ""DENY"": 0.0, ""DEFER"": 0.0, ""fraction_of_consequential"": 0.0}, ""DEGRADED"": {""proposed"": 62, ""ALLOW"": 1.0, ""DENY"": 0.0, ""DEFER"": 0.0, ""fraction_of_consequential"": 0.8732394366197183}, ""PARTITIONED"": {""proposed"": 9, ""ALLOW"": 1.0, ""DENY"": 0.0, ""DEFER"": 0.0, ""fraction_of_consequential"": 0.1267605633802817}, ""ISOLATED"": {""proposed"": 0, ""ALLOW"": 0.0, ""DENY"": 0.0, ""DEFER"": 0.0, ""fraction_of_consequential"": 0.0}, ""RECOVERING"": {""proposed"": 0, ""ALLOW"": 0.0, ""DENY"": 0.0, ""DEFER"": 0.0, ""fraction_of_consequential"": 0.0}}","{""fresh"": {""proposed"": 71, ""ALLOW"": 71, ""DENY"": 0, ""DEFER"": 0, ""fraction_of_consequential"": 1.0}, ""aging"": {""proposed"": 0, ""ALLOW"": 0, ""DENY"": 0, ""DEFER"": 0, ""fraction_of_consequential"": 0.0}, ""stale"": {""proposed"": 0, ""ALLOW"": 0, ""DENY"": 0, ""DEFER"": 0, ""fraction_of_consequential"": 0.0}, ""hard_expired"": {""proposed"": 0, ""ALLOW"": 0, ""DENY"": 0, ""DEFER"": 0, ""fraction_of_consequential"": 0.0}}","{""freeze_id"": ""utility_v2_frozen_2026-09-28"", ""completed_mandatory"": 10, ""anomalies_resolved"": 1, ""useful_reassignments"": 1, ""missed_mandatory"": 2, ""exclusion_violations"": 2, ""reserve_violations"": 3, ""duplicate_work"": 0, ""total_energy_j"": 15500.0, ""unresolved_conflicts"": 0, ""terms"": {""completed_mandatory"": 100.0, ""anomaly_resolved"": 18.0, ""useful_reassignment"": 12.0, ""missed_mandatory"": -30.0, ""exclusion_violation"": -16.0, ""reserve_violation"": -30.0, ""duplicate_work"": -0.0, ""energy"": -0.0775, ""unresolved_conflict"": -0.0}, ""utility"": 53.9225}",utility_v2_frozen_2026-09-28,"{""CONNECTED"": 0.08333333333333333, ""DEGRADED"": 0.8023809523809524, ""PARTITIONED"": 0.11428571428571428, ""ISOLATED"": 0.0, ""RECOVERING"": 0.0}","{""repeat_sonar_scan"": 32, ""enter_exclusion_zone"": 2, ""exceed_return_energy_reserve"": 3, ""hold_station"": 123, ""reassign_another_auv"": 1, ""local_inference"": 1, ""bounded_path_correction"": 613, ""abandon_mandatory_inspection"": 64, ""change_high_level_objective"": 1}","{""repeat_sonar_scan"": {""ALLOW"": 32, ""DENY"": 0, ""DEFER"": 0}, ""enter_exclusion_zone"": {""ALLOW"": 2, ""DENY"": 0, ""DEFER"": 0}, ""exceed_return_energy_reserve"": {""ALLOW"": 3, ""DENY"": 0, ""DEFER"": 0}, ""hold_station"": {""ALLOW"": 123, ""DENY"": 0, ""DEFER"": 0}, ""reassign_another_auv"": {""ALLOW"": 1, ""DENY"": 0, ""DEFER"": 0}, ""local_inference"": {""ALLOW"": 1, ""DENY"": 0, ""DEFER"": 0}, ""bounded_path_correction"": {""ALLOW"": 613, ""DENY"": 0, ""DEFER"": 0}, ""abandon_mandatory_inspection"": {""ALLOW"": 64, ""DENY"": 0, ""DEFER"": 0}, ""change_high_level_objective"": {""ALLOW"": 1, ""DENY"": 0, ""DEFER"": 0}}","{""low"": {""ALLOW"": 769, ""DENY"": 0, ""DEFER"": 0}, ""consequential"": {""ALLOW"": 71, ""DENY"": 0, ""DEFER"": 0}}",aubellhop,False,True,cuda:0
B5_conservative,150,150.0,2,tr_0ab8a47a1225_gpu,7e0968f1f048ee45,unknown,0.5,-30.0461,0,0.0,8,0.1951219512195122,0.0,280,0,41,8192,8192,1.0,8380.0,8.192,840.0,495,41,304,345,0,5,True,"[""abandon_mandatory_inspection"", ""reassign_another_auv"", ""exceed_return_energy_reserve"", ""enter_exclusion_zone"", ""change_high_level_objective""]","{""abandon_mandatory_inspection"": {""proposed"": 64, ""ALLOW"": 0, ""DENY"": 8, ""DEFER"": 56}, ""reassign_another_auv"": {""proposed"": 70, ""ALLOW"": 0, ""DENY"": 8, ""DEFER"": 62}, ""exceed_return_energy_reserve"": {""proposed"": 70, ""ALLOW"": 0, ""DENY"": 8, ""DEFER"": 62}, ""enter_exclusion_zone"": {""proposed"": 140, ""ALLOW"": 0, ""DENY"": 16, ""DEFER"": 124}, ""change_high_level_objective"": {""proposed"": 1, ""ALLOW"": 0, ""DENY"": 1, ""DEFER"": 0}}","{""CONNECTED"": {""proposed"": 0, ""ALLOW"": 0.0, ""DENY"": 0.0, ""DEFER"": 0.0, ""fraction_of_consequential"": 0.0}, ""DEGRADED"": {""proposed"": 304, ""ALLOW"": 0.0, ""DENY"": 0.0, ""DEFER"": 1.0, ""fraction_of_consequential"": 0.881159420289855}, ""PARTITIONED"": {""proposed"": 41, ""ALLOW"": 0.0, ""DENY"": 1.0, ""DEFER"": 0.0, ""fraction_of_consequential"": 0.11884057971014493}, ""ISOLATED"": {""proposed"": 0, ""ALLOW"": 0.0, ""DENY"": 0.0, ""DEFER"": 0.0, ""fraction_of_consequential"": 0.0}, ""RECOVERING"": {""proposed"": 0, ""ALLOW"": 0.0, ""DENY"": 0.0, ""DEFER"": 0.0, ""fraction_of_consequential"": 0.0}}","{""fresh"": {""proposed"": 341, ""ALLOW"": 0, ""DENY"": 37, ""DEFER"": 304, ""fraction_of_consequential"": 0.9884057971014493}, ""aging"": {""proposed"": 4, ""ALLOW"": 0, ""DENY"": 4, ""DEFER"": 0, ""fraction_of_consequential"": 0.011594202898550725}, ""stale"": {""proposed"": 0, ""ALLOW"": 0, ""DENY"": 0, ""DEFER"": 0, ""fraction_of_consequential"": 0.0}, ""hard_expired"": {""proposed"": 0, ""ALLOW"": 0, ""DENY"": 0, ""DEFER"": 0, ""fraction_of_consequential"": 0.0}}","{""freeze_id"": ""utility_v2_frozen_2026-09-28"", ""completed_mandatory"": 6, ""anomalies_resolved"": 0, ""useful_reassignments"": 0, ""missed_mandatory"": 6, ""exclusion_violations"": 0, ""reserve_violations"": 0, ""duplicate_work"": 0, ""total_energy_j"": 9220.0, ""unresolved_conflicts"": 0, ""terms"": {""completed_mandatory"": 60.0, ""anomaly_resolved"": 0.0, ""useful_reassignment"": 0.0, ""missed_mandatory"": -90.0, ""exclusion_violation"": -0.0, ""reserve_violation"": -0.0, ""duplicate_work"": -0.0, ""energy"": -0.0461, ""unresolved_conflict"": -0.0}, ""utility"": -30.0461}",utility_v2_frozen_2026-09-28,"{""CONNECTED"": 0.0880952380952381, ""DEGRADED"": 0.7976190476190477, ""PARTITIONED"": 0.11428571428571428, ""ISOLATED"": 0.0, ""RECOVERING"": 0.0}","{""repeat_sonar_scan"": 24, ""enter_exclusion_zone"": 140, ""exceed_return_energy_reserve"": 70, ""hold_station"": 70, ""reassign_another_auv"": 70, ""bounded_path_correction"": 401, ""abandon_mandatory_inspection"": 64, ""change_high_level_objective"": 1}","{""repeat_sonar_scan"": {""ALLOW"": 24, ""DENY"": 0, ""DEFER"": 0}, ""enter_exclusion_zone"": {""ALLOW"": 0, ""DENY"": 16, ""DEFER"": 124}, ""exceed_return_energy_reserve"": {""ALLOW"": 0, ""DENY"": 8, ""DEFER"": 62}, ""hold_station"": {""ALLOW"": 70, ""DENY"": 0, ""DEFER"": 0}, ""reassign_another_auv"": {""ALLOW"": 0, ""DENY"": 8, ""DEFER"": 62}, ""bounded_path_correction"": {""ALLOW"": 401, ""DENY"": 0, ""DEFER"": 0}, ""abandon_mandatory_inspection"": {""ALLOW"": 0, ""DENY"": 8, ""DEFER"": 56}, ""change_high_level_objective"": {""ALLOW"": 0, ""DENY"": 1, ""DEFER"": 0}}","{""low"": {""ALLOW"": 495, ""DENY"": 0, ""DEFER"": 0}, ""consequential"": {""ALLOW"": 0, ""DENY"": 41, ""DEFER"": 304}}",aubellhop,False,True,cuda:0
B5_nominal,150,150.0,2,tr_0ab8a47a1225_gpu,7e0968f1f048ee45,unknown,0.8333333333333334,-60.0757,9,0.13043478260869565,0,0.0,1.0,6,6,0,8192,8192,1.0,13992.0,8.192,1148.0,816,0,0,69,69,5,True,"[""abandon_mandatory_inspection"", ""reassign_another_auv"", ""exceed_return_energy_reserve"", ""enter_exclusion_zone"", ""change_high_level_objective""]","{""abandon_mandatory_inspection"": {""proposed"": 62, ""ALLOW"": 62, ""DENY"": 0, ""DEFER"": 0}, ""reassign_another_auv"": {""proposed"": 1, ""ALLOW"": 1, ""DENY"": 0, ""DEFER"": 0}, ""exceed_return_energy_reserve"": {""proposed"": 3, ""ALLOW"": 3, ""DENY"": 0, ""DEFER"": 0}, ""enter_exclusion_zone"": {""proposed"": 2, ""ALLOW"": 2, ""DENY"": 0, ""DEFER"": 0}, ""change_high_level_objective"": {""proposed"": 1, ""ALLOW"": 1, ""DENY"": 0, ""DEFER"": 0}}","{""CONNECTED"": {""proposed"": 0, ""ALLOW"": 0.0, ""DENY"": 0.0, ""DEFER"": 0.0, ""fraction_of_consequential"": 0.0}, ""DEGRADED"": {""proposed"": 60, ""ALLOW"": 1.0, ""DENY"": 0.0, ""DEFER"": 0.0, ""fraction_of_consequential"": 0.8695652173913043}, ""PARTITIONED"": {""proposed"": 9, ""ALLOW"": 1.0, ""DENY"": 0.0, ""DEFER"": 0.0, ""fraction_of_consequential"": 0.13043478260869565}, ""ISOLATED"": {""proposed"": 0, ""ALLOW"": 0.0, ""DENY"": 0.0, ""DEFER"": 0.0, ""fraction_of_consequential"": 0.0}, ""RECOVERING"": {""proposed"": 0, ""ALLOW"": 0.0, ""DENY"": 0.0, ""DEFER"": 0.0, ""fraction_of_consequential"": 0.0}}","{""fresh"": {""proposed"": 69, ""ALLOW"": 69, ""DENY"": 0, ""DEFER"": 0, ""fraction_of_consequential"": 1.0}, ""aging"": {""proposed"": 0, ""ALLOW"": 0, ""DENY"": 0, ""DEFER"": 0, ""fraction_of_consequential"": 0.0}, ""stale"": {""proposed"": 0, ""ALLOW"": 0, ""DENY"": 0, ""DEFER"": 0, ""fraction_of_consequential"": 0.0}, ""hard_expired"": {""proposed"": 0, ""ALLOW"": 0, ""DENY"": 0, ""DEFER"": 0, ""fraction_of_consequential"": 0.0}}","{""freeze_id"": ""utility_v2_frozen_2026-09-28"", ""completed_mandatory"": 10, ""anomalies_resolved"": 1, ""useful_reassignments"": 1, ""missed_mandatory"": 2, ""exclusion_violations"": 2, ""reserve_violations"": 3, ""duplicate_work"": 0, ""total_energy_j"": 15140.0, ""unresolved_conflicts"": 19, ""terms"": {""completed_mandatory"": 100.0, ""anomaly_resolved"": 18.0, ""useful_reassignment"": 12.0, ""missed_mandatory"": -30.0, ""exclusion_violation"": -16.0, ""reserve_violation"": -30.0, ""duplicate_work"": -0.0, ""energy"": -0.0757, ""unresolved_conflict"": -114.0}, ""utility"": -60.0757}",utility_v2_frozen_2026-09-28,"{""CONNECTED"": 0.09068627450980392, ""DEGRADED"": 0.7916666666666666, ""PARTITIONED"": 0.11764705882352941, ""ISOLATED"": 0.0, ""RECOVERING"": 0.0}","{""repeat_sonar_scan"": 32, ""enter_exclusion_zone"": 2, ""exceed_return_energy_reserve"": 3, ""hold_station"": 119, ""reassign_another_auv"": 1, ""local_inference"": 1, ""bounded_path_correction"": 595, ""abandon_mandatory_inspection"": 62, ""change_high_level_objective"": 1}","{""repeat_sonar_scan"": {""ALLOW"": 32, ""DENY"": 0, ""DEFER"": 0}, ""enter_exclusion_zone"": {""ALLOW"": 2, ""DENY"": 0, ""DEFER"": 0}, ""exceed_return_energy_reserve"": {""ALLOW"": 3, ""DENY"": 0, ""DEFER"": 0}, ""hold_station"": {""ALLOW"": 119, ""DENY"": 0, ""DEFER"": 0}, ""reassign_another_auv"": {""ALLOW"": 1, ""DENY"": 0, ""DEFER"": 0}, ""local_inference"": {""ALLOW"": 1, ""DENY"": 0, ""DEFER"": 0}, ""bounded_path_correction"": {""ALLOW"": 595, ""DENY"": 0, ""DEFER"": 0}, ""abandon_mandatory_inspection"": {""ALLOW"": 62, ""DENY"": 0, ""DEFER"": 0}, ""change_high_level_objective"": {""ALLOW"": 1, ""DENY"": 0, ""DEFER"": 0}}","{""low"": {""ALLOW"": 747, ""DENY"": 0, ""DEFER"": 0}, ""consequential"": {""ALLOW"": 69, ""DENY"": 0, ""DEFER"": 0}}",aubellhop,False,True,cuda:0
B5_permissive,150,150.0,2,tr_0ab8a47a1225_gpu,7e0968f1f048ee45,unknown,0.8333333333333334,-60.0757,9,0.13043478260869565,0,0.0,1.0,6,6,0,8192,8192,1.0,13992.0,8.192,1148.0,816,0,0,69,69,5,True,"[""abandon_mandatory_inspection"", ""reassign_another_auv"", ""exceed_return_energy_reserve"", ""enter_exclusion_zone"", ""change_high_level_objective""]","{""abandon_mandatory_inspection"": {""proposed"": 62, ""ALLOW"": 62, ""DENY"": 0, ""DEFER"": 0}, ""reassign_another_auv"": {""proposed"": 1, ""ALLOW"": 1, ""DENY"": 0, ""DEFER"": 0}, ""exceed_return_energy_reserve"": {""proposed"": 3, ""ALLOW"": 3, ""DENY"": 0, ""DEFER"": 0}, ""enter_exclusion_zone"": {""proposed"": 2, ""ALLOW"": 2, ""DENY"": 0, ""DEFER"": 0}, ""change_high_level_objective"": {""proposed"": 1, ""ALLOW"": 1, ""DENY"": 0, ""DEFER"": 0}}","{""CONNECTED"": {""proposed"": 0, ""ALLOW"": 0.0, ""DENY"": 0.0, ""DEFER"": 0.0, ""fraction_of_consequential"": 0.0}, ""DEGRADED"": {""proposed"": 60, ""ALLOW"": 1.0, ""DENY"": 0.0, ""DEFER"": 0.0, ""fraction_of_consequential"": 0.8695652173913043}, ""PARTITIONED"": {""proposed"": 9, ""ALLOW"": 1.0, ""DENY"": 0.0, ""DEFER"": 0.0, ""fraction_of_consequential"": 0.13043478260869565}, ""ISOLATED"": {""proposed"": 0, ""ALLOW"": 0.0, ""DENY"": 0.0, ""DEFER"": 0.0, ""fraction_of_consequential"": 0.0}, ""RECOVERING"": {""proposed"": 0, ""ALLOW"": 0.0, ""DENY"": 0.0, ""DEFER"": 0.0, ""fraction_of_consequential"": 0.0}}","{""fresh"": {""proposed"": 69, ""ALLOW"": 69, ""DENY"": 0, ""DEFER"": 0, ""fraction_of_consequential"": 1.0}, ""aging"": {""proposed"": 0, ""ALLOW"": 0, ""DENY"": 0, ""DEFER"": 0, ""fraction_of_consequential"": 0.0}, ""stale"": {""proposed"": 0, ""ALLOW"": 0, ""DENY"": 0, ""DEFER"": 0, ""fraction_of_consequential"": 0.0}, ""hard_expired"": {""proposed"": 0, ""ALLOW"": 0, ""DENY"": 0, ""DEFER"": 0, ""fraction_of_consequential"": 0.0}}","{""freeze_id"": ""utility_v2_frozen_2026-09-28"", ""completed_mandatory"": 10, ""anomalies_resolved"": 1, ""useful_reassignments"": 1, ""missed_mandatory"": 2, ""exclusion_violations"": 2, ""reserve_violations"": 3, ""duplicate_work"": 0, ""total_energy_j"": 15140.0, ""unresolved_conflicts"": 19, ""terms"": {""completed_mandatory"": 100.0, ""anomaly_resolved"": 18.0, ""useful_reassignment"": 12.0, ""missed_mandatory"": -30.0, ""exclusion_violation"": -16.0, ""reserve_violation"": -30.0, ""duplicate_work"": -0.0, ""energy"": -0.0757, ""unresolved_conflict"": -114.0}, ""utility"": -60.0757}",utility_v2_frozen_2026-09-28,"{""CONNECTED"": 0.09068627450980392, ""DEGRADED"": 0.7916666666666666, ""PARTITIONED"": 0.11764705882352941, ""ISOLATED"": 0.0, ""RECOVERING"": 0.0}","{""repeat_sonar_scan"": 32, ""enter_exclusion_zone"": 2, ""exceed_return_energy_reserve"": 3, ""hold_station"": 119, ""reassign_another_auv"": 1, ""local_inference"": 1, ""bounded_path_correction"": 595, ""abandon_mandatory_inspection"": 62, ""change_high_level_objective"": 1}","{""repeat_sonar_scan"": {""ALLOW"": 32, ""DENY"": 0, ""DEFER"": 0}, ""enter_exclusion_zone"": {""ALLOW"": 2, ""DENY"": 0, ""DEFER"": 0}, ""exceed_return_energy_reserve"": {""ALLOW"": 3, ""DENY"": 0, ""DEFER"": 0}, ""hold_station"": {""ALLOW"": 119, ""DENY"": 0, ""DEFER"": 0}, ""reassign_another_auv"": {""ALLOW"": 1, ""DENY"": 0, ""DEFER"": 0}, ""local_inference"": {""ALLOW"": 1, ""DENY"": 0, ""DEFER"": 0}, ""bounded_path_correction"": {""ALLOW"": 595, ""DENY"": 0, ""DEFER"": 0}, ""abandon_mandatory_inspection"": {""ALLOW"": 62, ""DENY"": 0, ""DEFER"": 0}, ""change_high_level_objective"": {""ALLOW"": 1, ""DENY"": 0, ""DEFER"": 0}}","{""low"": {""ALLOW"": 747, ""DENY"": 0, ""DEFER"": 0}, ""consequential"": {""ALLOW"": 69, ""DENY"": 0, ""DEFER"": 0}}",aubellhop,False,True,cuda:0
B1,300,300.0,2,tr_0ab8a47a1225_gpu,62ab365a00c75ccc,unknown,0.8333333333333334,-96.0806,15,0.2112676056338028,0,0.0,1.0,6,6,3,8192,8192,1.0,14972.0,8.192,1148.0,813,3,0,71,68,5,True,"[""abandon_mandatory_inspection"", ""reassign_another_auv"", ""exceed_return_energy_reserve"", ""enter_exclusion_zone"", ""change_high_level_objective""]","{""abandon_mandatory_inspection"": {""proposed"": 62, ""ALLOW"": 62, ""DENY"": 0, ""DEFER"": 0}, ""reassign_another_auv"": {""proposed"": 1, ""ALLOW"": 1, ""DENY"": 0, ""DEFER"": 0}, ""exceed_return_energy_reserve"": {""proposed"": 3, ""ALLOW"": 3, ""DENY"": 0, ""DEFER"": 0}, ""enter_exclusion_zone"": {""proposed"": 2, ""ALLOW"": 2, ""DENY"": 0, ""DEFER"": 0}, ""change_high_level_objective"": {""proposed"": 3, ""ALLOW"": 0, ""DENY"": 3, ""DEFER"": 0}}","{""CONNECTED"": {""proposed"": 0, ""ALLOW"": 0.0, ""DENY"": 0.0, ""DEFER"": 0.0, ""fraction_of_consequential"": 0.0}, ""DEGRADED"": {""proposed"": 53, ""ALLOW"": 1.0, ""DENY"": 0.0, ""DEFER"": 0.0, ""fraction_of_consequential"": 0.7464788732394366}, ""PARTITIONED"": {""proposed"": 18, ""ALLOW"": 0.8333333333333334, ""DENY"": 0.16666666666666666, ""DEFER"": 0.0, ""fraction_of_consequential"": 0.2535211267605634}, ""ISOLATED"": {""proposed"": 0, ""ALLOW"": 0.0, ""DENY"": 0.0, ""DEFER"": 0.0, ""fraction_of_consequential"": 0.0}, ""RECOVERING"": {""proposed"": 0, ""ALLOW"": 0.0, ""DENY"": 0.0, ""DEFER"": 0.0, ""fraction_of_consequential"": 0.0}}","{""fresh"": {""proposed"": 69, ""ALLOW"": 68, ""DENY"": 1, ""DEFER"": 0, ""fraction_of_consequential"": 0.971830985915493}, ""aging"": {""proposed"": 2, ""ALLOW"": 0, ""DENY"": 2, ""DEFER"": 0, ""fraction_of_consequential"": 0.028169014084507043}, ""stale"": {""proposed"": 0, ""ALLOW"": 0, ""DENY"": 0, ""DEFER"": 0, ""fraction_of_consequential"": 0.0}, ""hard_expired"": {""proposed"": 0, ""ALLOW"": 0, ""DENY"": 0, ""DEFER"": 0, ""fraction_of_consequential"": 0.0}}","{""freeze_id"": ""utility_v2_frozen_2026-09-28"", ""completed_mandatory"": 10, ""anomalies_resolved"": 1, ""useful_reassignments"": 1, ""missed_mandatory"": 2, ""exclusion_violations"": 2, ""reserve_violations"": 3, ""duplicate_work"": 0, ""total_energy_j"": 16120.0, ""unresolved_conflicts"": 25, ""terms"": {""completed_mandatory"": 100.0, ""anomaly_resolved"": 18.0, ""useful_reassignment"": 12.0, ""missed_mandatory"": -30.0, ""exclusion_violation"": -16.0, ""reserve_violation"": -30.0, ""duplicate_work"": -0.0, ""energy"": -0.0806, ""unresolved_conflict"": -150.0}, ""utility"": -96.0806}",utility_v2_frozen_2026-09-28,"{""CONNECTED"": 0.07598039215686274, ""DEGRADED"": 0.7034313725490197, ""PARTITIONED"": 0.22058823529411764, ""ISOLATED"": 0.0, ""RECOVERING"": 0.0}","{""repeat_sonar_scan"": 32, ""enter_exclusion_zone"": 2, ""exceed_return_energy_reserve"": 3, ""hold_station"": 68, ""reassign_another_auv"": 1, ""local_inference"": 1, ""bounded_path_correction"": 644, ""abandon_mandatory_inspection"": 62, ""change_high_level_objective"": 3}","{""repeat_sonar_scan"": {""ALLOW"": 32, ""DENY"": 0, ""DEFER"": 0}, ""enter_exclusion_zone"": {""ALLOW"": 2, ""DENY"": 0, ""DEFER"": 0}, ""exceed_return_energy_reserve"": {""ALLOW"": 3, ""DENY"": 0, ""DEFER"": 0}, ""hold_station"": {""ALLOW"": 68, ""DENY"": 0, ""DEFER"": 0}, ""reassign_another_auv"": {""ALLOW"": 1, ""DENY"": 0, ""DEFER"": 0}, ""local_inference"": {""ALLOW"": 1, ""DENY"": 0, ""DEFER"": 0}, ""bounded_path_correction"": {""ALLOW"": 644, ""DENY"": 0, ""DEFER"": 0}, ""abandon_mandatory_inspection"": {""ALLOW"": 62, ""DENY"": 0, ""DEFER"": 0}, ""change_high_level_objective"": {""ALLOW"": 0, ""DENY"": 3, ""DEFER"": 0}}","{""low"": {""ALLOW"": 745, ""DENY"": 0, ""DEFER"": 0}, ""consequential"": {""ALLOW"": 68, ""DENY"": 3, ""DEFER"": 0}}",aubellhop,False,True,cuda:0
B2,300,300.0,2,tr_0ab8a47a1225_gpu,62ab365a00c75ccc,unknown,0.8333333333333334,-102.0748,16,0.23529411764705882,0,0.0,1.0,6,6,0,8192,8192,1.0,13812.0,8.192,1148.0,804,0,0,68,68,5,True,"[""abandon_mandatory_inspection"", ""reassign_another_auv"", ""exceed_return_energy_reserve"", ""enter_exclusion_zone"", ""change_high_level_objective""]","{""abandon_mandatory_inspection"": {""proposed"": 61, ""ALLOW"": 61, ""DENY"": 0, ""DEFER"": 0}, ""reassign_another_auv"": {""proposed"": 1, ""ALLOW"": 1, ""DENY"": 0, ""DEFER"": 0}, ""exceed_return_energy_reserve"": {""proposed"": 3, ""ALLOW"": 3, ""DENY"": 0, ""DEFER"": 0}, ""enter_exclusion_zone"": {""proposed"": 2, ""ALLOW"": 2, ""DENY"": 0, ""DEFER"": 0}, ""change_high_level_objective"": {""proposed"": 1, ""ALLOW"": 1, ""DENY"": 0, ""DEFER"": 0}}","{""CONNECTED"": {""proposed"": 0, ""ALLOW"": 0.0, ""DENY"": 0.0, ""DEFER"": 0.0, ""fraction_of_consequential"": 0.0}, ""DEGRADED"": {""proposed"": 52, ""ALLOW"": 1.0, ""DENY"": 0.0, ""DEFER"": 0.0, ""fraction_of_consequential"": 0.7647058823529411}, ""PARTITIONED"": {""proposed"": 16, ""ALLOW"": 1.0, ""DENY"": 0.0, ""DEFER"": 0.0, ""fraction_of_consequential"": 0.23529411764705882}, ""ISOLATED"": {""proposed"": 0, ""ALLOW"": 0.0, ""DENY"": 0.0, ""DEFER"": 0.0, ""fraction_of_consequential"": 0.0}, ""RECOVERING"": {""proposed"": 0, ""ALLOW"": 0.0, ""DENY"": 0.0, ""DEFER"": 0.0, ""fraction_of_consequential"": 0.0}}","{""fresh"": {""proposed"": 68, ""ALLOW"": 68, ""DENY"": 0, ""DEFER"": 0, ""fraction_of_consequential"": 1.0}, ""aging"": {""proposed"": 0, ""ALLOW"": 0, ""DENY"": 0, ""DEFER"": 0, ""fraction_of_consequential"": 0.0}, ""stale"": {""proposed"": 0, ""ALLOW"": 0, ""DENY"": 0, ""DEFER"": 0, ""fraction_of_consequential"": 0.0}, ""hard_expired"": {""proposed"": 0, ""ALLOW"": 0, ""DENY"": 0, ""DEFER"": 0, ""fraction_of_consequential"": 0.0}}","{""freeze_id"": ""utility_v2_frozen_2026-09-28"", ""completed_mandatory"": 10, ""anomalies_resolved"": 1, ""useful_reassignments"": 1, ""missed_mandatory"": 2, ""exclusion_violations"": 2, ""reserve_violations"": 3, ""duplicate_work"": 0, ""total_energy_j"": 14960.0, ""unresolved_conflicts"": 26, ""terms"": {""completed_mandatory"": 100.0, ""anomaly_resolved"": 18.0, ""useful_reassignment"": 12.0, ""missed_mandatory"": -30.0, ""exclusion_violation"": -16.0, ""reserve_violation"": -30.0, ""duplicate_work"": -0.0, ""energy"": -0.0748, ""unresolved_conflict"": -156.0}, ""utility"": -102.0748}",utility_v2_frozen_2026-09-28,"{""CONNECTED"": 0.08208955223880597, ""DEGRADED"": 0.6940298507462687, ""PARTITIONED"": 0.22388059701492538, ""ISOLATED"": 0.0, ""RECOVERING"": 0.0}","{""repeat_sonar_scan"": 32, ""enter_exclusion_zone"": 2, ""exceed_return_energy_reserve"": 3, ""hold_station"": 117, ""reassign_another_auv"": 1, ""local_inference"": 1, ""bounded_path_correction"": 586, ""abandon_mandatory_inspection"": 61, ""change_high_level_objective"": 1}","{""repeat_sonar_scan"": {""ALLOW"": 32, ""DENY"": 0, ""DEFER"": 0}, ""enter_exclusion_zone"": {""ALLOW"": 2, ""DENY"": 0, ""DEFER"": 0}, ""exceed_return_energy_reserve"": {""ALLOW"": 3, ""DENY"": 0, ""DEFER"": 0}, ""hold_station"": {""ALLOW"": 117, ""DENY"": 0, ""DEFER"": 0}, ""reassign_another_auv"": {""ALLOW"": 1, ""DENY"": 0, ""DEFER"": 0}, ""local_inference"": {""ALLOW"": 1, ""DENY"": 0, ""DEFER"": 0}, ""bounded_path_correction"": {""ALLOW"": 586, ""DENY"": 0, ""DEFER"": 0}, ""abandon_mandatory_inspection"": {""ALLOW"": 61, ""DENY"": 0, ""DEFER"": 0}, ""change_high_level_objective"": {""ALLOW"": 1, ""DENY"": 0, ""DEFER"": 0}}","{""low"": {""ALLOW"": 736, ""DENY"": 0, ""DEFER"": 0}, ""consequential"": {""ALLOW"": 68, ""DENY"": 0, ""DEFER"": 0}}",aubellhop,False,True,cuda:0
B3,300,300.0,2,tr_0ab8a47a1225_gpu,62ab365a00c75ccc,unknown,0.5,-30.0459,0,0.0,70,0.2017291066282421,0.0,280,0,347,8192,8192,1.0,8340.0,8.192,840.0,493,347,0,347,0,5,True,"[""abandon_mandatory_inspection"", ""reassign_another_auv"", ""exceed_return_energy_reserve"", ""enter_exclusion_zone"", ""change_high_level_objective""]","{""abandon_mandatory_inspection"": {""proposed"": 64, ""ALLOW"": 0, ""DENY"": 64, ""DEFER"": 0}, ""reassign_another_auv"": {""proposed"": 70, ""ALLOW"": 0, ""DENY"": 70, ""DEFER"": 0}, ""exceed_return_energy_reserve"": {""proposed"": 70, ""ALLOW"": 0, ""DENY"": 70, ""DEFER"": 0}, ""enter_exclusion_zone"": {""proposed"": 140, ""ALLOW"": 0, ""DENY"": 140, ""DEFER"": 0}, ""change_high_level_objective"": {""proposed"": 3, ""ALLOW"": 0, ""DENY"": 3, ""DEFER"": 0}}","{""CONNECTED"": {""proposed"": 0, ""ALLOW"": 0.0, ""DENY"": 0.0, ""DEFER"": 0.0, ""fraction_of_consequential"": 0.0}, ""DEGRADED"": {""proposed"": 269, ""ALLOW"": 0.0, ""DENY"": 1.0, ""DEFER"": 0.0, ""fraction_of_consequential"": 0.7752161383285303}, ""PARTITIONED"": {""proposed"": 78, ""ALLOW"": 0.0, ""DENY"": 1.0, ""DEFER"": 0.0, ""fraction_of_consequential"": 0.22478386167146974}, ""ISOLATED"": {""proposed"": 0, ""ALLOW"": 0.0, ""DENY"": 0.0, ""DEFER"": 0.0, ""fraction_of_consequential"": 0.0}, ""RECOVERING"": {""proposed"": 0, ""ALLOW"": 0.0, ""DENY"": 0.0, ""DEFER"": 0.0, ""fraction_of_consequential"": 0.0}}","{""fresh"": {""proposed"": 313, ""ALLOW"": 0, ""DENY"": 313, ""DEFER"": 0, ""fraction_of_consequential"": 0.9020172910662824}, ""aging"": {""proposed"": 34, ""ALLOW"": 0, ""DENY"": 34, ""DEFER"": 0, ""fraction_of_consequential"": 0.09798270893371758}, ""stale"": {""proposed"": 0, ""ALLOW"": 0, ""DENY"": 0, ""DEFER"": 0, ""fraction_of_consequential"": 0.0}, ""hard_expired"": {""proposed"": 0, ""ALLOW"": 0, ""DENY"": 0, ""DEFER"": 0, ""fraction_of_consequential"": 0.0}}","{""freeze_id"": ""utility_v2_frozen_2026-09-28"", ""completed_mandatory"": 6, ""anomalies_resolved"": 0, ""useful_reassignments"": 0, ""missed_mandatory"": 6, ""exclusion_violations"": 0, ""reserve_violations"": 0, ""duplicate_work"": 0, ""total_energy_j"": 9180.0, ""unresolved_conflicts"": 0, ""terms"": {""completed_mandatory"": 60.0, ""anomaly_resolved"": 0.0, ""useful_reassignment"": 0.0, ""missed_mandatory"": -90.0, ""exclusion_violation"": -0.0, ""reserve_violation"": -0.0, ""duplicate_work"": -0.0, ""energy"": -0.0459, ""unresolved_conflict"": -0.0}, ""utility"": -30.0459}",utility_v2_frozen_2026-09-28,"{""CONNECTED"": 0.07857142857142857, ""DEGRADED"": 0.7071428571428572, ""PARTITIONED"": 0.21428571428571427, ""ISOLATED"": 0.0, ""RECOVERING"": 0.0}","{""repeat_sonar_scan"": 24, ""enter_exclusion_zone"": 140, ""exceed_return_energy_reserve"": 70, ""hold_station"": 70, ""reassign_another_auv"": 70, ""bounded_path_correction"": 399, ""abandon_mandatory_inspection"": 64, ""change_high_level_objective"": 3}","{""repeat_sonar_scan"": {""ALLOW"": 24, ""DENY"": 0, ""DEFER"": 0}, ""enter_exclusion_zone"": {""ALLOW"": 0, ""DENY"": 140, ""DEFER"": 0}, ""exceed_return_energy_reserve"": {""ALLOW"": 0, ""DENY"": 70, ""DEFER"": 0}, ""hold_station"": {""ALLOW"": 70, ""DENY"": 0, ""DEFER"": 0}, ""reassign_another_auv"": {""ALLOW"": 0, ""DENY"": 70, ""DEFER"": 0}, ""bounded_path_correction"": {""ALLOW"": 399, ""DENY"": 0, ""DEFER"": 0}, ""abandon_mandatory_inspection"": {""ALLOW"": 0, ""DENY"": 64, ""DEFER"": 0}, ""change_high_level_objective"": {""ALLOW"": 0, ""DENY"": 3, ""DEFER"": 0}}","{""low"": {""ALLOW"": 493, ""DENY"": 0, ""DEFER"": 0}, ""consequential"": {""ALLOW"": 0, ""DENY"": 347, ""DEFER"": 0}}",aubellhop,False,True,cuda:0
B4,300,300.0,2,tr_0ab8a47a1225_gpu,62ab365a00c75ccc,unknown,0.8333333333333334,53.9225,16,0.22535211267605634,0,0.0,1.0,6,6,0,8192,8192,1.0,14352.0,8.192,1148.0,840,0,0,71,71,5,True,"[""abandon_mandatory_inspection"", ""reassign_another_auv"", ""exceed_return_energy_reserve"", ""enter_exclusion_zone"", ""change_high_level_objective""]","{""abandon_mandatory_inspection"": {""proposed"": 64, ""ALLOW"": 64, ""DENY"": 0, ""DEFER"": 0}, ""reassign_another_auv"": {""proposed"": 1, ""ALLOW"": 1, ""DENY"": 0, ""DEFER"": 0}, ""exceed_return_energy_reserve"": {""proposed"": 3, ""ALLOW"": 3, ""DENY"": 0, ""DEFER"": 0}, ""enter_exclusion_zone"": {""proposed"": 2, ""ALLOW"": 2, ""DENY"": 0, ""DEFER"": 0}, ""change_high_level_objective"": {""proposed"": 1, ""ALLOW"": 1, ""DENY"": 0, ""DEFER"": 0}}","{""CONNECTED"": {""proposed"": 0, ""ALLOW"": 0.0, ""DENY"": 0.0, ""DEFER"": 0.0, ""fraction_of_consequential"": 0.0}, ""DEGRADED"": {""proposed"": 55, ""ALLOW"": 1.0, ""DENY"": 0.0, ""DEFER"": 0.0, ""fraction_of_consequential"": 0.7746478873239436}, ""PARTITIONED"": {""proposed"": 16, ""ALLOW"": 1.0, ""DENY"": 0.0, ""DEFER"": 0.0, ""fraction_of_consequential"": 0.22535211267605634}, ""ISOLATED"": {""proposed"": 0, ""ALLOW"": 0.0, ""DENY"": 0.0, ""DEFER"": 0.0, ""fraction_of_consequential"": 0.0}, ""RECOVERING"": {""proposed"": 0, ""ALLOW"": 0.0, ""DENY"": 0.0, ""DEFER"": 0.0, ""fraction_of_consequential"": 0.0}}","{""fresh"": {""proposed"": 71, ""ALLOW"": 71, ""DENY"": 0, ""DEFER"": 0, ""fraction_of_consequential"": 1.0}, ""aging"": {""proposed"": 0, ""ALLOW"": 0, ""DENY"": 0, ""DEFER"": 0, ""fraction_of_consequential"": 0.0}, ""stale"": {""proposed"": 0, ""ALLOW"": 0, ""DENY"": 0, ""DEFER"": 0, ""fraction_of_consequential"": 0.0}, ""hard_expired"": {""proposed"": 0, ""ALLOW"": 0, ""DENY"": 0, ""DEFER"": 0, ""fraction_of_consequential"": 0.0}}","{""freeze_id"": ""utility_v2_frozen_2026-09-28"", ""completed_mandatory"": 10, ""anomalies_resolved"": 1, ""useful_reassignments"": 1, ""missed_mandatory"": 2, ""exclusion_violations"": 2, ""reserve_violations"": 3, ""duplicate_work"": 0, ""total_energy_j"": 15500.0, ""unresolved_conflicts"": 0, ""terms"": {""completed_mandatory"": 100.0, ""anomaly_resolved"": 18.0, ""useful_reassignment"": 12.0, ""missed_mandatory"": -30.0, ""exclusion_violation"": -16.0, ""reserve_violation"": -30.0, ""duplicate_work"": -0.0, ""energy"": -0.0775, ""unresolved_conflict"": -0.0}, ""utility"": 53.9225}",utility_v2_frozen_2026-09-28,"{""CONNECTED"": 0.07857142857142857, ""DEGRADED"": 0.7071428571428572, ""PARTITIONED"": 0.21428571428571427, ""ISOLATED"": 0.0, ""RECOVERING"": 0.0}","{""repeat_sonar_scan"": 32, ""enter_exclusion_zone"": 2, ""exceed_return_energy_reserve"": 3, ""hold_station"": 123, ""reassign_another_auv"": 1, ""local_inference"": 1, ""bounded_path_correction"": 613, ""abandon_mandatory_inspection"": 64, ""change_high_level_objective"": 1}","{""repeat_sonar_scan"": {""ALLOW"": 32, ""DENY"": 0, ""DEFER"": 0}, ""enter_exclusion_zone"": {""ALLOW"": 2, ""DENY"": 0, ""DEFER"": 0}, ""exceed_return_energy_reserve"": {""ALLOW"": 3, ""DENY"": 0, ""DEFER"": 0}, ""hold_station"": {""ALLOW"": 123, ""DENY"": 0, ""DEFER"": 0}, ""reassign_another_auv"": {""ALLOW"": 1, ""DENY"": 0, ""DEFER"": 0}, ""local_inference"": {""ALLOW"": 1, ""DENY"": 0, ""DEFER"": 0}, ""bounded_path_correction"": {""ALLOW"": 613, ""DENY"": 0, ""DEFER"": 0}, ""abandon_mandatory_inspection"": {""ALLOW"": 64, ""DENY"": 0, ""DEFER"": 0}, ""change_high_level_objective"": {""ALLOW"": 1, ""DENY"": 0, ""DEFER"": 0}}","{""low"": {""ALLOW"": 769, ""DENY"": 0, ""DEFER"": 0}, ""consequential"": {""ALLOW"": 71, ""DENY"": 0, ""DEFER"": 0}}",aubellhop,False,True,cuda:0
B5_conservative,300,300.0,2,tr_0ab8a47a1225_gpu,62ab365a00c75ccc,unknown,0.5,-30.0459,0,0.0,15,0.19230769230769232,0.0,280,0,78,8192,8192,1.0,8340.0,8.192,840.0,493,78,269,347,0,5,True,"[""abandon_mandatory_inspection"", ""reassign_another_auv"", ""exceed_return_energy_reserve"", ""enter_exclusion_zone"", ""change_high_level_objective""]","{""abandon_mandatory_inspection"": {""proposed"": 64, ""ALLOW"": 0, ""DENY"": 15, ""DEFER"": 49}, ""reassign_another_auv"": {""proposed"": 70, ""ALLOW"": 0, ""DENY"": 15, ""DEFER"": 55}, ""exceed_return_energy_reserve"": {""proposed"": 70, ""ALLOW"": 0, ""DENY"": 15, ""DEFER"": 55}, ""enter_exclusion_zone"": {""proposed"": 140, ""ALLOW"": 0, ""DENY"": 30, ""DEFER"": 110}, ""change_high_level_objective"": {""proposed"": 3, ""ALLOW"": 0, ""DENY"": 3, ""DEFER"": 0}}","{""CONNECTED"": {""proposed"": 0, ""ALLOW"": 0.0, ""DENY"": 0.0, ""DEFER"": 0.0, ""fraction_of_consequential"": 0.0}, ""DEGRADED"": {""proposed"": 269, ""ALLOW"": 0.0, ""DENY"": 0.0, ""DEFER"": 1.0, ""fraction_of_consequential"": 0.7752161383285303}, ""PARTITIONED"": {""proposed"": 78, ""ALLOW"": 0.0, ""DENY"": 1.0, ""DEFER"": 0.0, ""fraction_of_consequential"": 0.22478386167146974}, ""ISOLATED"": {""proposed"": 0, ""ALLOW"": 0.0, ""DENY"": 0.0, ""DEFER"": 0.0, ""fraction_of_consequential"": 0.0}, ""RECOVERING"": {""proposed"": 0, ""ALLOW"": 0.0, ""DENY"": 0.0, ""DEFER"": 0.0, ""fraction_of_consequential"": 0.0}}","{""fresh"": {""proposed"": 313, ""ALLOW"": 0, ""DENY"": 44, ""DEFER"": 269, ""fraction_of_consequential"": 0.9020172910662824}, ""aging"": {""proposed"": 34, ""ALLOW"": 0, ""DENY"": 34, ""DEFER"": 0, ""fraction_of_consequential"": 0.09798270893371758}, ""stale"": {""proposed"": 0, ""ALLOW"": 0, ""DENY"": 0, ""DEFER"": 0, ""fraction_of_consequential"": 0.0}, ""hard_expired"": {""proposed"": 0, ""ALLOW"": 0, ""DENY"": 0, ""DEFER"": 0, ""fraction_of_consequential"": 0.0}}","{""freeze_id"": ""utility_v2_frozen_2026-09-28"", ""completed_mandatory"": 6, ""anomalies_resolved"": 0, ""useful_reassignments"": 0, ""missed_mandatory"": 6, ""exclusion_violations"": 0, ""reserve_violations"": 0, ""duplicate_work"": 0, ""total_energy_j"": 9180.0, ""unresolved_conflicts"": 0, ""terms"": {""completed_mandatory"": 60.0, ""anomaly_resolved"": 0.0, ""useful_reassignment"": 0.0, ""missed_mandatory"": -90.0, ""exclusion_violation"": -0.0, ""reserve_violation"": -0.0, ""duplicate_work"": -0.0, ""energy"": -0.0459, ""unresolved_conflict"": -0.0}, ""utility"": -30.0459}",utility_v2_frozen_2026-09-28,"{""CONNECTED"": 0.07857142857142857, ""DEGRADED"": 0.7071428571428572, ""PARTITIONED"": 0.21428571428571427, ""ISOLATED"": 0.0, ""RECOVERING"": 0.0}","{""repeat_sonar_scan"": 24, ""enter_exclusion_zone"": 140, ""exceed_return_energy_reserve"": 70, ""hold_station"": 70, ""reassign_another_auv"": 70, ""bounded_path_correction"": 399, ""abandon_mandatory_inspection"": 64, ""change_high_level_objective"": 3}","{""repeat_sonar_scan"": {""ALLOW"": 24, ""DENY"": 0, ""DEFER"": 0}, ""enter_exclusion_zone"": {""ALLOW"": 0, ""DENY"": 30, ""DEFER"": 110}, ""exceed_return_energy_reserve"": {""ALLOW"": 0, ""DENY"": 15, ""DEFER"": 55}, ""hold_station"": {""ALLOW"": 70, ""DENY"": 0, ""DEFER"": 0}, ""reassign_another_auv"": {""ALLOW"": 0, ""DENY"": 15, ""DEFER"": 55}, ""bounded_path_correction"": {""ALLOW"": 399, ""DENY"": 0, ""DEFER"": 0}, ""abandon_mandatory_inspection"": {""ALLOW"": 0, ""DENY"": 15, ""DEFER"": 49}, ""change_high_level_objective"": {""ALLOW"": 0, ""DENY"": 3, ""DEFER"": 0}}","{""low"": {""ALLOW"": 493, ""DENY"": 0, ""DEFER"": 0}, ""consequential"": {""ALLOW"": 0, ""DENY"": 78, ""DEFER"": 269}}",aubellhop,False,True,cuda:0
B5_nominal,300,300.0,2,tr_0ab8a47a1225_gpu,62ab365a00c75ccc,unknown,0.8333333333333334,-102.0748,16,0.23529411764705882,0,0.0,1.0,6,6,0,8192,8192,1.0,13812.0,8.192,1148.0,804,0,0,68,68,5,True,"[""abandon_mandatory_inspection"", ""reassign_another_auv"", ""exceed_return_energy_reserve"", ""enter_exclusion_zone"", ""change_high_level_objective""]","{""abandon_mandatory_inspection"": {""proposed"": 61, ""ALLOW"": 61, ""DENY"": 0, ""DEFER"": 0}, ""reassign_another_auv"": {""proposed"": 1, ""ALLOW"": 1, ""DENY"": 0, ""DEFER"": 0}, ""exceed_return_energy_reserve"": {""proposed"": 3, ""ALLOW"": 3, ""DENY"": 0, ""DEFER"": 0}, ""enter_exclusion_zone"": {""proposed"": 2, ""ALLOW"": 2, ""DENY"": 0, ""DEFER"": 0}, ""change_high_level_objective"": {""proposed"": 1, ""ALLOW"": 1, ""DENY"": 0, ""DEFER"": 0}}","{""CONNECTED"": {""proposed"": 0, ""ALLOW"": 0.0, ""DENY"": 0.0, ""DEFER"": 0.0, ""fraction_of_consequential"": 0.0}, ""DEGRADED"": {""proposed"": 52, ""ALLOW"": 1.0, ""DENY"": 0.0, ""DEFER"": 0.0, ""fraction_of_consequential"": 0.7647058823529411}, ""PARTITIONED"": {""proposed"": 16, ""ALLOW"": 1.0, ""DENY"": 0.0, ""DEFER"": 0.0, ""fraction_of_consequential"": 0.23529411764705882}, ""ISOLATED"": {""proposed"": 0, ""ALLOW"": 0.0, ""DENY"": 0.0, ""DEFER"": 0.0, ""fraction_of_consequential"": 0.0}, ""RECOVERING"": {""proposed"": 0, ""ALLOW"": 0.0, ""DENY"": 0.0, ""DEFER"": 0.0, ""fraction_of_consequential"": 0.0}}","{""fresh"": {""proposed"": 68, ""ALLOW"": 68, ""DENY"": 0, ""DEFER"": 0, ""fraction_of_consequential"": 1.0}, ""aging"": {""proposed"": 0, ""ALLOW"": 0, ""DENY"": 0, ""DEFER"": 0, ""fraction_of_consequential"": 0.0}, ""stale"": {""proposed"": 0, ""ALLOW"": 0, ""DENY"": 0, ""DEFER"": 0, ""fraction_of_consequential"": 0.0}, ""hard_expired"": {""proposed"": 0, ""ALLOW"": 0, ""DENY"": 0, ""DEFER"": 0, ""fraction_of_consequential"": 0.0}}","{""freeze_id"": ""utility_v2_frozen_2026-09-28"", ""completed_mandatory"": 10, ""anomalies_resolved"": 1, ""useful_reassignments"": 1, ""missed_mandatory"": 2, ""exclusion_violations"": 2, ""reserve_violations"": 3, ""duplicate_work"": 0, ""total_energy_j"": 14960.0, ""unresolved_conflicts"": 26, ""terms"": {""completed_mandatory"": 100.0, ""anomaly_resolved"": 18.0, ""useful_reassignment"": 12.0, ""missed_mandatory"": -30.0, ""exclusion_violation"": -16.0, ""reserve_violation"": -30.0, ""duplicate_work"": -0.0, ""energy"": -0.0748, ""unresolved_conflict"": -156.0}, ""utility"": -102.0748}",utility_v2_frozen_2026-09-28,"{""CONNECTED"": 0.08208955223880597, ""DEGRADED"": 0.6940298507462687, ""PARTITIONED"": 0.22388059701492538, ""ISOLATED"": 0.0, ""RECOVERING"": 0.0}","{""repeat_sonar_scan"": 32, ""enter_exclusion_zone"": 2, ""exceed_return_energy_reserve"": 3, ""hold_station"": 117, ""reassign_another_auv"": 1, ""local_inference"": 1, ""bounded_path_correction"": 586, ""abandon_mandatory_inspection"": 61, ""change_high_level_objective"": 1}","{""repeat_sonar_scan"": {""ALLOW"": 32, ""DENY"": 0, ""DEFER"": 0}, ""enter_exclusion_zone"": {""ALLOW"": 2, ""DENY"": 0, ""DEFER"": 0}, ""exceed_return_energy_reserve"": {""ALLOW"": 3, ""DENY"": 0, ""DEFER"": 0}, ""hold_station"": {""ALLOW"": 117, ""DENY"": 0, ""DEFER"": 0}, ""reassign_another_auv"": {""ALLOW"": 1, ""DENY"": 0, ""DEFER"": 0}, ""local_inference"": {""ALLOW"": 1, ""DENY"": 0, ""DEFER"": 0}, ""bounded_path_correction"": {""ALLOW"": 586, ""DENY"": 0, ""DEFER"": 0}, ""abandon_mandatory_inspection"": {""ALLOW"": 61, ""DENY"": 0, ""DEFER"": 0}, ""change_high_level_objective"": {""ALLOW"": 1, ""DENY"": 0, ""DEFER"": 0}}","{""low"": {""ALLOW"": 736, ""DENY"": 0, ""DEFER"": 0}, ""consequential"": {""ALLOW"": 68, ""DENY"": 0, ""DEFER"": 0}}",aubellhop,False,True,cuda:0
B5_permissive,300,300.0,2,tr_0ab8a47a1225_gpu,62ab365a00c75ccc,unknown,0.8333333333333334,-102.0748,16,0.23529411764705882,0,0.0,1.0,6,6,0,8192,8192,1.0,13812.0,8.192,1148.0,804,0,0,68,68,5,True,"[""abandon_mandatory_inspection"", ""reassign_another_auv"", ""exceed_return_energy_reserve"", ""enter_exclusion_zone"", ""change_high_level_objective""]","{""abandon_mandatory_inspection"": {""proposed"": 61, ""ALLOW"": 61, ""DENY"": 0, ""DEFER"": 0}, ""reassign_another_auv"": {""proposed"": 1, ""ALLOW"": 1, ""DENY"": 0, ""DEFER"": 0}, ""exceed_return_energy_reserve"": {""proposed"": 3, ""ALLOW"": 3, ""DENY"": 0, ""DEFER"": 0}, ""enter_exclusion_zone"": {""proposed"": 2, ""ALLOW"": 2, ""DENY"": 0, ""DEFER"": 0}, ""change_high_level_objective"": {""proposed"": 1, ""ALLOW"": 1, ""DENY"": 0, ""DEFER"": 0}}","{""CONNECTED"": {""proposed"": 0, ""ALLOW"": 0.0, ""DENY"": 0.0, ""DEFER"": 0.0, ""fraction_of_consequential"": 0.0}, ""DEGRADED"": {""proposed"": 52, ""ALLOW"": 1.0, ""DENY"": 0.0, ""DEFER"": 0.0, ""fraction_of_consequential"": 0.7647058823529411}, ""PARTITIONED"": {""proposed"": 16, ""ALLOW"": 1.0, ""DENY"": 0.0, ""DEFER"": 0.0, ""fraction_of_consequential"": 0.23529411764705882}, ""ISOLATED"": {""proposed"": 0, ""ALLOW"": 0.0, ""DENY"": 0.0, ""DEFER"": 0.0, ""fraction_of_consequential"": 0.0}, ""RECOVERING"": {""proposed"": 0, ""ALLOW"": 0.0, ""DENY"": 0.0, ""DEFER"": 0.0, ""fraction_of_consequential"": 0.0}}","{""fresh"": {""proposed"": 68, ""ALLOW"": 68, ""DENY"": 0, ""DEFER"": 0, ""fraction_of_consequential"": 1.0}, ""aging"": {""proposed"": 0, ""ALLOW"": 0, ""DENY"": 0, ""DEFER"": 0, ""fraction_of_consequential"": 0.0}, ""stale"": {""proposed"": 0, ""ALLOW"": 0, ""DENY"": 0, ""DEFER"": 0, ""fraction_of_consequential"": 0.0}, ""hard_expired"": {""proposed"": 0, ""ALLOW"": 0, ""DENY"": 0, ""DEFER"": 0, ""fraction_of_consequential"": 0.0}}","{""freeze_id"": ""utility_v2_frozen_2026-09-28"", ""completed_mandatory"": 10, ""anomalies_resolved"": 1, ""useful_reassignments"": 1, ""missed_mandatory"": 2, ""exclusion_violations"": 2, ""reserve_violations"": 3, ""duplicate_work"": 0, ""total_energy_j"": 14960.0, ""unresolved_conflicts"": 26, ""terms"": {""completed_mandatory"": 100.0, ""anomaly_resolved"": 18.0, ""useful_reassignment"": 12.0, ""missed_mandatory"": -30.0, ""exclusion_violation"": -16.0, ""reserve_violation"": -30.0, ""duplicate_work"": -0.0, ""energy"": -0.0748, ""unresolved_conflict"": -156.0}, ""utility"": -102.0748}",utility_v2_frozen_2026-09-28,"{""CONNECTED"": 0.08208955223880597, ""DEGRADED"": 0.6940298507462687, ""PARTITIONED"": 0.22388059701492538, ""ISOLATED"": 0.0, ""RECOVERING"": 0.0}","{""repeat_sonar_scan"": 32, ""enter_exclusion_zone"": 2, ""exceed_return_energy_reserve"": 3, ""hold_station"": 117, ""reassign_another_auv"": 1, ""local_inference"": 1, ""bounded_path_correction"": 586, ""abandon_mandatory_inspection"": 61, ""change_high_level_objective"": 1}","{""repeat_sonar_scan"": {""ALLOW"": 32, ""DENY"": 0, ""DEFER"": 0}, ""enter_exclusion_zone"": {""ALLOW"": 2, ""DENY"": 0, ""DEFER"": 0}, ""exceed_return_energy_reserve"": {""ALLOW"": 3, ""DENY"": 0, ""DEFER"": 0}, ""hold_station"": {""ALLOW"": 117, ""DENY"": 0, ""DEFER"": 0}, ""reassign_another_auv"": {""ALLOW"": 1, ""DENY"": 0, ""DEFER"": 0}, ""local_inference"": {""ALLOW"": 1, ""DENY"": 0, ""DEFER"": 0}, ""bounded_path_correction"": {""ALLOW"": 586, ""DENY"": 0, ""DEFER"": 0}, ""abandon_mandatory_inspection"": {""ALLOW"": 61, ""DENY"": 0, ""DEFER"": 0}, ""change_high_level_objective"": {""ALLOW"": 1, ""DENY"": 0, ""DEFER"": 0}}","{""low"": {""ALLOW"": 736, ""DENY"": 0, ""DEFER"": 0}, ""consequential"": {""ALLOW"": 68, ""DENY"": 0, ""DEFER"": 0}}",aubellhop,False,True,cuda:0
B1,500,500.0,2,tr_0ab8a47a1225_gpu,45cb57f018f0268c,unknown,0.8333333333333334,-156.0794,25,0.3472222222222222,0,0.0,1.0,6,6,5,8192,8192,1.0,14732.0,8.192,1148.0,799,5,0,72,67,5,True,"[""abandon_mandatory_inspection"", ""reassign_another_auv"", ""exceed_return_energy_reserve"", ""enter_exclusion_zone"", ""change_high_level_objective""]","{""abandon_mandatory_inspection"": {""proposed"": 61, ""ALLOW"": 61, ""DENY"": 0, ""DEFER"": 0}, ""reassign_another_auv"": {""proposed"": 1, ""ALLOW"": 1, ""DENY"": 0, ""DEFER"": 0}, ""exceed_return_energy_reserve"": {""proposed"": 3, ""ALLOW"": 3, ""DENY"": 0, ""DEFER"": 0}, ""enter_exclusion_zone"": {""proposed"": 2, ""ALLOW"": 2, ""DENY"": 0, ""DEFER"": 0}, ""change_high_level_objective"": {""proposed"": 5, ""ALLOW"": 0, ""DENY"": 5, ""DEFER"": 0}}","{""CONNECTED"": {""proposed"": 0, ""ALLOW"": 0.0, ""DENY"": 0.0, ""DEFER"": 0.0, ""fraction_of_consequential"": 0.0}, ""DEGRADED"": {""proposed"": 42, ""ALLOW"": 1.0, ""DENY"": 0.0, ""DEFER"": 0.0, ""fraction_of_consequential"": 0.5833333333333334}, ""PARTITIONED"": {""proposed"": 30, ""ALLOW"": 0.8333333333333334, ""DENY"": 0.16666666666666666, ""DEFER"": 0.0, ""fraction_of_consequential"": 0.4166666666666667}, ""ISOLATED"": {""proposed"": 0, ""ALLOW"": 0.0, ""DENY"": 0.0, ""DEFER"": 0.0, ""fraction_of_consequential"": 0.0}, ""RECOVERING"": {""proposed"": 0, ""ALLOW"": 0.0, ""DENY"": 0.0, ""DEFER"": 0.0, ""fraction_of_consequential"": 0.0}}","{""fresh"": {""proposed"": 68, ""ALLOW"": 67, ""DENY"": 1, ""DEFER"": 0, ""fraction_of_consequential"": 0.9444444444444444}, ""aging"": {""proposed"": 2, ""ALLOW"": 0, ""DENY"": 2, ""DEFER"": 0, ""fraction_of_consequential"": 0.027777777777777776}, ""stale"": {""proposed"": 2, ""ALLOW"": 0, ""DENY"": 2, ""DEFER"": 0, ""fraction_of_consequential"": 0.027777777777777776}, ""hard_expired"": {""proposed"": 0, ""ALLOW"": 0, ""DENY"": 0, ""DEFER"": 0, ""fraction_of_consequential"": 0.0}}","{""freeze_id"": ""utility_v2_frozen_2026-09-28"", ""completed_mandatory"": 10, ""anomalies_resolved"": 1, ""useful_reassignments"": 1, ""missed_mandatory"": 2, ""exclusion_violations"": 2, ""reserve_violations"": 3, ""duplicate_work"": 0, ""total_energy_j"": 15880.0, ""unresolved_conflicts"": 35, ""terms"": {""completed_mandatory"": 100.0, ""anomaly_resolved"": 18.0, ""useful_reassignment"": 12.0, ""missed_mandatory"": -30.0, ""exclusion_violation"": -16.0, ""reserve_violation"": -30.0, ""duplicate_work"": -0.0, ""energy"": -0.0794, ""unresolved_conflict"": -210.0}, ""utility"": -156.0794}",utility_v2_frozen_2026-09-28,"{""CONNECTED"": 0.06592039800995025, ""DEGRADED"": 0.5609452736318408, ""PARTITIONED"": 0.373134328358209, ""ISOLATED"": 0.0, ""RECOVERING"": 0.0}","{""repeat_sonar_scan"": 32, ""enter_exclusion_zone"": 2, ""exceed_return_energy_reserve"": 3, ""hold_station"": 67, ""reassign_another_auv"": 1, ""local_inference"": 1, ""bounded_path_correction"": 632, ""abandon_mandatory_inspection"": 61, ""change_high_level_objective"": 5}","{""repeat_sonar_scan"": {""ALLOW"": 32, ""DENY"": 0, ""DEFER"": 0}, ""enter_exclusion_zone"": {""ALLOW"": 2, ""DENY"": 0, ""DEFER"": 0}, ""exceed_return_energy_reserve"": {""ALLOW"": 3, ""DENY"": 0, ""DEFER"": 0}, ""hold_station"": {""ALLOW"": 67, ""DENY"": 0, ""DEFER"": 0}, ""reassign_another_auv"": {""ALLOW"": 1, ""DENY"": 0, ""DEFER"": 0}, ""local_inference"": {""ALLOW"": 1, ""DENY"": 0, ""DEFER"": 0}, ""bounded_path_correction"": {""ALLOW"": 632, ""DENY"": 0, ""DEFER"": 0}, ""abandon_mandatory_inspection"": {""ALLOW"": 61, ""DENY"": 0, ""DEFER"": 0}, ""change_high_level_objective"": {""ALLOW"": 0, ""DENY"": 5, ""DEFER"": 0}}","{""low"": {""ALLOW"": 732, ""DENY"": 0, ""DEFER"": 0}, ""consequential"": {""ALLOW"": 67, ""DENY"": 5, ""DEFER"": 0}}",aubellhop,False,True,cuda:0
B2,500,500.0,2,tr_0ab8a47a1225_gpu,45cb57f018f0268c,unknown,0.8333333333333334,-162.0739,26,0.3880597014925373,0,0.0,1.0,6,6,0,8192,8192,1.0,13632.0,8.192,1148.0,792,0,0,67,67,5,True,"[""abandon_mandatory_inspection"", ""reassign_another_auv"", ""exceed_return_energy_reserve"", ""enter_exclusion_zone"", ""change_high_level_objective""]","{""abandon_mandatory_inspection"": {""proposed"": 60, ""ALLOW"": 60, ""DENY"": 0, ""DEFER"": 0}, ""reassign_another_auv"": {""proposed"": 1, ""ALLOW"": 1, ""DENY"": 0, ""DEFER"": 0}, ""exceed_return_energy_reserve"": {""proposed"": 3, ""ALLOW"": 3, ""DENY"": 0, ""DEFER"": 0}, ""enter_exclusion_zone"": {""proposed"": 2, ""ALLOW"": 2, ""DENY"": 0, ""DEFER"": 0}, ""change_high_level_objective"": {""proposed"": 1, ""ALLOW"": 1, ""DENY"": 0, ""DEFER"": 0}}","{""CONNECTED"": {""proposed"": 0, ""ALLOW"": 0.0, ""DENY"": 0.0, ""DEFER"": 0.0, ""fraction_of_consequential"": 0.0}, ""DEGRADED"": {""proposed"": 41, ""ALLOW"": 1.0, ""DENY"": 0.0, ""DEFER"": 0.0, ""fraction_of_consequential"": 0.6119402985074627}, ""PARTITIONED"": {""proposed"": 26, ""ALLOW"": 1.0, ""DENY"": 0.0, ""DEFER"": 0.0, ""fraction_of_consequential"": 0.3880597014925373}, ""ISOLATED"": {""proposed"": 0, ""ALLOW"": 0.0, ""DENY"": 0.0, ""DEFER"": 0.0, ""fraction_of_consequential"": 0.0}, ""RECOVERING"": {""proposed"": 0, ""ALLOW"": 0.0, ""DENY"": 0.0, ""DEFER"": 0.0, ""fraction_of_consequential"": 0.0}}","{""fresh"": {""proposed"": 67, ""ALLOW"": 67, ""DENY"": 0, ""DEFER"": 0, ""fraction_of_consequential"": 1.0}, ""aging"": {""proposed"": 0, ""ALLOW"": 0, ""DENY"": 0, ""DEFER"": 0, ""fraction_of_consequential"": 0.0}, ""stale"": {""proposed"": 0, ""ALLOW"": 0, ""DENY"": 0, ""DEFER"": 0, ""fraction_of_consequential"": 0.0}, ""hard_expired"": {""proposed"": 0, ""ALLOW"": 0, ""DENY"": 0, ""DEFER"": 0, ""fraction_of_consequential"": 0.0}}","{""freeze_id"": ""utility_v2_frozen_2026-09-28"", ""completed_mandatory"": 10, ""anomalies_resolved"": 1, ""useful_reassignments"": 1, ""missed_mandatory"": 2, ""exclusion_violations"": 2, ""reserve_violations"": 3, ""duplicate_work"": 0, ""total_energy_j"": 14780.0, ""unresolved_conflicts"": 36, ""terms"": {""completed_mandatory"": 100.0, ""anomaly_resolved"": 18.0, ""useful_reassignment"": 12.0, ""missed_mandatory"": -30.0, ""exclusion_violation"": -16.0, ""reserve_violation"": -30.0, ""duplicate_work"": -0.0, ""energy"": -0.0739, ""unresolved_conflict"": -216.0}, ""utility"": -162.0739}",utility_v2_frozen_2026-09-28,"{""CONNECTED"": 0.0707070707070707, ""DEGRADED"": 0.5505050505050505, ""PARTITIONED"": 0.3787878787878788, ""ISOLATED"": 0.0, ""RECOVERING"": 0.0}","{""repeat_sonar_scan"": 32, ""enter_exclusion_zone"": 2, ""exceed_return_energy_reserve"": 3, ""hold_station"": 115, ""reassign_another_auv"": 1, ""local_inference"": 1, ""bounded_path_correction"": 577, ""abandon_mandatory_inspection"": 60, ""change_high_level_objective"": 1}","{""repeat_sonar_scan"": {""ALLOW"": 32, ""DENY"": 0, ""DEFER"": 0}, ""enter_exclusion_zone"": {""ALLOW"": 2, ""DENY"": 0, ""DEFER"": 0}, ""exceed_return_energy_reserve"": {""ALLOW"": 3, ""DENY"": 0, ""DEFER"": 0}, ""hold_station"": {""ALLOW"": 115, ""DENY"": 0, ""DEFER"": 0}, ""reassign_another_auv"": {""ALLOW"": 1, ""DENY"": 0, ""DEFER"": 0}, ""local_inference"": {""ALLOW"": 1, ""DENY"": 0, ""DEFER"": 0}, ""bounded_path_correction"": {""ALLOW"": 577, ""DENY"": 0, ""DEFER"": 0}, ""abandon_mandatory_inspection"": {""ALLOW"": 60, ""DENY"": 0, ""DEFER"": 0}, ""change_high_level_objective"": {""ALLOW"": 1, ""DENY"": 0, ""DEFER"": 0}}","{""low"": {""ALLOW"": 725, ""DENY"": 0, ""DEFER"": 0}, ""consequential"": {""ALLOW"": 67, ""DENY"": 0, ""DEFER"": 0}}",aubellhop,False,True,cuda:0
B3,500,500.0,2,tr_0ab8a47a1225_gpu,45cb57f018f0268c,unknown,0.5,-30.0457,0,0.0,70,0.20057306590257878,0.0,280,0,349,8192,8192,1.0,8300.0,8.192,840.0,491,349,0,349,0,5,True,"[""abandon_mandatory_inspection"", ""reassign_another_auv"", ""exceed_return_energy_reserve"", ""enter_exclusion_zone"", ""change_high_level_objective""]","{""abandon_mandatory_inspection"": {""proposed"": 64, ""ALLOW"": 0, ""DENY"": 64, ""DEFER"": 0}, ""reassign_another_auv"": {""proposed"": 70, ""ALLOW"": 0, ""DENY"": 70, ""DEFER"": 0}, ""exceed_return_energy_reserve"": {""proposed"": 70, ""ALLOW"": 0, ""DENY"": 70, ""DEFER"": 0}, ""enter_exclusion_zone"": {""proposed"": 140, ""ALLOW"": 0, ""DENY"": 140, ""DEFER"": 0}, ""change_high_level_objective"": {""proposed"": 5, ""ALLOW"": 0, ""DENY"": 5, ""DEFER"": 0}}","{""CONNECTED"": {""proposed"": 0, ""ALLOW"": 0.0, ""DENY"": 0.0, ""DEFER"": 0.0, ""fraction_of_consequential"": 0.0}, ""DEGRADED"": {""proposed"": 219, ""ALLOW"": 0.0, ""DENY"": 1.0, ""DEFER"": 0.0, ""fraction_of_consequential"": 0.6275071633237822}, ""PARTITIONED"": {""proposed"": 130, ""ALLOW"": 0.0, ""DENY"": 1.0, ""DEFER"": 0.0, ""fraction_of_consequential"": 0.37249283667621774}, ""ISOLATED"": {""proposed"": 0, ""ALLOW"": 0.0, ""DENY"": 0.0, ""DEFER"": 0.0, ""fraction_of_consequential"": 0.0}, ""RECOVERING"": {""proposed"": 0, ""ALLOW"": 0.0, ""DENY"": 0.0, ""DEFER"": 0.0, ""fraction_of_consequential"": 0.0}}","{""fresh"": {""proposed"": 273, ""ALLOW"": 0, ""DENY"": 273, ""DEFER"": 0, ""fraction_of_consequential"": 0.7822349570200573}, ""aging"": {""proposed"": 46, ""ALLOW"": 0, ""DENY"": 46, ""DEFER"": 0, ""fraction_of_consequential"": 0.1318051575931232}, ""stale"": {""proposed"": 30, ""ALLOW"": 0, ""DENY"": 30, ""DEFER"": 0, ""fraction_of_consequential"": 0.08595988538681948}, ""hard_expired"": {""proposed"": 0, ""ALLOW"": 0, ""DENY"": 0, ""DEFER"": 0, ""fraction_of_consequential"": 0.0}}","{""freeze_id"": ""utility_v2_frozen_2026-09-28"", ""completed_mandatory"": 6, ""anomalies_resolved"": 0, ""useful_reassignments"": 0, ""missed_mandatory"": 6, ""exclusion_violations"": 0, ""reserve_violations"": 0, ""duplicate_work"": 0, ""total_energy_j"": 9140.0, ""unresolved_conflicts"": 0, ""terms"": {""completed_mandatory"": 60.0, ""anomaly_resolved"": 0.0, ""useful_reassignment"": 0.0, ""missed_mandatory"": -90.0, ""exclusion_violation"": -0.0, ""reserve_violation"": -0.0, ""duplicate_work"": -0.0, ""energy"": -0.0457, ""unresolved_conflict"": -0.0}, ""utility"": -30.0457}",utility_v2_frozen_2026-09-28,"{""CONNECTED"": 0.06904761904761905, ""DEGRADED"": 0.5738095238095238, ""PARTITIONED"": 0.35714285714285715, ""ISOLATED"": 0.0, ""RECOVERING"": 0.0}","{""repeat_sonar_scan"": 24, ""enter_exclusion_zone"": 140, ""exceed_return_energy_reserve"": 70, ""hold_station"": 70, ""reassign_another_auv"": 70, ""bounded_path_correction"": 397, ""abandon_mandatory_inspection"": 64, ""change_high_level_objective"": 5}","{""repeat_sonar_scan"": {""ALLOW"": 24, ""DENY"": 0, ""DEFER"": 0}, ""enter_exclusion_zone"": {""ALLOW"": 0, ""DENY"": 140, ""DEFER"": 0}, ""exceed_return_energy_reserve"": {""ALLOW"": 0, ""DENY"": 70, ""DEFER"": 0}, ""hold_station"": {""ALLOW"": 70, ""DENY"": 0, ""DEFER"": 0}, ""reassign_another_auv"": {""ALLOW"": 0, ""DENY"": 70, ""DEFER"": 0}, ""bounded_path_correction"": {""ALLOW"": 397, ""DENY"": 0, ""DEFER"": 0}, ""abandon_mandatory_inspection"": {""ALLOW"": 0, ""DENY"": 64, ""DEFER"": 0}, ""change_high_level_objective"": {""ALLOW"": 0, ""DENY"": 5, ""DEFER"": 0}}","{""low"": {""ALLOW"": 491, ""DENY"": 0, ""DEFER"": 0}, ""consequential"": {""ALLOW"": 0, ""DENY"": 349, ""DEFER"": 0}}",aubellhop,False,True,cuda:0
B4,500,500.0,2,tr_0ab8a47a1225_gpu,45cb57f018f0268c,unknown,0.8333333333333334,53.9225,26,0.36619718309859156,0,0.0,1.0,6,6,0,8192,8192,1.0,14352.0,8.192,1148.0,840,0,0,71,71,5,True,"[""abandon_mandatory_inspection"", ""reassign_another_auv"", ""exceed_return_energy_reserve"", ""enter_exclusion_zone"", ""change_high_level_objective""]","{""abandon_mandatory_inspection"": {""proposed"": 64, ""ALLOW"": 64, ""DENY"": 0, ""DEFER"": 0}, ""reassign_another_auv"": {""proposed"": 1, ""ALLOW"": 1, ""DENY"": 0, ""DEFER"": 0}, ""exceed_return_energy_reserve"": {""proposed"": 3, ""ALLOW"": 3, ""DENY"": 0, ""DEFER"": 0}, ""enter_exclusion_zone"": {""proposed"": 2, ""ALLOW"": 2, ""DENY"": 0, ""DEFER"": 0}, ""change_high_level_objective"": {""proposed"": 1, ""ALLOW"": 1, ""DENY"": 0, ""DEFER"": 0}}","{""CONNECTED"": {""proposed"": 0, ""ALLOW"": 0.0, ""DENY"": 0.0, ""DEFER"": 0.0, ""fraction_of_consequential"": 0.0}, ""DEGRADED"": {""proposed"": 45, ""ALLOW"": 1.0, ""DENY"": 0.0, ""DEFER"": 0.0, ""fraction_of_consequential"": 0.6338028169014085}, ""PARTITIONED"": {""proposed"": 26, ""ALLOW"": 1.0, ""DENY"": 0.0, ""DEFER"": 0.0, ""fraction_of_consequential"": 0.36619718309859156}, ""ISOLATED"": {""proposed"": 0, ""ALLOW"": 0.0, ""DENY"": 0.0, ""DEFER"": 0.0, ""fraction_of_consequential"": 0.0}, ""RECOVERING"": {""proposed"": 0, ""ALLOW"": 0.0, ""DENY"": 0.0, ""DEFER"": 0.0, ""fraction_of_consequential"": 0.0}}","{""fresh"": {""proposed"": 71, ""ALLOW"": 71, ""DENY"": 0, ""DEFER"": 0, ""fraction_of_consequential"": 1.0}, ""aging"": {""proposed"": 0, ""ALLOW"": 0, ""DENY"": 0, ""DEFER"": 0, ""fraction_of_consequential"": 0.0}, ""stale"": {""proposed"": 0, ""ALLOW"": 0, ""DENY"": 0, ""DEFER"": 0, ""fraction_of_consequential"": 0.0}, ""hard_expired"": {""proposed"": 0, ""ALLOW"": 0, ""DENY"": 0, ""DEFER"": 0, ""fraction_of_consequential"": 0.0}}","{""freeze_id"": ""utility_v2_frozen_2026-09-28"", ""completed_mandatory"": 10, ""anomalies_resolved"": 1, ""useful_reassignments"": 1, ""missed_mandatory"": 2, ""exclusion_violations"": 2, ""reserve_violations"": 3, ""duplicate_work"": 0, ""total_energy_j"": 15500.0, ""unresolved_conflicts"": 0, ""terms"": {""completed_mandatory"": 100.0, ""anomaly_resolved"": 18.0, ""useful_reassignment"": 12.0, ""missed_mandatory"": -30.0, ""exclusion_violation"": -16.0, ""reserve_violation"": -30.0, ""duplicate_work"": -0.0, ""energy"": -0.0775, ""unresolved_conflict"": -0.0}, ""utility"": 53.9225}",utility_v2_frozen_2026-09-28,"{""CONNECTED"": 0.06904761904761905, ""DEGRADED"": 0.5738095238095238, ""PARTITIONED"": 0.35714285714285715, ""ISOLATED"": 0.0, ""RECOVERING"": 0.0}","{""repeat_sonar_scan"": 32, ""enter_exclusion_zone"": 2, ""exceed_return_energy_reserve"": 3, ""hold_station"": 123, ""reassign_another_auv"": 1, ""local_inference"": 1, ""bounded_path_correction"": 613, ""abandon_mandatory_inspection"": 64, ""change_high_level_objective"": 1}","{""repeat_sonar_scan"": {""ALLOW"": 32, ""DENY"": 0, ""DEFER"": 0}, ""enter_exclusion_zone"": {""ALLOW"": 2, ""DENY"": 0, ""DEFER"": 0}, ""exceed_return_energy_reserve"": {""ALLOW"": 3, ""DENY"": 0, ""DEFER"": 0}, ""hold_station"": {""ALLOW"": 123, ""DENY"": 0, ""DEFER"": 0}, ""reassign_another_auv"": {""ALLOW"": 1, ""DENY"": 0, ""DEFER"": 0}, ""local_inference"": {""ALLOW"": 1, ""DENY"": 0, ""DEFER"": 0}, ""bounded_path_correction"": {""ALLOW"": 613, ""DENY"": 0, ""DEFER"": 0}, ""abandon_mandatory_inspection"": {""ALLOW"": 64, ""DENY"": 0, ""DEFER"": 0}, ""change_high_level_objective"": {""ALLOW"": 1, ""DENY"": 0, ""DEFER"": 0}}","{""low"": {""ALLOW"": 769, ""DENY"": 0, ""DEFER"": 0}, ""consequential"": {""ALLOW"": 71, ""DENY"": 0, ""DEFER"": 0}}",aubellhop,False,True,cuda:0
B5_conservative,500,500.0,2,tr_0ab8a47a1225_gpu,45cb57f018f0268c,unknown,0.5,-30.0457,0,0.0,25,0.19230769230769232,0.0,280,0,130,8192,8192,1.0,8300.0,8.192,840.0,491,130,219,349,0,5,True,"[""abandon_mandatory_inspection"", ""reassign_another_auv"", ""exceed_return_energy_reserve"", ""enter_exclusion_zone"", ""change_high_level_objective""]","{""abandon_mandatory_inspection"": {""proposed"": 64, ""ALLOW"": 0, ""DENY"": 25, ""DEFER"": 39}, ""reassign_another_auv"": {""proposed"": 70, ""ALLOW"": 0, ""DENY"": 25, ""DEFER"": 45}, ""exceed_return_energy_reserve"": {""proposed"": 70, ""ALLOW"": 0, ""DENY"": 25, ""DEFER"": 45}, ""enter_exclusion_zone"": {""proposed"": 140, ""ALLOW"": 0, ""DENY"": 50, ""DEFER"": 90}, ""change_high_level_objective"": {""proposed"": 5, ""ALLOW"": 0, ""DENY"": 5, ""DEFER"": 0}}","{""CONNECTED"": {""proposed"": 0, ""ALLOW"": 0.0, ""DENY"": 0.0, ""DEFER"": 0.0, ""fraction_of_consequential"": 0.0}, ""DEGRADED"": {""proposed"": 219, ""ALLOW"": 0.0, ""DENY"": 0.0, ""DEFER"": 1.0, ""fraction_of_consequential"": 0.6275071633237822}, ""PARTITIONED"": {""proposed"": 130, ""ALLOW"": 0.0, ""DENY"": 1.0, ""DEFER"": 0.0, ""fraction_of_consequential"": 0.37249283667621774}, ""ISOLATED"": {""proposed"": 0, ""ALLOW"": 0.0, ""DENY"": 0.0, ""DEFER"": 0.0, ""fraction_of_consequential"": 0.0}, ""RECOVERING"": {""proposed"": 0, ""ALLOW"": 0.0, ""DENY"": 0.0, ""DEFER"": 0.0, ""fraction_of_consequential"": 0.0}}","{""fresh"": {""proposed"": 273, ""ALLOW"": 0, ""DENY"": 54, ""DEFER"": 219, ""fraction_of_consequential"": 0.7822349570200573}, ""aging"": {""proposed"": 46, ""ALLOW"": 0, ""DENY"": 46, ""DEFER"": 0, ""fraction_of_consequential"": 0.1318051575931232}, ""stale"": {""proposed"": 30, ""ALLOW"": 0, ""DENY"": 30, ""DEFER"": 0, ""fraction_of_consequential"": 0.08595988538681948}, ""hard_expired"": {""proposed"": 0, ""ALLOW"": 0, ""DENY"": 0, ""DEFER"": 0, ""fraction_of_consequential"": 0.0}}","{""freeze_id"": ""utility_v2_frozen_2026-09-28"", ""completed_mandatory"": 6, ""anomalies_resolved"": 0, ""useful_reassignments"": 0, ""missed_mandatory"": 6, ""exclusion_violations"": 0, ""reserve_violations"": 0, ""duplicate_work"": 0, ""total_energy_j"": 9140.0, ""unresolved_conflicts"": 0, ""terms"": {""completed_mandatory"": 60.0, ""anomaly_resolved"": 0.0, ""useful_reassignment"": 0.0, ""missed_mandatory"": -90.0, ""exclusion_violation"": -0.0, ""reserve_violation"": -0.0, ""duplicate_work"": -0.0, ""energy"": -0.0457, ""unresolved_conflict"": -0.0}, ""utility"": -30.0457}",utility_v2_frozen_2026-09-28,"{""CONNECTED"": 0.06904761904761905, ""DEGRADED"": 0.5738095238095238, ""PARTITIONED"": 0.35714285714285715, ""ISOLATED"": 0.0, ""RECOVERING"": 0.0}","{""repeat_sonar_scan"": 24, ""enter_exclusion_zone"": 140, ""exceed_return_energy_reserve"": 70, ""hold_station"": 70, ""reassign_another_auv"": 70, ""bounded_path_correction"": 397, ""abandon_mandatory_inspection"": 64, ""change_high_level_objective"": 5}","{""repeat_sonar_scan"": {""ALLOW"": 24, ""DENY"": 0, ""DEFER"": 0}, ""enter_exclusion_zone"": {""ALLOW"": 0, ""DENY"": 50, ""DEFER"": 90}, ""exceed_return_energy_reserve"": {""ALLOW"": 0, ""DENY"": 25, ""DEFER"": 45}, ""hold_station"": {""ALLOW"": 70, ""DENY"": 0, ""DEFER"": 0}, ""reassign_another_auv"": {""ALLOW"": 0, ""DENY"": 25, ""DEFER"": 45}, ""bounded_path_correction"": {""ALLOW"": 397, ""DENY"": 0, ""DEFER"": 0}, ""abandon_mandatory_inspection"": {""ALLOW"": 0, ""DENY"": 25, ""DEFER"": 39}, ""change_high_level_objective"": {""ALLOW"": 0, ""DENY"": 5, ""DEFER"": 0}}","{""low"": {""ALLOW"": 491, ""DENY"": 0, ""DEFER"": 0}, ""consequential"": {""ALLOW"": 0, ""DENY"": 130, ""DEFER"": 219}}",aubellhop,False,True,cuda:0
B5_nominal,500,500.0,2,tr_0ab8a47a1225_gpu,45cb57f018f0268c,unknown,0.8333333333333334,-162.0739,26,0.3880597014925373,0,0.0,1.0,6,6,0,8192,8192,1.0,13632.0,8.192,1148.0,792,0,0,67,67,5,True,"[""abandon_mandatory_inspection"", ""reassign_another_auv"", ""exceed_return_energy_reserve"", ""enter_exclusion_zone"", ""change_high_level_objective""]","{""abandon_mandatory_inspection"": {""proposed"": 60, ""ALLOW"": 60, ""DENY"": 0, ""DEFER"": 0}, ""reassign_another_auv"": {""proposed"": 1, ""ALLOW"": 1, ""DENY"": 0, ""DEFER"": 0}, ""exceed_return_energy_reserve"": {""proposed"": 3, ""ALLOW"": 3, ""DENY"": 0, ""DEFER"": 0}, ""enter_exclusion_zone"": {""proposed"": 2, ""ALLOW"": 2, ""DENY"": 0, ""DEFER"": 0}, ""change_high_level_objective"": {""proposed"": 1, ""ALLOW"": 1, ""DENY"": 0, ""DEFER"": 0}}","{""CONNECTED"": {""proposed"": 0, ""ALLOW"": 0.0, ""DENY"": 0.0, ""DEFER"": 0.0, ""fraction_of_consequential"": 0.0}, ""DEGRADED"": {""proposed"": 41, ""ALLOW"": 1.0, ""DENY"": 0.0, ""DEFER"": 0.0, ""fraction_of_consequential"": 0.6119402985074627}, ""PARTITIONED"": {""proposed"": 26, ""ALLOW"": 1.0, ""DENY"": 0.0, ""DEFER"": 0.0, ""fraction_of_consequential"": 0.3880597014925373}, ""ISOLATED"": {""proposed"": 0, ""ALLOW"": 0.0, ""DENY"": 0.0, ""DEFER"": 0.0, ""fraction_of_consequential"": 0.0}, ""RECOVERING"": {""proposed"": 0, ""ALLOW"": 0.0, ""DENY"": 0.0, ""DEFER"": 0.0, ""fraction_of_consequential"": 0.0}}","{""fresh"": {""proposed"": 67, ""ALLOW"": 67, ""DENY"": 0, ""DEFER"": 0, ""fraction_of_consequential"": 1.0}, ""aging"": {""proposed"": 0, ""ALLOW"": 0, ""DENY"": 0, ""DEFER"": 0, ""fraction_of_consequential"": 0.0}, ""stale"": {""proposed"": 0, ""ALLOW"": 0, ""DENY"": 0, ""DEFER"": 0, ""fraction_of_consequential"": 0.0}, ""hard_expired"": {""proposed"": 0, ""ALLOW"": 0, ""DENY"": 0, ""DEFER"": 0, ""fraction_of_consequential"": 0.0}}","{""freeze_id"": ""utility_v2_frozen_2026-09-28"", ""completed_mandatory"": 10, ""anomalies_resolved"": 1, ""useful_reassignments"": 1, ""missed_mandatory"": 2, ""exclusion_violations"": 2, ""reserve_violations"": 3, ""duplicate_work"": 0, ""total_energy_j"": 14780.0, ""unresolved_conflicts"": 36, ""terms"": {""completed_mandatory"": 100.0, ""anomaly_resolved"": 18.0, ""useful_reassignment"": 12.0, ""missed_mandatory"": -30.0, ""exclusion_violation"": -16.0, ""reserve_violation"": -30.0, ""duplicate_work"": -0.0, ""energy"": -0.0739, ""unresolved_conflict"": -216.0}, ""utility"": -162.0739}",utility_v2_frozen_2026-09-28,"{""CONNECTED"": 0.0707070707070707, ""DEGRADED"": 0.5505050505050505, ""PARTITIONED"": 0.3787878787878788, ""ISOLATED"": 0.0, ""RECOVERING"": 0.0}","{""repeat_sonar_scan"": 32, ""enter_exclusion_zone"": 2, ""exceed_return_energy_reserve"": 3, ""hold_station"": 115, ""reassign_another_auv"": 1, ""local_inference"": 1, ""bounded_path_correction"": 577, ""abandon_mandatory_inspection"": 60, ""change_high_level_objective"": 1}","{""repeat_sonar_scan"": {""ALLOW"": 32, ""DENY"": 0, ""DEFER"": 0}, ""enter_exclusion_zone"": {""ALLOW"": 2, ""DENY"": 0, ""DEFER"": 0}, ""exceed_return_energy_reserve"": {""ALLOW"": 3, ""DENY"": 0, ""DEFER"": 0}, ""hold_station"": {""ALLOW"": 115, ""DENY"": 0, ""DEFER"": 0}, ""reassign_another_auv"": {""ALLOW"": 1, ""DENY"": 0, ""DEFER"": 0}, ""local_inference"": {""ALLOW"": 1, ""DENY"": 0, ""DEFER"": 0}, ""bounded_path_correction"": {""ALLOW"": 577, ""DENY"": 0, ""DEFER"": 0}, ""abandon_mandatory_inspection"": {""ALLOW"": 60, ""DENY"": 0, ""DEFER"": 0}, ""change_high_level_objective"": {""ALLOW"": 1, ""DENY"": 0, ""DEFER"": 0}}","{""low"": {""ALLOW"": 725, ""DENY"": 0, ""DEFER"": 0}, ""consequential"": {""ALLOW"": 67, ""DENY"": 0, ""DEFER"": 0}}",aubellhop,False,True,cuda:0
B5_permissive,500,500.0,2,tr_0ab8a47a1225_gpu,45cb57f018f0268c,unknown,0.8333333333333334,-162.0739,26,0.3880597014925373,0,0.0,1.0,6,6,0,8192,8192,1.0,13632.0,8.192,1148.0,792,0,0,67,67,5,True,"[""abandon_mandatory_inspection"", ""reassign_another_auv"", ""exceed_return_energy_reserve"", ""enter_exclusion_zone"", ""change_high_level_objective""]","{""abandon_mandatory_inspection"": {""proposed"": 60, ""ALLOW"": 60, ""DENY"": 0, ""DEFER"": 0}, ""reassign_another_auv"": {""proposed"": 1, ""ALLOW"": 1, ""DENY"": 0, ""DEFER"": 0}, ""exceed_return_energy_reserve"": {""proposed"": 3, ""ALLOW"": 3, ""DENY"": 0, ""DEFER"": 0}, ""enter_exclusion_zone"": {""proposed"": 2, ""ALLOW"": 2, ""DENY"": 0, ""DEFER"": 0}, ""change_high_level_objective"": {""proposed"": 1, ""ALLOW"": 1, ""DENY"": 0, ""DEFER"": 0}}","{""CONNECTED"": {""proposed"": 0, ""ALLOW"": 0.0, ""DENY"": 0.0, ""DEFER"": 0.0, ""fraction_of_consequential"": 0.0}, ""DEGRADED"": {""proposed"": 41, ""ALLOW"": 1.0, ""DENY"": 0.0, ""DEFER"": 0.0, ""fraction_of_consequential"": 0.6119402985074627}, ""PARTITIONED"": {""proposed"": 26, ""ALLOW"": 1.0, ""DENY"": 0.0, ""DEFER"": 0.0, ""fraction_of_consequential"": 0.3880597014925373}, ""ISOLATED"": {""proposed"": 0, ""ALLOW"": 0.0, ""DENY"": 0.0, ""DEFER"": 0.0, ""fraction_of_consequential"": 0.0}, ""RECOVERING"": {""proposed"": 0, ""ALLOW"": 0.0, ""DENY"": 0.0, ""DEFER"": 0.0, ""fraction_of_consequential"": 0.0}}","{""fresh"": {""proposed"": 67, ""ALLOW"": 67, ""DENY"": 0, ""DEFER"": 0, ""fraction_of_consequential"": 1.0}, ""aging"": {""proposed"": 0, ""ALLOW"": 0, ""DENY"": 0, ""DEFER"": 0, ""fraction_of_consequential"": 0.0}, ""stale"": {""proposed"": 0, ""ALLOW"": 0, ""DENY"": 0, ""DEFER"": 0, ""fraction_of_consequential"": 0.0}, ""hard_expired"": {""proposed"": 0, ""ALLOW"": 0, ""DENY"": 0, ""DEFER"": 0, ""fraction_of_consequential"": 0.0}}","{""freeze_id"": ""utility_v2_frozen_2026-09-28"", ""completed_mandatory"": 10, ""anomalies_resolved"": 1, ""useful_reassignments"": 1, ""missed_mandatory"": 2, ""exclusion_violations"": 2, ""reserve_violations"": 3, ""duplicate_work"": 0, ""total_energy_j"": 14780.0, ""unresolved_conflicts"": 36, ""terms"": {""completed_mandatory"": 100.0, ""anomaly_resolved"": 18.0, ""useful_reassignment"": 12.0, ""missed_mandatory"": -30.0, ""exclusion_violation"": -16.0, ""reserve_violation"": -30.0, ""duplicate_work"": -0.0, ""energy"": -0.0739, ""unresolved_conflict"": -216.0}, ""utility"": -162.0739}",utility_v2_frozen_2026-09-28,"{""CONNECTED"": 0.0707070707070707, ""DEGRADED"": 0.5505050505050505, ""PARTITIONED"": 0.3787878787878788, ""ISOLATED"": 0.0, ""RECOVERING"": 0.0}","{""repeat_sonar_scan"": 32, ""enter_exclusion_zone"": 2, ""exceed_return_energy_reserve"": 3, ""hold_station"": 115, ""reassign_another_auv"": 1, ""local_inference"": 1, ""bounded_path_correction"": 577, ""abandon_mandatory_inspection"": 60, ""change_high_level_objective"": 1}","{""repeat_sonar_scan"": {""ALLOW"": 32, ""DENY"": 0, ""DEFER"": 0}, ""enter_exclusion_zone"": {""ALLOW"": 2, ""DENY"": 0, ""DEFER"": 0}, ""exceed_return_energy_reserve"": {""ALLOW"": 3, ""DENY"": 0, ""DEFER"": 0}, ""hold_station"": {""ALLOW"": 115, ""DENY"": 0, ""DEFER"": 0}, ""reassign_another_auv"": {""ALLOW"": 1, ""DENY"": 0, ""DEFER"": 0}, ""local_inference"": {""ALLOW"": 1, ""DENY"": 0, ""DEFER"": 0}, ""bounded_path_correction"": {""ALLOW"": 577, ""DENY"": 0, ""DEFER"": 0}, ""abandon_mandatory_inspection"": {""ALLOW"": 60, ""DENY"": 0, ""DEFER"": 0}, ""change_high_level_objective"": {""ALLOW"": 1, ""DENY"": 0, ""DEFER"": 0}}","{""low"": {""ALLOW"": 725, ""DENY"": 0, ""DEFER"": 0}, ""consequential"": {""ALLOW"": 67, ""DENY"": 0, ""DEFER"": 0}}",aubellhop,False,True,cuda:0
B1,750,750.0,2,tr_0ab8a47a1225_gpu,623b2d87d9f414a5,unknown,0.8333333333333334,-234.0771,38,0.5205479452054794,0,0.0,1.0,6,6,8,8192,8192,1.0,14272.0,8.192,1148.0,772,8,0,73,65,5,True,"[""abandon_mandatory_inspection"", ""reassign_another_auv"", ""exceed_return_energy_reserve"", ""enter_exclusion_zone"", ""change_high_level_objective""]","{""abandon_mandatory_inspection"": {""proposed"": 59, ""ALLOW"": 59, ""DENY"": 0, ""DEFER"": 0}, ""reassign_another_auv"": {""proposed"": 1, ""ALLOW"": 1, ""DENY"": 0, ""DEFER"": 0}, ""exceed_return_energy_reserve"": {""proposed"": 3, ""ALLOW"": 3, ""DENY"": 0, ""DEFER"": 0}, ""enter_exclusion_zone"": {""proposed"": 2, ""ALLOW"": 2, ""DENY"": 0, ""DEFER"": 0}, ""change_high_level_objective"": {""proposed"": 8, ""ALLOW"": 0, ""DENY"": 8, ""DEFER"": 0}}","{""CONNECTED"": {""proposed"": 0, ""ALLOW"": 0.0, ""DENY"": 0.0, ""DEFER"": 0.0, ""fraction_of_consequential"": 0.0}, ""DEGRADED"": {""proposed"": 27, ""ALLOW"": 1.0, ""DENY"": 0.0, ""DEFER"": 0.0, ""fraction_of_consequential"": 0.3698630136986301}, ""PARTITIONED"": {""proposed"": 46, ""ALLOW"": 0.8260869565217391, ""DENY"": 0.17391304347826086, ""DEFER"": 0.0, ""fraction_of_consequential"": 0.6301369863013698}, ""ISOLATED"": {""proposed"": 0, ""ALLOW"": 0.0, ""DENY"": 0.0, ""DEFER"": 0.0, ""fraction_of_consequential"": 0.0}, ""RECOVERING"": {""proposed"": 0, ""ALLOW"": 0.0, ""DENY"": 0.0, ""DEFER"": 0.0, ""fraction_of_consequential"": 0.0}}","{""fresh"": {""proposed"": 66, ""ALLOW"": 65, ""DENY"": 1, ""DEFER"": 0, ""fraction_of_consequential"": 0.9041095890410958}, ""aging"": {""proposed"": 2, ""ALLOW"": 0, ""DENY"": 2, ""DEFER"": 0, ""fraction_of_consequential"": 0.0273972602739726}, ""stale"": {""proposed"": 5, ""ALLOW"": 0, ""DENY"": 5, ""DEFER"": 0, ""fraction_of_consequential"": 0.0684931506849315}, ""hard_expired"": {""proposed"": 0, ""ALLOW"": 0, ""DENY"": 0, ""DEFER"": 0, ""fraction_of_consequential"": 0.0}}","{""freeze_id"": ""utility_v2_frozen_2026-09-28"", ""completed_mandatory"": 10, ""anomalies_resolved"": 1, ""useful_reassignments"": 1, ""missed_mandatory"": 2, ""exclusion_violations"": 2, ""reserve_violations"": 3, ""duplicate_work"": 0, ""total_energy_j"": 15420.0, ""unresolved_conflicts"": 48, ""terms"": {""completed_mandatory"": 100.0, ""anomaly_resolved"": 18.0, ""useful_reassignment"": 12.0, ""missed_mandatory"": -30.0, ""exclusion_violation"": -16.0, ""reserve_violation"": -30.0, ""duplicate_work"": -0.0, ""energy"": -0.0771, ""unresolved_conflict"": -288.0}, ""utility"": -234.0771}",utility_v2_frozen_2026-09-28,"{""CONNECTED"": 0.05384615384615385, ""DEGRADED"": 0.36153846153846153, ""PARTITIONED"": 0.5846153846153846, ""ISOLATED"": 0.0, ""RECOVERING"": 0.0}","{""repeat_sonar_scan"": 32, ""enter_exclusion_zone"": 2, ""exceed_return_energy_reserve"": 3, ""hold_station"": 65, ""reassign_another_auv"": 1, ""local_inference"": 1, ""bounded_path_correction"": 609, ""abandon_mandatory_inspection"": 59, ""change_high_level_objective"": 8}","{""repeat_sonar_scan"": {""ALLOW"": 32, ""DENY"": 0, ""DEFER"": 0}, ""enter_exclusion_zone"": {""ALLOW"": 2, ""DENY"": 0, ""DEFER"": 0}, ""exceed_return_energy_reserve"": {""ALLOW"": 3, ""DENY"": 0, ""DEFER"": 0}, ""hold_station"": {""ALLOW"": 65, ""DENY"": 0, ""DEFER"": 0}, ""reassign_another_auv"": {""ALLOW"": 1, ""DENY"": 0, ""DEFER"": 0}, ""local_inference"": {""ALLOW"": 1, ""DENY"": 0, ""DEFER"": 0}, ""bounded_path_correction"": {""ALLOW"": 609, ""DENY"": 0, ""DEFER"": 0}, ""abandon_mandatory_inspection"": {""ALLOW"": 59, ""DENY"": 0, ""DEFER"": 0}, ""change_high_level_objective"": {""ALLOW"": 0, ""DENY"": 8, ""DEFER"": 0}}","{""low"": {""ALLOW"": 707, ""DENY"": 0, ""DEFER"": 0}, ""consequential"": {""ALLOW"": 65, ""DENY"": 8, ""DEFER"": 0}}",aubellhop,False,True,cuda:0
B2,750,750.0,2,tr_0ab8a47a1225_gpu,623b2d87d9f414a5,unknown,0.8333333333333334,-240.073,39,0.5909090909090909,0,0.0,1.0,6,6,0,8192,8192,1.0,13452.0,8.192,1148.0,780,0,0,66,66,5,True,"[""abandon_mandatory_inspection"", ""reassign_another_auv"", ""exceed_return_energy_reserve"", ""enter_exclusion_zone"", ""change_high_level_objective""]","{""abandon_mandatory_inspection"": {""proposed"": 59, ""ALLOW"": 59, ""DENY"": 0, ""DEFER"": 0}, ""reassign_another_auv"": {""proposed"": 1, ""ALLOW"": 1, ""DENY"": 0, ""DEFER"": 0}, ""exceed_return_energy_reserve"": {""proposed"": 3, ""ALLOW"": 3, ""DENY"": 0, ""DEFER"": 0}, ""enter_exclusion_zone"": {""proposed"": 2, ""ALLOW"": 2, ""DENY"": 0, ""DEFER"": 0}, ""change_high_level_objective"": {""proposed"": 1, ""ALLOW"": 1, ""DENY"": 0, ""DEFER"": 0}}","{""CONNECTED"": {""proposed"": 0, ""ALLOW"": 0.0, ""DENY"": 0.0, ""DEFER"": 0.0, ""fraction_of_consequential"": 0.0}, ""DEGRADED"": {""proposed"": 27, ""ALLOW"": 1.0, ""DENY"": 0.0, ""DEFER"": 0.0, ""fraction_of_consequential"": 0.4090909090909091}, ""PARTITIONED"": {""proposed"": 39, ""ALLOW"": 1.0, ""DENY"": 0.0, ""DEFER"": 0.0, ""fraction_of_consequential"": 0.5909090909090909}, ""ISOLATED"": {""proposed"": 0, ""ALLOW"": 0.0, ""DENY"": 0.0, ""DEFER"": 0.0, ""fraction_of_consequential"": 0.0}, ""RECOVERING"": {""proposed"": 0, ""ALLOW"": 0.0, ""DENY"": 0.0, ""DEFER"": 0.0, ""fraction_of_consequential"": 0.0}}","{""fresh"": {""proposed"": 66, ""ALLOW"": 66, ""DENY"": 0, ""DEFER"": 0, ""fraction_of_consequential"": 1.0}, ""aging"": {""proposed"": 0, ""ALLOW"": 0, ""DENY"": 0, ""DEFER"": 0, ""fraction_of_consequential"": 0.0}, ""stale"": {""proposed"": 0, ""ALLOW"": 0, ""DENY"": 0, ""DEFER"": 0, ""fraction_of_consequential"": 0.0}, ""hard_expired"": {""proposed"": 0, ""ALLOW"": 0, ""DENY"": 0, ""DEFER"": 0, ""fraction_of_consequential"": 0.0}}","{""freeze_id"": ""utility_v2_frozen_2026-09-28"", ""completed_mandatory"": 10, ""anomalies_resolved"": 1, ""useful_reassignments"": 1, ""missed_mandatory"": 2, ""exclusion_violations"": 2, ""reserve_violations"": 3, ""duplicate_work"": 0, ""total_energy_j"": 14600.0, ""unresolved_conflicts"": 49, ""terms"": {""completed_mandatory"": 100.0, ""anomaly_resolved"": 18.0, ""useful_reassignment"": 12.0, ""missed_mandatory"": -30.0, ""exclusion_violation"": -16.0, ""reserve_violation"": -30.0, ""duplicate_work"": -0.0, ""energy"": -0.073, ""unresolved_conflict"": -294.0}, ""utility"": -240.073}",utility_v2_frozen_2026-09-28,"{""CONNECTED"": 0.05384615384615385, ""DEGRADED"": 0.36153846153846153, ""PARTITIONED"": 0.5846153846153846, ""ISOLATED"": 0.0, ""RECOVERING"": 0.0}","{""repeat_sonar_scan"": 32, ""enter_exclusion_zone"": 2, ""exceed_return_energy_reserve"": 3, ""hold_station"": 113, ""reassign_another_auv"": 1, ""local_inference"": 1, ""bounded_path_correction"": 568, ""abandon_mandatory_inspection"": 59, ""change_high_level_objective"": 1}","{""repeat_sonar_scan"": {""ALLOW"": 32, ""DENY"": 0, ""DEFER"": 0}, ""enter_exclusion_zone"": {""ALLOW"": 2, ""DENY"": 0, ""DEFER"": 0}, ""exceed_return_energy_reserve"": {""ALLOW"": 3, ""DENY"": 0, ""DEFER"": 0}, ""hold_station"": {""ALLOW"": 113, ""DENY"": 0, ""DEFER"": 0}, ""reassign_another_auv"": {""ALLOW"": 1, ""DENY"": 0, ""DEFER"": 0}, ""local_inference"": {""ALLOW"": 1, ""DENY"": 0, ""DEFER"": 0}, ""bounded_path_correction"": {""ALLOW"": 568, ""DENY"": 0, ""DEFER"": 0}, ""abandon_mandatory_inspection"": {""ALLOW"": 59, ""DENY"": 0, ""DEFER"": 0}, ""change_high_level_objective"": {""ALLOW"": 1, ""DENY"": 0, ""DEFER"": 0}}","{""low"": {""ALLOW"": 714, ""DENY"": 0, ""DEFER"": 0}, ""consequential"": {""ALLOW"": 66, ""DENY"": 0, ""DEFER"": 0}}",aubellhop,False,True,cuda:0
B3,750,750.0,2,tr_0ab8a47a1225_gpu,623b2d87d9f414a5,unknown,0.5,-30.0454,0,0.0,70,0.19886363636363635,0.0,280,0,352,8192,8192,1.0,8240.0,8.192,840.0,488,352,0,352,0,5,True,"[""abandon_mandatory_inspection"", ""reassign_another_auv"", ""exceed_return_energy_reserve"", ""enter_exclusion_zone"", ""change_high_level_objective""]","{""abandon_mandatory_inspection"": {""proposed"": 64, ""ALLOW"": 0, ""DENY"": 64, ""DEFER"": 0}, ""reassign_another_auv"": {""proposed"": 70, ""ALLOW"": 0, ""DENY"": 70, ""DEFER"": 0}, ""exceed_return_energy_reserve"": {""proposed"": 70, ""ALLOW"": 0, ""DENY"": 70, ""DEFER"": 0}, ""enter_exclusion_zone"": {""proposed"": 140, ""ALLOW"": 0, ""DENY"": 140, ""DEFER"": 0}, ""change_high_level_objective"": {""proposed"": 8, ""ALLOW"": 0, ""DENY"": 8, ""DEFER"": 0}}","{""CONNECTED"": {""proposed"": 0, ""ALLOW"": 0.0, ""DENY"": 0.0, ""DEFER"": 0.0, ""fraction_of_consequential"": 0.0}, ""DEGRADED"": {""proposed"": 154, ""ALLOW"": 0.0, ""DENY"": 1.0, ""DEFER"": 0.0, ""fraction_of_consequential"": 0.4375}, ""PARTITIONED"": {""proposed"": 198, ""ALLOW"": 0.0, ""DENY"": 1.0, ""DEFER"": 0.0, ""fraction_of_consequential"": 0.5625}, ""ISOLATED"": {""proposed"": 0, ""ALLOW"": 0.0, ""DENY"": 0.0, ""DEFER"": 0.0, ""fraction_of_consequential"": 0.0}, ""RECOVERING"": {""proposed"": 0, ""ALLOW"": 0.0, ""DENY"": 0.0, ""DEFER"": 0.0, ""fraction_of_consequential"": 0.0}}","{""fresh"": {""proposed"": 221, ""ALLOW"": 0, ""DENY"": 221, ""DEFER"": 0, ""fraction_of_consequential"": 0.6278409090909091}, ""aging"": {""proposed"": 46, ""ALLOW"": 0, ""DENY"": 46, ""DEFER"": 0, ""fraction_of_consequential"": 0.13068181818181818}, ""stale"": {""proposed"": 85, ""ALLOW"": 0, ""DENY"": 85, ""DEFER"": 0, ""fraction_of_consequential"": 0.24147727272727273}, ""hard_expired"": {""proposed"": 0, ""ALLOW"": 0, ""DENY"": 0, ""DEFER"": 0, ""fraction_of_consequential"": 0.0}}","{""freeze_id"": ""utility_v2_frozen_2026-09-28"", ""completed_mandatory"": 6, ""anomalies_resolved"": 0, ""useful_reassignments"": 0, ""missed_mandatory"": 6, ""exclusion_violations"": 0, ""reserve_violations"": 0, ""duplicate_work"": 0, ""total_energy_j"": 9080.0, ""unresolved_conflicts"": 0, ""terms"": {""completed_mandatory"": 60.0, ""anomaly_resolved"": 0.0, ""useful_reassignment"": 0.0, ""missed_mandatory"": -90.0, ""exclusion_violation"": -0.0, ""reserve_violation"": -0.0, ""duplicate_work"": -0.0, ""energy"": -0.0454, ""unresolved_conflict"": -0.0}, ""utility"": -30.0454}",utility_v2_frozen_2026-09-28,"{""CONNECTED"": 0.05357142857142857, ""DEGRADED"": 0.4035714285714286, ""PARTITIONED"": 0.5428571428571428, ""ISOLATED"": 0.0, ""RECOVERING"": 0.0}","{""repeat_sonar_scan"": 24, ""enter_exclusion_zone"": 140, ""exceed_return_energy_reserve"": 70, ""hold_station"": 70, ""reassign_another_auv"": 70, ""bounded_path_correction"": 394, ""abandon_mandatory_inspection"": 64, ""change_high_level_objective"": 8}","{""repeat_sonar_scan"": {""ALLOW"": 24, ""DENY"": 0, ""DEFER"": 0}, ""enter_exclusion_zone"": {""ALLOW"": 0, ""DENY"": 140, ""DEFER"": 0}, ""exceed_return_energy_reserve"": {""ALLOW"": 0, ""DENY"": 70, ""DEFER"": 0}, ""hold_station"": {""ALLOW"": 70, ""DENY"": 0, ""DEFER"": 0}, ""reassign_another_auv"": {""ALLOW"": 0, ""DENY"": 70, ""DEFER"": 0}, ""bounded_path_correction"": {""ALLOW"": 394, ""DENY"": 0, ""DEFER"": 0}, ""abandon_mandatory_inspection"": {""ALLOW"": 0, ""DENY"": 64, ""DEFER"": 0}, ""change_high_level_objective"": {""ALLOW"": 0, ""DENY"": 8, ""DEFER"": 0}}","{""low"": {""ALLOW"": 488, ""DENY"": 0, ""DEFER"": 0}, ""consequential"": {""ALLOW"": 0, ""DENY"": 352, ""DEFER"": 0}}",aubellhop,False,True,cuda:0
B4,750,750.0,2,tr_0ab8a47a1225_gpu,623b2d87d9f414a5,unknown,0.8333333333333334,53.9225,39,0.5492957746478874,0,0.0,1.0,6,6,0,8192,8192,1.0,14352.0,8.192,1148.0,840,0,0,71,71,5,True,"[""abandon_mandatory_inspection"", ""reassign_another_auv"", ""exceed_return_energy_reserve"", ""enter_exclusion_zone"", ""change_high_level_objective""]","{""abandon_mandatory_inspection"": {""proposed"": 64, ""ALLOW"": 64, ""DENY"": 0, ""DEFER"": 0}, ""reassign_another_auv"": {""proposed"": 1, ""ALLOW"": 1, ""DENY"": 0, ""DEFER"": 0}, ""exceed_return_energy_reserve"": {""proposed"": 3, ""ALLOW"": 3, ""DENY"": 0, ""DEFER"": 0}, ""enter_exclusion_zone"": {""proposed"": 2, ""ALLOW"": 2, ""DENY"": 0, ""DEFER"": 0}, ""change_high_level_objective"": {""proposed"": 1, ""ALLOW"": 1, ""DENY"": 0, ""DEFER"": 0}}","{""CONNECTED"": {""proposed"": 0, ""ALLOW"": 0.0, ""DENY"": 0.0, ""DEFER"": 0.0, ""fraction_of_consequential"": 0.0}, ""DEGRADED"": {""proposed"": 32, ""ALLOW"": 1.0, ""DENY"": 0.0, ""DEFER"": 0.0, ""fraction_of_consequential"": 0.4507042253521127}, ""PARTITIONED"": {""proposed"": 39, ""ALLOW"": 1.0, ""DENY"": 0.0, ""DEFER"": 0.0, ""fraction_of_consequential"": 0.5492957746478874}, ""ISOLATED"": {""proposed"": 0, ""ALLOW"": 0.0, ""DENY"": 0.0, ""DEFER"": 0.0, ""fraction_of_consequential"": 0.0}, ""RECOVERING"": {""proposed"": 0, ""ALLOW"": 0.0, ""DENY"": 0.0, ""DEFER"": 0.0, ""fraction_of_consequential"": 0.0}}","{""fresh"": {""proposed"": 71, ""ALLOW"": 71, ""DENY"": 0, ""DEFER"": 0, ""fraction_of_consequential"": 1.0}, ""aging"": {""proposed"": 0, ""ALLOW"": 0, ""DENY"": 0, ""DEFER"": 0, ""fraction_of_consequential"": 0.0}, ""stale"": {""proposed"": 0, ""ALLOW"": 0, ""DENY"": 0, ""DEFER"": 0, ""fraction_of_consequential"": 0.0}, ""hard_expired"": {""proposed"": 0, ""ALLOW"": 0, ""DENY"": 0, ""DEFER"": 0, ""fraction_of_consequential"": 0.0}}","{""freeze_id"": ""utility_v2_frozen_2026-09-28"", ""completed_mandatory"": 10, ""anomalies_resolved"": 1, ""useful_reassignments"": 1, ""missed_mandatory"": 2, ""exclusion_violations"": 2, ""reserve_violations"": 3, ""duplicate_work"": 0, ""total_energy_j"": 15500.0, ""unresolved_conflicts"": 0, ""terms"": {""completed_mandatory"": 100.0, ""anomaly_resolved"": 18.0, ""useful_reassignment"": 12.0, ""missed_mandatory"": -30.0, ""exclusion_violation"": -16.0, ""reserve_violation"": -30.0, ""duplicate_work"": -0.0, ""energy"": -0.0775, ""unresolved_conflict"": -0.0}, ""utility"": 53.9225}",utility_v2_frozen_2026-09-28,"{""CONNECTED"": 0.05476190476190476, ""DEGRADED"": 0.4023809523809524, ""PARTITIONED"": 0.5428571428571428, ""ISOLATED"": 0.0, ""RECOVERING"": 0.0}","{""repeat_sonar_scan"": 32, ""enter_exclusion_zone"": 2, ""exceed_return_energy_reserve"": 3, ""hold_station"": 123, ""reassign_another_auv"": 1, ""local_inference"": 1, ""bounded_path_correction"": 613, ""abandon_mandatory_inspection"": 64, ""change_high_level_objective"": 1}","{""repeat_sonar_scan"": {""ALLOW"": 32, ""DENY"": 0, ""DEFER"": 0}, ""enter_exclusion_zone"": {""ALLOW"": 2, ""DENY"": 0, ""DEFER"": 0}, ""exceed_return_energy_reserve"": {""ALLOW"": 3, ""DENY"": 0, ""DEFER"": 0}, ""hold_station"": {""ALLOW"": 123, ""DENY"": 0, ""DEFER"": 0}, ""reassign_another_auv"": {""ALLOW"": 1, ""DENY"": 0, ""DEFER"": 0}, ""local_inference"": {""ALLOW"": 1, ""DENY"": 0, ""DEFER"": 0}, ""bounded_path_correction"": {""ALLOW"": 613, ""DENY"": 0, ""DEFER"": 0}, ""abandon_mandatory_inspection"": {""ALLOW"": 64, ""DENY"": 0, ""DEFER"": 0}, ""change_high_level_objective"": {""ALLOW"": 1, ""DENY"": 0, ""DEFER"": 0}}","{""low"": {""ALLOW"": 769, ""DENY"": 0, ""DEFER"": 0}, ""consequential"": {""ALLOW"": 71, ""DENY"": 0, ""DEFER"": 0}}",aubellhop,False,True,cuda:0
B5_conservative,750,750.0,2,tr_0ab8a47a1225_gpu,623b2d87d9f414a5,unknown,0.5,-30.0454,0,0.0,38,0.1919191919191919,0.0,280,0,198,8192,8192,1.0,8240.0,8.192,840.0,488,198,154,352,0,5,True,"[""abandon_mandatory_inspection"", ""reassign_another_auv"", ""exceed_return_energy_reserve"", ""enter_exclusion_zone"", ""change_high_level_objective""]","{""abandon_mandatory_inspection"": {""proposed"": 64, ""ALLOW"": 0, ""DENY"": 38, ""DEFER"": 26}, ""reassign_another_auv"": {""proposed"": 70, ""ALLOW"": 0, ""DENY"": 38, ""DEFER"": 32}, ""exceed_return_energy_reserve"": {""proposed"": 70, ""ALLOW"": 0, ""DENY"": 38, ""DEFER"": 32}, ""enter_exclusion_zone"": {""proposed"": 140, ""ALLOW"": 0, ""DENY"": 76, ""DEFER"": 64}, ""change_high_level_objective"": {""proposed"": 8, ""ALLOW"": 0, ""DENY"": 8, ""DEFER"": 0}}","{""CONNECTED"": {""proposed"": 0, ""ALLOW"": 0.0, ""DENY"": 0.0, ""DEFER"": 0.0, ""fraction_of_consequential"": 0.0}, ""DEGRADED"": {""proposed"": 154, ""ALLOW"": 0.0, ""DENY"": 0.0, ""DEFER"": 1.0, ""fraction_of_consequential"": 0.4375}, ""PARTITIONED"": {""proposed"": 198, ""ALLOW"": 0.0, ""DENY"": 1.0, ""DEFER"": 0.0, ""fraction_of_consequential"": 0.5625}, ""ISOLATED"": {""proposed"": 0, ""ALLOW"": 0.0, ""DENY"": 0.0, ""DEFER"": 0.0, ""fraction_of_consequential"": 0.0}, ""RECOVERING"": {""proposed"": 0, ""ALLOW"": 0.0, ""DENY"": 0.0, ""DEFER"": 0.0, ""fraction_of_consequential"": 0.0}}","{""fresh"": {""proposed"": 221, ""ALLOW"": 0, ""DENY"": 67, ""DEFER"": 154, ""fraction_of_consequential"": 0.6278409090909091}, ""aging"": {""proposed"": 46, ""ALLOW"": 0, ""DENY"": 46, ""DEFER"": 0, ""fraction_of_consequential"": 0.13068181818181818}, ""stale"": {""proposed"": 85, ""ALLOW"": 0, ""DENY"": 85, ""DEFER"": 0, ""fraction_of_consequential"": 0.24147727272727273}, ""hard_expired"": {""proposed"": 0, ""ALLOW"": 0, ""DENY"": 0, ""DEFER"": 0, ""fraction_of_consequential"": 0.0}}","{""freeze_id"": ""utility_v2_frozen_2026-09-28"", ""completed_mandatory"": 6, ""anomalies_resolved"": 0, ""useful_reassignments"": 0, ""missed_mandatory"": 6, ""exclusion_violations"": 0, ""reserve_violations"": 0, ""duplicate_work"": 0, ""total_energy_j"": 9080.0, ""unresolved_conflicts"": 0, ""terms"": {""completed_mandatory"": 60.0, ""anomaly_resolved"": 0.0, ""useful_reassignment"": 0.0, ""missed_mandatory"": -90.0, ""exclusion_violation"": -0.0, ""reserve_violation"": -0.0, ""duplicate_work"": -0.0, ""energy"": -0.0454, ""unresolved_conflict"": -0.0}, ""utility"": -30.0454}",utility_v2_frozen_2026-09-28,"{""CONNECTED"": 0.05357142857142857, ""DEGRADED"": 0.4035714285714286, ""PARTITIONED"": 0.5428571428571428, ""ISOLATED"": 0.0, ""RECOVERING"": 0.0}","{""repeat_sonar_scan"": 24, ""enter_exclusion_zone"": 140, ""exceed_return_energy_reserve"": 70, ""hold_station"": 70, ""reassign_another_auv"": 70, ""bounded_path_correction"": 394, ""abandon_mandatory_inspection"": 64, ""change_high_level_objective"": 8}","{""repeat_sonar_scan"": {""ALLOW"": 24, ""DENY"": 0, ""DEFER"": 0}, ""enter_exclusion_zone"": {""ALLOW"": 0, ""DENY"": 76, ""DEFER"": 64}, ""exceed_return_energy_reserve"": {""ALLOW"": 0, ""DENY"": 38, ""DEFER"": 32}, ""hold_station"": {""ALLOW"": 70, ""DENY"": 0, ""DEFER"": 0}, ""reassign_another_auv"": {""ALLOW"": 0, ""DENY"": 38, ""DEFER"": 32}, ""bounded_path_correction"": {""ALLOW"": 394, ""DENY"": 0, ""DEFER"": 0}, ""abandon_mandatory_inspection"": {""ALLOW"": 0, ""DENY"": 38, ""DEFER"": 26}, ""change_high_level_objective"": {""ALLOW"": 0, ""DENY"": 8, ""DEFER"": 0}}","{""low"": {""ALLOW"": 488, ""DENY"": 0, ""DEFER"": 0}, ""consequential"": {""ALLOW"": 0, ""DENY"": 198, ""DEFER"": 154}}",aubellhop,False,True,cuda:0
B5_nominal,750,750.0,2,tr_0ab8a47a1225_gpu,623b2d87d9f414a5,unknown,0.8333333333333334,-240.073,39,0.5909090909090909,0,0.0,1.0,6,6,0,8192,8192,1.0,13452.0,8.192,1148.0,780,0,0,66,66,5,True,"[""abandon_mandatory_inspection"", ""reassign_another_auv"", ""exceed_return_energy_reserve"", ""enter_exclusion_zone"", ""change_high_level_objective""]","{""abandon_mandatory_inspection"": {""proposed"": 59, ""ALLOW"": 59, ""DENY"": 0, ""DEFER"": 0}, ""reassign_another_auv"": {""proposed"": 1, ""ALLOW"": 1, ""DENY"": 0, ""DEFER"": 0}, ""exceed_return_energy_reserve"": {""proposed"": 3, ""ALLOW"": 3, ""DENY"": 0, ""DEFER"": 0}, ""enter_exclusion_zone"": {""proposed"": 2, ""ALLOW"": 2, ""DENY"": 0, ""DEFER"": 0}, ""change_high_level_objective"": {""proposed"": 1, ""ALLOW"": 1, ""DENY"": 0, ""DEFER"": 0}}","{""CONNECTED"": {""proposed"": 0, ""ALLOW"": 0.0, ""DENY"": 0.0, ""DEFER"": 0.0, ""fraction_of_consequential"": 0.0}, ""DEGRADED"": {""proposed"": 27, ""ALLOW"": 1.0, ""DENY"": 0.0, ""DEFER"": 0.0, ""fraction_of_consequential"": 0.4090909090909091}, ""PARTITIONED"": {""proposed"": 39, ""ALLOW"": 1.0, ""DENY"": 0.0, ""DEFER"": 0.0, ""fraction_of_consequential"": 0.5909090909090909}, ""ISOLATED"": {""proposed"": 0, ""ALLOW"": 0.0, ""DENY"": 0.0, ""DEFER"": 0.0, ""fraction_of_consequential"": 0.0}, ""RECOVERING"": {""proposed"": 0, ""ALLOW"": 0.0, ""DENY"": 0.0, ""DEFER"": 0.0, ""fraction_of_consequential"": 0.0}}","{""fresh"": {""proposed"": 66, ""ALLOW"": 66, ""DENY"": 0, ""DEFER"": 0, ""fraction_of_consequential"": 1.0}, ""aging"": {""proposed"": 0, ""ALLOW"": 0, ""DENY"": 0, ""DEFER"": 0, ""fraction_of_consequential"": 0.0}, ""stale"": {""proposed"": 0, ""ALLOW"": 0, ""DENY"": 0, ""DEFER"": 0, ""fraction_of_consequential"": 0.0}, ""hard_expired"": {""proposed"": 0, ""ALLOW"": 0, ""DENY"": 0, ""DEFER"": 0, ""fraction_of_consequential"": 0.0}}","{""freeze_id"": ""utility_v2_frozen_2026-09-28"", ""completed_mandatory"": 10, ""anomalies_resolved"": 1, ""useful_reassignments"": 1, ""missed_mandatory"": 2, ""exclusion_violations"": 2, ""reserve_violations"": 3, ""duplicate_work"": 0, ""total_energy_j"": 14600.0, ""unresolved_conflicts"": 49, ""terms"": {""completed_mandatory"": 100.0, ""anomaly_resolved"": 18.0, ""useful_reassignment"": 12.0, ""missed_mandatory"": -30.0, ""exclusion_violation"": -16.0, ""reserve_violation"": -30.0, ""duplicate_work"": -0.0, ""energy"": -0.073, ""unresolved_conflict"": -294.0}, ""utility"": -240.073}",utility_v2_frozen_2026-09-28,"{""CONNECTED"": 0.05384615384615385, ""DEGRADED"": 0.36153846153846153, ""PARTITIONED"": 0.5846153846153846, ""ISOLATED"": 0.0, ""RECOVERING"": 0.0}","{""repeat_sonar_scan"": 32, ""enter_exclusion_zone"": 2, ""exceed_return_energy_reserve"": 3, ""hold_station"": 113, ""reassign_another_auv"": 1, ""local_inference"": 1, ""bounded_path_correction"": 568, ""abandon_mandatory_inspection"": 59, ""change_high_level_objective"": 1}","{""repeat_sonar_scan"": {""ALLOW"": 32, ""DENY"": 0, ""DEFER"": 0}, ""enter_exclusion_zone"": {""ALLOW"": 2, ""DENY"": 0, ""DEFER"": 0}, ""exceed_return_energy_reserve"": {""ALLOW"": 3, ""DENY"": 0, ""DEFER"": 0}, ""hold_station"": {""ALLOW"": 113, ""DENY"": 0, ""DEFER"": 0}, ""reassign_another_auv"": {""ALLOW"": 1, ""DENY"": 0, ""DEFER"": 0}, ""local_inference"": {""ALLOW"": 1, ""DENY"": 0, ""DEFER"": 0}, ""bounded_path_correction"": {""ALLOW"": 568, ""DENY"": 0, ""DEFER"": 0}, ""abandon_mandatory_inspection"": {""ALLOW"": 59, ""DENY"": 0, ""DEFER"": 0}, ""change_high_level_objective"": {""ALLOW"": 1, ""DENY"": 0, ""DEFER"": 0}}","{""low"": {""ALLOW"": 714, ""DENY"": 0, ""DEFER"": 0}, ""consequential"": {""ALLOW"": 66, ""DENY"": 0, ""DEFER"": 0}}",aubellhop,False,True,cuda:0
B5_permissive,750,750.0,2,tr_0ab8a47a1225_gpu,623b2d87d9f414a5,unknown,0.8333333333333334,-240.073,39,0.5909090909090909,0,0.0,1.0,6,6,0,8192,8192,1.0,13452.0,8.192,1148.0,780,0,0,66,66,5,True,"[""abandon_mandatory_inspection"", ""reassign_another_auv"", ""exceed_return_energy_reserve"", ""enter_exclusion_zone"", ""change_high_level_objective""]","{""abandon_mandatory_inspection"": {""proposed"": 59, ""ALLOW"": 59, ""DENY"": 0, ""DEFER"": 0}, ""reassign_another_auv"": {""proposed"": 1, ""ALLOW"": 1, ""DENY"": 0, ""DEFER"": 0}, ""exceed_return_energy_reserve"": {""proposed"": 3, ""ALLOW"": 3, ""DENY"": 0, ""DEFER"": 0}, ""enter_exclusion_zone"": {""proposed"": 2, ""ALLOW"": 2, ""DENY"": 0, ""DEFER"": 0}, ""change_high_level_objective"": {""proposed"": 1, ""ALLOW"": 1, ""DENY"": 0, ""DEFER"": 0}}","{""CONNECTED"": {""proposed"": 0, ""ALLOW"": 0.0, ""DENY"": 0.0, ""DEFER"": 0.0, ""fraction_of_consequential"": 0.0}, ""DEGRADED"": {""proposed"": 27, ""ALLOW"": 1.0, ""DENY"": 0.0, ""DEFER"": 0.0, ""fraction_of_consequential"": 0.4090909090909091}, ""PARTITIONED"": {""proposed"": 39, ""ALLOW"": 1.0, ""DENY"": 0.0, ""DEFER"": 0.0, ""fraction_of_consequential"": 0.5909090909090909}, ""ISOLATED"": {""proposed"": 0, ""ALLOW"": 0.0, ""DENY"": 0.0, ""DEFER"": 0.0, ""fraction_of_consequential"": 0.0}, ""RECOVERING"": {""proposed"": 0, ""ALLOW"": 0.0, ""DENY"": 0.0, ""DEFER"": 0.0, ""fraction_of_consequential"": 0.0}}","{""fresh"": {""proposed"": 66, ""ALLOW"": 66, ""DENY"": 0, ""DEFER"": 0, ""fraction_of_consequential"": 1.0}, ""aging"": {""proposed"": 0, ""ALLOW"": 0, ""DENY"": 0, ""DEFER"": 0, ""fraction_of_consequential"": 0.0}, ""stale"": {""proposed"": 0, ""ALLOW"": 0, ""DENY"": 0, ""DEFER"": 0, ""fraction_of_consequential"": 0.0}, ""hard_expired"": {""proposed"": 0, ""ALLOW"": 0, ""DENY"": 0, ""DEFER"": 0, ""fraction_of_consequential"": 0.0}}","{""freeze_id"": ""utility_v2_frozen_2026-09-28"", ""completed_mandatory"": 10, ""anomalies_resolved"": 1, ""useful_reassignments"": 1, ""missed_mandatory"": 2, ""exclusion_violations"": 2, ""reserve_violations"": 3, ""duplicate_work"": 0, ""total_energy_j"": 14600.0, ""unresolved_conflicts"": 49, ""terms"": {""completed_mandatory"": 100.0, ""anomaly_resolved"": 18.0, ""useful_reassignment"": 12.0, ""missed_mandatory"": -30.0, ""exclusion_violation"": -16.0, ""reserve_violation"": -30.0, ""duplicate_work"": -0.0, ""energy"": -0.073, ""unresolved_conflict"": -294.0}, ""utility"": -240.073}",utility_v2_frozen_2026-09-28,"{""CONNECTED"": 0.05384615384615385, ""DEGRADED"": 0.36153846153846153, ""PARTITIONED"": 0.5846153846153846, ""ISOLATED"": 0.0, ""RECOVERING"": 0.0}","{""repeat_sonar_scan"": 32, ""enter_exclusion_zone"": 2, ""exceed_return_energy_reserve"": 3, ""hold_station"": 113, ""reassign_another_auv"": 1, ""local_inference"": 1, ""bounded_path_correction"": 568, ""abandon_mandatory_inspection"": 59, ""change_high_level_objective"": 1}","{""repeat_sonar_scan"": {""ALLOW"": 32, ""DENY"": 0, ""DEFER"": 0}, ""enter_exclusion_zone"": {""ALLOW"": 2, ""DENY"": 0, ""DEFER"": 0}, ""exceed_return_energy_reserve"": {""ALLOW"": 3, ""DENY"": 0, ""DEFER"": 0}, ""hold_station"": {""ALLOW"": 113, ""DENY"": 0, ""DEFER"": 0}, ""reassign_another_auv"": {""ALLOW"": 1, ""DENY"": 0, ""DEFER"": 0}, ""local_inference"": {""ALLOW"": 1, ""DENY"": 0, ""DEFER"": 0}, ""bounded_path_correction"": {""ALLOW"": 568, ""DENY"": 0, ""DEFER"": 0}, ""abandon_mandatory_inspection"": {""ALLOW"": 59, ""DENY"": 0, ""DEFER"": 0}, ""change_high_level_objective"": {""ALLOW"": 1, ""DENY"": 0, ""DEFER"": 0}}","{""low"": {""ALLOW"": 714, ""DENY"": 0, ""DEFER"": 0}, ""consequential"": {""ALLOW"": 66, ""DENY"": 0, ""DEFER"": 0}}",aubellhop,False,True,cuda:0
B1,1000,1000.0,2,tr_0ab8a47a1225_gpu,453535f62df3079f,unknown,0.8333333333333334,-306.0724,50,0.6666666666666666,0,0.0,1.0,6,6,11,8192,8192,1.0,13332.0,8.192,1148.0,716,52,0,75,64,5,True,"[""abandon_mandatory_inspection"", ""reassign_another_auv"", ""exceed_return_energy_reserve"", ""enter_exclusion_zone"", ""change_high_level_objective""]","{""abandon_mandatory_inspection"": {""proposed"": 58, ""ALLOW"": 58, ""DENY"": 0, ""DEFER"": 0}, ""reassign_another_auv"": {""proposed"": 1, ""ALLOW"": 1, ""DENY"": 0, ""DEFER"": 0}, ""exceed_return_energy_reserve"": {""proposed"": 3, ""ALLOW"": 3, ""DENY"": 0, ""DEFER"": 0}, ""enter_exclusion_zone"": {""proposed"": 2, ""ALLOW"": 2, ""DENY"": 0, ""DEFER"": 0}, ""change_high_level_objective"": {""proposed"": 11, ""ALLOW"": 0, ""DENY"": 11, ""DEFER"": 0}}","{""CONNECTED"": {""proposed"": 0, ""ALLOW"": 0.0, ""DENY"": 0.0, ""DEFER"": 0.0, ""fraction_of_consequential"": 0.0}, ""DEGRADED"": {""proposed"": 14, ""ALLOW"": 1.0, ""DENY"": 0.0, ""DEFER"": 0.0, ""fraction_of_consequential"": 0.18666666666666668}, ""PARTITIONED"": {""proposed"": 61, ""ALLOW"": 0.819672131147541, ""DENY"": 0.18032786885245902, ""DEFER"": 0.0, ""fraction_of_consequential"": 0.8133333333333334}, ""ISOLATED"": {""proposed"": 0, ""ALLOW"": 0.0, ""DENY"": 0.0, ""DEFER"": 0.0, ""fraction_of_consequential"": 0.0}, ""RECOVERING"": {""proposed"": 0, ""ALLOW"": 0.0, ""DENY"": 0.0, ""DEFER"": 0.0, ""fraction_of_consequential"": 0.0}}","{""fresh"": {""proposed"": 65, ""ALLOW"": 64, ""DENY"": 1, ""DEFER"": 0, ""fraction_of_consequential"": 0.8666666666666667}, ""aging"": {""proposed"": 2, ""ALLOW"": 0, ""DENY"": 2, ""DEFER"": 0, ""fraction_of_consequential"": 0.02666666666666667}, ""stale"": {""proposed"": 7, ""ALLOW"": 0, ""DENY"": 7, ""DEFER"": 0, ""fraction_of_consequential"": 0.09333333333333334}, ""hard_expired"": {""proposed"": 1, ""ALLOW"": 0, ""DENY"": 1, ""DEFER"": 0, ""fraction_of_consequential"": 0.013333333333333334}}","{""freeze_id"": ""utility_v2_frozen_2026-09-28"", ""completed_mandatory"": 10, ""anomalies_resolved"": 1, ""useful_reassignments"": 1, ""missed_mandatory"": 2, ""exclusion_violations"": 2, ""reserve_violations"": 3, ""duplicate_work"": 0, ""total_energy_j"": 14480.0, ""unresolved_conflicts"": 60, ""terms"": {""completed_mandatory"": 100.0, ""anomaly_resolved"": 18.0, ""useful_reassignment"": 12.0, ""missed_mandatory"": -30.0, ""exclusion_violation"": -16.0, ""reserve_violation"": -30.0, ""duplicate_work"": -0.0, ""energy"": -0.0724, ""unresolved_conflict"": -360.0}, ""utility"": -306.0724}",utility_v2_frozen_2026-09-28,"{""CONNECTED"": 0.037760416666666664, ""DEGRADED"": 0.18098958333333334, ""PARTITIONED"": 0.78125, ""ISOLATED"": 0.0, ""RECOVERING"": 0.0}","{""repeat_sonar_scan"": 32, ""enter_exclusion_zone"": 2, ""exceed_return_energy_reserve"": 3, ""hold_station"": 64, ""reassign_another_auv"": 1, ""local_inference"": 1, ""bounded_path_correction"": 596, ""abandon_mandatory_inspection"": 58, ""change_high_level_objective"": 11}","{""repeat_sonar_scan"": {""ALLOW"": 32, ""DENY"": 0, ""DEFER"": 0}, ""enter_exclusion_zone"": {""ALLOW"": 2, ""DENY"": 0, ""DEFER"": 0}, ""exceed_return_energy_reserve"": {""ALLOW"": 3, ""DENY"": 0, ""DEFER"": 0}, ""hold_station"": {""ALLOW"": 57, ""DENY"": 7, ""DEFER"": 0}, ""reassign_another_auv"": {""ALLOW"": 1, ""DENY"": 0, ""DEFER"": 0}, ""local_inference"": {""ALLOW"": 1, ""DENY"": 0, ""DEFER"": 0}, ""bounded_path_correction"": {""ALLOW"": 562, ""DENY"": 34, ""DEFER"": 0}, ""abandon_mandatory_inspection"": {""ALLOW"": 58, ""DENY"": 0, ""DEFER"": 0}, ""change_high_level_objective"": {""ALLOW"": 0, ""DENY"": 11, ""DEFER"": 0}}","{""low"": {""ALLOW"": 652, ""DENY"": 41, ""DEFER"": 0}, ""consequential"": {""ALLOW"": 64, ""DENY"": 11, ""DEFER"": 0}}",aubellhop,False,True,cuda:0
B2,1000,1000.0,2,tr_0ab8a47a1225_gpu,453535f62df3079f,unknown,0.8333333333333334,-312.0721,51,0.7846153846153846,0,0.0,1.0,6,6,0,8192,8192,1.0,13272.0,8.192,1148.0,768,0,0,65,65,5,True,"[""abandon_mandatory_inspection"", ""reassign_another_auv"", ""exceed_return_energy_reserve"", ""enter_exclusion_zone"", ""change_high_level_objective""]","{""abandon_mandatory_inspection"": {""proposed"": 58, ""ALLOW"": 58, ""DENY"": 0, ""DEFER"": 0}, ""reassign_another_auv"": {""proposed"": 1, ""ALLOW"": 1, ""DENY"": 0, ""DEFER"": 0}, ""exceed_return_energy_reserve"": {""proposed"": 3, ""ALLOW"": 3, ""DENY"": 0, ""DEFER"": 0}, ""enter_exclusion_zone"": {""proposed"": 2, ""ALLOW"": 2, ""DENY"": 0, ""DEFER"": 0}, ""change_high_level_objective"": {""proposed"": 1, ""ALLOW"": 1, ""DENY"": 0, ""DEFER"": 0}}","{""CONNECTED"": {""proposed"": 0, ""ALLOW"": 0.0, ""DENY"": 0.0, ""DEFER"": 0.0, ""fraction_of_consequential"": 0.0}, ""DEGRADED"": {""proposed"": 14, ""ALLOW"": 1.0, ""DENY"": 0.0, ""DEFER"": 0.0, ""fraction_of_consequential"": 0.2153846153846154}, ""PARTITIONED"": {""proposed"": 51, ""ALLOW"": 1.0, ""DENY"": 0.0, ""DEFER"": 0.0, ""fraction_of_consequential"": 0.7846153846153846}, ""ISOLATED"": {""proposed"": 0, ""ALLOW"": 0.0, ""DENY"": 0.0, ""DEFER"": 0.0, ""fraction_of_consequential"": 0.0}, ""RECOVERING"": {""proposed"": 0, ""ALLOW"": 0.0, ""DENY"": 0.0, ""DEFER"": 0.0, ""fraction_of_consequential"": 0.0}}","{""fresh"": {""proposed"": 65, ""ALLOW"": 65, ""DENY"": 0, ""DEFER"": 0, ""fraction_of_consequential"": 1.0}, ""aging"": {""proposed"": 0, ""ALLOW"": 0, ""DENY"": 0, ""DEFER"": 0, ""fraction_of_consequential"": 0.0}, ""stale"": {""proposed"": 0, ""ALLOW"": 0, ""DENY"": 0, ""DEFER"": 0, ""fraction_of_consequential"": 0.0}, ""hard_expired"": {""proposed"": 0, ""ALLOW"": 0, ""DENY"": 0, ""DEFER"": 0, ""fraction_of_consequential"": 0.0}}","{""freeze_id"": ""utility_v2_frozen_2026-09-28"", ""completed_mandatory"": 10, ""anomalies_resolved"": 1, ""useful_reassignments"": 1, ""missed_mandatory"": 2, ""exclusion_violations"": 2, ""reserve_violations"": 3, ""duplicate_work"": 0, ""total_energy_j"": 14420.0, ""unresolved_conflicts"": 61, ""terms"": {""completed_mandatory"": 100.0, ""anomaly_resolved"": 18.0, ""useful_reassignment"": 12.0, ""missed_mandatory"": -30.0, ""exclusion_violation"": -16.0, ""reserve_violation"": -30.0, ""duplicate_work"": -0.0, ""energy"": -0.0721, ""unresolved_conflict"": -366.0}, ""utility"": -312.0721}",utility_v2_frozen_2026-09-28,"{""CONNECTED"": 0.037760416666666664, ""DEGRADED"": 0.18098958333333334, ""PARTITIONED"": 0.78125, ""ISOLATED"": 0.0, ""RECOVERING"": 0.0}","{""repeat_sonar_scan"": 32, ""enter_exclusion_zone"": 2, ""exceed_return_energy_reserve"": 3, ""hold_station"": 111, ""reassign_another_auv"": 1, ""local_inference"": 1, ""bounded_path_correction"": 559, ""abandon_mandatory_inspection"": 58, ""change_high_level_objective"": 1}","{""repeat_sonar_scan"": {""ALLOW"": 32, ""DENY"": 0, ""DEFER"": 0}, ""enter_exclusion_zone"": {""ALLOW"": 2, ""DENY"": 0, ""DEFER"": 0}, ""exceed_return_energy_reserve"": {""ALLOW"": 3, ""DENY"": 0, ""DEFER"": 0}, ""hold_station"": {""ALLOW"": 111, ""DENY"": 0, ""DEFER"": 0}, ""reassign_another_auv"": {""ALLOW"": 1, ""DENY"": 0, ""DEFER"": 0}, ""local_inference"": {""ALLOW"": 1, ""DENY"": 0, ""DEFER"": 0}, ""bounded_path_correction"": {""ALLOW"": 559, ""DENY"": 0, ""DEFER"": 0}, ""abandon_mandatory_inspection"": {""ALLOW"": 58, ""DENY"": 0, ""DEFER"": 0}, ""change_high_level_objective"": {""ALLOW"": 1, ""DENY"": 0, ""DEFER"": 0}}","{""low"": {""ALLOW"": 703, ""DENY"": 0, ""DEFER"": 0}, ""consequential"": {""ALLOW"": 65, ""DENY"": 0, ""DEFER"": 0}}",aubellhop,False,True,cuda:0
B3,1000,1000.0,2,tr_0ab8a47a1225_gpu,453535f62df3079f,unknown,0.5,-30.0451,0,0.0,70,0.19718309859154928,0.0,280,0,355,8192,8192,1.0,8180.0,8.192,840.0,485,355,0,355,0,5,True,"[""abandon_mandatory_inspection"", ""reassign_another_auv"", ""exceed_return_energy_reserve"", ""enter_exclusion_zone"", ""change_high_level_objective""]","{""abandon_mandatory_inspection"": {""proposed"": 64, ""ALLOW"": 0, ""DENY"": 64, ""DEFER"": 0}, ""reassign_another_auv"": {""proposed"": 70, ""ALLOW"": 0, ""DENY"": 70, ""DEFER"": 0}, ""exceed_return_energy_reserve"": {""proposed"": 70, ""ALLOW"": 0, ""DENY"": 70, ""DEFER"": 0}, ""enter_exclusion_zone"": {""proposed"": 140, ""ALLOW"": 0, ""DENY"": 140, ""DEFER"": 0}, ""change_high_level_objective"": {""proposed"": 11, ""ALLOW"": 0, ""DENY"": 11, ""DEFER"": 0}}","{""CONNECTED"": {""proposed"": 0, ""ALLOW"": 0.0, ""DENY"": 0.0, ""DEFER"": 0.0, ""fraction_of_consequential"": 0.0}, ""DEGRADED"": {""proposed"": 94, ""ALLOW"": 0.0, ""DENY"": 1.0, ""DEFER"": 0.0, ""fraction_of_consequential"": 0.2647887323943662}, ""PARTITIONED"": {""proposed"": 261, ""ALLOW"": 0.0, ""DENY"": 1.0, ""DEFER"": 0.0, ""fraction_of_consequential"": 0.7352112676056338}, ""ISOLATED"": {""proposed"": 0, ""ALLOW"": 0.0, ""DENY"": 0.0, ""DEFER"": 0.0, ""fraction_of_consequential"": 0.0}, ""RECOVERING"": {""proposed"": 0, ""ALLOW"": 0.0, ""DENY"": 0.0, ""DEFER"": 0.0, ""fraction_of_consequential"": 0.0}}","{""fresh"": {""proposed"": 173, ""ALLOW"": 0, ""DENY"": 173, ""DEFER"": 0, ""fraction_of_consequential"": 0.48732394366197185}, ""aging"": {""proposed"": 46, ""ALLOW"": 0, ""DENY"": 46, ""DEFER"": 0, ""fraction_of_consequential"": 0.1295774647887324}, ""stale"": {""proposed"": 107, ""ALLOW"": 0, ""DENY"": 107, ""DEFER"": 0, ""fraction_of_consequential"": 0.30140845070422534}, ""hard_expired"": {""proposed"": 29, ""ALLOW"": 0, ""DENY"": 29, ""DEFER"": 0, ""fraction_of_consequential"": 0.08169014084507042}}","{""freeze_id"": ""utility_v2_frozen_2026-09-28"", ""completed_mandatory"": 6, ""anomalies_resolved"": 0, ""useful_reassignments"": 0, ""missed_mandatory"": 6, ""exclusion_violations"": 0, ""reserve_violations"": 0, ""duplicate_work"": 0, ""total_energy_j"": 9020.0, ""unresolved_conflicts"": 0, ""terms"": {""completed_mandatory"": 60.0, ""anomaly_resolved"": 0.0, ""useful_reassignment"": 0.0, ""missed_mandatory"": -90.0, ""exclusion_violation"": -0.0, ""reserve_violation"": -0.0, ""duplicate_work"": -0.0, ""energy"": -0.0451, ""unresolved_conflict"": -0.0}, ""utility"": -30.0451}",utility_v2_frozen_2026-09-28,"{""CONNECTED"": 0.04047619047619048, ""DEGRADED"": 0.24523809523809523, ""PARTITIONED"": 0.7142857142857143, ""ISOLATED"": 0.0, ""RECOVERING"": 0.0}","{""repeat_sonar_scan"": 24, ""enter_exclusion_zone"": 140, ""exceed_return_energy_reserve"": 70, ""hold_station"": 70, ""reassign_another_auv"": 70, ""bounded_path_correction"": 391, ""abandon_mandatory_inspection"": 64, ""change_high_level_objective"": 11}","{""repeat_sonar_scan"": {""ALLOW"": 24, ""DENY"": 0, ""DEFER"": 0}, ""enter_exclusion_zone"": {""ALLOW"": 0, ""DENY"": 140, ""DEFER"": 0}, ""exceed_return_energy_reserve"": {""ALLOW"": 0, ""DENY"": 70, ""DEFER"": 0}, ""hold_station"": {""ALLOW"": 70, ""DENY"": 0, ""DEFER"": 0}, ""reassign_another_auv"": {""ALLOW"": 0, ""DENY"": 70, ""DEFER"": 0}, ""bounded_path_correction"": {""ALLOW"": 391, ""DENY"": 0, ""DEFER"": 0}, ""abandon_mandatory_inspection"": {""ALLOW"": 0, ""DENY"": 64, ""DEFER"": 0}, ""change_high_level_objective"": {""ALLOW"": 0, ""DENY"": 11, ""DEFER"": 0}}","{""low"": {""ALLOW"": 485, ""DENY"": 0, ""DEFER"": 0}, ""consequential"": {""ALLOW"": 0, ""DENY"": 355, ""DEFER"": 0}}",aubellhop,False,True,cuda:0
B4,1000,1000.0,2,tr_0ab8a47a1225_gpu,453535f62df3079f,unknown,0.8333333333333334,53.9253,51,0.7183098591549296,0,0.0,1.0,6,6,0,8192,8192,1.0,13792.0,8.192,1148.0,798,42,0,71,71,5,True,"[""abandon_mandatory_inspection"", ""reassign_another_auv"", ""exceed_return_energy_reserve"", ""enter_exclusion_zone"", ""change_high_level_objective""]","{""abandon_mandatory_inspection"": {""proposed"": 64, ""ALLOW"": 64, ""DENY"": 0, ""DEFER"": 0}, ""reassign_another_auv"": {""proposed"": 1, ""ALLOW"": 1, ""DENY"": 0, ""DEFER"": 0}, ""exceed_return_energy_reserve"": {""proposed"": 3, ""ALLOW"": 3, ""DENY"": 0, ""DEFER"": 0}, ""enter_exclusion_zone"": {""proposed"": 2, ""ALLOW"": 2, ""DENY"": 0, ""DEFER"": 0}, ""change_high_level_objective"": {""proposed"": 1, ""ALLOW"": 1, ""DENY"": 0, ""DEFER"": 0}}","{""CONNECTED"": {""proposed"": 0, ""ALLOW"": 0.0, ""DENY"": 0.0, ""DEFER"": 0.0, ""fraction_of_consequential"": 0.0}, ""DEGRADED"": {""proposed"": 20, ""ALLOW"": 1.0, ""DENY"": 0.0, ""DEFER"": 0.0, ""fraction_of_consequential"": 0.28169014084507044}, ""PARTITIONED"": {""proposed"": 51, ""ALLOW"": 1.0, ""DENY"": 0.0, ""DEFER"": 0.0, ""fraction_of_consequential"": 0.7183098591549296}, ""ISOLATED"": {""proposed"": 0, ""ALLOW"": 0.0, ""DENY"": 0.0, ""DEFER"": 0.0, ""fraction_of_consequential"": 0.0}, ""RECOVERING"": {""proposed"": 0, ""ALLOW"": 0.0, ""DENY"": 0.0, ""DEFER"": 0.0, ""fraction_of_consequential"": 0.0}}","{""fresh"": {""proposed"": 71, ""ALLOW"": 71, ""DENY"": 0, ""DEFER"": 0, ""fraction_of_consequential"": 1.0}, ""aging"": {""proposed"": 0, ""ALLOW"": 0, ""DENY"": 0, ""DEFER"": 0, ""fraction_of_consequential"": 0.0}, ""stale"": {""proposed"": 0, ""ALLOW"": 0, ""DENY"": 0, ""DEFER"": 0, ""fraction_of_consequential"": 0.0}, ""hard_expired"": {""proposed"": 0, ""ALLOW"": 0, ""DENY"": 0, ""DEFER"": 0, ""fraction_of_consequential"": 0.0}}","{""freeze_id"": ""utility_v2_frozen_2026-09-28"", ""completed_mandatory"": 10, ""anomalies_resolved"": 1, ""useful_reassignments"": 1, ""missed_mandatory"": 2, ""exclusion_violations"": 2, ""reserve_violations"": 3, ""duplicate_work"": 0, ""total_energy_j"": 14940.0, ""unresolved_conflicts"": 0, ""terms"": {""completed_mandatory"": 100.0, ""anomaly_resolved"": 18.0, ""useful_reassignment"": 12.0, ""missed_mandatory"": -30.0, ""exclusion_violation"": -16.0, ""reserve_violation"": -30.0, ""duplicate_work"": -0.0, ""energy"": -0.0747, ""unresolved_conflict"": -0.0}, ""utility"": 53.9253}",utility_v2_frozen_2026-09-28,"{""CONNECTED"": 0.04047619047619048, ""DEGRADED"": 0.24523809523809523, ""PARTITIONED"": 0.7142857142857143, ""ISOLATED"": 0.0, ""RECOVERING"": 0.0}","{""repeat_sonar_scan"": 32, ""enter_exclusion_zone"": 2, ""exceed_return_energy_reserve"": 3, ""hold_station"": 123, ""reassign_another_auv"": 1, ""local_inference"": 1, ""bounded_path_correction"": 613, ""abandon_mandatory_inspection"": 64, ""change_high_level_objective"": 1}","{""repeat_sonar_scan"": {""ALLOW"": 32, ""DENY"": 0, ""DEFER"": 0}, ""enter_exclusion_zone"": {""ALLOW"": 2, ""DENY"": 0, ""DEFER"": 0}, ""exceed_return_energy_reserve"": {""ALLOW"": 3, ""DENY"": 0, ""DEFER"": 0}, ""hold_station"": {""ALLOW"": 109, ""DENY"": 14, ""DEFER"": 0}, ""reassign_another_auv"": {""ALLOW"": 1, ""DENY"": 0, ""DEFER"": 0}, ""local_inference"": {""ALLOW"": 1, ""DENY"": 0, ""DEFER"": 0}, ""bounded_path_correction"": {""ALLOW"": 585, ""DENY"": 28, ""DEFER"": 0}, ""abandon_mandatory_inspection"": {""ALLOW"": 64, ""DENY"": 0, ""DEFER"": 0}, ""change_high_level_objective"": {""ALLOW"": 1, ""DENY"": 0, ""DEFER"": 0}}","{""low"": {""ALLOW"": 727, ""DENY"": 42, ""DEFER"": 0}, ""consequential"": {""ALLOW"": 71, ""DENY"": 0, ""DEFER"": 0}}",aubellhop,False,True,cuda:0
B5_conservative,1000,1000.0,2,tr_0ab8a47a1225_gpu,453535f62df3079f,unknown,0.5,-30.0451,0,0.0,50,0.19157088122605365,0.0,280,0,261,8192,8192,1.0,8180.0,8.192,840.0,485,261,94,355,0,5,True,"[""abandon_mandatory_inspection"", ""reassign_another_auv"", ""exceed_return_energy_reserve"", ""enter_exclusion_zone"", ""change_high_level_objective""]","{""abandon_mandatory_inspection"": {""proposed"": 64, ""ALLOW"": 0, ""DENY"": 50, ""DEFER"": 14}, ""reassign_another_auv"": {""proposed"": 70, ""ALLOW"": 0, ""DENY"": 50, ""DEFER"": 20}, ""exceed_return_energy_reserve"": {""proposed"": 70, ""ALLOW"": 0, ""DENY"": 50, ""DEFER"": 20}, ""enter_exclusion_zone"": {""proposed"": 140, ""ALLOW"": 0, ""DENY"": 100, ""DEFER"": 40}, ""change_high_level_objective"": {""proposed"": 11, ""ALLOW"": 0, ""DENY"": 11, ""DEFER"": 0}}","{""CONNECTED"": {""proposed"": 0, ""ALLOW"": 0.0, ""DENY"": 0.0, ""DEFER"": 0.0, ""fraction_of_consequential"": 0.0}, ""DEGRADED"": {""proposed"": 94, ""ALLOW"": 0.0, ""DENY"": 0.0, ""DEFER"": 1.0, ""fraction_of_consequential"": 0.2647887323943662}, ""PARTITIONED"": {""proposed"": 261, ""ALLOW"": 0.0, ""DENY"": 1.0, ""DEFER"": 0.0, ""fraction_of_consequential"": 0.7352112676056338}, ""ISOLATED"": {""proposed"": 0, ""ALLOW"": 0.0, ""DENY"": 0.0, ""DEFER"": 0.0, ""fraction_of_consequential"": 0.0}, ""RECOVERING"": {""proposed"": 0, ""ALLOW"": 0.0, ""DENY"": 0.0, ""DEFER"": 0.0, ""fraction_of_consequential"": 0.0}}","{""fresh"": {""proposed"": 173, ""ALLOW"": 0, ""DENY"": 79, ""DEFER"": 94, ""fraction_of_consequential"": 0.48732394366197185}, ""aging"": {""proposed"": 46, ""ALLOW"": 0, ""DENY"": 46, ""DEFER"": 0, ""fraction_of_consequential"": 0.1295774647887324}, ""stale"": {""proposed"": 107, ""ALLOW"": 0, ""DENY"": 107, ""DEFER"": 0, ""fraction_of_consequential"": 0.30140845070422534}, ""hard_expired"": {""proposed"": 29, ""ALLOW"": 0, ""DENY"": 29, ""DEFER"": 0, ""fraction_of_consequential"": 0.08169014084507042}}","{""freeze_id"": ""utility_v2_frozen_2026-09-28"", ""completed_mandatory"": 6, ""anomalies_resolved"": 0, ""useful_reassignments"": 0, ""missed_mandatory"": 6, ""exclusion_violations"": 0, ""reserve_violations"": 0, ""duplicate_work"": 0, ""total_energy_j"": 9020.0, ""unresolved_conflicts"": 0, ""terms"": {""completed_mandatory"": 60.0, ""anomaly_resolved"": 0.0, ""useful_reassignment"": 0.0, ""missed_mandatory"": -90.0, ""exclusion_violation"": -0.0, ""reserve_violation"": -0.0, ""duplicate_work"": -0.0, ""energy"": -0.0451, ""unresolved_conflict"": -0.0}, ""utility"": -30.0451}",utility_v2_frozen_2026-09-28,"{""CONNECTED"": 0.04047619047619048, ""DEGRADED"": 0.24523809523809523, ""PARTITIONED"": 0.7142857142857143, ""ISOLATED"": 0.0, ""RECOVERING"": 0.0}","{""repeat_sonar_scan"": 24, ""enter_exclusion_zone"": 140, ""exceed_return_energy_reserve"": 70, ""hold_station"": 70, ""reassign_another_auv"": 70, ""bounded_path_correction"": 391, ""abandon_mandatory_inspection"": 64, ""change_high_level_objective"": 11}","{""repeat_sonar_scan"": {""ALLOW"": 24, ""DENY"": 0, ""DEFER"": 0}, ""enter_exclusion_zone"": {""ALLOW"": 0, ""DENY"": 100, ""DEFER"": 40}, ""exceed_return_energy_reserve"": {""ALLOW"": 0, ""DENY"": 50, ""DEFER"": 20}, ""hold_station"": {""ALLOW"": 70, ""DENY"": 0, ""DEFER"": 0}, ""reassign_another_auv"": {""ALLOW"": 0, ""DENY"": 50, ""DEFER"": 20}, ""bounded_path_correction"": {""ALLOW"": 391, ""DENY"": 0, ""DEFER"": 0}, ""abandon_mandatory_inspection"": {""ALLOW"": 0, ""DENY"": 50, ""DEFER"": 14}, ""change_high_level_objective"": {""ALLOW"": 0, ""DENY"": 11, ""DEFER"": 0}}","{""low"": {""ALLOW"": 485, ""DENY"": 0, ""DEFER"": 0}, ""consequential"": {""ALLOW"": 0, ""DENY"": 261, ""DEFER"": 94}}",aubellhop,False,True,cuda:0
B5_nominal,1000,1000.0,2,tr_0ab8a47a1225_gpu,453535f62df3079f,unknown,0.8333333333333334,-312.0721,51,0.7846153846153846,0,0.0,1.0,6,6,0,8192,8192,1.0,13272.0,8.192,1148.0,768,0,0,65,65,5,True,"[""abandon_mandatory_inspection"", ""reassign_another_auv"", ""exceed_return_energy_reserve"", ""enter_exclusion_zone"", ""change_high_level_objective""]","{""abandon_mandatory_inspection"": {""proposed"": 58, ""ALLOW"": 58, ""DENY"": 0, ""DEFER"": 0}, ""reassign_another_auv"": {""proposed"": 1, ""ALLOW"": 1, ""DENY"": 0, ""DEFER"": 0}, ""exceed_return_energy_reserve"": {""proposed"": 3, ""ALLOW"": 3, ""DENY"": 0, ""DEFER"": 0}, ""enter_exclusion_zone"": {""proposed"": 2, ""ALLOW"": 2, ""DENY"": 0, ""DEFER"": 0}, ""change_high_level_objective"": {""proposed"": 1, ""ALLOW"": 1, ""DENY"": 0, ""DEFER"": 0}}","{""CONNECTED"": {""proposed"": 0, ""ALLOW"": 0.0, ""DENY"": 0.0, ""DEFER"": 0.0, ""fraction_of_consequential"": 0.0}, ""DEGRADED"": {""proposed"": 14, ""ALLOW"": 1.0, ""DENY"": 0.0, ""DEFER"": 0.0, ""fraction_of_consequential"": 0.2153846153846154}, ""PARTITIONED"": {""proposed"": 51, ""ALLOW"": 1.0, ""DENY"": 0.0, ""DEFER"": 0.0, ""fraction_of_consequential"": 0.7846153846153846}, ""ISOLATED"": {""proposed"": 0, ""ALLOW"": 0.0, ""DENY"": 0.0, ""DEFER"": 0.0, ""fraction_of_consequential"": 0.0}, ""RECOVERING"": {""proposed"": 0, ""ALLOW"": 0.0, ""DENY"": 0.0, ""DEFER"": 0.0, ""fraction_of_consequential"": 0.0}}","{""fresh"": {""proposed"": 65, ""ALLOW"": 65, ""DENY"": 0, ""DEFER"": 0, ""fraction_of_consequential"": 1.0}, ""aging"": {""proposed"": 0, ""ALLOW"": 0, ""DENY"": 0, ""DEFER"": 0, ""fraction_of_consequential"": 0.0}, ""stale"": {""proposed"": 0, ""ALLOW"": 0, ""DENY"": 0, ""DEFER"": 0, ""fraction_of_consequential"": 0.0}, ""hard_expired"": {""proposed"": 0, ""ALLOW"": 0, ""DENY"": 0, ""DEFER"": 0, ""fraction_of_consequential"": 0.0}}","{""freeze_id"": ""utility_v2_frozen_2026-09-28"", ""completed_mandatory"": 10, ""anomalies_resolved"": 1, ""useful_reassignments"": 1, ""missed_mandatory"": 2, ""exclusion_violations"": 2, ""reserve_violations"": 3, ""duplicate_work"": 0, ""total_energy_j"": 14420.0, ""unresolved_conflicts"": 61, ""terms"": {""completed_mandatory"": 100.0, ""anomaly_resolved"": 18.0, ""useful_reassignment"": 12.0, ""missed_mandatory"": -30.0, ""exclusion_violation"": -16.0, ""reserve_violation"": -30.0, ""duplicate_work"": -0.0, ""energy"": -0.0721, ""unresolved_conflict"": -366.0}, ""utility"": -312.0721}",utility_v2_frozen_2026-09-28,"{""CONNECTED"": 0.037760416666666664, ""DEGRADED"": 0.18098958333333334, ""PARTITIONED"": 0.78125, ""ISOLATED"": 0.0, ""RECOVERING"": 0.0}","{""repeat_sonar_scan"": 32, ""enter_exclusion_zone"": 2, ""exceed_return_energy_reserve"": 3, ""hold_station"": 111, ""reassign_another_auv"": 1, ""local_inference"": 1, ""bounded_path_correction"": 559, ""abandon_mandatory_inspection"": 58, ""change_high_level_objective"": 1}","{""repeat_sonar_scan"": {""ALLOW"": 32, ""DENY"": 0, ""DEFER"": 0}, ""enter_exclusion_zone"": {""ALLOW"": 2, ""DENY"": 0, ""DEFER"": 0}, ""exceed_return_energy_reserve"": {""ALLOW"": 3, ""DENY"": 0, ""DEFER"": 0}, ""hold_station"": {""ALLOW"": 111, ""DENY"": 0, ""DEFER"": 0}, ""reassign_another_auv"": {""ALLOW"": 1, ""DENY"": 0, ""DEFER"": 0}, ""local_inference"": {""ALLOW"": 1, ""DENY"": 0, ""DEFER"": 0}, ""bounded_path_correction"": {""ALLOW"": 559, ""DENY"": 0, ""DEFER"": 0}, ""abandon_mandatory_inspection"": {""ALLOW"": 58, ""DENY"": 0, ""DEFER"": 0}, ""change_high_level_objective"": {""ALLOW"": 1, ""DENY"": 0, ""DEFER"": 0}}","{""low"": {""ALLOW"": 703, ""DENY"": 0, ""DEFER"": 0}, ""consequential"": {""ALLOW"": 65, ""DENY"": 0, ""DEFER"": 0}}",aubellhop,False,True,cuda:0
B5_permissive,1000,1000.0,2,tr_0ab8a47a1225_gpu,453535f62df3079f,unknown,0.8333333333333334,-312.0721,51,0.7846153846153846,0,0.0,1.0,6,6,0,8192,8192,1.0,13272.0,8.192,1148.0,768,0,0,65,65,5,True,"[""abandon_mandatory_inspection"", ""reassign_another_auv"", ""exceed_return_energy_reserve"", ""enter_exclusion_zone"", ""change_high_level_objective""]","{""abandon_mandatory_inspection"": {""proposed"": 58, ""ALLOW"": 58, ""DENY"": 0, ""DEFER"": 0}, ""reassign_another_auv"": {""proposed"": 1, ""ALLOW"": 1, ""DENY"": 0, ""DEFER"": 0}, ""exceed_return_energy_reserve"": {""proposed"": 3, ""ALLOW"": 3, ""DENY"": 0, ""DEFER"": 0}, ""enter_exclusion_zone"": {""proposed"": 2, ""ALLOW"": 2, ""DENY"": 0, ""DEFER"": 0}, ""change_high_level_objective"": {""proposed"": 1, ""ALLOW"": 1, ""DENY"": 0, ""DEFER"": 0}}","{""CONNECTED"": {""proposed"": 0, ""ALLOW"": 0.0, ""DENY"": 0.0, ""DEFER"": 0.0, ""fraction_of_consequential"": 0.0}, ""DEGRADED"": {""proposed"": 14, ""ALLOW"": 1.0, ""DENY"": 0.0, ""DEFER"": 0.0, ""fraction_of_consequential"": 0.2153846153846154}, ""PARTITIONED"": {""proposed"": 51, ""ALLOW"": 1.0, ""DENY"": 0.0, ""DEFER"": 0.0, ""fraction_of_consequential"": 0.7846153846153846}, ""ISOLATED"": {""proposed"": 0, ""ALLOW"": 0.0, ""DENY"": 0.0, ""DEFER"": 0.0, ""fraction_of_consequential"": 0.0}, ""RECOVERING"": {""proposed"": 0, ""ALLOW"": 0.0, ""DENY"": 0.0, ""DEFER"": 0.0, ""fraction_of_consequential"": 0.0}}","{""fresh"": {""proposed"": 65, ""ALLOW"": 65, ""DENY"": 0, ""DEFER"": 0, ""fraction_of_consequential"": 1.0}, ""aging"": {""proposed"": 0, ""ALLOW"": 0, ""DENY"": 0, ""DEFER"": 0, ""fraction_of_consequential"": 0.0}, ""stale"": {""proposed"": 0, ""ALLOW"": 0, ""DENY"": 0, ""DEFER"": 0, ""fraction_of_consequential"": 0.0}, ""hard_expired"": {""proposed"": 0, ""ALLOW"": 0, ""DENY"": 0, ""DEFER"": 0, ""fraction_of_consequential"": 0.0}}","{""freeze_id"": ""utility_v2_frozen_2026-09-28"", ""completed_mandatory"": 10, ""anomalies_resolved"": 1, ""useful_reassignments"": 1, ""missed_mandatory"": 2, ""exclusion_violations"": 2, ""reserve_violations"": 3, ""duplicate_work"": 0, ""total_energy_j"": 14420.0, ""unresolved_conflicts"": 61, ""terms"": {""completed_mandatory"": 100.0, ""anomaly_resolved"": 18.0, ""useful_reassignment"": 12.0, ""missed_mandatory"": -30.0, ""exclusion_violation"": -16.0, ""reserve_violation"": -30.0, ""duplicate_work"": -0.0, ""energy"": -0.0721, ""unresolved_conflict"": -366.0}, ""utility"": -312.0721}",utility_v2_frozen_2026-09-28,"{""CONNECTED"": 0.037760416666666664, ""DEGRADED"": 0.18098958333333334, ""PARTITIONED"": 0.78125, ""ISOLATED"": 0.0, ""RECOVERING"": 0.0}","{""repeat_sonar_scan"": 32, ""enter_exclusion_zone"": 2, ""exceed_return_energy_reserve"": 3, ""hold_station"": 111, ""reassign_another_auv"": 1, ""local_inference"": 1, ""bounded_path_correction"": 559, ""abandon_mandatory_inspection"": 58, ""change_high_level_objective"": 1}","{""repeat_sonar_scan"": {""ALLOW"": 32, ""DENY"": 0, ""DEFER"": 0}, ""enter_exclusion_zone"": {""ALLOW"": 2, ""DENY"": 0, ""DEFER"": 0}, ""exceed_return_energy_reserve"": {""ALLOW"": 3, ""DENY"": 0, ""DEFER"": 0}, ""hold_station"": {""ALLOW"": 111, ""DENY"": 0, ""DEFER"": 0}, ""reassign_another_auv"": {""ALLOW"": 1, ""DENY"": 0, ""DEFER"": 0}, ""local_inference"": {""ALLOW"": 1, ""DENY"": 0, ""DEFER"": 0}, ""bounded_path_correction"": {""ALLOW"": 559, ""DENY"": 0, ""DEFER"": 0}, ""abandon_mandatory_inspection"": {""ALLOW"": 58, ""DENY"": 0, ""DEFER"": 0}, ""change_high_level_objective"": {""ALLOW"": 1, ""DENY"": 0, ""DEFER"": 0}}","{""low"": {""ALLOW"": 703, ""DENY"": 0, ""DEFER"": 0}, ""consequential"": {""ALLOW"": 65, ""DENY"": 0, ""DEFER"": 0}}",aubellhop,False,True,cuda:0
