run_id,environment_id,seed,context_mode,age_id,baseline,mission_utility,utility_breakdown,completed_mandatory,anomalies_resolved,exclusion_violations,reserve_violations,missed_mandatory
paper_ssp_200m_v1|0|benign_static|fresh_120|B4,paper_ssp_200m_v1,0,benign_static,fresh_120,B4,-43.03705,"{""freeze_id"": ""utility_v2_frozen_2026-09-28"", ""completed_mandatory"": 5, ""anomalies_resolved"": 0, ""useful_reassignments"": 1, ""missed_mandatory"": 7, ""exclusion_violations"": 0, ""reserve_violations"": 0, ""duplicate_work"": 0, ""total_energy_j"": 7410.0, ""unresolved_conflicts"": 0, ""terms"": {""completed_mandatory"": 50.0, ""anomaly_resolved"": 0.0, ""useful_reassignment"": 12.0, ""missed_mandatory"": -105.0, ""exclusion_violation"": -0.0, ""reserve_violation"": -0.0, ""duplicate_work"": -0.0, ""energy"": -0.03705, ""unresolved_conflict"": -0.0}, ""utility"": -43.03705}",5,0,0,0,7
paper_ssp_200m_v1|0|benign_static|fresh_120|B4-NoFreshness,paper_ssp_200m_v1,0,benign_static,fresh_120,B4-NoFreshness,-43.03765,"{""freeze_id"": ""utility_v2_frozen_2026-09-28"", ""completed_mandatory"": 5, ""anomalies_resolved"": 0, ""useful_reassignments"": 1, ""missed_mandatory"": 7, ""exclusion_violations"": 0, ""reserve_violations"": 0, ""duplicate_work"": 0, ""total_energy_j"": 7530.0, ""unresolved_conflicts"": 0, ""terms"": {""completed_mandatory"": 50.0, ""anomaly_resolved"": 0.0, ""useful_reassignment"": 12.0, ""missed_mandatory"": -105.0, ""exclusion_violation"": -0.0, ""reserve_violation"": -0.0, ""duplicate_work"": -0.0, ""energy"": -0.03765, ""unresolved_conflict"": -0.0}, ""utility"": -43.03765}",5,0,0,0,7
paper_ssp_200m_v1|0|target_recovers_age300|fresh_120|B4,paper_ssp_200m_v1,0,target_recovers_age300,fresh_120,B4,-43.03705,"{""freeze_id"": ""utility_v2_frozen_2026-09-28"", ""completed_mandatory"": 5, ""anomalies_resolved"": 0, ""useful_reassignments"": 1, ""missed_mandatory"": 7, ""exclusion_violations"": 0, ""reserve_violations"": 0, ""duplicate_work"": 0, ""total_energy_j"": 7410.0, ""unresolved_conflicts"": 0, ""terms"": {""completed_mandatory"": 50.0, ""anomaly_resolved"": 0.0, ""useful_reassignment"": 12.0, ""missed_mandatory"": -105.0, ""exclusion_violation"": -0.0, ""reserve_violation"": -0.0, ""duplicate_work"": -0.0, ""energy"": -0.03705, ""unresolved_conflict"": -0.0}, ""utility"": -43.03705}",5,0,0,0,7
paper_ssp_200m_v1|0|target_recovers_age300|fresh_120|B4-NoFreshness,paper_ssp_200m_v1,0,target_recovers_age300,fresh_120,B4-NoFreshness,-43.03765,"{""freeze_id"": ""utility_v2_frozen_2026-09-28"", ""completed_mandatory"": 5, ""anomalies_resolved"": 0, ""useful_reassignments"": 1, ""missed_mandatory"": 7, ""exclusion_violations"": 0, ""reserve_violations"": 0, ""duplicate_work"": 0, ""total_energy_j"": 7530.0, ""unresolved_conflicts"": 0, ""terms"": {""completed_mandatory"": 50.0, ""anomaly_resolved"": 0.0, ""useful_reassignment"": 12.0, ""missed_mandatory"": -105.0, ""exclusion_violation"": -0.0, ""reserve_violation"": -0.0, ""duplicate_work"": -0.0, ""energy"": -0.03765, ""unresolved_conflict"": -0.0}, ""utility"": -43.03765}",5,0,0,0,7
paper_ssp_200m_v1|0|benign_static|aging_240|B4,paper_ssp_200m_v1,0,benign_static,aging_240,B4,-55.03705,"{""freeze_id"": ""utility_v2_frozen_2026-09-28"", ""completed_mandatory"": 5, ""anomalies_resolved"": 0, ""useful_reassignments"": 0, ""missed_mandatory"": 7, ""exclusion_violations"": 0, ""reserve_violations"": 0, ""duplicate_work"": 0, ""total_energy_j"": 7410.0, ""unresolved_conflicts"": 0, ""terms"": {""completed_mandatory"": 50.0, ""anomaly_resolved"": 0.0, ""useful_reassignment"": 0.0, ""missed_mandatory"": -105.0, ""exclusion_violation"": -0.0, ""reserve_violation"": -0.0, ""duplicate_work"": -0.0, ""energy"": -0.03705, ""unresolved_conflict"": -0.0}, ""utility"": -55.03705}",5,0,0,0,7
paper_ssp_200m_v1|0|benign_static|aging_240|B4-NoFreshness,paper_ssp_200m_v1,0,benign_static,aging_240,B4-NoFreshness,-43.03765,"{""freeze_id"": ""utility_v2_frozen_2026-09-28"", ""completed_mandatory"": 5, ""anomalies_resolved"": 0, ""useful_reassignments"": 1, ""missed_mandatory"": 7, ""exclusion_violations"": 0, ""reserve_violations"": 0, ""duplicate_work"": 0, ""total_energy_j"": 7530.0, ""unresolved_conflicts"": 0, ""terms"": {""completed_mandatory"": 50.0, ""anomaly_resolved"": 0.0, ""useful_reassignment"": 12.0, ""missed_mandatory"": -105.0, ""exclusion_violation"": -0.0, ""reserve_violation"": -0.0, ""duplicate_work"": -0.0, ""energy"": -0.03765, ""unresolved_conflict"": -0.0}, ""utility"": -43.03765}",5,0,0,0,7
paper_ssp_200m_v1|0|target_recovers_age300|aging_240|B4,paper_ssp_200m_v1,0,target_recovers_age300,aging_240,B4,-55.03705,"{""freeze_id"": ""utility_v2_frozen_2026-09-28"", ""completed_mandatory"": 5, ""anomalies_resolved"": 0, ""useful_reassignments"": 0, ""missed_mandatory"": 7, ""exclusion_violations"": 0, ""reserve_violations"": 0, ""duplicate_work"": 0, ""total_energy_j"": 7410.0, ""unresolved_conflicts"": 0, ""terms"": {""completed_mandatory"": 50.0, ""anomaly_resolved"": 0.0, ""useful_reassignment"": 0.0, ""missed_mandatory"": -105.0, ""exclusion_violation"": -0.0, ""reserve_violation"": -0.0, ""duplicate_work"": -0.0, ""energy"": -0.03705, ""unresolved_conflict"": -0.0}, ""utility"": -55.03705}",5,0,0,0,7
paper_ssp_200m_v1|0|target_recovers_age300|aging_240|B4-NoFreshness,paper_ssp_200m_v1,0,target_recovers_age300,aging_240,B4-NoFreshness,-43.03765,"{""freeze_id"": ""utility_v2_frozen_2026-09-28"", ""completed_mandatory"": 5, ""anomalies_resolved"": 0, ""useful_reassignments"": 1, ""missed_mandatory"": 7, ""exclusion_violations"": 0, ""reserve_violations"": 0, ""duplicate_work"": 0, ""total_energy_j"": 7530.0, ""unresolved_conflicts"": 0, ""terms"": {""completed_mandatory"": 50.0, ""anomaly_resolved"": 0.0, ""useful_reassignment"": 12.0, ""missed_mandatory"": -105.0, ""exclusion_violation"": -0.0, ""reserve_violation"": -0.0, ""duplicate_work"": -0.0, ""energy"": -0.03765, ""unresolved_conflict"": -0.0}, ""utility"": -43.03765}",5,0,0,0,7
paper_ssp_200m_v1|0|benign_static|stale_520|B4,paper_ssp_200m_v1,0,benign_static,stale_520,B4,-55.03705,"{""freeze_id"": ""utility_v2_frozen_2026-09-28"", ""completed_mandatory"": 5, ""anomalies_resolved"": 0, ""useful_reassignments"": 0, ""missed_mandatory"": 7, ""exclusion_violations"": 0, ""reserve_violations"": 0, ""duplicate_work"": 0, ""total_energy_j"": 7410.0, ""unresolved_conflicts"": 0, ""terms"": {""completed_mandatory"": 50.0, ""anomaly_resolved"": 0.0, ""useful_reassignment"": 0.0, ""missed_mandatory"": -105.0, ""exclusion_violation"": -0.0, ""reserve_violation"": -0.0, ""duplicate_work"": -0.0, ""energy"": -0.03705, ""unresolved_conflict"": -0.0}, ""utility"": -55.03705}",5,0,0,0,7
paper_ssp_200m_v1|0|benign_static|stale_520|B4-NoFreshness,paper_ssp_200m_v1,0,benign_static,stale_520,B4-NoFreshness,-43.03765,"{""freeze_id"": ""utility_v2_frozen_2026-09-28"", ""completed_mandatory"": 5, ""anomalies_resolved"": 0, ""useful_reassignments"": 1, ""missed_mandatory"": 7, ""exclusion_violations"": 0, ""reserve_violations"": 0, ""duplicate_work"": 0, ""total_energy_j"": 7530.0, ""unresolved_conflicts"": 0, ""terms"": {""completed_mandatory"": 50.0, ""anomaly_resolved"": 0.0, ""useful_reassignment"": 12.0, ""missed_mandatory"": -105.0, ""exclusion_violation"": -0.0, ""reserve_violation"": -0.0, ""duplicate_work"": -0.0, ""energy"": -0.03765, ""unresolved_conflict"": -0.0}, ""utility"": -43.03765}",5,0,0,0,7
paper_ssp_200m_v1|0|target_recovers_age300|stale_520|B4,paper_ssp_200m_v1,0,target_recovers_age300,stale_520,B4,-55.03705,"{""freeze_id"": ""utility_v2_frozen_2026-09-28"", ""completed_mandatory"": 5, ""anomalies_resolved"": 0, ""useful_reassignments"": 0, ""missed_mandatory"": 7, ""exclusion_violations"": 0, ""reserve_violations"": 0, ""duplicate_work"": 0, ""total_energy_j"": 7410.0, ""unresolved_conflicts"": 0, ""terms"": {""completed_mandatory"": 50.0, ""anomaly_resolved"": 0.0, ""useful_reassignment"": 0.0, ""missed_mandatory"": -105.0, ""exclusion_violation"": -0.0, ""reserve_violation"": -0.0, ""duplicate_work"": -0.0, ""energy"": -0.03705, ""unresolved_conflict"": -0.0}, ""utility"": -55.03705}",5,0,0,0,7
paper_ssp_200m_v1|0|target_recovers_age300|stale_520|B4-NoFreshness,paper_ssp_200m_v1,0,target_recovers_age300,stale_520,B4-NoFreshness,-55.03765,"{""freeze_id"": ""utility_v2_frozen_2026-09-28"", ""completed_mandatory"": 5, ""anomalies_resolved"": 0, ""useful_reassignments"": 0, ""missed_mandatory"": 7, ""exclusion_violations"": 0, ""reserve_violations"": 0, ""duplicate_work"": 0, ""total_energy_j"": 7530.0, ""unresolved_conflicts"": 0, ""terms"": {""completed_mandatory"": 50.0, ""anomaly_resolved"": 0.0, ""useful_reassignment"": 0.0, ""missed_mandatory"": -105.0, ""exclusion_violation"": -0.0, ""reserve_violation"": -0.0, ""duplicate_work"": -0.0, ""energy"": -0.03765, ""unresolved_conflict"": -0.0}, ""utility"": -55.03765}",5,0,0,0,7
paper_ssp_200m_v1|0|benign_static|hard_960|B4,paper_ssp_200m_v1,0,benign_static,hard_960,B4,-55.03705,"{""freeze_id"": ""utility_v2_frozen_2026-09-28"", ""completed_mandatory"": 5, ""anomalies_resolved"": 0, ""useful_reassignments"": 0, ""missed_mandatory"": 7, ""exclusion_violations"": 0, ""reserve_violations"": 0, ""duplicate_work"": 0, ""total_energy_j"": 7410.0, ""unresolved_conflicts"": 0, ""terms"": {""completed_mandatory"": 50.0, ""anomaly_resolved"": 0.0, ""useful_reassignment"": 0.0, ""missed_mandatory"": -105.0, ""exclusion_violation"": -0.0, ""reserve_violation"": -0.0, ""duplicate_work"": -0.0, ""energy"": -0.03705, ""unresolved_conflict"": -0.0}, ""utility"": -55.03705}",5,0,0,0,7
paper_ssp_200m_v1|0|benign_static|hard_960|B4-NoFreshness,paper_ssp_200m_v1,0,benign_static,hard_960,B4-NoFreshness,-43.03765,"{""freeze_id"": ""utility_v2_frozen_2026-09-28"", ""completed_mandatory"": 5, ""anomalies_resolved"": 0, ""useful_reassignments"": 1, ""missed_mandatory"": 7, ""exclusion_violations"": 0, ""reserve_violations"": 0, ""duplicate_work"": 0, ""total_energy_j"": 7530.0, ""unresolved_conflicts"": 0, ""terms"": {""completed_mandatory"": 50.0, ""anomaly_resolved"": 0.0, ""useful_reassignment"": 12.0, ""missed_mandatory"": -105.0, ""exclusion_violation"": -0.0, ""reserve_violation"": -0.0, ""duplicate_work"": -0.0, ""energy"": -0.03765, ""unresolved_conflict"": -0.0}, ""utility"": -43.03765}",5,0,0,0,7
paper_ssp_200m_v1|0|target_recovers_age300|hard_960|B4,paper_ssp_200m_v1,0,target_recovers_age300,hard_960,B4,-55.03705,"{""freeze_id"": ""utility_v2_frozen_2026-09-28"", ""completed_mandatory"": 5, ""anomalies_resolved"": 0, ""useful_reassignments"": 0, ""missed_mandatory"": 7, ""exclusion_violations"": 0, ""reserve_violations"": 0, ""duplicate_work"": 0, ""total_energy_j"": 7410.0, ""unresolved_conflicts"": 0, ""terms"": {""completed_mandatory"": 50.0, ""anomaly_resolved"": 0.0, ""useful_reassignment"": 0.0, ""missed_mandatory"": -105.0, ""exclusion_violation"": -0.0, ""reserve_violation"": -0.0, ""duplicate_work"": -0.0, ""energy"": -0.03705, ""unresolved_conflict"": -0.0}, ""utility"": -55.03705}",5,0,0,0,7
paper_ssp_200m_v1|0|target_recovers_age300|hard_960|B4-NoFreshness,paper_ssp_200m_v1,0,target_recovers_age300,hard_960,B4-NoFreshness,-55.03765,"{""freeze_id"": ""utility_v2_frozen_2026-09-28"", ""completed_mandatory"": 5, ""anomalies_resolved"": 0, ""useful_reassignments"": 0, ""missed_mandatory"": 7, ""exclusion_violations"": 0, ""reserve_violations"": 0, ""duplicate_work"": 0, ""total_energy_j"": 7530.0, ""unresolved_conflicts"": 0, ""terms"": {""completed_mandatory"": 50.0, ""anomaly_resolved"": 0.0, ""useful_reassignment"": 0.0, ""missed_mandatory"": -105.0, ""exclusion_violation"": -0.0, ""reserve_violation"": -0.0, ""duplicate_work"": -0.0, ""energy"": -0.03765, ""unresolved_conflict"": -0.0}, ""utility"": -55.03765}",5,0,0,0,7
paper_ssp_200m_v1|1|benign_static|fresh_120|B4,paper_ssp_200m_v1,1,benign_static,fresh_120,B4,-43.03705,"{""freeze_id"": ""utility_v2_frozen_2026-09-28"", ""completed_mandatory"": 5, ""anomalies_resolved"": 0, ""useful_reassignments"": 1, ""missed_mandatory"": 7, ""exclusion_violations"": 0, ""reserve_violations"": 0, ""duplicate_work"": 0, ""total_energy_j"": 7410.0, ""unresolved_conflicts"": 0, ""terms"": {""completed_mandatory"": 50.0, ""anomaly_resolved"": 0.0, ""useful_reassignment"": 12.0, ""missed_mandatory"": -105.0, ""exclusion_violation"": -0.0, ""reserve_violation"": -0.0, ""duplicate_work"": -0.0, ""energy"": -0.03705, ""unresolved_conflict"": -0.0}, ""utility"": -43.03705}",5,0,0,0,7
paper_ssp_200m_v1|1|benign_static|fresh_120|B4-NoFreshness,paper_ssp_200m_v1,1,benign_static,fresh_120,B4-NoFreshness,-43.03765,"{""freeze_id"": ""utility_v2_frozen_2026-09-28"", ""completed_mandatory"": 5, ""anomalies_resolved"": 0, ""useful_reassignments"": 1, ""missed_mandatory"": 7, ""exclusion_violations"": 0, ""reserve_violations"": 0, ""duplicate_work"": 0, ""total_energy_j"": 7530.0, ""unresolved_conflicts"": 0, ""terms"": {""completed_mandatory"": 50.0, ""anomaly_resolved"": 0.0, ""useful_reassignment"": 12.0, ""missed_mandatory"": -105.0, ""exclusion_violation"": -0.0, ""reserve_violation"": -0.0, ""duplicate_work"": -0.0, ""energy"": -0.03765, ""unresolved_conflict"": -0.0}, ""utility"": -43.03765}",5,0,0,0,7
paper_ssp_200m_v1|1|target_recovers_age300|fresh_120|B4,paper_ssp_200m_v1,1,target_recovers_age300,fresh_120,B4,-43.03705,"{""freeze_id"": ""utility_v2_frozen_2026-09-28"", ""completed_mandatory"": 5, ""anomalies_resolved"": 0, ""useful_reassignments"": 1, ""missed_mandatory"": 7, ""exclusion_violations"": 0, ""reserve_violations"": 0, ""duplicate_work"": 0, ""total_energy_j"": 7410.0, ""unresolved_conflicts"": 0, ""terms"": {""completed_mandatory"": 50.0, ""anomaly_resolved"": 0.0, ""useful_reassignment"": 12.0, ""missed_mandatory"": -105.0, ""exclusion_violation"": -0.0, ""reserve_violation"": -0.0, ""duplicate_work"": -0.0, ""energy"": -0.03705, ""unresolved_conflict"": -0.0}, ""utility"": -43.03705}",5,0,0,0,7
paper_ssp_200m_v1|1|target_recovers_age300|fresh_120|B4-NoFreshness,paper_ssp_200m_v1,1,target_recovers_age300,fresh_120,B4-NoFreshness,-43.03765,"{""freeze_id"": ""utility_v2_frozen_2026-09-28"", ""completed_mandatory"": 5, ""anomalies_resolved"": 0, ""useful_reassignments"": 1, ""missed_mandatory"": 7, ""exclusion_violations"": 0, ""reserve_violations"": 0, ""duplicate_work"": 0, ""total_energy_j"": 7530.0, ""unresolved_conflicts"": 0, ""terms"": {""completed_mandatory"": 50.0, ""anomaly_resolved"": 0.0, ""useful_reassignment"": 12.0, ""missed_mandatory"": -105.0, ""exclusion_violation"": -0.0, ""reserve_violation"": -0.0, ""duplicate_work"": -0.0, ""energy"": -0.03765, ""unresolved_conflict"": -0.0}, ""utility"": -43.03765}",5,0,0,0,7
paper_ssp_200m_v1|1|benign_static|aging_240|B4,paper_ssp_200m_v1,1,benign_static,aging_240,B4,-55.03705,"{""freeze_id"": ""utility_v2_frozen_2026-09-28"", ""completed_mandatory"": 5, ""anomalies_resolved"": 0, ""useful_reassignments"": 0, ""missed_mandatory"": 7, ""exclusion_violations"": 0, ""reserve_violations"": 0, ""duplicate_work"": 0, ""total_energy_j"": 7410.0, ""unresolved_conflicts"": 0, ""terms"": {""completed_mandatory"": 50.0, ""anomaly_resolved"": 0.0, ""useful_reassignment"": 0.0, ""missed_mandatory"": -105.0, ""exclusion_violation"": -0.0, ""reserve_violation"": -0.0, ""duplicate_work"": -0.0, ""energy"": -0.03705, ""unresolved_conflict"": -0.0}, ""utility"": -55.03705}",5,0,0,0,7
paper_ssp_200m_v1|1|benign_static|aging_240|B4-NoFreshness,paper_ssp_200m_v1,1,benign_static,aging_240,B4-NoFreshness,-43.03765,"{""freeze_id"": ""utility_v2_frozen_2026-09-28"", ""completed_mandatory"": 5, ""anomalies_resolved"": 0, ""useful_reassignments"": 1, ""missed_mandatory"": 7, ""exclusion_violations"": 0, ""reserve_violations"": 0, ""duplicate_work"": 0, ""total_energy_j"": 7530.0, ""unresolved_conflicts"": 0, ""terms"": {""completed_mandatory"": 50.0, ""anomaly_resolved"": 0.0, ""useful_reassignment"": 12.0, ""missed_mandatory"": -105.0, ""exclusion_violation"": -0.0, ""reserve_violation"": -0.0, ""duplicate_work"": -0.0, ""energy"": -0.03765, ""unresolved_conflict"": -0.0}, ""utility"": -43.03765}",5,0,0,0,7
paper_ssp_200m_v1|1|target_recovers_age300|aging_240|B4,paper_ssp_200m_v1,1,target_recovers_age300,aging_240,B4,-55.03705,"{""freeze_id"": ""utility_v2_frozen_2026-09-28"", ""completed_mandatory"": 5, ""anomalies_resolved"": 0, ""useful_reassignments"": 0, ""missed_mandatory"": 7, ""exclusion_violations"": 0, ""reserve_violations"": 0, ""duplicate_work"": 0, ""total_energy_j"": 7410.0, ""unresolved_conflicts"": 0, ""terms"": {""completed_mandatory"": 50.0, ""anomaly_resolved"": 0.0, ""useful_reassignment"": 0.0, ""missed_mandatory"": -105.0, ""exclusion_violation"": -0.0, ""reserve_violation"": -0.0, ""duplicate_work"": -0.0, ""energy"": -0.03705, ""unresolved_conflict"": -0.0}, ""utility"": -55.03705}",5,0,0,0,7
paper_ssp_200m_v1|1|target_recovers_age300|aging_240|B4-NoFreshness,paper_ssp_200m_v1,1,target_recovers_age300,aging_240,B4-NoFreshness,-43.03765,"{""freeze_id"": ""utility_v2_frozen_2026-09-28"", ""completed_mandatory"": 5, ""anomalies_resolved"": 0, ""useful_reassignments"": 1, ""missed_mandatory"": 7, ""exclusion_violations"": 0, ""reserve_violations"": 0, ""duplicate_work"": 0, ""total_energy_j"": 7530.0, ""unresolved_conflicts"": 0, ""terms"": {""completed_mandatory"": 50.0, ""anomaly_resolved"": 0.0, ""useful_reassignment"": 12.0, ""missed_mandatory"": -105.0, ""exclusion_violation"": -0.0, ""reserve_violation"": -0.0, ""duplicate_work"": -0.0, ""energy"": -0.03765, ""unresolved_conflict"": -0.0}, ""utility"": -43.03765}",5,0,0,0,7
paper_ssp_200m_v1|1|benign_static|stale_520|B4,paper_ssp_200m_v1,1,benign_static,stale_520,B4,-55.03705,"{""freeze_id"": ""utility_v2_frozen_2026-09-28"", ""completed_mandatory"": 5, ""anomalies_resolved"": 0, ""useful_reassignments"": 0, ""missed_mandatory"": 7, ""exclusion_violations"": 0, ""reserve_violations"": 0, ""duplicate_work"": 0, ""total_energy_j"": 7410.0, ""unresolved_conflicts"": 0, ""terms"": {""completed_mandatory"": 50.0, ""anomaly_resolved"": 0.0, ""useful_reassignment"": 0.0, ""missed_mandatory"": -105.0, ""exclusion_violation"": -0.0, ""reserve_violation"": -0.0, ""duplicate_work"": -0.0, ""energy"": -0.03705, ""unresolved_conflict"": -0.0}, ""utility"": -55.03705}",5,0,0,0,7
paper_ssp_200m_v1|1|benign_static|stale_520|B4-NoFreshness,paper_ssp_200m_v1,1,benign_static,stale_520,B4-NoFreshness,-43.03765,"{""freeze_id"": ""utility_v2_frozen_2026-09-28"", ""completed_mandatory"": 5, ""anomalies_resolved"": 0, ""useful_reassignments"": 1, ""missed_mandatory"": 7, ""exclusion_violations"": 0, ""reserve_violations"": 0, ""duplicate_work"": 0, ""total_energy_j"": 7530.0, ""unresolved_conflicts"": 0, ""terms"": {""completed_mandatory"": 50.0, ""anomaly_resolved"": 0.0, ""useful_reassignment"": 12.0, ""missed_mandatory"": -105.0, ""exclusion_violation"": -0.0, ""reserve_violation"": -0.0, ""duplicate_work"": -0.0, ""energy"": -0.03765, ""unresolved_conflict"": -0.0}, ""utility"": -43.03765}",5,0,0,0,7
paper_ssp_200m_v1|1|target_recovers_age300|stale_520|B4,paper_ssp_200m_v1,1,target_recovers_age300,stale_520,B4,-55.03705,"{""freeze_id"": ""utility_v2_frozen_2026-09-28"", ""completed_mandatory"": 5, ""anomalies_resolved"": 0, ""useful_reassignments"": 0, ""missed_mandatory"": 7, ""exclusion_violations"": 0, ""reserve_violations"": 0, ""duplicate_work"": 0, ""total_energy_j"": 7410.0, ""unresolved_conflicts"": 0, ""terms"": {""completed_mandatory"": 50.0, ""anomaly_resolved"": 0.0, ""useful_reassignment"": 0.0, ""missed_mandatory"": -105.0, ""exclusion_violation"": -0.0, ""reserve_violation"": -0.0, ""duplicate_work"": -0.0, ""energy"": -0.03705, ""unresolved_conflict"": -0.0}, ""utility"": -55.03705}",5,0,0,0,7
paper_ssp_200m_v1|1|target_recovers_age300|stale_520|B4-NoFreshness,paper_ssp_200m_v1,1,target_recovers_age300,stale_520,B4-NoFreshness,-55.03765,"{""freeze_id"": ""utility_v2_frozen_2026-09-28"", ""completed_mandatory"": 5, ""anomalies_resolved"": 0, ""useful_reassignments"": 0, ""missed_mandatory"": 7, ""exclusion_violations"": 0, ""reserve_violations"": 0, ""duplicate_work"": 0, ""total_energy_j"": 7530.0, ""unresolved_conflicts"": 0, ""terms"": {""completed_mandatory"": 50.0, ""anomaly_resolved"": 0.0, ""useful_reassignment"": 0.0, ""missed_mandatory"": -105.0, ""exclusion_violation"": -0.0, ""reserve_violation"": -0.0, ""duplicate_work"": -0.0, ""energy"": -0.03765, ""unresolved_conflict"": -0.0}, ""utility"": -55.03765}",5,0,0,0,7
paper_ssp_200m_v1|1|benign_static|hard_960|B4,paper_ssp_200m_v1,1,benign_static,hard_960,B4,-55.03705,"{""freeze_id"": ""utility_v2_frozen_2026-09-28"", ""completed_mandatory"": 5, ""anomalies_resolved"": 0, ""useful_reassignments"": 0, ""missed_mandatory"": 7, ""exclusion_violations"": 0, ""reserve_violations"": 0, ""duplicate_work"": 0, ""total_energy_j"": 7410.0, ""unresolved_conflicts"": 0, ""terms"": {""completed_mandatory"": 50.0, ""anomaly_resolved"": 0.0, ""useful_reassignment"": 0.0, ""missed_mandatory"": -105.0, ""exclusion_violation"": -0.0, ""reserve_violation"": -0.0, ""duplicate_work"": -0.0, ""energy"": -0.03705, ""unresolved_conflict"": -0.0}, ""utility"": -55.03705}",5,0,0,0,7
paper_ssp_200m_v1|1|benign_static|hard_960|B4-NoFreshness,paper_ssp_200m_v1,1,benign_static,hard_960,B4-NoFreshness,-43.03765,"{""freeze_id"": ""utility_v2_frozen_2026-09-28"", ""completed_mandatory"": 5, ""anomalies_resolved"": 0, ""useful_reassignments"": 1, ""missed_mandatory"": 7, ""exclusion_violations"": 0, ""reserve_violations"": 0, ""duplicate_work"": 0, ""total_energy_j"": 7530.0, ""unresolved_conflicts"": 0, ""terms"": {""completed_mandatory"": 50.0, ""anomaly_resolved"": 0.0, ""useful_reassignment"": 12.0, ""missed_mandatory"": -105.0, ""exclusion_violation"": -0.0, ""reserve_violation"": -0.0, ""duplicate_work"": -0.0, ""energy"": -0.03765, ""unresolved_conflict"": -0.0}, ""utility"": -43.03765}",5,0,0,0,7
paper_ssp_200m_v1|1|target_recovers_age300|hard_960|B4,paper_ssp_200m_v1,1,target_recovers_age300,hard_960,B4,-55.03705,"{""freeze_id"": ""utility_v2_frozen_2026-09-28"", ""completed_mandatory"": 5, ""anomalies_resolved"": 0, ""useful_reassignments"": 0, ""missed_mandatory"": 7, ""exclusion_violations"": 0, ""reserve_violations"": 0, ""duplicate_work"": 0, ""total_energy_j"": 7410.0, ""unresolved_conflicts"": 0, ""terms"": {""completed_mandatory"": 50.0, ""anomaly_resolved"": 0.0, ""useful_reassignment"": 0.0, ""missed_mandatory"": -105.0, ""exclusion_violation"": -0.0, ""reserve_violation"": -0.0, ""duplicate_work"": -0.0, ""energy"": -0.03705, ""unresolved_conflict"": -0.0}, ""utility"": -55.03705}",5,0,0,0,7
paper_ssp_200m_v1|1|target_recovers_age300|hard_960|B4-NoFreshness,paper_ssp_200m_v1,1,target_recovers_age300,hard_960,B4-NoFreshness,-55.03765,"{""freeze_id"": ""utility_v2_frozen_2026-09-28"", ""completed_mandatory"": 5, ""anomalies_resolved"": 0, ""useful_reassignments"": 0, ""missed_mandatory"": 7, ""exclusion_violations"": 0, ""reserve_violations"": 0, ""duplicate_work"": 0, ""total_energy_j"": 7530.0, ""unresolved_conflicts"": 0, ""terms"": {""completed_mandatory"": 50.0, ""anomaly_resolved"": 0.0, ""useful_reassignment"": 0.0, ""missed_mandatory"": -105.0, ""exclusion_violation"": -0.0, ""reserve_violation"": -0.0, ""duplicate_work"": -0.0, ""energy"": -0.03765, ""unresolved_conflict"": -0.0}, ""utility"": -55.03765}",5,0,0,0,7
paper_ssp_200m_v1|2|benign_static|fresh_120|B4,paper_ssp_200m_v1,2,benign_static,fresh_120,B4,-43.03705,"{""freeze_id"": ""utility_v2_frozen_2026-09-28"", ""completed_mandatory"": 5, ""anomalies_resolved"": 0, ""useful_reassignments"": 1, ""missed_mandatory"": 7, ""exclusion_violations"": 0, ""reserve_violations"": 0, ""duplicate_work"": 0, ""total_energy_j"": 7410.0, ""unresolved_conflicts"": 0, ""terms"": {""completed_mandatory"": 50.0, ""anomaly_resolved"": 0.0, ""useful_reassignment"": 12.0, ""missed_mandatory"": -105.0, ""exclusion_violation"": -0.0, ""reserve_violation"": -0.0, ""duplicate_work"": -0.0, ""energy"": -0.03705, ""unresolved_conflict"": -0.0}, ""utility"": -43.03705}",5,0,0,0,7
paper_ssp_200m_v1|2|benign_static|fresh_120|B4-NoFreshness,paper_ssp_200m_v1,2,benign_static,fresh_120,B4-NoFreshness,-43.03765,"{""freeze_id"": ""utility_v2_frozen_2026-09-28"", ""completed_mandatory"": 5, ""anomalies_resolved"": 0, ""useful_reassignments"": 1, ""missed_mandatory"": 7, ""exclusion_violations"": 0, ""reserve_violations"": 0, ""duplicate_work"": 0, ""total_energy_j"": 7530.0, ""unresolved_conflicts"": 0, ""terms"": {""completed_mandatory"": 50.0, ""anomaly_resolved"": 0.0, ""useful_reassignment"": 12.0, ""missed_mandatory"": -105.0, ""exclusion_violation"": -0.0, ""reserve_violation"": -0.0, ""duplicate_work"": -0.0, ""energy"": -0.03765, ""unresolved_conflict"": -0.0}, ""utility"": -43.03765}",5,0,0,0,7
paper_ssp_200m_v1|2|target_recovers_age300|fresh_120|B4,paper_ssp_200m_v1,2,target_recovers_age300,fresh_120,B4,-43.03705,"{""freeze_id"": ""utility_v2_frozen_2026-09-28"", ""completed_mandatory"": 5, ""anomalies_resolved"": 0, ""useful_reassignments"": 1, ""missed_mandatory"": 7, ""exclusion_violations"": 0, ""reserve_violations"": 0, ""duplicate_work"": 0, ""total_energy_j"": 7410.0, ""unresolved_conflicts"": 0, ""terms"": {""completed_mandatory"": 50.0, ""anomaly_resolved"": 0.0, ""useful_reassignment"": 12.0, ""missed_mandatory"": -105.0, ""exclusion_violation"": -0.0, ""reserve_violation"": -0.0, ""duplicate_work"": -0.0, ""energy"": -0.03705, ""unresolved_conflict"": -0.0}, ""utility"": -43.03705}",5,0,0,0,7
paper_ssp_200m_v1|2|target_recovers_age300|fresh_120|B4-NoFreshness,paper_ssp_200m_v1,2,target_recovers_age300,fresh_120,B4-NoFreshness,-43.03765,"{""freeze_id"": ""utility_v2_frozen_2026-09-28"", ""completed_mandatory"": 5, ""anomalies_resolved"": 0, ""useful_reassignments"": 1, ""missed_mandatory"": 7, ""exclusion_violations"": 0, ""reserve_violations"": 0, ""duplicate_work"": 0, ""total_energy_j"": 7530.0, ""unresolved_conflicts"": 0, ""terms"": {""completed_mandatory"": 50.0, ""anomaly_resolved"": 0.0, ""useful_reassignment"": 12.0, ""missed_mandatory"": -105.0, ""exclusion_violation"": -0.0, ""reserve_violation"": -0.0, ""duplicate_work"": -0.0, ""energy"": -0.03765, ""unresolved_conflict"": -0.0}, ""utility"": -43.03765}",5,0,0,0,7
paper_ssp_200m_v1|2|benign_static|aging_240|B4,paper_ssp_200m_v1,2,benign_static,aging_240,B4,-55.03705,"{""freeze_id"": ""utility_v2_frozen_2026-09-28"", ""completed_mandatory"": 5, ""anomalies_resolved"": 0, ""useful_reassignments"": 0, ""missed_mandatory"": 7, ""exclusion_violations"": 0, ""reserve_violations"": 0, ""duplicate_work"": 0, ""total_energy_j"": 7410.0, ""unresolved_conflicts"": 0, ""terms"": {""completed_mandatory"": 50.0, ""anomaly_resolved"": 0.0, ""useful_reassignment"": 0.0, ""missed_mandatory"": -105.0, ""exclusion_violation"": -0.0, ""reserve_violation"": -0.0, ""duplicate_work"": -0.0, ""energy"": -0.03705, ""unresolved_conflict"": -0.0}, ""utility"": -55.03705}",5,0,0,0,7
paper_ssp_200m_v1|2|benign_static|aging_240|B4-NoFreshness,paper_ssp_200m_v1,2,benign_static,aging_240,B4-NoFreshness,-43.03765,"{""freeze_id"": ""utility_v2_frozen_2026-09-28"", ""completed_mandatory"": 5, ""anomalies_resolved"": 0, ""useful_reassignments"": 1, ""missed_mandatory"": 7, ""exclusion_violations"": 0, ""reserve_violations"": 0, ""duplicate_work"": 0, ""total_energy_j"": 7530.0, ""unresolved_conflicts"": 0, ""terms"": {""completed_mandatory"": 50.0, ""anomaly_resolved"": 0.0, ""useful_reassignment"": 12.0, ""missed_mandatory"": -105.0, ""exclusion_violation"": -0.0, ""reserve_violation"": -0.0, ""duplicate_work"": -0.0, ""energy"": -0.03765, ""unresolved_conflict"": -0.0}, ""utility"": -43.03765}",5,0,0,0,7
paper_ssp_200m_v1|2|target_recovers_age300|aging_240|B4,paper_ssp_200m_v1,2,target_recovers_age300,aging_240,B4,-55.03705,"{""freeze_id"": ""utility_v2_frozen_2026-09-28"", ""completed_mandatory"": 5, ""anomalies_resolved"": 0, ""useful_reassignments"": 0, ""missed_mandatory"": 7, ""exclusion_violations"": 0, ""reserve_violations"": 0, ""duplicate_work"": 0, ""total_energy_j"": 7410.0, ""unresolved_conflicts"": 0, ""terms"": {""completed_mandatory"": 50.0, ""anomaly_resolved"": 0.0, ""useful_reassignment"": 0.0, ""missed_mandatory"": -105.0, ""exclusion_violation"": -0.0, ""reserve_violation"": -0.0, ""duplicate_work"": -0.0, ""energy"": -0.03705, ""unresolved_conflict"": -0.0}, ""utility"": -55.03705}",5,0,0,0,7
paper_ssp_200m_v1|2|target_recovers_age300|aging_240|B4-NoFreshness,paper_ssp_200m_v1,2,target_recovers_age300,aging_240,B4-NoFreshness,-43.03765,"{""freeze_id"": ""utility_v2_frozen_2026-09-28"", ""completed_mandatory"": 5, ""anomalies_resolved"": 0, ""useful_reassignments"": 1, ""missed_mandatory"": 7, ""exclusion_violations"": 0, ""reserve_violations"": 0, ""duplicate_work"": 0, ""total_energy_j"": 7530.0, ""unresolved_conflicts"": 0, ""terms"": {""completed_mandatory"": 50.0, ""anomaly_resolved"": 0.0, ""useful_reassignment"": 12.0, ""missed_mandatory"": -105.0, ""exclusion_violation"": -0.0, ""reserve_violation"": -0.0, ""duplicate_work"": -0.0, ""energy"": -0.03765, ""unresolved_conflict"": -0.0}, ""utility"": -43.03765}",5,0,0,0,7
paper_ssp_200m_v1|2|benign_static|stale_520|B4,paper_ssp_200m_v1,2,benign_static,stale_520,B4,-55.03705,"{""freeze_id"": ""utility_v2_frozen_2026-09-28"", ""completed_mandatory"": 5, ""anomalies_resolved"": 0, ""useful_reassignments"": 0, ""missed_mandatory"": 7, ""exclusion_violations"": 0, ""reserve_violations"": 0, ""duplicate_work"": 0, ""total_energy_j"": 7410.0, ""unresolved_conflicts"": 0, ""terms"": {""completed_mandatory"": 50.0, ""anomaly_resolved"": 0.0, ""useful_reassignment"": 0.0, ""missed_mandatory"": -105.0, ""exclusion_violation"": -0.0, ""reserve_violation"": -0.0, ""duplicate_work"": -0.0, ""energy"": -0.03705, ""unresolved_conflict"": -0.0}, ""utility"": -55.03705}",5,0,0,0,7
paper_ssp_200m_v1|2|benign_static|stale_520|B4-NoFreshness,paper_ssp_200m_v1,2,benign_static,stale_520,B4-NoFreshness,-43.03765,"{""freeze_id"": ""utility_v2_frozen_2026-09-28"", ""completed_mandatory"": 5, ""anomalies_resolved"": 0, ""useful_reassignments"": 1, ""missed_mandatory"": 7, ""exclusion_violations"": 0, ""reserve_violations"": 0, ""duplicate_work"": 0, ""total_energy_j"": 7530.0, ""unresolved_conflicts"": 0, ""terms"": {""completed_mandatory"": 50.0, ""anomaly_resolved"": 0.0, ""useful_reassignment"": 12.0, ""missed_mandatory"": -105.0, ""exclusion_violation"": -0.0, ""reserve_violation"": -0.0, ""duplicate_work"": -0.0, ""energy"": -0.03765, ""unresolved_conflict"": -0.0}, ""utility"": -43.03765}",5,0,0,0,7
paper_ssp_200m_v1|2|target_recovers_age300|stale_520|B4,paper_ssp_200m_v1,2,target_recovers_age300,stale_520,B4,-55.03705,"{""freeze_id"": ""utility_v2_frozen_2026-09-28"", ""completed_mandatory"": 5, ""anomalies_resolved"": 0, ""useful_reassignments"": 0, ""missed_mandatory"": 7, ""exclusion_violations"": 0, ""reserve_violations"": 0, ""duplicate_work"": 0, ""total_energy_j"": 7410.0, ""unresolved_conflicts"": 0, ""terms"": {""completed_mandatory"": 50.0, ""anomaly_resolved"": 0.0, ""useful_reassignment"": 0.0, ""missed_mandatory"": -105.0, ""exclusion_violation"": -0.0, ""reserve_violation"": -0.0, ""duplicate_work"": -0.0, ""energy"": -0.03705, ""unresolved_conflict"": -0.0}, ""utility"": -55.03705}",5,0,0,0,7
paper_ssp_200m_v1|2|target_recovers_age300|stale_520|B4-NoFreshness,paper_ssp_200m_v1,2,target_recovers_age300,stale_520,B4-NoFreshness,-55.03765,"{""freeze_id"": ""utility_v2_frozen_2026-09-28"", ""completed_mandatory"": 5, ""anomalies_resolved"": 0, ""useful_reassignments"": 0, ""missed_mandatory"": 7, ""exclusion_violations"": 0, ""reserve_violations"": 0, ""duplicate_work"": 0, ""total_energy_j"": 7530.0, ""unresolved_conflicts"": 0, ""terms"": {""completed_mandatory"": 50.0, ""anomaly_resolved"": 0.0, ""useful_reassignment"": 0.0, ""missed_mandatory"": -105.0, ""exclusion_violation"": -0.0, ""reserve_violation"": -0.0, ""duplicate_work"": -0.0, ""energy"": -0.03765, ""unresolved_conflict"": -0.0}, ""utility"": -55.03765}",5,0,0,0,7
paper_ssp_200m_v1|2|benign_static|hard_960|B4,paper_ssp_200m_v1,2,benign_static,hard_960,B4,-55.03705,"{""freeze_id"": ""utility_v2_frozen_2026-09-28"", ""completed_mandatory"": 5, ""anomalies_resolved"": 0, ""useful_reassignments"": 0, ""missed_mandatory"": 7, ""exclusion_violations"": 0, ""reserve_violations"": 0, ""duplicate_work"": 0, ""total_energy_j"": 7410.0, ""unresolved_conflicts"": 0, ""terms"": {""completed_mandatory"": 50.0, ""anomaly_resolved"": 0.0, ""useful_reassignment"": 0.0, ""missed_mandatory"": -105.0, ""exclusion_violation"": -0.0, ""reserve_violation"": -0.0, ""duplicate_work"": -0.0, ""energy"": -0.03705, ""unresolved_conflict"": -0.0}, ""utility"": -55.03705}",5,0,0,0,7
paper_ssp_200m_v1|2|benign_static|hard_960|B4-NoFreshness,paper_ssp_200m_v1,2,benign_static,hard_960,B4-NoFreshness,-43.03765,"{""freeze_id"": ""utility_v2_frozen_2026-09-28"", ""completed_mandatory"": 5, ""anomalies_resolved"": 0, ""useful_reassignments"": 1, ""missed_mandatory"": 7, ""exclusion_violations"": 0, ""reserve_violations"": 0, ""duplicate_work"": 0, ""total_energy_j"": 7530.0, ""unresolved_conflicts"": 0, ""terms"": {""completed_mandatory"": 50.0, ""anomaly_resolved"": 0.0, ""useful_reassignment"": 12.0, ""missed_mandatory"": -105.0, ""exclusion_violation"": -0.0, ""reserve_violation"": -0.0, ""duplicate_work"": -0.0, ""energy"": -0.03765, ""unresolved_conflict"": -0.0}, ""utility"": -43.03765}",5,0,0,0,7
paper_ssp_200m_v1|2|target_recovers_age300|hard_960|B4,paper_ssp_200m_v1,2,target_recovers_age300,hard_960,B4,-55.03705,"{""freeze_id"": ""utility_v2_frozen_2026-09-28"", ""completed_mandatory"": 5, ""anomalies_resolved"": 0, ""useful_reassignments"": 0, ""missed_mandatory"": 7, ""exclusion_violations"": 0, ""reserve_violations"": 0, ""duplicate_work"": 0, ""total_energy_j"": 7410.0, ""unresolved_conflicts"": 0, ""terms"": {""completed_mandatory"": 50.0, ""anomaly_resolved"": 0.0, ""useful_reassignment"": 0.0, ""missed_mandatory"": -105.0, ""exclusion_violation"": -0.0, ""reserve_violation"": -0.0, ""duplicate_work"": -0.0, ""energy"": -0.03705, ""unresolved_conflict"": -0.0}, ""utility"": -55.03705}",5,0,0,0,7
paper_ssp_200m_v1|2|target_recovers_age300|hard_960|B4-NoFreshness,paper_ssp_200m_v1,2,target_recovers_age300,hard_960,B4-NoFreshness,-55.03765,"{""freeze_id"": ""utility_v2_frozen_2026-09-28"", ""completed_mandatory"": 5, ""anomalies_resolved"": 0, ""useful_reassignments"": 0, ""missed_mandatory"": 7, ""exclusion_violations"": 0, ""reserve_violations"": 0, ""duplicate_work"": 0, ""total_energy_j"": 7530.0, ""unresolved_conflicts"": 0, ""terms"": {""completed_mandatory"": 50.0, ""anomaly_resolved"": 0.0, ""useful_reassignment"": 0.0, ""missed_mandatory"": -105.0, ""exclusion_violation"": -0.0, ""reserve_violation"": -0.0, ""duplicate_work"": -0.0, ""energy"": -0.03765, ""unresolved_conflict"": -0.0}, ""utility"": -55.03765}",5,0,0,0,7
paper_ssp_200m_v1|3|benign_static|fresh_120|B4,paper_ssp_200m_v1,3,benign_static,fresh_120,B4,-43.03705,"{""freeze_id"": ""utility_v2_frozen_2026-09-28"", ""completed_mandatory"": 5, ""anomalies_resolved"": 0, ""useful_reassignments"": 1, ""missed_mandatory"": 7, ""exclusion_violations"": 0, ""reserve_violations"": 0, ""duplicate_work"": 0, ""total_energy_j"": 7410.0, ""unresolved_conflicts"": 0, ""terms"": {""completed_mandatory"": 50.0, ""anomaly_resolved"": 0.0, ""useful_reassignment"": 12.0, ""missed_mandatory"": -105.0, ""exclusion_violation"": -0.0, ""reserve_violation"": -0.0, ""duplicate_work"": -0.0, ""energy"": -0.03705, ""unresolved_conflict"": -0.0}, ""utility"": -43.03705}",5,0,0,0,7
paper_ssp_200m_v1|3|benign_static|fresh_120|B4-NoFreshness,paper_ssp_200m_v1,3,benign_static,fresh_120,B4-NoFreshness,-43.03765,"{""freeze_id"": ""utility_v2_frozen_2026-09-28"", ""completed_mandatory"": 5, ""anomalies_resolved"": 0, ""useful_reassignments"": 1, ""missed_mandatory"": 7, ""exclusion_violations"": 0, ""reserve_violations"": 0, ""duplicate_work"": 0, ""total_energy_j"": 7530.0, ""unresolved_conflicts"": 0, ""terms"": {""completed_mandatory"": 50.0, ""anomaly_resolved"": 0.0, ""useful_reassignment"": 12.0, ""missed_mandatory"": -105.0, ""exclusion_violation"": -0.0, ""reserve_violation"": -0.0, ""duplicate_work"": -0.0, ""energy"": -0.03765, ""unresolved_conflict"": -0.0}, ""utility"": -43.03765}",5,0,0,0,7
paper_ssp_200m_v1|3|target_recovers_age300|fresh_120|B4,paper_ssp_200m_v1,3,target_recovers_age300,fresh_120,B4,-43.03705,"{""freeze_id"": ""utility_v2_frozen_2026-09-28"", ""completed_mandatory"": 5, ""anomalies_resolved"": 0, ""useful_reassignments"": 1, ""missed_mandatory"": 7, ""exclusion_violations"": 0, ""reserve_violations"": 0, ""duplicate_work"": 0, ""total_energy_j"": 7410.0, ""unresolved_conflicts"": 0, ""terms"": {""completed_mandatory"": 50.0, ""anomaly_resolved"": 0.0, ""useful_reassignment"": 12.0, ""missed_mandatory"": -105.0, ""exclusion_violation"": -0.0, ""reserve_violation"": -0.0, ""duplicate_work"": -0.0, ""energy"": -0.03705, ""unresolved_conflict"": -0.0}, ""utility"": -43.03705}",5,0,0,0,7
paper_ssp_200m_v1|3|target_recovers_age300|fresh_120|B4-NoFreshness,paper_ssp_200m_v1,3,target_recovers_age300,fresh_120,B4-NoFreshness,-43.03765,"{""freeze_id"": ""utility_v2_frozen_2026-09-28"", ""completed_mandatory"": 5, ""anomalies_resolved"": 0, ""useful_reassignments"": 1, ""missed_mandatory"": 7, ""exclusion_violations"": 0, ""reserve_violations"": 0, ""duplicate_work"": 0, ""total_energy_j"": 7530.0, ""unresolved_conflicts"": 0, ""terms"": {""completed_mandatory"": 50.0, ""anomaly_resolved"": 0.0, ""useful_reassignment"": 12.0, ""missed_mandatory"": -105.0, ""exclusion_violation"": -0.0, ""reserve_violation"": -0.0, ""duplicate_work"": -0.0, ""energy"": -0.03765, ""unresolved_conflict"": -0.0}, ""utility"": -43.03765}",5,0,0,0,7
paper_ssp_200m_v1|3|benign_static|aging_240|B4,paper_ssp_200m_v1,3,benign_static,aging_240,B4,-55.03705,"{""freeze_id"": ""utility_v2_frozen_2026-09-28"", ""completed_mandatory"": 5, ""anomalies_resolved"": 0, ""useful_reassignments"": 0, ""missed_mandatory"": 7, ""exclusion_violations"": 0, ""reserve_violations"": 0, ""duplicate_work"": 0, ""total_energy_j"": 7410.0, ""unresolved_conflicts"": 0, ""terms"": {""completed_mandatory"": 50.0, ""anomaly_resolved"": 0.0, ""useful_reassignment"": 0.0, ""missed_mandatory"": -105.0, ""exclusion_violation"": -0.0, ""reserve_violation"": -0.0, ""duplicate_work"": -0.0, ""energy"": -0.03705, ""unresolved_conflict"": -0.0}, ""utility"": -55.03705}",5,0,0,0,7
paper_ssp_200m_v1|3|benign_static|aging_240|B4-NoFreshness,paper_ssp_200m_v1,3,benign_static,aging_240,B4-NoFreshness,-43.03765,"{""freeze_id"": ""utility_v2_frozen_2026-09-28"", ""completed_mandatory"": 5, ""anomalies_resolved"": 0, ""useful_reassignments"": 1, ""missed_mandatory"": 7, ""exclusion_violations"": 0, ""reserve_violations"": 0, ""duplicate_work"": 0, ""total_energy_j"": 7530.0, ""unresolved_conflicts"": 0, ""terms"": {""completed_mandatory"": 50.0, ""anomaly_resolved"": 0.0, ""useful_reassignment"": 12.0, ""missed_mandatory"": -105.0, ""exclusion_violation"": -0.0, ""reserve_violation"": -0.0, ""duplicate_work"": -0.0, ""energy"": -0.03765, ""unresolved_conflict"": -0.0}, ""utility"": -43.03765}",5,0,0,0,7
paper_ssp_200m_v1|3|target_recovers_age300|aging_240|B4,paper_ssp_200m_v1,3,target_recovers_age300,aging_240,B4,-55.03705,"{""freeze_id"": ""utility_v2_frozen_2026-09-28"", ""completed_mandatory"": 5, ""anomalies_resolved"": 0, ""useful_reassignments"": 0, ""missed_mandatory"": 7, ""exclusion_violations"": 0, ""reserve_violations"": 0, ""duplicate_work"": 0, ""total_energy_j"": 7410.0, ""unresolved_conflicts"": 0, ""terms"": {""completed_mandatory"": 50.0, ""anomaly_resolved"": 0.0, ""useful_reassignment"": 0.0, ""missed_mandatory"": -105.0, ""exclusion_violation"": -0.0, ""reserve_violation"": -0.0, ""duplicate_work"": -0.0, ""energy"": -0.03705, ""unresolved_conflict"": -0.0}, ""utility"": -55.03705}",5,0,0,0,7
paper_ssp_200m_v1|3|target_recovers_age300|aging_240|B4-NoFreshness,paper_ssp_200m_v1,3,target_recovers_age300,aging_240,B4-NoFreshness,-43.03765,"{""freeze_id"": ""utility_v2_frozen_2026-09-28"", ""completed_mandatory"": 5, ""anomalies_resolved"": 0, ""useful_reassignments"": 1, ""missed_mandatory"": 7, ""exclusion_violations"": 0, ""reserve_violations"": 0, ""duplicate_work"": 0, ""total_energy_j"": 7530.0, ""unresolved_conflicts"": 0, ""terms"": {""completed_mandatory"": 50.0, ""anomaly_resolved"": 0.0, ""useful_reassignment"": 12.0, ""missed_mandatory"": -105.0, ""exclusion_violation"": -0.0, ""reserve_violation"": -0.0, ""duplicate_work"": -0.0, ""energy"": -0.03765, ""unresolved_conflict"": -0.0}, ""utility"": -43.03765}",5,0,0,0,7
paper_ssp_200m_v1|3|benign_static|stale_520|B4,paper_ssp_200m_v1,3,benign_static,stale_520,B4,-55.03705,"{""freeze_id"": ""utility_v2_frozen_2026-09-28"", ""completed_mandatory"": 5, ""anomalies_resolved"": 0, ""useful_reassignments"": 0, ""missed_mandatory"": 7, ""exclusion_violations"": 0, ""reserve_violations"": 0, ""duplicate_work"": 0, ""total_energy_j"": 7410.0, ""unresolved_conflicts"": 0, ""terms"": {""completed_mandatory"": 50.0, ""anomaly_resolved"": 0.0, ""useful_reassignment"": 0.0, ""missed_mandatory"": -105.0, ""exclusion_violation"": -0.0, ""reserve_violation"": -0.0, ""duplicate_work"": -0.0, ""energy"": -0.03705, ""unresolved_conflict"": -0.0}, ""utility"": -55.03705}",5,0,0,0,7
paper_ssp_200m_v1|3|benign_static|stale_520|B4-NoFreshness,paper_ssp_200m_v1,3,benign_static,stale_520,B4-NoFreshness,-43.03765,"{""freeze_id"": ""utility_v2_frozen_2026-09-28"", ""completed_mandatory"": 5, ""anomalies_resolved"": 0, ""useful_reassignments"": 1, ""missed_mandatory"": 7, ""exclusion_violations"": 0, ""reserve_violations"": 0, ""duplicate_work"": 0, ""total_energy_j"": 7530.0, ""unresolved_conflicts"": 0, ""terms"": {""completed_mandatory"": 50.0, ""anomaly_resolved"": 0.0, ""useful_reassignment"": 12.0, ""missed_mandatory"": -105.0, ""exclusion_violation"": -0.0, ""reserve_violation"": -0.0, ""duplicate_work"": -0.0, ""energy"": -0.03765, ""unresolved_conflict"": -0.0}, ""utility"": -43.03765}",5,0,0,0,7
paper_ssp_200m_v1|3|target_recovers_age300|stale_520|B4,paper_ssp_200m_v1,3,target_recovers_age300,stale_520,B4,-55.03705,"{""freeze_id"": ""utility_v2_frozen_2026-09-28"", ""completed_mandatory"": 5, ""anomalies_resolved"": 0, ""useful_reassignments"": 0, ""missed_mandatory"": 7, ""exclusion_violations"": 0, ""reserve_violations"": 0, ""duplicate_work"": 0, ""total_energy_j"": 7410.0, ""unresolved_conflicts"": 0, ""terms"": {""completed_mandatory"": 50.0, ""anomaly_resolved"": 0.0, ""useful_reassignment"": 0.0, ""missed_mandatory"": -105.0, ""exclusion_violation"": -0.0, ""reserve_violation"": -0.0, ""duplicate_work"": -0.0, ""energy"": -0.03705, ""unresolved_conflict"": -0.0}, ""utility"": -55.03705}",5,0,0,0,7
paper_ssp_200m_v1|3|target_recovers_age300|stale_520|B4-NoFreshness,paper_ssp_200m_v1,3,target_recovers_age300,stale_520,B4-NoFreshness,-55.03765,"{""freeze_id"": ""utility_v2_frozen_2026-09-28"", ""completed_mandatory"": 5, ""anomalies_resolved"": 0, ""useful_reassignments"": 0, ""missed_mandatory"": 7, ""exclusion_violations"": 0, ""reserve_violations"": 0, ""duplicate_work"": 0, ""total_energy_j"": 7530.0, ""unresolved_conflicts"": 0, ""terms"": {""completed_mandatory"": 50.0, ""anomaly_resolved"": 0.0, ""useful_reassignment"": 0.0, ""missed_mandatory"": -105.0, ""exclusion_violation"": -0.0, ""reserve_violation"": -0.0, ""duplicate_work"": -0.0, ""energy"": -0.03765, ""unresolved_conflict"": -0.0}, ""utility"": -55.03765}",5,0,0,0,7
paper_ssp_200m_v1|3|benign_static|hard_960|B4,paper_ssp_200m_v1,3,benign_static,hard_960,B4,-55.03705,"{""freeze_id"": ""utility_v2_frozen_2026-09-28"", ""completed_mandatory"": 5, ""anomalies_resolved"": 0, ""useful_reassignments"": 0, ""missed_mandatory"": 7, ""exclusion_violations"": 0, ""reserve_violations"": 0, ""duplicate_work"": 0, ""total_energy_j"": 7410.0, ""unresolved_conflicts"": 0, ""terms"": {""completed_mandatory"": 50.0, ""anomaly_resolved"": 0.0, ""useful_reassignment"": 0.0, ""missed_mandatory"": -105.0, ""exclusion_violation"": -0.0, ""reserve_violation"": -0.0, ""duplicate_work"": -0.0, ""energy"": -0.03705, ""unresolved_conflict"": -0.0}, ""utility"": -55.03705}",5,0,0,0,7
paper_ssp_200m_v1|3|benign_static|hard_960|B4-NoFreshness,paper_ssp_200m_v1,3,benign_static,hard_960,B4-NoFreshness,-43.03765,"{""freeze_id"": ""utility_v2_frozen_2026-09-28"", ""completed_mandatory"": 5, ""anomalies_resolved"": 0, ""useful_reassignments"": 1, ""missed_mandatory"": 7, ""exclusion_violations"": 0, ""reserve_violations"": 0, ""duplicate_work"": 0, ""total_energy_j"": 7530.0, ""unresolved_conflicts"": 0, ""terms"": {""completed_mandatory"": 50.0, ""anomaly_resolved"": 0.0, ""useful_reassignment"": 12.0, ""missed_mandatory"": -105.0, ""exclusion_violation"": -0.0, ""reserve_violation"": -0.0, ""duplicate_work"": -0.0, ""energy"": -0.03765, ""unresolved_conflict"": -0.0}, ""utility"": -43.03765}",5,0,0,0,7
paper_ssp_200m_v1|3|target_recovers_age300|hard_960|B4,paper_ssp_200m_v1,3,target_recovers_age300,hard_960,B4,-55.03705,"{""freeze_id"": ""utility_v2_frozen_2026-09-28"", ""completed_mandatory"": 5, ""anomalies_resolved"": 0, ""useful_reassignments"": 0, ""missed_mandatory"": 7, ""exclusion_violations"": 0, ""reserve_violations"": 0, ""duplicate_work"": 0, ""total_energy_j"": 7410.0, ""unresolved_conflicts"": 0, ""terms"": {""completed_mandatory"": 50.0, ""anomaly_resolved"": 0.0, ""useful_reassignment"": 0.0, ""missed_mandatory"": -105.0, ""exclusion_violation"": -0.0, ""reserve_violation"": -0.0, ""duplicate_work"": -0.0, ""energy"": -0.03705, ""unresolved_conflict"": -0.0}, ""utility"": -55.03705}",5,0,0,0,7
paper_ssp_200m_v1|3|target_recovers_age300|hard_960|B4-NoFreshness,paper_ssp_200m_v1,3,target_recovers_age300,hard_960,B4-NoFreshness,-55.03765,"{""freeze_id"": ""utility_v2_frozen_2026-09-28"", ""completed_mandatory"": 5, ""anomalies_resolved"": 0, ""useful_reassignments"": 0, ""missed_mandatory"": 7, ""exclusion_violations"": 0, ""reserve_violations"": 0, ""duplicate_work"": 0, ""total_energy_j"": 7530.0, ""unresolved_conflicts"": 0, ""terms"": {""completed_mandatory"": 50.0, ""anomaly_resolved"": 0.0, ""useful_reassignment"": 0.0, ""missed_mandatory"": -105.0, ""exclusion_violation"": -0.0, ""reserve_violation"": -0.0, ""duplicate_work"": -0.0, ""energy"": -0.03765, ""unresolved_conflict"": -0.0}, ""utility"": -55.03765}",5,0,0,0,7
paper_ssp_200m_v1|4|benign_static|fresh_120|B4,paper_ssp_200m_v1,4,benign_static,fresh_120,B4,-43.03705,"{""freeze_id"": ""utility_v2_frozen_2026-09-28"", ""completed_mandatory"": 5, ""anomalies_resolved"": 0, ""useful_reassignments"": 1, ""missed_mandatory"": 7, ""exclusion_violations"": 0, ""reserve_violations"": 0, ""duplicate_work"": 0, ""total_energy_j"": 7410.0, ""unresolved_conflicts"": 0, ""terms"": {""completed_mandatory"": 50.0, ""anomaly_resolved"": 0.0, ""useful_reassignment"": 12.0, ""missed_mandatory"": -105.0, ""exclusion_violation"": -0.0, ""reserve_violation"": -0.0, ""duplicate_work"": -0.0, ""energy"": -0.03705, ""unresolved_conflict"": -0.0}, ""utility"": -43.03705}",5,0,0,0,7
paper_ssp_200m_v1|4|benign_static|fresh_120|B4-NoFreshness,paper_ssp_200m_v1,4,benign_static,fresh_120,B4-NoFreshness,-43.03765,"{""freeze_id"": ""utility_v2_frozen_2026-09-28"", ""completed_mandatory"": 5, ""anomalies_resolved"": 0, ""useful_reassignments"": 1, ""missed_mandatory"": 7, ""exclusion_violations"": 0, ""reserve_violations"": 0, ""duplicate_work"": 0, ""total_energy_j"": 7530.0, ""unresolved_conflicts"": 0, ""terms"": {""completed_mandatory"": 50.0, ""anomaly_resolved"": 0.0, ""useful_reassignment"": 12.0, ""missed_mandatory"": -105.0, ""exclusion_violation"": -0.0, ""reserve_violation"": -0.0, ""duplicate_work"": -0.0, ""energy"": -0.03765, ""unresolved_conflict"": -0.0}, ""utility"": -43.03765}",5,0,0,0,7
paper_ssp_200m_v1|4|target_recovers_age300|fresh_120|B4,paper_ssp_200m_v1,4,target_recovers_age300,fresh_120,B4,-43.03705,"{""freeze_id"": ""utility_v2_frozen_2026-09-28"", ""completed_mandatory"": 5, ""anomalies_resolved"": 0, ""useful_reassignments"": 1, ""missed_mandatory"": 7, ""exclusion_violations"": 0, ""reserve_violations"": 0, ""duplicate_work"": 0, ""total_energy_j"": 7410.0, ""unresolved_conflicts"": 0, ""terms"": {""completed_mandatory"": 50.0, ""anomaly_resolved"": 0.0, ""useful_reassignment"": 12.0, ""missed_mandatory"": -105.0, ""exclusion_violation"": -0.0, ""reserve_violation"": -0.0, ""duplicate_work"": -0.0, ""energy"": -0.03705, ""unresolved_conflict"": -0.0}, ""utility"": -43.03705}",5,0,0,0,7
paper_ssp_200m_v1|4|target_recovers_age300|fresh_120|B4-NoFreshness,paper_ssp_200m_v1,4,target_recovers_age300,fresh_120,B4-NoFreshness,-43.03765,"{""freeze_id"": ""utility_v2_frozen_2026-09-28"", ""completed_mandatory"": 5, ""anomalies_resolved"": 0, ""useful_reassignments"": 1, ""missed_mandatory"": 7, ""exclusion_violations"": 0, ""reserve_violations"": 0, ""duplicate_work"": 0, ""total_energy_j"": 7530.0, ""unresolved_conflicts"": 0, ""terms"": {""completed_mandatory"": 50.0, ""anomaly_resolved"": 0.0, ""useful_reassignment"": 12.0, ""missed_mandatory"": -105.0, ""exclusion_violation"": -0.0, ""reserve_violation"": -0.0, ""duplicate_work"": -0.0, ""energy"": -0.03765, ""unresolved_conflict"": -0.0}, ""utility"": -43.03765}",5,0,0,0,7
paper_ssp_200m_v1|4|benign_static|aging_240|B4,paper_ssp_200m_v1,4,benign_static,aging_240,B4,-55.03705,"{""freeze_id"": ""utility_v2_frozen_2026-09-28"", ""completed_mandatory"": 5, ""anomalies_resolved"": 0, ""useful_reassignments"": 0, ""missed_mandatory"": 7, ""exclusion_violations"": 0, ""reserve_violations"": 0, ""duplicate_work"": 0, ""total_energy_j"": 7410.0, ""unresolved_conflicts"": 0, ""terms"": {""completed_mandatory"": 50.0, ""anomaly_resolved"": 0.0, ""useful_reassignment"": 0.0, ""missed_mandatory"": -105.0, ""exclusion_violation"": -0.0, ""reserve_violation"": -0.0, ""duplicate_work"": -0.0, ""energy"": -0.03705, ""unresolved_conflict"": -0.0}, ""utility"": -55.03705}",5,0,0,0,7
paper_ssp_200m_v1|4|benign_static|aging_240|B4-NoFreshness,paper_ssp_200m_v1,4,benign_static,aging_240,B4-NoFreshness,-43.03765,"{""freeze_id"": ""utility_v2_frozen_2026-09-28"", ""completed_mandatory"": 5, ""anomalies_resolved"": 0, ""useful_reassignments"": 1, ""missed_mandatory"": 7, ""exclusion_violations"": 0, ""reserve_violations"": 0, ""duplicate_work"": 0, ""total_energy_j"": 7530.0, ""unresolved_conflicts"": 0, ""terms"": {""completed_mandatory"": 50.0, ""anomaly_resolved"": 0.0, ""useful_reassignment"": 12.0, ""missed_mandatory"": -105.0, ""exclusion_violation"": -0.0, ""reserve_violation"": -0.0, ""duplicate_work"": -0.0, ""energy"": -0.03765, ""unresolved_conflict"": -0.0}, ""utility"": -43.03765}",5,0,0,0,7
paper_ssp_200m_v1|4|target_recovers_age300|aging_240|B4,paper_ssp_200m_v1,4,target_recovers_age300,aging_240,B4,-55.03705,"{""freeze_id"": ""utility_v2_frozen_2026-09-28"", ""completed_mandatory"": 5, ""anomalies_resolved"": 0, ""useful_reassignments"": 0, ""missed_mandatory"": 7, ""exclusion_violations"": 0, ""reserve_violations"": 0, ""duplicate_work"": 0, ""total_energy_j"": 7410.0, ""unresolved_conflicts"": 0, ""terms"": {""completed_mandatory"": 50.0, ""anomaly_resolved"": 0.0, ""useful_reassignment"": 0.0, ""missed_mandatory"": -105.0, ""exclusion_violation"": -0.0, ""reserve_violation"": -0.0, ""duplicate_work"": -0.0, ""energy"": -0.03705, ""unresolved_conflict"": -0.0}, ""utility"": -55.03705}",5,0,0,0,7
paper_ssp_200m_v1|4|target_recovers_age300|aging_240|B4-NoFreshness,paper_ssp_200m_v1,4,target_recovers_age300,aging_240,B4-NoFreshness,-43.03765,"{""freeze_id"": ""utility_v2_frozen_2026-09-28"", ""completed_mandatory"": 5, ""anomalies_resolved"": 0, ""useful_reassignments"": 1, ""missed_mandatory"": 7, ""exclusion_violations"": 0, ""reserve_violations"": 0, ""duplicate_work"": 0, ""total_energy_j"": 7530.0, ""unresolved_conflicts"": 0, ""terms"": {""completed_mandatory"": 50.0, ""anomaly_resolved"": 0.0, ""useful_reassignment"": 12.0, ""missed_mandatory"": -105.0, ""exclusion_violation"": -0.0, ""reserve_violation"": -0.0, ""duplicate_work"": -0.0, ""energy"": -0.03765, ""unresolved_conflict"": -0.0}, ""utility"": -43.03765}",5,0,0,0,7
paper_ssp_200m_v1|4|benign_static|stale_520|B4,paper_ssp_200m_v1,4,benign_static,stale_520,B4,-55.03705,"{""freeze_id"": ""utility_v2_frozen_2026-09-28"", ""completed_mandatory"": 5, ""anomalies_resolved"": 0, ""useful_reassignments"": 0, ""missed_mandatory"": 7, ""exclusion_violations"": 0, ""reserve_violations"": 0, ""duplicate_work"": 0, ""total_energy_j"": 7410.0, ""unresolved_conflicts"": 0, ""terms"": {""completed_mandatory"": 50.0, ""anomaly_resolved"": 0.0, ""useful_reassignment"": 0.0, ""missed_mandatory"": -105.0, ""exclusion_violation"": -0.0, ""reserve_violation"": -0.0, ""duplicate_work"": -0.0, ""energy"": -0.03705, ""unresolved_conflict"": -0.0}, ""utility"": -55.03705}",5,0,0,0,7
paper_ssp_200m_v1|4|benign_static|stale_520|B4-NoFreshness,paper_ssp_200m_v1,4,benign_static,stale_520,B4-NoFreshness,-43.03765,"{""freeze_id"": ""utility_v2_frozen_2026-09-28"", ""completed_mandatory"": 5, ""anomalies_resolved"": 0, ""useful_reassignments"": 1, ""missed_mandatory"": 7, ""exclusion_violations"": 0, ""reserve_violations"": 0, ""duplicate_work"": 0, ""total_energy_j"": 7530.0, ""unresolved_conflicts"": 0, ""terms"": {""completed_mandatory"": 50.0, ""anomaly_resolved"": 0.0, ""useful_reassignment"": 12.0, ""missed_mandatory"": -105.0, ""exclusion_violation"": -0.0, ""reserve_violation"": -0.0, ""duplicate_work"": -0.0, ""energy"": -0.03765, ""unresolved_conflict"": -0.0}, ""utility"": -43.03765}",5,0,0,0,7
paper_ssp_200m_v1|4|target_recovers_age300|stale_520|B4,paper_ssp_200m_v1,4,target_recovers_age300,stale_520,B4,-55.03705,"{""freeze_id"": ""utility_v2_frozen_2026-09-28"", ""completed_mandatory"": 5, ""anomalies_resolved"": 0, ""useful_reassignments"": 0, ""missed_mandatory"": 7, ""exclusion_violations"": 0, ""reserve_violations"": 0, ""duplicate_work"": 0, ""total_energy_j"": 7410.0, ""unresolved_conflicts"": 0, ""terms"": {""completed_mandatory"": 50.0, ""anomaly_resolved"": 0.0, ""useful_reassignment"": 0.0, ""missed_mandatory"": -105.0, ""exclusion_violation"": -0.0, ""reserve_violation"": -0.0, ""duplicate_work"": -0.0, ""energy"": -0.03705, ""unresolved_conflict"": -0.0}, ""utility"": -55.03705}",5,0,0,0,7
paper_ssp_200m_v1|4|target_recovers_age300|stale_520|B4-NoFreshness,paper_ssp_200m_v1,4,target_recovers_age300,stale_520,B4-NoFreshness,-55.03765,"{""freeze_id"": ""utility_v2_frozen_2026-09-28"", ""completed_mandatory"": 5, ""anomalies_resolved"": 0, ""useful_reassignments"": 0, ""missed_mandatory"": 7, ""exclusion_violations"": 0, ""reserve_violations"": 0, ""duplicate_work"": 0, ""total_energy_j"": 7530.0, ""unresolved_conflicts"": 0, ""terms"": {""completed_mandatory"": 50.0, ""anomaly_resolved"": 0.0, ""useful_reassignment"": 0.0, ""missed_mandatory"": -105.0, ""exclusion_violation"": -0.0, ""reserve_violation"": -0.0, ""duplicate_work"": -0.0, ""energy"": -0.03765, ""unresolved_conflict"": -0.0}, ""utility"": -55.03765}",5,0,0,0,7
paper_ssp_200m_v1|4|benign_static|hard_960|B4,paper_ssp_200m_v1,4,benign_static,hard_960,B4,-55.03705,"{""freeze_id"": ""utility_v2_frozen_2026-09-28"", ""completed_mandatory"": 5, ""anomalies_resolved"": 0, ""useful_reassignments"": 0, ""missed_mandatory"": 7, ""exclusion_violations"": 0, ""reserve_violations"": 0, ""duplicate_work"": 0, ""total_energy_j"": 7410.0, ""unresolved_conflicts"": 0, ""terms"": {""completed_mandatory"": 50.0, ""anomaly_resolved"": 0.0, ""useful_reassignment"": 0.0, ""missed_mandatory"": -105.0, ""exclusion_violation"": -0.0, ""reserve_violation"": -0.0, ""duplicate_work"": -0.0, ""energy"": -0.03705, ""unresolved_conflict"": -0.0}, ""utility"": -55.03705}",5,0,0,0,7
paper_ssp_200m_v1|4|benign_static|hard_960|B4-NoFreshness,paper_ssp_200m_v1,4,benign_static,hard_960,B4-NoFreshness,-43.03765,"{""freeze_id"": ""utility_v2_frozen_2026-09-28"", ""completed_mandatory"": 5, ""anomalies_resolved"": 0, ""useful_reassignments"": 1, ""missed_mandatory"": 7, ""exclusion_violations"": 0, ""reserve_violations"": 0, ""duplicate_work"": 0, ""total_energy_j"": 7530.0, ""unresolved_conflicts"": 0, ""terms"": {""completed_mandatory"": 50.0, ""anomaly_resolved"": 0.0, ""useful_reassignment"": 12.0, ""missed_mandatory"": -105.0, ""exclusion_violation"": -0.0, ""reserve_violation"": -0.0, ""duplicate_work"": -0.0, ""energy"": -0.03765, ""unresolved_conflict"": -0.0}, ""utility"": -43.03765}",5,0,0,0,7
paper_ssp_200m_v1|4|target_recovers_age300|hard_960|B4,paper_ssp_200m_v1,4,target_recovers_age300,hard_960,B4,-55.03705,"{""freeze_id"": ""utility_v2_frozen_2026-09-28"", ""completed_mandatory"": 5, ""anomalies_resolved"": 0, ""useful_reassignments"": 0, ""missed_mandatory"": 7, ""exclusion_violations"": 0, ""reserve_violations"": 0, ""duplicate_work"": 0, ""total_energy_j"": 7410.0, ""unresolved_conflicts"": 0, ""terms"": {""completed_mandatory"": 50.0, ""anomaly_resolved"": 0.0, ""useful_reassignment"": 0.0, ""missed_mandatory"": -105.0, ""exclusion_violation"": -0.0, ""reserve_violation"": -0.0, ""duplicate_work"": -0.0, ""energy"": -0.03705, ""unresolved_conflict"": -0.0}, ""utility"": -55.03705}",5,0,0,0,7
paper_ssp_200m_v1|4|target_recovers_age300|hard_960|B4-NoFreshness,paper_ssp_200m_v1,4,target_recovers_age300,hard_960,B4-NoFreshness,-55.03765,"{""freeze_id"": ""utility_v2_frozen_2026-09-28"", ""completed_mandatory"": 5, ""anomalies_resolved"": 0, ""useful_reassignments"": 0, ""missed_mandatory"": 7, ""exclusion_violations"": 0, ""reserve_violations"": 0, ""duplicate_work"": 0, ""total_energy_j"": 7530.0, ""unresolved_conflicts"": 0, ""terms"": {""completed_mandatory"": 50.0, ""anomaly_resolved"": 0.0, ""useful_reassignment"": 0.0, ""missed_mandatory"": -105.0, ""exclusion_violation"": -0.0, ""reserve_violation"": -0.0, ""duplicate_work"": -0.0, ""energy"": -0.03765, ""unresolved_conflict"": -0.0}, ""utility"": -55.03765}",5,0,0,0,7
paper_ssp_200m_v1|5|benign_static|fresh_120|B4,paper_ssp_200m_v1,5,benign_static,fresh_120,B4,-43.03705,"{""freeze_id"": ""utility_v2_frozen_2026-09-28"", ""completed_mandatory"": 5, ""anomalies_resolved"": 0, ""useful_reassignments"": 1, ""missed_mandatory"": 7, ""exclusion_violations"": 0, ""reserve_violations"": 0, ""duplicate_work"": 0, ""total_energy_j"": 7410.0, ""unresolved_conflicts"": 0, ""terms"": {""completed_mandatory"": 50.0, ""anomaly_resolved"": 0.0, ""useful_reassignment"": 12.0, ""missed_mandatory"": -105.0, ""exclusion_violation"": -0.0, ""reserve_violation"": -0.0, ""duplicate_work"": -0.0, ""energy"": -0.03705, ""unresolved_conflict"": -0.0}, ""utility"": -43.03705}",5,0,0,0,7
paper_ssp_200m_v1|5|benign_static|fresh_120|B4-NoFreshness,paper_ssp_200m_v1,5,benign_static,fresh_120,B4-NoFreshness,-43.03765,"{""freeze_id"": ""utility_v2_frozen_2026-09-28"", ""completed_mandatory"": 5, ""anomalies_resolved"": 0, ""useful_reassignments"": 1, ""missed_mandatory"": 7, ""exclusion_violations"": 0, ""reserve_violations"": 0, ""duplicate_work"": 0, ""total_energy_j"": 7530.0, ""unresolved_conflicts"": 0, ""terms"": {""completed_mandatory"": 50.0, ""anomaly_resolved"": 0.0, ""useful_reassignment"": 12.0, ""missed_mandatory"": -105.0, ""exclusion_violation"": -0.0, ""reserve_violation"": -0.0, ""duplicate_work"": -0.0, ""energy"": -0.03765, ""unresolved_conflict"": -0.0}, ""utility"": -43.03765}",5,0,0,0,7
paper_ssp_200m_v1|5|target_recovers_age300|fresh_120|B4,paper_ssp_200m_v1,5,target_recovers_age300,fresh_120,B4,-43.03705,"{""freeze_id"": ""utility_v2_frozen_2026-09-28"", ""completed_mandatory"": 5, ""anomalies_resolved"": 0, ""useful_reassignments"": 1, ""missed_mandatory"": 7, ""exclusion_violations"": 0, ""reserve_violations"": 0, ""duplicate_work"": 0, ""total_energy_j"": 7410.0, ""unresolved_conflicts"": 0, ""terms"": {""completed_mandatory"": 50.0, ""anomaly_resolved"": 0.0, ""useful_reassignment"": 12.0, ""missed_mandatory"": -105.0, ""exclusion_violation"": -0.0, ""reserve_violation"": -0.0, ""duplicate_work"": -0.0, ""energy"": -0.03705, ""unresolved_conflict"": -0.0}, ""utility"": -43.03705}",5,0,0,0,7
paper_ssp_200m_v1|5|target_recovers_age300|fresh_120|B4-NoFreshness,paper_ssp_200m_v1,5,target_recovers_age300,fresh_120,B4-NoFreshness,-43.03765,"{""freeze_id"": ""utility_v2_frozen_2026-09-28"", ""completed_mandatory"": 5, ""anomalies_resolved"": 0, ""useful_reassignments"": 1, ""missed_mandatory"": 7, ""exclusion_violations"": 0, ""reserve_violations"": 0, ""duplicate_work"": 0, ""total_energy_j"": 7530.0, ""unresolved_conflicts"": 0, ""terms"": {""completed_mandatory"": 50.0, ""anomaly_resolved"": 0.0, ""useful_reassignment"": 12.0, ""missed_mandatory"": -105.0, ""exclusion_violation"": -0.0, ""reserve_violation"": -0.0, ""duplicate_work"": -0.0, ""energy"": -0.03765, ""unresolved_conflict"": -0.0}, ""utility"": -43.03765}",5,0,0,0,7
paper_ssp_200m_v1|5|benign_static|aging_240|B4,paper_ssp_200m_v1,5,benign_static,aging_240,B4,-55.03705,"{""freeze_id"": ""utility_v2_frozen_2026-09-28"", ""completed_mandatory"": 5, ""anomalies_resolved"": 0, ""useful_reassignments"": 0, ""missed_mandatory"": 7, ""exclusion_violations"": 0, ""reserve_violations"": 0, ""duplicate_work"": 0, ""total_energy_j"": 7410.0, ""unresolved_conflicts"": 0, ""terms"": {""completed_mandatory"": 50.0, ""anomaly_resolved"": 0.0, ""useful_reassignment"": 0.0, ""missed_mandatory"": -105.0, ""exclusion_violation"": -0.0, ""reserve_violation"": -0.0, ""duplicate_work"": -0.0, ""energy"": -0.03705, ""unresolved_conflict"": -0.0}, ""utility"": -55.03705}",5,0,0,0,7
paper_ssp_200m_v1|5|benign_static|aging_240|B4-NoFreshness,paper_ssp_200m_v1,5,benign_static,aging_240,B4-NoFreshness,-43.03765,"{""freeze_id"": ""utility_v2_frozen_2026-09-28"", ""completed_mandatory"": 5, ""anomalies_resolved"": 0, ""useful_reassignments"": 1, ""missed_mandatory"": 7, ""exclusion_violations"": 0, ""reserve_violations"": 0, ""duplicate_work"": 0, ""total_energy_j"": 7530.0, ""unresolved_conflicts"": 0, ""terms"": {""completed_mandatory"": 50.0, ""anomaly_resolved"": 0.0, ""useful_reassignment"": 12.0, ""missed_mandatory"": -105.0, ""exclusion_violation"": -0.0, ""reserve_violation"": -0.0, ""duplicate_work"": -0.0, ""energy"": -0.03765, ""unresolved_conflict"": -0.0}, ""utility"": -43.03765}",5,0,0,0,7
paper_ssp_200m_v1|5|target_recovers_age300|aging_240|B4,paper_ssp_200m_v1,5,target_recovers_age300,aging_240,B4,-55.03705,"{""freeze_id"": ""utility_v2_frozen_2026-09-28"", ""completed_mandatory"": 5, ""anomalies_resolved"": 0, ""useful_reassignments"": 0, ""missed_mandatory"": 7, ""exclusion_violations"": 0, ""reserve_violations"": 0, ""duplicate_work"": 0, ""total_energy_j"": 7410.0, ""unresolved_conflicts"": 0, ""terms"": {""completed_mandatory"": 50.0, ""anomaly_resolved"": 0.0, ""useful_reassignment"": 0.0, ""missed_mandatory"": -105.0, ""exclusion_violation"": -0.0, ""reserve_violation"": -0.0, ""duplicate_work"": -0.0, ""energy"": -0.03705, ""unresolved_conflict"": -0.0}, ""utility"": -55.03705}",5,0,0,0,7
paper_ssp_200m_v1|5|target_recovers_age300|aging_240|B4-NoFreshness,paper_ssp_200m_v1,5,target_recovers_age300,aging_240,B4-NoFreshness,-43.03765,"{""freeze_id"": ""utility_v2_frozen_2026-09-28"", ""completed_mandatory"": 5, ""anomalies_resolved"": 0, ""useful_reassignments"": 1, ""missed_mandatory"": 7, ""exclusion_violations"": 0, ""reserve_violations"": 0, ""duplicate_work"": 0, ""total_energy_j"": 7530.0, ""unresolved_conflicts"": 0, ""terms"": {""completed_mandatory"": 50.0, ""anomaly_resolved"": 0.0, ""useful_reassignment"": 12.0, ""missed_mandatory"": -105.0, ""exclusion_violation"": -0.0, ""reserve_violation"": -0.0, ""duplicate_work"": -0.0, ""energy"": -0.03765, ""unresolved_conflict"": -0.0}, ""utility"": -43.03765}",5,0,0,0,7
paper_ssp_200m_v1|5|benign_static|stale_520|B4,paper_ssp_200m_v1,5,benign_static,stale_520,B4,-55.03705,"{""freeze_id"": ""utility_v2_frozen_2026-09-28"", ""completed_mandatory"": 5, ""anomalies_resolved"": 0, ""useful_reassignments"": 0, ""missed_mandatory"": 7, ""exclusion_violations"": 0, ""reserve_violations"": 0, ""duplicate_work"": 0, ""total_energy_j"": 7410.0, ""unresolved_conflicts"": 0, ""terms"": {""completed_mandatory"": 50.0, ""anomaly_resolved"": 0.0, ""useful_reassignment"": 0.0, ""missed_mandatory"": -105.0, ""exclusion_violation"": -0.0, ""reserve_violation"": -0.0, ""duplicate_work"": -0.0, ""energy"": -0.03705, ""unresolved_conflict"": -0.0}, ""utility"": -55.03705}",5,0,0,0,7
paper_ssp_200m_v1|5|benign_static|stale_520|B4-NoFreshness,paper_ssp_200m_v1,5,benign_static,stale_520,B4-NoFreshness,-43.03765,"{""freeze_id"": ""utility_v2_frozen_2026-09-28"", ""completed_mandatory"": 5, ""anomalies_resolved"": 0, ""useful_reassignments"": 1, ""missed_mandatory"": 7, ""exclusion_violations"": 0, ""reserve_violations"": 0, ""duplicate_work"": 0, ""total_energy_j"": 7530.0, ""unresolved_conflicts"": 0, ""terms"": {""completed_mandatory"": 50.0, ""anomaly_resolved"": 0.0, ""useful_reassignment"": 12.0, ""missed_mandatory"": -105.0, ""exclusion_violation"": -0.0, ""reserve_violation"": -0.0, ""duplicate_work"": -0.0, ""energy"": -0.03765, ""unresolved_conflict"": -0.0}, ""utility"": -43.03765}",5,0,0,0,7
paper_ssp_200m_v1|5|target_recovers_age300|stale_520|B4,paper_ssp_200m_v1,5,target_recovers_age300,stale_520,B4,-55.03705,"{""freeze_id"": ""utility_v2_frozen_2026-09-28"", ""completed_mandatory"": 5, ""anomalies_resolved"": 0, ""useful_reassignments"": 0, ""missed_mandatory"": 7, ""exclusion_violations"": 0, ""reserve_violations"": 0, ""duplicate_work"": 0, ""total_energy_j"": 7410.0, ""unresolved_conflicts"": 0, ""terms"": {""completed_mandatory"": 50.0, ""anomaly_resolved"": 0.0, ""useful_reassignment"": 0.0, ""missed_mandatory"": -105.0, ""exclusion_violation"": -0.0, ""reserve_violation"": -0.0, ""duplicate_work"": -0.0, ""energy"": -0.03705, ""unresolved_conflict"": -0.0}, ""utility"": -55.03705}",5,0,0,0,7
paper_ssp_200m_v1|5|target_recovers_age300|stale_520|B4-NoFreshness,paper_ssp_200m_v1,5,target_recovers_age300,stale_520,B4-NoFreshness,-55.03765,"{""freeze_id"": ""utility_v2_frozen_2026-09-28"", ""completed_mandatory"": 5, ""anomalies_resolved"": 0, ""useful_reassignments"": 0, ""missed_mandatory"": 7, ""exclusion_violations"": 0, ""reserve_violations"": 0, ""duplicate_work"": 0, ""total_energy_j"": 7530.0, ""unresolved_conflicts"": 0, ""terms"": {""completed_mandatory"": 50.0, ""anomaly_resolved"": 0.0, ""useful_reassignment"": 0.0, ""missed_mandatory"": -105.0, ""exclusion_violation"": -0.0, ""reserve_violation"": -0.0, ""duplicate_work"": -0.0, ""energy"": -0.03765, ""unresolved_conflict"": -0.0}, ""utility"": -55.03765}",5,0,0,0,7
paper_ssp_200m_v1|5|benign_static|hard_960|B4,paper_ssp_200m_v1,5,benign_static,hard_960,B4,-55.03705,"{""freeze_id"": ""utility_v2_frozen_2026-09-28"", ""completed_mandatory"": 5, ""anomalies_resolved"": 0, ""useful_reassignments"": 0, ""missed_mandatory"": 7, ""exclusion_violations"": 0, ""reserve_violations"": 0, ""duplicate_work"": 0, ""total_energy_j"": 7410.0, ""unresolved_conflicts"": 0, ""terms"": {""completed_mandatory"": 50.0, ""anomaly_resolved"": 0.0, ""useful_reassignment"": 0.0, ""missed_mandatory"": -105.0, ""exclusion_violation"": -0.0, ""reserve_violation"": -0.0, ""duplicate_work"": -0.0, ""energy"": -0.03705, ""unresolved_conflict"": -0.0}, ""utility"": -55.03705}",5,0,0,0,7
paper_ssp_200m_v1|5|benign_static|hard_960|B4-NoFreshness,paper_ssp_200m_v1,5,benign_static,hard_960,B4-NoFreshness,-43.03765,"{""freeze_id"": ""utility_v2_frozen_2026-09-28"", ""completed_mandatory"": 5, ""anomalies_resolved"": 0, ""useful_reassignments"": 1, ""missed_mandatory"": 7, ""exclusion_violations"": 0, ""reserve_violations"": 0, ""duplicate_work"": 0, ""total_energy_j"": 7530.0, ""unresolved_conflicts"": 0, ""terms"": {""completed_mandatory"": 50.0, ""anomaly_resolved"": 0.0, ""useful_reassignment"": 12.0, ""missed_mandatory"": -105.0, ""exclusion_violation"": -0.0, ""reserve_violation"": -0.0, ""duplicate_work"": -0.0, ""energy"": -0.03765, ""unresolved_conflict"": -0.0}, ""utility"": -43.03765}",5,0,0,0,7
paper_ssp_200m_v1|5|target_recovers_age300|hard_960|B4,paper_ssp_200m_v1,5,target_recovers_age300,hard_960,B4,-55.03705,"{""freeze_id"": ""utility_v2_frozen_2026-09-28"", ""completed_mandatory"": 5, ""anomalies_resolved"": 0, ""useful_reassignments"": 0, ""missed_mandatory"": 7, ""exclusion_violations"": 0, ""reserve_violations"": 0, ""duplicate_work"": 0, ""total_energy_j"": 7410.0, ""unresolved_conflicts"": 0, ""terms"": {""completed_mandatory"": 50.0, ""anomaly_resolved"": 0.0, ""useful_reassignment"": 0.0, ""missed_mandatory"": -105.0, ""exclusion_violation"": -0.0, ""reserve_violation"": -0.0, ""duplicate_work"": -0.0, ""energy"": -0.03705, ""unresolved_conflict"": -0.0}, ""utility"": -55.03705}",5,0,0,0,7
paper_ssp_200m_v1|5|target_recovers_age300|hard_960|B4-NoFreshness,paper_ssp_200m_v1,5,target_recovers_age300,hard_960,B4-NoFreshness,-55.03765,"{""freeze_id"": ""utility_v2_frozen_2026-09-28"", ""completed_mandatory"": 5, ""anomalies_resolved"": 0, ""useful_reassignments"": 0, ""missed_mandatory"": 7, ""exclusion_violations"": 0, ""reserve_violations"": 0, ""duplicate_work"": 0, ""total_energy_j"": 7530.0, ""unresolved_conflicts"": 0, ""terms"": {""completed_mandatory"": 50.0, ""anomaly_resolved"": 0.0, ""useful_reassignment"": 0.0, ""missed_mandatory"": -105.0, ""exclusion_violation"": -0.0, ""reserve_violation"": -0.0, ""duplicate_work"": -0.0, ""energy"": -0.03765, ""unresolved_conflict"": -0.0}, ""utility"": -55.03765}",5,0,0,0,7
paper_ssp_200m_v1|6|benign_static|fresh_120|B4,paper_ssp_200m_v1,6,benign_static,fresh_120,B4,-43.03705,"{""freeze_id"": ""utility_v2_frozen_2026-09-28"", ""completed_mandatory"": 5, ""anomalies_resolved"": 0, ""useful_reassignments"": 1, ""missed_mandatory"": 7, ""exclusion_violations"": 0, ""reserve_violations"": 0, ""duplicate_work"": 0, ""total_energy_j"": 7410.0, ""unresolved_conflicts"": 0, ""terms"": {""completed_mandatory"": 50.0, ""anomaly_resolved"": 0.0, ""useful_reassignment"": 12.0, ""missed_mandatory"": -105.0, ""exclusion_violation"": -0.0, ""reserve_violation"": -0.0, ""duplicate_work"": -0.0, ""energy"": -0.03705, ""unresolved_conflict"": -0.0}, ""utility"": -43.03705}",5,0,0,0,7
paper_ssp_200m_v1|6|benign_static|fresh_120|B4-NoFreshness,paper_ssp_200m_v1,6,benign_static,fresh_120,B4-NoFreshness,-43.03765,"{""freeze_id"": ""utility_v2_frozen_2026-09-28"", ""completed_mandatory"": 5, ""anomalies_resolved"": 0, ""useful_reassignments"": 1, ""missed_mandatory"": 7, ""exclusion_violations"": 0, ""reserve_violations"": 0, ""duplicate_work"": 0, ""total_energy_j"": 7530.0, ""unresolved_conflicts"": 0, ""terms"": {""completed_mandatory"": 50.0, ""anomaly_resolved"": 0.0, ""useful_reassignment"": 12.0, ""missed_mandatory"": -105.0, ""exclusion_violation"": -0.0, ""reserve_violation"": -0.0, ""duplicate_work"": -0.0, ""energy"": -0.03765, ""unresolved_conflict"": -0.0}, ""utility"": -43.03765}",5,0,0,0,7
paper_ssp_200m_v1|6|target_recovers_age300|fresh_120|B4,paper_ssp_200m_v1,6,target_recovers_age300,fresh_120,B4,-43.03705,"{""freeze_id"": ""utility_v2_frozen_2026-09-28"", ""completed_mandatory"": 5, ""anomalies_resolved"": 0, ""useful_reassignments"": 1, ""missed_mandatory"": 7, ""exclusion_violations"": 0, ""reserve_violations"": 0, ""duplicate_work"": 0, ""total_energy_j"": 7410.0, ""unresolved_conflicts"": 0, ""terms"": {""completed_mandatory"": 50.0, ""anomaly_resolved"": 0.0, ""useful_reassignment"": 12.0, ""missed_mandatory"": -105.0, ""exclusion_violation"": -0.0, ""reserve_violation"": -0.0, ""duplicate_work"": -0.0, ""energy"": -0.03705, ""unresolved_conflict"": -0.0}, ""utility"": -43.03705}",5,0,0,0,7
paper_ssp_200m_v1|6|target_recovers_age300|fresh_120|B4-NoFreshness,paper_ssp_200m_v1,6,target_recovers_age300,fresh_120,B4-NoFreshness,-43.03765,"{""freeze_id"": ""utility_v2_frozen_2026-09-28"", ""completed_mandatory"": 5, ""anomalies_resolved"": 0, ""useful_reassignments"": 1, ""missed_mandatory"": 7, ""exclusion_violations"": 0, ""reserve_violations"": 0, ""duplicate_work"": 0, ""total_energy_j"": 7530.0, ""unresolved_conflicts"": 0, ""terms"": {""completed_mandatory"": 50.0, ""anomaly_resolved"": 0.0, ""useful_reassignment"": 12.0, ""missed_mandatory"": -105.0, ""exclusion_violation"": -0.0, ""reserve_violation"": -0.0, ""duplicate_work"": -0.0, ""energy"": -0.03765, ""unresolved_conflict"": -0.0}, ""utility"": -43.03765}",5,0,0,0,7
paper_ssp_200m_v1|6|benign_static|aging_240|B4,paper_ssp_200m_v1,6,benign_static,aging_240,B4,-55.03705,"{""freeze_id"": ""utility_v2_frozen_2026-09-28"", ""completed_mandatory"": 5, ""anomalies_resolved"": 0, ""useful_reassignments"": 0, ""missed_mandatory"": 7, ""exclusion_violations"": 0, ""reserve_violations"": 0, ""duplicate_work"": 0, ""total_energy_j"": 7410.0, ""unresolved_conflicts"": 0, ""terms"": {""completed_mandatory"": 50.0, ""anomaly_resolved"": 0.0, ""useful_reassignment"": 0.0, ""missed_mandatory"": -105.0, ""exclusion_violation"": -0.0, ""reserve_violation"": -0.0, ""duplicate_work"": -0.0, ""energy"": -0.03705, ""unresolved_conflict"": -0.0}, ""utility"": -55.03705}",5,0,0,0,7
paper_ssp_200m_v1|6|benign_static|aging_240|B4-NoFreshness,paper_ssp_200m_v1,6,benign_static,aging_240,B4-NoFreshness,-43.03765,"{""freeze_id"": ""utility_v2_frozen_2026-09-28"", ""completed_mandatory"": 5, ""anomalies_resolved"": 0, ""useful_reassignments"": 1, ""missed_mandatory"": 7, ""exclusion_violations"": 0, ""reserve_violations"": 0, ""duplicate_work"": 0, ""total_energy_j"": 7530.0, ""unresolved_conflicts"": 0, ""terms"": {""completed_mandatory"": 50.0, ""anomaly_resolved"": 0.0, ""useful_reassignment"": 12.0, ""missed_mandatory"": -105.0, ""exclusion_violation"": -0.0, ""reserve_violation"": -0.0, ""duplicate_work"": -0.0, ""energy"": -0.03765, ""unresolved_conflict"": -0.0}, ""utility"": -43.03765}",5,0,0,0,7
paper_ssp_200m_v1|6|target_recovers_age300|aging_240|B4,paper_ssp_200m_v1,6,target_recovers_age300,aging_240,B4,-55.03705,"{""freeze_id"": ""utility_v2_frozen_2026-09-28"", ""completed_mandatory"": 5, ""anomalies_resolved"": 0, ""useful_reassignments"": 0, ""missed_mandatory"": 7, ""exclusion_violations"": 0, ""reserve_violations"": 0, ""duplicate_work"": 0, ""total_energy_j"": 7410.0, ""unresolved_conflicts"": 0, ""terms"": {""completed_mandatory"": 50.0, ""anomaly_resolved"": 0.0, ""useful_reassignment"": 0.0, ""missed_mandatory"": -105.0, ""exclusion_violation"": -0.0, ""reserve_violation"": -0.0, ""duplicate_work"": -0.0, ""energy"": -0.03705, ""unresolved_conflict"": -0.0}, ""utility"": -55.03705}",5,0,0,0,7
paper_ssp_200m_v1|6|target_recovers_age300|aging_240|B4-NoFreshness,paper_ssp_200m_v1,6,target_recovers_age300,aging_240,B4-NoFreshness,-43.03765,"{""freeze_id"": ""utility_v2_frozen_2026-09-28"", ""completed_mandatory"": 5, ""anomalies_resolved"": 0, ""useful_reassignments"": 1, ""missed_mandatory"": 7, ""exclusion_violations"": 0, ""reserve_violations"": 0, ""duplicate_work"": 0, ""total_energy_j"": 7530.0, ""unresolved_conflicts"": 0, ""terms"": {""completed_mandatory"": 50.0, ""anomaly_resolved"": 0.0, ""useful_reassignment"": 12.0, ""missed_mandatory"": -105.0, ""exclusion_violation"": -0.0, ""reserve_violation"": -0.0, ""duplicate_work"": -0.0, ""energy"": -0.03765, ""unresolved_conflict"": -0.0}, ""utility"": -43.03765}",5,0,0,0,7
paper_ssp_200m_v1|6|benign_static|stale_520|B4,paper_ssp_200m_v1,6,benign_static,stale_520,B4,-55.03705,"{""freeze_id"": ""utility_v2_frozen_2026-09-28"", ""completed_mandatory"": 5, ""anomalies_resolved"": 0, ""useful_reassignments"": 0, ""missed_mandatory"": 7, ""exclusion_violations"": 0, ""reserve_violations"": 0, ""duplicate_work"": 0, ""total_energy_j"": 7410.0, ""unresolved_conflicts"": 0, ""terms"": {""completed_mandatory"": 50.0, ""anomaly_resolved"": 0.0, ""useful_reassignment"": 0.0, ""missed_mandatory"": -105.0, ""exclusion_violation"": -0.0, ""reserve_violation"": -0.0, ""duplicate_work"": -0.0, ""energy"": -0.03705, ""unresolved_conflict"": -0.0}, ""utility"": -55.03705}",5,0,0,0,7
paper_ssp_200m_v1|6|benign_static|stale_520|B4-NoFreshness,paper_ssp_200m_v1,6,benign_static,stale_520,B4-NoFreshness,-43.03765,"{""freeze_id"": ""utility_v2_frozen_2026-09-28"", ""completed_mandatory"": 5, ""anomalies_resolved"": 0, ""useful_reassignments"": 1, ""missed_mandatory"": 7, ""exclusion_violations"": 0, ""reserve_violations"": 0, ""duplicate_work"": 0, ""total_energy_j"": 7530.0, ""unresolved_conflicts"": 0, ""terms"": {""completed_mandatory"": 50.0, ""anomaly_resolved"": 0.0, ""useful_reassignment"": 12.0, ""missed_mandatory"": -105.0, ""exclusion_violation"": -0.0, ""reserve_violation"": -0.0, ""duplicate_work"": -0.0, ""energy"": -0.03765, ""unresolved_conflict"": -0.0}, ""utility"": -43.03765}",5,0,0,0,7
paper_ssp_200m_v1|6|target_recovers_age300|stale_520|B4,paper_ssp_200m_v1,6,target_recovers_age300,stale_520,B4,-55.03705,"{""freeze_id"": ""utility_v2_frozen_2026-09-28"", ""completed_mandatory"": 5, ""anomalies_resolved"": 0, ""useful_reassignments"": 0, ""missed_mandatory"": 7, ""exclusion_violations"": 0, ""reserve_violations"": 0, ""duplicate_work"": 0, ""total_energy_j"": 7410.0, ""unresolved_conflicts"": 0, ""terms"": {""completed_mandatory"": 50.0, ""anomaly_resolved"": 0.0, ""useful_reassignment"": 0.0, ""missed_mandatory"": -105.0, ""exclusion_violation"": -0.0, ""reserve_violation"": -0.0, ""duplicate_work"": -0.0, ""energy"": -0.03705, ""unresolved_conflict"": -0.0}, ""utility"": -55.03705}",5,0,0,0,7
paper_ssp_200m_v1|6|target_recovers_age300|stale_520|B4-NoFreshness,paper_ssp_200m_v1,6,target_recovers_age300,stale_520,B4-NoFreshness,-55.03765,"{""freeze_id"": ""utility_v2_frozen_2026-09-28"", ""completed_mandatory"": 5, ""anomalies_resolved"": 0, ""useful_reassignments"": 0, ""missed_mandatory"": 7, ""exclusion_violations"": 0, ""reserve_violations"": 0, ""duplicate_work"": 0, ""total_energy_j"": 7530.0, ""unresolved_conflicts"": 0, ""terms"": {""completed_mandatory"": 50.0, ""anomaly_resolved"": 0.0, ""useful_reassignment"": 0.0, ""missed_mandatory"": -105.0, ""exclusion_violation"": -0.0, ""reserve_violation"": -0.0, ""duplicate_work"": -0.0, ""energy"": -0.03765, ""unresolved_conflict"": -0.0}, ""utility"": -55.03765}",5,0,0,0,7
paper_ssp_200m_v1|6|benign_static|hard_960|B4,paper_ssp_200m_v1,6,benign_static,hard_960,B4,-55.03705,"{""freeze_id"": ""utility_v2_frozen_2026-09-28"", ""completed_mandatory"": 5, ""anomalies_resolved"": 0, ""useful_reassignments"": 0, ""missed_mandatory"": 7, ""exclusion_violations"": 0, ""reserve_violations"": 0, ""duplicate_work"": 0, ""total_energy_j"": 7410.0, ""unresolved_conflicts"": 0, ""terms"": {""completed_mandatory"": 50.0, ""anomaly_resolved"": 0.0, ""useful_reassignment"": 0.0, ""missed_mandatory"": -105.0, ""exclusion_violation"": -0.0, ""reserve_violation"": -0.0, ""duplicate_work"": -0.0, ""energy"": -0.03705, ""unresolved_conflict"": -0.0}, ""utility"": -55.03705}",5,0,0,0,7
paper_ssp_200m_v1|6|benign_static|hard_960|B4-NoFreshness,paper_ssp_200m_v1,6,benign_static,hard_960,B4-NoFreshness,-43.03765,"{""freeze_id"": ""utility_v2_frozen_2026-09-28"", ""completed_mandatory"": 5, ""anomalies_resolved"": 0, ""useful_reassignments"": 1, ""missed_mandatory"": 7, ""exclusion_violations"": 0, ""reserve_violations"": 0, ""duplicate_work"": 0, ""total_energy_j"": 7530.0, ""unresolved_conflicts"": 0, ""terms"": {""completed_mandatory"": 50.0, ""anomaly_resolved"": 0.0, ""useful_reassignment"": 12.0, ""missed_mandatory"": -105.0, ""exclusion_violation"": -0.0, ""reserve_violation"": -0.0, ""duplicate_work"": -0.0, ""energy"": -0.03765, ""unresolved_conflict"": -0.0}, ""utility"": -43.03765}",5,0,0,0,7
paper_ssp_200m_v1|6|target_recovers_age300|hard_960|B4,paper_ssp_200m_v1,6,target_recovers_age300,hard_960,B4,-55.03705,"{""freeze_id"": ""utility_v2_frozen_2026-09-28"", ""completed_mandatory"": 5, ""anomalies_resolved"": 0, ""useful_reassignments"": 0, ""missed_mandatory"": 7, ""exclusion_violations"": 0, ""reserve_violations"": 0, ""duplicate_work"": 0, ""total_energy_j"": 7410.0, ""unresolved_conflicts"": 0, ""terms"": {""completed_mandatory"": 50.0, ""anomaly_resolved"": 0.0, ""useful_reassignment"": 0.0, ""missed_mandatory"": -105.0, ""exclusion_violation"": -0.0, ""reserve_violation"": -0.0, ""duplicate_work"": -0.0, ""energy"": -0.03705, ""unresolved_conflict"": -0.0}, ""utility"": -55.03705}",5,0,0,0,7
paper_ssp_200m_v1|6|target_recovers_age300|hard_960|B4-NoFreshness,paper_ssp_200m_v1,6,target_recovers_age300,hard_960,B4-NoFreshness,-55.03765,"{""freeze_id"": ""utility_v2_frozen_2026-09-28"", ""completed_mandatory"": 5, ""anomalies_resolved"": 0, ""useful_reassignments"": 0, ""missed_mandatory"": 7, ""exclusion_violations"": 0, ""reserve_violations"": 0, ""duplicate_work"": 0, ""total_energy_j"": 7530.0, ""unresolved_conflicts"": 0, ""terms"": {""completed_mandatory"": 50.0, ""anomaly_resolved"": 0.0, ""useful_reassignment"": 0.0, ""missed_mandatory"": -105.0, ""exclusion_violation"": -0.0, ""reserve_violation"": -0.0, ""duplicate_work"": -0.0, ""energy"": -0.03765, ""unresolved_conflict"": -0.0}, ""utility"": -55.03765}",5,0,0,0,7
paper_ssp_200m_v1|7|benign_static|fresh_120|B4,paper_ssp_200m_v1,7,benign_static,fresh_120,B4,-43.03705,"{""freeze_id"": ""utility_v2_frozen_2026-09-28"", ""completed_mandatory"": 5, ""anomalies_resolved"": 0, ""useful_reassignments"": 1, ""missed_mandatory"": 7, ""exclusion_violations"": 0, ""reserve_violations"": 0, ""duplicate_work"": 0, ""total_energy_j"": 7410.0, ""unresolved_conflicts"": 0, ""terms"": {""completed_mandatory"": 50.0, ""anomaly_resolved"": 0.0, ""useful_reassignment"": 12.0, ""missed_mandatory"": -105.0, ""exclusion_violation"": -0.0, ""reserve_violation"": -0.0, ""duplicate_work"": -0.0, ""energy"": -0.03705, ""unresolved_conflict"": -0.0}, ""utility"": -43.03705}",5,0,0,0,7
paper_ssp_200m_v1|7|benign_static|fresh_120|B4-NoFreshness,paper_ssp_200m_v1,7,benign_static,fresh_120,B4-NoFreshness,-43.03765,"{""freeze_id"": ""utility_v2_frozen_2026-09-28"", ""completed_mandatory"": 5, ""anomalies_resolved"": 0, ""useful_reassignments"": 1, ""missed_mandatory"": 7, ""exclusion_violations"": 0, ""reserve_violations"": 0, ""duplicate_work"": 0, ""total_energy_j"": 7530.0, ""unresolved_conflicts"": 0, ""terms"": {""completed_mandatory"": 50.0, ""anomaly_resolved"": 0.0, ""useful_reassignment"": 12.0, ""missed_mandatory"": -105.0, ""exclusion_violation"": -0.0, ""reserve_violation"": -0.0, ""duplicate_work"": -0.0, ""energy"": -0.03765, ""unresolved_conflict"": -0.0}, ""utility"": -43.03765}",5,0,0,0,7
paper_ssp_200m_v1|7|target_recovers_age300|fresh_120|B4,paper_ssp_200m_v1,7,target_recovers_age300,fresh_120,B4,-43.03705,"{""freeze_id"": ""utility_v2_frozen_2026-09-28"", ""completed_mandatory"": 5, ""anomalies_resolved"": 0, ""useful_reassignments"": 1, ""missed_mandatory"": 7, ""exclusion_violations"": 0, ""reserve_violations"": 0, ""duplicate_work"": 0, ""total_energy_j"": 7410.0, ""unresolved_conflicts"": 0, ""terms"": {""completed_mandatory"": 50.0, ""anomaly_resolved"": 0.0, ""useful_reassignment"": 12.0, ""missed_mandatory"": -105.0, ""exclusion_violation"": -0.0, ""reserve_violation"": -0.0, ""duplicate_work"": -0.0, ""energy"": -0.03705, ""unresolved_conflict"": -0.0}, ""utility"": -43.03705}",5,0,0,0,7
paper_ssp_200m_v1|7|target_recovers_age300|fresh_120|B4-NoFreshness,paper_ssp_200m_v1,7,target_recovers_age300,fresh_120,B4-NoFreshness,-43.03765,"{""freeze_id"": ""utility_v2_frozen_2026-09-28"", ""completed_mandatory"": 5, ""anomalies_resolved"": 0, ""useful_reassignments"": 1, ""missed_mandatory"": 7, ""exclusion_violations"": 0, ""reserve_violations"": 0, ""duplicate_work"": 0, ""total_energy_j"": 7530.0, ""unresolved_conflicts"": 0, ""terms"": {""completed_mandatory"": 50.0, ""anomaly_resolved"": 0.0, ""useful_reassignment"": 12.0, ""missed_mandatory"": -105.0, ""exclusion_violation"": -0.0, ""reserve_violation"": -0.0, ""duplicate_work"": -0.0, ""energy"": -0.03765, ""unresolved_conflict"": -0.0}, ""utility"": -43.03765}",5,0,0,0,7
paper_ssp_200m_v1|7|benign_static|aging_240|B4,paper_ssp_200m_v1,7,benign_static,aging_240,B4,-55.03705,"{""freeze_id"": ""utility_v2_frozen_2026-09-28"", ""completed_mandatory"": 5, ""anomalies_resolved"": 0, ""useful_reassignments"": 0, ""missed_mandatory"": 7, ""exclusion_violations"": 0, ""reserve_violations"": 0, ""duplicate_work"": 0, ""total_energy_j"": 7410.0, ""unresolved_conflicts"": 0, ""terms"": {""completed_mandatory"": 50.0, ""anomaly_resolved"": 0.0, ""useful_reassignment"": 0.0, ""missed_mandatory"": -105.0, ""exclusion_violation"": -0.0, ""reserve_violation"": -0.0, ""duplicate_work"": -0.0, ""energy"": -0.03705, ""unresolved_conflict"": -0.0}, ""utility"": -55.03705}",5,0,0,0,7
paper_ssp_200m_v1|7|benign_static|aging_240|B4-NoFreshness,paper_ssp_200m_v1,7,benign_static,aging_240,B4-NoFreshness,-43.03765,"{""freeze_id"": ""utility_v2_frozen_2026-09-28"", ""completed_mandatory"": 5, ""anomalies_resolved"": 0, ""useful_reassignments"": 1, ""missed_mandatory"": 7, ""exclusion_violations"": 0, ""reserve_violations"": 0, ""duplicate_work"": 0, ""total_energy_j"": 7530.0, ""unresolved_conflicts"": 0, ""terms"": {""completed_mandatory"": 50.0, ""anomaly_resolved"": 0.0, ""useful_reassignment"": 12.0, ""missed_mandatory"": -105.0, ""exclusion_violation"": -0.0, ""reserve_violation"": -0.0, ""duplicate_work"": -0.0, ""energy"": -0.03765, ""unresolved_conflict"": -0.0}, ""utility"": -43.03765}",5,0,0,0,7
paper_ssp_200m_v1|7|target_recovers_age300|aging_240|B4,paper_ssp_200m_v1,7,target_recovers_age300,aging_240,B4,-55.03705,"{""freeze_id"": ""utility_v2_frozen_2026-09-28"", ""completed_mandatory"": 5, ""anomalies_resolved"": 0, ""useful_reassignments"": 0, ""missed_mandatory"": 7, ""exclusion_violations"": 0, ""reserve_violations"": 0, ""duplicate_work"": 0, ""total_energy_j"": 7410.0, ""unresolved_conflicts"": 0, ""terms"": {""completed_mandatory"": 50.0, ""anomaly_resolved"": 0.0, ""useful_reassignment"": 0.0, ""missed_mandatory"": -105.0, ""exclusion_violation"": -0.0, ""reserve_violation"": -0.0, ""duplicate_work"": -0.0, ""energy"": -0.03705, ""unresolved_conflict"": -0.0}, ""utility"": -55.03705}",5,0,0,0,7
paper_ssp_200m_v1|7|target_recovers_age300|aging_240|B4-NoFreshness,paper_ssp_200m_v1,7,target_recovers_age300,aging_240,B4-NoFreshness,-43.03765,"{""freeze_id"": ""utility_v2_frozen_2026-09-28"", ""completed_mandatory"": 5, ""anomalies_resolved"": 0, ""useful_reassignments"": 1, ""missed_mandatory"": 7, ""exclusion_violations"": 0, ""reserve_violations"": 0, ""duplicate_work"": 0, ""total_energy_j"": 7530.0, ""unresolved_conflicts"": 0, ""terms"": {""completed_mandatory"": 50.0, ""anomaly_resolved"": 0.0, ""useful_reassignment"": 12.0, ""missed_mandatory"": -105.0, ""exclusion_violation"": -0.0, ""reserve_violation"": -0.0, ""duplicate_work"": -0.0, ""energy"": -0.03765, ""unresolved_conflict"": -0.0}, ""utility"": -43.03765}",5,0,0,0,7
paper_ssp_200m_v1|7|benign_static|stale_520|B4,paper_ssp_200m_v1,7,benign_static,stale_520,B4,-55.03705,"{""freeze_id"": ""utility_v2_frozen_2026-09-28"", ""completed_mandatory"": 5, ""anomalies_resolved"": 0, ""useful_reassignments"": 0, ""missed_mandatory"": 7, ""exclusion_violations"": 0, ""reserve_violations"": 0, ""duplicate_work"": 0, ""total_energy_j"": 7410.0, ""unresolved_conflicts"": 0, ""terms"": {""completed_mandatory"": 50.0, ""anomaly_resolved"": 0.0, ""useful_reassignment"": 0.0, ""missed_mandatory"": -105.0, ""exclusion_violation"": -0.0, ""reserve_violation"": -0.0, ""duplicate_work"": -0.0, ""energy"": -0.03705, ""unresolved_conflict"": -0.0}, ""utility"": -55.03705}",5,0,0,0,7
paper_ssp_200m_v1|7|benign_static|stale_520|B4-NoFreshness,paper_ssp_200m_v1,7,benign_static,stale_520,B4-NoFreshness,-43.03765,"{""freeze_id"": ""utility_v2_frozen_2026-09-28"", ""completed_mandatory"": 5, ""anomalies_resolved"": 0, ""useful_reassignments"": 1, ""missed_mandatory"": 7, ""exclusion_violations"": 0, ""reserve_violations"": 0, ""duplicate_work"": 0, ""total_energy_j"": 7530.0, ""unresolved_conflicts"": 0, ""terms"": {""completed_mandatory"": 50.0, ""anomaly_resolved"": 0.0, ""useful_reassignment"": 12.0, ""missed_mandatory"": -105.0, ""exclusion_violation"": -0.0, ""reserve_violation"": -0.0, ""duplicate_work"": -0.0, ""energy"": -0.03765, ""unresolved_conflict"": -0.0}, ""utility"": -43.03765}",5,0,0,0,7
paper_ssp_200m_v1|7|target_recovers_age300|stale_520|B4,paper_ssp_200m_v1,7,target_recovers_age300,stale_520,B4,-55.03705,"{""freeze_id"": ""utility_v2_frozen_2026-09-28"", ""completed_mandatory"": 5, ""anomalies_resolved"": 0, ""useful_reassignments"": 0, ""missed_mandatory"": 7, ""exclusion_violations"": 0, ""reserve_violations"": 0, ""duplicate_work"": 0, ""total_energy_j"": 7410.0, ""unresolved_conflicts"": 0, ""terms"": {""completed_mandatory"": 50.0, ""anomaly_resolved"": 0.0, ""useful_reassignment"": 0.0, ""missed_mandatory"": -105.0, ""exclusion_violation"": -0.0, ""reserve_violation"": -0.0, ""duplicate_work"": -0.0, ""energy"": -0.03705, ""unresolved_conflict"": -0.0}, ""utility"": -55.03705}",5,0,0,0,7
paper_ssp_200m_v1|7|target_recovers_age300|stale_520|B4-NoFreshness,paper_ssp_200m_v1,7,target_recovers_age300,stale_520,B4-NoFreshness,-55.03765,"{""freeze_id"": ""utility_v2_frozen_2026-09-28"", ""completed_mandatory"": 5, ""anomalies_resolved"": 0, ""useful_reassignments"": 0, ""missed_mandatory"": 7, ""exclusion_violations"": 0, ""reserve_violations"": 0, ""duplicate_work"": 0, ""total_energy_j"": 7530.0, ""unresolved_conflicts"": 0, ""terms"": {""completed_mandatory"": 50.0, ""anomaly_resolved"": 0.0, ""useful_reassignment"": 0.0, ""missed_mandatory"": -105.0, ""exclusion_violation"": -0.0, ""reserve_violation"": -0.0, ""duplicate_work"": -0.0, ""energy"": -0.03765, ""unresolved_conflict"": -0.0}, ""utility"": -55.03765}",5,0,0,0,7
paper_ssp_200m_v1|7|benign_static|hard_960|B4,paper_ssp_200m_v1,7,benign_static,hard_960,B4,-55.03705,"{""freeze_id"": ""utility_v2_frozen_2026-09-28"", ""completed_mandatory"": 5, ""anomalies_resolved"": 0, ""useful_reassignments"": 0, ""missed_mandatory"": 7, ""exclusion_violations"": 0, ""reserve_violations"": 0, ""duplicate_work"": 0, ""total_energy_j"": 7410.0, ""unresolved_conflicts"": 0, ""terms"": {""completed_mandatory"": 50.0, ""anomaly_resolved"": 0.0, ""useful_reassignment"": 0.0, ""missed_mandatory"": -105.0, ""exclusion_violation"": -0.0, ""reserve_violation"": -0.0, ""duplicate_work"": -0.0, ""energy"": -0.03705, ""unresolved_conflict"": -0.0}, ""utility"": -55.03705}",5,0,0,0,7
paper_ssp_200m_v1|7|benign_static|hard_960|B4-NoFreshness,paper_ssp_200m_v1,7,benign_static,hard_960,B4-NoFreshness,-43.03765,"{""freeze_id"": ""utility_v2_frozen_2026-09-28"", ""completed_mandatory"": 5, ""anomalies_resolved"": 0, ""useful_reassignments"": 1, ""missed_mandatory"": 7, ""exclusion_violations"": 0, ""reserve_violations"": 0, ""duplicate_work"": 0, ""total_energy_j"": 7530.0, ""unresolved_conflicts"": 0, ""terms"": {""completed_mandatory"": 50.0, ""anomaly_resolved"": 0.0, ""useful_reassignment"": 12.0, ""missed_mandatory"": -105.0, ""exclusion_violation"": -0.0, ""reserve_violation"": -0.0, ""duplicate_work"": -0.0, ""energy"": -0.03765, ""unresolved_conflict"": -0.0}, ""utility"": -43.03765}",5,0,0,0,7
paper_ssp_200m_v1|7|target_recovers_age300|hard_960|B4,paper_ssp_200m_v1,7,target_recovers_age300,hard_960,B4,-55.03705,"{""freeze_id"": ""utility_v2_frozen_2026-09-28"", ""completed_mandatory"": 5, ""anomalies_resolved"": 0, ""useful_reassignments"": 0, ""missed_mandatory"": 7, ""exclusion_violations"": 0, ""reserve_violations"": 0, ""duplicate_work"": 0, ""total_energy_j"": 7410.0, ""unresolved_conflicts"": 0, ""terms"": {""completed_mandatory"": 50.0, ""anomaly_resolved"": 0.0, ""useful_reassignment"": 0.0, ""missed_mandatory"": -105.0, ""exclusion_violation"": -0.0, ""reserve_violation"": -0.0, ""duplicate_work"": -0.0, ""energy"": -0.03705, ""unresolved_conflict"": -0.0}, ""utility"": -55.03705}",5,0,0,0,7
paper_ssp_200m_v1|7|target_recovers_age300|hard_960|B4-NoFreshness,paper_ssp_200m_v1,7,target_recovers_age300,hard_960,B4-NoFreshness,-55.03765,"{""freeze_id"": ""utility_v2_frozen_2026-09-28"", ""completed_mandatory"": 5, ""anomalies_resolved"": 0, ""useful_reassignments"": 0, ""missed_mandatory"": 7, ""exclusion_violations"": 0, ""reserve_violations"": 0, ""duplicate_work"": 0, ""total_energy_j"": 7530.0, ""unresolved_conflicts"": 0, ""terms"": {""completed_mandatory"": 50.0, ""anomaly_resolved"": 0.0, ""useful_reassignment"": 0.0, ""missed_mandatory"": -105.0, ""exclusion_violation"": -0.0, ""reserve_violation"": -0.0, ""duplicate_work"": -0.0, ""energy"": -0.03765, ""unresolved_conflict"": -0.0}, ""utility"": -55.03765}",5,0,0,0,7
paper_ssp_200m_v1|8|benign_static|fresh_120|B4,paper_ssp_200m_v1,8,benign_static,fresh_120,B4,-43.03705,"{""freeze_id"": ""utility_v2_frozen_2026-09-28"", ""completed_mandatory"": 5, ""anomalies_resolved"": 0, ""useful_reassignments"": 1, ""missed_mandatory"": 7, ""exclusion_violations"": 0, ""reserve_violations"": 0, ""duplicate_work"": 0, ""total_energy_j"": 7410.0, ""unresolved_conflicts"": 0, ""terms"": {""completed_mandatory"": 50.0, ""anomaly_resolved"": 0.0, ""useful_reassignment"": 12.0, ""missed_mandatory"": -105.0, ""exclusion_violation"": -0.0, ""reserve_violation"": -0.0, ""duplicate_work"": -0.0, ""energy"": -0.03705, ""unresolved_conflict"": -0.0}, ""utility"": -43.03705}",5,0,0,0,7
paper_ssp_200m_v1|8|benign_static|fresh_120|B4-NoFreshness,paper_ssp_200m_v1,8,benign_static,fresh_120,B4-NoFreshness,-43.03765,"{""freeze_id"": ""utility_v2_frozen_2026-09-28"", ""completed_mandatory"": 5, ""anomalies_resolved"": 0, ""useful_reassignments"": 1, ""missed_mandatory"": 7, ""exclusion_violations"": 0, ""reserve_violations"": 0, ""duplicate_work"": 0, ""total_energy_j"": 7530.0, ""unresolved_conflicts"": 0, ""terms"": {""completed_mandatory"": 50.0, ""anomaly_resolved"": 0.0, ""useful_reassignment"": 12.0, ""missed_mandatory"": -105.0, ""exclusion_violation"": -0.0, ""reserve_violation"": -0.0, ""duplicate_work"": -0.0, ""energy"": -0.03765, ""unresolved_conflict"": -0.0}, ""utility"": -43.03765}",5,0,0,0,7
paper_ssp_200m_v1|8|target_recovers_age300|fresh_120|B4,paper_ssp_200m_v1,8,target_recovers_age300,fresh_120,B4,-43.03705,"{""freeze_id"": ""utility_v2_frozen_2026-09-28"", ""completed_mandatory"": 5, ""anomalies_resolved"": 0, ""useful_reassignments"": 1, ""missed_mandatory"": 7, ""exclusion_violations"": 0, ""reserve_violations"": 0, ""duplicate_work"": 0, ""total_energy_j"": 7410.0, ""unresolved_conflicts"": 0, ""terms"": {""completed_mandatory"": 50.0, ""anomaly_resolved"": 0.0, ""useful_reassignment"": 12.0, ""missed_mandatory"": -105.0, ""exclusion_violation"": -0.0, ""reserve_violation"": -0.0, ""duplicate_work"": -0.0, ""energy"": -0.03705, ""unresolved_conflict"": -0.0}, ""utility"": -43.03705}",5,0,0,0,7
paper_ssp_200m_v1|8|target_recovers_age300|fresh_120|B4-NoFreshness,paper_ssp_200m_v1,8,target_recovers_age300,fresh_120,B4-NoFreshness,-43.03765,"{""freeze_id"": ""utility_v2_frozen_2026-09-28"", ""completed_mandatory"": 5, ""anomalies_resolved"": 0, ""useful_reassignments"": 1, ""missed_mandatory"": 7, ""exclusion_violations"": 0, ""reserve_violations"": 0, ""duplicate_work"": 0, ""total_energy_j"": 7530.0, ""unresolved_conflicts"": 0, ""terms"": {""completed_mandatory"": 50.0, ""anomaly_resolved"": 0.0, ""useful_reassignment"": 12.0, ""missed_mandatory"": -105.0, ""exclusion_violation"": -0.0, ""reserve_violation"": -0.0, ""duplicate_work"": -0.0, ""energy"": -0.03765, ""unresolved_conflict"": -0.0}, ""utility"": -43.03765}",5,0,0,0,7
paper_ssp_200m_v1|8|benign_static|aging_240|B4,paper_ssp_200m_v1,8,benign_static,aging_240,B4,-55.03705,"{""freeze_id"": ""utility_v2_frozen_2026-09-28"", ""completed_mandatory"": 5, ""anomalies_resolved"": 0, ""useful_reassignments"": 0, ""missed_mandatory"": 7, ""exclusion_violations"": 0, ""reserve_violations"": 0, ""duplicate_work"": 0, ""total_energy_j"": 7410.0, ""unresolved_conflicts"": 0, ""terms"": {""completed_mandatory"": 50.0, ""anomaly_resolved"": 0.0, ""useful_reassignment"": 0.0, ""missed_mandatory"": -105.0, ""exclusion_violation"": -0.0, ""reserve_violation"": -0.0, ""duplicate_work"": -0.0, ""energy"": -0.03705, ""unresolved_conflict"": -0.0}, ""utility"": -55.03705}",5,0,0,0,7
paper_ssp_200m_v1|8|benign_static|aging_240|B4-NoFreshness,paper_ssp_200m_v1,8,benign_static,aging_240,B4-NoFreshness,-43.03765,"{""freeze_id"": ""utility_v2_frozen_2026-09-28"", ""completed_mandatory"": 5, ""anomalies_resolved"": 0, ""useful_reassignments"": 1, ""missed_mandatory"": 7, ""exclusion_violations"": 0, ""reserve_violations"": 0, ""duplicate_work"": 0, ""total_energy_j"": 7530.0, ""unresolved_conflicts"": 0, ""terms"": {""completed_mandatory"": 50.0, ""anomaly_resolved"": 0.0, ""useful_reassignment"": 12.0, ""missed_mandatory"": -105.0, ""exclusion_violation"": -0.0, ""reserve_violation"": -0.0, ""duplicate_work"": -0.0, ""energy"": -0.03765, ""unresolved_conflict"": -0.0}, ""utility"": -43.03765}",5,0,0,0,7
paper_ssp_200m_v1|8|target_recovers_age300|aging_240|B4,paper_ssp_200m_v1,8,target_recovers_age300,aging_240,B4,-55.03705,"{""freeze_id"": ""utility_v2_frozen_2026-09-28"", ""completed_mandatory"": 5, ""anomalies_resolved"": 0, ""useful_reassignments"": 0, ""missed_mandatory"": 7, ""exclusion_violations"": 0, ""reserve_violations"": 0, ""duplicate_work"": 0, ""total_energy_j"": 7410.0, ""unresolved_conflicts"": 0, ""terms"": {""completed_mandatory"": 50.0, ""anomaly_resolved"": 0.0, ""useful_reassignment"": 0.0, ""missed_mandatory"": -105.0, ""exclusion_violation"": -0.0, ""reserve_violation"": -0.0, ""duplicate_work"": -0.0, ""energy"": -0.03705, ""unresolved_conflict"": -0.0}, ""utility"": -55.03705}",5,0,0,0,7
paper_ssp_200m_v1|8|target_recovers_age300|aging_240|B4-NoFreshness,paper_ssp_200m_v1,8,target_recovers_age300,aging_240,B4-NoFreshness,-43.03765,"{""freeze_id"": ""utility_v2_frozen_2026-09-28"", ""completed_mandatory"": 5, ""anomalies_resolved"": 0, ""useful_reassignments"": 1, ""missed_mandatory"": 7, ""exclusion_violations"": 0, ""reserve_violations"": 0, ""duplicate_work"": 0, ""total_energy_j"": 7530.0, ""unresolved_conflicts"": 0, ""terms"": {""completed_mandatory"": 50.0, ""anomaly_resolved"": 0.0, ""useful_reassignment"": 12.0, ""missed_mandatory"": -105.0, ""exclusion_violation"": -0.0, ""reserve_violation"": -0.0, ""duplicate_work"": -0.0, ""energy"": -0.03765, ""unresolved_conflict"": -0.0}, ""utility"": -43.03765}",5,0,0,0,7
paper_ssp_200m_v1|8|benign_static|stale_520|B4,paper_ssp_200m_v1,8,benign_static,stale_520,B4,-55.03705,"{""freeze_id"": ""utility_v2_frozen_2026-09-28"", ""completed_mandatory"": 5, ""anomalies_resolved"": 0, ""useful_reassignments"": 0, ""missed_mandatory"": 7, ""exclusion_violations"": 0, ""reserve_violations"": 0, ""duplicate_work"": 0, ""total_energy_j"": 7410.0, ""unresolved_conflicts"": 0, ""terms"": {""completed_mandatory"": 50.0, ""anomaly_resolved"": 0.0, ""useful_reassignment"": 0.0, ""missed_mandatory"": -105.0, ""exclusion_violation"": -0.0, ""reserve_violation"": -0.0, ""duplicate_work"": -0.0, ""energy"": -0.03705, ""unresolved_conflict"": -0.0}, ""utility"": -55.03705}",5,0,0,0,7
paper_ssp_200m_v1|8|benign_static|stale_520|B4-NoFreshness,paper_ssp_200m_v1,8,benign_static,stale_520,B4-NoFreshness,-43.03765,"{""freeze_id"": ""utility_v2_frozen_2026-09-28"", ""completed_mandatory"": 5, ""anomalies_resolved"": 0, ""useful_reassignments"": 1, ""missed_mandatory"": 7, ""exclusion_violations"": 0, ""reserve_violations"": 0, ""duplicate_work"": 0, ""total_energy_j"": 7530.0, ""unresolved_conflicts"": 0, ""terms"": {""completed_mandatory"": 50.0, ""anomaly_resolved"": 0.0, ""useful_reassignment"": 12.0, ""missed_mandatory"": -105.0, ""exclusion_violation"": -0.0, ""reserve_violation"": -0.0, ""duplicate_work"": -0.0, ""energy"": -0.03765, ""unresolved_conflict"": -0.0}, ""utility"": -43.03765}",5,0,0,0,7
paper_ssp_200m_v1|8|target_recovers_age300|stale_520|B4,paper_ssp_200m_v1,8,target_recovers_age300,stale_520,B4,-55.03705,"{""freeze_id"": ""utility_v2_frozen_2026-09-28"", ""completed_mandatory"": 5, ""anomalies_resolved"": 0, ""useful_reassignments"": 0, ""missed_mandatory"": 7, ""exclusion_violations"": 0, ""reserve_violations"": 0, ""duplicate_work"": 0, ""total_energy_j"": 7410.0, ""unresolved_conflicts"": 0, ""terms"": {""completed_mandatory"": 50.0, ""anomaly_resolved"": 0.0, ""useful_reassignment"": 0.0, ""missed_mandatory"": -105.0, ""exclusion_violation"": -0.0, ""reserve_violation"": -0.0, ""duplicate_work"": -0.0, ""energy"": -0.03705, ""unresolved_conflict"": -0.0}, ""utility"": -55.03705}",5,0,0,0,7
paper_ssp_200m_v1|8|target_recovers_age300|stale_520|B4-NoFreshness,paper_ssp_200m_v1,8,target_recovers_age300,stale_520,B4-NoFreshness,-55.03765,"{""freeze_id"": ""utility_v2_frozen_2026-09-28"", ""completed_mandatory"": 5, ""anomalies_resolved"": 0, ""useful_reassignments"": 0, ""missed_mandatory"": 7, ""exclusion_violations"": 0, ""reserve_violations"": 0, ""duplicate_work"": 0, ""total_energy_j"": 7530.0, ""unresolved_conflicts"": 0, ""terms"": {""completed_mandatory"": 50.0, ""anomaly_resolved"": 0.0, ""useful_reassignment"": 0.0, ""missed_mandatory"": -105.0, ""exclusion_violation"": -0.0, ""reserve_violation"": -0.0, ""duplicate_work"": -0.0, ""energy"": -0.03765, ""unresolved_conflict"": -0.0}, ""utility"": -55.03765}",5,0,0,0,7
paper_ssp_200m_v1|8|benign_static|hard_960|B4,paper_ssp_200m_v1,8,benign_static,hard_960,B4,-55.03705,"{""freeze_id"": ""utility_v2_frozen_2026-09-28"", ""completed_mandatory"": 5, ""anomalies_resolved"": 0, ""useful_reassignments"": 0, ""missed_mandatory"": 7, ""exclusion_violations"": 0, ""reserve_violations"": 0, ""duplicate_work"": 0, ""total_energy_j"": 7410.0, ""unresolved_conflicts"": 0, ""terms"": {""completed_mandatory"": 50.0, ""anomaly_resolved"": 0.0, ""useful_reassignment"": 0.0, ""missed_mandatory"": -105.0, ""exclusion_violation"": -0.0, ""reserve_violation"": -0.0, ""duplicate_work"": -0.0, ""energy"": -0.03705, ""unresolved_conflict"": -0.0}, ""utility"": -55.03705}",5,0,0,0,7
paper_ssp_200m_v1|8|benign_static|hard_960|B4-NoFreshness,paper_ssp_200m_v1,8,benign_static,hard_960,B4-NoFreshness,-43.03765,"{""freeze_id"": ""utility_v2_frozen_2026-09-28"", ""completed_mandatory"": 5, ""anomalies_resolved"": 0, ""useful_reassignments"": 1, ""missed_mandatory"": 7, ""exclusion_violations"": 0, ""reserve_violations"": 0, ""duplicate_work"": 0, ""total_energy_j"": 7530.0, ""unresolved_conflicts"": 0, ""terms"": {""completed_mandatory"": 50.0, ""anomaly_resolved"": 0.0, ""useful_reassignment"": 12.0, ""missed_mandatory"": -105.0, ""exclusion_violation"": -0.0, ""reserve_violation"": -0.0, ""duplicate_work"": -0.0, ""energy"": -0.03765, ""unresolved_conflict"": -0.0}, ""utility"": -43.03765}",5,0,0,0,7
paper_ssp_200m_v1|8|target_recovers_age300|hard_960|B4,paper_ssp_200m_v1,8,target_recovers_age300,hard_960,B4,-55.03705,"{""freeze_id"": ""utility_v2_frozen_2026-09-28"", ""completed_mandatory"": 5, ""anomalies_resolved"": 0, ""useful_reassignments"": 0, ""missed_mandatory"": 7, ""exclusion_violations"": 0, ""reserve_violations"": 0, ""duplicate_work"": 0, ""total_energy_j"": 7410.0, ""unresolved_conflicts"": 0, ""terms"": {""completed_mandatory"": 50.0, ""anomaly_resolved"": 0.0, ""useful_reassignment"": 0.0, ""missed_mandatory"": -105.0, ""exclusion_violation"": -0.0, ""reserve_violation"": -0.0, ""duplicate_work"": -0.0, ""energy"": -0.03705, ""unresolved_conflict"": -0.0}, ""utility"": -55.03705}",5,0,0,0,7
paper_ssp_200m_v1|8|target_recovers_age300|hard_960|B4-NoFreshness,paper_ssp_200m_v1,8,target_recovers_age300,hard_960,B4-NoFreshness,-55.03765,"{""freeze_id"": ""utility_v2_frozen_2026-09-28"", ""completed_mandatory"": 5, ""anomalies_resolved"": 0, ""useful_reassignments"": 0, ""missed_mandatory"": 7, ""exclusion_violations"": 0, ""reserve_violations"": 0, ""duplicate_work"": 0, ""total_energy_j"": 7530.0, ""unresolved_conflicts"": 0, ""terms"": {""completed_mandatory"": 50.0, ""anomaly_resolved"": 0.0, ""useful_reassignment"": 0.0, ""missed_mandatory"": -105.0, ""exclusion_violation"": -0.0, ""reserve_violation"": -0.0, ""duplicate_work"": -0.0, ""energy"": -0.03765, ""unresolved_conflict"": -0.0}, ""utility"": -55.03765}",5,0,0,0,7
paper_ssp_200m_v1|9|benign_static|fresh_120|B4,paper_ssp_200m_v1,9,benign_static,fresh_120,B4,-43.03705,"{""freeze_id"": ""utility_v2_frozen_2026-09-28"", ""completed_mandatory"": 5, ""anomalies_resolved"": 0, ""useful_reassignments"": 1, ""missed_mandatory"": 7, ""exclusion_violations"": 0, ""reserve_violations"": 0, ""duplicate_work"": 0, ""total_energy_j"": 7410.0, ""unresolved_conflicts"": 0, ""terms"": {""completed_mandatory"": 50.0, ""anomaly_resolved"": 0.0, ""useful_reassignment"": 12.0, ""missed_mandatory"": -105.0, ""exclusion_violation"": -0.0, ""reserve_violation"": -0.0, ""duplicate_work"": -0.0, ""energy"": -0.03705, ""unresolved_conflict"": -0.0}, ""utility"": -43.03705}",5,0,0,0,7
paper_ssp_200m_v1|9|benign_static|fresh_120|B4-NoFreshness,paper_ssp_200m_v1,9,benign_static,fresh_120,B4-NoFreshness,-43.03765,"{""freeze_id"": ""utility_v2_frozen_2026-09-28"", ""completed_mandatory"": 5, ""anomalies_resolved"": 0, ""useful_reassignments"": 1, ""missed_mandatory"": 7, ""exclusion_violations"": 0, ""reserve_violations"": 0, ""duplicate_work"": 0, ""total_energy_j"": 7530.0, ""unresolved_conflicts"": 0, ""terms"": {""completed_mandatory"": 50.0, ""anomaly_resolved"": 0.0, ""useful_reassignment"": 12.0, ""missed_mandatory"": -105.0, ""exclusion_violation"": -0.0, ""reserve_violation"": -0.0, ""duplicate_work"": -0.0, ""energy"": -0.03765, ""unresolved_conflict"": -0.0}, ""utility"": -43.03765}",5,0,0,0,7
paper_ssp_200m_v1|9|target_recovers_age300|fresh_120|B4,paper_ssp_200m_v1,9,target_recovers_age300,fresh_120,B4,-43.03705,"{""freeze_id"": ""utility_v2_frozen_2026-09-28"", ""completed_mandatory"": 5, ""anomalies_resolved"": 0, ""useful_reassignments"": 1, ""missed_mandatory"": 7, ""exclusion_violations"": 0, ""reserve_violations"": 0, ""duplicate_work"": 0, ""total_energy_j"": 7410.0, ""unresolved_conflicts"": 0, ""terms"": {""completed_mandatory"": 50.0, ""anomaly_resolved"": 0.0, ""useful_reassignment"": 12.0, ""missed_mandatory"": -105.0, ""exclusion_violation"": -0.0, ""reserve_violation"": -0.0, ""duplicate_work"": -0.0, ""energy"": -0.03705, ""unresolved_conflict"": -0.0}, ""utility"": -43.03705}",5,0,0,0,7
paper_ssp_200m_v1|9|target_recovers_age300|fresh_120|B4-NoFreshness,paper_ssp_200m_v1,9,target_recovers_age300,fresh_120,B4-NoFreshness,-43.03765,"{""freeze_id"": ""utility_v2_frozen_2026-09-28"", ""completed_mandatory"": 5, ""anomalies_resolved"": 0, ""useful_reassignments"": 1, ""missed_mandatory"": 7, ""exclusion_violations"": 0, ""reserve_violations"": 0, ""duplicate_work"": 0, ""total_energy_j"": 7530.0, ""unresolved_conflicts"": 0, ""terms"": {""completed_mandatory"": 50.0, ""anomaly_resolved"": 0.0, ""useful_reassignment"": 12.0, ""missed_mandatory"": -105.0, ""exclusion_violation"": -0.0, ""reserve_violation"": -0.0, ""duplicate_work"": -0.0, ""energy"": -0.03765, ""unresolved_conflict"": -0.0}, ""utility"": -43.03765}",5,0,0,0,7
paper_ssp_200m_v1|9|benign_static|aging_240|B4,paper_ssp_200m_v1,9,benign_static,aging_240,B4,-55.03705,"{""freeze_id"": ""utility_v2_frozen_2026-09-28"", ""completed_mandatory"": 5, ""anomalies_resolved"": 0, ""useful_reassignments"": 0, ""missed_mandatory"": 7, ""exclusion_violations"": 0, ""reserve_violations"": 0, ""duplicate_work"": 0, ""total_energy_j"": 7410.0, ""unresolved_conflicts"": 0, ""terms"": {""completed_mandatory"": 50.0, ""anomaly_resolved"": 0.0, ""useful_reassignment"": 0.0, ""missed_mandatory"": -105.0, ""exclusion_violation"": -0.0, ""reserve_violation"": -0.0, ""duplicate_work"": -0.0, ""energy"": -0.03705, ""unresolved_conflict"": -0.0}, ""utility"": -55.03705}",5,0,0,0,7
paper_ssp_200m_v1|9|benign_static|aging_240|B4-NoFreshness,paper_ssp_200m_v1,9,benign_static,aging_240,B4-NoFreshness,-43.03765,"{""freeze_id"": ""utility_v2_frozen_2026-09-28"", ""completed_mandatory"": 5, ""anomalies_resolved"": 0, ""useful_reassignments"": 1, ""missed_mandatory"": 7, ""exclusion_violations"": 0, ""reserve_violations"": 0, ""duplicate_work"": 0, ""total_energy_j"": 7530.0, ""unresolved_conflicts"": 0, ""terms"": {""completed_mandatory"": 50.0, ""anomaly_resolved"": 0.0, ""useful_reassignment"": 12.0, ""missed_mandatory"": -105.0, ""exclusion_violation"": -0.0, ""reserve_violation"": -0.0, ""duplicate_work"": -0.0, ""energy"": -0.03765, ""unresolved_conflict"": -0.0}, ""utility"": -43.03765}",5,0,0,0,7
paper_ssp_200m_v1|9|target_recovers_age300|aging_240|B4,paper_ssp_200m_v1,9,target_recovers_age300,aging_240,B4,-55.03705,"{""freeze_id"": ""utility_v2_frozen_2026-09-28"", ""completed_mandatory"": 5, ""anomalies_resolved"": 0, ""useful_reassignments"": 0, ""missed_mandatory"": 7, ""exclusion_violations"": 0, ""reserve_violations"": 0, ""duplicate_work"": 0, ""total_energy_j"": 7410.0, ""unresolved_conflicts"": 0, ""terms"": {""completed_mandatory"": 50.0, ""anomaly_resolved"": 0.0, ""useful_reassignment"": 0.0, ""missed_mandatory"": -105.0, ""exclusion_violation"": -0.0, ""reserve_violation"": -0.0, ""duplicate_work"": -0.0, ""energy"": -0.03705, ""unresolved_conflict"": -0.0}, ""utility"": -55.03705}",5,0,0,0,7
paper_ssp_200m_v1|9|target_recovers_age300|aging_240|B4-NoFreshness,paper_ssp_200m_v1,9,target_recovers_age300,aging_240,B4-NoFreshness,-43.03765,"{""freeze_id"": ""utility_v2_frozen_2026-09-28"", ""completed_mandatory"": 5, ""anomalies_resolved"": 0, ""useful_reassignments"": 1, ""missed_mandatory"": 7, ""exclusion_violations"": 0, ""reserve_violations"": 0, ""duplicate_work"": 0, ""total_energy_j"": 7530.0, ""unresolved_conflicts"": 0, ""terms"": {""completed_mandatory"": 50.0, ""anomaly_resolved"": 0.0, ""useful_reassignment"": 12.0, ""missed_mandatory"": -105.0, ""exclusion_violation"": -0.0, ""reserve_violation"": -0.0, ""duplicate_work"": -0.0, ""energy"": -0.03765, ""unresolved_conflict"": -0.0}, ""utility"": -43.03765}",5,0,0,0,7
paper_ssp_200m_v1|9|benign_static|stale_520|B4,paper_ssp_200m_v1,9,benign_static,stale_520,B4,-55.03705,"{""freeze_id"": ""utility_v2_frozen_2026-09-28"", ""completed_mandatory"": 5, ""anomalies_resolved"": 0, ""useful_reassignments"": 0, ""missed_mandatory"": 7, ""exclusion_violations"": 0, ""reserve_violations"": 0, ""duplicate_work"": 0, ""total_energy_j"": 7410.0, ""unresolved_conflicts"": 0, ""terms"": {""completed_mandatory"": 50.0, ""anomaly_resolved"": 0.0, ""useful_reassignment"": 0.0, ""missed_mandatory"": -105.0, ""exclusion_violation"": -0.0, ""reserve_violation"": -0.0, ""duplicate_work"": -0.0, ""energy"": -0.03705, ""unresolved_conflict"": -0.0}, ""utility"": -55.03705}",5,0,0,0,7
paper_ssp_200m_v1|9|benign_static|stale_520|B4-NoFreshness,paper_ssp_200m_v1,9,benign_static,stale_520,B4-NoFreshness,-43.03765,"{""freeze_id"": ""utility_v2_frozen_2026-09-28"", ""completed_mandatory"": 5, ""anomalies_resolved"": 0, ""useful_reassignments"": 1, ""missed_mandatory"": 7, ""exclusion_violations"": 0, ""reserve_violations"": 0, ""duplicate_work"": 0, ""total_energy_j"": 7530.0, ""unresolved_conflicts"": 0, ""terms"": {""completed_mandatory"": 50.0, ""anomaly_resolved"": 0.0, ""useful_reassignment"": 12.0, ""missed_mandatory"": -105.0, ""exclusion_violation"": -0.0, ""reserve_violation"": -0.0, ""duplicate_work"": -0.0, ""energy"": -0.03765, ""unresolved_conflict"": -0.0}, ""utility"": -43.03765}",5,0,0,0,7
paper_ssp_200m_v1|9|target_recovers_age300|stale_520|B4,paper_ssp_200m_v1,9,target_recovers_age300,stale_520,B4,-55.03705,"{""freeze_id"": ""utility_v2_frozen_2026-09-28"", ""completed_mandatory"": 5, ""anomalies_resolved"": 0, ""useful_reassignments"": 0, ""missed_mandatory"": 7, ""exclusion_violations"": 0, ""reserve_violations"": 0, ""duplicate_work"": 0, ""total_energy_j"": 7410.0, ""unresolved_conflicts"": 0, ""terms"": {""completed_mandatory"": 50.0, ""anomaly_resolved"": 0.0, ""useful_reassignment"": 0.0, ""missed_mandatory"": -105.0, ""exclusion_violation"": -0.0, ""reserve_violation"": -0.0, ""duplicate_work"": -0.0, ""energy"": -0.03705, ""unresolved_conflict"": -0.0}, ""utility"": -55.03705}",5,0,0,0,7
paper_ssp_200m_v1|9|target_recovers_age300|stale_520|B4-NoFreshness,paper_ssp_200m_v1,9,target_recovers_age300,stale_520,B4-NoFreshness,-55.03765,"{""freeze_id"": ""utility_v2_frozen_2026-09-28"", ""completed_mandatory"": 5, ""anomalies_resolved"": 0, ""useful_reassignments"": 0, ""missed_mandatory"": 7, ""exclusion_violations"": 0, ""reserve_violations"": 0, ""duplicate_work"": 0, ""total_energy_j"": 7530.0, ""unresolved_conflicts"": 0, ""terms"": {""completed_mandatory"": 50.0, ""anomaly_resolved"": 0.0, ""useful_reassignment"": 0.0, ""missed_mandatory"": -105.0, ""exclusion_violation"": -0.0, ""reserve_violation"": -0.0, ""duplicate_work"": -0.0, ""energy"": -0.03765, ""unresolved_conflict"": -0.0}, ""utility"": -55.03765}",5,0,0,0,7
paper_ssp_200m_v1|9|benign_static|hard_960|B4,paper_ssp_200m_v1,9,benign_static,hard_960,B4,-55.03705,"{""freeze_id"": ""utility_v2_frozen_2026-09-28"", ""completed_mandatory"": 5, ""anomalies_resolved"": 0, ""useful_reassignments"": 0, ""missed_mandatory"": 7, ""exclusion_violations"": 0, ""reserve_violations"": 0, ""duplicate_work"": 0, ""total_energy_j"": 7410.0, ""unresolved_conflicts"": 0, ""terms"": {""completed_mandatory"": 50.0, ""anomaly_resolved"": 0.0, ""useful_reassignment"": 0.0, ""missed_mandatory"": -105.0, ""exclusion_violation"": -0.0, ""reserve_violation"": -0.0, ""duplicate_work"": -0.0, ""energy"": -0.03705, ""unresolved_conflict"": -0.0}, ""utility"": -55.03705}",5,0,0,0,7
paper_ssp_200m_v1|9|benign_static|hard_960|B4-NoFreshness,paper_ssp_200m_v1,9,benign_static,hard_960,B4-NoFreshness,-43.03765,"{""freeze_id"": ""utility_v2_frozen_2026-09-28"", ""completed_mandatory"": 5, ""anomalies_resolved"": 0, ""useful_reassignments"": 1, ""missed_mandatory"": 7, ""exclusion_violations"": 0, ""reserve_violations"": 0, ""duplicate_work"": 0, ""total_energy_j"": 7530.0, ""unresolved_conflicts"": 0, ""terms"": {""completed_mandatory"": 50.0, ""anomaly_resolved"": 0.0, ""useful_reassignment"": 12.0, ""missed_mandatory"": -105.0, ""exclusion_violation"": -0.0, ""reserve_violation"": -0.0, ""duplicate_work"": -0.0, ""energy"": -0.03765, ""unresolved_conflict"": -0.0}, ""utility"": -43.03765}",5,0,0,0,7
paper_ssp_200m_v1|9|target_recovers_age300|hard_960|B4,paper_ssp_200m_v1,9,target_recovers_age300,hard_960,B4,-55.03705,"{""freeze_id"": ""utility_v2_frozen_2026-09-28"", ""completed_mandatory"": 5, ""anomalies_resolved"": 0, ""useful_reassignments"": 0, ""missed_mandatory"": 7, ""exclusion_violations"": 0, ""reserve_violations"": 0, ""duplicate_work"": 0, ""total_energy_j"": 7410.0, ""unresolved_conflicts"": 0, ""terms"": {""completed_mandatory"": 50.0, ""anomaly_resolved"": 0.0, ""useful_reassignment"": 0.0, ""missed_mandatory"": -105.0, ""exclusion_violation"": -0.0, ""reserve_violation"": -0.0, ""duplicate_work"": -0.0, ""energy"": -0.03705, ""unresolved_conflict"": -0.0}, ""utility"": -55.03705}",5,0,0,0,7
paper_ssp_200m_v1|9|target_recovers_age300|hard_960|B4-NoFreshness,paper_ssp_200m_v1,9,target_recovers_age300,hard_960,B4-NoFreshness,-55.03765,"{""freeze_id"": ""utility_v2_frozen_2026-09-28"", ""completed_mandatory"": 5, ""anomalies_resolved"": 0, ""useful_reassignments"": 0, ""missed_mandatory"": 7, ""exclusion_violations"": 0, ""reserve_violations"": 0, ""duplicate_work"": 0, ""total_energy_j"": 7530.0, ""unresolved_conflicts"": 0, ""terms"": {""completed_mandatory"": 50.0, ""anomaly_resolved"": 0.0, ""useful_reassignment"": 0.0, ""missed_mandatory"": -105.0, ""exclusion_violation"": -0.0, ""reserve_violation"": -0.0, ""duplicate_work"": -0.0, ""energy"": -0.03765, ""unresolved_conflict"": -0.0}, ""utility"": -55.03765}",5,0,0,0,7
paper_ssp_200m_moderate_v1|0|benign_static|fresh_120|B4,paper_ssp_200m_moderate_v1,0,benign_static,fresh_120,B4,-43.03705,"{""freeze_id"": ""utility_v2_frozen_2026-09-28"", ""completed_mandatory"": 5, ""anomalies_resolved"": 0, ""useful_reassignments"": 1, ""missed_mandatory"": 7, ""exclusion_violations"": 0, ""reserve_violations"": 0, ""duplicate_work"": 0, ""total_energy_j"": 7410.0, ""unresolved_conflicts"": 0, ""terms"": {""completed_mandatory"": 50.0, ""anomaly_resolved"": 0.0, ""useful_reassignment"": 12.0, ""missed_mandatory"": -105.0, ""exclusion_violation"": -0.0, ""reserve_violation"": -0.0, ""duplicate_work"": -0.0, ""energy"": -0.03705, ""unresolved_conflict"": -0.0}, ""utility"": -43.03705}",5,0,0,0,7
paper_ssp_200m_moderate_v1|0|benign_static|fresh_120|B4-NoFreshness,paper_ssp_200m_moderate_v1,0,benign_static,fresh_120,B4-NoFreshness,-43.03765,"{""freeze_id"": ""utility_v2_frozen_2026-09-28"", ""completed_mandatory"": 5, ""anomalies_resolved"": 0, ""useful_reassignments"": 1, ""missed_mandatory"": 7, ""exclusion_violations"": 0, ""reserve_violations"": 0, ""duplicate_work"": 0, ""total_energy_j"": 7530.0, ""unresolved_conflicts"": 0, ""terms"": {""completed_mandatory"": 50.0, ""anomaly_resolved"": 0.0, ""useful_reassignment"": 12.0, ""missed_mandatory"": -105.0, ""exclusion_violation"": -0.0, ""reserve_violation"": -0.0, ""duplicate_work"": -0.0, ""energy"": -0.03765, ""unresolved_conflict"": -0.0}, ""utility"": -43.03765}",5,0,0,0,7
paper_ssp_200m_moderate_v1|0|target_recovers_age300|fresh_120|B4,paper_ssp_200m_moderate_v1,0,target_recovers_age300,fresh_120,B4,-43.03705,"{""freeze_id"": ""utility_v2_frozen_2026-09-28"", ""completed_mandatory"": 5, ""anomalies_resolved"": 0, ""useful_reassignments"": 1, ""missed_mandatory"": 7, ""exclusion_violations"": 0, ""reserve_violations"": 0, ""duplicate_work"": 0, ""total_energy_j"": 7410.0, ""unresolved_conflicts"": 0, ""terms"": {""completed_mandatory"": 50.0, ""anomaly_resolved"": 0.0, ""useful_reassignment"": 12.0, ""missed_mandatory"": -105.0, ""exclusion_violation"": -0.0, ""reserve_violation"": -0.0, ""duplicate_work"": -0.0, ""energy"": -0.03705, ""unresolved_conflict"": -0.0}, ""utility"": -43.03705}",5,0,0,0,7
paper_ssp_200m_moderate_v1|0|target_recovers_age300|fresh_120|B4-NoFreshness,paper_ssp_200m_moderate_v1,0,target_recovers_age300,fresh_120,B4-NoFreshness,-43.03765,"{""freeze_id"": ""utility_v2_frozen_2026-09-28"", ""completed_mandatory"": 5, ""anomalies_resolved"": 0, ""useful_reassignments"": 1, ""missed_mandatory"": 7, ""exclusion_violations"": 0, ""reserve_violations"": 0, ""duplicate_work"": 0, ""total_energy_j"": 7530.0, ""unresolved_conflicts"": 0, ""terms"": {""completed_mandatory"": 50.0, ""anomaly_resolved"": 0.0, ""useful_reassignment"": 12.0, ""missed_mandatory"": -105.0, ""exclusion_violation"": -0.0, ""reserve_violation"": -0.0, ""duplicate_work"": -0.0, ""energy"": -0.03765, ""unresolved_conflict"": -0.0}, ""utility"": -43.03765}",5,0,0,0,7
paper_ssp_200m_moderate_v1|0|benign_static|aging_240|B4,paper_ssp_200m_moderate_v1,0,benign_static,aging_240,B4,-55.03705,"{""freeze_id"": ""utility_v2_frozen_2026-09-28"", ""completed_mandatory"": 5, ""anomalies_resolved"": 0, ""useful_reassignments"": 0, ""missed_mandatory"": 7, ""exclusion_violations"": 0, ""reserve_violations"": 0, ""duplicate_work"": 0, ""total_energy_j"": 7410.0, ""unresolved_conflicts"": 0, ""terms"": {""completed_mandatory"": 50.0, ""anomaly_resolved"": 0.0, ""useful_reassignment"": 0.0, ""missed_mandatory"": -105.0, ""exclusion_violation"": -0.0, ""reserve_violation"": -0.0, ""duplicate_work"": -0.0, ""energy"": -0.03705, ""unresolved_conflict"": -0.0}, ""utility"": -55.03705}",5,0,0,0,7
paper_ssp_200m_moderate_v1|0|benign_static|aging_240|B4-NoFreshness,paper_ssp_200m_moderate_v1,0,benign_static,aging_240,B4-NoFreshness,-43.03765,"{""freeze_id"": ""utility_v2_frozen_2026-09-28"", ""completed_mandatory"": 5, ""anomalies_resolved"": 0, ""useful_reassignments"": 1, ""missed_mandatory"": 7, ""exclusion_violations"": 0, ""reserve_violations"": 0, ""duplicate_work"": 0, ""total_energy_j"": 7530.0, ""unresolved_conflicts"": 0, ""terms"": {""completed_mandatory"": 50.0, ""anomaly_resolved"": 0.0, ""useful_reassignment"": 12.0, ""missed_mandatory"": -105.0, ""exclusion_violation"": -0.0, ""reserve_violation"": -0.0, ""duplicate_work"": -0.0, ""energy"": -0.03765, ""unresolved_conflict"": -0.0}, ""utility"": -43.03765}",5,0,0,0,7
paper_ssp_200m_moderate_v1|0|target_recovers_age300|aging_240|B4,paper_ssp_200m_moderate_v1,0,target_recovers_age300,aging_240,B4,-55.03705,"{""freeze_id"": ""utility_v2_frozen_2026-09-28"", ""completed_mandatory"": 5, ""anomalies_resolved"": 0, ""useful_reassignments"": 0, ""missed_mandatory"": 7, ""exclusion_violations"": 0, ""reserve_violations"": 0, ""duplicate_work"": 0, ""total_energy_j"": 7410.0, ""unresolved_conflicts"": 0, ""terms"": {""completed_mandatory"": 50.0, ""anomaly_resolved"": 0.0, ""useful_reassignment"": 0.0, ""missed_mandatory"": -105.0, ""exclusion_violation"": -0.0, ""reserve_violation"": -0.0, ""duplicate_work"": -0.0, ""energy"": -0.03705, ""unresolved_conflict"": -0.0}, ""utility"": -55.03705}",5,0,0,0,7
paper_ssp_200m_moderate_v1|0|target_recovers_age300|aging_240|B4-NoFreshness,paper_ssp_200m_moderate_v1,0,target_recovers_age300,aging_240,B4-NoFreshness,-43.03765,"{""freeze_id"": ""utility_v2_frozen_2026-09-28"", ""completed_mandatory"": 5, ""anomalies_resolved"": 0, ""useful_reassignments"": 1, ""missed_mandatory"": 7, ""exclusion_violations"": 0, ""reserve_violations"": 0, ""duplicate_work"": 0, ""total_energy_j"": 7530.0, ""unresolved_conflicts"": 0, ""terms"": {""completed_mandatory"": 50.0, ""anomaly_resolved"": 0.0, ""useful_reassignment"": 12.0, ""missed_mandatory"": -105.0, ""exclusion_violation"": -0.0, ""reserve_violation"": -0.0, ""duplicate_work"": -0.0, ""energy"": -0.03765, ""unresolved_conflict"": -0.0}, ""utility"": -43.03765}",5,0,0,0,7
paper_ssp_200m_moderate_v1|0|benign_static|stale_520|B4,paper_ssp_200m_moderate_v1,0,benign_static,stale_520,B4,-55.03705,"{""freeze_id"": ""utility_v2_frozen_2026-09-28"", ""completed_mandatory"": 5, ""anomalies_resolved"": 0, ""useful_reassignments"": 0, ""missed_mandatory"": 7, ""exclusion_violations"": 0, ""reserve_violations"": 0, ""duplicate_work"": 0, ""total_energy_j"": 7410.0, ""unresolved_conflicts"": 0, ""terms"": {""completed_mandatory"": 50.0, ""anomaly_resolved"": 0.0, ""useful_reassignment"": 0.0, ""missed_mandatory"": -105.0, ""exclusion_violation"": -0.0, ""reserve_violation"": -0.0, ""duplicate_work"": -0.0, ""energy"": -0.03705, ""unresolved_conflict"": -0.0}, ""utility"": -55.03705}",5,0,0,0,7
paper_ssp_200m_moderate_v1|0|benign_static|stale_520|B4-NoFreshness,paper_ssp_200m_moderate_v1,0,benign_static,stale_520,B4-NoFreshness,-43.03765,"{""freeze_id"": ""utility_v2_frozen_2026-09-28"", ""completed_mandatory"": 5, ""anomalies_resolved"": 0, ""useful_reassignments"": 1, ""missed_mandatory"": 7, ""exclusion_violations"": 0, ""reserve_violations"": 0, ""duplicate_work"": 0, ""total_energy_j"": 7530.0, ""unresolved_conflicts"": 0, ""terms"": {""completed_mandatory"": 50.0, ""anomaly_resolved"": 0.0, ""useful_reassignment"": 12.0, ""missed_mandatory"": -105.0, ""exclusion_violation"": -0.0, ""reserve_violation"": -0.0, ""duplicate_work"": -0.0, ""energy"": -0.03765, ""unresolved_conflict"": -0.0}, ""utility"": -43.03765}",5,0,0,0,7
paper_ssp_200m_moderate_v1|0|target_recovers_age300|stale_520|B4,paper_ssp_200m_moderate_v1,0,target_recovers_age300,stale_520,B4,-55.03705,"{""freeze_id"": ""utility_v2_frozen_2026-09-28"", ""completed_mandatory"": 5, ""anomalies_resolved"": 0, ""useful_reassignments"": 0, ""missed_mandatory"": 7, ""exclusion_violations"": 0, ""reserve_violations"": 0, ""duplicate_work"": 0, ""total_energy_j"": 7410.0, ""unresolved_conflicts"": 0, ""terms"": {""completed_mandatory"": 50.0, ""anomaly_resolved"": 0.0, ""useful_reassignment"": 0.0, ""missed_mandatory"": -105.0, ""exclusion_violation"": -0.0, ""reserve_violation"": -0.0, ""duplicate_work"": -0.0, ""energy"": -0.03705, ""unresolved_conflict"": -0.0}, ""utility"": -55.03705}",5,0,0,0,7
paper_ssp_200m_moderate_v1|0|target_recovers_age300|stale_520|B4-NoFreshness,paper_ssp_200m_moderate_v1,0,target_recovers_age300,stale_520,B4-NoFreshness,-55.03765,"{""freeze_id"": ""utility_v2_frozen_2026-09-28"", ""completed_mandatory"": 5, ""anomalies_resolved"": 0, ""useful_reassignments"": 0, ""missed_mandatory"": 7, ""exclusion_violations"": 0, ""reserve_violations"": 0, ""duplicate_work"": 0, ""total_energy_j"": 7530.0, ""unresolved_conflicts"": 0, ""terms"": {""completed_mandatory"": 50.0, ""anomaly_resolved"": 0.0, ""useful_reassignment"": 0.0, ""missed_mandatory"": -105.0, ""exclusion_violation"": -0.0, ""reserve_violation"": -0.0, ""duplicate_work"": -0.0, ""energy"": -0.03765, ""unresolved_conflict"": -0.0}, ""utility"": -55.03765}",5,0,0,0,7
paper_ssp_200m_moderate_v1|0|benign_static|hard_960|B4,paper_ssp_200m_moderate_v1,0,benign_static,hard_960,B4,-55.03705,"{""freeze_id"": ""utility_v2_frozen_2026-09-28"", ""completed_mandatory"": 5, ""anomalies_resolved"": 0, ""useful_reassignments"": 0, ""missed_mandatory"": 7, ""exclusion_violations"": 0, ""reserve_violations"": 0, ""duplicate_work"": 0, ""total_energy_j"": 7410.0, ""unresolved_conflicts"": 0, ""terms"": {""completed_mandatory"": 50.0, ""anomaly_resolved"": 0.0, ""useful_reassignment"": 0.0, ""missed_mandatory"": -105.0, ""exclusion_violation"": -0.0, ""reserve_violation"": -0.0, ""duplicate_work"": -0.0, ""energy"": -0.03705, ""unresolved_conflict"": -0.0}, ""utility"": -55.03705}",5,0,0,0,7
paper_ssp_200m_moderate_v1|0|benign_static|hard_960|B4-NoFreshness,paper_ssp_200m_moderate_v1,0,benign_static,hard_960,B4-NoFreshness,-43.03765,"{""freeze_id"": ""utility_v2_frozen_2026-09-28"", ""completed_mandatory"": 5, ""anomalies_resolved"": 0, ""useful_reassignments"": 1, ""missed_mandatory"": 7, ""exclusion_violations"": 0, ""reserve_violations"": 0, ""duplicate_work"": 0, ""total_energy_j"": 7530.0, ""unresolved_conflicts"": 0, ""terms"": {""completed_mandatory"": 50.0, ""anomaly_resolved"": 0.0, ""useful_reassignment"": 12.0, ""missed_mandatory"": -105.0, ""exclusion_violation"": -0.0, ""reserve_violation"": -0.0, ""duplicate_work"": -0.0, ""energy"": -0.03765, ""unresolved_conflict"": -0.0}, ""utility"": -43.03765}",5,0,0,0,7
paper_ssp_200m_moderate_v1|0|target_recovers_age300|hard_960|B4,paper_ssp_200m_moderate_v1,0,target_recovers_age300,hard_960,B4,-55.03705,"{""freeze_id"": ""utility_v2_frozen_2026-09-28"", ""completed_mandatory"": 5, ""anomalies_resolved"": 0, ""useful_reassignments"": 0, ""missed_mandatory"": 7, ""exclusion_violations"": 0, ""reserve_violations"": 0, ""duplicate_work"": 0, ""total_energy_j"": 7410.0, ""unresolved_conflicts"": 0, ""terms"": {""completed_mandatory"": 50.0, ""anomaly_resolved"": 0.0, ""useful_reassignment"": 0.0, ""missed_mandatory"": -105.0, ""exclusion_violation"": -0.0, ""reserve_violation"": -0.0, ""duplicate_work"": -0.0, ""energy"": -0.03705, ""unresolved_conflict"": -0.0}, ""utility"": -55.03705}",5,0,0,0,7
paper_ssp_200m_moderate_v1|0|target_recovers_age300|hard_960|B4-NoFreshness,paper_ssp_200m_moderate_v1,0,target_recovers_age300,hard_960,B4-NoFreshness,-55.03765,"{""freeze_id"": ""utility_v2_frozen_2026-09-28"", ""completed_mandatory"": 5, ""anomalies_resolved"": 0, ""useful_reassignments"": 0, ""missed_mandatory"": 7, ""exclusion_violations"": 0, ""reserve_violations"": 0, ""duplicate_work"": 0, ""total_energy_j"": 7530.0, ""unresolved_conflicts"": 0, ""terms"": {""completed_mandatory"": 50.0, ""anomaly_resolved"": 0.0, ""useful_reassignment"": 0.0, ""missed_mandatory"": -105.0, ""exclusion_violation"": -0.0, ""reserve_violation"": -0.0, ""duplicate_work"": -0.0, ""energy"": -0.03765, ""unresolved_conflict"": -0.0}, ""utility"": -55.03765}",5,0,0,0,7
paper_ssp_200m_moderate_v1|1|benign_static|fresh_120|B4,paper_ssp_200m_moderate_v1,1,benign_static,fresh_120,B4,-43.03705,"{""freeze_id"": ""utility_v2_frozen_2026-09-28"", ""completed_mandatory"": 5, ""anomalies_resolved"": 0, ""useful_reassignments"": 1, ""missed_mandatory"": 7, ""exclusion_violations"": 0, ""reserve_violations"": 0, ""duplicate_work"": 0, ""total_energy_j"": 7410.0, ""unresolved_conflicts"": 0, ""terms"": {""completed_mandatory"": 50.0, ""anomaly_resolved"": 0.0, ""useful_reassignment"": 12.0, ""missed_mandatory"": -105.0, ""exclusion_violation"": -0.0, ""reserve_violation"": -0.0, ""duplicate_work"": -0.0, ""energy"": -0.03705, ""unresolved_conflict"": -0.0}, ""utility"": -43.03705}",5,0,0,0,7
paper_ssp_200m_moderate_v1|1|benign_static|fresh_120|B4-NoFreshness,paper_ssp_200m_moderate_v1,1,benign_static,fresh_120,B4-NoFreshness,-43.03765,"{""freeze_id"": ""utility_v2_frozen_2026-09-28"", ""completed_mandatory"": 5, ""anomalies_resolved"": 0, ""useful_reassignments"": 1, ""missed_mandatory"": 7, ""exclusion_violations"": 0, ""reserve_violations"": 0, ""duplicate_work"": 0, ""total_energy_j"": 7530.0, ""unresolved_conflicts"": 0, ""terms"": {""completed_mandatory"": 50.0, ""anomaly_resolved"": 0.0, ""useful_reassignment"": 12.0, ""missed_mandatory"": -105.0, ""exclusion_violation"": -0.0, ""reserve_violation"": -0.0, ""duplicate_work"": -0.0, ""energy"": -0.03765, ""unresolved_conflict"": -0.0}, ""utility"": -43.03765}",5,0,0,0,7
paper_ssp_200m_moderate_v1|1|target_recovers_age300|fresh_120|B4,paper_ssp_200m_moderate_v1,1,target_recovers_age300,fresh_120,B4,-43.03705,"{""freeze_id"": ""utility_v2_frozen_2026-09-28"", ""completed_mandatory"": 5, ""anomalies_resolved"": 0, ""useful_reassignments"": 1, ""missed_mandatory"": 7, ""exclusion_violations"": 0, ""reserve_violations"": 0, ""duplicate_work"": 0, ""total_energy_j"": 7410.0, ""unresolved_conflicts"": 0, ""terms"": {""completed_mandatory"": 50.0, ""anomaly_resolved"": 0.0, ""useful_reassignment"": 12.0, ""missed_mandatory"": -105.0, ""exclusion_violation"": -0.0, ""reserve_violation"": -0.0, ""duplicate_work"": -0.0, ""energy"": -0.03705, ""unresolved_conflict"": -0.0}, ""utility"": -43.03705}",5,0,0,0,7
paper_ssp_200m_moderate_v1|1|target_recovers_age300|fresh_120|B4-NoFreshness,paper_ssp_200m_moderate_v1,1,target_recovers_age300,fresh_120,B4-NoFreshness,-43.03765,"{""freeze_id"": ""utility_v2_frozen_2026-09-28"", ""completed_mandatory"": 5, ""anomalies_resolved"": 0, ""useful_reassignments"": 1, ""missed_mandatory"": 7, ""exclusion_violations"": 0, ""reserve_violations"": 0, ""duplicate_work"": 0, ""total_energy_j"": 7530.0, ""unresolved_conflicts"": 0, ""terms"": {""completed_mandatory"": 50.0, ""anomaly_resolved"": 0.0, ""useful_reassignment"": 12.0, ""missed_mandatory"": -105.0, ""exclusion_violation"": -0.0, ""reserve_violation"": -0.0, ""duplicate_work"": -0.0, ""energy"": -0.03765, ""unresolved_conflict"": -0.0}, ""utility"": -43.03765}",5,0,0,0,7
paper_ssp_200m_moderate_v1|1|benign_static|aging_240|B4,paper_ssp_200m_moderate_v1,1,benign_static,aging_240,B4,-55.03705,"{""freeze_id"": ""utility_v2_frozen_2026-09-28"", ""completed_mandatory"": 5, ""anomalies_resolved"": 0, ""useful_reassignments"": 0, ""missed_mandatory"": 7, ""exclusion_violations"": 0, ""reserve_violations"": 0, ""duplicate_work"": 0, ""total_energy_j"": 7410.0, ""unresolved_conflicts"": 0, ""terms"": {""completed_mandatory"": 50.0, ""anomaly_resolved"": 0.0, ""useful_reassignment"": 0.0, ""missed_mandatory"": -105.0, ""exclusion_violation"": -0.0, ""reserve_violation"": -0.0, ""duplicate_work"": -0.0, ""energy"": -0.03705, ""unresolved_conflict"": -0.0}, ""utility"": -55.03705}",5,0,0,0,7
paper_ssp_200m_moderate_v1|1|benign_static|aging_240|B4-NoFreshness,paper_ssp_200m_moderate_v1,1,benign_static,aging_240,B4-NoFreshness,-43.03765,"{""freeze_id"": ""utility_v2_frozen_2026-09-28"", ""completed_mandatory"": 5, ""anomalies_resolved"": 0, ""useful_reassignments"": 1, ""missed_mandatory"": 7, ""exclusion_violations"": 0, ""reserve_violations"": 0, ""duplicate_work"": 0, ""total_energy_j"": 7530.0, ""unresolved_conflicts"": 0, ""terms"": {""completed_mandatory"": 50.0, ""anomaly_resolved"": 0.0, ""useful_reassignment"": 12.0, ""missed_mandatory"": -105.0, ""exclusion_violation"": -0.0, ""reserve_violation"": -0.0, ""duplicate_work"": -0.0, ""energy"": -0.03765, ""unresolved_conflict"": -0.0}, ""utility"": -43.03765}",5,0,0,0,7
paper_ssp_200m_moderate_v1|1|target_recovers_age300|aging_240|B4,paper_ssp_200m_moderate_v1,1,target_recovers_age300,aging_240,B4,-55.03705,"{""freeze_id"": ""utility_v2_frozen_2026-09-28"", ""completed_mandatory"": 5, ""anomalies_resolved"": 0, ""useful_reassignments"": 0, ""missed_mandatory"": 7, ""exclusion_violations"": 0, ""reserve_violations"": 0, ""duplicate_work"": 0, ""total_energy_j"": 7410.0, ""unresolved_conflicts"": 0, ""terms"": {""completed_mandatory"": 50.0, ""anomaly_resolved"": 0.0, ""useful_reassignment"": 0.0, ""missed_mandatory"": -105.0, ""exclusion_violation"": -0.0, ""reserve_violation"": -0.0, ""duplicate_work"": -0.0, ""energy"": -0.03705, ""unresolved_conflict"": -0.0}, ""utility"": -55.03705}",5,0,0,0,7
paper_ssp_200m_moderate_v1|1|target_recovers_age300|aging_240|B4-NoFreshness,paper_ssp_200m_moderate_v1,1,target_recovers_age300,aging_240,B4-NoFreshness,-43.03765,"{""freeze_id"": ""utility_v2_frozen_2026-09-28"", ""completed_mandatory"": 5, ""anomalies_resolved"": 0, ""useful_reassignments"": 1, ""missed_mandatory"": 7, ""exclusion_violations"": 0, ""reserve_violations"": 0, ""duplicate_work"": 0, ""total_energy_j"": 7530.0, ""unresolved_conflicts"": 0, ""terms"": {""completed_mandatory"": 50.0, ""anomaly_resolved"": 0.0, ""useful_reassignment"": 12.0, ""missed_mandatory"": -105.0, ""exclusion_violation"": -0.0, ""reserve_violation"": -0.0, ""duplicate_work"": -0.0, ""energy"": -0.03765, ""unresolved_conflict"": -0.0}, ""utility"": -43.03765}",5,0,0,0,7
paper_ssp_200m_moderate_v1|1|benign_static|stale_520|B4,paper_ssp_200m_moderate_v1,1,benign_static,stale_520,B4,-55.03705,"{""freeze_id"": ""utility_v2_frozen_2026-09-28"", ""completed_mandatory"": 5, ""anomalies_resolved"": 0, ""useful_reassignments"": 0, ""missed_mandatory"": 7, ""exclusion_violations"": 0, ""reserve_violations"": 0, ""duplicate_work"": 0, ""total_energy_j"": 7410.0, ""unresolved_conflicts"": 0, ""terms"": {""completed_mandatory"": 50.0, ""anomaly_resolved"": 0.0, ""useful_reassignment"": 0.0, ""missed_mandatory"": -105.0, ""exclusion_violation"": -0.0, ""reserve_violation"": -0.0, ""duplicate_work"": -0.0, ""energy"": -0.03705, ""unresolved_conflict"": -0.0}, ""utility"": -55.03705}",5,0,0,0,7
paper_ssp_200m_moderate_v1|1|benign_static|stale_520|B4-NoFreshness,paper_ssp_200m_moderate_v1,1,benign_static,stale_520,B4-NoFreshness,-43.03765,"{""freeze_id"": ""utility_v2_frozen_2026-09-28"", ""completed_mandatory"": 5, ""anomalies_resolved"": 0, ""useful_reassignments"": 1, ""missed_mandatory"": 7, ""exclusion_violations"": 0, ""reserve_violations"": 0, ""duplicate_work"": 0, ""total_energy_j"": 7530.0, ""unresolved_conflicts"": 0, ""terms"": {""completed_mandatory"": 50.0, ""anomaly_resolved"": 0.0, ""useful_reassignment"": 12.0, ""missed_mandatory"": -105.0, ""exclusion_violation"": -0.0, ""reserve_violation"": -0.0, ""duplicate_work"": -0.0, ""energy"": -0.03765, ""unresolved_conflict"": -0.0}, ""utility"": -43.03765}",5,0,0,0,7
paper_ssp_200m_moderate_v1|1|target_recovers_age300|stale_520|B4,paper_ssp_200m_moderate_v1,1,target_recovers_age300,stale_520,B4,-55.03705,"{""freeze_id"": ""utility_v2_frozen_2026-09-28"", ""completed_mandatory"": 5, ""anomalies_resolved"": 0, ""useful_reassignments"": 0, ""missed_mandatory"": 7, ""exclusion_violations"": 0, ""reserve_violations"": 0, ""duplicate_work"": 0, ""total_energy_j"": 7410.0, ""unresolved_conflicts"": 0, ""terms"": {""completed_mandatory"": 50.0, ""anomaly_resolved"": 0.0, ""useful_reassignment"": 0.0, ""missed_mandatory"": -105.0, ""exclusion_violation"": -0.0, ""reserve_violation"": -0.0, ""duplicate_work"": -0.0, ""energy"": -0.03705, ""unresolved_conflict"": -0.0}, ""utility"": -55.03705}",5,0,0,0,7
paper_ssp_200m_moderate_v1|1|target_recovers_age300|stale_520|B4-NoFreshness,paper_ssp_200m_moderate_v1,1,target_recovers_age300,stale_520,B4-NoFreshness,-55.03765,"{""freeze_id"": ""utility_v2_frozen_2026-09-28"", ""completed_mandatory"": 5, ""anomalies_resolved"": 0, ""useful_reassignments"": 0, ""missed_mandatory"": 7, ""exclusion_violations"": 0, ""reserve_violations"": 0, ""duplicate_work"": 0, ""total_energy_j"": 7530.0, ""unresolved_conflicts"": 0, ""terms"": {""completed_mandatory"": 50.0, ""anomaly_resolved"": 0.0, ""useful_reassignment"": 0.0, ""missed_mandatory"": -105.0, ""exclusion_violation"": -0.0, ""reserve_violation"": -0.0, ""duplicate_work"": -0.0, ""energy"": -0.03765, ""unresolved_conflict"": -0.0}, ""utility"": -55.03765}",5,0,0,0,7
paper_ssp_200m_moderate_v1|1|benign_static|hard_960|B4,paper_ssp_200m_moderate_v1,1,benign_static,hard_960,B4,-55.03705,"{""freeze_id"": ""utility_v2_frozen_2026-09-28"", ""completed_mandatory"": 5, ""anomalies_resolved"": 0, ""useful_reassignments"": 0, ""missed_mandatory"": 7, ""exclusion_violations"": 0, ""reserve_violations"": 0, ""duplicate_work"": 0, ""total_energy_j"": 7410.0, ""unresolved_conflicts"": 0, ""terms"": {""completed_mandatory"": 50.0, ""anomaly_resolved"": 0.0, ""useful_reassignment"": 0.0, ""missed_mandatory"": -105.0, ""exclusion_violation"": -0.0, ""reserve_violation"": -0.0, ""duplicate_work"": -0.0, ""energy"": -0.03705, ""unresolved_conflict"": -0.0}, ""utility"": -55.03705}",5,0,0,0,7
paper_ssp_200m_moderate_v1|1|benign_static|hard_960|B4-NoFreshness,paper_ssp_200m_moderate_v1,1,benign_static,hard_960,B4-NoFreshness,-43.03765,"{""freeze_id"": ""utility_v2_frozen_2026-09-28"", ""completed_mandatory"": 5, ""anomalies_resolved"": 0, ""useful_reassignments"": 1, ""missed_mandatory"": 7, ""exclusion_violations"": 0, ""reserve_violations"": 0, ""duplicate_work"": 0, ""total_energy_j"": 7530.0, ""unresolved_conflicts"": 0, ""terms"": {""completed_mandatory"": 50.0, ""anomaly_resolved"": 0.0, ""useful_reassignment"": 12.0, ""missed_mandatory"": -105.0, ""exclusion_violation"": -0.0, ""reserve_violation"": -0.0, ""duplicate_work"": -0.0, ""energy"": -0.03765, ""unresolved_conflict"": -0.0}, ""utility"": -43.03765}",5,0,0,0,7
paper_ssp_200m_moderate_v1|1|target_recovers_age300|hard_960|B4,paper_ssp_200m_moderate_v1,1,target_recovers_age300,hard_960,B4,-55.03705,"{""freeze_id"": ""utility_v2_frozen_2026-09-28"", ""completed_mandatory"": 5, ""anomalies_resolved"": 0, ""useful_reassignments"": 0, ""missed_mandatory"": 7, ""exclusion_violations"": 0, ""reserve_violations"": 0, ""duplicate_work"": 0, ""total_energy_j"": 7410.0, ""unresolved_conflicts"": 0, ""terms"": {""completed_mandatory"": 50.0, ""anomaly_resolved"": 0.0, ""useful_reassignment"": 0.0, ""missed_mandatory"": -105.0, ""exclusion_violation"": -0.0, ""reserve_violation"": -0.0, ""duplicate_work"": -0.0, ""energy"": -0.03705, ""unresolved_conflict"": -0.0}, ""utility"": -55.03705}",5,0,0,0,7
paper_ssp_200m_moderate_v1|1|target_recovers_age300|hard_960|B4-NoFreshness,paper_ssp_200m_moderate_v1,1,target_recovers_age300,hard_960,B4-NoFreshness,-55.03765,"{""freeze_id"": ""utility_v2_frozen_2026-09-28"", ""completed_mandatory"": 5, ""anomalies_resolved"": 0, ""useful_reassignments"": 0, ""missed_mandatory"": 7, ""exclusion_violations"": 0, ""reserve_violations"": 0, ""duplicate_work"": 0, ""total_energy_j"": 7530.0, ""unresolved_conflicts"": 0, ""terms"": {""completed_mandatory"": 50.0, ""anomaly_resolved"": 0.0, ""useful_reassignment"": 0.0, ""missed_mandatory"": -105.0, ""exclusion_violation"": -0.0, ""reserve_violation"": -0.0, ""duplicate_work"": -0.0, ""energy"": -0.03765, ""unresolved_conflict"": -0.0}, ""utility"": -55.03765}",5,0,0,0,7
paper_ssp_200m_moderate_v1|2|benign_static|fresh_120|B4,paper_ssp_200m_moderate_v1,2,benign_static,fresh_120,B4,-43.03705,"{""freeze_id"": ""utility_v2_frozen_2026-09-28"", ""completed_mandatory"": 5, ""anomalies_resolved"": 0, ""useful_reassignments"": 1, ""missed_mandatory"": 7, ""exclusion_violations"": 0, ""reserve_violations"": 0, ""duplicate_work"": 0, ""total_energy_j"": 7410.0, ""unresolved_conflicts"": 0, ""terms"": {""completed_mandatory"": 50.0, ""anomaly_resolved"": 0.0, ""useful_reassignment"": 12.0, ""missed_mandatory"": -105.0, ""exclusion_violation"": -0.0, ""reserve_violation"": -0.0, ""duplicate_work"": -0.0, ""energy"": -0.03705, ""unresolved_conflict"": -0.0}, ""utility"": -43.03705}",5,0,0,0,7
paper_ssp_200m_moderate_v1|2|benign_static|fresh_120|B4-NoFreshness,paper_ssp_200m_moderate_v1,2,benign_static,fresh_120,B4-NoFreshness,-43.03765,"{""freeze_id"": ""utility_v2_frozen_2026-09-28"", ""completed_mandatory"": 5, ""anomalies_resolved"": 0, ""useful_reassignments"": 1, ""missed_mandatory"": 7, ""exclusion_violations"": 0, ""reserve_violations"": 0, ""duplicate_work"": 0, ""total_energy_j"": 7530.0, ""unresolved_conflicts"": 0, ""terms"": {""completed_mandatory"": 50.0, ""anomaly_resolved"": 0.0, ""useful_reassignment"": 12.0, ""missed_mandatory"": -105.0, ""exclusion_violation"": -0.0, ""reserve_violation"": -0.0, ""duplicate_work"": -0.0, ""energy"": -0.03765, ""unresolved_conflict"": -0.0}, ""utility"": -43.03765}",5,0,0,0,7
paper_ssp_200m_moderate_v1|2|target_recovers_age300|fresh_120|B4,paper_ssp_200m_moderate_v1,2,target_recovers_age300,fresh_120,B4,-43.03705,"{""freeze_id"": ""utility_v2_frozen_2026-09-28"", ""completed_mandatory"": 5, ""anomalies_resolved"": 0, ""useful_reassignments"": 1, ""missed_mandatory"": 7, ""exclusion_violations"": 0, ""reserve_violations"": 0, ""duplicate_work"": 0, ""total_energy_j"": 7410.0, ""unresolved_conflicts"": 0, ""terms"": {""completed_mandatory"": 50.0, ""anomaly_resolved"": 0.0, ""useful_reassignment"": 12.0, ""missed_mandatory"": -105.0, ""exclusion_violation"": -0.0, ""reserve_violation"": -0.0, ""duplicate_work"": -0.0, ""energy"": -0.03705, ""unresolved_conflict"": -0.0}, ""utility"": -43.03705}",5,0,0,0,7
paper_ssp_200m_moderate_v1|2|target_recovers_age300|fresh_120|B4-NoFreshness,paper_ssp_200m_moderate_v1,2,target_recovers_age300,fresh_120,B4-NoFreshness,-43.03765,"{""freeze_id"": ""utility_v2_frozen_2026-09-28"", ""completed_mandatory"": 5, ""anomalies_resolved"": 0, ""useful_reassignments"": 1, ""missed_mandatory"": 7, ""exclusion_violations"": 0, ""reserve_violations"": 0, ""duplicate_work"": 0, ""total_energy_j"": 7530.0, ""unresolved_conflicts"": 0, ""terms"": {""completed_mandatory"": 50.0, ""anomaly_resolved"": 0.0, ""useful_reassignment"": 12.0, ""missed_mandatory"": -105.0, ""exclusion_violation"": -0.0, ""reserve_violation"": -0.0, ""duplicate_work"": -0.0, ""energy"": -0.03765, ""unresolved_conflict"": -0.0}, ""utility"": -43.03765}",5,0,0,0,7
paper_ssp_200m_moderate_v1|2|benign_static|aging_240|B4,paper_ssp_200m_moderate_v1,2,benign_static,aging_240,B4,-55.03705,"{""freeze_id"": ""utility_v2_frozen_2026-09-28"", ""completed_mandatory"": 5, ""anomalies_resolved"": 0, ""useful_reassignments"": 0, ""missed_mandatory"": 7, ""exclusion_violations"": 0, ""reserve_violations"": 0, ""duplicate_work"": 0, ""total_energy_j"": 7410.0, ""unresolved_conflicts"": 0, ""terms"": {""completed_mandatory"": 50.0, ""anomaly_resolved"": 0.0, ""useful_reassignment"": 0.0, ""missed_mandatory"": -105.0, ""exclusion_violation"": -0.0, ""reserve_violation"": -0.0, ""duplicate_work"": -0.0, ""energy"": -0.03705, ""unresolved_conflict"": -0.0}, ""utility"": -55.03705}",5,0,0,0,7
paper_ssp_200m_moderate_v1|2|benign_static|aging_240|B4-NoFreshness,paper_ssp_200m_moderate_v1,2,benign_static,aging_240,B4-NoFreshness,-43.03765,"{""freeze_id"": ""utility_v2_frozen_2026-09-28"", ""completed_mandatory"": 5, ""anomalies_resolved"": 0, ""useful_reassignments"": 1, ""missed_mandatory"": 7, ""exclusion_violations"": 0, ""reserve_violations"": 0, ""duplicate_work"": 0, ""total_energy_j"": 7530.0, ""unresolved_conflicts"": 0, ""terms"": {""completed_mandatory"": 50.0, ""anomaly_resolved"": 0.0, ""useful_reassignment"": 12.0, ""missed_mandatory"": -105.0, ""exclusion_violation"": -0.0, ""reserve_violation"": -0.0, ""duplicate_work"": -0.0, ""energy"": -0.03765, ""unresolved_conflict"": -0.0}, ""utility"": -43.03765}",5,0,0,0,7
paper_ssp_200m_moderate_v1|2|target_recovers_age300|aging_240|B4,paper_ssp_200m_moderate_v1,2,target_recovers_age300,aging_240,B4,-55.03705,"{""freeze_id"": ""utility_v2_frozen_2026-09-28"", ""completed_mandatory"": 5, ""anomalies_resolved"": 0, ""useful_reassignments"": 0, ""missed_mandatory"": 7, ""exclusion_violations"": 0, ""reserve_violations"": 0, ""duplicate_work"": 0, ""total_energy_j"": 7410.0, ""unresolved_conflicts"": 0, ""terms"": {""completed_mandatory"": 50.0, ""anomaly_resolved"": 0.0, ""useful_reassignment"": 0.0, ""missed_mandatory"": -105.0, ""exclusion_violation"": -0.0, ""reserve_violation"": -0.0, ""duplicate_work"": -0.0, ""energy"": -0.03705, ""unresolved_conflict"": -0.0}, ""utility"": -55.03705}",5,0,0,0,7
paper_ssp_200m_moderate_v1|2|target_recovers_age300|aging_240|B4-NoFreshness,paper_ssp_200m_moderate_v1,2,target_recovers_age300,aging_240,B4-NoFreshness,-43.03765,"{""freeze_id"": ""utility_v2_frozen_2026-09-28"", ""completed_mandatory"": 5, ""anomalies_resolved"": 0, ""useful_reassignments"": 1, ""missed_mandatory"": 7, ""exclusion_violations"": 0, ""reserve_violations"": 0, ""duplicate_work"": 0, ""total_energy_j"": 7530.0, ""unresolved_conflicts"": 0, ""terms"": {""completed_mandatory"": 50.0, ""anomaly_resolved"": 0.0, ""useful_reassignment"": 12.0, ""missed_mandatory"": -105.0, ""exclusion_violation"": -0.0, ""reserve_violation"": -0.0, ""duplicate_work"": -0.0, ""energy"": -0.03765, ""unresolved_conflict"": -0.0}, ""utility"": -43.03765}",5,0,0,0,7
paper_ssp_200m_moderate_v1|2|benign_static|stale_520|B4,paper_ssp_200m_moderate_v1,2,benign_static,stale_520,B4,-55.03705,"{""freeze_id"": ""utility_v2_frozen_2026-09-28"", ""completed_mandatory"": 5, ""anomalies_resolved"": 0, ""useful_reassignments"": 0, ""missed_mandatory"": 7, ""exclusion_violations"": 0, ""reserve_violations"": 0, ""duplicate_work"": 0, ""total_energy_j"": 7410.0, ""unresolved_conflicts"": 0, ""terms"": {""completed_mandatory"": 50.0, ""anomaly_resolved"": 0.0, ""useful_reassignment"": 0.0, ""missed_mandatory"": -105.0, ""exclusion_violation"": -0.0, ""reserve_violation"": -0.0, ""duplicate_work"": -0.0, ""energy"": -0.03705, ""unresolved_conflict"": -0.0}, ""utility"": -55.03705}",5,0,0,0,7
paper_ssp_200m_moderate_v1|2|benign_static|stale_520|B4-NoFreshness,paper_ssp_200m_moderate_v1,2,benign_static,stale_520,B4-NoFreshness,-43.03765,"{""freeze_id"": ""utility_v2_frozen_2026-09-28"", ""completed_mandatory"": 5, ""anomalies_resolved"": 0, ""useful_reassignments"": 1, ""missed_mandatory"": 7, ""exclusion_violations"": 0, ""reserve_violations"": 0, ""duplicate_work"": 0, ""total_energy_j"": 7530.0, ""unresolved_conflicts"": 0, ""terms"": {""completed_mandatory"": 50.0, ""anomaly_resolved"": 0.0, ""useful_reassignment"": 12.0, ""missed_mandatory"": -105.0, ""exclusion_violation"": -0.0, ""reserve_violation"": -0.0, ""duplicate_work"": -0.0, ""energy"": -0.03765, ""unresolved_conflict"": -0.0}, ""utility"": -43.03765}",5,0,0,0,7
paper_ssp_200m_moderate_v1|2|target_recovers_age300|stale_520|B4,paper_ssp_200m_moderate_v1,2,target_recovers_age300,stale_520,B4,-55.03705,"{""freeze_id"": ""utility_v2_frozen_2026-09-28"", ""completed_mandatory"": 5, ""anomalies_resolved"": 0, ""useful_reassignments"": 0, ""missed_mandatory"": 7, ""exclusion_violations"": 0, ""reserve_violations"": 0, ""duplicate_work"": 0, ""total_energy_j"": 7410.0, ""unresolved_conflicts"": 0, ""terms"": {""completed_mandatory"": 50.0, ""anomaly_resolved"": 0.0, ""useful_reassignment"": 0.0, ""missed_mandatory"": -105.0, ""exclusion_violation"": -0.0, ""reserve_violation"": -0.0, ""duplicate_work"": -0.0, ""energy"": -0.03705, ""unresolved_conflict"": -0.0}, ""utility"": -55.03705}",5,0,0,0,7
paper_ssp_200m_moderate_v1|2|target_recovers_age300|stale_520|B4-NoFreshness,paper_ssp_200m_moderate_v1,2,target_recovers_age300,stale_520,B4-NoFreshness,-55.03765,"{""freeze_id"": ""utility_v2_frozen_2026-09-28"", ""completed_mandatory"": 5, ""anomalies_resolved"": 0, ""useful_reassignments"": 0, ""missed_mandatory"": 7, ""exclusion_violations"": 0, ""reserve_violations"": 0, ""duplicate_work"": 0, ""total_energy_j"": 7530.0, ""unresolved_conflicts"": 0, ""terms"": {""completed_mandatory"": 50.0, ""anomaly_resolved"": 0.0, ""useful_reassignment"": 0.0, ""missed_mandatory"": -105.0, ""exclusion_violation"": -0.0, ""reserve_violation"": -0.0, ""duplicate_work"": -0.0, ""energy"": -0.03765, ""unresolved_conflict"": -0.0}, ""utility"": -55.03765}",5,0,0,0,7
paper_ssp_200m_moderate_v1|2|benign_static|hard_960|B4,paper_ssp_200m_moderate_v1,2,benign_static,hard_960,B4,-55.03705,"{""freeze_id"": ""utility_v2_frozen_2026-09-28"", ""completed_mandatory"": 5, ""anomalies_resolved"": 0, ""useful_reassignments"": 0, ""missed_mandatory"": 7, ""exclusion_violations"": 0, ""reserve_violations"": 0, ""duplicate_work"": 0, ""total_energy_j"": 7410.0, ""unresolved_conflicts"": 0, ""terms"": {""completed_mandatory"": 50.0, ""anomaly_resolved"": 0.0, ""useful_reassignment"": 0.0, ""missed_mandatory"": -105.0, ""exclusion_violation"": -0.0, ""reserve_violation"": -0.0, ""duplicate_work"": -0.0, ""energy"": -0.03705, ""unresolved_conflict"": -0.0}, ""utility"": -55.03705}",5,0,0,0,7
paper_ssp_200m_moderate_v1|2|benign_static|hard_960|B4-NoFreshness,paper_ssp_200m_moderate_v1,2,benign_static,hard_960,B4-NoFreshness,-43.03765,"{""freeze_id"": ""utility_v2_frozen_2026-09-28"", ""completed_mandatory"": 5, ""anomalies_resolved"": 0, ""useful_reassignments"": 1, ""missed_mandatory"": 7, ""exclusion_violations"": 0, ""reserve_violations"": 0, ""duplicate_work"": 0, ""total_energy_j"": 7530.0, ""unresolved_conflicts"": 0, ""terms"": {""completed_mandatory"": 50.0, ""anomaly_resolved"": 0.0, ""useful_reassignment"": 12.0, ""missed_mandatory"": -105.0, ""exclusion_violation"": -0.0, ""reserve_violation"": -0.0, ""duplicate_work"": -0.0, ""energy"": -0.03765, ""unresolved_conflict"": -0.0}, ""utility"": -43.03765}",5,0,0,0,7
paper_ssp_200m_moderate_v1|2|target_recovers_age300|hard_960|B4,paper_ssp_200m_moderate_v1,2,target_recovers_age300,hard_960,B4,-55.03705,"{""freeze_id"": ""utility_v2_frozen_2026-09-28"", ""completed_mandatory"": 5, ""anomalies_resolved"": 0, ""useful_reassignments"": 0, ""missed_mandatory"": 7, ""exclusion_violations"": 0, ""reserve_violations"": 0, ""duplicate_work"": 0, ""total_energy_j"": 7410.0, ""unresolved_conflicts"": 0, ""terms"": {""completed_mandatory"": 50.0, ""anomaly_resolved"": 0.0, ""useful_reassignment"": 0.0, ""missed_mandatory"": -105.0, ""exclusion_violation"": -0.0, ""reserve_violation"": -0.0, ""duplicate_work"": -0.0, ""energy"": -0.03705, ""unresolved_conflict"": -0.0}, ""utility"": -55.03705}",5,0,0,0,7
paper_ssp_200m_moderate_v1|2|target_recovers_age300|hard_960|B4-NoFreshness,paper_ssp_200m_moderate_v1,2,target_recovers_age300,hard_960,B4-NoFreshness,-55.03765,"{""freeze_id"": ""utility_v2_frozen_2026-09-28"", ""completed_mandatory"": 5, ""anomalies_resolved"": 0, ""useful_reassignments"": 0, ""missed_mandatory"": 7, ""exclusion_violations"": 0, ""reserve_violations"": 0, ""duplicate_work"": 0, ""total_energy_j"": 7530.0, ""unresolved_conflicts"": 0, ""terms"": {""completed_mandatory"": 50.0, ""anomaly_resolved"": 0.0, ""useful_reassignment"": 0.0, ""missed_mandatory"": -105.0, ""exclusion_violation"": -0.0, ""reserve_violation"": -0.0, ""duplicate_work"": -0.0, ""energy"": -0.03765, ""unresolved_conflict"": -0.0}, ""utility"": -55.03765}",5,0,0,0,7
paper_ssp_200m_moderate_v1|3|benign_static|fresh_120|B4,paper_ssp_200m_moderate_v1,3,benign_static,fresh_120,B4,-43.03705,"{""freeze_id"": ""utility_v2_frozen_2026-09-28"", ""completed_mandatory"": 5, ""anomalies_resolved"": 0, ""useful_reassignments"": 1, ""missed_mandatory"": 7, ""exclusion_violations"": 0, ""reserve_violations"": 0, ""duplicate_work"": 0, ""total_energy_j"": 7410.0, ""unresolved_conflicts"": 0, ""terms"": {""completed_mandatory"": 50.0, ""anomaly_resolved"": 0.0, ""useful_reassignment"": 12.0, ""missed_mandatory"": -105.0, ""exclusion_violation"": -0.0, ""reserve_violation"": -0.0, ""duplicate_work"": -0.0, ""energy"": -0.03705, ""unresolved_conflict"": -0.0}, ""utility"": -43.03705}",5,0,0,0,7
paper_ssp_200m_moderate_v1|3|benign_static|fresh_120|B4-NoFreshness,paper_ssp_200m_moderate_v1,3,benign_static,fresh_120,B4-NoFreshness,-43.03765,"{""freeze_id"": ""utility_v2_frozen_2026-09-28"", ""completed_mandatory"": 5, ""anomalies_resolved"": 0, ""useful_reassignments"": 1, ""missed_mandatory"": 7, ""exclusion_violations"": 0, ""reserve_violations"": 0, ""duplicate_work"": 0, ""total_energy_j"": 7530.0, ""unresolved_conflicts"": 0, ""terms"": {""completed_mandatory"": 50.0, ""anomaly_resolved"": 0.0, ""useful_reassignment"": 12.0, ""missed_mandatory"": -105.0, ""exclusion_violation"": -0.0, ""reserve_violation"": -0.0, ""duplicate_work"": -0.0, ""energy"": -0.03765, ""unresolved_conflict"": -0.0}, ""utility"": -43.03765}",5,0,0,0,7
paper_ssp_200m_moderate_v1|3|target_recovers_age300|fresh_120|B4,paper_ssp_200m_moderate_v1,3,target_recovers_age300,fresh_120,B4,-43.03705,"{""freeze_id"": ""utility_v2_frozen_2026-09-28"", ""completed_mandatory"": 5, ""anomalies_resolved"": 0, ""useful_reassignments"": 1, ""missed_mandatory"": 7, ""exclusion_violations"": 0, ""reserve_violations"": 0, ""duplicate_work"": 0, ""total_energy_j"": 7410.0, ""unresolved_conflicts"": 0, ""terms"": {""completed_mandatory"": 50.0, ""anomaly_resolved"": 0.0, ""useful_reassignment"": 12.0, ""missed_mandatory"": -105.0, ""exclusion_violation"": -0.0, ""reserve_violation"": -0.0, ""duplicate_work"": -0.0, ""energy"": -0.03705, ""unresolved_conflict"": -0.0}, ""utility"": -43.03705}",5,0,0,0,7
paper_ssp_200m_moderate_v1|3|target_recovers_age300|fresh_120|B4-NoFreshness,paper_ssp_200m_moderate_v1,3,target_recovers_age300,fresh_120,B4-NoFreshness,-43.03765,"{""freeze_id"": ""utility_v2_frozen_2026-09-28"", ""completed_mandatory"": 5, ""anomalies_resolved"": 0, ""useful_reassignments"": 1, ""missed_mandatory"": 7, ""exclusion_violations"": 0, ""reserve_violations"": 0, ""duplicate_work"": 0, ""total_energy_j"": 7530.0, ""unresolved_conflicts"": 0, ""terms"": {""completed_mandatory"": 50.0, ""anomaly_resolved"": 0.0, ""useful_reassignment"": 12.0, ""missed_mandatory"": -105.0, ""exclusion_violation"": -0.0, ""reserve_violation"": -0.0, ""duplicate_work"": -0.0, ""energy"": -0.03765, ""unresolved_conflict"": -0.0}, ""utility"": -43.03765}",5,0,0,0,7
paper_ssp_200m_moderate_v1|3|benign_static|aging_240|B4,paper_ssp_200m_moderate_v1,3,benign_static,aging_240,B4,-55.03705,"{""freeze_id"": ""utility_v2_frozen_2026-09-28"", ""completed_mandatory"": 5, ""anomalies_resolved"": 0, ""useful_reassignments"": 0, ""missed_mandatory"": 7, ""exclusion_violations"": 0, ""reserve_violations"": 0, ""duplicate_work"": 0, ""total_energy_j"": 7410.0, ""unresolved_conflicts"": 0, ""terms"": {""completed_mandatory"": 50.0, ""anomaly_resolved"": 0.0, ""useful_reassignment"": 0.0, ""missed_mandatory"": -105.0, ""exclusion_violation"": -0.0, ""reserve_violation"": -0.0, ""duplicate_work"": -0.0, ""energy"": -0.03705, ""unresolved_conflict"": -0.0}, ""utility"": -55.03705}",5,0,0,0,7
paper_ssp_200m_moderate_v1|3|benign_static|aging_240|B4-NoFreshness,paper_ssp_200m_moderate_v1,3,benign_static,aging_240,B4-NoFreshness,-43.03765,"{""freeze_id"": ""utility_v2_frozen_2026-09-28"", ""completed_mandatory"": 5, ""anomalies_resolved"": 0, ""useful_reassignments"": 1, ""missed_mandatory"": 7, ""exclusion_violations"": 0, ""reserve_violations"": 0, ""duplicate_work"": 0, ""total_energy_j"": 7530.0, ""unresolved_conflicts"": 0, ""terms"": {""completed_mandatory"": 50.0, ""anomaly_resolved"": 0.0, ""useful_reassignment"": 12.0, ""missed_mandatory"": -105.0, ""exclusion_violation"": -0.0, ""reserve_violation"": -0.0, ""duplicate_work"": -0.0, ""energy"": -0.03765, ""unresolved_conflict"": -0.0}, ""utility"": -43.03765}",5,0,0,0,7
paper_ssp_200m_moderate_v1|3|target_recovers_age300|aging_240|B4,paper_ssp_200m_moderate_v1,3,target_recovers_age300,aging_240,B4,-55.03705,"{""freeze_id"": ""utility_v2_frozen_2026-09-28"", ""completed_mandatory"": 5, ""anomalies_resolved"": 0, ""useful_reassignments"": 0, ""missed_mandatory"": 7, ""exclusion_violations"": 0, ""reserve_violations"": 0, ""duplicate_work"": 0, ""total_energy_j"": 7410.0, ""unresolved_conflicts"": 0, ""terms"": {""completed_mandatory"": 50.0, ""anomaly_resolved"": 0.0, ""useful_reassignment"": 0.0, ""missed_mandatory"": -105.0, ""exclusion_violation"": -0.0, ""reserve_violation"": -0.0, ""duplicate_work"": -0.0, ""energy"": -0.03705, ""unresolved_conflict"": -0.0}, ""utility"": -55.03705}",5,0,0,0,7
paper_ssp_200m_moderate_v1|3|target_recovers_age300|aging_240|B4-NoFreshness,paper_ssp_200m_moderate_v1,3,target_recovers_age300,aging_240,B4-NoFreshness,-43.03765,"{""freeze_id"": ""utility_v2_frozen_2026-09-28"", ""completed_mandatory"": 5, ""anomalies_resolved"": 0, ""useful_reassignments"": 1, ""missed_mandatory"": 7, ""exclusion_violations"": 0, ""reserve_violations"": 0, ""duplicate_work"": 0, ""total_energy_j"": 7530.0, ""unresolved_conflicts"": 0, ""terms"": {""completed_mandatory"": 50.0, ""anomaly_resolved"": 0.0, ""useful_reassignment"": 12.0, ""missed_mandatory"": -105.0, ""exclusion_violation"": -0.0, ""reserve_violation"": -0.0, ""duplicate_work"": -0.0, ""energy"": -0.03765, ""unresolved_conflict"": -0.0}, ""utility"": -43.03765}",5,0,0,0,7
paper_ssp_200m_moderate_v1|3|benign_static|stale_520|B4,paper_ssp_200m_moderate_v1,3,benign_static,stale_520,B4,-55.03705,"{""freeze_id"": ""utility_v2_frozen_2026-09-28"", ""completed_mandatory"": 5, ""anomalies_resolved"": 0, ""useful_reassignments"": 0, ""missed_mandatory"": 7, ""exclusion_violations"": 0, ""reserve_violations"": 0, ""duplicate_work"": 0, ""total_energy_j"": 7410.0, ""unresolved_conflicts"": 0, ""terms"": {""completed_mandatory"": 50.0, ""anomaly_resolved"": 0.0, ""useful_reassignment"": 0.0, ""missed_mandatory"": -105.0, ""exclusion_violation"": -0.0, ""reserve_violation"": -0.0, ""duplicate_work"": -0.0, ""energy"": -0.03705, ""unresolved_conflict"": -0.0}, ""utility"": -55.03705}",5,0,0,0,7
paper_ssp_200m_moderate_v1|3|benign_static|stale_520|B4-NoFreshness,paper_ssp_200m_moderate_v1,3,benign_static,stale_520,B4-NoFreshness,-43.03765,"{""freeze_id"": ""utility_v2_frozen_2026-09-28"", ""completed_mandatory"": 5, ""anomalies_resolved"": 0, ""useful_reassignments"": 1, ""missed_mandatory"": 7, ""exclusion_violations"": 0, ""reserve_violations"": 0, ""duplicate_work"": 0, ""total_energy_j"": 7530.0, ""unresolved_conflicts"": 0, ""terms"": {""completed_mandatory"": 50.0, ""anomaly_resolved"": 0.0, ""useful_reassignment"": 12.0, ""missed_mandatory"": -105.0, ""exclusion_violation"": -0.0, ""reserve_violation"": -0.0, ""duplicate_work"": -0.0, ""energy"": -0.03765, ""unresolved_conflict"": -0.0}, ""utility"": -43.03765}",5,0,0,0,7
paper_ssp_200m_moderate_v1|3|target_recovers_age300|stale_520|B4,paper_ssp_200m_moderate_v1,3,target_recovers_age300,stale_520,B4,-55.03705,"{""freeze_id"": ""utility_v2_frozen_2026-09-28"", ""completed_mandatory"": 5, ""anomalies_resolved"": 0, ""useful_reassignments"": 0, ""missed_mandatory"": 7, ""exclusion_violations"": 0, ""reserve_violations"": 0, ""duplicate_work"": 0, ""total_energy_j"": 7410.0, ""unresolved_conflicts"": 0, ""terms"": {""completed_mandatory"": 50.0, ""anomaly_resolved"": 0.0, ""useful_reassignment"": 0.0, ""missed_mandatory"": -105.0, ""exclusion_violation"": -0.0, ""reserve_violation"": -0.0, ""duplicate_work"": -0.0, ""energy"": -0.03705, ""unresolved_conflict"": -0.0}, ""utility"": -55.03705}",5,0,0,0,7
paper_ssp_200m_moderate_v1|3|target_recovers_age300|stale_520|B4-NoFreshness,paper_ssp_200m_moderate_v1,3,target_recovers_age300,stale_520,B4-NoFreshness,-55.03765,"{""freeze_id"": ""utility_v2_frozen_2026-09-28"", ""completed_mandatory"": 5, ""anomalies_resolved"": 0, ""useful_reassignments"": 0, ""missed_mandatory"": 7, ""exclusion_violations"": 0, ""reserve_violations"": 0, ""duplicate_work"": 0, ""total_energy_j"": 7530.0, ""unresolved_conflicts"": 0, ""terms"": {""completed_mandatory"": 50.0, ""anomaly_resolved"": 0.0, ""useful_reassignment"": 0.0, ""missed_mandatory"": -105.0, ""exclusion_violation"": -0.0, ""reserve_violation"": -0.0, ""duplicate_work"": -0.0, ""energy"": -0.03765, ""unresolved_conflict"": -0.0}, ""utility"": -55.03765}",5,0,0,0,7
paper_ssp_200m_moderate_v1|3|benign_static|hard_960|B4,paper_ssp_200m_moderate_v1,3,benign_static,hard_960,B4,-55.03705,"{""freeze_id"": ""utility_v2_frozen_2026-09-28"", ""completed_mandatory"": 5, ""anomalies_resolved"": 0, ""useful_reassignments"": 0, ""missed_mandatory"": 7, ""exclusion_violations"": 0, ""reserve_violations"": 0, ""duplicate_work"": 0, ""total_energy_j"": 7410.0, ""unresolved_conflicts"": 0, ""terms"": {""completed_mandatory"": 50.0, ""anomaly_resolved"": 0.0, ""useful_reassignment"": 0.0, ""missed_mandatory"": -105.0, ""exclusion_violation"": -0.0, ""reserve_violation"": -0.0, ""duplicate_work"": -0.0, ""energy"": -0.03705, ""unresolved_conflict"": -0.0}, ""utility"": -55.03705}",5,0,0,0,7
paper_ssp_200m_moderate_v1|3|benign_static|hard_960|B4-NoFreshness,paper_ssp_200m_moderate_v1,3,benign_static,hard_960,B4-NoFreshness,-43.03765,"{""freeze_id"": ""utility_v2_frozen_2026-09-28"", ""completed_mandatory"": 5, ""anomalies_resolved"": 0, ""useful_reassignments"": 1, ""missed_mandatory"": 7, ""exclusion_violations"": 0, ""reserve_violations"": 0, ""duplicate_work"": 0, ""total_energy_j"": 7530.0, ""unresolved_conflicts"": 0, ""terms"": {""completed_mandatory"": 50.0, ""anomaly_resolved"": 0.0, ""useful_reassignment"": 12.0, ""missed_mandatory"": -105.0, ""exclusion_violation"": -0.0, ""reserve_violation"": -0.0, ""duplicate_work"": -0.0, ""energy"": -0.03765, ""unresolved_conflict"": -0.0}, ""utility"": -43.03765}",5,0,0,0,7
paper_ssp_200m_moderate_v1|3|target_recovers_age300|hard_960|B4,paper_ssp_200m_moderate_v1,3,target_recovers_age300,hard_960,B4,-55.03705,"{""freeze_id"": ""utility_v2_frozen_2026-09-28"", ""completed_mandatory"": 5, ""anomalies_resolved"": 0, ""useful_reassignments"": 0, ""missed_mandatory"": 7, ""exclusion_violations"": 0, ""reserve_violations"": 0, ""duplicate_work"": 0, ""total_energy_j"": 7410.0, ""unresolved_conflicts"": 0, ""terms"": {""completed_mandatory"": 50.0, ""anomaly_resolved"": 0.0, ""useful_reassignment"": 0.0, ""missed_mandatory"": -105.0, ""exclusion_violation"": -0.0, ""reserve_violation"": -0.0, ""duplicate_work"": -0.0, ""energy"": -0.03705, ""unresolved_conflict"": -0.0}, ""utility"": -55.03705}",5,0,0,0,7
paper_ssp_200m_moderate_v1|3|target_recovers_age300|hard_960|B4-NoFreshness,paper_ssp_200m_moderate_v1,3,target_recovers_age300,hard_960,B4-NoFreshness,-55.03765,"{""freeze_id"": ""utility_v2_frozen_2026-09-28"", ""completed_mandatory"": 5, ""anomalies_resolved"": 0, ""useful_reassignments"": 0, ""missed_mandatory"": 7, ""exclusion_violations"": 0, ""reserve_violations"": 0, ""duplicate_work"": 0, ""total_energy_j"": 7530.0, ""unresolved_conflicts"": 0, ""terms"": {""completed_mandatory"": 50.0, ""anomaly_resolved"": 0.0, ""useful_reassignment"": 0.0, ""missed_mandatory"": -105.0, ""exclusion_violation"": -0.0, ""reserve_violation"": -0.0, ""duplicate_work"": -0.0, ""energy"": -0.03765, ""unresolved_conflict"": -0.0}, ""utility"": -55.03765}",5,0,0,0,7
paper_ssp_200m_moderate_v1|4|benign_static|fresh_120|B4,paper_ssp_200m_moderate_v1,4,benign_static,fresh_120,B4,-43.03705,"{""freeze_id"": ""utility_v2_frozen_2026-09-28"", ""completed_mandatory"": 5, ""anomalies_resolved"": 0, ""useful_reassignments"": 1, ""missed_mandatory"": 7, ""exclusion_violations"": 0, ""reserve_violations"": 0, ""duplicate_work"": 0, ""total_energy_j"": 7410.0, ""unresolved_conflicts"": 0, ""terms"": {""completed_mandatory"": 50.0, ""anomaly_resolved"": 0.0, ""useful_reassignment"": 12.0, ""missed_mandatory"": -105.0, ""exclusion_violation"": -0.0, ""reserve_violation"": -0.0, ""duplicate_work"": -0.0, ""energy"": -0.03705, ""unresolved_conflict"": -0.0}, ""utility"": -43.03705}",5,0,0,0,7
paper_ssp_200m_moderate_v1|4|benign_static|fresh_120|B4-NoFreshness,paper_ssp_200m_moderate_v1,4,benign_static,fresh_120,B4-NoFreshness,-43.03765,"{""freeze_id"": ""utility_v2_frozen_2026-09-28"", ""completed_mandatory"": 5, ""anomalies_resolved"": 0, ""useful_reassignments"": 1, ""missed_mandatory"": 7, ""exclusion_violations"": 0, ""reserve_violations"": 0, ""duplicate_work"": 0, ""total_energy_j"": 7530.0, ""unresolved_conflicts"": 0, ""terms"": {""completed_mandatory"": 50.0, ""anomaly_resolved"": 0.0, ""useful_reassignment"": 12.0, ""missed_mandatory"": -105.0, ""exclusion_violation"": -0.0, ""reserve_violation"": -0.0, ""duplicate_work"": -0.0, ""energy"": -0.03765, ""unresolved_conflict"": -0.0}, ""utility"": -43.03765}",5,0,0,0,7
paper_ssp_200m_moderate_v1|4|target_recovers_age300|fresh_120|B4,paper_ssp_200m_moderate_v1,4,target_recovers_age300,fresh_120,B4,-43.03705,"{""freeze_id"": ""utility_v2_frozen_2026-09-28"", ""completed_mandatory"": 5, ""anomalies_resolved"": 0, ""useful_reassignments"": 1, ""missed_mandatory"": 7, ""exclusion_violations"": 0, ""reserve_violations"": 0, ""duplicate_work"": 0, ""total_energy_j"": 7410.0, ""unresolved_conflicts"": 0, ""terms"": {""completed_mandatory"": 50.0, ""anomaly_resolved"": 0.0, ""useful_reassignment"": 12.0, ""missed_mandatory"": -105.0, ""exclusion_violation"": -0.0, ""reserve_violation"": -0.0, ""duplicate_work"": -0.0, ""energy"": -0.03705, ""unresolved_conflict"": -0.0}, ""utility"": -43.03705}",5,0,0,0,7
paper_ssp_200m_moderate_v1|4|target_recovers_age300|fresh_120|B4-NoFreshness,paper_ssp_200m_moderate_v1,4,target_recovers_age300,fresh_120,B4-NoFreshness,-43.03765,"{""freeze_id"": ""utility_v2_frozen_2026-09-28"", ""completed_mandatory"": 5, ""anomalies_resolved"": 0, ""useful_reassignments"": 1, ""missed_mandatory"": 7, ""exclusion_violations"": 0, ""reserve_violations"": 0, ""duplicate_work"": 0, ""total_energy_j"": 7530.0, ""unresolved_conflicts"": 0, ""terms"": {""completed_mandatory"": 50.0, ""anomaly_resolved"": 0.0, ""useful_reassignment"": 12.0, ""missed_mandatory"": -105.0, ""exclusion_violation"": -0.0, ""reserve_violation"": -0.0, ""duplicate_work"": -0.0, ""energy"": -0.03765, ""unresolved_conflict"": -0.0}, ""utility"": -43.03765}",5,0,0,0,7
paper_ssp_200m_moderate_v1|4|benign_static|aging_240|B4,paper_ssp_200m_moderate_v1,4,benign_static,aging_240,B4,-55.03705,"{""freeze_id"": ""utility_v2_frozen_2026-09-28"", ""completed_mandatory"": 5, ""anomalies_resolved"": 0, ""useful_reassignments"": 0, ""missed_mandatory"": 7, ""exclusion_violations"": 0, ""reserve_violations"": 0, ""duplicate_work"": 0, ""total_energy_j"": 7410.0, ""unresolved_conflicts"": 0, ""terms"": {""completed_mandatory"": 50.0, ""anomaly_resolved"": 0.0, ""useful_reassignment"": 0.0, ""missed_mandatory"": -105.0, ""exclusion_violation"": -0.0, ""reserve_violation"": -0.0, ""duplicate_work"": -0.0, ""energy"": -0.03705, ""unresolved_conflict"": -0.0}, ""utility"": -55.03705}",5,0,0,0,7
paper_ssp_200m_moderate_v1|4|benign_static|aging_240|B4-NoFreshness,paper_ssp_200m_moderate_v1,4,benign_static,aging_240,B4-NoFreshness,-43.03765,"{""freeze_id"": ""utility_v2_frozen_2026-09-28"", ""completed_mandatory"": 5, ""anomalies_resolved"": 0, ""useful_reassignments"": 1, ""missed_mandatory"": 7, ""exclusion_violations"": 0, ""reserve_violations"": 0, ""duplicate_work"": 0, ""total_energy_j"": 7530.0, ""unresolved_conflicts"": 0, ""terms"": {""completed_mandatory"": 50.0, ""anomaly_resolved"": 0.0, ""useful_reassignment"": 12.0, ""missed_mandatory"": -105.0, ""exclusion_violation"": -0.0, ""reserve_violation"": -0.0, ""duplicate_work"": -0.0, ""energy"": -0.03765, ""unresolved_conflict"": -0.0}, ""utility"": -43.03765}",5,0,0,0,7
paper_ssp_200m_moderate_v1|4|target_recovers_age300|aging_240|B4,paper_ssp_200m_moderate_v1,4,target_recovers_age300,aging_240,B4,-55.03705,"{""freeze_id"": ""utility_v2_frozen_2026-09-28"", ""completed_mandatory"": 5, ""anomalies_resolved"": 0, ""useful_reassignments"": 0, ""missed_mandatory"": 7, ""exclusion_violations"": 0, ""reserve_violations"": 0, ""duplicate_work"": 0, ""total_energy_j"": 7410.0, ""unresolved_conflicts"": 0, ""terms"": {""completed_mandatory"": 50.0, ""anomaly_resolved"": 0.0, ""useful_reassignment"": 0.0, ""missed_mandatory"": -105.0, ""exclusion_violation"": -0.0, ""reserve_violation"": -0.0, ""duplicate_work"": -0.0, ""energy"": -0.03705, ""unresolved_conflict"": -0.0}, ""utility"": -55.03705}",5,0,0,0,7
paper_ssp_200m_moderate_v1|4|target_recovers_age300|aging_240|B4-NoFreshness,paper_ssp_200m_moderate_v1,4,target_recovers_age300,aging_240,B4-NoFreshness,-43.03765,"{""freeze_id"": ""utility_v2_frozen_2026-09-28"", ""completed_mandatory"": 5, ""anomalies_resolved"": 0, ""useful_reassignments"": 1, ""missed_mandatory"": 7, ""exclusion_violations"": 0, ""reserve_violations"": 0, ""duplicate_work"": 0, ""total_energy_j"": 7530.0, ""unresolved_conflicts"": 0, ""terms"": {""completed_mandatory"": 50.0, ""anomaly_resolved"": 0.0, ""useful_reassignment"": 12.0, ""missed_mandatory"": -105.0, ""exclusion_violation"": -0.0, ""reserve_violation"": -0.0, ""duplicate_work"": -0.0, ""energy"": -0.03765, ""unresolved_conflict"": -0.0}, ""utility"": -43.03765}",5,0,0,0,7
paper_ssp_200m_moderate_v1|4|benign_static|stale_520|B4,paper_ssp_200m_moderate_v1,4,benign_static,stale_520,B4,-55.03705,"{""freeze_id"": ""utility_v2_frozen_2026-09-28"", ""completed_mandatory"": 5, ""anomalies_resolved"": 0, ""useful_reassignments"": 0, ""missed_mandatory"": 7, ""exclusion_violations"": 0, ""reserve_violations"": 0, ""duplicate_work"": 0, ""total_energy_j"": 7410.0, ""unresolved_conflicts"": 0, ""terms"": {""completed_mandatory"": 50.0, ""anomaly_resolved"": 0.0, ""useful_reassignment"": 0.0, ""missed_mandatory"": -105.0, ""exclusion_violation"": -0.0, ""reserve_violation"": -0.0, ""duplicate_work"": -0.0, ""energy"": -0.03705, ""unresolved_conflict"": -0.0}, ""utility"": -55.03705}",5,0,0,0,7
paper_ssp_200m_moderate_v1|4|benign_static|stale_520|B4-NoFreshness,paper_ssp_200m_moderate_v1,4,benign_static,stale_520,B4-NoFreshness,-43.03765,"{""freeze_id"": ""utility_v2_frozen_2026-09-28"", ""completed_mandatory"": 5, ""anomalies_resolved"": 0, ""useful_reassignments"": 1, ""missed_mandatory"": 7, ""exclusion_violations"": 0, ""reserve_violations"": 0, ""duplicate_work"": 0, ""total_energy_j"": 7530.0, ""unresolved_conflicts"": 0, ""terms"": {""completed_mandatory"": 50.0, ""anomaly_resolved"": 0.0, ""useful_reassignment"": 12.0, ""missed_mandatory"": -105.0, ""exclusion_violation"": -0.0, ""reserve_violation"": -0.0, ""duplicate_work"": -0.0, ""energy"": -0.03765, ""unresolved_conflict"": -0.0}, ""utility"": -43.03765}",5,0,0,0,7
paper_ssp_200m_moderate_v1|4|target_recovers_age300|stale_520|B4,paper_ssp_200m_moderate_v1,4,target_recovers_age300,stale_520,B4,-55.03705,"{""freeze_id"": ""utility_v2_frozen_2026-09-28"", ""completed_mandatory"": 5, ""anomalies_resolved"": 0, ""useful_reassignments"": 0, ""missed_mandatory"": 7, ""exclusion_violations"": 0, ""reserve_violations"": 0, ""duplicate_work"": 0, ""total_energy_j"": 7410.0, ""unresolved_conflicts"": 0, ""terms"": {""completed_mandatory"": 50.0, ""anomaly_resolved"": 0.0, ""useful_reassignment"": 0.0, ""missed_mandatory"": -105.0, ""exclusion_violation"": -0.0, ""reserve_violation"": -0.0, ""duplicate_work"": -0.0, ""energy"": -0.03705, ""unresolved_conflict"": -0.0}, ""utility"": -55.03705}",5,0,0,0,7
paper_ssp_200m_moderate_v1|4|target_recovers_age300|stale_520|B4-NoFreshness,paper_ssp_200m_moderate_v1,4,target_recovers_age300,stale_520,B4-NoFreshness,-55.03765,"{""freeze_id"": ""utility_v2_frozen_2026-09-28"", ""completed_mandatory"": 5, ""anomalies_resolved"": 0, ""useful_reassignments"": 0, ""missed_mandatory"": 7, ""exclusion_violations"": 0, ""reserve_violations"": 0, ""duplicate_work"": 0, ""total_energy_j"": 7530.0, ""unresolved_conflicts"": 0, ""terms"": {""completed_mandatory"": 50.0, ""anomaly_resolved"": 0.0, ""useful_reassignment"": 0.0, ""missed_mandatory"": -105.0, ""exclusion_violation"": -0.0, ""reserve_violation"": -0.0, ""duplicate_work"": -0.0, ""energy"": -0.03765, ""unresolved_conflict"": -0.0}, ""utility"": -55.03765}",5,0,0,0,7
paper_ssp_200m_moderate_v1|4|benign_static|hard_960|B4,paper_ssp_200m_moderate_v1,4,benign_static,hard_960,B4,-55.03705,"{""freeze_id"": ""utility_v2_frozen_2026-09-28"", ""completed_mandatory"": 5, ""anomalies_resolved"": 0, ""useful_reassignments"": 0, ""missed_mandatory"": 7, ""exclusion_violations"": 0, ""reserve_violations"": 0, ""duplicate_work"": 0, ""total_energy_j"": 7410.0, ""unresolved_conflicts"": 0, ""terms"": {""completed_mandatory"": 50.0, ""anomaly_resolved"": 0.0, ""useful_reassignment"": 0.0, ""missed_mandatory"": -105.0, ""exclusion_violation"": -0.0, ""reserve_violation"": -0.0, ""duplicate_work"": -0.0, ""energy"": -0.03705, ""unresolved_conflict"": -0.0}, ""utility"": -55.03705}",5,0,0,0,7
paper_ssp_200m_moderate_v1|4|benign_static|hard_960|B4-NoFreshness,paper_ssp_200m_moderate_v1,4,benign_static,hard_960,B4-NoFreshness,-43.03765,"{""freeze_id"": ""utility_v2_frozen_2026-09-28"", ""completed_mandatory"": 5, ""anomalies_resolved"": 0, ""useful_reassignments"": 1, ""missed_mandatory"": 7, ""exclusion_violations"": 0, ""reserve_violations"": 0, ""duplicate_work"": 0, ""total_energy_j"": 7530.0, ""unresolved_conflicts"": 0, ""terms"": {""completed_mandatory"": 50.0, ""anomaly_resolved"": 0.0, ""useful_reassignment"": 12.0, ""missed_mandatory"": -105.0, ""exclusion_violation"": -0.0, ""reserve_violation"": -0.0, ""duplicate_work"": -0.0, ""energy"": -0.03765, ""unresolved_conflict"": -0.0}, ""utility"": -43.03765}",5,0,0,0,7
paper_ssp_200m_moderate_v1|4|target_recovers_age300|hard_960|B4,paper_ssp_200m_moderate_v1,4,target_recovers_age300,hard_960,B4,-55.03705,"{""freeze_id"": ""utility_v2_frozen_2026-09-28"", ""completed_mandatory"": 5, ""anomalies_resolved"": 0, ""useful_reassignments"": 0, ""missed_mandatory"": 7, ""exclusion_violations"": 0, ""reserve_violations"": 0, ""duplicate_work"": 0, ""total_energy_j"": 7410.0, ""unresolved_conflicts"": 0, ""terms"": {""completed_mandatory"": 50.0, ""anomaly_resolved"": 0.0, ""useful_reassignment"": 0.0, ""missed_mandatory"": -105.0, ""exclusion_violation"": -0.0, ""reserve_violation"": -0.0, ""duplicate_work"": -0.0, ""energy"": -0.03705, ""unresolved_conflict"": -0.0}, ""utility"": -55.03705}",5,0,0,0,7
paper_ssp_200m_moderate_v1|4|target_recovers_age300|hard_960|B4-NoFreshness,paper_ssp_200m_moderate_v1,4,target_recovers_age300,hard_960,B4-NoFreshness,-55.03765,"{""freeze_id"": ""utility_v2_frozen_2026-09-28"", ""completed_mandatory"": 5, ""anomalies_resolved"": 0, ""useful_reassignments"": 0, ""missed_mandatory"": 7, ""exclusion_violations"": 0, ""reserve_violations"": 0, ""duplicate_work"": 0, ""total_energy_j"": 7530.0, ""unresolved_conflicts"": 0, ""terms"": {""completed_mandatory"": 50.0, ""anomaly_resolved"": 0.0, ""useful_reassignment"": 0.0, ""missed_mandatory"": -105.0, ""exclusion_violation"": -0.0, ""reserve_violation"": -0.0, ""duplicate_work"": -0.0, ""energy"": -0.03765, ""unresolved_conflict"": -0.0}, ""utility"": -55.03765}",5,0,0,0,7
paper_ssp_200m_moderate_v1|5|benign_static|fresh_120|B4,paper_ssp_200m_moderate_v1,5,benign_static,fresh_120,B4,-43.03705,"{""freeze_id"": ""utility_v2_frozen_2026-09-28"", ""completed_mandatory"": 5, ""anomalies_resolved"": 0, ""useful_reassignments"": 1, ""missed_mandatory"": 7, ""exclusion_violations"": 0, ""reserve_violations"": 0, ""duplicate_work"": 0, ""total_energy_j"": 7410.0, ""unresolved_conflicts"": 0, ""terms"": {""completed_mandatory"": 50.0, ""anomaly_resolved"": 0.0, ""useful_reassignment"": 12.0, ""missed_mandatory"": -105.0, ""exclusion_violation"": -0.0, ""reserve_violation"": -0.0, ""duplicate_work"": -0.0, ""energy"": -0.03705, ""unresolved_conflict"": -0.0}, ""utility"": -43.03705}",5,0,0,0,7
paper_ssp_200m_moderate_v1|5|benign_static|fresh_120|B4-NoFreshness,paper_ssp_200m_moderate_v1,5,benign_static,fresh_120,B4-NoFreshness,-43.03765,"{""freeze_id"": ""utility_v2_frozen_2026-09-28"", ""completed_mandatory"": 5, ""anomalies_resolved"": 0, ""useful_reassignments"": 1, ""missed_mandatory"": 7, ""exclusion_violations"": 0, ""reserve_violations"": 0, ""duplicate_work"": 0, ""total_energy_j"": 7530.0, ""unresolved_conflicts"": 0, ""terms"": {""completed_mandatory"": 50.0, ""anomaly_resolved"": 0.0, ""useful_reassignment"": 12.0, ""missed_mandatory"": -105.0, ""exclusion_violation"": -0.0, ""reserve_violation"": -0.0, ""duplicate_work"": -0.0, ""energy"": -0.03765, ""unresolved_conflict"": -0.0}, ""utility"": -43.03765}",5,0,0,0,7
paper_ssp_200m_moderate_v1|5|target_recovers_age300|fresh_120|B4,paper_ssp_200m_moderate_v1,5,target_recovers_age300,fresh_120,B4,-43.03705,"{""freeze_id"": ""utility_v2_frozen_2026-09-28"", ""completed_mandatory"": 5, ""anomalies_resolved"": 0, ""useful_reassignments"": 1, ""missed_mandatory"": 7, ""exclusion_violations"": 0, ""reserve_violations"": 0, ""duplicate_work"": 0, ""total_energy_j"": 7410.0, ""unresolved_conflicts"": 0, ""terms"": {""completed_mandatory"": 50.0, ""anomaly_resolved"": 0.0, ""useful_reassignment"": 12.0, ""missed_mandatory"": -105.0, ""exclusion_violation"": -0.0, ""reserve_violation"": -0.0, ""duplicate_work"": -0.0, ""energy"": -0.03705, ""unresolved_conflict"": -0.0}, ""utility"": -43.03705}",5,0,0,0,7
paper_ssp_200m_moderate_v1|5|target_recovers_age300|fresh_120|B4-NoFreshness,paper_ssp_200m_moderate_v1,5,target_recovers_age300,fresh_120,B4-NoFreshness,-43.03765,"{""freeze_id"": ""utility_v2_frozen_2026-09-28"", ""completed_mandatory"": 5, ""anomalies_resolved"": 0, ""useful_reassignments"": 1, ""missed_mandatory"": 7, ""exclusion_violations"": 0, ""reserve_violations"": 0, ""duplicate_work"": 0, ""total_energy_j"": 7530.0, ""unresolved_conflicts"": 0, ""terms"": {""completed_mandatory"": 50.0, ""anomaly_resolved"": 0.0, ""useful_reassignment"": 12.0, ""missed_mandatory"": -105.0, ""exclusion_violation"": -0.0, ""reserve_violation"": -0.0, ""duplicate_work"": -0.0, ""energy"": -0.03765, ""unresolved_conflict"": -0.0}, ""utility"": -43.03765}",5,0,0,0,7
paper_ssp_200m_moderate_v1|5|benign_static|aging_240|B4,paper_ssp_200m_moderate_v1,5,benign_static,aging_240,B4,-55.03705,"{""freeze_id"": ""utility_v2_frozen_2026-09-28"", ""completed_mandatory"": 5, ""anomalies_resolved"": 0, ""useful_reassignments"": 0, ""missed_mandatory"": 7, ""exclusion_violations"": 0, ""reserve_violations"": 0, ""duplicate_work"": 0, ""total_energy_j"": 7410.0, ""unresolved_conflicts"": 0, ""terms"": {""completed_mandatory"": 50.0, ""anomaly_resolved"": 0.0, ""useful_reassignment"": 0.0, ""missed_mandatory"": -105.0, ""exclusion_violation"": -0.0, ""reserve_violation"": -0.0, ""duplicate_work"": -0.0, ""energy"": -0.03705, ""unresolved_conflict"": -0.0}, ""utility"": -55.03705}",5,0,0,0,7
paper_ssp_200m_moderate_v1|5|benign_static|aging_240|B4-NoFreshness,paper_ssp_200m_moderate_v1,5,benign_static,aging_240,B4-NoFreshness,-43.03765,"{""freeze_id"": ""utility_v2_frozen_2026-09-28"", ""completed_mandatory"": 5, ""anomalies_resolved"": 0, ""useful_reassignments"": 1, ""missed_mandatory"": 7, ""exclusion_violations"": 0, ""reserve_violations"": 0, ""duplicate_work"": 0, ""total_energy_j"": 7530.0, ""unresolved_conflicts"": 0, ""terms"": {""completed_mandatory"": 50.0, ""anomaly_resolved"": 0.0, ""useful_reassignment"": 12.0, ""missed_mandatory"": -105.0, ""exclusion_violation"": -0.0, ""reserve_violation"": -0.0, ""duplicate_work"": -0.0, ""energy"": -0.03765, ""unresolved_conflict"": -0.0}, ""utility"": -43.03765}",5,0,0,0,7
paper_ssp_200m_moderate_v1|5|target_recovers_age300|aging_240|B4,paper_ssp_200m_moderate_v1,5,target_recovers_age300,aging_240,B4,-55.03705,"{""freeze_id"": ""utility_v2_frozen_2026-09-28"", ""completed_mandatory"": 5, ""anomalies_resolved"": 0, ""useful_reassignments"": 0, ""missed_mandatory"": 7, ""exclusion_violations"": 0, ""reserve_violations"": 0, ""duplicate_work"": 0, ""total_energy_j"": 7410.0, ""unresolved_conflicts"": 0, ""terms"": {""completed_mandatory"": 50.0, ""anomaly_resolved"": 0.0, ""useful_reassignment"": 0.0, ""missed_mandatory"": -105.0, ""exclusion_violation"": -0.0, ""reserve_violation"": -0.0, ""duplicate_work"": -0.0, ""energy"": -0.03705, ""unresolved_conflict"": -0.0}, ""utility"": -55.03705}",5,0,0,0,7
paper_ssp_200m_moderate_v1|5|target_recovers_age300|aging_240|B4-NoFreshness,paper_ssp_200m_moderate_v1,5,target_recovers_age300,aging_240,B4-NoFreshness,-43.03765,"{""freeze_id"": ""utility_v2_frozen_2026-09-28"", ""completed_mandatory"": 5, ""anomalies_resolved"": 0, ""useful_reassignments"": 1, ""missed_mandatory"": 7, ""exclusion_violations"": 0, ""reserve_violations"": 0, ""duplicate_work"": 0, ""total_energy_j"": 7530.0, ""unresolved_conflicts"": 0, ""terms"": {""completed_mandatory"": 50.0, ""anomaly_resolved"": 0.0, ""useful_reassignment"": 12.0, ""missed_mandatory"": -105.0, ""exclusion_violation"": -0.0, ""reserve_violation"": -0.0, ""duplicate_work"": -0.0, ""energy"": -0.03765, ""unresolved_conflict"": -0.0}, ""utility"": -43.03765}",5,0,0,0,7
paper_ssp_200m_moderate_v1|5|benign_static|stale_520|B4,paper_ssp_200m_moderate_v1,5,benign_static,stale_520,B4,-55.03705,"{""freeze_id"": ""utility_v2_frozen_2026-09-28"", ""completed_mandatory"": 5, ""anomalies_resolved"": 0, ""useful_reassignments"": 0, ""missed_mandatory"": 7, ""exclusion_violations"": 0, ""reserve_violations"": 0, ""duplicate_work"": 0, ""total_energy_j"": 7410.0, ""unresolved_conflicts"": 0, ""terms"": {""completed_mandatory"": 50.0, ""anomaly_resolved"": 0.0, ""useful_reassignment"": 0.0, ""missed_mandatory"": -105.0, ""exclusion_violation"": -0.0, ""reserve_violation"": -0.0, ""duplicate_work"": -0.0, ""energy"": -0.03705, ""unresolved_conflict"": -0.0}, ""utility"": -55.03705}",5,0,0,0,7
paper_ssp_200m_moderate_v1|5|benign_static|stale_520|B4-NoFreshness,paper_ssp_200m_moderate_v1,5,benign_static,stale_520,B4-NoFreshness,-43.03765,"{""freeze_id"": ""utility_v2_frozen_2026-09-28"", ""completed_mandatory"": 5, ""anomalies_resolved"": 0, ""useful_reassignments"": 1, ""missed_mandatory"": 7, ""exclusion_violations"": 0, ""reserve_violations"": 0, ""duplicate_work"": 0, ""total_energy_j"": 7530.0, ""unresolved_conflicts"": 0, ""terms"": {""completed_mandatory"": 50.0, ""anomaly_resolved"": 0.0, ""useful_reassignment"": 12.0, ""missed_mandatory"": -105.0, ""exclusion_violation"": -0.0, ""reserve_violation"": -0.0, ""duplicate_work"": -0.0, ""energy"": -0.03765, ""unresolved_conflict"": -0.0}, ""utility"": -43.03765}",5,0,0,0,7
paper_ssp_200m_moderate_v1|5|target_recovers_age300|stale_520|B4,paper_ssp_200m_moderate_v1,5,target_recovers_age300,stale_520,B4,-55.03705,"{""freeze_id"": ""utility_v2_frozen_2026-09-28"", ""completed_mandatory"": 5, ""anomalies_resolved"": 0, ""useful_reassignments"": 0, ""missed_mandatory"": 7, ""exclusion_violations"": 0, ""reserve_violations"": 0, ""duplicate_work"": 0, ""total_energy_j"": 7410.0, ""unresolved_conflicts"": 0, ""terms"": {""completed_mandatory"": 50.0, ""anomaly_resolved"": 0.0, ""useful_reassignment"": 0.0, ""missed_mandatory"": -105.0, ""exclusion_violation"": -0.0, ""reserve_violation"": -0.0, ""duplicate_work"": -0.0, ""energy"": -0.03705, ""unresolved_conflict"": -0.0}, ""utility"": -55.03705}",5,0,0,0,7
paper_ssp_200m_moderate_v1|5|target_recovers_age300|stale_520|B4-NoFreshness,paper_ssp_200m_moderate_v1,5,target_recovers_age300,stale_520,B4-NoFreshness,-55.03765,"{""freeze_id"": ""utility_v2_frozen_2026-09-28"", ""completed_mandatory"": 5, ""anomalies_resolved"": 0, ""useful_reassignments"": 0, ""missed_mandatory"": 7, ""exclusion_violations"": 0, ""reserve_violations"": 0, ""duplicate_work"": 0, ""total_energy_j"": 7530.0, ""unresolved_conflicts"": 0, ""terms"": {""completed_mandatory"": 50.0, ""anomaly_resolved"": 0.0, ""useful_reassignment"": 0.0, ""missed_mandatory"": -105.0, ""exclusion_violation"": -0.0, ""reserve_violation"": -0.0, ""duplicate_work"": -0.0, ""energy"": -0.03765, ""unresolved_conflict"": -0.0}, ""utility"": -55.03765}",5,0,0,0,7
paper_ssp_200m_moderate_v1|5|benign_static|hard_960|B4,paper_ssp_200m_moderate_v1,5,benign_static,hard_960,B4,-55.03705,"{""freeze_id"": ""utility_v2_frozen_2026-09-28"", ""completed_mandatory"": 5, ""anomalies_resolved"": 0, ""useful_reassignments"": 0, ""missed_mandatory"": 7, ""exclusion_violations"": 0, ""reserve_violations"": 0, ""duplicate_work"": 0, ""total_energy_j"": 7410.0, ""unresolved_conflicts"": 0, ""terms"": {""completed_mandatory"": 50.0, ""anomaly_resolved"": 0.0, ""useful_reassignment"": 0.0, ""missed_mandatory"": -105.0, ""exclusion_violation"": -0.0, ""reserve_violation"": -0.0, ""duplicate_work"": -0.0, ""energy"": -0.03705, ""unresolved_conflict"": -0.0}, ""utility"": -55.03705}",5,0,0,0,7
paper_ssp_200m_moderate_v1|5|benign_static|hard_960|B4-NoFreshness,paper_ssp_200m_moderate_v1,5,benign_static,hard_960,B4-NoFreshness,-43.03765,"{""freeze_id"": ""utility_v2_frozen_2026-09-28"", ""completed_mandatory"": 5, ""anomalies_resolved"": 0, ""useful_reassignments"": 1, ""missed_mandatory"": 7, ""exclusion_violations"": 0, ""reserve_violations"": 0, ""duplicate_work"": 0, ""total_energy_j"": 7530.0, ""unresolved_conflicts"": 0, ""terms"": {""completed_mandatory"": 50.0, ""anomaly_resolved"": 0.0, ""useful_reassignment"": 12.0, ""missed_mandatory"": -105.0, ""exclusion_violation"": -0.0, ""reserve_violation"": -0.0, ""duplicate_work"": -0.0, ""energy"": -0.03765, ""unresolved_conflict"": -0.0}, ""utility"": -43.03765}",5,0,0,0,7
paper_ssp_200m_moderate_v1|5|target_recovers_age300|hard_960|B4,paper_ssp_200m_moderate_v1,5,target_recovers_age300,hard_960,B4,-55.03705,"{""freeze_id"": ""utility_v2_frozen_2026-09-28"", ""completed_mandatory"": 5, ""anomalies_resolved"": 0, ""useful_reassignments"": 0, ""missed_mandatory"": 7, ""exclusion_violations"": 0, ""reserve_violations"": 0, ""duplicate_work"": 0, ""total_energy_j"": 7410.0, ""unresolved_conflicts"": 0, ""terms"": {""completed_mandatory"": 50.0, ""anomaly_resolved"": 0.0, ""useful_reassignment"": 0.0, ""missed_mandatory"": -105.0, ""exclusion_violation"": -0.0, ""reserve_violation"": -0.0, ""duplicate_work"": -0.0, ""energy"": -0.03705, ""unresolved_conflict"": -0.0}, ""utility"": -55.03705}",5,0,0,0,7
paper_ssp_200m_moderate_v1|5|target_recovers_age300|hard_960|B4-NoFreshness,paper_ssp_200m_moderate_v1,5,target_recovers_age300,hard_960,B4-NoFreshness,-55.03765,"{""freeze_id"": ""utility_v2_frozen_2026-09-28"", ""completed_mandatory"": 5, ""anomalies_resolved"": 0, ""useful_reassignments"": 0, ""missed_mandatory"": 7, ""exclusion_violations"": 0, ""reserve_violations"": 0, ""duplicate_work"": 0, ""total_energy_j"": 7530.0, ""unresolved_conflicts"": 0, ""terms"": {""completed_mandatory"": 50.0, ""anomaly_resolved"": 0.0, ""useful_reassignment"": 0.0, ""missed_mandatory"": -105.0, ""exclusion_violation"": -0.0, ""reserve_violation"": -0.0, ""duplicate_work"": -0.0, ""energy"": -0.03765, ""unresolved_conflict"": -0.0}, ""utility"": -55.03765}",5,0,0,0,7
paper_ssp_200m_moderate_v1|6|benign_static|fresh_120|B4,paper_ssp_200m_moderate_v1,6,benign_static,fresh_120,B4,-43.03705,"{""freeze_id"": ""utility_v2_frozen_2026-09-28"", ""completed_mandatory"": 5, ""anomalies_resolved"": 0, ""useful_reassignments"": 1, ""missed_mandatory"": 7, ""exclusion_violations"": 0, ""reserve_violations"": 0, ""duplicate_work"": 0, ""total_energy_j"": 7410.0, ""unresolved_conflicts"": 0, ""terms"": {""completed_mandatory"": 50.0, ""anomaly_resolved"": 0.0, ""useful_reassignment"": 12.0, ""missed_mandatory"": -105.0, ""exclusion_violation"": -0.0, ""reserve_violation"": -0.0, ""duplicate_work"": -0.0, ""energy"": -0.03705, ""unresolved_conflict"": -0.0}, ""utility"": -43.03705}",5,0,0,0,7
paper_ssp_200m_moderate_v1|6|benign_static|fresh_120|B4-NoFreshness,paper_ssp_200m_moderate_v1,6,benign_static,fresh_120,B4-NoFreshness,-43.03765,"{""freeze_id"": ""utility_v2_frozen_2026-09-28"", ""completed_mandatory"": 5, ""anomalies_resolved"": 0, ""useful_reassignments"": 1, ""missed_mandatory"": 7, ""exclusion_violations"": 0, ""reserve_violations"": 0, ""duplicate_work"": 0, ""total_energy_j"": 7530.0, ""unresolved_conflicts"": 0, ""terms"": {""completed_mandatory"": 50.0, ""anomaly_resolved"": 0.0, ""useful_reassignment"": 12.0, ""missed_mandatory"": -105.0, ""exclusion_violation"": -0.0, ""reserve_violation"": -0.0, ""duplicate_work"": -0.0, ""energy"": -0.03765, ""unresolved_conflict"": -0.0}, ""utility"": -43.03765}",5,0,0,0,7
paper_ssp_200m_moderate_v1|6|target_recovers_age300|fresh_120|B4,paper_ssp_200m_moderate_v1,6,target_recovers_age300,fresh_120,B4,-43.03705,"{""freeze_id"": ""utility_v2_frozen_2026-09-28"", ""completed_mandatory"": 5, ""anomalies_resolved"": 0, ""useful_reassignments"": 1, ""missed_mandatory"": 7, ""exclusion_violations"": 0, ""reserve_violations"": 0, ""duplicate_work"": 0, ""total_energy_j"": 7410.0, ""unresolved_conflicts"": 0, ""terms"": {""completed_mandatory"": 50.0, ""anomaly_resolved"": 0.0, ""useful_reassignment"": 12.0, ""missed_mandatory"": -105.0, ""exclusion_violation"": -0.0, ""reserve_violation"": -0.0, ""duplicate_work"": -0.0, ""energy"": -0.03705, ""unresolved_conflict"": -0.0}, ""utility"": -43.03705}",5,0,0,0,7
paper_ssp_200m_moderate_v1|6|target_recovers_age300|fresh_120|B4-NoFreshness,paper_ssp_200m_moderate_v1,6,target_recovers_age300,fresh_120,B4-NoFreshness,-43.03765,"{""freeze_id"": ""utility_v2_frozen_2026-09-28"", ""completed_mandatory"": 5, ""anomalies_resolved"": 0, ""useful_reassignments"": 1, ""missed_mandatory"": 7, ""exclusion_violations"": 0, ""reserve_violations"": 0, ""duplicate_work"": 0, ""total_energy_j"": 7530.0, ""unresolved_conflicts"": 0, ""terms"": {""completed_mandatory"": 50.0, ""anomaly_resolved"": 0.0, ""useful_reassignment"": 12.0, ""missed_mandatory"": -105.0, ""exclusion_violation"": -0.0, ""reserve_violation"": -0.0, ""duplicate_work"": -0.0, ""energy"": -0.03765, ""unresolved_conflict"": -0.0}, ""utility"": -43.03765}",5,0,0,0,7
paper_ssp_200m_moderate_v1|6|benign_static|aging_240|B4,paper_ssp_200m_moderate_v1,6,benign_static,aging_240,B4,-55.03705,"{""freeze_id"": ""utility_v2_frozen_2026-09-28"", ""completed_mandatory"": 5, ""anomalies_resolved"": 0, ""useful_reassignments"": 0, ""missed_mandatory"": 7, ""exclusion_violations"": 0, ""reserve_violations"": 0, ""duplicate_work"": 0, ""total_energy_j"": 7410.0, ""unresolved_conflicts"": 0, ""terms"": {""completed_mandatory"": 50.0, ""anomaly_resolved"": 0.0, ""useful_reassignment"": 0.0, ""missed_mandatory"": -105.0, ""exclusion_violation"": -0.0, ""reserve_violation"": -0.0, ""duplicate_work"": -0.0, ""energy"": -0.03705, ""unresolved_conflict"": -0.0}, ""utility"": -55.03705}",5,0,0,0,7
paper_ssp_200m_moderate_v1|6|benign_static|aging_240|B4-NoFreshness,paper_ssp_200m_moderate_v1,6,benign_static,aging_240,B4-NoFreshness,-43.03765,"{""freeze_id"": ""utility_v2_frozen_2026-09-28"", ""completed_mandatory"": 5, ""anomalies_resolved"": 0, ""useful_reassignments"": 1, ""missed_mandatory"": 7, ""exclusion_violations"": 0, ""reserve_violations"": 0, ""duplicate_work"": 0, ""total_energy_j"": 7530.0, ""unresolved_conflicts"": 0, ""terms"": {""completed_mandatory"": 50.0, ""anomaly_resolved"": 0.0, ""useful_reassignment"": 12.0, ""missed_mandatory"": -105.0, ""exclusion_violation"": -0.0, ""reserve_violation"": -0.0, ""duplicate_work"": -0.0, ""energy"": -0.03765, ""unresolved_conflict"": -0.0}, ""utility"": -43.03765}",5,0,0,0,7
paper_ssp_200m_moderate_v1|6|target_recovers_age300|aging_240|B4,paper_ssp_200m_moderate_v1,6,target_recovers_age300,aging_240,B4,-55.03705,"{""freeze_id"": ""utility_v2_frozen_2026-09-28"", ""completed_mandatory"": 5, ""anomalies_resolved"": 0, ""useful_reassignments"": 0, ""missed_mandatory"": 7, ""exclusion_violations"": 0, ""reserve_violations"": 0, ""duplicate_work"": 0, ""total_energy_j"": 7410.0, ""unresolved_conflicts"": 0, ""terms"": {""completed_mandatory"": 50.0, ""anomaly_resolved"": 0.0, ""useful_reassignment"": 0.0, ""missed_mandatory"": -105.0, ""exclusion_violation"": -0.0, ""reserve_violation"": -0.0, ""duplicate_work"": -0.0, ""energy"": -0.03705, ""unresolved_conflict"": -0.0}, ""utility"": -55.03705}",5,0,0,0,7
paper_ssp_200m_moderate_v1|6|target_recovers_age300|aging_240|B4-NoFreshness,paper_ssp_200m_moderate_v1,6,target_recovers_age300,aging_240,B4-NoFreshness,-43.03765,"{""freeze_id"": ""utility_v2_frozen_2026-09-28"", ""completed_mandatory"": 5, ""anomalies_resolved"": 0, ""useful_reassignments"": 1, ""missed_mandatory"": 7, ""exclusion_violations"": 0, ""reserve_violations"": 0, ""duplicate_work"": 0, ""total_energy_j"": 7530.0, ""unresolved_conflicts"": 0, ""terms"": {""completed_mandatory"": 50.0, ""anomaly_resolved"": 0.0, ""useful_reassignment"": 12.0, ""missed_mandatory"": -105.0, ""exclusion_violation"": -0.0, ""reserve_violation"": -0.0, ""duplicate_work"": -0.0, ""energy"": -0.03765, ""unresolved_conflict"": -0.0}, ""utility"": -43.03765}",5,0,0,0,7
paper_ssp_200m_moderate_v1|6|benign_static|stale_520|B4,paper_ssp_200m_moderate_v1,6,benign_static,stale_520,B4,-55.03705,"{""freeze_id"": ""utility_v2_frozen_2026-09-28"", ""completed_mandatory"": 5, ""anomalies_resolved"": 0, ""useful_reassignments"": 0, ""missed_mandatory"": 7, ""exclusion_violations"": 0, ""reserve_violations"": 0, ""duplicate_work"": 0, ""total_energy_j"": 7410.0, ""unresolved_conflicts"": 0, ""terms"": {""completed_mandatory"": 50.0, ""anomaly_resolved"": 0.0, ""useful_reassignment"": 0.0, ""missed_mandatory"": -105.0, ""exclusion_violation"": -0.0, ""reserve_violation"": -0.0, ""duplicate_work"": -0.0, ""energy"": -0.03705, ""unresolved_conflict"": -0.0}, ""utility"": -55.03705}",5,0,0,0,7
paper_ssp_200m_moderate_v1|6|benign_static|stale_520|B4-NoFreshness,paper_ssp_200m_moderate_v1,6,benign_static,stale_520,B4-NoFreshness,-43.03765,"{""freeze_id"": ""utility_v2_frozen_2026-09-28"", ""completed_mandatory"": 5, ""anomalies_resolved"": 0, ""useful_reassignments"": 1, ""missed_mandatory"": 7, ""exclusion_violations"": 0, ""reserve_violations"": 0, ""duplicate_work"": 0, ""total_energy_j"": 7530.0, ""unresolved_conflicts"": 0, ""terms"": {""completed_mandatory"": 50.0, ""anomaly_resolved"": 0.0, ""useful_reassignment"": 12.0, ""missed_mandatory"": -105.0, ""exclusion_violation"": -0.0, ""reserve_violation"": -0.0, ""duplicate_work"": -0.0, ""energy"": -0.03765, ""unresolved_conflict"": -0.0}, ""utility"": -43.03765}",5,0,0,0,7
paper_ssp_200m_moderate_v1|6|target_recovers_age300|stale_520|B4,paper_ssp_200m_moderate_v1,6,target_recovers_age300,stale_520,B4,-55.03705,"{""freeze_id"": ""utility_v2_frozen_2026-09-28"", ""completed_mandatory"": 5, ""anomalies_resolved"": 0, ""useful_reassignments"": 0, ""missed_mandatory"": 7, ""exclusion_violations"": 0, ""reserve_violations"": 0, ""duplicate_work"": 0, ""total_energy_j"": 7410.0, ""unresolved_conflicts"": 0, ""terms"": {""completed_mandatory"": 50.0, ""anomaly_resolved"": 0.0, ""useful_reassignment"": 0.0, ""missed_mandatory"": -105.0, ""exclusion_violation"": -0.0, ""reserve_violation"": -0.0, ""duplicate_work"": -0.0, ""energy"": -0.03705, ""unresolved_conflict"": -0.0}, ""utility"": -55.03705}",5,0,0,0,7
paper_ssp_200m_moderate_v1|6|target_recovers_age300|stale_520|B4-NoFreshness,paper_ssp_200m_moderate_v1,6,target_recovers_age300,stale_520,B4-NoFreshness,-55.03765,"{""freeze_id"": ""utility_v2_frozen_2026-09-28"", ""completed_mandatory"": 5, ""anomalies_resolved"": 0, ""useful_reassignments"": 0, ""missed_mandatory"": 7, ""exclusion_violations"": 0, ""reserve_violations"": 0, ""duplicate_work"": 0, ""total_energy_j"": 7530.0, ""unresolved_conflicts"": 0, ""terms"": {""completed_mandatory"": 50.0, ""anomaly_resolved"": 0.0, ""useful_reassignment"": 0.0, ""missed_mandatory"": -105.0, ""exclusion_violation"": -0.0, ""reserve_violation"": -0.0, ""duplicate_work"": -0.0, ""energy"": -0.03765, ""unresolved_conflict"": -0.0}, ""utility"": -55.03765}",5,0,0,0,7
paper_ssp_200m_moderate_v1|6|benign_static|hard_960|B4,paper_ssp_200m_moderate_v1,6,benign_static,hard_960,B4,-55.03705,"{""freeze_id"": ""utility_v2_frozen_2026-09-28"", ""completed_mandatory"": 5, ""anomalies_resolved"": 0, ""useful_reassignments"": 0, ""missed_mandatory"": 7, ""exclusion_violations"": 0, ""reserve_violations"": 0, ""duplicate_work"": 0, ""total_energy_j"": 7410.0, ""unresolved_conflicts"": 0, ""terms"": {""completed_mandatory"": 50.0, ""anomaly_resolved"": 0.0, ""useful_reassignment"": 0.0, ""missed_mandatory"": -105.0, ""exclusion_violation"": -0.0, ""reserve_violation"": -0.0, ""duplicate_work"": -0.0, ""energy"": -0.03705, ""unresolved_conflict"": -0.0}, ""utility"": -55.03705}",5,0,0,0,7
paper_ssp_200m_moderate_v1|6|benign_static|hard_960|B4-NoFreshness,paper_ssp_200m_moderate_v1,6,benign_static,hard_960,B4-NoFreshness,-43.03765,"{""freeze_id"": ""utility_v2_frozen_2026-09-28"", ""completed_mandatory"": 5, ""anomalies_resolved"": 0, ""useful_reassignments"": 1, ""missed_mandatory"": 7, ""exclusion_violations"": 0, ""reserve_violations"": 0, ""duplicate_work"": 0, ""total_energy_j"": 7530.0, ""unresolved_conflicts"": 0, ""terms"": {""completed_mandatory"": 50.0, ""anomaly_resolved"": 0.0, ""useful_reassignment"": 12.0, ""missed_mandatory"": -105.0, ""exclusion_violation"": -0.0, ""reserve_violation"": -0.0, ""duplicate_work"": -0.0, ""energy"": -0.03765, ""unresolved_conflict"": -0.0}, ""utility"": -43.03765}",5,0,0,0,7
paper_ssp_200m_moderate_v1|6|target_recovers_age300|hard_960|B4,paper_ssp_200m_moderate_v1,6,target_recovers_age300,hard_960,B4,-55.03705,"{""freeze_id"": ""utility_v2_frozen_2026-09-28"", ""completed_mandatory"": 5, ""anomalies_resolved"": 0, ""useful_reassignments"": 0, ""missed_mandatory"": 7, ""exclusion_violations"": 0, ""reserve_violations"": 0, ""duplicate_work"": 0, ""total_energy_j"": 7410.0, ""unresolved_conflicts"": 0, ""terms"": {""completed_mandatory"": 50.0, ""anomaly_resolved"": 0.0, ""useful_reassignment"": 0.0, ""missed_mandatory"": -105.0, ""exclusion_violation"": -0.0, ""reserve_violation"": -0.0, ""duplicate_work"": -0.0, ""energy"": -0.03705, ""unresolved_conflict"": -0.0}, ""utility"": -55.03705}",5,0,0,0,7
paper_ssp_200m_moderate_v1|6|target_recovers_age300|hard_960|B4-NoFreshness,paper_ssp_200m_moderate_v1,6,target_recovers_age300,hard_960,B4-NoFreshness,-55.03765,"{""freeze_id"": ""utility_v2_frozen_2026-09-28"", ""completed_mandatory"": 5, ""anomalies_resolved"": 0, ""useful_reassignments"": 0, ""missed_mandatory"": 7, ""exclusion_violations"": 0, ""reserve_violations"": 0, ""duplicate_work"": 0, ""total_energy_j"": 7530.0, ""unresolved_conflicts"": 0, ""terms"": {""completed_mandatory"": 50.0, ""anomaly_resolved"": 0.0, ""useful_reassignment"": 0.0, ""missed_mandatory"": -105.0, ""exclusion_violation"": -0.0, ""reserve_violation"": -0.0, ""duplicate_work"": -0.0, ""energy"": -0.03765, ""unresolved_conflict"": -0.0}, ""utility"": -55.03765}",5,0,0,0,7
paper_ssp_200m_moderate_v1|7|benign_static|fresh_120|B4,paper_ssp_200m_moderate_v1,7,benign_static,fresh_120,B4,-43.03705,"{""freeze_id"": ""utility_v2_frozen_2026-09-28"", ""completed_mandatory"": 5, ""anomalies_resolved"": 0, ""useful_reassignments"": 1, ""missed_mandatory"": 7, ""exclusion_violations"": 0, ""reserve_violations"": 0, ""duplicate_work"": 0, ""total_energy_j"": 7410.0, ""unresolved_conflicts"": 0, ""terms"": {""completed_mandatory"": 50.0, ""anomaly_resolved"": 0.0, ""useful_reassignment"": 12.0, ""missed_mandatory"": -105.0, ""exclusion_violation"": -0.0, ""reserve_violation"": -0.0, ""duplicate_work"": -0.0, ""energy"": -0.03705, ""unresolved_conflict"": -0.0}, ""utility"": -43.03705}",5,0,0,0,7
paper_ssp_200m_moderate_v1|7|benign_static|fresh_120|B4-NoFreshness,paper_ssp_200m_moderate_v1,7,benign_static,fresh_120,B4-NoFreshness,-43.03765,"{""freeze_id"": ""utility_v2_frozen_2026-09-28"", ""completed_mandatory"": 5, ""anomalies_resolved"": 0, ""useful_reassignments"": 1, ""missed_mandatory"": 7, ""exclusion_violations"": 0, ""reserve_violations"": 0, ""duplicate_work"": 0, ""total_energy_j"": 7530.0, ""unresolved_conflicts"": 0, ""terms"": {""completed_mandatory"": 50.0, ""anomaly_resolved"": 0.0, ""useful_reassignment"": 12.0, ""missed_mandatory"": -105.0, ""exclusion_violation"": -0.0, ""reserve_violation"": -0.0, ""duplicate_work"": -0.0, ""energy"": -0.03765, ""unresolved_conflict"": -0.0}, ""utility"": -43.03765}",5,0,0,0,7
paper_ssp_200m_moderate_v1|7|target_recovers_age300|fresh_120|B4,paper_ssp_200m_moderate_v1,7,target_recovers_age300,fresh_120,B4,-43.03705,"{""freeze_id"": ""utility_v2_frozen_2026-09-28"", ""completed_mandatory"": 5, ""anomalies_resolved"": 0, ""useful_reassignments"": 1, ""missed_mandatory"": 7, ""exclusion_violations"": 0, ""reserve_violations"": 0, ""duplicate_work"": 0, ""total_energy_j"": 7410.0, ""unresolved_conflicts"": 0, ""terms"": {""completed_mandatory"": 50.0, ""anomaly_resolved"": 0.0, ""useful_reassignment"": 12.0, ""missed_mandatory"": -105.0, ""exclusion_violation"": -0.0, ""reserve_violation"": -0.0, ""duplicate_work"": -0.0, ""energy"": -0.03705, ""unresolved_conflict"": -0.0}, ""utility"": -43.03705}",5,0,0,0,7
paper_ssp_200m_moderate_v1|7|target_recovers_age300|fresh_120|B4-NoFreshness,paper_ssp_200m_moderate_v1,7,target_recovers_age300,fresh_120,B4-NoFreshness,-43.03765,"{""freeze_id"": ""utility_v2_frozen_2026-09-28"", ""completed_mandatory"": 5, ""anomalies_resolved"": 0, ""useful_reassignments"": 1, ""missed_mandatory"": 7, ""exclusion_violations"": 0, ""reserve_violations"": 0, ""duplicate_work"": 0, ""total_energy_j"": 7530.0, ""unresolved_conflicts"": 0, ""terms"": {""completed_mandatory"": 50.0, ""anomaly_resolved"": 0.0, ""useful_reassignment"": 12.0, ""missed_mandatory"": -105.0, ""exclusion_violation"": -0.0, ""reserve_violation"": -0.0, ""duplicate_work"": -0.0, ""energy"": -0.03765, ""unresolved_conflict"": -0.0}, ""utility"": -43.03765}",5,0,0,0,7
paper_ssp_200m_moderate_v1|7|benign_static|aging_240|B4,paper_ssp_200m_moderate_v1,7,benign_static,aging_240,B4,-55.03705,"{""freeze_id"": ""utility_v2_frozen_2026-09-28"", ""completed_mandatory"": 5, ""anomalies_resolved"": 0, ""useful_reassignments"": 0, ""missed_mandatory"": 7, ""exclusion_violations"": 0, ""reserve_violations"": 0, ""duplicate_work"": 0, ""total_energy_j"": 7410.0, ""unresolved_conflicts"": 0, ""terms"": {""completed_mandatory"": 50.0, ""anomaly_resolved"": 0.0, ""useful_reassignment"": 0.0, ""missed_mandatory"": -105.0, ""exclusion_violation"": -0.0, ""reserve_violation"": -0.0, ""duplicate_work"": -0.0, ""energy"": -0.03705, ""unresolved_conflict"": -0.0}, ""utility"": -55.03705}",5,0,0,0,7
paper_ssp_200m_moderate_v1|7|benign_static|aging_240|B4-NoFreshness,paper_ssp_200m_moderate_v1,7,benign_static,aging_240,B4-NoFreshness,-43.03765,"{""freeze_id"": ""utility_v2_frozen_2026-09-28"", ""completed_mandatory"": 5, ""anomalies_resolved"": 0, ""useful_reassignments"": 1, ""missed_mandatory"": 7, ""exclusion_violations"": 0, ""reserve_violations"": 0, ""duplicate_work"": 0, ""total_energy_j"": 7530.0, ""unresolved_conflicts"": 0, ""terms"": {""completed_mandatory"": 50.0, ""anomaly_resolved"": 0.0, ""useful_reassignment"": 12.0, ""missed_mandatory"": -105.0, ""exclusion_violation"": -0.0, ""reserve_violation"": -0.0, ""duplicate_work"": -0.0, ""energy"": -0.03765, ""unresolved_conflict"": -0.0}, ""utility"": -43.03765}",5,0,0,0,7
paper_ssp_200m_moderate_v1|7|target_recovers_age300|aging_240|B4,paper_ssp_200m_moderate_v1,7,target_recovers_age300,aging_240,B4,-55.03705,"{""freeze_id"": ""utility_v2_frozen_2026-09-28"", ""completed_mandatory"": 5, ""anomalies_resolved"": 0, ""useful_reassignments"": 0, ""missed_mandatory"": 7, ""exclusion_violations"": 0, ""reserve_violations"": 0, ""duplicate_work"": 0, ""total_energy_j"": 7410.0, ""unresolved_conflicts"": 0, ""terms"": {""completed_mandatory"": 50.0, ""anomaly_resolved"": 0.0, ""useful_reassignment"": 0.0, ""missed_mandatory"": -105.0, ""exclusion_violation"": -0.0, ""reserve_violation"": -0.0, ""duplicate_work"": -0.0, ""energy"": -0.03705, ""unresolved_conflict"": -0.0}, ""utility"": -55.03705}",5,0,0,0,7
paper_ssp_200m_moderate_v1|7|target_recovers_age300|aging_240|B4-NoFreshness,paper_ssp_200m_moderate_v1,7,target_recovers_age300,aging_240,B4-NoFreshness,-43.03765,"{""freeze_id"": ""utility_v2_frozen_2026-09-28"", ""completed_mandatory"": 5, ""anomalies_resolved"": 0, ""useful_reassignments"": 1, ""missed_mandatory"": 7, ""exclusion_violations"": 0, ""reserve_violations"": 0, ""duplicate_work"": 0, ""total_energy_j"": 7530.0, ""unresolved_conflicts"": 0, ""terms"": {""completed_mandatory"": 50.0, ""anomaly_resolved"": 0.0, ""useful_reassignment"": 12.0, ""missed_mandatory"": -105.0, ""exclusion_violation"": -0.0, ""reserve_violation"": -0.0, ""duplicate_work"": -0.0, ""energy"": -0.03765, ""unresolved_conflict"": -0.0}, ""utility"": -43.03765}",5,0,0,0,7
paper_ssp_200m_moderate_v1|7|benign_static|stale_520|B4,paper_ssp_200m_moderate_v1,7,benign_static,stale_520,B4,-55.03705,"{""freeze_id"": ""utility_v2_frozen_2026-09-28"", ""completed_mandatory"": 5, ""anomalies_resolved"": 0, ""useful_reassignments"": 0, ""missed_mandatory"": 7, ""exclusion_violations"": 0, ""reserve_violations"": 0, ""duplicate_work"": 0, ""total_energy_j"": 7410.0, ""unresolved_conflicts"": 0, ""terms"": {""completed_mandatory"": 50.0, ""anomaly_resolved"": 0.0, ""useful_reassignment"": 0.0, ""missed_mandatory"": -105.0, ""exclusion_violation"": -0.0, ""reserve_violation"": -0.0, ""duplicate_work"": -0.0, ""energy"": -0.03705, ""unresolved_conflict"": -0.0}, ""utility"": -55.03705}",5,0,0,0,7
paper_ssp_200m_moderate_v1|7|benign_static|stale_520|B4-NoFreshness,paper_ssp_200m_moderate_v1,7,benign_static,stale_520,B4-NoFreshness,-43.03765,"{""freeze_id"": ""utility_v2_frozen_2026-09-28"", ""completed_mandatory"": 5, ""anomalies_resolved"": 0, ""useful_reassignments"": 1, ""missed_mandatory"": 7, ""exclusion_violations"": 0, ""reserve_violations"": 0, ""duplicate_work"": 0, ""total_energy_j"": 7530.0, ""unresolved_conflicts"": 0, ""terms"": {""completed_mandatory"": 50.0, ""anomaly_resolved"": 0.0, ""useful_reassignment"": 12.0, ""missed_mandatory"": -105.0, ""exclusion_violation"": -0.0, ""reserve_violation"": -0.0, ""duplicate_work"": -0.0, ""energy"": -0.03765, ""unresolved_conflict"": -0.0}, ""utility"": -43.03765}",5,0,0,0,7
paper_ssp_200m_moderate_v1|7|target_recovers_age300|stale_520|B4,paper_ssp_200m_moderate_v1,7,target_recovers_age300,stale_520,B4,-55.03705,"{""freeze_id"": ""utility_v2_frozen_2026-09-28"", ""completed_mandatory"": 5, ""anomalies_resolved"": 0, ""useful_reassignments"": 0, ""missed_mandatory"": 7, ""exclusion_violations"": 0, ""reserve_violations"": 0, ""duplicate_work"": 0, ""total_energy_j"": 7410.0, ""unresolved_conflicts"": 0, ""terms"": {""completed_mandatory"": 50.0, ""anomaly_resolved"": 0.0, ""useful_reassignment"": 0.0, ""missed_mandatory"": -105.0, ""exclusion_violation"": -0.0, ""reserve_violation"": -0.0, ""duplicate_work"": -0.0, ""energy"": -0.03705, ""unresolved_conflict"": -0.0}, ""utility"": -55.03705}",5,0,0,0,7
paper_ssp_200m_moderate_v1|7|target_recovers_age300|stale_520|B4-NoFreshness,paper_ssp_200m_moderate_v1,7,target_recovers_age300,stale_520,B4-NoFreshness,-55.03765,"{""freeze_id"": ""utility_v2_frozen_2026-09-28"", ""completed_mandatory"": 5, ""anomalies_resolved"": 0, ""useful_reassignments"": 0, ""missed_mandatory"": 7, ""exclusion_violations"": 0, ""reserve_violations"": 0, ""duplicate_work"": 0, ""total_energy_j"": 7530.0, ""unresolved_conflicts"": 0, ""terms"": {""completed_mandatory"": 50.0, ""anomaly_resolved"": 0.0, ""useful_reassignment"": 0.0, ""missed_mandatory"": -105.0, ""exclusion_violation"": -0.0, ""reserve_violation"": -0.0, ""duplicate_work"": -0.0, ""energy"": -0.03765, ""unresolved_conflict"": -0.0}, ""utility"": -55.03765}",5,0,0,0,7
paper_ssp_200m_moderate_v1|7|benign_static|hard_960|B4,paper_ssp_200m_moderate_v1,7,benign_static,hard_960,B4,-55.03705,"{""freeze_id"": ""utility_v2_frozen_2026-09-28"", ""completed_mandatory"": 5, ""anomalies_resolved"": 0, ""useful_reassignments"": 0, ""missed_mandatory"": 7, ""exclusion_violations"": 0, ""reserve_violations"": 0, ""duplicate_work"": 0, ""total_energy_j"": 7410.0, ""unresolved_conflicts"": 0, ""terms"": {""completed_mandatory"": 50.0, ""anomaly_resolved"": 0.0, ""useful_reassignment"": 0.0, ""missed_mandatory"": -105.0, ""exclusion_violation"": -0.0, ""reserve_violation"": -0.0, ""duplicate_work"": -0.0, ""energy"": -0.03705, ""unresolved_conflict"": -0.0}, ""utility"": -55.03705}",5,0,0,0,7
paper_ssp_200m_moderate_v1|7|benign_static|hard_960|B4-NoFreshness,paper_ssp_200m_moderate_v1,7,benign_static,hard_960,B4-NoFreshness,-43.03765,"{""freeze_id"": ""utility_v2_frozen_2026-09-28"", ""completed_mandatory"": 5, ""anomalies_resolved"": 0, ""useful_reassignments"": 1, ""missed_mandatory"": 7, ""exclusion_violations"": 0, ""reserve_violations"": 0, ""duplicate_work"": 0, ""total_energy_j"": 7530.0, ""unresolved_conflicts"": 0, ""terms"": {""completed_mandatory"": 50.0, ""anomaly_resolved"": 0.0, ""useful_reassignment"": 12.0, ""missed_mandatory"": -105.0, ""exclusion_violation"": -0.0, ""reserve_violation"": -0.0, ""duplicate_work"": -0.0, ""energy"": -0.03765, ""unresolved_conflict"": -0.0}, ""utility"": -43.03765}",5,0,0,0,7
paper_ssp_200m_moderate_v1|7|target_recovers_age300|hard_960|B4,paper_ssp_200m_moderate_v1,7,target_recovers_age300,hard_960,B4,-55.03705,"{""freeze_id"": ""utility_v2_frozen_2026-09-28"", ""completed_mandatory"": 5, ""anomalies_resolved"": 0, ""useful_reassignments"": 0, ""missed_mandatory"": 7, ""exclusion_violations"": 0, ""reserve_violations"": 0, ""duplicate_work"": 0, ""total_energy_j"": 7410.0, ""unresolved_conflicts"": 0, ""terms"": {""completed_mandatory"": 50.0, ""anomaly_resolved"": 0.0, ""useful_reassignment"": 0.0, ""missed_mandatory"": -105.0, ""exclusion_violation"": -0.0, ""reserve_violation"": -0.0, ""duplicate_work"": -0.0, ""energy"": -0.03705, ""unresolved_conflict"": -0.0}, ""utility"": -55.03705}",5,0,0,0,7
paper_ssp_200m_moderate_v1|7|target_recovers_age300|hard_960|B4-NoFreshness,paper_ssp_200m_moderate_v1,7,target_recovers_age300,hard_960,B4-NoFreshness,-55.03765,"{""freeze_id"": ""utility_v2_frozen_2026-09-28"", ""completed_mandatory"": 5, ""anomalies_resolved"": 0, ""useful_reassignments"": 0, ""missed_mandatory"": 7, ""exclusion_violations"": 0, ""reserve_violations"": 0, ""duplicate_work"": 0, ""total_energy_j"": 7530.0, ""unresolved_conflicts"": 0, ""terms"": {""completed_mandatory"": 50.0, ""anomaly_resolved"": 0.0, ""useful_reassignment"": 0.0, ""missed_mandatory"": -105.0, ""exclusion_violation"": -0.0, ""reserve_violation"": -0.0, ""duplicate_work"": -0.0, ""energy"": -0.03765, ""unresolved_conflict"": -0.0}, ""utility"": -55.03765}",5,0,0,0,7
paper_ssp_200m_moderate_v1|8|benign_static|fresh_120|B4,paper_ssp_200m_moderate_v1,8,benign_static,fresh_120,B4,-43.03705,"{""freeze_id"": ""utility_v2_frozen_2026-09-28"", ""completed_mandatory"": 5, ""anomalies_resolved"": 0, ""useful_reassignments"": 1, ""missed_mandatory"": 7, ""exclusion_violations"": 0, ""reserve_violations"": 0, ""duplicate_work"": 0, ""total_energy_j"": 7410.0, ""unresolved_conflicts"": 0, ""terms"": {""completed_mandatory"": 50.0, ""anomaly_resolved"": 0.0, ""useful_reassignment"": 12.0, ""missed_mandatory"": -105.0, ""exclusion_violation"": -0.0, ""reserve_violation"": -0.0, ""duplicate_work"": -0.0, ""energy"": -0.03705, ""unresolved_conflict"": -0.0}, ""utility"": -43.03705}",5,0,0,0,7
paper_ssp_200m_moderate_v1|8|benign_static|fresh_120|B4-NoFreshness,paper_ssp_200m_moderate_v1,8,benign_static,fresh_120,B4-NoFreshness,-43.03765,"{""freeze_id"": ""utility_v2_frozen_2026-09-28"", ""completed_mandatory"": 5, ""anomalies_resolved"": 0, ""useful_reassignments"": 1, ""missed_mandatory"": 7, ""exclusion_violations"": 0, ""reserve_violations"": 0, ""duplicate_work"": 0, ""total_energy_j"": 7530.0, ""unresolved_conflicts"": 0, ""terms"": {""completed_mandatory"": 50.0, ""anomaly_resolved"": 0.0, ""useful_reassignment"": 12.0, ""missed_mandatory"": -105.0, ""exclusion_violation"": -0.0, ""reserve_violation"": -0.0, ""duplicate_work"": -0.0, ""energy"": -0.03765, ""unresolved_conflict"": -0.0}, ""utility"": -43.03765}",5,0,0,0,7
paper_ssp_200m_moderate_v1|8|target_recovers_age300|fresh_120|B4,paper_ssp_200m_moderate_v1,8,target_recovers_age300,fresh_120,B4,-43.03705,"{""freeze_id"": ""utility_v2_frozen_2026-09-28"", ""completed_mandatory"": 5, ""anomalies_resolved"": 0, ""useful_reassignments"": 1, ""missed_mandatory"": 7, ""exclusion_violations"": 0, ""reserve_violations"": 0, ""duplicate_work"": 0, ""total_energy_j"": 7410.0, ""unresolved_conflicts"": 0, ""terms"": {""completed_mandatory"": 50.0, ""anomaly_resolved"": 0.0, ""useful_reassignment"": 12.0, ""missed_mandatory"": -105.0, ""exclusion_violation"": -0.0, ""reserve_violation"": -0.0, ""duplicate_work"": -0.0, ""energy"": -0.03705, ""unresolved_conflict"": -0.0}, ""utility"": -43.03705}",5,0,0,0,7
paper_ssp_200m_moderate_v1|8|target_recovers_age300|fresh_120|B4-NoFreshness,paper_ssp_200m_moderate_v1,8,target_recovers_age300,fresh_120,B4-NoFreshness,-43.03765,"{""freeze_id"": ""utility_v2_frozen_2026-09-28"", ""completed_mandatory"": 5, ""anomalies_resolved"": 0, ""useful_reassignments"": 1, ""missed_mandatory"": 7, ""exclusion_violations"": 0, ""reserve_violations"": 0, ""duplicate_work"": 0, ""total_energy_j"": 7530.0, ""unresolved_conflicts"": 0, ""terms"": {""completed_mandatory"": 50.0, ""anomaly_resolved"": 0.0, ""useful_reassignment"": 12.0, ""missed_mandatory"": -105.0, ""exclusion_violation"": -0.0, ""reserve_violation"": -0.0, ""duplicate_work"": -0.0, ""energy"": -0.03765, ""unresolved_conflict"": -0.0}, ""utility"": -43.03765}",5,0,0,0,7
paper_ssp_200m_moderate_v1|8|benign_static|aging_240|B4,paper_ssp_200m_moderate_v1,8,benign_static,aging_240,B4,-55.03705,"{""freeze_id"": ""utility_v2_frozen_2026-09-28"", ""completed_mandatory"": 5, ""anomalies_resolved"": 0, ""useful_reassignments"": 0, ""missed_mandatory"": 7, ""exclusion_violations"": 0, ""reserve_violations"": 0, ""duplicate_work"": 0, ""total_energy_j"": 7410.0, ""unresolved_conflicts"": 0, ""terms"": {""completed_mandatory"": 50.0, ""anomaly_resolved"": 0.0, ""useful_reassignment"": 0.0, ""missed_mandatory"": -105.0, ""exclusion_violation"": -0.0, ""reserve_violation"": -0.0, ""duplicate_work"": -0.0, ""energy"": -0.03705, ""unresolved_conflict"": -0.0}, ""utility"": -55.03705}",5,0,0,0,7
paper_ssp_200m_moderate_v1|8|benign_static|aging_240|B4-NoFreshness,paper_ssp_200m_moderate_v1,8,benign_static,aging_240,B4-NoFreshness,-43.03765,"{""freeze_id"": ""utility_v2_frozen_2026-09-28"", ""completed_mandatory"": 5, ""anomalies_resolved"": 0, ""useful_reassignments"": 1, ""missed_mandatory"": 7, ""exclusion_violations"": 0, ""reserve_violations"": 0, ""duplicate_work"": 0, ""total_energy_j"": 7530.0, ""unresolved_conflicts"": 0, ""terms"": {""completed_mandatory"": 50.0, ""anomaly_resolved"": 0.0, ""useful_reassignment"": 12.0, ""missed_mandatory"": -105.0, ""exclusion_violation"": -0.0, ""reserve_violation"": -0.0, ""duplicate_work"": -0.0, ""energy"": -0.03765, ""unresolved_conflict"": -0.0}, ""utility"": -43.03765}",5,0,0,0,7
paper_ssp_200m_moderate_v1|8|target_recovers_age300|aging_240|B4,paper_ssp_200m_moderate_v1,8,target_recovers_age300,aging_240,B4,-55.03705,"{""freeze_id"": ""utility_v2_frozen_2026-09-28"", ""completed_mandatory"": 5, ""anomalies_resolved"": 0, ""useful_reassignments"": 0, ""missed_mandatory"": 7, ""exclusion_violations"": 0, ""reserve_violations"": 0, ""duplicate_work"": 0, ""total_energy_j"": 7410.0, ""unresolved_conflicts"": 0, ""terms"": {""completed_mandatory"": 50.0, ""anomaly_resolved"": 0.0, ""useful_reassignment"": 0.0, ""missed_mandatory"": -105.0, ""exclusion_violation"": -0.0, ""reserve_violation"": -0.0, ""duplicate_work"": -0.0, ""energy"": -0.03705, ""unresolved_conflict"": -0.0}, ""utility"": -55.03705}",5,0,0,0,7
paper_ssp_200m_moderate_v1|8|target_recovers_age300|aging_240|B4-NoFreshness,paper_ssp_200m_moderate_v1,8,target_recovers_age300,aging_240,B4-NoFreshness,-43.03765,"{""freeze_id"": ""utility_v2_frozen_2026-09-28"", ""completed_mandatory"": 5, ""anomalies_resolved"": 0, ""useful_reassignments"": 1, ""missed_mandatory"": 7, ""exclusion_violations"": 0, ""reserve_violations"": 0, ""duplicate_work"": 0, ""total_energy_j"": 7530.0, ""unresolved_conflicts"": 0, ""terms"": {""completed_mandatory"": 50.0, ""anomaly_resolved"": 0.0, ""useful_reassignment"": 12.0, ""missed_mandatory"": -105.0, ""exclusion_violation"": -0.0, ""reserve_violation"": -0.0, ""duplicate_work"": -0.0, ""energy"": -0.03765, ""unresolved_conflict"": -0.0}, ""utility"": -43.03765}",5,0,0,0,7
paper_ssp_200m_moderate_v1|8|benign_static|stale_520|B4,paper_ssp_200m_moderate_v1,8,benign_static,stale_520,B4,-55.03705,"{""freeze_id"": ""utility_v2_frozen_2026-09-28"", ""completed_mandatory"": 5, ""anomalies_resolved"": 0, ""useful_reassignments"": 0, ""missed_mandatory"": 7, ""exclusion_violations"": 0, ""reserve_violations"": 0, ""duplicate_work"": 0, ""total_energy_j"": 7410.0, ""unresolved_conflicts"": 0, ""terms"": {""completed_mandatory"": 50.0, ""anomaly_resolved"": 0.0, ""useful_reassignment"": 0.0, ""missed_mandatory"": -105.0, ""exclusion_violation"": -0.0, ""reserve_violation"": -0.0, ""duplicate_work"": -0.0, ""energy"": -0.03705, ""unresolved_conflict"": -0.0}, ""utility"": -55.03705}",5,0,0,0,7
paper_ssp_200m_moderate_v1|8|benign_static|stale_520|B4-NoFreshness,paper_ssp_200m_moderate_v1,8,benign_static,stale_520,B4-NoFreshness,-43.03765,"{""freeze_id"": ""utility_v2_frozen_2026-09-28"", ""completed_mandatory"": 5, ""anomalies_resolved"": 0, ""useful_reassignments"": 1, ""missed_mandatory"": 7, ""exclusion_violations"": 0, ""reserve_violations"": 0, ""duplicate_work"": 0, ""total_energy_j"": 7530.0, ""unresolved_conflicts"": 0, ""terms"": {""completed_mandatory"": 50.0, ""anomaly_resolved"": 0.0, ""useful_reassignment"": 12.0, ""missed_mandatory"": -105.0, ""exclusion_violation"": -0.0, ""reserve_violation"": -0.0, ""duplicate_work"": -0.0, ""energy"": -0.03765, ""unresolved_conflict"": -0.0}, ""utility"": -43.03765}",5,0,0,0,7
paper_ssp_200m_moderate_v1|8|target_recovers_age300|stale_520|B4,paper_ssp_200m_moderate_v1,8,target_recovers_age300,stale_520,B4,-55.03705,"{""freeze_id"": ""utility_v2_frozen_2026-09-28"", ""completed_mandatory"": 5, ""anomalies_resolved"": 0, ""useful_reassignments"": 0, ""missed_mandatory"": 7, ""exclusion_violations"": 0, ""reserve_violations"": 0, ""duplicate_work"": 0, ""total_energy_j"": 7410.0, ""unresolved_conflicts"": 0, ""terms"": {""completed_mandatory"": 50.0, ""anomaly_resolved"": 0.0, ""useful_reassignment"": 0.0, ""missed_mandatory"": -105.0, ""exclusion_violation"": -0.0, ""reserve_violation"": -0.0, ""duplicate_work"": -0.0, ""energy"": -0.03705, ""unresolved_conflict"": -0.0}, ""utility"": -55.03705}",5,0,0,0,7
paper_ssp_200m_moderate_v1|8|target_recovers_age300|stale_520|B4-NoFreshness,paper_ssp_200m_moderate_v1,8,target_recovers_age300,stale_520,B4-NoFreshness,-55.03765,"{""freeze_id"": ""utility_v2_frozen_2026-09-28"", ""completed_mandatory"": 5, ""anomalies_resolved"": 0, ""useful_reassignments"": 0, ""missed_mandatory"": 7, ""exclusion_violations"": 0, ""reserve_violations"": 0, ""duplicate_work"": 0, ""total_energy_j"": 7530.0, ""unresolved_conflicts"": 0, ""terms"": {""completed_mandatory"": 50.0, ""anomaly_resolved"": 0.0, ""useful_reassignment"": 0.0, ""missed_mandatory"": -105.0, ""exclusion_violation"": -0.0, ""reserve_violation"": -0.0, ""duplicate_work"": -0.0, ""energy"": -0.03765, ""unresolved_conflict"": -0.0}, ""utility"": -55.03765}",5,0,0,0,7
paper_ssp_200m_moderate_v1|8|benign_static|hard_960|B4,paper_ssp_200m_moderate_v1,8,benign_static,hard_960,B4,-55.03705,"{""freeze_id"": ""utility_v2_frozen_2026-09-28"", ""completed_mandatory"": 5, ""anomalies_resolved"": 0, ""useful_reassignments"": 0, ""missed_mandatory"": 7, ""exclusion_violations"": 0, ""reserve_violations"": 0, ""duplicate_work"": 0, ""total_energy_j"": 7410.0, ""unresolved_conflicts"": 0, ""terms"": {""completed_mandatory"": 50.0, ""anomaly_resolved"": 0.0, ""useful_reassignment"": 0.0, ""missed_mandatory"": -105.0, ""exclusion_violation"": -0.0, ""reserve_violation"": -0.0, ""duplicate_work"": -0.0, ""energy"": -0.03705, ""unresolved_conflict"": -0.0}, ""utility"": -55.03705}",5,0,0,0,7
paper_ssp_200m_moderate_v1|8|benign_static|hard_960|B4-NoFreshness,paper_ssp_200m_moderate_v1,8,benign_static,hard_960,B4-NoFreshness,-43.03765,"{""freeze_id"": ""utility_v2_frozen_2026-09-28"", ""completed_mandatory"": 5, ""anomalies_resolved"": 0, ""useful_reassignments"": 1, ""missed_mandatory"": 7, ""exclusion_violations"": 0, ""reserve_violations"": 0, ""duplicate_work"": 0, ""total_energy_j"": 7530.0, ""unresolved_conflicts"": 0, ""terms"": {""completed_mandatory"": 50.0, ""anomaly_resolved"": 0.0, ""useful_reassignment"": 12.0, ""missed_mandatory"": -105.0, ""exclusion_violation"": -0.0, ""reserve_violation"": -0.0, ""duplicate_work"": -0.0, ""energy"": -0.03765, ""unresolved_conflict"": -0.0}, ""utility"": -43.03765}",5,0,0,0,7
paper_ssp_200m_moderate_v1|8|target_recovers_age300|hard_960|B4,paper_ssp_200m_moderate_v1,8,target_recovers_age300,hard_960,B4,-55.03705,"{""freeze_id"": ""utility_v2_frozen_2026-09-28"", ""completed_mandatory"": 5, ""anomalies_resolved"": 0, ""useful_reassignments"": 0, ""missed_mandatory"": 7, ""exclusion_violations"": 0, ""reserve_violations"": 0, ""duplicate_work"": 0, ""total_energy_j"": 7410.0, ""unresolved_conflicts"": 0, ""terms"": {""completed_mandatory"": 50.0, ""anomaly_resolved"": 0.0, ""useful_reassignment"": 0.0, ""missed_mandatory"": -105.0, ""exclusion_violation"": -0.0, ""reserve_violation"": -0.0, ""duplicate_work"": -0.0, ""energy"": -0.03705, ""unresolved_conflict"": -0.0}, ""utility"": -55.03705}",5,0,0,0,7
paper_ssp_200m_moderate_v1|8|target_recovers_age300|hard_960|B4-NoFreshness,paper_ssp_200m_moderate_v1,8,target_recovers_age300,hard_960,B4-NoFreshness,-55.03765,"{""freeze_id"": ""utility_v2_frozen_2026-09-28"", ""completed_mandatory"": 5, ""anomalies_resolved"": 0, ""useful_reassignments"": 0, ""missed_mandatory"": 7, ""exclusion_violations"": 0, ""reserve_violations"": 0, ""duplicate_work"": 0, ""total_energy_j"": 7530.0, ""unresolved_conflicts"": 0, ""terms"": {""completed_mandatory"": 50.0, ""anomaly_resolved"": 0.0, ""useful_reassignment"": 0.0, ""missed_mandatory"": -105.0, ""exclusion_violation"": -0.0, ""reserve_violation"": -0.0, ""duplicate_work"": -0.0, ""energy"": -0.03765, ""unresolved_conflict"": -0.0}, ""utility"": -55.03765}",5,0,0,0,7
paper_ssp_200m_moderate_v1|9|benign_static|fresh_120|B4,paper_ssp_200m_moderate_v1,9,benign_static,fresh_120,B4,-43.03705,"{""freeze_id"": ""utility_v2_frozen_2026-09-28"", ""completed_mandatory"": 5, ""anomalies_resolved"": 0, ""useful_reassignments"": 1, ""missed_mandatory"": 7, ""exclusion_violations"": 0, ""reserve_violations"": 0, ""duplicate_work"": 0, ""total_energy_j"": 7410.0, ""unresolved_conflicts"": 0, ""terms"": {""completed_mandatory"": 50.0, ""anomaly_resolved"": 0.0, ""useful_reassignment"": 12.0, ""missed_mandatory"": -105.0, ""exclusion_violation"": -0.0, ""reserve_violation"": -0.0, ""duplicate_work"": -0.0, ""energy"": -0.03705, ""unresolved_conflict"": -0.0}, ""utility"": -43.03705}",5,0,0,0,7
paper_ssp_200m_moderate_v1|9|benign_static|fresh_120|B4-NoFreshness,paper_ssp_200m_moderate_v1,9,benign_static,fresh_120,B4-NoFreshness,-43.03765,"{""freeze_id"": ""utility_v2_frozen_2026-09-28"", ""completed_mandatory"": 5, ""anomalies_resolved"": 0, ""useful_reassignments"": 1, ""missed_mandatory"": 7, ""exclusion_violations"": 0, ""reserve_violations"": 0, ""duplicate_work"": 0, ""total_energy_j"": 7530.0, ""unresolved_conflicts"": 0, ""terms"": {""completed_mandatory"": 50.0, ""anomaly_resolved"": 0.0, ""useful_reassignment"": 12.0, ""missed_mandatory"": -105.0, ""exclusion_violation"": -0.0, ""reserve_violation"": -0.0, ""duplicate_work"": -0.0, ""energy"": -0.03765, ""unresolved_conflict"": -0.0}, ""utility"": -43.03765}",5,0,0,0,7
paper_ssp_200m_moderate_v1|9|target_recovers_age300|fresh_120|B4,paper_ssp_200m_moderate_v1,9,target_recovers_age300,fresh_120,B4,-43.03705,"{""freeze_id"": ""utility_v2_frozen_2026-09-28"", ""completed_mandatory"": 5, ""anomalies_resolved"": 0, ""useful_reassignments"": 1, ""missed_mandatory"": 7, ""exclusion_violations"": 0, ""reserve_violations"": 0, ""duplicate_work"": 0, ""total_energy_j"": 7410.0, ""unresolved_conflicts"": 0, ""terms"": {""completed_mandatory"": 50.0, ""anomaly_resolved"": 0.0, ""useful_reassignment"": 12.0, ""missed_mandatory"": -105.0, ""exclusion_violation"": -0.0, ""reserve_violation"": -0.0, ""duplicate_work"": -0.0, ""energy"": -0.03705, ""unresolved_conflict"": -0.0}, ""utility"": -43.03705}",5,0,0,0,7
paper_ssp_200m_moderate_v1|9|target_recovers_age300|fresh_120|B4-NoFreshness,paper_ssp_200m_moderate_v1,9,target_recovers_age300,fresh_120,B4-NoFreshness,-43.03765,"{""freeze_id"": ""utility_v2_frozen_2026-09-28"", ""completed_mandatory"": 5, ""anomalies_resolved"": 0, ""useful_reassignments"": 1, ""missed_mandatory"": 7, ""exclusion_violations"": 0, ""reserve_violations"": 0, ""duplicate_work"": 0, ""total_energy_j"": 7530.0, ""unresolved_conflicts"": 0, ""terms"": {""completed_mandatory"": 50.0, ""anomaly_resolved"": 0.0, ""useful_reassignment"": 12.0, ""missed_mandatory"": -105.0, ""exclusion_violation"": -0.0, ""reserve_violation"": -0.0, ""duplicate_work"": -0.0, ""energy"": -0.03765, ""unresolved_conflict"": -0.0}, ""utility"": -43.03765}",5,0,0,0,7
paper_ssp_200m_moderate_v1|9|benign_static|aging_240|B4,paper_ssp_200m_moderate_v1,9,benign_static,aging_240,B4,-55.03705,"{""freeze_id"": ""utility_v2_frozen_2026-09-28"", ""completed_mandatory"": 5, ""anomalies_resolved"": 0, ""useful_reassignments"": 0, ""missed_mandatory"": 7, ""exclusion_violations"": 0, ""reserve_violations"": 0, ""duplicate_work"": 0, ""total_energy_j"": 7410.0, ""unresolved_conflicts"": 0, ""terms"": {""completed_mandatory"": 50.0, ""anomaly_resolved"": 0.0, ""useful_reassignment"": 0.0, ""missed_mandatory"": -105.0, ""exclusion_violation"": -0.0, ""reserve_violation"": -0.0, ""duplicate_work"": -0.0, ""energy"": -0.03705, ""unresolved_conflict"": -0.0}, ""utility"": -55.03705}",5,0,0,0,7
paper_ssp_200m_moderate_v1|9|benign_static|aging_240|B4-NoFreshness,paper_ssp_200m_moderate_v1,9,benign_static,aging_240,B4-NoFreshness,-43.03765,"{""freeze_id"": ""utility_v2_frozen_2026-09-28"", ""completed_mandatory"": 5, ""anomalies_resolved"": 0, ""useful_reassignments"": 1, ""missed_mandatory"": 7, ""exclusion_violations"": 0, ""reserve_violations"": 0, ""duplicate_work"": 0, ""total_energy_j"": 7530.0, ""unresolved_conflicts"": 0, ""terms"": {""completed_mandatory"": 50.0, ""anomaly_resolved"": 0.0, ""useful_reassignment"": 12.0, ""missed_mandatory"": -105.0, ""exclusion_violation"": -0.0, ""reserve_violation"": -0.0, ""duplicate_work"": -0.0, ""energy"": -0.03765, ""unresolved_conflict"": -0.0}, ""utility"": -43.03765}",5,0,0,0,7
paper_ssp_200m_moderate_v1|9|target_recovers_age300|aging_240|B4,paper_ssp_200m_moderate_v1,9,target_recovers_age300,aging_240,B4,-55.03705,"{""freeze_id"": ""utility_v2_frozen_2026-09-28"", ""completed_mandatory"": 5, ""anomalies_resolved"": 0, ""useful_reassignments"": 0, ""missed_mandatory"": 7, ""exclusion_violations"": 0, ""reserve_violations"": 0, ""duplicate_work"": 0, ""total_energy_j"": 7410.0, ""unresolved_conflicts"": 0, ""terms"": {""completed_mandatory"": 50.0, ""anomaly_resolved"": 0.0, ""useful_reassignment"": 0.0, ""missed_mandatory"": -105.0, ""exclusion_violation"": -0.0, ""reserve_violation"": -0.0, ""duplicate_work"": -0.0, ""energy"": -0.03705, ""unresolved_conflict"": -0.0}, ""utility"": -55.03705}",5,0,0,0,7
paper_ssp_200m_moderate_v1|9|target_recovers_age300|aging_240|B4-NoFreshness,paper_ssp_200m_moderate_v1,9,target_recovers_age300,aging_240,B4-NoFreshness,-43.03765,"{""freeze_id"": ""utility_v2_frozen_2026-09-28"", ""completed_mandatory"": 5, ""anomalies_resolved"": 0, ""useful_reassignments"": 1, ""missed_mandatory"": 7, ""exclusion_violations"": 0, ""reserve_violations"": 0, ""duplicate_work"": 0, ""total_energy_j"": 7530.0, ""unresolved_conflicts"": 0, ""terms"": {""completed_mandatory"": 50.0, ""anomaly_resolved"": 0.0, ""useful_reassignment"": 12.0, ""missed_mandatory"": -105.0, ""exclusion_violation"": -0.0, ""reserve_violation"": -0.0, ""duplicate_work"": -0.0, ""energy"": -0.03765, ""unresolved_conflict"": -0.0}, ""utility"": -43.03765}",5,0,0,0,7
paper_ssp_200m_moderate_v1|9|benign_static|stale_520|B4,paper_ssp_200m_moderate_v1,9,benign_static,stale_520,B4,-55.03705,"{""freeze_id"": ""utility_v2_frozen_2026-09-28"", ""completed_mandatory"": 5, ""anomalies_resolved"": 0, ""useful_reassignments"": 0, ""missed_mandatory"": 7, ""exclusion_violations"": 0, ""reserve_violations"": 0, ""duplicate_work"": 0, ""total_energy_j"": 7410.0, ""unresolved_conflicts"": 0, ""terms"": {""completed_mandatory"": 50.0, ""anomaly_resolved"": 0.0, ""useful_reassignment"": 0.0, ""missed_mandatory"": -105.0, ""exclusion_violation"": -0.0, ""reserve_violation"": -0.0, ""duplicate_work"": -0.0, ""energy"": -0.03705, ""unresolved_conflict"": -0.0}, ""utility"": -55.03705}",5,0,0,0,7
paper_ssp_200m_moderate_v1|9|benign_static|stale_520|B4-NoFreshness,paper_ssp_200m_moderate_v1,9,benign_static,stale_520,B4-NoFreshness,-43.03765,"{""freeze_id"": ""utility_v2_frozen_2026-09-28"", ""completed_mandatory"": 5, ""anomalies_resolved"": 0, ""useful_reassignments"": 1, ""missed_mandatory"": 7, ""exclusion_violations"": 0, ""reserve_violations"": 0, ""duplicate_work"": 0, ""total_energy_j"": 7530.0, ""unresolved_conflicts"": 0, ""terms"": {""completed_mandatory"": 50.0, ""anomaly_resolved"": 0.0, ""useful_reassignment"": 12.0, ""missed_mandatory"": -105.0, ""exclusion_violation"": -0.0, ""reserve_violation"": -0.0, ""duplicate_work"": -0.0, ""energy"": -0.03765, ""unresolved_conflict"": -0.0}, ""utility"": -43.03765}",5,0,0,0,7
paper_ssp_200m_moderate_v1|9|target_recovers_age300|stale_520|B4,paper_ssp_200m_moderate_v1,9,target_recovers_age300,stale_520,B4,-55.03705,"{""freeze_id"": ""utility_v2_frozen_2026-09-28"", ""completed_mandatory"": 5, ""anomalies_resolved"": 0, ""useful_reassignments"": 0, ""missed_mandatory"": 7, ""exclusion_violations"": 0, ""reserve_violations"": 0, ""duplicate_work"": 0, ""total_energy_j"": 7410.0, ""unresolved_conflicts"": 0, ""terms"": {""completed_mandatory"": 50.0, ""anomaly_resolved"": 0.0, ""useful_reassignment"": 0.0, ""missed_mandatory"": -105.0, ""exclusion_violation"": -0.0, ""reserve_violation"": -0.0, ""duplicate_work"": -0.0, ""energy"": -0.03705, ""unresolved_conflict"": -0.0}, ""utility"": -55.03705}",5,0,0,0,7
paper_ssp_200m_moderate_v1|9|target_recovers_age300|stale_520|B4-NoFreshness,paper_ssp_200m_moderate_v1,9,target_recovers_age300,stale_520,B4-NoFreshness,-55.03765,"{""freeze_id"": ""utility_v2_frozen_2026-09-28"", ""completed_mandatory"": 5, ""anomalies_resolved"": 0, ""useful_reassignments"": 0, ""missed_mandatory"": 7, ""exclusion_violations"": 0, ""reserve_violations"": 0, ""duplicate_work"": 0, ""total_energy_j"": 7530.0, ""unresolved_conflicts"": 0, ""terms"": {""completed_mandatory"": 50.0, ""anomaly_resolved"": 0.0, ""useful_reassignment"": 0.0, ""missed_mandatory"": -105.0, ""exclusion_violation"": -0.0, ""reserve_violation"": -0.0, ""duplicate_work"": -0.0, ""energy"": -0.03765, ""unresolved_conflict"": -0.0}, ""utility"": -55.03765}",5,0,0,0,7
paper_ssp_200m_moderate_v1|9|benign_static|hard_960|B4,paper_ssp_200m_moderate_v1,9,benign_static,hard_960,B4,-55.03705,"{""freeze_id"": ""utility_v2_frozen_2026-09-28"", ""completed_mandatory"": 5, ""anomalies_resolved"": 0, ""useful_reassignments"": 0, ""missed_mandatory"": 7, ""exclusion_violations"": 0, ""reserve_violations"": 0, ""duplicate_work"": 0, ""total_energy_j"": 7410.0, ""unresolved_conflicts"": 0, ""terms"": {""completed_mandatory"": 50.0, ""anomaly_resolved"": 0.0, ""useful_reassignment"": 0.0, ""missed_mandatory"": -105.0, ""exclusion_violation"": -0.0, ""reserve_violation"": -0.0, ""duplicate_work"": -0.0, ""energy"": -0.03705, ""unresolved_conflict"": -0.0}, ""utility"": -55.03705}",5,0,0,0,7
paper_ssp_200m_moderate_v1|9|benign_static|hard_960|B4-NoFreshness,paper_ssp_200m_moderate_v1,9,benign_static,hard_960,B4-NoFreshness,-43.03765,"{""freeze_id"": ""utility_v2_frozen_2026-09-28"", ""completed_mandatory"": 5, ""anomalies_resolved"": 0, ""useful_reassignments"": 1, ""missed_mandatory"": 7, ""exclusion_violations"": 0, ""reserve_violations"": 0, ""duplicate_work"": 0, ""total_energy_j"": 7530.0, ""unresolved_conflicts"": 0, ""terms"": {""completed_mandatory"": 50.0, ""anomaly_resolved"": 0.0, ""useful_reassignment"": 12.0, ""missed_mandatory"": -105.0, ""exclusion_violation"": -0.0, ""reserve_violation"": -0.0, ""duplicate_work"": -0.0, ""energy"": -0.03765, ""unresolved_conflict"": -0.0}, ""utility"": -43.03765}",5,0,0,0,7
paper_ssp_200m_moderate_v1|9|target_recovers_age300|hard_960|B4,paper_ssp_200m_moderate_v1,9,target_recovers_age300,hard_960,B4,-55.03705,"{""freeze_id"": ""utility_v2_frozen_2026-09-28"", ""completed_mandatory"": 5, ""anomalies_resolved"": 0, ""useful_reassignments"": 0, ""missed_mandatory"": 7, ""exclusion_violations"": 0, ""reserve_violations"": 0, ""duplicate_work"": 0, ""total_energy_j"": 7410.0, ""unresolved_conflicts"": 0, ""terms"": {""completed_mandatory"": 50.0, ""anomaly_resolved"": 0.0, ""useful_reassignment"": 0.0, ""missed_mandatory"": -105.0, ""exclusion_violation"": -0.0, ""reserve_violation"": -0.0, ""duplicate_work"": -0.0, ""energy"": -0.03705, ""unresolved_conflict"": -0.0}, ""utility"": -55.03705}",5,0,0,0,7
paper_ssp_200m_moderate_v1|9|target_recovers_age300|hard_960|B4-NoFreshness,paper_ssp_200m_moderate_v1,9,target_recovers_age300,hard_960,B4-NoFreshness,-55.03765,"{""freeze_id"": ""utility_v2_frozen_2026-09-28"", ""completed_mandatory"": 5, ""anomalies_resolved"": 0, ""useful_reassignments"": 0, ""missed_mandatory"": 7, ""exclusion_violations"": 0, ""reserve_violations"": 0, ""duplicate_work"": 0, ""total_energy_j"": 7530.0, ""unresolved_conflicts"": 0, ""terms"": {""completed_mandatory"": 50.0, ""anomaly_resolved"": 0.0, ""useful_reassignment"": 0.0, ""missed_mandatory"": -105.0, ""exclusion_violation"": -0.0, ""reserve_violation"": -0.0, ""duplicate_work"": -0.0, ""energy"": -0.03765, ""unresolved_conflict"": -0.0}, ""utility"": -55.03765}",5,0,0,0,7
paper_ssp_200m_strong_v1|0|benign_static|fresh_120|B4,paper_ssp_200m_strong_v1,0,benign_static,fresh_120,B4,-43.02545,"{""freeze_id"": ""utility_v2_frozen_2026-09-28"", ""completed_mandatory"": 5, ""anomalies_resolved"": 0, ""useful_reassignments"": 1, ""missed_mandatory"": 7, ""exclusion_violations"": 0, ""reserve_violations"": 0, ""duplicate_work"": 0, ""total_energy_j"": 5090.0, ""unresolved_conflicts"": 0, ""terms"": {""completed_mandatory"": 50.0, ""anomaly_resolved"": 0.0, ""useful_reassignment"": 12.0, ""missed_mandatory"": -105.0, ""exclusion_violation"": -0.0, ""reserve_violation"": -0.0, ""duplicate_work"": -0.0, ""energy"": -0.02545, ""unresolved_conflict"": -0.0}, ""utility"": -43.02545}",5,0,0,0,7
paper_ssp_200m_strong_v1|0|benign_static|fresh_120|B4-NoFreshness,paper_ssp_200m_strong_v1,0,benign_static,fresh_120,B4-NoFreshness,-43.03735,"{""freeze_id"": ""utility_v2_frozen_2026-09-28"", ""completed_mandatory"": 5, ""anomalies_resolved"": 0, ""useful_reassignments"": 1, ""missed_mandatory"": 7, ""exclusion_violations"": 0, ""reserve_violations"": 0, ""duplicate_work"": 0, ""total_energy_j"": 7470.0, ""unresolved_conflicts"": 0, ""terms"": {""completed_mandatory"": 50.0, ""anomaly_resolved"": 0.0, ""useful_reassignment"": 12.0, ""missed_mandatory"": -105.0, ""exclusion_violation"": -0.0, ""reserve_violation"": -0.0, ""duplicate_work"": -0.0, ""energy"": -0.03735, ""unresolved_conflict"": -0.0}, ""utility"": -43.03735}",5,0,0,0,7
paper_ssp_200m_strong_v1|0|target_recovers_age300|fresh_120|B4,paper_ssp_200m_strong_v1,0,target_recovers_age300,fresh_120,B4,-43.02545,"{""freeze_id"": ""utility_v2_frozen_2026-09-28"", ""completed_mandatory"": 5, ""anomalies_resolved"": 0, ""useful_reassignments"": 1, ""missed_mandatory"": 7, ""exclusion_violations"": 0, ""reserve_violations"": 0, ""duplicate_work"": 0, ""total_energy_j"": 5090.0, ""unresolved_conflicts"": 0, ""terms"": {""completed_mandatory"": 50.0, ""anomaly_resolved"": 0.0, ""useful_reassignment"": 12.0, ""missed_mandatory"": -105.0, ""exclusion_violation"": -0.0, ""reserve_violation"": -0.0, ""duplicate_work"": -0.0, ""energy"": -0.02545, ""unresolved_conflict"": -0.0}, ""utility"": -43.02545}",5,0,0,0,7
paper_ssp_200m_strong_v1|0|target_recovers_age300|fresh_120|B4-NoFreshness,paper_ssp_200m_strong_v1,0,target_recovers_age300,fresh_120,B4-NoFreshness,-43.03735,"{""freeze_id"": ""utility_v2_frozen_2026-09-28"", ""completed_mandatory"": 5, ""anomalies_resolved"": 0, ""useful_reassignments"": 1, ""missed_mandatory"": 7, ""exclusion_violations"": 0, ""reserve_violations"": 0, ""duplicate_work"": 0, ""total_energy_j"": 7470.0, ""unresolved_conflicts"": 0, ""terms"": {""completed_mandatory"": 50.0, ""anomaly_resolved"": 0.0, ""useful_reassignment"": 12.0, ""missed_mandatory"": -105.0, ""exclusion_violation"": -0.0, ""reserve_violation"": -0.0, ""duplicate_work"": -0.0, ""energy"": -0.03735, ""unresolved_conflict"": -0.0}, ""utility"": -43.03735}",5,0,0,0,7
paper_ssp_200m_strong_v1|0|benign_static|aging_240|B4,paper_ssp_200m_strong_v1,0,benign_static,aging_240,B4,-55.02545,"{""freeze_id"": ""utility_v2_frozen_2026-09-28"", ""completed_mandatory"": 5, ""anomalies_resolved"": 0, ""useful_reassignments"": 0, ""missed_mandatory"": 7, ""exclusion_violations"": 0, ""reserve_violations"": 0, ""duplicate_work"": 0, ""total_energy_j"": 5090.0, ""unresolved_conflicts"": 0, ""terms"": {""completed_mandatory"": 50.0, ""anomaly_resolved"": 0.0, ""useful_reassignment"": 0.0, ""missed_mandatory"": -105.0, ""exclusion_violation"": -0.0, ""reserve_violation"": -0.0, ""duplicate_work"": -0.0, ""energy"": -0.02545, ""unresolved_conflict"": -0.0}, ""utility"": -55.02545}",5,0,0,0,7
paper_ssp_200m_strong_v1|0|benign_static|aging_240|B4-NoFreshness,paper_ssp_200m_strong_v1,0,benign_static,aging_240,B4-NoFreshness,-43.03735,"{""freeze_id"": ""utility_v2_frozen_2026-09-28"", ""completed_mandatory"": 5, ""anomalies_resolved"": 0, ""useful_reassignments"": 1, ""missed_mandatory"": 7, ""exclusion_violations"": 0, ""reserve_violations"": 0, ""duplicate_work"": 0, ""total_energy_j"": 7470.0, ""unresolved_conflicts"": 0, ""terms"": {""completed_mandatory"": 50.0, ""anomaly_resolved"": 0.0, ""useful_reassignment"": 12.0, ""missed_mandatory"": -105.0, ""exclusion_violation"": -0.0, ""reserve_violation"": -0.0, ""duplicate_work"": -0.0, ""energy"": -0.03735, ""unresolved_conflict"": -0.0}, ""utility"": -43.03735}",5,0,0,0,7
paper_ssp_200m_strong_v1|0|target_recovers_age300|aging_240|B4,paper_ssp_200m_strong_v1,0,target_recovers_age300,aging_240,B4,-55.02545,"{""freeze_id"": ""utility_v2_frozen_2026-09-28"", ""completed_mandatory"": 5, ""anomalies_resolved"": 0, ""useful_reassignments"": 0, ""missed_mandatory"": 7, ""exclusion_violations"": 0, ""reserve_violations"": 0, ""duplicate_work"": 0, ""total_energy_j"": 5090.0, ""unresolved_conflicts"": 0, ""terms"": {""completed_mandatory"": 50.0, ""anomaly_resolved"": 0.0, ""useful_reassignment"": 0.0, ""missed_mandatory"": -105.0, ""exclusion_violation"": -0.0, ""reserve_violation"": -0.0, ""duplicate_work"": -0.0, ""energy"": -0.02545, ""unresolved_conflict"": -0.0}, ""utility"": -55.02545}",5,0,0,0,7
paper_ssp_200m_strong_v1|0|target_recovers_age300|aging_240|B4-NoFreshness,paper_ssp_200m_strong_v1,0,target_recovers_age300,aging_240,B4-NoFreshness,-43.03735,"{""freeze_id"": ""utility_v2_frozen_2026-09-28"", ""completed_mandatory"": 5, ""anomalies_resolved"": 0, ""useful_reassignments"": 1, ""missed_mandatory"": 7, ""exclusion_violations"": 0, ""reserve_violations"": 0, ""duplicate_work"": 0, ""total_energy_j"": 7470.0, ""unresolved_conflicts"": 0, ""terms"": {""completed_mandatory"": 50.0, ""anomaly_resolved"": 0.0, ""useful_reassignment"": 12.0, ""missed_mandatory"": -105.0, ""exclusion_violation"": -0.0, ""reserve_violation"": -0.0, ""duplicate_work"": -0.0, ""energy"": -0.03735, ""unresolved_conflict"": -0.0}, ""utility"": -43.03735}",5,0,0,0,7
paper_ssp_200m_strong_v1|0|benign_static|stale_520|B4,paper_ssp_200m_strong_v1,0,benign_static,stale_520,B4,-55.02545,"{""freeze_id"": ""utility_v2_frozen_2026-09-28"", ""completed_mandatory"": 5, ""anomalies_resolved"": 0, ""useful_reassignments"": 0, ""missed_mandatory"": 7, ""exclusion_violations"": 0, ""reserve_violations"": 0, ""duplicate_work"": 0, ""total_energy_j"": 5090.0, ""unresolved_conflicts"": 0, ""terms"": {""completed_mandatory"": 50.0, ""anomaly_resolved"": 0.0, ""useful_reassignment"": 0.0, ""missed_mandatory"": -105.0, ""exclusion_violation"": -0.0, ""reserve_violation"": -0.0, ""duplicate_work"": -0.0, ""energy"": -0.02545, ""unresolved_conflict"": -0.0}, ""utility"": -55.02545}",5,0,0,0,7
paper_ssp_200m_strong_v1|0|benign_static|stale_520|B4-NoFreshness,paper_ssp_200m_strong_v1,0,benign_static,stale_520,B4-NoFreshness,-43.03735,"{""freeze_id"": ""utility_v2_frozen_2026-09-28"", ""completed_mandatory"": 5, ""anomalies_resolved"": 0, ""useful_reassignments"": 1, ""missed_mandatory"": 7, ""exclusion_violations"": 0, ""reserve_violations"": 0, ""duplicate_work"": 0, ""total_energy_j"": 7470.0, ""unresolved_conflicts"": 0, ""terms"": {""completed_mandatory"": 50.0, ""anomaly_resolved"": 0.0, ""useful_reassignment"": 12.0, ""missed_mandatory"": -105.0, ""exclusion_violation"": -0.0, ""reserve_violation"": -0.0, ""duplicate_work"": -0.0, ""energy"": -0.03735, ""unresolved_conflict"": -0.0}, ""utility"": -43.03735}",5,0,0,0,7
paper_ssp_200m_strong_v1|0|target_recovers_age300|stale_520|B4,paper_ssp_200m_strong_v1,0,target_recovers_age300,stale_520,B4,-55.02545,"{""freeze_id"": ""utility_v2_frozen_2026-09-28"", ""completed_mandatory"": 5, ""anomalies_resolved"": 0, ""useful_reassignments"": 0, ""missed_mandatory"": 7, ""exclusion_violations"": 0, ""reserve_violations"": 0, ""duplicate_work"": 0, ""total_energy_j"": 5090.0, ""unresolved_conflicts"": 0, ""terms"": {""completed_mandatory"": 50.0, ""anomaly_resolved"": 0.0, ""useful_reassignment"": 0.0, ""missed_mandatory"": -105.0, ""exclusion_violation"": -0.0, ""reserve_violation"": -0.0, ""duplicate_work"": -0.0, ""energy"": -0.02545, ""unresolved_conflict"": -0.0}, ""utility"": -55.02545}",5,0,0,0,7
paper_ssp_200m_strong_v1|0|target_recovers_age300|stale_520|B4-NoFreshness,paper_ssp_200m_strong_v1,0,target_recovers_age300,stale_520,B4-NoFreshness,-55.03735,"{""freeze_id"": ""utility_v2_frozen_2026-09-28"", ""completed_mandatory"": 5, ""anomalies_resolved"": 0, ""useful_reassignments"": 0, ""missed_mandatory"": 7, ""exclusion_violations"": 0, ""reserve_violations"": 0, ""duplicate_work"": 0, ""total_energy_j"": 7470.0, ""unresolved_conflicts"": 0, ""terms"": {""completed_mandatory"": 50.0, ""anomaly_resolved"": 0.0, ""useful_reassignment"": 0.0, ""missed_mandatory"": -105.0, ""exclusion_violation"": -0.0, ""reserve_violation"": -0.0, ""duplicate_work"": -0.0, ""energy"": -0.03735, ""unresolved_conflict"": -0.0}, ""utility"": -55.03735}",5,0,0,0,7
paper_ssp_200m_strong_v1|0|benign_static|hard_960|B4,paper_ssp_200m_strong_v1,0,benign_static,hard_960,B4,-55.02545,"{""freeze_id"": ""utility_v2_frozen_2026-09-28"", ""completed_mandatory"": 5, ""anomalies_resolved"": 0, ""useful_reassignments"": 0, ""missed_mandatory"": 7, ""exclusion_violations"": 0, ""reserve_violations"": 0, ""duplicate_work"": 0, ""total_energy_j"": 5090.0, ""unresolved_conflicts"": 0, ""terms"": {""completed_mandatory"": 50.0, ""anomaly_resolved"": 0.0, ""useful_reassignment"": 0.0, ""missed_mandatory"": -105.0, ""exclusion_violation"": -0.0, ""reserve_violation"": -0.0, ""duplicate_work"": -0.0, ""energy"": -0.02545, ""unresolved_conflict"": -0.0}, ""utility"": -55.02545}",5,0,0,0,7
paper_ssp_200m_strong_v1|0|benign_static|hard_960|B4-NoFreshness,paper_ssp_200m_strong_v1,0,benign_static,hard_960,B4-NoFreshness,-43.03735,"{""freeze_id"": ""utility_v2_frozen_2026-09-28"", ""completed_mandatory"": 5, ""anomalies_resolved"": 0, ""useful_reassignments"": 1, ""missed_mandatory"": 7, ""exclusion_violations"": 0, ""reserve_violations"": 0, ""duplicate_work"": 0, ""total_energy_j"": 7470.0, ""unresolved_conflicts"": 0, ""terms"": {""completed_mandatory"": 50.0, ""anomaly_resolved"": 0.0, ""useful_reassignment"": 12.0, ""missed_mandatory"": -105.0, ""exclusion_violation"": -0.0, ""reserve_violation"": -0.0, ""duplicate_work"": -0.0, ""energy"": -0.03735, ""unresolved_conflict"": -0.0}, ""utility"": -43.03735}",5,0,0,0,7
paper_ssp_200m_strong_v1|0|target_recovers_age300|hard_960|B4,paper_ssp_200m_strong_v1,0,target_recovers_age300,hard_960,B4,-55.02545,"{""freeze_id"": ""utility_v2_frozen_2026-09-28"", ""completed_mandatory"": 5, ""anomalies_resolved"": 0, ""useful_reassignments"": 0, ""missed_mandatory"": 7, ""exclusion_violations"": 0, ""reserve_violations"": 0, ""duplicate_work"": 0, ""total_energy_j"": 5090.0, ""unresolved_conflicts"": 0, ""terms"": {""completed_mandatory"": 50.0, ""anomaly_resolved"": 0.0, ""useful_reassignment"": 0.0, ""missed_mandatory"": -105.0, ""exclusion_violation"": -0.0, ""reserve_violation"": -0.0, ""duplicate_work"": -0.0, ""energy"": -0.02545, ""unresolved_conflict"": -0.0}, ""utility"": -55.02545}",5,0,0,0,7
paper_ssp_200m_strong_v1|0|target_recovers_age300|hard_960|B4-NoFreshness,paper_ssp_200m_strong_v1,0,target_recovers_age300,hard_960,B4-NoFreshness,-55.03735,"{""freeze_id"": ""utility_v2_frozen_2026-09-28"", ""completed_mandatory"": 5, ""anomalies_resolved"": 0, ""useful_reassignments"": 0, ""missed_mandatory"": 7, ""exclusion_violations"": 0, ""reserve_violations"": 0, ""duplicate_work"": 0, ""total_energy_j"": 7470.0, ""unresolved_conflicts"": 0, ""terms"": {""completed_mandatory"": 50.0, ""anomaly_resolved"": 0.0, ""useful_reassignment"": 0.0, ""missed_mandatory"": -105.0, ""exclusion_violation"": -0.0, ""reserve_violation"": -0.0, ""duplicate_work"": -0.0, ""energy"": -0.03735, ""unresolved_conflict"": -0.0}, ""utility"": -55.03735}",5,0,0,0,7
paper_ssp_200m_strong_v1|1|benign_static|fresh_120|B4,paper_ssp_200m_strong_v1,1,benign_static,fresh_120,B4,-43.03705,"{""freeze_id"": ""utility_v2_frozen_2026-09-28"", ""completed_mandatory"": 5, ""anomalies_resolved"": 0, ""useful_reassignments"": 1, ""missed_mandatory"": 7, ""exclusion_violations"": 0, ""reserve_violations"": 0, ""duplicate_work"": 0, ""total_energy_j"": 7410.0, ""unresolved_conflicts"": 0, ""terms"": {""completed_mandatory"": 50.0, ""anomaly_resolved"": 0.0, ""useful_reassignment"": 12.0, ""missed_mandatory"": -105.0, ""exclusion_violation"": -0.0, ""reserve_violation"": -0.0, ""duplicate_work"": -0.0, ""energy"": -0.03705, ""unresolved_conflict"": -0.0}, ""utility"": -43.03705}",5,0,0,0,7
paper_ssp_200m_strong_v1|1|benign_static|fresh_120|B4-NoFreshness,paper_ssp_200m_strong_v1,1,benign_static,fresh_120,B4-NoFreshness,-43.03765,"{""freeze_id"": ""utility_v2_frozen_2026-09-28"", ""completed_mandatory"": 5, ""anomalies_resolved"": 0, ""useful_reassignments"": 1, ""missed_mandatory"": 7, ""exclusion_violations"": 0, ""reserve_violations"": 0, ""duplicate_work"": 0, ""total_energy_j"": 7530.0, ""unresolved_conflicts"": 0, ""terms"": {""completed_mandatory"": 50.0, ""anomaly_resolved"": 0.0, ""useful_reassignment"": 12.0, ""missed_mandatory"": -105.0, ""exclusion_violation"": -0.0, ""reserve_violation"": -0.0, ""duplicate_work"": -0.0, ""energy"": -0.03765, ""unresolved_conflict"": -0.0}, ""utility"": -43.03765}",5,0,0,0,7
paper_ssp_200m_strong_v1|1|target_recovers_age300|fresh_120|B4,paper_ssp_200m_strong_v1,1,target_recovers_age300,fresh_120,B4,-43.03705,"{""freeze_id"": ""utility_v2_frozen_2026-09-28"", ""completed_mandatory"": 5, ""anomalies_resolved"": 0, ""useful_reassignments"": 1, ""missed_mandatory"": 7, ""exclusion_violations"": 0, ""reserve_violations"": 0, ""duplicate_work"": 0, ""total_energy_j"": 7410.0, ""unresolved_conflicts"": 0, ""terms"": {""completed_mandatory"": 50.0, ""anomaly_resolved"": 0.0, ""useful_reassignment"": 12.0, ""missed_mandatory"": -105.0, ""exclusion_violation"": -0.0, ""reserve_violation"": -0.0, ""duplicate_work"": -0.0, ""energy"": -0.03705, ""unresolved_conflict"": -0.0}, ""utility"": -43.03705}",5,0,0,0,7
paper_ssp_200m_strong_v1|1|target_recovers_age300|fresh_120|B4-NoFreshness,paper_ssp_200m_strong_v1,1,target_recovers_age300,fresh_120,B4-NoFreshness,-43.03765,"{""freeze_id"": ""utility_v2_frozen_2026-09-28"", ""completed_mandatory"": 5, ""anomalies_resolved"": 0, ""useful_reassignments"": 1, ""missed_mandatory"": 7, ""exclusion_violations"": 0, ""reserve_violations"": 0, ""duplicate_work"": 0, ""total_energy_j"": 7530.0, ""unresolved_conflicts"": 0, ""terms"": {""completed_mandatory"": 50.0, ""anomaly_resolved"": 0.0, ""useful_reassignment"": 12.0, ""missed_mandatory"": -105.0, ""exclusion_violation"": -0.0, ""reserve_violation"": -0.0, ""duplicate_work"": -0.0, ""energy"": -0.03765, ""unresolved_conflict"": -0.0}, ""utility"": -43.03765}",5,0,0,0,7
paper_ssp_200m_strong_v1|1|benign_static|aging_240|B4,paper_ssp_200m_strong_v1,1,benign_static,aging_240,B4,-55.03705,"{""freeze_id"": ""utility_v2_frozen_2026-09-28"", ""completed_mandatory"": 5, ""anomalies_resolved"": 0, ""useful_reassignments"": 0, ""missed_mandatory"": 7, ""exclusion_violations"": 0, ""reserve_violations"": 0, ""duplicate_work"": 0, ""total_energy_j"": 7410.0, ""unresolved_conflicts"": 0, ""terms"": {""completed_mandatory"": 50.0, ""anomaly_resolved"": 0.0, ""useful_reassignment"": 0.0, ""missed_mandatory"": -105.0, ""exclusion_violation"": -0.0, ""reserve_violation"": -0.0, ""duplicate_work"": -0.0, ""energy"": -0.03705, ""unresolved_conflict"": -0.0}, ""utility"": -55.03705}",5,0,0,0,7
paper_ssp_200m_strong_v1|1|benign_static|aging_240|B4-NoFreshness,paper_ssp_200m_strong_v1,1,benign_static,aging_240,B4-NoFreshness,-43.03765,"{""freeze_id"": ""utility_v2_frozen_2026-09-28"", ""completed_mandatory"": 5, ""anomalies_resolved"": 0, ""useful_reassignments"": 1, ""missed_mandatory"": 7, ""exclusion_violations"": 0, ""reserve_violations"": 0, ""duplicate_work"": 0, ""total_energy_j"": 7530.0, ""unresolved_conflicts"": 0, ""terms"": {""completed_mandatory"": 50.0, ""anomaly_resolved"": 0.0, ""useful_reassignment"": 12.0, ""missed_mandatory"": -105.0, ""exclusion_violation"": -0.0, ""reserve_violation"": -0.0, ""duplicate_work"": -0.0, ""energy"": -0.03765, ""unresolved_conflict"": -0.0}, ""utility"": -43.03765}",5,0,0,0,7
paper_ssp_200m_strong_v1|1|target_recovers_age300|aging_240|B4,paper_ssp_200m_strong_v1,1,target_recovers_age300,aging_240,B4,-55.03705,"{""freeze_id"": ""utility_v2_frozen_2026-09-28"", ""completed_mandatory"": 5, ""anomalies_resolved"": 0, ""useful_reassignments"": 0, ""missed_mandatory"": 7, ""exclusion_violations"": 0, ""reserve_violations"": 0, ""duplicate_work"": 0, ""total_energy_j"": 7410.0, ""unresolved_conflicts"": 0, ""terms"": {""completed_mandatory"": 50.0, ""anomaly_resolved"": 0.0, ""useful_reassignment"": 0.0, ""missed_mandatory"": -105.0, ""exclusion_violation"": -0.0, ""reserve_violation"": -0.0, ""duplicate_work"": -0.0, ""energy"": -0.03705, ""unresolved_conflict"": -0.0}, ""utility"": -55.03705}",5,0,0,0,7
paper_ssp_200m_strong_v1|1|target_recovers_age300|aging_240|B4-NoFreshness,paper_ssp_200m_strong_v1,1,target_recovers_age300,aging_240,B4-NoFreshness,-43.03765,"{""freeze_id"": ""utility_v2_frozen_2026-09-28"", ""completed_mandatory"": 5, ""anomalies_resolved"": 0, ""useful_reassignments"": 1, ""missed_mandatory"": 7, ""exclusion_violations"": 0, ""reserve_violations"": 0, ""duplicate_work"": 0, ""total_energy_j"": 7530.0, ""unresolved_conflicts"": 0, ""terms"": {""completed_mandatory"": 50.0, ""anomaly_resolved"": 0.0, ""useful_reassignment"": 12.0, ""missed_mandatory"": -105.0, ""exclusion_violation"": -0.0, ""reserve_violation"": -0.0, ""duplicate_work"": -0.0, ""energy"": -0.03765, ""unresolved_conflict"": -0.0}, ""utility"": -43.03765}",5,0,0,0,7
paper_ssp_200m_strong_v1|1|benign_static|stale_520|B4,paper_ssp_200m_strong_v1,1,benign_static,stale_520,B4,-55.03705,"{""freeze_id"": ""utility_v2_frozen_2026-09-28"", ""completed_mandatory"": 5, ""anomalies_resolved"": 0, ""useful_reassignments"": 0, ""missed_mandatory"": 7, ""exclusion_violations"": 0, ""reserve_violations"": 0, ""duplicate_work"": 0, ""total_energy_j"": 7410.0, ""unresolved_conflicts"": 0, ""terms"": {""completed_mandatory"": 50.0, ""anomaly_resolved"": 0.0, ""useful_reassignment"": 0.0, ""missed_mandatory"": -105.0, ""exclusion_violation"": -0.0, ""reserve_violation"": -0.0, ""duplicate_work"": -0.0, ""energy"": -0.03705, ""unresolved_conflict"": -0.0}, ""utility"": -55.03705}",5,0,0,0,7
paper_ssp_200m_strong_v1|1|benign_static|stale_520|B4-NoFreshness,paper_ssp_200m_strong_v1,1,benign_static,stale_520,B4-NoFreshness,-43.03765,"{""freeze_id"": ""utility_v2_frozen_2026-09-28"", ""completed_mandatory"": 5, ""anomalies_resolved"": 0, ""useful_reassignments"": 1, ""missed_mandatory"": 7, ""exclusion_violations"": 0, ""reserve_violations"": 0, ""duplicate_work"": 0, ""total_energy_j"": 7530.0, ""unresolved_conflicts"": 0, ""terms"": {""completed_mandatory"": 50.0, ""anomaly_resolved"": 0.0, ""useful_reassignment"": 12.0, ""missed_mandatory"": -105.0, ""exclusion_violation"": -0.0, ""reserve_violation"": -0.0, ""duplicate_work"": -0.0, ""energy"": -0.03765, ""unresolved_conflict"": -0.0}, ""utility"": -43.03765}",5,0,0,0,7
paper_ssp_200m_strong_v1|1|target_recovers_age300|stale_520|B4,paper_ssp_200m_strong_v1,1,target_recovers_age300,stale_520,B4,-55.03705,"{""freeze_id"": ""utility_v2_frozen_2026-09-28"", ""completed_mandatory"": 5, ""anomalies_resolved"": 0, ""useful_reassignments"": 0, ""missed_mandatory"": 7, ""exclusion_violations"": 0, ""reserve_violations"": 0, ""duplicate_work"": 0, ""total_energy_j"": 7410.0, ""unresolved_conflicts"": 0, ""terms"": {""completed_mandatory"": 50.0, ""anomaly_resolved"": 0.0, ""useful_reassignment"": 0.0, ""missed_mandatory"": -105.0, ""exclusion_violation"": -0.0, ""reserve_violation"": -0.0, ""duplicate_work"": -0.0, ""energy"": -0.03705, ""unresolved_conflict"": -0.0}, ""utility"": -55.03705}",5,0,0,0,7
paper_ssp_200m_strong_v1|1|target_recovers_age300|stale_520|B4-NoFreshness,paper_ssp_200m_strong_v1,1,target_recovers_age300,stale_520,B4-NoFreshness,-55.03765,"{""freeze_id"": ""utility_v2_frozen_2026-09-28"", ""completed_mandatory"": 5, ""anomalies_resolved"": 0, ""useful_reassignments"": 0, ""missed_mandatory"": 7, ""exclusion_violations"": 0, ""reserve_violations"": 0, ""duplicate_work"": 0, ""total_energy_j"": 7530.0, ""unresolved_conflicts"": 0, ""terms"": {""completed_mandatory"": 50.0, ""anomaly_resolved"": 0.0, ""useful_reassignment"": 0.0, ""missed_mandatory"": -105.0, ""exclusion_violation"": -0.0, ""reserve_violation"": -0.0, ""duplicate_work"": -0.0, ""energy"": -0.03765, ""unresolved_conflict"": -0.0}, ""utility"": -55.03765}",5,0,0,0,7
paper_ssp_200m_strong_v1|1|benign_static|hard_960|B4,paper_ssp_200m_strong_v1,1,benign_static,hard_960,B4,-55.03705,"{""freeze_id"": ""utility_v2_frozen_2026-09-28"", ""completed_mandatory"": 5, ""anomalies_resolved"": 0, ""useful_reassignments"": 0, ""missed_mandatory"": 7, ""exclusion_violations"": 0, ""reserve_violations"": 0, ""duplicate_work"": 0, ""total_energy_j"": 7410.0, ""unresolved_conflicts"": 0, ""terms"": {""completed_mandatory"": 50.0, ""anomaly_resolved"": 0.0, ""useful_reassignment"": 0.0, ""missed_mandatory"": -105.0, ""exclusion_violation"": -0.0, ""reserve_violation"": -0.0, ""duplicate_work"": -0.0, ""energy"": -0.03705, ""unresolved_conflict"": -0.0}, ""utility"": -55.03705}",5,0,0,0,7
paper_ssp_200m_strong_v1|1|benign_static|hard_960|B4-NoFreshness,paper_ssp_200m_strong_v1,1,benign_static,hard_960,B4-NoFreshness,-43.03765,"{""freeze_id"": ""utility_v2_frozen_2026-09-28"", ""completed_mandatory"": 5, ""anomalies_resolved"": 0, ""useful_reassignments"": 1, ""missed_mandatory"": 7, ""exclusion_violations"": 0, ""reserve_violations"": 0, ""duplicate_work"": 0, ""total_energy_j"": 7530.0, ""unresolved_conflicts"": 0, ""terms"": {""completed_mandatory"": 50.0, ""anomaly_resolved"": 0.0, ""useful_reassignment"": 12.0, ""missed_mandatory"": -105.0, ""exclusion_violation"": -0.0, ""reserve_violation"": -0.0, ""duplicate_work"": -0.0, ""energy"": -0.03765, ""unresolved_conflict"": -0.0}, ""utility"": -43.03765}",5,0,0,0,7
paper_ssp_200m_strong_v1|1|target_recovers_age300|hard_960|B4,paper_ssp_200m_strong_v1,1,target_recovers_age300,hard_960,B4,-55.03705,"{""freeze_id"": ""utility_v2_frozen_2026-09-28"", ""completed_mandatory"": 5, ""anomalies_resolved"": 0, ""useful_reassignments"": 0, ""missed_mandatory"": 7, ""exclusion_violations"": 0, ""reserve_violations"": 0, ""duplicate_work"": 0, ""total_energy_j"": 7410.0, ""unresolved_conflicts"": 0, ""terms"": {""completed_mandatory"": 50.0, ""anomaly_resolved"": 0.0, ""useful_reassignment"": 0.0, ""missed_mandatory"": -105.0, ""exclusion_violation"": -0.0, ""reserve_violation"": -0.0, ""duplicate_work"": -0.0, ""energy"": -0.03705, ""unresolved_conflict"": -0.0}, ""utility"": -55.03705}",5,0,0,0,7
paper_ssp_200m_strong_v1|1|target_recovers_age300|hard_960|B4-NoFreshness,paper_ssp_200m_strong_v1,1,target_recovers_age300,hard_960,B4-NoFreshness,-55.03765,"{""freeze_id"": ""utility_v2_frozen_2026-09-28"", ""completed_mandatory"": 5, ""anomalies_resolved"": 0, ""useful_reassignments"": 0, ""missed_mandatory"": 7, ""exclusion_violations"": 0, ""reserve_violations"": 0, ""duplicate_work"": 0, ""total_energy_j"": 7530.0, ""unresolved_conflicts"": 0, ""terms"": {""completed_mandatory"": 50.0, ""anomaly_resolved"": 0.0, ""useful_reassignment"": 0.0, ""missed_mandatory"": -105.0, ""exclusion_violation"": -0.0, ""reserve_violation"": -0.0, ""duplicate_work"": -0.0, ""energy"": -0.03765, ""unresolved_conflict"": -0.0}, ""utility"": -55.03765}",5,0,0,0,7
paper_ssp_200m_strong_v1|2|benign_static|fresh_120|B4,paper_ssp_200m_strong_v1,2,benign_static,fresh_120,B4,-43.03705,"{""freeze_id"": ""utility_v2_frozen_2026-09-28"", ""completed_mandatory"": 5, ""anomalies_resolved"": 0, ""useful_reassignments"": 1, ""missed_mandatory"": 7, ""exclusion_violations"": 0, ""reserve_violations"": 0, ""duplicate_work"": 0, ""total_energy_j"": 7410.0, ""unresolved_conflicts"": 0, ""terms"": {""completed_mandatory"": 50.0, ""anomaly_resolved"": 0.0, ""useful_reassignment"": 12.0, ""missed_mandatory"": -105.0, ""exclusion_violation"": -0.0, ""reserve_violation"": -0.0, ""duplicate_work"": -0.0, ""energy"": -0.03705, ""unresolved_conflict"": -0.0}, ""utility"": -43.03705}",5,0,0,0,7
paper_ssp_200m_strong_v1|2|benign_static|fresh_120|B4-NoFreshness,paper_ssp_200m_strong_v1,2,benign_static,fresh_120,B4-NoFreshness,-43.03765,"{""freeze_id"": ""utility_v2_frozen_2026-09-28"", ""completed_mandatory"": 5, ""anomalies_resolved"": 0, ""useful_reassignments"": 1, ""missed_mandatory"": 7, ""exclusion_violations"": 0, ""reserve_violations"": 0, ""duplicate_work"": 0, ""total_energy_j"": 7530.0, ""unresolved_conflicts"": 0, ""terms"": {""completed_mandatory"": 50.0, ""anomaly_resolved"": 0.0, ""useful_reassignment"": 12.0, ""missed_mandatory"": -105.0, ""exclusion_violation"": -0.0, ""reserve_violation"": -0.0, ""duplicate_work"": -0.0, ""energy"": -0.03765, ""unresolved_conflict"": -0.0}, ""utility"": -43.03765}",5,0,0,0,7
paper_ssp_200m_strong_v1|2|target_recovers_age300|fresh_120|B4,paper_ssp_200m_strong_v1,2,target_recovers_age300,fresh_120,B4,-43.03705,"{""freeze_id"": ""utility_v2_frozen_2026-09-28"", ""completed_mandatory"": 5, ""anomalies_resolved"": 0, ""useful_reassignments"": 1, ""missed_mandatory"": 7, ""exclusion_violations"": 0, ""reserve_violations"": 0, ""duplicate_work"": 0, ""total_energy_j"": 7410.0, ""unresolved_conflicts"": 0, ""terms"": {""completed_mandatory"": 50.0, ""anomaly_resolved"": 0.0, ""useful_reassignment"": 12.0, ""missed_mandatory"": -105.0, ""exclusion_violation"": -0.0, ""reserve_violation"": -0.0, ""duplicate_work"": -0.0, ""energy"": -0.03705, ""unresolved_conflict"": -0.0}, ""utility"": -43.03705}",5,0,0,0,7
paper_ssp_200m_strong_v1|2|target_recovers_age300|fresh_120|B4-NoFreshness,paper_ssp_200m_strong_v1,2,target_recovers_age300,fresh_120,B4-NoFreshness,-43.03765,"{""freeze_id"": ""utility_v2_frozen_2026-09-28"", ""completed_mandatory"": 5, ""anomalies_resolved"": 0, ""useful_reassignments"": 1, ""missed_mandatory"": 7, ""exclusion_violations"": 0, ""reserve_violations"": 0, ""duplicate_work"": 0, ""total_energy_j"": 7530.0, ""unresolved_conflicts"": 0, ""terms"": {""completed_mandatory"": 50.0, ""anomaly_resolved"": 0.0, ""useful_reassignment"": 12.0, ""missed_mandatory"": -105.0, ""exclusion_violation"": -0.0, ""reserve_violation"": -0.0, ""duplicate_work"": -0.0, ""energy"": -0.03765, ""unresolved_conflict"": -0.0}, ""utility"": -43.03765}",5,0,0,0,7
paper_ssp_200m_strong_v1|2|benign_static|aging_240|B4,paper_ssp_200m_strong_v1,2,benign_static,aging_240,B4,-55.03705,"{""freeze_id"": ""utility_v2_frozen_2026-09-28"", ""completed_mandatory"": 5, ""anomalies_resolved"": 0, ""useful_reassignments"": 0, ""missed_mandatory"": 7, ""exclusion_violations"": 0, ""reserve_violations"": 0, ""duplicate_work"": 0, ""total_energy_j"": 7410.0, ""unresolved_conflicts"": 0, ""terms"": {""completed_mandatory"": 50.0, ""anomaly_resolved"": 0.0, ""useful_reassignment"": 0.0, ""missed_mandatory"": -105.0, ""exclusion_violation"": -0.0, ""reserve_violation"": -0.0, ""duplicate_work"": -0.0, ""energy"": -0.03705, ""unresolved_conflict"": -0.0}, ""utility"": -55.03705}",5,0,0,0,7
paper_ssp_200m_strong_v1|2|benign_static|aging_240|B4-NoFreshness,paper_ssp_200m_strong_v1,2,benign_static,aging_240,B4-NoFreshness,-43.03765,"{""freeze_id"": ""utility_v2_frozen_2026-09-28"", ""completed_mandatory"": 5, ""anomalies_resolved"": 0, ""useful_reassignments"": 1, ""missed_mandatory"": 7, ""exclusion_violations"": 0, ""reserve_violations"": 0, ""duplicate_work"": 0, ""total_energy_j"": 7530.0, ""unresolved_conflicts"": 0, ""terms"": {""completed_mandatory"": 50.0, ""anomaly_resolved"": 0.0, ""useful_reassignment"": 12.0, ""missed_mandatory"": -105.0, ""exclusion_violation"": -0.0, ""reserve_violation"": -0.0, ""duplicate_work"": -0.0, ""energy"": -0.03765, ""unresolved_conflict"": -0.0}, ""utility"": -43.03765}",5,0,0,0,7
paper_ssp_200m_strong_v1|2|target_recovers_age300|aging_240|B4,paper_ssp_200m_strong_v1,2,target_recovers_age300,aging_240,B4,-55.03705,"{""freeze_id"": ""utility_v2_frozen_2026-09-28"", ""completed_mandatory"": 5, ""anomalies_resolved"": 0, ""useful_reassignments"": 0, ""missed_mandatory"": 7, ""exclusion_violations"": 0, ""reserve_violations"": 0, ""duplicate_work"": 0, ""total_energy_j"": 7410.0, ""unresolved_conflicts"": 0, ""terms"": {""completed_mandatory"": 50.0, ""anomaly_resolved"": 0.0, ""useful_reassignment"": 0.0, ""missed_mandatory"": -105.0, ""exclusion_violation"": -0.0, ""reserve_violation"": -0.0, ""duplicate_work"": -0.0, ""energy"": -0.03705, ""unresolved_conflict"": -0.0}, ""utility"": -55.03705}",5,0,0,0,7
paper_ssp_200m_strong_v1|2|target_recovers_age300|aging_240|B4-NoFreshness,paper_ssp_200m_strong_v1,2,target_recovers_age300,aging_240,B4-NoFreshness,-43.03765,"{""freeze_id"": ""utility_v2_frozen_2026-09-28"", ""completed_mandatory"": 5, ""anomalies_resolved"": 0, ""useful_reassignments"": 1, ""missed_mandatory"": 7, ""exclusion_violations"": 0, ""reserve_violations"": 0, ""duplicate_work"": 0, ""total_energy_j"": 7530.0, ""unresolved_conflicts"": 0, ""terms"": {""completed_mandatory"": 50.0, ""anomaly_resolved"": 0.0, ""useful_reassignment"": 12.0, ""missed_mandatory"": -105.0, ""exclusion_violation"": -0.0, ""reserve_violation"": -0.0, ""duplicate_work"": -0.0, ""energy"": -0.03765, ""unresolved_conflict"": -0.0}, ""utility"": -43.03765}",5,0,0,0,7
paper_ssp_200m_strong_v1|2|benign_static|stale_520|B4,paper_ssp_200m_strong_v1,2,benign_static,stale_520,B4,-55.03705,"{""freeze_id"": ""utility_v2_frozen_2026-09-28"", ""completed_mandatory"": 5, ""anomalies_resolved"": 0, ""useful_reassignments"": 0, ""missed_mandatory"": 7, ""exclusion_violations"": 0, ""reserve_violations"": 0, ""duplicate_work"": 0, ""total_energy_j"": 7410.0, ""unresolved_conflicts"": 0, ""terms"": {""completed_mandatory"": 50.0, ""anomaly_resolved"": 0.0, ""useful_reassignment"": 0.0, ""missed_mandatory"": -105.0, ""exclusion_violation"": -0.0, ""reserve_violation"": -0.0, ""duplicate_work"": -0.0, ""energy"": -0.03705, ""unresolved_conflict"": -0.0}, ""utility"": -55.03705}",5,0,0,0,7
paper_ssp_200m_strong_v1|2|benign_static|stale_520|B4-NoFreshness,paper_ssp_200m_strong_v1,2,benign_static,stale_520,B4-NoFreshness,-43.03765,"{""freeze_id"": ""utility_v2_frozen_2026-09-28"", ""completed_mandatory"": 5, ""anomalies_resolved"": 0, ""useful_reassignments"": 1, ""missed_mandatory"": 7, ""exclusion_violations"": 0, ""reserve_violations"": 0, ""duplicate_work"": 0, ""total_energy_j"": 7530.0, ""unresolved_conflicts"": 0, ""terms"": {""completed_mandatory"": 50.0, ""anomaly_resolved"": 0.0, ""useful_reassignment"": 12.0, ""missed_mandatory"": -105.0, ""exclusion_violation"": -0.0, ""reserve_violation"": -0.0, ""duplicate_work"": -0.0, ""energy"": -0.03765, ""unresolved_conflict"": -0.0}, ""utility"": -43.03765}",5,0,0,0,7
paper_ssp_200m_strong_v1|2|target_recovers_age300|stale_520|B4,paper_ssp_200m_strong_v1,2,target_recovers_age300,stale_520,B4,-55.03705,"{""freeze_id"": ""utility_v2_frozen_2026-09-28"", ""completed_mandatory"": 5, ""anomalies_resolved"": 0, ""useful_reassignments"": 0, ""missed_mandatory"": 7, ""exclusion_violations"": 0, ""reserve_violations"": 0, ""duplicate_work"": 0, ""total_energy_j"": 7410.0, ""unresolved_conflicts"": 0, ""terms"": {""completed_mandatory"": 50.0, ""anomaly_resolved"": 0.0, ""useful_reassignment"": 0.0, ""missed_mandatory"": -105.0, ""exclusion_violation"": -0.0, ""reserve_violation"": -0.0, ""duplicate_work"": -0.0, ""energy"": -0.03705, ""unresolved_conflict"": -0.0}, ""utility"": -55.03705}",5,0,0,0,7
paper_ssp_200m_strong_v1|2|target_recovers_age300|stale_520|B4-NoFreshness,paper_ssp_200m_strong_v1,2,target_recovers_age300,stale_520,B4-NoFreshness,-55.03765,"{""freeze_id"": ""utility_v2_frozen_2026-09-28"", ""completed_mandatory"": 5, ""anomalies_resolved"": 0, ""useful_reassignments"": 0, ""missed_mandatory"": 7, ""exclusion_violations"": 0, ""reserve_violations"": 0, ""duplicate_work"": 0, ""total_energy_j"": 7530.0, ""unresolved_conflicts"": 0, ""terms"": {""completed_mandatory"": 50.0, ""anomaly_resolved"": 0.0, ""useful_reassignment"": 0.0, ""missed_mandatory"": -105.0, ""exclusion_violation"": -0.0, ""reserve_violation"": -0.0, ""duplicate_work"": -0.0, ""energy"": -0.03765, ""unresolved_conflict"": -0.0}, ""utility"": -55.03765}",5,0,0,0,7
paper_ssp_200m_strong_v1|2|benign_static|hard_960|B4,paper_ssp_200m_strong_v1,2,benign_static,hard_960,B4,-55.03705,"{""freeze_id"": ""utility_v2_frozen_2026-09-28"", ""completed_mandatory"": 5, ""anomalies_resolved"": 0, ""useful_reassignments"": 0, ""missed_mandatory"": 7, ""exclusion_violations"": 0, ""reserve_violations"": 0, ""duplicate_work"": 0, ""total_energy_j"": 7410.0, ""unresolved_conflicts"": 0, ""terms"": {""completed_mandatory"": 50.0, ""anomaly_resolved"": 0.0, ""useful_reassignment"": 0.0, ""missed_mandatory"": -105.0, ""exclusion_violation"": -0.0, ""reserve_violation"": -0.0, ""duplicate_work"": -0.0, ""energy"": -0.03705, ""unresolved_conflict"": -0.0}, ""utility"": -55.03705}",5,0,0,0,7
paper_ssp_200m_strong_v1|2|benign_static|hard_960|B4-NoFreshness,paper_ssp_200m_strong_v1,2,benign_static,hard_960,B4-NoFreshness,-43.03765,"{""freeze_id"": ""utility_v2_frozen_2026-09-28"", ""completed_mandatory"": 5, ""anomalies_resolved"": 0, ""useful_reassignments"": 1, ""missed_mandatory"": 7, ""exclusion_violations"": 0, ""reserve_violations"": 0, ""duplicate_work"": 0, ""total_energy_j"": 7530.0, ""unresolved_conflicts"": 0, ""terms"": {""completed_mandatory"": 50.0, ""anomaly_resolved"": 0.0, ""useful_reassignment"": 12.0, ""missed_mandatory"": -105.0, ""exclusion_violation"": -0.0, ""reserve_violation"": -0.0, ""duplicate_work"": -0.0, ""energy"": -0.03765, ""unresolved_conflict"": -0.0}, ""utility"": -43.03765}",5,0,0,0,7
paper_ssp_200m_strong_v1|2|target_recovers_age300|hard_960|B4,paper_ssp_200m_strong_v1,2,target_recovers_age300,hard_960,B4,-55.03705,"{""freeze_id"": ""utility_v2_frozen_2026-09-28"", ""completed_mandatory"": 5, ""anomalies_resolved"": 0, ""useful_reassignments"": 0, ""missed_mandatory"": 7, ""exclusion_violations"": 0, ""reserve_violations"": 0, ""duplicate_work"": 0, ""total_energy_j"": 7410.0, ""unresolved_conflicts"": 0, ""terms"": {""completed_mandatory"": 50.0, ""anomaly_resolved"": 0.0, ""useful_reassignment"": 0.0, ""missed_mandatory"": -105.0, ""exclusion_violation"": -0.0, ""reserve_violation"": -0.0, ""duplicate_work"": -0.0, ""energy"": -0.03705, ""unresolved_conflict"": -0.0}, ""utility"": -55.03705}",5,0,0,0,7
paper_ssp_200m_strong_v1|2|target_recovers_age300|hard_960|B4-NoFreshness,paper_ssp_200m_strong_v1,2,target_recovers_age300,hard_960,B4-NoFreshness,-55.03765,"{""freeze_id"": ""utility_v2_frozen_2026-09-28"", ""completed_mandatory"": 5, ""anomalies_resolved"": 0, ""useful_reassignments"": 0, ""missed_mandatory"": 7, ""exclusion_violations"": 0, ""reserve_violations"": 0, ""duplicate_work"": 0, ""total_energy_j"": 7530.0, ""unresolved_conflicts"": 0, ""terms"": {""completed_mandatory"": 50.0, ""anomaly_resolved"": 0.0, ""useful_reassignment"": 0.0, ""missed_mandatory"": -105.0, ""exclusion_violation"": -0.0, ""reserve_violation"": -0.0, ""duplicate_work"": -0.0, ""energy"": -0.03765, ""unresolved_conflict"": -0.0}, ""utility"": -55.03765}",5,0,0,0,7
paper_ssp_200m_strong_v1|3|benign_static|fresh_120|B4,paper_ssp_200m_strong_v1,3,benign_static,fresh_120,B4,-43.03705,"{""freeze_id"": ""utility_v2_frozen_2026-09-28"", ""completed_mandatory"": 5, ""anomalies_resolved"": 0, ""useful_reassignments"": 1, ""missed_mandatory"": 7, ""exclusion_violations"": 0, ""reserve_violations"": 0, ""duplicate_work"": 0, ""total_energy_j"": 7410.0, ""unresolved_conflicts"": 0, ""terms"": {""completed_mandatory"": 50.0, ""anomaly_resolved"": 0.0, ""useful_reassignment"": 12.0, ""missed_mandatory"": -105.0, ""exclusion_violation"": -0.0, ""reserve_violation"": -0.0, ""duplicate_work"": -0.0, ""energy"": -0.03705, ""unresolved_conflict"": -0.0}, ""utility"": -43.03705}",5,0,0,0,7
paper_ssp_200m_strong_v1|3|benign_static|fresh_120|B4-NoFreshness,paper_ssp_200m_strong_v1,3,benign_static,fresh_120,B4-NoFreshness,-43.03765,"{""freeze_id"": ""utility_v2_frozen_2026-09-28"", ""completed_mandatory"": 5, ""anomalies_resolved"": 0, ""useful_reassignments"": 1, ""missed_mandatory"": 7, ""exclusion_violations"": 0, ""reserve_violations"": 0, ""duplicate_work"": 0, ""total_energy_j"": 7530.0, ""unresolved_conflicts"": 0, ""terms"": {""completed_mandatory"": 50.0, ""anomaly_resolved"": 0.0, ""useful_reassignment"": 12.0, ""missed_mandatory"": -105.0, ""exclusion_violation"": -0.0, ""reserve_violation"": -0.0, ""duplicate_work"": -0.0, ""energy"": -0.03765, ""unresolved_conflict"": -0.0}, ""utility"": -43.03765}",5,0,0,0,7
paper_ssp_200m_strong_v1|3|target_recovers_age300|fresh_120|B4,paper_ssp_200m_strong_v1,3,target_recovers_age300,fresh_120,B4,-43.03705,"{""freeze_id"": ""utility_v2_frozen_2026-09-28"", ""completed_mandatory"": 5, ""anomalies_resolved"": 0, ""useful_reassignments"": 1, ""missed_mandatory"": 7, ""exclusion_violations"": 0, ""reserve_violations"": 0, ""duplicate_work"": 0, ""total_energy_j"": 7410.0, ""unresolved_conflicts"": 0, ""terms"": {""completed_mandatory"": 50.0, ""anomaly_resolved"": 0.0, ""useful_reassignment"": 12.0, ""missed_mandatory"": -105.0, ""exclusion_violation"": -0.0, ""reserve_violation"": -0.0, ""duplicate_work"": -0.0, ""energy"": -0.03705, ""unresolved_conflict"": -0.0}, ""utility"": -43.03705}",5,0,0,0,7
paper_ssp_200m_strong_v1|3|target_recovers_age300|fresh_120|B4-NoFreshness,paper_ssp_200m_strong_v1,3,target_recovers_age300,fresh_120,B4-NoFreshness,-43.03765,"{""freeze_id"": ""utility_v2_frozen_2026-09-28"", ""completed_mandatory"": 5, ""anomalies_resolved"": 0, ""useful_reassignments"": 1, ""missed_mandatory"": 7, ""exclusion_violations"": 0, ""reserve_violations"": 0, ""duplicate_work"": 0, ""total_energy_j"": 7530.0, ""unresolved_conflicts"": 0, ""terms"": {""completed_mandatory"": 50.0, ""anomaly_resolved"": 0.0, ""useful_reassignment"": 12.0, ""missed_mandatory"": -105.0, ""exclusion_violation"": -0.0, ""reserve_violation"": -0.0, ""duplicate_work"": -0.0, ""energy"": -0.03765, ""unresolved_conflict"": -0.0}, ""utility"": -43.03765}",5,0,0,0,7
paper_ssp_200m_strong_v1|3|benign_static|aging_240|B4,paper_ssp_200m_strong_v1,3,benign_static,aging_240,B4,-55.03705,"{""freeze_id"": ""utility_v2_frozen_2026-09-28"", ""completed_mandatory"": 5, ""anomalies_resolved"": 0, ""useful_reassignments"": 0, ""missed_mandatory"": 7, ""exclusion_violations"": 0, ""reserve_violations"": 0, ""duplicate_work"": 0, ""total_energy_j"": 7410.0, ""unresolved_conflicts"": 0, ""terms"": {""completed_mandatory"": 50.0, ""anomaly_resolved"": 0.0, ""useful_reassignment"": 0.0, ""missed_mandatory"": -105.0, ""exclusion_violation"": -0.0, ""reserve_violation"": -0.0, ""duplicate_work"": -0.0, ""energy"": -0.03705, ""unresolved_conflict"": -0.0}, ""utility"": -55.03705}",5,0,0,0,7
paper_ssp_200m_strong_v1|3|benign_static|aging_240|B4-NoFreshness,paper_ssp_200m_strong_v1,3,benign_static,aging_240,B4-NoFreshness,-43.03765,"{""freeze_id"": ""utility_v2_frozen_2026-09-28"", ""completed_mandatory"": 5, ""anomalies_resolved"": 0, ""useful_reassignments"": 1, ""missed_mandatory"": 7, ""exclusion_violations"": 0, ""reserve_violations"": 0, ""duplicate_work"": 0, ""total_energy_j"": 7530.0, ""unresolved_conflicts"": 0, ""terms"": {""completed_mandatory"": 50.0, ""anomaly_resolved"": 0.0, ""useful_reassignment"": 12.0, ""missed_mandatory"": -105.0, ""exclusion_violation"": -0.0, ""reserve_violation"": -0.0, ""duplicate_work"": -0.0, ""energy"": -0.03765, ""unresolved_conflict"": -0.0}, ""utility"": -43.03765}",5,0,0,0,7
paper_ssp_200m_strong_v1|3|target_recovers_age300|aging_240|B4,paper_ssp_200m_strong_v1,3,target_recovers_age300,aging_240,B4,-55.03705,"{""freeze_id"": ""utility_v2_frozen_2026-09-28"", ""completed_mandatory"": 5, ""anomalies_resolved"": 0, ""useful_reassignments"": 0, ""missed_mandatory"": 7, ""exclusion_violations"": 0, ""reserve_violations"": 0, ""duplicate_work"": 0, ""total_energy_j"": 7410.0, ""unresolved_conflicts"": 0, ""terms"": {""completed_mandatory"": 50.0, ""anomaly_resolved"": 0.0, ""useful_reassignment"": 0.0, ""missed_mandatory"": -105.0, ""exclusion_violation"": -0.0, ""reserve_violation"": -0.0, ""duplicate_work"": -0.0, ""energy"": -0.03705, ""unresolved_conflict"": -0.0}, ""utility"": -55.03705}",5,0,0,0,7
paper_ssp_200m_strong_v1|3|target_recovers_age300|aging_240|B4-NoFreshness,paper_ssp_200m_strong_v1,3,target_recovers_age300,aging_240,B4-NoFreshness,-43.03765,"{""freeze_id"": ""utility_v2_frozen_2026-09-28"", ""completed_mandatory"": 5, ""anomalies_resolved"": 0, ""useful_reassignments"": 1, ""missed_mandatory"": 7, ""exclusion_violations"": 0, ""reserve_violations"": 0, ""duplicate_work"": 0, ""total_energy_j"": 7530.0, ""unresolved_conflicts"": 0, ""terms"": {""completed_mandatory"": 50.0, ""anomaly_resolved"": 0.0, ""useful_reassignment"": 12.0, ""missed_mandatory"": -105.0, ""exclusion_violation"": -0.0, ""reserve_violation"": -0.0, ""duplicate_work"": -0.0, ""energy"": -0.03765, ""unresolved_conflict"": -0.0}, ""utility"": -43.03765}",5,0,0,0,7
paper_ssp_200m_strong_v1|3|benign_static|stale_520|B4,paper_ssp_200m_strong_v1,3,benign_static,stale_520,B4,-55.03705,"{""freeze_id"": ""utility_v2_frozen_2026-09-28"", ""completed_mandatory"": 5, ""anomalies_resolved"": 0, ""useful_reassignments"": 0, ""missed_mandatory"": 7, ""exclusion_violations"": 0, ""reserve_violations"": 0, ""duplicate_work"": 0, ""total_energy_j"": 7410.0, ""unresolved_conflicts"": 0, ""terms"": {""completed_mandatory"": 50.0, ""anomaly_resolved"": 0.0, ""useful_reassignment"": 0.0, ""missed_mandatory"": -105.0, ""exclusion_violation"": -0.0, ""reserve_violation"": -0.0, ""duplicate_work"": -0.0, ""energy"": -0.03705, ""unresolved_conflict"": -0.0}, ""utility"": -55.03705}",5,0,0,0,7
paper_ssp_200m_strong_v1|3|benign_static|stale_520|B4-NoFreshness,paper_ssp_200m_strong_v1,3,benign_static,stale_520,B4-NoFreshness,-43.03765,"{""freeze_id"": ""utility_v2_frozen_2026-09-28"", ""completed_mandatory"": 5, ""anomalies_resolved"": 0, ""useful_reassignments"": 1, ""missed_mandatory"": 7, ""exclusion_violations"": 0, ""reserve_violations"": 0, ""duplicate_work"": 0, ""total_energy_j"": 7530.0, ""unresolved_conflicts"": 0, ""terms"": {""completed_mandatory"": 50.0, ""anomaly_resolved"": 0.0, ""useful_reassignment"": 12.0, ""missed_mandatory"": -105.0, ""exclusion_violation"": -0.0, ""reserve_violation"": -0.0, ""duplicate_work"": -0.0, ""energy"": -0.03765, ""unresolved_conflict"": -0.0}, ""utility"": -43.03765}",5,0,0,0,7
paper_ssp_200m_strong_v1|3|target_recovers_age300|stale_520|B4,paper_ssp_200m_strong_v1,3,target_recovers_age300,stale_520,B4,-55.03705,"{""freeze_id"": ""utility_v2_frozen_2026-09-28"", ""completed_mandatory"": 5, ""anomalies_resolved"": 0, ""useful_reassignments"": 0, ""missed_mandatory"": 7, ""exclusion_violations"": 0, ""reserve_violations"": 0, ""duplicate_work"": 0, ""total_energy_j"": 7410.0, ""unresolved_conflicts"": 0, ""terms"": {""completed_mandatory"": 50.0, ""anomaly_resolved"": 0.0, ""useful_reassignment"": 0.0, ""missed_mandatory"": -105.0, ""exclusion_violation"": -0.0, ""reserve_violation"": -0.0, ""duplicate_work"": -0.0, ""energy"": -0.03705, ""unresolved_conflict"": -0.0}, ""utility"": -55.03705}",5,0,0,0,7
paper_ssp_200m_strong_v1|3|target_recovers_age300|stale_520|B4-NoFreshness,paper_ssp_200m_strong_v1,3,target_recovers_age300,stale_520,B4-NoFreshness,-55.03765,"{""freeze_id"": ""utility_v2_frozen_2026-09-28"", ""completed_mandatory"": 5, ""anomalies_resolved"": 0, ""useful_reassignments"": 0, ""missed_mandatory"": 7, ""exclusion_violations"": 0, ""reserve_violations"": 0, ""duplicate_work"": 0, ""total_energy_j"": 7530.0, ""unresolved_conflicts"": 0, ""terms"": {""completed_mandatory"": 50.0, ""anomaly_resolved"": 0.0, ""useful_reassignment"": 0.0, ""missed_mandatory"": -105.0, ""exclusion_violation"": -0.0, ""reserve_violation"": -0.0, ""duplicate_work"": -0.0, ""energy"": -0.03765, ""unresolved_conflict"": -0.0}, ""utility"": -55.03765}",5,0,0,0,7
paper_ssp_200m_strong_v1|3|benign_static|hard_960|B4,paper_ssp_200m_strong_v1,3,benign_static,hard_960,B4,-55.03705,"{""freeze_id"": ""utility_v2_frozen_2026-09-28"", ""completed_mandatory"": 5, ""anomalies_resolved"": 0, ""useful_reassignments"": 0, ""missed_mandatory"": 7, ""exclusion_violations"": 0, ""reserve_violations"": 0, ""duplicate_work"": 0, ""total_energy_j"": 7410.0, ""unresolved_conflicts"": 0, ""terms"": {""completed_mandatory"": 50.0, ""anomaly_resolved"": 0.0, ""useful_reassignment"": 0.0, ""missed_mandatory"": -105.0, ""exclusion_violation"": -0.0, ""reserve_violation"": -0.0, ""duplicate_work"": -0.0, ""energy"": -0.03705, ""unresolved_conflict"": -0.0}, ""utility"": -55.03705}",5,0,0,0,7
paper_ssp_200m_strong_v1|3|benign_static|hard_960|B4-NoFreshness,paper_ssp_200m_strong_v1,3,benign_static,hard_960,B4-NoFreshness,-43.03765,"{""freeze_id"": ""utility_v2_frozen_2026-09-28"", ""completed_mandatory"": 5, ""anomalies_resolved"": 0, ""useful_reassignments"": 1, ""missed_mandatory"": 7, ""exclusion_violations"": 0, ""reserve_violations"": 0, ""duplicate_work"": 0, ""total_energy_j"": 7530.0, ""unresolved_conflicts"": 0, ""terms"": {""completed_mandatory"": 50.0, ""anomaly_resolved"": 0.0, ""useful_reassignment"": 12.0, ""missed_mandatory"": -105.0, ""exclusion_violation"": -0.0, ""reserve_violation"": -0.0, ""duplicate_work"": -0.0, ""energy"": -0.03765, ""unresolved_conflict"": -0.0}, ""utility"": -43.03765}",5,0,0,0,7
paper_ssp_200m_strong_v1|3|target_recovers_age300|hard_960|B4,paper_ssp_200m_strong_v1,3,target_recovers_age300,hard_960,B4,-55.03705,"{""freeze_id"": ""utility_v2_frozen_2026-09-28"", ""completed_mandatory"": 5, ""anomalies_resolved"": 0, ""useful_reassignments"": 0, ""missed_mandatory"": 7, ""exclusion_violations"": 0, ""reserve_violations"": 0, ""duplicate_work"": 0, ""total_energy_j"": 7410.0, ""unresolved_conflicts"": 0, ""terms"": {""completed_mandatory"": 50.0, ""anomaly_resolved"": 0.0, ""useful_reassignment"": 0.0, ""missed_mandatory"": -105.0, ""exclusion_violation"": -0.0, ""reserve_violation"": -0.0, ""duplicate_work"": -0.0, ""energy"": -0.03705, ""unresolved_conflict"": -0.0}, ""utility"": -55.03705}",5,0,0,0,7
paper_ssp_200m_strong_v1|3|target_recovers_age300|hard_960|B4-NoFreshness,paper_ssp_200m_strong_v1,3,target_recovers_age300,hard_960,B4-NoFreshness,-55.03765,"{""freeze_id"": ""utility_v2_frozen_2026-09-28"", ""completed_mandatory"": 5, ""anomalies_resolved"": 0, ""useful_reassignments"": 0, ""missed_mandatory"": 7, ""exclusion_violations"": 0, ""reserve_violations"": 0, ""duplicate_work"": 0, ""total_energy_j"": 7530.0, ""unresolved_conflicts"": 0, ""terms"": {""completed_mandatory"": 50.0, ""anomaly_resolved"": 0.0, ""useful_reassignment"": 0.0, ""missed_mandatory"": -105.0, ""exclusion_violation"": -0.0, ""reserve_violation"": -0.0, ""duplicate_work"": -0.0, ""energy"": -0.03765, ""unresolved_conflict"": -0.0}, ""utility"": -55.03765}",5,0,0,0,7
paper_ssp_200m_strong_v1|4|benign_static|fresh_120|B4,paper_ssp_200m_strong_v1,4,benign_static,fresh_120,B4,-43.03705,"{""freeze_id"": ""utility_v2_frozen_2026-09-28"", ""completed_mandatory"": 5, ""anomalies_resolved"": 0, ""useful_reassignments"": 1, ""missed_mandatory"": 7, ""exclusion_violations"": 0, ""reserve_violations"": 0, ""duplicate_work"": 0, ""total_energy_j"": 7410.0, ""unresolved_conflicts"": 0, ""terms"": {""completed_mandatory"": 50.0, ""anomaly_resolved"": 0.0, ""useful_reassignment"": 12.0, ""missed_mandatory"": -105.0, ""exclusion_violation"": -0.0, ""reserve_violation"": -0.0, ""duplicate_work"": -0.0, ""energy"": -0.03705, ""unresolved_conflict"": -0.0}, ""utility"": -43.03705}",5,0,0,0,7
paper_ssp_200m_strong_v1|4|benign_static|fresh_120|B4-NoFreshness,paper_ssp_200m_strong_v1,4,benign_static,fresh_120,B4-NoFreshness,-43.03765,"{""freeze_id"": ""utility_v2_frozen_2026-09-28"", ""completed_mandatory"": 5, ""anomalies_resolved"": 0, ""useful_reassignments"": 1, ""missed_mandatory"": 7, ""exclusion_violations"": 0, ""reserve_violations"": 0, ""duplicate_work"": 0, ""total_energy_j"": 7530.0, ""unresolved_conflicts"": 0, ""terms"": {""completed_mandatory"": 50.0, ""anomaly_resolved"": 0.0, ""useful_reassignment"": 12.0, ""missed_mandatory"": -105.0, ""exclusion_violation"": -0.0, ""reserve_violation"": -0.0, ""duplicate_work"": -0.0, ""energy"": -0.03765, ""unresolved_conflict"": -0.0}, ""utility"": -43.03765}",5,0,0,0,7
paper_ssp_200m_strong_v1|4|target_recovers_age300|fresh_120|B4,paper_ssp_200m_strong_v1,4,target_recovers_age300,fresh_120,B4,-43.03705,"{""freeze_id"": ""utility_v2_frozen_2026-09-28"", ""completed_mandatory"": 5, ""anomalies_resolved"": 0, ""useful_reassignments"": 1, ""missed_mandatory"": 7, ""exclusion_violations"": 0, ""reserve_violations"": 0, ""duplicate_work"": 0, ""total_energy_j"": 7410.0, ""unresolved_conflicts"": 0, ""terms"": {""completed_mandatory"": 50.0, ""anomaly_resolved"": 0.0, ""useful_reassignment"": 12.0, ""missed_mandatory"": -105.0, ""exclusion_violation"": -0.0, ""reserve_violation"": -0.0, ""duplicate_work"": -0.0, ""energy"": -0.03705, ""unresolved_conflict"": -0.0}, ""utility"": -43.03705}",5,0,0,0,7
paper_ssp_200m_strong_v1|4|target_recovers_age300|fresh_120|B4-NoFreshness,paper_ssp_200m_strong_v1,4,target_recovers_age300,fresh_120,B4-NoFreshness,-43.03765,"{""freeze_id"": ""utility_v2_frozen_2026-09-28"", ""completed_mandatory"": 5, ""anomalies_resolved"": 0, ""useful_reassignments"": 1, ""missed_mandatory"": 7, ""exclusion_violations"": 0, ""reserve_violations"": 0, ""duplicate_work"": 0, ""total_energy_j"": 7530.0, ""unresolved_conflicts"": 0, ""terms"": {""completed_mandatory"": 50.0, ""anomaly_resolved"": 0.0, ""useful_reassignment"": 12.0, ""missed_mandatory"": -105.0, ""exclusion_violation"": -0.0, ""reserve_violation"": -0.0, ""duplicate_work"": -0.0, ""energy"": -0.03765, ""unresolved_conflict"": -0.0}, ""utility"": -43.03765}",5,0,0,0,7
paper_ssp_200m_strong_v1|4|benign_static|aging_240|B4,paper_ssp_200m_strong_v1,4,benign_static,aging_240,B4,-55.03705,"{""freeze_id"": ""utility_v2_frozen_2026-09-28"", ""completed_mandatory"": 5, ""anomalies_resolved"": 0, ""useful_reassignments"": 0, ""missed_mandatory"": 7, ""exclusion_violations"": 0, ""reserve_violations"": 0, ""duplicate_work"": 0, ""total_energy_j"": 7410.0, ""unresolved_conflicts"": 0, ""terms"": {""completed_mandatory"": 50.0, ""anomaly_resolved"": 0.0, ""useful_reassignment"": 0.0, ""missed_mandatory"": -105.0, ""exclusion_violation"": -0.0, ""reserve_violation"": -0.0, ""duplicate_work"": -0.0, ""energy"": -0.03705, ""unresolved_conflict"": -0.0}, ""utility"": -55.03705}",5,0,0,0,7
paper_ssp_200m_strong_v1|4|benign_static|aging_240|B4-NoFreshness,paper_ssp_200m_strong_v1,4,benign_static,aging_240,B4-NoFreshness,-43.03765,"{""freeze_id"": ""utility_v2_frozen_2026-09-28"", ""completed_mandatory"": 5, ""anomalies_resolved"": 0, ""useful_reassignments"": 1, ""missed_mandatory"": 7, ""exclusion_violations"": 0, ""reserve_violations"": 0, ""duplicate_work"": 0, ""total_energy_j"": 7530.0, ""unresolved_conflicts"": 0, ""terms"": {""completed_mandatory"": 50.0, ""anomaly_resolved"": 0.0, ""useful_reassignment"": 12.0, ""missed_mandatory"": -105.0, ""exclusion_violation"": -0.0, ""reserve_violation"": -0.0, ""duplicate_work"": -0.0, ""energy"": -0.03765, ""unresolved_conflict"": -0.0}, ""utility"": -43.03765}",5,0,0,0,7
paper_ssp_200m_strong_v1|4|target_recovers_age300|aging_240|B4,paper_ssp_200m_strong_v1,4,target_recovers_age300,aging_240,B4,-55.03705,"{""freeze_id"": ""utility_v2_frozen_2026-09-28"", ""completed_mandatory"": 5, ""anomalies_resolved"": 0, ""useful_reassignments"": 0, ""missed_mandatory"": 7, ""exclusion_violations"": 0, ""reserve_violations"": 0, ""duplicate_work"": 0, ""total_energy_j"": 7410.0, ""unresolved_conflicts"": 0, ""terms"": {""completed_mandatory"": 50.0, ""anomaly_resolved"": 0.0, ""useful_reassignment"": 0.0, ""missed_mandatory"": -105.0, ""exclusion_violation"": -0.0, ""reserve_violation"": -0.0, ""duplicate_work"": -0.0, ""energy"": -0.03705, ""unresolved_conflict"": -0.0}, ""utility"": -55.03705}",5,0,0,0,7
paper_ssp_200m_strong_v1|4|target_recovers_age300|aging_240|B4-NoFreshness,paper_ssp_200m_strong_v1,4,target_recovers_age300,aging_240,B4-NoFreshness,-43.03765,"{""freeze_id"": ""utility_v2_frozen_2026-09-28"", ""completed_mandatory"": 5, ""anomalies_resolved"": 0, ""useful_reassignments"": 1, ""missed_mandatory"": 7, ""exclusion_violations"": 0, ""reserve_violations"": 0, ""duplicate_work"": 0, ""total_energy_j"": 7530.0, ""unresolved_conflicts"": 0, ""terms"": {""completed_mandatory"": 50.0, ""anomaly_resolved"": 0.0, ""useful_reassignment"": 12.0, ""missed_mandatory"": -105.0, ""exclusion_violation"": -0.0, ""reserve_violation"": -0.0, ""duplicate_work"": -0.0, ""energy"": -0.03765, ""unresolved_conflict"": -0.0}, ""utility"": -43.03765}",5,0,0,0,7
paper_ssp_200m_strong_v1|4|benign_static|stale_520|B4,paper_ssp_200m_strong_v1,4,benign_static,stale_520,B4,-55.03705,"{""freeze_id"": ""utility_v2_frozen_2026-09-28"", ""completed_mandatory"": 5, ""anomalies_resolved"": 0, ""useful_reassignments"": 0, ""missed_mandatory"": 7, ""exclusion_violations"": 0, ""reserve_violations"": 0, ""duplicate_work"": 0, ""total_energy_j"": 7410.0, ""unresolved_conflicts"": 0, ""terms"": {""completed_mandatory"": 50.0, ""anomaly_resolved"": 0.0, ""useful_reassignment"": 0.0, ""missed_mandatory"": -105.0, ""exclusion_violation"": -0.0, ""reserve_violation"": -0.0, ""duplicate_work"": -0.0, ""energy"": -0.03705, ""unresolved_conflict"": -0.0}, ""utility"": -55.03705}",5,0,0,0,7
paper_ssp_200m_strong_v1|4|benign_static|stale_520|B4-NoFreshness,paper_ssp_200m_strong_v1,4,benign_static,stale_520,B4-NoFreshness,-43.03765,"{""freeze_id"": ""utility_v2_frozen_2026-09-28"", ""completed_mandatory"": 5, ""anomalies_resolved"": 0, ""useful_reassignments"": 1, ""missed_mandatory"": 7, ""exclusion_violations"": 0, ""reserve_violations"": 0, ""duplicate_work"": 0, ""total_energy_j"": 7530.0, ""unresolved_conflicts"": 0, ""terms"": {""completed_mandatory"": 50.0, ""anomaly_resolved"": 0.0, ""useful_reassignment"": 12.0, ""missed_mandatory"": -105.0, ""exclusion_violation"": -0.0, ""reserve_violation"": -0.0, ""duplicate_work"": -0.0, ""energy"": -0.03765, ""unresolved_conflict"": -0.0}, ""utility"": -43.03765}",5,0,0,0,7
paper_ssp_200m_strong_v1|4|target_recovers_age300|stale_520|B4,paper_ssp_200m_strong_v1,4,target_recovers_age300,stale_520,B4,-55.03705,"{""freeze_id"": ""utility_v2_frozen_2026-09-28"", ""completed_mandatory"": 5, ""anomalies_resolved"": 0, ""useful_reassignments"": 0, ""missed_mandatory"": 7, ""exclusion_violations"": 0, ""reserve_violations"": 0, ""duplicate_work"": 0, ""total_energy_j"": 7410.0, ""unresolved_conflicts"": 0, ""terms"": {""completed_mandatory"": 50.0, ""anomaly_resolved"": 0.0, ""useful_reassignment"": 0.0, ""missed_mandatory"": -105.0, ""exclusion_violation"": -0.0, ""reserve_violation"": -0.0, ""duplicate_work"": -0.0, ""energy"": -0.03705, ""unresolved_conflict"": -0.0}, ""utility"": -55.03705}",5,0,0,0,7
paper_ssp_200m_strong_v1|4|target_recovers_age300|stale_520|B4-NoFreshness,paper_ssp_200m_strong_v1,4,target_recovers_age300,stale_520,B4-NoFreshness,-55.03765,"{""freeze_id"": ""utility_v2_frozen_2026-09-28"", ""completed_mandatory"": 5, ""anomalies_resolved"": 0, ""useful_reassignments"": 0, ""missed_mandatory"": 7, ""exclusion_violations"": 0, ""reserve_violations"": 0, ""duplicate_work"": 0, ""total_energy_j"": 7530.0, ""unresolved_conflicts"": 0, ""terms"": {""completed_mandatory"": 50.0, ""anomaly_resolved"": 0.0, ""useful_reassignment"": 0.0, ""missed_mandatory"": -105.0, ""exclusion_violation"": -0.0, ""reserve_violation"": -0.0, ""duplicate_work"": -0.0, ""energy"": -0.03765, ""unresolved_conflict"": -0.0}, ""utility"": -55.03765}",5,0,0,0,7
paper_ssp_200m_strong_v1|4|benign_static|hard_960|B4,paper_ssp_200m_strong_v1,4,benign_static,hard_960,B4,-55.03705,"{""freeze_id"": ""utility_v2_frozen_2026-09-28"", ""completed_mandatory"": 5, ""anomalies_resolved"": 0, ""useful_reassignments"": 0, ""missed_mandatory"": 7, ""exclusion_violations"": 0, ""reserve_violations"": 0, ""duplicate_work"": 0, ""total_energy_j"": 7410.0, ""unresolved_conflicts"": 0, ""terms"": {""completed_mandatory"": 50.0, ""anomaly_resolved"": 0.0, ""useful_reassignment"": 0.0, ""missed_mandatory"": -105.0, ""exclusion_violation"": -0.0, ""reserve_violation"": -0.0, ""duplicate_work"": -0.0, ""energy"": -0.03705, ""unresolved_conflict"": -0.0}, ""utility"": -55.03705}",5,0,0,0,7
paper_ssp_200m_strong_v1|4|benign_static|hard_960|B4-NoFreshness,paper_ssp_200m_strong_v1,4,benign_static,hard_960,B4-NoFreshness,-43.03765,"{""freeze_id"": ""utility_v2_frozen_2026-09-28"", ""completed_mandatory"": 5, ""anomalies_resolved"": 0, ""useful_reassignments"": 1, ""missed_mandatory"": 7, ""exclusion_violations"": 0, ""reserve_violations"": 0, ""duplicate_work"": 0, ""total_energy_j"": 7530.0, ""unresolved_conflicts"": 0, ""terms"": {""completed_mandatory"": 50.0, ""anomaly_resolved"": 0.0, ""useful_reassignment"": 12.0, ""missed_mandatory"": -105.0, ""exclusion_violation"": -0.0, ""reserve_violation"": -0.0, ""duplicate_work"": -0.0, ""energy"": -0.03765, ""unresolved_conflict"": -0.0}, ""utility"": -43.03765}",5,0,0,0,7
paper_ssp_200m_strong_v1|4|target_recovers_age300|hard_960|B4,paper_ssp_200m_strong_v1,4,target_recovers_age300,hard_960,B4,-55.03705,"{""freeze_id"": ""utility_v2_frozen_2026-09-28"", ""completed_mandatory"": 5, ""anomalies_resolved"": 0, ""useful_reassignments"": 0, ""missed_mandatory"": 7, ""exclusion_violations"": 0, ""reserve_violations"": 0, ""duplicate_work"": 0, ""total_energy_j"": 7410.0, ""unresolved_conflicts"": 0, ""terms"": {""completed_mandatory"": 50.0, ""anomaly_resolved"": 0.0, ""useful_reassignment"": 0.0, ""missed_mandatory"": -105.0, ""exclusion_violation"": -0.0, ""reserve_violation"": -0.0, ""duplicate_work"": -0.0, ""energy"": -0.03705, ""unresolved_conflict"": -0.0}, ""utility"": -55.03705}",5,0,0,0,7
paper_ssp_200m_strong_v1|4|target_recovers_age300|hard_960|B4-NoFreshness,paper_ssp_200m_strong_v1,4,target_recovers_age300,hard_960,B4-NoFreshness,-55.03765,"{""freeze_id"": ""utility_v2_frozen_2026-09-28"", ""completed_mandatory"": 5, ""anomalies_resolved"": 0, ""useful_reassignments"": 0, ""missed_mandatory"": 7, ""exclusion_violations"": 0, ""reserve_violations"": 0, ""duplicate_work"": 0, ""total_energy_j"": 7530.0, ""unresolved_conflicts"": 0, ""terms"": {""completed_mandatory"": 50.0, ""anomaly_resolved"": 0.0, ""useful_reassignment"": 0.0, ""missed_mandatory"": -105.0, ""exclusion_violation"": -0.0, ""reserve_violation"": -0.0, ""duplicate_work"": -0.0, ""energy"": -0.03765, ""unresolved_conflict"": -0.0}, ""utility"": -55.03765}",5,0,0,0,7
paper_ssp_200m_strong_v1|5|benign_static|fresh_120|B4,paper_ssp_200m_strong_v1,5,benign_static,fresh_120,B4,-43.03705,"{""freeze_id"": ""utility_v2_frozen_2026-09-28"", ""completed_mandatory"": 5, ""anomalies_resolved"": 0, ""useful_reassignments"": 1, ""missed_mandatory"": 7, ""exclusion_violations"": 0, ""reserve_violations"": 0, ""duplicate_work"": 0, ""total_energy_j"": 7410.0, ""unresolved_conflicts"": 0, ""terms"": {""completed_mandatory"": 50.0, ""anomaly_resolved"": 0.0, ""useful_reassignment"": 12.0, ""missed_mandatory"": -105.0, ""exclusion_violation"": -0.0, ""reserve_violation"": -0.0, ""duplicate_work"": -0.0, ""energy"": -0.03705, ""unresolved_conflict"": -0.0}, ""utility"": -43.03705}",5,0,0,0,7
paper_ssp_200m_strong_v1|5|benign_static|fresh_120|B4-NoFreshness,paper_ssp_200m_strong_v1,5,benign_static,fresh_120,B4-NoFreshness,-43.03765,"{""freeze_id"": ""utility_v2_frozen_2026-09-28"", ""completed_mandatory"": 5, ""anomalies_resolved"": 0, ""useful_reassignments"": 1, ""missed_mandatory"": 7, ""exclusion_violations"": 0, ""reserve_violations"": 0, ""duplicate_work"": 0, ""total_energy_j"": 7530.0, ""unresolved_conflicts"": 0, ""terms"": {""completed_mandatory"": 50.0, ""anomaly_resolved"": 0.0, ""useful_reassignment"": 12.0, ""missed_mandatory"": -105.0, ""exclusion_violation"": -0.0, ""reserve_violation"": -0.0, ""duplicate_work"": -0.0, ""energy"": -0.03765, ""unresolved_conflict"": -0.0}, ""utility"": -43.03765}",5,0,0,0,7
paper_ssp_200m_strong_v1|5|target_recovers_age300|fresh_120|B4,paper_ssp_200m_strong_v1,5,target_recovers_age300,fresh_120,B4,-43.03705,"{""freeze_id"": ""utility_v2_frozen_2026-09-28"", ""completed_mandatory"": 5, ""anomalies_resolved"": 0, ""useful_reassignments"": 1, ""missed_mandatory"": 7, ""exclusion_violations"": 0, ""reserve_violations"": 0, ""duplicate_work"": 0, ""total_energy_j"": 7410.0, ""unresolved_conflicts"": 0, ""terms"": {""completed_mandatory"": 50.0, ""anomaly_resolved"": 0.0, ""useful_reassignment"": 12.0, ""missed_mandatory"": -105.0, ""exclusion_violation"": -0.0, ""reserve_violation"": -0.0, ""duplicate_work"": -0.0, ""energy"": -0.03705, ""unresolved_conflict"": -0.0}, ""utility"": -43.03705}",5,0,0,0,7
paper_ssp_200m_strong_v1|5|target_recovers_age300|fresh_120|B4-NoFreshness,paper_ssp_200m_strong_v1,5,target_recovers_age300,fresh_120,B4-NoFreshness,-43.03765,"{""freeze_id"": ""utility_v2_frozen_2026-09-28"", ""completed_mandatory"": 5, ""anomalies_resolved"": 0, ""useful_reassignments"": 1, ""missed_mandatory"": 7, ""exclusion_violations"": 0, ""reserve_violations"": 0, ""duplicate_work"": 0, ""total_energy_j"": 7530.0, ""unresolved_conflicts"": 0, ""terms"": {""completed_mandatory"": 50.0, ""anomaly_resolved"": 0.0, ""useful_reassignment"": 12.0, ""missed_mandatory"": -105.0, ""exclusion_violation"": -0.0, ""reserve_violation"": -0.0, ""duplicate_work"": -0.0, ""energy"": -0.03765, ""unresolved_conflict"": -0.0}, ""utility"": -43.03765}",5,0,0,0,7
paper_ssp_200m_strong_v1|5|benign_static|aging_240|B4,paper_ssp_200m_strong_v1,5,benign_static,aging_240,B4,-55.03705,"{""freeze_id"": ""utility_v2_frozen_2026-09-28"", ""completed_mandatory"": 5, ""anomalies_resolved"": 0, ""useful_reassignments"": 0, ""missed_mandatory"": 7, ""exclusion_violations"": 0, ""reserve_violations"": 0, ""duplicate_work"": 0, ""total_energy_j"": 7410.0, ""unresolved_conflicts"": 0, ""terms"": {""completed_mandatory"": 50.0, ""anomaly_resolved"": 0.0, ""useful_reassignment"": 0.0, ""missed_mandatory"": -105.0, ""exclusion_violation"": -0.0, ""reserve_violation"": -0.0, ""duplicate_work"": -0.0, ""energy"": -0.03705, ""unresolved_conflict"": -0.0}, ""utility"": -55.03705}",5,0,0,0,7
paper_ssp_200m_strong_v1|5|benign_static|aging_240|B4-NoFreshness,paper_ssp_200m_strong_v1,5,benign_static,aging_240,B4-NoFreshness,-43.03765,"{""freeze_id"": ""utility_v2_frozen_2026-09-28"", ""completed_mandatory"": 5, ""anomalies_resolved"": 0, ""useful_reassignments"": 1, ""missed_mandatory"": 7, ""exclusion_violations"": 0, ""reserve_violations"": 0, ""duplicate_work"": 0, ""total_energy_j"": 7530.0, ""unresolved_conflicts"": 0, ""terms"": {""completed_mandatory"": 50.0, ""anomaly_resolved"": 0.0, ""useful_reassignment"": 12.0, ""missed_mandatory"": -105.0, ""exclusion_violation"": -0.0, ""reserve_violation"": -0.0, ""duplicate_work"": -0.0, ""energy"": -0.03765, ""unresolved_conflict"": -0.0}, ""utility"": -43.03765}",5,0,0,0,7
paper_ssp_200m_strong_v1|5|target_recovers_age300|aging_240|B4,paper_ssp_200m_strong_v1,5,target_recovers_age300,aging_240,B4,-55.03705,"{""freeze_id"": ""utility_v2_frozen_2026-09-28"", ""completed_mandatory"": 5, ""anomalies_resolved"": 0, ""useful_reassignments"": 0, ""missed_mandatory"": 7, ""exclusion_violations"": 0, ""reserve_violations"": 0, ""duplicate_work"": 0, ""total_energy_j"": 7410.0, ""unresolved_conflicts"": 0, ""terms"": {""completed_mandatory"": 50.0, ""anomaly_resolved"": 0.0, ""useful_reassignment"": 0.0, ""missed_mandatory"": -105.0, ""exclusion_violation"": -0.0, ""reserve_violation"": -0.0, ""duplicate_work"": -0.0, ""energy"": -0.03705, ""unresolved_conflict"": -0.0}, ""utility"": -55.03705}",5,0,0,0,7
paper_ssp_200m_strong_v1|5|target_recovers_age300|aging_240|B4-NoFreshness,paper_ssp_200m_strong_v1,5,target_recovers_age300,aging_240,B4-NoFreshness,-43.03765,"{""freeze_id"": ""utility_v2_frozen_2026-09-28"", ""completed_mandatory"": 5, ""anomalies_resolved"": 0, ""useful_reassignments"": 1, ""missed_mandatory"": 7, ""exclusion_violations"": 0, ""reserve_violations"": 0, ""duplicate_work"": 0, ""total_energy_j"": 7530.0, ""unresolved_conflicts"": 0, ""terms"": {""completed_mandatory"": 50.0, ""anomaly_resolved"": 0.0, ""useful_reassignment"": 12.0, ""missed_mandatory"": -105.0, ""exclusion_violation"": -0.0, ""reserve_violation"": -0.0, ""duplicate_work"": -0.0, ""energy"": -0.03765, ""unresolved_conflict"": -0.0}, ""utility"": -43.03765}",5,0,0,0,7
paper_ssp_200m_strong_v1|5|benign_static|stale_520|B4,paper_ssp_200m_strong_v1,5,benign_static,stale_520,B4,-55.03705,"{""freeze_id"": ""utility_v2_frozen_2026-09-28"", ""completed_mandatory"": 5, ""anomalies_resolved"": 0, ""useful_reassignments"": 0, ""missed_mandatory"": 7, ""exclusion_violations"": 0, ""reserve_violations"": 0, ""duplicate_work"": 0, ""total_energy_j"": 7410.0, ""unresolved_conflicts"": 0, ""terms"": {""completed_mandatory"": 50.0, ""anomaly_resolved"": 0.0, ""useful_reassignment"": 0.0, ""missed_mandatory"": -105.0, ""exclusion_violation"": -0.0, ""reserve_violation"": -0.0, ""duplicate_work"": -0.0, ""energy"": -0.03705, ""unresolved_conflict"": -0.0}, ""utility"": -55.03705}",5,0,0,0,7
paper_ssp_200m_strong_v1|5|benign_static|stale_520|B4-NoFreshness,paper_ssp_200m_strong_v1,5,benign_static,stale_520,B4-NoFreshness,-43.03765,"{""freeze_id"": ""utility_v2_frozen_2026-09-28"", ""completed_mandatory"": 5, ""anomalies_resolved"": 0, ""useful_reassignments"": 1, ""missed_mandatory"": 7, ""exclusion_violations"": 0, ""reserve_violations"": 0, ""duplicate_work"": 0, ""total_energy_j"": 7530.0, ""unresolved_conflicts"": 0, ""terms"": {""completed_mandatory"": 50.0, ""anomaly_resolved"": 0.0, ""useful_reassignment"": 12.0, ""missed_mandatory"": -105.0, ""exclusion_violation"": -0.0, ""reserve_violation"": -0.0, ""duplicate_work"": -0.0, ""energy"": -0.03765, ""unresolved_conflict"": -0.0}, ""utility"": -43.03765}",5,0,0,0,7
paper_ssp_200m_strong_v1|5|target_recovers_age300|stale_520|B4,paper_ssp_200m_strong_v1,5,target_recovers_age300,stale_520,B4,-55.03705,"{""freeze_id"": ""utility_v2_frozen_2026-09-28"", ""completed_mandatory"": 5, ""anomalies_resolved"": 0, ""useful_reassignments"": 0, ""missed_mandatory"": 7, ""exclusion_violations"": 0, ""reserve_violations"": 0, ""duplicate_work"": 0, ""total_energy_j"": 7410.0, ""unresolved_conflicts"": 0, ""terms"": {""completed_mandatory"": 50.0, ""anomaly_resolved"": 0.0, ""useful_reassignment"": 0.0, ""missed_mandatory"": -105.0, ""exclusion_violation"": -0.0, ""reserve_violation"": -0.0, ""duplicate_work"": -0.0, ""energy"": -0.03705, ""unresolved_conflict"": -0.0}, ""utility"": -55.03705}",5,0,0,0,7
paper_ssp_200m_strong_v1|5|target_recovers_age300|stale_520|B4-NoFreshness,paper_ssp_200m_strong_v1,5,target_recovers_age300,stale_520,B4-NoFreshness,-55.03765,"{""freeze_id"": ""utility_v2_frozen_2026-09-28"", ""completed_mandatory"": 5, ""anomalies_resolved"": 0, ""useful_reassignments"": 0, ""missed_mandatory"": 7, ""exclusion_violations"": 0, ""reserve_violations"": 0, ""duplicate_work"": 0, ""total_energy_j"": 7530.0, ""unresolved_conflicts"": 0, ""terms"": {""completed_mandatory"": 50.0, ""anomaly_resolved"": 0.0, ""useful_reassignment"": 0.0, ""missed_mandatory"": -105.0, ""exclusion_violation"": -0.0, ""reserve_violation"": -0.0, ""duplicate_work"": -0.0, ""energy"": -0.03765, ""unresolved_conflict"": -0.0}, ""utility"": -55.03765}",5,0,0,0,7
paper_ssp_200m_strong_v1|5|benign_static|hard_960|B4,paper_ssp_200m_strong_v1,5,benign_static,hard_960,B4,-55.03705,"{""freeze_id"": ""utility_v2_frozen_2026-09-28"", ""completed_mandatory"": 5, ""anomalies_resolved"": 0, ""useful_reassignments"": 0, ""missed_mandatory"": 7, ""exclusion_violations"": 0, ""reserve_violations"": 0, ""duplicate_work"": 0, ""total_energy_j"": 7410.0, ""unresolved_conflicts"": 0, ""terms"": {""completed_mandatory"": 50.0, ""anomaly_resolved"": 0.0, ""useful_reassignment"": 0.0, ""missed_mandatory"": -105.0, ""exclusion_violation"": -0.0, ""reserve_violation"": -0.0, ""duplicate_work"": -0.0, ""energy"": -0.03705, ""unresolved_conflict"": -0.0}, ""utility"": -55.03705}",5,0,0,0,7
paper_ssp_200m_strong_v1|5|benign_static|hard_960|B4-NoFreshness,paper_ssp_200m_strong_v1,5,benign_static,hard_960,B4-NoFreshness,-43.03765,"{""freeze_id"": ""utility_v2_frozen_2026-09-28"", ""completed_mandatory"": 5, ""anomalies_resolved"": 0, ""useful_reassignments"": 1, ""missed_mandatory"": 7, ""exclusion_violations"": 0, ""reserve_violations"": 0, ""duplicate_work"": 0, ""total_energy_j"": 7530.0, ""unresolved_conflicts"": 0, ""terms"": {""completed_mandatory"": 50.0, ""anomaly_resolved"": 0.0, ""useful_reassignment"": 12.0, ""missed_mandatory"": -105.0, ""exclusion_violation"": -0.0, ""reserve_violation"": -0.0, ""duplicate_work"": -0.0, ""energy"": -0.03765, ""unresolved_conflict"": -0.0}, ""utility"": -43.03765}",5,0,0,0,7
paper_ssp_200m_strong_v1|5|target_recovers_age300|hard_960|B4,paper_ssp_200m_strong_v1,5,target_recovers_age300,hard_960,B4,-55.03705,"{""freeze_id"": ""utility_v2_frozen_2026-09-28"", ""completed_mandatory"": 5, ""anomalies_resolved"": 0, ""useful_reassignments"": 0, ""missed_mandatory"": 7, ""exclusion_violations"": 0, ""reserve_violations"": 0, ""duplicate_work"": 0, ""total_energy_j"": 7410.0, ""unresolved_conflicts"": 0, ""terms"": {""completed_mandatory"": 50.0, ""anomaly_resolved"": 0.0, ""useful_reassignment"": 0.0, ""missed_mandatory"": -105.0, ""exclusion_violation"": -0.0, ""reserve_violation"": -0.0, ""duplicate_work"": -0.0, ""energy"": -0.03705, ""unresolved_conflict"": -0.0}, ""utility"": -55.03705}",5,0,0,0,7
paper_ssp_200m_strong_v1|5|target_recovers_age300|hard_960|B4-NoFreshness,paper_ssp_200m_strong_v1,5,target_recovers_age300,hard_960,B4-NoFreshness,-55.03765,"{""freeze_id"": ""utility_v2_frozen_2026-09-28"", ""completed_mandatory"": 5, ""anomalies_resolved"": 0, ""useful_reassignments"": 0, ""missed_mandatory"": 7, ""exclusion_violations"": 0, ""reserve_violations"": 0, ""duplicate_work"": 0, ""total_energy_j"": 7530.0, ""unresolved_conflicts"": 0, ""terms"": {""completed_mandatory"": 50.0, ""anomaly_resolved"": 0.0, ""useful_reassignment"": 0.0, ""missed_mandatory"": -105.0, ""exclusion_violation"": -0.0, ""reserve_violation"": -0.0, ""duplicate_work"": -0.0, ""energy"": -0.03765, ""unresolved_conflict"": -0.0}, ""utility"": -55.03765}",5,0,0,0,7
paper_ssp_200m_strong_v1|6|benign_static|fresh_120|B4,paper_ssp_200m_strong_v1,6,benign_static,fresh_120,B4,-43.03705,"{""freeze_id"": ""utility_v2_frozen_2026-09-28"", ""completed_mandatory"": 5, ""anomalies_resolved"": 0, ""useful_reassignments"": 1, ""missed_mandatory"": 7, ""exclusion_violations"": 0, ""reserve_violations"": 0, ""duplicate_work"": 0, ""total_energy_j"": 7410.0, ""unresolved_conflicts"": 0, ""terms"": {""completed_mandatory"": 50.0, ""anomaly_resolved"": 0.0, ""useful_reassignment"": 12.0, ""missed_mandatory"": -105.0, ""exclusion_violation"": -0.0, ""reserve_violation"": -0.0, ""duplicate_work"": -0.0, ""energy"": -0.03705, ""unresolved_conflict"": -0.0}, ""utility"": -43.03705}",5,0,0,0,7
paper_ssp_200m_strong_v1|6|benign_static|fresh_120|B4-NoFreshness,paper_ssp_200m_strong_v1,6,benign_static,fresh_120,B4-NoFreshness,-43.03765,"{""freeze_id"": ""utility_v2_frozen_2026-09-28"", ""completed_mandatory"": 5, ""anomalies_resolved"": 0, ""useful_reassignments"": 1, ""missed_mandatory"": 7, ""exclusion_violations"": 0, ""reserve_violations"": 0, ""duplicate_work"": 0, ""total_energy_j"": 7530.0, ""unresolved_conflicts"": 0, ""terms"": {""completed_mandatory"": 50.0, ""anomaly_resolved"": 0.0, ""useful_reassignment"": 12.0, ""missed_mandatory"": -105.0, ""exclusion_violation"": -0.0, ""reserve_violation"": -0.0, ""duplicate_work"": -0.0, ""energy"": -0.03765, ""unresolved_conflict"": -0.0}, ""utility"": -43.03765}",5,0,0,0,7
paper_ssp_200m_strong_v1|6|target_recovers_age300|fresh_120|B4,paper_ssp_200m_strong_v1,6,target_recovers_age300,fresh_120,B4,-43.03705,"{""freeze_id"": ""utility_v2_frozen_2026-09-28"", ""completed_mandatory"": 5, ""anomalies_resolved"": 0, ""useful_reassignments"": 1, ""missed_mandatory"": 7, ""exclusion_violations"": 0, ""reserve_violations"": 0, ""duplicate_work"": 0, ""total_energy_j"": 7410.0, ""unresolved_conflicts"": 0, ""terms"": {""completed_mandatory"": 50.0, ""anomaly_resolved"": 0.0, ""useful_reassignment"": 12.0, ""missed_mandatory"": -105.0, ""exclusion_violation"": -0.0, ""reserve_violation"": -0.0, ""duplicate_work"": -0.0, ""energy"": -0.03705, ""unresolved_conflict"": -0.0}, ""utility"": -43.03705}",5,0,0,0,7
paper_ssp_200m_strong_v1|6|target_recovers_age300|fresh_120|B4-NoFreshness,paper_ssp_200m_strong_v1,6,target_recovers_age300,fresh_120,B4-NoFreshness,-43.03765,"{""freeze_id"": ""utility_v2_frozen_2026-09-28"", ""completed_mandatory"": 5, ""anomalies_resolved"": 0, ""useful_reassignments"": 1, ""missed_mandatory"": 7, ""exclusion_violations"": 0, ""reserve_violations"": 0, ""duplicate_work"": 0, ""total_energy_j"": 7530.0, ""unresolved_conflicts"": 0, ""terms"": {""completed_mandatory"": 50.0, ""anomaly_resolved"": 0.0, ""useful_reassignment"": 12.0, ""missed_mandatory"": -105.0, ""exclusion_violation"": -0.0, ""reserve_violation"": -0.0, ""duplicate_work"": -0.0, ""energy"": -0.03765, ""unresolved_conflict"": -0.0}, ""utility"": -43.03765}",5,0,0,0,7
paper_ssp_200m_strong_v1|6|benign_static|aging_240|B4,paper_ssp_200m_strong_v1,6,benign_static,aging_240,B4,-55.03705,"{""freeze_id"": ""utility_v2_frozen_2026-09-28"", ""completed_mandatory"": 5, ""anomalies_resolved"": 0, ""useful_reassignments"": 0, ""missed_mandatory"": 7, ""exclusion_violations"": 0, ""reserve_violations"": 0, ""duplicate_work"": 0, ""total_energy_j"": 7410.0, ""unresolved_conflicts"": 0, ""terms"": {""completed_mandatory"": 50.0, ""anomaly_resolved"": 0.0, ""useful_reassignment"": 0.0, ""missed_mandatory"": -105.0, ""exclusion_violation"": -0.0, ""reserve_violation"": -0.0, ""duplicate_work"": -0.0, ""energy"": -0.03705, ""unresolved_conflict"": -0.0}, ""utility"": -55.03705}",5,0,0,0,7
paper_ssp_200m_strong_v1|6|benign_static|aging_240|B4-NoFreshness,paper_ssp_200m_strong_v1,6,benign_static,aging_240,B4-NoFreshness,-43.03765,"{""freeze_id"": ""utility_v2_frozen_2026-09-28"", ""completed_mandatory"": 5, ""anomalies_resolved"": 0, ""useful_reassignments"": 1, ""missed_mandatory"": 7, ""exclusion_violations"": 0, ""reserve_violations"": 0, ""duplicate_work"": 0, ""total_energy_j"": 7530.0, ""unresolved_conflicts"": 0, ""terms"": {""completed_mandatory"": 50.0, ""anomaly_resolved"": 0.0, ""useful_reassignment"": 12.0, ""missed_mandatory"": -105.0, ""exclusion_violation"": -0.0, ""reserve_violation"": -0.0, ""duplicate_work"": -0.0, ""energy"": -0.03765, ""unresolved_conflict"": -0.0}, ""utility"": -43.03765}",5,0,0,0,7
paper_ssp_200m_strong_v1|6|target_recovers_age300|aging_240|B4,paper_ssp_200m_strong_v1,6,target_recovers_age300,aging_240,B4,-55.03705,"{""freeze_id"": ""utility_v2_frozen_2026-09-28"", ""completed_mandatory"": 5, ""anomalies_resolved"": 0, ""useful_reassignments"": 0, ""missed_mandatory"": 7, ""exclusion_violations"": 0, ""reserve_violations"": 0, ""duplicate_work"": 0, ""total_energy_j"": 7410.0, ""unresolved_conflicts"": 0, ""terms"": {""completed_mandatory"": 50.0, ""anomaly_resolved"": 0.0, ""useful_reassignment"": 0.0, ""missed_mandatory"": -105.0, ""exclusion_violation"": -0.0, ""reserve_violation"": -0.0, ""duplicate_work"": -0.0, ""energy"": -0.03705, ""unresolved_conflict"": -0.0}, ""utility"": -55.03705}",5,0,0,0,7
paper_ssp_200m_strong_v1|6|target_recovers_age300|aging_240|B4-NoFreshness,paper_ssp_200m_strong_v1,6,target_recovers_age300,aging_240,B4-NoFreshness,-43.03765,"{""freeze_id"": ""utility_v2_frozen_2026-09-28"", ""completed_mandatory"": 5, ""anomalies_resolved"": 0, ""useful_reassignments"": 1, ""missed_mandatory"": 7, ""exclusion_violations"": 0, ""reserve_violations"": 0, ""duplicate_work"": 0, ""total_energy_j"": 7530.0, ""unresolved_conflicts"": 0, ""terms"": {""completed_mandatory"": 50.0, ""anomaly_resolved"": 0.0, ""useful_reassignment"": 12.0, ""missed_mandatory"": -105.0, ""exclusion_violation"": -0.0, ""reserve_violation"": -0.0, ""duplicate_work"": -0.0, ""energy"": -0.03765, ""unresolved_conflict"": -0.0}, ""utility"": -43.03765}",5,0,0,0,7
paper_ssp_200m_strong_v1|6|benign_static|stale_520|B4,paper_ssp_200m_strong_v1,6,benign_static,stale_520,B4,-55.03705,"{""freeze_id"": ""utility_v2_frozen_2026-09-28"", ""completed_mandatory"": 5, ""anomalies_resolved"": 0, ""useful_reassignments"": 0, ""missed_mandatory"": 7, ""exclusion_violations"": 0, ""reserve_violations"": 0, ""duplicate_work"": 0, ""total_energy_j"": 7410.0, ""unresolved_conflicts"": 0, ""terms"": {""completed_mandatory"": 50.0, ""anomaly_resolved"": 0.0, ""useful_reassignment"": 0.0, ""missed_mandatory"": -105.0, ""exclusion_violation"": -0.0, ""reserve_violation"": -0.0, ""duplicate_work"": -0.0, ""energy"": -0.03705, ""unresolved_conflict"": -0.0}, ""utility"": -55.03705}",5,0,0,0,7
paper_ssp_200m_strong_v1|6|benign_static|stale_520|B4-NoFreshness,paper_ssp_200m_strong_v1,6,benign_static,stale_520,B4-NoFreshness,-43.03765,"{""freeze_id"": ""utility_v2_frozen_2026-09-28"", ""completed_mandatory"": 5, ""anomalies_resolved"": 0, ""useful_reassignments"": 1, ""missed_mandatory"": 7, ""exclusion_violations"": 0, ""reserve_violations"": 0, ""duplicate_work"": 0, ""total_energy_j"": 7530.0, ""unresolved_conflicts"": 0, ""terms"": {""completed_mandatory"": 50.0, ""anomaly_resolved"": 0.0, ""useful_reassignment"": 12.0, ""missed_mandatory"": -105.0, ""exclusion_violation"": -0.0, ""reserve_violation"": -0.0, ""duplicate_work"": -0.0, ""energy"": -0.03765, ""unresolved_conflict"": -0.0}, ""utility"": -43.03765}",5,0,0,0,7
paper_ssp_200m_strong_v1|6|target_recovers_age300|stale_520|B4,paper_ssp_200m_strong_v1,6,target_recovers_age300,stale_520,B4,-55.03705,"{""freeze_id"": ""utility_v2_frozen_2026-09-28"", ""completed_mandatory"": 5, ""anomalies_resolved"": 0, ""useful_reassignments"": 0, ""missed_mandatory"": 7, ""exclusion_violations"": 0, ""reserve_violations"": 0, ""duplicate_work"": 0, ""total_energy_j"": 7410.0, ""unresolved_conflicts"": 0, ""terms"": {""completed_mandatory"": 50.0, ""anomaly_resolved"": 0.0, ""useful_reassignment"": 0.0, ""missed_mandatory"": -105.0, ""exclusion_violation"": -0.0, ""reserve_violation"": -0.0, ""duplicate_work"": -0.0, ""energy"": -0.03705, ""unresolved_conflict"": -0.0}, ""utility"": -55.03705}",5,0,0,0,7
paper_ssp_200m_strong_v1|6|target_recovers_age300|stale_520|B4-NoFreshness,paper_ssp_200m_strong_v1,6,target_recovers_age300,stale_520,B4-NoFreshness,-55.03765,"{""freeze_id"": ""utility_v2_frozen_2026-09-28"", ""completed_mandatory"": 5, ""anomalies_resolved"": 0, ""useful_reassignments"": 0, ""missed_mandatory"": 7, ""exclusion_violations"": 0, ""reserve_violations"": 0, ""duplicate_work"": 0, ""total_energy_j"": 7530.0, ""unresolved_conflicts"": 0, ""terms"": {""completed_mandatory"": 50.0, ""anomaly_resolved"": 0.0, ""useful_reassignment"": 0.0, ""missed_mandatory"": -105.0, ""exclusion_violation"": -0.0, ""reserve_violation"": -0.0, ""duplicate_work"": -0.0, ""energy"": -0.03765, ""unresolved_conflict"": -0.0}, ""utility"": -55.03765}",5,0,0,0,7
paper_ssp_200m_strong_v1|6|benign_static|hard_960|B4,paper_ssp_200m_strong_v1,6,benign_static,hard_960,B4,-55.03705,"{""freeze_id"": ""utility_v2_frozen_2026-09-28"", ""completed_mandatory"": 5, ""anomalies_resolved"": 0, ""useful_reassignments"": 0, ""missed_mandatory"": 7, ""exclusion_violations"": 0, ""reserve_violations"": 0, ""duplicate_work"": 0, ""total_energy_j"": 7410.0, ""unresolved_conflicts"": 0, ""terms"": {""completed_mandatory"": 50.0, ""anomaly_resolved"": 0.0, ""useful_reassignment"": 0.0, ""missed_mandatory"": -105.0, ""exclusion_violation"": -0.0, ""reserve_violation"": -0.0, ""duplicate_work"": -0.0, ""energy"": -0.03705, ""unresolved_conflict"": -0.0}, ""utility"": -55.03705}",5,0,0,0,7
paper_ssp_200m_strong_v1|6|benign_static|hard_960|B4-NoFreshness,paper_ssp_200m_strong_v1,6,benign_static,hard_960,B4-NoFreshness,-43.03765,"{""freeze_id"": ""utility_v2_frozen_2026-09-28"", ""completed_mandatory"": 5, ""anomalies_resolved"": 0, ""useful_reassignments"": 1, ""missed_mandatory"": 7, ""exclusion_violations"": 0, ""reserve_violations"": 0, ""duplicate_work"": 0, ""total_energy_j"": 7530.0, ""unresolved_conflicts"": 0, ""terms"": {""completed_mandatory"": 50.0, ""anomaly_resolved"": 0.0, ""useful_reassignment"": 12.0, ""missed_mandatory"": -105.0, ""exclusion_violation"": -0.0, ""reserve_violation"": -0.0, ""duplicate_work"": -0.0, ""energy"": -0.03765, ""unresolved_conflict"": -0.0}, ""utility"": -43.03765}",5,0,0,0,7
paper_ssp_200m_strong_v1|6|target_recovers_age300|hard_960|B4,paper_ssp_200m_strong_v1,6,target_recovers_age300,hard_960,B4,-55.03705,"{""freeze_id"": ""utility_v2_frozen_2026-09-28"", ""completed_mandatory"": 5, ""anomalies_resolved"": 0, ""useful_reassignments"": 0, ""missed_mandatory"": 7, ""exclusion_violations"": 0, ""reserve_violations"": 0, ""duplicate_work"": 0, ""total_energy_j"": 7410.0, ""unresolved_conflicts"": 0, ""terms"": {""completed_mandatory"": 50.0, ""anomaly_resolved"": 0.0, ""useful_reassignment"": 0.0, ""missed_mandatory"": -105.0, ""exclusion_violation"": -0.0, ""reserve_violation"": -0.0, ""duplicate_work"": -0.0, ""energy"": -0.03705, ""unresolved_conflict"": -0.0}, ""utility"": -55.03705}",5,0,0,0,7
paper_ssp_200m_strong_v1|6|target_recovers_age300|hard_960|B4-NoFreshness,paper_ssp_200m_strong_v1,6,target_recovers_age300,hard_960,B4-NoFreshness,-55.03765,"{""freeze_id"": ""utility_v2_frozen_2026-09-28"", ""completed_mandatory"": 5, ""anomalies_resolved"": 0, ""useful_reassignments"": 0, ""missed_mandatory"": 7, ""exclusion_violations"": 0, ""reserve_violations"": 0, ""duplicate_work"": 0, ""total_energy_j"": 7530.0, ""unresolved_conflicts"": 0, ""terms"": {""completed_mandatory"": 50.0, ""anomaly_resolved"": 0.0, ""useful_reassignment"": 0.0, ""missed_mandatory"": -105.0, ""exclusion_violation"": -0.0, ""reserve_violation"": -0.0, ""duplicate_work"": -0.0, ""energy"": -0.03765, ""unresolved_conflict"": -0.0}, ""utility"": -55.03765}",5,0,0,0,7
paper_ssp_200m_strong_v1|7|benign_static|fresh_120|B4,paper_ssp_200m_strong_v1,7,benign_static,fresh_120,B4,-43.03705,"{""freeze_id"": ""utility_v2_frozen_2026-09-28"", ""completed_mandatory"": 5, ""anomalies_resolved"": 0, ""useful_reassignments"": 1, ""missed_mandatory"": 7, ""exclusion_violations"": 0, ""reserve_violations"": 0, ""duplicate_work"": 0, ""total_energy_j"": 7410.0, ""unresolved_conflicts"": 0, ""terms"": {""completed_mandatory"": 50.0, ""anomaly_resolved"": 0.0, ""useful_reassignment"": 12.0, ""missed_mandatory"": -105.0, ""exclusion_violation"": -0.0, ""reserve_violation"": -0.0, ""duplicate_work"": -0.0, ""energy"": -0.03705, ""unresolved_conflict"": -0.0}, ""utility"": -43.03705}",5,0,0,0,7
paper_ssp_200m_strong_v1|7|benign_static|fresh_120|B4-NoFreshness,paper_ssp_200m_strong_v1,7,benign_static,fresh_120,B4-NoFreshness,-43.03765,"{""freeze_id"": ""utility_v2_frozen_2026-09-28"", ""completed_mandatory"": 5, ""anomalies_resolved"": 0, ""useful_reassignments"": 1, ""missed_mandatory"": 7, ""exclusion_violations"": 0, ""reserve_violations"": 0, ""duplicate_work"": 0, ""total_energy_j"": 7530.0, ""unresolved_conflicts"": 0, ""terms"": {""completed_mandatory"": 50.0, ""anomaly_resolved"": 0.0, ""useful_reassignment"": 12.0, ""missed_mandatory"": -105.0, ""exclusion_violation"": -0.0, ""reserve_violation"": -0.0, ""duplicate_work"": -0.0, ""energy"": -0.03765, ""unresolved_conflict"": -0.0}, ""utility"": -43.03765}",5,0,0,0,7
paper_ssp_200m_strong_v1|7|target_recovers_age300|fresh_120|B4,paper_ssp_200m_strong_v1,7,target_recovers_age300,fresh_120,B4,-43.03705,"{""freeze_id"": ""utility_v2_frozen_2026-09-28"", ""completed_mandatory"": 5, ""anomalies_resolved"": 0, ""useful_reassignments"": 1, ""missed_mandatory"": 7, ""exclusion_violations"": 0, ""reserve_violations"": 0, ""duplicate_work"": 0, ""total_energy_j"": 7410.0, ""unresolved_conflicts"": 0, ""terms"": {""completed_mandatory"": 50.0, ""anomaly_resolved"": 0.0, ""useful_reassignment"": 12.0, ""missed_mandatory"": -105.0, ""exclusion_violation"": -0.0, ""reserve_violation"": -0.0, ""duplicate_work"": -0.0, ""energy"": -0.03705, ""unresolved_conflict"": -0.0}, ""utility"": -43.03705}",5,0,0,0,7
paper_ssp_200m_strong_v1|7|target_recovers_age300|fresh_120|B4-NoFreshness,paper_ssp_200m_strong_v1,7,target_recovers_age300,fresh_120,B4-NoFreshness,-43.03765,"{""freeze_id"": ""utility_v2_frozen_2026-09-28"", ""completed_mandatory"": 5, ""anomalies_resolved"": 0, ""useful_reassignments"": 1, ""missed_mandatory"": 7, ""exclusion_violations"": 0, ""reserve_violations"": 0, ""duplicate_work"": 0, ""total_energy_j"": 7530.0, ""unresolved_conflicts"": 0, ""terms"": {""completed_mandatory"": 50.0, ""anomaly_resolved"": 0.0, ""useful_reassignment"": 12.0, ""missed_mandatory"": -105.0, ""exclusion_violation"": -0.0, ""reserve_violation"": -0.0, ""duplicate_work"": -0.0, ""energy"": -0.03765, ""unresolved_conflict"": -0.0}, ""utility"": -43.03765}",5,0,0,0,7
paper_ssp_200m_strong_v1|7|benign_static|aging_240|B4,paper_ssp_200m_strong_v1,7,benign_static,aging_240,B4,-55.03705,"{""freeze_id"": ""utility_v2_frozen_2026-09-28"", ""completed_mandatory"": 5, ""anomalies_resolved"": 0, ""useful_reassignments"": 0, ""missed_mandatory"": 7, ""exclusion_violations"": 0, ""reserve_violations"": 0, ""duplicate_work"": 0, ""total_energy_j"": 7410.0, ""unresolved_conflicts"": 0, ""terms"": {""completed_mandatory"": 50.0, ""anomaly_resolved"": 0.0, ""useful_reassignment"": 0.0, ""missed_mandatory"": -105.0, ""exclusion_violation"": -0.0, ""reserve_violation"": -0.0, ""duplicate_work"": -0.0, ""energy"": -0.03705, ""unresolved_conflict"": -0.0}, ""utility"": -55.03705}",5,0,0,0,7
paper_ssp_200m_strong_v1|7|benign_static|aging_240|B4-NoFreshness,paper_ssp_200m_strong_v1,7,benign_static,aging_240,B4-NoFreshness,-43.03765,"{""freeze_id"": ""utility_v2_frozen_2026-09-28"", ""completed_mandatory"": 5, ""anomalies_resolved"": 0, ""useful_reassignments"": 1, ""missed_mandatory"": 7, ""exclusion_violations"": 0, ""reserve_violations"": 0, ""duplicate_work"": 0, ""total_energy_j"": 7530.0, ""unresolved_conflicts"": 0, ""terms"": {""completed_mandatory"": 50.0, ""anomaly_resolved"": 0.0, ""useful_reassignment"": 12.0, ""missed_mandatory"": -105.0, ""exclusion_violation"": -0.0, ""reserve_violation"": -0.0, ""duplicate_work"": -0.0, ""energy"": -0.03765, ""unresolved_conflict"": -0.0}, ""utility"": -43.03765}",5,0,0,0,7
paper_ssp_200m_strong_v1|7|target_recovers_age300|aging_240|B4,paper_ssp_200m_strong_v1,7,target_recovers_age300,aging_240,B4,-55.03705,"{""freeze_id"": ""utility_v2_frozen_2026-09-28"", ""completed_mandatory"": 5, ""anomalies_resolved"": 0, ""useful_reassignments"": 0, ""missed_mandatory"": 7, ""exclusion_violations"": 0, ""reserve_violations"": 0, ""duplicate_work"": 0, ""total_energy_j"": 7410.0, ""unresolved_conflicts"": 0, ""terms"": {""completed_mandatory"": 50.0, ""anomaly_resolved"": 0.0, ""useful_reassignment"": 0.0, ""missed_mandatory"": -105.0, ""exclusion_violation"": -0.0, ""reserve_violation"": -0.0, ""duplicate_work"": -0.0, ""energy"": -0.03705, ""unresolved_conflict"": -0.0}, ""utility"": -55.03705}",5,0,0,0,7
paper_ssp_200m_strong_v1|7|target_recovers_age300|aging_240|B4-NoFreshness,paper_ssp_200m_strong_v1,7,target_recovers_age300,aging_240,B4-NoFreshness,-43.03765,"{""freeze_id"": ""utility_v2_frozen_2026-09-28"", ""completed_mandatory"": 5, ""anomalies_resolved"": 0, ""useful_reassignments"": 1, ""missed_mandatory"": 7, ""exclusion_violations"": 0, ""reserve_violations"": 0, ""duplicate_work"": 0, ""total_energy_j"": 7530.0, ""unresolved_conflicts"": 0, ""terms"": {""completed_mandatory"": 50.0, ""anomaly_resolved"": 0.0, ""useful_reassignment"": 12.0, ""missed_mandatory"": -105.0, ""exclusion_violation"": -0.0, ""reserve_violation"": -0.0, ""duplicate_work"": -0.0, ""energy"": -0.03765, ""unresolved_conflict"": -0.0}, ""utility"": -43.03765}",5,0,0,0,7
paper_ssp_200m_strong_v1|7|benign_static|stale_520|B4,paper_ssp_200m_strong_v1,7,benign_static,stale_520,B4,-55.03705,"{""freeze_id"": ""utility_v2_frozen_2026-09-28"", ""completed_mandatory"": 5, ""anomalies_resolved"": 0, ""useful_reassignments"": 0, ""missed_mandatory"": 7, ""exclusion_violations"": 0, ""reserve_violations"": 0, ""duplicate_work"": 0, ""total_energy_j"": 7410.0, ""unresolved_conflicts"": 0, ""terms"": {""completed_mandatory"": 50.0, ""anomaly_resolved"": 0.0, ""useful_reassignment"": 0.0, ""missed_mandatory"": -105.0, ""exclusion_violation"": -0.0, ""reserve_violation"": -0.0, ""duplicate_work"": -0.0, ""energy"": -0.03705, ""unresolved_conflict"": -0.0}, ""utility"": -55.03705}",5,0,0,0,7
paper_ssp_200m_strong_v1|7|benign_static|stale_520|B4-NoFreshness,paper_ssp_200m_strong_v1,7,benign_static,stale_520,B4-NoFreshness,-43.03765,"{""freeze_id"": ""utility_v2_frozen_2026-09-28"", ""completed_mandatory"": 5, ""anomalies_resolved"": 0, ""useful_reassignments"": 1, ""missed_mandatory"": 7, ""exclusion_violations"": 0, ""reserve_violations"": 0, ""duplicate_work"": 0, ""total_energy_j"": 7530.0, ""unresolved_conflicts"": 0, ""terms"": {""completed_mandatory"": 50.0, ""anomaly_resolved"": 0.0, ""useful_reassignment"": 12.0, ""missed_mandatory"": -105.0, ""exclusion_violation"": -0.0, ""reserve_violation"": -0.0, ""duplicate_work"": -0.0, ""energy"": -0.03765, ""unresolved_conflict"": -0.0}, ""utility"": -43.03765}",5,0,0,0,7
paper_ssp_200m_strong_v1|7|target_recovers_age300|stale_520|B4,paper_ssp_200m_strong_v1,7,target_recovers_age300,stale_520,B4,-55.03705,"{""freeze_id"": ""utility_v2_frozen_2026-09-28"", ""completed_mandatory"": 5, ""anomalies_resolved"": 0, ""useful_reassignments"": 0, ""missed_mandatory"": 7, ""exclusion_violations"": 0, ""reserve_violations"": 0, ""duplicate_work"": 0, ""total_energy_j"": 7410.0, ""unresolved_conflicts"": 0, ""terms"": {""completed_mandatory"": 50.0, ""anomaly_resolved"": 0.0, ""useful_reassignment"": 0.0, ""missed_mandatory"": -105.0, ""exclusion_violation"": -0.0, ""reserve_violation"": -0.0, ""duplicate_work"": -0.0, ""energy"": -0.03705, ""unresolved_conflict"": -0.0}, ""utility"": -55.03705}",5,0,0,0,7
paper_ssp_200m_strong_v1|7|target_recovers_age300|stale_520|B4-NoFreshness,paper_ssp_200m_strong_v1,7,target_recovers_age300,stale_520,B4-NoFreshness,-55.03765,"{""freeze_id"": ""utility_v2_frozen_2026-09-28"", ""completed_mandatory"": 5, ""anomalies_resolved"": 0, ""useful_reassignments"": 0, ""missed_mandatory"": 7, ""exclusion_violations"": 0, ""reserve_violations"": 0, ""duplicate_work"": 0, ""total_energy_j"": 7530.0, ""unresolved_conflicts"": 0, ""terms"": {""completed_mandatory"": 50.0, ""anomaly_resolved"": 0.0, ""useful_reassignment"": 0.0, ""missed_mandatory"": -105.0, ""exclusion_violation"": -0.0, ""reserve_violation"": -0.0, ""duplicate_work"": -0.0, ""energy"": -0.03765, ""unresolved_conflict"": -0.0}, ""utility"": -55.03765}",5,0,0,0,7
paper_ssp_200m_strong_v1|7|benign_static|hard_960|B4,paper_ssp_200m_strong_v1,7,benign_static,hard_960,B4,-55.03705,"{""freeze_id"": ""utility_v2_frozen_2026-09-28"", ""completed_mandatory"": 5, ""anomalies_resolved"": 0, ""useful_reassignments"": 0, ""missed_mandatory"": 7, ""exclusion_violations"": 0, ""reserve_violations"": 0, ""duplicate_work"": 0, ""total_energy_j"": 7410.0, ""unresolved_conflicts"": 0, ""terms"": {""completed_mandatory"": 50.0, ""anomaly_resolved"": 0.0, ""useful_reassignment"": 0.0, ""missed_mandatory"": -105.0, ""exclusion_violation"": -0.0, ""reserve_violation"": -0.0, ""duplicate_work"": -0.0, ""energy"": -0.03705, ""unresolved_conflict"": -0.0}, ""utility"": -55.03705}",5,0,0,0,7
paper_ssp_200m_strong_v1|7|benign_static|hard_960|B4-NoFreshness,paper_ssp_200m_strong_v1,7,benign_static,hard_960,B4-NoFreshness,-43.03765,"{""freeze_id"": ""utility_v2_frozen_2026-09-28"", ""completed_mandatory"": 5, ""anomalies_resolved"": 0, ""useful_reassignments"": 1, ""missed_mandatory"": 7, ""exclusion_violations"": 0, ""reserve_violations"": 0, ""duplicate_work"": 0, ""total_energy_j"": 7530.0, ""unresolved_conflicts"": 0, ""terms"": {""completed_mandatory"": 50.0, ""anomaly_resolved"": 0.0, ""useful_reassignment"": 12.0, ""missed_mandatory"": -105.0, ""exclusion_violation"": -0.0, ""reserve_violation"": -0.0, ""duplicate_work"": -0.0, ""energy"": -0.03765, ""unresolved_conflict"": -0.0}, ""utility"": -43.03765}",5,0,0,0,7
paper_ssp_200m_strong_v1|7|target_recovers_age300|hard_960|B4,paper_ssp_200m_strong_v1,7,target_recovers_age300,hard_960,B4,-55.03705,"{""freeze_id"": ""utility_v2_frozen_2026-09-28"", ""completed_mandatory"": 5, ""anomalies_resolved"": 0, ""useful_reassignments"": 0, ""missed_mandatory"": 7, ""exclusion_violations"": 0, ""reserve_violations"": 0, ""duplicate_work"": 0, ""total_energy_j"": 7410.0, ""unresolved_conflicts"": 0, ""terms"": {""completed_mandatory"": 50.0, ""anomaly_resolved"": 0.0, ""useful_reassignment"": 0.0, ""missed_mandatory"": -105.0, ""exclusion_violation"": -0.0, ""reserve_violation"": -0.0, ""duplicate_work"": -0.0, ""energy"": -0.03705, ""unresolved_conflict"": -0.0}, ""utility"": -55.03705}",5,0,0,0,7
paper_ssp_200m_strong_v1|7|target_recovers_age300|hard_960|B4-NoFreshness,paper_ssp_200m_strong_v1,7,target_recovers_age300,hard_960,B4-NoFreshness,-55.03765,"{""freeze_id"": ""utility_v2_frozen_2026-09-28"", ""completed_mandatory"": 5, ""anomalies_resolved"": 0, ""useful_reassignments"": 0, ""missed_mandatory"": 7, ""exclusion_violations"": 0, ""reserve_violations"": 0, ""duplicate_work"": 0, ""total_energy_j"": 7530.0, ""unresolved_conflicts"": 0, ""terms"": {""completed_mandatory"": 50.0, ""anomaly_resolved"": 0.0, ""useful_reassignment"": 0.0, ""missed_mandatory"": -105.0, ""exclusion_violation"": -0.0, ""reserve_violation"": -0.0, ""duplicate_work"": -0.0, ""energy"": -0.03765, ""unresolved_conflict"": -0.0}, ""utility"": -55.03765}",5,0,0,0,7
paper_ssp_200m_strong_v1|8|benign_static|fresh_120|B4,paper_ssp_200m_strong_v1,8,benign_static,fresh_120,B4,-43.02545,"{""freeze_id"": ""utility_v2_frozen_2026-09-28"", ""completed_mandatory"": 5, ""anomalies_resolved"": 0, ""useful_reassignments"": 1, ""missed_mandatory"": 7, ""exclusion_violations"": 0, ""reserve_violations"": 0, ""duplicate_work"": 0, ""total_energy_j"": 5090.0, ""unresolved_conflicts"": 0, ""terms"": {""completed_mandatory"": 50.0, ""anomaly_resolved"": 0.0, ""useful_reassignment"": 12.0, ""missed_mandatory"": -105.0, ""exclusion_violation"": -0.0, ""reserve_violation"": -0.0, ""duplicate_work"": -0.0, ""energy"": -0.02545, ""unresolved_conflict"": -0.0}, ""utility"": -43.02545}",5,0,0,0,7
paper_ssp_200m_strong_v1|8|benign_static|fresh_120|B4-NoFreshness,paper_ssp_200m_strong_v1,8,benign_static,fresh_120,B4-NoFreshness,-43.03735,"{""freeze_id"": ""utility_v2_frozen_2026-09-28"", ""completed_mandatory"": 5, ""anomalies_resolved"": 0, ""useful_reassignments"": 1, ""missed_mandatory"": 7, ""exclusion_violations"": 0, ""reserve_violations"": 0, ""duplicate_work"": 0, ""total_energy_j"": 7470.0, ""unresolved_conflicts"": 0, ""terms"": {""completed_mandatory"": 50.0, ""anomaly_resolved"": 0.0, ""useful_reassignment"": 12.0, ""missed_mandatory"": -105.0, ""exclusion_violation"": -0.0, ""reserve_violation"": -0.0, ""duplicate_work"": -0.0, ""energy"": -0.03735, ""unresolved_conflict"": -0.0}, ""utility"": -43.03735}",5,0,0,0,7
paper_ssp_200m_strong_v1|8|target_recovers_age300|fresh_120|B4,paper_ssp_200m_strong_v1,8,target_recovers_age300,fresh_120,B4,-43.02545,"{""freeze_id"": ""utility_v2_frozen_2026-09-28"", ""completed_mandatory"": 5, ""anomalies_resolved"": 0, ""useful_reassignments"": 1, ""missed_mandatory"": 7, ""exclusion_violations"": 0, ""reserve_violations"": 0, ""duplicate_work"": 0, ""total_energy_j"": 5090.0, ""unresolved_conflicts"": 0, ""terms"": {""completed_mandatory"": 50.0, ""anomaly_resolved"": 0.0, ""useful_reassignment"": 12.0, ""missed_mandatory"": -105.0, ""exclusion_violation"": -0.0, ""reserve_violation"": -0.0, ""duplicate_work"": -0.0, ""energy"": -0.02545, ""unresolved_conflict"": -0.0}, ""utility"": -43.02545}",5,0,0,0,7
paper_ssp_200m_strong_v1|8|target_recovers_age300|fresh_120|B4-NoFreshness,paper_ssp_200m_strong_v1,8,target_recovers_age300,fresh_120,B4-NoFreshness,-43.03735,"{""freeze_id"": ""utility_v2_frozen_2026-09-28"", ""completed_mandatory"": 5, ""anomalies_resolved"": 0, ""useful_reassignments"": 1, ""missed_mandatory"": 7, ""exclusion_violations"": 0, ""reserve_violations"": 0, ""duplicate_work"": 0, ""total_energy_j"": 7470.0, ""unresolved_conflicts"": 0, ""terms"": {""completed_mandatory"": 50.0, ""anomaly_resolved"": 0.0, ""useful_reassignment"": 12.0, ""missed_mandatory"": -105.0, ""exclusion_violation"": -0.0, ""reserve_violation"": -0.0, ""duplicate_work"": -0.0, ""energy"": -0.03735, ""unresolved_conflict"": -0.0}, ""utility"": -43.03735}",5,0,0,0,7
paper_ssp_200m_strong_v1|8|benign_static|aging_240|B4,paper_ssp_200m_strong_v1,8,benign_static,aging_240,B4,-55.02545,"{""freeze_id"": ""utility_v2_frozen_2026-09-28"", ""completed_mandatory"": 5, ""anomalies_resolved"": 0, ""useful_reassignments"": 0, ""missed_mandatory"": 7, ""exclusion_violations"": 0, ""reserve_violations"": 0, ""duplicate_work"": 0, ""total_energy_j"": 5090.0, ""unresolved_conflicts"": 0, ""terms"": {""completed_mandatory"": 50.0, ""anomaly_resolved"": 0.0, ""useful_reassignment"": 0.0, ""missed_mandatory"": -105.0, ""exclusion_violation"": -0.0, ""reserve_violation"": -0.0, ""duplicate_work"": -0.0, ""energy"": -0.02545, ""unresolved_conflict"": -0.0}, ""utility"": -55.02545}",5,0,0,0,7
paper_ssp_200m_strong_v1|8|benign_static|aging_240|B4-NoFreshness,paper_ssp_200m_strong_v1,8,benign_static,aging_240,B4-NoFreshness,-43.03735,"{""freeze_id"": ""utility_v2_frozen_2026-09-28"", ""completed_mandatory"": 5, ""anomalies_resolved"": 0, ""useful_reassignments"": 1, ""missed_mandatory"": 7, ""exclusion_violations"": 0, ""reserve_violations"": 0, ""duplicate_work"": 0, ""total_energy_j"": 7470.0, ""unresolved_conflicts"": 0, ""terms"": {""completed_mandatory"": 50.0, ""anomaly_resolved"": 0.0, ""useful_reassignment"": 12.0, ""missed_mandatory"": -105.0, ""exclusion_violation"": -0.0, ""reserve_violation"": -0.0, ""duplicate_work"": -0.0, ""energy"": -0.03735, ""unresolved_conflict"": -0.0}, ""utility"": -43.03735}",5,0,0,0,7
paper_ssp_200m_strong_v1|8|target_recovers_age300|aging_240|B4,paper_ssp_200m_strong_v1,8,target_recovers_age300,aging_240,B4,-55.02545,"{""freeze_id"": ""utility_v2_frozen_2026-09-28"", ""completed_mandatory"": 5, ""anomalies_resolved"": 0, ""useful_reassignments"": 0, ""missed_mandatory"": 7, ""exclusion_violations"": 0, ""reserve_violations"": 0, ""duplicate_work"": 0, ""total_energy_j"": 5090.0, ""unresolved_conflicts"": 0, ""terms"": {""completed_mandatory"": 50.0, ""anomaly_resolved"": 0.0, ""useful_reassignment"": 0.0, ""missed_mandatory"": -105.0, ""exclusion_violation"": -0.0, ""reserve_violation"": -0.0, ""duplicate_work"": -0.0, ""energy"": -0.02545, ""unresolved_conflict"": -0.0}, ""utility"": -55.02545}",5,0,0,0,7
paper_ssp_200m_strong_v1|8|target_recovers_age300|aging_240|B4-NoFreshness,paper_ssp_200m_strong_v1,8,target_recovers_age300,aging_240,B4-NoFreshness,-43.03735,"{""freeze_id"": ""utility_v2_frozen_2026-09-28"", ""completed_mandatory"": 5, ""anomalies_resolved"": 0, ""useful_reassignments"": 1, ""missed_mandatory"": 7, ""exclusion_violations"": 0, ""reserve_violations"": 0, ""duplicate_work"": 0, ""total_energy_j"": 7470.0, ""unresolved_conflicts"": 0, ""terms"": {""completed_mandatory"": 50.0, ""anomaly_resolved"": 0.0, ""useful_reassignment"": 12.0, ""missed_mandatory"": -105.0, ""exclusion_violation"": -0.0, ""reserve_violation"": -0.0, ""duplicate_work"": -0.0, ""energy"": -0.03735, ""unresolved_conflict"": -0.0}, ""utility"": -43.03735}",5,0,0,0,7
paper_ssp_200m_strong_v1|8|benign_static|stale_520|B4,paper_ssp_200m_strong_v1,8,benign_static,stale_520,B4,-55.02545,"{""freeze_id"": ""utility_v2_frozen_2026-09-28"", ""completed_mandatory"": 5, ""anomalies_resolved"": 0, ""useful_reassignments"": 0, ""missed_mandatory"": 7, ""exclusion_violations"": 0, ""reserve_violations"": 0, ""duplicate_work"": 0, ""total_energy_j"": 5090.0, ""unresolved_conflicts"": 0, ""terms"": {""completed_mandatory"": 50.0, ""anomaly_resolved"": 0.0, ""useful_reassignment"": 0.0, ""missed_mandatory"": -105.0, ""exclusion_violation"": -0.0, ""reserve_violation"": -0.0, ""duplicate_work"": -0.0, ""energy"": -0.02545, ""unresolved_conflict"": -0.0}, ""utility"": -55.02545}",5,0,0,0,7
paper_ssp_200m_strong_v1|8|benign_static|stale_520|B4-NoFreshness,paper_ssp_200m_strong_v1,8,benign_static,stale_520,B4-NoFreshness,-43.03735,"{""freeze_id"": ""utility_v2_frozen_2026-09-28"", ""completed_mandatory"": 5, ""anomalies_resolved"": 0, ""useful_reassignments"": 1, ""missed_mandatory"": 7, ""exclusion_violations"": 0, ""reserve_violations"": 0, ""duplicate_work"": 0, ""total_energy_j"": 7470.0, ""unresolved_conflicts"": 0, ""terms"": {""completed_mandatory"": 50.0, ""anomaly_resolved"": 0.0, ""useful_reassignment"": 12.0, ""missed_mandatory"": -105.0, ""exclusion_violation"": -0.0, ""reserve_violation"": -0.0, ""duplicate_work"": -0.0, ""energy"": -0.03735, ""unresolved_conflict"": -0.0}, ""utility"": -43.03735}",5,0,0,0,7
paper_ssp_200m_strong_v1|8|target_recovers_age300|stale_520|B4,paper_ssp_200m_strong_v1,8,target_recovers_age300,stale_520,B4,-55.02545,"{""freeze_id"": ""utility_v2_frozen_2026-09-28"", ""completed_mandatory"": 5, ""anomalies_resolved"": 0, ""useful_reassignments"": 0, ""missed_mandatory"": 7, ""exclusion_violations"": 0, ""reserve_violations"": 0, ""duplicate_work"": 0, ""total_energy_j"": 5090.0, ""unresolved_conflicts"": 0, ""terms"": {""completed_mandatory"": 50.0, ""anomaly_resolved"": 0.0, ""useful_reassignment"": 0.0, ""missed_mandatory"": -105.0, ""exclusion_violation"": -0.0, ""reserve_violation"": -0.0, ""duplicate_work"": -0.0, ""energy"": -0.02545, ""unresolved_conflict"": -0.0}, ""utility"": -55.02545}",5,0,0,0,7
paper_ssp_200m_strong_v1|8|target_recovers_age300|stale_520|B4-NoFreshness,paper_ssp_200m_strong_v1,8,target_recovers_age300,stale_520,B4-NoFreshness,-55.03735,"{""freeze_id"": ""utility_v2_frozen_2026-09-28"", ""completed_mandatory"": 5, ""anomalies_resolved"": 0, ""useful_reassignments"": 0, ""missed_mandatory"": 7, ""exclusion_violations"": 0, ""reserve_violations"": 0, ""duplicate_work"": 0, ""total_energy_j"": 7470.0, ""unresolved_conflicts"": 0, ""terms"": {""completed_mandatory"": 50.0, ""anomaly_resolved"": 0.0, ""useful_reassignment"": 0.0, ""missed_mandatory"": -105.0, ""exclusion_violation"": -0.0, ""reserve_violation"": -0.0, ""duplicate_work"": -0.0, ""energy"": -0.03735, ""unresolved_conflict"": -0.0}, ""utility"": -55.03735}",5,0,0,0,7
paper_ssp_200m_strong_v1|8|benign_static|hard_960|B4,paper_ssp_200m_strong_v1,8,benign_static,hard_960,B4,-55.02545,"{""freeze_id"": ""utility_v2_frozen_2026-09-28"", ""completed_mandatory"": 5, ""anomalies_resolved"": 0, ""useful_reassignments"": 0, ""missed_mandatory"": 7, ""exclusion_violations"": 0, ""reserve_violations"": 0, ""duplicate_work"": 0, ""total_energy_j"": 5090.0, ""unresolved_conflicts"": 0, ""terms"": {""completed_mandatory"": 50.0, ""anomaly_resolved"": 0.0, ""useful_reassignment"": 0.0, ""missed_mandatory"": -105.0, ""exclusion_violation"": -0.0, ""reserve_violation"": -0.0, ""duplicate_work"": -0.0, ""energy"": -0.02545, ""unresolved_conflict"": -0.0}, ""utility"": -55.02545}",5,0,0,0,7
paper_ssp_200m_strong_v1|8|benign_static|hard_960|B4-NoFreshness,paper_ssp_200m_strong_v1,8,benign_static,hard_960,B4-NoFreshness,-43.03735,"{""freeze_id"": ""utility_v2_frozen_2026-09-28"", ""completed_mandatory"": 5, ""anomalies_resolved"": 0, ""useful_reassignments"": 1, ""missed_mandatory"": 7, ""exclusion_violations"": 0, ""reserve_violations"": 0, ""duplicate_work"": 0, ""total_energy_j"": 7470.0, ""unresolved_conflicts"": 0, ""terms"": {""completed_mandatory"": 50.0, ""anomaly_resolved"": 0.0, ""useful_reassignment"": 12.0, ""missed_mandatory"": -105.0, ""exclusion_violation"": -0.0, ""reserve_violation"": -0.0, ""duplicate_work"": -0.0, ""energy"": -0.03735, ""unresolved_conflict"": -0.0}, ""utility"": -43.03735}",5,0,0,0,7
paper_ssp_200m_strong_v1|8|target_recovers_age300|hard_960|B4,paper_ssp_200m_strong_v1,8,target_recovers_age300,hard_960,B4,-55.02545,"{""freeze_id"": ""utility_v2_frozen_2026-09-28"", ""completed_mandatory"": 5, ""anomalies_resolved"": 0, ""useful_reassignments"": 0, ""missed_mandatory"": 7, ""exclusion_violations"": 0, ""reserve_violations"": 0, ""duplicate_work"": 0, ""total_energy_j"": 5090.0, ""unresolved_conflicts"": 0, ""terms"": {""completed_mandatory"": 50.0, ""anomaly_resolved"": 0.0, ""useful_reassignment"": 0.0, ""missed_mandatory"": -105.0, ""exclusion_violation"": -0.0, ""reserve_violation"": -0.0, ""duplicate_work"": -0.0, ""energy"": -0.02545, ""unresolved_conflict"": -0.0}, ""utility"": -55.02545}",5,0,0,0,7
paper_ssp_200m_strong_v1|8|target_recovers_age300|hard_960|B4-NoFreshness,paper_ssp_200m_strong_v1,8,target_recovers_age300,hard_960,B4-NoFreshness,-55.03735,"{""freeze_id"": ""utility_v2_frozen_2026-09-28"", ""completed_mandatory"": 5, ""anomalies_resolved"": 0, ""useful_reassignments"": 0, ""missed_mandatory"": 7, ""exclusion_violations"": 0, ""reserve_violations"": 0, ""duplicate_work"": 0, ""total_energy_j"": 7470.0, ""unresolved_conflicts"": 0, ""terms"": {""completed_mandatory"": 50.0, ""anomaly_resolved"": 0.0, ""useful_reassignment"": 0.0, ""missed_mandatory"": -105.0, ""exclusion_violation"": -0.0, ""reserve_violation"": -0.0, ""duplicate_work"": -0.0, ""energy"": -0.03735, ""unresolved_conflict"": -0.0}, ""utility"": -55.03735}",5,0,0,0,7
paper_ssp_200m_strong_v1|9|benign_static|fresh_120|B4,paper_ssp_200m_strong_v1,9,benign_static,fresh_120,B4,-43.03705,"{""freeze_id"": ""utility_v2_frozen_2026-09-28"", ""completed_mandatory"": 5, ""anomalies_resolved"": 0, ""useful_reassignments"": 1, ""missed_mandatory"": 7, ""exclusion_violations"": 0, ""reserve_violations"": 0, ""duplicate_work"": 0, ""total_energy_j"": 7410.0, ""unresolved_conflicts"": 0, ""terms"": {""completed_mandatory"": 50.0, ""anomaly_resolved"": 0.0, ""useful_reassignment"": 12.0, ""missed_mandatory"": -105.0, ""exclusion_violation"": -0.0, ""reserve_violation"": -0.0, ""duplicate_work"": -0.0, ""energy"": -0.03705, ""unresolved_conflict"": -0.0}, ""utility"": -43.03705}",5,0,0,0,7
paper_ssp_200m_strong_v1|9|benign_static|fresh_120|B4-NoFreshness,paper_ssp_200m_strong_v1,9,benign_static,fresh_120,B4-NoFreshness,-43.03765,"{""freeze_id"": ""utility_v2_frozen_2026-09-28"", ""completed_mandatory"": 5, ""anomalies_resolved"": 0, ""useful_reassignments"": 1, ""missed_mandatory"": 7, ""exclusion_violations"": 0, ""reserve_violations"": 0, ""duplicate_work"": 0, ""total_energy_j"": 7530.0, ""unresolved_conflicts"": 0, ""terms"": {""completed_mandatory"": 50.0, ""anomaly_resolved"": 0.0, ""useful_reassignment"": 12.0, ""missed_mandatory"": -105.0, ""exclusion_violation"": -0.0, ""reserve_violation"": -0.0, ""duplicate_work"": -0.0, ""energy"": -0.03765, ""unresolved_conflict"": -0.0}, ""utility"": -43.03765}",5,0,0,0,7
paper_ssp_200m_strong_v1|9|target_recovers_age300|fresh_120|B4,paper_ssp_200m_strong_v1,9,target_recovers_age300,fresh_120,B4,-43.03705,"{""freeze_id"": ""utility_v2_frozen_2026-09-28"", ""completed_mandatory"": 5, ""anomalies_resolved"": 0, ""useful_reassignments"": 1, ""missed_mandatory"": 7, ""exclusion_violations"": 0, ""reserve_violations"": 0, ""duplicate_work"": 0, ""total_energy_j"": 7410.0, ""unresolved_conflicts"": 0, ""terms"": {""completed_mandatory"": 50.0, ""anomaly_resolved"": 0.0, ""useful_reassignment"": 12.0, ""missed_mandatory"": -105.0, ""exclusion_violation"": -0.0, ""reserve_violation"": -0.0, ""duplicate_work"": -0.0, ""energy"": -0.03705, ""unresolved_conflict"": -0.0}, ""utility"": -43.03705}",5,0,0,0,7
paper_ssp_200m_strong_v1|9|target_recovers_age300|fresh_120|B4-NoFreshness,paper_ssp_200m_strong_v1,9,target_recovers_age300,fresh_120,B4-NoFreshness,-43.03765,"{""freeze_id"": ""utility_v2_frozen_2026-09-28"", ""completed_mandatory"": 5, ""anomalies_resolved"": 0, ""useful_reassignments"": 1, ""missed_mandatory"": 7, ""exclusion_violations"": 0, ""reserve_violations"": 0, ""duplicate_work"": 0, ""total_energy_j"": 7530.0, ""unresolved_conflicts"": 0, ""terms"": {""completed_mandatory"": 50.0, ""anomaly_resolved"": 0.0, ""useful_reassignment"": 12.0, ""missed_mandatory"": -105.0, ""exclusion_violation"": -0.0, ""reserve_violation"": -0.0, ""duplicate_work"": -0.0, ""energy"": -0.03765, ""unresolved_conflict"": -0.0}, ""utility"": -43.03765}",5,0,0,0,7
paper_ssp_200m_strong_v1|9|benign_static|aging_240|B4,paper_ssp_200m_strong_v1,9,benign_static,aging_240,B4,-55.03705,"{""freeze_id"": ""utility_v2_frozen_2026-09-28"", ""completed_mandatory"": 5, ""anomalies_resolved"": 0, ""useful_reassignments"": 0, ""missed_mandatory"": 7, ""exclusion_violations"": 0, ""reserve_violations"": 0, ""duplicate_work"": 0, ""total_energy_j"": 7410.0, ""unresolved_conflicts"": 0, ""terms"": {""completed_mandatory"": 50.0, ""anomaly_resolved"": 0.0, ""useful_reassignment"": 0.0, ""missed_mandatory"": -105.0, ""exclusion_violation"": -0.0, ""reserve_violation"": -0.0, ""duplicate_work"": -0.0, ""energy"": -0.03705, ""unresolved_conflict"": -0.0}, ""utility"": -55.03705}",5,0,0,0,7
paper_ssp_200m_strong_v1|9|benign_static|aging_240|B4-NoFreshness,paper_ssp_200m_strong_v1,9,benign_static,aging_240,B4-NoFreshness,-43.03765,"{""freeze_id"": ""utility_v2_frozen_2026-09-28"", ""completed_mandatory"": 5, ""anomalies_resolved"": 0, ""useful_reassignments"": 1, ""missed_mandatory"": 7, ""exclusion_violations"": 0, ""reserve_violations"": 0, ""duplicate_work"": 0, ""total_energy_j"": 7530.0, ""unresolved_conflicts"": 0, ""terms"": {""completed_mandatory"": 50.0, ""anomaly_resolved"": 0.0, ""useful_reassignment"": 12.0, ""missed_mandatory"": -105.0, ""exclusion_violation"": -0.0, ""reserve_violation"": -0.0, ""duplicate_work"": -0.0, ""energy"": -0.03765, ""unresolved_conflict"": -0.0}, ""utility"": -43.03765}",5,0,0,0,7
paper_ssp_200m_strong_v1|9|target_recovers_age300|aging_240|B4,paper_ssp_200m_strong_v1,9,target_recovers_age300,aging_240,B4,-55.03705,"{""freeze_id"": ""utility_v2_frozen_2026-09-28"", ""completed_mandatory"": 5, ""anomalies_resolved"": 0, ""useful_reassignments"": 0, ""missed_mandatory"": 7, ""exclusion_violations"": 0, ""reserve_violations"": 0, ""duplicate_work"": 0, ""total_energy_j"": 7410.0, ""unresolved_conflicts"": 0, ""terms"": {""completed_mandatory"": 50.0, ""anomaly_resolved"": 0.0, ""useful_reassignment"": 0.0, ""missed_mandatory"": -105.0, ""exclusion_violation"": -0.0, ""reserve_violation"": -0.0, ""duplicate_work"": -0.0, ""energy"": -0.03705, ""unresolved_conflict"": -0.0}, ""utility"": -55.03705}",5,0,0,0,7
paper_ssp_200m_strong_v1|9|target_recovers_age300|aging_240|B4-NoFreshness,paper_ssp_200m_strong_v1,9,target_recovers_age300,aging_240,B4-NoFreshness,-43.03765,"{""freeze_id"": ""utility_v2_frozen_2026-09-28"", ""completed_mandatory"": 5, ""anomalies_resolved"": 0, ""useful_reassignments"": 1, ""missed_mandatory"": 7, ""exclusion_violations"": 0, ""reserve_violations"": 0, ""duplicate_work"": 0, ""total_energy_j"": 7530.0, ""unresolved_conflicts"": 0, ""terms"": {""completed_mandatory"": 50.0, ""anomaly_resolved"": 0.0, ""useful_reassignment"": 12.0, ""missed_mandatory"": -105.0, ""exclusion_violation"": -0.0, ""reserve_violation"": -0.0, ""duplicate_work"": -0.0, ""energy"": -0.03765, ""unresolved_conflict"": -0.0}, ""utility"": -43.03765}",5,0,0,0,7
paper_ssp_200m_strong_v1|9|benign_static|stale_520|B4,paper_ssp_200m_strong_v1,9,benign_static,stale_520,B4,-55.03705,"{""freeze_id"": ""utility_v2_frozen_2026-09-28"", ""completed_mandatory"": 5, ""anomalies_resolved"": 0, ""useful_reassignments"": 0, ""missed_mandatory"": 7, ""exclusion_violations"": 0, ""reserve_violations"": 0, ""duplicate_work"": 0, ""total_energy_j"": 7410.0, ""unresolved_conflicts"": 0, ""terms"": {""completed_mandatory"": 50.0, ""anomaly_resolved"": 0.0, ""useful_reassignment"": 0.0, ""missed_mandatory"": -105.0, ""exclusion_violation"": -0.0, ""reserve_violation"": -0.0, ""duplicate_work"": -0.0, ""energy"": -0.03705, ""unresolved_conflict"": -0.0}, ""utility"": -55.03705}",5,0,0,0,7
paper_ssp_200m_strong_v1|9|benign_static|stale_520|B4-NoFreshness,paper_ssp_200m_strong_v1,9,benign_static,stale_520,B4-NoFreshness,-43.03765,"{""freeze_id"": ""utility_v2_frozen_2026-09-28"", ""completed_mandatory"": 5, ""anomalies_resolved"": 0, ""useful_reassignments"": 1, ""missed_mandatory"": 7, ""exclusion_violations"": 0, ""reserve_violations"": 0, ""duplicate_work"": 0, ""total_energy_j"": 7530.0, ""unresolved_conflicts"": 0, ""terms"": {""completed_mandatory"": 50.0, ""anomaly_resolved"": 0.0, ""useful_reassignment"": 12.0, ""missed_mandatory"": -105.0, ""exclusion_violation"": -0.0, ""reserve_violation"": -0.0, ""duplicate_work"": -0.0, ""energy"": -0.03765, ""unresolved_conflict"": -0.0}, ""utility"": -43.03765}",5,0,0,0,7
paper_ssp_200m_strong_v1|9|target_recovers_age300|stale_520|B4,paper_ssp_200m_strong_v1,9,target_recovers_age300,stale_520,B4,-55.03705,"{""freeze_id"": ""utility_v2_frozen_2026-09-28"", ""completed_mandatory"": 5, ""anomalies_resolved"": 0, ""useful_reassignments"": 0, ""missed_mandatory"": 7, ""exclusion_violations"": 0, ""reserve_violations"": 0, ""duplicate_work"": 0, ""total_energy_j"": 7410.0, ""unresolved_conflicts"": 0, ""terms"": {""completed_mandatory"": 50.0, ""anomaly_resolved"": 0.0, ""useful_reassignment"": 0.0, ""missed_mandatory"": -105.0, ""exclusion_violation"": -0.0, ""reserve_violation"": -0.0, ""duplicate_work"": -0.0, ""energy"": -0.03705, ""unresolved_conflict"": -0.0}, ""utility"": -55.03705}",5,0,0,0,7
paper_ssp_200m_strong_v1|9|target_recovers_age300|stale_520|B4-NoFreshness,paper_ssp_200m_strong_v1,9,target_recovers_age300,stale_520,B4-NoFreshness,-55.03765,"{""freeze_id"": ""utility_v2_frozen_2026-09-28"", ""completed_mandatory"": 5, ""anomalies_resolved"": 0, ""useful_reassignments"": 0, ""missed_mandatory"": 7, ""exclusion_violations"": 0, ""reserve_violations"": 0, ""duplicate_work"": 0, ""total_energy_j"": 7530.0, ""unresolved_conflicts"": 0, ""terms"": {""completed_mandatory"": 50.0, ""anomaly_resolved"": 0.0, ""useful_reassignment"": 0.0, ""missed_mandatory"": -105.0, ""exclusion_violation"": -0.0, ""reserve_violation"": -0.0, ""duplicate_work"": -0.0, ""energy"": -0.03765, ""unresolved_conflict"": -0.0}, ""utility"": -55.03765}",5,0,0,0,7
paper_ssp_200m_strong_v1|9|benign_static|hard_960|B4,paper_ssp_200m_strong_v1,9,benign_static,hard_960,B4,-55.03705,"{""freeze_id"": ""utility_v2_frozen_2026-09-28"", ""completed_mandatory"": 5, ""anomalies_resolved"": 0, ""useful_reassignments"": 0, ""missed_mandatory"": 7, ""exclusion_violations"": 0, ""reserve_violations"": 0, ""duplicate_work"": 0, ""total_energy_j"": 7410.0, ""unresolved_conflicts"": 0, ""terms"": {""completed_mandatory"": 50.0, ""anomaly_resolved"": 0.0, ""useful_reassignment"": 0.0, ""missed_mandatory"": -105.0, ""exclusion_violation"": -0.0, ""reserve_violation"": -0.0, ""duplicate_work"": -0.0, ""energy"": -0.03705, ""unresolved_conflict"": -0.0}, ""utility"": -55.03705}",5,0,0,0,7
paper_ssp_200m_strong_v1|9|benign_static|hard_960|B4-NoFreshness,paper_ssp_200m_strong_v1,9,benign_static,hard_960,B4-NoFreshness,-43.03765,"{""freeze_id"": ""utility_v2_frozen_2026-09-28"", ""completed_mandatory"": 5, ""anomalies_resolved"": 0, ""useful_reassignments"": 1, ""missed_mandatory"": 7, ""exclusion_violations"": 0, ""reserve_violations"": 0, ""duplicate_work"": 0, ""total_energy_j"": 7530.0, ""unresolved_conflicts"": 0, ""terms"": {""completed_mandatory"": 50.0, ""anomaly_resolved"": 0.0, ""useful_reassignment"": 12.0, ""missed_mandatory"": -105.0, ""exclusion_violation"": -0.0, ""reserve_violation"": -0.0, ""duplicate_work"": -0.0, ""energy"": -0.03765, ""unresolved_conflict"": -0.0}, ""utility"": -43.03765}",5,0,0,0,7
paper_ssp_200m_strong_v1|9|target_recovers_age300|hard_960|B4,paper_ssp_200m_strong_v1,9,target_recovers_age300,hard_960,B4,-55.03705,"{""freeze_id"": ""utility_v2_frozen_2026-09-28"", ""completed_mandatory"": 5, ""anomalies_resolved"": 0, ""useful_reassignments"": 0, ""missed_mandatory"": 7, ""exclusion_violations"": 0, ""reserve_violations"": 0, ""duplicate_work"": 0, ""total_energy_j"": 7410.0, ""unresolved_conflicts"": 0, ""terms"": {""completed_mandatory"": 50.0, ""anomaly_resolved"": 0.0, ""useful_reassignment"": 0.0, ""missed_mandatory"": -105.0, ""exclusion_violation"": -0.0, ""reserve_violation"": -0.0, ""duplicate_work"": -0.0, ""energy"": -0.03705, ""unresolved_conflict"": -0.0}, ""utility"": -55.03705}",5,0,0,0,7
paper_ssp_200m_strong_v1|9|target_recovers_age300|hard_960|B4-NoFreshness,paper_ssp_200m_strong_v1,9,target_recovers_age300,hard_960,B4-NoFreshness,-55.03765,"{""freeze_id"": ""utility_v2_frozen_2026-09-28"", ""completed_mandatory"": 5, ""anomalies_resolved"": 0, ""useful_reassignments"": 0, ""missed_mandatory"": 7, ""exclusion_violations"": 0, ""reserve_violations"": 0, ""duplicate_work"": 0, ""total_energy_j"": 7530.0, ""unresolved_conflicts"": 0, ""terms"": {""completed_mandatory"": 50.0, ""anomaly_resolved"": 0.0, ""useful_reassignment"": 0.0, ""missed_mandatory"": -105.0, ""exclusion_violation"": -0.0, ""reserve_violation"": -0.0, ""duplicate_work"": -0.0, ""energy"": -0.03765, ""unresolved_conflict"": -0.0}, ""utility"": -55.03765}",5,0,0,0,7
