git_commit,config_hash,policy_version,utility_freeze_id,safe_useful_retention_freeze_id,environment_id,seed,outage,outage_duration_s,baseline,trace_id,mission_utility,hard_safety_violation_rate,violation_per_executed_consequential,hard_safety_violation_count,safe_useful_retention,useful_consequential_retention,semantic_conflicts_per_mission,conflict_by_kind,governance_tx_bytes,mission_tx_bytes,total_tx_bytes,gco,auv_reauth_fraction,auv_timeout_fraction,auv_reauth_latency_s,recon_status,recon_latency_s
85424607cd80fc940be0d3f9bf743dcc9e509f91,87e52d5635f3c2b2,paper_risk_bounded_v1_2026-09-28,utility_v2_frozen_2026-09-28,safe_useful_retention_v1_2026-09-28,paper_ssp_200m_v1,0,0,0.0,B1,tr_54fb653caded_gpu,47.9171,0.9857142857142858,0.9857142857142858,69,1.0,1.0,1,"{""conflicting_task_ownership"": 0, ""duplicate_execution"": 0, ""contradictory_reassignment"": 0, ""incompatible_mission_state"": 1, ""inconsistent_anomaly_state"": 0}",74240,22720,96960,0.7656765676567657,,,{},idle,0.0
85424607cd80fc940be0d3f9bf743dcc9e509f91,87e52d5635f3c2b2,paper_risk_bounded_v1_2026-09-28,utility_v2_frozen_2026-09-28,safe_useful_retention_v1_2026-09-28,paper_ssp_200m_v1,0,0,0.0,B2,tr_54fb653caded_gpu,47.9171,0.9857142857142858,0.9857142857142858,69,1.0,1.0,1,"{""conflicting_task_ownership"": 0, ""duplicate_execution"": 0, ""contradictory_reassignment"": 0, ""incompatible_mission_state"": 1, ""inconsistent_anomaly_state"": 0}",74240,22720,96960,0.7656765676567657,,,{},idle,0.0
85424607cd80fc940be0d3f9bf743dcc9e509f91,87e52d5635f3c2b2,paper_risk_bounded_v1_2026-09-28,utility_v2_frozen_2026-09-28,safe_useful_retention_v1_2026-09-28,paper_ssp_200m_v1,0,0,0.0,B3,tr_54fb653caded_gpu,-30.0462,0.0,0.0,0,0.0,0.0,0,"{""conflicting_task_ownership"": 0, ""duplicate_execution"": 0, ""contradictory_reassignment"": 0, ""incompatible_mission_state"": 0, ""inconsistent_anomaly_state"": 0}",74240,33600,107840,0.6884272997032641,,,{},idle,0.0
85424607cd80fc940be0d3f9bf743dcc9e509f91,87e52d5635f3c2b2,paper_risk_bounded_v1_2026-09-28,utility_v2_frozen_2026-09-28,safe_useful_retention_v1_2026-09-28,paper_ssp_200m_v1,0,0,0.0,B4,tr_54fb653caded_gpu,-18.0462,0.0,0.0,0,1.0,0.0035714285714285713,0,"{""conflicting_task_ownership"": 0, ""duplicate_execution"": 0, ""contradictory_reassignment"": 0, ""incompatible_mission_state"": 0, ""inconsistent_anomaly_state"": 0}",74240,33600,107840,0.6884272997032641,,,{},idle,0.0
85424607cd80fc940be0d3f9bf743dcc9e509f91,87e52d5635f3c2b2,paper_risk_bounded_v1_2026-09-28,utility_v2_frozen_2026-09-28,safe_useful_retention_v1_2026-09-28,paper_ssp_200m_v1,0,0,0.0,B5_conservative,tr_54fb653caded_gpu,-30.0462,0.0,0.0,0,0.0,0.0,0,"{""conflicting_task_ownership"": 0, ""duplicate_execution"": 0, ""contradictory_reassignment"": 0, ""incompatible_mission_state"": 0, ""inconsistent_anomaly_state"": 0}",74240,33600,107840,0.6884272997032641,,,{},idle,0.0
85424607cd80fc940be0d3f9bf743dcc9e509f91,87e52d5635f3c2b2,paper_risk_bounded_v1_2026-09-28,utility_v2_frozen_2026-09-28,safe_useful_retention_v1_2026-09-28,paper_ssp_200m_v1,0,0,0.0,B5_nominal,tr_54fb653caded_gpu,47.9171,0.9857142857142858,0.9857142857142858,69,1.0,1.0,1,"{""conflicting_task_ownership"": 0, ""duplicate_execution"": 0, ""contradictory_reassignment"": 0, ""incompatible_mission_state"": 1, ""inconsistent_anomaly_state"": 0}",74240,22720,96960,0.7656765676567657,,,{},idle,0.0
85424607cd80fc940be0d3f9bf743dcc9e509f91,87e52d5635f3c2b2,paper_risk_bounded_v1_2026-09-28,utility_v2_frozen_2026-09-28,safe_useful_retention_v1_2026-09-28,paper_ssp_200m_v1,0,0,0.0,B5_permissive,tr_54fb653caded_gpu,47.9171,0.9857142857142858,0.9857142857142858,69,1.0,1.0,1,"{""conflicting_task_ownership"": 0, ""duplicate_execution"": 0, ""contradictory_reassignment"": 0, ""incompatible_mission_state"": 1, ""inconsistent_anomaly_state"": 0}",74240,22720,96960,0.7656765676567657,,,{},idle,0.0
85424607cd80fc940be0d3f9bf743dcc9e509f91,317ca77942426b24,paper_risk_bounded_v1_2026-09-28,utility_v2_frozen_2026-09-28,safe_useful_retention_v1_2026-09-28,paper_ssp_200m_v1,0,150,150.0,B1,tr_54fb653caded_gpu,47.9177,0.868421052631579,0.9850746268656716,66,1.0,1.0,1,"{""conflicting_task_ownership"": 0, ""duplicate_execution"": 0, ""contradictory_reassignment"": 0, ""incompatible_mission_state"": 1, ""inconsistent_anomaly_state"": 0}",79488,26560,106048,0.7495473747736874,0.25,0.75,"{""auv_00"": 20.0, ""auv_01"": 40.0, ""auv_08"": 60.0}",partial,60.0
85424607cd80fc940be0d3f9bf743dcc9e509f91,317ca77942426b24,paper_risk_bounded_v1_2026-09-28,utility_v2_frozen_2026-09-28,safe_useful_retention_v1_2026-09-28,paper_ssp_200m_v1,0,150,150.0,B2,tr_54fb653caded_gpu,41.923,0.9210526315789473,0.9210526315789473,70,1.0,1.0,2,"{""conflicting_task_ownership"": 0, ""duplicate_execution"": 0, ""contradictory_reassignment"": 1, ""incompatible_mission_state"": 1, ""inconsistent_anomaly_state"": 0}",79488,26560,106048,0.7495473747736874,0.25,0.75,"{""auv_00"": 20.0, ""auv_01"": 40.0, ""auv_08"": 60.0}",partial,60.0
85424607cd80fc940be0d3f9bf743dcc9e509f91,317ca77942426b24,paper_risk_bounded_v1_2026-09-28,utility_v2_frozen_2026-09-28,safe_useful_retention_v1_2026-09-28,paper_ssp_200m_v1,0,150,150.0,B3,tr_54fb653caded_gpu,-30.046,0.0,0.0,0,0.0,0.0,0,"{""conflicting_task_ownership"": 0, ""duplicate_execution"": 0, ""contradictory_reassignment"": 0, ""incompatible_mission_state"": 0, ""inconsistent_anomaly_state"": 0}",79488,37440,116928,0.6798029556650246,0.25,0.75,"{""auv_00"": 20.0, ""auv_01"": 40.0, ""auv_08"": 60.0}",partial,60.0
85424607cd80fc940be0d3f9bf743dcc9e509f91,317ca77942426b24,paper_risk_bounded_v1_2026-09-28,utility_v2_frozen_2026-09-28,safe_useful_retention_v1_2026-09-28,paper_ssp_200m_v1,0,150,150.0,B4,tr_54fb653caded_gpu,0.95355,0.0,0.0,0,0.8,0.014234875444839857,1,"{""conflicting_task_ownership"": 0, ""duplicate_execution"": 0, ""contradictory_reassignment"": 1, ""incompatible_mission_state"": 0, ""inconsistent_anomaly_state"": 0}",79488,37440,116928,0.6798029556650246,0.25,0.75,"{""auv_00"": 20.0, ""auv_01"": 40.0, ""auv_08"": 60.0}",partial,60.0
85424607cd80fc940be0d3f9bf743dcc9e509f91,317ca77942426b24,paper_risk_bounded_v1_2026-09-28,utility_v2_frozen_2026-09-28,safe_useful_retention_v1_2026-09-28,paper_ssp_200m_v1,0,150,150.0,B5_conservative,tr_54fb653caded_gpu,-30.046,0.0,0.0,0,0.0,0.0,0,"{""conflicting_task_ownership"": 0, ""duplicate_execution"": 0, ""contradictory_reassignment"": 0, ""incompatible_mission_state"": 0, ""inconsistent_anomaly_state"": 0}",79488,37440,116928,0.6798029556650246,0.25,0.75,"{""auv_00"": 20.0, ""auv_01"": 40.0, ""auv_08"": 60.0}",partial,60.0
85424607cd80fc940be0d3f9bf743dcc9e509f91,317ca77942426b24,paper_risk_bounded_v1_2026-09-28,utility_v2_frozen_2026-09-28,safe_useful_retention_v1_2026-09-28,paper_ssp_200m_v1,0,150,150.0,B5_nominal,tr_54fb653caded_gpu,41.923,0.9210526315789473,0.9210526315789473,70,1.0,1.0,2,"{""conflicting_task_ownership"": 0, ""duplicate_execution"": 0, ""contradictory_reassignment"": 1, ""incompatible_mission_state"": 1, ""inconsistent_anomaly_state"": 0}",79488,26560,106048,0.7495473747736874,0.25,0.75,"{""auv_00"": 20.0, ""auv_01"": 40.0, ""auv_08"": 60.0}",partial,60.0
85424607cd80fc940be0d3f9bf743dcc9e509f91,317ca77942426b24,paper_risk_bounded_v1_2026-09-28,utility_v2_frozen_2026-09-28,safe_useful_retention_v1_2026-09-28,paper_ssp_200m_v1,0,150,150.0,B5_permissive,tr_54fb653caded_gpu,41.923,0.9210526315789473,0.9210526315789473,70,1.0,1.0,2,"{""conflicting_task_ownership"": 0, ""duplicate_execution"": 0, ""contradictory_reassignment"": 1, ""incompatible_mission_state"": 1, ""inconsistent_anomaly_state"": 0}",79488,26560,106048,0.7495473747736874,0.25,0.75,"{""auv_00"": 20.0, ""auv_01"": 40.0, ""auv_08"": 60.0}",partial,60.0
85424607cd80fc940be0d3f9bf743dcc9e509f91,fc84c5ab50f04abc,paper_risk_bounded_v1_2026-09-28,utility_v2_frozen_2026-09-28,safe_useful_retention_v1_2026-09-28,paper_ssp_200m_v1,0,300,300.0,B1,tr_54fb653caded_gpu,47.9183,0.8170731707317073,0.9852941176470589,67,1.0,1.0,1,"{""conflicting_task_ownership"": 0, ""duplicate_execution"": 0, ""contradictory_reassignment"": 0, ""incompatible_mission_state"": 1, ""inconsistent_anomaly_state"": 0}",79616,29920,109536,0.7268477943324569,0.4166666666666667,0.5833333333333334,"{""auv_01"": 20.0, ""auv_00"": 20.0, ""auv_08"": 20.0, ""auv_04"": 40.0, ""auv_02"": 40.0}",partial,40.0
85424607cd80fc940be0d3f9bf743dcc9e509f91,fc84c5ab50f04abc,paper_risk_bounded_v1_2026-09-28,utility_v2_frozen_2026-09-28,safe_useful_retention_v1_2026-09-28,paper_ssp_200m_v1,0,300,300.0,B2,tr_54fb653caded_gpu,-14.0806,0.925,0.925,74,1.0,1.0,6,"{""conflicting_task_ownership"": 0, ""duplicate_execution"": 0, ""contradictory_reassignment"": 1, ""incompatible_mission_state"": 1, ""inconsistent_anomaly_state"": 4}",79616,29920,109536,0.7268477943324569,0.4166666666666667,0.5833333333333334,"{""auv_01"": 20.0, ""auv_08"": 20.0, ""auv_00"": 20.0, ""auv_04"": 40.0, ""auv_02"": 40.0}",partial,40.0
85424607cd80fc940be0d3f9bf743dcc9e509f91,fc84c5ab50f04abc,paper_risk_bounded_v1_2026-09-28,utility_v2_frozen_2026-09-28,safe_useful_retention_v1_2026-09-28,paper_ssp_200m_v1,0,300,300.0,B3,tr_54fb653caded_gpu,-30.0458,0.0,0.0,0,0.0,0.0,0,"{""conflicting_task_ownership"": 0, ""duplicate_execution"": 0, ""contradictory_reassignment"": 0, ""incompatible_mission_state"": 0, ""inconsistent_anomaly_state"": 0}",79616,40800,120416,0.6611745947382408,0.4166666666666667,0.5833333333333334,"{""auv_08"": 20.0, ""auv_01"": 20.0, ""auv_00"": 20.0, ""auv_02"": 40.0, ""auv_04"": 40.0}",partial,40.0
85424607cd80fc940be0d3f9bf743dcc9e509f91,fc84c5ab50f04abc,paper_risk_bounded_v1_2026-09-28,utility_v2_frozen_2026-09-28,safe_useful_retention_v1_2026-09-28,paper_ssp_200m_v1,0,300,300.0,B4,tr_54fb653caded_gpu,0.95375,0.0,0.0,0,0.8,0.014184397163120567,1,"{""conflicting_task_ownership"": 0, ""duplicate_execution"": 0, ""contradictory_reassignment"": 1, ""incompatible_mission_state"": 0, ""inconsistent_anomaly_state"": 0}",79616,40800,120416,0.6611745947382408,0.4166666666666667,0.5833333333333334,"{""auv_00"": 20.0, ""auv_01"": 20.0, ""auv_08"": 20.0, ""auv_02"": 40.0, ""auv_04"": 40.0}",partial,40.0
85424607cd80fc940be0d3f9bf743dcc9e509f91,fc84c5ab50f04abc,paper_risk_bounded_v1_2026-09-28,utility_v2_frozen_2026-09-28,safe_useful_retention_v1_2026-09-28,paper_ssp_200m_v1,0,300,300.0,B5_conservative,tr_54fb653caded_gpu,-30.0458,0.0,0.0,0,0.0,0.0,0,"{""conflicting_task_ownership"": 0, ""duplicate_execution"": 0, ""contradictory_reassignment"": 0, ""incompatible_mission_state"": 0, ""inconsistent_anomaly_state"": 0}",79616,40800,120416,0.6611745947382408,0.4166666666666667,0.5833333333333334,"{""auv_01"": 20.0, ""auv_08"": 20.0, ""auv_00"": 20.0, ""auv_04"": 40.0, ""auv_02"": 40.0}",partial,40.0
85424607cd80fc940be0d3f9bf743dcc9e509f91,fc84c5ab50f04abc,paper_risk_bounded_v1_2026-09-28,utility_v2_frozen_2026-09-28,safe_useful_retention_v1_2026-09-28,paper_ssp_200m_v1,0,300,300.0,B5_nominal,tr_54fb653caded_gpu,-14.0806,0.925,0.925,74,1.0,1.0,6,"{""conflicting_task_ownership"": 0, ""duplicate_execution"": 0, ""contradictory_reassignment"": 1, ""incompatible_mission_state"": 1, ""inconsistent_anomaly_state"": 4}",79616,29920,109536,0.7268477943324569,0.4166666666666667,0.5833333333333334,"{""auv_08"": 20.0, ""auv_00"": 20.0, ""auv_01"": 20.0, ""auv_02"": 40.0, ""auv_04"": 40.0}",partial,40.0
85424607cd80fc940be0d3f9bf743dcc9e509f91,fc84c5ab50f04abc,paper_risk_bounded_v1_2026-09-28,utility_v2_frozen_2026-09-28,safe_useful_retention_v1_2026-09-28,paper_ssp_200m_v1,0,300,300.0,B5_permissive,tr_54fb653caded_gpu,-14.0806,0.925,0.925,74,1.0,1.0,6,"{""conflicting_task_ownership"": 0, ""duplicate_execution"": 0, ""contradictory_reassignment"": 1, ""incompatible_mission_state"": 1, ""inconsistent_anomaly_state"": 4}",79616,29920,109536,0.7268477943324569,0.4166666666666667,0.5833333333333334,"{""auv_01"": 20.0, ""auv_00"": 20.0, ""auv_08"": 20.0, ""auv_04"": 40.0, ""auv_02"": 40.0}",partial,40.0
85424607cd80fc940be0d3f9bf743dcc9e509f91,0a6295e65967f8c8,paper_risk_bounded_v1_2026-09-28,utility_v2_frozen_2026-09-28,safe_useful_retention_v1_2026-09-28,paper_ssp_200m_v1,0,500,500.0,B1,tr_54fb653caded_gpu,47.9189,0.75,0.9850746268656716,66,1.0,1.0,1,"{""conflicting_task_ownership"": 0, ""duplicate_execution"": 0, ""contradictory_reassignment"": 0, ""incompatible_mission_state"": 1, ""inconsistent_anomaly_state"": 0}",70528,34720,105248,0.6701124961994527,0.3333333333333333,0.6666666666666666,"{""auv_03"": 20.0, ""auv_06"": 40.0, ""auv_00"": 40.0, ""auv_01"": 40.0}",partial,40.0
85424607cd80fc940be0d3f9bf743dcc9e509f91,0a6295e65967f8c8,paper_risk_bounded_v1_2026-09-28,utility_v2_frozen_2026-09-28,safe_useful_retention_v1_2026-09-28,paper_ssp_200m_v1,0,500,500.0,B2,tr_54fb653caded_gpu,-77.08455,0.9294117647058824,0.9294117647058824,79,1.0,1.0,9,"{""conflicting_task_ownership"": 0, ""duplicate_execution"": 0, ""contradictory_reassignment"": 1, ""incompatible_mission_state"": 4, ""inconsistent_anomaly_state"": 4}",70528,34720,105248,0.6701124961994527,0.3333333333333333,0.6666666666666666,"{""auv_03"": 20.0, ""auv_01"": 40.0, ""auv_00"": 40.0, ""auv_06"": 40.0}",partial,40.0
85424607cd80fc940be0d3f9bf743dcc9e509f91,0a6295e65967f8c8,paper_risk_bounded_v1_2026-09-28,utility_v2_frozen_2026-09-28,safe_useful_retention_v1_2026-09-28,paper_ssp_200m_v1,0,500,500.0,B3,tr_54fb653caded_gpu,-30.0456,0.0,0.0,0,0.0,0.0,0,"{""conflicting_task_ownership"": 0, ""duplicate_execution"": 0, ""contradictory_reassignment"": 0, ""incompatible_mission_state"": 0, ""inconsistent_anomaly_state"": 0}",70528,45600,116128,0.6073298429319371,0.3333333333333333,0.6666666666666666,"{""auv_03"": 20.0, ""auv_06"": 40.0, ""auv_01"": 40.0, ""auv_00"": 40.0}",partial,40.0
85424607cd80fc940be0d3f9bf743dcc9e509f91,0a6295e65967f8c8,paper_risk_bounded_v1_2026-09-28,utility_v2_frozen_2026-09-28,safe_useful_retention_v1_2026-09-28,paper_ssp_200m_v1,0,500,500.0,B4,tr_54fb653caded_gpu,0.95395,0.0,0.0,0,0.8,0.014336917562724014,1,"{""conflicting_task_ownership"": 0, ""duplicate_execution"": 0, ""contradictory_reassignment"": 1, ""incompatible_mission_state"": 0, ""inconsistent_anomaly_state"": 0}",70528,45600,116128,0.6073298429319371,0.3333333333333333,0.6666666666666666,"{""auv_03"": 20.0, ""auv_06"": 40.0, ""auv_00"": 40.0, ""auv_01"": 40.0}",partial,40.0
85424607cd80fc940be0d3f9bf743dcc9e509f91,0a6295e65967f8c8,paper_risk_bounded_v1_2026-09-28,utility_v2_frozen_2026-09-28,safe_useful_retention_v1_2026-09-28,paper_ssp_200m_v1,0,500,500.0,B5_conservative,tr_54fb653caded_gpu,-30.0456,0.0,0.0,0,0.0,0.0,0,"{""conflicting_task_ownership"": 0, ""duplicate_execution"": 0, ""contradictory_reassignment"": 0, ""incompatible_mission_state"": 0, ""inconsistent_anomaly_state"": 0}",70528,45600,116128,0.6073298429319371,0.3333333333333333,0.6666666666666666,"{""auv_03"": 20.0, ""auv_01"": 40.0, ""auv_00"": 40.0, ""auv_06"": 40.0}",partial,40.0
85424607cd80fc940be0d3f9bf743dcc9e509f91,0a6295e65967f8c8,paper_risk_bounded_v1_2026-09-28,utility_v2_frozen_2026-09-28,safe_useful_retention_v1_2026-09-28,paper_ssp_200m_v1,0,500,500.0,B5_nominal,tr_54fb653caded_gpu,-77.08455,0.9294117647058824,0.9294117647058824,79,1.0,1.0,9,"{""conflicting_task_ownership"": 0, ""duplicate_execution"": 0, ""contradictory_reassignment"": 1, ""incompatible_mission_state"": 4, ""inconsistent_anomaly_state"": 4}",70528,34720,105248,0.6701124961994527,0.3333333333333333,0.6666666666666666,"{""auv_03"": 20.0, ""auv_06"": 40.0, ""auv_01"": 40.0, ""auv_00"": 40.0}",partial,40.0
85424607cd80fc940be0d3f9bf743dcc9e509f91,0a6295e65967f8c8,paper_risk_bounded_v1_2026-09-28,utility_v2_frozen_2026-09-28,safe_useful_retention_v1_2026-09-28,paper_ssp_200m_v1,0,500,500.0,B5_permissive,tr_54fb653caded_gpu,-77.08455,0.9294117647058824,0.9294117647058824,79,1.0,1.0,9,"{""conflicting_task_ownership"": 0, ""duplicate_execution"": 0, ""contradictory_reassignment"": 1, ""incompatible_mission_state"": 4, ""inconsistent_anomaly_state"": 4}",70528,34720,105248,0.6701124961994527,0.3333333333333333,0.6666666666666666,"{""auv_03"": 20.0, ""auv_01"": 40.0, ""auv_00"": 40.0, ""auv_06"": 40.0}",partial,40.0
85424607cd80fc940be0d3f9bf743dcc9e509f91,54f1d1ac5fed9c2c,paper_risk_bounded_v1_2026-09-28,utility_v2_frozen_2026-09-28,safe_useful_retention_v1_2026-09-28,paper_ssp_200m_v1,0,750,750.0,B1,tr_54fb653caded_gpu,47.9192,0.7252747252747253,0.9850746268656716,66,1.0,1.0,1,"{""conflicting_task_ownership"": 0, ""duplicate_execution"": 0, ""contradictory_reassignment"": 0, ""incompatible_mission_state"": 1, ""inconsistent_anomaly_state"": 0}",62976,40960,103936,0.6059113300492611,0.5,0.5,"{""auv_11"": 20.0, ""auv_00"": 20.0, ""auv_02"": 20.0, ""auv_01"": 40.0, ""auv_03"": 40.0, ""auv_08"": 60.0}",partial,60.0
85424607cd80fc940be0d3f9bf743dcc9e509f91,54f1d1ac5fed9c2c,paper_risk_bounded_v1_2026-09-28,utility_v2_frozen_2026-09-28,safe_useful_retention_v1_2026-09-28,paper_ssp_200m_v1,0,750,750.0,B2,tr_54fb653caded_gpu,-77.08455,0.9294117647058824,0.9294117647058824,79,1.0,1.0,9,"{""conflicting_task_ownership"": 0, ""duplicate_execution"": 0, ""contradictory_reassignment"": 1, ""incompatible_mission_state"": 4, ""inconsistent_anomaly_state"": 4}",62976,40960,103936,0.6059113300492611,0.5,0.5,"{""auv_02"": 20.0, ""auv_11"": 20.0, ""auv_00"": 20.0, ""auv_03"": 40.0, ""auv_01"": 40.0, ""auv_08"": 60.0}",partial,60.0
85424607cd80fc940be0d3f9bf743dcc9e509f91,54f1d1ac5fed9c2c,paper_risk_bounded_v1_2026-09-28,utility_v2_frozen_2026-09-28,safe_useful_retention_v1_2026-09-28,paper_ssp_200m_v1,0,750,750.0,B3,tr_54fb653caded_gpu,-30.0453,0.0,0.0,0,0.0,0.0,0,"{""conflicting_task_ownership"": 0, ""duplicate_execution"": 0, ""contradictory_reassignment"": 0, ""incompatible_mission_state"": 0, ""inconsistent_anomaly_state"": 0}",62976,51840,114816,0.5484949832775919,0.5,0.5,"{""auv_00"": 20.0, ""auv_11"": 20.0, ""auv_02"": 20.0, ""auv_01"": 40.0, ""auv_03"": 40.0, ""auv_08"": 60.0}",partial,60.0
85424607cd80fc940be0d3f9bf743dcc9e509f91,54f1d1ac5fed9c2c,paper_risk_bounded_v1_2026-09-28,utility_v2_frozen_2026-09-28,safe_useful_retention_v1_2026-09-28,paper_ssp_200m_v1,0,750,750.0,B4,tr_54fb653caded_gpu,0.95425,0.0,0.0,0,0.8,0.014336917562724014,1,"{""conflicting_task_ownership"": 0, ""duplicate_execution"": 0, ""contradictory_reassignment"": 1, ""incompatible_mission_state"": 0, ""inconsistent_anomaly_state"": 0}",62976,51840,114816,0.5484949832775919,0.5,0.5,"{""auv_02"": 20.0, ""auv_00"": 20.0, ""auv_11"": 20.0, ""auv_03"": 40.0, ""auv_01"": 40.0, ""auv_08"": 60.0}",partial,60.0
85424607cd80fc940be0d3f9bf743dcc9e509f91,54f1d1ac5fed9c2c,paper_risk_bounded_v1_2026-09-28,utility_v2_frozen_2026-09-28,safe_useful_retention_v1_2026-09-28,paper_ssp_200m_v1,0,750,750.0,B5_conservative,tr_54fb653caded_gpu,-30.0453,0.0,0.0,0,0.0,0.0,0,"{""conflicting_task_ownership"": 0, ""duplicate_execution"": 0, ""contradictory_reassignment"": 0, ""incompatible_mission_state"": 0, ""inconsistent_anomaly_state"": 0}",62976,51840,114816,0.5484949832775919,0.5,0.5,"{""auv_00"": 20.0, ""auv_11"": 20.0, ""auv_02"": 20.0, ""auv_01"": 40.0, ""auv_03"": 40.0, ""auv_08"": 60.0}",partial,60.0
85424607cd80fc940be0d3f9bf743dcc9e509f91,54f1d1ac5fed9c2c,paper_risk_bounded_v1_2026-09-28,utility_v2_frozen_2026-09-28,safe_useful_retention_v1_2026-09-28,paper_ssp_200m_v1,0,750,750.0,B5_nominal,tr_54fb653caded_gpu,-77.08455,0.9294117647058824,0.9294117647058824,79,1.0,1.0,9,"{""conflicting_task_ownership"": 0, ""duplicate_execution"": 0, ""contradictory_reassignment"": 1, ""incompatible_mission_state"": 4, ""inconsistent_anomaly_state"": 4}",62976,40960,103936,0.6059113300492611,0.5,0.5,"{""auv_11"": 20.0, ""auv_00"": 20.0, ""auv_02"": 20.0, ""auv_01"": 40.0, ""auv_03"": 40.0, ""auv_08"": 60.0}",partial,60.0
85424607cd80fc940be0d3f9bf743dcc9e509f91,54f1d1ac5fed9c2c,paper_risk_bounded_v1_2026-09-28,utility_v2_frozen_2026-09-28,safe_useful_retention_v1_2026-09-28,paper_ssp_200m_v1,0,750,750.0,B5_permissive,tr_54fb653caded_gpu,-77.08455,0.9294117647058824,0.9294117647058824,79,1.0,1.0,9,"{""conflicting_task_ownership"": 0, ""duplicate_execution"": 0, ""contradictory_reassignment"": 1, ""incompatible_mission_state"": 4, ""inconsistent_anomaly_state"": 4}",62976,40960,103936,0.6059113300492611,0.5,0.5,"{""auv_02"": 20.0, ""auv_11"": 20.0, ""auv_00"": 20.0, ""auv_03"": 40.0, ""auv_01"": 40.0, ""auv_08"": 60.0}",partial,60.0
85424607cd80fc940be0d3f9bf743dcc9e509f91,3d45721e96770a2e,paper_risk_bounded_v1_2026-09-28,utility_v2_frozen_2026-09-28,safe_useful_retention_v1_2026-09-28,paper_ssp_200m_v1,0,1000,1000.0,B1,tr_54fb653caded_gpu,47.9229,0.6666666666666666,0.9850746268656716,66,1.0,1.0,1,"{""conflicting_task_ownership"": 0, ""duplicate_execution"": 0, ""contradictory_reassignment"": 0, ""incompatible_mission_state"": 1, ""inconsistent_anomaly_state"": 0}",55168,46720,101888,0.5414572864321608,0.4166666666666667,0.5833333333333334,"{""auv_01"": 20.0, ""auv_02"": 40.0, ""auv_00"": 40.0, ""auv_10"": 60.0, ""auv_08"": 60.0}",partial,60.0
85424607cd80fc940be0d3f9bf743dcc9e509f91,3d45721e96770a2e,paper_risk_bounded_v1_2026-09-28,utility_v2_frozen_2026-09-28,safe_useful_retention_v1_2026-09-28,paper_ssp_200m_v1,0,1000,1000.0,B2,tr_54fb653caded_gpu,-117.08815,0.9325842696629213,0.9325842696629213,83,1.0,1.0,9,"{""conflicting_task_ownership"": 0, ""duplicate_execution"": 0, ""contradictory_reassignment"": 1, ""incompatible_mission_state"": 4, ""inconsistent_anomaly_state"": 4}",55168,46720,101888,0.5414572864321608,0.4166666666666667,0.5833333333333334,"{""auv_01"": 20.0, ""auv_00"": 40.0, ""auv_02"": 40.0, ""auv_10"": 60.0, ""auv_08"": 60.0}",partial,60.0
85424607cd80fc940be0d3f9bf743dcc9e509f91,3d45721e96770a2e,paper_risk_bounded_v1_2026-09-28,utility_v2_frozen_2026-09-28,safe_useful_retention_v1_2026-09-28,paper_ssp_200m_v1,0,1000,1000.0,B3,tr_54fb653caded_gpu,-30.0449,0.0,0.0,0,0.0,0.0,0,"{""conflicting_task_ownership"": 0, ""duplicate_execution"": 0, ""contradictory_reassignment"": 0, ""incompatible_mission_state"": 0, ""inconsistent_anomaly_state"": 0}",55168,57600,112768,0.489216799091941,0.4166666666666667,0.5833333333333334,"{""auv_01"": 20.0, ""auv_02"": 40.0, ""auv_00"": 40.0, ""auv_08"": 60.0, ""auv_10"": 60.0}",partial,60.0
85424607cd80fc940be0d3f9bf743dcc9e509f91,3d45721e96770a2e,paper_risk_bounded_v1_2026-09-28,utility_v2_frozen_2026-09-28,safe_useful_retention_v1_2026-09-28,paper_ssp_200m_v1,0,1000,1000.0,B4,tr_54fb653caded_gpu,0.9551499999999999,0.0,0.0,0,0.8,0.014492753623188406,1,"{""conflicting_task_ownership"": 0, ""duplicate_execution"": 0, ""contradictory_reassignment"": 1, ""incompatible_mission_state"": 0, ""inconsistent_anomaly_state"": 0}",55168,57600,112768,0.489216799091941,0.4166666666666667,0.5833333333333334,"{""auv_01"": 20.0, ""auv_02"": 40.0, ""auv_00"": 40.0, ""auv_08"": 60.0, ""auv_10"": 60.0}",partial,60.0
85424607cd80fc940be0d3f9bf743dcc9e509f91,3d45721e96770a2e,paper_risk_bounded_v1_2026-09-28,utility_v2_frozen_2026-09-28,safe_useful_retention_v1_2026-09-28,paper_ssp_200m_v1,0,1000,1000.0,B5_conservative,tr_54fb653caded_gpu,-30.0449,0.0,0.0,0,0.0,0.0,0,"{""conflicting_task_ownership"": 0, ""duplicate_execution"": 0, ""contradictory_reassignment"": 0, ""incompatible_mission_state"": 0, ""inconsistent_anomaly_state"": 0}",55168,57600,112768,0.489216799091941,0.4166666666666667,0.5833333333333334,"{""auv_01"": 20.0, ""auv_00"": 40.0, ""auv_02"": 40.0, ""auv_10"": 60.0, ""auv_08"": 60.0}",partial,60.0
85424607cd80fc940be0d3f9bf743dcc9e509f91,3d45721e96770a2e,paper_risk_bounded_v1_2026-09-28,utility_v2_frozen_2026-09-28,safe_useful_retention_v1_2026-09-28,paper_ssp_200m_v1,0,1000,1000.0,B5_nominal,tr_54fb653caded_gpu,-117.08815,0.9325842696629213,0.9325842696629213,83,1.0,1.0,9,"{""conflicting_task_ownership"": 0, ""duplicate_execution"": 0, ""contradictory_reassignment"": 1, ""incompatible_mission_state"": 4, ""inconsistent_anomaly_state"": 4}",55168,46720,101888,0.5414572864321608,0.4166666666666667,0.5833333333333334,"{""auv_01"": 20.0, ""auv_02"": 40.0, ""auv_00"": 40.0, ""auv_10"": 60.0, ""auv_08"": 60.0}",partial,60.0
85424607cd80fc940be0d3f9bf743dcc9e509f91,3d45721e96770a2e,paper_risk_bounded_v1_2026-09-28,utility_v2_frozen_2026-09-28,safe_useful_retention_v1_2026-09-28,paper_ssp_200m_v1,0,1000,1000.0,B5_permissive,tr_54fb653caded_gpu,-117.08815,0.9325842696629213,0.9325842696629213,83,1.0,1.0,9,"{""conflicting_task_ownership"": 0, ""duplicate_execution"": 0, ""contradictory_reassignment"": 1, ""incompatible_mission_state"": 4, ""inconsistent_anomaly_state"": 4}",55168,46720,101888,0.5414572864321608,0.4166666666666667,0.5833333333333334,"{""auv_01"": 20.0, ""auv_02"": 40.0, ""auv_00"": 40.0, ""auv_08"": 60.0, ""auv_10"": 60.0}",partial,60.0
85424607cd80fc940be0d3f9bf743dcc9e509f91,7dda764826aece99,paper_risk_bounded_v1_2026-09-28,utility_v2_frozen_2026-09-28,safe_useful_retention_v1_2026-09-28,paper_ssp_200m_v1,1,0,0.0,B1,tr_3bf719402f6c_gpu,47.9171,0.9857142857142858,0.9857142857142858,69,1.0,1.0,1,"{""conflicting_task_ownership"": 0, ""duplicate_execution"": 0, ""contradictory_reassignment"": 0, ""incompatible_mission_state"": 1, ""inconsistent_anomaly_state"": 0}",73472,22720,96192,0.7638057218895542,,,{},idle,0.0
85424607cd80fc940be0d3f9bf743dcc9e509f91,7dda764826aece99,paper_risk_bounded_v1_2026-09-28,utility_v2_frozen_2026-09-28,safe_useful_retention_v1_2026-09-28,paper_ssp_200m_v1,1,0,0.0,B2,tr_3bf719402f6c_gpu,47.9171,0.9857142857142858,0.9857142857142858,69,1.0,1.0,1,"{""conflicting_task_ownership"": 0, ""duplicate_execution"": 0, ""contradictory_reassignment"": 0, ""incompatible_mission_state"": 1, ""inconsistent_anomaly_state"": 0}",73472,22720,96192,0.7638057218895542,,,{},idle,0.0
85424607cd80fc940be0d3f9bf743dcc9e509f91,7dda764826aece99,paper_risk_bounded_v1_2026-09-28,utility_v2_frozen_2026-09-28,safe_useful_retention_v1_2026-09-28,paper_ssp_200m_v1,1,0,0.0,B3,tr_3bf719402f6c_gpu,-30.0462,0.0,0.0,0,0.0,0.0,0,"{""conflicting_task_ownership"": 0, ""duplicate_execution"": 0, ""contradictory_reassignment"": 0, ""incompatible_mission_state"": 0, ""inconsistent_anomaly_state"": 0}",73472,33600,107072,0.6861924686192469,,,{},idle,0.0
85424607cd80fc940be0d3f9bf743dcc9e509f91,7dda764826aece99,paper_risk_bounded_v1_2026-09-28,utility_v2_frozen_2026-09-28,safe_useful_retention_v1_2026-09-28,paper_ssp_200m_v1,1,0,0.0,B4,tr_3bf719402f6c_gpu,-18.0462,0.0,0.0,0,1.0,0.0035714285714285713,0,"{""conflicting_task_ownership"": 0, ""duplicate_execution"": 0, ""contradictory_reassignment"": 0, ""incompatible_mission_state"": 0, ""inconsistent_anomaly_state"": 0}",73472,33600,107072,0.6861924686192469,,,{},idle,0.0
85424607cd80fc940be0d3f9bf743dcc9e509f91,7dda764826aece99,paper_risk_bounded_v1_2026-09-28,utility_v2_frozen_2026-09-28,safe_useful_retention_v1_2026-09-28,paper_ssp_200m_v1,1,0,0.0,B5_conservative,tr_3bf719402f6c_gpu,-30.0462,0.0,0.0,0,0.0,0.0,0,"{""conflicting_task_ownership"": 0, ""duplicate_execution"": 0, ""contradictory_reassignment"": 0, ""incompatible_mission_state"": 0, ""inconsistent_anomaly_state"": 0}",73472,33600,107072,0.6861924686192469,,,{},idle,0.0
85424607cd80fc940be0d3f9bf743dcc9e509f91,7dda764826aece99,paper_risk_bounded_v1_2026-09-28,utility_v2_frozen_2026-09-28,safe_useful_retention_v1_2026-09-28,paper_ssp_200m_v1,1,0,0.0,B5_nominal,tr_3bf719402f6c_gpu,47.9171,0.9857142857142858,0.9857142857142858,69,1.0,1.0,1,"{""conflicting_task_ownership"": 0, ""duplicate_execution"": 0, ""contradictory_reassignment"": 0, ""incompatible_mission_state"": 1, ""inconsistent_anomaly_state"": 0}",73472,22720,96192,0.7638057218895542,,,{},idle,0.0
85424607cd80fc940be0d3f9bf743dcc9e509f91,7dda764826aece99,paper_risk_bounded_v1_2026-09-28,utility_v2_frozen_2026-09-28,safe_useful_retention_v1_2026-09-28,paper_ssp_200m_v1,1,0,0.0,B5_permissive,tr_3bf719402f6c_gpu,47.9171,0.9857142857142858,0.9857142857142858,69,1.0,1.0,1,"{""conflicting_task_ownership"": 0, ""duplicate_execution"": 0, ""contradictory_reassignment"": 0, ""incompatible_mission_state"": 1, ""inconsistent_anomaly_state"": 0}",73472,22720,96192,0.7638057218895542,,,{},idle,0.0
85424607cd80fc940be0d3f9bf743dcc9e509f91,f6b70892ad47bb27,paper_risk_bounded_v1_2026-09-28,utility_v2_frozen_2026-09-28,safe_useful_retention_v1_2026-09-28,paper_ssp_200m_v1,1,150,150.0,B1,tr_3bf719402f6c_gpu,47.9177,0.868421052631579,0.9850746268656716,66,1.0,1.0,1,"{""conflicting_task_ownership"": 0, ""duplicate_execution"": 0, ""contradictory_reassignment"": 0, ""incompatible_mission_state"": 1, ""inconsistent_anomaly_state"": 0}",75392,26560,101952,0.7394852479598242,0.25,0.75,"{""auv_00"": 20.0, ""auv_07"": 20.0, ""auv_01"": 40.0}",partial,40.0
85424607cd80fc940be0d3f9bf743dcc9e509f91,f6b70892ad47bb27,paper_risk_bounded_v1_2026-09-28,utility_v2_frozen_2026-09-28,safe_useful_retention_v1_2026-09-28,paper_ssp_200m_v1,1,150,150.0,B2,tr_3bf719402f6c_gpu,41.923,0.9210526315789473,0.9210526315789473,70,1.0,1.0,2,"{""conflicting_task_ownership"": 0, ""duplicate_execution"": 0, ""contradictory_reassignment"": 1, ""incompatible_mission_state"": 1, ""inconsistent_anomaly_state"": 0}",75392,26560,101952,0.7394852479598242,0.25,0.75,"{""auv_00"": 20.0, ""auv_07"": 20.0, ""auv_01"": 40.0}",partial,40.0
85424607cd80fc940be0d3f9bf743dcc9e509f91,f6b70892ad47bb27,paper_risk_bounded_v1_2026-09-28,utility_v2_frozen_2026-09-28,safe_useful_retention_v1_2026-09-28,paper_ssp_200m_v1,1,150,150.0,B3,tr_3bf719402f6c_gpu,-30.046,0.0,0.0,0,0.0,0.0,0,"{""conflicting_task_ownership"": 0, ""duplicate_execution"": 0, ""contradictory_reassignment"": 0, ""incompatible_mission_state"": 0, ""inconsistent_anomaly_state"": 0}",75392,37440,112832,0.6681792399319342,0.25,0.75,"{""auv_07"": 20.0, ""auv_00"": 20.0, ""auv_01"": 40.0}",partial,40.0
85424607cd80fc940be0d3f9bf743dcc9e509f91,f6b70892ad47bb27,paper_risk_bounded_v1_2026-09-28,utility_v2_frozen_2026-09-28,safe_useful_retention_v1_2026-09-28,paper_ssp_200m_v1,1,150,150.0,B4,tr_3bf719402f6c_gpu,0.95355,0.0,0.0,0,0.8,0.014234875444839857,1,"{""conflicting_task_ownership"": 0, ""duplicate_execution"": 0, ""contradictory_reassignment"": 1, ""incompatible_mission_state"": 0, ""inconsistent_anomaly_state"": 0}",75392,37440,112832,0.6681792399319342,0.25,0.75,"{""auv_07"": 20.0, ""auv_00"": 20.0, ""auv_01"": 40.0}",partial,40.0
85424607cd80fc940be0d3f9bf743dcc9e509f91,f6b70892ad47bb27,paper_risk_bounded_v1_2026-09-28,utility_v2_frozen_2026-09-28,safe_useful_retention_v1_2026-09-28,paper_ssp_200m_v1,1,150,150.0,B5_conservative,tr_3bf719402f6c_gpu,-30.046,0.0,0.0,0,0.0,0.0,0,"{""conflicting_task_ownership"": 0, ""duplicate_execution"": 0, ""contradictory_reassignment"": 0, ""incompatible_mission_state"": 0, ""inconsistent_anomaly_state"": 0}",75392,37440,112832,0.6681792399319342,0.25,0.75,"{""auv_07"": 20.0, ""auv_00"": 20.0, ""auv_01"": 40.0}",partial,40.0
85424607cd80fc940be0d3f9bf743dcc9e509f91,f6b70892ad47bb27,paper_risk_bounded_v1_2026-09-28,utility_v2_frozen_2026-09-28,safe_useful_retention_v1_2026-09-28,paper_ssp_200m_v1,1,150,150.0,B5_nominal,tr_3bf719402f6c_gpu,41.923,0.9210526315789473,0.9210526315789473,70,1.0,1.0,2,"{""conflicting_task_ownership"": 0, ""duplicate_execution"": 0, ""contradictory_reassignment"": 1, ""incompatible_mission_state"": 1, ""inconsistent_anomaly_state"": 0}",75392,26560,101952,0.7394852479598242,0.25,0.75,"{""auv_07"": 20.0, ""auv_00"": 20.0, ""auv_01"": 40.0}",partial,40.0
85424607cd80fc940be0d3f9bf743dcc9e509f91,f6b70892ad47bb27,paper_risk_bounded_v1_2026-09-28,utility_v2_frozen_2026-09-28,safe_useful_retention_v1_2026-09-28,paper_ssp_200m_v1,1,150,150.0,B5_permissive,tr_3bf719402f6c_gpu,41.923,0.9210526315789473,0.9210526315789473,70,1.0,1.0,2,"{""conflicting_task_ownership"": 0, ""duplicate_execution"": 0, ""contradictory_reassignment"": 1, ""incompatible_mission_state"": 1, ""inconsistent_anomaly_state"": 0}",75392,26560,101952,0.7394852479598242,0.25,0.75,"{""auv_07"": 20.0, ""auv_00"": 20.0, ""auv_01"": 40.0}",partial,40.0
85424607cd80fc940be0d3f9bf743dcc9e509f91,08db25151d64fc8a,paper_risk_bounded_v1_2026-09-28,utility_v2_frozen_2026-09-28,safe_useful_retention_v1_2026-09-28,paper_ssp_200m_v1,1,300,300.0,B1,tr_3bf719402f6c_gpu,47.9183,0.8170731707317073,0.9852941176470589,67,1.0,1.0,1,"{""conflicting_task_ownership"": 0, ""duplicate_execution"": 0, ""contradictory_reassignment"": 0, ""incompatible_mission_state"": 1, ""inconsistent_anomaly_state"": 0}",72576,29920,102496,0.7080861692163597,0.3333333333333333,0.6666666666666666,"{""auv_00"": 20.0, ""auv_01"": 20.0, ""auv_04"": 40.0, ""auv_02"": 40.0}",partial,40.0
85424607cd80fc940be0d3f9bf743dcc9e509f91,08db25151d64fc8a,paper_risk_bounded_v1_2026-09-28,utility_v2_frozen_2026-09-28,safe_useful_retention_v1_2026-09-28,paper_ssp_200m_v1,1,300,300.0,B2,tr_3bf719402f6c_gpu,-14.0806,0.925,0.925,74,1.0,1.0,6,"{""conflicting_task_ownership"": 0, ""duplicate_execution"": 0, ""contradictory_reassignment"": 1, ""incompatible_mission_state"": 1, ""inconsistent_anomaly_state"": 4}",72576,29920,102496,0.7080861692163597,0.3333333333333333,0.6666666666666666,"{""auv_00"": 20.0, ""auv_01"": 20.0, ""auv_02"": 40.0, ""auv_04"": 40.0}",partial,40.0
85424607cd80fc940be0d3f9bf743dcc9e509f91,08db25151d64fc8a,paper_risk_bounded_v1_2026-09-28,utility_v2_frozen_2026-09-28,safe_useful_retention_v1_2026-09-28,paper_ssp_200m_v1,1,300,300.0,B3,tr_3bf719402f6c_gpu,-30.0458,0.0,0.0,0,0.0,0.0,0,"{""conflicting_task_ownership"": 0, ""duplicate_execution"": 0, ""contradictory_reassignment"": 0, ""incompatible_mission_state"": 0, ""inconsistent_anomaly_state"": 0}",72576,40800,113376,0.6401354784081287,0.3333333333333333,0.6666666666666666,"{""auv_01"": 20.0, ""auv_00"": 20.0, ""auv_04"": 40.0, ""auv_02"": 40.0}",partial,40.0
85424607cd80fc940be0d3f9bf743dcc9e509f91,08db25151d64fc8a,paper_risk_bounded_v1_2026-09-28,utility_v2_frozen_2026-09-28,safe_useful_retention_v1_2026-09-28,paper_ssp_200m_v1,1,300,300.0,B4,tr_3bf719402f6c_gpu,0.95375,0.0,0.0,0,0.8,0.014184397163120567,1,"{""conflicting_task_ownership"": 0, ""duplicate_execution"": 0, ""contradictory_reassignment"": 1, ""incompatible_mission_state"": 0, ""inconsistent_anomaly_state"": 0}",72576,40800,113376,0.6401354784081287,0.3333333333333333,0.6666666666666666,"{""auv_01"": 20.0, ""auv_00"": 20.0, ""auv_02"": 40.0, ""auv_04"": 40.0}",partial,40.0
85424607cd80fc940be0d3f9bf743dcc9e509f91,08db25151d64fc8a,paper_risk_bounded_v1_2026-09-28,utility_v2_frozen_2026-09-28,safe_useful_retention_v1_2026-09-28,paper_ssp_200m_v1,1,300,300.0,B5_conservative,tr_3bf719402f6c_gpu,-30.0458,0.0,0.0,0,0.0,0.0,0,"{""conflicting_task_ownership"": 0, ""duplicate_execution"": 0, ""contradictory_reassignment"": 0, ""incompatible_mission_state"": 0, ""inconsistent_anomaly_state"": 0}",72576,40800,113376,0.6401354784081287,0.3333333333333333,0.6666666666666666,"{""auv_00"": 20.0, ""auv_01"": 20.0, ""auv_02"": 40.0, ""auv_04"": 40.0}",partial,40.0
85424607cd80fc940be0d3f9bf743dcc9e509f91,08db25151d64fc8a,paper_risk_bounded_v1_2026-09-28,utility_v2_frozen_2026-09-28,safe_useful_retention_v1_2026-09-28,paper_ssp_200m_v1,1,300,300.0,B5_nominal,tr_3bf719402f6c_gpu,-14.0806,0.925,0.925,74,1.0,1.0,6,"{""conflicting_task_ownership"": 0, ""duplicate_execution"": 0, ""contradictory_reassignment"": 1, ""incompatible_mission_state"": 1, ""inconsistent_anomaly_state"": 4}",72576,29920,102496,0.7080861692163597,0.3333333333333333,0.6666666666666666,"{""auv_01"": 20.0, ""auv_00"": 20.0, ""auv_04"": 40.0, ""auv_02"": 40.0}",partial,40.0
85424607cd80fc940be0d3f9bf743dcc9e509f91,08db25151d64fc8a,paper_risk_bounded_v1_2026-09-28,utility_v2_frozen_2026-09-28,safe_useful_retention_v1_2026-09-28,paper_ssp_200m_v1,1,300,300.0,B5_permissive,tr_3bf719402f6c_gpu,-14.0806,0.925,0.925,74,1.0,1.0,6,"{""conflicting_task_ownership"": 0, ""duplicate_execution"": 0, ""contradictory_reassignment"": 1, ""incompatible_mission_state"": 1, ""inconsistent_anomaly_state"": 4}",72576,29920,102496,0.7080861692163597,0.3333333333333333,0.6666666666666666,"{""auv_01"": 20.0, ""auv_00"": 20.0, ""auv_04"": 40.0, ""auv_02"": 40.0}",partial,40.0
85424607cd80fc940be0d3f9bf743dcc9e509f91,bd0f4e03217f5574,paper_risk_bounded_v1_2026-09-28,utility_v2_frozen_2026-09-28,safe_useful_retention_v1_2026-09-28,paper_ssp_200m_v1,1,500,500.0,B1,tr_3bf719402f6c_gpu,47.9189,0.75,0.9850746268656716,66,1.0,1.0,1,"{""conflicting_task_ownership"": 0, ""duplicate_execution"": 0, ""contradictory_reassignment"": 0, ""incompatible_mission_state"": 1, ""inconsistent_anomaly_state"": 0}",64256,34720,98976,0.6492078887811187,0.25,0.75,"{""auv_03"": 20.0, ""auv_01"": 40.0, ""auv_00"": 40.0}",partial,40.0
85424607cd80fc940be0d3f9bf743dcc9e509f91,bd0f4e03217f5574,paper_risk_bounded_v1_2026-09-28,utility_v2_frozen_2026-09-28,safe_useful_retention_v1_2026-09-28,paper_ssp_200m_v1,1,500,500.0,B2,tr_3bf719402f6c_gpu,-77.08455,0.9294117647058824,0.9294117647058824,79,1.0,1.0,9,"{""conflicting_task_ownership"": 0, ""duplicate_execution"": 0, ""contradictory_reassignment"": 1, ""incompatible_mission_state"": 4, ""inconsistent_anomaly_state"": 4}",64256,34720,98976,0.6492078887811187,0.25,0.75,"{""auv_03"": 20.0, ""auv_01"": 40.0, ""auv_00"": 40.0}",partial,40.0
85424607cd80fc940be0d3f9bf743dcc9e509f91,bd0f4e03217f5574,paper_risk_bounded_v1_2026-09-28,utility_v2_frozen_2026-09-28,safe_useful_retention_v1_2026-09-28,paper_ssp_200m_v1,1,500,500.0,B3,tr_3bf719402f6c_gpu,-30.0456,0.0,0.0,0,0.0,0.0,0,"{""conflicting_task_ownership"": 0, ""duplicate_execution"": 0, ""contradictory_reassignment"": 0, ""incompatible_mission_state"": 0, ""inconsistent_anomaly_state"": 0}",64256,45600,109856,0.5849111564229537,0.25,0.75,"{""auv_03"": 20.0, ""auv_01"": 40.0, ""auv_00"": 40.0}",partial,40.0
85424607cd80fc940be0d3f9bf743dcc9e509f91,bd0f4e03217f5574,paper_risk_bounded_v1_2026-09-28,utility_v2_frozen_2026-09-28,safe_useful_retention_v1_2026-09-28,paper_ssp_200m_v1,1,500,500.0,B4,tr_3bf719402f6c_gpu,0.95395,0.0,0.0,0,0.8,0.014336917562724014,1,"{""conflicting_task_ownership"": 0, ""duplicate_execution"": 0, ""contradictory_reassignment"": 1, ""incompatible_mission_state"": 0, ""inconsistent_anomaly_state"": 0}",64256,45600,109856,0.5849111564229537,0.25,0.75,"{""auv_03"": 20.0, ""auv_00"": 40.0, ""auv_01"": 40.0}",partial,40.0
85424607cd80fc940be0d3f9bf743dcc9e509f91,bd0f4e03217f5574,paper_risk_bounded_v1_2026-09-28,utility_v2_frozen_2026-09-28,safe_useful_retention_v1_2026-09-28,paper_ssp_200m_v1,1,500,500.0,B5_conservative,tr_3bf719402f6c_gpu,-30.0456,0.0,0.0,0,0.0,0.0,0,"{""conflicting_task_ownership"": 0, ""duplicate_execution"": 0, ""contradictory_reassignment"": 0, ""incompatible_mission_state"": 0, ""inconsistent_anomaly_state"": 0}",64256,45600,109856,0.5849111564229537,0.25,0.75,"{""auv_03"": 20.0, ""auv_00"": 40.0, ""auv_01"": 40.0}",partial,40.0
85424607cd80fc940be0d3f9bf743dcc9e509f91,bd0f4e03217f5574,paper_risk_bounded_v1_2026-09-28,utility_v2_frozen_2026-09-28,safe_useful_retention_v1_2026-09-28,paper_ssp_200m_v1,1,500,500.0,B5_nominal,tr_3bf719402f6c_gpu,-77.08455,0.9294117647058824,0.9294117647058824,79,1.0,1.0,9,"{""conflicting_task_ownership"": 0, ""duplicate_execution"": 0, ""contradictory_reassignment"": 1, ""incompatible_mission_state"": 4, ""inconsistent_anomaly_state"": 4}",64256,34720,98976,0.6492078887811187,0.25,0.75,"{""auv_03"": 20.0, ""auv_01"": 40.0, ""auv_00"": 40.0}",partial,40.0
85424607cd80fc940be0d3f9bf743dcc9e509f91,bd0f4e03217f5574,paper_risk_bounded_v1_2026-09-28,utility_v2_frozen_2026-09-28,safe_useful_retention_v1_2026-09-28,paper_ssp_200m_v1,1,500,500.0,B5_permissive,tr_3bf719402f6c_gpu,-77.08455,0.9294117647058824,0.9294117647058824,79,1.0,1.0,9,"{""conflicting_task_ownership"": 0, ""duplicate_execution"": 0, ""contradictory_reassignment"": 1, ""incompatible_mission_state"": 4, ""inconsistent_anomaly_state"": 4}",64256,34720,98976,0.6492078887811187,0.25,0.75,"{""auv_03"": 20.0, ""auv_01"": 40.0, ""auv_00"": 40.0}",partial,40.0
85424607cd80fc940be0d3f9bf743dcc9e509f91,1bf29ad459da50b5,paper_risk_bounded_v1_2026-09-28,utility_v2_frozen_2026-09-28,safe_useful_retention_v1_2026-09-28,paper_ssp_200m_v1,1,750,750.0,B1,tr_3bf719402f6c_gpu,47.9192,0.7252747252747253,0.9850746268656716,66,1.0,1.0,1,"{""conflicting_task_ownership"": 0, ""duplicate_execution"": 0, ""contradictory_reassignment"": 0, ""incompatible_mission_state"": 1, ""inconsistent_anomaly_state"": 0}",59520,40960,100480,0.5923566878980892,0.5,0.5,"{""auv_00"": 20.0, ""auv_02"": 20.0, ""auv_08"": 20.0, ""auv_03"": 40.0, ""auv_01"": 40.0, ""auv_04"": 60.0}",partial,60.0
85424607cd80fc940be0d3f9bf743dcc9e509f91,1bf29ad459da50b5,paper_risk_bounded_v1_2026-09-28,utility_v2_frozen_2026-09-28,safe_useful_retention_v1_2026-09-28,paper_ssp_200m_v1,1,750,750.0,B2,tr_3bf719402f6c_gpu,-77.08455,0.9294117647058824,0.9294117647058824,79,1.0,1.0,9,"{""conflicting_task_ownership"": 0, ""duplicate_execution"": 0, ""contradictory_reassignment"": 1, ""incompatible_mission_state"": 4, ""inconsistent_anomaly_state"": 4}",59520,40960,100480,0.5923566878980892,0.5,0.5,"{""auv_02"": 20.0, ""auv_00"": 20.0, ""auv_08"": 20.0, ""auv_01"": 40.0, ""auv_03"": 40.0, ""auv_04"": 60.0}",partial,60.0
85424607cd80fc940be0d3f9bf743dcc9e509f91,1bf29ad459da50b5,paper_risk_bounded_v1_2026-09-28,utility_v2_frozen_2026-09-28,safe_useful_retention_v1_2026-09-28,paper_ssp_200m_v1,1,750,750.0,B3,tr_3bf719402f6c_gpu,-30.0453,0.0,0.0,0,0.0,0.0,0,"{""conflicting_task_ownership"": 0, ""duplicate_execution"": 0, ""contradictory_reassignment"": 0, ""incompatible_mission_state"": 0, ""inconsistent_anomaly_state"": 0}",59520,51840,111360,0.5344827586206896,0.5,0.5,"{""auv_02"": 20.0, ""auv_08"": 20.0, ""auv_00"": 20.0, ""auv_03"": 40.0, ""auv_01"": 40.0, ""auv_04"": 60.0}",partial,60.0
85424607cd80fc940be0d3f9bf743dcc9e509f91,1bf29ad459da50b5,paper_risk_bounded_v1_2026-09-28,utility_v2_frozen_2026-09-28,safe_useful_retention_v1_2026-09-28,paper_ssp_200m_v1,1,750,750.0,B4,tr_3bf719402f6c_gpu,0.95425,0.0,0.0,0,0.8,0.014336917562724014,1,"{""conflicting_task_ownership"": 0, ""duplicate_execution"": 0, ""contradictory_reassignment"": 1, ""incompatible_mission_state"": 0, ""inconsistent_anomaly_state"": 0}",59520,51840,111360,0.5344827586206896,0.5,0.5,"{""auv_02"": 20.0, ""auv_00"": 20.0, ""auv_08"": 20.0, ""auv_03"": 40.0, ""auv_01"": 40.0, ""auv_04"": 60.0}",partial,60.0
85424607cd80fc940be0d3f9bf743dcc9e509f91,1bf29ad459da50b5,paper_risk_bounded_v1_2026-09-28,utility_v2_frozen_2026-09-28,safe_useful_retention_v1_2026-09-28,paper_ssp_200m_v1,1,750,750.0,B5_conservative,tr_3bf719402f6c_gpu,-30.0453,0.0,0.0,0,0.0,0.0,0,"{""conflicting_task_ownership"": 0, ""duplicate_execution"": 0, ""contradictory_reassignment"": 0, ""incompatible_mission_state"": 0, ""inconsistent_anomaly_state"": 0}",59520,51840,111360,0.5344827586206896,0.5,0.5,"{""auv_00"": 20.0, ""auv_08"": 20.0, ""auv_02"": 20.0, ""auv_03"": 40.0, ""auv_01"": 40.0, ""auv_04"": 60.0}",partial,60.0
85424607cd80fc940be0d3f9bf743dcc9e509f91,1bf29ad459da50b5,paper_risk_bounded_v1_2026-09-28,utility_v2_frozen_2026-09-28,safe_useful_retention_v1_2026-09-28,paper_ssp_200m_v1,1,750,750.0,B5_nominal,tr_3bf719402f6c_gpu,-77.08455,0.9294117647058824,0.9294117647058824,79,1.0,1.0,9,"{""conflicting_task_ownership"": 0, ""duplicate_execution"": 0, ""contradictory_reassignment"": 1, ""incompatible_mission_state"": 4, ""inconsistent_anomaly_state"": 4}",59520,40960,100480,0.5923566878980892,0.5,0.5,"{""auv_02"": 20.0, ""auv_08"": 20.0, ""auv_00"": 20.0, ""auv_01"": 40.0, ""auv_03"": 40.0, ""auv_04"": 60.0}",partial,60.0
85424607cd80fc940be0d3f9bf743dcc9e509f91,1bf29ad459da50b5,paper_risk_bounded_v1_2026-09-28,utility_v2_frozen_2026-09-28,safe_useful_retention_v1_2026-09-28,paper_ssp_200m_v1,1,750,750.0,B5_permissive,tr_3bf719402f6c_gpu,-77.08455,0.9294117647058824,0.9294117647058824,79,1.0,1.0,9,"{""conflicting_task_ownership"": 0, ""duplicate_execution"": 0, ""contradictory_reassignment"": 1, ""incompatible_mission_state"": 4, ""inconsistent_anomaly_state"": 4}",59520,40960,100480,0.5923566878980892,0.5,0.5,"{""auv_00"": 20.0, ""auv_02"": 20.0, ""auv_08"": 20.0, ""auv_01"": 40.0, ""auv_03"": 40.0, ""auv_04"": 60.0}",partial,60.0
85424607cd80fc940be0d3f9bf743dcc9e509f91,52d2595d90c0f23b,paper_risk_bounded_v1_2026-09-28,utility_v2_frozen_2026-09-28,safe_useful_retention_v1_2026-09-28,paper_ssp_200m_v1,1,1000,1000.0,B1,tr_3bf719402f6c_gpu,47.9229,0.6666666666666666,0.9850746268656716,66,1.0,1.0,1,"{""conflicting_task_ownership"": 0, ""duplicate_execution"": 0, ""contradictory_reassignment"": 0, ""incompatible_mission_state"": 1, ""inconsistent_anomaly_state"": 0}",52608,46720,99328,0.529639175257732,0.25,0.75,"{""auv_01"": 20.0, ""auv_02"": 40.0, ""auv_00"": 60.0}",partial,60.0
85424607cd80fc940be0d3f9bf743dcc9e509f91,52d2595d90c0f23b,paper_risk_bounded_v1_2026-09-28,utility_v2_frozen_2026-09-28,safe_useful_retention_v1_2026-09-28,paper_ssp_200m_v1,1,1000,1000.0,B2,tr_3bf719402f6c_gpu,-117.08815,0.9325842696629213,0.9325842696629213,83,1.0,1.0,9,"{""conflicting_task_ownership"": 0, ""duplicate_execution"": 0, ""contradictory_reassignment"": 1, ""incompatible_mission_state"": 4, ""inconsistent_anomaly_state"": 4}",52608,46720,99328,0.529639175257732,0.25,0.75,"{""auv_01"": 20.0, ""auv_02"": 40.0, ""auv_00"": 60.0}",partial,60.0
85424607cd80fc940be0d3f9bf743dcc9e509f91,52d2595d90c0f23b,paper_risk_bounded_v1_2026-09-28,utility_v2_frozen_2026-09-28,safe_useful_retention_v1_2026-09-28,paper_ssp_200m_v1,1,1000,1000.0,B3,tr_3bf719402f6c_gpu,-30.0449,0.0,0.0,0,0.0,0.0,0,"{""conflicting_task_ownership"": 0, ""duplicate_execution"": 0, ""contradictory_reassignment"": 0, ""incompatible_mission_state"": 0, ""inconsistent_anomaly_state"": 0}",52608,57600,110208,0.47735191637630664,0.25,0.75,"{""auv_01"": 20.0, ""auv_02"": 40.0, ""auv_00"": 60.0}",partial,60.0
85424607cd80fc940be0d3f9bf743dcc9e509f91,52d2595d90c0f23b,paper_risk_bounded_v1_2026-09-28,utility_v2_frozen_2026-09-28,safe_useful_retention_v1_2026-09-28,paper_ssp_200m_v1,1,1000,1000.0,B4,tr_3bf719402f6c_gpu,0.9551499999999999,0.0,0.0,0,0.8,0.014492753623188406,1,"{""conflicting_task_ownership"": 0, ""duplicate_execution"": 0, ""contradictory_reassignment"": 1, ""incompatible_mission_state"": 0, ""inconsistent_anomaly_state"": 0}",52608,57600,110208,0.47735191637630664,0.25,0.75,"{""auv_01"": 20.0, ""auv_02"": 40.0, ""auv_00"": 60.0}",partial,60.0
85424607cd80fc940be0d3f9bf743dcc9e509f91,52d2595d90c0f23b,paper_risk_bounded_v1_2026-09-28,utility_v2_frozen_2026-09-28,safe_useful_retention_v1_2026-09-28,paper_ssp_200m_v1,1,1000,1000.0,B5_conservative,tr_3bf719402f6c_gpu,-30.0449,0.0,0.0,0,0.0,0.0,0,"{""conflicting_task_ownership"": 0, ""duplicate_execution"": 0, ""contradictory_reassignment"": 0, ""incompatible_mission_state"": 0, ""inconsistent_anomaly_state"": 0}",52608,57600,110208,0.47735191637630664,0.25,0.75,"{""auv_01"": 20.0, ""auv_02"": 40.0, ""auv_00"": 60.0}",partial,60.0
85424607cd80fc940be0d3f9bf743dcc9e509f91,52d2595d90c0f23b,paper_risk_bounded_v1_2026-09-28,utility_v2_frozen_2026-09-28,safe_useful_retention_v1_2026-09-28,paper_ssp_200m_v1,1,1000,1000.0,B5_nominal,tr_3bf719402f6c_gpu,-117.08815,0.9325842696629213,0.9325842696629213,83,1.0,1.0,9,"{""conflicting_task_ownership"": 0, ""duplicate_execution"": 0, ""contradictory_reassignment"": 1, ""incompatible_mission_state"": 4, ""inconsistent_anomaly_state"": 4}",52608,46720,99328,0.529639175257732,0.25,0.75,"{""auv_01"": 20.0, ""auv_02"": 40.0, ""auv_00"": 60.0}",partial,60.0
85424607cd80fc940be0d3f9bf743dcc9e509f91,52d2595d90c0f23b,paper_risk_bounded_v1_2026-09-28,utility_v2_frozen_2026-09-28,safe_useful_retention_v1_2026-09-28,paper_ssp_200m_v1,1,1000,1000.0,B5_permissive,tr_3bf719402f6c_gpu,-117.08815,0.9325842696629213,0.9325842696629213,83,1.0,1.0,9,"{""conflicting_task_ownership"": 0, ""duplicate_execution"": 0, ""contradictory_reassignment"": 1, ""incompatible_mission_state"": 4, ""inconsistent_anomaly_state"": 4}",52608,46720,99328,0.529639175257732,0.25,0.75,"{""auv_01"": 20.0, ""auv_02"": 40.0, ""auv_00"": 60.0}",partial,60.0
85424607cd80fc940be0d3f9bf743dcc9e509f91,76fc3616c690b24a,paper_risk_bounded_v1_2026-09-28,utility_v2_frozen_2026-09-28,safe_useful_retention_v1_2026-09-28,paper_ssp_200m_v1,2,0,0.0,B1,tr_0ab8a47a1225_gpu,47.9171,0.9857142857142858,0.9857142857142858,69,1.0,1.0,1,"{""conflicting_task_ownership"": 0, ""duplicate_execution"": 0, ""contradictory_reassignment"": 0, ""incompatible_mission_state"": 1, ""inconsistent_anomaly_state"": 0}",74496,22720,97216,0.7662936142198815,,,{},idle,0.0
85424607cd80fc940be0d3f9bf743dcc9e509f91,76fc3616c690b24a,paper_risk_bounded_v1_2026-09-28,utility_v2_frozen_2026-09-28,safe_useful_retention_v1_2026-09-28,paper_ssp_200m_v1,2,0,0.0,B2,tr_0ab8a47a1225_gpu,47.9171,0.9857142857142858,0.9857142857142858,69,1.0,1.0,1,"{""conflicting_task_ownership"": 0, ""duplicate_execution"": 0, ""contradictory_reassignment"": 0, ""incompatible_mission_state"": 1, ""inconsistent_anomaly_state"": 0}",74496,22720,97216,0.7662936142198815,,,{},idle,0.0
85424607cd80fc940be0d3f9bf743dcc9e509f91,76fc3616c690b24a,paper_risk_bounded_v1_2026-09-28,utility_v2_frozen_2026-09-28,safe_useful_retention_v1_2026-09-28,paper_ssp_200m_v1,2,0,0.0,B3,tr_0ab8a47a1225_gpu,-30.0462,0.0,0.0,0,0.0,0.0,0,"{""conflicting_task_ownership"": 0, ""duplicate_execution"": 0, ""contradictory_reassignment"": 0, ""incompatible_mission_state"": 0, ""inconsistent_anomaly_state"": 0}",74496,33600,108096,0.6891651865008881,,,{},idle,0.0
85424607cd80fc940be0d3f9bf743dcc9e509f91,76fc3616c690b24a,paper_risk_bounded_v1_2026-09-28,utility_v2_frozen_2026-09-28,safe_useful_retention_v1_2026-09-28,paper_ssp_200m_v1,2,0,0.0,B4,tr_0ab8a47a1225_gpu,-18.0462,0.0,0.0,0,1.0,0.0035714285714285713,0,"{""conflicting_task_ownership"": 0, ""duplicate_execution"": 0, ""contradictory_reassignment"": 0, ""incompatible_mission_state"": 0, ""inconsistent_anomaly_state"": 0}",74496,33600,108096,0.6891651865008881,,,{},idle,0.0
85424607cd80fc940be0d3f9bf743dcc9e509f91,76fc3616c690b24a,paper_risk_bounded_v1_2026-09-28,utility_v2_frozen_2026-09-28,safe_useful_retention_v1_2026-09-28,paper_ssp_200m_v1,2,0,0.0,B5_conservative,tr_0ab8a47a1225_gpu,-30.0462,0.0,0.0,0,0.0,0.0,0,"{""conflicting_task_ownership"": 0, ""duplicate_execution"": 0, ""contradictory_reassignment"": 0, ""incompatible_mission_state"": 0, ""inconsistent_anomaly_state"": 0}",74496,33600,108096,0.6891651865008881,,,{},idle,0.0
85424607cd80fc940be0d3f9bf743dcc9e509f91,76fc3616c690b24a,paper_risk_bounded_v1_2026-09-28,utility_v2_frozen_2026-09-28,safe_useful_retention_v1_2026-09-28,paper_ssp_200m_v1,2,0,0.0,B5_nominal,tr_0ab8a47a1225_gpu,47.9171,0.9857142857142858,0.9857142857142858,69,1.0,1.0,1,"{""conflicting_task_ownership"": 0, ""duplicate_execution"": 0, ""contradictory_reassignment"": 0, ""incompatible_mission_state"": 1, ""inconsistent_anomaly_state"": 0}",74496,22720,97216,0.7662936142198815,,,{},idle,0.0
85424607cd80fc940be0d3f9bf743dcc9e509f91,76fc3616c690b24a,paper_risk_bounded_v1_2026-09-28,utility_v2_frozen_2026-09-28,safe_useful_retention_v1_2026-09-28,paper_ssp_200m_v1,2,0,0.0,B5_permissive,tr_0ab8a47a1225_gpu,47.9171,0.9857142857142858,0.9857142857142858,69,1.0,1.0,1,"{""conflicting_task_ownership"": 0, ""duplicate_execution"": 0, ""contradictory_reassignment"": 0, ""incompatible_mission_state"": 1, ""inconsistent_anomaly_state"": 0}",74496,22720,97216,0.7662936142198815,,,{},idle,0.0
85424607cd80fc940be0d3f9bf743dcc9e509f91,1aef4a0dc93b942e,paper_risk_bounded_v1_2026-09-28,utility_v2_frozen_2026-09-28,safe_useful_retention_v1_2026-09-28,paper_ssp_200m_v1,2,150,150.0,B1,tr_0ab8a47a1225_gpu,47.9177,0.868421052631579,0.9850746268656716,66,1.0,1.0,1,"{""conflicting_task_ownership"": 0, ""duplicate_execution"": 0, ""contradictory_reassignment"": 0, ""incompatible_mission_state"": 1, ""inconsistent_anomaly_state"": 0}",78848,26560,105408,0.74802671523983,0.3333333333333333,0.6666666666666666,"{""auv_00"": 20.0, ""auv_07"": 20.0, ""auv_01"": 40.0, ""auv_08"": 60.0}",partial,60.0
85424607cd80fc940be0d3f9bf743dcc9e509f91,1aef4a0dc93b942e,paper_risk_bounded_v1_2026-09-28,utility_v2_frozen_2026-09-28,safe_useful_retention_v1_2026-09-28,paper_ssp_200m_v1,2,150,150.0,B2,tr_0ab8a47a1225_gpu,41.923,0.9210526315789473,0.9210526315789473,70,1.0,1.0,2,"{""conflicting_task_ownership"": 0, ""duplicate_execution"": 0, ""contradictory_reassignment"": 1, ""incompatible_mission_state"": 1, ""inconsistent_anomaly_state"": 0}",78848,26560,105408,0.74802671523983,0.3333333333333333,0.6666666666666666,"{""auv_07"": 20.0, ""auv_00"": 20.0, ""auv_01"": 40.0, ""auv_08"": 60.0}",partial,60.0
85424607cd80fc940be0d3f9bf743dcc9e509f91,1aef4a0dc93b942e,paper_risk_bounded_v1_2026-09-28,utility_v2_frozen_2026-09-28,safe_useful_retention_v1_2026-09-28,paper_ssp_200m_v1,2,150,150.0,B3,tr_0ab8a47a1225_gpu,-30.046,0.0,0.0,0,0.0,0.0,0,"{""conflicting_task_ownership"": 0, ""duplicate_execution"": 0, ""contradictory_reassignment"": 0, ""incompatible_mission_state"": 0, ""inconsistent_anomaly_state"": 0}",78848,37440,116288,0.6780407264722069,0.3333333333333333,0.6666666666666666,"{""auv_07"": 20.0, ""auv_00"": 20.0, ""auv_01"": 40.0, ""auv_08"": 60.0}",partial,60.0
85424607cd80fc940be0d3f9bf743dcc9e509f91,1aef4a0dc93b942e,paper_risk_bounded_v1_2026-09-28,utility_v2_frozen_2026-09-28,safe_useful_retention_v1_2026-09-28,paper_ssp_200m_v1,2,150,150.0,B4,tr_0ab8a47a1225_gpu,0.95355,0.0,0.0,0,0.8,0.014234875444839857,1,"{""conflicting_task_ownership"": 0, ""duplicate_execution"": 0, ""contradictory_reassignment"": 1, ""incompatible_mission_state"": 0, ""inconsistent_anomaly_state"": 0}",78848,37440,116288,0.6780407264722069,0.3333333333333333,0.6666666666666666,"{""auv_07"": 20.0, ""auv_00"": 20.0, ""auv_01"": 40.0, ""auv_08"": 60.0}",partial,60.0
85424607cd80fc940be0d3f9bf743dcc9e509f91,1aef4a0dc93b942e,paper_risk_bounded_v1_2026-09-28,utility_v2_frozen_2026-09-28,safe_useful_retention_v1_2026-09-28,paper_ssp_200m_v1,2,150,150.0,B5_conservative,tr_0ab8a47a1225_gpu,-30.046,0.0,0.0,0,0.0,0.0,0,"{""conflicting_task_ownership"": 0, ""duplicate_execution"": 0, ""contradictory_reassignment"": 0, ""incompatible_mission_state"": 0, ""inconsistent_anomaly_state"": 0}",78848,37440,116288,0.6780407264722069,0.3333333333333333,0.6666666666666666,"{""auv_07"": 20.0, ""auv_00"": 20.0, ""auv_01"": 40.0, ""auv_08"": 60.0}",partial,60.0
85424607cd80fc940be0d3f9bf743dcc9e509f91,1aef4a0dc93b942e,paper_risk_bounded_v1_2026-09-28,utility_v2_frozen_2026-09-28,safe_useful_retention_v1_2026-09-28,paper_ssp_200m_v1,2,150,150.0,B5_nominal,tr_0ab8a47a1225_gpu,41.923,0.9210526315789473,0.9210526315789473,70,1.0,1.0,2,"{""conflicting_task_ownership"": 0, ""duplicate_execution"": 0, ""contradictory_reassignment"": 1, ""incompatible_mission_state"": 1, ""inconsistent_anomaly_state"": 0}",78848,26560,105408,0.74802671523983,0.3333333333333333,0.6666666666666666,"{""auv_00"": 20.0, ""auv_07"": 20.0, ""auv_01"": 40.0, ""auv_08"": 60.0}",partial,60.0
85424607cd80fc940be0d3f9bf743dcc9e509f91,1aef4a0dc93b942e,paper_risk_bounded_v1_2026-09-28,utility_v2_frozen_2026-09-28,safe_useful_retention_v1_2026-09-28,paper_ssp_200m_v1,2,150,150.0,B5_permissive,tr_0ab8a47a1225_gpu,41.923,0.9210526315789473,0.9210526315789473,70,1.0,1.0,2,"{""conflicting_task_ownership"": 0, ""duplicate_execution"": 0, ""contradictory_reassignment"": 1, ""incompatible_mission_state"": 1, ""inconsistent_anomaly_state"": 0}",78848,26560,105408,0.74802671523983,0.3333333333333333,0.6666666666666666,"{""auv_07"": 20.0, ""auv_00"": 20.0, ""auv_01"": 40.0, ""auv_08"": 60.0}",partial,60.0
85424607cd80fc940be0d3f9bf743dcc9e509f91,71b9d1bac99971fb,paper_risk_bounded_v1_2026-09-28,utility_v2_frozen_2026-09-28,safe_useful_retention_v1_2026-09-28,paper_ssp_200m_v1,2,300,300.0,B1,tr_0ab8a47a1225_gpu,47.9183,0.8170731707317073,0.9852941176470589,67,1.0,1.0,1,"{""conflicting_task_ownership"": 0, ""duplicate_execution"": 0, ""contradictory_reassignment"": 0, ""incompatible_mission_state"": 1, ""inconsistent_anomaly_state"": 0}",75904,29920,105824,0.7172664045963109,0.4166666666666667,0.5833333333333334,"{""auv_08"": 20.0, ""auv_00"": 20.0, ""auv_01"": 20.0, ""auv_02"": 40.0, ""auv_04"": 40.0}",partial,40.0
85424607cd80fc940be0d3f9bf743dcc9e509f91,71b9d1bac99971fb,paper_risk_bounded_v1_2026-09-28,utility_v2_frozen_2026-09-28,safe_useful_retention_v1_2026-09-28,paper_ssp_200m_v1,2,300,300.0,B2,tr_0ab8a47a1225_gpu,-14.0806,0.925,0.925,74,1.0,1.0,6,"{""conflicting_task_ownership"": 0, ""duplicate_execution"": 0, ""contradictory_reassignment"": 1, ""incompatible_mission_state"": 1, ""inconsistent_anomaly_state"": 4}",75904,29920,105824,0.7172664045963109,0.4166666666666667,0.5833333333333334,"{""auv_08"": 20.0, ""auv_00"": 20.0, ""auv_01"": 20.0, ""auv_02"": 40.0, ""auv_04"": 40.0}",partial,40.0
85424607cd80fc940be0d3f9bf743dcc9e509f91,71b9d1bac99971fb,paper_risk_bounded_v1_2026-09-28,utility_v2_frozen_2026-09-28,safe_useful_retention_v1_2026-09-28,paper_ssp_200m_v1,2,300,300.0,B3,tr_0ab8a47a1225_gpu,-30.0458,0.0,0.0,0,0.0,0.0,0,"{""conflicting_task_ownership"": 0, ""duplicate_execution"": 0, ""contradictory_reassignment"": 0, ""incompatible_mission_state"": 0, ""inconsistent_anomaly_state"": 0}",75904,40800,116704,0.6503975870578558,0.4166666666666667,0.5833333333333334,"{""auv_08"": 20.0, ""auv_01"": 20.0, ""auv_00"": 20.0, ""auv_02"": 40.0, ""auv_04"": 40.0}",partial,40.0
85424607cd80fc940be0d3f9bf743dcc9e509f91,71b9d1bac99971fb,paper_risk_bounded_v1_2026-09-28,utility_v2_frozen_2026-09-28,safe_useful_retention_v1_2026-09-28,paper_ssp_200m_v1,2,300,300.0,B4,tr_0ab8a47a1225_gpu,0.95375,0.0,0.0,0,0.8,0.014184397163120567,1,"{""conflicting_task_ownership"": 0, ""duplicate_execution"": 0, ""contradictory_reassignment"": 1, ""incompatible_mission_state"": 0, ""inconsistent_anomaly_state"": 0}",75904,40800,116704,0.6503975870578558,0.4166666666666667,0.5833333333333334,"{""auv_00"": 20.0, ""auv_08"": 20.0, ""auv_01"": 20.0, ""auv_04"": 40.0, ""auv_02"": 40.0}",partial,40.0
85424607cd80fc940be0d3f9bf743dcc9e509f91,71b9d1bac99971fb,paper_risk_bounded_v1_2026-09-28,utility_v2_frozen_2026-09-28,safe_useful_retention_v1_2026-09-28,paper_ssp_200m_v1,2,300,300.0,B5_conservative,tr_0ab8a47a1225_gpu,-30.0458,0.0,0.0,0,0.0,0.0,0,"{""conflicting_task_ownership"": 0, ""duplicate_execution"": 0, ""contradictory_reassignment"": 0, ""incompatible_mission_state"": 0, ""inconsistent_anomaly_state"": 0}",75904,40800,116704,0.6503975870578558,0.4166666666666667,0.5833333333333334,"{""auv_01"": 20.0, ""auv_08"": 20.0, ""auv_00"": 20.0, ""auv_04"": 40.0, ""auv_02"": 40.0}",partial,40.0
85424607cd80fc940be0d3f9bf743dcc9e509f91,71b9d1bac99971fb,paper_risk_bounded_v1_2026-09-28,utility_v2_frozen_2026-09-28,safe_useful_retention_v1_2026-09-28,paper_ssp_200m_v1,2,300,300.0,B5_nominal,tr_0ab8a47a1225_gpu,-14.0806,0.925,0.925,74,1.0,1.0,6,"{""conflicting_task_ownership"": 0, ""duplicate_execution"": 0, ""contradictory_reassignment"": 1, ""incompatible_mission_state"": 1, ""inconsistent_anomaly_state"": 4}",75904,29920,105824,0.7172664045963109,0.4166666666666667,0.5833333333333334,"{""auv_01"": 20.0, ""auv_00"": 20.0, ""auv_08"": 20.0, ""auv_02"": 40.0, ""auv_04"": 40.0}",partial,40.0
85424607cd80fc940be0d3f9bf743dcc9e509f91,71b9d1bac99971fb,paper_risk_bounded_v1_2026-09-28,utility_v2_frozen_2026-09-28,safe_useful_retention_v1_2026-09-28,paper_ssp_200m_v1,2,300,300.0,B5_permissive,tr_0ab8a47a1225_gpu,-14.0806,0.925,0.925,74,1.0,1.0,6,"{""conflicting_task_ownership"": 0, ""duplicate_execution"": 0, ""contradictory_reassignment"": 1, ""incompatible_mission_state"": 1, ""inconsistent_anomaly_state"": 4}",75904,29920,105824,0.7172664045963109,0.4166666666666667,0.5833333333333334,"{""auv_08"": 20.0, ""auv_01"": 20.0, ""auv_00"": 20.0, ""auv_04"": 40.0, ""auv_02"": 40.0}",partial,40.0
85424607cd80fc940be0d3f9bf743dcc9e509f91,4a5313c84dfbfc90,paper_risk_bounded_v1_2026-09-28,utility_v2_frozen_2026-09-28,safe_useful_retention_v1_2026-09-28,paper_ssp_200m_v1,2,500,500.0,B1,tr_0ab8a47a1225_gpu,47.9189,0.75,0.9850746268656716,66,1.0,1.0,1,"{""conflicting_task_ownership"": 0, ""duplicate_execution"": 0, ""contradictory_reassignment"": 0, ""incompatible_mission_state"": 1, ""inconsistent_anomaly_state"": 0}",70912,34720,105632,0.6713117237200849,0.4166666666666667,0.5833333333333334,"{""auv_03"": 20.0, ""auv_07"": 20.0, ""auv_06"": 40.0, ""auv_01"": 40.0, ""auv_00"": 40.0}",partial,40.0
85424607cd80fc940be0d3f9bf743dcc9e509f91,4a5313c84dfbfc90,paper_risk_bounded_v1_2026-09-28,utility_v2_frozen_2026-09-28,safe_useful_retention_v1_2026-09-28,paper_ssp_200m_v1,2,500,500.0,B2,tr_0ab8a47a1225_gpu,-77.08455,0.9294117647058824,0.9294117647058824,79,1.0,1.0,9,"{""conflicting_task_ownership"": 0, ""duplicate_execution"": 0, ""contradictory_reassignment"": 1, ""incompatible_mission_state"": 4, ""inconsistent_anomaly_state"": 4}",70912,34720,105632,0.6713117237200849,0.4166666666666667,0.5833333333333334,"{""auv_07"": 20.0, ""auv_03"": 20.0, ""auv_01"": 40.0, ""auv_06"": 40.0, ""auv_00"": 40.0}",partial,40.0
85424607cd80fc940be0d3f9bf743dcc9e509f91,4a5313c84dfbfc90,paper_risk_bounded_v1_2026-09-28,utility_v2_frozen_2026-09-28,safe_useful_retention_v1_2026-09-28,paper_ssp_200m_v1,2,500,500.0,B3,tr_0ab8a47a1225_gpu,-30.0456,0.0,0.0,0,0.0,0.0,0,"{""conflicting_task_ownership"": 0, ""duplicate_execution"": 0, ""contradictory_reassignment"": 0, ""incompatible_mission_state"": 0, ""inconsistent_anomaly_state"": 0}",70912,45600,116512,0.6086240043943971,0.4166666666666667,0.5833333333333334,"{""auv_03"": 20.0, ""auv_07"": 20.0, ""auv_06"": 40.0, ""auv_01"": 40.0, ""auv_00"": 40.0}",partial,40.0
85424607cd80fc940be0d3f9bf743dcc9e509f91,4a5313c84dfbfc90,paper_risk_bounded_v1_2026-09-28,utility_v2_frozen_2026-09-28,safe_useful_retention_v1_2026-09-28,paper_ssp_200m_v1,2,500,500.0,B4,tr_0ab8a47a1225_gpu,0.95395,0.0,0.0,0,0.8,0.014336917562724014,1,"{""conflicting_task_ownership"": 0, ""duplicate_execution"": 0, ""contradictory_reassignment"": 1, ""incompatible_mission_state"": 0, ""inconsistent_anomaly_state"": 0}",70912,45600,116512,0.6086240043943971,0.4166666666666667,0.5833333333333334,"{""auv_07"": 20.0, ""auv_03"": 20.0, ""auv_06"": 40.0, ""auv_00"": 40.0, ""auv_01"": 40.0}",partial,40.0
85424607cd80fc940be0d3f9bf743dcc9e509f91,4a5313c84dfbfc90,paper_risk_bounded_v1_2026-09-28,utility_v2_frozen_2026-09-28,safe_useful_retention_v1_2026-09-28,paper_ssp_200m_v1,2,500,500.0,B5_conservative,tr_0ab8a47a1225_gpu,-30.0456,0.0,0.0,0,0.0,0.0,0,"{""conflicting_task_ownership"": 0, ""duplicate_execution"": 0, ""contradictory_reassignment"": 0, ""incompatible_mission_state"": 0, ""inconsistent_anomaly_state"": 0}",70912,45600,116512,0.6086240043943971,0.4166666666666667,0.5833333333333334,"{""auv_07"": 20.0, ""auv_03"": 20.0, ""auv_00"": 40.0, ""auv_06"": 40.0, ""auv_01"": 40.0}",partial,40.0
85424607cd80fc940be0d3f9bf743dcc9e509f91,4a5313c84dfbfc90,paper_risk_bounded_v1_2026-09-28,utility_v2_frozen_2026-09-28,safe_useful_retention_v1_2026-09-28,paper_ssp_200m_v1,2,500,500.0,B5_nominal,tr_0ab8a47a1225_gpu,-77.08455,0.9294117647058824,0.9294117647058824,79,1.0,1.0,9,"{""conflicting_task_ownership"": 0, ""duplicate_execution"": 0, ""contradictory_reassignment"": 1, ""incompatible_mission_state"": 4, ""inconsistent_anomaly_state"": 4}",70912,34720,105632,0.6713117237200849,0.4166666666666667,0.5833333333333334,"{""auv_07"": 20.0, ""auv_03"": 20.0, ""auv_06"": 40.0, ""auv_00"": 40.0, ""auv_01"": 40.0}",partial,40.0
85424607cd80fc940be0d3f9bf743dcc9e509f91,4a5313c84dfbfc90,paper_risk_bounded_v1_2026-09-28,utility_v2_frozen_2026-09-28,safe_useful_retention_v1_2026-09-28,paper_ssp_200m_v1,2,500,500.0,B5_permissive,tr_0ab8a47a1225_gpu,-77.08455,0.9294117647058824,0.9294117647058824,79,1.0,1.0,9,"{""conflicting_task_ownership"": 0, ""duplicate_execution"": 0, ""contradictory_reassignment"": 1, ""incompatible_mission_state"": 4, ""inconsistent_anomaly_state"": 4}",70912,34720,105632,0.6713117237200849,0.4166666666666667,0.5833333333333334,"{""auv_03"": 20.0, ""auv_07"": 20.0, ""auv_01"": 40.0, ""auv_06"": 40.0, ""auv_00"": 40.0}",partial,40.0
85424607cd80fc940be0d3f9bf743dcc9e509f91,8b9c19e87039ff2b,paper_risk_bounded_v1_2026-09-28,utility_v2_frozen_2026-09-28,safe_useful_retention_v1_2026-09-28,paper_ssp_200m_v1,2,750,750.0,B1,tr_0ab8a47a1225_gpu,47.9192,0.7252747252747253,0.9850746268656716,66,1.0,1.0,1,"{""conflicting_task_ownership"": 0, ""duplicate_execution"": 0, ""contradictory_reassignment"": 0, ""incompatible_mission_state"": 1, ""inconsistent_anomaly_state"": 0}",60416,40960,101376,0.5959595959595959,0.3333333333333333,0.6666666666666666,"{""auv_00"": 20.0, ""auv_02"": 20.0, ""auv_03"": 40.0, ""auv_01"": 60.0}",partial,60.0
85424607cd80fc940be0d3f9bf743dcc9e509f91,8b9c19e87039ff2b,paper_risk_bounded_v1_2026-09-28,utility_v2_frozen_2026-09-28,safe_useful_retention_v1_2026-09-28,paper_ssp_200m_v1,2,750,750.0,B2,tr_0ab8a47a1225_gpu,-77.08455,0.9294117647058824,0.9294117647058824,79,1.0,1.0,9,"{""conflicting_task_ownership"": 0, ""duplicate_execution"": 0, ""contradictory_reassignment"": 1, ""incompatible_mission_state"": 4, ""inconsistent_anomaly_state"": 4}",60416,40960,101376,0.5959595959595959,0.3333333333333333,0.6666666666666666,"{""auv_02"": 20.0, ""auv_00"": 20.0, ""auv_03"": 40.0, ""auv_01"": 60.0}",partial,60.0
85424607cd80fc940be0d3f9bf743dcc9e509f91,8b9c19e87039ff2b,paper_risk_bounded_v1_2026-09-28,utility_v2_frozen_2026-09-28,safe_useful_retention_v1_2026-09-28,paper_ssp_200m_v1,2,750,750.0,B3,tr_0ab8a47a1225_gpu,-30.0453,0.0,0.0,0,0.0,0.0,0,"{""conflicting_task_ownership"": 0, ""duplicate_execution"": 0, ""contradictory_reassignment"": 0, ""incompatible_mission_state"": 0, ""inconsistent_anomaly_state"": 0}",60416,51840,112256,0.5381984036488028,0.3333333333333333,0.6666666666666666,"{""auv_00"": 20.0, ""auv_02"": 20.0, ""auv_03"": 40.0, ""auv_01"": 60.0}",partial,60.0
85424607cd80fc940be0d3f9bf743dcc9e509f91,8b9c19e87039ff2b,paper_risk_bounded_v1_2026-09-28,utility_v2_frozen_2026-09-28,safe_useful_retention_v1_2026-09-28,paper_ssp_200m_v1,2,750,750.0,B4,tr_0ab8a47a1225_gpu,0.95425,0.0,0.0,0,0.8,0.014336917562724014,1,"{""conflicting_task_ownership"": 0, ""duplicate_execution"": 0, ""contradictory_reassignment"": 1, ""incompatible_mission_state"": 0, ""inconsistent_anomaly_state"": 0}",60416,51840,112256,0.5381984036488028,0.3333333333333333,0.6666666666666666,"{""auv_00"": 20.0, ""auv_02"": 20.0, ""auv_03"": 40.0, ""auv_01"": 60.0}",partial,60.0
85424607cd80fc940be0d3f9bf743dcc9e509f91,8b9c19e87039ff2b,paper_risk_bounded_v1_2026-09-28,utility_v2_frozen_2026-09-28,safe_useful_retention_v1_2026-09-28,paper_ssp_200m_v1,2,750,750.0,B5_conservative,tr_0ab8a47a1225_gpu,-30.0453,0.0,0.0,0,0.0,0.0,0,"{""conflicting_task_ownership"": 0, ""duplicate_execution"": 0, ""contradictory_reassignment"": 0, ""incompatible_mission_state"": 0, ""inconsistent_anomaly_state"": 0}",60416,51840,112256,0.5381984036488028,0.3333333333333333,0.6666666666666666,"{""auv_02"": 20.0, ""auv_00"": 20.0, ""auv_03"": 40.0, ""auv_01"": 60.0}",partial,60.0
85424607cd80fc940be0d3f9bf743dcc9e509f91,8b9c19e87039ff2b,paper_risk_bounded_v1_2026-09-28,utility_v2_frozen_2026-09-28,safe_useful_retention_v1_2026-09-28,paper_ssp_200m_v1,2,750,750.0,B5_nominal,tr_0ab8a47a1225_gpu,-77.08455,0.9294117647058824,0.9294117647058824,79,1.0,1.0,9,"{""conflicting_task_ownership"": 0, ""duplicate_execution"": 0, ""contradictory_reassignment"": 1, ""incompatible_mission_state"": 4, ""inconsistent_anomaly_state"": 4}",60416,40960,101376,0.5959595959595959,0.3333333333333333,0.6666666666666666,"{""auv_02"": 20.0, ""auv_00"": 20.0, ""auv_03"": 40.0, ""auv_01"": 60.0}",partial,60.0
85424607cd80fc940be0d3f9bf743dcc9e509f91,8b9c19e87039ff2b,paper_risk_bounded_v1_2026-09-28,utility_v2_frozen_2026-09-28,safe_useful_retention_v1_2026-09-28,paper_ssp_200m_v1,2,750,750.0,B5_permissive,tr_0ab8a47a1225_gpu,-77.08455,0.9294117647058824,0.9294117647058824,79,1.0,1.0,9,"{""conflicting_task_ownership"": 0, ""duplicate_execution"": 0, ""contradictory_reassignment"": 1, ""incompatible_mission_state"": 4, ""inconsistent_anomaly_state"": 4}",60416,40960,101376,0.5959595959595959,0.3333333333333333,0.6666666666666666,"{""auv_00"": 20.0, ""auv_02"": 20.0, ""auv_03"": 40.0, ""auv_01"": 60.0}",partial,60.0
85424607cd80fc940be0d3f9bf743dcc9e509f91,de49eecf229a8c0b,paper_risk_bounded_v1_2026-09-28,utility_v2_frozen_2026-09-28,safe_useful_retention_v1_2026-09-28,paper_ssp_200m_v1,2,1000,1000.0,B1,tr_0ab8a47a1225_gpu,47.9229,0.6666666666666666,0.9850746268656716,66,1.0,1.0,1,"{""conflicting_task_ownership"": 0, ""duplicate_execution"": 0, ""contradictory_reassignment"": 0, ""incompatible_mission_state"": 1, ""inconsistent_anomaly_state"": 0}",56960,46720,103680,0.5493827160493827,0.5,0.5,"{""auv_01"": 20.0, ""auv_02"": 40.0, ""auv_08"": 60.0, ""auv_10"": 60.0, ""auv_07"": 60.0, ""auv_00"": 60.0}",partial,60.0
85424607cd80fc940be0d3f9bf743dcc9e509f91,de49eecf229a8c0b,paper_risk_bounded_v1_2026-09-28,utility_v2_frozen_2026-09-28,safe_useful_retention_v1_2026-09-28,paper_ssp_200m_v1,2,1000,1000.0,B2,tr_0ab8a47a1225_gpu,-117.08815,0.9325842696629213,0.9325842696629213,83,1.0,1.0,9,"{""conflicting_task_ownership"": 0, ""duplicate_execution"": 0, ""contradictory_reassignment"": 1, ""incompatible_mission_state"": 4, ""inconsistent_anomaly_state"": 4}",56960,46720,103680,0.5493827160493827,0.5,0.5,"{""auv_01"": 20.0, ""auv_02"": 40.0, ""auv_08"": 60.0, ""auv_00"": 60.0, ""auv_10"": 60.0, ""auv_07"": 60.0}",partial,60.0
85424607cd80fc940be0d3f9bf743dcc9e509f91,de49eecf229a8c0b,paper_risk_bounded_v1_2026-09-28,utility_v2_frozen_2026-09-28,safe_useful_retention_v1_2026-09-28,paper_ssp_200m_v1,2,1000,1000.0,B3,tr_0ab8a47a1225_gpu,-30.0449,0.0,0.0,0,0.0,0.0,0,"{""conflicting_task_ownership"": 0, ""duplicate_execution"": 0, ""contradictory_reassignment"": 0, ""incompatible_mission_state"": 0, ""inconsistent_anomaly_state"": 0}",56960,57600,114560,0.4972067039106145,0.5,0.5,"{""auv_01"": 20.0, ""auv_02"": 40.0, ""auv_07"": 60.0, ""auv_10"": 60.0, ""auv_08"": 60.0, ""auv_00"": 60.0}",partial,60.0
85424607cd80fc940be0d3f9bf743dcc9e509f91,de49eecf229a8c0b,paper_risk_bounded_v1_2026-09-28,utility_v2_frozen_2026-09-28,safe_useful_retention_v1_2026-09-28,paper_ssp_200m_v1,2,1000,1000.0,B4,tr_0ab8a47a1225_gpu,0.9551499999999999,0.0,0.0,0,0.8,0.014492753623188406,1,"{""conflicting_task_ownership"": 0, ""duplicate_execution"": 0, ""contradictory_reassignment"": 1, ""incompatible_mission_state"": 0, ""inconsistent_anomaly_state"": 0}",56960,57600,114560,0.4972067039106145,0.5,0.5,"{""auv_01"": 20.0, ""auv_02"": 40.0, ""auv_10"": 60.0, ""auv_07"": 60.0, ""auv_00"": 60.0, ""auv_08"": 60.0}",partial,60.0
85424607cd80fc940be0d3f9bf743dcc9e509f91,de49eecf229a8c0b,paper_risk_bounded_v1_2026-09-28,utility_v2_frozen_2026-09-28,safe_useful_retention_v1_2026-09-28,paper_ssp_200m_v1,2,1000,1000.0,B5_conservative,tr_0ab8a47a1225_gpu,-30.0449,0.0,0.0,0,0.0,0.0,0,"{""conflicting_task_ownership"": 0, ""duplicate_execution"": 0, ""contradictory_reassignment"": 0, ""incompatible_mission_state"": 0, ""inconsistent_anomaly_state"": 0}",56960,57600,114560,0.4972067039106145,0.5,0.5,"{""auv_01"": 20.0, ""auv_02"": 40.0, ""auv_10"": 60.0, ""auv_07"": 60.0, ""auv_08"": 60.0, ""auv_00"": 60.0}",partial,60.0
85424607cd80fc940be0d3f9bf743dcc9e509f91,de49eecf229a8c0b,paper_risk_bounded_v1_2026-09-28,utility_v2_frozen_2026-09-28,safe_useful_retention_v1_2026-09-28,paper_ssp_200m_v1,2,1000,1000.0,B5_nominal,tr_0ab8a47a1225_gpu,-117.08815,0.9325842696629213,0.9325842696629213,83,1.0,1.0,9,"{""conflicting_task_ownership"": 0, ""duplicate_execution"": 0, ""contradictory_reassignment"": 1, ""incompatible_mission_state"": 4, ""inconsistent_anomaly_state"": 4}",56960,46720,103680,0.5493827160493827,0.5,0.5,"{""auv_01"": 20.0, ""auv_02"": 40.0, ""auv_07"": 60.0, ""auv_08"": 60.0, ""auv_00"": 60.0, ""auv_10"": 60.0}",partial,60.0
85424607cd80fc940be0d3f9bf743dcc9e509f91,de49eecf229a8c0b,paper_risk_bounded_v1_2026-09-28,utility_v2_frozen_2026-09-28,safe_useful_retention_v1_2026-09-28,paper_ssp_200m_v1,2,1000,1000.0,B5_permissive,tr_0ab8a47a1225_gpu,-117.08815,0.9325842696629213,0.9325842696629213,83,1.0,1.0,9,"{""conflicting_task_ownership"": 0, ""duplicate_execution"": 0, ""contradictory_reassignment"": 1, ""incompatible_mission_state"": 4, ""inconsistent_anomaly_state"": 4}",56960,46720,103680,0.5493827160493827,0.5,0.5,"{""auv_01"": 20.0, ""auv_02"": 40.0, ""auv_08"": 60.0, ""auv_07"": 60.0, ""auv_00"": 60.0, ""auv_10"": 60.0}",partial,60.0
85424607cd80fc940be0d3f9bf743dcc9e509f91,3378b7fb24d8c537,paper_risk_bounded_v1_2026-09-28,utility_v2_frozen_2026-09-28,safe_useful_retention_v1_2026-09-28,paper_ssp_200m_v1,3,0,0.0,B1,tr_f9f4d2c6f6d1_gpu,47.9171,0.9857142857142858,0.9857142857142858,69,1.0,1.0,1,"{""conflicting_task_ownership"": 0, ""duplicate_execution"": 0, ""contradictory_reassignment"": 0, ""incompatible_mission_state"": 1, ""inconsistent_anomaly_state"": 0}",78336,17040,95376,0.8213387015601409,,,{},idle,0.0
85424607cd80fc940be0d3f9bf743dcc9e509f91,3378b7fb24d8c537,paper_risk_bounded_v1_2026-09-28,utility_v2_frozen_2026-09-28,safe_useful_retention_v1_2026-09-28,paper_ssp_200m_v1,3,0,0.0,B2,tr_f9f4d2c6f6d1_gpu,47.9171,0.9857142857142858,0.9857142857142858,69,1.0,1.0,1,"{""conflicting_task_ownership"": 0, ""duplicate_execution"": 0, ""contradictory_reassignment"": 0, ""incompatible_mission_state"": 1, ""inconsistent_anomaly_state"": 0}",78336,17040,95376,0.8213387015601409,,,{},idle,0.0
85424607cd80fc940be0d3f9bf743dcc9e509f91,3378b7fb24d8c537,paper_risk_bounded_v1_2026-09-28,utility_v2_frozen_2026-09-28,safe_useful_retention_v1_2026-09-28,paper_ssp_200m_v1,3,0,0.0,B3,tr_f9f4d2c6f6d1_gpu,-30.0462,0.0,0.0,0,0.0,0.0,0,"{""conflicting_task_ownership"": 0, ""duplicate_execution"": 0, ""contradictory_reassignment"": 0, ""incompatible_mission_state"": 0, ""inconsistent_anomaly_state"": 0}",78336,25200,103536,0.7566063977746871,,,{},idle,0.0
85424607cd80fc940be0d3f9bf743dcc9e509f91,3378b7fb24d8c537,paper_risk_bounded_v1_2026-09-28,utility_v2_frozen_2026-09-28,safe_useful_retention_v1_2026-09-28,paper_ssp_200m_v1,3,0,0.0,B4,tr_f9f4d2c6f6d1_gpu,-18.0462,0.0,0.0,0,1.0,0.0035714285714285713,0,"{""conflicting_task_ownership"": 0, ""duplicate_execution"": 0, ""contradictory_reassignment"": 0, ""incompatible_mission_state"": 0, ""inconsistent_anomaly_state"": 0}",78336,25200,103536,0.7566063977746871,,,{},idle,0.0
85424607cd80fc940be0d3f9bf743dcc9e509f91,3378b7fb24d8c537,paper_risk_bounded_v1_2026-09-28,utility_v2_frozen_2026-09-28,safe_useful_retention_v1_2026-09-28,paper_ssp_200m_v1,3,0,0.0,B5_conservative,tr_f9f4d2c6f6d1_gpu,-30.0462,0.0,0.0,0,0.0,0.0,0,"{""conflicting_task_ownership"": 0, ""duplicate_execution"": 0, ""contradictory_reassignment"": 0, ""incompatible_mission_state"": 0, ""inconsistent_anomaly_state"": 0}",78336,25200,103536,0.7566063977746871,,,{},idle,0.0
85424607cd80fc940be0d3f9bf743dcc9e509f91,3378b7fb24d8c537,paper_risk_bounded_v1_2026-09-28,utility_v2_frozen_2026-09-28,safe_useful_retention_v1_2026-09-28,paper_ssp_200m_v1,3,0,0.0,B5_nominal,tr_f9f4d2c6f6d1_gpu,47.9171,0.9857142857142858,0.9857142857142858,69,1.0,1.0,1,"{""conflicting_task_ownership"": 0, ""duplicate_execution"": 0, ""contradictory_reassignment"": 0, ""incompatible_mission_state"": 1, ""inconsistent_anomaly_state"": 0}",78336,17040,95376,0.8213387015601409,,,{},idle,0.0
85424607cd80fc940be0d3f9bf743dcc9e509f91,3378b7fb24d8c537,paper_risk_bounded_v1_2026-09-28,utility_v2_frozen_2026-09-28,safe_useful_retention_v1_2026-09-28,paper_ssp_200m_v1,3,0,0.0,B5_permissive,tr_f9f4d2c6f6d1_gpu,47.9171,0.9857142857142858,0.9857142857142858,69,1.0,1.0,1,"{""conflicting_task_ownership"": 0, ""duplicate_execution"": 0, ""contradictory_reassignment"": 0, ""incompatible_mission_state"": 1, ""inconsistent_anomaly_state"": 0}",78336,17040,95376,0.8213387015601409,,,{},idle,0.0
85424607cd80fc940be0d3f9bf743dcc9e509f91,7fef51b4f8aee9a4,paper_risk_bounded_v1_2026-09-28,utility_v2_frozen_2026-09-28,safe_useful_retention_v1_2026-09-28,paper_ssp_200m_v1,3,150,150.0,B1,tr_f9f4d2c6f6d1_gpu,47.9177,0.868421052631579,0.9850746268656716,66,1.0,1.0,1,"{""conflicting_task_ownership"": 0, ""duplicate_execution"": 0, ""contradictory_reassignment"": 0, ""incompatible_mission_state"": 1, ""inconsistent_anomaly_state"": 0}",84480,20880,105360,0.8018223234624146,0.5833333333333334,0.4166666666666667,"{""auv_00"": 20.0, ""auv_02"": 20.0, ""auv_11"": 20.0, ""auv_07"": 20.0, ""auv_10"": 40.0, ""auv_01"": 40.0, ""auv_08"": 60.0}",partial,60.0
85424607cd80fc940be0d3f9bf743dcc9e509f91,7fef51b4f8aee9a4,paper_risk_bounded_v1_2026-09-28,utility_v2_frozen_2026-09-28,safe_useful_retention_v1_2026-09-28,paper_ssp_200m_v1,3,150,150.0,B2,tr_f9f4d2c6f6d1_gpu,41.923,0.9210526315789473,0.9210526315789473,70,1.0,1.0,2,"{""conflicting_task_ownership"": 0, ""duplicate_execution"": 0, ""contradictory_reassignment"": 1, ""incompatible_mission_state"": 1, ""inconsistent_anomaly_state"": 0}",84480,20880,105360,0.8018223234624146,0.5833333333333334,0.4166666666666667,"{""auv_00"": 20.0, ""auv_11"": 20.0, ""auv_07"": 20.0, ""auv_02"": 20.0, ""auv_01"": 40.0, ""auv_10"": 40.0, ""auv_08"": 60.0}",partial,60.0
85424607cd80fc940be0d3f9bf743dcc9e509f91,7fef51b4f8aee9a4,paper_risk_bounded_v1_2026-09-28,utility_v2_frozen_2026-09-28,safe_useful_retention_v1_2026-09-28,paper_ssp_200m_v1,3,150,150.0,B3,tr_f9f4d2c6f6d1_gpu,-30.046,0.0,0.0,0,0.0,0.0,0,"{""conflicting_task_ownership"": 0, ""duplicate_execution"": 0, ""contradictory_reassignment"": 0, ""incompatible_mission_state"": 0, ""inconsistent_anomaly_state"": 0}",84480,29040,113520,0.7441860465116279,0.5833333333333334,0.4166666666666667,"{""auv_02"": 20.0, ""auv_07"": 20.0, ""auv_00"": 20.0, ""auv_11"": 20.0, ""auv_10"": 40.0, ""auv_01"": 40.0, ""auv_08"": 60.0}",partial,60.0
85424607cd80fc940be0d3f9bf743dcc9e509f91,7fef51b4f8aee9a4,paper_risk_bounded_v1_2026-09-28,utility_v2_frozen_2026-09-28,safe_useful_retention_v1_2026-09-28,paper_ssp_200m_v1,3,150,150.0,B4,tr_f9f4d2c6f6d1_gpu,0.95355,0.0,0.0,0,0.8,0.014234875444839857,1,"{""conflicting_task_ownership"": 0, ""duplicate_execution"": 0, ""contradictory_reassignment"": 1, ""incompatible_mission_state"": 0, ""inconsistent_anomaly_state"": 0}",84480,29040,113520,0.7441860465116279,0.5833333333333334,0.4166666666666667,"{""auv_11"": 20.0, ""auv_00"": 20.0, ""auv_02"": 20.0, ""auv_07"": 20.0, ""auv_01"": 40.0, ""auv_10"": 40.0, ""auv_08"": 60.0}",partial,60.0
85424607cd80fc940be0d3f9bf743dcc9e509f91,7fef51b4f8aee9a4,paper_risk_bounded_v1_2026-09-28,utility_v2_frozen_2026-09-28,safe_useful_retention_v1_2026-09-28,paper_ssp_200m_v1,3,150,150.0,B5_conservative,tr_f9f4d2c6f6d1_gpu,-30.046,0.0,0.0,0,0.0,0.0,0,"{""conflicting_task_ownership"": 0, ""duplicate_execution"": 0, ""contradictory_reassignment"": 0, ""incompatible_mission_state"": 0, ""inconsistent_anomaly_state"": 0}",84480,29040,113520,0.7441860465116279,0.5833333333333334,0.4166666666666667,"{""auv_00"": 20.0, ""auv_07"": 20.0, ""auv_11"": 20.0, ""auv_02"": 20.0, ""auv_01"": 40.0, ""auv_10"": 40.0, ""auv_08"": 60.0}",partial,60.0
85424607cd80fc940be0d3f9bf743dcc9e509f91,7fef51b4f8aee9a4,paper_risk_bounded_v1_2026-09-28,utility_v2_frozen_2026-09-28,safe_useful_retention_v1_2026-09-28,paper_ssp_200m_v1,3,150,150.0,B5_nominal,tr_f9f4d2c6f6d1_gpu,41.923,0.9210526315789473,0.9210526315789473,70,1.0,1.0,2,"{""conflicting_task_ownership"": 0, ""duplicate_execution"": 0, ""contradictory_reassignment"": 1, ""incompatible_mission_state"": 1, ""inconsistent_anomaly_state"": 0}",84480,20880,105360,0.8018223234624146,0.5833333333333334,0.4166666666666667,"{""auv_02"": 20.0, ""auv_00"": 20.0, ""auv_07"": 20.0, ""auv_11"": 20.0, ""auv_01"": 40.0, ""auv_10"": 40.0, ""auv_08"": 60.0}",partial,60.0
85424607cd80fc940be0d3f9bf743dcc9e509f91,7fef51b4f8aee9a4,paper_risk_bounded_v1_2026-09-28,utility_v2_frozen_2026-09-28,safe_useful_retention_v1_2026-09-28,paper_ssp_200m_v1,3,150,150.0,B5_permissive,tr_f9f4d2c6f6d1_gpu,41.923,0.9210526315789473,0.9210526315789473,70,1.0,1.0,2,"{""conflicting_task_ownership"": 0, ""duplicate_execution"": 0, ""contradictory_reassignment"": 1, ""incompatible_mission_state"": 1, ""inconsistent_anomaly_state"": 0}",84480,20880,105360,0.8018223234624146,0.5833333333333334,0.4166666666666667,"{""auv_07"": 20.0, ""auv_00"": 20.0, ""auv_02"": 20.0, ""auv_11"": 20.0, ""auv_01"": 40.0, ""auv_10"": 40.0, ""auv_08"": 60.0}",partial,60.0
85424607cd80fc940be0d3f9bf743dcc9e509f91,08b3e6dcd54a7c7e,paper_risk_bounded_v1_2026-09-28,utility_v2_frozen_2026-09-28,safe_useful_retention_v1_2026-09-28,paper_ssp_200m_v1,3,300,300.0,B1,tr_f9f4d2c6f6d1_gpu,47.9183,0.8170731707317073,0.9852941176470589,67,1.0,1.0,1,"{""conflicting_task_ownership"": 0, ""duplicate_execution"": 0, ""contradictory_reassignment"": 0, ""incompatible_mission_state"": 1, ""inconsistent_anomaly_state"": 0}",81664,24240,105904,0.7711134612479227,0.4166666666666667,0.5833333333333334,"{""auv_08"": 20.0, ""auv_02"": 20.0, ""auv_00"": 20.0, ""auv_01"": 20.0, ""auv_04"": 40.0}",partial,40.0
85424607cd80fc940be0d3f9bf743dcc9e509f91,08b3e6dcd54a7c7e,paper_risk_bounded_v1_2026-09-28,utility_v2_frozen_2026-09-28,safe_useful_retention_v1_2026-09-28,paper_ssp_200m_v1,3,300,300.0,B2,tr_f9f4d2c6f6d1_gpu,-14.0806,0.925,0.925,74,1.0,1.0,6,"{""conflicting_task_ownership"": 0, ""duplicate_execution"": 0, ""contradictory_reassignment"": 1, ""incompatible_mission_state"": 1, ""inconsistent_anomaly_state"": 4}",81664,24240,105904,0.7711134612479227,0.4166666666666667,0.5833333333333334,"{""auv_01"": 20.0, ""auv_02"": 20.0, ""auv_00"": 20.0, ""auv_08"": 20.0, ""auv_04"": 40.0}",partial,40.0
85424607cd80fc940be0d3f9bf743dcc9e509f91,08b3e6dcd54a7c7e,paper_risk_bounded_v1_2026-09-28,utility_v2_frozen_2026-09-28,safe_useful_retention_v1_2026-09-28,paper_ssp_200m_v1,3,300,300.0,B3,tr_f9f4d2c6f6d1_gpu,-30.0458,0.0,0.0,0,0.0,0.0,0,"{""conflicting_task_ownership"": 0, ""duplicate_execution"": 0, ""contradictory_reassignment"": 0, ""incompatible_mission_state"": 0, ""inconsistent_anomaly_state"": 0}",81664,32400,114064,0.7159489409454342,0.4166666666666667,0.5833333333333334,"{""auv_01"": 20.0, ""auv_00"": 20.0, ""auv_02"": 20.0, ""auv_08"": 20.0, ""auv_04"": 40.0}",partial,40.0
85424607cd80fc940be0d3f9bf743dcc9e509f91,08b3e6dcd54a7c7e,paper_risk_bounded_v1_2026-09-28,utility_v2_frozen_2026-09-28,safe_useful_retention_v1_2026-09-28,paper_ssp_200m_v1,3,300,300.0,B4,tr_f9f4d2c6f6d1_gpu,0.95375,0.0,0.0,0,0.8,0.014184397163120567,1,"{""conflicting_task_ownership"": 0, ""duplicate_execution"": 0, ""contradictory_reassignment"": 1, ""incompatible_mission_state"": 0, ""inconsistent_anomaly_state"": 0}",81664,32400,114064,0.7159489409454342,0.4166666666666667,0.5833333333333334,"{""auv_02"": 20.0, ""auv_01"": 20.0, ""auv_00"": 20.0, ""auv_08"": 20.0, ""auv_04"": 40.0}",partial,40.0
85424607cd80fc940be0d3f9bf743dcc9e509f91,08b3e6dcd54a7c7e,paper_risk_bounded_v1_2026-09-28,utility_v2_frozen_2026-09-28,safe_useful_retention_v1_2026-09-28,paper_ssp_200m_v1,3,300,300.0,B5_conservative,tr_f9f4d2c6f6d1_gpu,-30.0458,0.0,0.0,0,0.0,0.0,0,"{""conflicting_task_ownership"": 0, ""duplicate_execution"": 0, ""contradictory_reassignment"": 0, ""incompatible_mission_state"": 0, ""inconsistent_anomaly_state"": 0}",81664,32400,114064,0.7159489409454342,0.4166666666666667,0.5833333333333334,"{""auv_08"": 20.0, ""auv_01"": 20.0, ""auv_02"": 20.0, ""auv_00"": 20.0, ""auv_04"": 40.0}",partial,40.0
85424607cd80fc940be0d3f9bf743dcc9e509f91,08b3e6dcd54a7c7e,paper_risk_bounded_v1_2026-09-28,utility_v2_frozen_2026-09-28,safe_useful_retention_v1_2026-09-28,paper_ssp_200m_v1,3,300,300.0,B5_nominal,tr_f9f4d2c6f6d1_gpu,-14.0806,0.925,0.925,74,1.0,1.0,6,"{""conflicting_task_ownership"": 0, ""duplicate_execution"": 0, ""contradictory_reassignment"": 1, ""incompatible_mission_state"": 1, ""inconsistent_anomaly_state"": 4}",81664,24240,105904,0.7711134612479227,0.4166666666666667,0.5833333333333334,"{""auv_01"": 20.0, ""auv_08"": 20.0, ""auv_02"": 20.0, ""auv_00"": 20.0, ""auv_04"": 40.0}",partial,40.0
85424607cd80fc940be0d3f9bf743dcc9e509f91,08b3e6dcd54a7c7e,paper_risk_bounded_v1_2026-09-28,utility_v2_frozen_2026-09-28,safe_useful_retention_v1_2026-09-28,paper_ssp_200m_v1,3,300,300.0,B5_permissive,tr_f9f4d2c6f6d1_gpu,-14.0806,0.925,0.925,74,1.0,1.0,6,"{""conflicting_task_ownership"": 0, ""duplicate_execution"": 0, ""contradictory_reassignment"": 1, ""incompatible_mission_state"": 1, ""inconsistent_anomaly_state"": 4}",81664,24240,105904,0.7711134612479227,0.4166666666666667,0.5833333333333334,"{""auv_08"": 20.0, ""auv_02"": 20.0, ""auv_00"": 20.0, ""auv_01"": 20.0, ""auv_04"": 40.0}",partial,40.0
85424607cd80fc940be0d3f9bf743dcc9e509f91,19b0f08ebbc6e51a,paper_risk_bounded_v1_2026-09-28,utility_v2_frozen_2026-09-28,safe_useful_retention_v1_2026-09-28,paper_ssp_200m_v1,3,500,500.0,B1,tr_f9f4d2c6f6d1_gpu,47.9189,0.75,0.9850746268656716,66,1.0,1.0,1,"{""conflicting_task_ownership"": 0, ""duplicate_execution"": 0, ""contradictory_reassignment"": 0, ""incompatible_mission_state"": 1, ""inconsistent_anomaly_state"": 0}",73984,29040,103024,0.7181239322876223,0.4166666666666667,0.5833333333333334,"{""auv_03"": 20.0, ""auv_01"": 40.0, ""auv_06"": 40.0, ""auv_00"": 40.0, ""auv_02"": 40.0}",partial,40.0
85424607cd80fc940be0d3f9bf743dcc9e509f91,19b0f08ebbc6e51a,paper_risk_bounded_v1_2026-09-28,utility_v2_frozen_2026-09-28,safe_useful_retention_v1_2026-09-28,paper_ssp_200m_v1,3,500,500.0,B2,tr_f9f4d2c6f6d1_gpu,-77.08455,0.9294117647058824,0.9294117647058824,79,1.0,1.0,9,"{""conflicting_task_ownership"": 0, ""duplicate_execution"": 0, ""contradictory_reassignment"": 1, ""incompatible_mission_state"": 4, ""inconsistent_anomaly_state"": 4}",73984,29040,103024,0.7181239322876223,0.4166666666666667,0.5833333333333334,"{""auv_03"": 20.0, ""auv_00"": 40.0, ""auv_02"": 40.0, ""auv_01"": 40.0, ""auv_06"": 40.0}",partial,40.0
85424607cd80fc940be0d3f9bf743dcc9e509f91,19b0f08ebbc6e51a,paper_risk_bounded_v1_2026-09-28,utility_v2_frozen_2026-09-28,safe_useful_retention_v1_2026-09-28,paper_ssp_200m_v1,3,500,500.0,B3,tr_f9f4d2c6f6d1_gpu,-30.0456,0.0,0.0,0,0.0,0.0,0,"{""conflicting_task_ownership"": 0, ""duplicate_execution"": 0, ""contradictory_reassignment"": 0, ""incompatible_mission_state"": 0, ""inconsistent_anomaly_state"": 0}",73984,37200,111184,0.6654194848179594,0.4166666666666667,0.5833333333333334,"{""auv_03"": 20.0, ""auv_02"": 40.0, ""auv_01"": 40.0, ""auv_06"": 40.0, ""auv_00"": 40.0}",partial,40.0
85424607cd80fc940be0d3f9bf743dcc9e509f91,19b0f08ebbc6e51a,paper_risk_bounded_v1_2026-09-28,utility_v2_frozen_2026-09-28,safe_useful_retention_v1_2026-09-28,paper_ssp_200m_v1,3,500,500.0,B4,tr_f9f4d2c6f6d1_gpu,0.95395,0.0,0.0,0,0.8,0.014336917562724014,1,"{""conflicting_task_ownership"": 0, ""duplicate_execution"": 0, ""contradictory_reassignment"": 1, ""incompatible_mission_state"": 0, ""inconsistent_anomaly_state"": 0}",73984,37200,111184,0.6654194848179594,0.4166666666666667,0.5833333333333334,"{""auv_03"": 20.0, ""auv_06"": 40.0, ""auv_01"": 40.0, ""auv_00"": 40.0, ""auv_02"": 40.0}",partial,40.0
85424607cd80fc940be0d3f9bf743dcc9e509f91,19b0f08ebbc6e51a,paper_risk_bounded_v1_2026-09-28,utility_v2_frozen_2026-09-28,safe_useful_retention_v1_2026-09-28,paper_ssp_200m_v1,3,500,500.0,B5_conservative,tr_f9f4d2c6f6d1_gpu,-30.0456,0.0,0.0,0,0.0,0.0,0,"{""conflicting_task_ownership"": 0, ""duplicate_execution"": 0, ""contradictory_reassignment"": 0, ""incompatible_mission_state"": 0, ""inconsistent_anomaly_state"": 0}",73984,37200,111184,0.6654194848179594,0.4166666666666667,0.5833333333333334,"{""auv_03"": 20.0, ""auv_02"": 40.0, ""auv_00"": 40.0, ""auv_01"": 40.0, ""auv_06"": 40.0}",partial,40.0
85424607cd80fc940be0d3f9bf743dcc9e509f91,19b0f08ebbc6e51a,paper_risk_bounded_v1_2026-09-28,utility_v2_frozen_2026-09-28,safe_useful_retention_v1_2026-09-28,paper_ssp_200m_v1,3,500,500.0,B5_nominal,tr_f9f4d2c6f6d1_gpu,-77.08455,0.9294117647058824,0.9294117647058824,79,1.0,1.0,9,"{""conflicting_task_ownership"": 0, ""duplicate_execution"": 0, ""contradictory_reassignment"": 1, ""incompatible_mission_state"": 4, ""inconsistent_anomaly_state"": 4}",73984,29040,103024,0.7181239322876223,0.4166666666666667,0.5833333333333334,"{""auv_03"": 20.0, ""auv_02"": 40.0, ""auv_06"": 40.0, ""auv_01"": 40.0, ""auv_00"": 40.0}",partial,40.0
85424607cd80fc940be0d3f9bf743dcc9e509f91,19b0f08ebbc6e51a,paper_risk_bounded_v1_2026-09-28,utility_v2_frozen_2026-09-28,safe_useful_retention_v1_2026-09-28,paper_ssp_200m_v1,3,500,500.0,B5_permissive,tr_f9f4d2c6f6d1_gpu,-77.08455,0.9294117647058824,0.9294117647058824,79,1.0,1.0,9,"{""conflicting_task_ownership"": 0, ""duplicate_execution"": 0, ""contradictory_reassignment"": 1, ""incompatible_mission_state"": 4, ""inconsistent_anomaly_state"": 4}",73984,29040,103024,0.7181239322876223,0.4166666666666667,0.5833333333333334,"{""auv_03"": 20.0, ""auv_06"": 40.0, ""auv_01"": 40.0, ""auv_02"": 40.0, ""auv_00"": 40.0}",partial,40.0
85424607cd80fc940be0d3f9bf743dcc9e509f91,33482a6d0806a51a,paper_risk_bounded_v1_2026-09-28,utility_v2_frozen_2026-09-28,safe_useful_retention_v1_2026-09-28,paper_ssp_200m_v1,3,750,750.0,B1,tr_f9f4d2c6f6d1_gpu,47.9192,0.7252747252747253,0.9850746268656716,66,1.0,1.0,1,"{""conflicting_task_ownership"": 0, ""duplicate_execution"": 0, ""contradictory_reassignment"": 0, ""incompatible_mission_state"": 1, ""inconsistent_anomaly_state"": 0}",62336,35280,97616,0.6385838387149647,0.3333333333333333,0.6666666666666666,"{""auv_02"": 20.0, ""auv_00"": 20.0, ""auv_03"": 40.0, ""auv_01"": 40.0}",partial,40.0
85424607cd80fc940be0d3f9bf743dcc9e509f91,33482a6d0806a51a,paper_risk_bounded_v1_2026-09-28,utility_v2_frozen_2026-09-28,safe_useful_retention_v1_2026-09-28,paper_ssp_200m_v1,3,750,750.0,B2,tr_f9f4d2c6f6d1_gpu,-77.08455,0.9294117647058824,0.9294117647058824,79,1.0,1.0,9,"{""conflicting_task_ownership"": 0, ""duplicate_execution"": 0, ""contradictory_reassignment"": 1, ""incompatible_mission_state"": 4, ""inconsistent_anomaly_state"": 4}",62336,35280,97616,0.6385838387149647,0.3333333333333333,0.6666666666666666,"{""auv_02"": 20.0, ""auv_00"": 20.0, ""auv_01"": 40.0, ""auv_03"": 40.0}",partial,40.0
85424607cd80fc940be0d3f9bf743dcc9e509f91,33482a6d0806a51a,paper_risk_bounded_v1_2026-09-28,utility_v2_frozen_2026-09-28,safe_useful_retention_v1_2026-09-28,paper_ssp_200m_v1,3,750,750.0,B3,tr_f9f4d2c6f6d1_gpu,-30.0453,0.0,0.0,0,0.0,0.0,0,"{""conflicting_task_ownership"": 0, ""duplicate_execution"": 0, ""contradictory_reassignment"": 0, ""incompatible_mission_state"": 0, ""inconsistent_anomaly_state"": 0}",62336,43440,105776,0.5893208289214945,0.3333333333333333,0.6666666666666666,"{""auv_00"": 20.0, ""auv_02"": 20.0, ""auv_01"": 40.0, ""auv_03"": 40.0}",partial,40.0
85424607cd80fc940be0d3f9bf743dcc9e509f91,33482a6d0806a51a,paper_risk_bounded_v1_2026-09-28,utility_v2_frozen_2026-09-28,safe_useful_retention_v1_2026-09-28,paper_ssp_200m_v1,3,750,750.0,B4,tr_f9f4d2c6f6d1_gpu,0.95425,0.0,0.0,0,0.8,0.014336917562724014,1,"{""conflicting_task_ownership"": 0, ""duplicate_execution"": 0, ""contradictory_reassignment"": 1, ""incompatible_mission_state"": 0, ""inconsistent_anomaly_state"": 0}",62336,43440,105776,0.5893208289214945,0.3333333333333333,0.6666666666666666,"{""auv_00"": 20.0, ""auv_02"": 20.0, ""auv_01"": 40.0, ""auv_03"": 40.0}",partial,40.0
85424607cd80fc940be0d3f9bf743dcc9e509f91,33482a6d0806a51a,paper_risk_bounded_v1_2026-09-28,utility_v2_frozen_2026-09-28,safe_useful_retention_v1_2026-09-28,paper_ssp_200m_v1,3,750,750.0,B5_conservative,tr_f9f4d2c6f6d1_gpu,-30.0453,0.0,0.0,0,0.0,0.0,0,"{""conflicting_task_ownership"": 0, ""duplicate_execution"": 0, ""contradictory_reassignment"": 0, ""incompatible_mission_state"": 0, ""inconsistent_anomaly_state"": 0}",62336,43440,105776,0.5893208289214945,0.3333333333333333,0.6666666666666666,"{""auv_02"": 20.0, ""auv_00"": 20.0, ""auv_01"": 40.0, ""auv_03"": 40.0}",partial,40.0
85424607cd80fc940be0d3f9bf743dcc9e509f91,33482a6d0806a51a,paper_risk_bounded_v1_2026-09-28,utility_v2_frozen_2026-09-28,safe_useful_retention_v1_2026-09-28,paper_ssp_200m_v1,3,750,750.0,B5_nominal,tr_f9f4d2c6f6d1_gpu,-77.08455,0.9294117647058824,0.9294117647058824,79,1.0,1.0,9,"{""conflicting_task_ownership"": 0, ""duplicate_execution"": 0, ""contradictory_reassignment"": 1, ""incompatible_mission_state"": 4, ""inconsistent_anomaly_state"": 4}",62336,35280,97616,0.6385838387149647,0.3333333333333333,0.6666666666666666,"{""auv_00"": 20.0, ""auv_02"": 20.0, ""auv_01"": 40.0, ""auv_03"": 40.0}",partial,40.0
85424607cd80fc940be0d3f9bf743dcc9e509f91,33482a6d0806a51a,paper_risk_bounded_v1_2026-09-28,utility_v2_frozen_2026-09-28,safe_useful_retention_v1_2026-09-28,paper_ssp_200m_v1,3,750,750.0,B5_permissive,tr_f9f4d2c6f6d1_gpu,-77.08455,0.9294117647058824,0.9294117647058824,79,1.0,1.0,9,"{""conflicting_task_ownership"": 0, ""duplicate_execution"": 0, ""contradictory_reassignment"": 1, ""incompatible_mission_state"": 4, ""inconsistent_anomaly_state"": 4}",62336,35280,97616,0.6385838387149647,0.3333333333333333,0.6666666666666666,"{""auv_00"": 20.0, ""auv_02"": 20.0, ""auv_01"": 40.0, ""auv_03"": 40.0}",partial,40.0
85424607cd80fc940be0d3f9bf743dcc9e509f91,1faf4cd2dd867016,paper_risk_bounded_v1_2026-09-28,utility_v2_frozen_2026-09-28,safe_useful_retention_v1_2026-09-28,paper_ssp_200m_v1,3,1000,1000.0,B1,tr_f9f4d2c6f6d1_gpu,47.9229,0.6666666666666666,0.9850746268656716,66,1.0,1.0,1,"{""conflicting_task_ownership"": 0, ""duplicate_execution"": 0, ""contradictory_reassignment"": 0, ""incompatible_mission_state"": 1, ""inconsistent_anomaly_state"": 0}",58112,41040,99152,0.5860900435694691,0.5,0.5,"{""auv_01"": 20.0, ""auv_02"": 20.0, ""auv_00"": 60.0, ""auv_08"": 60.0, ""auv_07"": 60.0, ""auv_10"": 60.0}",partial,60.0
85424607cd80fc940be0d3f9bf743dcc9e509f91,1faf4cd2dd867016,paper_risk_bounded_v1_2026-09-28,utility_v2_frozen_2026-09-28,safe_useful_retention_v1_2026-09-28,paper_ssp_200m_v1,3,1000,1000.0,B2,tr_f9f4d2c6f6d1_gpu,-117.08815,0.9325842696629213,0.9325842696629213,83,1.0,1.0,9,"{""conflicting_task_ownership"": 0, ""duplicate_execution"": 0, ""contradictory_reassignment"": 1, ""incompatible_mission_state"": 4, ""inconsistent_anomaly_state"": 4}",58112,41040,99152,0.5860900435694691,0.5,0.5,"{""auv_01"": 20.0, ""auv_02"": 20.0, ""auv_10"": 60.0, ""auv_07"": 60.0, ""auv_00"": 60.0, ""auv_08"": 60.0}",partial,60.0
85424607cd80fc940be0d3f9bf743dcc9e509f91,1faf4cd2dd867016,paper_risk_bounded_v1_2026-09-28,utility_v2_frozen_2026-09-28,safe_useful_retention_v1_2026-09-28,paper_ssp_200m_v1,3,1000,1000.0,B3,tr_f9f4d2c6f6d1_gpu,-30.0449,0.0,0.0,0,0.0,0.0,0,"{""conflicting_task_ownership"": 0, ""duplicate_execution"": 0, ""contradictory_reassignment"": 0, ""incompatible_mission_state"": 0, ""inconsistent_anomaly_state"": 0}",58112,49200,107312,0.5415237811241986,0.5,0.5,"{""auv_02"": 20.0, ""auv_01"": 20.0, ""auv_00"": 60.0, ""auv_10"": 60.0, ""auv_07"": 60.0, ""auv_08"": 60.0}",partial,60.0
85424607cd80fc940be0d3f9bf743dcc9e509f91,1faf4cd2dd867016,paper_risk_bounded_v1_2026-09-28,utility_v2_frozen_2026-09-28,safe_useful_retention_v1_2026-09-28,paper_ssp_200m_v1,3,1000,1000.0,B4,tr_f9f4d2c6f6d1_gpu,0.9551499999999999,0.0,0.0,0,0.8,0.014492753623188406,1,"{""conflicting_task_ownership"": 0, ""duplicate_execution"": 0, ""contradictory_reassignment"": 1, ""incompatible_mission_state"": 0, ""inconsistent_anomaly_state"": 0}",58112,49200,107312,0.5415237811241986,0.5,0.5,"{""auv_02"": 20.0, ""auv_01"": 20.0, ""auv_08"": 60.0, ""auv_10"": 60.0, ""auv_07"": 60.0, ""auv_00"": 60.0}",partial,60.0
85424607cd80fc940be0d3f9bf743dcc9e509f91,1faf4cd2dd867016,paper_risk_bounded_v1_2026-09-28,utility_v2_frozen_2026-09-28,safe_useful_retention_v1_2026-09-28,paper_ssp_200m_v1,3,1000,1000.0,B5_conservative,tr_f9f4d2c6f6d1_gpu,-30.0449,0.0,0.0,0,0.0,0.0,0,"{""conflicting_task_ownership"": 0, ""duplicate_execution"": 0, ""contradictory_reassignment"": 0, ""incompatible_mission_state"": 0, ""inconsistent_anomaly_state"": 0}",58112,49200,107312,0.5415237811241986,0.5,0.5,"{""auv_02"": 20.0, ""auv_01"": 20.0, ""auv_00"": 60.0, ""auv_07"": 60.0, ""auv_10"": 60.0, ""auv_08"": 60.0}",partial,60.0
85424607cd80fc940be0d3f9bf743dcc9e509f91,1faf4cd2dd867016,paper_risk_bounded_v1_2026-09-28,utility_v2_frozen_2026-09-28,safe_useful_retention_v1_2026-09-28,paper_ssp_200m_v1,3,1000,1000.0,B5_nominal,tr_f9f4d2c6f6d1_gpu,-117.08815,0.9325842696629213,0.9325842696629213,83,1.0,1.0,9,"{""conflicting_task_ownership"": 0, ""duplicate_execution"": 0, ""contradictory_reassignment"": 1, ""incompatible_mission_state"": 4, ""inconsistent_anomaly_state"": 4}",58112,41040,99152,0.5860900435694691,0.5,0.5,"{""auv_02"": 20.0, ""auv_01"": 20.0, ""auv_07"": 60.0, ""auv_08"": 60.0, ""auv_10"": 60.0, ""auv_00"": 60.0}",partial,60.0
85424607cd80fc940be0d3f9bf743dcc9e509f91,1faf4cd2dd867016,paper_risk_bounded_v1_2026-09-28,utility_v2_frozen_2026-09-28,safe_useful_retention_v1_2026-09-28,paper_ssp_200m_v1,3,1000,1000.0,B5_permissive,tr_f9f4d2c6f6d1_gpu,-117.08815,0.9325842696629213,0.9325842696629213,83,1.0,1.0,9,"{""conflicting_task_ownership"": 0, ""duplicate_execution"": 0, ""contradictory_reassignment"": 1, ""incompatible_mission_state"": 4, ""inconsistent_anomaly_state"": 4}",58112,41040,99152,0.5860900435694691,0.5,0.5,"{""auv_02"": 20.0, ""auv_01"": 20.0, ""auv_10"": 60.0, ""auv_07"": 60.0, ""auv_00"": 60.0, ""auv_08"": 60.0}",partial,60.0
85424607cd80fc940be0d3f9bf743dcc9e509f91,6ed3e472d6bd60ac,paper_risk_bounded_v1_2026-09-28,utility_v2_frozen_2026-09-28,safe_useful_retention_v1_2026-09-28,paper_ssp_200m_v1,4,0,0.0,B1,tr_5bf96997e3af_gpu,47.9171,0.9857142857142858,0.9857142857142858,69,1.0,1.0,1,"{""conflicting_task_ownership"": 0, ""duplicate_execution"": 0, ""contradictory_reassignment"": 0, ""incompatible_mission_state"": 1, ""inconsistent_anomaly_state"": 0}",74496,22720,97216,0.7662936142198815,,,{},idle,0.0
85424607cd80fc940be0d3f9bf743dcc9e509f91,6ed3e472d6bd60ac,paper_risk_bounded_v1_2026-09-28,utility_v2_frozen_2026-09-28,safe_useful_retention_v1_2026-09-28,paper_ssp_200m_v1,4,0,0.0,B2,tr_5bf96997e3af_gpu,47.9171,0.9857142857142858,0.9857142857142858,69,1.0,1.0,1,"{""conflicting_task_ownership"": 0, ""duplicate_execution"": 0, ""contradictory_reassignment"": 0, ""incompatible_mission_state"": 1, ""inconsistent_anomaly_state"": 0}",74496,22720,97216,0.7662936142198815,,,{},idle,0.0
85424607cd80fc940be0d3f9bf743dcc9e509f91,6ed3e472d6bd60ac,paper_risk_bounded_v1_2026-09-28,utility_v2_frozen_2026-09-28,safe_useful_retention_v1_2026-09-28,paper_ssp_200m_v1,4,0,0.0,B3,tr_5bf96997e3af_gpu,-30.0462,0.0,0.0,0,0.0,0.0,0,"{""conflicting_task_ownership"": 0, ""duplicate_execution"": 0, ""contradictory_reassignment"": 0, ""incompatible_mission_state"": 0, ""inconsistent_anomaly_state"": 0}",74496,33600,108096,0.6891651865008881,,,{},idle,0.0
85424607cd80fc940be0d3f9bf743dcc9e509f91,6ed3e472d6bd60ac,paper_risk_bounded_v1_2026-09-28,utility_v2_frozen_2026-09-28,safe_useful_retention_v1_2026-09-28,paper_ssp_200m_v1,4,0,0.0,B4,tr_5bf96997e3af_gpu,-18.0462,0.0,0.0,0,1.0,0.0035714285714285713,0,"{""conflicting_task_ownership"": 0, ""duplicate_execution"": 0, ""contradictory_reassignment"": 0, ""incompatible_mission_state"": 0, ""inconsistent_anomaly_state"": 0}",74496,33600,108096,0.6891651865008881,,,{},idle,0.0
85424607cd80fc940be0d3f9bf743dcc9e509f91,6ed3e472d6bd60ac,paper_risk_bounded_v1_2026-09-28,utility_v2_frozen_2026-09-28,safe_useful_retention_v1_2026-09-28,paper_ssp_200m_v1,4,0,0.0,B5_conservative,tr_5bf96997e3af_gpu,-30.0462,0.0,0.0,0,0.0,0.0,0,"{""conflicting_task_ownership"": 0, ""duplicate_execution"": 0, ""contradictory_reassignment"": 0, ""incompatible_mission_state"": 0, ""inconsistent_anomaly_state"": 0}",74496,33600,108096,0.6891651865008881,,,{},idle,0.0
85424607cd80fc940be0d3f9bf743dcc9e509f91,6ed3e472d6bd60ac,paper_risk_bounded_v1_2026-09-28,utility_v2_frozen_2026-09-28,safe_useful_retention_v1_2026-09-28,paper_ssp_200m_v1,4,0,0.0,B5_nominal,tr_5bf96997e3af_gpu,47.9171,0.9857142857142858,0.9857142857142858,69,1.0,1.0,1,"{""conflicting_task_ownership"": 0, ""duplicate_execution"": 0, ""contradictory_reassignment"": 0, ""incompatible_mission_state"": 1, ""inconsistent_anomaly_state"": 0}",74496,22720,97216,0.7662936142198815,,,{},idle,0.0
85424607cd80fc940be0d3f9bf743dcc9e509f91,6ed3e472d6bd60ac,paper_risk_bounded_v1_2026-09-28,utility_v2_frozen_2026-09-28,safe_useful_retention_v1_2026-09-28,paper_ssp_200m_v1,4,0,0.0,B5_permissive,tr_5bf96997e3af_gpu,47.9171,0.9857142857142858,0.9857142857142858,69,1.0,1.0,1,"{""conflicting_task_ownership"": 0, ""duplicate_execution"": 0, ""contradictory_reassignment"": 0, ""incompatible_mission_state"": 1, ""inconsistent_anomaly_state"": 0}",74496,22720,97216,0.7662936142198815,,,{},idle,0.0
85424607cd80fc940be0d3f9bf743dcc9e509f91,f98f7819e3f8c623,paper_risk_bounded_v1_2026-09-28,utility_v2_frozen_2026-09-28,safe_useful_retention_v1_2026-09-28,paper_ssp_200m_v1,4,150,150.0,B1,tr_5bf96997e3af_gpu,47.9177,0.868421052631579,0.9850746268656716,66,1.0,1.0,1,"{""conflicting_task_ownership"": 0, ""duplicate_execution"": 0, ""contradictory_reassignment"": 0, ""incompatible_mission_state"": 1, ""inconsistent_anomaly_state"": 0}",79488,26560,106048,0.7495473747736874,0.3333333333333333,0.6666666666666666,"{""auv_11"": 20.0, ""auv_07"": 20.0, ""auv_00"": 20.0, ""auv_01"": 40.0}",partial,40.0
85424607cd80fc940be0d3f9bf743dcc9e509f91,f98f7819e3f8c623,paper_risk_bounded_v1_2026-09-28,utility_v2_frozen_2026-09-28,safe_useful_retention_v1_2026-09-28,paper_ssp_200m_v1,4,150,150.0,B2,tr_5bf96997e3af_gpu,41.923,0.9210526315789473,0.9210526315789473,70,1.0,1.0,2,"{""conflicting_task_ownership"": 0, ""duplicate_execution"": 0, ""contradictory_reassignment"": 1, ""incompatible_mission_state"": 1, ""inconsistent_anomaly_state"": 0}",79488,26560,106048,0.7495473747736874,0.3333333333333333,0.6666666666666666,"{""auv_11"": 20.0, ""auv_00"": 20.0, ""auv_07"": 20.0, ""auv_01"": 40.0}",partial,40.0
85424607cd80fc940be0d3f9bf743dcc9e509f91,f98f7819e3f8c623,paper_risk_bounded_v1_2026-09-28,utility_v2_frozen_2026-09-28,safe_useful_retention_v1_2026-09-28,paper_ssp_200m_v1,4,150,150.0,B3,tr_5bf96997e3af_gpu,-30.046,0.0,0.0,0,0.0,0.0,0,"{""conflicting_task_ownership"": 0, ""duplicate_execution"": 0, ""contradictory_reassignment"": 0, ""incompatible_mission_state"": 0, ""inconsistent_anomaly_state"": 0}",79488,37440,116928,0.6798029556650246,0.3333333333333333,0.6666666666666666,"{""auv_11"": 20.0, ""auv_00"": 20.0, ""auv_07"": 20.0, ""auv_01"": 40.0}",partial,40.0
85424607cd80fc940be0d3f9bf743dcc9e509f91,f98f7819e3f8c623,paper_risk_bounded_v1_2026-09-28,utility_v2_frozen_2026-09-28,safe_useful_retention_v1_2026-09-28,paper_ssp_200m_v1,4,150,150.0,B4,tr_5bf96997e3af_gpu,0.95355,0.0,0.0,0,0.8,0.014234875444839857,1,"{""conflicting_task_ownership"": 0, ""duplicate_execution"": 0, ""contradictory_reassignment"": 1, ""incompatible_mission_state"": 0, ""inconsistent_anomaly_state"": 0}",79488,37440,116928,0.6798029556650246,0.3333333333333333,0.6666666666666666,"{""auv_11"": 20.0, ""auv_00"": 20.0, ""auv_07"": 20.0, ""auv_01"": 40.0}",partial,40.0
85424607cd80fc940be0d3f9bf743dcc9e509f91,f98f7819e3f8c623,paper_risk_bounded_v1_2026-09-28,utility_v2_frozen_2026-09-28,safe_useful_retention_v1_2026-09-28,paper_ssp_200m_v1,4,150,150.0,B5_conservative,tr_5bf96997e3af_gpu,-30.046,0.0,0.0,0,0.0,0.0,0,"{""conflicting_task_ownership"": 0, ""duplicate_execution"": 0, ""contradictory_reassignment"": 0, ""incompatible_mission_state"": 0, ""inconsistent_anomaly_state"": 0}",79488,37440,116928,0.6798029556650246,0.3333333333333333,0.6666666666666666,"{""auv_00"": 20.0, ""auv_07"": 20.0, ""auv_11"": 20.0, ""auv_01"": 40.0}",partial,40.0
85424607cd80fc940be0d3f9bf743dcc9e509f91,f98f7819e3f8c623,paper_risk_bounded_v1_2026-09-28,utility_v2_frozen_2026-09-28,safe_useful_retention_v1_2026-09-28,paper_ssp_200m_v1,4,150,150.0,B5_nominal,tr_5bf96997e3af_gpu,41.923,0.9210526315789473,0.9210526315789473,70,1.0,1.0,2,"{""conflicting_task_ownership"": 0, ""duplicate_execution"": 0, ""contradictory_reassignment"": 1, ""incompatible_mission_state"": 1, ""inconsistent_anomaly_state"": 0}",79488,26560,106048,0.7495473747736874,0.3333333333333333,0.6666666666666666,"{""auv_11"": 20.0, ""auv_07"": 20.0, ""auv_00"": 20.0, ""auv_01"": 40.0}",partial,40.0
85424607cd80fc940be0d3f9bf743dcc9e509f91,f98f7819e3f8c623,paper_risk_bounded_v1_2026-09-28,utility_v2_frozen_2026-09-28,safe_useful_retention_v1_2026-09-28,paper_ssp_200m_v1,4,150,150.0,B5_permissive,tr_5bf96997e3af_gpu,41.923,0.9210526315789473,0.9210526315789473,70,1.0,1.0,2,"{""conflicting_task_ownership"": 0, ""duplicate_execution"": 0, ""contradictory_reassignment"": 1, ""incompatible_mission_state"": 1, ""inconsistent_anomaly_state"": 0}",79488,26560,106048,0.7495473747736874,0.3333333333333333,0.6666666666666666,"{""auv_00"": 20.0, ""auv_07"": 20.0, ""auv_11"": 20.0, ""auv_01"": 40.0}",partial,40.0
85424607cd80fc940be0d3f9bf743dcc9e509f91,c74d8801ccbfbb06,paper_risk_bounded_v1_2026-09-28,utility_v2_frozen_2026-09-28,safe_useful_retention_v1_2026-09-28,paper_ssp_200m_v1,4,300,300.0,B1,tr_5bf96997e3af_gpu,47.9183,0.8170731707317073,0.9852941176470589,67,1.0,1.0,1,"{""conflicting_task_ownership"": 0, ""duplicate_execution"": 0, ""contradictory_reassignment"": 0, ""incompatible_mission_state"": 1, ""inconsistent_anomaly_state"": 0}",75648,29920,105568,0.7165807820551683,0.3333333333333333,0.6666666666666666,"{""auv_00"": 20.0, ""auv_01"": 20.0, ""auv_02"": 40.0, ""auv_04"": 40.0}",partial,40.0
85424607cd80fc940be0d3f9bf743dcc9e509f91,c74d8801ccbfbb06,paper_risk_bounded_v1_2026-09-28,utility_v2_frozen_2026-09-28,safe_useful_retention_v1_2026-09-28,paper_ssp_200m_v1,4,300,300.0,B2,tr_5bf96997e3af_gpu,-14.0806,0.925,0.925,74,1.0,1.0,6,"{""conflicting_task_ownership"": 0, ""duplicate_execution"": 0, ""contradictory_reassignment"": 1, ""incompatible_mission_state"": 1, ""inconsistent_anomaly_state"": 4}",75648,29920,105568,0.7165807820551683,0.3333333333333333,0.6666666666666666,"{""auv_01"": 20.0, ""auv_00"": 20.0, ""auv_04"": 40.0, ""auv_02"": 40.0}",partial,40.0
85424607cd80fc940be0d3f9bf743dcc9e509f91,c74d8801ccbfbb06,paper_risk_bounded_v1_2026-09-28,utility_v2_frozen_2026-09-28,safe_useful_retention_v1_2026-09-28,paper_ssp_200m_v1,4,300,300.0,B3,tr_5bf96997e3af_gpu,-30.0458,0.0,0.0,0,0.0,0.0,0,"{""conflicting_task_ownership"": 0, ""duplicate_execution"": 0, ""contradictory_reassignment"": 0, ""incompatible_mission_state"": 0, ""inconsistent_anomaly_state"": 0}",75648,40800,116448,0.6496290189612531,0.3333333333333333,0.6666666666666666,"{""auv_01"": 20.0, ""auv_00"": 20.0, ""auv_02"": 40.0, ""auv_04"": 40.0}",partial,40.0
85424607cd80fc940be0d3f9bf743dcc9e509f91,c74d8801ccbfbb06,paper_risk_bounded_v1_2026-09-28,utility_v2_frozen_2026-09-28,safe_useful_retention_v1_2026-09-28,paper_ssp_200m_v1,4,300,300.0,B4,tr_5bf96997e3af_gpu,0.95375,0.0,0.0,0,0.8,0.014184397163120567,1,"{""conflicting_task_ownership"": 0, ""duplicate_execution"": 0, ""contradictory_reassignment"": 1, ""incompatible_mission_state"": 0, ""inconsistent_anomaly_state"": 0}",75648,40800,116448,0.6496290189612531,0.3333333333333333,0.6666666666666666,"{""auv_00"": 20.0, ""auv_01"": 20.0, ""auv_02"": 40.0, ""auv_04"": 40.0}",partial,40.0
85424607cd80fc940be0d3f9bf743dcc9e509f91,c74d8801ccbfbb06,paper_risk_bounded_v1_2026-09-28,utility_v2_frozen_2026-09-28,safe_useful_retention_v1_2026-09-28,paper_ssp_200m_v1,4,300,300.0,B5_conservative,tr_5bf96997e3af_gpu,-30.0458,0.0,0.0,0,0.0,0.0,0,"{""conflicting_task_ownership"": 0, ""duplicate_execution"": 0, ""contradictory_reassignment"": 0, ""incompatible_mission_state"": 0, ""inconsistent_anomaly_state"": 0}",75648,40800,116448,0.6496290189612531,0.3333333333333333,0.6666666666666666,"{""auv_00"": 20.0, ""auv_01"": 20.0, ""auv_04"": 40.0, ""auv_02"": 40.0}",partial,40.0
85424607cd80fc940be0d3f9bf743dcc9e509f91,c74d8801ccbfbb06,paper_risk_bounded_v1_2026-09-28,utility_v2_frozen_2026-09-28,safe_useful_retention_v1_2026-09-28,paper_ssp_200m_v1,4,300,300.0,B5_nominal,tr_5bf96997e3af_gpu,-14.0806,0.925,0.925,74,1.0,1.0,6,"{""conflicting_task_ownership"": 0, ""duplicate_execution"": 0, ""contradictory_reassignment"": 1, ""incompatible_mission_state"": 1, ""inconsistent_anomaly_state"": 4}",75648,29920,105568,0.7165807820551683,0.3333333333333333,0.6666666666666666,"{""auv_01"": 20.0, ""auv_00"": 20.0, ""auv_04"": 40.0, ""auv_02"": 40.0}",partial,40.0
85424607cd80fc940be0d3f9bf743dcc9e509f91,c74d8801ccbfbb06,paper_risk_bounded_v1_2026-09-28,utility_v2_frozen_2026-09-28,safe_useful_retention_v1_2026-09-28,paper_ssp_200m_v1,4,300,300.0,B5_permissive,tr_5bf96997e3af_gpu,-14.0806,0.925,0.925,74,1.0,1.0,6,"{""conflicting_task_ownership"": 0, ""duplicate_execution"": 0, ""contradictory_reassignment"": 1, ""incompatible_mission_state"": 1, ""inconsistent_anomaly_state"": 4}",75648,29920,105568,0.7165807820551683,0.3333333333333333,0.6666666666666666,"{""auv_00"": 20.0, ""auv_01"": 20.0, ""auv_02"": 40.0, ""auv_04"": 40.0}",partial,40.0
85424607cd80fc940be0d3f9bf743dcc9e509f91,f7ca2e280762a682,paper_risk_bounded_v1_2026-09-28,utility_v2_frozen_2026-09-28,safe_useful_retention_v1_2026-09-28,paper_ssp_200m_v1,4,500,500.0,B1,tr_5bf96997e3af_gpu,47.9189,0.75,0.9850746268656716,66,1.0,1.0,1,"{""conflicting_task_ownership"": 0, ""duplicate_execution"": 0, ""contradictory_reassignment"": 0, ""incompatible_mission_state"": 1, ""inconsistent_anomaly_state"": 0}",68864,34720,103584,0.6648130985480383,0.3333333333333333,0.6666666666666666,"{""auv_03"": 20.0, ""auv_01"": 40.0, ""auv_00"": 40.0, ""auv_11"": 60.0}",partial,60.0
85424607cd80fc940be0d3f9bf743dcc9e509f91,f7ca2e280762a682,paper_risk_bounded_v1_2026-09-28,utility_v2_frozen_2026-09-28,safe_useful_retention_v1_2026-09-28,paper_ssp_200m_v1,4,500,500.0,B2,tr_5bf96997e3af_gpu,-77.08455,0.9294117647058824,0.9294117647058824,79,1.0,1.0,9,"{""conflicting_task_ownership"": 0, ""duplicate_execution"": 0, ""contradictory_reassignment"": 1, ""incompatible_mission_state"": 4, ""inconsistent_anomaly_state"": 4}",68864,34720,103584,0.6648130985480383,0.3333333333333333,0.6666666666666666,"{""auv_03"": 20.0, ""auv_00"": 40.0, ""auv_01"": 40.0, ""auv_11"": 60.0}",partial,60.0
85424607cd80fc940be0d3f9bf743dcc9e509f91,f7ca2e280762a682,paper_risk_bounded_v1_2026-09-28,utility_v2_frozen_2026-09-28,safe_useful_retention_v1_2026-09-28,paper_ssp_200m_v1,4,500,500.0,B3,tr_5bf96997e3af_gpu,-30.0456,0.0,0.0,0,0.0,0.0,0,"{""conflicting_task_ownership"": 0, ""duplicate_execution"": 0, ""contradictory_reassignment"": 0, ""incompatible_mission_state"": 0, ""inconsistent_anomaly_state"": 0}",68864,45600,114464,0.6016214705060107,0.3333333333333333,0.6666666666666666,"{""auv_03"": 20.0, ""auv_00"": 40.0, ""auv_01"": 40.0, ""auv_11"": 60.0}",partial,60.0
85424607cd80fc940be0d3f9bf743dcc9e509f91,f7ca2e280762a682,paper_risk_bounded_v1_2026-09-28,utility_v2_frozen_2026-09-28,safe_useful_retention_v1_2026-09-28,paper_ssp_200m_v1,4,500,500.0,B4,tr_5bf96997e3af_gpu,0.95395,0.0,0.0,0,0.8,0.014336917562724014,1,"{""conflicting_task_ownership"": 0, ""duplicate_execution"": 0, ""contradictory_reassignment"": 1, ""incompatible_mission_state"": 0, ""inconsistent_anomaly_state"": 0}",68864,45600,114464,0.6016214705060107,0.3333333333333333,0.6666666666666666,"{""auv_03"": 20.0, ""auv_01"": 40.0, ""auv_00"": 40.0, ""auv_11"": 60.0}",partial,60.0
85424607cd80fc940be0d3f9bf743dcc9e509f91,f7ca2e280762a682,paper_risk_bounded_v1_2026-09-28,utility_v2_frozen_2026-09-28,safe_useful_retention_v1_2026-09-28,paper_ssp_200m_v1,4,500,500.0,B5_conservative,tr_5bf96997e3af_gpu,-30.0456,0.0,0.0,0,0.0,0.0,0,"{""conflicting_task_ownership"": 0, ""duplicate_execution"": 0, ""contradictory_reassignment"": 0, ""incompatible_mission_state"": 0, ""inconsistent_anomaly_state"": 0}",68864,45600,114464,0.6016214705060107,0.3333333333333333,0.6666666666666666,"{""auv_03"": 20.0, ""auv_00"": 40.0, ""auv_01"": 40.0, ""auv_11"": 60.0}",partial,60.0
85424607cd80fc940be0d3f9bf743dcc9e509f91,f7ca2e280762a682,paper_risk_bounded_v1_2026-09-28,utility_v2_frozen_2026-09-28,safe_useful_retention_v1_2026-09-28,paper_ssp_200m_v1,4,500,500.0,B5_nominal,tr_5bf96997e3af_gpu,-77.08455,0.9294117647058824,0.9294117647058824,79,1.0,1.0,9,"{""conflicting_task_ownership"": 0, ""duplicate_execution"": 0, ""contradictory_reassignment"": 1, ""incompatible_mission_state"": 4, ""inconsistent_anomaly_state"": 4}",68864,34720,103584,0.6648130985480383,0.3333333333333333,0.6666666666666666,"{""auv_03"": 20.0, ""auv_01"": 40.0, ""auv_00"": 40.0, ""auv_11"": 60.0}",partial,60.0
85424607cd80fc940be0d3f9bf743dcc9e509f91,f7ca2e280762a682,paper_risk_bounded_v1_2026-09-28,utility_v2_frozen_2026-09-28,safe_useful_retention_v1_2026-09-28,paper_ssp_200m_v1,4,500,500.0,B5_permissive,tr_5bf96997e3af_gpu,-77.08455,0.9294117647058824,0.9294117647058824,79,1.0,1.0,9,"{""conflicting_task_ownership"": 0, ""duplicate_execution"": 0, ""contradictory_reassignment"": 1, ""incompatible_mission_state"": 4, ""inconsistent_anomaly_state"": 4}",68864,34720,103584,0.6648130985480383,0.3333333333333333,0.6666666666666666,"{""auv_03"": 20.0, ""auv_01"": 40.0, ""auv_00"": 40.0, ""auv_11"": 60.0}",partial,60.0
85424607cd80fc940be0d3f9bf743dcc9e509f91,e58a1164efcc7a6e,paper_risk_bounded_v1_2026-09-28,utility_v2_frozen_2026-09-28,safe_useful_retention_v1_2026-09-28,paper_ssp_200m_v1,4,750,750.0,B1,tr_5bf96997e3af_gpu,47.9192,0.7252747252747253,0.9850746268656716,66,1.0,1.0,1,"{""conflicting_task_ownership"": 0, ""duplicate_execution"": 0, ""contradictory_reassignment"": 0, ""incompatible_mission_state"": 1, ""inconsistent_anomaly_state"": 0}",60032,40960,100992,0.5944233206590621,0.5,0.5,"{""auv_08"": 20.0, ""auv_02"": 20.0, ""auv_11"": 20.0, ""auv_00"": 20.0, ""auv_03"": 40.0, ""auv_01"": 40.0}",partial,40.0
85424607cd80fc940be0d3f9bf743dcc9e509f91,e58a1164efcc7a6e,paper_risk_bounded_v1_2026-09-28,utility_v2_frozen_2026-09-28,safe_useful_retention_v1_2026-09-28,paper_ssp_200m_v1,4,750,750.0,B2,tr_5bf96997e3af_gpu,-77.08455,0.9294117647058824,0.9294117647058824,79,1.0,1.0,9,"{""conflicting_task_ownership"": 0, ""duplicate_execution"": 0, ""contradictory_reassignment"": 1, ""incompatible_mission_state"": 4, ""inconsistent_anomaly_state"": 4}",60032,40960,100992,0.5944233206590621,0.5,0.5,"{""auv_00"": 20.0, ""auv_02"": 20.0, ""auv_08"": 20.0, ""auv_11"": 20.0, ""auv_01"": 40.0, ""auv_03"": 40.0}",partial,40.0
85424607cd80fc940be0d3f9bf743dcc9e509f91,e58a1164efcc7a6e,paper_risk_bounded_v1_2026-09-28,utility_v2_frozen_2026-09-28,safe_useful_retention_v1_2026-09-28,paper_ssp_200m_v1,4,750,750.0,B3,tr_5bf96997e3af_gpu,-30.0453,0.0,0.0,0,0.0,0.0,0,"{""conflicting_task_ownership"": 0, ""duplicate_execution"": 0, ""contradictory_reassignment"": 0, ""incompatible_mission_state"": 0, ""inconsistent_anomaly_state"": 0}",60032,51840,111872,0.5366132723112128,0.5,0.5,"{""auv_02"": 20.0, ""auv_08"": 20.0, ""auv_11"": 20.0, ""auv_00"": 20.0, ""auv_03"": 40.0, ""auv_01"": 40.0}",partial,40.0
85424607cd80fc940be0d3f9bf743dcc9e509f91,e58a1164efcc7a6e,paper_risk_bounded_v1_2026-09-28,utility_v2_frozen_2026-09-28,safe_useful_retention_v1_2026-09-28,paper_ssp_200m_v1,4,750,750.0,B4,tr_5bf96997e3af_gpu,0.95425,0.0,0.0,0,0.8,0.014336917562724014,1,"{""conflicting_task_ownership"": 0, ""duplicate_execution"": 0, ""contradictory_reassignment"": 1, ""incompatible_mission_state"": 0, ""inconsistent_anomaly_state"": 0}",60032,51840,111872,0.5366132723112128,0.5,0.5,"{""auv_02"": 20.0, ""auv_11"": 20.0, ""auv_08"": 20.0, ""auv_00"": 20.0, ""auv_03"": 40.0, ""auv_01"": 40.0}",partial,40.0
85424607cd80fc940be0d3f9bf743dcc9e509f91,e58a1164efcc7a6e,paper_risk_bounded_v1_2026-09-28,utility_v2_frozen_2026-09-28,safe_useful_retention_v1_2026-09-28,paper_ssp_200m_v1,4,750,750.0,B5_conservative,tr_5bf96997e3af_gpu,-30.0453,0.0,0.0,0,0.0,0.0,0,"{""conflicting_task_ownership"": 0, ""duplicate_execution"": 0, ""contradictory_reassignment"": 0, ""incompatible_mission_state"": 0, ""inconsistent_anomaly_state"": 0}",60032,51840,111872,0.5366132723112128,0.5,0.5,"{""auv_02"": 20.0, ""auv_11"": 20.0, ""auv_00"": 20.0, ""auv_08"": 20.0, ""auv_03"": 40.0, ""auv_01"": 40.0}",partial,40.0
85424607cd80fc940be0d3f9bf743dcc9e509f91,e58a1164efcc7a6e,paper_risk_bounded_v1_2026-09-28,utility_v2_frozen_2026-09-28,safe_useful_retention_v1_2026-09-28,paper_ssp_200m_v1,4,750,750.0,B5_nominal,tr_5bf96997e3af_gpu,-77.08455,0.9294117647058824,0.9294117647058824,79,1.0,1.0,9,"{""conflicting_task_ownership"": 0, ""duplicate_execution"": 0, ""contradictory_reassignment"": 1, ""incompatible_mission_state"": 4, ""inconsistent_anomaly_state"": 4}",60032,40960,100992,0.5944233206590621,0.5,0.5,"{""auv_11"": 20.0, ""auv_02"": 20.0, ""auv_08"": 20.0, ""auv_00"": 20.0, ""auv_01"": 40.0, ""auv_03"": 40.0}",partial,40.0
85424607cd80fc940be0d3f9bf743dcc9e509f91,e58a1164efcc7a6e,paper_risk_bounded_v1_2026-09-28,utility_v2_frozen_2026-09-28,safe_useful_retention_v1_2026-09-28,paper_ssp_200m_v1,4,750,750.0,B5_permissive,tr_5bf96997e3af_gpu,-77.08455,0.9294117647058824,0.9294117647058824,79,1.0,1.0,9,"{""conflicting_task_ownership"": 0, ""duplicate_execution"": 0, ""contradictory_reassignment"": 1, ""incompatible_mission_state"": 4, ""inconsistent_anomaly_state"": 4}",60032,40960,100992,0.5944233206590621,0.5,0.5,"{""auv_11"": 20.0, ""auv_08"": 20.0, ""auv_02"": 20.0, ""auv_00"": 20.0, ""auv_03"": 40.0, ""auv_01"": 40.0}",partial,40.0
85424607cd80fc940be0d3f9bf743dcc9e509f91,6e0ececeda83c852,paper_risk_bounded_v1_2026-09-28,utility_v2_frozen_2026-09-28,safe_useful_retention_v1_2026-09-28,paper_ssp_200m_v1,4,1000,1000.0,B1,tr_5bf96997e3af_gpu,47.9229,0.6666666666666666,0.9850746268656716,66,1.0,1.0,1,"{""conflicting_task_ownership"": 0, ""duplicate_execution"": 0, ""contradictory_reassignment"": 0, ""incompatible_mission_state"": 1, ""inconsistent_anomaly_state"": 0}",52992,46720,99712,0.5314505776636713,0.3333333333333333,0.6666666666666666,"{""auv_01"": 20.0, ""auv_02"": 40.0, ""auv_00"": 60.0, ""auv_07"": 60.0}",partial,60.0
85424607cd80fc940be0d3f9bf743dcc9e509f91,6e0ececeda83c852,paper_risk_bounded_v1_2026-09-28,utility_v2_frozen_2026-09-28,safe_useful_retention_v1_2026-09-28,paper_ssp_200m_v1,4,1000,1000.0,B2,tr_5bf96997e3af_gpu,-117.08815,0.9325842696629213,0.9325842696629213,83,1.0,1.0,9,"{""conflicting_task_ownership"": 0, ""duplicate_execution"": 0, ""contradictory_reassignment"": 1, ""incompatible_mission_state"": 4, ""inconsistent_anomaly_state"": 4}",52992,46720,99712,0.5314505776636713,0.3333333333333333,0.6666666666666666,"{""auv_01"": 20.0, ""auv_02"": 40.0, ""auv_00"": 60.0, ""auv_07"": 60.0}",partial,60.0
85424607cd80fc940be0d3f9bf743dcc9e509f91,6e0ececeda83c852,paper_risk_bounded_v1_2026-09-28,utility_v2_frozen_2026-09-28,safe_useful_retention_v1_2026-09-28,paper_ssp_200m_v1,4,1000,1000.0,B3,tr_5bf96997e3af_gpu,-30.0449,0.0,0.0,0,0.0,0.0,0,"{""conflicting_task_ownership"": 0, ""duplicate_execution"": 0, ""contradictory_reassignment"": 0, ""incompatible_mission_state"": 0, ""inconsistent_anomaly_state"": 0}",52992,57600,110592,0.4791666666666667,0.3333333333333333,0.6666666666666666,"{""auv_01"": 20.0, ""auv_02"": 40.0, ""auv_07"": 60.0, ""auv_00"": 60.0}",partial,60.0
85424607cd80fc940be0d3f9bf743dcc9e509f91,6e0ececeda83c852,paper_risk_bounded_v1_2026-09-28,utility_v2_frozen_2026-09-28,safe_useful_retention_v1_2026-09-28,paper_ssp_200m_v1,4,1000,1000.0,B4,tr_5bf96997e3af_gpu,0.9551499999999999,0.0,0.0,0,0.8,0.014492753623188406,1,"{""conflicting_task_ownership"": 0, ""duplicate_execution"": 0, ""contradictory_reassignment"": 1, ""incompatible_mission_state"": 0, ""inconsistent_anomaly_state"": 0}",52992,57600,110592,0.4791666666666667,0.3333333333333333,0.6666666666666666,"{""auv_01"": 20.0, ""auv_02"": 40.0, ""auv_00"": 60.0, ""auv_07"": 60.0}",partial,60.0
85424607cd80fc940be0d3f9bf743dcc9e509f91,6e0ececeda83c852,paper_risk_bounded_v1_2026-09-28,utility_v2_frozen_2026-09-28,safe_useful_retention_v1_2026-09-28,paper_ssp_200m_v1,4,1000,1000.0,B5_conservative,tr_5bf96997e3af_gpu,-30.0449,0.0,0.0,0,0.0,0.0,0,"{""conflicting_task_ownership"": 0, ""duplicate_execution"": 0, ""contradictory_reassignment"": 0, ""incompatible_mission_state"": 0, ""inconsistent_anomaly_state"": 0}",52992,57600,110592,0.4791666666666667,0.3333333333333333,0.6666666666666666,"{""auv_01"": 20.0, ""auv_02"": 40.0, ""auv_07"": 60.0, ""auv_00"": 60.0}",partial,60.0
85424607cd80fc940be0d3f9bf743dcc9e509f91,6e0ececeda83c852,paper_risk_bounded_v1_2026-09-28,utility_v2_frozen_2026-09-28,safe_useful_retention_v1_2026-09-28,paper_ssp_200m_v1,4,1000,1000.0,B5_nominal,tr_5bf96997e3af_gpu,-117.08815,0.9325842696629213,0.9325842696629213,83,1.0,1.0,9,"{""conflicting_task_ownership"": 0, ""duplicate_execution"": 0, ""contradictory_reassignment"": 1, ""incompatible_mission_state"": 4, ""inconsistent_anomaly_state"": 4}",52992,46720,99712,0.5314505776636713,0.3333333333333333,0.6666666666666666,"{""auv_01"": 20.0, ""auv_02"": 40.0, ""auv_07"": 60.0, ""auv_00"": 60.0}",partial,60.0
85424607cd80fc940be0d3f9bf743dcc9e509f91,6e0ececeda83c852,paper_risk_bounded_v1_2026-09-28,utility_v2_frozen_2026-09-28,safe_useful_retention_v1_2026-09-28,paper_ssp_200m_v1,4,1000,1000.0,B5_permissive,tr_5bf96997e3af_gpu,-117.08815,0.9325842696629213,0.9325842696629213,83,1.0,1.0,9,"{""conflicting_task_ownership"": 0, ""duplicate_execution"": 0, ""contradictory_reassignment"": 1, ""incompatible_mission_state"": 4, ""inconsistent_anomaly_state"": 4}",52992,46720,99712,0.5314505776636713,0.3333333333333333,0.6666666666666666,"{""auv_01"": 20.0, ""auv_02"": 40.0, ""auv_07"": 60.0, ""auv_00"": 60.0}",partial,60.0
85424607cd80fc940be0d3f9bf743dcc9e509f91,a774f167baf2cece,paper_risk_bounded_v1_2026-09-28,utility_v2_frozen_2026-09-28,safe_useful_retention_v1_2026-09-28,paper_ssp_200m_v1,5,0,0.0,B1,tr_15e068cb7ee2_gpu,47.9171,0.9857142857142858,0.9857142857142858,69,1.0,1.0,1,"{""conflicting_task_ownership"": 0, ""duplicate_execution"": 0, ""contradictory_reassignment"": 0, ""incompatible_mission_state"": 1, ""inconsistent_anomaly_state"": 0}",68096,22720,90816,0.7498238195912614,,,{},idle,0.0
85424607cd80fc940be0d3f9bf743dcc9e509f91,a774f167baf2cece,paper_risk_bounded_v1_2026-09-28,utility_v2_frozen_2026-09-28,safe_useful_retention_v1_2026-09-28,paper_ssp_200m_v1,5,0,0.0,B2,tr_15e068cb7ee2_gpu,47.9171,0.9857142857142858,0.9857142857142858,69,1.0,1.0,1,"{""conflicting_task_ownership"": 0, ""duplicate_execution"": 0, ""contradictory_reassignment"": 0, ""incompatible_mission_state"": 1, ""inconsistent_anomaly_state"": 0}",68096,22720,90816,0.7498238195912614,,,{},idle,0.0
85424607cd80fc940be0d3f9bf743dcc9e509f91,a774f167baf2cece,paper_risk_bounded_v1_2026-09-28,utility_v2_frozen_2026-09-28,safe_useful_retention_v1_2026-09-28,paper_ssp_200m_v1,5,0,0.0,B3,tr_15e068cb7ee2_gpu,-30.0462,0.0,0.0,0,0.0,0.0,0,"{""conflicting_task_ownership"": 0, ""duplicate_execution"": 0, ""contradictory_reassignment"": 0, ""incompatible_mission_state"": 0, ""inconsistent_anomaly_state"": 0}",68096,33600,101696,0.6696035242290749,,,{},idle,0.0
85424607cd80fc940be0d3f9bf743dcc9e509f91,a774f167baf2cece,paper_risk_bounded_v1_2026-09-28,utility_v2_frozen_2026-09-28,safe_useful_retention_v1_2026-09-28,paper_ssp_200m_v1,5,0,0.0,B4,tr_15e068cb7ee2_gpu,-18.0462,0.0,0.0,0,1.0,0.0035714285714285713,0,"{""conflicting_task_ownership"": 0, ""duplicate_execution"": 0, ""contradictory_reassignment"": 0, ""incompatible_mission_state"": 0, ""inconsistent_anomaly_state"": 0}",68096,33600,101696,0.6696035242290749,,,{},idle,0.0
85424607cd80fc940be0d3f9bf743dcc9e509f91,a774f167baf2cece,paper_risk_bounded_v1_2026-09-28,utility_v2_frozen_2026-09-28,safe_useful_retention_v1_2026-09-28,paper_ssp_200m_v1,5,0,0.0,B5_conservative,tr_15e068cb7ee2_gpu,-30.0462,0.0,0.0,0,0.0,0.0,0,"{""conflicting_task_ownership"": 0, ""duplicate_execution"": 0, ""contradictory_reassignment"": 0, ""incompatible_mission_state"": 0, ""inconsistent_anomaly_state"": 0}",68096,33600,101696,0.6696035242290749,,,{},idle,0.0
85424607cd80fc940be0d3f9bf743dcc9e509f91,a774f167baf2cece,paper_risk_bounded_v1_2026-09-28,utility_v2_frozen_2026-09-28,safe_useful_retention_v1_2026-09-28,paper_ssp_200m_v1,5,0,0.0,B5_nominal,tr_15e068cb7ee2_gpu,47.9171,0.9857142857142858,0.9857142857142858,69,1.0,1.0,1,"{""conflicting_task_ownership"": 0, ""duplicate_execution"": 0, ""contradictory_reassignment"": 0, ""incompatible_mission_state"": 1, ""inconsistent_anomaly_state"": 0}",68096,22720,90816,0.7498238195912614,,,{},idle,0.0
85424607cd80fc940be0d3f9bf743dcc9e509f91,a774f167baf2cece,paper_risk_bounded_v1_2026-09-28,utility_v2_frozen_2026-09-28,safe_useful_retention_v1_2026-09-28,paper_ssp_200m_v1,5,0,0.0,B5_permissive,tr_15e068cb7ee2_gpu,47.9171,0.9857142857142858,0.9857142857142858,69,1.0,1.0,1,"{""conflicting_task_ownership"": 0, ""duplicate_execution"": 0, ""contradictory_reassignment"": 0, ""incompatible_mission_state"": 1, ""inconsistent_anomaly_state"": 0}",68096,22720,90816,0.7498238195912614,,,{},idle,0.0
85424607cd80fc940be0d3f9bf743dcc9e509f91,9f8e730c88adb01f,paper_risk_bounded_v1_2026-09-28,utility_v2_frozen_2026-09-28,safe_useful_retention_v1_2026-09-28,paper_ssp_200m_v1,5,150,150.0,B1,tr_15e068cb7ee2_gpu,47.9177,0.868421052631579,0.9850746268656716,66,1.0,1.0,1,"{""conflicting_task_ownership"": 0, ""duplicate_execution"": 0, ""contradictory_reassignment"": 0, ""incompatible_mission_state"": 1, ""inconsistent_anomaly_state"": 0}",72448,26560,99008,0.7317388493859082,0.25,0.75,"{""auv_00"": 20.0, ""auv_03"": 40.0, ""auv_01"": 40.0}",partial,40.0
85424607cd80fc940be0d3f9bf743dcc9e509f91,9f8e730c88adb01f,paper_risk_bounded_v1_2026-09-28,utility_v2_frozen_2026-09-28,safe_useful_retention_v1_2026-09-28,paper_ssp_200m_v1,5,150,150.0,B2,tr_15e068cb7ee2_gpu,41.923,0.9210526315789473,0.9210526315789473,70,1.0,1.0,2,"{""conflicting_task_ownership"": 0, ""duplicate_execution"": 0, ""contradictory_reassignment"": 1, ""incompatible_mission_state"": 1, ""inconsistent_anomaly_state"": 0}",72448,26560,99008,0.7317388493859082,0.25,0.75,"{""auv_00"": 20.0, ""auv_01"": 40.0, ""auv_03"": 40.0}",partial,40.0
85424607cd80fc940be0d3f9bf743dcc9e509f91,9f8e730c88adb01f,paper_risk_bounded_v1_2026-09-28,utility_v2_frozen_2026-09-28,safe_useful_retention_v1_2026-09-28,paper_ssp_200m_v1,5,150,150.0,B3,tr_15e068cb7ee2_gpu,-30.046,0.0,0.0,0,0.0,0.0,0,"{""conflicting_task_ownership"": 0, ""duplicate_execution"": 0, ""contradictory_reassignment"": 0, ""incompatible_mission_state"": 0, ""inconsistent_anomaly_state"": 0}",72448,37440,109888,0.6592894583576004,0.25,0.75,"{""auv_00"": 20.0, ""auv_03"": 40.0, ""auv_01"": 40.0}",partial,40.0
85424607cd80fc940be0d3f9bf743dcc9e509f91,9f8e730c88adb01f,paper_risk_bounded_v1_2026-09-28,utility_v2_frozen_2026-09-28,safe_useful_retention_v1_2026-09-28,paper_ssp_200m_v1,5,150,150.0,B4,tr_15e068cb7ee2_gpu,0.95355,0.0,0.0,0,0.8,0.014234875444839857,1,"{""conflicting_task_ownership"": 0, ""duplicate_execution"": 0, ""contradictory_reassignment"": 1, ""incompatible_mission_state"": 0, ""inconsistent_anomaly_state"": 0}",72448,37440,109888,0.6592894583576004,0.25,0.75,"{""auv_00"": 20.0, ""auv_01"": 40.0, ""auv_03"": 40.0}",partial,40.0
85424607cd80fc940be0d3f9bf743dcc9e509f91,9f8e730c88adb01f,paper_risk_bounded_v1_2026-09-28,utility_v2_frozen_2026-09-28,safe_useful_retention_v1_2026-09-28,paper_ssp_200m_v1,5,150,150.0,B5_conservative,tr_15e068cb7ee2_gpu,-30.046,0.0,0.0,0,0.0,0.0,0,"{""conflicting_task_ownership"": 0, ""duplicate_execution"": 0, ""contradictory_reassignment"": 0, ""incompatible_mission_state"": 0, ""inconsistent_anomaly_state"": 0}",72448,37440,109888,0.6592894583576004,0.25,0.75,"{""auv_00"": 20.0, ""auv_03"": 40.0, ""auv_01"": 40.0}",partial,40.0
85424607cd80fc940be0d3f9bf743dcc9e509f91,9f8e730c88adb01f,paper_risk_bounded_v1_2026-09-28,utility_v2_frozen_2026-09-28,safe_useful_retention_v1_2026-09-28,paper_ssp_200m_v1,5,150,150.0,B5_nominal,tr_15e068cb7ee2_gpu,41.923,0.9210526315789473,0.9210526315789473,70,1.0,1.0,2,"{""conflicting_task_ownership"": 0, ""duplicate_execution"": 0, ""contradictory_reassignment"": 1, ""incompatible_mission_state"": 1, ""inconsistent_anomaly_state"": 0}",72448,26560,99008,0.7317388493859082,0.25,0.75,"{""auv_00"": 20.0, ""auv_03"": 40.0, ""auv_01"": 40.0}",partial,40.0
85424607cd80fc940be0d3f9bf743dcc9e509f91,9f8e730c88adb01f,paper_risk_bounded_v1_2026-09-28,utility_v2_frozen_2026-09-28,safe_useful_retention_v1_2026-09-28,paper_ssp_200m_v1,5,150,150.0,B5_permissive,tr_15e068cb7ee2_gpu,41.923,0.9210526315789473,0.9210526315789473,70,1.0,1.0,2,"{""conflicting_task_ownership"": 0, ""duplicate_execution"": 0, ""contradictory_reassignment"": 1, ""incompatible_mission_state"": 1, ""inconsistent_anomaly_state"": 0}",72448,26560,99008,0.7317388493859082,0.25,0.75,"{""auv_00"": 20.0, ""auv_01"": 40.0, ""auv_03"": 40.0}",partial,40.0
85424607cd80fc940be0d3f9bf743dcc9e509f91,ebdde4f010cdb07d,paper_risk_bounded_v1_2026-09-28,utility_v2_frozen_2026-09-28,safe_useful_retention_v1_2026-09-28,paper_ssp_200m_v1,5,300,300.0,B1,tr_15e068cb7ee2_gpu,47.9183,0.8170731707317073,0.9852941176470589,67,1.0,1.0,1,"{""conflicting_task_ownership"": 0, ""duplicate_execution"": 0, ""contradictory_reassignment"": 0, ""incompatible_mission_state"": 1, ""inconsistent_anomaly_state"": 0}",70912,29920,100832,0.7032688035544271,0.3333333333333333,0.6666666666666666,"{""auv_00"": 20.0, ""auv_01"": 20.0, ""auv_04"": 40.0, ""auv_02"": 40.0}",partial,40.0
85424607cd80fc940be0d3f9bf743dcc9e509f91,ebdde4f010cdb07d,paper_risk_bounded_v1_2026-09-28,utility_v2_frozen_2026-09-28,safe_useful_retention_v1_2026-09-28,paper_ssp_200m_v1,5,300,300.0,B2,tr_15e068cb7ee2_gpu,-14.0806,0.925,0.925,74,1.0,1.0,6,"{""conflicting_task_ownership"": 0, ""duplicate_execution"": 0, ""contradictory_reassignment"": 1, ""incompatible_mission_state"": 1, ""inconsistent_anomaly_state"": 4}",70912,29920,100832,0.7032688035544271,0.3333333333333333,0.6666666666666666,"{""auv_01"": 20.0, ""auv_00"": 20.0, ""auv_04"": 40.0, ""auv_02"": 40.0}",partial,40.0
85424607cd80fc940be0d3f9bf743dcc9e509f91,ebdde4f010cdb07d,paper_risk_bounded_v1_2026-09-28,utility_v2_frozen_2026-09-28,safe_useful_retention_v1_2026-09-28,paper_ssp_200m_v1,5,300,300.0,B3,tr_15e068cb7ee2_gpu,-30.0458,0.0,0.0,0,0.0,0.0,0,"{""conflicting_task_ownership"": 0, ""duplicate_execution"": 0, ""contradictory_reassignment"": 0, ""incompatible_mission_state"": 0, ""inconsistent_anomaly_state"": 0}",70912,40800,111712,0.634775136064165,0.3333333333333333,0.6666666666666666,"{""auv_00"": 20.0, ""auv_01"": 20.0, ""auv_04"": 40.0, ""auv_02"": 40.0}",partial,40.0
85424607cd80fc940be0d3f9bf743dcc9e509f91,ebdde4f010cdb07d,paper_risk_bounded_v1_2026-09-28,utility_v2_frozen_2026-09-28,safe_useful_retention_v1_2026-09-28,paper_ssp_200m_v1,5,300,300.0,B4,tr_15e068cb7ee2_gpu,0.95375,0.0,0.0,0,0.8,0.014184397163120567,1,"{""conflicting_task_ownership"": 0, ""duplicate_execution"": 0, ""contradictory_reassignment"": 1, ""incompatible_mission_state"": 0, ""inconsistent_anomaly_state"": 0}",70912,40800,111712,0.634775136064165,0.3333333333333333,0.6666666666666666,"{""auv_01"": 20.0, ""auv_00"": 20.0, ""auv_04"": 40.0, ""auv_02"": 40.0}",partial,40.0
85424607cd80fc940be0d3f9bf743dcc9e509f91,ebdde4f010cdb07d,paper_risk_bounded_v1_2026-09-28,utility_v2_frozen_2026-09-28,safe_useful_retention_v1_2026-09-28,paper_ssp_200m_v1,5,300,300.0,B5_conservative,tr_15e068cb7ee2_gpu,-30.0458,0.0,0.0,0,0.0,0.0,0,"{""conflicting_task_ownership"": 0, ""duplicate_execution"": 0, ""contradictory_reassignment"": 0, ""incompatible_mission_state"": 0, ""inconsistent_anomaly_state"": 0}",70912,40800,111712,0.634775136064165,0.3333333333333333,0.6666666666666666,"{""auv_01"": 20.0, ""auv_00"": 20.0, ""auv_02"": 40.0, ""auv_04"": 40.0}",partial,40.0
85424607cd80fc940be0d3f9bf743dcc9e509f91,ebdde4f010cdb07d,paper_risk_bounded_v1_2026-09-28,utility_v2_frozen_2026-09-28,safe_useful_retention_v1_2026-09-28,paper_ssp_200m_v1,5,300,300.0,B5_nominal,tr_15e068cb7ee2_gpu,-14.0806,0.925,0.925,74,1.0,1.0,6,"{""conflicting_task_ownership"": 0, ""duplicate_execution"": 0, ""contradictory_reassignment"": 1, ""incompatible_mission_state"": 1, ""inconsistent_anomaly_state"": 4}",70912,29920,100832,0.7032688035544271,0.3333333333333333,0.6666666666666666,"{""auv_01"": 20.0, ""auv_00"": 20.0, ""auv_04"": 40.0, ""auv_02"": 40.0}",partial,40.0
85424607cd80fc940be0d3f9bf743dcc9e509f91,ebdde4f010cdb07d,paper_risk_bounded_v1_2026-09-28,utility_v2_frozen_2026-09-28,safe_useful_retention_v1_2026-09-28,paper_ssp_200m_v1,5,300,300.0,B5_permissive,tr_15e068cb7ee2_gpu,-14.0806,0.925,0.925,74,1.0,1.0,6,"{""conflicting_task_ownership"": 0, ""duplicate_execution"": 0, ""contradictory_reassignment"": 1, ""incompatible_mission_state"": 1, ""inconsistent_anomaly_state"": 4}",70912,29920,100832,0.7032688035544271,0.3333333333333333,0.6666666666666666,"{""auv_00"": 20.0, ""auv_01"": 20.0, ""auv_02"": 40.0, ""auv_04"": 40.0}",partial,40.0
85424607cd80fc940be0d3f9bf743dcc9e509f91,156570858565fc01,paper_risk_bounded_v1_2026-09-28,utility_v2_frozen_2026-09-28,safe_useful_retention_v1_2026-09-28,paper_ssp_200m_v1,5,500,500.0,B1,tr_15e068cb7ee2_gpu,47.9189,0.75,0.9850746268656716,66,1.0,1.0,1,"{""conflicting_task_ownership"": 0, ""duplicate_execution"": 0, ""contradictory_reassignment"": 0, ""incompatible_mission_state"": 1, ""inconsistent_anomaly_state"": 0}",63872,34720,98592,0.6478416098669263,0.3333333333333333,0.6666666666666666,"{""auv_05"": 20.0, ""auv_03"": 20.0, ""auv_01"": 40.0, ""auv_00"": 40.0}",partial,40.0
85424607cd80fc940be0d3f9bf743dcc9e509f91,156570858565fc01,paper_risk_bounded_v1_2026-09-28,utility_v2_frozen_2026-09-28,safe_useful_retention_v1_2026-09-28,paper_ssp_200m_v1,5,500,500.0,B2,tr_15e068cb7ee2_gpu,-77.08455,0.9294117647058824,0.9294117647058824,79,1.0,1.0,9,"{""conflicting_task_ownership"": 0, ""duplicate_execution"": 0, ""contradictory_reassignment"": 1, ""incompatible_mission_state"": 4, ""inconsistent_anomaly_state"": 4}",63872,34720,98592,0.6478416098669263,0.3333333333333333,0.6666666666666666,"{""auv_03"": 20.0, ""auv_05"": 20.0, ""auv_01"": 40.0, ""auv_00"": 40.0}",partial,40.0
85424607cd80fc940be0d3f9bf743dcc9e509f91,156570858565fc01,paper_risk_bounded_v1_2026-09-28,utility_v2_frozen_2026-09-28,safe_useful_retention_v1_2026-09-28,paper_ssp_200m_v1,5,500,500.0,B3,tr_15e068cb7ee2_gpu,-30.0456,0.0,0.0,0,0.0,0.0,0,"{""conflicting_task_ownership"": 0, ""duplicate_execution"": 0, ""contradictory_reassignment"": 0, ""incompatible_mission_state"": 0, ""inconsistent_anomaly_state"": 0}",63872,45600,109472,0.5834551300789242,0.3333333333333333,0.6666666666666666,"{""auv_03"": 20.0, ""auv_05"": 20.0, ""auv_01"": 40.0, ""auv_00"": 40.0}",partial,40.0
85424607cd80fc940be0d3f9bf743dcc9e509f91,156570858565fc01,paper_risk_bounded_v1_2026-09-28,utility_v2_frozen_2026-09-28,safe_useful_retention_v1_2026-09-28,paper_ssp_200m_v1,5,500,500.0,B4,tr_15e068cb7ee2_gpu,0.95395,0.0,0.0,0,0.8,0.014336917562724014,1,"{""conflicting_task_ownership"": 0, ""duplicate_execution"": 0, ""contradictory_reassignment"": 1, ""incompatible_mission_state"": 0, ""inconsistent_anomaly_state"": 0}",63872,45600,109472,0.5834551300789242,0.3333333333333333,0.6666666666666666,"{""auv_03"": 20.0, ""auv_05"": 20.0, ""auv_00"": 40.0, ""auv_01"": 40.0}",partial,40.0
85424607cd80fc940be0d3f9bf743dcc9e509f91,156570858565fc01,paper_risk_bounded_v1_2026-09-28,utility_v2_frozen_2026-09-28,safe_useful_retention_v1_2026-09-28,paper_ssp_200m_v1,5,500,500.0,B5_conservative,tr_15e068cb7ee2_gpu,-30.0456,0.0,0.0,0,0.0,0.0,0,"{""conflicting_task_ownership"": 0, ""duplicate_execution"": 0, ""contradictory_reassignment"": 0, ""incompatible_mission_state"": 0, ""inconsistent_anomaly_state"": 0}",63872,45600,109472,0.5834551300789242,0.3333333333333333,0.6666666666666666,"{""auv_05"": 20.0, ""auv_03"": 20.0, ""auv_00"": 40.0, ""auv_01"": 40.0}",partial,40.0
85424607cd80fc940be0d3f9bf743dcc9e509f91,156570858565fc01,paper_risk_bounded_v1_2026-09-28,utility_v2_frozen_2026-09-28,safe_useful_retention_v1_2026-09-28,paper_ssp_200m_v1,5,500,500.0,B5_nominal,tr_15e068cb7ee2_gpu,-77.08455,0.9294117647058824,0.9294117647058824,79,1.0,1.0,9,"{""conflicting_task_ownership"": 0, ""duplicate_execution"": 0, ""contradictory_reassignment"": 1, ""incompatible_mission_state"": 4, ""inconsistent_anomaly_state"": 4}",63872,34720,98592,0.6478416098669263,0.3333333333333333,0.6666666666666666,"{""auv_05"": 20.0, ""auv_03"": 20.0, ""auv_00"": 40.0, ""auv_01"": 40.0}",partial,40.0
85424607cd80fc940be0d3f9bf743dcc9e509f91,156570858565fc01,paper_risk_bounded_v1_2026-09-28,utility_v2_frozen_2026-09-28,safe_useful_retention_v1_2026-09-28,paper_ssp_200m_v1,5,500,500.0,B5_permissive,tr_15e068cb7ee2_gpu,-77.08455,0.9294117647058824,0.9294117647058824,79,1.0,1.0,9,"{""conflicting_task_ownership"": 0, ""duplicate_execution"": 0, ""contradictory_reassignment"": 1, ""incompatible_mission_state"": 4, ""inconsistent_anomaly_state"": 4}",63872,34720,98592,0.6478416098669263,0.3333333333333333,0.6666666666666666,"{""auv_05"": 20.0, ""auv_03"": 20.0, ""auv_01"": 40.0, ""auv_00"": 40.0}",partial,40.0
85424607cd80fc940be0d3f9bf743dcc9e509f91,1647d147f3006f2a,paper_risk_bounded_v1_2026-09-28,utility_v2_frozen_2026-09-28,safe_useful_retention_v1_2026-09-28,paper_ssp_200m_v1,5,750,750.0,B1,tr_15e068cb7ee2_gpu,47.9192,0.7252747252747253,0.9850746268656716,66,1.0,1.0,1,"{""conflicting_task_ownership"": 0, ""duplicate_execution"": 0, ""contradictory_reassignment"": 0, ""incompatible_mission_state"": 1, ""inconsistent_anomaly_state"": 0}",56704,40960,97664,0.580602883355177,0.3333333333333333,0.6666666666666666,"{""auv_00"": 20.0, ""auv_03"": 20.0, ""auv_02"": 20.0, ""auv_01"": 40.0}",partial,40.0
85424607cd80fc940be0d3f9bf743dcc9e509f91,1647d147f3006f2a,paper_risk_bounded_v1_2026-09-28,utility_v2_frozen_2026-09-28,safe_useful_retention_v1_2026-09-28,paper_ssp_200m_v1,5,750,750.0,B2,tr_15e068cb7ee2_gpu,-77.08455,0.9294117647058824,0.9294117647058824,79,1.0,1.0,9,"{""conflicting_task_ownership"": 0, ""duplicate_execution"": 0, ""contradictory_reassignment"": 1, ""incompatible_mission_state"": 4, ""inconsistent_anomaly_state"": 4}",56704,40960,97664,0.580602883355177,0.3333333333333333,0.6666666666666666,"{""auv_03"": 20.0, ""auv_00"": 20.0, ""auv_02"": 20.0, ""auv_01"": 40.0}",partial,40.0
85424607cd80fc940be0d3f9bf743dcc9e509f91,1647d147f3006f2a,paper_risk_bounded_v1_2026-09-28,utility_v2_frozen_2026-09-28,safe_useful_retention_v1_2026-09-28,paper_ssp_200m_v1,5,750,750.0,B3,tr_15e068cb7ee2_gpu,-30.0453,0.0,0.0,0,0.0,0.0,0,"{""conflicting_task_ownership"": 0, ""duplicate_execution"": 0, ""contradictory_reassignment"": 0, ""incompatible_mission_state"": 0, ""inconsistent_anomaly_state"": 0}",56704,51840,108544,0.5224056603773585,0.3333333333333333,0.6666666666666666,"{""auv_03"": 20.0, ""auv_02"": 20.0, ""auv_00"": 20.0, ""auv_01"": 40.0}",partial,40.0
85424607cd80fc940be0d3f9bf743dcc9e509f91,1647d147f3006f2a,paper_risk_bounded_v1_2026-09-28,utility_v2_frozen_2026-09-28,safe_useful_retention_v1_2026-09-28,paper_ssp_200m_v1,5,750,750.0,B4,tr_15e068cb7ee2_gpu,0.95425,0.0,0.0,0,0.8,0.014336917562724014,1,"{""conflicting_task_ownership"": 0, ""duplicate_execution"": 0, ""contradictory_reassignment"": 1, ""incompatible_mission_state"": 0, ""inconsistent_anomaly_state"": 0}",56704,51840,108544,0.5224056603773585,0.3333333333333333,0.6666666666666666,"{""auv_02"": 20.0, ""auv_03"": 20.0, ""auv_00"": 20.0, ""auv_01"": 40.0}",partial,40.0
85424607cd80fc940be0d3f9bf743dcc9e509f91,1647d147f3006f2a,paper_risk_bounded_v1_2026-09-28,utility_v2_frozen_2026-09-28,safe_useful_retention_v1_2026-09-28,paper_ssp_200m_v1,5,750,750.0,B5_conservative,tr_15e068cb7ee2_gpu,-30.0453,0.0,0.0,0,0.0,0.0,0,"{""conflicting_task_ownership"": 0, ""duplicate_execution"": 0, ""contradictory_reassignment"": 0, ""incompatible_mission_state"": 0, ""inconsistent_anomaly_state"": 0}",56704,51840,108544,0.5224056603773585,0.3333333333333333,0.6666666666666666,"{""auv_00"": 20.0, ""auv_02"": 20.0, ""auv_03"": 20.0, ""auv_01"": 40.0}",partial,40.0
85424607cd80fc940be0d3f9bf743dcc9e509f91,1647d147f3006f2a,paper_risk_bounded_v1_2026-09-28,utility_v2_frozen_2026-09-28,safe_useful_retention_v1_2026-09-28,paper_ssp_200m_v1,5,750,750.0,B5_nominal,tr_15e068cb7ee2_gpu,-77.08455,0.9294117647058824,0.9294117647058824,79,1.0,1.0,9,"{""conflicting_task_ownership"": 0, ""duplicate_execution"": 0, ""contradictory_reassignment"": 1, ""incompatible_mission_state"": 4, ""inconsistent_anomaly_state"": 4}",56704,40960,97664,0.580602883355177,0.3333333333333333,0.6666666666666666,"{""auv_03"": 20.0, ""auv_00"": 20.0, ""auv_02"": 20.0, ""auv_01"": 40.0}",partial,40.0
85424607cd80fc940be0d3f9bf743dcc9e509f91,1647d147f3006f2a,paper_risk_bounded_v1_2026-09-28,utility_v2_frozen_2026-09-28,safe_useful_retention_v1_2026-09-28,paper_ssp_200m_v1,5,750,750.0,B5_permissive,tr_15e068cb7ee2_gpu,-77.08455,0.9294117647058824,0.9294117647058824,79,1.0,1.0,9,"{""conflicting_task_ownership"": 0, ""duplicate_execution"": 0, ""contradictory_reassignment"": 1, ""incompatible_mission_state"": 4, ""inconsistent_anomaly_state"": 4}",56704,40960,97664,0.580602883355177,0.3333333333333333,0.6666666666666666,"{""auv_00"": 20.0, ""auv_02"": 20.0, ""auv_03"": 20.0, ""auv_01"": 40.0}",partial,40.0
85424607cd80fc940be0d3f9bf743dcc9e509f91,be60c5a6a5818969,paper_risk_bounded_v1_2026-09-28,utility_v2_frozen_2026-09-28,safe_useful_retention_v1_2026-09-28,paper_ssp_200m_v1,5,1000,1000.0,B1,tr_15e068cb7ee2_gpu,47.9229,0.6666666666666666,0.9850746268656716,66,1.0,1.0,1,"{""conflicting_task_ownership"": 0, ""duplicate_execution"": 0, ""contradictory_reassignment"": 0, ""incompatible_mission_state"": 1, ""inconsistent_anomaly_state"": 0}",50048,46720,96768,0.5171957671957672,0.25,0.75,"{""auv_01"": 20.0, ""auv_02"": 40.0, ""auv_00"": 60.0}",partial,60.0
85424607cd80fc940be0d3f9bf743dcc9e509f91,be60c5a6a5818969,paper_risk_bounded_v1_2026-09-28,utility_v2_frozen_2026-09-28,safe_useful_retention_v1_2026-09-28,paper_ssp_200m_v1,5,1000,1000.0,B2,tr_15e068cb7ee2_gpu,-117.08815,0.9325842696629213,0.9325842696629213,83,1.0,1.0,9,"{""conflicting_task_ownership"": 0, ""duplicate_execution"": 0, ""contradictory_reassignment"": 1, ""incompatible_mission_state"": 4, ""inconsistent_anomaly_state"": 4}",50048,46720,96768,0.5171957671957672,0.25,0.75,"{""auv_01"": 20.0, ""auv_02"": 40.0, ""auv_00"": 60.0}",partial,60.0
85424607cd80fc940be0d3f9bf743dcc9e509f91,be60c5a6a5818969,paper_risk_bounded_v1_2026-09-28,utility_v2_frozen_2026-09-28,safe_useful_retention_v1_2026-09-28,paper_ssp_200m_v1,5,1000,1000.0,B3,tr_15e068cb7ee2_gpu,-30.0449,0.0,0.0,0,0.0,0.0,0,"{""conflicting_task_ownership"": 0, ""duplicate_execution"": 0, ""contradictory_reassignment"": 0, ""incompatible_mission_state"": 0, ""inconsistent_anomaly_state"": 0}",50048,57600,107648,0.464922711058264,0.25,0.75,"{""auv_01"": 20.0, ""auv_02"": 40.0, ""auv_00"": 60.0}",partial,60.0
85424607cd80fc940be0d3f9bf743dcc9e509f91,be60c5a6a5818969,paper_risk_bounded_v1_2026-09-28,utility_v2_frozen_2026-09-28,safe_useful_retention_v1_2026-09-28,paper_ssp_200m_v1,5,1000,1000.0,B4,tr_15e068cb7ee2_gpu,0.9551499999999999,0.0,0.0,0,0.8,0.014492753623188406,1,"{""conflicting_task_ownership"": 0, ""duplicate_execution"": 0, ""contradictory_reassignment"": 1, ""incompatible_mission_state"": 0, ""inconsistent_anomaly_state"": 0}",50048,57600,107648,0.464922711058264,0.25,0.75,"{""auv_01"": 20.0, ""auv_02"": 40.0, ""auv_00"": 60.0}",partial,60.0
85424607cd80fc940be0d3f9bf743dcc9e509f91,be60c5a6a5818969,paper_risk_bounded_v1_2026-09-28,utility_v2_frozen_2026-09-28,safe_useful_retention_v1_2026-09-28,paper_ssp_200m_v1,5,1000,1000.0,B5_conservative,tr_15e068cb7ee2_gpu,-30.0449,0.0,0.0,0,0.0,0.0,0,"{""conflicting_task_ownership"": 0, ""duplicate_execution"": 0, ""contradictory_reassignment"": 0, ""incompatible_mission_state"": 0, ""inconsistent_anomaly_state"": 0}",50048,57600,107648,0.464922711058264,0.25,0.75,"{""auv_01"": 20.0, ""auv_02"": 40.0, ""auv_00"": 60.0}",partial,60.0
85424607cd80fc940be0d3f9bf743dcc9e509f91,be60c5a6a5818969,paper_risk_bounded_v1_2026-09-28,utility_v2_frozen_2026-09-28,safe_useful_retention_v1_2026-09-28,paper_ssp_200m_v1,5,1000,1000.0,B5_nominal,tr_15e068cb7ee2_gpu,-117.08815,0.9325842696629213,0.9325842696629213,83,1.0,1.0,9,"{""conflicting_task_ownership"": 0, ""duplicate_execution"": 0, ""contradictory_reassignment"": 1, ""incompatible_mission_state"": 4, ""inconsistent_anomaly_state"": 4}",50048,46720,96768,0.5171957671957672,0.25,0.75,"{""auv_01"": 20.0, ""auv_02"": 40.0, ""auv_00"": 60.0}",partial,60.0
85424607cd80fc940be0d3f9bf743dcc9e509f91,be60c5a6a5818969,paper_risk_bounded_v1_2026-09-28,utility_v2_frozen_2026-09-28,safe_useful_retention_v1_2026-09-28,paper_ssp_200m_v1,5,1000,1000.0,B5_permissive,tr_15e068cb7ee2_gpu,-117.08815,0.9325842696629213,0.9325842696629213,83,1.0,1.0,9,"{""conflicting_task_ownership"": 0, ""duplicate_execution"": 0, ""contradictory_reassignment"": 1, ""incompatible_mission_state"": 4, ""inconsistent_anomaly_state"": 4}",50048,46720,96768,0.5171957671957672,0.25,0.75,"{""auv_01"": 20.0, ""auv_02"": 40.0, ""auv_00"": 60.0}",partial,60.0
85424607cd80fc940be0d3f9bf743dcc9e509f91,486aac9e31886746,paper_risk_bounded_v1_2026-09-28,utility_v2_frozen_2026-09-28,safe_useful_retention_v1_2026-09-28,paper_ssp_200m_v1,6,0,0.0,B1,tr_554048377072_gpu,47.9171,0.9857142857142858,0.9857142857142858,69,1.0,1.0,1,"{""conflicting_task_ownership"": 0, ""duplicate_execution"": 0, ""contradictory_reassignment"": 0, ""incompatible_mission_state"": 1, ""inconsistent_anomaly_state"": 0}",70400,17040,87440,0.8051235132662397,,,{},idle,0.0
85424607cd80fc940be0d3f9bf743dcc9e509f91,486aac9e31886746,paper_risk_bounded_v1_2026-09-28,utility_v2_frozen_2026-09-28,safe_useful_retention_v1_2026-09-28,paper_ssp_200m_v1,6,0,0.0,B2,tr_554048377072_gpu,47.9171,0.9857142857142858,0.9857142857142858,69,1.0,1.0,1,"{""conflicting_task_ownership"": 0, ""duplicate_execution"": 0, ""contradictory_reassignment"": 0, ""incompatible_mission_state"": 1, ""inconsistent_anomaly_state"": 0}",70400,17040,87440,0.8051235132662397,,,{},idle,0.0
85424607cd80fc940be0d3f9bf743dcc9e509f91,486aac9e31886746,paper_risk_bounded_v1_2026-09-28,utility_v2_frozen_2026-09-28,safe_useful_retention_v1_2026-09-28,paper_ssp_200m_v1,6,0,0.0,B3,tr_554048377072_gpu,-30.0462,0.0,0.0,0,0.0,0.0,0,"{""conflicting_task_ownership"": 0, ""duplicate_execution"": 0, ""contradictory_reassignment"": 0, ""incompatible_mission_state"": 0, ""inconsistent_anomaly_state"": 0}",70400,25200,95600,0.7364016736401674,,,{},idle,0.0
85424607cd80fc940be0d3f9bf743dcc9e509f91,486aac9e31886746,paper_risk_bounded_v1_2026-09-28,utility_v2_frozen_2026-09-28,safe_useful_retention_v1_2026-09-28,paper_ssp_200m_v1,6,0,0.0,B4,tr_554048377072_gpu,-18.0462,0.0,0.0,0,1.0,0.0035714285714285713,0,"{""conflicting_task_ownership"": 0, ""duplicate_execution"": 0, ""contradictory_reassignment"": 0, ""incompatible_mission_state"": 0, ""inconsistent_anomaly_state"": 0}",70400,25200,95600,0.7364016736401674,,,{},idle,0.0
85424607cd80fc940be0d3f9bf743dcc9e509f91,486aac9e31886746,paper_risk_bounded_v1_2026-09-28,utility_v2_frozen_2026-09-28,safe_useful_retention_v1_2026-09-28,paper_ssp_200m_v1,6,0,0.0,B5_conservative,tr_554048377072_gpu,-30.0462,0.0,0.0,0,0.0,0.0,0,"{""conflicting_task_ownership"": 0, ""duplicate_execution"": 0, ""contradictory_reassignment"": 0, ""incompatible_mission_state"": 0, ""inconsistent_anomaly_state"": 0}",70400,25200,95600,0.7364016736401674,,,{},idle,0.0
85424607cd80fc940be0d3f9bf743dcc9e509f91,486aac9e31886746,paper_risk_bounded_v1_2026-09-28,utility_v2_frozen_2026-09-28,safe_useful_retention_v1_2026-09-28,paper_ssp_200m_v1,6,0,0.0,B5_nominal,tr_554048377072_gpu,47.9171,0.9857142857142858,0.9857142857142858,69,1.0,1.0,1,"{""conflicting_task_ownership"": 0, ""duplicate_execution"": 0, ""contradictory_reassignment"": 0, ""incompatible_mission_state"": 1, ""inconsistent_anomaly_state"": 0}",70400,17040,87440,0.8051235132662397,,,{},idle,0.0
85424607cd80fc940be0d3f9bf743dcc9e509f91,486aac9e31886746,paper_risk_bounded_v1_2026-09-28,utility_v2_frozen_2026-09-28,safe_useful_retention_v1_2026-09-28,paper_ssp_200m_v1,6,0,0.0,B5_permissive,tr_554048377072_gpu,47.9171,0.9857142857142858,0.9857142857142858,69,1.0,1.0,1,"{""conflicting_task_ownership"": 0, ""duplicate_execution"": 0, ""contradictory_reassignment"": 0, ""incompatible_mission_state"": 1, ""inconsistent_anomaly_state"": 0}",70400,17040,87440,0.8051235132662397,,,{},idle,0.0
85424607cd80fc940be0d3f9bf743dcc9e509f91,a93b7f10a26168c2,paper_risk_bounded_v1_2026-09-28,utility_v2_frozen_2026-09-28,safe_useful_retention_v1_2026-09-28,paper_ssp_200m_v1,6,150,150.0,B1,tr_554048377072_gpu,47.9177,0.868421052631579,0.9850746268656716,66,1.0,1.0,1,"{""conflicting_task_ownership"": 0, ""duplicate_execution"": 0, ""contradictory_reassignment"": 0, ""incompatible_mission_state"": 1, ""inconsistent_anomaly_state"": 0}",78080,20880,98960,0.7890056588520614,0.5,0.5,"{""auv_00"": 20.0, ""auv_02"": 20.0, ""auv_07"": 20.0, ""auv_10"": 40.0, ""auv_01"": 40.0, ""auv_08"": 60.0}",partial,60.0
85424607cd80fc940be0d3f9bf743dcc9e509f91,a93b7f10a26168c2,paper_risk_bounded_v1_2026-09-28,utility_v2_frozen_2026-09-28,safe_useful_retention_v1_2026-09-28,paper_ssp_200m_v1,6,150,150.0,B2,tr_554048377072_gpu,41.923,0.9210526315789473,0.9210526315789473,70,1.0,1.0,2,"{""conflicting_task_ownership"": 0, ""duplicate_execution"": 0, ""contradictory_reassignment"": 1, ""incompatible_mission_state"": 1, ""inconsistent_anomaly_state"": 0}",78080,20880,98960,0.7890056588520614,0.5,0.5,"{""auv_02"": 20.0, ""auv_07"": 20.0, ""auv_00"": 20.0, ""auv_10"": 40.0, ""auv_01"": 40.0, ""auv_08"": 60.0}",partial,60.0
85424607cd80fc940be0d3f9bf743dcc9e509f91,a93b7f10a26168c2,paper_risk_bounded_v1_2026-09-28,utility_v2_frozen_2026-09-28,safe_useful_retention_v1_2026-09-28,paper_ssp_200m_v1,6,150,150.0,B3,tr_554048377072_gpu,-30.046,0.0,0.0,0,0.0,0.0,0,"{""conflicting_task_ownership"": 0, ""duplicate_execution"": 0, ""contradictory_reassignment"": 0, ""incompatible_mission_state"": 0, ""inconsistent_anomaly_state"": 0}",78080,29040,107120,0.7289021657953697,0.5,0.5,"{""auv_02"": 20.0, ""auv_00"": 20.0, ""auv_07"": 20.0, ""auv_01"": 40.0, ""auv_10"": 40.0, ""auv_08"": 60.0}",partial,60.0
85424607cd80fc940be0d3f9bf743dcc9e509f91,a93b7f10a26168c2,paper_risk_bounded_v1_2026-09-28,utility_v2_frozen_2026-09-28,safe_useful_retention_v1_2026-09-28,paper_ssp_200m_v1,6,150,150.0,B4,tr_554048377072_gpu,0.95355,0.0,0.0,0,0.8,0.014234875444839857,1,"{""conflicting_task_ownership"": 0, ""duplicate_execution"": 0, ""contradictory_reassignment"": 1, ""incompatible_mission_state"": 0, ""inconsistent_anomaly_state"": 0}",78080,29040,107120,0.7289021657953697,0.5,0.5,"{""auv_00"": 20.0, ""auv_07"": 20.0, ""auv_02"": 20.0, ""auv_01"": 40.0, ""auv_10"": 40.0, ""auv_08"": 60.0}",partial,60.0
85424607cd80fc940be0d3f9bf743dcc9e509f91,a93b7f10a26168c2,paper_risk_bounded_v1_2026-09-28,utility_v2_frozen_2026-09-28,safe_useful_retention_v1_2026-09-28,paper_ssp_200m_v1,6,150,150.0,B5_conservative,tr_554048377072_gpu,-30.046,0.0,0.0,0,0.0,0.0,0,"{""conflicting_task_ownership"": 0, ""duplicate_execution"": 0, ""contradictory_reassignment"": 0, ""incompatible_mission_state"": 0, ""inconsistent_anomaly_state"": 0}",78080,29040,107120,0.7289021657953697,0.5,0.5,"{""auv_00"": 20.0, ""auv_07"": 20.0, ""auv_02"": 20.0, ""auv_01"": 40.0, ""auv_10"": 40.0, ""auv_08"": 60.0}",partial,60.0
85424607cd80fc940be0d3f9bf743dcc9e509f91,a93b7f10a26168c2,paper_risk_bounded_v1_2026-09-28,utility_v2_frozen_2026-09-28,safe_useful_retention_v1_2026-09-28,paper_ssp_200m_v1,6,150,150.0,B5_nominal,tr_554048377072_gpu,41.923,0.9210526315789473,0.9210526315789473,70,1.0,1.0,2,"{""conflicting_task_ownership"": 0, ""duplicate_execution"": 0, ""contradictory_reassignment"": 1, ""incompatible_mission_state"": 1, ""inconsistent_anomaly_state"": 0}",78080,20880,98960,0.7890056588520614,0.5,0.5,"{""auv_02"": 20.0, ""auv_00"": 20.0, ""auv_07"": 20.0, ""auv_01"": 40.0, ""auv_10"": 40.0, ""auv_08"": 60.0}",partial,60.0
85424607cd80fc940be0d3f9bf743dcc9e509f91,a93b7f10a26168c2,paper_risk_bounded_v1_2026-09-28,utility_v2_frozen_2026-09-28,safe_useful_retention_v1_2026-09-28,paper_ssp_200m_v1,6,150,150.0,B5_permissive,tr_554048377072_gpu,41.923,0.9210526315789473,0.9210526315789473,70,1.0,1.0,2,"{""conflicting_task_ownership"": 0, ""duplicate_execution"": 0, ""contradictory_reassignment"": 1, ""incompatible_mission_state"": 1, ""inconsistent_anomaly_state"": 0}",78080,20880,98960,0.7890056588520614,0.5,0.5,"{""auv_00"": 20.0, ""auv_02"": 20.0, ""auv_07"": 20.0, ""auv_01"": 40.0, ""auv_10"": 40.0, ""auv_08"": 60.0}",partial,60.0
85424607cd80fc940be0d3f9bf743dcc9e509f91,7aa915dfe7100c39,paper_risk_bounded_v1_2026-09-28,utility_v2_frozen_2026-09-28,safe_useful_retention_v1_2026-09-28,paper_ssp_200m_v1,6,300,300.0,B1,tr_554048377072_gpu,47.9183,0.8170731707317073,0.9852941176470589,67,1.0,1.0,1,"{""conflicting_task_ownership"": 0, ""duplicate_execution"": 0, ""contradictory_reassignment"": 0, ""incompatible_mission_state"": 1, ""inconsistent_anomaly_state"": 0}",75264,24240,99504,0.7563917028461168,0.4166666666666667,0.5833333333333334,"{""auv_01"": 20.0, ""auv_08"": 20.0, ""auv_02"": 20.0, ""auv_00"": 20.0, ""auv_04"": 40.0}",partial,40.0
85424607cd80fc940be0d3f9bf743dcc9e509f91,7aa915dfe7100c39,paper_risk_bounded_v1_2026-09-28,utility_v2_frozen_2026-09-28,safe_useful_retention_v1_2026-09-28,paper_ssp_200m_v1,6,300,300.0,B2,tr_554048377072_gpu,-14.0806,0.925,0.925,74,1.0,1.0,6,"{""conflicting_task_ownership"": 0, ""duplicate_execution"": 0, ""contradictory_reassignment"": 1, ""incompatible_mission_state"": 1, ""inconsistent_anomaly_state"": 4}",75264,24240,99504,0.7563917028461168,0.4166666666666667,0.5833333333333334,"{""auv_00"": 20.0, ""auv_08"": 20.0, ""auv_02"": 20.0, ""auv_01"": 20.0, ""auv_04"": 40.0}",partial,40.0
85424607cd80fc940be0d3f9bf743dcc9e509f91,7aa915dfe7100c39,paper_risk_bounded_v1_2026-09-28,utility_v2_frozen_2026-09-28,safe_useful_retention_v1_2026-09-28,paper_ssp_200m_v1,6,300,300.0,B3,tr_554048377072_gpu,-30.0458,0.0,0.0,0,0.0,0.0,0,"{""conflicting_task_ownership"": 0, ""duplicate_execution"": 0, ""contradictory_reassignment"": 0, ""incompatible_mission_state"": 0, ""inconsistent_anomaly_state"": 0}",75264,32400,107664,0.6990637539010254,0.4166666666666667,0.5833333333333334,"{""auv_01"": 20.0, ""auv_02"": 20.0, ""auv_00"": 20.0, ""auv_08"": 20.0, ""auv_04"": 40.0}",partial,40.0
85424607cd80fc940be0d3f9bf743dcc9e509f91,7aa915dfe7100c39,paper_risk_bounded_v1_2026-09-28,utility_v2_frozen_2026-09-28,safe_useful_retention_v1_2026-09-28,paper_ssp_200m_v1,6,300,300.0,B4,tr_554048377072_gpu,0.95375,0.0,0.0,0,0.8,0.014184397163120567,1,"{""conflicting_task_ownership"": 0, ""duplicate_execution"": 0, ""contradictory_reassignment"": 1, ""incompatible_mission_state"": 0, ""inconsistent_anomaly_state"": 0}",75264,32400,107664,0.6990637539010254,0.4166666666666667,0.5833333333333334,"{""auv_08"": 20.0, ""auv_02"": 20.0, ""auv_00"": 20.0, ""auv_01"": 20.0, ""auv_04"": 40.0}",partial,40.0
85424607cd80fc940be0d3f9bf743dcc9e509f91,7aa915dfe7100c39,paper_risk_bounded_v1_2026-09-28,utility_v2_frozen_2026-09-28,safe_useful_retention_v1_2026-09-28,paper_ssp_200m_v1,6,300,300.0,B5_conservative,tr_554048377072_gpu,-30.0458,0.0,0.0,0,0.0,0.0,0,"{""conflicting_task_ownership"": 0, ""duplicate_execution"": 0, ""contradictory_reassignment"": 0, ""incompatible_mission_state"": 0, ""inconsistent_anomaly_state"": 0}",75264,32400,107664,0.6990637539010254,0.4166666666666667,0.5833333333333334,"{""auv_08"": 20.0, ""auv_01"": 20.0, ""auv_02"": 20.0, ""auv_00"": 20.0, ""auv_04"": 40.0}",partial,40.0
85424607cd80fc940be0d3f9bf743dcc9e509f91,7aa915dfe7100c39,paper_risk_bounded_v1_2026-09-28,utility_v2_frozen_2026-09-28,safe_useful_retention_v1_2026-09-28,paper_ssp_200m_v1,6,300,300.0,B5_nominal,tr_554048377072_gpu,-14.0806,0.925,0.925,74,1.0,1.0,6,"{""conflicting_task_ownership"": 0, ""duplicate_execution"": 0, ""contradictory_reassignment"": 1, ""incompatible_mission_state"": 1, ""inconsistent_anomaly_state"": 4}",75264,24240,99504,0.7563917028461168,0.4166666666666667,0.5833333333333334,"{""auv_02"": 20.0, ""auv_01"": 20.0, ""auv_08"": 20.0, ""auv_00"": 20.0, ""auv_04"": 40.0}",partial,40.0
85424607cd80fc940be0d3f9bf743dcc9e509f91,7aa915dfe7100c39,paper_risk_bounded_v1_2026-09-28,utility_v2_frozen_2026-09-28,safe_useful_retention_v1_2026-09-28,paper_ssp_200m_v1,6,300,300.0,B5_permissive,tr_554048377072_gpu,-14.0806,0.925,0.925,74,1.0,1.0,6,"{""conflicting_task_ownership"": 0, ""duplicate_execution"": 0, ""contradictory_reassignment"": 1, ""incompatible_mission_state"": 1, ""inconsistent_anomaly_state"": 4}",75264,24240,99504,0.7563917028461168,0.4166666666666667,0.5833333333333334,"{""auv_00"": 20.0, ""auv_01"": 20.0, ""auv_02"": 20.0, ""auv_08"": 20.0, ""auv_04"": 40.0}",partial,40.0
85424607cd80fc940be0d3f9bf743dcc9e509f91,b83069b33c54155c,paper_risk_bounded_v1_2026-09-28,utility_v2_frozen_2026-09-28,safe_useful_retention_v1_2026-09-28,paper_ssp_200m_v1,6,500,500.0,B1,tr_554048377072_gpu,47.9189,0.75,0.9850746268656716,66,1.0,1.0,1,"{""conflicting_task_ownership"": 0, ""duplicate_execution"": 0, ""contradictory_reassignment"": 0, ""incompatible_mission_state"": 1, ""inconsistent_anomaly_state"": 0}",70528,29040,99568,0.7083400289249558,0.5,0.5,"{""auv_03"": 20.0, ""auv_07"": 20.0, ""auv_02"": 40.0, ""auv_01"": 40.0, ""auv_06"": 40.0, ""auv_00"": 40.0}",partial,40.0
85424607cd80fc940be0d3f9bf743dcc9e509f91,b83069b33c54155c,paper_risk_bounded_v1_2026-09-28,utility_v2_frozen_2026-09-28,safe_useful_retention_v1_2026-09-28,paper_ssp_200m_v1,6,500,500.0,B2,tr_554048377072_gpu,-77.08455,0.9294117647058824,0.9294117647058824,79,1.0,1.0,9,"{""conflicting_task_ownership"": 0, ""duplicate_execution"": 0, ""contradictory_reassignment"": 1, ""incompatible_mission_state"": 4, ""inconsistent_anomaly_state"": 4}",70528,29040,99568,0.7083400289249558,0.5,0.5,"{""auv_07"": 20.0, ""auv_03"": 20.0, ""auv_06"": 40.0, ""auv_00"": 40.0, ""auv_01"": 40.0, ""auv_02"": 40.0}",partial,40.0
85424607cd80fc940be0d3f9bf743dcc9e509f91,b83069b33c54155c,paper_risk_bounded_v1_2026-09-28,utility_v2_frozen_2026-09-28,safe_useful_retention_v1_2026-09-28,paper_ssp_200m_v1,6,500,500.0,B3,tr_554048377072_gpu,-30.0456,0.0,0.0,0,0.0,0.0,0,"{""conflicting_task_ownership"": 0, ""duplicate_execution"": 0, ""contradictory_reassignment"": 0, ""incompatible_mission_state"": 0, ""inconsistent_anomaly_state"": 0}",70528,37200,107728,0.654685875538393,0.5,0.5,"{""auv_07"": 20.0, ""auv_03"": 20.0, ""auv_01"": 40.0, ""auv_06"": 40.0, ""auv_00"": 40.0, ""auv_02"": 40.0}",partial,40.0
85424607cd80fc940be0d3f9bf743dcc9e509f91,b83069b33c54155c,paper_risk_bounded_v1_2026-09-28,utility_v2_frozen_2026-09-28,safe_useful_retention_v1_2026-09-28,paper_ssp_200m_v1,6,500,500.0,B4,tr_554048377072_gpu,0.95395,0.0,0.0,0,0.8,0.014336917562724014,1,"{""conflicting_task_ownership"": 0, ""duplicate_execution"": 0, ""contradictory_reassignment"": 1, ""incompatible_mission_state"": 0, ""inconsistent_anomaly_state"": 0}",70528,37200,107728,0.654685875538393,0.5,0.5,"{""auv_07"": 20.0, ""auv_03"": 20.0, ""auv_01"": 40.0, ""auv_02"": 40.0, ""auv_00"": 40.0, ""auv_06"": 40.0}",partial,40.0
85424607cd80fc940be0d3f9bf743dcc9e509f91,b83069b33c54155c,paper_risk_bounded_v1_2026-09-28,utility_v2_frozen_2026-09-28,safe_useful_retention_v1_2026-09-28,paper_ssp_200m_v1,6,500,500.0,B5_conservative,tr_554048377072_gpu,-30.0456,0.0,0.0,0,0.0,0.0,0,"{""conflicting_task_ownership"": 0, ""duplicate_execution"": 0, ""contradictory_reassignment"": 0, ""incompatible_mission_state"": 0, ""inconsistent_anomaly_state"": 0}",70528,37200,107728,0.654685875538393,0.5,0.5,"{""auv_07"": 20.0, ""auv_03"": 20.0, ""auv_06"": 40.0, ""auv_02"": 40.0, ""auv_00"": 40.0, ""auv_01"": 40.0}",partial,40.0
85424607cd80fc940be0d3f9bf743dcc9e509f91,b83069b33c54155c,paper_risk_bounded_v1_2026-09-28,utility_v2_frozen_2026-09-28,safe_useful_retention_v1_2026-09-28,paper_ssp_200m_v1,6,500,500.0,B5_nominal,tr_554048377072_gpu,-77.08455,0.9294117647058824,0.9294117647058824,79,1.0,1.0,9,"{""conflicting_task_ownership"": 0, ""duplicate_execution"": 0, ""contradictory_reassignment"": 1, ""incompatible_mission_state"": 4, ""inconsistent_anomaly_state"": 4}",70528,29040,99568,0.7083400289249558,0.5,0.5,"{""auv_07"": 20.0, ""auv_03"": 20.0, ""auv_01"": 40.0, ""auv_06"": 40.0, ""auv_00"": 40.0, ""auv_02"": 40.0}",partial,40.0
85424607cd80fc940be0d3f9bf743dcc9e509f91,b83069b33c54155c,paper_risk_bounded_v1_2026-09-28,utility_v2_frozen_2026-09-28,safe_useful_retention_v1_2026-09-28,paper_ssp_200m_v1,6,500,500.0,B5_permissive,tr_554048377072_gpu,-77.08455,0.9294117647058824,0.9294117647058824,79,1.0,1.0,9,"{""conflicting_task_ownership"": 0, ""duplicate_execution"": 0, ""contradictory_reassignment"": 1, ""incompatible_mission_state"": 4, ""inconsistent_anomaly_state"": 4}",70528,29040,99568,0.7083400289249558,0.5,0.5,"{""auv_03"": 20.0, ""auv_07"": 20.0, ""auv_02"": 40.0, ""auv_06"": 40.0, ""auv_01"": 40.0, ""auv_00"": 40.0}",partial,40.0
85424607cd80fc940be0d3f9bf743dcc9e509f91,bdd09782a146f584,paper_risk_bounded_v1_2026-09-28,utility_v2_frozen_2026-09-28,safe_useful_retention_v1_2026-09-28,paper_ssp_200m_v1,6,750,750.0,B1,tr_554048377072_gpu,47.9192,0.7252747252747253,0.9850746268656716,66,1.0,1.0,1,"{""conflicting_task_ownership"": 0, ""duplicate_execution"": 0, ""contradictory_reassignment"": 0, ""incompatible_mission_state"": 1, ""inconsistent_anomaly_state"": 0}",59392,35280,94672,0.6273449383133345,0.3333333333333333,0.6666666666666666,"{""auv_02"": 20.0, ""auv_00"": 20.0, ""auv_03"": 40.0, ""auv_01"": 40.0}",partial,40.0
85424607cd80fc940be0d3f9bf743dcc9e509f91,bdd09782a146f584,paper_risk_bounded_v1_2026-09-28,utility_v2_frozen_2026-09-28,safe_useful_retention_v1_2026-09-28,paper_ssp_200m_v1,6,750,750.0,B2,tr_554048377072_gpu,-77.08455,0.9294117647058824,0.9294117647058824,79,1.0,1.0,9,"{""conflicting_task_ownership"": 0, ""duplicate_execution"": 0, ""contradictory_reassignment"": 1, ""incompatible_mission_state"": 4, ""inconsistent_anomaly_state"": 4}",59392,35280,94672,0.6273449383133345,0.3333333333333333,0.6666666666666666,"{""auv_00"": 20.0, ""auv_02"": 20.0, ""auv_03"": 40.0, ""auv_01"": 40.0}",partial,40.0
85424607cd80fc940be0d3f9bf743dcc9e509f91,bdd09782a146f584,paper_risk_bounded_v1_2026-09-28,utility_v2_frozen_2026-09-28,safe_useful_retention_v1_2026-09-28,paper_ssp_200m_v1,6,750,750.0,B3,tr_554048377072_gpu,-30.0453,0.0,0.0,0,0.0,0.0,0,"{""conflicting_task_ownership"": 0, ""duplicate_execution"": 0, ""contradictory_reassignment"": 0, ""incompatible_mission_state"": 0, ""inconsistent_anomaly_state"": 0}",59392,43440,102832,0.5775634043877392,0.3333333333333333,0.6666666666666666,"{""auv_00"": 20.0, ""auv_02"": 20.0, ""auv_01"": 40.0, ""auv_03"": 40.0}",partial,40.0
85424607cd80fc940be0d3f9bf743dcc9e509f91,bdd09782a146f584,paper_risk_bounded_v1_2026-09-28,utility_v2_frozen_2026-09-28,safe_useful_retention_v1_2026-09-28,paper_ssp_200m_v1,6,750,750.0,B4,tr_554048377072_gpu,0.95425,0.0,0.0,0,0.8,0.014336917562724014,1,"{""conflicting_task_ownership"": 0, ""duplicate_execution"": 0, ""contradictory_reassignment"": 1, ""incompatible_mission_state"": 0, ""inconsistent_anomaly_state"": 0}",59392,43440,102832,0.5775634043877392,0.3333333333333333,0.6666666666666666,"{""auv_02"": 20.0, ""auv_00"": 20.0, ""auv_03"": 40.0, ""auv_01"": 40.0}",partial,40.0
85424607cd80fc940be0d3f9bf743dcc9e509f91,bdd09782a146f584,paper_risk_bounded_v1_2026-09-28,utility_v2_frozen_2026-09-28,safe_useful_retention_v1_2026-09-28,paper_ssp_200m_v1,6,750,750.0,B5_conservative,tr_554048377072_gpu,-30.0453,0.0,0.0,0,0.0,0.0,0,"{""conflicting_task_ownership"": 0, ""duplicate_execution"": 0, ""contradictory_reassignment"": 0, ""incompatible_mission_state"": 0, ""inconsistent_anomaly_state"": 0}",59392,43440,102832,0.5775634043877392,0.3333333333333333,0.6666666666666666,"{""auv_02"": 20.0, ""auv_00"": 20.0, ""auv_03"": 40.0, ""auv_01"": 40.0}",partial,40.0
85424607cd80fc940be0d3f9bf743dcc9e509f91,bdd09782a146f584,paper_risk_bounded_v1_2026-09-28,utility_v2_frozen_2026-09-28,safe_useful_retention_v1_2026-09-28,paper_ssp_200m_v1,6,750,750.0,B5_nominal,tr_554048377072_gpu,-77.08455,0.9294117647058824,0.9294117647058824,79,1.0,1.0,9,"{""conflicting_task_ownership"": 0, ""duplicate_execution"": 0, ""contradictory_reassignment"": 1, ""incompatible_mission_state"": 4, ""inconsistent_anomaly_state"": 4}",59392,35280,94672,0.6273449383133345,0.3333333333333333,0.6666666666666666,"{""auv_02"": 20.0, ""auv_00"": 20.0, ""auv_03"": 40.0, ""auv_01"": 40.0}",partial,40.0
85424607cd80fc940be0d3f9bf743dcc9e509f91,bdd09782a146f584,paper_risk_bounded_v1_2026-09-28,utility_v2_frozen_2026-09-28,safe_useful_retention_v1_2026-09-28,paper_ssp_200m_v1,6,750,750.0,B5_permissive,tr_554048377072_gpu,-77.08455,0.9294117647058824,0.9294117647058824,79,1.0,1.0,9,"{""conflicting_task_ownership"": 0, ""duplicate_execution"": 0, ""contradictory_reassignment"": 1, ""incompatible_mission_state"": 4, ""inconsistent_anomaly_state"": 4}",59392,35280,94672,0.6273449383133345,0.3333333333333333,0.6666666666666666,"{""auv_00"": 20.0, ""auv_02"": 20.0, ""auv_01"": 40.0, ""auv_03"": 40.0}",partial,40.0
85424607cd80fc940be0d3f9bf743dcc9e509f91,5f80e392524e944c,paper_risk_bounded_v1_2026-09-28,utility_v2_frozen_2026-09-28,safe_useful_retention_v1_2026-09-28,paper_ssp_200m_v1,6,1000,1000.0,B1,tr_554048377072_gpu,47.9229,0.6666666666666666,0.9850746268656716,66,1.0,1.0,1,"{""conflicting_task_ownership"": 0, ""duplicate_execution"": 0, ""contradictory_reassignment"": 0, ""incompatible_mission_state"": 1, ""inconsistent_anomaly_state"": 0}",56576,41040,97616,0.5795771185051631,0.5,0.5,"{""auv_01"": 20.0, ""auv_02"": 20.0, ""auv_00"": 60.0, ""auv_08"": 60.0, ""auv_07"": 60.0, ""auv_10"": 60.0}",partial,60.0
85424607cd80fc940be0d3f9bf743dcc9e509f91,5f80e392524e944c,paper_risk_bounded_v1_2026-09-28,utility_v2_frozen_2026-09-28,safe_useful_retention_v1_2026-09-28,paper_ssp_200m_v1,6,1000,1000.0,B2,tr_554048377072_gpu,-117.08815,0.9325842696629213,0.9325842696629213,83,1.0,1.0,9,"{""conflicting_task_ownership"": 0, ""duplicate_execution"": 0, ""contradictory_reassignment"": 1, ""incompatible_mission_state"": 4, ""inconsistent_anomaly_state"": 4}",56576,41040,97616,0.5795771185051631,0.5,0.5,"{""auv_02"": 20.0, ""auv_01"": 20.0, ""auv_10"": 60.0, ""auv_07"": 60.0, ""auv_00"": 60.0, ""auv_08"": 60.0}",partial,60.0
85424607cd80fc940be0d3f9bf743dcc9e509f91,5f80e392524e944c,paper_risk_bounded_v1_2026-09-28,utility_v2_frozen_2026-09-28,safe_useful_retention_v1_2026-09-28,paper_ssp_200m_v1,6,1000,1000.0,B3,tr_554048377072_gpu,-30.0449,0.0,0.0,0,0.0,0.0,0,"{""conflicting_task_ownership"": 0, ""duplicate_execution"": 0, ""contradictory_reassignment"": 0, ""incompatible_mission_state"": 0, ""inconsistent_anomaly_state"": 0}",56576,49200,105776,0.5348661322039026,0.5,0.5,"{""auv_02"": 20.0, ""auv_01"": 20.0, ""auv_07"": 60.0, ""auv_10"": 60.0, ""auv_08"": 60.0, ""auv_00"": 60.0}",partial,60.0
85424607cd80fc940be0d3f9bf743dcc9e509f91,5f80e392524e944c,paper_risk_bounded_v1_2026-09-28,utility_v2_frozen_2026-09-28,safe_useful_retention_v1_2026-09-28,paper_ssp_200m_v1,6,1000,1000.0,B4,tr_554048377072_gpu,0.9551499999999999,0.0,0.0,0,0.8,0.014492753623188406,1,"{""conflicting_task_ownership"": 0, ""duplicate_execution"": 0, ""contradictory_reassignment"": 1, ""incompatible_mission_state"": 0, ""inconsistent_anomaly_state"": 0}",56576,49200,105776,0.5348661322039026,0.5,0.5,"{""auv_02"": 20.0, ""auv_01"": 20.0, ""auv_10"": 60.0, ""auv_07"": 60.0, ""auv_00"": 60.0, ""auv_08"": 60.0}",partial,60.0
85424607cd80fc940be0d3f9bf743dcc9e509f91,5f80e392524e944c,paper_risk_bounded_v1_2026-09-28,utility_v2_frozen_2026-09-28,safe_useful_retention_v1_2026-09-28,paper_ssp_200m_v1,6,1000,1000.0,B5_conservative,tr_554048377072_gpu,-30.0449,0.0,0.0,0,0.0,0.0,0,"{""conflicting_task_ownership"": 0, ""duplicate_execution"": 0, ""contradictory_reassignment"": 0, ""incompatible_mission_state"": 0, ""inconsistent_anomaly_state"": 0}",56576,49200,105776,0.5348661322039026,0.5,0.5,"{""auv_01"": 20.0, ""auv_02"": 20.0, ""auv_08"": 60.0, ""auv_00"": 60.0, ""auv_10"": 60.0, ""auv_07"": 60.0}",partial,60.0
85424607cd80fc940be0d3f9bf743dcc9e509f91,5f80e392524e944c,paper_risk_bounded_v1_2026-09-28,utility_v2_frozen_2026-09-28,safe_useful_retention_v1_2026-09-28,paper_ssp_200m_v1,6,1000,1000.0,B5_nominal,tr_554048377072_gpu,-117.08815,0.9325842696629213,0.9325842696629213,83,1.0,1.0,9,"{""conflicting_task_ownership"": 0, ""duplicate_execution"": 0, ""contradictory_reassignment"": 1, ""incompatible_mission_state"": 4, ""inconsistent_anomaly_state"": 4}",56576,41040,97616,0.5795771185051631,0.5,0.5,"{""auv_01"": 20.0, ""auv_02"": 20.0, ""auv_07"": 60.0, ""auv_00"": 60.0, ""auv_10"": 60.0, ""auv_08"": 60.0}",partial,60.0
85424607cd80fc940be0d3f9bf743dcc9e509f91,5f80e392524e944c,paper_risk_bounded_v1_2026-09-28,utility_v2_frozen_2026-09-28,safe_useful_retention_v1_2026-09-28,paper_ssp_200m_v1,6,1000,1000.0,B5_permissive,tr_554048377072_gpu,-117.08815,0.9325842696629213,0.9325842696629213,83,1.0,1.0,9,"{""conflicting_task_ownership"": 0, ""duplicate_execution"": 0, ""contradictory_reassignment"": 1, ""incompatible_mission_state"": 4, ""inconsistent_anomaly_state"": 4}",56576,41040,97616,0.5795771185051631,0.5,0.5,"{""auv_01"": 20.0, ""auv_02"": 20.0, ""auv_08"": 60.0, ""auv_00"": 60.0, ""auv_07"": 60.0, ""auv_10"": 60.0}",partial,60.0
85424607cd80fc940be0d3f9bf743dcc9e509f91,a0a6f99036dbf34a,paper_risk_bounded_v1_2026-09-28,utility_v2_frozen_2026-09-28,safe_useful_retention_v1_2026-09-28,paper_ssp_200m_v1,7,0,0.0,B1,tr_58d2b05ddd66_gpu,47.9171,0.9857142857142858,0.9857142857142858,69,1.0,1.0,1,"{""conflicting_task_ownership"": 0, ""duplicate_execution"": 0, ""contradictory_reassignment"": 0, ""incompatible_mission_state"": 1, ""inconsistent_anomaly_state"": 0}",68352,22720,91072,0.7505270555165144,,,{},idle,0.0
85424607cd80fc940be0d3f9bf743dcc9e509f91,a0a6f99036dbf34a,paper_risk_bounded_v1_2026-09-28,utility_v2_frozen_2026-09-28,safe_useful_retention_v1_2026-09-28,paper_ssp_200m_v1,7,0,0.0,B2,tr_58d2b05ddd66_gpu,47.9171,0.9857142857142858,0.9857142857142858,69,1.0,1.0,1,"{""conflicting_task_ownership"": 0, ""duplicate_execution"": 0, ""contradictory_reassignment"": 0, ""incompatible_mission_state"": 1, ""inconsistent_anomaly_state"": 0}",68352,22720,91072,0.7505270555165144,,,{},idle,0.0
85424607cd80fc940be0d3f9bf743dcc9e509f91,a0a6f99036dbf34a,paper_risk_bounded_v1_2026-09-28,utility_v2_frozen_2026-09-28,safe_useful_retention_v1_2026-09-28,paper_ssp_200m_v1,7,0,0.0,B3,tr_58d2b05ddd66_gpu,-30.0462,0.0,0.0,0,0.0,0.0,0,"{""conflicting_task_ownership"": 0, ""duplicate_execution"": 0, ""contradictory_reassignment"": 0, ""incompatible_mission_state"": 0, ""inconsistent_anomaly_state"": 0}",68352,33600,101952,0.6704331450094162,,,{},idle,0.0
85424607cd80fc940be0d3f9bf743dcc9e509f91,a0a6f99036dbf34a,paper_risk_bounded_v1_2026-09-28,utility_v2_frozen_2026-09-28,safe_useful_retention_v1_2026-09-28,paper_ssp_200m_v1,7,0,0.0,B4,tr_58d2b05ddd66_gpu,-18.0462,0.0,0.0,0,1.0,0.0035714285714285713,0,"{""conflicting_task_ownership"": 0, ""duplicate_execution"": 0, ""contradictory_reassignment"": 0, ""incompatible_mission_state"": 0, ""inconsistent_anomaly_state"": 0}",68352,33600,101952,0.6704331450094162,,,{},idle,0.0
85424607cd80fc940be0d3f9bf743dcc9e509f91,a0a6f99036dbf34a,paper_risk_bounded_v1_2026-09-28,utility_v2_frozen_2026-09-28,safe_useful_retention_v1_2026-09-28,paper_ssp_200m_v1,7,0,0.0,B5_conservative,tr_58d2b05ddd66_gpu,-30.0462,0.0,0.0,0,0.0,0.0,0,"{""conflicting_task_ownership"": 0, ""duplicate_execution"": 0, ""contradictory_reassignment"": 0, ""incompatible_mission_state"": 0, ""inconsistent_anomaly_state"": 0}",68352,33600,101952,0.6704331450094162,,,{},idle,0.0
85424607cd80fc940be0d3f9bf743dcc9e509f91,a0a6f99036dbf34a,paper_risk_bounded_v1_2026-09-28,utility_v2_frozen_2026-09-28,safe_useful_retention_v1_2026-09-28,paper_ssp_200m_v1,7,0,0.0,B5_nominal,tr_58d2b05ddd66_gpu,47.9171,0.9857142857142858,0.9857142857142858,69,1.0,1.0,1,"{""conflicting_task_ownership"": 0, ""duplicate_execution"": 0, ""contradictory_reassignment"": 0, ""incompatible_mission_state"": 1, ""inconsistent_anomaly_state"": 0}",68352,22720,91072,0.7505270555165144,,,{},idle,0.0
85424607cd80fc940be0d3f9bf743dcc9e509f91,a0a6f99036dbf34a,paper_risk_bounded_v1_2026-09-28,utility_v2_frozen_2026-09-28,safe_useful_retention_v1_2026-09-28,paper_ssp_200m_v1,7,0,0.0,B5_permissive,tr_58d2b05ddd66_gpu,47.9171,0.9857142857142858,0.9857142857142858,69,1.0,1.0,1,"{""conflicting_task_ownership"": 0, ""duplicate_execution"": 0, ""contradictory_reassignment"": 0, ""incompatible_mission_state"": 1, ""inconsistent_anomaly_state"": 0}",68352,22720,91072,0.7505270555165144,,,{},idle,0.0
85424607cd80fc940be0d3f9bf743dcc9e509f91,aab753d24cfaa5a9,paper_risk_bounded_v1_2026-09-28,utility_v2_frozen_2026-09-28,safe_useful_retention_v1_2026-09-28,paper_ssp_200m_v1,7,150,150.0,B1,tr_58d2b05ddd66_gpu,47.9177,0.868421052631579,0.9850746268656716,66,1.0,1.0,1,"{""conflicting_task_ownership"": 0, ""duplicate_execution"": 0, ""contradictory_reassignment"": 0, ""incompatible_mission_state"": 1, ""inconsistent_anomaly_state"": 0}",74240,26560,100800,0.7365079365079366,0.3333333333333333,0.6666666666666666,"{""auv_11"": 20.0, ""auv_00"": 20.0, ""auv_01"": 40.0, ""auv_08"": 60.0}",partial,60.0
85424607cd80fc940be0d3f9bf743dcc9e509f91,aab753d24cfaa5a9,paper_risk_bounded_v1_2026-09-28,utility_v2_frozen_2026-09-28,safe_useful_retention_v1_2026-09-28,paper_ssp_200m_v1,7,150,150.0,B2,tr_58d2b05ddd66_gpu,41.923,0.9210526315789473,0.9210526315789473,70,1.0,1.0,2,"{""conflicting_task_ownership"": 0, ""duplicate_execution"": 0, ""contradictory_reassignment"": 1, ""incompatible_mission_state"": 1, ""inconsistent_anomaly_state"": 0}",74240,26560,100800,0.7365079365079366,0.3333333333333333,0.6666666666666666,"{""auv_00"": 20.0, ""auv_11"": 20.0, ""auv_01"": 40.0, ""auv_08"": 60.0}",partial,60.0
85424607cd80fc940be0d3f9bf743dcc9e509f91,aab753d24cfaa5a9,paper_risk_bounded_v1_2026-09-28,utility_v2_frozen_2026-09-28,safe_useful_retention_v1_2026-09-28,paper_ssp_200m_v1,7,150,150.0,B3,tr_58d2b05ddd66_gpu,-30.046,0.0,0.0,0,0.0,0.0,0,"{""conflicting_task_ownership"": 0, ""duplicate_execution"": 0, ""contradictory_reassignment"": 0, ""incompatible_mission_state"": 0, ""inconsistent_anomaly_state"": 0}",74240,37440,111680,0.664756446991404,0.3333333333333333,0.6666666666666666,"{""auv_11"": 20.0, ""auv_00"": 20.0, ""auv_01"": 40.0, ""auv_08"": 60.0}",partial,60.0
85424607cd80fc940be0d3f9bf743dcc9e509f91,aab753d24cfaa5a9,paper_risk_bounded_v1_2026-09-28,utility_v2_frozen_2026-09-28,safe_useful_retention_v1_2026-09-28,paper_ssp_200m_v1,7,150,150.0,B4,tr_58d2b05ddd66_gpu,0.95355,0.0,0.0,0,0.8,0.014234875444839857,1,"{""conflicting_task_ownership"": 0, ""duplicate_execution"": 0, ""contradictory_reassignment"": 1, ""incompatible_mission_state"": 0, ""inconsistent_anomaly_state"": 0}",74240,37440,111680,0.664756446991404,0.3333333333333333,0.6666666666666666,"{""auv_11"": 20.0, ""auv_00"": 20.0, ""auv_01"": 40.0, ""auv_08"": 60.0}",partial,60.0
85424607cd80fc940be0d3f9bf743dcc9e509f91,aab753d24cfaa5a9,paper_risk_bounded_v1_2026-09-28,utility_v2_frozen_2026-09-28,safe_useful_retention_v1_2026-09-28,paper_ssp_200m_v1,7,150,150.0,B5_conservative,tr_58d2b05ddd66_gpu,-30.046,0.0,0.0,0,0.0,0.0,0,"{""conflicting_task_ownership"": 0, ""duplicate_execution"": 0, ""contradictory_reassignment"": 0, ""incompatible_mission_state"": 0, ""inconsistent_anomaly_state"": 0}",74240,37440,111680,0.664756446991404,0.3333333333333333,0.6666666666666666,"{""auv_11"": 20.0, ""auv_00"": 20.0, ""auv_01"": 40.0, ""auv_08"": 60.0}",partial,60.0
85424607cd80fc940be0d3f9bf743dcc9e509f91,aab753d24cfaa5a9,paper_risk_bounded_v1_2026-09-28,utility_v2_frozen_2026-09-28,safe_useful_retention_v1_2026-09-28,paper_ssp_200m_v1,7,150,150.0,B5_nominal,tr_58d2b05ddd66_gpu,41.923,0.9210526315789473,0.9210526315789473,70,1.0,1.0,2,"{""conflicting_task_ownership"": 0, ""duplicate_execution"": 0, ""contradictory_reassignment"": 1, ""incompatible_mission_state"": 1, ""inconsistent_anomaly_state"": 0}",74240,26560,100800,0.7365079365079366,0.3333333333333333,0.6666666666666666,"{""auv_00"": 20.0, ""auv_11"": 20.0, ""auv_01"": 40.0, ""auv_08"": 60.0}",partial,60.0
85424607cd80fc940be0d3f9bf743dcc9e509f91,aab753d24cfaa5a9,paper_risk_bounded_v1_2026-09-28,utility_v2_frozen_2026-09-28,safe_useful_retention_v1_2026-09-28,paper_ssp_200m_v1,7,150,150.0,B5_permissive,tr_58d2b05ddd66_gpu,41.923,0.9210526315789473,0.9210526315789473,70,1.0,1.0,2,"{""conflicting_task_ownership"": 0, ""duplicate_execution"": 0, ""contradictory_reassignment"": 1, ""incompatible_mission_state"": 1, ""inconsistent_anomaly_state"": 0}",74240,26560,100800,0.7365079365079366,0.3333333333333333,0.6666666666666666,"{""auv_00"": 20.0, ""auv_11"": 20.0, ""auv_01"": 40.0, ""auv_08"": 60.0}",partial,60.0
85424607cd80fc940be0d3f9bf743dcc9e509f91,fabac502be178d34,paper_risk_bounded_v1_2026-09-28,utility_v2_frozen_2026-09-28,safe_useful_retention_v1_2026-09-28,paper_ssp_200m_v1,7,300,300.0,B1,tr_58d2b05ddd66_gpu,47.9183,0.8170731707317073,0.9852941176470589,67,1.0,1.0,1,"{""conflicting_task_ownership"": 0, ""duplicate_execution"": 0, ""contradictory_reassignment"": 0, ""incompatible_mission_state"": 1, ""inconsistent_anomaly_state"": 0}",73344,29920,103264,0.7102572048342113,0.4166666666666667,0.5833333333333334,"{""auv_08"": 20.0, ""auv_01"": 20.0, ""auv_00"": 20.0, ""auv_02"": 40.0, ""auv_04"": 40.0}",partial,40.0
85424607cd80fc940be0d3f9bf743dcc9e509f91,fabac502be178d34,paper_risk_bounded_v1_2026-09-28,utility_v2_frozen_2026-09-28,safe_useful_retention_v1_2026-09-28,paper_ssp_200m_v1,7,300,300.0,B2,tr_58d2b05ddd66_gpu,-14.0806,0.925,0.925,74,1.0,1.0,6,"{""conflicting_task_ownership"": 0, ""duplicate_execution"": 0, ""contradictory_reassignment"": 1, ""incompatible_mission_state"": 1, ""inconsistent_anomaly_state"": 4}",73344,29920,103264,0.7102572048342113,0.4166666666666667,0.5833333333333334,"{""auv_08"": 20.0, ""auv_00"": 20.0, ""auv_01"": 20.0, ""auv_04"": 40.0, ""auv_02"": 40.0}",partial,40.0
85424607cd80fc940be0d3f9bf743dcc9e509f91,fabac502be178d34,paper_risk_bounded_v1_2026-09-28,utility_v2_frozen_2026-09-28,safe_useful_retention_v1_2026-09-28,paper_ssp_200m_v1,7,300,300.0,B3,tr_58d2b05ddd66_gpu,-30.0458,0.0,0.0,0,0.0,0.0,0,"{""conflicting_task_ownership"": 0, ""duplicate_execution"": 0, ""contradictory_reassignment"": 0, ""incompatible_mission_state"": 0, ""inconsistent_anomaly_state"": 0}",73344,40800,114144,0.6425567703952901,0.4166666666666667,0.5833333333333334,"{""auv_01"": 20.0, ""auv_00"": 20.0, ""auv_08"": 20.0, ""auv_04"": 40.0, ""auv_02"": 40.0}",partial,40.0
85424607cd80fc940be0d3f9bf743dcc9e509f91,fabac502be178d34,paper_risk_bounded_v1_2026-09-28,utility_v2_frozen_2026-09-28,safe_useful_retention_v1_2026-09-28,paper_ssp_200m_v1,7,300,300.0,B4,tr_58d2b05ddd66_gpu,0.95375,0.0,0.0,0,0.8,0.014184397163120567,1,"{""conflicting_task_ownership"": 0, ""duplicate_execution"": 0, ""contradictory_reassignment"": 1, ""incompatible_mission_state"": 0, ""inconsistent_anomaly_state"": 0}",73344,40800,114144,0.6425567703952901,0.4166666666666667,0.5833333333333334,"{""auv_01"": 20.0, ""auv_00"": 20.0, ""auv_08"": 20.0, ""auv_04"": 40.0, ""auv_02"": 40.0}",partial,40.0
85424607cd80fc940be0d3f9bf743dcc9e509f91,fabac502be178d34,paper_risk_bounded_v1_2026-09-28,utility_v2_frozen_2026-09-28,safe_useful_retention_v1_2026-09-28,paper_ssp_200m_v1,7,300,300.0,B5_conservative,tr_58d2b05ddd66_gpu,-30.0458,0.0,0.0,0,0.0,0.0,0,"{""conflicting_task_ownership"": 0, ""duplicate_execution"": 0, ""contradictory_reassignment"": 0, ""incompatible_mission_state"": 0, ""inconsistent_anomaly_state"": 0}",73344,40800,114144,0.6425567703952901,0.4166666666666667,0.5833333333333334,"{""auv_01"": 20.0, ""auv_00"": 20.0, ""auv_08"": 20.0, ""auv_02"": 40.0, ""auv_04"": 40.0}",partial,40.0
85424607cd80fc940be0d3f9bf743dcc9e509f91,fabac502be178d34,paper_risk_bounded_v1_2026-09-28,utility_v2_frozen_2026-09-28,safe_useful_retention_v1_2026-09-28,paper_ssp_200m_v1,7,300,300.0,B5_nominal,tr_58d2b05ddd66_gpu,-14.0806,0.925,0.925,74,1.0,1.0,6,"{""conflicting_task_ownership"": 0, ""duplicate_execution"": 0, ""contradictory_reassignment"": 1, ""incompatible_mission_state"": 1, ""inconsistent_anomaly_state"": 4}",73344,29920,103264,0.7102572048342113,0.4166666666666667,0.5833333333333334,"{""auv_00"": 20.0, ""auv_08"": 20.0, ""auv_01"": 20.0, ""auv_04"": 40.0, ""auv_02"": 40.0}",partial,40.0
85424607cd80fc940be0d3f9bf743dcc9e509f91,fabac502be178d34,paper_risk_bounded_v1_2026-09-28,utility_v2_frozen_2026-09-28,safe_useful_retention_v1_2026-09-28,paper_ssp_200m_v1,7,300,300.0,B5_permissive,tr_58d2b05ddd66_gpu,-14.0806,0.925,0.925,74,1.0,1.0,6,"{""conflicting_task_ownership"": 0, ""duplicate_execution"": 0, ""contradictory_reassignment"": 1, ""incompatible_mission_state"": 1, ""inconsistent_anomaly_state"": 4}",73344,29920,103264,0.7102572048342113,0.4166666666666667,0.5833333333333334,"{""auv_00"": 20.0, ""auv_01"": 20.0, ""auv_08"": 20.0, ""auv_02"": 40.0, ""auv_04"": 40.0}",partial,40.0
85424607cd80fc940be0d3f9bf743dcc9e509f91,66970590917b7c9e,paper_risk_bounded_v1_2026-09-28,utility_v2_frozen_2026-09-28,safe_useful_retention_v1_2026-09-28,paper_ssp_200m_v1,7,500,500.0,B1,tr_58d2b05ddd66_gpu,47.9189,0.75,0.9850746268656716,66,1.0,1.0,1,"{""conflicting_task_ownership"": 0, ""duplicate_execution"": 0, ""contradictory_reassignment"": 0, ""incompatible_mission_state"": 1, ""inconsistent_anomaly_state"": 0}",65536,34720,100256,0.6536865624002554,0.3333333333333333,0.6666666666666666,"{""auv_03"": 20.0, ""auv_06"": 40.0, ""auv_00"": 40.0, ""auv_01"": 40.0}",partial,40.0
85424607cd80fc940be0d3f9bf743dcc9e509f91,66970590917b7c9e,paper_risk_bounded_v1_2026-09-28,utility_v2_frozen_2026-09-28,safe_useful_retention_v1_2026-09-28,paper_ssp_200m_v1,7,500,500.0,B2,tr_58d2b05ddd66_gpu,-77.08455,0.9294117647058824,0.9294117647058824,79,1.0,1.0,9,"{""conflicting_task_ownership"": 0, ""duplicate_execution"": 0, ""contradictory_reassignment"": 1, ""incompatible_mission_state"": 4, ""inconsistent_anomaly_state"": 4}",65536,34720,100256,0.6536865624002554,0.3333333333333333,0.6666666666666666,"{""auv_03"": 20.0, ""auv_06"": 40.0, ""auv_00"": 40.0, ""auv_01"": 40.0}",partial,40.0
85424607cd80fc940be0d3f9bf743dcc9e509f91,66970590917b7c9e,paper_risk_bounded_v1_2026-09-28,utility_v2_frozen_2026-09-28,safe_useful_retention_v1_2026-09-28,paper_ssp_200m_v1,7,500,500.0,B3,tr_58d2b05ddd66_gpu,-30.0456,0.0,0.0,0,0.0,0.0,0,"{""conflicting_task_ownership"": 0, ""duplicate_execution"": 0, ""contradictory_reassignment"": 0, ""incompatible_mission_state"": 0, ""inconsistent_anomaly_state"": 0}",65536,45600,111136,0.5896919090123812,0.3333333333333333,0.6666666666666666,"{""auv_03"": 20.0, ""auv_01"": 40.0, ""auv_00"": 40.0, ""auv_06"": 40.0}",partial,40.0
85424607cd80fc940be0d3f9bf743dcc9e509f91,66970590917b7c9e,paper_risk_bounded_v1_2026-09-28,utility_v2_frozen_2026-09-28,safe_useful_retention_v1_2026-09-28,paper_ssp_200m_v1,7,500,500.0,B4,tr_58d2b05ddd66_gpu,0.95395,0.0,0.0,0,0.8,0.014336917562724014,1,"{""conflicting_task_ownership"": 0, ""duplicate_execution"": 0, ""contradictory_reassignment"": 1, ""incompatible_mission_state"": 0, ""inconsistent_anomaly_state"": 0}",65536,45600,111136,0.5896919090123812,0.3333333333333333,0.6666666666666666,"{""auv_03"": 20.0, ""auv_06"": 40.0, ""auv_01"": 40.0, ""auv_00"": 40.0}",partial,40.0
85424607cd80fc940be0d3f9bf743dcc9e509f91,66970590917b7c9e,paper_risk_bounded_v1_2026-09-28,utility_v2_frozen_2026-09-28,safe_useful_retention_v1_2026-09-28,paper_ssp_200m_v1,7,500,500.0,B5_conservative,tr_58d2b05ddd66_gpu,-30.0456,0.0,0.0,0,0.0,0.0,0,"{""conflicting_task_ownership"": 0, ""duplicate_execution"": 0, ""contradictory_reassignment"": 0, ""incompatible_mission_state"": 0, ""inconsistent_anomaly_state"": 0}",65536,45600,111136,0.5896919090123812,0.3333333333333333,0.6666666666666666,"{""auv_03"": 20.0, ""auv_01"": 40.0, ""auv_06"": 40.0, ""auv_00"": 40.0}",partial,40.0
85424607cd80fc940be0d3f9bf743dcc9e509f91,66970590917b7c9e,paper_risk_bounded_v1_2026-09-28,utility_v2_frozen_2026-09-28,safe_useful_retention_v1_2026-09-28,paper_ssp_200m_v1,7,500,500.0,B5_nominal,tr_58d2b05ddd66_gpu,-77.08455,0.9294117647058824,0.9294117647058824,79,1.0,1.0,9,"{""conflicting_task_ownership"": 0, ""duplicate_execution"": 0, ""contradictory_reassignment"": 1, ""incompatible_mission_state"": 4, ""inconsistent_anomaly_state"": 4}",65536,34720,100256,0.6536865624002554,0.3333333333333333,0.6666666666666666,"{""auv_03"": 20.0, ""auv_06"": 40.0, ""auv_01"": 40.0, ""auv_00"": 40.0}",partial,40.0
85424607cd80fc940be0d3f9bf743dcc9e509f91,66970590917b7c9e,paper_risk_bounded_v1_2026-09-28,utility_v2_frozen_2026-09-28,safe_useful_retention_v1_2026-09-28,paper_ssp_200m_v1,7,500,500.0,B5_permissive,tr_58d2b05ddd66_gpu,-77.08455,0.9294117647058824,0.9294117647058824,79,1.0,1.0,9,"{""conflicting_task_ownership"": 0, ""duplicate_execution"": 0, ""contradictory_reassignment"": 1, ""incompatible_mission_state"": 4, ""inconsistent_anomaly_state"": 4}",65536,34720,100256,0.6536865624002554,0.3333333333333333,0.6666666666666666,"{""auv_03"": 20.0, ""auv_06"": 40.0, ""auv_01"": 40.0, ""auv_00"": 40.0}",partial,40.0
85424607cd80fc940be0d3f9bf743dcc9e509f91,0ac37f0a8f8d09f7,paper_risk_bounded_v1_2026-09-28,utility_v2_frozen_2026-09-28,safe_useful_retention_v1_2026-09-28,paper_ssp_200m_v1,7,750,750.0,B1,tr_58d2b05ddd66_gpu,47.9192,0.7252747252747253,0.9850746268656716,66,1.0,1.0,1,"{""conflicting_task_ownership"": 0, ""duplicate_execution"": 0, ""contradictory_reassignment"": 0, ""incompatible_mission_state"": 1, ""inconsistent_anomaly_state"": 0}",59776,40960,100736,0.5933926302414231,0.4166666666666667,0.5833333333333334,"{""auv_02"": 20.0, ""auv_11"": 20.0, ""auv_00"": 20.0, ""auv_01"": 40.0, ""auv_03"": 40.0}",partial,40.0
85424607cd80fc940be0d3f9bf743dcc9e509f91,0ac37f0a8f8d09f7,paper_risk_bounded_v1_2026-09-28,utility_v2_frozen_2026-09-28,safe_useful_retention_v1_2026-09-28,paper_ssp_200m_v1,7,750,750.0,B2,tr_58d2b05ddd66_gpu,-77.08455,0.9294117647058824,0.9294117647058824,79,1.0,1.0,9,"{""conflicting_task_ownership"": 0, ""duplicate_execution"": 0, ""contradictory_reassignment"": 1, ""incompatible_mission_state"": 4, ""inconsistent_anomaly_state"": 4}",59776,40960,100736,0.5933926302414231,0.4166666666666667,0.5833333333333334,"{""auv_11"": 20.0, ""auv_02"": 20.0, ""auv_00"": 20.0, ""auv_01"": 40.0, ""auv_03"": 40.0}",partial,40.0
85424607cd80fc940be0d3f9bf743dcc9e509f91,0ac37f0a8f8d09f7,paper_risk_bounded_v1_2026-09-28,utility_v2_frozen_2026-09-28,safe_useful_retention_v1_2026-09-28,paper_ssp_200m_v1,7,750,750.0,B3,tr_58d2b05ddd66_gpu,-30.0453,0.0,0.0,0,0.0,0.0,0,"{""conflicting_task_ownership"": 0, ""duplicate_execution"": 0, ""contradictory_reassignment"": 0, ""incompatible_mission_state"": 0, ""inconsistent_anomaly_state"": 0}",59776,51840,111616,0.5355504587155964,0.4166666666666667,0.5833333333333334,"{""auv_11"": 20.0, ""auv_00"": 20.0, ""auv_02"": 20.0, ""auv_01"": 40.0, ""auv_03"": 40.0}",partial,40.0
85424607cd80fc940be0d3f9bf743dcc9e509f91,0ac37f0a8f8d09f7,paper_risk_bounded_v1_2026-09-28,utility_v2_frozen_2026-09-28,safe_useful_retention_v1_2026-09-28,paper_ssp_200m_v1,7,750,750.0,B4,tr_58d2b05ddd66_gpu,0.95425,0.0,0.0,0,0.8,0.014336917562724014,1,"{""conflicting_task_ownership"": 0, ""duplicate_execution"": 0, ""contradictory_reassignment"": 1, ""incompatible_mission_state"": 0, ""inconsistent_anomaly_state"": 0}",59776,51840,111616,0.5355504587155964,0.4166666666666667,0.5833333333333334,"{""auv_11"": 20.0, ""auv_02"": 20.0, ""auv_00"": 20.0, ""auv_03"": 40.0, ""auv_01"": 40.0}",partial,40.0
85424607cd80fc940be0d3f9bf743dcc9e509f91,0ac37f0a8f8d09f7,paper_risk_bounded_v1_2026-09-28,utility_v2_frozen_2026-09-28,safe_useful_retention_v1_2026-09-28,paper_ssp_200m_v1,7,750,750.0,B5_conservative,tr_58d2b05ddd66_gpu,-30.0453,0.0,0.0,0,0.0,0.0,0,"{""conflicting_task_ownership"": 0, ""duplicate_execution"": 0, ""contradictory_reassignment"": 0, ""incompatible_mission_state"": 0, ""inconsistent_anomaly_state"": 0}",59776,51840,111616,0.5355504587155964,0.4166666666666667,0.5833333333333334,"{""auv_02"": 20.0, ""auv_11"": 20.0, ""auv_00"": 20.0, ""auv_03"": 40.0, ""auv_01"": 40.0}",partial,40.0
85424607cd80fc940be0d3f9bf743dcc9e509f91,0ac37f0a8f8d09f7,paper_risk_bounded_v1_2026-09-28,utility_v2_frozen_2026-09-28,safe_useful_retention_v1_2026-09-28,paper_ssp_200m_v1,7,750,750.0,B5_nominal,tr_58d2b05ddd66_gpu,-77.08455,0.9294117647058824,0.9294117647058824,79,1.0,1.0,9,"{""conflicting_task_ownership"": 0, ""duplicate_execution"": 0, ""contradictory_reassignment"": 1, ""incompatible_mission_state"": 4, ""inconsistent_anomaly_state"": 4}",59776,40960,100736,0.5933926302414231,0.4166666666666667,0.5833333333333334,"{""auv_11"": 20.0, ""auv_00"": 20.0, ""auv_02"": 20.0, ""auv_01"": 40.0, ""auv_03"": 40.0}",partial,40.0
85424607cd80fc940be0d3f9bf743dcc9e509f91,0ac37f0a8f8d09f7,paper_risk_bounded_v1_2026-09-28,utility_v2_frozen_2026-09-28,safe_useful_retention_v1_2026-09-28,paper_ssp_200m_v1,7,750,750.0,B5_permissive,tr_58d2b05ddd66_gpu,-77.08455,0.9294117647058824,0.9294117647058824,79,1.0,1.0,9,"{""conflicting_task_ownership"": 0, ""duplicate_execution"": 0, ""contradictory_reassignment"": 1, ""incompatible_mission_state"": 4, ""inconsistent_anomaly_state"": 4}",59776,40960,100736,0.5933926302414231,0.4166666666666667,0.5833333333333334,"{""auv_02"": 20.0, ""auv_11"": 20.0, ""auv_00"": 20.0, ""auv_03"": 40.0, ""auv_01"": 40.0}",partial,40.0
85424607cd80fc940be0d3f9bf743dcc9e509f91,8c0676258a793871,paper_risk_bounded_v1_2026-09-28,utility_v2_frozen_2026-09-28,safe_useful_retention_v1_2026-09-28,paper_ssp_200m_v1,7,1000,1000.0,B1,tr_58d2b05ddd66_gpu,47.9229,0.6666666666666666,0.9850746268656716,66,1.0,1.0,1,"{""conflicting_task_ownership"": 0, ""duplicate_execution"": 0, ""contradictory_reassignment"": 0, ""incompatible_mission_state"": 1, ""inconsistent_anomaly_state"": 0}",53504,46720,100224,0.5338441890166028,0.4166666666666667,0.5833333333333334,"{""auv_01"": 20.0, ""auv_02"": 40.0, ""auv_00"": 60.0, ""auv_07"": 60.0, ""auv_08"": 60.0}",partial,60.0
85424607cd80fc940be0d3f9bf743dcc9e509f91,8c0676258a793871,paper_risk_bounded_v1_2026-09-28,utility_v2_frozen_2026-09-28,safe_useful_retention_v1_2026-09-28,paper_ssp_200m_v1,7,1000,1000.0,B2,tr_58d2b05ddd66_gpu,-117.08815,0.9325842696629213,0.9325842696629213,83,1.0,1.0,9,"{""conflicting_task_ownership"": 0, ""duplicate_execution"": 0, ""contradictory_reassignment"": 1, ""incompatible_mission_state"": 4, ""inconsistent_anomaly_state"": 4}",53504,46720,100224,0.5338441890166028,0.4166666666666667,0.5833333333333334,"{""auv_01"": 20.0, ""auv_02"": 40.0, ""auv_00"": 60.0, ""auv_08"": 60.0, ""auv_07"": 60.0}",partial,60.0
85424607cd80fc940be0d3f9bf743dcc9e509f91,8c0676258a793871,paper_risk_bounded_v1_2026-09-28,utility_v2_frozen_2026-09-28,safe_useful_retention_v1_2026-09-28,paper_ssp_200m_v1,7,1000,1000.0,B3,tr_58d2b05ddd66_gpu,-30.0449,0.0,0.0,0,0.0,0.0,0,"{""conflicting_task_ownership"": 0, ""duplicate_execution"": 0, ""contradictory_reassignment"": 0, ""incompatible_mission_state"": 0, ""inconsistent_anomaly_state"": 0}",53504,57600,111104,0.4815668202764977,0.4166666666666667,0.5833333333333334,"{""auv_01"": 20.0, ""auv_02"": 40.0, ""auv_08"": 60.0, ""auv_07"": 60.0, ""auv_00"": 60.0}",partial,60.0
85424607cd80fc940be0d3f9bf743dcc9e509f91,8c0676258a793871,paper_risk_bounded_v1_2026-09-28,utility_v2_frozen_2026-09-28,safe_useful_retention_v1_2026-09-28,paper_ssp_200m_v1,7,1000,1000.0,B4,tr_58d2b05ddd66_gpu,0.9551499999999999,0.0,0.0,0,0.8,0.014492753623188406,1,"{""conflicting_task_ownership"": 0, ""duplicate_execution"": 0, ""contradictory_reassignment"": 1, ""incompatible_mission_state"": 0, ""inconsistent_anomaly_state"": 0}",53504,57600,111104,0.4815668202764977,0.4166666666666667,0.5833333333333334,"{""auv_01"": 20.0, ""auv_02"": 40.0, ""auv_00"": 60.0, ""auv_07"": 60.0, ""auv_08"": 60.0}",partial,60.0
85424607cd80fc940be0d3f9bf743dcc9e509f91,8c0676258a793871,paper_risk_bounded_v1_2026-09-28,utility_v2_frozen_2026-09-28,safe_useful_retention_v1_2026-09-28,paper_ssp_200m_v1,7,1000,1000.0,B5_conservative,tr_58d2b05ddd66_gpu,-30.0449,0.0,0.0,0,0.0,0.0,0,"{""conflicting_task_ownership"": 0, ""duplicate_execution"": 0, ""contradictory_reassignment"": 0, ""incompatible_mission_state"": 0, ""inconsistent_anomaly_state"": 0}",53504,57600,111104,0.4815668202764977,0.4166666666666667,0.5833333333333334,"{""auv_01"": 20.0, ""auv_02"": 40.0, ""auv_00"": 60.0, ""auv_08"": 60.0, ""auv_07"": 60.0}",partial,60.0
85424607cd80fc940be0d3f9bf743dcc9e509f91,8c0676258a793871,paper_risk_bounded_v1_2026-09-28,utility_v2_frozen_2026-09-28,safe_useful_retention_v1_2026-09-28,paper_ssp_200m_v1,7,1000,1000.0,B5_nominal,tr_58d2b05ddd66_gpu,-117.08815,0.9325842696629213,0.9325842696629213,83,1.0,1.0,9,"{""conflicting_task_ownership"": 0, ""duplicate_execution"": 0, ""contradictory_reassignment"": 1, ""incompatible_mission_state"": 4, ""inconsistent_anomaly_state"": 4}",53504,46720,100224,0.5338441890166028,0.4166666666666667,0.5833333333333334,"{""auv_01"": 20.0, ""auv_02"": 40.0, ""auv_00"": 60.0, ""auv_07"": 60.0, ""auv_08"": 60.0}",partial,60.0
85424607cd80fc940be0d3f9bf743dcc9e509f91,8c0676258a793871,paper_risk_bounded_v1_2026-09-28,utility_v2_frozen_2026-09-28,safe_useful_retention_v1_2026-09-28,paper_ssp_200m_v1,7,1000,1000.0,B5_permissive,tr_58d2b05ddd66_gpu,-117.08815,0.9325842696629213,0.9325842696629213,83,1.0,1.0,9,"{""conflicting_task_ownership"": 0, ""duplicate_execution"": 0, ""contradictory_reassignment"": 1, ""incompatible_mission_state"": 4, ""inconsistent_anomaly_state"": 4}",53504,46720,100224,0.5338441890166028,0.4166666666666667,0.5833333333333334,"{""auv_01"": 20.0, ""auv_02"": 40.0, ""auv_00"": 60.0, ""auv_07"": 60.0, ""auv_08"": 60.0}",partial,60.0
85424607cd80fc940be0d3f9bf743dcc9e509f91,e939c7e19013e7e3,paper_risk_bounded_v1_2026-09-28,utility_v2_frozen_2026-09-28,safe_useful_retention_v1_2026-09-28,paper_ssp_200m_v1,8,0,0.0,B1,tr_ca1dfa6822d6_gpu,47.9171,0.9857142857142858,0.9857142857142858,69,1.0,1.0,1,"{""conflicting_task_ownership"": 0, ""duplicate_execution"": 0, ""contradictory_reassignment"": 0, ""incompatible_mission_state"": 1, ""inconsistent_anomaly_state"": 0}",72192,22720,94912,0.76062036412677,,,{},idle,0.0
85424607cd80fc940be0d3f9bf743dcc9e509f91,e939c7e19013e7e3,paper_risk_bounded_v1_2026-09-28,utility_v2_frozen_2026-09-28,safe_useful_retention_v1_2026-09-28,paper_ssp_200m_v1,8,0,0.0,B2,tr_ca1dfa6822d6_gpu,47.9171,0.9857142857142858,0.9857142857142858,69,1.0,1.0,1,"{""conflicting_task_ownership"": 0, ""duplicate_execution"": 0, ""contradictory_reassignment"": 0, ""incompatible_mission_state"": 1, ""inconsistent_anomaly_state"": 0}",72192,22720,94912,0.76062036412677,,,{},idle,0.0
85424607cd80fc940be0d3f9bf743dcc9e509f91,e939c7e19013e7e3,paper_risk_bounded_v1_2026-09-28,utility_v2_frozen_2026-09-28,safe_useful_retention_v1_2026-09-28,paper_ssp_200m_v1,8,0,0.0,B3,tr_ca1dfa6822d6_gpu,-30.0462,0.0,0.0,0,0.0,0.0,0,"{""conflicting_task_ownership"": 0, ""duplicate_execution"": 0, ""contradictory_reassignment"": 0, ""incompatible_mission_state"": 0, ""inconsistent_anomaly_state"": 0}",72192,33600,105792,0.6823956442831216,,,{},idle,0.0
85424607cd80fc940be0d3f9bf743dcc9e509f91,e939c7e19013e7e3,paper_risk_bounded_v1_2026-09-28,utility_v2_frozen_2026-09-28,safe_useful_retention_v1_2026-09-28,paper_ssp_200m_v1,8,0,0.0,B4,tr_ca1dfa6822d6_gpu,-18.0462,0.0,0.0,0,1.0,0.0035714285714285713,0,"{""conflicting_task_ownership"": 0, ""duplicate_execution"": 0, ""contradictory_reassignment"": 0, ""incompatible_mission_state"": 0, ""inconsistent_anomaly_state"": 0}",72192,33600,105792,0.6823956442831216,,,{},idle,0.0
85424607cd80fc940be0d3f9bf743dcc9e509f91,e939c7e19013e7e3,paper_risk_bounded_v1_2026-09-28,utility_v2_frozen_2026-09-28,safe_useful_retention_v1_2026-09-28,paper_ssp_200m_v1,8,0,0.0,B5_conservative,tr_ca1dfa6822d6_gpu,-30.0462,0.0,0.0,0,0.0,0.0,0,"{""conflicting_task_ownership"": 0, ""duplicate_execution"": 0, ""contradictory_reassignment"": 0, ""incompatible_mission_state"": 0, ""inconsistent_anomaly_state"": 0}",72192,33600,105792,0.6823956442831216,,,{},idle,0.0
85424607cd80fc940be0d3f9bf743dcc9e509f91,e939c7e19013e7e3,paper_risk_bounded_v1_2026-09-28,utility_v2_frozen_2026-09-28,safe_useful_retention_v1_2026-09-28,paper_ssp_200m_v1,8,0,0.0,B5_nominal,tr_ca1dfa6822d6_gpu,47.9171,0.9857142857142858,0.9857142857142858,69,1.0,1.0,1,"{""conflicting_task_ownership"": 0, ""duplicate_execution"": 0, ""contradictory_reassignment"": 0, ""incompatible_mission_state"": 1, ""inconsistent_anomaly_state"": 0}",72192,22720,94912,0.76062036412677,,,{},idle,0.0
85424607cd80fc940be0d3f9bf743dcc9e509f91,e939c7e19013e7e3,paper_risk_bounded_v1_2026-09-28,utility_v2_frozen_2026-09-28,safe_useful_retention_v1_2026-09-28,paper_ssp_200m_v1,8,0,0.0,B5_permissive,tr_ca1dfa6822d6_gpu,47.9171,0.9857142857142858,0.9857142857142858,69,1.0,1.0,1,"{""conflicting_task_ownership"": 0, ""duplicate_execution"": 0, ""contradictory_reassignment"": 0, ""incompatible_mission_state"": 1, ""inconsistent_anomaly_state"": 0}",72192,22720,94912,0.76062036412677,,,{},idle,0.0
85424607cd80fc940be0d3f9bf743dcc9e509f91,3bac92f9ea87028c,paper_risk_bounded_v1_2026-09-28,utility_v2_frozen_2026-09-28,safe_useful_retention_v1_2026-09-28,paper_ssp_200m_v1,8,150,150.0,B1,tr_ca1dfa6822d6_gpu,47.9177,0.868421052631579,0.9850746268656716,66,1.0,1.0,1,"{""conflicting_task_ownership"": 0, ""duplicate_execution"": 0, ""contradictory_reassignment"": 0, ""incompatible_mission_state"": 1, ""inconsistent_anomaly_state"": 0}",78208,26560,104768,0.746487477092242,0.4166666666666667,0.5833333333333334,"{""auv_07"": 20.0, ""auv_00"": 20.0, ""auv_11"": 20.0, ""auv_01"": 40.0, ""auv_08"": 60.0}",partial,60.0
85424607cd80fc940be0d3f9bf743dcc9e509f91,3bac92f9ea87028c,paper_risk_bounded_v1_2026-09-28,utility_v2_frozen_2026-09-28,safe_useful_retention_v1_2026-09-28,paper_ssp_200m_v1,8,150,150.0,B2,tr_ca1dfa6822d6_gpu,41.923,0.9210526315789473,0.9210526315789473,70,1.0,1.0,2,"{""conflicting_task_ownership"": 0, ""duplicate_execution"": 0, ""contradictory_reassignment"": 1, ""incompatible_mission_state"": 1, ""inconsistent_anomaly_state"": 0}",78208,26560,104768,0.746487477092242,0.4166666666666667,0.5833333333333334,"{""auv_11"": 20.0, ""auv_07"": 20.0, ""auv_00"": 20.0, ""auv_01"": 40.0, ""auv_08"": 60.0}",partial,60.0
85424607cd80fc940be0d3f9bf743dcc9e509f91,3bac92f9ea87028c,paper_risk_bounded_v1_2026-09-28,utility_v2_frozen_2026-09-28,safe_useful_retention_v1_2026-09-28,paper_ssp_200m_v1,8,150,150.0,B3,tr_ca1dfa6822d6_gpu,-30.046,0.0,0.0,0,0.0,0.0,0,"{""conflicting_task_ownership"": 0, ""duplicate_execution"": 0, ""contradictory_reassignment"": 0, ""incompatible_mission_state"": 0, ""inconsistent_anomaly_state"": 0}",78208,37440,115648,0.6762589928057554,0.4166666666666667,0.5833333333333334,"{""auv_11"": 20.0, ""auv_00"": 20.0, ""auv_07"": 20.0, ""auv_01"": 40.0, ""auv_08"": 60.0}",partial,60.0
85424607cd80fc940be0d3f9bf743dcc9e509f91,3bac92f9ea87028c,paper_risk_bounded_v1_2026-09-28,utility_v2_frozen_2026-09-28,safe_useful_retention_v1_2026-09-28,paper_ssp_200m_v1,8,150,150.0,B4,tr_ca1dfa6822d6_gpu,0.95355,0.0,0.0,0,0.8,0.014234875444839857,1,"{""conflicting_task_ownership"": 0, ""duplicate_execution"": 0, ""contradictory_reassignment"": 1, ""incompatible_mission_state"": 0, ""inconsistent_anomaly_state"": 0}",78208,37440,115648,0.6762589928057554,0.4166666666666667,0.5833333333333334,"{""auv_11"": 20.0, ""auv_00"": 20.0, ""auv_07"": 20.0, ""auv_01"": 40.0, ""auv_08"": 60.0}",partial,60.0
85424607cd80fc940be0d3f9bf743dcc9e509f91,3bac92f9ea87028c,paper_risk_bounded_v1_2026-09-28,utility_v2_frozen_2026-09-28,safe_useful_retention_v1_2026-09-28,paper_ssp_200m_v1,8,150,150.0,B5_conservative,tr_ca1dfa6822d6_gpu,-30.046,0.0,0.0,0,0.0,0.0,0,"{""conflicting_task_ownership"": 0, ""duplicate_execution"": 0, ""contradictory_reassignment"": 0, ""incompatible_mission_state"": 0, ""inconsistent_anomaly_state"": 0}",78208,37440,115648,0.6762589928057554,0.4166666666666667,0.5833333333333334,"{""auv_00"": 20.0, ""auv_07"": 20.0, ""auv_11"": 20.0, ""auv_01"": 40.0, ""auv_08"": 60.0}",partial,60.0
85424607cd80fc940be0d3f9bf743dcc9e509f91,3bac92f9ea87028c,paper_risk_bounded_v1_2026-09-28,utility_v2_frozen_2026-09-28,safe_useful_retention_v1_2026-09-28,paper_ssp_200m_v1,8,150,150.0,B5_nominal,tr_ca1dfa6822d6_gpu,41.923,0.9210526315789473,0.9210526315789473,70,1.0,1.0,2,"{""conflicting_task_ownership"": 0, ""duplicate_execution"": 0, ""contradictory_reassignment"": 1, ""incompatible_mission_state"": 1, ""inconsistent_anomaly_state"": 0}",78208,26560,104768,0.746487477092242,0.4166666666666667,0.5833333333333334,"{""auv_00"": 20.0, ""auv_11"": 20.0, ""auv_07"": 20.0, ""auv_01"": 40.0, ""auv_08"": 60.0}",partial,60.0
85424607cd80fc940be0d3f9bf743dcc9e509f91,3bac92f9ea87028c,paper_risk_bounded_v1_2026-09-28,utility_v2_frozen_2026-09-28,safe_useful_retention_v1_2026-09-28,paper_ssp_200m_v1,8,150,150.0,B5_permissive,tr_ca1dfa6822d6_gpu,41.923,0.9210526315789473,0.9210526315789473,70,1.0,1.0,2,"{""conflicting_task_ownership"": 0, ""duplicate_execution"": 0, ""contradictory_reassignment"": 1, ""incompatible_mission_state"": 1, ""inconsistent_anomaly_state"": 0}",78208,26560,104768,0.746487477092242,0.4166666666666667,0.5833333333333334,"{""auv_07"": 20.0, ""auv_11"": 20.0, ""auv_00"": 20.0, ""auv_01"": 40.0, ""auv_08"": 60.0}",partial,60.0
85424607cd80fc940be0d3f9bf743dcc9e509f91,be936ed2857b7b73,paper_risk_bounded_v1_2026-09-28,utility_v2_frozen_2026-09-28,safe_useful_retention_v1_2026-09-28,paper_ssp_200m_v1,8,300,300.0,B1,tr_ca1dfa6822d6_gpu,47.9183,0.8170731707317073,0.9852941176470589,67,1.0,1.0,1,"{""conflicting_task_ownership"": 0, ""duplicate_execution"": 0, ""contradictory_reassignment"": 0, ""incompatible_mission_state"": 1, ""inconsistent_anomaly_state"": 0}",77056,29920,106976,0.7203110978163326,0.4166666666666667,0.5833333333333334,"{""auv_01"": 20.0, ""auv_00"": 20.0, ""auv_10"": 20.0, ""auv_02"": 40.0, ""auv_04"": 40.0}",partial,40.0
85424607cd80fc940be0d3f9bf743dcc9e509f91,be936ed2857b7b73,paper_risk_bounded_v1_2026-09-28,utility_v2_frozen_2026-09-28,safe_useful_retention_v1_2026-09-28,paper_ssp_200m_v1,8,300,300.0,B2,tr_ca1dfa6822d6_gpu,-14.0806,0.925,0.925,74,1.0,1.0,6,"{""conflicting_task_ownership"": 0, ""duplicate_execution"": 0, ""contradictory_reassignment"": 1, ""incompatible_mission_state"": 1, ""inconsistent_anomaly_state"": 4}",77056,29920,106976,0.7203110978163326,0.4166666666666667,0.5833333333333334,"{""auv_00"": 20.0, ""auv_10"": 20.0, ""auv_01"": 20.0, ""auv_02"": 40.0, ""auv_04"": 40.0}",partial,40.0
85424607cd80fc940be0d3f9bf743dcc9e509f91,be936ed2857b7b73,paper_risk_bounded_v1_2026-09-28,utility_v2_frozen_2026-09-28,safe_useful_retention_v1_2026-09-28,paper_ssp_200m_v1,8,300,300.0,B3,tr_ca1dfa6822d6_gpu,-30.0458,0.0,0.0,0,0.0,0.0,0,"{""conflicting_task_ownership"": 0, ""duplicate_execution"": 0, ""contradictory_reassignment"": 0, ""incompatible_mission_state"": 0, ""inconsistent_anomaly_state"": 0}",77056,40800,117856,0.653814824871029,0.4166666666666667,0.5833333333333334,"{""auv_01"": 20.0, ""auv_00"": 20.0, ""auv_10"": 20.0, ""auv_04"": 40.0, ""auv_02"": 40.0}",partial,40.0
85424607cd80fc940be0d3f9bf743dcc9e509f91,be936ed2857b7b73,paper_risk_bounded_v1_2026-09-28,utility_v2_frozen_2026-09-28,safe_useful_retention_v1_2026-09-28,paper_ssp_200m_v1,8,300,300.0,B4,tr_ca1dfa6822d6_gpu,0.95375,0.0,0.0,0,0.8,0.014184397163120567,1,"{""conflicting_task_ownership"": 0, ""duplicate_execution"": 0, ""contradictory_reassignment"": 1, ""incompatible_mission_state"": 0, ""inconsistent_anomaly_state"": 0}",77056,40800,117856,0.653814824871029,0.4166666666666667,0.5833333333333334,"{""auv_01"": 20.0, ""auv_10"": 20.0, ""auv_00"": 20.0, ""auv_04"": 40.0, ""auv_02"": 40.0}",partial,40.0
85424607cd80fc940be0d3f9bf743dcc9e509f91,be936ed2857b7b73,paper_risk_bounded_v1_2026-09-28,utility_v2_frozen_2026-09-28,safe_useful_retention_v1_2026-09-28,paper_ssp_200m_v1,8,300,300.0,B5_conservative,tr_ca1dfa6822d6_gpu,-30.0458,0.0,0.0,0,0.0,0.0,0,"{""conflicting_task_ownership"": 0, ""duplicate_execution"": 0, ""contradictory_reassignment"": 0, ""incompatible_mission_state"": 0, ""inconsistent_anomaly_state"": 0}",77056,40800,117856,0.653814824871029,0.4166666666666667,0.5833333333333334,"{""auv_01"": 20.0, ""auv_00"": 20.0, ""auv_10"": 20.0, ""auv_04"": 40.0, ""auv_02"": 40.0}",partial,40.0
85424607cd80fc940be0d3f9bf743dcc9e509f91,be936ed2857b7b73,paper_risk_bounded_v1_2026-09-28,utility_v2_frozen_2026-09-28,safe_useful_retention_v1_2026-09-28,paper_ssp_200m_v1,8,300,300.0,B5_nominal,tr_ca1dfa6822d6_gpu,-14.0806,0.925,0.925,74,1.0,1.0,6,"{""conflicting_task_ownership"": 0, ""duplicate_execution"": 0, ""contradictory_reassignment"": 1, ""incompatible_mission_state"": 1, ""inconsistent_anomaly_state"": 4}",77056,29920,106976,0.7203110978163326,0.4166666666666667,0.5833333333333334,"{""auv_01"": 20.0, ""auv_10"": 20.0, ""auv_00"": 20.0, ""auv_02"": 40.0, ""auv_04"": 40.0}",partial,40.0
85424607cd80fc940be0d3f9bf743dcc9e509f91,be936ed2857b7b73,paper_risk_bounded_v1_2026-09-28,utility_v2_frozen_2026-09-28,safe_useful_retention_v1_2026-09-28,paper_ssp_200m_v1,8,300,300.0,B5_permissive,tr_ca1dfa6822d6_gpu,-14.0806,0.925,0.925,74,1.0,1.0,6,"{""conflicting_task_ownership"": 0, ""duplicate_execution"": 0, ""contradictory_reassignment"": 1, ""incompatible_mission_state"": 1, ""inconsistent_anomaly_state"": 4}",77056,29920,106976,0.7203110978163326,0.4166666666666667,0.5833333333333334,"{""auv_00"": 20.0, ""auv_01"": 20.0, ""auv_10"": 20.0, ""auv_02"": 40.0, ""auv_04"": 40.0}",partial,40.0
85424607cd80fc940be0d3f9bf743dcc9e509f91,b84c68880a71b880,paper_risk_bounded_v1_2026-09-28,utility_v2_frozen_2026-09-28,safe_useful_retention_v1_2026-09-28,paper_ssp_200m_v1,8,500,500.0,B1,tr_ca1dfa6822d6_gpu,47.9189,0.75,0.9850746268656716,66,1.0,1.0,1,"{""conflicting_task_ownership"": 0, ""duplicate_execution"": 0, ""contradictory_reassignment"": 0, ""incompatible_mission_state"": 1, ""inconsistent_anomaly_state"": 0}",69248,34720,103968,0.6660510926438904,0.3333333333333333,0.6666666666666666,"{""auv_03"": 20.0, ""auv_00"": 40.0, ""auv_01"": 40.0, ""auv_06"": 40.0}",partial,40.0
85424607cd80fc940be0d3f9bf743dcc9e509f91,b84c68880a71b880,paper_risk_bounded_v1_2026-09-28,utility_v2_frozen_2026-09-28,safe_useful_retention_v1_2026-09-28,paper_ssp_200m_v1,8,500,500.0,B2,tr_ca1dfa6822d6_gpu,-77.08455,0.9294117647058824,0.9294117647058824,79,1.0,1.0,9,"{""conflicting_task_ownership"": 0, ""duplicate_execution"": 0, ""contradictory_reassignment"": 1, ""incompatible_mission_state"": 4, ""inconsistent_anomaly_state"": 4}",69248,34720,103968,0.6660510926438904,0.3333333333333333,0.6666666666666666,"{""auv_03"": 20.0, ""auv_01"": 40.0, ""auv_06"": 40.0, ""auv_00"": 40.0}",partial,40.0
85424607cd80fc940be0d3f9bf743dcc9e509f91,b84c68880a71b880,paper_risk_bounded_v1_2026-09-28,utility_v2_frozen_2026-09-28,safe_useful_retention_v1_2026-09-28,paper_ssp_200m_v1,8,500,500.0,B3,tr_ca1dfa6822d6_gpu,-30.0456,0.0,0.0,0,0.0,0.0,0,"{""conflicting_task_ownership"": 0, ""duplicate_execution"": 0, ""contradictory_reassignment"": 0, ""incompatible_mission_state"": 0, ""inconsistent_anomaly_state"": 0}",69248,45600,114848,0.6029534689328504,0.3333333333333333,0.6666666666666666,"{""auv_03"": 20.0, ""auv_00"": 40.0, ""auv_06"": 40.0, ""auv_01"": 40.0}",partial,40.0
85424607cd80fc940be0d3f9bf743dcc9e509f91,b84c68880a71b880,paper_risk_bounded_v1_2026-09-28,utility_v2_frozen_2026-09-28,safe_useful_retention_v1_2026-09-28,paper_ssp_200m_v1,8,500,500.0,B4,tr_ca1dfa6822d6_gpu,0.95395,0.0,0.0,0,0.8,0.014336917562724014,1,"{""conflicting_task_ownership"": 0, ""duplicate_execution"": 0, ""contradictory_reassignment"": 1, ""incompatible_mission_state"": 0, ""inconsistent_anomaly_state"": 0}",69248,45600,114848,0.6029534689328504,0.3333333333333333,0.6666666666666666,"{""auv_03"": 20.0, ""auv_01"": 40.0, ""auv_00"": 40.0, ""auv_06"": 40.0}",partial,40.0
85424607cd80fc940be0d3f9bf743dcc9e509f91,b84c68880a71b880,paper_risk_bounded_v1_2026-09-28,utility_v2_frozen_2026-09-28,safe_useful_retention_v1_2026-09-28,paper_ssp_200m_v1,8,500,500.0,B5_conservative,tr_ca1dfa6822d6_gpu,-30.0456,0.0,0.0,0,0.0,0.0,0,"{""conflicting_task_ownership"": 0, ""duplicate_execution"": 0, ""contradictory_reassignment"": 0, ""incompatible_mission_state"": 0, ""inconsistent_anomaly_state"": 0}",69248,45600,114848,0.6029534689328504,0.3333333333333333,0.6666666666666666,"{""auv_03"": 20.0, ""auv_06"": 40.0, ""auv_00"": 40.0, ""auv_01"": 40.0}",partial,40.0
85424607cd80fc940be0d3f9bf743dcc9e509f91,b84c68880a71b880,paper_risk_bounded_v1_2026-09-28,utility_v2_frozen_2026-09-28,safe_useful_retention_v1_2026-09-28,paper_ssp_200m_v1,8,500,500.0,B5_nominal,tr_ca1dfa6822d6_gpu,-77.08455,0.9294117647058824,0.9294117647058824,79,1.0,1.0,9,"{""conflicting_task_ownership"": 0, ""duplicate_execution"": 0, ""contradictory_reassignment"": 1, ""incompatible_mission_state"": 4, ""inconsistent_anomaly_state"": 4}",69248,34720,103968,0.6660510926438904,0.3333333333333333,0.6666666666666666,"{""auv_03"": 20.0, ""auv_00"": 40.0, ""auv_01"": 40.0, ""auv_06"": 40.0}",partial,40.0
85424607cd80fc940be0d3f9bf743dcc9e509f91,b84c68880a71b880,paper_risk_bounded_v1_2026-09-28,utility_v2_frozen_2026-09-28,safe_useful_retention_v1_2026-09-28,paper_ssp_200m_v1,8,500,500.0,B5_permissive,tr_ca1dfa6822d6_gpu,-77.08455,0.9294117647058824,0.9294117647058824,79,1.0,1.0,9,"{""conflicting_task_ownership"": 0, ""duplicate_execution"": 0, ""contradictory_reassignment"": 1, ""incompatible_mission_state"": 4, ""inconsistent_anomaly_state"": 4}",69248,34720,103968,0.6660510926438904,0.3333333333333333,0.6666666666666666,"{""auv_03"": 20.0, ""auv_01"": 40.0, ""auv_06"": 40.0, ""auv_00"": 40.0}",partial,40.0
85424607cd80fc940be0d3f9bf743dcc9e509f91,8ab0fd2c9a16487c,paper_risk_bounded_v1_2026-09-28,utility_v2_frozen_2026-09-28,safe_useful_retention_v1_2026-09-28,paper_ssp_200m_v1,8,750,750.0,B1,tr_ca1dfa6822d6_gpu,47.9192,0.7252747252747253,0.9850746268656716,66,1.0,1.0,1,"{""conflicting_task_ownership"": 0, ""duplicate_execution"": 0, ""contradictory_reassignment"": 0, ""incompatible_mission_state"": 1, ""inconsistent_anomaly_state"": 0}",59136,40960,100096,0.5907928388746803,0.3333333333333333,0.6666666666666666,"{""auv_00"": 20.0, ""auv_02"": 20.0, ""auv_03"": 40.0, ""auv_01"": 60.0}",partial,60.0
85424607cd80fc940be0d3f9bf743dcc9e509f91,8ab0fd2c9a16487c,paper_risk_bounded_v1_2026-09-28,utility_v2_frozen_2026-09-28,safe_useful_retention_v1_2026-09-28,paper_ssp_200m_v1,8,750,750.0,B2,tr_ca1dfa6822d6_gpu,-77.08455,0.9294117647058824,0.9294117647058824,79,1.0,1.0,9,"{""conflicting_task_ownership"": 0, ""duplicate_execution"": 0, ""contradictory_reassignment"": 1, ""incompatible_mission_state"": 4, ""inconsistent_anomaly_state"": 4}",59136,40960,100096,0.5907928388746803,0.3333333333333333,0.6666666666666666,"{""auv_00"": 20.0, ""auv_02"": 20.0, ""auv_03"": 40.0, ""auv_01"": 60.0}",partial,60.0
85424607cd80fc940be0d3f9bf743dcc9e509f91,8ab0fd2c9a16487c,paper_risk_bounded_v1_2026-09-28,utility_v2_frozen_2026-09-28,safe_useful_retention_v1_2026-09-28,paper_ssp_200m_v1,8,750,750.0,B3,tr_ca1dfa6822d6_gpu,-30.0453,0.0,0.0,0,0.0,0.0,0,"{""conflicting_task_ownership"": 0, ""duplicate_execution"": 0, ""contradictory_reassignment"": 0, ""incompatible_mission_state"": 0, ""inconsistent_anomaly_state"": 0}",59136,51840,110976,0.532871972318339,0.3333333333333333,0.6666666666666666,"{""auv_02"": 20.0, ""auv_00"": 20.0, ""auv_03"": 40.0, ""auv_01"": 60.0}",partial,60.0
85424607cd80fc940be0d3f9bf743dcc9e509f91,8ab0fd2c9a16487c,paper_risk_bounded_v1_2026-09-28,utility_v2_frozen_2026-09-28,safe_useful_retention_v1_2026-09-28,paper_ssp_200m_v1,8,750,750.0,B4,tr_ca1dfa6822d6_gpu,0.95425,0.0,0.0,0,0.8,0.014336917562724014,1,"{""conflicting_task_ownership"": 0, ""duplicate_execution"": 0, ""contradictory_reassignment"": 1, ""incompatible_mission_state"": 0, ""inconsistent_anomaly_state"": 0}",59136,51840,110976,0.532871972318339,0.3333333333333333,0.6666666666666666,"{""auv_02"": 20.0, ""auv_00"": 20.0, ""auv_03"": 40.0, ""auv_01"": 60.0}",partial,60.0
85424607cd80fc940be0d3f9bf743dcc9e509f91,8ab0fd2c9a16487c,paper_risk_bounded_v1_2026-09-28,utility_v2_frozen_2026-09-28,safe_useful_retention_v1_2026-09-28,paper_ssp_200m_v1,8,750,750.0,B5_conservative,tr_ca1dfa6822d6_gpu,-30.0453,0.0,0.0,0,0.0,0.0,0,"{""conflicting_task_ownership"": 0, ""duplicate_execution"": 0, ""contradictory_reassignment"": 0, ""incompatible_mission_state"": 0, ""inconsistent_anomaly_state"": 0}",59136,51840,110976,0.532871972318339,0.3333333333333333,0.6666666666666666,"{""auv_02"": 20.0, ""auv_00"": 20.0, ""auv_03"": 40.0, ""auv_01"": 60.0}",partial,60.0
85424607cd80fc940be0d3f9bf743dcc9e509f91,8ab0fd2c9a16487c,paper_risk_bounded_v1_2026-09-28,utility_v2_frozen_2026-09-28,safe_useful_retention_v1_2026-09-28,paper_ssp_200m_v1,8,750,750.0,B5_nominal,tr_ca1dfa6822d6_gpu,-77.08455,0.9294117647058824,0.9294117647058824,79,1.0,1.0,9,"{""conflicting_task_ownership"": 0, ""duplicate_execution"": 0, ""contradictory_reassignment"": 1, ""incompatible_mission_state"": 4, ""inconsistent_anomaly_state"": 4}",59136,40960,100096,0.5907928388746803,0.3333333333333333,0.6666666666666666,"{""auv_00"": 20.0, ""auv_02"": 20.0, ""auv_03"": 40.0, ""auv_01"": 60.0}",partial,60.0
85424607cd80fc940be0d3f9bf743dcc9e509f91,8ab0fd2c9a16487c,paper_risk_bounded_v1_2026-09-28,utility_v2_frozen_2026-09-28,safe_useful_retention_v1_2026-09-28,paper_ssp_200m_v1,8,750,750.0,B5_permissive,tr_ca1dfa6822d6_gpu,-77.08455,0.9294117647058824,0.9294117647058824,79,1.0,1.0,9,"{""conflicting_task_ownership"": 0, ""duplicate_execution"": 0, ""contradictory_reassignment"": 1, ""incompatible_mission_state"": 4, ""inconsistent_anomaly_state"": 4}",59136,40960,100096,0.5907928388746803,0.3333333333333333,0.6666666666666666,"{""auv_02"": 20.0, ""auv_00"": 20.0, ""auv_03"": 40.0, ""auv_01"": 60.0}",partial,60.0
85424607cd80fc940be0d3f9bf743dcc9e509f91,1168be4f5d559891,paper_risk_bounded_v1_2026-09-28,utility_v2_frozen_2026-09-28,safe_useful_retention_v1_2026-09-28,paper_ssp_200m_v1,8,1000,1000.0,B1,tr_ca1dfa6822d6_gpu,47.9229,0.6666666666666666,0.9850746268656716,66,1.0,1.0,1,"{""conflicting_task_ownership"": 0, ""duplicate_execution"": 0, ""contradictory_reassignment"": 0, ""incompatible_mission_state"": 1, ""inconsistent_anomaly_state"": 0}",55936,46720,102656,0.5448877805486284,0.5,0.5,"{""auv_01"": 20.0, ""auv_02"": 40.0, ""auv_08"": 60.0, ""auv_10"": 60.0, ""auv_07"": 60.0, ""auv_00"": 60.0}",partial,60.0
85424607cd80fc940be0d3f9bf743dcc9e509f91,1168be4f5d559891,paper_risk_bounded_v1_2026-09-28,utility_v2_frozen_2026-09-28,safe_useful_retention_v1_2026-09-28,paper_ssp_200m_v1,8,1000,1000.0,B2,tr_ca1dfa6822d6_gpu,-117.08815,0.9325842696629213,0.9325842696629213,83,1.0,1.0,9,"{""conflicting_task_ownership"": 0, ""duplicate_execution"": 0, ""contradictory_reassignment"": 1, ""incompatible_mission_state"": 4, ""inconsistent_anomaly_state"": 4}",55936,46720,102656,0.5448877805486284,0.5,0.5,"{""auv_01"": 20.0, ""auv_02"": 40.0, ""auv_08"": 60.0, ""auv_10"": 60.0, ""auv_07"": 60.0, ""auv_00"": 60.0}",partial,60.0
85424607cd80fc940be0d3f9bf743dcc9e509f91,1168be4f5d559891,paper_risk_bounded_v1_2026-09-28,utility_v2_frozen_2026-09-28,safe_useful_retention_v1_2026-09-28,paper_ssp_200m_v1,8,1000,1000.0,B3,tr_ca1dfa6822d6_gpu,-30.0449,0.0,0.0,0,0.0,0.0,0,"{""conflicting_task_ownership"": 0, ""duplicate_execution"": 0, ""contradictory_reassignment"": 0, ""incompatible_mission_state"": 0, ""inconsistent_anomaly_state"": 0}",55936,57600,113536,0.4926719278466742,0.5,0.5,"{""auv_01"": 20.0, ""auv_02"": 40.0, ""auv_10"": 60.0, ""auv_07"": 60.0, ""auv_00"": 60.0, ""auv_08"": 60.0}",partial,60.0
85424607cd80fc940be0d3f9bf743dcc9e509f91,1168be4f5d559891,paper_risk_bounded_v1_2026-09-28,utility_v2_frozen_2026-09-28,safe_useful_retention_v1_2026-09-28,paper_ssp_200m_v1,8,1000,1000.0,B4,tr_ca1dfa6822d6_gpu,0.9551499999999999,0.0,0.0,0,0.8,0.014492753623188406,1,"{""conflicting_task_ownership"": 0, ""duplicate_execution"": 0, ""contradictory_reassignment"": 1, ""incompatible_mission_state"": 0, ""inconsistent_anomaly_state"": 0}",55936,57600,113536,0.4926719278466742,0.5,0.5,"{""auv_01"": 20.0, ""auv_02"": 40.0, ""auv_10"": 60.0, ""auv_07"": 60.0, ""auv_08"": 60.0, ""auv_00"": 60.0}",partial,60.0
85424607cd80fc940be0d3f9bf743dcc9e509f91,1168be4f5d559891,paper_risk_bounded_v1_2026-09-28,utility_v2_frozen_2026-09-28,safe_useful_retention_v1_2026-09-28,paper_ssp_200m_v1,8,1000,1000.0,B5_conservative,tr_ca1dfa6822d6_gpu,-30.0449,0.0,0.0,0,0.0,0.0,0,"{""conflicting_task_ownership"": 0, ""duplicate_execution"": 0, ""contradictory_reassignment"": 0, ""incompatible_mission_state"": 0, ""inconsistent_anomaly_state"": 0}",55936,57600,113536,0.4926719278466742,0.5,0.5,"{""auv_01"": 20.0, ""auv_02"": 40.0, ""auv_00"": 60.0, ""auv_08"": 60.0, ""auv_07"": 60.0, ""auv_10"": 60.0}",partial,60.0
85424607cd80fc940be0d3f9bf743dcc9e509f91,1168be4f5d559891,paper_risk_bounded_v1_2026-09-28,utility_v2_frozen_2026-09-28,safe_useful_retention_v1_2026-09-28,paper_ssp_200m_v1,8,1000,1000.0,B5_nominal,tr_ca1dfa6822d6_gpu,-117.08815,0.9325842696629213,0.9325842696629213,83,1.0,1.0,9,"{""conflicting_task_ownership"": 0, ""duplicate_execution"": 0, ""contradictory_reassignment"": 1, ""incompatible_mission_state"": 4, ""inconsistent_anomaly_state"": 4}",55936,46720,102656,0.5448877805486284,0.5,0.5,"{""auv_01"": 20.0, ""auv_02"": 40.0, ""auv_00"": 60.0, ""auv_07"": 60.0, ""auv_10"": 60.0, ""auv_08"": 60.0}",partial,60.0
85424607cd80fc940be0d3f9bf743dcc9e509f91,1168be4f5d559891,paper_risk_bounded_v1_2026-09-28,utility_v2_frozen_2026-09-28,safe_useful_retention_v1_2026-09-28,paper_ssp_200m_v1,8,1000,1000.0,B5_permissive,tr_ca1dfa6822d6_gpu,-117.08815,0.9325842696629213,0.9325842696629213,83,1.0,1.0,9,"{""conflicting_task_ownership"": 0, ""duplicate_execution"": 0, ""contradictory_reassignment"": 1, ""incompatible_mission_state"": 4, ""inconsistent_anomaly_state"": 4}",55936,46720,102656,0.5448877805486284,0.5,0.5,"{""auv_01"": 20.0, ""auv_02"": 40.0, ""auv_10"": 60.0, ""auv_07"": 60.0, ""auv_08"": 60.0, ""auv_00"": 60.0}",partial,60.0
85424607cd80fc940be0d3f9bf743dcc9e509f91,ffa408320eceb445,paper_risk_bounded_v1_2026-09-28,utility_v2_frozen_2026-09-28,safe_useful_retention_v1_2026-09-28,paper_ssp_200m_v1,9,0,0.0,B1,tr_f9d255d666ea_gpu,47.9171,0.9857142857142858,0.9857142857142858,69,1.0,1.0,1,"{""conflicting_task_ownership"": 0, ""duplicate_execution"": 0, ""contradictory_reassignment"": 0, ""incompatible_mission_state"": 1, ""inconsistent_anomaly_state"": 0}",67072,22720,89792,0.7469707769066286,,,{},idle,0.0
85424607cd80fc940be0d3f9bf743dcc9e509f91,ffa408320eceb445,paper_risk_bounded_v1_2026-09-28,utility_v2_frozen_2026-09-28,safe_useful_retention_v1_2026-09-28,paper_ssp_200m_v1,9,0,0.0,B2,tr_f9d255d666ea_gpu,47.9171,0.9857142857142858,0.9857142857142858,69,1.0,1.0,1,"{""conflicting_task_ownership"": 0, ""duplicate_execution"": 0, ""contradictory_reassignment"": 0, ""incompatible_mission_state"": 1, ""inconsistent_anomaly_state"": 0}",67072,22720,89792,0.7469707769066286,,,{},idle,0.0
85424607cd80fc940be0d3f9bf743dcc9e509f91,ffa408320eceb445,paper_risk_bounded_v1_2026-09-28,utility_v2_frozen_2026-09-28,safe_useful_retention_v1_2026-09-28,paper_ssp_200m_v1,9,0,0.0,B3,tr_f9d255d666ea_gpu,-30.0462,0.0,0.0,0,0.0,0.0,0,"{""conflicting_task_ownership"": 0, ""duplicate_execution"": 0, ""contradictory_reassignment"": 0, ""incompatible_mission_state"": 0, ""inconsistent_anomaly_state"": 0}",67072,33600,100672,0.6662428480610298,,,{},idle,0.0
85424607cd80fc940be0d3f9bf743dcc9e509f91,ffa408320eceb445,paper_risk_bounded_v1_2026-09-28,utility_v2_frozen_2026-09-28,safe_useful_retention_v1_2026-09-28,paper_ssp_200m_v1,9,0,0.0,B4,tr_f9d255d666ea_gpu,-18.0462,0.0,0.0,0,1.0,0.0035714285714285713,0,"{""conflicting_task_ownership"": 0, ""duplicate_execution"": 0, ""contradictory_reassignment"": 0, ""incompatible_mission_state"": 0, ""inconsistent_anomaly_state"": 0}",67072,33600,100672,0.6662428480610298,,,{},idle,0.0
85424607cd80fc940be0d3f9bf743dcc9e509f91,ffa408320eceb445,paper_risk_bounded_v1_2026-09-28,utility_v2_frozen_2026-09-28,safe_useful_retention_v1_2026-09-28,paper_ssp_200m_v1,9,0,0.0,B5_conservative,tr_f9d255d666ea_gpu,-30.0462,0.0,0.0,0,0.0,0.0,0,"{""conflicting_task_ownership"": 0, ""duplicate_execution"": 0, ""contradictory_reassignment"": 0, ""incompatible_mission_state"": 0, ""inconsistent_anomaly_state"": 0}",67072,33600,100672,0.6662428480610298,,,{},idle,0.0
85424607cd80fc940be0d3f9bf743dcc9e509f91,ffa408320eceb445,paper_risk_bounded_v1_2026-09-28,utility_v2_frozen_2026-09-28,safe_useful_retention_v1_2026-09-28,paper_ssp_200m_v1,9,0,0.0,B5_nominal,tr_f9d255d666ea_gpu,47.9171,0.9857142857142858,0.9857142857142858,69,1.0,1.0,1,"{""conflicting_task_ownership"": 0, ""duplicate_execution"": 0, ""contradictory_reassignment"": 0, ""incompatible_mission_state"": 1, ""inconsistent_anomaly_state"": 0}",67072,22720,89792,0.7469707769066286,,,{},idle,0.0
85424607cd80fc940be0d3f9bf743dcc9e509f91,ffa408320eceb445,paper_risk_bounded_v1_2026-09-28,utility_v2_frozen_2026-09-28,safe_useful_retention_v1_2026-09-28,paper_ssp_200m_v1,9,0,0.0,B5_permissive,tr_f9d255d666ea_gpu,47.9171,0.9857142857142858,0.9857142857142858,69,1.0,1.0,1,"{""conflicting_task_ownership"": 0, ""duplicate_execution"": 0, ""contradictory_reassignment"": 0, ""incompatible_mission_state"": 1, ""inconsistent_anomaly_state"": 0}",67072,22720,89792,0.7469707769066286,,,{},idle,0.0
85424607cd80fc940be0d3f9bf743dcc9e509f91,9e779655e6ed58e5,paper_risk_bounded_v1_2026-09-28,utility_v2_frozen_2026-09-28,safe_useful_retention_v1_2026-09-28,paper_ssp_200m_v1,9,150,150.0,B1,tr_f9d255d666ea_gpu,47.9177,0.868421052631579,0.9850746268656716,66,1.0,1.0,1,"{""conflicting_task_ownership"": 0, ""duplicate_execution"": 0, ""contradictory_reassignment"": 0, ""incompatible_mission_state"": 1, ""inconsistent_anomaly_state"": 0}",73472,26560,100032,0.7344849648112604,0.4166666666666667,0.5833333333333334,"{""auv_11"": 20.0, ""auv_00"": 20.0, ""auv_07"": 20.0, ""auv_01"": 40.0, ""auv_03"": 40.0}",partial,40.0
85424607cd80fc940be0d3f9bf743dcc9e509f91,9e779655e6ed58e5,paper_risk_bounded_v1_2026-09-28,utility_v2_frozen_2026-09-28,safe_useful_retention_v1_2026-09-28,paper_ssp_200m_v1,9,150,150.0,B2,tr_f9d255d666ea_gpu,41.923,0.9210526315789473,0.9210526315789473,70,1.0,1.0,2,"{""conflicting_task_ownership"": 0, ""duplicate_execution"": 0, ""contradictory_reassignment"": 1, ""incompatible_mission_state"": 1, ""inconsistent_anomaly_state"": 0}",73472,26560,100032,0.7344849648112604,0.4166666666666667,0.5833333333333334,"{""auv_07"": 20.0, ""auv_11"": 20.0, ""auv_00"": 20.0, ""auv_03"": 40.0, ""auv_01"": 40.0}",partial,40.0
85424607cd80fc940be0d3f9bf743dcc9e509f91,9e779655e6ed58e5,paper_risk_bounded_v1_2026-09-28,utility_v2_frozen_2026-09-28,safe_useful_retention_v1_2026-09-28,paper_ssp_200m_v1,9,150,150.0,B3,tr_f9d255d666ea_gpu,-30.046,0.0,0.0,0,0.0,0.0,0,"{""conflicting_task_ownership"": 0, ""duplicate_execution"": 0, ""contradictory_reassignment"": 0, ""incompatible_mission_state"": 0, ""inconsistent_anomaly_state"": 0}",73472,37440,110912,0.6624350836699365,0.4166666666666667,0.5833333333333334,"{""auv_11"": 20.0, ""auv_00"": 20.0, ""auv_07"": 20.0, ""auv_03"": 40.0, ""auv_01"": 40.0}",partial,40.0
85424607cd80fc940be0d3f9bf743dcc9e509f91,9e779655e6ed58e5,paper_risk_bounded_v1_2026-09-28,utility_v2_frozen_2026-09-28,safe_useful_retention_v1_2026-09-28,paper_ssp_200m_v1,9,150,150.0,B4,tr_f9d255d666ea_gpu,0.95355,0.0,0.0,0,0.8,0.014234875444839857,1,"{""conflicting_task_ownership"": 0, ""duplicate_execution"": 0, ""contradictory_reassignment"": 1, ""incompatible_mission_state"": 0, ""inconsistent_anomaly_state"": 0}",73472,37440,110912,0.6624350836699365,0.4166666666666667,0.5833333333333334,"{""auv_07"": 20.0, ""auv_00"": 20.0, ""auv_11"": 20.0, ""auv_03"": 40.0, ""auv_01"": 40.0}",partial,40.0
85424607cd80fc940be0d3f9bf743dcc9e509f91,9e779655e6ed58e5,paper_risk_bounded_v1_2026-09-28,utility_v2_frozen_2026-09-28,safe_useful_retention_v1_2026-09-28,paper_ssp_200m_v1,9,150,150.0,B5_conservative,tr_f9d255d666ea_gpu,-30.046,0.0,0.0,0,0.0,0.0,0,"{""conflicting_task_ownership"": 0, ""duplicate_execution"": 0, ""contradictory_reassignment"": 0, ""incompatible_mission_state"": 0, ""inconsistent_anomaly_state"": 0}",73472,37440,110912,0.6624350836699365,0.4166666666666667,0.5833333333333334,"{""auv_07"": 20.0, ""auv_00"": 20.0, ""auv_11"": 20.0, ""auv_03"": 40.0, ""auv_01"": 40.0}",partial,40.0
85424607cd80fc940be0d3f9bf743dcc9e509f91,9e779655e6ed58e5,paper_risk_bounded_v1_2026-09-28,utility_v2_frozen_2026-09-28,safe_useful_retention_v1_2026-09-28,paper_ssp_200m_v1,9,150,150.0,B5_nominal,tr_f9d255d666ea_gpu,41.923,0.9210526315789473,0.9210526315789473,70,1.0,1.0,2,"{""conflicting_task_ownership"": 0, ""duplicate_execution"": 0, ""contradictory_reassignment"": 1, ""incompatible_mission_state"": 1, ""inconsistent_anomaly_state"": 0}",73472,26560,100032,0.7344849648112604,0.4166666666666667,0.5833333333333334,"{""auv_07"": 20.0, ""auv_11"": 20.0, ""auv_00"": 20.0, ""auv_01"": 40.0, ""auv_03"": 40.0}",partial,40.0
85424607cd80fc940be0d3f9bf743dcc9e509f91,9e779655e6ed58e5,paper_risk_bounded_v1_2026-09-28,utility_v2_frozen_2026-09-28,safe_useful_retention_v1_2026-09-28,paper_ssp_200m_v1,9,150,150.0,B5_permissive,tr_f9d255d666ea_gpu,41.923,0.9210526315789473,0.9210526315789473,70,1.0,1.0,2,"{""conflicting_task_ownership"": 0, ""duplicate_execution"": 0, ""contradictory_reassignment"": 1, ""incompatible_mission_state"": 1, ""inconsistent_anomaly_state"": 0}",73472,26560,100032,0.7344849648112604,0.4166666666666667,0.5833333333333334,"{""auv_07"": 20.0, ""auv_00"": 20.0, ""auv_11"": 20.0, ""auv_01"": 40.0, ""auv_03"": 40.0}",partial,40.0
85424607cd80fc940be0d3f9bf743dcc9e509f91,f2e577615b8064bc,paper_risk_bounded_v1_2026-09-28,utility_v2_frozen_2026-09-28,safe_useful_retention_v1_2026-09-28,paper_ssp_200m_v1,9,300,300.0,B1,tr_f9d255d666ea_gpu,47.9183,0.8170731707317073,0.9852941176470589,67,1.0,1.0,1,"{""conflicting_task_ownership"": 0, ""duplicate_execution"": 0, ""contradictory_reassignment"": 0, ""incompatible_mission_state"": 1, ""inconsistent_anomaly_state"": 0}",71296,29920,101216,0.7043945621245653,0.3333333333333333,0.6666666666666666,"{""auv_00"": 20.0, ""auv_01"": 20.0, ""auv_04"": 40.0, ""auv_02"": 40.0}",partial,40.0
85424607cd80fc940be0d3f9bf743dcc9e509f91,f2e577615b8064bc,paper_risk_bounded_v1_2026-09-28,utility_v2_frozen_2026-09-28,safe_useful_retention_v1_2026-09-28,paper_ssp_200m_v1,9,300,300.0,B2,tr_f9d255d666ea_gpu,-14.0806,0.925,0.925,74,1.0,1.0,6,"{""conflicting_task_ownership"": 0, ""duplicate_execution"": 0, ""contradictory_reassignment"": 1, ""incompatible_mission_state"": 1, ""inconsistent_anomaly_state"": 4}",71296,29920,101216,0.7043945621245653,0.3333333333333333,0.6666666666666666,"{""auv_01"": 20.0, ""auv_00"": 20.0, ""auv_04"": 40.0, ""auv_02"": 40.0}",partial,40.0
85424607cd80fc940be0d3f9bf743dcc9e509f91,f2e577615b8064bc,paper_risk_bounded_v1_2026-09-28,utility_v2_frozen_2026-09-28,safe_useful_retention_v1_2026-09-28,paper_ssp_200m_v1,9,300,300.0,B3,tr_f9d255d666ea_gpu,-30.0458,0.0,0.0,0,0.0,0.0,0,"{""conflicting_task_ownership"": 0, ""duplicate_execution"": 0, ""contradictory_reassignment"": 0, ""incompatible_mission_state"": 0, ""inconsistent_anomaly_state"": 0}",71296,40800,112096,0.6360262632029688,0.3333333333333333,0.6666666666666666,"{""auv_01"": 20.0, ""auv_00"": 20.0, ""auv_04"": 40.0, ""auv_02"": 40.0}",partial,40.0
85424607cd80fc940be0d3f9bf743dcc9e509f91,f2e577615b8064bc,paper_risk_bounded_v1_2026-09-28,utility_v2_frozen_2026-09-28,safe_useful_retention_v1_2026-09-28,paper_ssp_200m_v1,9,300,300.0,B4,tr_f9d255d666ea_gpu,0.95375,0.0,0.0,0,0.8,0.014184397163120567,1,"{""conflicting_task_ownership"": 0, ""duplicate_execution"": 0, ""contradictory_reassignment"": 1, ""incompatible_mission_state"": 0, ""inconsistent_anomaly_state"": 0}",71296,40800,112096,0.6360262632029688,0.3333333333333333,0.6666666666666666,"{""auv_01"": 20.0, ""auv_00"": 20.0, ""auv_02"": 40.0, ""auv_04"": 40.0}",partial,40.0
85424607cd80fc940be0d3f9bf743dcc9e509f91,f2e577615b8064bc,paper_risk_bounded_v1_2026-09-28,utility_v2_frozen_2026-09-28,safe_useful_retention_v1_2026-09-28,paper_ssp_200m_v1,9,300,300.0,B5_conservative,tr_f9d255d666ea_gpu,-30.0458,0.0,0.0,0,0.0,0.0,0,"{""conflicting_task_ownership"": 0, ""duplicate_execution"": 0, ""contradictory_reassignment"": 0, ""incompatible_mission_state"": 0, ""inconsistent_anomaly_state"": 0}",71296,40800,112096,0.6360262632029688,0.3333333333333333,0.6666666666666666,"{""auv_01"": 20.0, ""auv_00"": 20.0, ""auv_02"": 40.0, ""auv_04"": 40.0}",partial,40.0
85424607cd80fc940be0d3f9bf743dcc9e509f91,f2e577615b8064bc,paper_risk_bounded_v1_2026-09-28,utility_v2_frozen_2026-09-28,safe_useful_retention_v1_2026-09-28,paper_ssp_200m_v1,9,300,300.0,B5_nominal,tr_f9d255d666ea_gpu,-14.0806,0.925,0.925,74,1.0,1.0,6,"{""conflicting_task_ownership"": 0, ""duplicate_execution"": 0, ""contradictory_reassignment"": 1, ""incompatible_mission_state"": 1, ""inconsistent_anomaly_state"": 4}",71296,29920,101216,0.7043945621245653,0.3333333333333333,0.6666666666666666,"{""auv_00"": 20.0, ""auv_01"": 20.0, ""auv_04"": 40.0, ""auv_02"": 40.0}",partial,40.0
85424607cd80fc940be0d3f9bf743dcc9e509f91,f2e577615b8064bc,paper_risk_bounded_v1_2026-09-28,utility_v2_frozen_2026-09-28,safe_useful_retention_v1_2026-09-28,paper_ssp_200m_v1,9,300,300.0,B5_permissive,tr_f9d255d666ea_gpu,-14.0806,0.925,0.925,74,1.0,1.0,6,"{""conflicting_task_ownership"": 0, ""duplicate_execution"": 0, ""contradictory_reassignment"": 1, ""incompatible_mission_state"": 1, ""inconsistent_anomaly_state"": 4}",71296,29920,101216,0.7043945621245653,0.3333333333333333,0.6666666666666666,"{""auv_01"": 20.0, ""auv_00"": 20.0, ""auv_04"": 40.0, ""auv_02"": 40.0}",partial,40.0
85424607cd80fc940be0d3f9bf743dcc9e509f91,3163e0d9a73cfb38,paper_risk_bounded_v1_2026-09-28,utility_v2_frozen_2026-09-28,safe_useful_retention_v1_2026-09-28,paper_ssp_200m_v1,9,500,500.0,B1,tr_f9d255d666ea_gpu,47.9189,0.75,0.9850746268656716,66,1.0,1.0,1,"{""conflicting_task_ownership"": 0, ""duplicate_execution"": 0, ""contradictory_reassignment"": 0, ""incompatible_mission_state"": 1, ""inconsistent_anomaly_state"": 0}",65536,34720,100256,0.6536865624002554,0.5,0.5,"{""auv_03"": 20.0, ""auv_00"": 20.0, ""auv_05"": 20.0, ""auv_01"": 40.0, ""auv_06"": 40.0, ""auv_11"": 60.0}",partial,60.0
85424607cd80fc940be0d3f9bf743dcc9e509f91,3163e0d9a73cfb38,paper_risk_bounded_v1_2026-09-28,utility_v2_frozen_2026-09-28,safe_useful_retention_v1_2026-09-28,paper_ssp_200m_v1,9,500,500.0,B2,tr_f9d255d666ea_gpu,-77.08455,0.9294117647058824,0.9294117647058824,79,1.0,1.0,9,"{""conflicting_task_ownership"": 0, ""duplicate_execution"": 0, ""contradictory_reassignment"": 1, ""incompatible_mission_state"": 4, ""inconsistent_anomaly_state"": 4}",65536,34720,100256,0.6536865624002554,0.5,0.5,"{""auv_03"": 20.0, ""auv_05"": 20.0, ""auv_00"": 20.0, ""auv_06"": 40.0, ""auv_01"": 40.0, ""auv_11"": 60.0}",partial,60.0
85424607cd80fc940be0d3f9bf743dcc9e509f91,3163e0d9a73cfb38,paper_risk_bounded_v1_2026-09-28,utility_v2_frozen_2026-09-28,safe_useful_retention_v1_2026-09-28,paper_ssp_200m_v1,9,500,500.0,B3,tr_f9d255d666ea_gpu,-30.0456,0.0,0.0,0,0.0,0.0,0,"{""conflicting_task_ownership"": 0, ""duplicate_execution"": 0, ""contradictory_reassignment"": 0, ""incompatible_mission_state"": 0, ""inconsistent_anomaly_state"": 0}",65536,45600,111136,0.5896919090123812,0.5,0.5,"{""auv_05"": 20.0, ""auv_00"": 20.0, ""auv_03"": 20.0, ""auv_01"": 40.0, ""auv_06"": 40.0, ""auv_11"": 60.0}",partial,60.0
85424607cd80fc940be0d3f9bf743dcc9e509f91,3163e0d9a73cfb38,paper_risk_bounded_v1_2026-09-28,utility_v2_frozen_2026-09-28,safe_useful_retention_v1_2026-09-28,paper_ssp_200m_v1,9,500,500.0,B4,tr_f9d255d666ea_gpu,0.95395,0.0,0.0,0,0.8,0.014336917562724014,1,"{""conflicting_task_ownership"": 0, ""duplicate_execution"": 0, ""contradictory_reassignment"": 1, ""incompatible_mission_state"": 0, ""inconsistent_anomaly_state"": 0}",65536,45600,111136,0.5896919090123812,0.5,0.5,"{""auv_03"": 20.0, ""auv_05"": 20.0, ""auv_00"": 20.0, ""auv_01"": 40.0, ""auv_06"": 40.0, ""auv_11"": 60.0}",partial,60.0
85424607cd80fc940be0d3f9bf743dcc9e509f91,3163e0d9a73cfb38,paper_risk_bounded_v1_2026-09-28,utility_v2_frozen_2026-09-28,safe_useful_retention_v1_2026-09-28,paper_ssp_200m_v1,9,500,500.0,B5_conservative,tr_f9d255d666ea_gpu,-30.0456,0.0,0.0,0,0.0,0.0,0,"{""conflicting_task_ownership"": 0, ""duplicate_execution"": 0, ""contradictory_reassignment"": 0, ""incompatible_mission_state"": 0, ""inconsistent_anomaly_state"": 0}",65536,45600,111136,0.5896919090123812,0.5,0.5,"{""auv_00"": 20.0, ""auv_03"": 20.0, ""auv_05"": 20.0, ""auv_06"": 40.0, ""auv_01"": 40.0, ""auv_11"": 60.0}",partial,60.0
85424607cd80fc940be0d3f9bf743dcc9e509f91,3163e0d9a73cfb38,paper_risk_bounded_v1_2026-09-28,utility_v2_frozen_2026-09-28,safe_useful_retention_v1_2026-09-28,paper_ssp_200m_v1,9,500,500.0,B5_nominal,tr_f9d255d666ea_gpu,-77.08455,0.9294117647058824,0.9294117647058824,79,1.0,1.0,9,"{""conflicting_task_ownership"": 0, ""duplicate_execution"": 0, ""contradictory_reassignment"": 1, ""incompatible_mission_state"": 4, ""inconsistent_anomaly_state"": 4}",65536,34720,100256,0.6536865624002554,0.5,0.5,"{""auv_05"": 20.0, ""auv_00"": 20.0, ""auv_03"": 20.0, ""auv_01"": 40.0, ""auv_06"": 40.0, ""auv_11"": 60.0}",partial,60.0
85424607cd80fc940be0d3f9bf743dcc9e509f91,3163e0d9a73cfb38,paper_risk_bounded_v1_2026-09-28,utility_v2_frozen_2026-09-28,safe_useful_retention_v1_2026-09-28,paper_ssp_200m_v1,9,500,500.0,B5_permissive,tr_f9d255d666ea_gpu,-77.08455,0.9294117647058824,0.9294117647058824,79,1.0,1.0,9,"{""conflicting_task_ownership"": 0, ""duplicate_execution"": 0, ""contradictory_reassignment"": 1, ""incompatible_mission_state"": 4, ""inconsistent_anomaly_state"": 4}",65536,34720,100256,0.6536865624002554,0.5,0.5,"{""auv_05"": 20.0, ""auv_00"": 20.0, ""auv_03"": 20.0, ""auv_01"": 40.0, ""auv_06"": 40.0, ""auv_11"": 60.0}",partial,60.0
85424607cd80fc940be0d3f9bf743dcc9e509f91,e0bd4b247001e083,paper_risk_bounded_v1_2026-09-28,utility_v2_frozen_2026-09-28,safe_useful_retention_v1_2026-09-28,paper_ssp_200m_v1,9,750,750.0,B1,tr_f9d255d666ea_gpu,47.9192,0.7252747252747253,0.9850746268656716,66,1.0,1.0,1,"{""conflicting_task_ownership"": 0, ""duplicate_execution"": 0, ""contradictory_reassignment"": 0, ""incompatible_mission_state"": 1, ""inconsistent_anomaly_state"": 0}",57984,40960,98944,0.5860284605433377,0.3333333333333333,0.6666666666666666,"{""auv_02"": 20.0, ""auv_00"": 20.0, ""auv_03"": 20.0, ""auv_01"": 40.0}",partial,40.0
85424607cd80fc940be0d3f9bf743dcc9e509f91,e0bd4b247001e083,paper_risk_bounded_v1_2026-09-28,utility_v2_frozen_2026-09-28,safe_useful_retention_v1_2026-09-28,paper_ssp_200m_v1,9,750,750.0,B2,tr_f9d255d666ea_gpu,-77.08455,0.9294117647058824,0.9294117647058824,79,1.0,1.0,9,"{""conflicting_task_ownership"": 0, ""duplicate_execution"": 0, ""contradictory_reassignment"": 1, ""incompatible_mission_state"": 4, ""inconsistent_anomaly_state"": 4}",57984,40960,98944,0.5860284605433377,0.3333333333333333,0.6666666666666666,"{""auv_00"": 20.0, ""auv_03"": 20.0, ""auv_02"": 20.0, ""auv_01"": 40.0}",partial,40.0
85424607cd80fc940be0d3f9bf743dcc9e509f91,e0bd4b247001e083,paper_risk_bounded_v1_2026-09-28,utility_v2_frozen_2026-09-28,safe_useful_retention_v1_2026-09-28,paper_ssp_200m_v1,9,750,750.0,B3,tr_f9d255d666ea_gpu,-30.0453,0.0,0.0,0,0.0,0.0,0,"{""conflicting_task_ownership"": 0, ""duplicate_execution"": 0, ""contradictory_reassignment"": 0, ""incompatible_mission_state"": 0, ""inconsistent_anomaly_state"": 0}",57984,51840,109824,0.527972027972028,0.3333333333333333,0.6666666666666666,"{""auv_00"": 20.0, ""auv_03"": 20.0, ""auv_02"": 20.0, ""auv_01"": 40.0}",partial,40.0
85424607cd80fc940be0d3f9bf743dcc9e509f91,e0bd4b247001e083,paper_risk_bounded_v1_2026-09-28,utility_v2_frozen_2026-09-28,safe_useful_retention_v1_2026-09-28,paper_ssp_200m_v1,9,750,750.0,B4,tr_f9d255d666ea_gpu,0.95425,0.0,0.0,0,0.8,0.014336917562724014,1,"{""conflicting_task_ownership"": 0, ""duplicate_execution"": 0, ""contradictory_reassignment"": 1, ""incompatible_mission_state"": 0, ""inconsistent_anomaly_state"": 0}",57984,51840,109824,0.527972027972028,0.3333333333333333,0.6666666666666666,"{""auv_00"": 20.0, ""auv_02"": 20.0, ""auv_03"": 20.0, ""auv_01"": 40.0}",partial,40.0
85424607cd80fc940be0d3f9bf743dcc9e509f91,e0bd4b247001e083,paper_risk_bounded_v1_2026-09-28,utility_v2_frozen_2026-09-28,safe_useful_retention_v1_2026-09-28,paper_ssp_200m_v1,9,750,750.0,B5_conservative,tr_f9d255d666ea_gpu,-30.0453,0.0,0.0,0,0.0,0.0,0,"{""conflicting_task_ownership"": 0, ""duplicate_execution"": 0, ""contradictory_reassignment"": 0, ""incompatible_mission_state"": 0, ""inconsistent_anomaly_state"": 0}",57984,51840,109824,0.527972027972028,0.3333333333333333,0.6666666666666666,"{""auv_03"": 20.0, ""auv_02"": 20.0, ""auv_00"": 20.0, ""auv_01"": 40.0}",partial,40.0
85424607cd80fc940be0d3f9bf743dcc9e509f91,e0bd4b247001e083,paper_risk_bounded_v1_2026-09-28,utility_v2_frozen_2026-09-28,safe_useful_retention_v1_2026-09-28,paper_ssp_200m_v1,9,750,750.0,B5_nominal,tr_f9d255d666ea_gpu,-77.08455,0.9294117647058824,0.9294117647058824,79,1.0,1.0,9,"{""conflicting_task_ownership"": 0, ""duplicate_execution"": 0, ""contradictory_reassignment"": 1, ""incompatible_mission_state"": 4, ""inconsistent_anomaly_state"": 4}",57984,40960,98944,0.5860284605433377,0.3333333333333333,0.6666666666666666,"{""auv_03"": 20.0, ""auv_02"": 20.0, ""auv_00"": 20.0, ""auv_01"": 40.0}",partial,40.0
85424607cd80fc940be0d3f9bf743dcc9e509f91,e0bd4b247001e083,paper_risk_bounded_v1_2026-09-28,utility_v2_frozen_2026-09-28,safe_useful_retention_v1_2026-09-28,paper_ssp_200m_v1,9,750,750.0,B5_permissive,tr_f9d255d666ea_gpu,-77.08455,0.9294117647058824,0.9294117647058824,79,1.0,1.0,9,"{""conflicting_task_ownership"": 0, ""duplicate_execution"": 0, ""contradictory_reassignment"": 1, ""incompatible_mission_state"": 4, ""inconsistent_anomaly_state"": 4}",57984,40960,98944,0.5860284605433377,0.3333333333333333,0.6666666666666666,"{""auv_00"": 20.0, ""auv_02"": 20.0, ""auv_03"": 20.0, ""auv_01"": 40.0}",partial,40.0
85424607cd80fc940be0d3f9bf743dcc9e509f91,54ec1b0ff589e75e,paper_risk_bounded_v1_2026-09-28,utility_v2_frozen_2026-09-28,safe_useful_retention_v1_2026-09-28,paper_ssp_200m_v1,9,1000,1000.0,B1,tr_f9d255d666ea_gpu,47.9229,0.6666666666666666,0.9850746268656716,66,1.0,1.0,1,"{""conflicting_task_ownership"": 0, ""duplicate_execution"": 0, ""contradictory_reassignment"": 0, ""incompatible_mission_state"": 1, ""inconsistent_anomaly_state"": 0}",53120,46720,99840,0.532051282051282,0.3333333333333333,0.6666666666666666,"{""auv_01"": 20.0, ""auv_02"": 40.0, ""auv_00"": 40.0, ""auv_07"": 60.0}",partial,60.0
85424607cd80fc940be0d3f9bf743dcc9e509f91,54ec1b0ff589e75e,paper_risk_bounded_v1_2026-09-28,utility_v2_frozen_2026-09-28,safe_useful_retention_v1_2026-09-28,paper_ssp_200m_v1,9,1000,1000.0,B2,tr_f9d255d666ea_gpu,-117.08815,0.9325842696629213,0.9325842696629213,83,1.0,1.0,9,"{""conflicting_task_ownership"": 0, ""duplicate_execution"": 0, ""contradictory_reassignment"": 1, ""incompatible_mission_state"": 4, ""inconsistent_anomaly_state"": 4}",53120,46720,99840,0.532051282051282,0.3333333333333333,0.6666666666666666,"{""auv_01"": 20.0, ""auv_02"": 40.0, ""auv_00"": 40.0, ""auv_07"": 60.0}",partial,60.0
85424607cd80fc940be0d3f9bf743dcc9e509f91,54ec1b0ff589e75e,paper_risk_bounded_v1_2026-09-28,utility_v2_frozen_2026-09-28,safe_useful_retention_v1_2026-09-28,paper_ssp_200m_v1,9,1000,1000.0,B3,tr_f9d255d666ea_gpu,-30.0449,0.0,0.0,0,0.0,0.0,0,"{""conflicting_task_ownership"": 0, ""duplicate_execution"": 0, ""contradictory_reassignment"": 0, ""incompatible_mission_state"": 0, ""inconsistent_anomaly_state"": 0}",53120,57600,110720,0.4797687861271676,0.3333333333333333,0.6666666666666666,"{""auv_01"": 20.0, ""auv_02"": 40.0, ""auv_00"": 40.0, ""auv_07"": 60.0}",partial,60.0
85424607cd80fc940be0d3f9bf743dcc9e509f91,54ec1b0ff589e75e,paper_risk_bounded_v1_2026-09-28,utility_v2_frozen_2026-09-28,safe_useful_retention_v1_2026-09-28,paper_ssp_200m_v1,9,1000,1000.0,B4,tr_f9d255d666ea_gpu,0.9551499999999999,0.0,0.0,0,0.8,0.014492753623188406,1,"{""conflicting_task_ownership"": 0, ""duplicate_execution"": 0, ""contradictory_reassignment"": 1, ""incompatible_mission_state"": 0, ""inconsistent_anomaly_state"": 0}",53120,57600,110720,0.4797687861271676,0.3333333333333333,0.6666666666666666,"{""auv_01"": 20.0, ""auv_00"": 40.0, ""auv_02"": 40.0, ""auv_07"": 60.0}",partial,60.0
85424607cd80fc940be0d3f9bf743dcc9e509f91,54ec1b0ff589e75e,paper_risk_bounded_v1_2026-09-28,utility_v2_frozen_2026-09-28,safe_useful_retention_v1_2026-09-28,paper_ssp_200m_v1,9,1000,1000.0,B5_conservative,tr_f9d255d666ea_gpu,-30.0449,0.0,0.0,0,0.0,0.0,0,"{""conflicting_task_ownership"": 0, ""duplicate_execution"": 0, ""contradictory_reassignment"": 0, ""incompatible_mission_state"": 0, ""inconsistent_anomaly_state"": 0}",53120,57600,110720,0.4797687861271676,0.3333333333333333,0.6666666666666666,"{""auv_01"": 20.0, ""auv_02"": 40.0, ""auv_00"": 40.0, ""auv_07"": 60.0}",partial,60.0
85424607cd80fc940be0d3f9bf743dcc9e509f91,54ec1b0ff589e75e,paper_risk_bounded_v1_2026-09-28,utility_v2_frozen_2026-09-28,safe_useful_retention_v1_2026-09-28,paper_ssp_200m_v1,9,1000,1000.0,B5_nominal,tr_f9d255d666ea_gpu,-117.08815,0.9325842696629213,0.9325842696629213,83,1.0,1.0,9,"{""conflicting_task_ownership"": 0, ""duplicate_execution"": 0, ""contradictory_reassignment"": 1, ""incompatible_mission_state"": 4, ""inconsistent_anomaly_state"": 4}",53120,46720,99840,0.532051282051282,0.3333333333333333,0.6666666666666666,"{""auv_01"": 20.0, ""auv_02"": 40.0, ""auv_00"": 40.0, ""auv_07"": 60.0}",partial,60.0
85424607cd80fc940be0d3f9bf743dcc9e509f91,54ec1b0ff589e75e,paper_risk_bounded_v1_2026-09-28,utility_v2_frozen_2026-09-28,safe_useful_retention_v1_2026-09-28,paper_ssp_200m_v1,9,1000,1000.0,B5_permissive,tr_f9d255d666ea_gpu,-117.08815,0.9325842696629213,0.9325842696629213,83,1.0,1.0,9,"{""conflicting_task_ownership"": 0, ""duplicate_execution"": 0, ""contradictory_reassignment"": 1, ""incompatible_mission_state"": 4, ""inconsistent_anomaly_state"": 4}",53120,46720,99840,0.532051282051282,0.3333333333333333,0.6666666666666666,"{""auv_01"": 20.0, ""auv_02"": 40.0, ""auv_00"": 40.0, ""auv_07"": 60.0}",partial,60.0
85424607cd80fc940be0d3f9bf743dcc9e509f91,0a05e7d64b1e7f1a,paper_risk_bounded_v1_2026-09-28,utility_v2_frozen_2026-09-28,safe_useful_retention_v1_2026-09-28,paper_ssp_200m_moderate_v1,0,0,0.0,B1,tr_e481a0d054ed_gpu,47.9171,0.9857142857142858,0.9857142857142858,69,1.0,1.0,1,"{""conflicting_task_ownership"": 0, ""duplicate_execution"": 0, ""contradictory_reassignment"": 0, ""incompatible_mission_state"": 1, ""inconsistent_anomaly_state"": 0}",58880,11360,70240,0.8382687927107062,,,{},idle,0.0
85424607cd80fc940be0d3f9bf743dcc9e509f91,0a05e7d64b1e7f1a,paper_risk_bounded_v1_2026-09-28,utility_v2_frozen_2026-09-28,safe_useful_retention_v1_2026-09-28,paper_ssp_200m_moderate_v1,0,0,0.0,B2,tr_e481a0d054ed_gpu,47.9171,0.9857142857142858,0.9857142857142858,69,1.0,1.0,1,"{""conflicting_task_ownership"": 0, ""duplicate_execution"": 0, ""contradictory_reassignment"": 0, ""incompatible_mission_state"": 1, ""inconsistent_anomaly_state"": 0}",58880,11360,70240,0.8382687927107062,,,{},idle,0.0
85424607cd80fc940be0d3f9bf743dcc9e509f91,0a05e7d64b1e7f1a,paper_risk_bounded_v1_2026-09-28,utility_v2_frozen_2026-09-28,safe_useful_retention_v1_2026-09-28,paper_ssp_200m_moderate_v1,0,0,0.0,B3,tr_e481a0d054ed_gpu,-30.0462,0.0,0.0,0,0.0,0.0,0,"{""conflicting_task_ownership"": 0, ""duplicate_execution"": 0, ""contradictory_reassignment"": 0, ""incompatible_mission_state"": 0, ""inconsistent_anomaly_state"": 0}",58880,16800,75680,0.7780126849894292,,,{},idle,0.0
85424607cd80fc940be0d3f9bf743dcc9e509f91,0a05e7d64b1e7f1a,paper_risk_bounded_v1_2026-09-28,utility_v2_frozen_2026-09-28,safe_useful_retention_v1_2026-09-28,paper_ssp_200m_moderate_v1,0,0,0.0,B4,tr_e481a0d054ed_gpu,-18.0462,0.0,0.0,0,1.0,0.0035714285714285713,0,"{""conflicting_task_ownership"": 0, ""duplicate_execution"": 0, ""contradictory_reassignment"": 0, ""incompatible_mission_state"": 0, ""inconsistent_anomaly_state"": 0}",58880,16800,75680,0.7780126849894292,,,{},idle,0.0
85424607cd80fc940be0d3f9bf743dcc9e509f91,0a05e7d64b1e7f1a,paper_risk_bounded_v1_2026-09-28,utility_v2_frozen_2026-09-28,safe_useful_retention_v1_2026-09-28,paper_ssp_200m_moderate_v1,0,0,0.0,B5_conservative,tr_e481a0d054ed_gpu,-30.0462,0.0,0.0,0,0.0,0.0,0,"{""conflicting_task_ownership"": 0, ""duplicate_execution"": 0, ""contradictory_reassignment"": 0, ""incompatible_mission_state"": 0, ""inconsistent_anomaly_state"": 0}",58880,16800,75680,0.7780126849894292,,,{},idle,0.0
85424607cd80fc940be0d3f9bf743dcc9e509f91,0a05e7d64b1e7f1a,paper_risk_bounded_v1_2026-09-28,utility_v2_frozen_2026-09-28,safe_useful_retention_v1_2026-09-28,paper_ssp_200m_moderate_v1,0,0,0.0,B5_nominal,tr_e481a0d054ed_gpu,47.9171,0.9857142857142858,0.9857142857142858,69,1.0,1.0,1,"{""conflicting_task_ownership"": 0, ""duplicate_execution"": 0, ""contradictory_reassignment"": 0, ""incompatible_mission_state"": 1, ""inconsistent_anomaly_state"": 0}",58880,11360,70240,0.8382687927107062,,,{},idle,0.0
85424607cd80fc940be0d3f9bf743dcc9e509f91,0a05e7d64b1e7f1a,paper_risk_bounded_v1_2026-09-28,utility_v2_frozen_2026-09-28,safe_useful_retention_v1_2026-09-28,paper_ssp_200m_moderate_v1,0,0,0.0,B5_permissive,tr_e481a0d054ed_gpu,47.9171,0.9857142857142858,0.9857142857142858,69,1.0,1.0,1,"{""conflicting_task_ownership"": 0, ""duplicate_execution"": 0, ""contradictory_reassignment"": 0, ""incompatible_mission_state"": 1, ""inconsistent_anomaly_state"": 0}",58880,11360,70240,0.8382687927107062,,,{},idle,0.0
85424607cd80fc940be0d3f9bf743dcc9e509f91,4a55eb45c336087a,paper_risk_bounded_v1_2026-09-28,utility_v2_frozen_2026-09-28,safe_useful_retention_v1_2026-09-28,paper_ssp_200m_moderate_v1,0,150,150.0,B1,tr_e481a0d054ed_gpu,47.9177,0.868421052631579,0.9850746268656716,66,1.0,1.0,1,"{""conflicting_task_ownership"": 0, ""duplicate_execution"": 0, ""contradictory_reassignment"": 0, ""incompatible_mission_state"": 1, ""inconsistent_anomaly_state"": 0}",61184,15200,76384,0.8010054461667365,0.16666666666666666,0.8333333333333334,"{""auv_00"": 20.0, ""auv_01"": 40.0}",partial,40.0
85424607cd80fc940be0d3f9bf743dcc9e509f91,4a55eb45c336087a,paper_risk_bounded_v1_2026-09-28,utility_v2_frozen_2026-09-28,safe_useful_retention_v1_2026-09-28,paper_ssp_200m_moderate_v1,0,150,150.0,B2,tr_e481a0d054ed_gpu,41.923,0.9210526315789473,0.9210526315789473,70,1.0,1.0,2,"{""conflicting_task_ownership"": 0, ""duplicate_execution"": 0, ""contradictory_reassignment"": 1, ""incompatible_mission_state"": 1, ""inconsistent_anomaly_state"": 0}",61184,15200,76384,0.8010054461667365,0.16666666666666666,0.8333333333333334,"{""auv_00"": 20.0, ""auv_01"": 40.0}",partial,40.0
85424607cd80fc940be0d3f9bf743dcc9e509f91,4a55eb45c336087a,paper_risk_bounded_v1_2026-09-28,utility_v2_frozen_2026-09-28,safe_useful_retention_v1_2026-09-28,paper_ssp_200m_moderate_v1,0,150,150.0,B3,tr_e481a0d054ed_gpu,-30.046,0.0,0.0,0,0.0,0.0,0,"{""conflicting_task_ownership"": 0, ""duplicate_execution"": 0, ""contradictory_reassignment"": 0, ""incompatible_mission_state"": 0, ""inconsistent_anomaly_state"": 0}",61184,20640,81824,0.7477512710207275,0.16666666666666666,0.8333333333333334,"{""auv_00"": 20.0, ""auv_01"": 40.0}",partial,40.0
85424607cd80fc940be0d3f9bf743dcc9e509f91,4a55eb45c336087a,paper_risk_bounded_v1_2026-09-28,utility_v2_frozen_2026-09-28,safe_useful_retention_v1_2026-09-28,paper_ssp_200m_moderate_v1,0,150,150.0,B4,tr_e481a0d054ed_gpu,0.95355,0.0,0.0,0,0.8,0.014234875444839857,1,"{""conflicting_task_ownership"": 0, ""duplicate_execution"": 0, ""contradictory_reassignment"": 1, ""incompatible_mission_state"": 0, ""inconsistent_anomaly_state"": 0}",61184,20640,81824,0.7477512710207275,0.16666666666666666,0.8333333333333334,"{""auv_00"": 20.0, ""auv_01"": 40.0}",partial,40.0
85424607cd80fc940be0d3f9bf743dcc9e509f91,4a55eb45c336087a,paper_risk_bounded_v1_2026-09-28,utility_v2_frozen_2026-09-28,safe_useful_retention_v1_2026-09-28,paper_ssp_200m_moderate_v1,0,150,150.0,B5_conservative,tr_e481a0d054ed_gpu,-30.046,0.0,0.0,0,0.0,0.0,0,"{""conflicting_task_ownership"": 0, ""duplicate_execution"": 0, ""contradictory_reassignment"": 0, ""incompatible_mission_state"": 0, ""inconsistent_anomaly_state"": 0}",61184,20640,81824,0.7477512710207275,0.16666666666666666,0.8333333333333334,"{""auv_00"": 20.0, ""auv_01"": 40.0}",partial,40.0
85424607cd80fc940be0d3f9bf743dcc9e509f91,4a55eb45c336087a,paper_risk_bounded_v1_2026-09-28,utility_v2_frozen_2026-09-28,safe_useful_retention_v1_2026-09-28,paper_ssp_200m_moderate_v1,0,150,150.0,B5_nominal,tr_e481a0d054ed_gpu,41.923,0.9210526315789473,0.9210526315789473,70,1.0,1.0,2,"{""conflicting_task_ownership"": 0, ""duplicate_execution"": 0, ""contradictory_reassignment"": 1, ""incompatible_mission_state"": 1, ""inconsistent_anomaly_state"": 0}",61184,15200,76384,0.8010054461667365,0.16666666666666666,0.8333333333333334,"{""auv_00"": 20.0, ""auv_01"": 40.0}",partial,40.0
85424607cd80fc940be0d3f9bf743dcc9e509f91,4a55eb45c336087a,paper_risk_bounded_v1_2026-09-28,utility_v2_frozen_2026-09-28,safe_useful_retention_v1_2026-09-28,paper_ssp_200m_moderate_v1,0,150,150.0,B5_permissive,tr_e481a0d054ed_gpu,41.923,0.9210526315789473,0.9210526315789473,70,1.0,1.0,2,"{""conflicting_task_ownership"": 0, ""duplicate_execution"": 0, ""contradictory_reassignment"": 1, ""incompatible_mission_state"": 1, ""inconsistent_anomaly_state"": 0}",61184,15200,76384,0.8010054461667365,0.16666666666666666,0.8333333333333334,"{""auv_00"": 20.0, ""auv_01"": 40.0}",partial,40.0
85424607cd80fc940be0d3f9bf743dcc9e509f91,5a6340cbf29310c0,paper_risk_bounded_v1_2026-09-28,utility_v2_frozen_2026-09-28,safe_useful_retention_v1_2026-09-28,paper_ssp_200m_moderate_v1,0,300,300.0,B1,tr_e481a0d054ed_gpu,47.9183,0.8170731707317073,0.9852941176470589,67,1.0,1.0,1,"{""conflicting_task_ownership"": 0, ""duplicate_execution"": 0, ""contradictory_reassignment"": 0, ""incompatible_mission_state"": 1, ""inconsistent_anomaly_state"": 0}",62208,18560,80768,0.7702060221870047,0.3333333333333333,0.6666666666666666,"{""auv_00"": 20.0, ""auv_02"": 40.0, ""auv_04"": 40.0, ""auv_01"": 60.0}",partial,60.0
85424607cd80fc940be0d3f9bf743dcc9e509f91,5a6340cbf29310c0,paper_risk_bounded_v1_2026-09-28,utility_v2_frozen_2026-09-28,safe_useful_retention_v1_2026-09-28,paper_ssp_200m_moderate_v1,0,300,300.0,B2,tr_e481a0d054ed_gpu,-14.0806,0.925,0.925,74,1.0,1.0,6,"{""conflicting_task_ownership"": 0, ""duplicate_execution"": 0, ""contradictory_reassignment"": 1, ""incompatible_mission_state"": 1, ""inconsistent_anomaly_state"": 4}",62208,18560,80768,0.7702060221870047,0.3333333333333333,0.6666666666666666,"{""auv_00"": 20.0, ""auv_02"": 40.0, ""auv_04"": 40.0, ""auv_01"": 60.0}",partial,60.0
85424607cd80fc940be0d3f9bf743dcc9e509f91,5a6340cbf29310c0,paper_risk_bounded_v1_2026-09-28,utility_v2_frozen_2026-09-28,safe_useful_retention_v1_2026-09-28,paper_ssp_200m_moderate_v1,0,300,300.0,B3,tr_e481a0d054ed_gpu,-30.0458,0.0,0.0,0,0.0,0.0,0,"{""conflicting_task_ownership"": 0, ""duplicate_execution"": 0, ""contradictory_reassignment"": 0, ""incompatible_mission_state"": 0, ""inconsistent_anomaly_state"": 0}",62208,24000,86208,0.7216035634743875,0.3333333333333333,0.6666666666666666,"{""auv_00"": 20.0, ""auv_04"": 40.0, ""auv_02"": 40.0, ""auv_01"": 60.0}",partial,60.0
85424607cd80fc940be0d3f9bf743dcc9e509f91,5a6340cbf29310c0,paper_risk_bounded_v1_2026-09-28,utility_v2_frozen_2026-09-28,safe_useful_retention_v1_2026-09-28,paper_ssp_200m_moderate_v1,0,300,300.0,B4,tr_e481a0d054ed_gpu,0.95375,0.0,0.0,0,0.8,0.014184397163120567,1,"{""conflicting_task_ownership"": 0, ""duplicate_execution"": 0, ""contradictory_reassignment"": 1, ""incompatible_mission_state"": 0, ""inconsistent_anomaly_state"": 0}",62208,24000,86208,0.7216035634743875,0.3333333333333333,0.6666666666666666,"{""auv_00"": 20.0, ""auv_04"": 40.0, ""auv_02"": 40.0, ""auv_01"": 60.0}",partial,60.0
85424607cd80fc940be0d3f9bf743dcc9e509f91,5a6340cbf29310c0,paper_risk_bounded_v1_2026-09-28,utility_v2_frozen_2026-09-28,safe_useful_retention_v1_2026-09-28,paper_ssp_200m_moderate_v1,0,300,300.0,B5_conservative,tr_e481a0d054ed_gpu,-30.0458,0.0,0.0,0,0.0,0.0,0,"{""conflicting_task_ownership"": 0, ""duplicate_execution"": 0, ""contradictory_reassignment"": 0, ""incompatible_mission_state"": 0, ""inconsistent_anomaly_state"": 0}",62208,24000,86208,0.7216035634743875,0.3333333333333333,0.6666666666666666,"{""auv_00"": 20.0, ""auv_02"": 40.0, ""auv_04"": 40.0, ""auv_01"": 60.0}",partial,60.0
85424607cd80fc940be0d3f9bf743dcc9e509f91,5a6340cbf29310c0,paper_risk_bounded_v1_2026-09-28,utility_v2_frozen_2026-09-28,safe_useful_retention_v1_2026-09-28,paper_ssp_200m_moderate_v1,0,300,300.0,B5_nominal,tr_e481a0d054ed_gpu,-14.0806,0.925,0.925,74,1.0,1.0,6,"{""conflicting_task_ownership"": 0, ""duplicate_execution"": 0, ""contradictory_reassignment"": 1, ""incompatible_mission_state"": 1, ""inconsistent_anomaly_state"": 4}",62208,18560,80768,0.7702060221870047,0.3333333333333333,0.6666666666666666,"{""auv_00"": 20.0, ""auv_04"": 40.0, ""auv_02"": 40.0, ""auv_01"": 60.0}",partial,60.0
85424607cd80fc940be0d3f9bf743dcc9e509f91,5a6340cbf29310c0,paper_risk_bounded_v1_2026-09-28,utility_v2_frozen_2026-09-28,safe_useful_retention_v1_2026-09-28,paper_ssp_200m_moderate_v1,0,300,300.0,B5_permissive,tr_e481a0d054ed_gpu,-14.0806,0.925,0.925,74,1.0,1.0,6,"{""conflicting_task_ownership"": 0, ""duplicate_execution"": 0, ""contradictory_reassignment"": 1, ""incompatible_mission_state"": 1, ""inconsistent_anomaly_state"": 4}",62208,18560,80768,0.7702060221870047,0.3333333333333333,0.6666666666666666,"{""auv_00"": 20.0, ""auv_04"": 40.0, ""auv_02"": 40.0, ""auv_01"": 60.0}",partial,60.0
85424607cd80fc940be0d3f9bf743dcc9e509f91,006ec7fe0574a4b5,paper_risk_bounded_v1_2026-09-28,utility_v2_frozen_2026-09-28,safe_useful_retention_v1_2026-09-28,paper_ssp_200m_moderate_v1,0,500,500.0,B1,tr_e481a0d054ed_gpu,47.9189,0.75,0.9850746268656716,66,1.0,1.0,1,"{""conflicting_task_ownership"": 0, ""duplicate_execution"": 0, ""contradictory_reassignment"": 0, ""incompatible_mission_state"": 1, ""inconsistent_anomaly_state"": 0}",54656,23360,78016,0.7005742411812962,0.16666666666666666,0.8333333333333334,"{""auv_00"": 40.0, ""auv_01"": 60.0}",partial,60.0
85424607cd80fc940be0d3f9bf743dcc9e509f91,006ec7fe0574a4b5,paper_risk_bounded_v1_2026-09-28,utility_v2_frozen_2026-09-28,safe_useful_retention_v1_2026-09-28,paper_ssp_200m_moderate_v1,0,500,500.0,B2,tr_e481a0d054ed_gpu,-77.08455,0.9294117647058824,0.9294117647058824,79,1.0,1.0,9,"{""conflicting_task_ownership"": 0, ""duplicate_execution"": 0, ""contradictory_reassignment"": 1, ""incompatible_mission_state"": 4, ""inconsistent_anomaly_state"": 4}",54656,23360,78016,0.7005742411812962,0.16666666666666666,0.8333333333333334,"{""auv_00"": 40.0, ""auv_01"": 60.0}",partial,60.0
85424607cd80fc940be0d3f9bf743dcc9e509f91,006ec7fe0574a4b5,paper_risk_bounded_v1_2026-09-28,utility_v2_frozen_2026-09-28,safe_useful_retention_v1_2026-09-28,paper_ssp_200m_moderate_v1,0,500,500.0,B3,tr_e481a0d054ed_gpu,-30.0456,0.0,0.0,0,0.0,0.0,0,"{""conflicting_task_ownership"": 0, ""duplicate_execution"": 0, ""contradictory_reassignment"": 0, ""incompatible_mission_state"": 0, ""inconsistent_anomaly_state"": 0}",54656,28800,83456,0.6549079754601227,0.16666666666666666,0.8333333333333334,"{""auv_00"": 40.0, ""auv_01"": 60.0}",partial,60.0
85424607cd80fc940be0d3f9bf743dcc9e509f91,006ec7fe0574a4b5,paper_risk_bounded_v1_2026-09-28,utility_v2_frozen_2026-09-28,safe_useful_retention_v1_2026-09-28,paper_ssp_200m_moderate_v1,0,500,500.0,B4,tr_e481a0d054ed_gpu,0.95395,0.0,0.0,0,0.8,0.014336917562724014,1,"{""conflicting_task_ownership"": 0, ""duplicate_execution"": 0, ""contradictory_reassignment"": 1, ""incompatible_mission_state"": 0, ""inconsistent_anomaly_state"": 0}",54656,28800,83456,0.6549079754601227,0.16666666666666666,0.8333333333333334,"{""auv_00"": 40.0, ""auv_01"": 60.0}",partial,60.0
85424607cd80fc940be0d3f9bf743dcc9e509f91,006ec7fe0574a4b5,paper_risk_bounded_v1_2026-09-28,utility_v2_frozen_2026-09-28,safe_useful_retention_v1_2026-09-28,paper_ssp_200m_moderate_v1,0,500,500.0,B5_conservative,tr_e481a0d054ed_gpu,-30.0456,0.0,0.0,0,0.0,0.0,0,"{""conflicting_task_ownership"": 0, ""duplicate_execution"": 0, ""contradictory_reassignment"": 0, ""incompatible_mission_state"": 0, ""inconsistent_anomaly_state"": 0}",54656,28800,83456,0.6549079754601227,0.16666666666666666,0.8333333333333334,"{""auv_00"": 40.0, ""auv_01"": 60.0}",partial,60.0
85424607cd80fc940be0d3f9bf743dcc9e509f91,006ec7fe0574a4b5,paper_risk_bounded_v1_2026-09-28,utility_v2_frozen_2026-09-28,safe_useful_retention_v1_2026-09-28,paper_ssp_200m_moderate_v1,0,500,500.0,B5_nominal,tr_e481a0d054ed_gpu,-77.08455,0.9294117647058824,0.9294117647058824,79,1.0,1.0,9,"{""conflicting_task_ownership"": 0, ""duplicate_execution"": 0, ""contradictory_reassignment"": 1, ""incompatible_mission_state"": 4, ""inconsistent_anomaly_state"": 4}",54656,23360,78016,0.7005742411812962,0.16666666666666666,0.8333333333333334,"{""auv_00"": 40.0, ""auv_01"": 60.0}",partial,60.0
85424607cd80fc940be0d3f9bf743dcc9e509f91,006ec7fe0574a4b5,paper_risk_bounded_v1_2026-09-28,utility_v2_frozen_2026-09-28,safe_useful_retention_v1_2026-09-28,paper_ssp_200m_moderate_v1,0,500,500.0,B5_permissive,tr_e481a0d054ed_gpu,-77.08455,0.9294117647058824,0.9294117647058824,79,1.0,1.0,9,"{""conflicting_task_ownership"": 0, ""duplicate_execution"": 0, ""contradictory_reassignment"": 1, ""incompatible_mission_state"": 4, ""inconsistent_anomaly_state"": 4}",54656,23360,78016,0.7005742411812962,0.16666666666666666,0.8333333333333334,"{""auv_00"": 40.0, ""auv_01"": 60.0}",partial,60.0
85424607cd80fc940be0d3f9bf743dcc9e509f91,49cf071e2ea04905,paper_risk_bounded_v1_2026-09-28,utility_v2_frozen_2026-09-28,safe_useful_retention_v1_2026-09-28,paper_ssp_200m_moderate_v1,0,750,750.0,B1,tr_e481a0d054ed_gpu,47.9192,0.7252747252747253,0.9850746268656716,66,1.0,1.0,1,"{""conflicting_task_ownership"": 0, ""duplicate_execution"": 0, ""contradictory_reassignment"": 0, ""incompatible_mission_state"": 1, ""inconsistent_anomaly_state"": 0}",49408,29600,79008,0.625354394491697,0.25,0.75,"{""auv_00"": 20.0, ""auv_02"": 20.0, ""auv_03"": 40.0}",partial,40.0
85424607cd80fc940be0d3f9bf743dcc9e509f91,49cf071e2ea04905,paper_risk_bounded_v1_2026-09-28,utility_v2_frozen_2026-09-28,safe_useful_retention_v1_2026-09-28,paper_ssp_200m_moderate_v1,0,750,750.0,B2,tr_e481a0d054ed_gpu,-77.08455,0.9294117647058824,0.9294117647058824,79,1.0,1.0,9,"{""conflicting_task_ownership"": 0, ""duplicate_execution"": 0, ""contradictory_reassignment"": 1, ""incompatible_mission_state"": 4, ""inconsistent_anomaly_state"": 4}",49408,29600,79008,0.625354394491697,0.25,0.75,"{""auv_00"": 20.0, ""auv_02"": 20.0, ""auv_03"": 40.0}",partial,40.0
85424607cd80fc940be0d3f9bf743dcc9e509f91,49cf071e2ea04905,paper_risk_bounded_v1_2026-09-28,utility_v2_frozen_2026-09-28,safe_useful_retention_v1_2026-09-28,paper_ssp_200m_moderate_v1,0,750,750.0,B3,tr_e481a0d054ed_gpu,-30.0453,0.0,0.0,0,0.0,0.0,0,"{""conflicting_task_ownership"": 0, ""duplicate_execution"": 0, ""contradictory_reassignment"": 0, ""incompatible_mission_state"": 0, ""inconsistent_anomaly_state"": 0}",49408,35040,84448,0.5850701023114816,0.25,0.75,"{""auv_02"": 20.0, ""auv_00"": 20.0, ""auv_03"": 40.0}",partial,40.0
85424607cd80fc940be0d3f9bf743dcc9e509f91,49cf071e2ea04905,paper_risk_bounded_v1_2026-09-28,utility_v2_frozen_2026-09-28,safe_useful_retention_v1_2026-09-28,paper_ssp_200m_moderate_v1,0,750,750.0,B4,tr_e481a0d054ed_gpu,0.95425,0.0,0.0,0,0.8,0.014336917562724014,1,"{""conflicting_task_ownership"": 0, ""duplicate_execution"": 0, ""contradictory_reassignment"": 1, ""incompatible_mission_state"": 0, ""inconsistent_anomaly_state"": 0}",49408,35040,84448,0.5850701023114816,0.25,0.75,"{""auv_02"": 20.0, ""auv_00"": 20.0, ""auv_03"": 40.0}",partial,40.0
85424607cd80fc940be0d3f9bf743dcc9e509f91,49cf071e2ea04905,paper_risk_bounded_v1_2026-09-28,utility_v2_frozen_2026-09-28,safe_useful_retention_v1_2026-09-28,paper_ssp_200m_moderate_v1,0,750,750.0,B5_conservative,tr_e481a0d054ed_gpu,-30.0453,0.0,0.0,0,0.0,0.0,0,"{""conflicting_task_ownership"": 0, ""duplicate_execution"": 0, ""contradictory_reassignment"": 0, ""incompatible_mission_state"": 0, ""inconsistent_anomaly_state"": 0}",49408,35040,84448,0.5850701023114816,0.25,0.75,"{""auv_02"": 20.0, ""auv_00"": 20.0, ""auv_03"": 40.0}",partial,40.0
85424607cd80fc940be0d3f9bf743dcc9e509f91,49cf071e2ea04905,paper_risk_bounded_v1_2026-09-28,utility_v2_frozen_2026-09-28,safe_useful_retention_v1_2026-09-28,paper_ssp_200m_moderate_v1,0,750,750.0,B5_nominal,tr_e481a0d054ed_gpu,-77.08455,0.9294117647058824,0.9294117647058824,79,1.0,1.0,9,"{""conflicting_task_ownership"": 0, ""duplicate_execution"": 0, ""contradictory_reassignment"": 1, ""incompatible_mission_state"": 4, ""inconsistent_anomaly_state"": 4}",49408,29600,79008,0.625354394491697,0.25,0.75,"{""auv_02"": 20.0, ""auv_00"": 20.0, ""auv_03"": 40.0}",partial,40.0
85424607cd80fc940be0d3f9bf743dcc9e509f91,49cf071e2ea04905,paper_risk_bounded_v1_2026-09-28,utility_v2_frozen_2026-09-28,safe_useful_retention_v1_2026-09-28,paper_ssp_200m_moderate_v1,0,750,750.0,B5_permissive,tr_e481a0d054ed_gpu,-77.08455,0.9294117647058824,0.9294117647058824,79,1.0,1.0,9,"{""conflicting_task_ownership"": 0, ""duplicate_execution"": 0, ""contradictory_reassignment"": 1, ""incompatible_mission_state"": 4, ""inconsistent_anomaly_state"": 4}",49408,29600,79008,0.625354394491697,0.25,0.75,"{""auv_00"": 20.0, ""auv_02"": 20.0, ""auv_03"": 40.0}",partial,40.0
85424607cd80fc940be0d3f9bf743dcc9e509f91,c56d5cd97ffb25a8,paper_risk_bounded_v1_2026-09-28,utility_v2_frozen_2026-09-28,safe_useful_retention_v1_2026-09-28,paper_ssp_200m_moderate_v1,0,1000,1000.0,B1,tr_e481a0d054ed_gpu,47.9229,0.6666666666666666,0.9850746268656716,66,1.0,1.0,1,"{""conflicting_task_ownership"": 0, ""duplicate_execution"": 0, ""contradictory_reassignment"": 0, ""incompatible_mission_state"": 1, ""inconsistent_anomaly_state"": 0}",43904,35360,79264,0.5538958417440453,0.25,0.75,"{""auv_02"": 40.0, ""auv_00"": 60.0, ""auv_01"": 60.0}",partial,60.0
85424607cd80fc940be0d3f9bf743dcc9e509f91,c56d5cd97ffb25a8,paper_risk_bounded_v1_2026-09-28,utility_v2_frozen_2026-09-28,safe_useful_retention_v1_2026-09-28,paper_ssp_200m_moderate_v1,0,1000,1000.0,B2,tr_e481a0d054ed_gpu,-117.08815,0.9325842696629213,0.9325842696629213,83,1.0,1.0,9,"{""conflicting_task_ownership"": 0, ""duplicate_execution"": 0, ""contradictory_reassignment"": 1, ""incompatible_mission_state"": 4, ""inconsistent_anomaly_state"": 4}",43904,35360,79264,0.5538958417440453,0.25,0.75,"{""auv_02"": 40.0, ""auv_00"": 60.0, ""auv_01"": 60.0}",partial,60.0
85424607cd80fc940be0d3f9bf743dcc9e509f91,c56d5cd97ffb25a8,paper_risk_bounded_v1_2026-09-28,utility_v2_frozen_2026-09-28,safe_useful_retention_v1_2026-09-28,paper_ssp_200m_moderate_v1,0,1000,1000.0,B3,tr_e481a0d054ed_gpu,-30.0449,0.0,0.0,0,0.0,0.0,0,"{""conflicting_task_ownership"": 0, ""duplicate_execution"": 0, ""contradictory_reassignment"": 0, ""incompatible_mission_state"": 0, ""inconsistent_anomaly_state"": 0}",43904,40800,84704,0.5183226293917642,0.25,0.75,"{""auv_02"": 40.0, ""auv_00"": 60.0, ""auv_01"": 60.0}",partial,60.0
85424607cd80fc940be0d3f9bf743dcc9e509f91,c56d5cd97ffb25a8,paper_risk_bounded_v1_2026-09-28,utility_v2_frozen_2026-09-28,safe_useful_retention_v1_2026-09-28,paper_ssp_200m_moderate_v1,0,1000,1000.0,B4,tr_e481a0d054ed_gpu,0.9551499999999999,0.0,0.0,0,0.8,0.014492753623188406,1,"{""conflicting_task_ownership"": 0, ""duplicate_execution"": 0, ""contradictory_reassignment"": 1, ""incompatible_mission_state"": 0, ""inconsistent_anomaly_state"": 0}",43904,40800,84704,0.5183226293917642,0.25,0.75,"{""auv_02"": 40.0, ""auv_00"": 60.0, ""auv_01"": 60.0}",partial,60.0
85424607cd80fc940be0d3f9bf743dcc9e509f91,c56d5cd97ffb25a8,paper_risk_bounded_v1_2026-09-28,utility_v2_frozen_2026-09-28,safe_useful_retention_v1_2026-09-28,paper_ssp_200m_moderate_v1,0,1000,1000.0,B5_conservative,tr_e481a0d054ed_gpu,-30.0449,0.0,0.0,0,0.0,0.0,0,"{""conflicting_task_ownership"": 0, ""duplicate_execution"": 0, ""contradictory_reassignment"": 0, ""incompatible_mission_state"": 0, ""inconsistent_anomaly_state"": 0}",43904,40800,84704,0.5183226293917642,0.25,0.75,"{""auv_02"": 40.0, ""auv_00"": 60.0, ""auv_01"": 60.0}",partial,60.0
85424607cd80fc940be0d3f9bf743dcc9e509f91,c56d5cd97ffb25a8,paper_risk_bounded_v1_2026-09-28,utility_v2_frozen_2026-09-28,safe_useful_retention_v1_2026-09-28,paper_ssp_200m_moderate_v1,0,1000,1000.0,B5_nominal,tr_e481a0d054ed_gpu,-117.08815,0.9325842696629213,0.9325842696629213,83,1.0,1.0,9,"{""conflicting_task_ownership"": 0, ""duplicate_execution"": 0, ""contradictory_reassignment"": 1, ""incompatible_mission_state"": 4, ""inconsistent_anomaly_state"": 4}",43904,35360,79264,0.5538958417440453,0.25,0.75,"{""auv_02"": 40.0, ""auv_01"": 60.0, ""auv_00"": 60.0}",partial,60.0
85424607cd80fc940be0d3f9bf743dcc9e509f91,c56d5cd97ffb25a8,paper_risk_bounded_v1_2026-09-28,utility_v2_frozen_2026-09-28,safe_useful_retention_v1_2026-09-28,paper_ssp_200m_moderate_v1,0,1000,1000.0,B5_permissive,tr_e481a0d054ed_gpu,-117.08815,0.9325842696629213,0.9325842696629213,83,1.0,1.0,9,"{""conflicting_task_ownership"": 0, ""duplicate_execution"": 0, ""contradictory_reassignment"": 1, ""incompatible_mission_state"": 4, ""inconsistent_anomaly_state"": 4}",43904,35360,79264,0.5538958417440453,0.25,0.75,"{""auv_02"": 40.0, ""auv_01"": 60.0, ""auv_00"": 60.0}",partial,60.0
85424607cd80fc940be0d3f9bf743dcc9e509f91,d92270e00adfeed2,paper_risk_bounded_v1_2026-09-28,utility_v2_frozen_2026-09-28,safe_useful_retention_v1_2026-09-28,paper_ssp_200m_moderate_v1,1,0,0.0,B1,tr_a88224c7b787_gpu,47.9171,0.9857142857142858,0.9857142857142858,69,1.0,1.0,1,"{""conflicting_task_ownership"": 0, ""duplicate_execution"": 0, ""contradictory_reassignment"": 0, ""incompatible_mission_state"": 1, ""inconsistent_anomaly_state"": 0}",62464,11360,73824,0.8461205028175119,,,{},idle,0.0
85424607cd80fc940be0d3f9bf743dcc9e509f91,d92270e00adfeed2,paper_risk_bounded_v1_2026-09-28,utility_v2_frozen_2026-09-28,safe_useful_retention_v1_2026-09-28,paper_ssp_200m_moderate_v1,1,0,0.0,B2,tr_a88224c7b787_gpu,47.9171,0.9857142857142858,0.9857142857142858,69,1.0,1.0,1,"{""conflicting_task_ownership"": 0, ""duplicate_execution"": 0, ""contradictory_reassignment"": 0, ""incompatible_mission_state"": 1, ""inconsistent_anomaly_state"": 0}",62464,11360,73824,0.8461205028175119,,,{},idle,0.0
85424607cd80fc940be0d3f9bf743dcc9e509f91,d92270e00adfeed2,paper_risk_bounded_v1_2026-09-28,utility_v2_frozen_2026-09-28,safe_useful_retention_v1_2026-09-28,paper_ssp_200m_moderate_v1,1,0,0.0,B3,tr_a88224c7b787_gpu,-30.0462,0.0,0.0,0,0.0,0.0,0,"{""conflicting_task_ownership"": 0, ""duplicate_execution"": 0, ""contradictory_reassignment"": 0, ""incompatible_mission_state"": 0, ""inconsistent_anomaly_state"": 0}",62464,16800,79264,0.7880500605571256,,,{},idle,0.0
85424607cd80fc940be0d3f9bf743dcc9e509f91,d92270e00adfeed2,paper_risk_bounded_v1_2026-09-28,utility_v2_frozen_2026-09-28,safe_useful_retention_v1_2026-09-28,paper_ssp_200m_moderate_v1,1,0,0.0,B4,tr_a88224c7b787_gpu,-18.0462,0.0,0.0,0,1.0,0.0035714285714285713,0,"{""conflicting_task_ownership"": 0, ""duplicate_execution"": 0, ""contradictory_reassignment"": 0, ""incompatible_mission_state"": 0, ""inconsistent_anomaly_state"": 0}",62464,16800,79264,0.7880500605571256,,,{},idle,0.0
85424607cd80fc940be0d3f9bf743dcc9e509f91,d92270e00adfeed2,paper_risk_bounded_v1_2026-09-28,utility_v2_frozen_2026-09-28,safe_useful_retention_v1_2026-09-28,paper_ssp_200m_moderate_v1,1,0,0.0,B5_conservative,tr_a88224c7b787_gpu,-30.0462,0.0,0.0,0,0.0,0.0,0,"{""conflicting_task_ownership"": 0, ""duplicate_execution"": 0, ""contradictory_reassignment"": 0, ""incompatible_mission_state"": 0, ""inconsistent_anomaly_state"": 0}",62464,16800,79264,0.7880500605571256,,,{},idle,0.0
85424607cd80fc940be0d3f9bf743dcc9e509f91,d92270e00adfeed2,paper_risk_bounded_v1_2026-09-28,utility_v2_frozen_2026-09-28,safe_useful_retention_v1_2026-09-28,paper_ssp_200m_moderate_v1,1,0,0.0,B5_nominal,tr_a88224c7b787_gpu,47.9171,0.9857142857142858,0.9857142857142858,69,1.0,1.0,1,"{""conflicting_task_ownership"": 0, ""duplicate_execution"": 0, ""contradictory_reassignment"": 0, ""incompatible_mission_state"": 1, ""inconsistent_anomaly_state"": 0}",62464,11360,73824,0.8461205028175119,,,{},idle,0.0
85424607cd80fc940be0d3f9bf743dcc9e509f91,d92270e00adfeed2,paper_risk_bounded_v1_2026-09-28,utility_v2_frozen_2026-09-28,safe_useful_retention_v1_2026-09-28,paper_ssp_200m_moderate_v1,1,0,0.0,B5_permissive,tr_a88224c7b787_gpu,47.9171,0.9857142857142858,0.9857142857142858,69,1.0,1.0,1,"{""conflicting_task_ownership"": 0, ""duplicate_execution"": 0, ""contradictory_reassignment"": 0, ""incompatible_mission_state"": 1, ""inconsistent_anomaly_state"": 0}",62464,11360,73824,0.8461205028175119,,,{},idle,0.0
85424607cd80fc940be0d3f9bf743dcc9e509f91,aa297146beb71642,paper_risk_bounded_v1_2026-09-28,utility_v2_frozen_2026-09-28,safe_useful_retention_v1_2026-09-28,paper_ssp_200m_moderate_v1,1,150,150.0,B1,tr_a88224c7b787_gpu,47.9177,0.868421052631579,0.9850746268656716,66,1.0,1.0,1,"{""conflicting_task_ownership"": 0, ""duplicate_execution"": 0, ""contradictory_reassignment"": 0, ""incompatible_mission_state"": 1, ""inconsistent_anomaly_state"": 0}",62464,15200,77664,0.8042851256695509,0.16666666666666666,0.8333333333333334,"{""auv_00"": 20.0, ""auv_01"": 40.0}",partial,40.0
85424607cd80fc940be0d3f9bf743dcc9e509f91,aa297146beb71642,paper_risk_bounded_v1_2026-09-28,utility_v2_frozen_2026-09-28,safe_useful_retention_v1_2026-09-28,paper_ssp_200m_moderate_v1,1,150,150.0,B2,tr_a88224c7b787_gpu,41.923,0.9210526315789473,0.9210526315789473,70,1.0,1.0,2,"{""conflicting_task_ownership"": 0, ""duplicate_execution"": 0, ""contradictory_reassignment"": 1, ""incompatible_mission_state"": 1, ""inconsistent_anomaly_state"": 0}",62464,15200,77664,0.8042851256695509,0.16666666666666666,0.8333333333333334,"{""auv_00"": 20.0, ""auv_01"": 40.0}",partial,40.0
85424607cd80fc940be0d3f9bf743dcc9e509f91,aa297146beb71642,paper_risk_bounded_v1_2026-09-28,utility_v2_frozen_2026-09-28,safe_useful_retention_v1_2026-09-28,paper_ssp_200m_moderate_v1,1,150,150.0,B3,tr_a88224c7b787_gpu,-30.046,0.0,0.0,0,0.0,0.0,0,"{""conflicting_task_ownership"": 0, ""duplicate_execution"": 0, ""contradictory_reassignment"": 0, ""incompatible_mission_state"": 0, ""inconsistent_anomaly_state"": 0}",62464,20640,83104,0.751636503658067,0.16666666666666666,0.8333333333333334,"{""auv_00"": 20.0, ""auv_01"": 40.0}",partial,40.0
85424607cd80fc940be0d3f9bf743dcc9e509f91,aa297146beb71642,paper_risk_bounded_v1_2026-09-28,utility_v2_frozen_2026-09-28,safe_useful_retention_v1_2026-09-28,paper_ssp_200m_moderate_v1,1,150,150.0,B4,tr_a88224c7b787_gpu,0.95355,0.0,0.0,0,0.8,0.014234875444839857,1,"{""conflicting_task_ownership"": 0, ""duplicate_execution"": 0, ""contradictory_reassignment"": 1, ""incompatible_mission_state"": 0, ""inconsistent_anomaly_state"": 0}",62464,20640,83104,0.751636503658067,0.16666666666666666,0.8333333333333334,"{""auv_00"": 20.0, ""auv_01"": 40.0}",partial,40.0
85424607cd80fc940be0d3f9bf743dcc9e509f91,aa297146beb71642,paper_risk_bounded_v1_2026-09-28,utility_v2_frozen_2026-09-28,safe_useful_retention_v1_2026-09-28,paper_ssp_200m_moderate_v1,1,150,150.0,B5_conservative,tr_a88224c7b787_gpu,-30.046,0.0,0.0,0,0.0,0.0,0,"{""conflicting_task_ownership"": 0, ""duplicate_execution"": 0, ""contradictory_reassignment"": 0, ""incompatible_mission_state"": 0, ""inconsistent_anomaly_state"": 0}",62464,20640,83104,0.751636503658067,0.16666666666666666,0.8333333333333334,"{""auv_00"": 20.0, ""auv_01"": 40.0}",partial,40.0
85424607cd80fc940be0d3f9bf743dcc9e509f91,aa297146beb71642,paper_risk_bounded_v1_2026-09-28,utility_v2_frozen_2026-09-28,safe_useful_retention_v1_2026-09-28,paper_ssp_200m_moderate_v1,1,150,150.0,B5_nominal,tr_a88224c7b787_gpu,41.923,0.9210526315789473,0.9210526315789473,70,1.0,1.0,2,"{""conflicting_task_ownership"": 0, ""duplicate_execution"": 0, ""contradictory_reassignment"": 1, ""incompatible_mission_state"": 1, ""inconsistent_anomaly_state"": 0}",62464,15200,77664,0.8042851256695509,0.16666666666666666,0.8333333333333334,"{""auv_00"": 20.0, ""auv_01"": 40.0}",partial,40.0
85424607cd80fc940be0d3f9bf743dcc9e509f91,aa297146beb71642,paper_risk_bounded_v1_2026-09-28,utility_v2_frozen_2026-09-28,safe_useful_retention_v1_2026-09-28,paper_ssp_200m_moderate_v1,1,150,150.0,B5_permissive,tr_a88224c7b787_gpu,41.923,0.9210526315789473,0.9210526315789473,70,1.0,1.0,2,"{""conflicting_task_ownership"": 0, ""duplicate_execution"": 0, ""contradictory_reassignment"": 1, ""incompatible_mission_state"": 1, ""inconsistent_anomaly_state"": 0}",62464,15200,77664,0.8042851256695509,0.16666666666666666,0.8333333333333334,"{""auv_00"": 20.0, ""auv_01"": 40.0}",partial,40.0
85424607cd80fc940be0d3f9bf743dcc9e509f91,03542f7fdb6ed3bc,paper_risk_bounded_v1_2026-09-28,utility_v2_frozen_2026-09-28,safe_useful_retention_v1_2026-09-28,paper_ssp_200m_moderate_v1,1,300,300.0,B1,tr_a88224c7b787_gpu,47.9183,0.8170731707317073,0.9852941176470589,67,1.0,1.0,1,"{""conflicting_task_ownership"": 0, ""duplicate_execution"": 0, ""contradictory_reassignment"": 0, ""incompatible_mission_state"": 1, ""inconsistent_anomaly_state"": 0}",62208,18560,80768,0.7702060221870047,0.3333333333333333,0.6666666666666666,"{""auv_00"": 20.0, ""auv_04"": 40.0, ""auv_02"": 40.0, ""auv_01"": 60.0}",partial,60.0
85424607cd80fc940be0d3f9bf743dcc9e509f91,03542f7fdb6ed3bc,paper_risk_bounded_v1_2026-09-28,utility_v2_frozen_2026-09-28,safe_useful_retention_v1_2026-09-28,paper_ssp_200m_moderate_v1,1,300,300.0,B2,tr_a88224c7b787_gpu,-14.0806,0.925,0.925,74,1.0,1.0,6,"{""conflicting_task_ownership"": 0, ""duplicate_execution"": 0, ""contradictory_reassignment"": 1, ""incompatible_mission_state"": 1, ""inconsistent_anomaly_state"": 4}",62208,18560,80768,0.7702060221870047,0.3333333333333333,0.6666666666666666,"{""auv_00"": 20.0, ""auv_02"": 40.0, ""auv_04"": 40.0, ""auv_01"": 60.0}",partial,60.0
85424607cd80fc940be0d3f9bf743dcc9e509f91,03542f7fdb6ed3bc,paper_risk_bounded_v1_2026-09-28,utility_v2_frozen_2026-09-28,safe_useful_retention_v1_2026-09-28,paper_ssp_200m_moderate_v1,1,300,300.0,B3,tr_a88224c7b787_gpu,-30.0458,0.0,0.0,0,0.0,0.0,0,"{""conflicting_task_ownership"": 0, ""duplicate_execution"": 0, ""contradictory_reassignment"": 0, ""incompatible_mission_state"": 0, ""inconsistent_anomaly_state"": 0}",62208,24000,86208,0.7216035634743875,0.3333333333333333,0.6666666666666666,"{""auv_00"": 20.0, ""auv_02"": 40.0, ""auv_04"": 40.0, ""auv_01"": 60.0}",partial,60.0
85424607cd80fc940be0d3f9bf743dcc9e509f91,03542f7fdb6ed3bc,paper_risk_bounded_v1_2026-09-28,utility_v2_frozen_2026-09-28,safe_useful_retention_v1_2026-09-28,paper_ssp_200m_moderate_v1,1,300,300.0,B4,tr_a88224c7b787_gpu,0.95375,0.0,0.0,0,0.8,0.014184397163120567,1,"{""conflicting_task_ownership"": 0, ""duplicate_execution"": 0, ""contradictory_reassignment"": 1, ""incompatible_mission_state"": 0, ""inconsistent_anomaly_state"": 0}",62208,24000,86208,0.7216035634743875,0.3333333333333333,0.6666666666666666,"{""auv_00"": 20.0, ""auv_02"": 40.0, ""auv_04"": 40.0, ""auv_01"": 60.0}",partial,60.0
85424607cd80fc940be0d3f9bf743dcc9e509f91,03542f7fdb6ed3bc,paper_risk_bounded_v1_2026-09-28,utility_v2_frozen_2026-09-28,safe_useful_retention_v1_2026-09-28,paper_ssp_200m_moderate_v1,1,300,300.0,B5_conservative,tr_a88224c7b787_gpu,-30.0458,0.0,0.0,0,0.0,0.0,0,"{""conflicting_task_ownership"": 0, ""duplicate_execution"": 0, ""contradictory_reassignment"": 0, ""incompatible_mission_state"": 0, ""inconsistent_anomaly_state"": 0}",62208,24000,86208,0.7216035634743875,0.3333333333333333,0.6666666666666666,"{""auv_00"": 20.0, ""auv_04"": 40.0, ""auv_02"": 40.0, ""auv_01"": 60.0}",partial,60.0
85424607cd80fc940be0d3f9bf743dcc9e509f91,03542f7fdb6ed3bc,paper_risk_bounded_v1_2026-09-28,utility_v2_frozen_2026-09-28,safe_useful_retention_v1_2026-09-28,paper_ssp_200m_moderate_v1,1,300,300.0,B5_nominal,tr_a88224c7b787_gpu,-14.0806,0.925,0.925,74,1.0,1.0,6,"{""conflicting_task_ownership"": 0, ""duplicate_execution"": 0, ""contradictory_reassignment"": 1, ""incompatible_mission_state"": 1, ""inconsistent_anomaly_state"": 4}",62208,18560,80768,0.7702060221870047,0.3333333333333333,0.6666666666666666,"{""auv_00"": 20.0, ""auv_04"": 40.0, ""auv_02"": 40.0, ""auv_01"": 60.0}",partial,60.0
85424607cd80fc940be0d3f9bf743dcc9e509f91,03542f7fdb6ed3bc,paper_risk_bounded_v1_2026-09-28,utility_v2_frozen_2026-09-28,safe_useful_retention_v1_2026-09-28,paper_ssp_200m_moderate_v1,1,300,300.0,B5_permissive,tr_a88224c7b787_gpu,-14.0806,0.925,0.925,74,1.0,1.0,6,"{""conflicting_task_ownership"": 0, ""duplicate_execution"": 0, ""contradictory_reassignment"": 1, ""incompatible_mission_state"": 1, ""inconsistent_anomaly_state"": 4}",62208,18560,80768,0.7702060221870047,0.3333333333333333,0.6666666666666666,"{""auv_00"": 20.0, ""auv_04"": 40.0, ""auv_02"": 40.0, ""auv_01"": 60.0}",partial,60.0
85424607cd80fc940be0d3f9bf743dcc9e509f91,f075e2f9a12b92d3,paper_risk_bounded_v1_2026-09-28,utility_v2_frozen_2026-09-28,safe_useful_retention_v1_2026-09-28,paper_ssp_200m_moderate_v1,1,500,500.0,B1,tr_a88224c7b787_gpu,47.9189,0.75,0.9850746268656716,66,1.0,1.0,1,"{""conflicting_task_ownership"": 0, ""duplicate_execution"": 0, ""contradictory_reassignment"": 0, ""incompatible_mission_state"": 1, ""inconsistent_anomaly_state"": 0}",55040,23360,78400,0.7020408163265306,0.16666666666666666,0.8333333333333334,"{""auv_00"": 40.0, ""auv_01"": 60.0}",partial,60.0
85424607cd80fc940be0d3f9bf743dcc9e509f91,f075e2f9a12b92d3,paper_risk_bounded_v1_2026-09-28,utility_v2_frozen_2026-09-28,safe_useful_retention_v1_2026-09-28,paper_ssp_200m_moderate_v1,1,500,500.0,B2,tr_a88224c7b787_gpu,-77.08455,0.9294117647058824,0.9294117647058824,79,1.0,1.0,9,"{""conflicting_task_ownership"": 0, ""duplicate_execution"": 0, ""contradictory_reassignment"": 1, ""incompatible_mission_state"": 4, ""inconsistent_anomaly_state"": 4}",55040,23360,78400,0.7020408163265306,0.16666666666666666,0.8333333333333334,"{""auv_00"": 40.0, ""auv_01"": 60.0}",partial,60.0
85424607cd80fc940be0d3f9bf743dcc9e509f91,f075e2f9a12b92d3,paper_risk_bounded_v1_2026-09-28,utility_v2_frozen_2026-09-28,safe_useful_retention_v1_2026-09-28,paper_ssp_200m_moderate_v1,1,500,500.0,B3,tr_a88224c7b787_gpu,-30.0456,0.0,0.0,0,0.0,0.0,0,"{""conflicting_task_ownership"": 0, ""duplicate_execution"": 0, ""contradictory_reassignment"": 0, ""incompatible_mission_state"": 0, ""inconsistent_anomaly_state"": 0}",55040,28800,83840,0.6564885496183206,0.16666666666666666,0.8333333333333334,"{""auv_00"": 40.0, ""auv_01"": 60.0}",partial,60.0
85424607cd80fc940be0d3f9bf743dcc9e509f91,f075e2f9a12b92d3,paper_risk_bounded_v1_2026-09-28,utility_v2_frozen_2026-09-28,safe_useful_retention_v1_2026-09-28,paper_ssp_200m_moderate_v1,1,500,500.0,B4,tr_a88224c7b787_gpu,0.95395,0.0,0.0,0,0.8,0.014336917562724014,1,"{""conflicting_task_ownership"": 0, ""duplicate_execution"": 0, ""contradictory_reassignment"": 1, ""incompatible_mission_state"": 0, ""inconsistent_anomaly_state"": 0}",55040,28800,83840,0.6564885496183206,0.16666666666666666,0.8333333333333334,"{""auv_00"": 40.0, ""auv_01"": 60.0}",partial,60.0
85424607cd80fc940be0d3f9bf743dcc9e509f91,f075e2f9a12b92d3,paper_risk_bounded_v1_2026-09-28,utility_v2_frozen_2026-09-28,safe_useful_retention_v1_2026-09-28,paper_ssp_200m_moderate_v1,1,500,500.0,B5_conservative,tr_a88224c7b787_gpu,-30.0456,0.0,0.0,0,0.0,0.0,0,"{""conflicting_task_ownership"": 0, ""duplicate_execution"": 0, ""contradictory_reassignment"": 0, ""incompatible_mission_state"": 0, ""inconsistent_anomaly_state"": 0}",55040,28800,83840,0.6564885496183206,0.16666666666666666,0.8333333333333334,"{""auv_00"": 40.0, ""auv_01"": 60.0}",partial,60.0
85424607cd80fc940be0d3f9bf743dcc9e509f91,f075e2f9a12b92d3,paper_risk_bounded_v1_2026-09-28,utility_v2_frozen_2026-09-28,safe_useful_retention_v1_2026-09-28,paper_ssp_200m_moderate_v1,1,500,500.0,B5_nominal,tr_a88224c7b787_gpu,-77.08455,0.9294117647058824,0.9294117647058824,79,1.0,1.0,9,"{""conflicting_task_ownership"": 0, ""duplicate_execution"": 0, ""contradictory_reassignment"": 1, ""incompatible_mission_state"": 4, ""inconsistent_anomaly_state"": 4}",55040,23360,78400,0.7020408163265306,0.16666666666666666,0.8333333333333334,"{""auv_00"": 40.0, ""auv_01"": 60.0}",partial,60.0
85424607cd80fc940be0d3f9bf743dcc9e509f91,f075e2f9a12b92d3,paper_risk_bounded_v1_2026-09-28,utility_v2_frozen_2026-09-28,safe_useful_retention_v1_2026-09-28,paper_ssp_200m_moderate_v1,1,500,500.0,B5_permissive,tr_a88224c7b787_gpu,-77.08455,0.9294117647058824,0.9294117647058824,79,1.0,1.0,9,"{""conflicting_task_ownership"": 0, ""duplicate_execution"": 0, ""contradictory_reassignment"": 1, ""incompatible_mission_state"": 4, ""inconsistent_anomaly_state"": 4}",55040,23360,78400,0.7020408163265306,0.16666666666666666,0.8333333333333334,"{""auv_00"": 40.0, ""auv_01"": 60.0}",partial,60.0
85424607cd80fc940be0d3f9bf743dcc9e509f91,18edf7e585e6b65e,paper_risk_bounded_v1_2026-09-28,utility_v2_frozen_2026-09-28,safe_useful_retention_v1_2026-09-28,paper_ssp_200m_moderate_v1,1,750,750.0,B1,tr_a88224c7b787_gpu,47.9192,0.7252747252747253,0.9850746268656716,66,1.0,1.0,1,"{""conflicting_task_ownership"": 0, ""duplicate_execution"": 0, ""contradictory_reassignment"": 0, ""incompatible_mission_state"": 1, ""inconsistent_anomaly_state"": 0}",50176,29600,79776,0.6289610910549539,0.3333333333333333,0.6666666666666666,"{""auv_02"": 20.0, ""auv_00"": 20.0, ""auv_03"": 40.0, ""auv_01"": 60.0}",partial,60.0
85424607cd80fc940be0d3f9bf743dcc9e509f91,18edf7e585e6b65e,paper_risk_bounded_v1_2026-09-28,utility_v2_frozen_2026-09-28,safe_useful_retention_v1_2026-09-28,paper_ssp_200m_moderate_v1,1,750,750.0,B2,tr_a88224c7b787_gpu,-77.08455,0.9294117647058824,0.9294117647058824,79,1.0,1.0,9,"{""conflicting_task_ownership"": 0, ""duplicate_execution"": 0, ""contradictory_reassignment"": 1, ""incompatible_mission_state"": 4, ""inconsistent_anomaly_state"": 4}",50176,29600,79776,0.6289610910549539,0.3333333333333333,0.6666666666666666,"{""auv_00"": 20.0, ""auv_02"": 20.0, ""auv_03"": 40.0, ""auv_01"": 60.0}",partial,60.0
85424607cd80fc940be0d3f9bf743dcc9e509f91,18edf7e585e6b65e,paper_risk_bounded_v1_2026-09-28,utility_v2_frozen_2026-09-28,safe_useful_retention_v1_2026-09-28,paper_ssp_200m_moderate_v1,1,750,750.0,B3,tr_a88224c7b787_gpu,-30.0453,0.0,0.0,0,0.0,0.0,0,"{""conflicting_task_ownership"": 0, ""duplicate_execution"": 0, ""contradictory_reassignment"": 0, ""incompatible_mission_state"": 0, ""inconsistent_anomaly_state"": 0}",50176,35040,85216,0.588809613218175,0.3333333333333333,0.6666666666666666,"{""auv_00"": 20.0, ""auv_02"": 20.0, ""auv_03"": 40.0, ""auv_01"": 60.0}",partial,60.0
85424607cd80fc940be0d3f9bf743dcc9e509f91,18edf7e585e6b65e,paper_risk_bounded_v1_2026-09-28,utility_v2_frozen_2026-09-28,safe_useful_retention_v1_2026-09-28,paper_ssp_200m_moderate_v1,1,750,750.0,B4,tr_a88224c7b787_gpu,0.95425,0.0,0.0,0,0.8,0.014336917562724014,1,"{""conflicting_task_ownership"": 0, ""duplicate_execution"": 0, ""contradictory_reassignment"": 1, ""incompatible_mission_state"": 0, ""inconsistent_anomaly_state"": 0}",50176,35040,85216,0.588809613218175,0.3333333333333333,0.6666666666666666,"{""auv_00"": 20.0, ""auv_02"": 20.0, ""auv_03"": 40.0, ""auv_01"": 60.0}",partial,60.0
85424607cd80fc940be0d3f9bf743dcc9e509f91,18edf7e585e6b65e,paper_risk_bounded_v1_2026-09-28,utility_v2_frozen_2026-09-28,safe_useful_retention_v1_2026-09-28,paper_ssp_200m_moderate_v1,1,750,750.0,B5_conservative,tr_a88224c7b787_gpu,-30.0453,0.0,0.0,0,0.0,0.0,0,"{""conflicting_task_ownership"": 0, ""duplicate_execution"": 0, ""contradictory_reassignment"": 0, ""incompatible_mission_state"": 0, ""inconsistent_anomaly_state"": 0}",50176,35040,85216,0.588809613218175,0.3333333333333333,0.6666666666666666,"{""auv_02"": 20.0, ""auv_00"": 20.0, ""auv_03"": 40.0, ""auv_01"": 60.0}",partial,60.0
85424607cd80fc940be0d3f9bf743dcc9e509f91,18edf7e585e6b65e,paper_risk_bounded_v1_2026-09-28,utility_v2_frozen_2026-09-28,safe_useful_retention_v1_2026-09-28,paper_ssp_200m_moderate_v1,1,750,750.0,B5_nominal,tr_a88224c7b787_gpu,-77.08455,0.9294117647058824,0.9294117647058824,79,1.0,1.0,9,"{""conflicting_task_ownership"": 0, ""duplicate_execution"": 0, ""contradictory_reassignment"": 1, ""incompatible_mission_state"": 4, ""inconsistent_anomaly_state"": 4}",50176,29600,79776,0.6289610910549539,0.3333333333333333,0.6666666666666666,"{""auv_02"": 20.0, ""auv_00"": 20.0, ""auv_03"": 40.0, ""auv_01"": 60.0}",partial,60.0
85424607cd80fc940be0d3f9bf743dcc9e509f91,18edf7e585e6b65e,paper_risk_bounded_v1_2026-09-28,utility_v2_frozen_2026-09-28,safe_useful_retention_v1_2026-09-28,paper_ssp_200m_moderate_v1,1,750,750.0,B5_permissive,tr_a88224c7b787_gpu,-77.08455,0.9294117647058824,0.9294117647058824,79,1.0,1.0,9,"{""conflicting_task_ownership"": 0, ""duplicate_execution"": 0, ""contradictory_reassignment"": 1, ""incompatible_mission_state"": 4, ""inconsistent_anomaly_state"": 4}",50176,29600,79776,0.6289610910549539,0.3333333333333333,0.6666666666666666,"{""auv_02"": 20.0, ""auv_00"": 20.0, ""auv_03"": 40.0, ""auv_01"": 60.0}",partial,60.0
85424607cd80fc940be0d3f9bf743dcc9e509f91,7ac48d30c26496da,paper_risk_bounded_v1_2026-09-28,utility_v2_frozen_2026-09-28,safe_useful_retention_v1_2026-09-28,paper_ssp_200m_moderate_v1,1,1000,1000.0,B1,tr_a88224c7b787_gpu,47.9229,0.6666666666666666,0.9850746268656716,66,1.0,1.0,1,"{""conflicting_task_ownership"": 0, ""duplicate_execution"": 0, ""contradictory_reassignment"": 0, ""incompatible_mission_state"": 1, ""inconsistent_anomaly_state"": 0}",43904,35360,79264,0.5538958417440453,0.25,0.75,"{""auv_02"": 40.0, ""auv_01"": 60.0, ""auv_00"": 60.0}",partial,60.0
85424607cd80fc940be0d3f9bf743dcc9e509f91,7ac48d30c26496da,paper_risk_bounded_v1_2026-09-28,utility_v2_frozen_2026-09-28,safe_useful_retention_v1_2026-09-28,paper_ssp_200m_moderate_v1,1,1000,1000.0,B2,tr_a88224c7b787_gpu,-117.08815,0.9325842696629213,0.9325842696629213,83,1.0,1.0,9,"{""conflicting_task_ownership"": 0, ""duplicate_execution"": 0, ""contradictory_reassignment"": 1, ""incompatible_mission_state"": 4, ""inconsistent_anomaly_state"": 4}",43904,35360,79264,0.5538958417440453,0.25,0.75,"{""auv_02"": 40.0, ""auv_01"": 60.0, ""auv_00"": 60.0}",partial,60.0
85424607cd80fc940be0d3f9bf743dcc9e509f91,7ac48d30c26496da,paper_risk_bounded_v1_2026-09-28,utility_v2_frozen_2026-09-28,safe_useful_retention_v1_2026-09-28,paper_ssp_200m_moderate_v1,1,1000,1000.0,B3,tr_a88224c7b787_gpu,-30.0449,0.0,0.0,0,0.0,0.0,0,"{""conflicting_task_ownership"": 0, ""duplicate_execution"": 0, ""contradictory_reassignment"": 0, ""incompatible_mission_state"": 0, ""inconsistent_anomaly_state"": 0}",43904,40800,84704,0.5183226293917642,0.25,0.75,"{""auv_02"": 40.0, ""auv_00"": 60.0, ""auv_01"": 60.0}",partial,60.0
85424607cd80fc940be0d3f9bf743dcc9e509f91,7ac48d30c26496da,paper_risk_bounded_v1_2026-09-28,utility_v2_frozen_2026-09-28,safe_useful_retention_v1_2026-09-28,paper_ssp_200m_moderate_v1,1,1000,1000.0,B4,tr_a88224c7b787_gpu,0.9551499999999999,0.0,0.0,0,0.8,0.014492753623188406,1,"{""conflicting_task_ownership"": 0, ""duplicate_execution"": 0, ""contradictory_reassignment"": 1, ""incompatible_mission_state"": 0, ""inconsistent_anomaly_state"": 0}",43904,40800,84704,0.5183226293917642,0.25,0.75,"{""auv_02"": 40.0, ""auv_00"": 60.0, ""auv_01"": 60.0}",partial,60.0
85424607cd80fc940be0d3f9bf743dcc9e509f91,7ac48d30c26496da,paper_risk_bounded_v1_2026-09-28,utility_v2_frozen_2026-09-28,safe_useful_retention_v1_2026-09-28,paper_ssp_200m_moderate_v1,1,1000,1000.0,B5_conservative,tr_a88224c7b787_gpu,-30.0449,0.0,0.0,0,0.0,0.0,0,"{""conflicting_task_ownership"": 0, ""duplicate_execution"": 0, ""contradictory_reassignment"": 0, ""incompatible_mission_state"": 0, ""inconsistent_anomaly_state"": 0}",43904,40800,84704,0.5183226293917642,0.25,0.75,"{""auv_02"": 40.0, ""auv_00"": 60.0, ""auv_01"": 60.0}",partial,60.0
85424607cd80fc940be0d3f9bf743dcc9e509f91,7ac48d30c26496da,paper_risk_bounded_v1_2026-09-28,utility_v2_frozen_2026-09-28,safe_useful_retention_v1_2026-09-28,paper_ssp_200m_moderate_v1,1,1000,1000.0,B5_nominal,tr_a88224c7b787_gpu,-117.08815,0.9325842696629213,0.9325842696629213,83,1.0,1.0,9,"{""conflicting_task_ownership"": 0, ""duplicate_execution"": 0, ""contradictory_reassignment"": 1, ""incompatible_mission_state"": 4, ""inconsistent_anomaly_state"": 4}",43904,35360,79264,0.5538958417440453,0.25,0.75,"{""auv_02"": 40.0, ""auv_01"": 60.0, ""auv_00"": 60.0}",partial,60.0
85424607cd80fc940be0d3f9bf743dcc9e509f91,7ac48d30c26496da,paper_risk_bounded_v1_2026-09-28,utility_v2_frozen_2026-09-28,safe_useful_retention_v1_2026-09-28,paper_ssp_200m_moderate_v1,1,1000,1000.0,B5_permissive,tr_a88224c7b787_gpu,-117.08815,0.9325842696629213,0.9325842696629213,83,1.0,1.0,9,"{""conflicting_task_ownership"": 0, ""duplicate_execution"": 0, ""contradictory_reassignment"": 1, ""incompatible_mission_state"": 4, ""inconsistent_anomaly_state"": 4}",43904,35360,79264,0.5538958417440453,0.25,0.75,"{""auv_02"": 40.0, ""auv_01"": 60.0, ""auv_00"": 60.0}",partial,60.0
85424607cd80fc940be0d3f9bf743dcc9e509f91,b92620a6f078467a,paper_risk_bounded_v1_2026-09-28,utility_v2_frozen_2026-09-28,safe_useful_retention_v1_2026-09-28,paper_ssp_200m_moderate_v1,2,0,0.0,B1,tr_4370fea4680c_gpu,47.9171,0.9857142857142858,0.9857142857142858,69,1.0,1.0,1,"{""conflicting_task_ownership"": 0, ""duplicate_execution"": 0, ""contradictory_reassignment"": 0, ""incompatible_mission_state"": 1, ""inconsistent_anomaly_state"": 0}",65280,11360,76640,0.8517745302713987,,,{},idle,0.0
85424607cd80fc940be0d3f9bf743dcc9e509f91,b92620a6f078467a,paper_risk_bounded_v1_2026-09-28,utility_v2_frozen_2026-09-28,safe_useful_retention_v1_2026-09-28,paper_ssp_200m_moderate_v1,2,0,0.0,B2,tr_4370fea4680c_gpu,47.9171,0.9857142857142858,0.9857142857142858,69,1.0,1.0,1,"{""conflicting_task_ownership"": 0, ""duplicate_execution"": 0, ""contradictory_reassignment"": 0, ""incompatible_mission_state"": 1, ""inconsistent_anomaly_state"": 0}",65280,11360,76640,0.8517745302713987,,,{},idle,0.0
85424607cd80fc940be0d3f9bf743dcc9e509f91,b92620a6f078467a,paper_risk_bounded_v1_2026-09-28,utility_v2_frozen_2026-09-28,safe_useful_retention_v1_2026-09-28,paper_ssp_200m_moderate_v1,2,0,0.0,B3,tr_4370fea4680c_gpu,-30.0462,0.0,0.0,0,0.0,0.0,0,"{""conflicting_task_ownership"": 0, ""duplicate_execution"": 0, ""contradictory_reassignment"": 0, ""incompatible_mission_state"": 0, ""inconsistent_anomaly_state"": 0}",65280,16800,82080,0.7953216374269005,,,{},idle,0.0
85424607cd80fc940be0d3f9bf743dcc9e509f91,b92620a6f078467a,paper_risk_bounded_v1_2026-09-28,utility_v2_frozen_2026-09-28,safe_useful_retention_v1_2026-09-28,paper_ssp_200m_moderate_v1,2,0,0.0,B4,tr_4370fea4680c_gpu,-18.0462,0.0,0.0,0,1.0,0.0035714285714285713,0,"{""conflicting_task_ownership"": 0, ""duplicate_execution"": 0, ""contradictory_reassignment"": 0, ""incompatible_mission_state"": 0, ""inconsistent_anomaly_state"": 0}",65280,16800,82080,0.7953216374269005,,,{},idle,0.0
85424607cd80fc940be0d3f9bf743dcc9e509f91,b92620a6f078467a,paper_risk_bounded_v1_2026-09-28,utility_v2_frozen_2026-09-28,safe_useful_retention_v1_2026-09-28,paper_ssp_200m_moderate_v1,2,0,0.0,B5_conservative,tr_4370fea4680c_gpu,-30.0462,0.0,0.0,0,0.0,0.0,0,"{""conflicting_task_ownership"": 0, ""duplicate_execution"": 0, ""contradictory_reassignment"": 0, ""incompatible_mission_state"": 0, ""inconsistent_anomaly_state"": 0}",65280,16800,82080,0.7953216374269005,,,{},idle,0.0
85424607cd80fc940be0d3f9bf743dcc9e509f91,b92620a6f078467a,paper_risk_bounded_v1_2026-09-28,utility_v2_frozen_2026-09-28,safe_useful_retention_v1_2026-09-28,paper_ssp_200m_moderate_v1,2,0,0.0,B5_nominal,tr_4370fea4680c_gpu,47.9171,0.9857142857142858,0.9857142857142858,69,1.0,1.0,1,"{""conflicting_task_ownership"": 0, ""duplicate_execution"": 0, ""contradictory_reassignment"": 0, ""incompatible_mission_state"": 1, ""inconsistent_anomaly_state"": 0}",65280,11360,76640,0.8517745302713987,,,{},idle,0.0
85424607cd80fc940be0d3f9bf743dcc9e509f91,b92620a6f078467a,paper_risk_bounded_v1_2026-09-28,utility_v2_frozen_2026-09-28,safe_useful_retention_v1_2026-09-28,paper_ssp_200m_moderate_v1,2,0,0.0,B5_permissive,tr_4370fea4680c_gpu,47.9171,0.9857142857142858,0.9857142857142858,69,1.0,1.0,1,"{""conflicting_task_ownership"": 0, ""duplicate_execution"": 0, ""contradictory_reassignment"": 0, ""incompatible_mission_state"": 1, ""inconsistent_anomaly_state"": 0}",65280,11360,76640,0.8517745302713987,,,{},idle,0.0
85424607cd80fc940be0d3f9bf743dcc9e509f91,72995ec430c1a7d7,paper_risk_bounded_v1_2026-09-28,utility_v2_frozen_2026-09-28,safe_useful_retention_v1_2026-09-28,paper_ssp_200m_moderate_v1,2,150,150.0,B1,tr_4370fea4680c_gpu,47.9177,0.868421052631579,0.9850746268656716,66,1.0,1.0,1,"{""conflicting_task_ownership"": 0, ""duplicate_execution"": 0, ""contradictory_reassignment"": 0, ""incompatible_mission_state"": 1, ""inconsistent_anomaly_state"": 0}",65792,15200,80992,0.8123271434215725,0.16666666666666666,0.8333333333333334,"{""auv_00"": 20.0, ""auv_01"": 40.0}",partial,40.0
85424607cd80fc940be0d3f9bf743dcc9e509f91,72995ec430c1a7d7,paper_risk_bounded_v1_2026-09-28,utility_v2_frozen_2026-09-28,safe_useful_retention_v1_2026-09-28,paper_ssp_200m_moderate_v1,2,150,150.0,B2,tr_4370fea4680c_gpu,41.923,0.9210526315789473,0.9210526315789473,70,1.0,1.0,2,"{""conflicting_task_ownership"": 0, ""duplicate_execution"": 0, ""contradictory_reassignment"": 1, ""incompatible_mission_state"": 1, ""inconsistent_anomaly_state"": 0}",65792,15200,80992,0.8123271434215725,0.16666666666666666,0.8333333333333334,"{""auv_00"": 20.0, ""auv_01"": 40.0}",partial,40.0
85424607cd80fc940be0d3f9bf743dcc9e509f91,72995ec430c1a7d7,paper_risk_bounded_v1_2026-09-28,utility_v2_frozen_2026-09-28,safe_useful_retention_v1_2026-09-28,paper_ssp_200m_moderate_v1,2,150,150.0,B3,tr_4370fea4680c_gpu,-30.046,0.0,0.0,0,0.0,0.0,0,"{""conflicting_task_ownership"": 0, ""duplicate_execution"": 0, ""contradictory_reassignment"": 0, ""incompatible_mission_state"": 0, ""inconsistent_anomaly_state"": 0}",65792,20640,86432,0.7611995557201037,0.16666666666666666,0.8333333333333334,"{""auv_00"": 20.0, ""auv_01"": 40.0}",partial,40.0
85424607cd80fc940be0d3f9bf743dcc9e509f91,72995ec430c1a7d7,paper_risk_bounded_v1_2026-09-28,utility_v2_frozen_2026-09-28,safe_useful_retention_v1_2026-09-28,paper_ssp_200m_moderate_v1,2,150,150.0,B4,tr_4370fea4680c_gpu,0.95355,0.0,0.0,0,0.8,0.014234875444839857,1,"{""conflicting_task_ownership"": 0, ""duplicate_execution"": 0, ""contradictory_reassignment"": 1, ""incompatible_mission_state"": 0, ""inconsistent_anomaly_state"": 0}",65792,20640,86432,0.7611995557201037,0.16666666666666666,0.8333333333333334,"{""auv_00"": 20.0, ""auv_01"": 40.0}",partial,40.0
85424607cd80fc940be0d3f9bf743dcc9e509f91,72995ec430c1a7d7,paper_risk_bounded_v1_2026-09-28,utility_v2_frozen_2026-09-28,safe_useful_retention_v1_2026-09-28,paper_ssp_200m_moderate_v1,2,150,150.0,B5_conservative,tr_4370fea4680c_gpu,-30.046,0.0,0.0,0,0.0,0.0,0,"{""conflicting_task_ownership"": 0, ""duplicate_execution"": 0, ""contradictory_reassignment"": 0, ""incompatible_mission_state"": 0, ""inconsistent_anomaly_state"": 0}",65792,20640,86432,0.7611995557201037,0.16666666666666666,0.8333333333333334,"{""auv_00"": 20.0, ""auv_01"": 40.0}",partial,40.0
85424607cd80fc940be0d3f9bf743dcc9e509f91,72995ec430c1a7d7,paper_risk_bounded_v1_2026-09-28,utility_v2_frozen_2026-09-28,safe_useful_retention_v1_2026-09-28,paper_ssp_200m_moderate_v1,2,150,150.0,B5_nominal,tr_4370fea4680c_gpu,41.923,0.9210526315789473,0.9210526315789473,70,1.0,1.0,2,"{""conflicting_task_ownership"": 0, ""duplicate_execution"": 0, ""contradictory_reassignment"": 1, ""incompatible_mission_state"": 1, ""inconsistent_anomaly_state"": 0}",65792,15200,80992,0.8123271434215725,0.16666666666666666,0.8333333333333334,"{""auv_00"": 20.0, ""auv_01"": 40.0}",partial,40.0
85424607cd80fc940be0d3f9bf743dcc9e509f91,72995ec430c1a7d7,paper_risk_bounded_v1_2026-09-28,utility_v2_frozen_2026-09-28,safe_useful_retention_v1_2026-09-28,paper_ssp_200m_moderate_v1,2,150,150.0,B5_permissive,tr_4370fea4680c_gpu,41.923,0.9210526315789473,0.9210526315789473,70,1.0,1.0,2,"{""conflicting_task_ownership"": 0, ""duplicate_execution"": 0, ""contradictory_reassignment"": 1, ""incompatible_mission_state"": 1, ""inconsistent_anomaly_state"": 0}",65792,15200,80992,0.8123271434215725,0.16666666666666666,0.8333333333333334,"{""auv_00"": 20.0, ""auv_01"": 40.0}",partial,40.0
85424607cd80fc940be0d3f9bf743dcc9e509f91,d72f70bc01db9623,paper_risk_bounded_v1_2026-09-28,utility_v2_frozen_2026-09-28,safe_useful_retention_v1_2026-09-28,paper_ssp_200m_moderate_v1,2,300,300.0,B1,tr_4370fea4680c_gpu,47.9183,0.8170731707317073,0.9852941176470589,67,1.0,1.0,1,"{""conflicting_task_ownership"": 0, ""duplicate_execution"": 0, ""contradictory_reassignment"": 0, ""incompatible_mission_state"": 1, ""inconsistent_anomaly_state"": 0}",65664,18560,84224,0.7796352583586627,0.3333333333333333,0.6666666666666666,"{""auv_00"": 20.0, ""auv_04"": 40.0, ""auv_02"": 40.0, ""auv_01"": 60.0}",partial,60.0
85424607cd80fc940be0d3f9bf743dcc9e509f91,d72f70bc01db9623,paper_risk_bounded_v1_2026-09-28,utility_v2_frozen_2026-09-28,safe_useful_retention_v1_2026-09-28,paper_ssp_200m_moderate_v1,2,300,300.0,B2,tr_4370fea4680c_gpu,-14.0806,0.925,0.925,74,1.0,1.0,6,"{""conflicting_task_ownership"": 0, ""duplicate_execution"": 0, ""contradictory_reassignment"": 1, ""incompatible_mission_state"": 1, ""inconsistent_anomaly_state"": 4}",65664,18560,84224,0.7796352583586627,0.3333333333333333,0.6666666666666666,"{""auv_00"": 20.0, ""auv_02"": 40.0, ""auv_04"": 40.0, ""auv_01"": 60.0}",partial,60.0
85424607cd80fc940be0d3f9bf743dcc9e509f91,d72f70bc01db9623,paper_risk_bounded_v1_2026-09-28,utility_v2_frozen_2026-09-28,safe_useful_retention_v1_2026-09-28,paper_ssp_200m_moderate_v1,2,300,300.0,B3,tr_4370fea4680c_gpu,-30.0458,0.0,0.0,0,0.0,0.0,0,"{""conflicting_task_ownership"": 0, ""duplicate_execution"": 0, ""contradictory_reassignment"": 0, ""incompatible_mission_state"": 0, ""inconsistent_anomaly_state"": 0}",65664,24000,89664,0.7323340471092077,0.3333333333333333,0.6666666666666666,"{""auv_00"": 20.0, ""auv_04"": 40.0, ""auv_02"": 40.0, ""auv_01"": 60.0}",partial,60.0
85424607cd80fc940be0d3f9bf743dcc9e509f91,d72f70bc01db9623,paper_risk_bounded_v1_2026-09-28,utility_v2_frozen_2026-09-28,safe_useful_retention_v1_2026-09-28,paper_ssp_200m_moderate_v1,2,300,300.0,B4,tr_4370fea4680c_gpu,0.95375,0.0,0.0,0,0.8,0.014184397163120567,1,"{""conflicting_task_ownership"": 0, ""duplicate_execution"": 0, ""contradictory_reassignment"": 1, ""incompatible_mission_state"": 0, ""inconsistent_anomaly_state"": 0}",65664,24000,89664,0.7323340471092077,0.3333333333333333,0.6666666666666666,"{""auv_00"": 20.0, ""auv_02"": 40.0, ""auv_04"": 40.0, ""auv_01"": 60.0}",partial,60.0
85424607cd80fc940be0d3f9bf743dcc9e509f91,d72f70bc01db9623,paper_risk_bounded_v1_2026-09-28,utility_v2_frozen_2026-09-28,safe_useful_retention_v1_2026-09-28,paper_ssp_200m_moderate_v1,2,300,300.0,B5_conservative,tr_4370fea4680c_gpu,-30.0458,0.0,0.0,0,0.0,0.0,0,"{""conflicting_task_ownership"": 0, ""duplicate_execution"": 0, ""contradictory_reassignment"": 0, ""incompatible_mission_state"": 0, ""inconsistent_anomaly_state"": 0}",65664,24000,89664,0.7323340471092077,0.3333333333333333,0.6666666666666666,"{""auv_00"": 20.0, ""auv_02"": 40.0, ""auv_04"": 40.0, ""auv_01"": 60.0}",partial,60.0
85424607cd80fc940be0d3f9bf743dcc9e509f91,d72f70bc01db9623,paper_risk_bounded_v1_2026-09-28,utility_v2_frozen_2026-09-28,safe_useful_retention_v1_2026-09-28,paper_ssp_200m_moderate_v1,2,300,300.0,B5_nominal,tr_4370fea4680c_gpu,-14.0806,0.925,0.925,74,1.0,1.0,6,"{""conflicting_task_ownership"": 0, ""duplicate_execution"": 0, ""contradictory_reassignment"": 1, ""incompatible_mission_state"": 1, ""inconsistent_anomaly_state"": 4}",65664,18560,84224,0.7796352583586627,0.3333333333333333,0.6666666666666666,"{""auv_00"": 20.0, ""auv_02"": 40.0, ""auv_04"": 40.0, ""auv_01"": 60.0}",partial,60.0
85424607cd80fc940be0d3f9bf743dcc9e509f91,d72f70bc01db9623,paper_risk_bounded_v1_2026-09-28,utility_v2_frozen_2026-09-28,safe_useful_retention_v1_2026-09-28,paper_ssp_200m_moderate_v1,2,300,300.0,B5_permissive,tr_4370fea4680c_gpu,-14.0806,0.925,0.925,74,1.0,1.0,6,"{""conflicting_task_ownership"": 0, ""duplicate_execution"": 0, ""contradictory_reassignment"": 1, ""incompatible_mission_state"": 1, ""inconsistent_anomaly_state"": 4}",65664,18560,84224,0.7796352583586627,0.3333333333333333,0.6666666666666666,"{""auv_00"": 20.0, ""auv_02"": 40.0, ""auv_04"": 40.0, ""auv_01"": 60.0}",partial,60.0
85424607cd80fc940be0d3f9bf743dcc9e509f91,013801d45502969d,paper_risk_bounded_v1_2026-09-28,utility_v2_frozen_2026-09-28,safe_useful_retention_v1_2026-09-28,paper_ssp_200m_moderate_v1,2,500,500.0,B1,tr_4370fea4680c_gpu,47.9189,0.75,0.9850746268656716,66,1.0,1.0,1,"{""conflicting_task_ownership"": 0, ""duplicate_execution"": 0, ""contradictory_reassignment"": 0, ""incompatible_mission_state"": 1, ""inconsistent_anomaly_state"": 0}",59008,23360,82368,0.7163947163947164,0.16666666666666666,0.8333333333333334,"{""auv_00"": 40.0, ""auv_01"": 60.0}",partial,60.0
85424607cd80fc940be0d3f9bf743dcc9e509f91,013801d45502969d,paper_risk_bounded_v1_2026-09-28,utility_v2_frozen_2026-09-28,safe_useful_retention_v1_2026-09-28,paper_ssp_200m_moderate_v1,2,500,500.0,B2,tr_4370fea4680c_gpu,-77.08455,0.9294117647058824,0.9294117647058824,79,1.0,1.0,9,"{""conflicting_task_ownership"": 0, ""duplicate_execution"": 0, ""contradictory_reassignment"": 1, ""incompatible_mission_state"": 4, ""inconsistent_anomaly_state"": 4}",59008,23360,82368,0.7163947163947164,0.16666666666666666,0.8333333333333334,"{""auv_00"": 40.0, ""auv_01"": 60.0}",partial,60.0
85424607cd80fc940be0d3f9bf743dcc9e509f91,013801d45502969d,paper_risk_bounded_v1_2026-09-28,utility_v2_frozen_2026-09-28,safe_useful_retention_v1_2026-09-28,paper_ssp_200m_moderate_v1,2,500,500.0,B3,tr_4370fea4680c_gpu,-30.0456,0.0,0.0,0,0.0,0.0,0,"{""conflicting_task_ownership"": 0, ""duplicate_execution"": 0, ""contradictory_reassignment"": 0, ""incompatible_mission_state"": 0, ""inconsistent_anomaly_state"": 0}",59008,28800,87808,0.6720116618075802,0.16666666666666666,0.8333333333333334,"{""auv_00"": 40.0, ""auv_01"": 60.0}",partial,60.0
85424607cd80fc940be0d3f9bf743dcc9e509f91,013801d45502969d,paper_risk_bounded_v1_2026-09-28,utility_v2_frozen_2026-09-28,safe_useful_retention_v1_2026-09-28,paper_ssp_200m_moderate_v1,2,500,500.0,B4,tr_4370fea4680c_gpu,0.95395,0.0,0.0,0,0.8,0.014336917562724014,1,"{""conflicting_task_ownership"": 0, ""duplicate_execution"": 0, ""contradictory_reassignment"": 1, ""incompatible_mission_state"": 0, ""inconsistent_anomaly_state"": 0}",59008,28800,87808,0.6720116618075802,0.16666666666666666,0.8333333333333334,"{""auv_00"": 40.0, ""auv_01"": 60.0}",partial,60.0
85424607cd80fc940be0d3f9bf743dcc9e509f91,013801d45502969d,paper_risk_bounded_v1_2026-09-28,utility_v2_frozen_2026-09-28,safe_useful_retention_v1_2026-09-28,paper_ssp_200m_moderate_v1,2,500,500.0,B5_conservative,tr_4370fea4680c_gpu,-30.0456,0.0,0.0,0,0.0,0.0,0,"{""conflicting_task_ownership"": 0, ""duplicate_execution"": 0, ""contradictory_reassignment"": 0, ""incompatible_mission_state"": 0, ""inconsistent_anomaly_state"": 0}",59008,28800,87808,0.6720116618075802,0.16666666666666666,0.8333333333333334,"{""auv_00"": 40.0, ""auv_01"": 60.0}",partial,60.0
85424607cd80fc940be0d3f9bf743dcc9e509f91,013801d45502969d,paper_risk_bounded_v1_2026-09-28,utility_v2_frozen_2026-09-28,safe_useful_retention_v1_2026-09-28,paper_ssp_200m_moderate_v1,2,500,500.0,B5_nominal,tr_4370fea4680c_gpu,-77.08455,0.9294117647058824,0.9294117647058824,79,1.0,1.0,9,"{""conflicting_task_ownership"": 0, ""duplicate_execution"": 0, ""contradictory_reassignment"": 1, ""incompatible_mission_state"": 4, ""inconsistent_anomaly_state"": 4}",59008,23360,82368,0.7163947163947164,0.16666666666666666,0.8333333333333334,"{""auv_00"": 40.0, ""auv_01"": 60.0}",partial,60.0
85424607cd80fc940be0d3f9bf743dcc9e509f91,013801d45502969d,paper_risk_bounded_v1_2026-09-28,utility_v2_frozen_2026-09-28,safe_useful_retention_v1_2026-09-28,paper_ssp_200m_moderate_v1,2,500,500.0,B5_permissive,tr_4370fea4680c_gpu,-77.08455,0.9294117647058824,0.9294117647058824,79,1.0,1.0,9,"{""conflicting_task_ownership"": 0, ""duplicate_execution"": 0, ""contradictory_reassignment"": 1, ""incompatible_mission_state"": 4, ""inconsistent_anomaly_state"": 4}",59008,23360,82368,0.7163947163947164,0.16666666666666666,0.8333333333333334,"{""auv_00"": 40.0, ""auv_01"": 60.0}",partial,60.0
85424607cd80fc940be0d3f9bf743dcc9e509f91,7294e42cde10f625,paper_risk_bounded_v1_2026-09-28,utility_v2_frozen_2026-09-28,safe_useful_retention_v1_2026-09-28,paper_ssp_200m_moderate_v1,2,750,750.0,B1,tr_4370fea4680c_gpu,47.9192,0.7252747252747253,0.9850746268656716,66,1.0,1.0,1,"{""conflicting_task_ownership"": 0, ""duplicate_execution"": 0, ""contradictory_reassignment"": 0, ""incompatible_mission_state"": 1, ""inconsistent_anomaly_state"": 0}",54784,29600,84384,0.6492226014410315,0.3333333333333333,0.6666666666666666,"{""auv_00"": 20.0, ""auv_03"": 20.0, ""auv_02"": 20.0, ""auv_01"": 60.0}",partial,60.0
85424607cd80fc940be0d3f9bf743dcc9e509f91,7294e42cde10f625,paper_risk_bounded_v1_2026-09-28,utility_v2_frozen_2026-09-28,safe_useful_retention_v1_2026-09-28,paper_ssp_200m_moderate_v1,2,750,750.0,B2,tr_4370fea4680c_gpu,-77.08455,0.9294117647058824,0.9294117647058824,79,1.0,1.0,9,"{""conflicting_task_ownership"": 0, ""duplicate_execution"": 0, ""contradictory_reassignment"": 1, ""incompatible_mission_state"": 4, ""inconsistent_anomaly_state"": 4}",54784,29600,84384,0.6492226014410315,0.3333333333333333,0.6666666666666666,"{""auv_00"": 20.0, ""auv_02"": 20.0, ""auv_03"": 20.0, ""auv_01"": 60.0}",partial,60.0
85424607cd80fc940be0d3f9bf743dcc9e509f91,7294e42cde10f625,paper_risk_bounded_v1_2026-09-28,utility_v2_frozen_2026-09-28,safe_useful_retention_v1_2026-09-28,paper_ssp_200m_moderate_v1,2,750,750.0,B3,tr_4370fea4680c_gpu,-30.0453,0.0,0.0,0,0.0,0.0,0,"{""conflicting_task_ownership"": 0, ""duplicate_execution"": 0, ""contradictory_reassignment"": 0, ""incompatible_mission_state"": 0, ""inconsistent_anomaly_state"": 0}",54784,35040,89824,0.6099038118988244,0.3333333333333333,0.6666666666666666,"{""auv_02"": 20.0, ""auv_00"": 20.0, ""auv_03"": 20.0, ""auv_01"": 60.0}",partial,60.0
85424607cd80fc940be0d3f9bf743dcc9e509f91,7294e42cde10f625,paper_risk_bounded_v1_2026-09-28,utility_v2_frozen_2026-09-28,safe_useful_retention_v1_2026-09-28,paper_ssp_200m_moderate_v1,2,750,750.0,B4,tr_4370fea4680c_gpu,0.95425,0.0,0.0,0,0.8,0.014336917562724014,1,"{""conflicting_task_ownership"": 0, ""duplicate_execution"": 0, ""contradictory_reassignment"": 1, ""incompatible_mission_state"": 0, ""inconsistent_anomaly_state"": 0}",54784,35040,89824,0.6099038118988244,0.3333333333333333,0.6666666666666666,"{""auv_03"": 20.0, ""auv_02"": 20.0, ""auv_00"": 20.0, ""auv_01"": 60.0}",partial,60.0
85424607cd80fc940be0d3f9bf743dcc9e509f91,7294e42cde10f625,paper_risk_bounded_v1_2026-09-28,utility_v2_frozen_2026-09-28,safe_useful_retention_v1_2026-09-28,paper_ssp_200m_moderate_v1,2,750,750.0,B5_conservative,tr_4370fea4680c_gpu,-30.0453,0.0,0.0,0,0.0,0.0,0,"{""conflicting_task_ownership"": 0, ""duplicate_execution"": 0, ""contradictory_reassignment"": 0, ""incompatible_mission_state"": 0, ""inconsistent_anomaly_state"": 0}",54784,35040,89824,0.6099038118988244,0.3333333333333333,0.6666666666666666,"{""auv_02"": 20.0, ""auv_00"": 20.0, ""auv_03"": 20.0, ""auv_01"": 60.0}",partial,60.0
85424607cd80fc940be0d3f9bf743dcc9e509f91,7294e42cde10f625,paper_risk_bounded_v1_2026-09-28,utility_v2_frozen_2026-09-28,safe_useful_retention_v1_2026-09-28,paper_ssp_200m_moderate_v1,2,750,750.0,B5_nominal,tr_4370fea4680c_gpu,-77.08455,0.9294117647058824,0.9294117647058824,79,1.0,1.0,9,"{""conflicting_task_ownership"": 0, ""duplicate_execution"": 0, ""contradictory_reassignment"": 1, ""incompatible_mission_state"": 4, ""inconsistent_anomaly_state"": 4}",54784,29600,84384,0.6492226014410315,0.3333333333333333,0.6666666666666666,"{""auv_00"": 20.0, ""auv_02"": 20.0, ""auv_03"": 20.0, ""auv_01"": 60.0}",partial,60.0
85424607cd80fc940be0d3f9bf743dcc9e509f91,7294e42cde10f625,paper_risk_bounded_v1_2026-09-28,utility_v2_frozen_2026-09-28,safe_useful_retention_v1_2026-09-28,paper_ssp_200m_moderate_v1,2,750,750.0,B5_permissive,tr_4370fea4680c_gpu,-77.08455,0.9294117647058824,0.9294117647058824,79,1.0,1.0,9,"{""conflicting_task_ownership"": 0, ""duplicate_execution"": 0, ""contradictory_reassignment"": 1, ""incompatible_mission_state"": 4, ""inconsistent_anomaly_state"": 4}",54784,29600,84384,0.6492226014410315,0.3333333333333333,0.6666666666666666,"{""auv_02"": 20.0, ""auv_03"": 20.0, ""auv_00"": 20.0, ""auv_01"": 60.0}",partial,60.0
85424607cd80fc940be0d3f9bf743dcc9e509f91,08987ed10862246e,paper_risk_bounded_v1_2026-09-28,utility_v2_frozen_2026-09-28,safe_useful_retention_v1_2026-09-28,paper_ssp_200m_moderate_v1,2,1000,1000.0,B1,tr_4370fea4680c_gpu,47.9229,0.6666666666666666,0.9850746268656716,66,1.0,1.0,1,"{""conflicting_task_ownership"": 0, ""duplicate_execution"": 0, ""contradictory_reassignment"": 0, ""incompatible_mission_state"": 1, ""inconsistent_anomaly_state"": 0}",47104,35360,82464,0.5712068296468762,0.16666666666666666,0.8333333333333334,"{""auv_02"": 40.0, ""auv_01"": 60.0}",partial,60.0
85424607cd80fc940be0d3f9bf743dcc9e509f91,08987ed10862246e,paper_risk_bounded_v1_2026-09-28,utility_v2_frozen_2026-09-28,safe_useful_retention_v1_2026-09-28,paper_ssp_200m_moderate_v1,2,1000,1000.0,B2,tr_4370fea4680c_gpu,-117.08815,0.9325842696629213,0.9325842696629213,83,1.0,1.0,9,"{""conflicting_task_ownership"": 0, ""duplicate_execution"": 0, ""contradictory_reassignment"": 1, ""incompatible_mission_state"": 4, ""inconsistent_anomaly_state"": 4}",47104,35360,82464,0.5712068296468762,0.16666666666666666,0.8333333333333334,"{""auv_02"": 40.0, ""auv_01"": 60.0}",partial,60.0
85424607cd80fc940be0d3f9bf743dcc9e509f91,08987ed10862246e,paper_risk_bounded_v1_2026-09-28,utility_v2_frozen_2026-09-28,safe_useful_retention_v1_2026-09-28,paper_ssp_200m_moderate_v1,2,1000,1000.0,B3,tr_4370fea4680c_gpu,-30.0449,0.0,0.0,0,0.0,0.0,0,"{""conflicting_task_ownership"": 0, ""duplicate_execution"": 0, ""contradictory_reassignment"": 0, ""incompatible_mission_state"": 0, ""inconsistent_anomaly_state"": 0}",47104,40800,87904,0.5358572988714961,0.16666666666666666,0.8333333333333334,"{""auv_02"": 40.0, ""auv_01"": 60.0}",partial,60.0
85424607cd80fc940be0d3f9bf743dcc9e509f91,08987ed10862246e,paper_risk_bounded_v1_2026-09-28,utility_v2_frozen_2026-09-28,safe_useful_retention_v1_2026-09-28,paper_ssp_200m_moderate_v1,2,1000,1000.0,B4,tr_4370fea4680c_gpu,0.9551499999999999,0.0,0.0,0,0.8,0.014492753623188406,1,"{""conflicting_task_ownership"": 0, ""duplicate_execution"": 0, ""contradictory_reassignment"": 1, ""incompatible_mission_state"": 0, ""inconsistent_anomaly_state"": 0}",47104,40800,87904,0.5358572988714961,0.16666666666666666,0.8333333333333334,"{""auv_02"": 40.0, ""auv_01"": 60.0}",partial,60.0
85424607cd80fc940be0d3f9bf743dcc9e509f91,08987ed10862246e,paper_risk_bounded_v1_2026-09-28,utility_v2_frozen_2026-09-28,safe_useful_retention_v1_2026-09-28,paper_ssp_200m_moderate_v1,2,1000,1000.0,B5_conservative,tr_4370fea4680c_gpu,-30.0449,0.0,0.0,0,0.0,0.0,0,"{""conflicting_task_ownership"": 0, ""duplicate_execution"": 0, ""contradictory_reassignment"": 0, ""incompatible_mission_state"": 0, ""inconsistent_anomaly_state"": 0}",47104,40800,87904,0.5358572988714961,0.16666666666666666,0.8333333333333334,"{""auv_02"": 40.0, ""auv_01"": 60.0}",partial,60.0
85424607cd80fc940be0d3f9bf743dcc9e509f91,08987ed10862246e,paper_risk_bounded_v1_2026-09-28,utility_v2_frozen_2026-09-28,safe_useful_retention_v1_2026-09-28,paper_ssp_200m_moderate_v1,2,1000,1000.0,B5_nominal,tr_4370fea4680c_gpu,-117.08815,0.9325842696629213,0.9325842696629213,83,1.0,1.0,9,"{""conflicting_task_ownership"": 0, ""duplicate_execution"": 0, ""contradictory_reassignment"": 1, ""incompatible_mission_state"": 4, ""inconsistent_anomaly_state"": 4}",47104,35360,82464,0.5712068296468762,0.16666666666666666,0.8333333333333334,"{""auv_02"": 40.0, ""auv_01"": 60.0}",partial,60.0
85424607cd80fc940be0d3f9bf743dcc9e509f91,08987ed10862246e,paper_risk_bounded_v1_2026-09-28,utility_v2_frozen_2026-09-28,safe_useful_retention_v1_2026-09-28,paper_ssp_200m_moderate_v1,2,1000,1000.0,B5_permissive,tr_4370fea4680c_gpu,-117.08815,0.9325842696629213,0.9325842696629213,83,1.0,1.0,9,"{""conflicting_task_ownership"": 0, ""duplicate_execution"": 0, ""contradictory_reassignment"": 1, ""incompatible_mission_state"": 4, ""inconsistent_anomaly_state"": 4}",47104,35360,82464,0.5712068296468762,0.16666666666666666,0.8333333333333334,"{""auv_02"": 40.0, ""auv_01"": 60.0}",partial,60.0
85424607cd80fc940be0d3f9bf743dcc9e509f91,5a05de30fb82c0e2,paper_risk_bounded_v1_2026-09-28,utility_v2_frozen_2026-09-28,safe_useful_retention_v1_2026-09-28,paper_ssp_200m_moderate_v1,3,0,0.0,B1,tr_20211a97cb5f_gpu,47.9171,0.9857142857142858,0.9857142857142858,69,1.0,1.0,1,"{""conflicting_task_ownership"": 0, ""duplicate_execution"": 0, ""contradictory_reassignment"": 0, ""incompatible_mission_state"": 1, ""inconsistent_anomaly_state"": 0}",61440,11360,72800,0.843956043956044,,,{},idle,0.0
85424607cd80fc940be0d3f9bf743dcc9e509f91,5a05de30fb82c0e2,paper_risk_bounded_v1_2026-09-28,utility_v2_frozen_2026-09-28,safe_useful_retention_v1_2026-09-28,paper_ssp_200m_moderate_v1,3,0,0.0,B2,tr_20211a97cb5f_gpu,47.9171,0.9857142857142858,0.9857142857142858,69,1.0,1.0,1,"{""conflicting_task_ownership"": 0, ""duplicate_execution"": 0, ""contradictory_reassignment"": 0, ""incompatible_mission_state"": 1, ""inconsistent_anomaly_state"": 0}",61440,11360,72800,0.843956043956044,,,{},idle,0.0
85424607cd80fc940be0d3f9bf743dcc9e509f91,5a05de30fb82c0e2,paper_risk_bounded_v1_2026-09-28,utility_v2_frozen_2026-09-28,safe_useful_retention_v1_2026-09-28,paper_ssp_200m_moderate_v1,3,0,0.0,B3,tr_20211a97cb5f_gpu,-30.0462,0.0,0.0,0,0.0,0.0,0,"{""conflicting_task_ownership"": 0, ""duplicate_execution"": 0, ""contradictory_reassignment"": 0, ""incompatible_mission_state"": 0, ""inconsistent_anomaly_state"": 0}",61440,16800,78240,0.7852760736196319,,,{},idle,0.0
85424607cd80fc940be0d3f9bf743dcc9e509f91,5a05de30fb82c0e2,paper_risk_bounded_v1_2026-09-28,utility_v2_frozen_2026-09-28,safe_useful_retention_v1_2026-09-28,paper_ssp_200m_moderate_v1,3,0,0.0,B4,tr_20211a97cb5f_gpu,-18.0462,0.0,0.0,0,1.0,0.0035714285714285713,0,"{""conflicting_task_ownership"": 0, ""duplicate_execution"": 0, ""contradictory_reassignment"": 0, ""incompatible_mission_state"": 0, ""inconsistent_anomaly_state"": 0}",61440,16800,78240,0.7852760736196319,,,{},idle,0.0
85424607cd80fc940be0d3f9bf743dcc9e509f91,5a05de30fb82c0e2,paper_risk_bounded_v1_2026-09-28,utility_v2_frozen_2026-09-28,safe_useful_retention_v1_2026-09-28,paper_ssp_200m_moderate_v1,3,0,0.0,B5_conservative,tr_20211a97cb5f_gpu,-30.0462,0.0,0.0,0,0.0,0.0,0,"{""conflicting_task_ownership"": 0, ""duplicate_execution"": 0, ""contradictory_reassignment"": 0, ""incompatible_mission_state"": 0, ""inconsistent_anomaly_state"": 0}",61440,16800,78240,0.7852760736196319,,,{},idle,0.0
85424607cd80fc940be0d3f9bf743dcc9e509f91,5a05de30fb82c0e2,paper_risk_bounded_v1_2026-09-28,utility_v2_frozen_2026-09-28,safe_useful_retention_v1_2026-09-28,paper_ssp_200m_moderate_v1,3,0,0.0,B5_nominal,tr_20211a97cb5f_gpu,47.9171,0.9857142857142858,0.9857142857142858,69,1.0,1.0,1,"{""conflicting_task_ownership"": 0, ""duplicate_execution"": 0, ""contradictory_reassignment"": 0, ""incompatible_mission_state"": 1, ""inconsistent_anomaly_state"": 0}",61440,11360,72800,0.843956043956044,,,{},idle,0.0
85424607cd80fc940be0d3f9bf743dcc9e509f91,5a05de30fb82c0e2,paper_risk_bounded_v1_2026-09-28,utility_v2_frozen_2026-09-28,safe_useful_retention_v1_2026-09-28,paper_ssp_200m_moderate_v1,3,0,0.0,B5_permissive,tr_20211a97cb5f_gpu,47.9171,0.9857142857142858,0.9857142857142858,69,1.0,1.0,1,"{""conflicting_task_ownership"": 0, ""duplicate_execution"": 0, ""contradictory_reassignment"": 0, ""incompatible_mission_state"": 1, ""inconsistent_anomaly_state"": 0}",61440,11360,72800,0.843956043956044,,,{},idle,0.0
85424607cd80fc940be0d3f9bf743dcc9e509f91,9f1a50d3ca518de3,paper_risk_bounded_v1_2026-09-28,utility_v2_frozen_2026-09-28,safe_useful_retention_v1_2026-09-28,paper_ssp_200m_moderate_v1,3,150,150.0,B1,tr_20211a97cb5f_gpu,47.9177,0.868421052631579,0.9850746268656716,66,1.0,1.0,1,"{""conflicting_task_ownership"": 0, ""duplicate_execution"": 0, ""contradictory_reassignment"": 0, ""incompatible_mission_state"": 1, ""inconsistent_anomaly_state"": 0}",63104,15200,78304,0.8058847568451165,0.16666666666666666,0.8333333333333334,"{""auv_00"": 20.0, ""auv_01"": 40.0}",partial,40.0
85424607cd80fc940be0d3f9bf743dcc9e509f91,9f1a50d3ca518de3,paper_risk_bounded_v1_2026-09-28,utility_v2_frozen_2026-09-28,safe_useful_retention_v1_2026-09-28,paper_ssp_200m_moderate_v1,3,150,150.0,B2,tr_20211a97cb5f_gpu,41.923,0.9210526315789473,0.9210526315789473,70,1.0,1.0,2,"{""conflicting_task_ownership"": 0, ""duplicate_execution"": 0, ""contradictory_reassignment"": 1, ""incompatible_mission_state"": 1, ""inconsistent_anomaly_state"": 0}",63104,15200,78304,0.8058847568451165,0.16666666666666666,0.8333333333333334,"{""auv_00"": 20.0, ""auv_01"": 40.0}",partial,40.0
85424607cd80fc940be0d3f9bf743dcc9e509f91,9f1a50d3ca518de3,paper_risk_bounded_v1_2026-09-28,utility_v2_frozen_2026-09-28,safe_useful_retention_v1_2026-09-28,paper_ssp_200m_moderate_v1,3,150,150.0,B3,tr_20211a97cb5f_gpu,-30.046,0.0,0.0,0,0.0,0.0,0,"{""conflicting_task_ownership"": 0, ""duplicate_execution"": 0, ""contradictory_reassignment"": 0, ""incompatible_mission_state"": 0, ""inconsistent_anomaly_state"": 0}",63104,20640,83744,0.7535345815819641,0.16666666666666666,0.8333333333333334,"{""auv_00"": 20.0, ""auv_01"": 40.0}",partial,40.0
85424607cd80fc940be0d3f9bf743dcc9e509f91,9f1a50d3ca518de3,paper_risk_bounded_v1_2026-09-28,utility_v2_frozen_2026-09-28,safe_useful_retention_v1_2026-09-28,paper_ssp_200m_moderate_v1,3,150,150.0,B4,tr_20211a97cb5f_gpu,0.95355,0.0,0.0,0,0.8,0.014234875444839857,1,"{""conflicting_task_ownership"": 0, ""duplicate_execution"": 0, ""contradictory_reassignment"": 1, ""incompatible_mission_state"": 0, ""inconsistent_anomaly_state"": 0}",63104,20640,83744,0.7535345815819641,0.16666666666666666,0.8333333333333334,"{""auv_00"": 20.0, ""auv_01"": 40.0}",partial,40.0
85424607cd80fc940be0d3f9bf743dcc9e509f91,9f1a50d3ca518de3,paper_risk_bounded_v1_2026-09-28,utility_v2_frozen_2026-09-28,safe_useful_retention_v1_2026-09-28,paper_ssp_200m_moderate_v1,3,150,150.0,B5_conservative,tr_20211a97cb5f_gpu,-30.046,0.0,0.0,0,0.0,0.0,0,"{""conflicting_task_ownership"": 0, ""duplicate_execution"": 0, ""contradictory_reassignment"": 0, ""incompatible_mission_state"": 0, ""inconsistent_anomaly_state"": 0}",63104,20640,83744,0.7535345815819641,0.16666666666666666,0.8333333333333334,"{""auv_00"": 20.0, ""auv_01"": 40.0}",partial,40.0
85424607cd80fc940be0d3f9bf743dcc9e509f91,9f1a50d3ca518de3,paper_risk_bounded_v1_2026-09-28,utility_v2_frozen_2026-09-28,safe_useful_retention_v1_2026-09-28,paper_ssp_200m_moderate_v1,3,150,150.0,B5_nominal,tr_20211a97cb5f_gpu,41.923,0.9210526315789473,0.9210526315789473,70,1.0,1.0,2,"{""conflicting_task_ownership"": 0, ""duplicate_execution"": 0, ""contradictory_reassignment"": 1, ""incompatible_mission_state"": 1, ""inconsistent_anomaly_state"": 0}",63104,15200,78304,0.8058847568451165,0.16666666666666666,0.8333333333333334,"{""auv_00"": 20.0, ""auv_01"": 40.0}",partial,40.0
85424607cd80fc940be0d3f9bf743dcc9e509f91,9f1a50d3ca518de3,paper_risk_bounded_v1_2026-09-28,utility_v2_frozen_2026-09-28,safe_useful_retention_v1_2026-09-28,paper_ssp_200m_moderate_v1,3,150,150.0,B5_permissive,tr_20211a97cb5f_gpu,41.923,0.9210526315789473,0.9210526315789473,70,1.0,1.0,2,"{""conflicting_task_ownership"": 0, ""duplicate_execution"": 0, ""contradictory_reassignment"": 1, ""incompatible_mission_state"": 1, ""inconsistent_anomaly_state"": 0}",63104,15200,78304,0.8058847568451165,0.16666666666666666,0.8333333333333334,"{""auv_00"": 20.0, ""auv_01"": 40.0}",partial,40.0
85424607cd80fc940be0d3f9bf743dcc9e509f91,1c121bed16273697,paper_risk_bounded_v1_2026-09-28,utility_v2_frozen_2026-09-28,safe_useful_retention_v1_2026-09-28,paper_ssp_200m_moderate_v1,3,300,300.0,B1,tr_20211a97cb5f_gpu,47.9183,0.8048780487804879,0.9850746268656716,66,1.0,1.0,1,"{""conflicting_task_ownership"": 0, ""duplicate_execution"": 0, ""contradictory_reassignment"": 0, ""incompatible_mission_state"": 1, ""inconsistent_anomaly_state"": 0}",63616,18560,82176,0.7741433021806854,0.25,0.75,"{""auv_00"": 20.0, ""auv_02"": 40.0, ""auv_01"": 60.0}",partial,60.0
85424607cd80fc940be0d3f9bf743dcc9e509f91,1c121bed16273697,paper_risk_bounded_v1_2026-09-28,utility_v2_frozen_2026-09-28,safe_useful_retention_v1_2026-09-28,paper_ssp_200m_moderate_v1,3,300,300.0,B2,tr_20211a97cb5f_gpu,-14.0806,0.925,0.925,74,1.0,1.0,6,"{""conflicting_task_ownership"": 0, ""duplicate_execution"": 0, ""contradictory_reassignment"": 1, ""incompatible_mission_state"": 1, ""inconsistent_anomaly_state"": 4}",63616,18560,82176,0.7741433021806854,0.25,0.75,"{""auv_00"": 20.0, ""auv_02"": 40.0, ""auv_01"": 60.0}",partial,60.0
85424607cd80fc940be0d3f9bf743dcc9e509f91,1c121bed16273697,paper_risk_bounded_v1_2026-09-28,utility_v2_frozen_2026-09-28,safe_useful_retention_v1_2026-09-28,paper_ssp_200m_moderate_v1,3,300,300.0,B3,tr_20211a97cb5f_gpu,-30.0458,0.0,0.0,0,0.0,0.0,0,"{""conflicting_task_ownership"": 0, ""duplicate_execution"": 0, ""contradictory_reassignment"": 0, ""incompatible_mission_state"": 0, ""inconsistent_anomaly_state"": 0}",63616,24000,87616,0.7260774287801315,0.25,0.75,"{""auv_00"": 20.0, ""auv_02"": 40.0, ""auv_01"": 60.0}",partial,60.0
85424607cd80fc940be0d3f9bf743dcc9e509f91,1c121bed16273697,paper_risk_bounded_v1_2026-09-28,utility_v2_frozen_2026-09-28,safe_useful_retention_v1_2026-09-28,paper_ssp_200m_moderate_v1,3,300,300.0,B4,tr_20211a97cb5f_gpu,0.95375,0.0,0.0,0,0.8,0.014184397163120567,1,"{""conflicting_task_ownership"": 0, ""duplicate_execution"": 0, ""contradictory_reassignment"": 1, ""incompatible_mission_state"": 0, ""inconsistent_anomaly_state"": 0}",63616,24000,87616,0.7260774287801315,0.25,0.75,"{""auv_00"": 20.0, ""auv_02"": 40.0, ""auv_01"": 60.0}",partial,60.0
85424607cd80fc940be0d3f9bf743dcc9e509f91,1c121bed16273697,paper_risk_bounded_v1_2026-09-28,utility_v2_frozen_2026-09-28,safe_useful_retention_v1_2026-09-28,paper_ssp_200m_moderate_v1,3,300,300.0,B5_conservative,tr_20211a97cb5f_gpu,-30.0458,0.0,0.0,0,0.0,0.0,0,"{""conflicting_task_ownership"": 0, ""duplicate_execution"": 0, ""contradictory_reassignment"": 0, ""incompatible_mission_state"": 0, ""inconsistent_anomaly_state"": 0}",63616,24000,87616,0.7260774287801315,0.25,0.75,"{""auv_00"": 20.0, ""auv_02"": 40.0, ""auv_01"": 60.0}",partial,60.0
85424607cd80fc940be0d3f9bf743dcc9e509f91,1c121bed16273697,paper_risk_bounded_v1_2026-09-28,utility_v2_frozen_2026-09-28,safe_useful_retention_v1_2026-09-28,paper_ssp_200m_moderate_v1,3,300,300.0,B5_nominal,tr_20211a97cb5f_gpu,-14.0806,0.925,0.925,74,1.0,1.0,6,"{""conflicting_task_ownership"": 0, ""duplicate_execution"": 0, ""contradictory_reassignment"": 1, ""incompatible_mission_state"": 1, ""inconsistent_anomaly_state"": 4}",63616,18560,82176,0.7741433021806854,0.25,0.75,"{""auv_00"": 20.0, ""auv_02"": 40.0, ""auv_01"": 60.0}",partial,60.0
85424607cd80fc940be0d3f9bf743dcc9e509f91,1c121bed16273697,paper_risk_bounded_v1_2026-09-28,utility_v2_frozen_2026-09-28,safe_useful_retention_v1_2026-09-28,paper_ssp_200m_moderate_v1,3,300,300.0,B5_permissive,tr_20211a97cb5f_gpu,-14.0806,0.925,0.925,74,1.0,1.0,6,"{""conflicting_task_ownership"": 0, ""duplicate_execution"": 0, ""contradictory_reassignment"": 1, ""incompatible_mission_state"": 1, ""inconsistent_anomaly_state"": 4}",63616,18560,82176,0.7741433021806854,0.25,0.75,"{""auv_00"": 20.0, ""auv_02"": 40.0, ""auv_01"": 60.0}",partial,60.0
85424607cd80fc940be0d3f9bf743dcc9e509f91,2940f71c74903086,paper_risk_bounded_v1_2026-09-28,utility_v2_frozen_2026-09-28,safe_useful_retention_v1_2026-09-28,paper_ssp_200m_moderate_v1,3,500,500.0,B1,tr_20211a97cb5f_gpu,47.9189,0.75,0.9850746268656716,66,1.0,1.0,1,"{""conflicting_task_ownership"": 0, ""duplicate_execution"": 0, ""contradictory_reassignment"": 0, ""incompatible_mission_state"": 1, ""inconsistent_anomaly_state"": 0}",56576,23360,79936,0.7077662129703763,0.16666666666666666,0.8333333333333334,"{""auv_00"": 40.0, ""auv_01"": 60.0}",partial,60.0
85424607cd80fc940be0d3f9bf743dcc9e509f91,2940f71c74903086,paper_risk_bounded_v1_2026-09-28,utility_v2_frozen_2026-09-28,safe_useful_retention_v1_2026-09-28,paper_ssp_200m_moderate_v1,3,500,500.0,B2,tr_20211a97cb5f_gpu,-77.08455,0.9294117647058824,0.9294117647058824,79,1.0,1.0,9,"{""conflicting_task_ownership"": 0, ""duplicate_execution"": 0, ""contradictory_reassignment"": 1, ""incompatible_mission_state"": 4, ""inconsistent_anomaly_state"": 4}",56576,23360,79936,0.7077662129703763,0.16666666666666666,0.8333333333333334,"{""auv_00"": 40.0, ""auv_01"": 60.0}",partial,60.0
85424607cd80fc940be0d3f9bf743dcc9e509f91,2940f71c74903086,paper_risk_bounded_v1_2026-09-28,utility_v2_frozen_2026-09-28,safe_useful_retention_v1_2026-09-28,paper_ssp_200m_moderate_v1,3,500,500.0,B3,tr_20211a97cb5f_gpu,-30.0456,0.0,0.0,0,0.0,0.0,0,"{""conflicting_task_ownership"": 0, ""duplicate_execution"": 0, ""contradictory_reassignment"": 0, ""incompatible_mission_state"": 0, ""inconsistent_anomaly_state"": 0}",56576,28800,85376,0.6626686656671664,0.16666666666666666,0.8333333333333334,"{""auv_00"": 40.0, ""auv_01"": 60.0}",partial,60.0
85424607cd80fc940be0d3f9bf743dcc9e509f91,2940f71c74903086,paper_risk_bounded_v1_2026-09-28,utility_v2_frozen_2026-09-28,safe_useful_retention_v1_2026-09-28,paper_ssp_200m_moderate_v1,3,500,500.0,B4,tr_20211a97cb5f_gpu,0.95395,0.0,0.0,0,0.8,0.014336917562724014,1,"{""conflicting_task_ownership"": 0, ""duplicate_execution"": 0, ""contradictory_reassignment"": 1, ""incompatible_mission_state"": 0, ""inconsistent_anomaly_state"": 0}",56576,28800,85376,0.6626686656671664,0.16666666666666666,0.8333333333333334,"{""auv_00"": 40.0, ""auv_01"": 60.0}",partial,60.0
85424607cd80fc940be0d3f9bf743dcc9e509f91,2940f71c74903086,paper_risk_bounded_v1_2026-09-28,utility_v2_frozen_2026-09-28,safe_useful_retention_v1_2026-09-28,paper_ssp_200m_moderate_v1,3,500,500.0,B5_conservative,tr_20211a97cb5f_gpu,-30.0456,0.0,0.0,0,0.0,0.0,0,"{""conflicting_task_ownership"": 0, ""duplicate_execution"": 0, ""contradictory_reassignment"": 0, ""incompatible_mission_state"": 0, ""inconsistent_anomaly_state"": 0}",56576,28800,85376,0.6626686656671664,0.16666666666666666,0.8333333333333334,"{""auv_00"": 40.0, ""auv_01"": 60.0}",partial,60.0
85424607cd80fc940be0d3f9bf743dcc9e509f91,2940f71c74903086,paper_risk_bounded_v1_2026-09-28,utility_v2_frozen_2026-09-28,safe_useful_retention_v1_2026-09-28,paper_ssp_200m_moderate_v1,3,500,500.0,B5_nominal,tr_20211a97cb5f_gpu,-77.08455,0.9294117647058824,0.9294117647058824,79,1.0,1.0,9,"{""conflicting_task_ownership"": 0, ""duplicate_execution"": 0, ""contradictory_reassignment"": 1, ""incompatible_mission_state"": 4, ""inconsistent_anomaly_state"": 4}",56576,23360,79936,0.7077662129703763,0.16666666666666666,0.8333333333333334,"{""auv_00"": 40.0, ""auv_01"": 60.0}",partial,60.0
85424607cd80fc940be0d3f9bf743dcc9e509f91,2940f71c74903086,paper_risk_bounded_v1_2026-09-28,utility_v2_frozen_2026-09-28,safe_useful_retention_v1_2026-09-28,paper_ssp_200m_moderate_v1,3,500,500.0,B5_permissive,tr_20211a97cb5f_gpu,-77.08455,0.9294117647058824,0.9294117647058824,79,1.0,1.0,9,"{""conflicting_task_ownership"": 0, ""duplicate_execution"": 0, ""contradictory_reassignment"": 1, ""incompatible_mission_state"": 4, ""inconsistent_anomaly_state"": 4}",56576,23360,79936,0.7077662129703763,0.16666666666666666,0.8333333333333334,"{""auv_00"": 40.0, ""auv_01"": 60.0}",partial,60.0
85424607cd80fc940be0d3f9bf743dcc9e509f91,55bee837ec3a8344,paper_risk_bounded_v1_2026-09-28,utility_v2_frozen_2026-09-28,safe_useful_retention_v1_2026-09-28,paper_ssp_200m_moderate_v1,3,750,750.0,B1,tr_20211a97cb5f_gpu,47.9192,0.7252747252747253,0.9850746268656716,66,1.0,1.0,1,"{""conflicting_task_ownership"": 0, ""duplicate_execution"": 0, ""contradictory_reassignment"": 0, ""incompatible_mission_state"": 1, ""inconsistent_anomaly_state"": 0}",52480,29600,82080,0.6393762183235867,0.3333333333333333,0.6666666666666666,"{""auv_02"": 20.0, ""auv_00"": 20.0, ""auv_03"": 40.0, ""auv_01"": 60.0}",partial,60.0
85424607cd80fc940be0d3f9bf743dcc9e509f91,55bee837ec3a8344,paper_risk_bounded_v1_2026-09-28,utility_v2_frozen_2026-09-28,safe_useful_retention_v1_2026-09-28,paper_ssp_200m_moderate_v1,3,750,750.0,B2,tr_20211a97cb5f_gpu,-77.08455,0.9294117647058824,0.9294117647058824,79,1.0,1.0,9,"{""conflicting_task_ownership"": 0, ""duplicate_execution"": 0, ""contradictory_reassignment"": 1, ""incompatible_mission_state"": 4, ""inconsistent_anomaly_state"": 4}",52480,29600,82080,0.6393762183235867,0.3333333333333333,0.6666666666666666,"{""auv_02"": 20.0, ""auv_00"": 20.0, ""auv_03"": 40.0, ""auv_01"": 60.0}",partial,60.0
85424607cd80fc940be0d3f9bf743dcc9e509f91,55bee837ec3a8344,paper_risk_bounded_v1_2026-09-28,utility_v2_frozen_2026-09-28,safe_useful_retention_v1_2026-09-28,paper_ssp_200m_moderate_v1,3,750,750.0,B3,tr_20211a97cb5f_gpu,-30.0453,0.0,0.0,0,0.0,0.0,0,"{""conflicting_task_ownership"": 0, ""duplicate_execution"": 0, ""contradictory_reassignment"": 0, ""incompatible_mission_state"": 0, ""inconsistent_anomaly_state"": 0}",52480,35040,87520,0.5996343692870201,0.3333333333333333,0.6666666666666666,"{""auv_00"": 20.0, ""auv_02"": 20.0, ""auv_03"": 40.0, ""auv_01"": 60.0}",partial,60.0
85424607cd80fc940be0d3f9bf743dcc9e509f91,55bee837ec3a8344,paper_risk_bounded_v1_2026-09-28,utility_v2_frozen_2026-09-28,safe_useful_retention_v1_2026-09-28,paper_ssp_200m_moderate_v1,3,750,750.0,B4,tr_20211a97cb5f_gpu,0.95425,0.0,0.0,0,0.8,0.014336917562724014,1,"{""conflicting_task_ownership"": 0, ""duplicate_execution"": 0, ""contradictory_reassignment"": 1, ""incompatible_mission_state"": 0, ""inconsistent_anomaly_state"": 0}",52480,35040,87520,0.5996343692870201,0.3333333333333333,0.6666666666666666,"{""auv_00"": 20.0, ""auv_02"": 20.0, ""auv_03"": 40.0, ""auv_01"": 60.0}",partial,60.0
85424607cd80fc940be0d3f9bf743dcc9e509f91,55bee837ec3a8344,paper_risk_bounded_v1_2026-09-28,utility_v2_frozen_2026-09-28,safe_useful_retention_v1_2026-09-28,paper_ssp_200m_moderate_v1,3,750,750.0,B5_conservative,tr_20211a97cb5f_gpu,-30.0453,0.0,0.0,0,0.0,0.0,0,"{""conflicting_task_ownership"": 0, ""duplicate_execution"": 0, ""contradictory_reassignment"": 0, ""incompatible_mission_state"": 0, ""inconsistent_anomaly_state"": 0}",52480,35040,87520,0.5996343692870201,0.3333333333333333,0.6666666666666666,"{""auv_02"": 20.0, ""auv_00"": 20.0, ""auv_03"": 40.0, ""auv_01"": 60.0}",partial,60.0
85424607cd80fc940be0d3f9bf743dcc9e509f91,55bee837ec3a8344,paper_risk_bounded_v1_2026-09-28,utility_v2_frozen_2026-09-28,safe_useful_retention_v1_2026-09-28,paper_ssp_200m_moderate_v1,3,750,750.0,B5_nominal,tr_20211a97cb5f_gpu,-77.08455,0.9294117647058824,0.9294117647058824,79,1.0,1.0,9,"{""conflicting_task_ownership"": 0, ""duplicate_execution"": 0, ""contradictory_reassignment"": 1, ""incompatible_mission_state"": 4, ""inconsistent_anomaly_state"": 4}",52480,29600,82080,0.6393762183235867,0.3333333333333333,0.6666666666666666,"{""auv_02"": 20.0, ""auv_00"": 20.0, ""auv_03"": 40.0, ""auv_01"": 60.0}",partial,60.0
85424607cd80fc940be0d3f9bf743dcc9e509f91,55bee837ec3a8344,paper_risk_bounded_v1_2026-09-28,utility_v2_frozen_2026-09-28,safe_useful_retention_v1_2026-09-28,paper_ssp_200m_moderate_v1,3,750,750.0,B5_permissive,tr_20211a97cb5f_gpu,-77.08455,0.9294117647058824,0.9294117647058824,79,1.0,1.0,9,"{""conflicting_task_ownership"": 0, ""duplicate_execution"": 0, ""contradictory_reassignment"": 1, ""incompatible_mission_state"": 4, ""inconsistent_anomaly_state"": 4}",52480,29600,82080,0.6393762183235867,0.3333333333333333,0.6666666666666666,"{""auv_00"": 20.0, ""auv_02"": 20.0, ""auv_03"": 40.0, ""auv_01"": 60.0}",partial,60.0
85424607cd80fc940be0d3f9bf743dcc9e509f91,4ea9fe3732bccb1f,paper_risk_bounded_v1_2026-09-28,utility_v2_frozen_2026-09-28,safe_useful_retention_v1_2026-09-28,paper_ssp_200m_moderate_v1,3,1000,1000.0,B1,tr_20211a97cb5f_gpu,47.9229,0.6666666666666666,0.9850746268656716,66,1.0,1.0,1,"{""conflicting_task_ownership"": 0, ""duplicate_execution"": 0, ""contradictory_reassignment"": 0, ""incompatible_mission_state"": 1, ""inconsistent_anomaly_state"": 0}",46720,35360,82080,0.5692007797270955,0.25,0.75,"{""auv_02"": 40.0, ""auv_01"": 60.0, ""auv_00"": 60.0}",partial,60.0
85424607cd80fc940be0d3f9bf743dcc9e509f91,4ea9fe3732bccb1f,paper_risk_bounded_v1_2026-09-28,utility_v2_frozen_2026-09-28,safe_useful_retention_v1_2026-09-28,paper_ssp_200m_moderate_v1,3,1000,1000.0,B2,tr_20211a97cb5f_gpu,-117.08815,0.9325842696629213,0.9325842696629213,83,1.0,1.0,9,"{""conflicting_task_ownership"": 0, ""duplicate_execution"": 0, ""contradictory_reassignment"": 1, ""incompatible_mission_state"": 4, ""inconsistent_anomaly_state"": 4}",46720,35360,82080,0.5692007797270955,0.25,0.75,"{""auv_02"": 40.0, ""auv_01"": 60.0, ""auv_00"": 60.0}",partial,60.0
85424607cd80fc940be0d3f9bf743dcc9e509f91,4ea9fe3732bccb1f,paper_risk_bounded_v1_2026-09-28,utility_v2_frozen_2026-09-28,safe_useful_retention_v1_2026-09-28,paper_ssp_200m_moderate_v1,3,1000,1000.0,B3,tr_20211a97cb5f_gpu,-30.0449,0.0,0.0,0,0.0,0.0,0,"{""conflicting_task_ownership"": 0, ""duplicate_execution"": 0, ""contradictory_reassignment"": 0, ""incompatible_mission_state"": 0, ""inconsistent_anomaly_state"": 0}",46720,40800,87520,0.5338208409506399,0.25,0.75,"{""auv_02"": 40.0, ""auv_00"": 60.0, ""auv_01"": 60.0}",partial,60.0
85424607cd80fc940be0d3f9bf743dcc9e509f91,4ea9fe3732bccb1f,paper_risk_bounded_v1_2026-09-28,utility_v2_frozen_2026-09-28,safe_useful_retention_v1_2026-09-28,paper_ssp_200m_moderate_v1,3,1000,1000.0,B4,tr_20211a97cb5f_gpu,0.9551499999999999,0.0,0.0,0,0.8,0.014492753623188406,1,"{""conflicting_task_ownership"": 0, ""duplicate_execution"": 0, ""contradictory_reassignment"": 1, ""incompatible_mission_state"": 0, ""inconsistent_anomaly_state"": 0}",46720,40800,87520,0.5338208409506399,0.25,0.75,"{""auv_02"": 40.0, ""auv_01"": 60.0, ""auv_00"": 60.0}",partial,60.0
85424607cd80fc940be0d3f9bf743dcc9e509f91,4ea9fe3732bccb1f,paper_risk_bounded_v1_2026-09-28,utility_v2_frozen_2026-09-28,safe_useful_retention_v1_2026-09-28,paper_ssp_200m_moderate_v1,3,1000,1000.0,B5_conservative,tr_20211a97cb5f_gpu,-30.0449,0.0,0.0,0,0.0,0.0,0,"{""conflicting_task_ownership"": 0, ""duplicate_execution"": 0, ""contradictory_reassignment"": 0, ""incompatible_mission_state"": 0, ""inconsistent_anomaly_state"": 0}",46720,40800,87520,0.5338208409506399,0.25,0.75,"{""auv_02"": 40.0, ""auv_01"": 60.0, ""auv_00"": 60.0}",partial,60.0
85424607cd80fc940be0d3f9bf743dcc9e509f91,4ea9fe3732bccb1f,paper_risk_bounded_v1_2026-09-28,utility_v2_frozen_2026-09-28,safe_useful_retention_v1_2026-09-28,paper_ssp_200m_moderate_v1,3,1000,1000.0,B5_nominal,tr_20211a97cb5f_gpu,-117.08815,0.9325842696629213,0.9325842696629213,83,1.0,1.0,9,"{""conflicting_task_ownership"": 0, ""duplicate_execution"": 0, ""contradictory_reassignment"": 1, ""incompatible_mission_state"": 4, ""inconsistent_anomaly_state"": 4}",46720,35360,82080,0.5692007797270955,0.25,0.75,"{""auv_02"": 40.0, ""auv_01"": 60.0, ""auv_00"": 60.0}",partial,60.0
85424607cd80fc940be0d3f9bf743dcc9e509f91,4ea9fe3732bccb1f,paper_risk_bounded_v1_2026-09-28,utility_v2_frozen_2026-09-28,safe_useful_retention_v1_2026-09-28,paper_ssp_200m_moderate_v1,3,1000,1000.0,B5_permissive,tr_20211a97cb5f_gpu,-117.08815,0.9325842696629213,0.9325842696629213,83,1.0,1.0,9,"{""conflicting_task_ownership"": 0, ""duplicate_execution"": 0, ""contradictory_reassignment"": 1, ""incompatible_mission_state"": 4, ""inconsistent_anomaly_state"": 4}",46720,35360,82080,0.5692007797270955,0.25,0.75,"{""auv_02"": 40.0, ""auv_00"": 60.0, ""auv_01"": 60.0}",partial,60.0
85424607cd80fc940be0d3f9bf743dcc9e509f91,3eb7f030e79904e8,paper_risk_bounded_v1_2026-09-28,utility_v2_frozen_2026-09-28,safe_useful_retention_v1_2026-09-28,paper_ssp_200m_moderate_v1,4,0,0.0,B1,tr_6f36c0ce7c2d_gpu,47.9171,0.9857142857142858,0.9857142857142858,69,1.0,1.0,1,"{""conflicting_task_ownership"": 0, ""duplicate_execution"": 0, ""contradictory_reassignment"": 0, ""incompatible_mission_state"": 1, ""inconsistent_anomaly_state"": 0}",61440,11360,72800,0.843956043956044,,,{},idle,0.0
85424607cd80fc940be0d3f9bf743dcc9e509f91,3eb7f030e79904e8,paper_risk_bounded_v1_2026-09-28,utility_v2_frozen_2026-09-28,safe_useful_retention_v1_2026-09-28,paper_ssp_200m_moderate_v1,4,0,0.0,B2,tr_6f36c0ce7c2d_gpu,47.9171,0.9857142857142858,0.9857142857142858,69,1.0,1.0,1,"{""conflicting_task_ownership"": 0, ""duplicate_execution"": 0, ""contradictory_reassignment"": 0, ""incompatible_mission_state"": 1, ""inconsistent_anomaly_state"": 0}",61440,11360,72800,0.843956043956044,,,{},idle,0.0
85424607cd80fc940be0d3f9bf743dcc9e509f91,3eb7f030e79904e8,paper_risk_bounded_v1_2026-09-28,utility_v2_frozen_2026-09-28,safe_useful_retention_v1_2026-09-28,paper_ssp_200m_moderate_v1,4,0,0.0,B3,tr_6f36c0ce7c2d_gpu,-30.0462,0.0,0.0,0,0.0,0.0,0,"{""conflicting_task_ownership"": 0, ""duplicate_execution"": 0, ""contradictory_reassignment"": 0, ""incompatible_mission_state"": 0, ""inconsistent_anomaly_state"": 0}",61440,16800,78240,0.7852760736196319,,,{},idle,0.0
85424607cd80fc940be0d3f9bf743dcc9e509f91,3eb7f030e79904e8,paper_risk_bounded_v1_2026-09-28,utility_v2_frozen_2026-09-28,safe_useful_retention_v1_2026-09-28,paper_ssp_200m_moderate_v1,4,0,0.0,B4,tr_6f36c0ce7c2d_gpu,-18.0462,0.0,0.0,0,1.0,0.0035714285714285713,0,"{""conflicting_task_ownership"": 0, ""duplicate_execution"": 0, ""contradictory_reassignment"": 0, ""incompatible_mission_state"": 0, ""inconsistent_anomaly_state"": 0}",61440,16800,78240,0.7852760736196319,,,{},idle,0.0
85424607cd80fc940be0d3f9bf743dcc9e509f91,3eb7f030e79904e8,paper_risk_bounded_v1_2026-09-28,utility_v2_frozen_2026-09-28,safe_useful_retention_v1_2026-09-28,paper_ssp_200m_moderate_v1,4,0,0.0,B5_conservative,tr_6f36c0ce7c2d_gpu,-30.0462,0.0,0.0,0,0.0,0.0,0,"{""conflicting_task_ownership"": 0, ""duplicate_execution"": 0, ""contradictory_reassignment"": 0, ""incompatible_mission_state"": 0, ""inconsistent_anomaly_state"": 0}",61440,16800,78240,0.7852760736196319,,,{},idle,0.0
85424607cd80fc940be0d3f9bf743dcc9e509f91,3eb7f030e79904e8,paper_risk_bounded_v1_2026-09-28,utility_v2_frozen_2026-09-28,safe_useful_retention_v1_2026-09-28,paper_ssp_200m_moderate_v1,4,0,0.0,B5_nominal,tr_6f36c0ce7c2d_gpu,47.9171,0.9857142857142858,0.9857142857142858,69,1.0,1.0,1,"{""conflicting_task_ownership"": 0, ""duplicate_execution"": 0, ""contradictory_reassignment"": 0, ""incompatible_mission_state"": 1, ""inconsistent_anomaly_state"": 0}",61440,11360,72800,0.843956043956044,,,{},idle,0.0
85424607cd80fc940be0d3f9bf743dcc9e509f91,3eb7f030e79904e8,paper_risk_bounded_v1_2026-09-28,utility_v2_frozen_2026-09-28,safe_useful_retention_v1_2026-09-28,paper_ssp_200m_moderate_v1,4,0,0.0,B5_permissive,tr_6f36c0ce7c2d_gpu,47.9171,0.9857142857142858,0.9857142857142858,69,1.0,1.0,1,"{""conflicting_task_ownership"": 0, ""duplicate_execution"": 0, ""contradictory_reassignment"": 0, ""incompatible_mission_state"": 1, ""inconsistent_anomaly_state"": 0}",61440,11360,72800,0.843956043956044,,,{},idle,0.0
85424607cd80fc940be0d3f9bf743dcc9e509f91,6bb9fe8c993cbe9c,paper_risk_bounded_v1_2026-09-28,utility_v2_frozen_2026-09-28,safe_useful_retention_v1_2026-09-28,paper_ssp_200m_moderate_v1,4,150,150.0,B1,tr_6f36c0ce7c2d_gpu,47.9177,0.868421052631579,0.9850746268656716,66,1.0,1.0,1,"{""conflicting_task_ownership"": 0, ""duplicate_execution"": 0, ""contradictory_reassignment"": 0, ""incompatible_mission_state"": 1, ""inconsistent_anomaly_state"": 0}",61696,15200,76896,0.8023304203079484,0.25,0.75,"{""auv_02"": 20.0, ""auv_00"": 20.0, ""auv_01"": 40.0}",partial,40.0
85424607cd80fc940be0d3f9bf743dcc9e509f91,6bb9fe8c993cbe9c,paper_risk_bounded_v1_2026-09-28,utility_v2_frozen_2026-09-28,safe_useful_retention_v1_2026-09-28,paper_ssp_200m_moderate_v1,4,150,150.0,B2,tr_6f36c0ce7c2d_gpu,41.923,0.9210526315789473,0.9210526315789473,70,1.0,1.0,2,"{""conflicting_task_ownership"": 0, ""duplicate_execution"": 0, ""contradictory_reassignment"": 1, ""incompatible_mission_state"": 1, ""inconsistent_anomaly_state"": 0}",61696,15200,76896,0.8023304203079484,0.25,0.75,"{""auv_02"": 20.0, ""auv_00"": 20.0, ""auv_01"": 40.0}",partial,40.0
85424607cd80fc940be0d3f9bf743dcc9e509f91,6bb9fe8c993cbe9c,paper_risk_bounded_v1_2026-09-28,utility_v2_frozen_2026-09-28,safe_useful_retention_v1_2026-09-28,paper_ssp_200m_moderate_v1,4,150,150.0,B3,tr_6f36c0ce7c2d_gpu,-30.046,0.0,0.0,0,0.0,0.0,0,"{""conflicting_task_ownership"": 0, ""duplicate_execution"": 0, ""contradictory_reassignment"": 0, ""incompatible_mission_state"": 0, ""inconsistent_anomaly_state"": 0}",61696,20640,82336,0.7493198600855033,0.25,0.75,"{""auv_02"": 20.0, ""auv_00"": 20.0, ""auv_01"": 40.0}",partial,40.0
85424607cd80fc940be0d3f9bf743dcc9e509f91,6bb9fe8c993cbe9c,paper_risk_bounded_v1_2026-09-28,utility_v2_frozen_2026-09-28,safe_useful_retention_v1_2026-09-28,paper_ssp_200m_moderate_v1,4,150,150.0,B4,tr_6f36c0ce7c2d_gpu,0.95355,0.0,0.0,0,0.8,0.014234875444839857,1,"{""conflicting_task_ownership"": 0, ""duplicate_execution"": 0, ""contradictory_reassignment"": 1, ""incompatible_mission_state"": 0, ""inconsistent_anomaly_state"": 0}",61696,20640,82336,0.7493198600855033,0.25,0.75,"{""auv_00"": 20.0, ""auv_02"": 20.0, ""auv_01"": 40.0}",partial,40.0
85424607cd80fc940be0d3f9bf743dcc9e509f91,6bb9fe8c993cbe9c,paper_risk_bounded_v1_2026-09-28,utility_v2_frozen_2026-09-28,safe_useful_retention_v1_2026-09-28,paper_ssp_200m_moderate_v1,4,150,150.0,B5_conservative,tr_6f36c0ce7c2d_gpu,-30.046,0.0,0.0,0,0.0,0.0,0,"{""conflicting_task_ownership"": 0, ""duplicate_execution"": 0, ""contradictory_reassignment"": 0, ""incompatible_mission_state"": 0, ""inconsistent_anomaly_state"": 0}",61696,20640,82336,0.7493198600855033,0.25,0.75,"{""auv_00"": 20.0, ""auv_02"": 20.0, ""auv_01"": 40.0}",partial,40.0
85424607cd80fc940be0d3f9bf743dcc9e509f91,6bb9fe8c993cbe9c,paper_risk_bounded_v1_2026-09-28,utility_v2_frozen_2026-09-28,safe_useful_retention_v1_2026-09-28,paper_ssp_200m_moderate_v1,4,150,150.0,B5_nominal,tr_6f36c0ce7c2d_gpu,41.923,0.9210526315789473,0.9210526315789473,70,1.0,1.0,2,"{""conflicting_task_ownership"": 0, ""duplicate_execution"": 0, ""contradictory_reassignment"": 1, ""incompatible_mission_state"": 1, ""inconsistent_anomaly_state"": 0}",61696,15200,76896,0.8023304203079484,0.25,0.75,"{""auv_02"": 20.0, ""auv_00"": 20.0, ""auv_01"": 40.0}",partial,40.0
85424607cd80fc940be0d3f9bf743dcc9e509f91,6bb9fe8c993cbe9c,paper_risk_bounded_v1_2026-09-28,utility_v2_frozen_2026-09-28,safe_useful_retention_v1_2026-09-28,paper_ssp_200m_moderate_v1,4,150,150.0,B5_permissive,tr_6f36c0ce7c2d_gpu,41.923,0.9210526315789473,0.9210526315789473,70,1.0,1.0,2,"{""conflicting_task_ownership"": 0, ""duplicate_execution"": 0, ""contradictory_reassignment"": 1, ""incompatible_mission_state"": 1, ""inconsistent_anomaly_state"": 0}",61696,15200,76896,0.8023304203079484,0.25,0.75,"{""auv_00"": 20.0, ""auv_02"": 20.0, ""auv_01"": 40.0}",partial,40.0
85424607cd80fc940be0d3f9bf743dcc9e509f91,090541cc044d7338,paper_risk_bounded_v1_2026-09-28,utility_v2_frozen_2026-09-28,safe_useful_retention_v1_2026-09-28,paper_ssp_200m_moderate_v1,4,300,300.0,B1,tr_6f36c0ce7c2d_gpu,47.9183,0.8048780487804879,0.9850746268656716,66,1.0,1.0,1,"{""conflicting_task_ownership"": 0, ""duplicate_execution"": 0, ""contradictory_reassignment"": 0, ""incompatible_mission_state"": 1, ""inconsistent_anomaly_state"": 0}",63488,18560,82048,0.7737909516380655,0.25,0.75,"{""auv_00"": 20.0, ""auv_02"": 20.0, ""auv_01"": 60.0}",partial,60.0
85424607cd80fc940be0d3f9bf743dcc9e509f91,090541cc044d7338,paper_risk_bounded_v1_2026-09-28,utility_v2_frozen_2026-09-28,safe_useful_retention_v1_2026-09-28,paper_ssp_200m_moderate_v1,4,300,300.0,B2,tr_6f36c0ce7c2d_gpu,-14.0806,0.925,0.925,74,1.0,1.0,6,"{""conflicting_task_ownership"": 0, ""duplicate_execution"": 0, ""contradictory_reassignment"": 1, ""incompatible_mission_state"": 1, ""inconsistent_anomaly_state"": 4}",63488,18560,82048,0.7737909516380655,0.25,0.75,"{""auv_00"": 20.0, ""auv_02"": 20.0, ""auv_01"": 60.0}",partial,60.0
85424607cd80fc940be0d3f9bf743dcc9e509f91,090541cc044d7338,paper_risk_bounded_v1_2026-09-28,utility_v2_frozen_2026-09-28,safe_useful_retention_v1_2026-09-28,paper_ssp_200m_moderate_v1,4,300,300.0,B3,tr_6f36c0ce7c2d_gpu,-30.0458,0.0,0.0,0,0.0,0.0,0,"{""conflicting_task_ownership"": 0, ""duplicate_execution"": 0, ""contradictory_reassignment"": 0, ""incompatible_mission_state"": 0, ""inconsistent_anomaly_state"": 0}",63488,24000,87488,0.7256766642282371,0.25,0.75,"{""auv_00"": 20.0, ""auv_02"": 20.0, ""auv_01"": 60.0}",partial,60.0
85424607cd80fc940be0d3f9bf743dcc9e509f91,090541cc044d7338,paper_risk_bounded_v1_2026-09-28,utility_v2_frozen_2026-09-28,safe_useful_retention_v1_2026-09-28,paper_ssp_200m_moderate_v1,4,300,300.0,B4,tr_6f36c0ce7c2d_gpu,0.95375,0.0,0.0,0,0.8,0.014184397163120567,1,"{""conflicting_task_ownership"": 0, ""duplicate_execution"": 0, ""contradictory_reassignment"": 1, ""incompatible_mission_state"": 0, ""inconsistent_anomaly_state"": 0}",63488,24000,87488,0.7256766642282371,0.25,0.75,"{""auv_00"": 20.0, ""auv_02"": 20.0, ""auv_01"": 60.0}",partial,60.0
85424607cd80fc940be0d3f9bf743dcc9e509f91,090541cc044d7338,paper_risk_bounded_v1_2026-09-28,utility_v2_frozen_2026-09-28,safe_useful_retention_v1_2026-09-28,paper_ssp_200m_moderate_v1,4,300,300.0,B5_conservative,tr_6f36c0ce7c2d_gpu,-30.0458,0.0,0.0,0,0.0,0.0,0,"{""conflicting_task_ownership"": 0, ""duplicate_execution"": 0, ""contradictory_reassignment"": 0, ""incompatible_mission_state"": 0, ""inconsistent_anomaly_state"": 0}",63488,24000,87488,0.7256766642282371,0.25,0.75,"{""auv_02"": 20.0, ""auv_00"": 20.0, ""auv_01"": 60.0}",partial,60.0
85424607cd80fc940be0d3f9bf743dcc9e509f91,090541cc044d7338,paper_risk_bounded_v1_2026-09-28,utility_v2_frozen_2026-09-28,safe_useful_retention_v1_2026-09-28,paper_ssp_200m_moderate_v1,4,300,300.0,B5_nominal,tr_6f36c0ce7c2d_gpu,-14.0806,0.925,0.925,74,1.0,1.0,6,"{""conflicting_task_ownership"": 0, ""duplicate_execution"": 0, ""contradictory_reassignment"": 1, ""incompatible_mission_state"": 1, ""inconsistent_anomaly_state"": 4}",63488,18560,82048,0.7737909516380655,0.25,0.75,"{""auv_00"": 20.0, ""auv_02"": 20.0, ""auv_01"": 60.0}",partial,60.0
85424607cd80fc940be0d3f9bf743dcc9e509f91,090541cc044d7338,paper_risk_bounded_v1_2026-09-28,utility_v2_frozen_2026-09-28,safe_useful_retention_v1_2026-09-28,paper_ssp_200m_moderate_v1,4,300,300.0,B5_permissive,tr_6f36c0ce7c2d_gpu,-14.0806,0.925,0.925,74,1.0,1.0,6,"{""conflicting_task_ownership"": 0, ""duplicate_execution"": 0, ""contradictory_reassignment"": 1, ""incompatible_mission_state"": 1, ""inconsistent_anomaly_state"": 4}",63488,18560,82048,0.7737909516380655,0.25,0.75,"{""auv_02"": 20.0, ""auv_00"": 20.0, ""auv_01"": 60.0}",partial,60.0
85424607cd80fc940be0d3f9bf743dcc9e509f91,444075f43d194303,paper_risk_bounded_v1_2026-09-28,utility_v2_frozen_2026-09-28,safe_useful_retention_v1_2026-09-28,paper_ssp_200m_moderate_v1,4,500,500.0,B1,tr_6f36c0ce7c2d_gpu,47.9189,0.75,0.9850746268656716,66,1.0,1.0,1,"{""conflicting_task_ownership"": 0, ""duplicate_execution"": 0, ""contradictory_reassignment"": 0, ""incompatible_mission_state"": 1, ""inconsistent_anomaly_state"": 0}",56448,23360,79808,0.7072975140336808,0.25,0.75,"{""auv_02"": 20.0, ""auv_00"": 40.0, ""auv_01"": 60.0}",partial,60.0
85424607cd80fc940be0d3f9bf743dcc9e509f91,444075f43d194303,paper_risk_bounded_v1_2026-09-28,utility_v2_frozen_2026-09-28,safe_useful_retention_v1_2026-09-28,paper_ssp_200m_moderate_v1,4,500,500.0,B2,tr_6f36c0ce7c2d_gpu,-77.08455,0.9294117647058824,0.9294117647058824,79,1.0,1.0,9,"{""conflicting_task_ownership"": 0, ""duplicate_execution"": 0, ""contradictory_reassignment"": 1, ""incompatible_mission_state"": 4, ""inconsistent_anomaly_state"": 4}",56448,23360,79808,0.7072975140336808,0.25,0.75,"{""auv_02"": 20.0, ""auv_00"": 40.0, ""auv_01"": 60.0}",partial,60.0
85424607cd80fc940be0d3f9bf743dcc9e509f91,444075f43d194303,paper_risk_bounded_v1_2026-09-28,utility_v2_frozen_2026-09-28,safe_useful_retention_v1_2026-09-28,paper_ssp_200m_moderate_v1,4,500,500.0,B3,tr_6f36c0ce7c2d_gpu,-30.0456,0.0,0.0,0,0.0,0.0,0,"{""conflicting_task_ownership"": 0, ""duplicate_execution"": 0, ""contradictory_reassignment"": 0, ""incompatible_mission_state"": 0, ""inconsistent_anomaly_state"": 0}",56448,28800,85248,0.6621621621621622,0.25,0.75,"{""auv_02"": 20.0, ""auv_00"": 40.0, ""auv_01"": 60.0}",partial,60.0
85424607cd80fc940be0d3f9bf743dcc9e509f91,444075f43d194303,paper_risk_bounded_v1_2026-09-28,utility_v2_frozen_2026-09-28,safe_useful_retention_v1_2026-09-28,paper_ssp_200m_moderate_v1,4,500,500.0,B4,tr_6f36c0ce7c2d_gpu,0.95395,0.0,0.0,0,0.8,0.014336917562724014,1,"{""conflicting_task_ownership"": 0, ""duplicate_execution"": 0, ""contradictory_reassignment"": 1, ""incompatible_mission_state"": 0, ""inconsistent_anomaly_state"": 0}",56448,28800,85248,0.6621621621621622,0.25,0.75,"{""auv_02"": 20.0, ""auv_00"": 40.0, ""auv_01"": 60.0}",partial,60.0
85424607cd80fc940be0d3f9bf743dcc9e509f91,444075f43d194303,paper_risk_bounded_v1_2026-09-28,utility_v2_frozen_2026-09-28,safe_useful_retention_v1_2026-09-28,paper_ssp_200m_moderate_v1,4,500,500.0,B5_conservative,tr_6f36c0ce7c2d_gpu,-30.0456,0.0,0.0,0,0.0,0.0,0,"{""conflicting_task_ownership"": 0, ""duplicate_execution"": 0, ""contradictory_reassignment"": 0, ""incompatible_mission_state"": 0, ""inconsistent_anomaly_state"": 0}",56448,28800,85248,0.6621621621621622,0.25,0.75,"{""auv_02"": 20.0, ""auv_00"": 40.0, ""auv_01"": 60.0}",partial,60.0
85424607cd80fc940be0d3f9bf743dcc9e509f91,444075f43d194303,paper_risk_bounded_v1_2026-09-28,utility_v2_frozen_2026-09-28,safe_useful_retention_v1_2026-09-28,paper_ssp_200m_moderate_v1,4,500,500.0,B5_nominal,tr_6f36c0ce7c2d_gpu,-77.08455,0.9294117647058824,0.9294117647058824,79,1.0,1.0,9,"{""conflicting_task_ownership"": 0, ""duplicate_execution"": 0, ""contradictory_reassignment"": 1, ""incompatible_mission_state"": 4, ""inconsistent_anomaly_state"": 4}",56448,23360,79808,0.7072975140336808,0.25,0.75,"{""auv_02"": 20.0, ""auv_00"": 40.0, ""auv_01"": 60.0}",partial,60.0
85424607cd80fc940be0d3f9bf743dcc9e509f91,444075f43d194303,paper_risk_bounded_v1_2026-09-28,utility_v2_frozen_2026-09-28,safe_useful_retention_v1_2026-09-28,paper_ssp_200m_moderate_v1,4,500,500.0,B5_permissive,tr_6f36c0ce7c2d_gpu,-77.08455,0.9294117647058824,0.9294117647058824,79,1.0,1.0,9,"{""conflicting_task_ownership"": 0, ""duplicate_execution"": 0, ""contradictory_reassignment"": 1, ""incompatible_mission_state"": 4, ""inconsistent_anomaly_state"": 4}",56448,23360,79808,0.7072975140336808,0.25,0.75,"{""auv_02"": 20.0, ""auv_00"": 40.0, ""auv_01"": 60.0}",partial,60.0
85424607cd80fc940be0d3f9bf743dcc9e509f91,90c3cc15c03d25a0,paper_risk_bounded_v1_2026-09-28,utility_v2_frozen_2026-09-28,safe_useful_retention_v1_2026-09-28,paper_ssp_200m_moderate_v1,4,750,750.0,B1,tr_6f36c0ce7c2d_gpu,47.9192,0.7252747252747253,0.9850746268656716,66,1.0,1.0,1,"{""conflicting_task_ownership"": 0, ""duplicate_execution"": 0, ""contradictory_reassignment"": 0, ""incompatible_mission_state"": 1, ""inconsistent_anomaly_state"": 0}",50560,29600,80160,0.6307385229540918,0.4166666666666667,0.5833333333333334,"{""auv_02"": 20.0, ""auv_00"": 20.0, ""auv_03"": 40.0, ""auv_04"": 60.0, ""auv_01"": 60.0}",partial,60.0
85424607cd80fc940be0d3f9bf743dcc9e509f91,90c3cc15c03d25a0,paper_risk_bounded_v1_2026-09-28,utility_v2_frozen_2026-09-28,safe_useful_retention_v1_2026-09-28,paper_ssp_200m_moderate_v1,4,750,750.0,B2,tr_6f36c0ce7c2d_gpu,-77.08455,0.9294117647058824,0.9294117647058824,79,1.0,1.0,9,"{""conflicting_task_ownership"": 0, ""duplicate_execution"": 0, ""contradictory_reassignment"": 1, ""incompatible_mission_state"": 4, ""inconsistent_anomaly_state"": 4}",50560,29600,80160,0.6307385229540918,0.4166666666666667,0.5833333333333334,"{""auv_00"": 20.0, ""auv_02"": 20.0, ""auv_03"": 40.0, ""auv_01"": 60.0, ""auv_04"": 60.0}",partial,60.0
85424607cd80fc940be0d3f9bf743dcc9e509f91,90c3cc15c03d25a0,paper_risk_bounded_v1_2026-09-28,utility_v2_frozen_2026-09-28,safe_useful_retention_v1_2026-09-28,paper_ssp_200m_moderate_v1,4,750,750.0,B3,tr_6f36c0ce7c2d_gpu,-30.0453,0.0,0.0,0,0.0,0.0,0,"{""conflicting_task_ownership"": 0, ""duplicate_execution"": 0, ""contradictory_reassignment"": 0, ""incompatible_mission_state"": 0, ""inconsistent_anomaly_state"": 0}",50560,35040,85600,0.5906542056074766,0.4166666666666667,0.5833333333333334,"{""auv_02"": 20.0, ""auv_00"": 20.0, ""auv_03"": 40.0, ""auv_01"": 60.0, ""auv_04"": 60.0}",partial,60.0
85424607cd80fc940be0d3f9bf743dcc9e509f91,90c3cc15c03d25a0,paper_risk_bounded_v1_2026-09-28,utility_v2_frozen_2026-09-28,safe_useful_retention_v1_2026-09-28,paper_ssp_200m_moderate_v1,4,750,750.0,B4,tr_6f36c0ce7c2d_gpu,0.95425,0.0,0.0,0,0.8,0.014336917562724014,1,"{""conflicting_task_ownership"": 0, ""duplicate_execution"": 0, ""contradictory_reassignment"": 1, ""incompatible_mission_state"": 0, ""inconsistent_anomaly_state"": 0}",50560,35040,85600,0.5906542056074766,0.4166666666666667,0.5833333333333334,"{""auv_02"": 20.0, ""auv_00"": 20.0, ""auv_03"": 40.0, ""auv_04"": 60.0, ""auv_01"": 60.0}",partial,60.0
85424607cd80fc940be0d3f9bf743dcc9e509f91,90c3cc15c03d25a0,paper_risk_bounded_v1_2026-09-28,utility_v2_frozen_2026-09-28,safe_useful_retention_v1_2026-09-28,paper_ssp_200m_moderate_v1,4,750,750.0,B5_conservative,tr_6f36c0ce7c2d_gpu,-30.0453,0.0,0.0,0,0.0,0.0,0,"{""conflicting_task_ownership"": 0, ""duplicate_execution"": 0, ""contradictory_reassignment"": 0, ""incompatible_mission_state"": 0, ""inconsistent_anomaly_state"": 0}",50560,35040,85600,0.5906542056074766,0.4166666666666667,0.5833333333333334,"{""auv_02"": 20.0, ""auv_00"": 20.0, ""auv_03"": 40.0, ""auv_01"": 60.0, ""auv_04"": 60.0}",partial,60.0
85424607cd80fc940be0d3f9bf743dcc9e509f91,90c3cc15c03d25a0,paper_risk_bounded_v1_2026-09-28,utility_v2_frozen_2026-09-28,safe_useful_retention_v1_2026-09-28,paper_ssp_200m_moderate_v1,4,750,750.0,B5_nominal,tr_6f36c0ce7c2d_gpu,-77.08455,0.9294117647058824,0.9294117647058824,79,1.0,1.0,9,"{""conflicting_task_ownership"": 0, ""duplicate_execution"": 0, ""contradictory_reassignment"": 1, ""incompatible_mission_state"": 4, ""inconsistent_anomaly_state"": 4}",50560,29600,80160,0.6307385229540918,0.4166666666666667,0.5833333333333334,"{""auv_02"": 20.0, ""auv_00"": 20.0, ""auv_03"": 40.0, ""auv_01"": 60.0, ""auv_04"": 60.0}",partial,60.0
85424607cd80fc940be0d3f9bf743dcc9e509f91,90c3cc15c03d25a0,paper_risk_bounded_v1_2026-09-28,utility_v2_frozen_2026-09-28,safe_useful_retention_v1_2026-09-28,paper_ssp_200m_moderate_v1,4,750,750.0,B5_permissive,tr_6f36c0ce7c2d_gpu,-77.08455,0.9294117647058824,0.9294117647058824,79,1.0,1.0,9,"{""conflicting_task_ownership"": 0, ""duplicate_execution"": 0, ""contradictory_reassignment"": 1, ""incompatible_mission_state"": 4, ""inconsistent_anomaly_state"": 4}",50560,29600,80160,0.6307385229540918,0.4166666666666667,0.5833333333333334,"{""auv_00"": 20.0, ""auv_02"": 20.0, ""auv_03"": 40.0, ""auv_01"": 60.0, ""auv_04"": 60.0}",partial,60.0
85424607cd80fc940be0d3f9bf743dcc9e509f91,d09d388c92753b0e,paper_risk_bounded_v1_2026-09-28,utility_v2_frozen_2026-09-28,safe_useful_retention_v1_2026-09-28,paper_ssp_200m_moderate_v1,4,1000,1000.0,B1,tr_6f36c0ce7c2d_gpu,47.9229,0.6666666666666666,0.9850746268656716,66,1.0,1.0,1,"{""conflicting_task_ownership"": 0, ""duplicate_execution"": 0, ""contradictory_reassignment"": 0, ""incompatible_mission_state"": 1, ""inconsistent_anomaly_state"": 0}",44160,35360,79520,0.5553319919517102,0.16666666666666666,0.8333333333333334,"{""auv_02"": 20.0, ""auv_01"": 60.0}",partial,60.0
85424607cd80fc940be0d3f9bf743dcc9e509f91,d09d388c92753b0e,paper_risk_bounded_v1_2026-09-28,utility_v2_frozen_2026-09-28,safe_useful_retention_v1_2026-09-28,paper_ssp_200m_moderate_v1,4,1000,1000.0,B2,tr_6f36c0ce7c2d_gpu,-117.08815,0.9325842696629213,0.9325842696629213,83,1.0,1.0,9,"{""conflicting_task_ownership"": 0, ""duplicate_execution"": 0, ""contradictory_reassignment"": 1, ""incompatible_mission_state"": 4, ""inconsistent_anomaly_state"": 4}",44160,35360,79520,0.5553319919517102,0.16666666666666666,0.8333333333333334,"{""auv_02"": 20.0, ""auv_01"": 60.0}",partial,60.0
85424607cd80fc940be0d3f9bf743dcc9e509f91,d09d388c92753b0e,paper_risk_bounded_v1_2026-09-28,utility_v2_frozen_2026-09-28,safe_useful_retention_v1_2026-09-28,paper_ssp_200m_moderate_v1,4,1000,1000.0,B3,tr_6f36c0ce7c2d_gpu,-30.0449,0.0,0.0,0,0.0,0.0,0,"{""conflicting_task_ownership"": 0, ""duplicate_execution"": 0, ""contradictory_reassignment"": 0, ""incompatible_mission_state"": 0, ""inconsistent_anomaly_state"": 0}",44160,40800,84960,0.519774011299435,0.16666666666666666,0.8333333333333334,"{""auv_02"": 20.0, ""auv_01"": 60.0}",partial,60.0
85424607cd80fc940be0d3f9bf743dcc9e509f91,d09d388c92753b0e,paper_risk_bounded_v1_2026-09-28,utility_v2_frozen_2026-09-28,safe_useful_retention_v1_2026-09-28,paper_ssp_200m_moderate_v1,4,1000,1000.0,B4,tr_6f36c0ce7c2d_gpu,0.9551499999999999,0.0,0.0,0,0.8,0.014492753623188406,1,"{""conflicting_task_ownership"": 0, ""duplicate_execution"": 0, ""contradictory_reassignment"": 1, ""incompatible_mission_state"": 0, ""inconsistent_anomaly_state"": 0}",44160,40800,84960,0.519774011299435,0.16666666666666666,0.8333333333333334,"{""auv_02"": 20.0, ""auv_01"": 60.0}",partial,60.0
85424607cd80fc940be0d3f9bf743dcc9e509f91,d09d388c92753b0e,paper_risk_bounded_v1_2026-09-28,utility_v2_frozen_2026-09-28,safe_useful_retention_v1_2026-09-28,paper_ssp_200m_moderate_v1,4,1000,1000.0,B5_conservative,tr_6f36c0ce7c2d_gpu,-30.0449,0.0,0.0,0,0.0,0.0,0,"{""conflicting_task_ownership"": 0, ""duplicate_execution"": 0, ""contradictory_reassignment"": 0, ""incompatible_mission_state"": 0, ""inconsistent_anomaly_state"": 0}",44160,40800,84960,0.519774011299435,0.16666666666666666,0.8333333333333334,"{""auv_02"": 20.0, ""auv_01"": 60.0}",partial,60.0
85424607cd80fc940be0d3f9bf743dcc9e509f91,d09d388c92753b0e,paper_risk_bounded_v1_2026-09-28,utility_v2_frozen_2026-09-28,safe_useful_retention_v1_2026-09-28,paper_ssp_200m_moderate_v1,4,1000,1000.0,B5_nominal,tr_6f36c0ce7c2d_gpu,-117.08815,0.9325842696629213,0.9325842696629213,83,1.0,1.0,9,"{""conflicting_task_ownership"": 0, ""duplicate_execution"": 0, ""contradictory_reassignment"": 1, ""incompatible_mission_state"": 4, ""inconsistent_anomaly_state"": 4}",44160,35360,79520,0.5553319919517102,0.16666666666666666,0.8333333333333334,"{""auv_02"": 20.0, ""auv_01"": 60.0}",partial,60.0
85424607cd80fc940be0d3f9bf743dcc9e509f91,d09d388c92753b0e,paper_risk_bounded_v1_2026-09-28,utility_v2_frozen_2026-09-28,safe_useful_retention_v1_2026-09-28,paper_ssp_200m_moderate_v1,4,1000,1000.0,B5_permissive,tr_6f36c0ce7c2d_gpu,-117.08815,0.9325842696629213,0.9325842696629213,83,1.0,1.0,9,"{""conflicting_task_ownership"": 0, ""duplicate_execution"": 0, ""contradictory_reassignment"": 1, ""incompatible_mission_state"": 4, ""inconsistent_anomaly_state"": 4}",44160,35360,79520,0.5553319919517102,0.16666666666666666,0.8333333333333334,"{""auv_02"": 20.0, ""auv_01"": 60.0}",partial,60.0
85424607cd80fc940be0d3f9bf743dcc9e509f91,703960448dd2ef07,paper_risk_bounded_v1_2026-09-28,utility_v2_frozen_2026-09-28,safe_useful_retention_v1_2026-09-28,paper_ssp_200m_moderate_v1,5,0,0.0,B1,tr_5d331a011f4e_gpu,47.9171,0.9857142857142858,0.9857142857142858,69,1.0,1.0,1,"{""conflicting_task_ownership"": 0, ""duplicate_execution"": 0, ""contradictory_reassignment"": 0, ""incompatible_mission_state"": 1, ""inconsistent_anomaly_state"": 0}",61184,11360,72544,0.8434053815615351,,,{},idle,0.0
85424607cd80fc940be0d3f9bf743dcc9e509f91,703960448dd2ef07,paper_risk_bounded_v1_2026-09-28,utility_v2_frozen_2026-09-28,safe_useful_retention_v1_2026-09-28,paper_ssp_200m_moderate_v1,5,0,0.0,B2,tr_5d331a011f4e_gpu,47.9171,0.9857142857142858,0.9857142857142858,69,1.0,1.0,1,"{""conflicting_task_ownership"": 0, ""duplicate_execution"": 0, ""contradictory_reassignment"": 0, ""incompatible_mission_state"": 1, ""inconsistent_anomaly_state"": 0}",61184,11360,72544,0.8434053815615351,,,{},idle,0.0
85424607cd80fc940be0d3f9bf743dcc9e509f91,703960448dd2ef07,paper_risk_bounded_v1_2026-09-28,utility_v2_frozen_2026-09-28,safe_useful_retention_v1_2026-09-28,paper_ssp_200m_moderate_v1,5,0,0.0,B3,tr_5d331a011f4e_gpu,-30.0462,0.0,0.0,0,0.0,0.0,0,"{""conflicting_task_ownership"": 0, ""duplicate_execution"": 0, ""contradictory_reassignment"": 0, ""incompatible_mission_state"": 0, ""inconsistent_anomaly_state"": 0}",61184,16800,77984,0.7845711940910957,,,{},idle,0.0
85424607cd80fc940be0d3f9bf743dcc9e509f91,703960448dd2ef07,paper_risk_bounded_v1_2026-09-28,utility_v2_frozen_2026-09-28,safe_useful_retention_v1_2026-09-28,paper_ssp_200m_moderate_v1,5,0,0.0,B4,tr_5d331a011f4e_gpu,-18.0462,0.0,0.0,0,1.0,0.0035714285714285713,0,"{""conflicting_task_ownership"": 0, ""duplicate_execution"": 0, ""contradictory_reassignment"": 0, ""incompatible_mission_state"": 0, ""inconsistent_anomaly_state"": 0}",61184,16800,77984,0.7845711940910957,,,{},idle,0.0
85424607cd80fc940be0d3f9bf743dcc9e509f91,703960448dd2ef07,paper_risk_bounded_v1_2026-09-28,utility_v2_frozen_2026-09-28,safe_useful_retention_v1_2026-09-28,paper_ssp_200m_moderate_v1,5,0,0.0,B5_conservative,tr_5d331a011f4e_gpu,-30.0462,0.0,0.0,0,0.0,0.0,0,"{""conflicting_task_ownership"": 0, ""duplicate_execution"": 0, ""contradictory_reassignment"": 0, ""incompatible_mission_state"": 0, ""inconsistent_anomaly_state"": 0}",61184,16800,77984,0.7845711940910957,,,{},idle,0.0
85424607cd80fc940be0d3f9bf743dcc9e509f91,703960448dd2ef07,paper_risk_bounded_v1_2026-09-28,utility_v2_frozen_2026-09-28,safe_useful_retention_v1_2026-09-28,paper_ssp_200m_moderate_v1,5,0,0.0,B5_nominal,tr_5d331a011f4e_gpu,47.9171,0.9857142857142858,0.9857142857142858,69,1.0,1.0,1,"{""conflicting_task_ownership"": 0, ""duplicate_execution"": 0, ""contradictory_reassignment"": 0, ""incompatible_mission_state"": 1, ""inconsistent_anomaly_state"": 0}",61184,11360,72544,0.8434053815615351,,,{},idle,0.0
85424607cd80fc940be0d3f9bf743dcc9e509f91,703960448dd2ef07,paper_risk_bounded_v1_2026-09-28,utility_v2_frozen_2026-09-28,safe_useful_retention_v1_2026-09-28,paper_ssp_200m_moderate_v1,5,0,0.0,B5_permissive,tr_5d331a011f4e_gpu,47.9171,0.9857142857142858,0.9857142857142858,69,1.0,1.0,1,"{""conflicting_task_ownership"": 0, ""duplicate_execution"": 0, ""contradictory_reassignment"": 0, ""incompatible_mission_state"": 1, ""inconsistent_anomaly_state"": 0}",61184,11360,72544,0.8434053815615351,,,{},idle,0.0
85424607cd80fc940be0d3f9bf743dcc9e509f91,4cb92c999685fddb,paper_risk_bounded_v1_2026-09-28,utility_v2_frozen_2026-09-28,safe_useful_retention_v1_2026-09-28,paper_ssp_200m_moderate_v1,5,150,150.0,B1,tr_5d331a011f4e_gpu,47.9177,0.868421052631579,0.9850746268656716,66,1.0,1.0,1,"{""conflicting_task_ownership"": 0, ""duplicate_execution"": 0, ""contradictory_reassignment"": 0, ""incompatible_mission_state"": 1, ""inconsistent_anomaly_state"": 0}",62336,15200,77536,0.8039620305406521,0.16666666666666666,0.8333333333333334,"{""auv_00"": 20.0, ""auv_01"": 40.0}",partial,40.0
85424607cd80fc940be0d3f9bf743dcc9e509f91,4cb92c999685fddb,paper_risk_bounded_v1_2026-09-28,utility_v2_frozen_2026-09-28,safe_useful_retention_v1_2026-09-28,paper_ssp_200m_moderate_v1,5,150,150.0,B2,tr_5d331a011f4e_gpu,41.923,0.9210526315789473,0.9210526315789473,70,1.0,1.0,2,"{""conflicting_task_ownership"": 0, ""duplicate_execution"": 0, ""contradictory_reassignment"": 1, ""incompatible_mission_state"": 1, ""inconsistent_anomaly_state"": 0}",62336,15200,77536,0.8039620305406521,0.16666666666666666,0.8333333333333334,"{""auv_00"": 20.0, ""auv_01"": 40.0}",partial,40.0
85424607cd80fc940be0d3f9bf743dcc9e509f91,4cb92c999685fddb,paper_risk_bounded_v1_2026-09-28,utility_v2_frozen_2026-09-28,safe_useful_retention_v1_2026-09-28,paper_ssp_200m_moderate_v1,5,150,150.0,B3,tr_5d331a011f4e_gpu,-30.046,0.0,0.0,0,0.0,0.0,0,"{""conflicting_task_ownership"": 0, ""duplicate_execution"": 0, ""contradictory_reassignment"": 0, ""incompatible_mission_state"": 0, ""inconsistent_anomaly_state"": 0}",62336,20640,82976,0.7512533744697262,0.16666666666666666,0.8333333333333334,"{""auv_00"": 20.0, ""auv_01"": 40.0}",partial,40.0
85424607cd80fc940be0d3f9bf743dcc9e509f91,4cb92c999685fddb,paper_risk_bounded_v1_2026-09-28,utility_v2_frozen_2026-09-28,safe_useful_retention_v1_2026-09-28,paper_ssp_200m_moderate_v1,5,150,150.0,B4,tr_5d331a011f4e_gpu,0.95355,0.0,0.0,0,0.8,0.014234875444839857,1,"{""conflicting_task_ownership"": 0, ""duplicate_execution"": 0, ""contradictory_reassignment"": 1, ""incompatible_mission_state"": 0, ""inconsistent_anomaly_state"": 0}",62336,20640,82976,0.7512533744697262,0.16666666666666666,0.8333333333333334,"{""auv_00"": 20.0, ""auv_01"": 40.0}",partial,40.0
85424607cd80fc940be0d3f9bf743dcc9e509f91,4cb92c999685fddb,paper_risk_bounded_v1_2026-09-28,utility_v2_frozen_2026-09-28,safe_useful_retention_v1_2026-09-28,paper_ssp_200m_moderate_v1,5,150,150.0,B5_conservative,tr_5d331a011f4e_gpu,-30.046,0.0,0.0,0,0.0,0.0,0,"{""conflicting_task_ownership"": 0, ""duplicate_execution"": 0, ""contradictory_reassignment"": 0, ""incompatible_mission_state"": 0, ""inconsistent_anomaly_state"": 0}",62336,20640,82976,0.7512533744697262,0.16666666666666666,0.8333333333333334,"{""auv_00"": 20.0, ""auv_01"": 40.0}",partial,40.0
85424607cd80fc940be0d3f9bf743dcc9e509f91,4cb92c999685fddb,paper_risk_bounded_v1_2026-09-28,utility_v2_frozen_2026-09-28,safe_useful_retention_v1_2026-09-28,paper_ssp_200m_moderate_v1,5,150,150.0,B5_nominal,tr_5d331a011f4e_gpu,41.923,0.9210526315789473,0.9210526315789473,70,1.0,1.0,2,"{""conflicting_task_ownership"": 0, ""duplicate_execution"": 0, ""contradictory_reassignment"": 1, ""incompatible_mission_state"": 1, ""inconsistent_anomaly_state"": 0}",62336,15200,77536,0.8039620305406521,0.16666666666666666,0.8333333333333334,"{""auv_00"": 20.0, ""auv_01"": 40.0}",partial,40.0
85424607cd80fc940be0d3f9bf743dcc9e509f91,4cb92c999685fddb,paper_risk_bounded_v1_2026-09-28,utility_v2_frozen_2026-09-28,safe_useful_retention_v1_2026-09-28,paper_ssp_200m_moderate_v1,5,150,150.0,B5_permissive,tr_5d331a011f4e_gpu,41.923,0.9210526315789473,0.9210526315789473,70,1.0,1.0,2,"{""conflicting_task_ownership"": 0, ""duplicate_execution"": 0, ""contradictory_reassignment"": 1, ""incompatible_mission_state"": 1, ""inconsistent_anomaly_state"": 0}",62336,15200,77536,0.8039620305406521,0.16666666666666666,0.8333333333333334,"{""auv_00"": 20.0, ""auv_01"": 40.0}",partial,40.0
85424607cd80fc940be0d3f9bf743dcc9e509f91,f3ed9e961a2dfe04,paper_risk_bounded_v1_2026-09-28,utility_v2_frozen_2026-09-28,safe_useful_retention_v1_2026-09-28,paper_ssp_200m_moderate_v1,5,300,300.0,B1,tr_5d331a011f4e_gpu,47.9183,0.8170731707317073,0.9852941176470589,67,1.0,1.0,1,"{""conflicting_task_ownership"": 0, ""duplicate_execution"": 0, ""contradictory_reassignment"": 0, ""incompatible_mission_state"": 1, ""inconsistent_anomaly_state"": 0}",61952,18560,80512,0.7694753577106518,0.3333333333333333,0.6666666666666666,"{""auv_00"": 20.0, ""auv_02"": 40.0, ""auv_04"": 40.0, ""auv_01"": 60.0}",partial,60.0
85424607cd80fc940be0d3f9bf743dcc9e509f91,f3ed9e961a2dfe04,paper_risk_bounded_v1_2026-09-28,utility_v2_frozen_2026-09-28,safe_useful_retention_v1_2026-09-28,paper_ssp_200m_moderate_v1,5,300,300.0,B2,tr_5d331a011f4e_gpu,-14.0806,0.925,0.925,74,1.0,1.0,6,"{""conflicting_task_ownership"": 0, ""duplicate_execution"": 0, ""contradictory_reassignment"": 1, ""incompatible_mission_state"": 1, ""inconsistent_anomaly_state"": 4}",61952,18560,80512,0.7694753577106518,0.3333333333333333,0.6666666666666666,"{""auv_00"": 20.0, ""auv_04"": 40.0, ""auv_02"": 40.0, ""auv_01"": 60.0}",partial,60.0
85424607cd80fc940be0d3f9bf743dcc9e509f91,f3ed9e961a2dfe04,paper_risk_bounded_v1_2026-09-28,utility_v2_frozen_2026-09-28,safe_useful_retention_v1_2026-09-28,paper_ssp_200m_moderate_v1,5,300,300.0,B3,tr_5d331a011f4e_gpu,-30.0458,0.0,0.0,0,0.0,0.0,0,"{""conflicting_task_ownership"": 0, ""duplicate_execution"": 0, ""contradictory_reassignment"": 0, ""incompatible_mission_state"": 0, ""inconsistent_anomaly_state"": 0}",61952,24000,85952,0.7207743857036486,0.3333333333333333,0.6666666666666666,"{""auv_00"": 20.0, ""auv_02"": 40.0, ""auv_04"": 40.0, ""auv_01"": 60.0}",partial,60.0
85424607cd80fc940be0d3f9bf743dcc9e509f91,f3ed9e961a2dfe04,paper_risk_bounded_v1_2026-09-28,utility_v2_frozen_2026-09-28,safe_useful_retention_v1_2026-09-28,paper_ssp_200m_moderate_v1,5,300,300.0,B4,tr_5d331a011f4e_gpu,0.95375,0.0,0.0,0,0.8,0.014184397163120567,1,"{""conflicting_task_ownership"": 0, ""duplicate_execution"": 0, ""contradictory_reassignment"": 1, ""incompatible_mission_state"": 0, ""inconsistent_anomaly_state"": 0}",61952,24000,85952,0.7207743857036486,0.3333333333333333,0.6666666666666666,"{""auv_00"": 20.0, ""auv_02"": 40.0, ""auv_04"": 40.0, ""auv_01"": 60.0}",partial,60.0
85424607cd80fc940be0d3f9bf743dcc9e509f91,f3ed9e961a2dfe04,paper_risk_bounded_v1_2026-09-28,utility_v2_frozen_2026-09-28,safe_useful_retention_v1_2026-09-28,paper_ssp_200m_moderate_v1,5,300,300.0,B5_conservative,tr_5d331a011f4e_gpu,-30.0458,0.0,0.0,0,0.0,0.0,0,"{""conflicting_task_ownership"": 0, ""duplicate_execution"": 0, ""contradictory_reassignment"": 0, ""incompatible_mission_state"": 0, ""inconsistent_anomaly_state"": 0}",61952,24000,85952,0.7207743857036486,0.3333333333333333,0.6666666666666666,"{""auv_00"": 20.0, ""auv_04"": 40.0, ""auv_02"": 40.0, ""auv_01"": 60.0}",partial,60.0
85424607cd80fc940be0d3f9bf743dcc9e509f91,f3ed9e961a2dfe04,paper_risk_bounded_v1_2026-09-28,utility_v2_frozen_2026-09-28,safe_useful_retention_v1_2026-09-28,paper_ssp_200m_moderate_v1,5,300,300.0,B5_nominal,tr_5d331a011f4e_gpu,-14.0806,0.925,0.925,74,1.0,1.0,6,"{""conflicting_task_ownership"": 0, ""duplicate_execution"": 0, ""contradictory_reassignment"": 1, ""incompatible_mission_state"": 1, ""inconsistent_anomaly_state"": 4}",61952,18560,80512,0.7694753577106518,0.3333333333333333,0.6666666666666666,"{""auv_00"": 20.0, ""auv_04"": 40.0, ""auv_02"": 40.0, ""auv_01"": 60.0}",partial,60.0
85424607cd80fc940be0d3f9bf743dcc9e509f91,f3ed9e961a2dfe04,paper_risk_bounded_v1_2026-09-28,utility_v2_frozen_2026-09-28,safe_useful_retention_v1_2026-09-28,paper_ssp_200m_moderate_v1,5,300,300.0,B5_permissive,tr_5d331a011f4e_gpu,-14.0806,0.925,0.925,74,1.0,1.0,6,"{""conflicting_task_ownership"": 0, ""duplicate_execution"": 0, ""contradictory_reassignment"": 1, ""incompatible_mission_state"": 1, ""inconsistent_anomaly_state"": 4}",61952,18560,80512,0.7694753577106518,0.3333333333333333,0.6666666666666666,"{""auv_00"": 20.0, ""auv_02"": 40.0, ""auv_04"": 40.0, ""auv_01"": 60.0}",partial,60.0
85424607cd80fc940be0d3f9bf743dcc9e509f91,de86ed7a0d37956c,paper_risk_bounded_v1_2026-09-28,utility_v2_frozen_2026-09-28,safe_useful_retention_v1_2026-09-28,paper_ssp_200m_moderate_v1,5,500,500.0,B1,tr_5d331a011f4e_gpu,47.9189,0.75,0.9850746268656716,66,1.0,1.0,1,"{""conflicting_task_ownership"": 0, ""duplicate_execution"": 0, ""contradictory_reassignment"": 0, ""incompatible_mission_state"": 1, ""inconsistent_anomaly_state"": 0}",55296,23360,78656,0.7030105777054516,0.16666666666666666,0.8333333333333334,"{""auv_00"": 40.0, ""auv_01"": 60.0}",partial,60.0
85424607cd80fc940be0d3f9bf743dcc9e509f91,de86ed7a0d37956c,paper_risk_bounded_v1_2026-09-28,utility_v2_frozen_2026-09-28,safe_useful_retention_v1_2026-09-28,paper_ssp_200m_moderate_v1,5,500,500.0,B2,tr_5d331a011f4e_gpu,-77.08455,0.9294117647058824,0.9294117647058824,79,1.0,1.0,9,"{""conflicting_task_ownership"": 0, ""duplicate_execution"": 0, ""contradictory_reassignment"": 1, ""incompatible_mission_state"": 4, ""inconsistent_anomaly_state"": 4}",55296,23360,78656,0.7030105777054516,0.16666666666666666,0.8333333333333334,"{""auv_00"": 40.0, ""auv_01"": 60.0}",partial,60.0
85424607cd80fc940be0d3f9bf743dcc9e509f91,de86ed7a0d37956c,paper_risk_bounded_v1_2026-09-28,utility_v2_frozen_2026-09-28,safe_useful_retention_v1_2026-09-28,paper_ssp_200m_moderate_v1,5,500,500.0,B3,tr_5d331a011f4e_gpu,-30.0456,0.0,0.0,0,0.0,0.0,0,"{""conflicting_task_ownership"": 0, ""duplicate_execution"": 0, ""contradictory_reassignment"": 0, ""incompatible_mission_state"": 0, ""inconsistent_anomaly_state"": 0}",55296,28800,84096,0.6575342465753424,0.16666666666666666,0.8333333333333334,"{""auv_00"": 40.0, ""auv_01"": 60.0}",partial,60.0
85424607cd80fc940be0d3f9bf743dcc9e509f91,de86ed7a0d37956c,paper_risk_bounded_v1_2026-09-28,utility_v2_frozen_2026-09-28,safe_useful_retention_v1_2026-09-28,paper_ssp_200m_moderate_v1,5,500,500.0,B4,tr_5d331a011f4e_gpu,0.95395,0.0,0.0,0,0.8,0.014336917562724014,1,"{""conflicting_task_ownership"": 0, ""duplicate_execution"": 0, ""contradictory_reassignment"": 1, ""incompatible_mission_state"": 0, ""inconsistent_anomaly_state"": 0}",55296,28800,84096,0.6575342465753424,0.16666666666666666,0.8333333333333334,"{""auv_00"": 40.0, ""auv_01"": 60.0}",partial,60.0
85424607cd80fc940be0d3f9bf743dcc9e509f91,de86ed7a0d37956c,paper_risk_bounded_v1_2026-09-28,utility_v2_frozen_2026-09-28,safe_useful_retention_v1_2026-09-28,paper_ssp_200m_moderate_v1,5,500,500.0,B5_conservative,tr_5d331a011f4e_gpu,-30.0456,0.0,0.0,0,0.0,0.0,0,"{""conflicting_task_ownership"": 0, ""duplicate_execution"": 0, ""contradictory_reassignment"": 0, ""incompatible_mission_state"": 0, ""inconsistent_anomaly_state"": 0}",55296,28800,84096,0.6575342465753424,0.16666666666666666,0.8333333333333334,"{""auv_00"": 40.0, ""auv_01"": 60.0}",partial,60.0
85424607cd80fc940be0d3f9bf743dcc9e509f91,de86ed7a0d37956c,paper_risk_bounded_v1_2026-09-28,utility_v2_frozen_2026-09-28,safe_useful_retention_v1_2026-09-28,paper_ssp_200m_moderate_v1,5,500,500.0,B5_nominal,tr_5d331a011f4e_gpu,-77.08455,0.9294117647058824,0.9294117647058824,79,1.0,1.0,9,"{""conflicting_task_ownership"": 0, ""duplicate_execution"": 0, ""contradictory_reassignment"": 1, ""incompatible_mission_state"": 4, ""inconsistent_anomaly_state"": 4}",55296,23360,78656,0.7030105777054516,0.16666666666666666,0.8333333333333334,"{""auv_00"": 40.0, ""auv_01"": 60.0}",partial,60.0
85424607cd80fc940be0d3f9bf743dcc9e509f91,de86ed7a0d37956c,paper_risk_bounded_v1_2026-09-28,utility_v2_frozen_2026-09-28,safe_useful_retention_v1_2026-09-28,paper_ssp_200m_moderate_v1,5,500,500.0,B5_permissive,tr_5d331a011f4e_gpu,-77.08455,0.9294117647058824,0.9294117647058824,79,1.0,1.0,9,"{""conflicting_task_ownership"": 0, ""duplicate_execution"": 0, ""contradictory_reassignment"": 1, ""incompatible_mission_state"": 4, ""inconsistent_anomaly_state"": 4}",55296,23360,78656,0.7030105777054516,0.16666666666666666,0.8333333333333334,"{""auv_00"": 40.0, ""auv_01"": 60.0}",partial,60.0
85424607cd80fc940be0d3f9bf743dcc9e509f91,4d1cd0c905ee966b,paper_risk_bounded_v1_2026-09-28,utility_v2_frozen_2026-09-28,safe_useful_retention_v1_2026-09-28,paper_ssp_200m_moderate_v1,5,750,750.0,B1,tr_5d331a011f4e_gpu,47.9192,0.7252747252747253,0.9850746268656716,66,1.0,1.0,1,"{""conflicting_task_ownership"": 0, ""duplicate_execution"": 0, ""contradictory_reassignment"": 0, ""incompatible_mission_state"": 1, ""inconsistent_anomaly_state"": 0}",50560,29600,80160,0.6307385229540918,0.25,0.75,"{""auv_00"": 20.0, ""auv_02"": 20.0, ""auv_03"": 40.0}",partial,40.0
85424607cd80fc940be0d3f9bf743dcc9e509f91,4d1cd0c905ee966b,paper_risk_bounded_v1_2026-09-28,utility_v2_frozen_2026-09-28,safe_useful_retention_v1_2026-09-28,paper_ssp_200m_moderate_v1,5,750,750.0,B2,tr_5d331a011f4e_gpu,-77.08455,0.9294117647058824,0.9294117647058824,79,1.0,1.0,9,"{""conflicting_task_ownership"": 0, ""duplicate_execution"": 0, ""contradictory_reassignment"": 1, ""incompatible_mission_state"": 4, ""inconsistent_anomaly_state"": 4}",50560,29600,80160,0.6307385229540918,0.25,0.75,"{""auv_02"": 20.0, ""auv_00"": 20.0, ""auv_03"": 40.0}",partial,40.0
85424607cd80fc940be0d3f9bf743dcc9e509f91,4d1cd0c905ee966b,paper_risk_bounded_v1_2026-09-28,utility_v2_frozen_2026-09-28,safe_useful_retention_v1_2026-09-28,paper_ssp_200m_moderate_v1,5,750,750.0,B3,tr_5d331a011f4e_gpu,-30.0453,0.0,0.0,0,0.0,0.0,0,"{""conflicting_task_ownership"": 0, ""duplicate_execution"": 0, ""contradictory_reassignment"": 0, ""incompatible_mission_state"": 0, ""inconsistent_anomaly_state"": 0}",50560,35040,85600,0.5906542056074766,0.25,0.75,"{""auv_02"": 20.0, ""auv_00"": 20.0, ""auv_03"": 40.0}",partial,40.0
85424607cd80fc940be0d3f9bf743dcc9e509f91,4d1cd0c905ee966b,paper_risk_bounded_v1_2026-09-28,utility_v2_frozen_2026-09-28,safe_useful_retention_v1_2026-09-28,paper_ssp_200m_moderate_v1,5,750,750.0,B4,tr_5d331a011f4e_gpu,0.95425,0.0,0.0,0,0.8,0.014336917562724014,1,"{""conflicting_task_ownership"": 0, ""duplicate_execution"": 0, ""contradictory_reassignment"": 1, ""incompatible_mission_state"": 0, ""inconsistent_anomaly_state"": 0}",50560,35040,85600,0.5906542056074766,0.25,0.75,"{""auv_02"": 20.0, ""auv_00"": 20.0, ""auv_03"": 40.0}",partial,40.0
85424607cd80fc940be0d3f9bf743dcc9e509f91,4d1cd0c905ee966b,paper_risk_bounded_v1_2026-09-28,utility_v2_frozen_2026-09-28,safe_useful_retention_v1_2026-09-28,paper_ssp_200m_moderate_v1,5,750,750.0,B5_conservative,tr_5d331a011f4e_gpu,-30.0453,0.0,0.0,0,0.0,0.0,0,"{""conflicting_task_ownership"": 0, ""duplicate_execution"": 0, ""contradictory_reassignment"": 0, ""incompatible_mission_state"": 0, ""inconsistent_anomaly_state"": 0}",50560,35040,85600,0.5906542056074766,0.25,0.75,"{""auv_02"": 20.0, ""auv_00"": 20.0, ""auv_03"": 40.0}",partial,40.0
85424607cd80fc940be0d3f9bf743dcc9e509f91,4d1cd0c905ee966b,paper_risk_bounded_v1_2026-09-28,utility_v2_frozen_2026-09-28,safe_useful_retention_v1_2026-09-28,paper_ssp_200m_moderate_v1,5,750,750.0,B5_nominal,tr_5d331a011f4e_gpu,-77.08455,0.9294117647058824,0.9294117647058824,79,1.0,1.0,9,"{""conflicting_task_ownership"": 0, ""duplicate_execution"": 0, ""contradictory_reassignment"": 1, ""incompatible_mission_state"": 4, ""inconsistent_anomaly_state"": 4}",50560,29600,80160,0.6307385229540918,0.25,0.75,"{""auv_02"": 20.0, ""auv_00"": 20.0, ""auv_03"": 40.0}",partial,40.0
85424607cd80fc940be0d3f9bf743dcc9e509f91,4d1cd0c905ee966b,paper_risk_bounded_v1_2026-09-28,utility_v2_frozen_2026-09-28,safe_useful_retention_v1_2026-09-28,paper_ssp_200m_moderate_v1,5,750,750.0,B5_permissive,tr_5d331a011f4e_gpu,-77.08455,0.9294117647058824,0.9294117647058824,79,1.0,1.0,9,"{""conflicting_task_ownership"": 0, ""duplicate_execution"": 0, ""contradictory_reassignment"": 1, ""incompatible_mission_state"": 4, ""inconsistent_anomaly_state"": 4}",50560,29600,80160,0.6307385229540918,0.25,0.75,"{""auv_00"": 20.0, ""auv_02"": 20.0, ""auv_03"": 40.0}",partial,40.0
85424607cd80fc940be0d3f9bf743dcc9e509f91,fab4ee9913f91c26,paper_risk_bounded_v1_2026-09-28,utility_v2_frozen_2026-09-28,safe_useful_retention_v1_2026-09-28,paper_ssp_200m_moderate_v1,5,1000,1000.0,B1,tr_5d331a011f4e_gpu,47.9229,0.6666666666666666,0.9850746268656716,66,1.0,1.0,1,"{""conflicting_task_ownership"": 0, ""duplicate_execution"": 0, ""contradictory_reassignment"": 0, ""incompatible_mission_state"": 1, ""inconsistent_anomaly_state"": 0}",44288,35360,79648,0.556046605062274,0.16666666666666666,0.8333333333333334,"{""auv_02"": 40.0, ""auv_01"": 60.0}",partial,60.0
85424607cd80fc940be0d3f9bf743dcc9e509f91,fab4ee9913f91c26,paper_risk_bounded_v1_2026-09-28,utility_v2_frozen_2026-09-28,safe_useful_retention_v1_2026-09-28,paper_ssp_200m_moderate_v1,5,1000,1000.0,B2,tr_5d331a011f4e_gpu,-117.08815,0.9325842696629213,0.9325842696629213,83,1.0,1.0,9,"{""conflicting_task_ownership"": 0, ""duplicate_execution"": 0, ""contradictory_reassignment"": 1, ""incompatible_mission_state"": 4, ""inconsistent_anomaly_state"": 4}",44288,35360,79648,0.556046605062274,0.16666666666666666,0.8333333333333334,"{""auv_02"": 40.0, ""auv_01"": 60.0}",partial,60.0
85424607cd80fc940be0d3f9bf743dcc9e509f91,fab4ee9913f91c26,paper_risk_bounded_v1_2026-09-28,utility_v2_frozen_2026-09-28,safe_useful_retention_v1_2026-09-28,paper_ssp_200m_moderate_v1,5,1000,1000.0,B3,tr_5d331a011f4e_gpu,-30.0449,0.0,0.0,0,0.0,0.0,0,"{""conflicting_task_ownership"": 0, ""duplicate_execution"": 0, ""contradictory_reassignment"": 0, ""incompatible_mission_state"": 0, ""inconsistent_anomaly_state"": 0}",44288,40800,85088,0.5204964272282813,0.16666666666666666,0.8333333333333334,"{""auv_02"": 40.0, ""auv_01"": 60.0}",partial,60.0
85424607cd80fc940be0d3f9bf743dcc9e509f91,fab4ee9913f91c26,paper_risk_bounded_v1_2026-09-28,utility_v2_frozen_2026-09-28,safe_useful_retention_v1_2026-09-28,paper_ssp_200m_moderate_v1,5,1000,1000.0,B4,tr_5d331a011f4e_gpu,0.9551499999999999,0.0,0.0,0,0.8,0.014492753623188406,1,"{""conflicting_task_ownership"": 0, ""duplicate_execution"": 0, ""contradictory_reassignment"": 1, ""incompatible_mission_state"": 0, ""inconsistent_anomaly_state"": 0}",44288,40800,85088,0.5204964272282813,0.16666666666666666,0.8333333333333334,"{""auv_02"": 40.0, ""auv_01"": 60.0}",partial,60.0
85424607cd80fc940be0d3f9bf743dcc9e509f91,fab4ee9913f91c26,paper_risk_bounded_v1_2026-09-28,utility_v2_frozen_2026-09-28,safe_useful_retention_v1_2026-09-28,paper_ssp_200m_moderate_v1,5,1000,1000.0,B5_conservative,tr_5d331a011f4e_gpu,-30.0449,0.0,0.0,0,0.0,0.0,0,"{""conflicting_task_ownership"": 0, ""duplicate_execution"": 0, ""contradictory_reassignment"": 0, ""incompatible_mission_state"": 0, ""inconsistent_anomaly_state"": 0}",44288,40800,85088,0.5204964272282813,0.16666666666666666,0.8333333333333334,"{""auv_02"": 40.0, ""auv_01"": 60.0}",partial,60.0
85424607cd80fc940be0d3f9bf743dcc9e509f91,fab4ee9913f91c26,paper_risk_bounded_v1_2026-09-28,utility_v2_frozen_2026-09-28,safe_useful_retention_v1_2026-09-28,paper_ssp_200m_moderate_v1,5,1000,1000.0,B5_nominal,tr_5d331a011f4e_gpu,-117.08815,0.9325842696629213,0.9325842696629213,83,1.0,1.0,9,"{""conflicting_task_ownership"": 0, ""duplicate_execution"": 0, ""contradictory_reassignment"": 1, ""incompatible_mission_state"": 4, ""inconsistent_anomaly_state"": 4}",44288,35360,79648,0.556046605062274,0.16666666666666666,0.8333333333333334,"{""auv_02"": 40.0, ""auv_01"": 60.0}",partial,60.0
85424607cd80fc940be0d3f9bf743dcc9e509f91,fab4ee9913f91c26,paper_risk_bounded_v1_2026-09-28,utility_v2_frozen_2026-09-28,safe_useful_retention_v1_2026-09-28,paper_ssp_200m_moderate_v1,5,1000,1000.0,B5_permissive,tr_5d331a011f4e_gpu,-117.08815,0.9325842696629213,0.9325842696629213,83,1.0,1.0,9,"{""conflicting_task_ownership"": 0, ""duplicate_execution"": 0, ""contradictory_reassignment"": 1, ""incompatible_mission_state"": 4, ""inconsistent_anomaly_state"": 4}",44288,35360,79648,0.556046605062274,0.16666666666666666,0.8333333333333334,"{""auv_02"": 40.0, ""auv_01"": 60.0}",partial,60.0
85424607cd80fc940be0d3f9bf743dcc9e509f91,066720a25f4ac84e,paper_risk_bounded_v1_2026-09-28,utility_v2_frozen_2026-09-28,safe_useful_retention_v1_2026-09-28,paper_ssp_200m_moderate_v1,6,0,0.0,B1,tr_fb806e94e0f6_gpu,47.9171,0.9857142857142858,0.9857142857142858,69,1.0,1.0,1,"{""conflicting_task_ownership"": 0, ""duplicate_execution"": 0, ""contradictory_reassignment"": 0, ""incompatible_mission_state"": 1, ""inconsistent_anomaly_state"": 0}",64000,11360,75360,0.8492569002123143,,,{},idle,0.0
85424607cd80fc940be0d3f9bf743dcc9e509f91,066720a25f4ac84e,paper_risk_bounded_v1_2026-09-28,utility_v2_frozen_2026-09-28,safe_useful_retention_v1_2026-09-28,paper_ssp_200m_moderate_v1,6,0,0.0,B2,tr_fb806e94e0f6_gpu,47.9171,0.9857142857142858,0.9857142857142858,69,1.0,1.0,1,"{""conflicting_task_ownership"": 0, ""duplicate_execution"": 0, ""contradictory_reassignment"": 0, ""incompatible_mission_state"": 1, ""inconsistent_anomaly_state"": 0}",64000,11360,75360,0.8492569002123143,,,{},idle,0.0
85424607cd80fc940be0d3f9bf743dcc9e509f91,066720a25f4ac84e,paper_risk_bounded_v1_2026-09-28,utility_v2_frozen_2026-09-28,safe_useful_retention_v1_2026-09-28,paper_ssp_200m_moderate_v1,6,0,0.0,B3,tr_fb806e94e0f6_gpu,-30.0462,0.0,0.0,0,0.0,0.0,0,"{""conflicting_task_ownership"": 0, ""duplicate_execution"": 0, ""contradictory_reassignment"": 0, ""incompatible_mission_state"": 0, ""inconsistent_anomaly_state"": 0}",64000,16800,80800,0.7920792079207921,,,{},idle,0.0
85424607cd80fc940be0d3f9bf743dcc9e509f91,066720a25f4ac84e,paper_risk_bounded_v1_2026-09-28,utility_v2_frozen_2026-09-28,safe_useful_retention_v1_2026-09-28,paper_ssp_200m_moderate_v1,6,0,0.0,B4,tr_fb806e94e0f6_gpu,-18.0462,0.0,0.0,0,1.0,0.0035714285714285713,0,"{""conflicting_task_ownership"": 0, ""duplicate_execution"": 0, ""contradictory_reassignment"": 0, ""incompatible_mission_state"": 0, ""inconsistent_anomaly_state"": 0}",64000,16800,80800,0.7920792079207921,,,{},idle,0.0
85424607cd80fc940be0d3f9bf743dcc9e509f91,066720a25f4ac84e,paper_risk_bounded_v1_2026-09-28,utility_v2_frozen_2026-09-28,safe_useful_retention_v1_2026-09-28,paper_ssp_200m_moderate_v1,6,0,0.0,B5_conservative,tr_fb806e94e0f6_gpu,-30.0462,0.0,0.0,0,0.0,0.0,0,"{""conflicting_task_ownership"": 0, ""duplicate_execution"": 0, ""contradictory_reassignment"": 0, ""incompatible_mission_state"": 0, ""inconsistent_anomaly_state"": 0}",64000,16800,80800,0.7920792079207921,,,{},idle,0.0
85424607cd80fc940be0d3f9bf743dcc9e509f91,066720a25f4ac84e,paper_risk_bounded_v1_2026-09-28,utility_v2_frozen_2026-09-28,safe_useful_retention_v1_2026-09-28,paper_ssp_200m_moderate_v1,6,0,0.0,B5_nominal,tr_fb806e94e0f6_gpu,47.9171,0.9857142857142858,0.9857142857142858,69,1.0,1.0,1,"{""conflicting_task_ownership"": 0, ""duplicate_execution"": 0, ""contradictory_reassignment"": 0, ""incompatible_mission_state"": 1, ""inconsistent_anomaly_state"": 0}",64000,11360,75360,0.8492569002123143,,,{},idle,0.0
85424607cd80fc940be0d3f9bf743dcc9e509f91,066720a25f4ac84e,paper_risk_bounded_v1_2026-09-28,utility_v2_frozen_2026-09-28,safe_useful_retention_v1_2026-09-28,paper_ssp_200m_moderate_v1,6,0,0.0,B5_permissive,tr_fb806e94e0f6_gpu,47.9171,0.9857142857142858,0.9857142857142858,69,1.0,1.0,1,"{""conflicting_task_ownership"": 0, ""duplicate_execution"": 0, ""contradictory_reassignment"": 0, ""incompatible_mission_state"": 1, ""inconsistent_anomaly_state"": 0}",64000,11360,75360,0.8492569002123143,,,{},idle,0.0
85424607cd80fc940be0d3f9bf743dcc9e509f91,ec9df49018d53fa2,paper_risk_bounded_v1_2026-09-28,utility_v2_frozen_2026-09-28,safe_useful_retention_v1_2026-09-28,paper_ssp_200m_moderate_v1,6,150,150.0,B1,tr_fb806e94e0f6_gpu,47.9177,0.868421052631579,0.9850746268656716,66,1.0,1.0,1,"{""conflicting_task_ownership"": 0, ""duplicate_execution"": 0, ""contradictory_reassignment"": 0, ""incompatible_mission_state"": 1, ""inconsistent_anomaly_state"": 0}",63744,15200,78944,0.8074584515605999,0.25,0.75,"{""auv_02"": 20.0, ""auv_00"": 20.0, ""auv_01"": 40.0}",partial,40.0
85424607cd80fc940be0d3f9bf743dcc9e509f91,ec9df49018d53fa2,paper_risk_bounded_v1_2026-09-28,utility_v2_frozen_2026-09-28,safe_useful_retention_v1_2026-09-28,paper_ssp_200m_moderate_v1,6,150,150.0,B2,tr_fb806e94e0f6_gpu,41.923,0.9210526315789473,0.9210526315789473,70,1.0,1.0,2,"{""conflicting_task_ownership"": 0, ""duplicate_execution"": 0, ""contradictory_reassignment"": 1, ""incompatible_mission_state"": 1, ""inconsistent_anomaly_state"": 0}",63744,15200,78944,0.8074584515605999,0.25,0.75,"{""auv_02"": 20.0, ""auv_00"": 20.0, ""auv_01"": 40.0}",partial,40.0
85424607cd80fc940be0d3f9bf743dcc9e509f91,ec9df49018d53fa2,paper_risk_bounded_v1_2026-09-28,utility_v2_frozen_2026-09-28,safe_useful_retention_v1_2026-09-28,paper_ssp_200m_moderate_v1,6,150,150.0,B3,tr_fb806e94e0f6_gpu,-30.046,0.0,0.0,0,0.0,0.0,0,"{""conflicting_task_ownership"": 0, ""duplicate_execution"": 0, ""contradictory_reassignment"": 0, ""incompatible_mission_state"": 0, ""inconsistent_anomaly_state"": 0}",63744,20640,84384,0.7554038680318543,0.25,0.75,"{""auv_00"": 20.0, ""auv_02"": 20.0, ""auv_01"": 40.0}",partial,40.0
85424607cd80fc940be0d3f9bf743dcc9e509f91,ec9df49018d53fa2,paper_risk_bounded_v1_2026-09-28,utility_v2_frozen_2026-09-28,safe_useful_retention_v1_2026-09-28,paper_ssp_200m_moderate_v1,6,150,150.0,B4,tr_fb806e94e0f6_gpu,0.95355,0.0,0.0,0,0.8,0.014234875444839857,1,"{""conflicting_task_ownership"": 0, ""duplicate_execution"": 0, ""contradictory_reassignment"": 1, ""incompatible_mission_state"": 0, ""inconsistent_anomaly_state"": 0}",63744,20640,84384,0.7554038680318543,0.25,0.75,"{""auv_02"": 20.0, ""auv_00"": 20.0, ""auv_01"": 40.0}",partial,40.0
85424607cd80fc940be0d3f9bf743dcc9e509f91,ec9df49018d53fa2,paper_risk_bounded_v1_2026-09-28,utility_v2_frozen_2026-09-28,safe_useful_retention_v1_2026-09-28,paper_ssp_200m_moderate_v1,6,150,150.0,B5_conservative,tr_fb806e94e0f6_gpu,-30.046,0.0,0.0,0,0.0,0.0,0,"{""conflicting_task_ownership"": 0, ""duplicate_execution"": 0, ""contradictory_reassignment"": 0, ""incompatible_mission_state"": 0, ""inconsistent_anomaly_state"": 0}",63744,20640,84384,0.7554038680318543,0.25,0.75,"{""auv_02"": 20.0, ""auv_00"": 20.0, ""auv_01"": 40.0}",partial,40.0
85424607cd80fc940be0d3f9bf743dcc9e509f91,ec9df49018d53fa2,paper_risk_bounded_v1_2026-09-28,utility_v2_frozen_2026-09-28,safe_useful_retention_v1_2026-09-28,paper_ssp_200m_moderate_v1,6,150,150.0,B5_nominal,tr_fb806e94e0f6_gpu,41.923,0.9210526315789473,0.9210526315789473,70,1.0,1.0,2,"{""conflicting_task_ownership"": 0, ""duplicate_execution"": 0, ""contradictory_reassignment"": 1, ""incompatible_mission_state"": 1, ""inconsistent_anomaly_state"": 0}",63744,15200,78944,0.8074584515605999,0.25,0.75,"{""auv_02"": 20.0, ""auv_00"": 20.0, ""auv_01"": 40.0}",partial,40.0
85424607cd80fc940be0d3f9bf743dcc9e509f91,ec9df49018d53fa2,paper_risk_bounded_v1_2026-09-28,utility_v2_frozen_2026-09-28,safe_useful_retention_v1_2026-09-28,paper_ssp_200m_moderate_v1,6,150,150.0,B5_permissive,tr_fb806e94e0f6_gpu,41.923,0.9210526315789473,0.9210526315789473,70,1.0,1.0,2,"{""conflicting_task_ownership"": 0, ""duplicate_execution"": 0, ""contradictory_reassignment"": 1, ""incompatible_mission_state"": 1, ""inconsistent_anomaly_state"": 0}",63744,15200,78944,0.8074584515605999,0.25,0.75,"{""auv_02"": 20.0, ""auv_00"": 20.0, ""auv_01"": 40.0}",partial,40.0
85424607cd80fc940be0d3f9bf743dcc9e509f91,92620bccc4e8dd57,paper_risk_bounded_v1_2026-09-28,utility_v2_frozen_2026-09-28,safe_useful_retention_v1_2026-09-28,paper_ssp_200m_moderate_v1,6,300,300.0,B1,tr_fb806e94e0f6_gpu,47.9183,0.8048780487804879,0.9850746268656716,66,1.0,1.0,1,"{""conflicting_task_ownership"": 0, ""duplicate_execution"": 0, ""contradictory_reassignment"": 0, ""incompatible_mission_state"": 1, ""inconsistent_anomaly_state"": 0}",64768,18560,83328,0.7772657450076805,0.25,0.75,"{""auv_02"": 20.0, ""auv_00"": 20.0, ""auv_01"": 60.0}",partial,60.0
85424607cd80fc940be0d3f9bf743dcc9e509f91,92620bccc4e8dd57,paper_risk_bounded_v1_2026-09-28,utility_v2_frozen_2026-09-28,safe_useful_retention_v1_2026-09-28,paper_ssp_200m_moderate_v1,6,300,300.0,B2,tr_fb806e94e0f6_gpu,-14.0806,0.925,0.925,74,1.0,1.0,6,"{""conflicting_task_ownership"": 0, ""duplicate_execution"": 0, ""contradictory_reassignment"": 1, ""incompatible_mission_state"": 1, ""inconsistent_anomaly_state"": 4}",64768,18560,83328,0.7772657450076805,0.25,0.75,"{""auv_02"": 20.0, ""auv_00"": 20.0, ""auv_01"": 60.0}",partial,60.0
85424607cd80fc940be0d3f9bf743dcc9e509f91,92620bccc4e8dd57,paper_risk_bounded_v1_2026-09-28,utility_v2_frozen_2026-09-28,safe_useful_retention_v1_2026-09-28,paper_ssp_200m_moderate_v1,6,300,300.0,B3,tr_fb806e94e0f6_gpu,-30.0458,0.0,0.0,0,0.0,0.0,0,"{""conflicting_task_ownership"": 0, ""duplicate_execution"": 0, ""contradictory_reassignment"": 0, ""incompatible_mission_state"": 0, ""inconsistent_anomaly_state"": 0}",64768,24000,88768,0.7296322999279019,0.25,0.75,"{""auv_02"": 20.0, ""auv_00"": 20.0, ""auv_01"": 60.0}",partial,60.0
85424607cd80fc940be0d3f9bf743dcc9e509f91,92620bccc4e8dd57,paper_risk_bounded_v1_2026-09-28,utility_v2_frozen_2026-09-28,safe_useful_retention_v1_2026-09-28,paper_ssp_200m_moderate_v1,6,300,300.0,B4,tr_fb806e94e0f6_gpu,0.95375,0.0,0.0,0,0.8,0.014184397163120567,1,"{""conflicting_task_ownership"": 0, ""duplicate_execution"": 0, ""contradictory_reassignment"": 1, ""incompatible_mission_state"": 0, ""inconsistent_anomaly_state"": 0}",64768,24000,88768,0.7296322999279019,0.25,0.75,"{""auv_00"": 20.0, ""auv_02"": 20.0, ""auv_01"": 60.0}",partial,60.0
85424607cd80fc940be0d3f9bf743dcc9e509f91,92620bccc4e8dd57,paper_risk_bounded_v1_2026-09-28,utility_v2_frozen_2026-09-28,safe_useful_retention_v1_2026-09-28,paper_ssp_200m_moderate_v1,6,300,300.0,B5_conservative,tr_fb806e94e0f6_gpu,-30.0458,0.0,0.0,0,0.0,0.0,0,"{""conflicting_task_ownership"": 0, ""duplicate_execution"": 0, ""contradictory_reassignment"": 0, ""incompatible_mission_state"": 0, ""inconsistent_anomaly_state"": 0}",64768,24000,88768,0.7296322999279019,0.25,0.75,"{""auv_00"": 20.0, ""auv_02"": 20.0, ""auv_01"": 60.0}",partial,60.0
85424607cd80fc940be0d3f9bf743dcc9e509f91,92620bccc4e8dd57,paper_risk_bounded_v1_2026-09-28,utility_v2_frozen_2026-09-28,safe_useful_retention_v1_2026-09-28,paper_ssp_200m_moderate_v1,6,300,300.0,B5_nominal,tr_fb806e94e0f6_gpu,-14.0806,0.925,0.925,74,1.0,1.0,6,"{""conflicting_task_ownership"": 0, ""duplicate_execution"": 0, ""contradictory_reassignment"": 1, ""incompatible_mission_state"": 1, ""inconsistent_anomaly_state"": 4}",64768,18560,83328,0.7772657450076805,0.25,0.75,"{""auv_00"": 20.0, ""auv_02"": 20.0, ""auv_01"": 60.0}",partial,60.0
85424607cd80fc940be0d3f9bf743dcc9e509f91,92620bccc4e8dd57,paper_risk_bounded_v1_2026-09-28,utility_v2_frozen_2026-09-28,safe_useful_retention_v1_2026-09-28,paper_ssp_200m_moderate_v1,6,300,300.0,B5_permissive,tr_fb806e94e0f6_gpu,-14.0806,0.925,0.925,74,1.0,1.0,6,"{""conflicting_task_ownership"": 0, ""duplicate_execution"": 0, ""contradictory_reassignment"": 1, ""incompatible_mission_state"": 1, ""inconsistent_anomaly_state"": 4}",64768,18560,83328,0.7772657450076805,0.25,0.75,"{""auv_02"": 20.0, ""auv_00"": 20.0, ""auv_01"": 60.0}",partial,60.0
85424607cd80fc940be0d3f9bf743dcc9e509f91,534b92883c5bd095,paper_risk_bounded_v1_2026-09-28,utility_v2_frozen_2026-09-28,safe_useful_retention_v1_2026-09-28,paper_ssp_200m_moderate_v1,6,500,500.0,B1,tr_fb806e94e0f6_gpu,47.9189,0.75,0.9850746268656716,66,1.0,1.0,1,"{""conflicting_task_ownership"": 0, ""duplicate_execution"": 0, ""contradictory_reassignment"": 0, ""incompatible_mission_state"": 1, ""inconsistent_anomaly_state"": 0}",56832,23360,80192,0.7086991221069433,0.16666666666666666,0.8333333333333334,"{""auv_00"": 40.0, ""auv_01"": 60.0}",partial,60.0
85424607cd80fc940be0d3f9bf743dcc9e509f91,534b92883c5bd095,paper_risk_bounded_v1_2026-09-28,utility_v2_frozen_2026-09-28,safe_useful_retention_v1_2026-09-28,paper_ssp_200m_moderate_v1,6,500,500.0,B2,tr_fb806e94e0f6_gpu,-77.08455,0.9294117647058824,0.9294117647058824,79,1.0,1.0,9,"{""conflicting_task_ownership"": 0, ""duplicate_execution"": 0, ""contradictory_reassignment"": 1, ""incompatible_mission_state"": 4, ""inconsistent_anomaly_state"": 4}",56832,23360,80192,0.7086991221069433,0.16666666666666666,0.8333333333333334,"{""auv_00"": 40.0, ""auv_01"": 60.0}",partial,60.0
85424607cd80fc940be0d3f9bf743dcc9e509f91,534b92883c5bd095,paper_risk_bounded_v1_2026-09-28,utility_v2_frozen_2026-09-28,safe_useful_retention_v1_2026-09-28,paper_ssp_200m_moderate_v1,6,500,500.0,B3,tr_fb806e94e0f6_gpu,-30.0456,0.0,0.0,0,0.0,0.0,0,"{""conflicting_task_ownership"": 0, ""duplicate_execution"": 0, ""contradictory_reassignment"": 0, ""incompatible_mission_state"": 0, ""inconsistent_anomaly_state"": 0}",56832,28800,85632,0.6636771300448431,0.16666666666666666,0.8333333333333334,"{""auv_00"": 40.0, ""auv_01"": 60.0}",partial,60.0
85424607cd80fc940be0d3f9bf743dcc9e509f91,534b92883c5bd095,paper_risk_bounded_v1_2026-09-28,utility_v2_frozen_2026-09-28,safe_useful_retention_v1_2026-09-28,paper_ssp_200m_moderate_v1,6,500,500.0,B4,tr_fb806e94e0f6_gpu,0.95395,0.0,0.0,0,0.8,0.014336917562724014,1,"{""conflicting_task_ownership"": 0, ""duplicate_execution"": 0, ""contradictory_reassignment"": 1, ""incompatible_mission_state"": 0, ""inconsistent_anomaly_state"": 0}",56832,28800,85632,0.6636771300448431,0.16666666666666666,0.8333333333333334,"{""auv_00"": 40.0, ""auv_01"": 60.0}",partial,60.0
85424607cd80fc940be0d3f9bf743dcc9e509f91,534b92883c5bd095,paper_risk_bounded_v1_2026-09-28,utility_v2_frozen_2026-09-28,safe_useful_retention_v1_2026-09-28,paper_ssp_200m_moderate_v1,6,500,500.0,B5_conservative,tr_fb806e94e0f6_gpu,-30.0456,0.0,0.0,0,0.0,0.0,0,"{""conflicting_task_ownership"": 0, ""duplicate_execution"": 0, ""contradictory_reassignment"": 0, ""incompatible_mission_state"": 0, ""inconsistent_anomaly_state"": 0}",56832,28800,85632,0.6636771300448431,0.16666666666666666,0.8333333333333334,"{""auv_00"": 40.0, ""auv_01"": 60.0}",partial,60.0
85424607cd80fc940be0d3f9bf743dcc9e509f91,534b92883c5bd095,paper_risk_bounded_v1_2026-09-28,utility_v2_frozen_2026-09-28,safe_useful_retention_v1_2026-09-28,paper_ssp_200m_moderate_v1,6,500,500.0,B5_nominal,tr_fb806e94e0f6_gpu,-77.08455,0.9294117647058824,0.9294117647058824,79,1.0,1.0,9,"{""conflicting_task_ownership"": 0, ""duplicate_execution"": 0, ""contradictory_reassignment"": 1, ""incompatible_mission_state"": 4, ""inconsistent_anomaly_state"": 4}",56832,23360,80192,0.7086991221069433,0.16666666666666666,0.8333333333333334,"{""auv_00"": 40.0, ""auv_01"": 60.0}",partial,60.0
85424607cd80fc940be0d3f9bf743dcc9e509f91,534b92883c5bd095,paper_risk_bounded_v1_2026-09-28,utility_v2_frozen_2026-09-28,safe_useful_retention_v1_2026-09-28,paper_ssp_200m_moderate_v1,6,500,500.0,B5_permissive,tr_fb806e94e0f6_gpu,-77.08455,0.9294117647058824,0.9294117647058824,79,1.0,1.0,9,"{""conflicting_task_ownership"": 0, ""duplicate_execution"": 0, ""contradictory_reassignment"": 1, ""incompatible_mission_state"": 4, ""inconsistent_anomaly_state"": 4}",56832,23360,80192,0.7086991221069433,0.16666666666666666,0.8333333333333334,"{""auv_00"": 40.0, ""auv_01"": 60.0}",partial,60.0
85424607cd80fc940be0d3f9bf743dcc9e509f91,dbd3ef02f662c30b,paper_risk_bounded_v1_2026-09-28,utility_v2_frozen_2026-09-28,safe_useful_retention_v1_2026-09-28,paper_ssp_200m_moderate_v1,6,750,750.0,B1,tr_fb806e94e0f6_gpu,47.9192,0.7252747252747253,0.9850746268656716,66,1.0,1.0,1,"{""conflicting_task_ownership"": 0, ""duplicate_execution"": 0, ""contradictory_reassignment"": 0, ""incompatible_mission_state"": 1, ""inconsistent_anomaly_state"": 0}",51712,29600,81312,0.6359700905155451,0.25,0.75,"{""auv_02"": 20.0, ""auv_00"": 20.0, ""auv_03"": 40.0}",partial,40.0
85424607cd80fc940be0d3f9bf743dcc9e509f91,dbd3ef02f662c30b,paper_risk_bounded_v1_2026-09-28,utility_v2_frozen_2026-09-28,safe_useful_retention_v1_2026-09-28,paper_ssp_200m_moderate_v1,6,750,750.0,B2,tr_fb806e94e0f6_gpu,-77.08455,0.9294117647058824,0.9294117647058824,79,1.0,1.0,9,"{""conflicting_task_ownership"": 0, ""duplicate_execution"": 0, ""contradictory_reassignment"": 1, ""incompatible_mission_state"": 4, ""inconsistent_anomaly_state"": 4}",51712,29600,81312,0.6359700905155451,0.25,0.75,"{""auv_00"": 20.0, ""auv_02"": 20.0, ""auv_03"": 40.0}",partial,40.0
85424607cd80fc940be0d3f9bf743dcc9e509f91,dbd3ef02f662c30b,paper_risk_bounded_v1_2026-09-28,utility_v2_frozen_2026-09-28,safe_useful_retention_v1_2026-09-28,paper_ssp_200m_moderate_v1,6,750,750.0,B3,tr_fb806e94e0f6_gpu,-30.0453,0.0,0.0,0,0.0,0.0,0,"{""conflicting_task_ownership"": 0, ""duplicate_execution"": 0, ""contradictory_reassignment"": 0, ""incompatible_mission_state"": 0, ""inconsistent_anomaly_state"": 0}",51712,35040,86752,0.5960900036886758,0.25,0.75,"{""auv_02"": 20.0, ""auv_00"": 20.0, ""auv_03"": 40.0}",partial,40.0
85424607cd80fc940be0d3f9bf743dcc9e509f91,dbd3ef02f662c30b,paper_risk_bounded_v1_2026-09-28,utility_v2_frozen_2026-09-28,safe_useful_retention_v1_2026-09-28,paper_ssp_200m_moderate_v1,6,750,750.0,B4,tr_fb806e94e0f6_gpu,0.95425,0.0,0.0,0,0.8,0.014336917562724014,1,"{""conflicting_task_ownership"": 0, ""duplicate_execution"": 0, ""contradictory_reassignment"": 1, ""incompatible_mission_state"": 0, ""inconsistent_anomaly_state"": 0}",51712,35040,86752,0.5960900036886758,0.25,0.75,"{""auv_02"": 20.0, ""auv_00"": 20.0, ""auv_03"": 40.0}",partial,40.0
85424607cd80fc940be0d3f9bf743dcc9e509f91,dbd3ef02f662c30b,paper_risk_bounded_v1_2026-09-28,utility_v2_frozen_2026-09-28,safe_useful_retention_v1_2026-09-28,paper_ssp_200m_moderate_v1,6,750,750.0,B5_conservative,tr_fb806e94e0f6_gpu,-30.0453,0.0,0.0,0,0.0,0.0,0,"{""conflicting_task_ownership"": 0, ""duplicate_execution"": 0, ""contradictory_reassignment"": 0, ""incompatible_mission_state"": 0, ""inconsistent_anomaly_state"": 0}",51712,35040,86752,0.5960900036886758,0.25,0.75,"{""auv_02"": 20.0, ""auv_00"": 20.0, ""auv_03"": 40.0}",partial,40.0
85424607cd80fc940be0d3f9bf743dcc9e509f91,dbd3ef02f662c30b,paper_risk_bounded_v1_2026-09-28,utility_v2_frozen_2026-09-28,safe_useful_retention_v1_2026-09-28,paper_ssp_200m_moderate_v1,6,750,750.0,B5_nominal,tr_fb806e94e0f6_gpu,-77.08455,0.9294117647058824,0.9294117647058824,79,1.0,1.0,9,"{""conflicting_task_ownership"": 0, ""duplicate_execution"": 0, ""contradictory_reassignment"": 1, ""incompatible_mission_state"": 4, ""inconsistent_anomaly_state"": 4}",51712,29600,81312,0.6359700905155451,0.25,0.75,"{""auv_00"": 20.0, ""auv_02"": 20.0, ""auv_03"": 40.0}",partial,40.0
85424607cd80fc940be0d3f9bf743dcc9e509f91,dbd3ef02f662c30b,paper_risk_bounded_v1_2026-09-28,utility_v2_frozen_2026-09-28,safe_useful_retention_v1_2026-09-28,paper_ssp_200m_moderate_v1,6,750,750.0,B5_permissive,tr_fb806e94e0f6_gpu,-77.08455,0.9294117647058824,0.9294117647058824,79,1.0,1.0,9,"{""conflicting_task_ownership"": 0, ""duplicate_execution"": 0, ""contradictory_reassignment"": 1, ""incompatible_mission_state"": 4, ""inconsistent_anomaly_state"": 4}",51712,29600,81312,0.6359700905155451,0.25,0.75,"{""auv_02"": 20.0, ""auv_00"": 20.0, ""auv_03"": 40.0}",partial,40.0
85424607cd80fc940be0d3f9bf743dcc9e509f91,52dbd11cd0f18e9d,paper_risk_bounded_v1_2026-09-28,utility_v2_frozen_2026-09-28,safe_useful_retention_v1_2026-09-28,paper_ssp_200m_moderate_v1,6,1000,1000.0,B1,tr_fb806e94e0f6_gpu,47.9229,0.6666666666666666,0.9850746268656716,66,1.0,1.0,1,"{""conflicting_task_ownership"": 0, ""duplicate_execution"": 0, ""contradictory_reassignment"": 0, ""incompatible_mission_state"": 1, ""inconsistent_anomaly_state"": 0}",44672,35360,80032,0.5581767293082767,0.25,0.75,"{""auv_02"": 20.0, ""auv_00"": 60.0, ""auv_01"": 60.0}",partial,60.0
85424607cd80fc940be0d3f9bf743dcc9e509f91,52dbd11cd0f18e9d,paper_risk_bounded_v1_2026-09-28,utility_v2_frozen_2026-09-28,safe_useful_retention_v1_2026-09-28,paper_ssp_200m_moderate_v1,6,1000,1000.0,B2,tr_fb806e94e0f6_gpu,-117.08815,0.9325842696629213,0.9325842696629213,83,1.0,1.0,9,"{""conflicting_task_ownership"": 0, ""duplicate_execution"": 0, ""contradictory_reassignment"": 1, ""incompatible_mission_state"": 4, ""inconsistent_anomaly_state"": 4}",44672,35360,80032,0.5581767293082767,0.25,0.75,"{""auv_02"": 20.0, ""auv_01"": 60.0, ""auv_00"": 60.0}",partial,60.0
85424607cd80fc940be0d3f9bf743dcc9e509f91,52dbd11cd0f18e9d,paper_risk_bounded_v1_2026-09-28,utility_v2_frozen_2026-09-28,safe_useful_retention_v1_2026-09-28,paper_ssp_200m_moderate_v1,6,1000,1000.0,B3,tr_fb806e94e0f6_gpu,-30.0449,0.0,0.0,0,0.0,0.0,0,"{""conflicting_task_ownership"": 0, ""duplicate_execution"": 0, ""contradictory_reassignment"": 0, ""incompatible_mission_state"": 0, ""inconsistent_anomaly_state"": 0}",44672,40800,85472,0.5226506926244852,0.25,0.75,"{""auv_02"": 20.0, ""auv_01"": 60.0, ""auv_00"": 60.0}",partial,60.0
85424607cd80fc940be0d3f9bf743dcc9e509f91,52dbd11cd0f18e9d,paper_risk_bounded_v1_2026-09-28,utility_v2_frozen_2026-09-28,safe_useful_retention_v1_2026-09-28,paper_ssp_200m_moderate_v1,6,1000,1000.0,B4,tr_fb806e94e0f6_gpu,0.9551499999999999,0.0,0.0,0,0.8,0.014492753623188406,1,"{""conflicting_task_ownership"": 0, ""duplicate_execution"": 0, ""contradictory_reassignment"": 1, ""incompatible_mission_state"": 0, ""inconsistent_anomaly_state"": 0}",44672,40800,85472,0.5226506926244852,0.25,0.75,"{""auv_02"": 20.0, ""auv_01"": 60.0, ""auv_00"": 60.0}",partial,60.0
85424607cd80fc940be0d3f9bf743dcc9e509f91,52dbd11cd0f18e9d,paper_risk_bounded_v1_2026-09-28,utility_v2_frozen_2026-09-28,safe_useful_retention_v1_2026-09-28,paper_ssp_200m_moderate_v1,6,1000,1000.0,B5_conservative,tr_fb806e94e0f6_gpu,-30.0449,0.0,0.0,0,0.0,0.0,0,"{""conflicting_task_ownership"": 0, ""duplicate_execution"": 0, ""contradictory_reassignment"": 0, ""incompatible_mission_state"": 0, ""inconsistent_anomaly_state"": 0}",44672,40800,85472,0.5226506926244852,0.25,0.75,"{""auv_02"": 20.0, ""auv_01"": 60.0, ""auv_00"": 60.0}",partial,60.0
85424607cd80fc940be0d3f9bf743dcc9e509f91,52dbd11cd0f18e9d,paper_risk_bounded_v1_2026-09-28,utility_v2_frozen_2026-09-28,safe_useful_retention_v1_2026-09-28,paper_ssp_200m_moderate_v1,6,1000,1000.0,B5_nominal,tr_fb806e94e0f6_gpu,-117.08815,0.9325842696629213,0.9325842696629213,83,1.0,1.0,9,"{""conflicting_task_ownership"": 0, ""duplicate_execution"": 0, ""contradictory_reassignment"": 1, ""incompatible_mission_state"": 4, ""inconsistent_anomaly_state"": 4}",44672,35360,80032,0.5581767293082767,0.25,0.75,"{""auv_02"": 20.0, ""auv_01"": 60.0, ""auv_00"": 60.0}",partial,60.0
85424607cd80fc940be0d3f9bf743dcc9e509f91,52dbd11cd0f18e9d,paper_risk_bounded_v1_2026-09-28,utility_v2_frozen_2026-09-28,safe_useful_retention_v1_2026-09-28,paper_ssp_200m_moderate_v1,6,1000,1000.0,B5_permissive,tr_fb806e94e0f6_gpu,-117.08815,0.9325842696629213,0.9325842696629213,83,1.0,1.0,9,"{""conflicting_task_ownership"": 0, ""duplicate_execution"": 0, ""contradictory_reassignment"": 1, ""incompatible_mission_state"": 4, ""inconsistent_anomaly_state"": 4}",44672,35360,80032,0.5581767293082767,0.25,0.75,"{""auv_02"": 20.0, ""auv_00"": 60.0, ""auv_01"": 60.0}",partial,60.0
85424607cd80fc940be0d3f9bf743dcc9e509f91,0934d6e78c9a9a42,paper_risk_bounded_v1_2026-09-28,utility_v2_frozen_2026-09-28,safe_useful_retention_v1_2026-09-28,paper_ssp_200m_moderate_v1,7,0,0.0,B1,tr_0339ceb0e831_gpu,47.9171,0.9857142857142858,0.9857142857142858,69,1.0,1.0,1,"{""conflicting_task_ownership"": 0, ""duplicate_execution"": 0, ""contradictory_reassignment"": 0, ""incompatible_mission_state"": 1, ""inconsistent_anomaly_state"": 0}",61696,11360,73056,0.844502847130968,,,{},idle,0.0
85424607cd80fc940be0d3f9bf743dcc9e509f91,0934d6e78c9a9a42,paper_risk_bounded_v1_2026-09-28,utility_v2_frozen_2026-09-28,safe_useful_retention_v1_2026-09-28,paper_ssp_200m_moderate_v1,7,0,0.0,B2,tr_0339ceb0e831_gpu,47.9171,0.9857142857142858,0.9857142857142858,69,1.0,1.0,1,"{""conflicting_task_ownership"": 0, ""duplicate_execution"": 0, ""contradictory_reassignment"": 0, ""incompatible_mission_state"": 1, ""inconsistent_anomaly_state"": 0}",61696,11360,73056,0.844502847130968,,,{},idle,0.0
85424607cd80fc940be0d3f9bf743dcc9e509f91,0934d6e78c9a9a42,paper_risk_bounded_v1_2026-09-28,utility_v2_frozen_2026-09-28,safe_useful_retention_v1_2026-09-28,paper_ssp_200m_moderate_v1,7,0,0.0,B3,tr_0339ceb0e831_gpu,-30.0462,0.0,0.0,0,0.0,0.0,0,"{""conflicting_task_ownership"": 0, ""duplicate_execution"": 0, ""contradictory_reassignment"": 0, ""incompatible_mission_state"": 0, ""inconsistent_anomaly_state"": 0}",61696,16800,78496,0.785976355483082,,,{},idle,0.0
85424607cd80fc940be0d3f9bf743dcc9e509f91,0934d6e78c9a9a42,paper_risk_bounded_v1_2026-09-28,utility_v2_frozen_2026-09-28,safe_useful_retention_v1_2026-09-28,paper_ssp_200m_moderate_v1,7,0,0.0,B4,tr_0339ceb0e831_gpu,-18.0462,0.0,0.0,0,1.0,0.0035714285714285713,0,"{""conflicting_task_ownership"": 0, ""duplicate_execution"": 0, ""contradictory_reassignment"": 0, ""incompatible_mission_state"": 0, ""inconsistent_anomaly_state"": 0}",61696,16800,78496,0.785976355483082,,,{},idle,0.0
85424607cd80fc940be0d3f9bf743dcc9e509f91,0934d6e78c9a9a42,paper_risk_bounded_v1_2026-09-28,utility_v2_frozen_2026-09-28,safe_useful_retention_v1_2026-09-28,paper_ssp_200m_moderate_v1,7,0,0.0,B5_conservative,tr_0339ceb0e831_gpu,-30.0462,0.0,0.0,0,0.0,0.0,0,"{""conflicting_task_ownership"": 0, ""duplicate_execution"": 0, ""contradictory_reassignment"": 0, ""incompatible_mission_state"": 0, ""inconsistent_anomaly_state"": 0}",61696,16800,78496,0.785976355483082,,,{},idle,0.0
85424607cd80fc940be0d3f9bf743dcc9e509f91,0934d6e78c9a9a42,paper_risk_bounded_v1_2026-09-28,utility_v2_frozen_2026-09-28,safe_useful_retention_v1_2026-09-28,paper_ssp_200m_moderate_v1,7,0,0.0,B5_nominal,tr_0339ceb0e831_gpu,47.9171,0.9857142857142858,0.9857142857142858,69,1.0,1.0,1,"{""conflicting_task_ownership"": 0, ""duplicate_execution"": 0, ""contradictory_reassignment"": 0, ""incompatible_mission_state"": 1, ""inconsistent_anomaly_state"": 0}",61696,11360,73056,0.844502847130968,,,{},idle,0.0
85424607cd80fc940be0d3f9bf743dcc9e509f91,0934d6e78c9a9a42,paper_risk_bounded_v1_2026-09-28,utility_v2_frozen_2026-09-28,safe_useful_retention_v1_2026-09-28,paper_ssp_200m_moderate_v1,7,0,0.0,B5_permissive,tr_0339ceb0e831_gpu,47.9171,0.9857142857142858,0.9857142857142858,69,1.0,1.0,1,"{""conflicting_task_ownership"": 0, ""duplicate_execution"": 0, ""contradictory_reassignment"": 0, ""incompatible_mission_state"": 1, ""inconsistent_anomaly_state"": 0}",61696,11360,73056,0.844502847130968,,,{},idle,0.0
85424607cd80fc940be0d3f9bf743dcc9e509f91,c5d1f202b21b4f1f,paper_risk_bounded_v1_2026-09-28,utility_v2_frozen_2026-09-28,safe_useful_retention_v1_2026-09-28,paper_ssp_200m_moderate_v1,7,150,150.0,B1,tr_0339ceb0e831_gpu,47.9177,0.868421052631579,0.9850746268656716,66,1.0,1.0,1,"{""conflicting_task_ownership"": 0, ""duplicate_execution"": 0, ""contradictory_reassignment"": 0, ""incompatible_mission_state"": 1, ""inconsistent_anomaly_state"": 0}",62208,15200,77408,0.8036378668871434,0.25,0.75,"{""auv_00"": 20.0, ""auv_02"": 20.0, ""auv_01"": 40.0}",partial,40.0
85424607cd80fc940be0d3f9bf743dcc9e509f91,c5d1f202b21b4f1f,paper_risk_bounded_v1_2026-09-28,utility_v2_frozen_2026-09-28,safe_useful_retention_v1_2026-09-28,paper_ssp_200m_moderate_v1,7,150,150.0,B2,tr_0339ceb0e831_gpu,41.923,0.9210526315789473,0.9210526315789473,70,1.0,1.0,2,"{""conflicting_task_ownership"": 0, ""duplicate_execution"": 0, ""contradictory_reassignment"": 1, ""incompatible_mission_state"": 1, ""inconsistent_anomaly_state"": 0}",62208,15200,77408,0.8036378668871434,0.25,0.75,"{""auv_02"": 20.0, ""auv_00"": 20.0, ""auv_01"": 40.0}",partial,40.0
85424607cd80fc940be0d3f9bf743dcc9e509f91,c5d1f202b21b4f1f,paper_risk_bounded_v1_2026-09-28,utility_v2_frozen_2026-09-28,safe_useful_retention_v1_2026-09-28,paper_ssp_200m_moderate_v1,7,150,150.0,B3,tr_0339ceb0e831_gpu,-30.046,0.0,0.0,0,0.0,0.0,0,"{""conflicting_task_ownership"": 0, ""duplicate_execution"": 0, ""contradictory_reassignment"": 0, ""incompatible_mission_state"": 0, ""inconsistent_anomaly_state"": 0}",62208,20640,82848,0.7508690614136733,0.25,0.75,"{""auv_02"": 20.0, ""auv_00"": 20.0, ""auv_01"": 40.0}",partial,40.0
85424607cd80fc940be0d3f9bf743dcc9e509f91,c5d1f202b21b4f1f,paper_risk_bounded_v1_2026-09-28,utility_v2_frozen_2026-09-28,safe_useful_retention_v1_2026-09-28,paper_ssp_200m_moderate_v1,7,150,150.0,B4,tr_0339ceb0e831_gpu,0.95355,0.0,0.0,0,0.8,0.014234875444839857,1,"{""conflicting_task_ownership"": 0, ""duplicate_execution"": 0, ""contradictory_reassignment"": 1, ""incompatible_mission_state"": 0, ""inconsistent_anomaly_state"": 0}",62208,20640,82848,0.7508690614136733,0.25,0.75,"{""auv_00"": 20.0, ""auv_02"": 20.0, ""auv_01"": 40.0}",partial,40.0
85424607cd80fc940be0d3f9bf743dcc9e509f91,c5d1f202b21b4f1f,paper_risk_bounded_v1_2026-09-28,utility_v2_frozen_2026-09-28,safe_useful_retention_v1_2026-09-28,paper_ssp_200m_moderate_v1,7,150,150.0,B5_conservative,tr_0339ceb0e831_gpu,-30.046,0.0,0.0,0,0.0,0.0,0,"{""conflicting_task_ownership"": 0, ""duplicate_execution"": 0, ""contradictory_reassignment"": 0, ""incompatible_mission_state"": 0, ""inconsistent_anomaly_state"": 0}",62208,20640,82848,0.7508690614136733,0.25,0.75,"{""auv_00"": 20.0, ""auv_02"": 20.0, ""auv_01"": 40.0}",partial,40.0
85424607cd80fc940be0d3f9bf743dcc9e509f91,c5d1f202b21b4f1f,paper_risk_bounded_v1_2026-09-28,utility_v2_frozen_2026-09-28,safe_useful_retention_v1_2026-09-28,paper_ssp_200m_moderate_v1,7,150,150.0,B5_nominal,tr_0339ceb0e831_gpu,41.923,0.9210526315789473,0.9210526315789473,70,1.0,1.0,2,"{""conflicting_task_ownership"": 0, ""duplicate_execution"": 0, ""contradictory_reassignment"": 1, ""incompatible_mission_state"": 1, ""inconsistent_anomaly_state"": 0}",62208,15200,77408,0.8036378668871434,0.25,0.75,"{""auv_00"": 20.0, ""auv_02"": 20.0, ""auv_01"": 40.0}",partial,40.0
85424607cd80fc940be0d3f9bf743dcc9e509f91,c5d1f202b21b4f1f,paper_risk_bounded_v1_2026-09-28,utility_v2_frozen_2026-09-28,safe_useful_retention_v1_2026-09-28,paper_ssp_200m_moderate_v1,7,150,150.0,B5_permissive,tr_0339ceb0e831_gpu,41.923,0.9210526315789473,0.9210526315789473,70,1.0,1.0,2,"{""conflicting_task_ownership"": 0, ""duplicate_execution"": 0, ""contradictory_reassignment"": 1, ""incompatible_mission_state"": 1, ""inconsistent_anomaly_state"": 0}",62208,15200,77408,0.8036378668871434,0.25,0.75,"{""auv_02"": 20.0, ""auv_00"": 20.0, ""auv_01"": 40.0}",partial,40.0
85424607cd80fc940be0d3f9bf743dcc9e509f91,191e168a5759f6ac,paper_risk_bounded_v1_2026-09-28,utility_v2_frozen_2026-09-28,safe_useful_retention_v1_2026-09-28,paper_ssp_200m_moderate_v1,7,300,300.0,B1,tr_0339ceb0e831_gpu,47.9183,0.8048780487804879,0.9850746268656716,66,1.0,1.0,1,"{""conflicting_task_ownership"": 0, ""duplicate_execution"": 0, ""contradictory_reassignment"": 0, ""incompatible_mission_state"": 1, ""inconsistent_anomaly_state"": 0}",63104,18560,81664,0.7727272727272727,0.25,0.75,"{""auv_02"": 20.0, ""auv_00"": 20.0, ""auv_01"": 60.0}",partial,60.0
85424607cd80fc940be0d3f9bf743dcc9e509f91,191e168a5759f6ac,paper_risk_bounded_v1_2026-09-28,utility_v2_frozen_2026-09-28,safe_useful_retention_v1_2026-09-28,paper_ssp_200m_moderate_v1,7,300,300.0,B2,tr_0339ceb0e831_gpu,-14.0806,0.925,0.925,74,1.0,1.0,6,"{""conflicting_task_ownership"": 0, ""duplicate_execution"": 0, ""contradictory_reassignment"": 1, ""incompatible_mission_state"": 1, ""inconsistent_anomaly_state"": 4}",63104,18560,81664,0.7727272727272727,0.25,0.75,"{""auv_02"": 20.0, ""auv_00"": 20.0, ""auv_01"": 60.0}",partial,60.0
85424607cd80fc940be0d3f9bf743dcc9e509f91,191e168a5759f6ac,paper_risk_bounded_v1_2026-09-28,utility_v2_frozen_2026-09-28,safe_useful_retention_v1_2026-09-28,paper_ssp_200m_moderate_v1,7,300,300.0,B3,tr_0339ceb0e831_gpu,-30.0458,0.0,0.0,0,0.0,0.0,0,"{""conflicting_task_ownership"": 0, ""duplicate_execution"": 0, ""contradictory_reassignment"": 0, ""incompatible_mission_state"": 0, ""inconsistent_anomaly_state"": 0}",63104,24000,87104,0.7244673034533431,0.25,0.75,"{""auv_02"": 20.0, ""auv_00"": 20.0, ""auv_01"": 60.0}",partial,60.0
85424607cd80fc940be0d3f9bf743dcc9e509f91,191e168a5759f6ac,paper_risk_bounded_v1_2026-09-28,utility_v2_frozen_2026-09-28,safe_useful_retention_v1_2026-09-28,paper_ssp_200m_moderate_v1,7,300,300.0,B4,tr_0339ceb0e831_gpu,0.95375,0.0,0.0,0,0.8,0.014184397163120567,1,"{""conflicting_task_ownership"": 0, ""duplicate_execution"": 0, ""contradictory_reassignment"": 1, ""incompatible_mission_state"": 0, ""inconsistent_anomaly_state"": 0}",63104,24000,87104,0.7244673034533431,0.25,0.75,"{""auv_02"": 20.0, ""auv_00"": 20.0, ""auv_01"": 60.0}",partial,60.0
85424607cd80fc940be0d3f9bf743dcc9e509f91,191e168a5759f6ac,paper_risk_bounded_v1_2026-09-28,utility_v2_frozen_2026-09-28,safe_useful_retention_v1_2026-09-28,paper_ssp_200m_moderate_v1,7,300,300.0,B5_conservative,tr_0339ceb0e831_gpu,-30.0458,0.0,0.0,0,0.0,0.0,0,"{""conflicting_task_ownership"": 0, ""duplicate_execution"": 0, ""contradictory_reassignment"": 0, ""incompatible_mission_state"": 0, ""inconsistent_anomaly_state"": 0}",63104,24000,87104,0.7244673034533431,0.25,0.75,"{""auv_02"": 20.0, ""auv_00"": 20.0, ""auv_01"": 60.0}",partial,60.0
85424607cd80fc940be0d3f9bf743dcc9e509f91,191e168a5759f6ac,paper_risk_bounded_v1_2026-09-28,utility_v2_frozen_2026-09-28,safe_useful_retention_v1_2026-09-28,paper_ssp_200m_moderate_v1,7,300,300.0,B5_nominal,tr_0339ceb0e831_gpu,-14.0806,0.925,0.925,74,1.0,1.0,6,"{""conflicting_task_ownership"": 0, ""duplicate_execution"": 0, ""contradictory_reassignment"": 1, ""incompatible_mission_state"": 1, ""inconsistent_anomaly_state"": 4}",63104,18560,81664,0.7727272727272727,0.25,0.75,"{""auv_00"": 20.0, ""auv_02"": 20.0, ""auv_01"": 60.0}",partial,60.0
85424607cd80fc940be0d3f9bf743dcc9e509f91,191e168a5759f6ac,paper_risk_bounded_v1_2026-09-28,utility_v2_frozen_2026-09-28,safe_useful_retention_v1_2026-09-28,paper_ssp_200m_moderate_v1,7,300,300.0,B5_permissive,tr_0339ceb0e831_gpu,-14.0806,0.925,0.925,74,1.0,1.0,6,"{""conflicting_task_ownership"": 0, ""duplicate_execution"": 0, ""contradictory_reassignment"": 1, ""incompatible_mission_state"": 1, ""inconsistent_anomaly_state"": 4}",63104,18560,81664,0.7727272727272727,0.25,0.75,"{""auv_02"": 20.0, ""auv_00"": 20.0, ""auv_01"": 60.0}",partial,60.0
85424607cd80fc940be0d3f9bf743dcc9e509f91,850fc58c306a0598,paper_risk_bounded_v1_2026-09-28,utility_v2_frozen_2026-09-28,safe_useful_retention_v1_2026-09-28,paper_ssp_200m_moderate_v1,7,500,500.0,B1,tr_0339ceb0e831_gpu,47.9189,0.75,0.9850746268656716,66,1.0,1.0,1,"{""conflicting_task_ownership"": 0, ""duplicate_execution"": 0, ""contradictory_reassignment"": 0, ""incompatible_mission_state"": 1, ""inconsistent_anomaly_state"": 0}",55040,23360,78400,0.7020408163265306,0.16666666666666666,0.8333333333333334,"{""auv_00"": 40.0, ""auv_01"": 60.0}",partial,60.0
85424607cd80fc940be0d3f9bf743dcc9e509f91,850fc58c306a0598,paper_risk_bounded_v1_2026-09-28,utility_v2_frozen_2026-09-28,safe_useful_retention_v1_2026-09-28,paper_ssp_200m_moderate_v1,7,500,500.0,B2,tr_0339ceb0e831_gpu,-77.08455,0.9294117647058824,0.9294117647058824,79,1.0,1.0,9,"{""conflicting_task_ownership"": 0, ""duplicate_execution"": 0, ""contradictory_reassignment"": 1, ""incompatible_mission_state"": 4, ""inconsistent_anomaly_state"": 4}",55040,23360,78400,0.7020408163265306,0.16666666666666666,0.8333333333333334,"{""auv_00"": 40.0, ""auv_01"": 60.0}",partial,60.0
85424607cd80fc940be0d3f9bf743dcc9e509f91,850fc58c306a0598,paper_risk_bounded_v1_2026-09-28,utility_v2_frozen_2026-09-28,safe_useful_retention_v1_2026-09-28,paper_ssp_200m_moderate_v1,7,500,500.0,B3,tr_0339ceb0e831_gpu,-30.0456,0.0,0.0,0,0.0,0.0,0,"{""conflicting_task_ownership"": 0, ""duplicate_execution"": 0, ""contradictory_reassignment"": 0, ""incompatible_mission_state"": 0, ""inconsistent_anomaly_state"": 0}",55040,28800,83840,0.6564885496183206,0.16666666666666666,0.8333333333333334,"{""auv_00"": 40.0, ""auv_01"": 60.0}",partial,60.0
85424607cd80fc940be0d3f9bf743dcc9e509f91,850fc58c306a0598,paper_risk_bounded_v1_2026-09-28,utility_v2_frozen_2026-09-28,safe_useful_retention_v1_2026-09-28,paper_ssp_200m_moderate_v1,7,500,500.0,B4,tr_0339ceb0e831_gpu,0.95395,0.0,0.0,0,0.8,0.014336917562724014,1,"{""conflicting_task_ownership"": 0, ""duplicate_execution"": 0, ""contradictory_reassignment"": 1, ""incompatible_mission_state"": 0, ""inconsistent_anomaly_state"": 0}",55040,28800,83840,0.6564885496183206,0.16666666666666666,0.8333333333333334,"{""auv_00"": 40.0, ""auv_01"": 60.0}",partial,60.0
85424607cd80fc940be0d3f9bf743dcc9e509f91,850fc58c306a0598,paper_risk_bounded_v1_2026-09-28,utility_v2_frozen_2026-09-28,safe_useful_retention_v1_2026-09-28,paper_ssp_200m_moderate_v1,7,500,500.0,B5_conservative,tr_0339ceb0e831_gpu,-30.0456,0.0,0.0,0,0.0,0.0,0,"{""conflicting_task_ownership"": 0, ""duplicate_execution"": 0, ""contradictory_reassignment"": 0, ""incompatible_mission_state"": 0, ""inconsistent_anomaly_state"": 0}",55040,28800,83840,0.6564885496183206,0.16666666666666666,0.8333333333333334,"{""auv_00"": 40.0, ""auv_01"": 60.0}",partial,60.0
85424607cd80fc940be0d3f9bf743dcc9e509f91,850fc58c306a0598,paper_risk_bounded_v1_2026-09-28,utility_v2_frozen_2026-09-28,safe_useful_retention_v1_2026-09-28,paper_ssp_200m_moderate_v1,7,500,500.0,B5_nominal,tr_0339ceb0e831_gpu,-77.08455,0.9294117647058824,0.9294117647058824,79,1.0,1.0,9,"{""conflicting_task_ownership"": 0, ""duplicate_execution"": 0, ""contradictory_reassignment"": 1, ""incompatible_mission_state"": 4, ""inconsistent_anomaly_state"": 4}",55040,23360,78400,0.7020408163265306,0.16666666666666666,0.8333333333333334,"{""auv_00"": 40.0, ""auv_01"": 60.0}",partial,60.0
85424607cd80fc940be0d3f9bf743dcc9e509f91,850fc58c306a0598,paper_risk_bounded_v1_2026-09-28,utility_v2_frozen_2026-09-28,safe_useful_retention_v1_2026-09-28,paper_ssp_200m_moderate_v1,7,500,500.0,B5_permissive,tr_0339ceb0e831_gpu,-77.08455,0.9294117647058824,0.9294117647058824,79,1.0,1.0,9,"{""conflicting_task_ownership"": 0, ""duplicate_execution"": 0, ""contradictory_reassignment"": 1, ""incompatible_mission_state"": 4, ""inconsistent_anomaly_state"": 4}",55040,23360,78400,0.7020408163265306,0.16666666666666666,0.8333333333333334,"{""auv_00"": 40.0, ""auv_01"": 60.0}",partial,60.0
85424607cd80fc940be0d3f9bf743dcc9e509f91,c3855d6297c908e6,paper_risk_bounded_v1_2026-09-28,utility_v2_frozen_2026-09-28,safe_useful_retention_v1_2026-09-28,paper_ssp_200m_moderate_v1,7,750,750.0,B1,tr_0339ceb0e831_gpu,47.9192,0.7252747252747253,0.9850746268656716,66,1.0,1.0,1,"{""conflicting_task_ownership"": 0, ""duplicate_execution"": 0, ""contradictory_reassignment"": 0, ""incompatible_mission_state"": 1, ""inconsistent_anomaly_state"": 0}",50304,29600,79904,0.6295554665598718,0.4166666666666667,0.5833333333333334,"{""auv_00"": 20.0, ""auv_02"": 20.0, ""auv_03"": 40.0, ""auv_01"": 60.0, ""auv_04"": 60.0}",partial,60.0
85424607cd80fc940be0d3f9bf743dcc9e509f91,c3855d6297c908e6,paper_risk_bounded_v1_2026-09-28,utility_v2_frozen_2026-09-28,safe_useful_retention_v1_2026-09-28,paper_ssp_200m_moderate_v1,7,750,750.0,B2,tr_0339ceb0e831_gpu,-77.08455,0.9294117647058824,0.9294117647058824,79,1.0,1.0,9,"{""conflicting_task_ownership"": 0, ""duplicate_execution"": 0, ""contradictory_reassignment"": 1, ""incompatible_mission_state"": 4, ""inconsistent_anomaly_state"": 4}",50304,29600,79904,0.6295554665598718,0.4166666666666667,0.5833333333333334,"{""auv_02"": 20.0, ""auv_00"": 20.0, ""auv_03"": 40.0, ""auv_04"": 60.0, ""auv_01"": 60.0}",partial,60.0
85424607cd80fc940be0d3f9bf743dcc9e509f91,c3855d6297c908e6,paper_risk_bounded_v1_2026-09-28,utility_v2_frozen_2026-09-28,safe_useful_retention_v1_2026-09-28,paper_ssp_200m_moderate_v1,7,750,750.0,B3,tr_0339ceb0e831_gpu,-30.0453,0.0,0.0,0,0.0,0.0,0,"{""conflicting_task_ownership"": 0, ""duplicate_execution"": 0, ""contradictory_reassignment"": 0, ""incompatible_mission_state"": 0, ""inconsistent_anomaly_state"": 0}",50304,35040,85344,0.5894263217097863,0.4166666666666667,0.5833333333333334,"{""auv_02"": 20.0, ""auv_00"": 20.0, ""auv_03"": 40.0, ""auv_01"": 60.0, ""auv_04"": 60.0}",partial,60.0
85424607cd80fc940be0d3f9bf743dcc9e509f91,c3855d6297c908e6,paper_risk_bounded_v1_2026-09-28,utility_v2_frozen_2026-09-28,safe_useful_retention_v1_2026-09-28,paper_ssp_200m_moderate_v1,7,750,750.0,B4,tr_0339ceb0e831_gpu,0.95425,0.0,0.0,0,0.8,0.014336917562724014,1,"{""conflicting_task_ownership"": 0, ""duplicate_execution"": 0, ""contradictory_reassignment"": 1, ""incompatible_mission_state"": 0, ""inconsistent_anomaly_state"": 0}",50304,35040,85344,0.5894263217097863,0.4166666666666667,0.5833333333333334,"{""auv_00"": 20.0, ""auv_02"": 20.0, ""auv_03"": 40.0, ""auv_04"": 60.0, ""auv_01"": 60.0}",partial,60.0
85424607cd80fc940be0d3f9bf743dcc9e509f91,c3855d6297c908e6,paper_risk_bounded_v1_2026-09-28,utility_v2_frozen_2026-09-28,safe_useful_retention_v1_2026-09-28,paper_ssp_200m_moderate_v1,7,750,750.0,B5_conservative,tr_0339ceb0e831_gpu,-30.0453,0.0,0.0,0,0.0,0.0,0,"{""conflicting_task_ownership"": 0, ""duplicate_execution"": 0, ""contradictory_reassignment"": 0, ""incompatible_mission_state"": 0, ""inconsistent_anomaly_state"": 0}",50304,35040,85344,0.5894263217097863,0.4166666666666667,0.5833333333333334,"{""auv_00"": 20.0, ""auv_02"": 20.0, ""auv_03"": 40.0, ""auv_04"": 60.0, ""auv_01"": 60.0}",partial,60.0
85424607cd80fc940be0d3f9bf743dcc9e509f91,c3855d6297c908e6,paper_risk_bounded_v1_2026-09-28,utility_v2_frozen_2026-09-28,safe_useful_retention_v1_2026-09-28,paper_ssp_200m_moderate_v1,7,750,750.0,B5_nominal,tr_0339ceb0e831_gpu,-77.08455,0.9294117647058824,0.9294117647058824,79,1.0,1.0,9,"{""conflicting_task_ownership"": 0, ""duplicate_execution"": 0, ""contradictory_reassignment"": 1, ""incompatible_mission_state"": 4, ""inconsistent_anomaly_state"": 4}",50304,29600,79904,0.6295554665598718,0.4166666666666667,0.5833333333333334,"{""auv_02"": 20.0, ""auv_00"": 20.0, ""auv_03"": 40.0, ""auv_01"": 60.0, ""auv_04"": 60.0}",partial,60.0
85424607cd80fc940be0d3f9bf743dcc9e509f91,c3855d6297c908e6,paper_risk_bounded_v1_2026-09-28,utility_v2_frozen_2026-09-28,safe_useful_retention_v1_2026-09-28,paper_ssp_200m_moderate_v1,7,750,750.0,B5_permissive,tr_0339ceb0e831_gpu,-77.08455,0.9294117647058824,0.9294117647058824,79,1.0,1.0,9,"{""conflicting_task_ownership"": 0, ""duplicate_execution"": 0, ""contradictory_reassignment"": 1, ""incompatible_mission_state"": 4, ""inconsistent_anomaly_state"": 4}",50304,29600,79904,0.6295554665598718,0.4166666666666667,0.5833333333333334,"{""auv_02"": 20.0, ""auv_00"": 20.0, ""auv_03"": 40.0, ""auv_04"": 60.0, ""auv_01"": 60.0}",partial,60.0
85424607cd80fc940be0d3f9bf743dcc9e509f91,6262b472f2bad8b3,paper_risk_bounded_v1_2026-09-28,utility_v2_frozen_2026-09-28,safe_useful_retention_v1_2026-09-28,paper_ssp_200m_moderate_v1,7,1000,1000.0,B1,tr_0339ceb0e831_gpu,47.9229,0.6666666666666666,0.9850746268656716,66,1.0,1.0,1,"{""conflicting_task_ownership"": 0, ""duplicate_execution"": 0, ""contradictory_reassignment"": 0, ""incompatible_mission_state"": 1, ""inconsistent_anomaly_state"": 0}",43520,35360,78880,0.5517241379310345,0.25,0.75,"{""auv_02"": 20.0, ""auv_01"": 60.0, ""auv_00"": 60.0}",partial,60.0
85424607cd80fc940be0d3f9bf743dcc9e509f91,6262b472f2bad8b3,paper_risk_bounded_v1_2026-09-28,utility_v2_frozen_2026-09-28,safe_useful_retention_v1_2026-09-28,paper_ssp_200m_moderate_v1,7,1000,1000.0,B2,tr_0339ceb0e831_gpu,-117.08815,0.9325842696629213,0.9325842696629213,83,1.0,1.0,9,"{""conflicting_task_ownership"": 0, ""duplicate_execution"": 0, ""contradictory_reassignment"": 1, ""incompatible_mission_state"": 4, ""inconsistent_anomaly_state"": 4}",43520,35360,78880,0.5517241379310345,0.25,0.75,"{""auv_02"": 20.0, ""auv_01"": 60.0, ""auv_00"": 60.0}",partial,60.0
85424607cd80fc940be0d3f9bf743dcc9e509f91,6262b472f2bad8b3,paper_risk_bounded_v1_2026-09-28,utility_v2_frozen_2026-09-28,safe_useful_retention_v1_2026-09-28,paper_ssp_200m_moderate_v1,7,1000,1000.0,B3,tr_0339ceb0e831_gpu,-30.0449,0.0,0.0,0,0.0,0.0,0,"{""conflicting_task_ownership"": 0, ""duplicate_execution"": 0, ""contradictory_reassignment"": 0, ""incompatible_mission_state"": 0, ""inconsistent_anomaly_state"": 0}",43520,40800,84320,0.5161290322580645,0.25,0.75,"{""auv_02"": 20.0, ""auv_01"": 60.0, ""auv_00"": 60.0}",partial,60.0
85424607cd80fc940be0d3f9bf743dcc9e509f91,6262b472f2bad8b3,paper_risk_bounded_v1_2026-09-28,utility_v2_frozen_2026-09-28,safe_useful_retention_v1_2026-09-28,paper_ssp_200m_moderate_v1,7,1000,1000.0,B4,tr_0339ceb0e831_gpu,0.9551499999999999,0.0,0.0,0,0.8,0.014492753623188406,1,"{""conflicting_task_ownership"": 0, ""duplicate_execution"": 0, ""contradictory_reassignment"": 1, ""incompatible_mission_state"": 0, ""inconsistent_anomaly_state"": 0}",43520,40800,84320,0.5161290322580645,0.25,0.75,"{""auv_02"": 20.0, ""auv_01"": 60.0, ""auv_00"": 60.0}",partial,60.0
85424607cd80fc940be0d3f9bf743dcc9e509f91,6262b472f2bad8b3,paper_risk_bounded_v1_2026-09-28,utility_v2_frozen_2026-09-28,safe_useful_retention_v1_2026-09-28,paper_ssp_200m_moderate_v1,7,1000,1000.0,B5_conservative,tr_0339ceb0e831_gpu,-30.0449,0.0,0.0,0,0.0,0.0,0,"{""conflicting_task_ownership"": 0, ""duplicate_execution"": 0, ""contradictory_reassignment"": 0, ""incompatible_mission_state"": 0, ""inconsistent_anomaly_state"": 0}",43520,40800,84320,0.5161290322580645,0.25,0.75,"{""auv_02"": 20.0, ""auv_01"": 60.0, ""auv_00"": 60.0}",partial,60.0
85424607cd80fc940be0d3f9bf743dcc9e509f91,6262b472f2bad8b3,paper_risk_bounded_v1_2026-09-28,utility_v2_frozen_2026-09-28,safe_useful_retention_v1_2026-09-28,paper_ssp_200m_moderate_v1,7,1000,1000.0,B5_nominal,tr_0339ceb0e831_gpu,-117.08815,0.9325842696629213,0.9325842696629213,83,1.0,1.0,9,"{""conflicting_task_ownership"": 0, ""duplicate_execution"": 0, ""contradictory_reassignment"": 1, ""incompatible_mission_state"": 4, ""inconsistent_anomaly_state"": 4}",43520,35360,78880,0.5517241379310345,0.25,0.75,"{""auv_02"": 20.0, ""auv_00"": 60.0, ""auv_01"": 60.0}",partial,60.0
85424607cd80fc940be0d3f9bf743dcc9e509f91,6262b472f2bad8b3,paper_risk_bounded_v1_2026-09-28,utility_v2_frozen_2026-09-28,safe_useful_retention_v1_2026-09-28,paper_ssp_200m_moderate_v1,7,1000,1000.0,B5_permissive,tr_0339ceb0e831_gpu,-117.08815,0.9325842696629213,0.9325842696629213,83,1.0,1.0,9,"{""conflicting_task_ownership"": 0, ""duplicate_execution"": 0, ""contradictory_reassignment"": 1, ""incompatible_mission_state"": 4, ""inconsistent_anomaly_state"": 4}",43520,35360,78880,0.5517241379310345,0.25,0.75,"{""auv_02"": 20.0, ""auv_00"": 60.0, ""auv_01"": 60.0}",partial,60.0
85424607cd80fc940be0d3f9bf743dcc9e509f91,6caeb3299d7a0f9c,paper_risk_bounded_v1_2026-09-28,utility_v2_frozen_2026-09-28,safe_useful_retention_v1_2026-09-28,paper_ssp_200m_moderate_v1,8,0,0.0,B1,tr_6d424feb0439_gpu,47.9171,0.9857142857142858,0.9857142857142858,69,1.0,1.0,1,"{""conflicting_task_ownership"": 0, ""duplicate_execution"": 0, ""contradictory_reassignment"": 0, ""incompatible_mission_state"": 1, ""inconsistent_anomaly_state"": 0}",63232,11360,74592,0.8477048477048477,,,{},idle,0.0
85424607cd80fc940be0d3f9bf743dcc9e509f91,6caeb3299d7a0f9c,paper_risk_bounded_v1_2026-09-28,utility_v2_frozen_2026-09-28,safe_useful_retention_v1_2026-09-28,paper_ssp_200m_moderate_v1,8,0,0.0,B2,tr_6d424feb0439_gpu,47.9171,0.9857142857142858,0.9857142857142858,69,1.0,1.0,1,"{""conflicting_task_ownership"": 0, ""duplicate_execution"": 0, ""contradictory_reassignment"": 0, ""incompatible_mission_state"": 1, ""inconsistent_anomaly_state"": 0}",63232,11360,74592,0.8477048477048477,,,{},idle,0.0
85424607cd80fc940be0d3f9bf743dcc9e509f91,6caeb3299d7a0f9c,paper_risk_bounded_v1_2026-09-28,utility_v2_frozen_2026-09-28,safe_useful_retention_v1_2026-09-28,paper_ssp_200m_moderate_v1,8,0,0.0,B3,tr_6d424feb0439_gpu,-30.0462,0.0,0.0,0,0.0,0.0,0,"{""conflicting_task_ownership"": 0, ""duplicate_execution"": 0, ""contradictory_reassignment"": 0, ""incompatible_mission_state"": 0, ""inconsistent_anomaly_state"": 0}",63232,16800,80032,0.7900839664134346,,,{},idle,0.0
85424607cd80fc940be0d3f9bf743dcc9e509f91,6caeb3299d7a0f9c,paper_risk_bounded_v1_2026-09-28,utility_v2_frozen_2026-09-28,safe_useful_retention_v1_2026-09-28,paper_ssp_200m_moderate_v1,8,0,0.0,B4,tr_6d424feb0439_gpu,-18.0462,0.0,0.0,0,1.0,0.0035714285714285713,0,"{""conflicting_task_ownership"": 0, ""duplicate_execution"": 0, ""contradictory_reassignment"": 0, ""incompatible_mission_state"": 0, ""inconsistent_anomaly_state"": 0}",63232,16800,80032,0.7900839664134346,,,{},idle,0.0
85424607cd80fc940be0d3f9bf743dcc9e509f91,6caeb3299d7a0f9c,paper_risk_bounded_v1_2026-09-28,utility_v2_frozen_2026-09-28,safe_useful_retention_v1_2026-09-28,paper_ssp_200m_moderate_v1,8,0,0.0,B5_conservative,tr_6d424feb0439_gpu,-30.0462,0.0,0.0,0,0.0,0.0,0,"{""conflicting_task_ownership"": 0, ""duplicate_execution"": 0, ""contradictory_reassignment"": 0, ""incompatible_mission_state"": 0, ""inconsistent_anomaly_state"": 0}",63232,16800,80032,0.7900839664134346,,,{},idle,0.0
85424607cd80fc940be0d3f9bf743dcc9e509f91,6caeb3299d7a0f9c,paper_risk_bounded_v1_2026-09-28,utility_v2_frozen_2026-09-28,safe_useful_retention_v1_2026-09-28,paper_ssp_200m_moderate_v1,8,0,0.0,B5_nominal,tr_6d424feb0439_gpu,47.9171,0.9857142857142858,0.9857142857142858,69,1.0,1.0,1,"{""conflicting_task_ownership"": 0, ""duplicate_execution"": 0, ""contradictory_reassignment"": 0, ""incompatible_mission_state"": 1, ""inconsistent_anomaly_state"": 0}",63232,11360,74592,0.8477048477048477,,,{},idle,0.0
85424607cd80fc940be0d3f9bf743dcc9e509f91,6caeb3299d7a0f9c,paper_risk_bounded_v1_2026-09-28,utility_v2_frozen_2026-09-28,safe_useful_retention_v1_2026-09-28,paper_ssp_200m_moderate_v1,8,0,0.0,B5_permissive,tr_6d424feb0439_gpu,47.9171,0.9857142857142858,0.9857142857142858,69,1.0,1.0,1,"{""conflicting_task_ownership"": 0, ""duplicate_execution"": 0, ""contradictory_reassignment"": 0, ""incompatible_mission_state"": 1, ""inconsistent_anomaly_state"": 0}",63232,11360,74592,0.8477048477048477,,,{},idle,0.0
85424607cd80fc940be0d3f9bf743dcc9e509f91,14e08e790e3714d9,paper_risk_bounded_v1_2026-09-28,utility_v2_frozen_2026-09-28,safe_useful_retention_v1_2026-09-28,paper_ssp_200m_moderate_v1,8,150,150.0,B1,tr_6d424feb0439_gpu,47.9177,0.868421052631579,0.9850746268656716,66,1.0,1.0,1,"{""conflicting_task_ownership"": 0, ""duplicate_execution"": 0, ""contradictory_reassignment"": 0, ""incompatible_mission_state"": 1, ""inconsistent_anomaly_state"": 0}",64768,15200,79968,0.8099239695878351,0.16666666666666666,0.8333333333333334,"{""auv_00"": 20.0, ""auv_01"": 40.0}",partial,40.0
85424607cd80fc940be0d3f9bf743dcc9e509f91,14e08e790e3714d9,paper_risk_bounded_v1_2026-09-28,utility_v2_frozen_2026-09-28,safe_useful_retention_v1_2026-09-28,paper_ssp_200m_moderate_v1,8,150,150.0,B2,tr_6d424feb0439_gpu,41.923,0.9210526315789473,0.9210526315789473,70,1.0,1.0,2,"{""conflicting_task_ownership"": 0, ""duplicate_execution"": 0, ""contradictory_reassignment"": 1, ""incompatible_mission_state"": 1, ""inconsistent_anomaly_state"": 0}",64768,15200,79968,0.8099239695878351,0.16666666666666666,0.8333333333333334,"{""auv_00"": 20.0, ""auv_01"": 40.0}",partial,40.0
85424607cd80fc940be0d3f9bf743dcc9e509f91,14e08e790e3714d9,paper_risk_bounded_v1_2026-09-28,utility_v2_frozen_2026-09-28,safe_useful_retention_v1_2026-09-28,paper_ssp_200m_moderate_v1,8,150,150.0,B3,tr_6d424feb0439_gpu,-30.046,0.0,0.0,0,0.0,0.0,0,"{""conflicting_task_ownership"": 0, ""duplicate_execution"": 0, ""contradictory_reassignment"": 0, ""incompatible_mission_state"": 0, ""inconsistent_anomaly_state"": 0}",64768,20640,85408,0.7583364556013488,0.16666666666666666,0.8333333333333334,"{""auv_00"": 20.0, ""auv_01"": 40.0}",partial,40.0
85424607cd80fc940be0d3f9bf743dcc9e509f91,14e08e790e3714d9,paper_risk_bounded_v1_2026-09-28,utility_v2_frozen_2026-09-28,safe_useful_retention_v1_2026-09-28,paper_ssp_200m_moderate_v1,8,150,150.0,B4,tr_6d424feb0439_gpu,0.95355,0.0,0.0,0,0.8,0.014234875444839857,1,"{""conflicting_task_ownership"": 0, ""duplicate_execution"": 0, ""contradictory_reassignment"": 1, ""incompatible_mission_state"": 0, ""inconsistent_anomaly_state"": 0}",64768,20640,85408,0.7583364556013488,0.16666666666666666,0.8333333333333334,"{""auv_00"": 20.0, ""auv_01"": 40.0}",partial,40.0
85424607cd80fc940be0d3f9bf743dcc9e509f91,14e08e790e3714d9,paper_risk_bounded_v1_2026-09-28,utility_v2_frozen_2026-09-28,safe_useful_retention_v1_2026-09-28,paper_ssp_200m_moderate_v1,8,150,150.0,B5_conservative,tr_6d424feb0439_gpu,-30.046,0.0,0.0,0,0.0,0.0,0,"{""conflicting_task_ownership"": 0, ""duplicate_execution"": 0, ""contradictory_reassignment"": 0, ""incompatible_mission_state"": 0, ""inconsistent_anomaly_state"": 0}",64768,20640,85408,0.7583364556013488,0.16666666666666666,0.8333333333333334,"{""auv_00"": 20.0, ""auv_01"": 40.0}",partial,40.0
85424607cd80fc940be0d3f9bf743dcc9e509f91,14e08e790e3714d9,paper_risk_bounded_v1_2026-09-28,utility_v2_frozen_2026-09-28,safe_useful_retention_v1_2026-09-28,paper_ssp_200m_moderate_v1,8,150,150.0,B5_nominal,tr_6d424feb0439_gpu,41.923,0.9210526315789473,0.9210526315789473,70,1.0,1.0,2,"{""conflicting_task_ownership"": 0, ""duplicate_execution"": 0, ""contradictory_reassignment"": 1, ""incompatible_mission_state"": 1, ""inconsistent_anomaly_state"": 0}",64768,15200,79968,0.8099239695878351,0.16666666666666666,0.8333333333333334,"{""auv_00"": 20.0, ""auv_01"": 40.0}",partial,40.0
85424607cd80fc940be0d3f9bf743dcc9e509f91,14e08e790e3714d9,paper_risk_bounded_v1_2026-09-28,utility_v2_frozen_2026-09-28,safe_useful_retention_v1_2026-09-28,paper_ssp_200m_moderate_v1,8,150,150.0,B5_permissive,tr_6d424feb0439_gpu,41.923,0.9210526315789473,0.9210526315789473,70,1.0,1.0,2,"{""conflicting_task_ownership"": 0, ""duplicate_execution"": 0, ""contradictory_reassignment"": 1, ""incompatible_mission_state"": 1, ""inconsistent_anomaly_state"": 0}",64768,15200,79968,0.8099239695878351,0.16666666666666666,0.8333333333333334,"{""auv_00"": 20.0, ""auv_01"": 40.0}",partial,40.0
85424607cd80fc940be0d3f9bf743dcc9e509f91,3954f031224d173b,paper_risk_bounded_v1_2026-09-28,utility_v2_frozen_2026-09-28,safe_useful_retention_v1_2026-09-28,paper_ssp_200m_moderate_v1,8,300,300.0,B1,tr_6d424feb0439_gpu,47.9183,0.8170731707317073,0.9852941176470589,67,1.0,1.0,1,"{""conflicting_task_ownership"": 0, ""duplicate_execution"": 0, ""contradictory_reassignment"": 0, ""incompatible_mission_state"": 1, ""inconsistent_anomaly_state"": 0}",65280,18560,83840,0.7786259541984732,0.3333333333333333,0.6666666666666666,"{""auv_00"": 20.0, ""auv_02"": 40.0, ""auv_04"": 40.0, ""auv_01"": 60.0}",partial,60.0
85424607cd80fc940be0d3f9bf743dcc9e509f91,3954f031224d173b,paper_risk_bounded_v1_2026-09-28,utility_v2_frozen_2026-09-28,safe_useful_retention_v1_2026-09-28,paper_ssp_200m_moderate_v1,8,300,300.0,B2,tr_6d424feb0439_gpu,-14.0806,0.925,0.925,74,1.0,1.0,6,"{""conflicting_task_ownership"": 0, ""duplicate_execution"": 0, ""contradictory_reassignment"": 1, ""incompatible_mission_state"": 1, ""inconsistent_anomaly_state"": 4}",65280,18560,83840,0.7786259541984732,0.3333333333333333,0.6666666666666666,"{""auv_00"": 20.0, ""auv_04"": 40.0, ""auv_02"": 40.0, ""auv_01"": 60.0}",partial,60.0
85424607cd80fc940be0d3f9bf743dcc9e509f91,3954f031224d173b,paper_risk_bounded_v1_2026-09-28,utility_v2_frozen_2026-09-28,safe_useful_retention_v1_2026-09-28,paper_ssp_200m_moderate_v1,8,300,300.0,B3,tr_6d424feb0439_gpu,-30.0458,0.0,0.0,0,0.0,0.0,0,"{""conflicting_task_ownership"": 0, ""duplicate_execution"": 0, ""contradictory_reassignment"": 0, ""incompatible_mission_state"": 0, ""inconsistent_anomaly_state"": 0}",65280,24000,89280,0.7311827956989247,0.3333333333333333,0.6666666666666666,"{""auv_00"": 20.0, ""auv_04"": 40.0, ""auv_02"": 40.0, ""auv_01"": 60.0}",partial,60.0
85424607cd80fc940be0d3f9bf743dcc9e509f91,3954f031224d173b,paper_risk_bounded_v1_2026-09-28,utility_v2_frozen_2026-09-28,safe_useful_retention_v1_2026-09-28,paper_ssp_200m_moderate_v1,8,300,300.0,B4,tr_6d424feb0439_gpu,0.95375,0.0,0.0,0,0.8,0.014184397163120567,1,"{""conflicting_task_ownership"": 0, ""duplicate_execution"": 0, ""contradictory_reassignment"": 1, ""incompatible_mission_state"": 0, ""inconsistent_anomaly_state"": 0}",65280,24000,89280,0.7311827956989247,0.3333333333333333,0.6666666666666666,"{""auv_00"": 20.0, ""auv_04"": 40.0, ""auv_02"": 40.0, ""auv_01"": 60.0}",partial,60.0
85424607cd80fc940be0d3f9bf743dcc9e509f91,3954f031224d173b,paper_risk_bounded_v1_2026-09-28,utility_v2_frozen_2026-09-28,safe_useful_retention_v1_2026-09-28,paper_ssp_200m_moderate_v1,8,300,300.0,B5_conservative,tr_6d424feb0439_gpu,-30.0458,0.0,0.0,0,0.0,0.0,0,"{""conflicting_task_ownership"": 0, ""duplicate_execution"": 0, ""contradictory_reassignment"": 0, ""incompatible_mission_state"": 0, ""inconsistent_anomaly_state"": 0}",65280,24000,89280,0.7311827956989247,0.3333333333333333,0.6666666666666666,"{""auv_00"": 20.0, ""auv_02"": 40.0, ""auv_04"": 40.0, ""auv_01"": 60.0}",partial,60.0
85424607cd80fc940be0d3f9bf743dcc9e509f91,3954f031224d173b,paper_risk_bounded_v1_2026-09-28,utility_v2_frozen_2026-09-28,safe_useful_retention_v1_2026-09-28,paper_ssp_200m_moderate_v1,8,300,300.0,B5_nominal,tr_6d424feb0439_gpu,-14.0806,0.925,0.925,74,1.0,1.0,6,"{""conflicting_task_ownership"": 0, ""duplicate_execution"": 0, ""contradictory_reassignment"": 1, ""incompatible_mission_state"": 1, ""inconsistent_anomaly_state"": 4}",65280,18560,83840,0.7786259541984732,0.3333333333333333,0.6666666666666666,"{""auv_00"": 20.0, ""auv_04"": 40.0, ""auv_02"": 40.0, ""auv_01"": 60.0}",partial,60.0
85424607cd80fc940be0d3f9bf743dcc9e509f91,3954f031224d173b,paper_risk_bounded_v1_2026-09-28,utility_v2_frozen_2026-09-28,safe_useful_retention_v1_2026-09-28,paper_ssp_200m_moderate_v1,8,300,300.0,B5_permissive,tr_6d424feb0439_gpu,-14.0806,0.925,0.925,74,1.0,1.0,6,"{""conflicting_task_ownership"": 0, ""duplicate_execution"": 0, ""contradictory_reassignment"": 1, ""incompatible_mission_state"": 1, ""inconsistent_anomaly_state"": 4}",65280,18560,83840,0.7786259541984732,0.3333333333333333,0.6666666666666666,"{""auv_00"": 20.0, ""auv_04"": 40.0, ""auv_02"": 40.0, ""auv_01"": 60.0}",partial,60.0
85424607cd80fc940be0d3f9bf743dcc9e509f91,661875b70354ae72,paper_risk_bounded_v1_2026-09-28,utility_v2_frozen_2026-09-28,safe_useful_retention_v1_2026-09-28,paper_ssp_200m_moderate_v1,8,500,500.0,B1,tr_6d424feb0439_gpu,47.9189,0.75,0.9850746268656716,66,1.0,1.0,1,"{""conflicting_task_ownership"": 0, ""duplicate_execution"": 0, ""contradictory_reassignment"": 0, ""incompatible_mission_state"": 1, ""inconsistent_anomaly_state"": 0}",58752,23360,82112,0.7155105222135619,0.16666666666666666,0.8333333333333334,"{""auv_00"": 40.0, ""auv_01"": 60.0}",partial,60.0
85424607cd80fc940be0d3f9bf743dcc9e509f91,661875b70354ae72,paper_risk_bounded_v1_2026-09-28,utility_v2_frozen_2026-09-28,safe_useful_retention_v1_2026-09-28,paper_ssp_200m_moderate_v1,8,500,500.0,B2,tr_6d424feb0439_gpu,-77.08455,0.9294117647058824,0.9294117647058824,79,1.0,1.0,9,"{""conflicting_task_ownership"": 0, ""duplicate_execution"": 0, ""contradictory_reassignment"": 1, ""incompatible_mission_state"": 4, ""inconsistent_anomaly_state"": 4}",58752,23360,82112,0.7155105222135619,0.16666666666666666,0.8333333333333334,"{""auv_00"": 40.0, ""auv_01"": 60.0}",partial,60.0
85424607cd80fc940be0d3f9bf743dcc9e509f91,661875b70354ae72,paper_risk_bounded_v1_2026-09-28,utility_v2_frozen_2026-09-28,safe_useful_retention_v1_2026-09-28,paper_ssp_200m_moderate_v1,8,500,500.0,B3,tr_6d424feb0439_gpu,-30.0456,0.0,0.0,0,0.0,0.0,0,"{""conflicting_task_ownership"": 0, ""duplicate_execution"": 0, ""contradictory_reassignment"": 0, ""incompatible_mission_state"": 0, ""inconsistent_anomaly_state"": 0}",58752,28800,87552,0.6710526315789473,0.16666666666666666,0.8333333333333334,"{""auv_00"": 40.0, ""auv_01"": 60.0}",partial,60.0
85424607cd80fc940be0d3f9bf743dcc9e509f91,661875b70354ae72,paper_risk_bounded_v1_2026-09-28,utility_v2_frozen_2026-09-28,safe_useful_retention_v1_2026-09-28,paper_ssp_200m_moderate_v1,8,500,500.0,B4,tr_6d424feb0439_gpu,0.95395,0.0,0.0,0,0.8,0.014336917562724014,1,"{""conflicting_task_ownership"": 0, ""duplicate_execution"": 0, ""contradictory_reassignment"": 1, ""incompatible_mission_state"": 0, ""inconsistent_anomaly_state"": 0}",58752,28800,87552,0.6710526315789473,0.16666666666666666,0.8333333333333334,"{""auv_00"": 40.0, ""auv_01"": 60.0}",partial,60.0
85424607cd80fc940be0d3f9bf743dcc9e509f91,661875b70354ae72,paper_risk_bounded_v1_2026-09-28,utility_v2_frozen_2026-09-28,safe_useful_retention_v1_2026-09-28,paper_ssp_200m_moderate_v1,8,500,500.0,B5_conservative,tr_6d424feb0439_gpu,-30.0456,0.0,0.0,0,0.0,0.0,0,"{""conflicting_task_ownership"": 0, ""duplicate_execution"": 0, ""contradictory_reassignment"": 0, ""incompatible_mission_state"": 0, ""inconsistent_anomaly_state"": 0}",58752,28800,87552,0.6710526315789473,0.16666666666666666,0.8333333333333334,"{""auv_00"": 40.0, ""auv_01"": 60.0}",partial,60.0
85424607cd80fc940be0d3f9bf743dcc9e509f91,661875b70354ae72,paper_risk_bounded_v1_2026-09-28,utility_v2_frozen_2026-09-28,safe_useful_retention_v1_2026-09-28,paper_ssp_200m_moderate_v1,8,500,500.0,B5_nominal,tr_6d424feb0439_gpu,-77.08455,0.9294117647058824,0.9294117647058824,79,1.0,1.0,9,"{""conflicting_task_ownership"": 0, ""duplicate_execution"": 0, ""contradictory_reassignment"": 1, ""incompatible_mission_state"": 4, ""inconsistent_anomaly_state"": 4}",58752,23360,82112,0.7155105222135619,0.16666666666666666,0.8333333333333334,"{""auv_00"": 40.0, ""auv_01"": 60.0}",partial,60.0
85424607cd80fc940be0d3f9bf743dcc9e509f91,661875b70354ae72,paper_risk_bounded_v1_2026-09-28,utility_v2_frozen_2026-09-28,safe_useful_retention_v1_2026-09-28,paper_ssp_200m_moderate_v1,8,500,500.0,B5_permissive,tr_6d424feb0439_gpu,-77.08455,0.9294117647058824,0.9294117647058824,79,1.0,1.0,9,"{""conflicting_task_ownership"": 0, ""duplicate_execution"": 0, ""contradictory_reassignment"": 1, ""incompatible_mission_state"": 4, ""inconsistent_anomaly_state"": 4}",58752,23360,82112,0.7155105222135619,0.16666666666666666,0.8333333333333334,"{""auv_00"": 40.0, ""auv_01"": 60.0}",partial,60.0
85424607cd80fc940be0d3f9bf743dcc9e509f91,6cac89c96fa6f00f,paper_risk_bounded_v1_2026-09-28,utility_v2_frozen_2026-09-28,safe_useful_retention_v1_2026-09-28,paper_ssp_200m_moderate_v1,8,750,750.0,B1,tr_6d424feb0439_gpu,47.9192,0.7252747252747253,0.9850746268656716,66,1.0,1.0,1,"{""conflicting_task_ownership"": 0, ""duplicate_execution"": 0, ""contradictory_reassignment"": 0, ""incompatible_mission_state"": 1, ""inconsistent_anomaly_state"": 0}",53376,29600,82976,0.6432703432317779,0.3333333333333333,0.6666666666666666,"{""auv_02"": 20.0, ""auv_00"": 20.0, ""auv_03"": 40.0, ""auv_01"": 60.0}",partial,60.0
85424607cd80fc940be0d3f9bf743dcc9e509f91,6cac89c96fa6f00f,paper_risk_bounded_v1_2026-09-28,utility_v2_frozen_2026-09-28,safe_useful_retention_v1_2026-09-28,paper_ssp_200m_moderate_v1,8,750,750.0,B2,tr_6d424feb0439_gpu,-77.08455,0.9294117647058824,0.9294117647058824,79,1.0,1.0,9,"{""conflicting_task_ownership"": 0, ""duplicate_execution"": 0, ""contradictory_reassignment"": 1, ""incompatible_mission_state"": 4, ""inconsistent_anomaly_state"": 4}",53376,29600,82976,0.6432703432317779,0.3333333333333333,0.6666666666666666,"{""auv_02"": 20.0, ""auv_00"": 20.0, ""auv_03"": 40.0, ""auv_01"": 60.0}",partial,60.0
85424607cd80fc940be0d3f9bf743dcc9e509f91,6cac89c96fa6f00f,paper_risk_bounded_v1_2026-09-28,utility_v2_frozen_2026-09-28,safe_useful_retention_v1_2026-09-28,paper_ssp_200m_moderate_v1,8,750,750.0,B3,tr_6d424feb0439_gpu,-30.0453,0.0,0.0,0,0.0,0.0,0,"{""conflicting_task_ownership"": 0, ""duplicate_execution"": 0, ""contradictory_reassignment"": 0, ""incompatible_mission_state"": 0, ""inconsistent_anomaly_state"": 0}",53376,35040,88416,0.6036916395222585,0.3333333333333333,0.6666666666666666,"{""auv_00"": 20.0, ""auv_02"": 20.0, ""auv_03"": 40.0, ""auv_01"": 60.0}",partial,60.0
85424607cd80fc940be0d3f9bf743dcc9e509f91,6cac89c96fa6f00f,paper_risk_bounded_v1_2026-09-28,utility_v2_frozen_2026-09-28,safe_useful_retention_v1_2026-09-28,paper_ssp_200m_moderate_v1,8,750,750.0,B4,tr_6d424feb0439_gpu,0.95425,0.0,0.0,0,0.8,0.014336917562724014,1,"{""conflicting_task_ownership"": 0, ""duplicate_execution"": 0, ""contradictory_reassignment"": 1, ""incompatible_mission_state"": 0, ""inconsistent_anomaly_state"": 0}",53376,35040,88416,0.6036916395222585,0.3333333333333333,0.6666666666666666,"{""auv_02"": 20.0, ""auv_00"": 20.0, ""auv_03"": 40.0, ""auv_01"": 60.0}",partial,60.0
85424607cd80fc940be0d3f9bf743dcc9e509f91,6cac89c96fa6f00f,paper_risk_bounded_v1_2026-09-28,utility_v2_frozen_2026-09-28,safe_useful_retention_v1_2026-09-28,paper_ssp_200m_moderate_v1,8,750,750.0,B5_conservative,tr_6d424feb0439_gpu,-30.0453,0.0,0.0,0,0.0,0.0,0,"{""conflicting_task_ownership"": 0, ""duplicate_execution"": 0, ""contradictory_reassignment"": 0, ""incompatible_mission_state"": 0, ""inconsistent_anomaly_state"": 0}",53376,35040,88416,0.6036916395222585,0.3333333333333333,0.6666666666666666,"{""auv_02"": 20.0, ""auv_00"": 20.0, ""auv_03"": 40.0, ""auv_01"": 60.0}",partial,60.0
85424607cd80fc940be0d3f9bf743dcc9e509f91,6cac89c96fa6f00f,paper_risk_bounded_v1_2026-09-28,utility_v2_frozen_2026-09-28,safe_useful_retention_v1_2026-09-28,paper_ssp_200m_moderate_v1,8,750,750.0,B5_nominal,tr_6d424feb0439_gpu,-77.08455,0.9294117647058824,0.9294117647058824,79,1.0,1.0,9,"{""conflicting_task_ownership"": 0, ""duplicate_execution"": 0, ""contradictory_reassignment"": 1, ""incompatible_mission_state"": 4, ""inconsistent_anomaly_state"": 4}",53376,29600,82976,0.6432703432317779,0.3333333333333333,0.6666666666666666,"{""auv_00"": 20.0, ""auv_02"": 20.0, ""auv_03"": 40.0, ""auv_01"": 60.0}",partial,60.0
85424607cd80fc940be0d3f9bf743dcc9e509f91,6cac89c96fa6f00f,paper_risk_bounded_v1_2026-09-28,utility_v2_frozen_2026-09-28,safe_useful_retention_v1_2026-09-28,paper_ssp_200m_moderate_v1,8,750,750.0,B5_permissive,tr_6d424feb0439_gpu,-77.08455,0.9294117647058824,0.9294117647058824,79,1.0,1.0,9,"{""conflicting_task_ownership"": 0, ""duplicate_execution"": 0, ""contradictory_reassignment"": 1, ""incompatible_mission_state"": 4, ""inconsistent_anomaly_state"": 4}",53376,29600,82976,0.6432703432317779,0.3333333333333333,0.6666666666666666,"{""auv_00"": 20.0, ""auv_02"": 20.0, ""auv_03"": 40.0, ""auv_01"": 60.0}",partial,60.0
85424607cd80fc940be0d3f9bf743dcc9e509f91,37380d03ebbfa79d,paper_risk_bounded_v1_2026-09-28,utility_v2_frozen_2026-09-28,safe_useful_retention_v1_2026-09-28,paper_ssp_200m_moderate_v1,8,1000,1000.0,B1,tr_6d424feb0439_gpu,47.9229,0.6666666666666666,0.9850746268656716,66,1.0,1.0,1,"{""conflicting_task_ownership"": 0, ""duplicate_execution"": 0, ""contradictory_reassignment"": 0, ""incompatible_mission_state"": 1, ""inconsistent_anomaly_state"": 0}",47616,35360,82976,0.5738526802930968,0.25,0.75,"{""auv_02"": 40.0, ""auv_01"": 60.0, ""auv_00"": 60.0}",partial,60.0
85424607cd80fc940be0d3f9bf743dcc9e509f91,37380d03ebbfa79d,paper_risk_bounded_v1_2026-09-28,utility_v2_frozen_2026-09-28,safe_useful_retention_v1_2026-09-28,paper_ssp_200m_moderate_v1,8,1000,1000.0,B2,tr_6d424feb0439_gpu,-117.08815,0.9325842696629213,0.9325842696629213,83,1.0,1.0,9,"{""conflicting_task_ownership"": 0, ""duplicate_execution"": 0, ""contradictory_reassignment"": 1, ""incompatible_mission_state"": 4, ""inconsistent_anomaly_state"": 4}",47616,35360,82976,0.5738526802930968,0.25,0.75,"{""auv_02"": 40.0, ""auv_01"": 60.0, ""auv_00"": 60.0}",partial,60.0
85424607cd80fc940be0d3f9bf743dcc9e509f91,37380d03ebbfa79d,paper_risk_bounded_v1_2026-09-28,utility_v2_frozen_2026-09-28,safe_useful_retention_v1_2026-09-28,paper_ssp_200m_moderate_v1,8,1000,1000.0,B3,tr_6d424feb0439_gpu,-30.0449,0.0,0.0,0,0.0,0.0,0,"{""conflicting_task_ownership"": 0, ""duplicate_execution"": 0, ""contradictory_reassignment"": 0, ""incompatible_mission_state"": 0, ""inconsistent_anomaly_state"": 0}",47616,40800,88416,0.5385450597176982,0.25,0.75,"{""auv_02"": 40.0, ""auv_01"": 60.0, ""auv_00"": 60.0}",partial,60.0
85424607cd80fc940be0d3f9bf743dcc9e509f91,37380d03ebbfa79d,paper_risk_bounded_v1_2026-09-28,utility_v2_frozen_2026-09-28,safe_useful_retention_v1_2026-09-28,paper_ssp_200m_moderate_v1,8,1000,1000.0,B4,tr_6d424feb0439_gpu,0.9551499999999999,0.0,0.0,0,0.8,0.014492753623188406,1,"{""conflicting_task_ownership"": 0, ""duplicate_execution"": 0, ""contradictory_reassignment"": 1, ""incompatible_mission_state"": 0, ""inconsistent_anomaly_state"": 0}",47616,40800,88416,0.5385450597176982,0.25,0.75,"{""auv_02"": 40.0, ""auv_01"": 60.0, ""auv_00"": 60.0}",partial,60.0
85424607cd80fc940be0d3f9bf743dcc9e509f91,37380d03ebbfa79d,paper_risk_bounded_v1_2026-09-28,utility_v2_frozen_2026-09-28,safe_useful_retention_v1_2026-09-28,paper_ssp_200m_moderate_v1,8,1000,1000.0,B5_conservative,tr_6d424feb0439_gpu,-30.0449,0.0,0.0,0,0.0,0.0,0,"{""conflicting_task_ownership"": 0, ""duplicate_execution"": 0, ""contradictory_reassignment"": 0, ""incompatible_mission_state"": 0, ""inconsistent_anomaly_state"": 0}",47616,40800,88416,0.5385450597176982,0.25,0.75,"{""auv_02"": 40.0, ""auv_00"": 60.0, ""auv_01"": 60.0}",partial,60.0
85424607cd80fc940be0d3f9bf743dcc9e509f91,37380d03ebbfa79d,paper_risk_bounded_v1_2026-09-28,utility_v2_frozen_2026-09-28,safe_useful_retention_v1_2026-09-28,paper_ssp_200m_moderate_v1,8,1000,1000.0,B5_nominal,tr_6d424feb0439_gpu,-117.08815,0.9325842696629213,0.9325842696629213,83,1.0,1.0,9,"{""conflicting_task_ownership"": 0, ""duplicate_execution"": 0, ""contradictory_reassignment"": 1, ""incompatible_mission_state"": 4, ""inconsistent_anomaly_state"": 4}",47616,35360,82976,0.5738526802930968,0.25,0.75,"{""auv_02"": 40.0, ""auv_01"": 60.0, ""auv_00"": 60.0}",partial,60.0
85424607cd80fc940be0d3f9bf743dcc9e509f91,37380d03ebbfa79d,paper_risk_bounded_v1_2026-09-28,utility_v2_frozen_2026-09-28,safe_useful_retention_v1_2026-09-28,paper_ssp_200m_moderate_v1,8,1000,1000.0,B5_permissive,tr_6d424feb0439_gpu,-117.08815,0.9325842696629213,0.9325842696629213,83,1.0,1.0,9,"{""conflicting_task_ownership"": 0, ""duplicate_execution"": 0, ""contradictory_reassignment"": 1, ""incompatible_mission_state"": 4, ""inconsistent_anomaly_state"": 4}",47616,35360,82976,0.5738526802930968,0.25,0.75,"{""auv_02"": 40.0, ""auv_00"": 60.0, ""auv_01"": 60.0}",partial,60.0
85424607cd80fc940be0d3f9bf743dcc9e509f91,b75625fd48e96702,paper_risk_bounded_v1_2026-09-28,utility_v2_frozen_2026-09-28,safe_useful_retention_v1_2026-09-28,paper_ssp_200m_moderate_v1,9,0,0.0,B1,tr_777f672e9af8_gpu,47.9171,0.9857142857142858,0.9857142857142858,69,1.0,1.0,1,"{""conflicting_task_ownership"": 0, ""duplicate_execution"": 0, ""contradictory_reassignment"": 0, ""incompatible_mission_state"": 1, ""inconsistent_anomaly_state"": 0}",90112,11360,101472,0.8880479344055503,,,{},idle,0.0
85424607cd80fc940be0d3f9bf743dcc9e509f91,b75625fd48e96702,paper_risk_bounded_v1_2026-09-28,utility_v2_frozen_2026-09-28,safe_useful_retention_v1_2026-09-28,paper_ssp_200m_moderate_v1,9,0,0.0,B2,tr_777f672e9af8_gpu,47.9171,0.9857142857142858,0.9857142857142858,69,1.0,1.0,1,"{""conflicting_task_ownership"": 0, ""duplicate_execution"": 0, ""contradictory_reassignment"": 0, ""incompatible_mission_state"": 1, ""inconsistent_anomaly_state"": 0}",90112,11360,101472,0.8880479344055503,,,{},idle,0.0
85424607cd80fc940be0d3f9bf743dcc9e509f91,b75625fd48e96702,paper_risk_bounded_v1_2026-09-28,utility_v2_frozen_2026-09-28,safe_useful_retention_v1_2026-09-28,paper_ssp_200m_moderate_v1,9,0,0.0,B3,tr_777f672e9af8_gpu,-30.0462,0.0,0.0,0,0.0,0.0,0,"{""conflicting_task_ownership"": 0, ""duplicate_execution"": 0, ""contradictory_reassignment"": 0, ""incompatible_mission_state"": 0, ""inconsistent_anomaly_state"": 0}",90112,16800,106912,0.8428614187369051,,,{},idle,0.0
85424607cd80fc940be0d3f9bf743dcc9e509f91,b75625fd48e96702,paper_risk_bounded_v1_2026-09-28,utility_v2_frozen_2026-09-28,safe_useful_retention_v1_2026-09-28,paper_ssp_200m_moderate_v1,9,0,0.0,B4,tr_777f672e9af8_gpu,-18.0462,0.0,0.0,0,1.0,0.0035714285714285713,0,"{""conflicting_task_ownership"": 0, ""duplicate_execution"": 0, ""contradictory_reassignment"": 0, ""incompatible_mission_state"": 0, ""inconsistent_anomaly_state"": 0}",90112,16800,106912,0.8428614187369051,,,{},idle,0.0
85424607cd80fc940be0d3f9bf743dcc9e509f91,b75625fd48e96702,paper_risk_bounded_v1_2026-09-28,utility_v2_frozen_2026-09-28,safe_useful_retention_v1_2026-09-28,paper_ssp_200m_moderate_v1,9,0,0.0,B5_conservative,tr_777f672e9af8_gpu,-30.0462,0.0,0.0,0,0.0,0.0,0,"{""conflicting_task_ownership"": 0, ""duplicate_execution"": 0, ""contradictory_reassignment"": 0, ""incompatible_mission_state"": 0, ""inconsistent_anomaly_state"": 0}",90112,16800,106912,0.8428614187369051,,,{},idle,0.0
85424607cd80fc940be0d3f9bf743dcc9e509f91,b75625fd48e96702,paper_risk_bounded_v1_2026-09-28,utility_v2_frozen_2026-09-28,safe_useful_retention_v1_2026-09-28,paper_ssp_200m_moderate_v1,9,0,0.0,B5_nominal,tr_777f672e9af8_gpu,47.9171,0.9857142857142858,0.9857142857142858,69,1.0,1.0,1,"{""conflicting_task_ownership"": 0, ""duplicate_execution"": 0, ""contradictory_reassignment"": 0, ""incompatible_mission_state"": 1, ""inconsistent_anomaly_state"": 0}",90112,11360,101472,0.8880479344055503,,,{},idle,0.0
85424607cd80fc940be0d3f9bf743dcc9e509f91,b75625fd48e96702,paper_risk_bounded_v1_2026-09-28,utility_v2_frozen_2026-09-28,safe_useful_retention_v1_2026-09-28,paper_ssp_200m_moderate_v1,9,0,0.0,B5_permissive,tr_777f672e9af8_gpu,47.9171,0.9857142857142858,0.9857142857142858,69,1.0,1.0,1,"{""conflicting_task_ownership"": 0, ""duplicate_execution"": 0, ""contradictory_reassignment"": 0, ""incompatible_mission_state"": 1, ""inconsistent_anomaly_state"": 0}",90112,11360,101472,0.8880479344055503,,,{},idle,0.0
85424607cd80fc940be0d3f9bf743dcc9e509f91,14c95faa0e64efc8,paper_risk_bounded_v1_2026-09-28,utility_v2_frozen_2026-09-28,safe_useful_retention_v1_2026-09-28,paper_ssp_200m_moderate_v1,9,150,150.0,B1,tr_777f672e9af8_gpu,47.9177,0.868421052631579,0.9850746268656716,66,1.0,1.0,1,"{""conflicting_task_ownership"": 0, ""duplicate_execution"": 0, ""contradictory_reassignment"": 0, ""incompatible_mission_state"": 1, ""inconsistent_anomaly_state"": 0}",90368,15200,105568,0.8560169748408608,0.16666666666666666,0.8333333333333334,"{""auv_00"": 20.0, ""auv_01"": 40.0}",partial,40.0
85424607cd80fc940be0d3f9bf743dcc9e509f91,14c95faa0e64efc8,paper_risk_bounded_v1_2026-09-28,utility_v2_frozen_2026-09-28,safe_useful_retention_v1_2026-09-28,paper_ssp_200m_moderate_v1,9,150,150.0,B2,tr_777f672e9af8_gpu,41.923,0.9210526315789473,0.9210526315789473,70,1.0,1.0,2,"{""conflicting_task_ownership"": 0, ""duplicate_execution"": 0, ""contradictory_reassignment"": 1, ""incompatible_mission_state"": 1, ""inconsistent_anomaly_state"": 0}",90368,15200,105568,0.8560169748408608,0.16666666666666666,0.8333333333333334,"{""auv_00"": 20.0, ""auv_01"": 40.0}",partial,40.0
85424607cd80fc940be0d3f9bf743dcc9e509f91,14c95faa0e64efc8,paper_risk_bounded_v1_2026-09-28,utility_v2_frozen_2026-09-28,safe_useful_retention_v1_2026-09-28,paper_ssp_200m_moderate_v1,9,150,150.0,B3,tr_777f672e9af8_gpu,-30.046,0.0,0.0,0,0.0,0.0,0,"{""conflicting_task_ownership"": 0, ""duplicate_execution"": 0, ""contradictory_reassignment"": 0, ""incompatible_mission_state"": 0, ""inconsistent_anomaly_state"": 0}",90368,20640,111008,0.8140674545978668,0.16666666666666666,0.8333333333333334,"{""auv_00"": 20.0, ""auv_01"": 40.0}",partial,40.0
85424607cd80fc940be0d3f9bf743dcc9e509f91,14c95faa0e64efc8,paper_risk_bounded_v1_2026-09-28,utility_v2_frozen_2026-09-28,safe_useful_retention_v1_2026-09-28,paper_ssp_200m_moderate_v1,9,150,150.0,B4,tr_777f672e9af8_gpu,0.95355,0.0,0.0,0,0.8,0.014234875444839857,1,"{""conflicting_task_ownership"": 0, ""duplicate_execution"": 0, ""contradictory_reassignment"": 1, ""incompatible_mission_state"": 0, ""inconsistent_anomaly_state"": 0}",90368,20640,111008,0.8140674545978668,0.16666666666666666,0.8333333333333334,"{""auv_00"": 20.0, ""auv_01"": 40.0}",partial,40.0
85424607cd80fc940be0d3f9bf743dcc9e509f91,14c95faa0e64efc8,paper_risk_bounded_v1_2026-09-28,utility_v2_frozen_2026-09-28,safe_useful_retention_v1_2026-09-28,paper_ssp_200m_moderate_v1,9,150,150.0,B5_conservative,tr_777f672e9af8_gpu,-30.046,0.0,0.0,0,0.0,0.0,0,"{""conflicting_task_ownership"": 0, ""duplicate_execution"": 0, ""contradictory_reassignment"": 0, ""incompatible_mission_state"": 0, ""inconsistent_anomaly_state"": 0}",90368,20640,111008,0.8140674545978668,0.16666666666666666,0.8333333333333334,"{""auv_00"": 20.0, ""auv_01"": 40.0}",partial,40.0
85424607cd80fc940be0d3f9bf743dcc9e509f91,14c95faa0e64efc8,paper_risk_bounded_v1_2026-09-28,utility_v2_frozen_2026-09-28,safe_useful_retention_v1_2026-09-28,paper_ssp_200m_moderate_v1,9,150,150.0,B5_nominal,tr_777f672e9af8_gpu,41.923,0.9210526315789473,0.9210526315789473,70,1.0,1.0,2,"{""conflicting_task_ownership"": 0, ""duplicate_execution"": 0, ""contradictory_reassignment"": 1, ""incompatible_mission_state"": 1, ""inconsistent_anomaly_state"": 0}",90368,15200,105568,0.8560169748408608,0.16666666666666666,0.8333333333333334,"{""auv_00"": 20.0, ""auv_01"": 40.0}",partial,40.0
85424607cd80fc940be0d3f9bf743dcc9e509f91,14c95faa0e64efc8,paper_risk_bounded_v1_2026-09-28,utility_v2_frozen_2026-09-28,safe_useful_retention_v1_2026-09-28,paper_ssp_200m_moderate_v1,9,150,150.0,B5_permissive,tr_777f672e9af8_gpu,41.923,0.9210526315789473,0.9210526315789473,70,1.0,1.0,2,"{""conflicting_task_ownership"": 0, ""duplicate_execution"": 0, ""contradictory_reassignment"": 1, ""incompatible_mission_state"": 1, ""inconsistent_anomaly_state"": 0}",90368,15200,105568,0.8560169748408608,0.16666666666666666,0.8333333333333334,"{""auv_00"": 20.0, ""auv_01"": 40.0}",partial,40.0
85424607cd80fc940be0d3f9bf743dcc9e509f91,981ae9679db56a61,paper_risk_bounded_v1_2026-09-28,utility_v2_frozen_2026-09-28,safe_useful_retention_v1_2026-09-28,paper_ssp_200m_moderate_v1,9,300,300.0,B1,tr_777f672e9af8_gpu,47.9183,0.8170731707317073,0.9852941176470589,67,1.0,1.0,1,"{""conflicting_task_ownership"": 0, ""duplicate_execution"": 0, ""contradictory_reassignment"": 0, ""incompatible_mission_state"": 1, ""inconsistent_anomaly_state"": 0}",85888,18560,104448,0.8223039215686274,0.3333333333333333,0.6666666666666666,"{""auv_00"": 20.0, ""auv_02"": 40.0, ""auv_04"": 40.0, ""auv_01"": 60.0}",partial,60.0
85424607cd80fc940be0d3f9bf743dcc9e509f91,981ae9679db56a61,paper_risk_bounded_v1_2026-09-28,utility_v2_frozen_2026-09-28,safe_useful_retention_v1_2026-09-28,paper_ssp_200m_moderate_v1,9,300,300.0,B2,tr_777f672e9af8_gpu,-14.0806,0.925,0.925,74,1.0,1.0,6,"{""conflicting_task_ownership"": 0, ""duplicate_execution"": 0, ""contradictory_reassignment"": 1, ""incompatible_mission_state"": 1, ""inconsistent_anomaly_state"": 4}",85888,18560,104448,0.8223039215686274,0.3333333333333333,0.6666666666666666,"{""auv_00"": 20.0, ""auv_02"": 40.0, ""auv_04"": 40.0, ""auv_01"": 60.0}",partial,60.0
85424607cd80fc940be0d3f9bf743dcc9e509f91,981ae9679db56a61,paper_risk_bounded_v1_2026-09-28,utility_v2_frozen_2026-09-28,safe_useful_retention_v1_2026-09-28,paper_ssp_200m_moderate_v1,9,300,300.0,B3,tr_777f672e9af8_gpu,-30.0458,0.0,0.0,0,0.0,0.0,0,"{""conflicting_task_ownership"": 0, ""duplicate_execution"": 0, ""contradictory_reassignment"": 0, ""incompatible_mission_state"": 0, ""inconsistent_anomaly_state"": 0}",85888,24000,109888,0.7815958066394875,0.3333333333333333,0.6666666666666666,"{""auv_00"": 20.0, ""auv_04"": 40.0, ""auv_02"": 40.0, ""auv_01"": 60.0}",partial,60.0
85424607cd80fc940be0d3f9bf743dcc9e509f91,981ae9679db56a61,paper_risk_bounded_v1_2026-09-28,utility_v2_frozen_2026-09-28,safe_useful_retention_v1_2026-09-28,paper_ssp_200m_moderate_v1,9,300,300.0,B4,tr_777f672e9af8_gpu,0.95375,0.0,0.0,0,0.8,0.014184397163120567,1,"{""conflicting_task_ownership"": 0, ""duplicate_execution"": 0, ""contradictory_reassignment"": 1, ""incompatible_mission_state"": 0, ""inconsistent_anomaly_state"": 0}",85888,24000,109888,0.7815958066394875,0.3333333333333333,0.6666666666666666,"{""auv_00"": 20.0, ""auv_04"": 40.0, ""auv_02"": 40.0, ""auv_01"": 60.0}",partial,60.0
85424607cd80fc940be0d3f9bf743dcc9e509f91,981ae9679db56a61,paper_risk_bounded_v1_2026-09-28,utility_v2_frozen_2026-09-28,safe_useful_retention_v1_2026-09-28,paper_ssp_200m_moderate_v1,9,300,300.0,B5_conservative,tr_777f672e9af8_gpu,-30.0458,0.0,0.0,0,0.0,0.0,0,"{""conflicting_task_ownership"": 0, ""duplicate_execution"": 0, ""contradictory_reassignment"": 0, ""incompatible_mission_state"": 0, ""inconsistent_anomaly_state"": 0}",85888,24000,109888,0.7815958066394875,0.3333333333333333,0.6666666666666666,"{""auv_00"": 20.0, ""auv_02"": 40.0, ""auv_04"": 40.0, ""auv_01"": 60.0}",partial,60.0
85424607cd80fc940be0d3f9bf743dcc9e509f91,981ae9679db56a61,paper_risk_bounded_v1_2026-09-28,utility_v2_frozen_2026-09-28,safe_useful_retention_v1_2026-09-28,paper_ssp_200m_moderate_v1,9,300,300.0,B5_nominal,tr_777f672e9af8_gpu,-14.0806,0.925,0.925,74,1.0,1.0,6,"{""conflicting_task_ownership"": 0, ""duplicate_execution"": 0, ""contradictory_reassignment"": 1, ""incompatible_mission_state"": 1, ""inconsistent_anomaly_state"": 4}",85888,18560,104448,0.8223039215686274,0.3333333333333333,0.6666666666666666,"{""auv_00"": 20.0, ""auv_02"": 40.0, ""auv_04"": 40.0, ""auv_01"": 60.0}",partial,60.0
85424607cd80fc940be0d3f9bf743dcc9e509f91,981ae9679db56a61,paper_risk_bounded_v1_2026-09-28,utility_v2_frozen_2026-09-28,safe_useful_retention_v1_2026-09-28,paper_ssp_200m_moderate_v1,9,300,300.0,B5_permissive,tr_777f672e9af8_gpu,-14.0806,0.925,0.925,74,1.0,1.0,6,"{""conflicting_task_ownership"": 0, ""duplicate_execution"": 0, ""contradictory_reassignment"": 1, ""incompatible_mission_state"": 1, ""inconsistent_anomaly_state"": 4}",85888,18560,104448,0.8223039215686274,0.3333333333333333,0.6666666666666666,"{""auv_00"": 20.0, ""auv_04"": 40.0, ""auv_02"": 40.0, ""auv_01"": 60.0}",partial,60.0
85424607cd80fc940be0d3f9bf743dcc9e509f91,3688b81b801217fd,paper_risk_bounded_v1_2026-09-28,utility_v2_frozen_2026-09-28,safe_useful_retention_v1_2026-09-28,paper_ssp_200m_moderate_v1,9,500,500.0,B1,tr_777f672e9af8_gpu,47.9189,0.75,0.9850746268656716,66,1.0,1.0,1,"{""conflicting_task_ownership"": 0, ""duplicate_execution"": 0, ""contradictory_reassignment"": 0, ""incompatible_mission_state"": 1, ""inconsistent_anomaly_state"": 0}",78592,23360,101952,0.770872567482737,0.16666666666666666,0.8333333333333334,"{""auv_00"": 40.0, ""auv_01"": 60.0}",partial,60.0
85424607cd80fc940be0d3f9bf743dcc9e509f91,3688b81b801217fd,paper_risk_bounded_v1_2026-09-28,utility_v2_frozen_2026-09-28,safe_useful_retention_v1_2026-09-28,paper_ssp_200m_moderate_v1,9,500,500.0,B2,tr_777f672e9af8_gpu,-77.08455,0.9294117647058824,0.9294117647058824,79,1.0,1.0,9,"{""conflicting_task_ownership"": 0, ""duplicate_execution"": 0, ""contradictory_reassignment"": 1, ""incompatible_mission_state"": 4, ""inconsistent_anomaly_state"": 4}",78592,23360,101952,0.770872567482737,0.16666666666666666,0.8333333333333334,"{""auv_00"": 40.0, ""auv_01"": 60.0}",partial,60.0
85424607cd80fc940be0d3f9bf743dcc9e509f91,3688b81b801217fd,paper_risk_bounded_v1_2026-09-28,utility_v2_frozen_2026-09-28,safe_useful_retention_v1_2026-09-28,paper_ssp_200m_moderate_v1,9,500,500.0,B3,tr_777f672e9af8_gpu,-30.0456,0.0,0.0,0,0.0,0.0,0,"{""conflicting_task_ownership"": 0, ""duplicate_execution"": 0, ""contradictory_reassignment"": 0, ""incompatible_mission_state"": 0, ""inconsistent_anomaly_state"": 0}",78592,28800,107392,0.7318235995232419,0.16666666666666666,0.8333333333333334,"{""auv_00"": 40.0, ""auv_01"": 60.0}",partial,60.0
85424607cd80fc940be0d3f9bf743dcc9e509f91,3688b81b801217fd,paper_risk_bounded_v1_2026-09-28,utility_v2_frozen_2026-09-28,safe_useful_retention_v1_2026-09-28,paper_ssp_200m_moderate_v1,9,500,500.0,B4,tr_777f672e9af8_gpu,0.95395,0.0,0.0,0,0.8,0.014336917562724014,1,"{""conflicting_task_ownership"": 0, ""duplicate_execution"": 0, ""contradictory_reassignment"": 1, ""incompatible_mission_state"": 0, ""inconsistent_anomaly_state"": 0}",78592,28800,107392,0.7318235995232419,0.16666666666666666,0.8333333333333334,"{""auv_00"": 40.0, ""auv_01"": 60.0}",partial,60.0
85424607cd80fc940be0d3f9bf743dcc9e509f91,3688b81b801217fd,paper_risk_bounded_v1_2026-09-28,utility_v2_frozen_2026-09-28,safe_useful_retention_v1_2026-09-28,paper_ssp_200m_moderate_v1,9,500,500.0,B5_conservative,tr_777f672e9af8_gpu,-30.0456,0.0,0.0,0,0.0,0.0,0,"{""conflicting_task_ownership"": 0, ""duplicate_execution"": 0, ""contradictory_reassignment"": 0, ""incompatible_mission_state"": 0, ""inconsistent_anomaly_state"": 0}",78592,28800,107392,0.7318235995232419,0.16666666666666666,0.8333333333333334,"{""auv_00"": 40.0, ""auv_01"": 60.0}",partial,60.0
85424607cd80fc940be0d3f9bf743dcc9e509f91,3688b81b801217fd,paper_risk_bounded_v1_2026-09-28,utility_v2_frozen_2026-09-28,safe_useful_retention_v1_2026-09-28,paper_ssp_200m_moderate_v1,9,500,500.0,B5_nominal,tr_777f672e9af8_gpu,-77.08455,0.9294117647058824,0.9294117647058824,79,1.0,1.0,9,"{""conflicting_task_ownership"": 0, ""duplicate_execution"": 0, ""contradictory_reassignment"": 1, ""incompatible_mission_state"": 4, ""inconsistent_anomaly_state"": 4}",78592,23360,101952,0.770872567482737,0.16666666666666666,0.8333333333333334,"{""auv_00"": 40.0, ""auv_01"": 60.0}",partial,60.0
85424607cd80fc940be0d3f9bf743dcc9e509f91,3688b81b801217fd,paper_risk_bounded_v1_2026-09-28,utility_v2_frozen_2026-09-28,safe_useful_retention_v1_2026-09-28,paper_ssp_200m_moderate_v1,9,500,500.0,B5_permissive,tr_777f672e9af8_gpu,-77.08455,0.9294117647058824,0.9294117647058824,79,1.0,1.0,9,"{""conflicting_task_ownership"": 0, ""duplicate_execution"": 0, ""contradictory_reassignment"": 1, ""incompatible_mission_state"": 4, ""inconsistent_anomaly_state"": 4}",78592,23360,101952,0.770872567482737,0.16666666666666666,0.8333333333333334,"{""auv_00"": 40.0, ""auv_01"": 60.0}",partial,60.0
85424607cd80fc940be0d3f9bf743dcc9e509f91,8798da326bb36514,paper_risk_bounded_v1_2026-09-28,utility_v2_frozen_2026-09-28,safe_useful_retention_v1_2026-09-28,paper_ssp_200m_moderate_v1,9,750,750.0,B1,tr_777f672e9af8_gpu,47.9192,0.7252747252747253,0.9850746268656716,66,1.0,1.0,1,"{""conflicting_task_ownership"": 0, ""duplicate_execution"": 0, ""contradictory_reassignment"": 0, ""incompatible_mission_state"": 1, ""inconsistent_anomaly_state"": 0}",72832,29600,102432,0.7110278038113089,0.4166666666666667,0.5833333333333334,"{""auv_02"": 20.0, ""auv_00"": 20.0, ""auv_11"": 20.0, ""auv_03"": 40.0, ""auv_01"": 60.0}",partial,60.0
85424607cd80fc940be0d3f9bf743dcc9e509f91,8798da326bb36514,paper_risk_bounded_v1_2026-09-28,utility_v2_frozen_2026-09-28,safe_useful_retention_v1_2026-09-28,paper_ssp_200m_moderate_v1,9,750,750.0,B2,tr_777f672e9af8_gpu,-77.08455,0.9294117647058824,0.9294117647058824,79,1.0,1.0,9,"{""conflicting_task_ownership"": 0, ""duplicate_execution"": 0, ""contradictory_reassignment"": 1, ""incompatible_mission_state"": 4, ""inconsistent_anomaly_state"": 4}",72832,29600,102432,0.7110278038113089,0.4166666666666667,0.5833333333333334,"{""auv_00"": 20.0, ""auv_11"": 20.0, ""auv_02"": 20.0, ""auv_03"": 40.0, ""auv_01"": 60.0}",partial,60.0
85424607cd80fc940be0d3f9bf743dcc9e509f91,8798da326bb36514,paper_risk_bounded_v1_2026-09-28,utility_v2_frozen_2026-09-28,safe_useful_retention_v1_2026-09-28,paper_ssp_200m_moderate_v1,9,750,750.0,B3,tr_777f672e9af8_gpu,-30.0453,0.0,0.0,0,0.0,0.0,0,"{""conflicting_task_ownership"": 0, ""duplicate_execution"": 0, ""contradictory_reassignment"": 0, ""incompatible_mission_state"": 0, ""inconsistent_anomaly_state"": 0}",72832,35040,107872,0.6751705725304064,0.4166666666666667,0.5833333333333334,"{""auv_02"": 20.0, ""auv_11"": 20.0, ""auv_00"": 20.0, ""auv_03"": 40.0, ""auv_01"": 60.0}",partial,60.0
85424607cd80fc940be0d3f9bf743dcc9e509f91,8798da326bb36514,paper_risk_bounded_v1_2026-09-28,utility_v2_frozen_2026-09-28,safe_useful_retention_v1_2026-09-28,paper_ssp_200m_moderate_v1,9,750,750.0,B4,tr_777f672e9af8_gpu,0.95425,0.0,0.0,0,0.8,0.014336917562724014,1,"{""conflicting_task_ownership"": 0, ""duplicate_execution"": 0, ""contradictory_reassignment"": 1, ""incompatible_mission_state"": 0, ""inconsistent_anomaly_state"": 0}",72832,35040,107872,0.6751705725304064,0.4166666666666667,0.5833333333333334,"{""auv_11"": 20.0, ""auv_02"": 20.0, ""auv_00"": 20.0, ""auv_03"": 40.0, ""auv_01"": 60.0}",partial,60.0
85424607cd80fc940be0d3f9bf743dcc9e509f91,8798da326bb36514,paper_risk_bounded_v1_2026-09-28,utility_v2_frozen_2026-09-28,safe_useful_retention_v1_2026-09-28,paper_ssp_200m_moderate_v1,9,750,750.0,B5_conservative,tr_777f672e9af8_gpu,-30.0453,0.0,0.0,0,0.0,0.0,0,"{""conflicting_task_ownership"": 0, ""duplicate_execution"": 0, ""contradictory_reassignment"": 0, ""incompatible_mission_state"": 0, ""inconsistent_anomaly_state"": 0}",72832,35040,107872,0.6751705725304064,0.4166666666666667,0.5833333333333334,"{""auv_02"": 20.0, ""auv_00"": 20.0, ""auv_11"": 20.0, ""auv_03"": 40.0, ""auv_01"": 60.0}",partial,60.0
85424607cd80fc940be0d3f9bf743dcc9e509f91,8798da326bb36514,paper_risk_bounded_v1_2026-09-28,utility_v2_frozen_2026-09-28,safe_useful_retention_v1_2026-09-28,paper_ssp_200m_moderate_v1,9,750,750.0,B5_nominal,tr_777f672e9af8_gpu,-77.08455,0.9294117647058824,0.9294117647058824,79,1.0,1.0,9,"{""conflicting_task_ownership"": 0, ""duplicate_execution"": 0, ""contradictory_reassignment"": 1, ""incompatible_mission_state"": 4, ""inconsistent_anomaly_state"": 4}",72832,29600,102432,0.7110278038113089,0.4166666666666667,0.5833333333333334,"{""auv_00"": 20.0, ""auv_02"": 20.0, ""auv_11"": 20.0, ""auv_03"": 40.0, ""auv_01"": 60.0}",partial,60.0
85424607cd80fc940be0d3f9bf743dcc9e509f91,8798da326bb36514,paper_risk_bounded_v1_2026-09-28,utility_v2_frozen_2026-09-28,safe_useful_retention_v1_2026-09-28,paper_ssp_200m_moderate_v1,9,750,750.0,B5_permissive,tr_777f672e9af8_gpu,-77.08455,0.9294117647058824,0.9294117647058824,79,1.0,1.0,9,"{""conflicting_task_ownership"": 0, ""duplicate_execution"": 0, ""contradictory_reassignment"": 1, ""incompatible_mission_state"": 4, ""inconsistent_anomaly_state"": 4}",72832,29600,102432,0.7110278038113089,0.4166666666666667,0.5833333333333334,"{""auv_02"": 20.0, ""auv_11"": 20.0, ""auv_00"": 20.0, ""auv_03"": 40.0, ""auv_01"": 60.0}",partial,60.0
85424607cd80fc940be0d3f9bf743dcc9e509f91,94f28f1abbc1f5e9,paper_risk_bounded_v1_2026-09-28,utility_v2_frozen_2026-09-28,safe_useful_retention_v1_2026-09-28,paper_ssp_200m_moderate_v1,9,1000,1000.0,B1,tr_777f672e9af8_gpu,47.9229,0.6666666666666666,0.9850746268656716,66,1.0,1.0,1,"{""conflicting_task_ownership"": 0, ""duplicate_execution"": 0, ""contradictory_reassignment"": 0, ""incompatible_mission_state"": 1, ""inconsistent_anomaly_state"": 0}",61696,35360,97056,0.6356742499175734,0.25,0.75,"{""auv_02"": 40.0, ""auv_01"": 60.0, ""auv_00"": 60.0}",partial,60.0
85424607cd80fc940be0d3f9bf743dcc9e509f91,94f28f1abbc1f5e9,paper_risk_bounded_v1_2026-09-28,utility_v2_frozen_2026-09-28,safe_useful_retention_v1_2026-09-28,paper_ssp_200m_moderate_v1,9,1000,1000.0,B2,tr_777f672e9af8_gpu,-117.08815,0.9325842696629213,0.9325842696629213,83,1.0,1.0,9,"{""conflicting_task_ownership"": 0, ""duplicate_execution"": 0, ""contradictory_reassignment"": 1, ""incompatible_mission_state"": 4, ""inconsistent_anomaly_state"": 4}",61696,35360,97056,0.6356742499175734,0.25,0.75,"{""auv_02"": 40.0, ""auv_00"": 60.0, ""auv_01"": 60.0}",partial,60.0
85424607cd80fc940be0d3f9bf743dcc9e509f91,94f28f1abbc1f5e9,paper_risk_bounded_v1_2026-09-28,utility_v2_frozen_2026-09-28,safe_useful_retention_v1_2026-09-28,paper_ssp_200m_moderate_v1,9,1000,1000.0,B3,tr_777f672e9af8_gpu,-30.0449,0.0,0.0,0,0.0,0.0,0,"{""conflicting_task_ownership"": 0, ""duplicate_execution"": 0, ""contradictory_reassignment"": 0, ""incompatible_mission_state"": 0, ""inconsistent_anomaly_state"": 0}",61696,40800,102496,0.6019356852950359,0.25,0.75,"{""auv_02"": 40.0, ""auv_00"": 60.0, ""auv_01"": 60.0}",partial,60.0
85424607cd80fc940be0d3f9bf743dcc9e509f91,94f28f1abbc1f5e9,paper_risk_bounded_v1_2026-09-28,utility_v2_frozen_2026-09-28,safe_useful_retention_v1_2026-09-28,paper_ssp_200m_moderate_v1,9,1000,1000.0,B4,tr_777f672e9af8_gpu,0.9551499999999999,0.0,0.0,0,0.8,0.014492753623188406,1,"{""conflicting_task_ownership"": 0, ""duplicate_execution"": 0, ""contradictory_reassignment"": 1, ""incompatible_mission_state"": 0, ""inconsistent_anomaly_state"": 0}",61696,40800,102496,0.6019356852950359,0.25,0.75,"{""auv_02"": 40.0, ""auv_01"": 60.0, ""auv_00"": 60.0}",partial,60.0
85424607cd80fc940be0d3f9bf743dcc9e509f91,94f28f1abbc1f5e9,paper_risk_bounded_v1_2026-09-28,utility_v2_frozen_2026-09-28,safe_useful_retention_v1_2026-09-28,paper_ssp_200m_moderate_v1,9,1000,1000.0,B5_conservative,tr_777f672e9af8_gpu,-30.0449,0.0,0.0,0,0.0,0.0,0,"{""conflicting_task_ownership"": 0, ""duplicate_execution"": 0, ""contradictory_reassignment"": 0, ""incompatible_mission_state"": 0, ""inconsistent_anomaly_state"": 0}",61696,40800,102496,0.6019356852950359,0.25,0.75,"{""auv_02"": 40.0, ""auv_01"": 60.0, ""auv_00"": 60.0}",partial,60.0
85424607cd80fc940be0d3f9bf743dcc9e509f91,94f28f1abbc1f5e9,paper_risk_bounded_v1_2026-09-28,utility_v2_frozen_2026-09-28,safe_useful_retention_v1_2026-09-28,paper_ssp_200m_moderate_v1,9,1000,1000.0,B5_nominal,tr_777f672e9af8_gpu,-117.08815,0.9325842696629213,0.9325842696629213,83,1.0,1.0,9,"{""conflicting_task_ownership"": 0, ""duplicate_execution"": 0, ""contradictory_reassignment"": 1, ""incompatible_mission_state"": 4, ""inconsistent_anomaly_state"": 4}",61696,35360,97056,0.6356742499175734,0.25,0.75,"{""auv_02"": 40.0, ""auv_01"": 60.0, ""auv_00"": 60.0}",partial,60.0
85424607cd80fc940be0d3f9bf743dcc9e509f91,94f28f1abbc1f5e9,paper_risk_bounded_v1_2026-09-28,utility_v2_frozen_2026-09-28,safe_useful_retention_v1_2026-09-28,paper_ssp_200m_moderate_v1,9,1000,1000.0,B5_permissive,tr_777f672e9af8_gpu,-117.08815,0.9325842696629213,0.9325842696629213,83,1.0,1.0,9,"{""conflicting_task_ownership"": 0, ""duplicate_execution"": 0, ""contradictory_reassignment"": 1, ""incompatible_mission_state"": 4, ""inconsistent_anomaly_state"": 4}",61696,35360,97056,0.6356742499175734,0.25,0.75,"{""auv_02"": 40.0, ""auv_01"": 60.0, ""auv_00"": 60.0}",partial,60.0
85424607cd80fc940be0d3f9bf743dcc9e509f91,7ef56cddb6728de0,paper_risk_bounded_v1_2026-09-28,utility_v2_frozen_2026-09-28,safe_useful_retention_v1_2026-09-28,paper_ssp_200m_strong_v1,0,0,0.0,B1,tr_41578464d64c_gpu,-30.0303,0.0,0.0,0,0.0,0.0,0,"{""conflicting_task_ownership"": 0, ""duplicate_execution"": 0, ""contradictory_reassignment"": 0, ""incompatible_mission_state"": 0, ""inconsistent_anomaly_state"": 0}",0,67200,67200,0.0,,,{},idle,0.0
85424607cd80fc940be0d3f9bf743dcc9e509f91,7ef56cddb6728de0,paper_risk_bounded_v1_2026-09-28,utility_v2_frozen_2026-09-28,safe_useful_retention_v1_2026-09-28,paper_ssp_200m_strong_v1,0,0,0.0,B2,tr_41578464d64c_gpu,-117.08815,0.9325842696629213,0.9325842696629213,83,1.0,1.0,9,"{""conflicting_task_ownership"": 0, ""duplicate_execution"": 0, ""contradictory_reassignment"": 1, ""incompatible_mission_state"": 4, ""inconsistent_anomaly_state"": 4}",0,67200,67200,0.0,,,{},idle,0.0
85424607cd80fc940be0d3f9bf743dcc9e509f91,7ef56cddb6728de0,paper_risk_bounded_v1_2026-09-28,utility_v2_frozen_2026-09-28,safe_useful_retention_v1_2026-09-28,paper_ssp_200m_strong_v1,0,0,0.0,B3,tr_41578464d64c_gpu,-30.0446,0.0,0.0,0,0.0,0.0,0,"{""conflicting_task_ownership"": 0, ""duplicate_execution"": 0, ""contradictory_reassignment"": 0, ""incompatible_mission_state"": 0, ""inconsistent_anomaly_state"": 0}",0,67200,67200,0.0,,,{},idle,0.0
85424607cd80fc940be0d3f9bf743dcc9e509f91,7ef56cddb6728de0,paper_risk_bounded_v1_2026-09-28,utility_v2_frozen_2026-09-28,safe_useful_retention_v1_2026-09-28,paper_ssp_200m_strong_v1,0,0,0.0,B4,tr_41578464d64c_gpu,-18.0303,0.0,0.0,0,0.2,0.0036231884057971015,0,"{""conflicting_task_ownership"": 0, ""duplicate_execution"": 0, ""contradictory_reassignment"": 0, ""incompatible_mission_state"": 0, ""inconsistent_anomaly_state"": 0}",0,67200,67200,0.0,,,{},idle,0.0
85424607cd80fc940be0d3f9bf743dcc9e509f91,7ef56cddb6728de0,paper_risk_bounded_v1_2026-09-28,utility_v2_frozen_2026-09-28,safe_useful_retention_v1_2026-09-28,paper_ssp_200m_strong_v1,0,0,0.0,B5_conservative,tr_41578464d64c_gpu,-30.0446,0.0,0.0,0,0.0,0.0,0,"{""conflicting_task_ownership"": 0, ""duplicate_execution"": 0, ""contradictory_reassignment"": 0, ""incompatible_mission_state"": 0, ""inconsistent_anomaly_state"": 0}",0,67200,67200,0.0,,,{},idle,0.0
85424607cd80fc940be0d3f9bf743dcc9e509f91,7ef56cddb6728de0,paper_risk_bounded_v1_2026-09-28,utility_v2_frozen_2026-09-28,safe_useful_retention_v1_2026-09-28,paper_ssp_200m_strong_v1,0,0,0.0,B5_nominal,tr_41578464d64c_gpu,-117.08815,0.9325842696629213,0.9325842696629213,83,1.0,1.0,9,"{""conflicting_task_ownership"": 0, ""duplicate_execution"": 0, ""contradictory_reassignment"": 1, ""incompatible_mission_state"": 4, ""inconsistent_anomaly_state"": 4}",0,67200,67200,0.0,,,{},idle,0.0
85424607cd80fc940be0d3f9bf743dcc9e509f91,7ef56cddb6728de0,paper_risk_bounded_v1_2026-09-28,utility_v2_frozen_2026-09-28,safe_useful_retention_v1_2026-09-28,paper_ssp_200m_strong_v1,0,0,0.0,B5_permissive,tr_41578464d64c_gpu,-117.08815,0.9325842696629213,0.9325842696629213,83,1.0,1.0,9,"{""conflicting_task_ownership"": 0, ""duplicate_execution"": 0, ""contradictory_reassignment"": 1, ""incompatible_mission_state"": 4, ""inconsistent_anomaly_state"": 4}",0,67200,67200,0.0,,,{},idle,0.0
85424607cd80fc940be0d3f9bf743dcc9e509f91,66b040879785adf1,paper_risk_bounded_v1_2026-09-28,utility_v2_frozen_2026-09-28,safe_useful_retention_v1_2026-09-28,paper_ssp_200m_strong_v1,0,150,150.0,B1,tr_41578464d64c_gpu,-30.0303,0.0,0.0,0,0.0,0.0,0,"{""conflicting_task_ownership"": 0, ""duplicate_execution"": 0, ""contradictory_reassignment"": 0, ""incompatible_mission_state"": 0, ""inconsistent_anomaly_state"": 0}",0,67200,67200,0.0,0.0,1.0,{},timeout,60.0
85424607cd80fc940be0d3f9bf743dcc9e509f91,66b040879785adf1,paper_risk_bounded_v1_2026-09-28,utility_v2_frozen_2026-09-28,safe_useful_retention_v1_2026-09-28,paper_ssp_200m_strong_v1,0,150,150.0,B2,tr_41578464d64c_gpu,-117.08815,0.9325842696629213,0.9325842696629213,83,1.0,1.0,9,"{""conflicting_task_ownership"": 0, ""duplicate_execution"": 0, ""contradictory_reassignment"": 1, ""incompatible_mission_state"": 4, ""inconsistent_anomaly_state"": 4}",0,67200,67200,0.0,0.0,1.0,{},timeout,60.0
85424607cd80fc940be0d3f9bf743dcc9e509f91,66b040879785adf1,paper_risk_bounded_v1_2026-09-28,utility_v2_frozen_2026-09-28,safe_useful_retention_v1_2026-09-28,paper_ssp_200m_strong_v1,0,150,150.0,B3,tr_41578464d64c_gpu,-30.0446,0.0,0.0,0,0.0,0.0,0,"{""conflicting_task_ownership"": 0, ""duplicate_execution"": 0, ""contradictory_reassignment"": 0, ""incompatible_mission_state"": 0, ""inconsistent_anomaly_state"": 0}",0,67200,67200,0.0,0.0,1.0,{},timeout,60.0
85424607cd80fc940be0d3f9bf743dcc9e509f91,66b040879785adf1,paper_risk_bounded_v1_2026-09-28,utility_v2_frozen_2026-09-28,safe_useful_retention_v1_2026-09-28,paper_ssp_200m_strong_v1,0,150,150.0,B4,tr_41578464d64c_gpu,-18.0303,0.0,0.0,0,0.2,0.0036231884057971015,0,"{""conflicting_task_ownership"": 0, ""duplicate_execution"": 0, ""contradictory_reassignment"": 0, ""incompatible_mission_state"": 0, ""inconsistent_anomaly_state"": 0}",0,67200,67200,0.0,0.0,1.0,{},timeout,60.0
85424607cd80fc940be0d3f9bf743dcc9e509f91,66b040879785adf1,paper_risk_bounded_v1_2026-09-28,utility_v2_frozen_2026-09-28,safe_useful_retention_v1_2026-09-28,paper_ssp_200m_strong_v1,0,150,150.0,B5_conservative,tr_41578464d64c_gpu,-30.0446,0.0,0.0,0,0.0,0.0,0,"{""conflicting_task_ownership"": 0, ""duplicate_execution"": 0, ""contradictory_reassignment"": 0, ""incompatible_mission_state"": 0, ""inconsistent_anomaly_state"": 0}",0,67200,67200,0.0,0.0,1.0,{},timeout,60.0
85424607cd80fc940be0d3f9bf743dcc9e509f91,66b040879785adf1,paper_risk_bounded_v1_2026-09-28,utility_v2_frozen_2026-09-28,safe_useful_retention_v1_2026-09-28,paper_ssp_200m_strong_v1,0,150,150.0,B5_nominal,tr_41578464d64c_gpu,-117.08815,0.9325842696629213,0.9325842696629213,83,1.0,1.0,9,"{""conflicting_task_ownership"": 0, ""duplicate_execution"": 0, ""contradictory_reassignment"": 1, ""incompatible_mission_state"": 4, ""inconsistent_anomaly_state"": 4}",0,67200,67200,0.0,0.0,1.0,{},timeout,60.0
85424607cd80fc940be0d3f9bf743dcc9e509f91,66b040879785adf1,paper_risk_bounded_v1_2026-09-28,utility_v2_frozen_2026-09-28,safe_useful_retention_v1_2026-09-28,paper_ssp_200m_strong_v1,0,150,150.0,B5_permissive,tr_41578464d64c_gpu,-117.08815,0.9325842696629213,0.9325842696629213,83,1.0,1.0,9,"{""conflicting_task_ownership"": 0, ""duplicate_execution"": 0, ""contradictory_reassignment"": 1, ""incompatible_mission_state"": 4, ""inconsistent_anomaly_state"": 4}",0,67200,67200,0.0,0.0,1.0,{},timeout,60.0
85424607cd80fc940be0d3f9bf743dcc9e509f91,00f5fe28e8311550,paper_risk_bounded_v1_2026-09-28,utility_v2_frozen_2026-09-28,safe_useful_retention_v1_2026-09-28,paper_ssp_200m_strong_v1,0,300,300.0,B1,tr_41578464d64c_gpu,-30.0303,0.0,0.0,0,0.0,0.0,0,"{""conflicting_task_ownership"": 0, ""duplicate_execution"": 0, ""contradictory_reassignment"": 0, ""incompatible_mission_state"": 0, ""inconsistent_anomaly_state"": 0}",0,67200,67200,0.0,0.0,1.0,{},timeout,60.0
85424607cd80fc940be0d3f9bf743dcc9e509f91,00f5fe28e8311550,paper_risk_bounded_v1_2026-09-28,utility_v2_frozen_2026-09-28,safe_useful_retention_v1_2026-09-28,paper_ssp_200m_strong_v1,0,300,300.0,B2,tr_41578464d64c_gpu,-117.08815,0.9325842696629213,0.9325842696629213,83,1.0,1.0,9,"{""conflicting_task_ownership"": 0, ""duplicate_execution"": 0, ""contradictory_reassignment"": 1, ""incompatible_mission_state"": 4, ""inconsistent_anomaly_state"": 4}",0,67200,67200,0.0,0.0,1.0,{},timeout,60.0
85424607cd80fc940be0d3f9bf743dcc9e509f91,00f5fe28e8311550,paper_risk_bounded_v1_2026-09-28,utility_v2_frozen_2026-09-28,safe_useful_retention_v1_2026-09-28,paper_ssp_200m_strong_v1,0,300,300.0,B3,tr_41578464d64c_gpu,-30.0446,0.0,0.0,0,0.0,0.0,0,"{""conflicting_task_ownership"": 0, ""duplicate_execution"": 0, ""contradictory_reassignment"": 0, ""incompatible_mission_state"": 0, ""inconsistent_anomaly_state"": 0}",0,67200,67200,0.0,0.0,1.0,{},timeout,60.0
85424607cd80fc940be0d3f9bf743dcc9e509f91,00f5fe28e8311550,paper_risk_bounded_v1_2026-09-28,utility_v2_frozen_2026-09-28,safe_useful_retention_v1_2026-09-28,paper_ssp_200m_strong_v1,0,300,300.0,B4,tr_41578464d64c_gpu,-18.0303,0.0,0.0,0,0.2,0.0036231884057971015,0,"{""conflicting_task_ownership"": 0, ""duplicate_execution"": 0, ""contradictory_reassignment"": 0, ""incompatible_mission_state"": 0, ""inconsistent_anomaly_state"": 0}",0,67200,67200,0.0,0.0,1.0,{},timeout,60.0
85424607cd80fc940be0d3f9bf743dcc9e509f91,00f5fe28e8311550,paper_risk_bounded_v1_2026-09-28,utility_v2_frozen_2026-09-28,safe_useful_retention_v1_2026-09-28,paper_ssp_200m_strong_v1,0,300,300.0,B5_conservative,tr_41578464d64c_gpu,-30.0446,0.0,0.0,0,0.0,0.0,0,"{""conflicting_task_ownership"": 0, ""duplicate_execution"": 0, ""contradictory_reassignment"": 0, ""incompatible_mission_state"": 0, ""inconsistent_anomaly_state"": 0}",0,67200,67200,0.0,0.0,1.0,{},timeout,60.0
85424607cd80fc940be0d3f9bf743dcc9e509f91,00f5fe28e8311550,paper_risk_bounded_v1_2026-09-28,utility_v2_frozen_2026-09-28,safe_useful_retention_v1_2026-09-28,paper_ssp_200m_strong_v1,0,300,300.0,B5_nominal,tr_41578464d64c_gpu,-117.08815,0.9325842696629213,0.9325842696629213,83,1.0,1.0,9,"{""conflicting_task_ownership"": 0, ""duplicate_execution"": 0, ""contradictory_reassignment"": 1, ""incompatible_mission_state"": 4, ""inconsistent_anomaly_state"": 4}",0,67200,67200,0.0,0.0,1.0,{},timeout,60.0
85424607cd80fc940be0d3f9bf743dcc9e509f91,00f5fe28e8311550,paper_risk_bounded_v1_2026-09-28,utility_v2_frozen_2026-09-28,safe_useful_retention_v1_2026-09-28,paper_ssp_200m_strong_v1,0,300,300.0,B5_permissive,tr_41578464d64c_gpu,-117.08815,0.9325842696629213,0.9325842696629213,83,1.0,1.0,9,"{""conflicting_task_ownership"": 0, ""duplicate_execution"": 0, ""contradictory_reassignment"": 1, ""incompatible_mission_state"": 4, ""inconsistent_anomaly_state"": 4}",0,67200,67200,0.0,0.0,1.0,{},timeout,60.0
85424607cd80fc940be0d3f9bf743dcc9e509f91,156373d7c40b004e,paper_risk_bounded_v1_2026-09-28,utility_v2_frozen_2026-09-28,safe_useful_retention_v1_2026-09-28,paper_ssp_200m_strong_v1,0,500,500.0,B1,tr_41578464d64c_gpu,-30.0303,0.0,0.0,0,0.0,0.0,0,"{""conflicting_task_ownership"": 0, ""duplicate_execution"": 0, ""contradictory_reassignment"": 0, ""incompatible_mission_state"": 0, ""inconsistent_anomaly_state"": 0}",0,67200,67200,0.0,0.0,1.0,{},timeout,60.0
85424607cd80fc940be0d3f9bf743dcc9e509f91,156373d7c40b004e,paper_risk_bounded_v1_2026-09-28,utility_v2_frozen_2026-09-28,safe_useful_retention_v1_2026-09-28,paper_ssp_200m_strong_v1,0,500,500.0,B2,tr_41578464d64c_gpu,-117.08815,0.9325842696629213,0.9325842696629213,83,1.0,1.0,9,"{""conflicting_task_ownership"": 0, ""duplicate_execution"": 0, ""contradictory_reassignment"": 1, ""incompatible_mission_state"": 4, ""inconsistent_anomaly_state"": 4}",0,67200,67200,0.0,0.0,1.0,{},timeout,60.0
85424607cd80fc940be0d3f9bf743dcc9e509f91,156373d7c40b004e,paper_risk_bounded_v1_2026-09-28,utility_v2_frozen_2026-09-28,safe_useful_retention_v1_2026-09-28,paper_ssp_200m_strong_v1,0,500,500.0,B3,tr_41578464d64c_gpu,-30.0446,0.0,0.0,0,0.0,0.0,0,"{""conflicting_task_ownership"": 0, ""duplicate_execution"": 0, ""contradictory_reassignment"": 0, ""incompatible_mission_state"": 0, ""inconsistent_anomaly_state"": 0}",0,67200,67200,0.0,0.0,1.0,{},timeout,60.0
85424607cd80fc940be0d3f9bf743dcc9e509f91,156373d7c40b004e,paper_risk_bounded_v1_2026-09-28,utility_v2_frozen_2026-09-28,safe_useful_retention_v1_2026-09-28,paper_ssp_200m_strong_v1,0,500,500.0,B4,tr_41578464d64c_gpu,-18.0303,0.0,0.0,0,0.2,0.0036231884057971015,0,"{""conflicting_task_ownership"": 0, ""duplicate_execution"": 0, ""contradictory_reassignment"": 0, ""incompatible_mission_state"": 0, ""inconsistent_anomaly_state"": 0}",0,67200,67200,0.0,0.0,1.0,{},timeout,60.0
85424607cd80fc940be0d3f9bf743dcc9e509f91,156373d7c40b004e,paper_risk_bounded_v1_2026-09-28,utility_v2_frozen_2026-09-28,safe_useful_retention_v1_2026-09-28,paper_ssp_200m_strong_v1,0,500,500.0,B5_conservative,tr_41578464d64c_gpu,-30.0446,0.0,0.0,0,0.0,0.0,0,"{""conflicting_task_ownership"": 0, ""duplicate_execution"": 0, ""contradictory_reassignment"": 0, ""incompatible_mission_state"": 0, ""inconsistent_anomaly_state"": 0}",0,67200,67200,0.0,0.0,1.0,{},timeout,60.0
85424607cd80fc940be0d3f9bf743dcc9e509f91,156373d7c40b004e,paper_risk_bounded_v1_2026-09-28,utility_v2_frozen_2026-09-28,safe_useful_retention_v1_2026-09-28,paper_ssp_200m_strong_v1,0,500,500.0,B5_nominal,tr_41578464d64c_gpu,-117.08815,0.9325842696629213,0.9325842696629213,83,1.0,1.0,9,"{""conflicting_task_ownership"": 0, ""duplicate_execution"": 0, ""contradictory_reassignment"": 1, ""incompatible_mission_state"": 4, ""inconsistent_anomaly_state"": 4}",0,67200,67200,0.0,0.0,1.0,{},timeout,60.0
85424607cd80fc940be0d3f9bf743dcc9e509f91,156373d7c40b004e,paper_risk_bounded_v1_2026-09-28,utility_v2_frozen_2026-09-28,safe_useful_retention_v1_2026-09-28,paper_ssp_200m_strong_v1,0,500,500.0,B5_permissive,tr_41578464d64c_gpu,-117.08815,0.9325842696629213,0.9325842696629213,83,1.0,1.0,9,"{""conflicting_task_ownership"": 0, ""duplicate_execution"": 0, ""contradictory_reassignment"": 1, ""incompatible_mission_state"": 4, ""inconsistent_anomaly_state"": 4}",0,67200,67200,0.0,0.0,1.0,{},timeout,60.0
85424607cd80fc940be0d3f9bf743dcc9e509f91,be30d011885e8efb,paper_risk_bounded_v1_2026-09-28,utility_v2_frozen_2026-09-28,safe_useful_retention_v1_2026-09-28,paper_ssp_200m_strong_v1,0,750,750.0,B1,tr_41578464d64c_gpu,-30.0303,0.0,0.0,0,0.0,0.0,0,"{""conflicting_task_ownership"": 0, ""duplicate_execution"": 0, ""contradictory_reassignment"": 0, ""incompatible_mission_state"": 0, ""inconsistent_anomaly_state"": 0}",0,67200,67200,0.0,0.0,1.0,{},timeout,60.0
85424607cd80fc940be0d3f9bf743dcc9e509f91,be30d011885e8efb,paper_risk_bounded_v1_2026-09-28,utility_v2_frozen_2026-09-28,safe_useful_retention_v1_2026-09-28,paper_ssp_200m_strong_v1,0,750,750.0,B2,tr_41578464d64c_gpu,-117.08815,0.9325842696629213,0.9325842696629213,83,1.0,1.0,9,"{""conflicting_task_ownership"": 0, ""duplicate_execution"": 0, ""contradictory_reassignment"": 1, ""incompatible_mission_state"": 4, ""inconsistent_anomaly_state"": 4}",0,67200,67200,0.0,0.0,1.0,{},timeout,60.0
85424607cd80fc940be0d3f9bf743dcc9e509f91,be30d011885e8efb,paper_risk_bounded_v1_2026-09-28,utility_v2_frozen_2026-09-28,safe_useful_retention_v1_2026-09-28,paper_ssp_200m_strong_v1,0,750,750.0,B3,tr_41578464d64c_gpu,-30.0446,0.0,0.0,0,0.0,0.0,0,"{""conflicting_task_ownership"": 0, ""duplicate_execution"": 0, ""contradictory_reassignment"": 0, ""incompatible_mission_state"": 0, ""inconsistent_anomaly_state"": 0}",0,67200,67200,0.0,0.0,1.0,{},timeout,60.0
85424607cd80fc940be0d3f9bf743dcc9e509f91,be30d011885e8efb,paper_risk_bounded_v1_2026-09-28,utility_v2_frozen_2026-09-28,safe_useful_retention_v1_2026-09-28,paper_ssp_200m_strong_v1,0,750,750.0,B4,tr_41578464d64c_gpu,-18.0303,0.0,0.0,0,0.2,0.0036231884057971015,0,"{""conflicting_task_ownership"": 0, ""duplicate_execution"": 0, ""contradictory_reassignment"": 0, ""incompatible_mission_state"": 0, ""inconsistent_anomaly_state"": 0}",0,67200,67200,0.0,0.0,1.0,{},timeout,60.0
85424607cd80fc940be0d3f9bf743dcc9e509f91,be30d011885e8efb,paper_risk_bounded_v1_2026-09-28,utility_v2_frozen_2026-09-28,safe_useful_retention_v1_2026-09-28,paper_ssp_200m_strong_v1,0,750,750.0,B5_conservative,tr_41578464d64c_gpu,-30.0446,0.0,0.0,0,0.0,0.0,0,"{""conflicting_task_ownership"": 0, ""duplicate_execution"": 0, ""contradictory_reassignment"": 0, ""incompatible_mission_state"": 0, ""inconsistent_anomaly_state"": 0}",0,67200,67200,0.0,0.0,1.0,{},timeout,60.0
85424607cd80fc940be0d3f9bf743dcc9e509f91,be30d011885e8efb,paper_risk_bounded_v1_2026-09-28,utility_v2_frozen_2026-09-28,safe_useful_retention_v1_2026-09-28,paper_ssp_200m_strong_v1,0,750,750.0,B5_nominal,tr_41578464d64c_gpu,-117.08815,0.9325842696629213,0.9325842696629213,83,1.0,1.0,9,"{""conflicting_task_ownership"": 0, ""duplicate_execution"": 0, ""contradictory_reassignment"": 1, ""incompatible_mission_state"": 4, ""inconsistent_anomaly_state"": 4}",0,67200,67200,0.0,0.0,1.0,{},timeout,60.0
85424607cd80fc940be0d3f9bf743dcc9e509f91,be30d011885e8efb,paper_risk_bounded_v1_2026-09-28,utility_v2_frozen_2026-09-28,safe_useful_retention_v1_2026-09-28,paper_ssp_200m_strong_v1,0,750,750.0,B5_permissive,tr_41578464d64c_gpu,-117.08815,0.9325842696629213,0.9325842696629213,83,1.0,1.0,9,"{""conflicting_task_ownership"": 0, ""duplicate_execution"": 0, ""contradictory_reassignment"": 1, ""incompatible_mission_state"": 4, ""inconsistent_anomaly_state"": 4}",0,67200,67200,0.0,0.0,1.0,{},timeout,60.0
85424607cd80fc940be0d3f9bf743dcc9e509f91,ab4aabfdc4a1a401,paper_risk_bounded_v1_2026-09-28,utility_v2_frozen_2026-09-28,safe_useful_retention_v1_2026-09-28,paper_ssp_200m_strong_v1,0,1000,1000.0,B1,tr_41578464d64c_gpu,-30.0303,0.0,0.0,0,0.0,0.0,0,"{""conflicting_task_ownership"": 0, ""duplicate_execution"": 0, ""contradictory_reassignment"": 0, ""incompatible_mission_state"": 0, ""inconsistent_anomaly_state"": 0}",0,67200,67200,0.0,0.0,1.0,{},timeout,60.0
85424607cd80fc940be0d3f9bf743dcc9e509f91,ab4aabfdc4a1a401,paper_risk_bounded_v1_2026-09-28,utility_v2_frozen_2026-09-28,safe_useful_retention_v1_2026-09-28,paper_ssp_200m_strong_v1,0,1000,1000.0,B2,tr_41578464d64c_gpu,-117.08815,0.9325842696629213,0.9325842696629213,83,1.0,1.0,9,"{""conflicting_task_ownership"": 0, ""duplicate_execution"": 0, ""contradictory_reassignment"": 1, ""incompatible_mission_state"": 4, ""inconsistent_anomaly_state"": 4}",0,67200,67200,0.0,0.0,1.0,{},timeout,60.0
85424607cd80fc940be0d3f9bf743dcc9e509f91,ab4aabfdc4a1a401,paper_risk_bounded_v1_2026-09-28,utility_v2_frozen_2026-09-28,safe_useful_retention_v1_2026-09-28,paper_ssp_200m_strong_v1,0,1000,1000.0,B3,tr_41578464d64c_gpu,-30.0446,0.0,0.0,0,0.0,0.0,0,"{""conflicting_task_ownership"": 0, ""duplicate_execution"": 0, ""contradictory_reassignment"": 0, ""incompatible_mission_state"": 0, ""inconsistent_anomaly_state"": 0}",0,67200,67200,0.0,0.0,1.0,{},timeout,60.0
85424607cd80fc940be0d3f9bf743dcc9e509f91,ab4aabfdc4a1a401,paper_risk_bounded_v1_2026-09-28,utility_v2_frozen_2026-09-28,safe_useful_retention_v1_2026-09-28,paper_ssp_200m_strong_v1,0,1000,1000.0,B4,tr_41578464d64c_gpu,-18.0303,0.0,0.0,0,0.2,0.0036231884057971015,0,"{""conflicting_task_ownership"": 0, ""duplicate_execution"": 0, ""contradictory_reassignment"": 0, ""incompatible_mission_state"": 0, ""inconsistent_anomaly_state"": 0}",0,67200,67200,0.0,0.0,1.0,{},timeout,60.0
85424607cd80fc940be0d3f9bf743dcc9e509f91,ab4aabfdc4a1a401,paper_risk_bounded_v1_2026-09-28,utility_v2_frozen_2026-09-28,safe_useful_retention_v1_2026-09-28,paper_ssp_200m_strong_v1,0,1000,1000.0,B5_conservative,tr_41578464d64c_gpu,-30.0446,0.0,0.0,0,0.0,0.0,0,"{""conflicting_task_ownership"": 0, ""duplicate_execution"": 0, ""contradictory_reassignment"": 0, ""incompatible_mission_state"": 0, ""inconsistent_anomaly_state"": 0}",0,67200,67200,0.0,0.0,1.0,{},timeout,60.0
85424607cd80fc940be0d3f9bf743dcc9e509f91,ab4aabfdc4a1a401,paper_risk_bounded_v1_2026-09-28,utility_v2_frozen_2026-09-28,safe_useful_retention_v1_2026-09-28,paper_ssp_200m_strong_v1,0,1000,1000.0,B5_nominal,tr_41578464d64c_gpu,-117.08815,0.9325842696629213,0.9325842696629213,83,1.0,1.0,9,"{""conflicting_task_ownership"": 0, ""duplicate_execution"": 0, ""contradictory_reassignment"": 1, ""incompatible_mission_state"": 4, ""inconsistent_anomaly_state"": 4}",0,67200,67200,0.0,0.0,1.0,{},timeout,60.0
85424607cd80fc940be0d3f9bf743dcc9e509f91,ab4aabfdc4a1a401,paper_risk_bounded_v1_2026-09-28,utility_v2_frozen_2026-09-28,safe_useful_retention_v1_2026-09-28,paper_ssp_200m_strong_v1,0,1000,1000.0,B5_permissive,tr_41578464d64c_gpu,-117.08815,0.9325842696629213,0.9325842696629213,83,1.0,1.0,9,"{""conflicting_task_ownership"": 0, ""duplicate_execution"": 0, ""contradictory_reassignment"": 1, ""incompatible_mission_state"": 4, ""inconsistent_anomaly_state"": 4}",0,67200,67200,0.0,0.0,1.0,{},timeout,60.0
85424607cd80fc940be0d3f9bf743dcc9e509f91,99b7c82abfe931f2,paper_risk_bounded_v1_2026-09-28,utility_v2_frozen_2026-09-28,safe_useful_retention_v1_2026-09-28,paper_ssp_200m_strong_v1,1,0,0.0,B1,tr_6c0fce5b4aa8_gpu,47.9171,0.9857142857142858,0.9857142857142858,69,1.0,1.0,1,"{""conflicting_task_ownership"": 0, ""duplicate_execution"": 0, ""contradictory_reassignment"": 0, ""incompatible_mission_state"": 1, ""inconsistent_anomaly_state"": 0}",96512,5680,102192,0.9444183497729763,,,{},idle,0.0
85424607cd80fc940be0d3f9bf743dcc9e509f91,99b7c82abfe931f2,paper_risk_bounded_v1_2026-09-28,utility_v2_frozen_2026-09-28,safe_useful_retention_v1_2026-09-28,paper_ssp_200m_strong_v1,1,0,0.0,B2,tr_6c0fce5b4aa8_gpu,47.9171,0.9857142857142858,0.9857142857142858,69,1.0,1.0,1,"{""conflicting_task_ownership"": 0, ""duplicate_execution"": 0, ""contradictory_reassignment"": 0, ""incompatible_mission_state"": 1, ""inconsistent_anomaly_state"": 0}",96512,5680,102192,0.9444183497729763,,,{},idle,0.0
85424607cd80fc940be0d3f9bf743dcc9e509f91,99b7c82abfe931f2,paper_risk_bounded_v1_2026-09-28,utility_v2_frozen_2026-09-28,safe_useful_retention_v1_2026-09-28,paper_ssp_200m_strong_v1,1,0,0.0,B3,tr_6c0fce5b4aa8_gpu,-30.0462,0.0,0.0,0,0.0,0.0,0,"{""conflicting_task_ownership"": 0, ""duplicate_execution"": 0, ""contradictory_reassignment"": 0, ""incompatible_mission_state"": 0, ""inconsistent_anomaly_state"": 0}",96512,8400,104912,0.9199328961415282,,,{},idle,0.0
85424607cd80fc940be0d3f9bf743dcc9e509f91,99b7c82abfe931f2,paper_risk_bounded_v1_2026-09-28,utility_v2_frozen_2026-09-28,safe_useful_retention_v1_2026-09-28,paper_ssp_200m_strong_v1,1,0,0.0,B4,tr_6c0fce5b4aa8_gpu,-18.0462,0.0,0.0,0,1.0,0.0035714285714285713,0,"{""conflicting_task_ownership"": 0, ""duplicate_execution"": 0, ""contradictory_reassignment"": 0, ""incompatible_mission_state"": 0, ""inconsistent_anomaly_state"": 0}",96512,8400,104912,0.9199328961415282,,,{},idle,0.0
85424607cd80fc940be0d3f9bf743dcc9e509f91,99b7c82abfe931f2,paper_risk_bounded_v1_2026-09-28,utility_v2_frozen_2026-09-28,safe_useful_retention_v1_2026-09-28,paper_ssp_200m_strong_v1,1,0,0.0,B5_conservative,tr_6c0fce5b4aa8_gpu,-30.0462,0.0,0.0,0,0.0,0.0,0,"{""conflicting_task_ownership"": 0, ""duplicate_execution"": 0, ""contradictory_reassignment"": 0, ""incompatible_mission_state"": 0, ""inconsistent_anomaly_state"": 0}",96512,8400,104912,0.9199328961415282,,,{},idle,0.0
85424607cd80fc940be0d3f9bf743dcc9e509f91,99b7c82abfe931f2,paper_risk_bounded_v1_2026-09-28,utility_v2_frozen_2026-09-28,safe_useful_retention_v1_2026-09-28,paper_ssp_200m_strong_v1,1,0,0.0,B5_nominal,tr_6c0fce5b4aa8_gpu,47.9171,0.9857142857142858,0.9857142857142858,69,1.0,1.0,1,"{""conflicting_task_ownership"": 0, ""duplicate_execution"": 0, ""contradictory_reassignment"": 0, ""incompatible_mission_state"": 1, ""inconsistent_anomaly_state"": 0}",96512,5680,102192,0.9444183497729763,,,{},idle,0.0
85424607cd80fc940be0d3f9bf743dcc9e509f91,99b7c82abfe931f2,paper_risk_bounded_v1_2026-09-28,utility_v2_frozen_2026-09-28,safe_useful_retention_v1_2026-09-28,paper_ssp_200m_strong_v1,1,0,0.0,B5_permissive,tr_6c0fce5b4aa8_gpu,47.9171,0.9857142857142858,0.9857142857142858,69,1.0,1.0,1,"{""conflicting_task_ownership"": 0, ""duplicate_execution"": 0, ""contradictory_reassignment"": 0, ""incompatible_mission_state"": 1, ""inconsistent_anomaly_state"": 0}",96512,5680,102192,0.9444183497729763,,,{},idle,0.0
85424607cd80fc940be0d3f9bf743dcc9e509f91,e639472082539320,paper_risk_bounded_v1_2026-09-28,utility_v2_frozen_2026-09-28,safe_useful_retention_v1_2026-09-28,paper_ssp_200m_strong_v1,1,150,150.0,B1,tr_6c0fce5b4aa8_gpu,47.9177,0.868421052631579,0.9850746268656716,66,1.0,1.0,1,"{""conflicting_task_ownership"": 0, ""duplicate_execution"": 0, ""contradictory_reassignment"": 0, ""incompatible_mission_state"": 1, ""inconsistent_anomaly_state"": 0}",103808,9520,113328,0.915996046872794,0.16666666666666666,0.8333333333333334,"{""auv_07"": 20.0, ""auv_09"": 60.0}",partial,60.0
85424607cd80fc940be0d3f9bf743dcc9e509f91,e639472082539320,paper_risk_bounded_v1_2026-09-28,utility_v2_frozen_2026-09-28,safe_useful_retention_v1_2026-09-28,paper_ssp_200m_strong_v1,1,150,150.0,B2,tr_6c0fce5b4aa8_gpu,41.923,0.9210526315789473,0.9210526315789473,70,1.0,1.0,2,"{""conflicting_task_ownership"": 0, ""duplicate_execution"": 0, ""contradictory_reassignment"": 1, ""incompatible_mission_state"": 1, ""inconsistent_anomaly_state"": 0}",103808,9520,113328,0.915996046872794,0.16666666666666666,0.8333333333333334,"{""auv_07"": 20.0, ""auv_09"": 60.0}",partial,60.0
85424607cd80fc940be0d3f9bf743dcc9e509f91,e639472082539320,paper_risk_bounded_v1_2026-09-28,utility_v2_frozen_2026-09-28,safe_useful_retention_v1_2026-09-28,paper_ssp_200m_strong_v1,1,150,150.0,B3,tr_6c0fce5b4aa8_gpu,-30.046,0.0,0.0,0,0.0,0.0,0,"{""conflicting_task_ownership"": 0, ""duplicate_execution"": 0, ""contradictory_reassignment"": 0, ""incompatible_mission_state"": 0, ""inconsistent_anomaly_state"": 0}",103808,12240,116048,0.8945264028677788,0.16666666666666666,0.8333333333333334,"{""auv_07"": 20.0, ""auv_09"": 60.0}",partial,60.0
85424607cd80fc940be0d3f9bf743dcc9e509f91,e639472082539320,paper_risk_bounded_v1_2026-09-28,utility_v2_frozen_2026-09-28,safe_useful_retention_v1_2026-09-28,paper_ssp_200m_strong_v1,1,150,150.0,B4,tr_6c0fce5b4aa8_gpu,0.95355,0.0,0.0,0,0.8,0.014234875444839857,1,"{""conflicting_task_ownership"": 0, ""duplicate_execution"": 0, ""contradictory_reassignment"": 1, ""incompatible_mission_state"": 0, ""inconsistent_anomaly_state"": 0}",103808,12240,116048,0.8945264028677788,0.16666666666666666,0.8333333333333334,"{""auv_07"": 20.0, ""auv_09"": 60.0}",partial,60.0
85424607cd80fc940be0d3f9bf743dcc9e509f91,e639472082539320,paper_risk_bounded_v1_2026-09-28,utility_v2_frozen_2026-09-28,safe_useful_retention_v1_2026-09-28,paper_ssp_200m_strong_v1,1,150,150.0,B5_conservative,tr_6c0fce5b4aa8_gpu,-30.046,0.0,0.0,0,0.0,0.0,0,"{""conflicting_task_ownership"": 0, ""duplicate_execution"": 0, ""contradictory_reassignment"": 0, ""incompatible_mission_state"": 0, ""inconsistent_anomaly_state"": 0}",103808,12240,116048,0.8945264028677788,0.16666666666666666,0.8333333333333334,"{""auv_07"": 20.0, ""auv_09"": 60.0}",partial,60.0
85424607cd80fc940be0d3f9bf743dcc9e509f91,e639472082539320,paper_risk_bounded_v1_2026-09-28,utility_v2_frozen_2026-09-28,safe_useful_retention_v1_2026-09-28,paper_ssp_200m_strong_v1,1,150,150.0,B5_nominal,tr_6c0fce5b4aa8_gpu,41.923,0.9210526315789473,0.9210526315789473,70,1.0,1.0,2,"{""conflicting_task_ownership"": 0, ""duplicate_execution"": 0, ""contradictory_reassignment"": 1, ""incompatible_mission_state"": 1, ""inconsistent_anomaly_state"": 0}",103808,9520,113328,0.915996046872794,0.16666666666666666,0.8333333333333334,"{""auv_07"": 20.0, ""auv_09"": 60.0}",partial,60.0
85424607cd80fc940be0d3f9bf743dcc9e509f91,e639472082539320,paper_risk_bounded_v1_2026-09-28,utility_v2_frozen_2026-09-28,safe_useful_retention_v1_2026-09-28,paper_ssp_200m_strong_v1,1,150,150.0,B5_permissive,tr_6c0fce5b4aa8_gpu,41.923,0.9210526315789473,0.9210526315789473,70,1.0,1.0,2,"{""conflicting_task_ownership"": 0, ""duplicate_execution"": 0, ""contradictory_reassignment"": 1, ""incompatible_mission_state"": 1, ""inconsistent_anomaly_state"": 0}",103808,9520,113328,0.915996046872794,0.16666666666666666,0.8333333333333334,"{""auv_07"": 20.0, ""auv_09"": 60.0}",partial,60.0
85424607cd80fc940be0d3f9bf743dcc9e509f91,e85c0f2092a0a26a,paper_risk_bounded_v1_2026-09-28,utility_v2_frozen_2026-09-28,safe_useful_retention_v1_2026-09-28,paper_ssp_200m_strong_v1,1,300,300.0,B1,tr_6c0fce5b4aa8_gpu,47.9183,0.8170731707317073,0.9852941176470589,67,1.0,1.0,1,"{""conflicting_task_ownership"": 0, ""duplicate_execution"": 0, ""contradictory_reassignment"": 0, ""incompatible_mission_state"": 1, ""inconsistent_anomaly_state"": 0}",96384,12880,109264,0.882120369014497,0.3333333333333333,0.6666666666666666,"{""auv_04"": 40.0, ""auv_03"": 40.0, ""auv_02"": 40.0, ""auv_09"": 60.0}",partial,60.0
85424607cd80fc940be0d3f9bf743dcc9e509f91,e85c0f2092a0a26a,paper_risk_bounded_v1_2026-09-28,utility_v2_frozen_2026-09-28,safe_useful_retention_v1_2026-09-28,paper_ssp_200m_strong_v1,1,300,300.0,B2,tr_6c0fce5b4aa8_gpu,-14.0806,0.925,0.925,74,1.0,1.0,6,"{""conflicting_task_ownership"": 0, ""duplicate_execution"": 0, ""contradictory_reassignment"": 1, ""incompatible_mission_state"": 1, ""inconsistent_anomaly_state"": 4}",96384,12880,109264,0.882120369014497,0.3333333333333333,0.6666666666666666,"{""auv_02"": 40.0, ""auv_03"": 40.0, ""auv_04"": 40.0, ""auv_09"": 60.0}",partial,60.0
85424607cd80fc940be0d3f9bf743dcc9e509f91,e85c0f2092a0a26a,paper_risk_bounded_v1_2026-09-28,utility_v2_frozen_2026-09-28,safe_useful_retention_v1_2026-09-28,paper_ssp_200m_strong_v1,1,300,300.0,B3,tr_6c0fce5b4aa8_gpu,-30.0458,0.0,0.0,0,0.0,0.0,0,"{""conflicting_task_ownership"": 0, ""duplicate_execution"": 0, ""contradictory_reassignment"": 0, ""incompatible_mission_state"": 0, ""inconsistent_anomaly_state"": 0}",96384,15600,111984,0.8606943849121304,0.3333333333333333,0.6666666666666666,"{""auv_04"": 40.0, ""auv_02"": 40.0, ""auv_03"": 40.0, ""auv_09"": 60.0}",partial,60.0
85424607cd80fc940be0d3f9bf743dcc9e509f91,e85c0f2092a0a26a,paper_risk_bounded_v1_2026-09-28,utility_v2_frozen_2026-09-28,safe_useful_retention_v1_2026-09-28,paper_ssp_200m_strong_v1,1,300,300.0,B4,tr_6c0fce5b4aa8_gpu,0.95375,0.0,0.0,0,0.8,0.014184397163120567,1,"{""conflicting_task_ownership"": 0, ""duplicate_execution"": 0, ""contradictory_reassignment"": 1, ""incompatible_mission_state"": 0, ""inconsistent_anomaly_state"": 0}",96384,15600,111984,0.8606943849121304,0.3333333333333333,0.6666666666666666,"{""auv_02"": 40.0, ""auv_03"": 40.0, ""auv_04"": 40.0, ""auv_09"": 60.0}",partial,60.0
85424607cd80fc940be0d3f9bf743dcc9e509f91,e85c0f2092a0a26a,paper_risk_bounded_v1_2026-09-28,utility_v2_frozen_2026-09-28,safe_useful_retention_v1_2026-09-28,paper_ssp_200m_strong_v1,1,300,300.0,B5_conservative,tr_6c0fce5b4aa8_gpu,-30.0458,0.0,0.0,0,0.0,0.0,0,"{""conflicting_task_ownership"": 0, ""duplicate_execution"": 0, ""contradictory_reassignment"": 0, ""incompatible_mission_state"": 0, ""inconsistent_anomaly_state"": 0}",96384,15600,111984,0.8606943849121304,0.3333333333333333,0.6666666666666666,"{""auv_04"": 40.0, ""auv_02"": 40.0, ""auv_03"": 40.0, ""auv_09"": 60.0}",partial,60.0
85424607cd80fc940be0d3f9bf743dcc9e509f91,e85c0f2092a0a26a,paper_risk_bounded_v1_2026-09-28,utility_v2_frozen_2026-09-28,safe_useful_retention_v1_2026-09-28,paper_ssp_200m_strong_v1,1,300,300.0,B5_nominal,tr_6c0fce5b4aa8_gpu,-14.0806,0.925,0.925,74,1.0,1.0,6,"{""conflicting_task_ownership"": 0, ""duplicate_execution"": 0, ""contradictory_reassignment"": 1, ""incompatible_mission_state"": 1, ""inconsistent_anomaly_state"": 4}",96384,12880,109264,0.882120369014497,0.3333333333333333,0.6666666666666666,"{""auv_03"": 40.0, ""auv_02"": 40.0, ""auv_04"": 40.0, ""auv_09"": 60.0}",partial,60.0
85424607cd80fc940be0d3f9bf743dcc9e509f91,e85c0f2092a0a26a,paper_risk_bounded_v1_2026-09-28,utility_v2_frozen_2026-09-28,safe_useful_retention_v1_2026-09-28,paper_ssp_200m_strong_v1,1,300,300.0,B5_permissive,tr_6c0fce5b4aa8_gpu,-14.0806,0.925,0.925,74,1.0,1.0,6,"{""conflicting_task_ownership"": 0, ""duplicate_execution"": 0, ""contradictory_reassignment"": 1, ""incompatible_mission_state"": 1, ""inconsistent_anomaly_state"": 4}",96384,12880,109264,0.882120369014497,0.3333333333333333,0.6666666666666666,"{""auv_02"": 40.0, ""auv_03"": 40.0, ""auv_04"": 40.0, ""auv_09"": 60.0}",partial,60.0
85424607cd80fc940be0d3f9bf743dcc9e509f91,ceb579ac4e42deeb,paper_risk_bounded_v1_2026-09-28,utility_v2_frozen_2026-09-28,safe_useful_retention_v1_2026-09-28,paper_ssp_200m_strong_v1,1,500,500.0,B1,tr_6c0fce5b4aa8_gpu,47.9189,0.75,0.9850746268656716,66,1.0,1.0,1,"{""conflicting_task_ownership"": 0, ""duplicate_execution"": 0, ""contradictory_reassignment"": 0, ""incompatible_mission_state"": 1, ""inconsistent_anomaly_state"": 0}",84736,17680,102416,0.8273707233244806,0.08333333333333333,0.9166666666666666,"{""auv_06"": 60.0}",partial,60.0
85424607cd80fc940be0d3f9bf743dcc9e509f91,ceb579ac4e42deeb,paper_risk_bounded_v1_2026-09-28,utility_v2_frozen_2026-09-28,safe_useful_retention_v1_2026-09-28,paper_ssp_200m_strong_v1,1,500,500.0,B2,tr_6c0fce5b4aa8_gpu,-77.08455,0.9294117647058824,0.9294117647058824,79,1.0,1.0,9,"{""conflicting_task_ownership"": 0, ""duplicate_execution"": 0, ""contradictory_reassignment"": 1, ""incompatible_mission_state"": 4, ""inconsistent_anomaly_state"": 4}",84736,17680,102416,0.8273707233244806,0.08333333333333333,0.9166666666666666,"{""auv_06"": 60.0}",partial,60.0
85424607cd80fc940be0d3f9bf743dcc9e509f91,ceb579ac4e42deeb,paper_risk_bounded_v1_2026-09-28,utility_v2_frozen_2026-09-28,safe_useful_retention_v1_2026-09-28,paper_ssp_200m_strong_v1,1,500,500.0,B3,tr_6c0fce5b4aa8_gpu,-30.0456,0.0,0.0,0,0.0,0.0,0,"{""conflicting_task_ownership"": 0, ""duplicate_execution"": 0, ""contradictory_reassignment"": 0, ""incompatible_mission_state"": 0, ""inconsistent_anomaly_state"": 0}",84736,20400,105136,0.8059656064525947,0.08333333333333333,0.9166666666666666,"{""auv_06"": 60.0}",partial,60.0
85424607cd80fc940be0d3f9bf743dcc9e509f91,ceb579ac4e42deeb,paper_risk_bounded_v1_2026-09-28,utility_v2_frozen_2026-09-28,safe_useful_retention_v1_2026-09-28,paper_ssp_200m_strong_v1,1,500,500.0,B4,tr_6c0fce5b4aa8_gpu,0.95395,0.0,0.0,0,0.8,0.014336917562724014,1,"{""conflicting_task_ownership"": 0, ""duplicate_execution"": 0, ""contradictory_reassignment"": 1, ""incompatible_mission_state"": 0, ""inconsistent_anomaly_state"": 0}",84736,20400,105136,0.8059656064525947,0.08333333333333333,0.9166666666666666,"{""auv_06"": 60.0}",partial,60.0
85424607cd80fc940be0d3f9bf743dcc9e509f91,ceb579ac4e42deeb,paper_risk_bounded_v1_2026-09-28,utility_v2_frozen_2026-09-28,safe_useful_retention_v1_2026-09-28,paper_ssp_200m_strong_v1,1,500,500.0,B5_conservative,tr_6c0fce5b4aa8_gpu,-30.0456,0.0,0.0,0,0.0,0.0,0,"{""conflicting_task_ownership"": 0, ""duplicate_execution"": 0, ""contradictory_reassignment"": 0, ""incompatible_mission_state"": 0, ""inconsistent_anomaly_state"": 0}",84736,20400,105136,0.8059656064525947,0.08333333333333333,0.9166666666666666,"{""auv_06"": 60.0}",partial,60.0
85424607cd80fc940be0d3f9bf743dcc9e509f91,ceb579ac4e42deeb,paper_risk_bounded_v1_2026-09-28,utility_v2_frozen_2026-09-28,safe_useful_retention_v1_2026-09-28,paper_ssp_200m_strong_v1,1,500,500.0,B5_nominal,tr_6c0fce5b4aa8_gpu,-77.08455,0.9294117647058824,0.9294117647058824,79,1.0,1.0,9,"{""conflicting_task_ownership"": 0, ""duplicate_execution"": 0, ""contradictory_reassignment"": 1, ""incompatible_mission_state"": 4, ""inconsistent_anomaly_state"": 4}",84736,17680,102416,0.8273707233244806,0.08333333333333333,0.9166666666666666,"{""auv_06"": 60.0}",partial,60.0
85424607cd80fc940be0d3f9bf743dcc9e509f91,ceb579ac4e42deeb,paper_risk_bounded_v1_2026-09-28,utility_v2_frozen_2026-09-28,safe_useful_retention_v1_2026-09-28,paper_ssp_200m_strong_v1,1,500,500.0,B5_permissive,tr_6c0fce5b4aa8_gpu,-77.08455,0.9294117647058824,0.9294117647058824,79,1.0,1.0,9,"{""conflicting_task_ownership"": 0, ""duplicate_execution"": 0, ""contradictory_reassignment"": 1, ""incompatible_mission_state"": 4, ""inconsistent_anomaly_state"": 4}",84736,17680,102416,0.8273707233244806,0.08333333333333333,0.9166666666666666,"{""auv_06"": 60.0}",partial,60.0
85424607cd80fc940be0d3f9bf743dcc9e509f91,2334b007b4a585a2,paper_risk_bounded_v1_2026-09-28,utility_v2_frozen_2026-09-28,safe_useful_retention_v1_2026-09-28,paper_ssp_200m_strong_v1,1,750,750.0,B1,tr_6c0fce5b4aa8_gpu,47.9192,0.7252747252747253,0.9850746268656716,66,1.0,1.0,1,"{""conflicting_task_ownership"": 0, ""duplicate_execution"": 0, ""contradictory_reassignment"": 0, ""incompatible_mission_state"": 1, ""inconsistent_anomaly_state"": 0}",81408,23920,105328,0.772899893665502,0.5833333333333334,0.4166666666666667,"{""auv_08"": 20.0, ""auv_07"": 20.0, ""auv_11"": 20.0, ""auv_02"": 20.0, ""auv_03"": 20.0, ""auv_01"": 40.0, ""auv_00"": 40.0}",partial,40.0
85424607cd80fc940be0d3f9bf743dcc9e509f91,2334b007b4a585a2,paper_risk_bounded_v1_2026-09-28,utility_v2_frozen_2026-09-28,safe_useful_retention_v1_2026-09-28,paper_ssp_200m_strong_v1,1,750,750.0,B2,tr_6c0fce5b4aa8_gpu,-77.08455,0.9294117647058824,0.9294117647058824,79,1.0,1.0,9,"{""conflicting_task_ownership"": 0, ""duplicate_execution"": 0, ""contradictory_reassignment"": 1, ""incompatible_mission_state"": 4, ""inconsistent_anomaly_state"": 4}",81408,23920,105328,0.772899893665502,0.5833333333333334,0.4166666666666667,"{""auv_03"": 20.0, ""auv_07"": 20.0, ""auv_11"": 20.0, ""auv_08"": 20.0, ""auv_02"": 20.0, ""auv_01"": 40.0, ""auv_00"": 40.0}",partial,40.0
85424607cd80fc940be0d3f9bf743dcc9e509f91,2334b007b4a585a2,paper_risk_bounded_v1_2026-09-28,utility_v2_frozen_2026-09-28,safe_useful_retention_v1_2026-09-28,paper_ssp_200m_strong_v1,1,750,750.0,B3,tr_6c0fce5b4aa8_gpu,-30.0453,0.0,0.0,0,0.0,0.0,0,"{""conflicting_task_ownership"": 0, ""duplicate_execution"": 0, ""contradictory_reassignment"": 0, ""incompatible_mission_state"": 0, ""inconsistent_anomaly_state"": 0}",81408,26640,108048,0.7534429142603287,0.5833333333333334,0.4166666666666667,"{""auv_08"": 20.0, ""auv_03"": 20.0, ""auv_07"": 20.0, ""auv_11"": 20.0, ""auv_02"": 20.0, ""auv_01"": 40.0, ""auv_00"": 40.0}",partial,40.0
85424607cd80fc940be0d3f9bf743dcc9e509f91,2334b007b4a585a2,paper_risk_bounded_v1_2026-09-28,utility_v2_frozen_2026-09-28,safe_useful_retention_v1_2026-09-28,paper_ssp_200m_strong_v1,1,750,750.0,B4,tr_6c0fce5b4aa8_gpu,0.95425,0.0,0.0,0,0.8,0.014336917562724014,1,"{""conflicting_task_ownership"": 0, ""duplicate_execution"": 0, ""contradictory_reassignment"": 1, ""incompatible_mission_state"": 0, ""inconsistent_anomaly_state"": 0}",81408,26640,108048,0.7534429142603287,0.5833333333333334,0.4166666666666667,"{""auv_02"": 20.0, ""auv_07"": 20.0, ""auv_03"": 20.0, ""auv_08"": 20.0, ""auv_11"": 20.0, ""auv_00"": 40.0, ""auv_01"": 40.0}",partial,40.0
85424607cd80fc940be0d3f9bf743dcc9e509f91,2334b007b4a585a2,paper_risk_bounded_v1_2026-09-28,utility_v2_frozen_2026-09-28,safe_useful_retention_v1_2026-09-28,paper_ssp_200m_strong_v1,1,750,750.0,B5_conservative,tr_6c0fce5b4aa8_gpu,-30.0453,0.0,0.0,0,0.0,0.0,0,"{""conflicting_task_ownership"": 0, ""duplicate_execution"": 0, ""contradictory_reassignment"": 0, ""incompatible_mission_state"": 0, ""inconsistent_anomaly_state"": 0}",81408,26640,108048,0.7534429142603287,0.5833333333333334,0.4166666666666667,"{""auv_11"": 20.0, ""auv_07"": 20.0, ""auv_02"": 20.0, ""auv_03"": 20.0, ""auv_08"": 20.0, ""auv_01"": 40.0, ""auv_00"": 40.0}",partial,40.0
85424607cd80fc940be0d3f9bf743dcc9e509f91,2334b007b4a585a2,paper_risk_bounded_v1_2026-09-28,utility_v2_frozen_2026-09-28,safe_useful_retention_v1_2026-09-28,paper_ssp_200m_strong_v1,1,750,750.0,B5_nominal,tr_6c0fce5b4aa8_gpu,-77.08455,0.9294117647058824,0.9294117647058824,79,1.0,1.0,9,"{""conflicting_task_ownership"": 0, ""duplicate_execution"": 0, ""contradictory_reassignment"": 1, ""incompatible_mission_state"": 4, ""inconsistent_anomaly_state"": 4}",81408,23920,105328,0.772899893665502,0.5833333333333334,0.4166666666666667,"{""auv_07"": 20.0, ""auv_08"": 20.0, ""auv_02"": 20.0, ""auv_03"": 20.0, ""auv_11"": 20.0, ""auv_01"": 40.0, ""auv_00"": 40.0}",partial,40.0
85424607cd80fc940be0d3f9bf743dcc9e509f91,2334b007b4a585a2,paper_risk_bounded_v1_2026-09-28,utility_v2_frozen_2026-09-28,safe_useful_retention_v1_2026-09-28,paper_ssp_200m_strong_v1,1,750,750.0,B5_permissive,tr_6c0fce5b4aa8_gpu,-77.08455,0.9294117647058824,0.9294117647058824,79,1.0,1.0,9,"{""conflicting_task_ownership"": 0, ""duplicate_execution"": 0, ""contradictory_reassignment"": 1, ""incompatible_mission_state"": 4, ""inconsistent_anomaly_state"": 4}",81408,23920,105328,0.772899893665502,0.5833333333333334,0.4166666666666667,"{""auv_08"": 20.0, ""auv_03"": 20.0, ""auv_11"": 20.0, ""auv_07"": 20.0, ""auv_02"": 20.0, ""auv_01"": 40.0, ""auv_00"": 40.0}",partial,40.0
85424607cd80fc940be0d3f9bf743dcc9e509f91,43856deee1b26066,paper_risk_bounded_v1_2026-09-28,utility_v2_frozen_2026-09-28,safe_useful_retention_v1_2026-09-28,paper_ssp_200m_strong_v1,1,1000,1000.0,B1,tr_6c0fce5b4aa8_gpu,47.9229,0.6666666666666666,0.9850746268656716,66,1.0,1.0,1,"{""conflicting_task_ownership"": 0, ""duplicate_execution"": 0, ""contradictory_reassignment"": 0, ""incompatible_mission_state"": 1, ""inconsistent_anomaly_state"": 0}",67200,29680,96880,0.6936416184971098,0.4166666666666667,0.5833333333333334,"{""auv_06"": 20.0, ""auv_01"": 20.0, ""auv_02"": 40.0, ""auv_10"": 40.0, ""auv_09"": 60.0}",partial,60.0
85424607cd80fc940be0d3f9bf743dcc9e509f91,43856deee1b26066,paper_risk_bounded_v1_2026-09-28,utility_v2_frozen_2026-09-28,safe_useful_retention_v1_2026-09-28,paper_ssp_200m_strong_v1,1,1000,1000.0,B2,tr_6c0fce5b4aa8_gpu,-117.08815,0.9325842696629213,0.9325842696629213,83,1.0,1.0,9,"{""conflicting_task_ownership"": 0, ""duplicate_execution"": 0, ""contradictory_reassignment"": 1, ""incompatible_mission_state"": 4, ""inconsistent_anomaly_state"": 4}",67200,29680,96880,0.6936416184971098,0.4166666666666667,0.5833333333333334,"{""auv_01"": 20.0, ""auv_06"": 20.0, ""auv_10"": 40.0, ""auv_02"": 40.0, ""auv_09"": 60.0}",partial,60.0
85424607cd80fc940be0d3f9bf743dcc9e509f91,43856deee1b26066,paper_risk_bounded_v1_2026-09-28,utility_v2_frozen_2026-09-28,safe_useful_retention_v1_2026-09-28,paper_ssp_200m_strong_v1,1,1000,1000.0,B3,tr_6c0fce5b4aa8_gpu,-30.0449,0.0,0.0,0,0.0,0.0,0,"{""conflicting_task_ownership"": 0, ""duplicate_execution"": 0, ""contradictory_reassignment"": 0, ""incompatible_mission_state"": 0, ""inconsistent_anomaly_state"": 0}",67200,32400,99600,0.6746987951807228,0.4166666666666667,0.5833333333333334,"{""auv_06"": 20.0, ""auv_01"": 20.0, ""auv_02"": 40.0, ""auv_10"": 40.0, ""auv_09"": 60.0}",partial,60.0
85424607cd80fc940be0d3f9bf743dcc9e509f91,43856deee1b26066,paper_risk_bounded_v1_2026-09-28,utility_v2_frozen_2026-09-28,safe_useful_retention_v1_2026-09-28,paper_ssp_200m_strong_v1,1,1000,1000.0,B4,tr_6c0fce5b4aa8_gpu,0.9551499999999999,0.0,0.0,0,0.8,0.014492753623188406,1,"{""conflicting_task_ownership"": 0, ""duplicate_execution"": 0, ""contradictory_reassignment"": 1, ""incompatible_mission_state"": 0, ""inconsistent_anomaly_state"": 0}",67200,32400,99600,0.6746987951807228,0.4166666666666667,0.5833333333333334,"{""auv_01"": 20.0, ""auv_06"": 20.0, ""auv_10"": 40.0, ""auv_02"": 40.0, ""auv_09"": 60.0}",partial,60.0
85424607cd80fc940be0d3f9bf743dcc9e509f91,43856deee1b26066,paper_risk_bounded_v1_2026-09-28,utility_v2_frozen_2026-09-28,safe_useful_retention_v1_2026-09-28,paper_ssp_200m_strong_v1,1,1000,1000.0,B5_conservative,tr_6c0fce5b4aa8_gpu,-30.0449,0.0,0.0,0,0.0,0.0,0,"{""conflicting_task_ownership"": 0, ""duplicate_execution"": 0, ""contradictory_reassignment"": 0, ""incompatible_mission_state"": 0, ""inconsistent_anomaly_state"": 0}",67200,32400,99600,0.6746987951807228,0.4166666666666667,0.5833333333333334,"{""auv_01"": 20.0, ""auv_06"": 20.0, ""auv_02"": 40.0, ""auv_10"": 40.0, ""auv_09"": 60.0}",partial,60.0
85424607cd80fc940be0d3f9bf743dcc9e509f91,43856deee1b26066,paper_risk_bounded_v1_2026-09-28,utility_v2_frozen_2026-09-28,safe_useful_retention_v1_2026-09-28,paper_ssp_200m_strong_v1,1,1000,1000.0,B5_nominal,tr_6c0fce5b4aa8_gpu,-117.08815,0.9325842696629213,0.9325842696629213,83,1.0,1.0,9,"{""conflicting_task_ownership"": 0, ""duplicate_execution"": 0, ""contradictory_reassignment"": 1, ""incompatible_mission_state"": 4, ""inconsistent_anomaly_state"": 4}",67200,29680,96880,0.6936416184971098,0.4166666666666667,0.5833333333333334,"{""auv_01"": 20.0, ""auv_06"": 20.0, ""auv_02"": 40.0, ""auv_10"": 40.0, ""auv_09"": 60.0}",partial,60.0
85424607cd80fc940be0d3f9bf743dcc9e509f91,43856deee1b26066,paper_risk_bounded_v1_2026-09-28,utility_v2_frozen_2026-09-28,safe_useful_retention_v1_2026-09-28,paper_ssp_200m_strong_v1,1,1000,1000.0,B5_permissive,tr_6c0fce5b4aa8_gpu,-117.08815,0.9325842696629213,0.9325842696629213,83,1.0,1.0,9,"{""conflicting_task_ownership"": 0, ""duplicate_execution"": 0, ""contradictory_reassignment"": 1, ""incompatible_mission_state"": 4, ""inconsistent_anomaly_state"": 4}",67200,29680,96880,0.6936416184971098,0.4166666666666667,0.5833333333333334,"{""auv_06"": 20.0, ""auv_01"": 20.0, ""auv_02"": 40.0, ""auv_10"": 40.0, ""auv_09"": 60.0}",partial,60.0
85424607cd80fc940be0d3f9bf743dcc9e509f91,9dd810f0304aa53b,paper_risk_bounded_v1_2026-09-28,utility_v2_frozen_2026-09-28,safe_useful_retention_v1_2026-09-28,paper_ssp_200m_strong_v1,2,0,0.0,B1,tr_e18b2f198ce8_gpu,47.9171,0.9857142857142858,0.9857142857142858,69,1.0,1.0,1,"{""conflicting_task_ownership"": 0, ""duplicate_execution"": 0, ""contradictory_reassignment"": 0, ""incompatible_mission_state"": 1, ""inconsistent_anomaly_state"": 0}",97024,5680,102704,0.9446954354260788,,,{},idle,0.0
85424607cd80fc940be0d3f9bf743dcc9e509f91,9dd810f0304aa53b,paper_risk_bounded_v1_2026-09-28,utility_v2_frozen_2026-09-28,safe_useful_retention_v1_2026-09-28,paper_ssp_200m_strong_v1,2,0,0.0,B2,tr_e18b2f198ce8_gpu,47.9171,0.9857142857142858,0.9857142857142858,69,1.0,1.0,1,"{""conflicting_task_ownership"": 0, ""duplicate_execution"": 0, ""contradictory_reassignment"": 0, ""incompatible_mission_state"": 1, ""inconsistent_anomaly_state"": 0}",97024,5680,102704,0.9446954354260788,,,{},idle,0.0
85424607cd80fc940be0d3f9bf743dcc9e509f91,9dd810f0304aa53b,paper_risk_bounded_v1_2026-09-28,utility_v2_frozen_2026-09-28,safe_useful_retention_v1_2026-09-28,paper_ssp_200m_strong_v1,2,0,0.0,B3,tr_e18b2f198ce8_gpu,-30.0462,0.0,0.0,0,0.0,0.0,0,"{""conflicting_task_ownership"": 0, ""duplicate_execution"": 0, ""contradictory_reassignment"": 0, ""incompatible_mission_state"": 0, ""inconsistent_anomaly_state"": 0}",97024,8400,105424,0.9203217483684929,,,{},idle,0.0
85424607cd80fc940be0d3f9bf743dcc9e509f91,9dd810f0304aa53b,paper_risk_bounded_v1_2026-09-28,utility_v2_frozen_2026-09-28,safe_useful_retention_v1_2026-09-28,paper_ssp_200m_strong_v1,2,0,0.0,B4,tr_e18b2f198ce8_gpu,-18.0462,0.0,0.0,0,1.0,0.0035714285714285713,0,"{""conflicting_task_ownership"": 0, ""duplicate_execution"": 0, ""contradictory_reassignment"": 0, ""incompatible_mission_state"": 0, ""inconsistent_anomaly_state"": 0}",97024,8400,105424,0.9203217483684929,,,{},idle,0.0
85424607cd80fc940be0d3f9bf743dcc9e509f91,9dd810f0304aa53b,paper_risk_bounded_v1_2026-09-28,utility_v2_frozen_2026-09-28,safe_useful_retention_v1_2026-09-28,paper_ssp_200m_strong_v1,2,0,0.0,B5_conservative,tr_e18b2f198ce8_gpu,-30.0462,0.0,0.0,0,0.0,0.0,0,"{""conflicting_task_ownership"": 0, ""duplicate_execution"": 0, ""contradictory_reassignment"": 0, ""incompatible_mission_state"": 0, ""inconsistent_anomaly_state"": 0}",97024,8400,105424,0.9203217483684929,,,{},idle,0.0
85424607cd80fc940be0d3f9bf743dcc9e509f91,9dd810f0304aa53b,paper_risk_bounded_v1_2026-09-28,utility_v2_frozen_2026-09-28,safe_useful_retention_v1_2026-09-28,paper_ssp_200m_strong_v1,2,0,0.0,B5_nominal,tr_e18b2f198ce8_gpu,47.9171,0.9857142857142858,0.9857142857142858,69,1.0,1.0,1,"{""conflicting_task_ownership"": 0, ""duplicate_execution"": 0, ""contradictory_reassignment"": 0, ""incompatible_mission_state"": 1, ""inconsistent_anomaly_state"": 0}",97024,5680,102704,0.9446954354260788,,,{},idle,0.0
85424607cd80fc940be0d3f9bf743dcc9e509f91,9dd810f0304aa53b,paper_risk_bounded_v1_2026-09-28,utility_v2_frozen_2026-09-28,safe_useful_retention_v1_2026-09-28,paper_ssp_200m_strong_v1,2,0,0.0,B5_permissive,tr_e18b2f198ce8_gpu,47.9171,0.9857142857142858,0.9857142857142858,69,1.0,1.0,1,"{""conflicting_task_ownership"": 0, ""duplicate_execution"": 0, ""contradictory_reassignment"": 0, ""incompatible_mission_state"": 1, ""inconsistent_anomaly_state"": 0}",97024,5680,102704,0.9446954354260788,,,{},idle,0.0
85424607cd80fc940be0d3f9bf743dcc9e509f91,3a3ef01f2c2400a3,paper_risk_bounded_v1_2026-09-28,utility_v2_frozen_2026-09-28,safe_useful_retention_v1_2026-09-28,paper_ssp_200m_strong_v1,2,150,150.0,B1,tr_e18b2f198ce8_gpu,47.9177,0.868421052631579,0.9850746268656716,66,1.0,1.0,1,"{""conflicting_task_ownership"": 0, ""duplicate_execution"": 0, ""contradictory_reassignment"": 0, ""incompatible_mission_state"": 1, ""inconsistent_anomaly_state"": 0}",103552,9520,113072,0.9158058582142352,0.16666666666666666,0.8333333333333334,"{""auv_07"": 20.0, ""auv_09"": 60.0}",partial,60.0
85424607cd80fc940be0d3f9bf743dcc9e509f91,3a3ef01f2c2400a3,paper_risk_bounded_v1_2026-09-28,utility_v2_frozen_2026-09-28,safe_useful_retention_v1_2026-09-28,paper_ssp_200m_strong_v1,2,150,150.0,B2,tr_e18b2f198ce8_gpu,41.923,0.9210526315789473,0.9210526315789473,70,1.0,1.0,2,"{""conflicting_task_ownership"": 0, ""duplicate_execution"": 0, ""contradictory_reassignment"": 1, ""incompatible_mission_state"": 1, ""inconsistent_anomaly_state"": 0}",103552,9520,113072,0.9158058582142352,0.16666666666666666,0.8333333333333334,"{""auv_07"": 20.0, ""auv_09"": 60.0}",partial,60.0
85424607cd80fc940be0d3f9bf743dcc9e509f91,3a3ef01f2c2400a3,paper_risk_bounded_v1_2026-09-28,utility_v2_frozen_2026-09-28,safe_useful_retention_v1_2026-09-28,paper_ssp_200m_strong_v1,2,150,150.0,B3,tr_e18b2f198ce8_gpu,-30.046,0.0,0.0,0,0.0,0.0,0,"{""conflicting_task_ownership"": 0, ""duplicate_execution"": 0, ""contradictory_reassignment"": 0, ""incompatible_mission_state"": 0, ""inconsistent_anomaly_state"": 0}",103552,12240,115792,0.8942932154207545,0.16666666666666666,0.8333333333333334,"{""auv_07"": 20.0, ""auv_09"": 60.0}",partial,60.0
85424607cd80fc940be0d3f9bf743dcc9e509f91,3a3ef01f2c2400a3,paper_risk_bounded_v1_2026-09-28,utility_v2_frozen_2026-09-28,safe_useful_retention_v1_2026-09-28,paper_ssp_200m_strong_v1,2,150,150.0,B4,tr_e18b2f198ce8_gpu,0.95355,0.0,0.0,0,0.8,0.014234875444839857,1,"{""conflicting_task_ownership"": 0, ""duplicate_execution"": 0, ""contradictory_reassignment"": 1, ""incompatible_mission_state"": 0, ""inconsistent_anomaly_state"": 0}",103552,12240,115792,0.8942932154207545,0.16666666666666666,0.8333333333333334,"{""auv_07"": 20.0, ""auv_09"": 60.0}",partial,60.0
85424607cd80fc940be0d3f9bf743dcc9e509f91,3a3ef01f2c2400a3,paper_risk_bounded_v1_2026-09-28,utility_v2_frozen_2026-09-28,safe_useful_retention_v1_2026-09-28,paper_ssp_200m_strong_v1,2,150,150.0,B5_conservative,tr_e18b2f198ce8_gpu,-30.046,0.0,0.0,0,0.0,0.0,0,"{""conflicting_task_ownership"": 0, ""duplicate_execution"": 0, ""contradictory_reassignment"": 0, ""incompatible_mission_state"": 0, ""inconsistent_anomaly_state"": 0}",103552,12240,115792,0.8942932154207545,0.16666666666666666,0.8333333333333334,"{""auv_07"": 20.0, ""auv_09"": 60.0}",partial,60.0
85424607cd80fc940be0d3f9bf743dcc9e509f91,3a3ef01f2c2400a3,paper_risk_bounded_v1_2026-09-28,utility_v2_frozen_2026-09-28,safe_useful_retention_v1_2026-09-28,paper_ssp_200m_strong_v1,2,150,150.0,B5_nominal,tr_e18b2f198ce8_gpu,41.923,0.9210526315789473,0.9210526315789473,70,1.0,1.0,2,"{""conflicting_task_ownership"": 0, ""duplicate_execution"": 0, ""contradictory_reassignment"": 1, ""incompatible_mission_state"": 1, ""inconsistent_anomaly_state"": 0}",103552,9520,113072,0.9158058582142352,0.16666666666666666,0.8333333333333334,"{""auv_07"": 20.0, ""auv_09"": 60.0}",partial,60.0
85424607cd80fc940be0d3f9bf743dcc9e509f91,3a3ef01f2c2400a3,paper_risk_bounded_v1_2026-09-28,utility_v2_frozen_2026-09-28,safe_useful_retention_v1_2026-09-28,paper_ssp_200m_strong_v1,2,150,150.0,B5_permissive,tr_e18b2f198ce8_gpu,41.923,0.9210526315789473,0.9210526315789473,70,1.0,1.0,2,"{""conflicting_task_ownership"": 0, ""duplicate_execution"": 0, ""contradictory_reassignment"": 1, ""incompatible_mission_state"": 1, ""inconsistent_anomaly_state"": 0}",103552,9520,113072,0.9158058582142352,0.16666666666666666,0.8333333333333334,"{""auv_07"": 20.0, ""auv_09"": 60.0}",partial,60.0
85424607cd80fc940be0d3f9bf743dcc9e509f91,a33f0cc33821ab60,paper_risk_bounded_v1_2026-09-28,utility_v2_frozen_2026-09-28,safe_useful_retention_v1_2026-09-28,paper_ssp_200m_strong_v1,2,300,300.0,B1,tr_e18b2f198ce8_gpu,47.9183,0.8170731707317073,0.9852941176470589,67,1.0,1.0,1,"{""conflicting_task_ownership"": 0, ""duplicate_execution"": 0, ""contradictory_reassignment"": 0, ""incompatible_mission_state"": 1, ""inconsistent_anomaly_state"": 0}",97664,12880,110544,0.8834853090172239,0.3333333333333333,0.6666666666666666,"{""auv_03"": 40.0, ""auv_04"": 40.0, ""auv_02"": 40.0, ""auv_09"": 60.0}",partial,60.0
85424607cd80fc940be0d3f9bf743dcc9e509f91,a33f0cc33821ab60,paper_risk_bounded_v1_2026-09-28,utility_v2_frozen_2026-09-28,safe_useful_retention_v1_2026-09-28,paper_ssp_200m_strong_v1,2,300,300.0,B2,tr_e18b2f198ce8_gpu,-14.0806,0.925,0.925,74,1.0,1.0,6,"{""conflicting_task_ownership"": 0, ""duplicate_execution"": 0, ""contradictory_reassignment"": 1, ""incompatible_mission_state"": 1, ""inconsistent_anomaly_state"": 4}",97664,12880,110544,0.8834853090172239,0.3333333333333333,0.6666666666666666,"{""auv_04"": 40.0, ""auv_02"": 40.0, ""auv_03"": 40.0, ""auv_09"": 60.0}",partial,60.0
85424607cd80fc940be0d3f9bf743dcc9e509f91,a33f0cc33821ab60,paper_risk_bounded_v1_2026-09-28,utility_v2_frozen_2026-09-28,safe_useful_retention_v1_2026-09-28,paper_ssp_200m_strong_v1,2,300,300.0,B3,tr_e18b2f198ce8_gpu,-30.0458,0.0,0.0,0,0.0,0.0,0,"{""conflicting_task_ownership"": 0, ""duplicate_execution"": 0, ""contradictory_reassignment"": 0, ""incompatible_mission_state"": 0, ""inconsistent_anomaly_state"": 0}",97664,15600,113264,0.8622686820172341,0.3333333333333333,0.6666666666666666,"{""auv_04"": 40.0, ""auv_02"": 40.0, ""auv_03"": 40.0, ""auv_09"": 60.0}",partial,60.0
85424607cd80fc940be0d3f9bf743dcc9e509f91,a33f0cc33821ab60,paper_risk_bounded_v1_2026-09-28,utility_v2_frozen_2026-09-28,safe_useful_retention_v1_2026-09-28,paper_ssp_200m_strong_v1,2,300,300.0,B4,tr_e18b2f198ce8_gpu,0.95375,0.0,0.0,0,0.8,0.014184397163120567,1,"{""conflicting_task_ownership"": 0, ""duplicate_execution"": 0, ""contradictory_reassignment"": 1, ""incompatible_mission_state"": 0, ""inconsistent_anomaly_state"": 0}",97664,15600,113264,0.8622686820172341,0.3333333333333333,0.6666666666666666,"{""auv_02"": 40.0, ""auv_03"": 40.0, ""auv_04"": 40.0, ""auv_09"": 60.0}",partial,60.0
85424607cd80fc940be0d3f9bf743dcc9e509f91,a33f0cc33821ab60,paper_risk_bounded_v1_2026-09-28,utility_v2_frozen_2026-09-28,safe_useful_retention_v1_2026-09-28,paper_ssp_200m_strong_v1,2,300,300.0,B5_conservative,tr_e18b2f198ce8_gpu,-30.0458,0.0,0.0,0,0.0,0.0,0,"{""conflicting_task_ownership"": 0, ""duplicate_execution"": 0, ""contradictory_reassignment"": 0, ""incompatible_mission_state"": 0, ""inconsistent_anomaly_state"": 0}",97664,15600,113264,0.8622686820172341,0.3333333333333333,0.6666666666666666,"{""auv_04"": 40.0, ""auv_02"": 40.0, ""auv_03"": 40.0, ""auv_09"": 60.0}",partial,60.0
85424607cd80fc940be0d3f9bf743dcc9e509f91,a33f0cc33821ab60,paper_risk_bounded_v1_2026-09-28,utility_v2_frozen_2026-09-28,safe_useful_retention_v1_2026-09-28,paper_ssp_200m_strong_v1,2,300,300.0,B5_nominal,tr_e18b2f198ce8_gpu,-14.0806,0.925,0.925,74,1.0,1.0,6,"{""conflicting_task_ownership"": 0, ""duplicate_execution"": 0, ""contradictory_reassignment"": 1, ""incompatible_mission_state"": 1, ""inconsistent_anomaly_state"": 4}",97664,12880,110544,0.8834853090172239,0.3333333333333333,0.6666666666666666,"{""auv_02"": 40.0, ""auv_03"": 40.0, ""auv_04"": 40.0, ""auv_09"": 60.0}",partial,60.0
85424607cd80fc940be0d3f9bf743dcc9e509f91,a33f0cc33821ab60,paper_risk_bounded_v1_2026-09-28,utility_v2_frozen_2026-09-28,safe_useful_retention_v1_2026-09-28,paper_ssp_200m_strong_v1,2,300,300.0,B5_permissive,tr_e18b2f198ce8_gpu,-14.0806,0.925,0.925,74,1.0,1.0,6,"{""conflicting_task_ownership"": 0, ""duplicate_execution"": 0, ""contradictory_reassignment"": 1, ""incompatible_mission_state"": 1, ""inconsistent_anomaly_state"": 4}",97664,12880,110544,0.8834853090172239,0.3333333333333333,0.6666666666666666,"{""auv_02"": 40.0, ""auv_04"": 40.0, ""auv_03"": 40.0, ""auv_09"": 60.0}",partial,60.0
85424607cd80fc940be0d3f9bf743dcc9e509f91,f916a3bbc256a4b2,paper_risk_bounded_v1_2026-09-28,utility_v2_frozen_2026-09-28,safe_useful_retention_v1_2026-09-28,paper_ssp_200m_strong_v1,2,500,500.0,B1,tr_e18b2f198ce8_gpu,47.9189,0.75,0.9850746268656716,66,1.0,1.0,1,"{""conflicting_task_ownership"": 0, ""duplicate_execution"": 0, ""contradictory_reassignment"": 0, ""incompatible_mission_state"": 1, ""inconsistent_anomaly_state"": 0}",84992,17680,102672,0.8278011531868474,0.08333333333333333,0.9166666666666666,"{""auv_06"": 60.0}",partial,60.0
85424607cd80fc940be0d3f9bf743dcc9e509f91,f916a3bbc256a4b2,paper_risk_bounded_v1_2026-09-28,utility_v2_frozen_2026-09-28,safe_useful_retention_v1_2026-09-28,paper_ssp_200m_strong_v1,2,500,500.0,B2,tr_e18b2f198ce8_gpu,-77.08455,0.9294117647058824,0.9294117647058824,79,1.0,1.0,9,"{""conflicting_task_ownership"": 0, ""duplicate_execution"": 0, ""contradictory_reassignment"": 1, ""incompatible_mission_state"": 4, ""inconsistent_anomaly_state"": 4}",84992,17680,102672,0.8278011531868474,0.08333333333333333,0.9166666666666666,"{""auv_06"": 60.0}",partial,60.0
85424607cd80fc940be0d3f9bf743dcc9e509f91,f916a3bbc256a4b2,paper_risk_bounded_v1_2026-09-28,utility_v2_frozen_2026-09-28,safe_useful_retention_v1_2026-09-28,paper_ssp_200m_strong_v1,2,500,500.0,B3,tr_e18b2f198ce8_gpu,-30.0456,0.0,0.0,0,0.0,0.0,0,"{""conflicting_task_ownership"": 0, ""duplicate_execution"": 0, ""contradictory_reassignment"": 0, ""incompatible_mission_state"": 0, ""inconsistent_anomaly_state"": 0}",84992,20400,105392,0.8064369212084409,0.08333333333333333,0.9166666666666666,"{""auv_06"": 60.0}",partial,60.0
85424607cd80fc940be0d3f9bf743dcc9e509f91,f916a3bbc256a4b2,paper_risk_bounded_v1_2026-09-28,utility_v2_frozen_2026-09-28,safe_useful_retention_v1_2026-09-28,paper_ssp_200m_strong_v1,2,500,500.0,B4,tr_e18b2f198ce8_gpu,0.95395,0.0,0.0,0,0.8,0.014336917562724014,1,"{""conflicting_task_ownership"": 0, ""duplicate_execution"": 0, ""contradictory_reassignment"": 1, ""incompatible_mission_state"": 0, ""inconsistent_anomaly_state"": 0}",84992,20400,105392,0.8064369212084409,0.08333333333333333,0.9166666666666666,"{""auv_06"": 60.0}",partial,60.0
85424607cd80fc940be0d3f9bf743dcc9e509f91,f916a3bbc256a4b2,paper_risk_bounded_v1_2026-09-28,utility_v2_frozen_2026-09-28,safe_useful_retention_v1_2026-09-28,paper_ssp_200m_strong_v1,2,500,500.0,B5_conservative,tr_e18b2f198ce8_gpu,-30.0456,0.0,0.0,0,0.0,0.0,0,"{""conflicting_task_ownership"": 0, ""duplicate_execution"": 0, ""contradictory_reassignment"": 0, ""incompatible_mission_state"": 0, ""inconsistent_anomaly_state"": 0}",84992,20400,105392,0.8064369212084409,0.08333333333333333,0.9166666666666666,"{""auv_06"": 60.0}",partial,60.0
85424607cd80fc940be0d3f9bf743dcc9e509f91,f916a3bbc256a4b2,paper_risk_bounded_v1_2026-09-28,utility_v2_frozen_2026-09-28,safe_useful_retention_v1_2026-09-28,paper_ssp_200m_strong_v1,2,500,500.0,B5_nominal,tr_e18b2f198ce8_gpu,-77.08455,0.9294117647058824,0.9294117647058824,79,1.0,1.0,9,"{""conflicting_task_ownership"": 0, ""duplicate_execution"": 0, ""contradictory_reassignment"": 1, ""incompatible_mission_state"": 4, ""inconsistent_anomaly_state"": 4}",84992,17680,102672,0.8278011531868474,0.08333333333333333,0.9166666666666666,"{""auv_06"": 60.0}",partial,60.0
85424607cd80fc940be0d3f9bf743dcc9e509f91,f916a3bbc256a4b2,paper_risk_bounded_v1_2026-09-28,utility_v2_frozen_2026-09-28,safe_useful_retention_v1_2026-09-28,paper_ssp_200m_strong_v1,2,500,500.0,B5_permissive,tr_e18b2f198ce8_gpu,-77.08455,0.9294117647058824,0.9294117647058824,79,1.0,1.0,9,"{""conflicting_task_ownership"": 0, ""duplicate_execution"": 0, ""contradictory_reassignment"": 1, ""incompatible_mission_state"": 4, ""inconsistent_anomaly_state"": 4}",84992,17680,102672,0.8278011531868474,0.08333333333333333,0.9166666666666666,"{""auv_06"": 60.0}",partial,60.0
85424607cd80fc940be0d3f9bf743dcc9e509f91,e737957eb748e0fe,paper_risk_bounded_v1_2026-09-28,utility_v2_frozen_2026-09-28,safe_useful_retention_v1_2026-09-28,paper_ssp_200m_strong_v1,2,750,750.0,B1,tr_e18b2f198ce8_gpu,47.9192,0.7252747252747253,0.9850746268656716,66,1.0,1.0,1,"{""conflicting_task_ownership"": 0, ""duplicate_execution"": 0, ""contradictory_reassignment"": 0, ""incompatible_mission_state"": 1, ""inconsistent_anomaly_state"": 0}",82176,23920,106096,0.774543809380184,0.5833333333333334,0.4166666666666667,"{""auv_11"": 20.0, ""auv_08"": 20.0, ""auv_02"": 20.0, ""auv_07"": 40.0, ""auv_03"": 40.0, ""auv_00"": 40.0, ""auv_01"": 40.0}",partial,40.0
85424607cd80fc940be0d3f9bf743dcc9e509f91,e737957eb748e0fe,paper_risk_bounded_v1_2026-09-28,utility_v2_frozen_2026-09-28,safe_useful_retention_v1_2026-09-28,paper_ssp_200m_strong_v1,2,750,750.0,B2,tr_e18b2f198ce8_gpu,-77.08455,0.9294117647058824,0.9294117647058824,79,1.0,1.0,9,"{""conflicting_task_ownership"": 0, ""duplicate_execution"": 0, ""contradictory_reassignment"": 1, ""incompatible_mission_state"": 4, ""inconsistent_anomaly_state"": 4}",82176,23920,106096,0.774543809380184,0.5833333333333334,0.4166666666666667,"{""auv_11"": 20.0, ""auv_02"": 20.0, ""auv_08"": 20.0, ""auv_01"": 40.0, ""auv_00"": 40.0, ""auv_07"": 40.0, ""auv_03"": 40.0}",partial,40.0
85424607cd80fc940be0d3f9bf743dcc9e509f91,e737957eb748e0fe,paper_risk_bounded_v1_2026-09-28,utility_v2_frozen_2026-09-28,safe_useful_retention_v1_2026-09-28,paper_ssp_200m_strong_v1,2,750,750.0,B3,tr_e18b2f198ce8_gpu,-30.0453,0.0,0.0,0,0.0,0.0,0,"{""conflicting_task_ownership"": 0, ""duplicate_execution"": 0, ""contradictory_reassignment"": 0, ""incompatible_mission_state"": 0, ""inconsistent_anomaly_state"": 0}",82176,26640,108816,0.7551830613145126,0.5833333333333334,0.4166666666666667,"{""auv_08"": 20.0, ""auv_02"": 20.0, ""auv_11"": 20.0, ""auv_07"": 40.0, ""auv_03"": 40.0, ""auv_00"": 40.0, ""auv_01"": 40.0}",partial,40.0
85424607cd80fc940be0d3f9bf743dcc9e509f91,e737957eb748e0fe,paper_risk_bounded_v1_2026-09-28,utility_v2_frozen_2026-09-28,safe_useful_retention_v1_2026-09-28,paper_ssp_200m_strong_v1,2,750,750.0,B4,tr_e18b2f198ce8_gpu,0.95425,0.0,0.0,0,0.8,0.014336917562724014,1,"{""conflicting_task_ownership"": 0, ""duplicate_execution"": 0, ""contradictory_reassignment"": 1, ""incompatible_mission_state"": 0, ""inconsistent_anomaly_state"": 0}",82176,26640,108816,0.7551830613145126,0.5833333333333334,0.4166666666666667,"{""auv_08"": 20.0, ""auv_11"": 20.0, ""auv_02"": 20.0, ""auv_00"": 40.0, ""auv_01"": 40.0, ""auv_07"": 40.0, ""auv_03"": 40.0}",partial,40.0
85424607cd80fc940be0d3f9bf743dcc9e509f91,e737957eb748e0fe,paper_risk_bounded_v1_2026-09-28,utility_v2_frozen_2026-09-28,safe_useful_retention_v1_2026-09-28,paper_ssp_200m_strong_v1,2,750,750.0,B5_conservative,tr_e18b2f198ce8_gpu,-30.0453,0.0,0.0,0,0.0,0.0,0,"{""conflicting_task_ownership"": 0, ""duplicate_execution"": 0, ""contradictory_reassignment"": 0, ""incompatible_mission_state"": 0, ""inconsistent_anomaly_state"": 0}",82176,26640,108816,0.7551830613145126,0.5833333333333334,0.4166666666666667,"{""auv_08"": 20.0, ""auv_11"": 20.0, ""auv_02"": 20.0, ""auv_01"": 40.0, ""auv_00"": 40.0, ""auv_03"": 40.0, ""auv_07"": 40.0}",partial,40.0
85424607cd80fc940be0d3f9bf743dcc9e509f91,e737957eb748e0fe,paper_risk_bounded_v1_2026-09-28,utility_v2_frozen_2026-09-28,safe_useful_retention_v1_2026-09-28,paper_ssp_200m_strong_v1,2,750,750.0,B5_nominal,tr_e18b2f198ce8_gpu,-77.08455,0.9294117647058824,0.9294117647058824,79,1.0,1.0,9,"{""conflicting_task_ownership"": 0, ""duplicate_execution"": 0, ""contradictory_reassignment"": 1, ""incompatible_mission_state"": 4, ""inconsistent_anomaly_state"": 4}",82176,23920,106096,0.774543809380184,0.5833333333333334,0.4166666666666667,"{""auv_08"": 20.0, ""auv_11"": 20.0, ""auv_02"": 20.0, ""auv_07"": 40.0, ""auv_01"": 40.0, ""auv_03"": 40.0, ""auv_00"": 40.0}",partial,40.0
85424607cd80fc940be0d3f9bf743dcc9e509f91,e737957eb748e0fe,paper_risk_bounded_v1_2026-09-28,utility_v2_frozen_2026-09-28,safe_useful_retention_v1_2026-09-28,paper_ssp_200m_strong_v1,2,750,750.0,B5_permissive,tr_e18b2f198ce8_gpu,-77.08455,0.9294117647058824,0.9294117647058824,79,1.0,1.0,9,"{""conflicting_task_ownership"": 0, ""duplicate_execution"": 0, ""contradictory_reassignment"": 1, ""incompatible_mission_state"": 4, ""inconsistent_anomaly_state"": 4}",82176,23920,106096,0.774543809380184,0.5833333333333334,0.4166666666666667,"{""auv_02"": 20.0, ""auv_11"": 20.0, ""auv_08"": 20.0, ""auv_01"": 40.0, ""auv_00"": 40.0, ""auv_07"": 40.0, ""auv_03"": 40.0}",partial,40.0
85424607cd80fc940be0d3f9bf743dcc9e509f91,603051d49d81aff7,paper_risk_bounded_v1_2026-09-28,utility_v2_frozen_2026-09-28,safe_useful_retention_v1_2026-09-28,paper_ssp_200m_strong_v1,2,1000,1000.0,B1,tr_e18b2f198ce8_gpu,47.9229,0.6666666666666666,0.9850746268656716,66,1.0,1.0,1,"{""conflicting_task_ownership"": 0, ""duplicate_execution"": 0, ""contradictory_reassignment"": 0, ""incompatible_mission_state"": 1, ""inconsistent_anomaly_state"": 0}",67584,29680,97264,0.6948511268300708,0.3333333333333333,0.6666666666666666,"{""auv_06"": 20.0, ""auv_01"": 20.0, ""auv_02"": 40.0, ""auv_09"": 60.0}",partial,60.0
85424607cd80fc940be0d3f9bf743dcc9e509f91,603051d49d81aff7,paper_risk_bounded_v1_2026-09-28,utility_v2_frozen_2026-09-28,safe_useful_retention_v1_2026-09-28,paper_ssp_200m_strong_v1,2,1000,1000.0,B2,tr_e18b2f198ce8_gpu,-117.08815,0.9325842696629213,0.9325842696629213,83,1.0,1.0,9,"{""conflicting_task_ownership"": 0, ""duplicate_execution"": 0, ""contradictory_reassignment"": 1, ""incompatible_mission_state"": 4, ""inconsistent_anomaly_state"": 4}",67584,29680,97264,0.6948511268300708,0.3333333333333333,0.6666666666666666,"{""auv_06"": 20.0, ""auv_01"": 20.0, ""auv_02"": 40.0, ""auv_09"": 60.0}",partial,60.0
85424607cd80fc940be0d3f9bf743dcc9e509f91,603051d49d81aff7,paper_risk_bounded_v1_2026-09-28,utility_v2_frozen_2026-09-28,safe_useful_retention_v1_2026-09-28,paper_ssp_200m_strong_v1,2,1000,1000.0,B3,tr_e18b2f198ce8_gpu,-30.0449,0.0,0.0,0,0.0,0.0,0,"{""conflicting_task_ownership"": 0, ""duplicate_execution"": 0, ""contradictory_reassignment"": 0, ""incompatible_mission_state"": 0, ""inconsistent_anomaly_state"": 0}",67584,32400,99984,0.6759481517042727,0.3333333333333333,0.6666666666666666,"{""auv_01"": 20.0, ""auv_06"": 20.0, ""auv_02"": 40.0, ""auv_09"": 60.0}",partial,60.0
85424607cd80fc940be0d3f9bf743dcc9e509f91,603051d49d81aff7,paper_risk_bounded_v1_2026-09-28,utility_v2_frozen_2026-09-28,safe_useful_retention_v1_2026-09-28,paper_ssp_200m_strong_v1,2,1000,1000.0,B4,tr_e18b2f198ce8_gpu,0.9551499999999999,0.0,0.0,0,0.8,0.014492753623188406,1,"{""conflicting_task_ownership"": 0, ""duplicate_execution"": 0, ""contradictory_reassignment"": 1, ""incompatible_mission_state"": 0, ""inconsistent_anomaly_state"": 0}",67584,32400,99984,0.6759481517042727,0.3333333333333333,0.6666666666666666,"{""auv_01"": 20.0, ""auv_06"": 20.0, ""auv_02"": 40.0, ""auv_09"": 60.0}",partial,60.0
85424607cd80fc940be0d3f9bf743dcc9e509f91,603051d49d81aff7,paper_risk_bounded_v1_2026-09-28,utility_v2_frozen_2026-09-28,safe_useful_retention_v1_2026-09-28,paper_ssp_200m_strong_v1,2,1000,1000.0,B5_conservative,tr_e18b2f198ce8_gpu,-30.0449,0.0,0.0,0,0.0,0.0,0,"{""conflicting_task_ownership"": 0, ""duplicate_execution"": 0, ""contradictory_reassignment"": 0, ""incompatible_mission_state"": 0, ""inconsistent_anomaly_state"": 0}",67584,32400,99984,0.6759481517042727,0.3333333333333333,0.6666666666666666,"{""auv_06"": 20.0, ""auv_01"": 20.0, ""auv_02"": 40.0, ""auv_09"": 60.0}",partial,60.0
85424607cd80fc940be0d3f9bf743dcc9e509f91,603051d49d81aff7,paper_risk_bounded_v1_2026-09-28,utility_v2_frozen_2026-09-28,safe_useful_retention_v1_2026-09-28,paper_ssp_200m_strong_v1,2,1000,1000.0,B5_nominal,tr_e18b2f198ce8_gpu,-117.08815,0.9325842696629213,0.9325842696629213,83,1.0,1.0,9,"{""conflicting_task_ownership"": 0, ""duplicate_execution"": 0, ""contradictory_reassignment"": 1, ""incompatible_mission_state"": 4, ""inconsistent_anomaly_state"": 4}",67584,29680,97264,0.6948511268300708,0.3333333333333333,0.6666666666666666,"{""auv_01"": 20.0, ""auv_06"": 20.0, ""auv_02"": 40.0, ""auv_09"": 60.0}",partial,60.0
85424607cd80fc940be0d3f9bf743dcc9e509f91,603051d49d81aff7,paper_risk_bounded_v1_2026-09-28,utility_v2_frozen_2026-09-28,safe_useful_retention_v1_2026-09-28,paper_ssp_200m_strong_v1,2,1000,1000.0,B5_permissive,tr_e18b2f198ce8_gpu,-117.08815,0.9325842696629213,0.9325842696629213,83,1.0,1.0,9,"{""conflicting_task_ownership"": 0, ""duplicate_execution"": 0, ""contradictory_reassignment"": 1, ""incompatible_mission_state"": 4, ""inconsistent_anomaly_state"": 4}",67584,29680,97264,0.6948511268300708,0.3333333333333333,0.6666666666666666,"{""auv_01"": 20.0, ""auv_06"": 20.0, ""auv_02"": 40.0, ""auv_09"": 60.0}",partial,60.0
85424607cd80fc940be0d3f9bf743dcc9e509f91,3842a1122bbcb7e8,paper_risk_bounded_v1_2026-09-28,utility_v2_frozen_2026-09-28,safe_useful_retention_v1_2026-09-28,paper_ssp_200m_strong_v1,3,0,0.0,B1,tr_90c59e32088b_gpu,47.9171,0.9857142857142858,0.9857142857142858,69,1.0,1.0,1,"{""conflicting_task_ownership"": 0, ""duplicate_execution"": 0, ""contradictory_reassignment"": 0, ""incompatible_mission_state"": 1, ""inconsistent_anomaly_state"": 0}",97024,5680,102704,0.9446954354260788,,,{},idle,0.0
85424607cd80fc940be0d3f9bf743dcc9e509f91,3842a1122bbcb7e8,paper_risk_bounded_v1_2026-09-28,utility_v2_frozen_2026-09-28,safe_useful_retention_v1_2026-09-28,paper_ssp_200m_strong_v1,3,0,0.0,B2,tr_90c59e32088b_gpu,47.9171,0.9857142857142858,0.9857142857142858,69,1.0,1.0,1,"{""conflicting_task_ownership"": 0, ""duplicate_execution"": 0, ""contradictory_reassignment"": 0, ""incompatible_mission_state"": 1, ""inconsistent_anomaly_state"": 0}",97024,5680,102704,0.9446954354260788,,,{},idle,0.0
85424607cd80fc940be0d3f9bf743dcc9e509f91,3842a1122bbcb7e8,paper_risk_bounded_v1_2026-09-28,utility_v2_frozen_2026-09-28,safe_useful_retention_v1_2026-09-28,paper_ssp_200m_strong_v1,3,0,0.0,B3,tr_90c59e32088b_gpu,-30.0462,0.0,0.0,0,0.0,0.0,0,"{""conflicting_task_ownership"": 0, ""duplicate_execution"": 0, ""contradictory_reassignment"": 0, ""incompatible_mission_state"": 0, ""inconsistent_anomaly_state"": 0}",97024,8400,105424,0.9203217483684929,,,{},idle,0.0
85424607cd80fc940be0d3f9bf743dcc9e509f91,3842a1122bbcb7e8,paper_risk_bounded_v1_2026-09-28,utility_v2_frozen_2026-09-28,safe_useful_retention_v1_2026-09-28,paper_ssp_200m_strong_v1,3,0,0.0,B4,tr_90c59e32088b_gpu,-18.0462,0.0,0.0,0,1.0,0.0035714285714285713,0,"{""conflicting_task_ownership"": 0, ""duplicate_execution"": 0, ""contradictory_reassignment"": 0, ""incompatible_mission_state"": 0, ""inconsistent_anomaly_state"": 0}",97024,8400,105424,0.9203217483684929,,,{},idle,0.0
85424607cd80fc940be0d3f9bf743dcc9e509f91,3842a1122bbcb7e8,paper_risk_bounded_v1_2026-09-28,utility_v2_frozen_2026-09-28,safe_useful_retention_v1_2026-09-28,paper_ssp_200m_strong_v1,3,0,0.0,B5_conservative,tr_90c59e32088b_gpu,-30.0462,0.0,0.0,0,0.0,0.0,0,"{""conflicting_task_ownership"": 0, ""duplicate_execution"": 0, ""contradictory_reassignment"": 0, ""incompatible_mission_state"": 0, ""inconsistent_anomaly_state"": 0}",97024,8400,105424,0.9203217483684929,,,{},idle,0.0
85424607cd80fc940be0d3f9bf743dcc9e509f91,3842a1122bbcb7e8,paper_risk_bounded_v1_2026-09-28,utility_v2_frozen_2026-09-28,safe_useful_retention_v1_2026-09-28,paper_ssp_200m_strong_v1,3,0,0.0,B5_nominal,tr_90c59e32088b_gpu,47.9171,0.9857142857142858,0.9857142857142858,69,1.0,1.0,1,"{""conflicting_task_ownership"": 0, ""duplicate_execution"": 0, ""contradictory_reassignment"": 0, ""incompatible_mission_state"": 1, ""inconsistent_anomaly_state"": 0}",97024,5680,102704,0.9446954354260788,,,{},idle,0.0
85424607cd80fc940be0d3f9bf743dcc9e509f91,3842a1122bbcb7e8,paper_risk_bounded_v1_2026-09-28,utility_v2_frozen_2026-09-28,safe_useful_retention_v1_2026-09-28,paper_ssp_200m_strong_v1,3,0,0.0,B5_permissive,tr_90c59e32088b_gpu,47.9171,0.9857142857142858,0.9857142857142858,69,1.0,1.0,1,"{""conflicting_task_ownership"": 0, ""duplicate_execution"": 0, ""contradictory_reassignment"": 0, ""incompatible_mission_state"": 1, ""inconsistent_anomaly_state"": 0}",97024,5680,102704,0.9446954354260788,,,{},idle,0.0
85424607cd80fc940be0d3f9bf743dcc9e509f91,b89a1baaf19893ba,paper_risk_bounded_v1_2026-09-28,utility_v2_frozen_2026-09-28,safe_useful_retention_v1_2026-09-28,paper_ssp_200m_strong_v1,3,150,150.0,B1,tr_90c59e32088b_gpu,47.9177,0.868421052631579,0.9850746268656716,66,1.0,1.0,1,"{""conflicting_task_ownership"": 0, ""duplicate_execution"": 0, ""contradictory_reassignment"": 0, ""incompatible_mission_state"": 1, ""inconsistent_anomaly_state"": 0}",100096,9520,109616,0.913151364764268,0.0,1.0,{},timeout,60.0
85424607cd80fc940be0d3f9bf743dcc9e509f91,b89a1baaf19893ba,paper_risk_bounded_v1_2026-09-28,utility_v2_frozen_2026-09-28,safe_useful_retention_v1_2026-09-28,paper_ssp_200m_strong_v1,3,150,150.0,B2,tr_90c59e32088b_gpu,41.923,0.9210526315789473,0.9210526315789473,70,1.0,1.0,2,"{""conflicting_task_ownership"": 0, ""duplicate_execution"": 0, ""contradictory_reassignment"": 1, ""incompatible_mission_state"": 1, ""inconsistent_anomaly_state"": 0}",100096,9520,109616,0.913151364764268,0.0,1.0,{},timeout,60.0
85424607cd80fc940be0d3f9bf743dcc9e509f91,b89a1baaf19893ba,paper_risk_bounded_v1_2026-09-28,utility_v2_frozen_2026-09-28,safe_useful_retention_v1_2026-09-28,paper_ssp_200m_strong_v1,3,150,150.0,B3,tr_90c59e32088b_gpu,-30.046,0.0,0.0,0,0.0,0.0,0,"{""conflicting_task_ownership"": 0, ""duplicate_execution"": 0, ""contradictory_reassignment"": 0, ""incompatible_mission_state"": 0, ""inconsistent_anomaly_state"": 0}",100096,12240,112336,0.8910411622276029,0.0,1.0,{},timeout,60.0
85424607cd80fc940be0d3f9bf743dcc9e509f91,b89a1baaf19893ba,paper_risk_bounded_v1_2026-09-28,utility_v2_frozen_2026-09-28,safe_useful_retention_v1_2026-09-28,paper_ssp_200m_strong_v1,3,150,150.0,B4,tr_90c59e32088b_gpu,0.95355,0.0,0.0,0,0.8,0.014234875444839857,1,"{""conflicting_task_ownership"": 0, ""duplicate_execution"": 0, ""contradictory_reassignment"": 1, ""incompatible_mission_state"": 0, ""inconsistent_anomaly_state"": 0}",100096,12240,112336,0.8910411622276029,0.0,1.0,{},timeout,60.0
85424607cd80fc940be0d3f9bf743dcc9e509f91,b89a1baaf19893ba,paper_risk_bounded_v1_2026-09-28,utility_v2_frozen_2026-09-28,safe_useful_retention_v1_2026-09-28,paper_ssp_200m_strong_v1,3,150,150.0,B5_conservative,tr_90c59e32088b_gpu,-30.046,0.0,0.0,0,0.0,0.0,0,"{""conflicting_task_ownership"": 0, ""duplicate_execution"": 0, ""contradictory_reassignment"": 0, ""incompatible_mission_state"": 0, ""inconsistent_anomaly_state"": 0}",100096,12240,112336,0.8910411622276029,0.0,1.0,{},timeout,60.0
85424607cd80fc940be0d3f9bf743dcc9e509f91,b89a1baaf19893ba,paper_risk_bounded_v1_2026-09-28,utility_v2_frozen_2026-09-28,safe_useful_retention_v1_2026-09-28,paper_ssp_200m_strong_v1,3,150,150.0,B5_nominal,tr_90c59e32088b_gpu,41.923,0.9210526315789473,0.9210526315789473,70,1.0,1.0,2,"{""conflicting_task_ownership"": 0, ""duplicate_execution"": 0, ""contradictory_reassignment"": 1, ""incompatible_mission_state"": 1, ""inconsistent_anomaly_state"": 0}",100096,9520,109616,0.913151364764268,0.0,1.0,{},timeout,60.0
85424607cd80fc940be0d3f9bf743dcc9e509f91,b89a1baaf19893ba,paper_risk_bounded_v1_2026-09-28,utility_v2_frozen_2026-09-28,safe_useful_retention_v1_2026-09-28,paper_ssp_200m_strong_v1,3,150,150.0,B5_permissive,tr_90c59e32088b_gpu,41.923,0.9210526315789473,0.9210526315789473,70,1.0,1.0,2,"{""conflicting_task_ownership"": 0, ""duplicate_execution"": 0, ""contradictory_reassignment"": 1, ""incompatible_mission_state"": 1, ""inconsistent_anomaly_state"": 0}",100096,9520,109616,0.913151364764268,0.0,1.0,{},timeout,60.0
85424607cd80fc940be0d3f9bf743dcc9e509f91,d76c2b802901f158,paper_risk_bounded_v1_2026-09-28,utility_v2_frozen_2026-09-28,safe_useful_retention_v1_2026-09-28,paper_ssp_200m_strong_v1,3,300,300.0,B1,tr_90c59e32088b_gpu,47.9183,0.8170731707317073,0.9852941176470589,67,1.0,1.0,1,"{""conflicting_task_ownership"": 0, ""duplicate_execution"": 0, ""contradictory_reassignment"": 0, ""incompatible_mission_state"": 1, ""inconsistent_anomaly_state"": 0}",98816,12880,111696,0.8846870075920356,0.3333333333333333,0.6666666666666666,"{""auv_04"": 40.0, ""auv_02"": 40.0, ""auv_03"": 40.0, ""auv_09"": 60.0}",partial,60.0
85424607cd80fc940be0d3f9bf743dcc9e509f91,d76c2b802901f158,paper_risk_bounded_v1_2026-09-28,utility_v2_frozen_2026-09-28,safe_useful_retention_v1_2026-09-28,paper_ssp_200m_strong_v1,3,300,300.0,B2,tr_90c59e32088b_gpu,-14.0806,0.925,0.925,74,1.0,1.0,6,"{""conflicting_task_ownership"": 0, ""duplicate_execution"": 0, ""contradictory_reassignment"": 1, ""incompatible_mission_state"": 1, ""inconsistent_anomaly_state"": 4}",98816,12880,111696,0.8846870075920356,0.3333333333333333,0.6666666666666666,"{""auv_02"": 40.0, ""auv_04"": 40.0, ""auv_03"": 40.0, ""auv_09"": 60.0}",partial,60.0
85424607cd80fc940be0d3f9bf743dcc9e509f91,d76c2b802901f158,paper_risk_bounded_v1_2026-09-28,utility_v2_frozen_2026-09-28,safe_useful_retention_v1_2026-09-28,paper_ssp_200m_strong_v1,3,300,300.0,B3,tr_90c59e32088b_gpu,-30.0458,0.0,0.0,0,0.0,0.0,0,"{""conflicting_task_ownership"": 0, ""duplicate_execution"": 0, ""contradictory_reassignment"": 0, ""incompatible_mission_state"": 0, ""inconsistent_anomaly_state"": 0}",98816,15600,114416,0.8636554328066005,0.3333333333333333,0.6666666666666666,"{""auv_02"": 40.0, ""auv_03"": 40.0, ""auv_04"": 40.0, ""auv_09"": 60.0}",partial,60.0
85424607cd80fc940be0d3f9bf743dcc9e509f91,d76c2b802901f158,paper_risk_bounded_v1_2026-09-28,utility_v2_frozen_2026-09-28,safe_useful_retention_v1_2026-09-28,paper_ssp_200m_strong_v1,3,300,300.0,B4,tr_90c59e32088b_gpu,0.95375,0.0,0.0,0,0.8,0.014184397163120567,1,"{""conflicting_task_ownership"": 0, ""duplicate_execution"": 0, ""contradictory_reassignment"": 1, ""incompatible_mission_state"": 0, ""inconsistent_anomaly_state"": 0}",98816,15600,114416,0.8636554328066005,0.3333333333333333,0.6666666666666666,"{""auv_02"": 40.0, ""auv_03"": 40.0, ""auv_04"": 40.0, ""auv_09"": 60.0}",partial,60.0
85424607cd80fc940be0d3f9bf743dcc9e509f91,d76c2b802901f158,paper_risk_bounded_v1_2026-09-28,utility_v2_frozen_2026-09-28,safe_useful_retention_v1_2026-09-28,paper_ssp_200m_strong_v1,3,300,300.0,B5_conservative,tr_90c59e32088b_gpu,-30.0458,0.0,0.0,0,0.0,0.0,0,"{""conflicting_task_ownership"": 0, ""duplicate_execution"": 0, ""contradictory_reassignment"": 0, ""incompatible_mission_state"": 0, ""inconsistent_anomaly_state"": 0}",98816,15600,114416,0.8636554328066005,0.3333333333333333,0.6666666666666666,"{""auv_02"": 40.0, ""auv_03"": 40.0, ""auv_04"": 40.0, ""auv_09"": 60.0}",partial,60.0
85424607cd80fc940be0d3f9bf743dcc9e509f91,d76c2b802901f158,paper_risk_bounded_v1_2026-09-28,utility_v2_frozen_2026-09-28,safe_useful_retention_v1_2026-09-28,paper_ssp_200m_strong_v1,3,300,300.0,B5_nominal,tr_90c59e32088b_gpu,-14.0806,0.925,0.925,74,1.0,1.0,6,"{""conflicting_task_ownership"": 0, ""duplicate_execution"": 0, ""contradictory_reassignment"": 1, ""incompatible_mission_state"": 1, ""inconsistent_anomaly_state"": 4}",98816,12880,111696,0.8846870075920356,0.3333333333333333,0.6666666666666666,"{""auv_03"": 40.0, ""auv_04"": 40.0, ""auv_02"": 40.0, ""auv_09"": 60.0}",partial,60.0
85424607cd80fc940be0d3f9bf743dcc9e509f91,d76c2b802901f158,paper_risk_bounded_v1_2026-09-28,utility_v2_frozen_2026-09-28,safe_useful_retention_v1_2026-09-28,paper_ssp_200m_strong_v1,3,300,300.0,B5_permissive,tr_90c59e32088b_gpu,-14.0806,0.925,0.925,74,1.0,1.0,6,"{""conflicting_task_ownership"": 0, ""duplicate_execution"": 0, ""contradictory_reassignment"": 1, ""incompatible_mission_state"": 1, ""inconsistent_anomaly_state"": 4}",98816,12880,111696,0.8846870075920356,0.3333333333333333,0.6666666666666666,"{""auv_04"": 40.0, ""auv_02"": 40.0, ""auv_03"": 40.0, ""auv_09"": 60.0}",partial,60.0
85424607cd80fc940be0d3f9bf743dcc9e509f91,e2e3e57478225fd2,paper_risk_bounded_v1_2026-09-28,utility_v2_frozen_2026-09-28,safe_useful_retention_v1_2026-09-28,paper_ssp_200m_strong_v1,3,500,500.0,B1,tr_90c59e32088b_gpu,47.9189,0.75,0.9850746268656716,66,1.0,1.0,1,"{""conflicting_task_ownership"": 0, ""duplicate_execution"": 0, ""contradictory_reassignment"": 0, ""incompatible_mission_state"": 1, ""inconsistent_anomaly_state"": 0}",85248,17680,102928,0.8282294419399969,0.08333333333333333,0.9166666666666666,"{""auv_06"": 60.0}",partial,60.0
85424607cd80fc940be0d3f9bf743dcc9e509f91,e2e3e57478225fd2,paper_risk_bounded_v1_2026-09-28,utility_v2_frozen_2026-09-28,safe_useful_retention_v1_2026-09-28,paper_ssp_200m_strong_v1,3,500,500.0,B2,tr_90c59e32088b_gpu,-77.08455,0.9294117647058824,0.9294117647058824,79,1.0,1.0,9,"{""conflicting_task_ownership"": 0, ""duplicate_execution"": 0, ""contradictory_reassignment"": 1, ""incompatible_mission_state"": 4, ""inconsistent_anomaly_state"": 4}",85248,17680,102928,0.8282294419399969,0.08333333333333333,0.9166666666666666,"{""auv_06"": 60.0}",partial,60.0
85424607cd80fc940be0d3f9bf743dcc9e509f91,e2e3e57478225fd2,paper_risk_bounded_v1_2026-09-28,utility_v2_frozen_2026-09-28,safe_useful_retention_v1_2026-09-28,paper_ssp_200m_strong_v1,3,500,500.0,B3,tr_90c59e32088b_gpu,-30.0456,0.0,0.0,0,0.0,0.0,0,"{""conflicting_task_ownership"": 0, ""duplicate_execution"": 0, ""contradictory_reassignment"": 0, ""incompatible_mission_state"": 0, ""inconsistent_anomaly_state"": 0}",85248,20400,105648,0.8069059518400727,0.08333333333333333,0.9166666666666666,"{""auv_06"": 60.0}",partial,60.0
85424607cd80fc940be0d3f9bf743dcc9e509f91,e2e3e57478225fd2,paper_risk_bounded_v1_2026-09-28,utility_v2_frozen_2026-09-28,safe_useful_retention_v1_2026-09-28,paper_ssp_200m_strong_v1,3,500,500.0,B4,tr_90c59e32088b_gpu,0.95395,0.0,0.0,0,0.8,0.014336917562724014,1,"{""conflicting_task_ownership"": 0, ""duplicate_execution"": 0, ""contradictory_reassignment"": 1, ""incompatible_mission_state"": 0, ""inconsistent_anomaly_state"": 0}",85248,20400,105648,0.8069059518400727,0.08333333333333333,0.9166666666666666,"{""auv_06"": 60.0}",partial,60.0
85424607cd80fc940be0d3f9bf743dcc9e509f91,e2e3e57478225fd2,paper_risk_bounded_v1_2026-09-28,utility_v2_frozen_2026-09-28,safe_useful_retention_v1_2026-09-28,paper_ssp_200m_strong_v1,3,500,500.0,B5_conservative,tr_90c59e32088b_gpu,-30.0456,0.0,0.0,0,0.0,0.0,0,"{""conflicting_task_ownership"": 0, ""duplicate_execution"": 0, ""contradictory_reassignment"": 0, ""incompatible_mission_state"": 0, ""inconsistent_anomaly_state"": 0}",85248,20400,105648,0.8069059518400727,0.08333333333333333,0.9166666666666666,"{""auv_06"": 60.0}",partial,60.0
85424607cd80fc940be0d3f9bf743dcc9e509f91,e2e3e57478225fd2,paper_risk_bounded_v1_2026-09-28,utility_v2_frozen_2026-09-28,safe_useful_retention_v1_2026-09-28,paper_ssp_200m_strong_v1,3,500,500.0,B5_nominal,tr_90c59e32088b_gpu,-77.08455,0.9294117647058824,0.9294117647058824,79,1.0,1.0,9,"{""conflicting_task_ownership"": 0, ""duplicate_execution"": 0, ""contradictory_reassignment"": 1, ""incompatible_mission_state"": 4, ""inconsistent_anomaly_state"": 4}",85248,17680,102928,0.8282294419399969,0.08333333333333333,0.9166666666666666,"{""auv_06"": 60.0}",partial,60.0
85424607cd80fc940be0d3f9bf743dcc9e509f91,e2e3e57478225fd2,paper_risk_bounded_v1_2026-09-28,utility_v2_frozen_2026-09-28,safe_useful_retention_v1_2026-09-28,paper_ssp_200m_strong_v1,3,500,500.0,B5_permissive,tr_90c59e32088b_gpu,-77.08455,0.9294117647058824,0.9294117647058824,79,1.0,1.0,9,"{""conflicting_task_ownership"": 0, ""duplicate_execution"": 0, ""contradictory_reassignment"": 1, ""incompatible_mission_state"": 4, ""inconsistent_anomaly_state"": 4}",85248,17680,102928,0.8282294419399969,0.08333333333333333,0.9166666666666666,"{""auv_06"": 60.0}",partial,60.0
85424607cd80fc940be0d3f9bf743dcc9e509f91,f5cd824c6edfdf58,paper_risk_bounded_v1_2026-09-28,utility_v2_frozen_2026-09-28,safe_useful_retention_v1_2026-09-28,paper_ssp_200m_strong_v1,3,750,750.0,B1,tr_90c59e32088b_gpu,47.9192,0.7252747252747253,0.9850746268656716,66,1.0,1.0,1,"{""conflicting_task_ownership"": 0, ""duplicate_execution"": 0, ""contradictory_reassignment"": 0, ""incompatible_mission_state"": 1, ""inconsistent_anomaly_state"": 0}",81536,23920,105456,0.7731755424063116,0.5,0.5,"{""auv_11"": 20.0, ""auv_02"": 20.0, ""auv_08"": 20.0, ""auv_01"": 40.0, ""auv_00"": 40.0, ""auv_03"": 40.0}",partial,40.0
85424607cd80fc940be0d3f9bf743dcc9e509f91,f5cd824c6edfdf58,paper_risk_bounded_v1_2026-09-28,utility_v2_frozen_2026-09-28,safe_useful_retention_v1_2026-09-28,paper_ssp_200m_strong_v1,3,750,750.0,B2,tr_90c59e32088b_gpu,-77.08455,0.9294117647058824,0.9294117647058824,79,1.0,1.0,9,"{""conflicting_task_ownership"": 0, ""duplicate_execution"": 0, ""contradictory_reassignment"": 1, ""incompatible_mission_state"": 4, ""inconsistent_anomaly_state"": 4}",81536,23920,105456,0.7731755424063116,0.5,0.5,"{""auv_08"": 20.0, ""auv_02"": 20.0, ""auv_11"": 20.0, ""auv_00"": 40.0, ""auv_03"": 40.0, ""auv_01"": 40.0}",partial,40.0
85424607cd80fc940be0d3f9bf743dcc9e509f91,f5cd824c6edfdf58,paper_risk_bounded_v1_2026-09-28,utility_v2_frozen_2026-09-28,safe_useful_retention_v1_2026-09-28,paper_ssp_200m_strong_v1,3,750,750.0,B3,tr_90c59e32088b_gpu,-30.0453,0.0,0.0,0,0.0,0.0,0,"{""conflicting_task_ownership"": 0, ""duplicate_execution"": 0, ""contradictory_reassignment"": 0, ""incompatible_mission_state"": 0, ""inconsistent_anomaly_state"": 0}",81536,26640,108176,0.753734654636888,0.5,0.5,"{""auv_11"": 20.0, ""auv_08"": 20.0, ""auv_02"": 20.0, ""auv_03"": 40.0, ""auv_00"": 40.0, ""auv_01"": 40.0}",partial,40.0
85424607cd80fc940be0d3f9bf743dcc9e509f91,f5cd824c6edfdf58,paper_risk_bounded_v1_2026-09-28,utility_v2_frozen_2026-09-28,safe_useful_retention_v1_2026-09-28,paper_ssp_200m_strong_v1,3,750,750.0,B4,tr_90c59e32088b_gpu,0.95425,0.0,0.0,0,0.8,0.014336917562724014,1,"{""conflicting_task_ownership"": 0, ""duplicate_execution"": 0, ""contradictory_reassignment"": 1, ""incompatible_mission_state"": 0, ""inconsistent_anomaly_state"": 0}",81536,26640,108176,0.753734654636888,0.5,0.5,"{""auv_08"": 20.0, ""auv_02"": 20.0, ""auv_11"": 20.0, ""auv_03"": 40.0, ""auv_01"": 40.0, ""auv_00"": 40.0}",partial,40.0
85424607cd80fc940be0d3f9bf743dcc9e509f91,f5cd824c6edfdf58,paper_risk_bounded_v1_2026-09-28,utility_v2_frozen_2026-09-28,safe_useful_retention_v1_2026-09-28,paper_ssp_200m_strong_v1,3,750,750.0,B5_conservative,tr_90c59e32088b_gpu,-30.0453,0.0,0.0,0,0.0,0.0,0,"{""conflicting_task_ownership"": 0, ""duplicate_execution"": 0, ""contradictory_reassignment"": 0, ""incompatible_mission_state"": 0, ""inconsistent_anomaly_state"": 0}",81536,26640,108176,0.753734654636888,0.5,0.5,"{""auv_02"": 20.0, ""auv_08"": 20.0, ""auv_11"": 20.0, ""auv_03"": 40.0, ""auv_01"": 40.0, ""auv_00"": 40.0}",partial,40.0
85424607cd80fc940be0d3f9bf743dcc9e509f91,f5cd824c6edfdf58,paper_risk_bounded_v1_2026-09-28,utility_v2_frozen_2026-09-28,safe_useful_retention_v1_2026-09-28,paper_ssp_200m_strong_v1,3,750,750.0,B5_nominal,tr_90c59e32088b_gpu,-77.08455,0.9294117647058824,0.9294117647058824,79,1.0,1.0,9,"{""conflicting_task_ownership"": 0, ""duplicate_execution"": 0, ""contradictory_reassignment"": 1, ""incompatible_mission_state"": 4, ""inconsistent_anomaly_state"": 4}",81536,23920,105456,0.7731755424063116,0.5,0.5,"{""auv_11"": 20.0, ""auv_02"": 20.0, ""auv_08"": 20.0, ""auv_01"": 40.0, ""auv_00"": 40.0, ""auv_03"": 40.0}",partial,40.0
85424607cd80fc940be0d3f9bf743dcc9e509f91,f5cd824c6edfdf58,paper_risk_bounded_v1_2026-09-28,utility_v2_frozen_2026-09-28,safe_useful_retention_v1_2026-09-28,paper_ssp_200m_strong_v1,3,750,750.0,B5_permissive,tr_90c59e32088b_gpu,-77.08455,0.9294117647058824,0.9294117647058824,79,1.0,1.0,9,"{""conflicting_task_ownership"": 0, ""duplicate_execution"": 0, ""contradictory_reassignment"": 1, ""incompatible_mission_state"": 4, ""inconsistent_anomaly_state"": 4}",81536,23920,105456,0.7731755424063116,0.5,0.5,"{""auv_02"": 20.0, ""auv_08"": 20.0, ""auv_11"": 20.0, ""auv_03"": 40.0, ""auv_01"": 40.0, ""auv_00"": 40.0}",partial,40.0
85424607cd80fc940be0d3f9bf743dcc9e509f91,90f68cfcd6429f6d,paper_risk_bounded_v1_2026-09-28,utility_v2_frozen_2026-09-28,safe_useful_retention_v1_2026-09-28,paper_ssp_200m_strong_v1,3,1000,1000.0,B1,tr_90c59e32088b_gpu,47.9229,0.6666666666666666,0.9850746268656716,66,1.0,1.0,1,"{""conflicting_task_ownership"": 0, ""duplicate_execution"": 0, ""contradictory_reassignment"": 0, ""incompatible_mission_state"": 1, ""inconsistent_anomaly_state"": 0}",67712,29680,97392,0.6952521767701659,0.3333333333333333,0.6666666666666666,"{""auv_01"": 20.0, ""auv_06"": 20.0, ""auv_02"": 40.0, ""auv_09"": 60.0}",partial,60.0
85424607cd80fc940be0d3f9bf743dcc9e509f91,90f68cfcd6429f6d,paper_risk_bounded_v1_2026-09-28,utility_v2_frozen_2026-09-28,safe_useful_retention_v1_2026-09-28,paper_ssp_200m_strong_v1,3,1000,1000.0,B2,tr_90c59e32088b_gpu,-117.08815,0.9325842696629213,0.9325842696629213,83,1.0,1.0,9,"{""conflicting_task_ownership"": 0, ""duplicate_execution"": 0, ""contradictory_reassignment"": 1, ""incompatible_mission_state"": 4, ""inconsistent_anomaly_state"": 4}",67712,29680,97392,0.6952521767701659,0.3333333333333333,0.6666666666666666,"{""auv_01"": 20.0, ""auv_06"": 20.0, ""auv_02"": 40.0, ""auv_09"": 60.0}",partial,60.0
85424607cd80fc940be0d3f9bf743dcc9e509f91,90f68cfcd6429f6d,paper_risk_bounded_v1_2026-09-28,utility_v2_frozen_2026-09-28,safe_useful_retention_v1_2026-09-28,paper_ssp_200m_strong_v1,3,1000,1000.0,B3,tr_90c59e32088b_gpu,-30.0449,0.0,0.0,0,0.0,0.0,0,"{""conflicting_task_ownership"": 0, ""duplicate_execution"": 0, ""contradictory_reassignment"": 0, ""incompatible_mission_state"": 0, ""inconsistent_anomaly_state"": 0}",67712,32400,100112,0.6763624740290874,0.3333333333333333,0.6666666666666666,"{""auv_06"": 20.0, ""auv_01"": 20.0, ""auv_02"": 40.0, ""auv_09"": 60.0}",partial,60.0
85424607cd80fc940be0d3f9bf743dcc9e509f91,90f68cfcd6429f6d,paper_risk_bounded_v1_2026-09-28,utility_v2_frozen_2026-09-28,safe_useful_retention_v1_2026-09-28,paper_ssp_200m_strong_v1,3,1000,1000.0,B4,tr_90c59e32088b_gpu,0.9551499999999999,0.0,0.0,0,0.8,0.014492753623188406,1,"{""conflicting_task_ownership"": 0, ""duplicate_execution"": 0, ""contradictory_reassignment"": 1, ""incompatible_mission_state"": 0, ""inconsistent_anomaly_state"": 0}",67712,32400,100112,0.6763624740290874,0.3333333333333333,0.6666666666666666,"{""auv_01"": 20.0, ""auv_06"": 20.0, ""auv_02"": 40.0, ""auv_09"": 60.0}",partial,60.0
85424607cd80fc940be0d3f9bf743dcc9e509f91,90f68cfcd6429f6d,paper_risk_bounded_v1_2026-09-28,utility_v2_frozen_2026-09-28,safe_useful_retention_v1_2026-09-28,paper_ssp_200m_strong_v1,3,1000,1000.0,B5_conservative,tr_90c59e32088b_gpu,-30.0449,0.0,0.0,0,0.0,0.0,0,"{""conflicting_task_ownership"": 0, ""duplicate_execution"": 0, ""contradictory_reassignment"": 0, ""incompatible_mission_state"": 0, ""inconsistent_anomaly_state"": 0}",67712,32400,100112,0.6763624740290874,0.3333333333333333,0.6666666666666666,"{""auv_01"": 20.0, ""auv_06"": 20.0, ""auv_02"": 40.0, ""auv_09"": 60.0}",partial,60.0
85424607cd80fc940be0d3f9bf743dcc9e509f91,90f68cfcd6429f6d,paper_risk_bounded_v1_2026-09-28,utility_v2_frozen_2026-09-28,safe_useful_retention_v1_2026-09-28,paper_ssp_200m_strong_v1,3,1000,1000.0,B5_nominal,tr_90c59e32088b_gpu,-117.08815,0.9325842696629213,0.9325842696629213,83,1.0,1.0,9,"{""conflicting_task_ownership"": 0, ""duplicate_execution"": 0, ""contradictory_reassignment"": 1, ""incompatible_mission_state"": 4, ""inconsistent_anomaly_state"": 4}",67712,29680,97392,0.6952521767701659,0.3333333333333333,0.6666666666666666,"{""auv_06"": 20.0, ""auv_01"": 20.0, ""auv_02"": 40.0, ""auv_09"": 60.0}",partial,60.0
85424607cd80fc940be0d3f9bf743dcc9e509f91,90f68cfcd6429f6d,paper_risk_bounded_v1_2026-09-28,utility_v2_frozen_2026-09-28,safe_useful_retention_v1_2026-09-28,paper_ssp_200m_strong_v1,3,1000,1000.0,B5_permissive,tr_90c59e32088b_gpu,-117.08815,0.9325842696629213,0.9325842696629213,83,1.0,1.0,9,"{""conflicting_task_ownership"": 0, ""duplicate_execution"": 0, ""contradictory_reassignment"": 1, ""incompatible_mission_state"": 4, ""inconsistent_anomaly_state"": 4}",67712,29680,97392,0.6952521767701659,0.3333333333333333,0.6666666666666666,"{""auv_06"": 20.0, ""auv_01"": 20.0, ""auv_02"": 40.0, ""auv_09"": 60.0}",partial,60.0
85424607cd80fc940be0d3f9bf743dcc9e509f91,52aa9ad8ac49dbd9,paper_risk_bounded_v1_2026-09-28,utility_v2_frozen_2026-09-28,safe_useful_retention_v1_2026-09-28,paper_ssp_200m_strong_v1,4,0,0.0,B1,tr_d1ea9e6ed537_gpu,47.9171,0.9857142857142858,0.9857142857142858,69,1.0,1.0,1,"{""conflicting_task_ownership"": 0, ""duplicate_execution"": 0, ""contradictory_reassignment"": 0, ""incompatible_mission_state"": 1, ""inconsistent_anomaly_state"": 0}",94208,5680,99888,0.9431363126701906,,,{},idle,0.0
85424607cd80fc940be0d3f9bf743dcc9e509f91,52aa9ad8ac49dbd9,paper_risk_bounded_v1_2026-09-28,utility_v2_frozen_2026-09-28,safe_useful_retention_v1_2026-09-28,paper_ssp_200m_strong_v1,4,0,0.0,B2,tr_d1ea9e6ed537_gpu,47.9171,0.9857142857142858,0.9857142857142858,69,1.0,1.0,1,"{""conflicting_task_ownership"": 0, ""duplicate_execution"": 0, ""contradictory_reassignment"": 0, ""incompatible_mission_state"": 1, ""inconsistent_anomaly_state"": 0}",94208,5680,99888,0.9431363126701906,,,{},idle,0.0
85424607cd80fc940be0d3f9bf743dcc9e509f91,52aa9ad8ac49dbd9,paper_risk_bounded_v1_2026-09-28,utility_v2_frozen_2026-09-28,safe_useful_retention_v1_2026-09-28,paper_ssp_200m_strong_v1,4,0,0.0,B3,tr_d1ea9e6ed537_gpu,-30.0462,0.0,0.0,0,0.0,0.0,0,"{""conflicting_task_ownership"": 0, ""duplicate_execution"": 0, ""contradictory_reassignment"": 0, ""incompatible_mission_state"": 0, ""inconsistent_anomaly_state"": 0}",94208,8400,102608,0.9181350382036488,,,{},idle,0.0
85424607cd80fc940be0d3f9bf743dcc9e509f91,52aa9ad8ac49dbd9,paper_risk_bounded_v1_2026-09-28,utility_v2_frozen_2026-09-28,safe_useful_retention_v1_2026-09-28,paper_ssp_200m_strong_v1,4,0,0.0,B4,tr_d1ea9e6ed537_gpu,-18.0462,0.0,0.0,0,1.0,0.0035714285714285713,0,"{""conflicting_task_ownership"": 0, ""duplicate_execution"": 0, ""contradictory_reassignment"": 0, ""incompatible_mission_state"": 0, ""inconsistent_anomaly_state"": 0}",94208,8400,102608,0.9181350382036488,,,{},idle,0.0
85424607cd80fc940be0d3f9bf743dcc9e509f91,52aa9ad8ac49dbd9,paper_risk_bounded_v1_2026-09-28,utility_v2_frozen_2026-09-28,safe_useful_retention_v1_2026-09-28,paper_ssp_200m_strong_v1,4,0,0.0,B5_conservative,tr_d1ea9e6ed537_gpu,-30.0462,0.0,0.0,0,0.0,0.0,0,"{""conflicting_task_ownership"": 0, ""duplicate_execution"": 0, ""contradictory_reassignment"": 0, ""incompatible_mission_state"": 0, ""inconsistent_anomaly_state"": 0}",94208,8400,102608,0.9181350382036488,,,{},idle,0.0
85424607cd80fc940be0d3f9bf743dcc9e509f91,52aa9ad8ac49dbd9,paper_risk_bounded_v1_2026-09-28,utility_v2_frozen_2026-09-28,safe_useful_retention_v1_2026-09-28,paper_ssp_200m_strong_v1,4,0,0.0,B5_nominal,tr_d1ea9e6ed537_gpu,47.9171,0.9857142857142858,0.9857142857142858,69,1.0,1.0,1,"{""conflicting_task_ownership"": 0, ""duplicate_execution"": 0, ""contradictory_reassignment"": 0, ""incompatible_mission_state"": 1, ""inconsistent_anomaly_state"": 0}",94208,5680,99888,0.9431363126701906,,,{},idle,0.0
85424607cd80fc940be0d3f9bf743dcc9e509f91,52aa9ad8ac49dbd9,paper_risk_bounded_v1_2026-09-28,utility_v2_frozen_2026-09-28,safe_useful_retention_v1_2026-09-28,paper_ssp_200m_strong_v1,4,0,0.0,B5_permissive,tr_d1ea9e6ed537_gpu,47.9171,0.9857142857142858,0.9857142857142858,69,1.0,1.0,1,"{""conflicting_task_ownership"": 0, ""duplicate_execution"": 0, ""contradictory_reassignment"": 0, ""incompatible_mission_state"": 1, ""inconsistent_anomaly_state"": 0}",94208,5680,99888,0.9431363126701906,,,{},idle,0.0
85424607cd80fc940be0d3f9bf743dcc9e509f91,41a6b8fd0cefc593,paper_risk_bounded_v1_2026-09-28,utility_v2_frozen_2026-09-28,safe_useful_retention_v1_2026-09-28,paper_ssp_200m_strong_v1,4,150,150.0,B1,tr_d1ea9e6ed537_gpu,47.9177,0.868421052631579,0.9850746268656716,66,1.0,1.0,1,"{""conflicting_task_ownership"": 0, ""duplicate_execution"": 0, ""contradictory_reassignment"": 0, ""incompatible_mission_state"": 1, ""inconsistent_anomaly_state"": 0}",95488,9520,105008,0.9093402407435623,0.0,1.0,{},timeout,60.0
85424607cd80fc940be0d3f9bf743dcc9e509f91,41a6b8fd0cefc593,paper_risk_bounded_v1_2026-09-28,utility_v2_frozen_2026-09-28,safe_useful_retention_v1_2026-09-28,paper_ssp_200m_strong_v1,4,150,150.0,B2,tr_d1ea9e6ed537_gpu,41.923,0.9210526315789473,0.9210526315789473,70,1.0,1.0,2,"{""conflicting_task_ownership"": 0, ""duplicate_execution"": 0, ""contradictory_reassignment"": 1, ""incompatible_mission_state"": 1, ""inconsistent_anomaly_state"": 0}",95488,9520,105008,0.9093402407435623,0.0,1.0,{},timeout,60.0
85424607cd80fc940be0d3f9bf743dcc9e509f91,41a6b8fd0cefc593,paper_risk_bounded_v1_2026-09-28,utility_v2_frozen_2026-09-28,safe_useful_retention_v1_2026-09-28,paper_ssp_200m_strong_v1,4,150,150.0,B3,tr_d1ea9e6ed537_gpu,-30.046,0.0,0.0,0,0.0,0.0,0,"{""conflicting_task_ownership"": 0, ""duplicate_execution"": 0, ""contradictory_reassignment"": 0, ""incompatible_mission_state"": 0, ""inconsistent_anomaly_state"": 0}",95488,12240,107728,0.886380513886826,0.0,1.0,{},timeout,60.0
85424607cd80fc940be0d3f9bf743dcc9e509f91,41a6b8fd0cefc593,paper_risk_bounded_v1_2026-09-28,utility_v2_frozen_2026-09-28,safe_useful_retention_v1_2026-09-28,paper_ssp_200m_strong_v1,4,150,150.0,B4,tr_d1ea9e6ed537_gpu,0.95355,0.0,0.0,0,0.8,0.014234875444839857,1,"{""conflicting_task_ownership"": 0, ""duplicate_execution"": 0, ""contradictory_reassignment"": 1, ""incompatible_mission_state"": 0, ""inconsistent_anomaly_state"": 0}",95488,12240,107728,0.886380513886826,0.0,1.0,{},timeout,60.0
85424607cd80fc940be0d3f9bf743dcc9e509f91,41a6b8fd0cefc593,paper_risk_bounded_v1_2026-09-28,utility_v2_frozen_2026-09-28,safe_useful_retention_v1_2026-09-28,paper_ssp_200m_strong_v1,4,150,150.0,B5_conservative,tr_d1ea9e6ed537_gpu,-30.046,0.0,0.0,0,0.0,0.0,0,"{""conflicting_task_ownership"": 0, ""duplicate_execution"": 0, ""contradictory_reassignment"": 0, ""incompatible_mission_state"": 0, ""inconsistent_anomaly_state"": 0}",95488,12240,107728,0.886380513886826,0.0,1.0,{},timeout,60.0
85424607cd80fc940be0d3f9bf743dcc9e509f91,41a6b8fd0cefc593,paper_risk_bounded_v1_2026-09-28,utility_v2_frozen_2026-09-28,safe_useful_retention_v1_2026-09-28,paper_ssp_200m_strong_v1,4,150,150.0,B5_nominal,tr_d1ea9e6ed537_gpu,41.923,0.9210526315789473,0.9210526315789473,70,1.0,1.0,2,"{""conflicting_task_ownership"": 0, ""duplicate_execution"": 0, ""contradictory_reassignment"": 1, ""incompatible_mission_state"": 1, ""inconsistent_anomaly_state"": 0}",95488,9520,105008,0.9093402407435623,0.0,1.0,{},timeout,60.0
85424607cd80fc940be0d3f9bf743dcc9e509f91,41a6b8fd0cefc593,paper_risk_bounded_v1_2026-09-28,utility_v2_frozen_2026-09-28,safe_useful_retention_v1_2026-09-28,paper_ssp_200m_strong_v1,4,150,150.0,B5_permissive,tr_d1ea9e6ed537_gpu,41.923,0.9210526315789473,0.9210526315789473,70,1.0,1.0,2,"{""conflicting_task_ownership"": 0, ""duplicate_execution"": 0, ""contradictory_reassignment"": 1, ""incompatible_mission_state"": 1, ""inconsistent_anomaly_state"": 0}",95488,9520,105008,0.9093402407435623,0.0,1.0,{},timeout,60.0
85424607cd80fc940be0d3f9bf743dcc9e509f91,9621b17dcf303f80,paper_risk_bounded_v1_2026-09-28,utility_v2_frozen_2026-09-28,safe_useful_retention_v1_2026-09-28,paper_ssp_200m_strong_v1,4,300,300.0,B1,tr_d1ea9e6ed537_gpu,47.9183,0.8170731707317073,0.9852941176470589,67,1.0,1.0,1,"{""conflicting_task_ownership"": 0, ""duplicate_execution"": 0, ""contradictory_reassignment"": 0, ""incompatible_mission_state"": 1, ""inconsistent_anomaly_state"": 0}",92032,12880,104912,0.8772304407503432,0.3333333333333333,0.6666666666666666,"{""auv_03"": 40.0, ""auv_02"": 40.0, ""auv_04"": 40.0, ""auv_09"": 60.0}",partial,60.0
85424607cd80fc940be0d3f9bf743dcc9e509f91,9621b17dcf303f80,paper_risk_bounded_v1_2026-09-28,utility_v2_frozen_2026-09-28,safe_useful_retention_v1_2026-09-28,paper_ssp_200m_strong_v1,4,300,300.0,B2,tr_d1ea9e6ed537_gpu,-14.0806,0.925,0.925,74,1.0,1.0,6,"{""conflicting_task_ownership"": 0, ""duplicate_execution"": 0, ""contradictory_reassignment"": 1, ""incompatible_mission_state"": 1, ""inconsistent_anomaly_state"": 4}",92032,12880,104912,0.8772304407503432,0.3333333333333333,0.6666666666666666,"{""auv_02"": 40.0, ""auv_03"": 40.0, ""auv_04"": 40.0, ""auv_09"": 60.0}",partial,60.0
85424607cd80fc940be0d3f9bf743dcc9e509f91,9621b17dcf303f80,paper_risk_bounded_v1_2026-09-28,utility_v2_frozen_2026-09-28,safe_useful_retention_v1_2026-09-28,paper_ssp_200m_strong_v1,4,300,300.0,B3,tr_d1ea9e6ed537_gpu,-30.0458,0.0,0.0,0,0.0,0.0,0,"{""conflicting_task_ownership"": 0, ""duplicate_execution"": 0, ""contradictory_reassignment"": 0, ""incompatible_mission_state"": 0, ""inconsistent_anomaly_state"": 0}",92032,15600,107632,0.8550616916902036,0.3333333333333333,0.6666666666666666,"{""auv_04"": 40.0, ""auv_03"": 40.0, ""auv_02"": 40.0, ""auv_09"": 60.0}",partial,60.0
85424607cd80fc940be0d3f9bf743dcc9e509f91,9621b17dcf303f80,paper_risk_bounded_v1_2026-09-28,utility_v2_frozen_2026-09-28,safe_useful_retention_v1_2026-09-28,paper_ssp_200m_strong_v1,4,300,300.0,B4,tr_d1ea9e6ed537_gpu,0.95375,0.0,0.0,0,0.8,0.014184397163120567,1,"{""conflicting_task_ownership"": 0, ""duplicate_execution"": 0, ""contradictory_reassignment"": 1, ""incompatible_mission_state"": 0, ""inconsistent_anomaly_state"": 0}",92032,15600,107632,0.8550616916902036,0.3333333333333333,0.6666666666666666,"{""auv_04"": 40.0, ""auv_02"": 40.0, ""auv_03"": 40.0, ""auv_09"": 60.0}",partial,60.0
85424607cd80fc940be0d3f9bf743dcc9e509f91,9621b17dcf303f80,paper_risk_bounded_v1_2026-09-28,utility_v2_frozen_2026-09-28,safe_useful_retention_v1_2026-09-28,paper_ssp_200m_strong_v1,4,300,300.0,B5_conservative,tr_d1ea9e6ed537_gpu,-30.0458,0.0,0.0,0,0.0,0.0,0,"{""conflicting_task_ownership"": 0, ""duplicate_execution"": 0, ""contradictory_reassignment"": 0, ""incompatible_mission_state"": 0, ""inconsistent_anomaly_state"": 0}",92032,15600,107632,0.8550616916902036,0.3333333333333333,0.6666666666666666,"{""auv_02"": 40.0, ""auv_03"": 40.0, ""auv_04"": 40.0, ""auv_09"": 60.0}",partial,60.0
85424607cd80fc940be0d3f9bf743dcc9e509f91,9621b17dcf303f80,paper_risk_bounded_v1_2026-09-28,utility_v2_frozen_2026-09-28,safe_useful_retention_v1_2026-09-28,paper_ssp_200m_strong_v1,4,300,300.0,B5_nominal,tr_d1ea9e6ed537_gpu,-14.0806,0.925,0.925,74,1.0,1.0,6,"{""conflicting_task_ownership"": 0, ""duplicate_execution"": 0, ""contradictory_reassignment"": 1, ""incompatible_mission_state"": 1, ""inconsistent_anomaly_state"": 4}",92032,12880,104912,0.8772304407503432,0.3333333333333333,0.6666666666666666,"{""auv_02"": 40.0, ""auv_03"": 40.0, ""auv_04"": 40.0, ""auv_09"": 60.0}",partial,60.0
85424607cd80fc940be0d3f9bf743dcc9e509f91,9621b17dcf303f80,paper_risk_bounded_v1_2026-09-28,utility_v2_frozen_2026-09-28,safe_useful_retention_v1_2026-09-28,paper_ssp_200m_strong_v1,4,300,300.0,B5_permissive,tr_d1ea9e6ed537_gpu,-14.0806,0.925,0.925,74,1.0,1.0,6,"{""conflicting_task_ownership"": 0, ""duplicate_execution"": 0, ""contradictory_reassignment"": 1, ""incompatible_mission_state"": 1, ""inconsistent_anomaly_state"": 4}",92032,12880,104912,0.8772304407503432,0.3333333333333333,0.6666666666666666,"{""auv_03"": 40.0, ""auv_04"": 40.0, ""auv_02"": 40.0, ""auv_09"": 60.0}",partial,60.0
85424607cd80fc940be0d3f9bf743dcc9e509f91,433b7d6630d154fa,paper_risk_bounded_v1_2026-09-28,utility_v2_frozen_2026-09-28,safe_useful_retention_v1_2026-09-28,paper_ssp_200m_strong_v1,4,500,500.0,B1,tr_d1ea9e6ed537_gpu,47.9189,0.75,0.9850746268656716,66,1.0,1.0,1,"{""conflicting_task_ownership"": 0, ""duplicate_execution"": 0, ""contradictory_reassignment"": 0, ""incompatible_mission_state"": 1, ""inconsistent_anomaly_state"": 0}",80896,17680,98576,0.8206459990261321,0.08333333333333333,0.9166666666666666,"{""auv_06"": 60.0}",partial,60.0
85424607cd80fc940be0d3f9bf743dcc9e509f91,433b7d6630d154fa,paper_risk_bounded_v1_2026-09-28,utility_v2_frozen_2026-09-28,safe_useful_retention_v1_2026-09-28,paper_ssp_200m_strong_v1,4,500,500.0,B2,tr_d1ea9e6ed537_gpu,-77.08455,0.9294117647058824,0.9294117647058824,79,1.0,1.0,9,"{""conflicting_task_ownership"": 0, ""duplicate_execution"": 0, ""contradictory_reassignment"": 1, ""incompatible_mission_state"": 4, ""inconsistent_anomaly_state"": 4}",80896,17680,98576,0.8206459990261321,0.08333333333333333,0.9166666666666666,"{""auv_06"": 60.0}",partial,60.0
85424607cd80fc940be0d3f9bf743dcc9e509f91,433b7d6630d154fa,paper_risk_bounded_v1_2026-09-28,utility_v2_frozen_2026-09-28,safe_useful_retention_v1_2026-09-28,paper_ssp_200m_strong_v1,4,500,500.0,B3,tr_d1ea9e6ed537_gpu,-30.0456,0.0,0.0,0,0.0,0.0,0,"{""conflicting_task_ownership"": 0, ""duplicate_execution"": 0, ""contradictory_reassignment"": 0, ""incompatible_mission_state"": 0, ""inconsistent_anomaly_state"": 0}",80896,20400,101296,0.7986100142157637,0.08333333333333333,0.9166666666666666,"{""auv_06"": 60.0}",partial,60.0
85424607cd80fc940be0d3f9bf743dcc9e509f91,433b7d6630d154fa,paper_risk_bounded_v1_2026-09-28,utility_v2_frozen_2026-09-28,safe_useful_retention_v1_2026-09-28,paper_ssp_200m_strong_v1,4,500,500.0,B4,tr_d1ea9e6ed537_gpu,0.95395,0.0,0.0,0,0.8,0.014336917562724014,1,"{""conflicting_task_ownership"": 0, ""duplicate_execution"": 0, ""contradictory_reassignment"": 1, ""incompatible_mission_state"": 0, ""inconsistent_anomaly_state"": 0}",80896,20400,101296,0.7986100142157637,0.08333333333333333,0.9166666666666666,"{""auv_06"": 60.0}",partial,60.0
85424607cd80fc940be0d3f9bf743dcc9e509f91,433b7d6630d154fa,paper_risk_bounded_v1_2026-09-28,utility_v2_frozen_2026-09-28,safe_useful_retention_v1_2026-09-28,paper_ssp_200m_strong_v1,4,500,500.0,B5_conservative,tr_d1ea9e6ed537_gpu,-30.0456,0.0,0.0,0,0.0,0.0,0,"{""conflicting_task_ownership"": 0, ""duplicate_execution"": 0, ""contradictory_reassignment"": 0, ""incompatible_mission_state"": 0, ""inconsistent_anomaly_state"": 0}",80896,20400,101296,0.7986100142157637,0.08333333333333333,0.9166666666666666,"{""auv_06"": 60.0}",partial,60.0
85424607cd80fc940be0d3f9bf743dcc9e509f91,433b7d6630d154fa,paper_risk_bounded_v1_2026-09-28,utility_v2_frozen_2026-09-28,safe_useful_retention_v1_2026-09-28,paper_ssp_200m_strong_v1,4,500,500.0,B5_nominal,tr_d1ea9e6ed537_gpu,-77.08455,0.9294117647058824,0.9294117647058824,79,1.0,1.0,9,"{""conflicting_task_ownership"": 0, ""duplicate_execution"": 0, ""contradictory_reassignment"": 1, ""incompatible_mission_state"": 4, ""inconsistent_anomaly_state"": 4}",80896,17680,98576,0.8206459990261321,0.08333333333333333,0.9166666666666666,"{""auv_06"": 60.0}",partial,60.0
85424607cd80fc940be0d3f9bf743dcc9e509f91,433b7d6630d154fa,paper_risk_bounded_v1_2026-09-28,utility_v2_frozen_2026-09-28,safe_useful_retention_v1_2026-09-28,paper_ssp_200m_strong_v1,4,500,500.0,B5_permissive,tr_d1ea9e6ed537_gpu,-77.08455,0.9294117647058824,0.9294117647058824,79,1.0,1.0,9,"{""conflicting_task_ownership"": 0, ""duplicate_execution"": 0, ""contradictory_reassignment"": 1, ""incompatible_mission_state"": 4, ""inconsistent_anomaly_state"": 4}",80896,17680,98576,0.8206459990261321,0.08333333333333333,0.9166666666666666,"{""auv_06"": 60.0}",partial,60.0
85424607cd80fc940be0d3f9bf743dcc9e509f91,462d6b23ea5d46d1,paper_risk_bounded_v1_2026-09-28,utility_v2_frozen_2026-09-28,safe_useful_retention_v1_2026-09-28,paper_ssp_200m_strong_v1,4,750,750.0,B1,tr_d1ea9e6ed537_gpu,47.9192,0.7252747252747253,0.9850746268656716,66,1.0,1.0,1,"{""conflicting_task_ownership"": 0, ""duplicate_execution"": 0, ""contradictory_reassignment"": 0, ""incompatible_mission_state"": 1, ""inconsistent_anomaly_state"": 0}",77056,23920,100976,0.763112026620187,0.5,0.5,"{""auv_02"": 20.0, ""auv_08"": 20.0, ""auv_11"": 20.0, ""auv_00"": 40.0, ""auv_03"": 40.0, ""auv_01"": 40.0}",partial,40.0
85424607cd80fc940be0d3f9bf743dcc9e509f91,462d6b23ea5d46d1,paper_risk_bounded_v1_2026-09-28,utility_v2_frozen_2026-09-28,safe_useful_retention_v1_2026-09-28,paper_ssp_200m_strong_v1,4,750,750.0,B2,tr_d1ea9e6ed537_gpu,-77.08455,0.9294117647058824,0.9294117647058824,79,1.0,1.0,9,"{""conflicting_task_ownership"": 0, ""duplicate_execution"": 0, ""contradictory_reassignment"": 1, ""incompatible_mission_state"": 4, ""inconsistent_anomaly_state"": 4}",77056,23920,100976,0.763112026620187,0.5,0.5,"{""auv_02"": 20.0, ""auv_11"": 20.0, ""auv_08"": 20.0, ""auv_01"": 40.0, ""auv_00"": 40.0, ""auv_03"": 40.0}",partial,40.0
85424607cd80fc940be0d3f9bf743dcc9e509f91,462d6b23ea5d46d1,paper_risk_bounded_v1_2026-09-28,utility_v2_frozen_2026-09-28,safe_useful_retention_v1_2026-09-28,paper_ssp_200m_strong_v1,4,750,750.0,B3,tr_d1ea9e6ed537_gpu,-30.0453,0.0,0.0,0,0.0,0.0,0,"{""conflicting_task_ownership"": 0, ""duplicate_execution"": 0, ""contradictory_reassignment"": 0, ""incompatible_mission_state"": 0, ""inconsistent_anomaly_state"": 0}",77056,26640,103696,0.7430952013578151,0.5,0.5,"{""auv_02"": 20.0, ""auv_11"": 20.0, ""auv_08"": 20.0, ""auv_03"": 40.0, ""auv_01"": 40.0, ""auv_00"": 40.0}",partial,40.0
85424607cd80fc940be0d3f9bf743dcc9e509f91,462d6b23ea5d46d1,paper_risk_bounded_v1_2026-09-28,utility_v2_frozen_2026-09-28,safe_useful_retention_v1_2026-09-28,paper_ssp_200m_strong_v1,4,750,750.0,B4,tr_d1ea9e6ed537_gpu,0.95425,0.0,0.0,0,0.8,0.014336917562724014,1,"{""conflicting_task_ownership"": 0, ""duplicate_execution"": 0, ""contradictory_reassignment"": 1, ""incompatible_mission_state"": 0, ""inconsistent_anomaly_state"": 0}",77056,26640,103696,0.7430952013578151,0.5,0.5,"{""auv_11"": 20.0, ""auv_02"": 20.0, ""auv_08"": 20.0, ""auv_01"": 40.0, ""auv_00"": 40.0, ""auv_03"": 40.0}",partial,40.0
85424607cd80fc940be0d3f9bf743dcc9e509f91,462d6b23ea5d46d1,paper_risk_bounded_v1_2026-09-28,utility_v2_frozen_2026-09-28,safe_useful_retention_v1_2026-09-28,paper_ssp_200m_strong_v1,4,750,750.0,B5_conservative,tr_d1ea9e6ed537_gpu,-30.0453,0.0,0.0,0,0.0,0.0,0,"{""conflicting_task_ownership"": 0, ""duplicate_execution"": 0, ""contradictory_reassignment"": 0, ""incompatible_mission_state"": 0, ""inconsistent_anomaly_state"": 0}",77056,26640,103696,0.7430952013578151,0.5,0.5,"{""auv_02"": 20.0, ""auv_11"": 20.0, ""auv_08"": 20.0, ""auv_00"": 40.0, ""auv_01"": 40.0, ""auv_03"": 40.0}",partial,40.0
85424607cd80fc940be0d3f9bf743dcc9e509f91,462d6b23ea5d46d1,paper_risk_bounded_v1_2026-09-28,utility_v2_frozen_2026-09-28,safe_useful_retention_v1_2026-09-28,paper_ssp_200m_strong_v1,4,750,750.0,B5_nominal,tr_d1ea9e6ed537_gpu,-77.08455,0.9294117647058824,0.9294117647058824,79,1.0,1.0,9,"{""conflicting_task_ownership"": 0, ""duplicate_execution"": 0, ""contradictory_reassignment"": 1, ""incompatible_mission_state"": 4, ""inconsistent_anomaly_state"": 4}",77056,23920,100976,0.763112026620187,0.5,0.5,"{""auv_08"": 20.0, ""auv_11"": 20.0, ""auv_02"": 20.0, ""auv_01"": 40.0, ""auv_00"": 40.0, ""auv_03"": 40.0}",partial,40.0
85424607cd80fc940be0d3f9bf743dcc9e509f91,462d6b23ea5d46d1,paper_risk_bounded_v1_2026-09-28,utility_v2_frozen_2026-09-28,safe_useful_retention_v1_2026-09-28,paper_ssp_200m_strong_v1,4,750,750.0,B5_permissive,tr_d1ea9e6ed537_gpu,-77.08455,0.9294117647058824,0.9294117647058824,79,1.0,1.0,9,"{""conflicting_task_ownership"": 0, ""duplicate_execution"": 0, ""contradictory_reassignment"": 1, ""incompatible_mission_state"": 4, ""inconsistent_anomaly_state"": 4}",77056,23920,100976,0.763112026620187,0.5,0.5,"{""auv_08"": 20.0, ""auv_02"": 20.0, ""auv_11"": 20.0, ""auv_03"": 40.0, ""auv_01"": 40.0, ""auv_00"": 40.0}",partial,40.0
85424607cd80fc940be0d3f9bf743dcc9e509f91,1b7ac0008a30c0bd,paper_risk_bounded_v1_2026-09-28,utility_v2_frozen_2026-09-28,safe_useful_retention_v1_2026-09-28,paper_ssp_200m_strong_v1,4,1000,1000.0,B1,tr_d1ea9e6ed537_gpu,47.9229,0.6666666666666666,0.9850746268656716,66,1.0,1.0,1,"{""conflicting_task_ownership"": 0, ""duplicate_execution"": 0, ""contradictory_reassignment"": 0, ""incompatible_mission_state"": 1, ""inconsistent_anomaly_state"": 0}",65280,29680,94960,0.6874473462510531,0.3333333333333333,0.6666666666666666,"{""auv_01"": 20.0, ""auv_06"": 20.0, ""auv_02"": 40.0, ""auv_09"": 60.0}",partial,60.0
85424607cd80fc940be0d3f9bf743dcc9e509f91,1b7ac0008a30c0bd,paper_risk_bounded_v1_2026-09-28,utility_v2_frozen_2026-09-28,safe_useful_retention_v1_2026-09-28,paper_ssp_200m_strong_v1,4,1000,1000.0,B2,tr_d1ea9e6ed537_gpu,-117.08815,0.9325842696629213,0.9325842696629213,83,1.0,1.0,9,"{""conflicting_task_ownership"": 0, ""duplicate_execution"": 0, ""contradictory_reassignment"": 1, ""incompatible_mission_state"": 4, ""inconsistent_anomaly_state"": 4}",65280,29680,94960,0.6874473462510531,0.3333333333333333,0.6666666666666666,"{""auv_01"": 20.0, ""auv_06"": 20.0, ""auv_02"": 40.0, ""auv_09"": 60.0}",partial,60.0
85424607cd80fc940be0d3f9bf743dcc9e509f91,1b7ac0008a30c0bd,paper_risk_bounded_v1_2026-09-28,utility_v2_frozen_2026-09-28,safe_useful_retention_v1_2026-09-28,paper_ssp_200m_strong_v1,4,1000,1000.0,B3,tr_d1ea9e6ed537_gpu,-30.0449,0.0,0.0,0,0.0,0.0,0,"{""conflicting_task_ownership"": 0, ""duplicate_execution"": 0, ""contradictory_reassignment"": 0, ""incompatible_mission_state"": 0, ""inconsistent_anomaly_state"": 0}",65280,32400,97680,0.6683046683046683,0.3333333333333333,0.6666666666666666,"{""auv_06"": 20.0, ""auv_01"": 20.0, ""auv_02"": 40.0, ""auv_09"": 60.0}",partial,60.0
85424607cd80fc940be0d3f9bf743dcc9e509f91,1b7ac0008a30c0bd,paper_risk_bounded_v1_2026-09-28,utility_v2_frozen_2026-09-28,safe_useful_retention_v1_2026-09-28,paper_ssp_200m_strong_v1,4,1000,1000.0,B4,tr_d1ea9e6ed537_gpu,0.9551499999999999,0.0,0.0,0,0.8,0.014492753623188406,1,"{""conflicting_task_ownership"": 0, ""duplicate_execution"": 0, ""contradictory_reassignment"": 1, ""incompatible_mission_state"": 0, ""inconsistent_anomaly_state"": 0}",65280,32400,97680,0.6683046683046683,0.3333333333333333,0.6666666666666666,"{""auv_01"": 20.0, ""auv_06"": 20.0, ""auv_02"": 40.0, ""auv_09"": 60.0}",partial,60.0
85424607cd80fc940be0d3f9bf743dcc9e509f91,1b7ac0008a30c0bd,paper_risk_bounded_v1_2026-09-28,utility_v2_frozen_2026-09-28,safe_useful_retention_v1_2026-09-28,paper_ssp_200m_strong_v1,4,1000,1000.0,B5_conservative,tr_d1ea9e6ed537_gpu,-30.0449,0.0,0.0,0,0.0,0.0,0,"{""conflicting_task_ownership"": 0, ""duplicate_execution"": 0, ""contradictory_reassignment"": 0, ""incompatible_mission_state"": 0, ""inconsistent_anomaly_state"": 0}",65280,32400,97680,0.6683046683046683,0.3333333333333333,0.6666666666666666,"{""auv_01"": 20.0, ""auv_06"": 20.0, ""auv_02"": 40.0, ""auv_09"": 60.0}",partial,60.0
85424607cd80fc940be0d3f9bf743dcc9e509f91,1b7ac0008a30c0bd,paper_risk_bounded_v1_2026-09-28,utility_v2_frozen_2026-09-28,safe_useful_retention_v1_2026-09-28,paper_ssp_200m_strong_v1,4,1000,1000.0,B5_nominal,tr_d1ea9e6ed537_gpu,-117.08815,0.9325842696629213,0.9325842696629213,83,1.0,1.0,9,"{""conflicting_task_ownership"": 0, ""duplicate_execution"": 0, ""contradictory_reassignment"": 1, ""incompatible_mission_state"": 4, ""inconsistent_anomaly_state"": 4}",65280,29680,94960,0.6874473462510531,0.3333333333333333,0.6666666666666666,"{""auv_01"": 20.0, ""auv_06"": 20.0, ""auv_02"": 40.0, ""auv_09"": 60.0}",partial,60.0
85424607cd80fc940be0d3f9bf743dcc9e509f91,1b7ac0008a30c0bd,paper_risk_bounded_v1_2026-09-28,utility_v2_frozen_2026-09-28,safe_useful_retention_v1_2026-09-28,paper_ssp_200m_strong_v1,4,1000,1000.0,B5_permissive,tr_d1ea9e6ed537_gpu,-117.08815,0.9325842696629213,0.9325842696629213,83,1.0,1.0,9,"{""conflicting_task_ownership"": 0, ""duplicate_execution"": 0, ""contradictory_reassignment"": 1, ""incompatible_mission_state"": 4, ""inconsistent_anomaly_state"": 4}",65280,29680,94960,0.6874473462510531,0.3333333333333333,0.6666666666666666,"{""auv_01"": 20.0, ""auv_06"": 20.0, ""auv_02"": 40.0, ""auv_09"": 60.0}",partial,60.0
85424607cd80fc940be0d3f9bf743dcc9e509f91,68a34358241ea3e1,paper_risk_bounded_v1_2026-09-28,utility_v2_frozen_2026-09-28,safe_useful_retention_v1_2026-09-28,paper_ssp_200m_strong_v1,5,0,0.0,B1,tr_656c2a3d7e5e_gpu,47.9171,0.9857142857142858,0.9857142857142858,69,1.0,1.0,1,"{""conflicting_task_ownership"": 0, ""duplicate_execution"": 0, ""contradictory_reassignment"": 0, ""incompatible_mission_state"": 1, ""inconsistent_anomaly_state"": 0}",97024,11360,108384,0.8951874815470918,,,{},idle,0.0
85424607cd80fc940be0d3f9bf743dcc9e509f91,68a34358241ea3e1,paper_risk_bounded_v1_2026-09-28,utility_v2_frozen_2026-09-28,safe_useful_retention_v1_2026-09-28,paper_ssp_200m_strong_v1,5,0,0.0,B2,tr_656c2a3d7e5e_gpu,47.9171,0.9857142857142858,0.9857142857142858,69,1.0,1.0,1,"{""conflicting_task_ownership"": 0, ""duplicate_execution"": 0, ""contradictory_reassignment"": 0, ""incompatible_mission_state"": 1, ""inconsistent_anomaly_state"": 0}",97024,11360,108384,0.8951874815470918,,,{},idle,0.0
85424607cd80fc940be0d3f9bf743dcc9e509f91,68a34358241ea3e1,paper_risk_bounded_v1_2026-09-28,utility_v2_frozen_2026-09-28,safe_useful_retention_v1_2026-09-28,paper_ssp_200m_strong_v1,5,0,0.0,B3,tr_656c2a3d7e5e_gpu,-30.0462,0.0,0.0,0,0.0,0.0,0,"{""conflicting_task_ownership"": 0, ""duplicate_execution"": 0, ""contradictory_reassignment"": 0, ""incompatible_mission_state"": 0, ""inconsistent_anomaly_state"": 0}",97024,16800,113824,0.8524037109924093,,,{},idle,0.0
85424607cd80fc940be0d3f9bf743dcc9e509f91,68a34358241ea3e1,paper_risk_bounded_v1_2026-09-28,utility_v2_frozen_2026-09-28,safe_useful_retention_v1_2026-09-28,paper_ssp_200m_strong_v1,5,0,0.0,B4,tr_656c2a3d7e5e_gpu,-18.0462,0.0,0.0,0,1.0,0.0035714285714285713,0,"{""conflicting_task_ownership"": 0, ""duplicate_execution"": 0, ""contradictory_reassignment"": 0, ""incompatible_mission_state"": 0, ""inconsistent_anomaly_state"": 0}",97024,16800,113824,0.8524037109924093,,,{},idle,0.0
85424607cd80fc940be0d3f9bf743dcc9e509f91,68a34358241ea3e1,paper_risk_bounded_v1_2026-09-28,utility_v2_frozen_2026-09-28,safe_useful_retention_v1_2026-09-28,paper_ssp_200m_strong_v1,5,0,0.0,B5_conservative,tr_656c2a3d7e5e_gpu,-30.0462,0.0,0.0,0,0.0,0.0,0,"{""conflicting_task_ownership"": 0, ""duplicate_execution"": 0, ""contradictory_reassignment"": 0, ""incompatible_mission_state"": 0, ""inconsistent_anomaly_state"": 0}",97024,16800,113824,0.8524037109924093,,,{},idle,0.0
85424607cd80fc940be0d3f9bf743dcc9e509f91,68a34358241ea3e1,paper_risk_bounded_v1_2026-09-28,utility_v2_frozen_2026-09-28,safe_useful_retention_v1_2026-09-28,paper_ssp_200m_strong_v1,5,0,0.0,B5_nominal,tr_656c2a3d7e5e_gpu,47.9171,0.9857142857142858,0.9857142857142858,69,1.0,1.0,1,"{""conflicting_task_ownership"": 0, ""duplicate_execution"": 0, ""contradictory_reassignment"": 0, ""incompatible_mission_state"": 1, ""inconsistent_anomaly_state"": 0}",97024,11360,108384,0.8951874815470918,,,{},idle,0.0
85424607cd80fc940be0d3f9bf743dcc9e509f91,68a34358241ea3e1,paper_risk_bounded_v1_2026-09-28,utility_v2_frozen_2026-09-28,safe_useful_retention_v1_2026-09-28,paper_ssp_200m_strong_v1,5,0,0.0,B5_permissive,tr_656c2a3d7e5e_gpu,47.9171,0.9857142857142858,0.9857142857142858,69,1.0,1.0,1,"{""conflicting_task_ownership"": 0, ""duplicate_execution"": 0, ""contradictory_reassignment"": 0, ""incompatible_mission_state"": 1, ""inconsistent_anomaly_state"": 0}",97024,11360,108384,0.8951874815470918,,,{},idle,0.0
85424607cd80fc940be0d3f9bf743dcc9e509f91,ecbc397e1e629d21,paper_risk_bounded_v1_2026-09-28,utility_v2_frozen_2026-09-28,safe_useful_retention_v1_2026-09-28,paper_ssp_200m_strong_v1,5,150,150.0,B1,tr_656c2a3d7e5e_gpu,47.9177,0.868421052631579,0.9850746268656716,66,1.0,1.0,1,"{""conflicting_task_ownership"": 0, ""duplicate_execution"": 0, ""contradictory_reassignment"": 0, ""incompatible_mission_state"": 1, ""inconsistent_anomaly_state"": 0}",103936,15200,119136,0.8724147193123825,0.3333333333333333,0.6666666666666666,"{""auv_02"": 20.0, ""auv_07"": 20.0, ""auv_09"": 60.0, ""auv_08"": 60.0}",partial,60.0
85424607cd80fc940be0d3f9bf743dcc9e509f91,ecbc397e1e629d21,paper_risk_bounded_v1_2026-09-28,utility_v2_frozen_2026-09-28,safe_useful_retention_v1_2026-09-28,paper_ssp_200m_strong_v1,5,150,150.0,B2,tr_656c2a3d7e5e_gpu,41.923,0.9210526315789473,0.9210526315789473,70,1.0,1.0,2,"{""conflicting_task_ownership"": 0, ""duplicate_execution"": 0, ""contradictory_reassignment"": 1, ""incompatible_mission_state"": 1, ""inconsistent_anomaly_state"": 0}",103936,15200,119136,0.8724147193123825,0.3333333333333333,0.6666666666666666,"{""auv_02"": 20.0, ""auv_07"": 20.0, ""auv_09"": 60.0, ""auv_08"": 60.0}",partial,60.0
85424607cd80fc940be0d3f9bf743dcc9e509f91,ecbc397e1e629d21,paper_risk_bounded_v1_2026-09-28,utility_v2_frozen_2026-09-28,safe_useful_retention_v1_2026-09-28,paper_ssp_200m_strong_v1,5,150,150.0,B3,tr_656c2a3d7e5e_gpu,-30.046,0.0,0.0,0,0.0,0.0,0,"{""conflicting_task_ownership"": 0, ""duplicate_execution"": 0, ""contradictory_reassignment"": 0, ""incompatible_mission_state"": 0, ""inconsistent_anomaly_state"": 0}",103936,20640,124576,0.834318006678654,0.3333333333333333,0.6666666666666666,"{""auv_07"": 20.0, ""auv_02"": 20.0, ""auv_09"": 60.0, ""auv_08"": 60.0}",partial,60.0
85424607cd80fc940be0d3f9bf743dcc9e509f91,ecbc397e1e629d21,paper_risk_bounded_v1_2026-09-28,utility_v2_frozen_2026-09-28,safe_useful_retention_v1_2026-09-28,paper_ssp_200m_strong_v1,5,150,150.0,B4,tr_656c2a3d7e5e_gpu,0.95355,0.0,0.0,0,0.8,0.014234875444839857,1,"{""conflicting_task_ownership"": 0, ""duplicate_execution"": 0, ""contradictory_reassignment"": 1, ""incompatible_mission_state"": 0, ""inconsistent_anomaly_state"": 0}",103936,20640,124576,0.834318006678654,0.3333333333333333,0.6666666666666666,"{""auv_02"": 20.0, ""auv_07"": 20.0, ""auv_09"": 60.0, ""auv_08"": 60.0}",partial,60.0
85424607cd80fc940be0d3f9bf743dcc9e509f91,ecbc397e1e629d21,paper_risk_bounded_v1_2026-09-28,utility_v2_frozen_2026-09-28,safe_useful_retention_v1_2026-09-28,paper_ssp_200m_strong_v1,5,150,150.0,B5_conservative,tr_656c2a3d7e5e_gpu,-30.046,0.0,0.0,0,0.0,0.0,0,"{""conflicting_task_ownership"": 0, ""duplicate_execution"": 0, ""contradictory_reassignment"": 0, ""incompatible_mission_state"": 0, ""inconsistent_anomaly_state"": 0}",103936,20640,124576,0.834318006678654,0.3333333333333333,0.6666666666666666,"{""auv_07"": 20.0, ""auv_02"": 20.0, ""auv_09"": 60.0, ""auv_08"": 60.0}",partial,60.0
85424607cd80fc940be0d3f9bf743dcc9e509f91,ecbc397e1e629d21,paper_risk_bounded_v1_2026-09-28,utility_v2_frozen_2026-09-28,safe_useful_retention_v1_2026-09-28,paper_ssp_200m_strong_v1,5,150,150.0,B5_nominal,tr_656c2a3d7e5e_gpu,41.923,0.9210526315789473,0.9210526315789473,70,1.0,1.0,2,"{""conflicting_task_ownership"": 0, ""duplicate_execution"": 0, ""contradictory_reassignment"": 1, ""incompatible_mission_state"": 1, ""inconsistent_anomaly_state"": 0}",103936,15200,119136,0.8724147193123825,0.3333333333333333,0.6666666666666666,"{""auv_07"": 20.0, ""auv_02"": 20.0, ""auv_09"": 60.0, ""auv_08"": 60.0}",partial,60.0
85424607cd80fc940be0d3f9bf743dcc9e509f91,ecbc397e1e629d21,paper_risk_bounded_v1_2026-09-28,utility_v2_frozen_2026-09-28,safe_useful_retention_v1_2026-09-28,paper_ssp_200m_strong_v1,5,150,150.0,B5_permissive,tr_656c2a3d7e5e_gpu,41.923,0.9210526315789473,0.9210526315789473,70,1.0,1.0,2,"{""conflicting_task_ownership"": 0, ""duplicate_execution"": 0, ""contradictory_reassignment"": 1, ""incompatible_mission_state"": 1, ""inconsistent_anomaly_state"": 0}",103936,15200,119136,0.8724147193123825,0.3333333333333333,0.6666666666666666,"{""auv_02"": 20.0, ""auv_07"": 20.0, ""auv_09"": 60.0, ""auv_08"": 60.0}",partial,60.0
85424607cd80fc940be0d3f9bf743dcc9e509f91,a2d8d561605c8a41,paper_risk_bounded_v1_2026-09-28,utility_v2_frozen_2026-09-28,safe_useful_retention_v1_2026-09-28,paper_ssp_200m_strong_v1,5,300,300.0,B1,tr_656c2a3d7e5e_gpu,47.9183,0.8170731707317073,0.9852941176470589,67,1.0,1.0,1,"{""conflicting_task_ownership"": 0, ""duplicate_execution"": 0, ""contradictory_reassignment"": 0, ""incompatible_mission_state"": 1, ""inconsistent_anomaly_state"": 0}",97152,18560,115712,0.8396017699115044,0.25,0.75,"{""auv_04"": 40.0, ""auv_02"": 40.0, ""auv_09"": 60.0}",partial,60.0
85424607cd80fc940be0d3f9bf743dcc9e509f91,a2d8d561605c8a41,paper_risk_bounded_v1_2026-09-28,utility_v2_frozen_2026-09-28,safe_useful_retention_v1_2026-09-28,paper_ssp_200m_strong_v1,5,300,300.0,B2,tr_656c2a3d7e5e_gpu,-14.0806,0.925,0.925,74,1.0,1.0,6,"{""conflicting_task_ownership"": 0, ""duplicate_execution"": 0, ""contradictory_reassignment"": 1, ""incompatible_mission_state"": 1, ""inconsistent_anomaly_state"": 4}",97152,18560,115712,0.8396017699115044,0.25,0.75,"{""auv_04"": 40.0, ""auv_02"": 40.0, ""auv_09"": 60.0}",partial,60.0
85424607cd80fc940be0d3f9bf743dcc9e509f91,a2d8d561605c8a41,paper_risk_bounded_v1_2026-09-28,utility_v2_frozen_2026-09-28,safe_useful_retention_v1_2026-09-28,paper_ssp_200m_strong_v1,5,300,300.0,B3,tr_656c2a3d7e5e_gpu,-30.0458,0.0,0.0,0,0.0,0.0,0,"{""conflicting_task_ownership"": 0, ""duplicate_execution"": 0, ""contradictory_reassignment"": 0, ""incompatible_mission_state"": 0, ""inconsistent_anomaly_state"": 0}",97152,24000,121152,0.8019017432646592,0.25,0.75,"{""auv_04"": 40.0, ""auv_02"": 40.0, ""auv_09"": 60.0}",partial,60.0
85424607cd80fc940be0d3f9bf743dcc9e509f91,a2d8d561605c8a41,paper_risk_bounded_v1_2026-09-28,utility_v2_frozen_2026-09-28,safe_useful_retention_v1_2026-09-28,paper_ssp_200m_strong_v1,5,300,300.0,B4,tr_656c2a3d7e5e_gpu,0.95375,0.0,0.0,0,0.8,0.014184397163120567,1,"{""conflicting_task_ownership"": 0, ""duplicate_execution"": 0, ""contradictory_reassignment"": 1, ""incompatible_mission_state"": 0, ""inconsistent_anomaly_state"": 0}",97152,24000,121152,0.8019017432646592,0.25,0.75,"{""auv_04"": 40.0, ""auv_02"": 40.0, ""auv_09"": 60.0}",partial,60.0
85424607cd80fc940be0d3f9bf743dcc9e509f91,a2d8d561605c8a41,paper_risk_bounded_v1_2026-09-28,utility_v2_frozen_2026-09-28,safe_useful_retention_v1_2026-09-28,paper_ssp_200m_strong_v1,5,300,300.0,B5_conservative,tr_656c2a3d7e5e_gpu,-30.0458,0.0,0.0,0,0.0,0.0,0,"{""conflicting_task_ownership"": 0, ""duplicate_execution"": 0, ""contradictory_reassignment"": 0, ""incompatible_mission_state"": 0, ""inconsistent_anomaly_state"": 0}",97152,24000,121152,0.8019017432646592,0.25,0.75,"{""auv_02"": 40.0, ""auv_04"": 40.0, ""auv_09"": 60.0}",partial,60.0
85424607cd80fc940be0d3f9bf743dcc9e509f91,a2d8d561605c8a41,paper_risk_bounded_v1_2026-09-28,utility_v2_frozen_2026-09-28,safe_useful_retention_v1_2026-09-28,paper_ssp_200m_strong_v1,5,300,300.0,B5_nominal,tr_656c2a3d7e5e_gpu,-14.0806,0.925,0.925,74,1.0,1.0,6,"{""conflicting_task_ownership"": 0, ""duplicate_execution"": 0, ""contradictory_reassignment"": 1, ""incompatible_mission_state"": 1, ""inconsistent_anomaly_state"": 4}",97152,18560,115712,0.8396017699115044,0.25,0.75,"{""auv_02"": 40.0, ""auv_04"": 40.0, ""auv_09"": 60.0}",partial,60.0
85424607cd80fc940be0d3f9bf743dcc9e509f91,a2d8d561605c8a41,paper_risk_bounded_v1_2026-09-28,utility_v2_frozen_2026-09-28,safe_useful_retention_v1_2026-09-28,paper_ssp_200m_strong_v1,5,300,300.0,B5_permissive,tr_656c2a3d7e5e_gpu,-14.0806,0.925,0.925,74,1.0,1.0,6,"{""conflicting_task_ownership"": 0, ""duplicate_execution"": 0, ""contradictory_reassignment"": 1, ""incompatible_mission_state"": 1, ""inconsistent_anomaly_state"": 4}",97152,18560,115712,0.8396017699115044,0.25,0.75,"{""auv_02"": 40.0, ""auv_04"": 40.0, ""auv_09"": 60.0}",partial,60.0
85424607cd80fc940be0d3f9bf743dcc9e509f91,c14499ebbaec6b86,paper_risk_bounded_v1_2026-09-28,utility_v2_frozen_2026-09-28,safe_useful_retention_v1_2026-09-28,paper_ssp_200m_strong_v1,5,500,500.0,B1,tr_656c2a3d7e5e_gpu,47.9189,0.75,0.9850746268656716,66,1.0,1.0,1,"{""conflicting_task_ownership"": 0, ""duplicate_execution"": 0, ""contradictory_reassignment"": 0, ""incompatible_mission_state"": 1, ""inconsistent_anomaly_state"": 0}",84480,23360,107840,0.7833827893175074,0.08333333333333333,0.9166666666666666,"{""auv_06"": 60.0}",partial,60.0
85424607cd80fc940be0d3f9bf743dcc9e509f91,c14499ebbaec6b86,paper_risk_bounded_v1_2026-09-28,utility_v2_frozen_2026-09-28,safe_useful_retention_v1_2026-09-28,paper_ssp_200m_strong_v1,5,500,500.0,B2,tr_656c2a3d7e5e_gpu,-77.08455,0.9294117647058824,0.9294117647058824,79,1.0,1.0,9,"{""conflicting_task_ownership"": 0, ""duplicate_execution"": 0, ""contradictory_reassignment"": 1, ""incompatible_mission_state"": 4, ""inconsistent_anomaly_state"": 4}",84480,23360,107840,0.7833827893175074,0.08333333333333333,0.9166666666666666,"{""auv_06"": 60.0}",partial,60.0
85424607cd80fc940be0d3f9bf743dcc9e509f91,c14499ebbaec6b86,paper_risk_bounded_v1_2026-09-28,utility_v2_frozen_2026-09-28,safe_useful_retention_v1_2026-09-28,paper_ssp_200m_strong_v1,5,500,500.0,B3,tr_656c2a3d7e5e_gpu,-30.0456,0.0,0.0,0,0.0,0.0,0,"{""conflicting_task_ownership"": 0, ""duplicate_execution"": 0, ""contradictory_reassignment"": 0, ""incompatible_mission_state"": 0, ""inconsistent_anomaly_state"": 0}",84480,28800,113280,0.7457627118644068,0.08333333333333333,0.9166666666666666,"{""auv_06"": 60.0}",partial,60.0
85424607cd80fc940be0d3f9bf743dcc9e509f91,c14499ebbaec6b86,paper_risk_bounded_v1_2026-09-28,utility_v2_frozen_2026-09-28,safe_useful_retention_v1_2026-09-28,paper_ssp_200m_strong_v1,5,500,500.0,B4,tr_656c2a3d7e5e_gpu,0.95395,0.0,0.0,0,0.8,0.014336917562724014,1,"{""conflicting_task_ownership"": 0, ""duplicate_execution"": 0, ""contradictory_reassignment"": 1, ""incompatible_mission_state"": 0, ""inconsistent_anomaly_state"": 0}",84480,28800,113280,0.7457627118644068,0.08333333333333333,0.9166666666666666,"{""auv_06"": 60.0}",partial,60.0
85424607cd80fc940be0d3f9bf743dcc9e509f91,c14499ebbaec6b86,paper_risk_bounded_v1_2026-09-28,utility_v2_frozen_2026-09-28,safe_useful_retention_v1_2026-09-28,paper_ssp_200m_strong_v1,5,500,500.0,B5_conservative,tr_656c2a3d7e5e_gpu,-30.0456,0.0,0.0,0,0.0,0.0,0,"{""conflicting_task_ownership"": 0, ""duplicate_execution"": 0, ""contradictory_reassignment"": 0, ""incompatible_mission_state"": 0, ""inconsistent_anomaly_state"": 0}",84480,28800,113280,0.7457627118644068,0.08333333333333333,0.9166666666666666,"{""auv_06"": 60.0}",partial,60.0
85424607cd80fc940be0d3f9bf743dcc9e509f91,c14499ebbaec6b86,paper_risk_bounded_v1_2026-09-28,utility_v2_frozen_2026-09-28,safe_useful_retention_v1_2026-09-28,paper_ssp_200m_strong_v1,5,500,500.0,B5_nominal,tr_656c2a3d7e5e_gpu,-77.08455,0.9294117647058824,0.9294117647058824,79,1.0,1.0,9,"{""conflicting_task_ownership"": 0, ""duplicate_execution"": 0, ""contradictory_reassignment"": 1, ""incompatible_mission_state"": 4, ""inconsistent_anomaly_state"": 4}",84480,23360,107840,0.7833827893175074,0.08333333333333333,0.9166666666666666,"{""auv_06"": 60.0}",partial,60.0
85424607cd80fc940be0d3f9bf743dcc9e509f91,c14499ebbaec6b86,paper_risk_bounded_v1_2026-09-28,utility_v2_frozen_2026-09-28,safe_useful_retention_v1_2026-09-28,paper_ssp_200m_strong_v1,5,500,500.0,B5_permissive,tr_656c2a3d7e5e_gpu,-77.08455,0.9294117647058824,0.9294117647058824,79,1.0,1.0,9,"{""conflicting_task_ownership"": 0, ""duplicate_execution"": 0, ""contradictory_reassignment"": 1, ""incompatible_mission_state"": 4, ""inconsistent_anomaly_state"": 4}",84480,23360,107840,0.7833827893175074,0.08333333333333333,0.9166666666666666,"{""auv_06"": 60.0}",partial,60.0
85424607cd80fc940be0d3f9bf743dcc9e509f91,a27d94d2f47bd116,paper_risk_bounded_v1_2026-09-28,utility_v2_frozen_2026-09-28,safe_useful_retention_v1_2026-09-28,paper_ssp_200m_strong_v1,5,750,750.0,B1,tr_656c2a3d7e5e_gpu,47.9192,0.7252747252747253,0.9850746268656716,66,1.0,1.0,1,"{""conflicting_task_ownership"": 0, ""duplicate_execution"": 0, ""contradictory_reassignment"": 0, ""incompatible_mission_state"": 1, ""inconsistent_anomaly_state"": 0}",81408,29600,111008,0.7333525511674834,0.5833333333333334,0.4166666666666667,"{""auv_02"": 20.0, ""auv_11"": 20.0, ""auv_07"": 20.0, ""auv_00"": 40.0, ""auv_03"": 40.0, ""auv_09"": 60.0, ""auv_08"": 60.0}",partial,60.0
85424607cd80fc940be0d3f9bf743dcc9e509f91,a27d94d2f47bd116,paper_risk_bounded_v1_2026-09-28,utility_v2_frozen_2026-09-28,safe_useful_retention_v1_2026-09-28,paper_ssp_200m_strong_v1,5,750,750.0,B2,tr_656c2a3d7e5e_gpu,-77.08455,0.9294117647058824,0.9294117647058824,79,1.0,1.0,9,"{""conflicting_task_ownership"": 0, ""duplicate_execution"": 0, ""contradictory_reassignment"": 1, ""incompatible_mission_state"": 4, ""inconsistent_anomaly_state"": 4}",81408,29600,111008,0.7333525511674834,0.5833333333333334,0.4166666666666667,"{""auv_07"": 20.0, ""auv_02"": 20.0, ""auv_11"": 20.0, ""auv_03"": 40.0, ""auv_00"": 40.0, ""auv_08"": 60.0, ""auv_09"": 60.0}",partial,60.0
85424607cd80fc940be0d3f9bf743dcc9e509f91,a27d94d2f47bd116,paper_risk_bounded_v1_2026-09-28,utility_v2_frozen_2026-09-28,safe_useful_retention_v1_2026-09-28,paper_ssp_200m_strong_v1,5,750,750.0,B3,tr_656c2a3d7e5e_gpu,-30.0453,0.0,0.0,0,0.0,0.0,0,"{""conflicting_task_ownership"": 0, ""duplicate_execution"": 0, ""contradictory_reassignment"": 0, ""incompatible_mission_state"": 0, ""inconsistent_anomaly_state"": 0}",81408,35040,116448,0.6990931574608409,0.5833333333333334,0.4166666666666667,"{""auv_02"": 20.0, ""auv_07"": 20.0, ""auv_11"": 20.0, ""auv_00"": 40.0, ""auv_03"": 40.0, ""auv_09"": 60.0, ""auv_08"": 60.0}",partial,60.0
85424607cd80fc940be0d3f9bf743dcc9e509f91,a27d94d2f47bd116,paper_risk_bounded_v1_2026-09-28,utility_v2_frozen_2026-09-28,safe_useful_retention_v1_2026-09-28,paper_ssp_200m_strong_v1,5,750,750.0,B4,tr_656c2a3d7e5e_gpu,0.95425,0.0,0.0,0,0.8,0.014336917562724014,1,"{""conflicting_task_ownership"": 0, ""duplicate_execution"": 0, ""contradictory_reassignment"": 1, ""incompatible_mission_state"": 0, ""inconsistent_anomaly_state"": 0}",81408,35040,116448,0.6990931574608409,0.5833333333333334,0.4166666666666667,"{""auv_11"": 20.0, ""auv_02"": 20.0, ""auv_07"": 20.0, ""auv_00"": 40.0, ""auv_03"": 40.0, ""auv_09"": 60.0, ""auv_08"": 60.0}",partial,60.0
85424607cd80fc940be0d3f9bf743dcc9e509f91,a27d94d2f47bd116,paper_risk_bounded_v1_2026-09-28,utility_v2_frozen_2026-09-28,safe_useful_retention_v1_2026-09-28,paper_ssp_200m_strong_v1,5,750,750.0,B5_conservative,tr_656c2a3d7e5e_gpu,-30.0453,0.0,0.0,0,0.0,0.0,0,"{""conflicting_task_ownership"": 0, ""duplicate_execution"": 0, ""contradictory_reassignment"": 0, ""incompatible_mission_state"": 0, ""inconsistent_anomaly_state"": 0}",81408,35040,116448,0.6990931574608409,0.5833333333333334,0.4166666666666667,"{""auv_02"": 20.0, ""auv_07"": 20.0, ""auv_11"": 20.0, ""auv_00"": 40.0, ""auv_03"": 40.0, ""auv_09"": 60.0, ""auv_08"": 60.0}",partial,60.0
85424607cd80fc940be0d3f9bf743dcc9e509f91,a27d94d2f47bd116,paper_risk_bounded_v1_2026-09-28,utility_v2_frozen_2026-09-28,safe_useful_retention_v1_2026-09-28,paper_ssp_200m_strong_v1,5,750,750.0,B5_nominal,tr_656c2a3d7e5e_gpu,-77.08455,0.9294117647058824,0.9294117647058824,79,1.0,1.0,9,"{""conflicting_task_ownership"": 0, ""duplicate_execution"": 0, ""contradictory_reassignment"": 1, ""incompatible_mission_state"": 4, ""inconsistent_anomaly_state"": 4}",81408,29600,111008,0.7333525511674834,0.5833333333333334,0.4166666666666667,"{""auv_02"": 20.0, ""auv_11"": 20.0, ""auv_07"": 20.0, ""auv_00"": 40.0, ""auv_03"": 40.0, ""auv_09"": 60.0, ""auv_08"": 60.0}",partial,60.0
85424607cd80fc940be0d3f9bf743dcc9e509f91,a27d94d2f47bd116,paper_risk_bounded_v1_2026-09-28,utility_v2_frozen_2026-09-28,safe_useful_retention_v1_2026-09-28,paper_ssp_200m_strong_v1,5,750,750.0,B5_permissive,tr_656c2a3d7e5e_gpu,-77.08455,0.9294117647058824,0.9294117647058824,79,1.0,1.0,9,"{""conflicting_task_ownership"": 0, ""duplicate_execution"": 0, ""contradictory_reassignment"": 1, ""incompatible_mission_state"": 4, ""inconsistent_anomaly_state"": 4}",81408,29600,111008,0.7333525511674834,0.5833333333333334,0.4166666666666667,"{""auv_07"": 20.0, ""auv_02"": 20.0, ""auv_11"": 20.0, ""auv_00"": 40.0, ""auv_03"": 40.0, ""auv_09"": 60.0, ""auv_08"": 60.0}",partial,60.0
85424607cd80fc940be0d3f9bf743dcc9e509f91,2bff357dab2709ce,paper_risk_bounded_v1_2026-09-28,utility_v2_frozen_2026-09-28,safe_useful_retention_v1_2026-09-28,paper_ssp_200m_strong_v1,5,1000,1000.0,B1,tr_656c2a3d7e5e_gpu,47.9229,0.6666666666666666,0.9850746268656716,66,1.0,1.0,1,"{""conflicting_task_ownership"": 0, ""duplicate_execution"": 0, ""contradictory_reassignment"": 0, ""incompatible_mission_state"": 1, ""inconsistent_anomaly_state"": 0}",66688,35360,102048,0.6534963938538727,0.3333333333333333,0.6666666666666666,"{""auv_06"": 20.0, ""auv_02"": 40.0, ""auv_11"": 40.0, ""auv_09"": 60.0}",partial,60.0
85424607cd80fc940be0d3f9bf743dcc9e509f91,2bff357dab2709ce,paper_risk_bounded_v1_2026-09-28,utility_v2_frozen_2026-09-28,safe_useful_retention_v1_2026-09-28,paper_ssp_200m_strong_v1,5,1000,1000.0,B2,tr_656c2a3d7e5e_gpu,-117.08815,0.9325842696629213,0.9325842696629213,83,1.0,1.0,9,"{""conflicting_task_ownership"": 0, ""duplicate_execution"": 0, ""contradictory_reassignment"": 1, ""incompatible_mission_state"": 4, ""inconsistent_anomaly_state"": 4}",66688,35360,102048,0.6534963938538727,0.3333333333333333,0.6666666666666666,"{""auv_06"": 20.0, ""auv_02"": 40.0, ""auv_11"": 40.0, ""auv_09"": 60.0}",partial,60.0
85424607cd80fc940be0d3f9bf743dcc9e509f91,2bff357dab2709ce,paper_risk_bounded_v1_2026-09-28,utility_v2_frozen_2026-09-28,safe_useful_retention_v1_2026-09-28,paper_ssp_200m_strong_v1,5,1000,1000.0,B3,tr_656c2a3d7e5e_gpu,-30.0449,0.0,0.0,0,0.0,0.0,0,"{""conflicting_task_ownership"": 0, ""duplicate_execution"": 0, ""contradictory_reassignment"": 0, ""incompatible_mission_state"": 0, ""inconsistent_anomaly_state"": 0}",66688,40800,107488,0.6204227448645431,0.3333333333333333,0.6666666666666666,"{""auv_06"": 20.0, ""auv_02"": 40.0, ""auv_11"": 40.0, ""auv_09"": 60.0}",partial,60.0
85424607cd80fc940be0d3f9bf743dcc9e509f91,2bff357dab2709ce,paper_risk_bounded_v1_2026-09-28,utility_v2_frozen_2026-09-28,safe_useful_retention_v1_2026-09-28,paper_ssp_200m_strong_v1,5,1000,1000.0,B4,tr_656c2a3d7e5e_gpu,0.9551499999999999,0.0,0.0,0,0.8,0.014492753623188406,1,"{""conflicting_task_ownership"": 0, ""duplicate_execution"": 0, ""contradictory_reassignment"": 1, ""incompatible_mission_state"": 0, ""inconsistent_anomaly_state"": 0}",66688,40800,107488,0.6204227448645431,0.3333333333333333,0.6666666666666666,"{""auv_06"": 20.0, ""auv_02"": 40.0, ""auv_11"": 40.0, ""auv_09"": 60.0}",partial,60.0
85424607cd80fc940be0d3f9bf743dcc9e509f91,2bff357dab2709ce,paper_risk_bounded_v1_2026-09-28,utility_v2_frozen_2026-09-28,safe_useful_retention_v1_2026-09-28,paper_ssp_200m_strong_v1,5,1000,1000.0,B5_conservative,tr_656c2a3d7e5e_gpu,-30.0449,0.0,0.0,0,0.0,0.0,0,"{""conflicting_task_ownership"": 0, ""duplicate_execution"": 0, ""contradictory_reassignment"": 0, ""incompatible_mission_state"": 0, ""inconsistent_anomaly_state"": 0}",66688,40800,107488,0.6204227448645431,0.3333333333333333,0.6666666666666666,"{""auv_06"": 20.0, ""auv_11"": 40.0, ""auv_02"": 40.0, ""auv_09"": 60.0}",partial,60.0
85424607cd80fc940be0d3f9bf743dcc9e509f91,2bff357dab2709ce,paper_risk_bounded_v1_2026-09-28,utility_v2_frozen_2026-09-28,safe_useful_retention_v1_2026-09-28,paper_ssp_200m_strong_v1,5,1000,1000.0,B5_nominal,tr_656c2a3d7e5e_gpu,-117.08815,0.9325842696629213,0.9325842696629213,83,1.0,1.0,9,"{""conflicting_task_ownership"": 0, ""duplicate_execution"": 0, ""contradictory_reassignment"": 1, ""incompatible_mission_state"": 4, ""inconsistent_anomaly_state"": 4}",66688,35360,102048,0.6534963938538727,0.3333333333333333,0.6666666666666666,"{""auv_06"": 20.0, ""auv_11"": 40.0, ""auv_02"": 40.0, ""auv_09"": 60.0}",partial,60.0
85424607cd80fc940be0d3f9bf743dcc9e509f91,2bff357dab2709ce,paper_risk_bounded_v1_2026-09-28,utility_v2_frozen_2026-09-28,safe_useful_retention_v1_2026-09-28,paper_ssp_200m_strong_v1,5,1000,1000.0,B5_permissive,tr_656c2a3d7e5e_gpu,-117.08815,0.9325842696629213,0.9325842696629213,83,1.0,1.0,9,"{""conflicting_task_ownership"": 0, ""duplicate_execution"": 0, ""contradictory_reassignment"": 1, ""incompatible_mission_state"": 4, ""inconsistent_anomaly_state"": 4}",66688,35360,102048,0.6534963938538727,0.3333333333333333,0.6666666666666666,"{""auv_06"": 20.0, ""auv_11"": 40.0, ""auv_02"": 40.0, ""auv_09"": 60.0}",partial,60.0
85424607cd80fc940be0d3f9bf743dcc9e509f91,4936b83b7924e9d1,paper_risk_bounded_v1_2026-09-28,utility_v2_frozen_2026-09-28,safe_useful_retention_v1_2026-09-28,paper_ssp_200m_strong_v1,6,0,0.0,B1,tr_59abcdc50842_gpu,47.9171,0.9857142857142858,0.9857142857142858,69,1.0,1.0,1,"{""conflicting_task_ownership"": 0, ""duplicate_execution"": 0, ""contradictory_reassignment"": 0, ""incompatible_mission_state"": 1, ""inconsistent_anomaly_state"": 0}",95232,5680,100912,0.9437133343903599,,,{},idle,0.0
85424607cd80fc940be0d3f9bf743dcc9e509f91,4936b83b7924e9d1,paper_risk_bounded_v1_2026-09-28,utility_v2_frozen_2026-09-28,safe_useful_retention_v1_2026-09-28,paper_ssp_200m_strong_v1,6,0,0.0,B2,tr_59abcdc50842_gpu,47.9171,0.9857142857142858,0.9857142857142858,69,1.0,1.0,1,"{""conflicting_task_ownership"": 0, ""duplicate_execution"": 0, ""contradictory_reassignment"": 0, ""incompatible_mission_state"": 1, ""inconsistent_anomaly_state"": 0}",95232,5680,100912,0.9437133343903599,,,{},idle,0.0
85424607cd80fc940be0d3f9bf743dcc9e509f91,4936b83b7924e9d1,paper_risk_bounded_v1_2026-09-28,utility_v2_frozen_2026-09-28,safe_useful_retention_v1_2026-09-28,paper_ssp_200m_strong_v1,6,0,0.0,B3,tr_59abcdc50842_gpu,-30.0462,0.0,0.0,0,0.0,0.0,0,"{""conflicting_task_ownership"": 0, ""duplicate_execution"": 0, ""contradictory_reassignment"": 0, ""incompatible_mission_state"": 0, ""inconsistent_anomaly_state"": 0}",95232,8400,103632,0.9189439555349699,,,{},idle,0.0
85424607cd80fc940be0d3f9bf743dcc9e509f91,4936b83b7924e9d1,paper_risk_bounded_v1_2026-09-28,utility_v2_frozen_2026-09-28,safe_useful_retention_v1_2026-09-28,paper_ssp_200m_strong_v1,6,0,0.0,B4,tr_59abcdc50842_gpu,-18.0462,0.0,0.0,0,1.0,0.0035714285714285713,0,"{""conflicting_task_ownership"": 0, ""duplicate_execution"": 0, ""contradictory_reassignment"": 0, ""incompatible_mission_state"": 0, ""inconsistent_anomaly_state"": 0}",95232,8400,103632,0.9189439555349699,,,{},idle,0.0
85424607cd80fc940be0d3f9bf743dcc9e509f91,4936b83b7924e9d1,paper_risk_bounded_v1_2026-09-28,utility_v2_frozen_2026-09-28,safe_useful_retention_v1_2026-09-28,paper_ssp_200m_strong_v1,6,0,0.0,B5_conservative,tr_59abcdc50842_gpu,-30.0462,0.0,0.0,0,0.0,0.0,0,"{""conflicting_task_ownership"": 0, ""duplicate_execution"": 0, ""contradictory_reassignment"": 0, ""incompatible_mission_state"": 0, ""inconsistent_anomaly_state"": 0}",95232,8400,103632,0.9189439555349699,,,{},idle,0.0
85424607cd80fc940be0d3f9bf743dcc9e509f91,4936b83b7924e9d1,paper_risk_bounded_v1_2026-09-28,utility_v2_frozen_2026-09-28,safe_useful_retention_v1_2026-09-28,paper_ssp_200m_strong_v1,6,0,0.0,B5_nominal,tr_59abcdc50842_gpu,47.9171,0.9857142857142858,0.9857142857142858,69,1.0,1.0,1,"{""conflicting_task_ownership"": 0, ""duplicate_execution"": 0, ""contradictory_reassignment"": 0, ""incompatible_mission_state"": 1, ""inconsistent_anomaly_state"": 0}",95232,5680,100912,0.9437133343903599,,,{},idle,0.0
85424607cd80fc940be0d3f9bf743dcc9e509f91,4936b83b7924e9d1,paper_risk_bounded_v1_2026-09-28,utility_v2_frozen_2026-09-28,safe_useful_retention_v1_2026-09-28,paper_ssp_200m_strong_v1,6,0,0.0,B5_permissive,tr_59abcdc50842_gpu,47.9171,0.9857142857142858,0.9857142857142858,69,1.0,1.0,1,"{""conflicting_task_ownership"": 0, ""duplicate_execution"": 0, ""contradictory_reassignment"": 0, ""incompatible_mission_state"": 1, ""inconsistent_anomaly_state"": 0}",95232,5680,100912,0.9437133343903599,,,{},idle,0.0
85424607cd80fc940be0d3f9bf743dcc9e509f91,251a1ef0d19e4882,paper_risk_bounded_v1_2026-09-28,utility_v2_frozen_2026-09-28,safe_useful_retention_v1_2026-09-28,paper_ssp_200m_strong_v1,6,150,150.0,B1,tr_59abcdc50842_gpu,47.9177,0.868421052631579,0.9850746268656716,66,1.0,1.0,1,"{""conflicting_task_ownership"": 0, ""duplicate_execution"": 0, ""contradictory_reassignment"": 0, ""incompatible_mission_state"": 1, ""inconsistent_anomaly_state"": 0}",102144,9520,111664,0.9147442326980942,0.25,0.75,"{""auv_02"": 20.0, ""auv_07"": 20.0, ""auv_09"": 60.0}",partial,60.0
85424607cd80fc940be0d3f9bf743dcc9e509f91,251a1ef0d19e4882,paper_risk_bounded_v1_2026-09-28,utility_v2_frozen_2026-09-28,safe_useful_retention_v1_2026-09-28,paper_ssp_200m_strong_v1,6,150,150.0,B2,tr_59abcdc50842_gpu,41.923,0.9210526315789473,0.9210526315789473,70,1.0,1.0,2,"{""conflicting_task_ownership"": 0, ""duplicate_execution"": 0, ""contradictory_reassignment"": 1, ""incompatible_mission_state"": 1, ""inconsistent_anomaly_state"": 0}",102144,9520,111664,0.9147442326980942,0.25,0.75,"{""auv_07"": 20.0, ""auv_02"": 20.0, ""auv_09"": 60.0}",partial,60.0
85424607cd80fc940be0d3f9bf743dcc9e509f91,251a1ef0d19e4882,paper_risk_bounded_v1_2026-09-28,utility_v2_frozen_2026-09-28,safe_useful_retention_v1_2026-09-28,paper_ssp_200m_strong_v1,6,150,150.0,B3,tr_59abcdc50842_gpu,-30.046,0.0,0.0,0,0.0,0.0,0,"{""conflicting_task_ownership"": 0, ""duplicate_execution"": 0, ""contradictory_reassignment"": 0, ""incompatible_mission_state"": 0, ""inconsistent_anomaly_state"": 0}",102144,12240,114384,0.892992026856903,0.25,0.75,"{""auv_07"": 20.0, ""auv_02"": 20.0, ""auv_09"": 60.0}",partial,60.0
85424607cd80fc940be0d3f9bf743dcc9e509f91,251a1ef0d19e4882,paper_risk_bounded_v1_2026-09-28,utility_v2_frozen_2026-09-28,safe_useful_retention_v1_2026-09-28,paper_ssp_200m_strong_v1,6,150,150.0,B4,tr_59abcdc50842_gpu,0.95355,0.0,0.0,0,0.8,0.014234875444839857,1,"{""conflicting_task_ownership"": 0, ""duplicate_execution"": 0, ""contradictory_reassignment"": 1, ""incompatible_mission_state"": 0, ""inconsistent_anomaly_state"": 0}",102144,12240,114384,0.892992026856903,0.25,0.75,"{""auv_07"": 20.0, ""auv_02"": 20.0, ""auv_09"": 60.0}",partial,60.0
85424607cd80fc940be0d3f9bf743dcc9e509f91,251a1ef0d19e4882,paper_risk_bounded_v1_2026-09-28,utility_v2_frozen_2026-09-28,safe_useful_retention_v1_2026-09-28,paper_ssp_200m_strong_v1,6,150,150.0,B5_conservative,tr_59abcdc50842_gpu,-30.046,0.0,0.0,0,0.0,0.0,0,"{""conflicting_task_ownership"": 0, ""duplicate_execution"": 0, ""contradictory_reassignment"": 0, ""incompatible_mission_state"": 0, ""inconsistent_anomaly_state"": 0}",102144,12240,114384,0.892992026856903,0.25,0.75,"{""auv_07"": 20.0, ""auv_02"": 20.0, ""auv_09"": 60.0}",partial,60.0
85424607cd80fc940be0d3f9bf743dcc9e509f91,251a1ef0d19e4882,paper_risk_bounded_v1_2026-09-28,utility_v2_frozen_2026-09-28,safe_useful_retention_v1_2026-09-28,paper_ssp_200m_strong_v1,6,150,150.0,B5_nominal,tr_59abcdc50842_gpu,41.923,0.9210526315789473,0.9210526315789473,70,1.0,1.0,2,"{""conflicting_task_ownership"": 0, ""duplicate_execution"": 0, ""contradictory_reassignment"": 1, ""incompatible_mission_state"": 1, ""inconsistent_anomaly_state"": 0}",102144,9520,111664,0.9147442326980942,0.25,0.75,"{""auv_07"": 20.0, ""auv_02"": 20.0, ""auv_09"": 60.0}",partial,60.0
85424607cd80fc940be0d3f9bf743dcc9e509f91,251a1ef0d19e4882,paper_risk_bounded_v1_2026-09-28,utility_v2_frozen_2026-09-28,safe_useful_retention_v1_2026-09-28,paper_ssp_200m_strong_v1,6,150,150.0,B5_permissive,tr_59abcdc50842_gpu,41.923,0.9210526315789473,0.9210526315789473,70,1.0,1.0,2,"{""conflicting_task_ownership"": 0, ""duplicate_execution"": 0, ""contradictory_reassignment"": 1, ""incompatible_mission_state"": 1, ""inconsistent_anomaly_state"": 0}",102144,9520,111664,0.9147442326980942,0.25,0.75,"{""auv_02"": 20.0, ""auv_07"": 20.0, ""auv_09"": 60.0}",partial,60.0
85424607cd80fc940be0d3f9bf743dcc9e509f91,de0d97cbcf46e9dd,paper_risk_bounded_v1_2026-09-28,utility_v2_frozen_2026-09-28,safe_useful_retention_v1_2026-09-28,paper_ssp_200m_strong_v1,6,300,300.0,B1,tr_59abcdc50842_gpu,47.9183,0.8170731707317073,0.9852941176470589,67,1.0,1.0,1,"{""conflicting_task_ownership"": 0, ""duplicate_execution"": 0, ""contradictory_reassignment"": 0, ""incompatible_mission_state"": 1, ""inconsistent_anomaly_state"": 0}",95744,12880,108624,0.8814258359110325,0.3333333333333333,0.6666666666666666,"{""auv_02"": 40.0, ""auv_03"": 40.0, ""auv_04"": 40.0, ""auv_09"": 60.0}",partial,60.0
85424607cd80fc940be0d3f9bf743dcc9e509f91,de0d97cbcf46e9dd,paper_risk_bounded_v1_2026-09-28,utility_v2_frozen_2026-09-28,safe_useful_retention_v1_2026-09-28,paper_ssp_200m_strong_v1,6,300,300.0,B2,tr_59abcdc50842_gpu,-14.0806,0.925,0.925,74,1.0,1.0,6,"{""conflicting_task_ownership"": 0, ""duplicate_execution"": 0, ""contradictory_reassignment"": 1, ""incompatible_mission_state"": 1, ""inconsistent_anomaly_state"": 4}",95744,12880,108624,0.8814258359110325,0.3333333333333333,0.6666666666666666,"{""auv_02"": 40.0, ""auv_03"": 40.0, ""auv_04"": 40.0, ""auv_09"": 60.0}",partial,60.0
85424607cd80fc940be0d3f9bf743dcc9e509f91,de0d97cbcf46e9dd,paper_risk_bounded_v1_2026-09-28,utility_v2_frozen_2026-09-28,safe_useful_retention_v1_2026-09-28,paper_ssp_200m_strong_v1,6,300,300.0,B3,tr_59abcdc50842_gpu,-30.0458,0.0,0.0,0,0.0,0.0,0,"{""conflicting_task_ownership"": 0, ""duplicate_execution"": 0, ""contradictory_reassignment"": 0, ""incompatible_mission_state"": 0, ""inconsistent_anomaly_state"": 0}",95744,15600,111344,0.859893662882598,0.3333333333333333,0.6666666666666666,"{""auv_04"": 40.0, ""auv_02"": 40.0, ""auv_03"": 40.0, ""auv_09"": 60.0}",partial,60.0
85424607cd80fc940be0d3f9bf743dcc9e509f91,de0d97cbcf46e9dd,paper_risk_bounded_v1_2026-09-28,utility_v2_frozen_2026-09-28,safe_useful_retention_v1_2026-09-28,paper_ssp_200m_strong_v1,6,300,300.0,B4,tr_59abcdc50842_gpu,0.95375,0.0,0.0,0,0.8,0.014184397163120567,1,"{""conflicting_task_ownership"": 0, ""duplicate_execution"": 0, ""contradictory_reassignment"": 1, ""incompatible_mission_state"": 0, ""inconsistent_anomaly_state"": 0}",95744,15600,111344,0.859893662882598,0.3333333333333333,0.6666666666666666,"{""auv_03"": 40.0, ""auv_04"": 40.0, ""auv_02"": 40.0, ""auv_09"": 60.0}",partial,60.0
85424607cd80fc940be0d3f9bf743dcc9e509f91,de0d97cbcf46e9dd,paper_risk_bounded_v1_2026-09-28,utility_v2_frozen_2026-09-28,safe_useful_retention_v1_2026-09-28,paper_ssp_200m_strong_v1,6,300,300.0,B5_conservative,tr_59abcdc50842_gpu,-30.0458,0.0,0.0,0,0.0,0.0,0,"{""conflicting_task_ownership"": 0, ""duplicate_execution"": 0, ""contradictory_reassignment"": 0, ""incompatible_mission_state"": 0, ""inconsistent_anomaly_state"": 0}",95744,15600,111344,0.859893662882598,0.3333333333333333,0.6666666666666666,"{""auv_02"": 40.0, ""auv_04"": 40.0, ""auv_03"": 40.0, ""auv_09"": 60.0}",partial,60.0
85424607cd80fc940be0d3f9bf743dcc9e509f91,de0d97cbcf46e9dd,paper_risk_bounded_v1_2026-09-28,utility_v2_frozen_2026-09-28,safe_useful_retention_v1_2026-09-28,paper_ssp_200m_strong_v1,6,300,300.0,B5_nominal,tr_59abcdc50842_gpu,-14.0806,0.925,0.925,74,1.0,1.0,6,"{""conflicting_task_ownership"": 0, ""duplicate_execution"": 0, ""contradictory_reassignment"": 1, ""incompatible_mission_state"": 1, ""inconsistent_anomaly_state"": 4}",95744,12880,108624,0.8814258359110325,0.3333333333333333,0.6666666666666666,"{""auv_03"": 40.0, ""auv_02"": 40.0, ""auv_04"": 40.0, ""auv_09"": 60.0}",partial,60.0
85424607cd80fc940be0d3f9bf743dcc9e509f91,de0d97cbcf46e9dd,paper_risk_bounded_v1_2026-09-28,utility_v2_frozen_2026-09-28,safe_useful_retention_v1_2026-09-28,paper_ssp_200m_strong_v1,6,300,300.0,B5_permissive,tr_59abcdc50842_gpu,-14.0806,0.925,0.925,74,1.0,1.0,6,"{""conflicting_task_ownership"": 0, ""duplicate_execution"": 0, ""contradictory_reassignment"": 1, ""incompatible_mission_state"": 1, ""inconsistent_anomaly_state"": 4}",95744,12880,108624,0.8814258359110325,0.3333333333333333,0.6666666666666666,"{""auv_03"": 40.0, ""auv_04"": 40.0, ""auv_02"": 40.0, ""auv_09"": 60.0}",partial,60.0
85424607cd80fc940be0d3f9bf743dcc9e509f91,b466bf4eea57179e,paper_risk_bounded_v1_2026-09-28,utility_v2_frozen_2026-09-28,safe_useful_retention_v1_2026-09-28,paper_ssp_200m_strong_v1,6,500,500.0,B1,tr_59abcdc50842_gpu,47.9189,0.75,0.9850746268656716,66,1.0,1.0,1,"{""conflicting_task_ownership"": 0, ""duplicate_execution"": 0, ""contradictory_reassignment"": 0, ""incompatible_mission_state"": 1, ""inconsistent_anomaly_state"": 0}",83456,17680,101136,0.8251858883088119,0.16666666666666666,0.8333333333333334,"{""auv_06"": 60.0, ""auv_02"": 60.0}",partial,60.0
85424607cd80fc940be0d3f9bf743dcc9e509f91,b466bf4eea57179e,paper_risk_bounded_v1_2026-09-28,utility_v2_frozen_2026-09-28,safe_useful_retention_v1_2026-09-28,paper_ssp_200m_strong_v1,6,500,500.0,B2,tr_59abcdc50842_gpu,-77.08455,0.9294117647058824,0.9294117647058824,79,1.0,1.0,9,"{""conflicting_task_ownership"": 0, ""duplicate_execution"": 0, ""contradictory_reassignment"": 1, ""incompatible_mission_state"": 4, ""inconsistent_anomaly_state"": 4}",83456,17680,101136,0.8251858883088119,0.16666666666666666,0.8333333333333334,"{""auv_06"": 60.0, ""auv_02"": 60.0}",partial,60.0
85424607cd80fc940be0d3f9bf743dcc9e509f91,b466bf4eea57179e,paper_risk_bounded_v1_2026-09-28,utility_v2_frozen_2026-09-28,safe_useful_retention_v1_2026-09-28,paper_ssp_200m_strong_v1,6,500,500.0,B3,tr_59abcdc50842_gpu,-30.0456,0.0,0.0,0,0.0,0.0,0,"{""conflicting_task_ownership"": 0, ""duplicate_execution"": 0, ""contradictory_reassignment"": 0, ""incompatible_mission_state"": 0, ""inconsistent_anomaly_state"": 0}",83456,20400,103856,0.8035741796333384,0.16666666666666666,0.8333333333333334,"{""auv_06"": 60.0, ""auv_02"": 60.0}",partial,60.0
85424607cd80fc940be0d3f9bf743dcc9e509f91,b466bf4eea57179e,paper_risk_bounded_v1_2026-09-28,utility_v2_frozen_2026-09-28,safe_useful_retention_v1_2026-09-28,paper_ssp_200m_strong_v1,6,500,500.0,B4,tr_59abcdc50842_gpu,0.95395,0.0,0.0,0,0.8,0.014336917562724014,1,"{""conflicting_task_ownership"": 0, ""duplicate_execution"": 0, ""contradictory_reassignment"": 1, ""incompatible_mission_state"": 0, ""inconsistent_anomaly_state"": 0}",83456,20400,103856,0.8035741796333384,0.16666666666666666,0.8333333333333334,"{""auv_06"": 60.0, ""auv_02"": 60.0}",partial,60.0
85424607cd80fc940be0d3f9bf743dcc9e509f91,b466bf4eea57179e,paper_risk_bounded_v1_2026-09-28,utility_v2_frozen_2026-09-28,safe_useful_retention_v1_2026-09-28,paper_ssp_200m_strong_v1,6,500,500.0,B5_conservative,tr_59abcdc50842_gpu,-30.0456,0.0,0.0,0,0.0,0.0,0,"{""conflicting_task_ownership"": 0, ""duplicate_execution"": 0, ""contradictory_reassignment"": 0, ""incompatible_mission_state"": 0, ""inconsistent_anomaly_state"": 0}",83456,20400,103856,0.8035741796333384,0.16666666666666666,0.8333333333333334,"{""auv_02"": 60.0, ""auv_06"": 60.0}",partial,60.0
85424607cd80fc940be0d3f9bf743dcc9e509f91,b466bf4eea57179e,paper_risk_bounded_v1_2026-09-28,utility_v2_frozen_2026-09-28,safe_useful_retention_v1_2026-09-28,paper_ssp_200m_strong_v1,6,500,500.0,B5_nominal,tr_59abcdc50842_gpu,-77.08455,0.9294117647058824,0.9294117647058824,79,1.0,1.0,9,"{""conflicting_task_ownership"": 0, ""duplicate_execution"": 0, ""contradictory_reassignment"": 1, ""incompatible_mission_state"": 4, ""inconsistent_anomaly_state"": 4}",83456,17680,101136,0.8251858883088119,0.16666666666666666,0.8333333333333334,"{""auv_02"": 60.0, ""auv_06"": 60.0}",partial,60.0
85424607cd80fc940be0d3f9bf743dcc9e509f91,b466bf4eea57179e,paper_risk_bounded_v1_2026-09-28,utility_v2_frozen_2026-09-28,safe_useful_retention_v1_2026-09-28,paper_ssp_200m_strong_v1,6,500,500.0,B5_permissive,tr_59abcdc50842_gpu,-77.08455,0.9294117647058824,0.9294117647058824,79,1.0,1.0,9,"{""conflicting_task_ownership"": 0, ""duplicate_execution"": 0, ""contradictory_reassignment"": 1, ""incompatible_mission_state"": 4, ""inconsistent_anomaly_state"": 4}",83456,17680,101136,0.8251858883088119,0.16666666666666666,0.8333333333333334,"{""auv_02"": 60.0, ""auv_06"": 60.0}",partial,60.0
85424607cd80fc940be0d3f9bf743dcc9e509f91,cffe8a1b04e1b7e6,paper_risk_bounded_v1_2026-09-28,utility_v2_frozen_2026-09-28,safe_useful_retention_v1_2026-09-28,paper_ssp_200m_strong_v1,6,750,750.0,B1,tr_59abcdc50842_gpu,47.9192,0.7252747252747253,0.9850746268656716,66,1.0,1.0,1,"{""conflicting_task_ownership"": 0, ""duplicate_execution"": 0, ""contradictory_reassignment"": 0, ""incompatible_mission_state"": 1, ""inconsistent_anomaly_state"": 0}",79232,23920,103152,0.7681091980766248,0.6666666666666666,0.3333333333333333,"{""auv_08"": 20.0, ""auv_02"": 20.0, ""auv_11"": 20.0, ""auv_03"": 20.0, ""auv_07"": 20.0, ""auv_00"": 40.0, ""auv_01"": 40.0, ""auv_09"": 60.0}",partial,60.0
85424607cd80fc940be0d3f9bf743dcc9e509f91,cffe8a1b04e1b7e6,paper_risk_bounded_v1_2026-09-28,utility_v2_frozen_2026-09-28,safe_useful_retention_v1_2026-09-28,paper_ssp_200m_strong_v1,6,750,750.0,B2,tr_59abcdc50842_gpu,-77.08455,0.9294117647058824,0.9294117647058824,79,1.0,1.0,9,"{""conflicting_task_ownership"": 0, ""duplicate_execution"": 0, ""contradictory_reassignment"": 1, ""incompatible_mission_state"": 4, ""inconsistent_anomaly_state"": 4}",79232,23920,103152,0.7681091980766248,0.6666666666666666,0.3333333333333333,"{""auv_11"": 20.0, ""auv_02"": 20.0, ""auv_08"": 20.0, ""auv_07"": 20.0, ""auv_03"": 20.0, ""auv_01"": 40.0, ""auv_00"": 40.0, ""auv_09"": 60.0}",partial,60.0
85424607cd80fc940be0d3f9bf743dcc9e509f91,cffe8a1b04e1b7e6,paper_risk_bounded_v1_2026-09-28,utility_v2_frozen_2026-09-28,safe_useful_retention_v1_2026-09-28,paper_ssp_200m_strong_v1,6,750,750.0,B3,tr_59abcdc50842_gpu,-30.0453,0.0,0.0,0,0.0,0.0,0,"{""conflicting_task_ownership"": 0, ""duplicate_execution"": 0, ""contradictory_reassignment"": 0, ""incompatible_mission_state"": 0, ""inconsistent_anomaly_state"": 0}",79232,26640,105872,0.7483753967054556,0.6666666666666666,0.3333333333333333,"{""auv_02"": 20.0, ""auv_03"": 20.0, ""auv_11"": 20.0, ""auv_07"": 20.0, ""auv_08"": 20.0, ""auv_00"": 40.0, ""auv_01"": 40.0, ""auv_09"": 60.0}",partial,60.0
85424607cd80fc940be0d3f9bf743dcc9e509f91,cffe8a1b04e1b7e6,paper_risk_bounded_v1_2026-09-28,utility_v2_frozen_2026-09-28,safe_useful_retention_v1_2026-09-28,paper_ssp_200m_strong_v1,6,750,750.0,B4,tr_59abcdc50842_gpu,0.95425,0.0,0.0,0,0.8,0.014336917562724014,1,"{""conflicting_task_ownership"": 0, ""duplicate_execution"": 0, ""contradictory_reassignment"": 1, ""incompatible_mission_state"": 0, ""inconsistent_anomaly_state"": 0}",79232,26640,105872,0.7483753967054556,0.6666666666666666,0.3333333333333333,"{""auv_07"": 20.0, ""auv_03"": 20.0, ""auv_11"": 20.0, ""auv_08"": 20.0, ""auv_02"": 20.0, ""auv_00"": 40.0, ""auv_01"": 40.0, ""auv_09"": 60.0}",partial,60.0
85424607cd80fc940be0d3f9bf743dcc9e509f91,cffe8a1b04e1b7e6,paper_risk_bounded_v1_2026-09-28,utility_v2_frozen_2026-09-28,safe_useful_retention_v1_2026-09-28,paper_ssp_200m_strong_v1,6,750,750.0,B5_conservative,tr_59abcdc50842_gpu,-30.0453,0.0,0.0,0,0.0,0.0,0,"{""conflicting_task_ownership"": 0, ""duplicate_execution"": 0, ""contradictory_reassignment"": 0, ""incompatible_mission_state"": 0, ""inconsistent_anomaly_state"": 0}",79232,26640,105872,0.7483753967054556,0.6666666666666666,0.3333333333333333,"{""auv_08"": 20.0, ""auv_02"": 20.0, ""auv_07"": 20.0, ""auv_03"": 20.0, ""auv_11"": 20.0, ""auv_00"": 40.0, ""auv_01"": 40.0, ""auv_09"": 60.0}",partial,60.0
85424607cd80fc940be0d3f9bf743dcc9e509f91,cffe8a1b04e1b7e6,paper_risk_bounded_v1_2026-09-28,utility_v2_frozen_2026-09-28,safe_useful_retention_v1_2026-09-28,paper_ssp_200m_strong_v1,6,750,750.0,B5_nominal,tr_59abcdc50842_gpu,-77.08455,0.9294117647058824,0.9294117647058824,79,1.0,1.0,9,"{""conflicting_task_ownership"": 0, ""duplicate_execution"": 0, ""contradictory_reassignment"": 1, ""incompatible_mission_state"": 4, ""inconsistent_anomaly_state"": 4}",79232,23920,103152,0.7681091980766248,0.6666666666666666,0.3333333333333333,"{""auv_03"": 20.0, ""auv_07"": 20.0, ""auv_11"": 20.0, ""auv_08"": 20.0, ""auv_02"": 20.0, ""auv_01"": 40.0, ""auv_00"": 40.0, ""auv_09"": 60.0}",partial,60.0
85424607cd80fc940be0d3f9bf743dcc9e509f91,cffe8a1b04e1b7e6,paper_risk_bounded_v1_2026-09-28,utility_v2_frozen_2026-09-28,safe_useful_retention_v1_2026-09-28,paper_ssp_200m_strong_v1,6,750,750.0,B5_permissive,tr_59abcdc50842_gpu,-77.08455,0.9294117647058824,0.9294117647058824,79,1.0,1.0,9,"{""conflicting_task_ownership"": 0, ""duplicate_execution"": 0, ""contradictory_reassignment"": 1, ""incompatible_mission_state"": 4, ""inconsistent_anomaly_state"": 4}",79232,23920,103152,0.7681091980766248,0.6666666666666666,0.3333333333333333,"{""auv_07"": 20.0, ""auv_08"": 20.0, ""auv_02"": 20.0, ""auv_03"": 20.0, ""auv_11"": 20.0, ""auv_00"": 40.0, ""auv_01"": 40.0, ""auv_09"": 60.0}",partial,60.0
85424607cd80fc940be0d3f9bf743dcc9e509f91,21ebb4672e948f47,paper_risk_bounded_v1_2026-09-28,utility_v2_frozen_2026-09-28,safe_useful_retention_v1_2026-09-28,paper_ssp_200m_strong_v1,6,1000,1000.0,B1,tr_59abcdc50842_gpu,47.9229,0.6666666666666666,0.9850746268656716,66,1.0,1.0,1,"{""conflicting_task_ownership"": 0, ""duplicate_execution"": 0, ""contradictory_reassignment"": 0, ""incompatible_mission_state"": 1, ""inconsistent_anomaly_state"": 0}",66816,29680,96496,0.6924224838335268,0.5,0.5,"{""auv_06"": 20.0, ""auv_01"": 20.0, ""auv_03"": 20.0, ""auv_02"": 40.0, ""auv_10"": 40.0, ""auv_09"": 60.0}",partial,60.0
85424607cd80fc940be0d3f9bf743dcc9e509f91,21ebb4672e948f47,paper_risk_bounded_v1_2026-09-28,utility_v2_frozen_2026-09-28,safe_useful_retention_v1_2026-09-28,paper_ssp_200m_strong_v1,6,1000,1000.0,B2,tr_59abcdc50842_gpu,-117.08815,0.9325842696629213,0.9325842696629213,83,1.0,1.0,9,"{""conflicting_task_ownership"": 0, ""duplicate_execution"": 0, ""contradictory_reassignment"": 1, ""incompatible_mission_state"": 4, ""inconsistent_anomaly_state"": 4}",66816,29680,96496,0.6924224838335268,0.5,0.5,"{""auv_06"": 20.0, ""auv_03"": 20.0, ""auv_01"": 20.0, ""auv_10"": 40.0, ""auv_02"": 40.0, ""auv_09"": 60.0}",partial,60.0
85424607cd80fc940be0d3f9bf743dcc9e509f91,21ebb4672e948f47,paper_risk_bounded_v1_2026-09-28,utility_v2_frozen_2026-09-28,safe_useful_retention_v1_2026-09-28,paper_ssp_200m_strong_v1,6,1000,1000.0,B3,tr_59abcdc50842_gpu,-30.0449,0.0,0.0,0,0.0,0.0,0,"{""conflicting_task_ownership"": 0, ""duplicate_execution"": 0, ""contradictory_reassignment"": 0, ""incompatible_mission_state"": 0, ""inconsistent_anomaly_state"": 0}",66816,32400,99216,0.6734397677793904,0.5,0.5,"{""auv_06"": 20.0, ""auv_03"": 20.0, ""auv_01"": 20.0, ""auv_02"": 40.0, ""auv_10"": 40.0, ""auv_09"": 60.0}",partial,60.0
85424607cd80fc940be0d3f9bf743dcc9e509f91,21ebb4672e948f47,paper_risk_bounded_v1_2026-09-28,utility_v2_frozen_2026-09-28,safe_useful_retention_v1_2026-09-28,paper_ssp_200m_strong_v1,6,1000,1000.0,B4,tr_59abcdc50842_gpu,0.9551499999999999,0.0,0.0,0,0.8,0.014492753623188406,1,"{""conflicting_task_ownership"": 0, ""duplicate_execution"": 0, ""contradictory_reassignment"": 1, ""incompatible_mission_state"": 0, ""inconsistent_anomaly_state"": 0}",66816,32400,99216,0.6734397677793904,0.5,0.5,"{""auv_01"": 20.0, ""auv_03"": 20.0, ""auv_06"": 20.0, ""auv_02"": 40.0, ""auv_10"": 40.0, ""auv_09"": 60.0}",partial,60.0
85424607cd80fc940be0d3f9bf743dcc9e509f91,21ebb4672e948f47,paper_risk_bounded_v1_2026-09-28,utility_v2_frozen_2026-09-28,safe_useful_retention_v1_2026-09-28,paper_ssp_200m_strong_v1,6,1000,1000.0,B5_conservative,tr_59abcdc50842_gpu,-30.0449,0.0,0.0,0,0.0,0.0,0,"{""conflicting_task_ownership"": 0, ""duplicate_execution"": 0, ""contradictory_reassignment"": 0, ""incompatible_mission_state"": 0, ""inconsistent_anomaly_state"": 0}",66816,32400,99216,0.6734397677793904,0.5,0.5,"{""auv_01"": 20.0, ""auv_06"": 20.0, ""auv_03"": 20.0, ""auv_10"": 40.0, ""auv_02"": 40.0, ""auv_09"": 60.0}",partial,60.0
85424607cd80fc940be0d3f9bf743dcc9e509f91,21ebb4672e948f47,paper_risk_bounded_v1_2026-09-28,utility_v2_frozen_2026-09-28,safe_useful_retention_v1_2026-09-28,paper_ssp_200m_strong_v1,6,1000,1000.0,B5_nominal,tr_59abcdc50842_gpu,-117.08815,0.9325842696629213,0.9325842696629213,83,1.0,1.0,9,"{""conflicting_task_ownership"": 0, ""duplicate_execution"": 0, ""contradictory_reassignment"": 1, ""incompatible_mission_state"": 4, ""inconsistent_anomaly_state"": 4}",66816,29680,96496,0.6924224838335268,0.5,0.5,"{""auv_06"": 20.0, ""auv_01"": 20.0, ""auv_03"": 20.0, ""auv_02"": 40.0, ""auv_10"": 40.0, ""auv_09"": 60.0}",partial,60.0
85424607cd80fc940be0d3f9bf743dcc9e509f91,21ebb4672e948f47,paper_risk_bounded_v1_2026-09-28,utility_v2_frozen_2026-09-28,safe_useful_retention_v1_2026-09-28,paper_ssp_200m_strong_v1,6,1000,1000.0,B5_permissive,tr_59abcdc50842_gpu,-117.08815,0.9325842696629213,0.9325842696629213,83,1.0,1.0,9,"{""conflicting_task_ownership"": 0, ""duplicate_execution"": 0, ""contradictory_reassignment"": 1, ""incompatible_mission_state"": 4, ""inconsistent_anomaly_state"": 4}",66816,29680,96496,0.6924224838335268,0.5,0.5,"{""auv_06"": 20.0, ""auv_01"": 20.0, ""auv_03"": 20.0, ""auv_10"": 40.0, ""auv_02"": 40.0, ""auv_09"": 60.0}",partial,60.0
85424607cd80fc940be0d3f9bf743dcc9e509f91,7b9e53515b2ec561,paper_risk_bounded_v1_2026-09-28,utility_v2_frozen_2026-09-28,safe_useful_retention_v1_2026-09-28,paper_ssp_200m_strong_v1,7,0,0.0,B1,tr_4e1f28b2f305_gpu,47.9171,0.9857142857142858,0.9857142857142858,69,1.0,1.0,1,"{""conflicting_task_ownership"": 0, ""duplicate_execution"": 0, ""contradictory_reassignment"": 0, ""incompatible_mission_state"": 1, ""inconsistent_anomaly_state"": 0}",95232,5680,100912,0.9437133343903599,,,{},idle,0.0
85424607cd80fc940be0d3f9bf743dcc9e509f91,7b9e53515b2ec561,paper_risk_bounded_v1_2026-09-28,utility_v2_frozen_2026-09-28,safe_useful_retention_v1_2026-09-28,paper_ssp_200m_strong_v1,7,0,0.0,B2,tr_4e1f28b2f305_gpu,47.9171,0.9857142857142858,0.9857142857142858,69,1.0,1.0,1,"{""conflicting_task_ownership"": 0, ""duplicate_execution"": 0, ""contradictory_reassignment"": 0, ""incompatible_mission_state"": 1, ""inconsistent_anomaly_state"": 0}",95232,5680,100912,0.9437133343903599,,,{},idle,0.0
85424607cd80fc940be0d3f9bf743dcc9e509f91,7b9e53515b2ec561,paper_risk_bounded_v1_2026-09-28,utility_v2_frozen_2026-09-28,safe_useful_retention_v1_2026-09-28,paper_ssp_200m_strong_v1,7,0,0.0,B3,tr_4e1f28b2f305_gpu,-30.0462,0.0,0.0,0,0.0,0.0,0,"{""conflicting_task_ownership"": 0, ""duplicate_execution"": 0, ""contradictory_reassignment"": 0, ""incompatible_mission_state"": 0, ""inconsistent_anomaly_state"": 0}",95232,8400,103632,0.9189439555349699,,,{},idle,0.0
85424607cd80fc940be0d3f9bf743dcc9e509f91,7b9e53515b2ec561,paper_risk_bounded_v1_2026-09-28,utility_v2_frozen_2026-09-28,safe_useful_retention_v1_2026-09-28,paper_ssp_200m_strong_v1,7,0,0.0,B4,tr_4e1f28b2f305_gpu,-18.0462,0.0,0.0,0,1.0,0.0035714285714285713,0,"{""conflicting_task_ownership"": 0, ""duplicate_execution"": 0, ""contradictory_reassignment"": 0, ""incompatible_mission_state"": 0, ""inconsistent_anomaly_state"": 0}",95232,8400,103632,0.9189439555349699,,,{},idle,0.0
85424607cd80fc940be0d3f9bf743dcc9e509f91,7b9e53515b2ec561,paper_risk_bounded_v1_2026-09-28,utility_v2_frozen_2026-09-28,safe_useful_retention_v1_2026-09-28,paper_ssp_200m_strong_v1,7,0,0.0,B5_conservative,tr_4e1f28b2f305_gpu,-30.0462,0.0,0.0,0,0.0,0.0,0,"{""conflicting_task_ownership"": 0, ""duplicate_execution"": 0, ""contradictory_reassignment"": 0, ""incompatible_mission_state"": 0, ""inconsistent_anomaly_state"": 0}",95232,8400,103632,0.9189439555349699,,,{},idle,0.0
85424607cd80fc940be0d3f9bf743dcc9e509f91,7b9e53515b2ec561,paper_risk_bounded_v1_2026-09-28,utility_v2_frozen_2026-09-28,safe_useful_retention_v1_2026-09-28,paper_ssp_200m_strong_v1,7,0,0.0,B5_nominal,tr_4e1f28b2f305_gpu,47.9171,0.9857142857142858,0.9857142857142858,69,1.0,1.0,1,"{""conflicting_task_ownership"": 0, ""duplicate_execution"": 0, ""contradictory_reassignment"": 0, ""incompatible_mission_state"": 1, ""inconsistent_anomaly_state"": 0}",95232,5680,100912,0.9437133343903599,,,{},idle,0.0
85424607cd80fc940be0d3f9bf743dcc9e509f91,7b9e53515b2ec561,paper_risk_bounded_v1_2026-09-28,utility_v2_frozen_2026-09-28,safe_useful_retention_v1_2026-09-28,paper_ssp_200m_strong_v1,7,0,0.0,B5_permissive,tr_4e1f28b2f305_gpu,47.9171,0.9857142857142858,0.9857142857142858,69,1.0,1.0,1,"{""conflicting_task_ownership"": 0, ""duplicate_execution"": 0, ""contradictory_reassignment"": 0, ""incompatible_mission_state"": 1, ""inconsistent_anomaly_state"": 0}",95232,5680,100912,0.9437133343903599,,,{},idle,0.0
85424607cd80fc940be0d3f9bf743dcc9e509f91,8b499bf4b720a3e1,paper_risk_bounded_v1_2026-09-28,utility_v2_frozen_2026-09-28,safe_useful_retention_v1_2026-09-28,paper_ssp_200m_strong_v1,7,150,150.0,B1,tr_4e1f28b2f305_gpu,47.9177,0.868421052631579,0.9850746268656716,66,1.0,1.0,1,"{""conflicting_task_ownership"": 0, ""duplicate_execution"": 0, ""contradictory_reassignment"": 0, ""incompatible_mission_state"": 1, ""inconsistent_anomaly_state"": 0}",97536,9520,107056,0.9110745777910626,0.0,1.0,{},timeout,60.0
85424607cd80fc940be0d3f9bf743dcc9e509f91,8b499bf4b720a3e1,paper_risk_bounded_v1_2026-09-28,utility_v2_frozen_2026-09-28,safe_useful_retention_v1_2026-09-28,paper_ssp_200m_strong_v1,7,150,150.0,B2,tr_4e1f28b2f305_gpu,41.923,0.9210526315789473,0.9210526315789473,70,1.0,1.0,2,"{""conflicting_task_ownership"": 0, ""duplicate_execution"": 0, ""contradictory_reassignment"": 1, ""incompatible_mission_state"": 1, ""inconsistent_anomaly_state"": 0}",97536,9520,107056,0.9110745777910626,0.0,1.0,{},timeout,60.0
85424607cd80fc940be0d3f9bf743dcc9e509f91,8b499bf4b720a3e1,paper_risk_bounded_v1_2026-09-28,utility_v2_frozen_2026-09-28,safe_useful_retention_v1_2026-09-28,paper_ssp_200m_strong_v1,7,150,150.0,B3,tr_4e1f28b2f305_gpu,-30.046,0.0,0.0,0,0.0,0.0,0,"{""conflicting_task_ownership"": 0, ""duplicate_execution"": 0, ""contradictory_reassignment"": 0, ""incompatible_mission_state"": 0, ""inconsistent_anomaly_state"": 0}",97536,12240,109776,0.8885002186270223,0.0,1.0,{},timeout,60.0
85424607cd80fc940be0d3f9bf743dcc9e509f91,8b499bf4b720a3e1,paper_risk_bounded_v1_2026-09-28,utility_v2_frozen_2026-09-28,safe_useful_retention_v1_2026-09-28,paper_ssp_200m_strong_v1,7,150,150.0,B4,tr_4e1f28b2f305_gpu,0.95355,0.0,0.0,0,0.8,0.014234875444839857,1,"{""conflicting_task_ownership"": 0, ""duplicate_execution"": 0, ""contradictory_reassignment"": 1, ""incompatible_mission_state"": 0, ""inconsistent_anomaly_state"": 0}",97536,12240,109776,0.8885002186270223,0.0,1.0,{},timeout,60.0
85424607cd80fc940be0d3f9bf743dcc9e509f91,8b499bf4b720a3e1,paper_risk_bounded_v1_2026-09-28,utility_v2_frozen_2026-09-28,safe_useful_retention_v1_2026-09-28,paper_ssp_200m_strong_v1,7,150,150.0,B5_conservative,tr_4e1f28b2f305_gpu,-30.046,0.0,0.0,0,0.0,0.0,0,"{""conflicting_task_ownership"": 0, ""duplicate_execution"": 0, ""contradictory_reassignment"": 0, ""incompatible_mission_state"": 0, ""inconsistent_anomaly_state"": 0}",97536,12240,109776,0.8885002186270223,0.0,1.0,{},timeout,60.0
85424607cd80fc940be0d3f9bf743dcc9e509f91,8b499bf4b720a3e1,paper_risk_bounded_v1_2026-09-28,utility_v2_frozen_2026-09-28,safe_useful_retention_v1_2026-09-28,paper_ssp_200m_strong_v1,7,150,150.0,B5_nominal,tr_4e1f28b2f305_gpu,41.923,0.9210526315789473,0.9210526315789473,70,1.0,1.0,2,"{""conflicting_task_ownership"": 0, ""duplicate_execution"": 0, ""contradictory_reassignment"": 1, ""incompatible_mission_state"": 1, ""inconsistent_anomaly_state"": 0}",97536,9520,107056,0.9110745777910626,0.0,1.0,{},timeout,60.0
85424607cd80fc940be0d3f9bf743dcc9e509f91,8b499bf4b720a3e1,paper_risk_bounded_v1_2026-09-28,utility_v2_frozen_2026-09-28,safe_useful_retention_v1_2026-09-28,paper_ssp_200m_strong_v1,7,150,150.0,B5_permissive,tr_4e1f28b2f305_gpu,41.923,0.9210526315789473,0.9210526315789473,70,1.0,1.0,2,"{""conflicting_task_ownership"": 0, ""duplicate_execution"": 0, ""contradictory_reassignment"": 1, ""incompatible_mission_state"": 1, ""inconsistent_anomaly_state"": 0}",97536,9520,107056,0.9110745777910626,0.0,1.0,{},timeout,60.0
85424607cd80fc940be0d3f9bf743dcc9e509f91,cf6697bd51eecfa2,paper_risk_bounded_v1_2026-09-28,utility_v2_frozen_2026-09-28,safe_useful_retention_v1_2026-09-28,paper_ssp_200m_strong_v1,7,300,300.0,B1,tr_4e1f28b2f305_gpu,47.9183,0.8170731707317073,0.9852941176470589,67,1.0,1.0,1,"{""conflicting_task_ownership"": 0, ""duplicate_execution"": 0, ""contradictory_reassignment"": 0, ""incompatible_mission_state"": 1, ""inconsistent_anomaly_state"": 0}",95744,12880,108624,0.8814258359110325,0.3333333333333333,0.6666666666666666,"{""auv_02"": 40.0, ""auv_03"": 40.0, ""auv_04"": 40.0, ""auv_09"": 60.0}",partial,60.0
85424607cd80fc940be0d3f9bf743dcc9e509f91,cf6697bd51eecfa2,paper_risk_bounded_v1_2026-09-28,utility_v2_frozen_2026-09-28,safe_useful_retention_v1_2026-09-28,paper_ssp_200m_strong_v1,7,300,300.0,B2,tr_4e1f28b2f305_gpu,-14.0806,0.925,0.925,74,1.0,1.0,6,"{""conflicting_task_ownership"": 0, ""duplicate_execution"": 0, ""contradictory_reassignment"": 1, ""incompatible_mission_state"": 1, ""inconsistent_anomaly_state"": 4}",95744,12880,108624,0.8814258359110325,0.3333333333333333,0.6666666666666666,"{""auv_03"": 40.0, ""auv_02"": 40.0, ""auv_04"": 40.0, ""auv_09"": 60.0}",partial,60.0
85424607cd80fc940be0d3f9bf743dcc9e509f91,cf6697bd51eecfa2,paper_risk_bounded_v1_2026-09-28,utility_v2_frozen_2026-09-28,safe_useful_retention_v1_2026-09-28,paper_ssp_200m_strong_v1,7,300,300.0,B3,tr_4e1f28b2f305_gpu,-30.0458,0.0,0.0,0,0.0,0.0,0,"{""conflicting_task_ownership"": 0, ""duplicate_execution"": 0, ""contradictory_reassignment"": 0, ""incompatible_mission_state"": 0, ""inconsistent_anomaly_state"": 0}",95744,15600,111344,0.859893662882598,0.3333333333333333,0.6666666666666666,"{""auv_02"": 40.0, ""auv_04"": 40.0, ""auv_03"": 40.0, ""auv_09"": 60.0}",partial,60.0
85424607cd80fc940be0d3f9bf743dcc9e509f91,cf6697bd51eecfa2,paper_risk_bounded_v1_2026-09-28,utility_v2_frozen_2026-09-28,safe_useful_retention_v1_2026-09-28,paper_ssp_200m_strong_v1,7,300,300.0,B4,tr_4e1f28b2f305_gpu,0.95375,0.0,0.0,0,0.8,0.014184397163120567,1,"{""conflicting_task_ownership"": 0, ""duplicate_execution"": 0, ""contradictory_reassignment"": 1, ""incompatible_mission_state"": 0, ""inconsistent_anomaly_state"": 0}",95744,15600,111344,0.859893662882598,0.3333333333333333,0.6666666666666666,"{""auv_02"": 40.0, ""auv_03"": 40.0, ""auv_04"": 40.0, ""auv_09"": 60.0}",partial,60.0
85424607cd80fc940be0d3f9bf743dcc9e509f91,cf6697bd51eecfa2,paper_risk_bounded_v1_2026-09-28,utility_v2_frozen_2026-09-28,safe_useful_retention_v1_2026-09-28,paper_ssp_200m_strong_v1,7,300,300.0,B5_conservative,tr_4e1f28b2f305_gpu,-30.0458,0.0,0.0,0,0.0,0.0,0,"{""conflicting_task_ownership"": 0, ""duplicate_execution"": 0, ""contradictory_reassignment"": 0, ""incompatible_mission_state"": 0, ""inconsistent_anomaly_state"": 0}",95744,15600,111344,0.859893662882598,0.3333333333333333,0.6666666666666666,"{""auv_04"": 40.0, ""auv_02"": 40.0, ""auv_03"": 40.0, ""auv_09"": 60.0}",partial,60.0
85424607cd80fc940be0d3f9bf743dcc9e509f91,cf6697bd51eecfa2,paper_risk_bounded_v1_2026-09-28,utility_v2_frozen_2026-09-28,safe_useful_retention_v1_2026-09-28,paper_ssp_200m_strong_v1,7,300,300.0,B5_nominal,tr_4e1f28b2f305_gpu,-14.0806,0.925,0.925,74,1.0,1.0,6,"{""conflicting_task_ownership"": 0, ""duplicate_execution"": 0, ""contradictory_reassignment"": 1, ""incompatible_mission_state"": 1, ""inconsistent_anomaly_state"": 4}",95744,12880,108624,0.8814258359110325,0.3333333333333333,0.6666666666666666,"{""auv_04"": 40.0, ""auv_02"": 40.0, ""auv_03"": 40.0, ""auv_09"": 60.0}",partial,60.0
85424607cd80fc940be0d3f9bf743dcc9e509f91,cf6697bd51eecfa2,paper_risk_bounded_v1_2026-09-28,utility_v2_frozen_2026-09-28,safe_useful_retention_v1_2026-09-28,paper_ssp_200m_strong_v1,7,300,300.0,B5_permissive,tr_4e1f28b2f305_gpu,-14.0806,0.925,0.925,74,1.0,1.0,6,"{""conflicting_task_ownership"": 0, ""duplicate_execution"": 0, ""contradictory_reassignment"": 1, ""incompatible_mission_state"": 1, ""inconsistent_anomaly_state"": 4}",95744,12880,108624,0.8814258359110325,0.3333333333333333,0.6666666666666666,"{""auv_03"": 40.0, ""auv_04"": 40.0, ""auv_02"": 40.0, ""auv_09"": 60.0}",partial,60.0
85424607cd80fc940be0d3f9bf743dcc9e509f91,2700878b68d1c60c,paper_risk_bounded_v1_2026-09-28,utility_v2_frozen_2026-09-28,safe_useful_retention_v1_2026-09-28,paper_ssp_200m_strong_v1,7,500,500.0,B1,tr_4e1f28b2f305_gpu,47.9189,0.75,0.9850746268656716,66,1.0,1.0,1,"{""conflicting_task_ownership"": 0, ""duplicate_execution"": 0, ""contradictory_reassignment"": 0, ""incompatible_mission_state"": 1, ""inconsistent_anomaly_state"": 0}",82944,17680,100624,0.8242963905231356,0.08333333333333333,0.9166666666666666,"{""auv_06"": 60.0}",partial,60.0
85424607cd80fc940be0d3f9bf743dcc9e509f91,2700878b68d1c60c,paper_risk_bounded_v1_2026-09-28,utility_v2_frozen_2026-09-28,safe_useful_retention_v1_2026-09-28,paper_ssp_200m_strong_v1,7,500,500.0,B2,tr_4e1f28b2f305_gpu,-77.08455,0.9294117647058824,0.9294117647058824,79,1.0,1.0,9,"{""conflicting_task_ownership"": 0, ""duplicate_execution"": 0, ""contradictory_reassignment"": 1, ""incompatible_mission_state"": 4, ""inconsistent_anomaly_state"": 4}",82944,17680,100624,0.8242963905231356,0.08333333333333333,0.9166666666666666,"{""auv_06"": 60.0}",partial,60.0
85424607cd80fc940be0d3f9bf743dcc9e509f91,2700878b68d1c60c,paper_risk_bounded_v1_2026-09-28,utility_v2_frozen_2026-09-28,safe_useful_retention_v1_2026-09-28,paper_ssp_200m_strong_v1,7,500,500.0,B3,tr_4e1f28b2f305_gpu,-30.0456,0.0,0.0,0,0.0,0.0,0,"{""conflicting_task_ownership"": 0, ""duplicate_execution"": 0, ""contradictory_reassignment"": 0, ""incompatible_mission_state"": 0, ""inconsistent_anomaly_state"": 0}",82944,20400,103344,0.8026010218300046,0.08333333333333333,0.9166666666666666,"{""auv_06"": 60.0}",partial,60.0
85424607cd80fc940be0d3f9bf743dcc9e509f91,2700878b68d1c60c,paper_risk_bounded_v1_2026-09-28,utility_v2_frozen_2026-09-28,safe_useful_retention_v1_2026-09-28,paper_ssp_200m_strong_v1,7,500,500.0,B4,tr_4e1f28b2f305_gpu,0.95395,0.0,0.0,0,0.8,0.014336917562724014,1,"{""conflicting_task_ownership"": 0, ""duplicate_execution"": 0, ""contradictory_reassignment"": 1, ""incompatible_mission_state"": 0, ""inconsistent_anomaly_state"": 0}",82944,20400,103344,0.8026010218300046,0.08333333333333333,0.9166666666666666,"{""auv_06"": 60.0}",partial,60.0
85424607cd80fc940be0d3f9bf743dcc9e509f91,2700878b68d1c60c,paper_risk_bounded_v1_2026-09-28,utility_v2_frozen_2026-09-28,safe_useful_retention_v1_2026-09-28,paper_ssp_200m_strong_v1,7,500,500.0,B5_conservative,tr_4e1f28b2f305_gpu,-30.0456,0.0,0.0,0,0.0,0.0,0,"{""conflicting_task_ownership"": 0, ""duplicate_execution"": 0, ""contradictory_reassignment"": 0, ""incompatible_mission_state"": 0, ""inconsistent_anomaly_state"": 0}",82944,20400,103344,0.8026010218300046,0.08333333333333333,0.9166666666666666,"{""auv_06"": 60.0}",partial,60.0
85424607cd80fc940be0d3f9bf743dcc9e509f91,2700878b68d1c60c,paper_risk_bounded_v1_2026-09-28,utility_v2_frozen_2026-09-28,safe_useful_retention_v1_2026-09-28,paper_ssp_200m_strong_v1,7,500,500.0,B5_nominal,tr_4e1f28b2f305_gpu,-77.08455,0.9294117647058824,0.9294117647058824,79,1.0,1.0,9,"{""conflicting_task_ownership"": 0, ""duplicate_execution"": 0, ""contradictory_reassignment"": 1, ""incompatible_mission_state"": 4, ""inconsistent_anomaly_state"": 4}",82944,17680,100624,0.8242963905231356,0.08333333333333333,0.9166666666666666,"{""auv_06"": 60.0}",partial,60.0
85424607cd80fc940be0d3f9bf743dcc9e509f91,2700878b68d1c60c,paper_risk_bounded_v1_2026-09-28,utility_v2_frozen_2026-09-28,safe_useful_retention_v1_2026-09-28,paper_ssp_200m_strong_v1,7,500,500.0,B5_permissive,tr_4e1f28b2f305_gpu,-77.08455,0.9294117647058824,0.9294117647058824,79,1.0,1.0,9,"{""conflicting_task_ownership"": 0, ""duplicate_execution"": 0, ""contradictory_reassignment"": 1, ""incompatible_mission_state"": 4, ""inconsistent_anomaly_state"": 4}",82944,17680,100624,0.8242963905231356,0.08333333333333333,0.9166666666666666,"{""auv_06"": 60.0}",partial,60.0
85424607cd80fc940be0d3f9bf743dcc9e509f91,8115632e66650e86,paper_risk_bounded_v1_2026-09-28,utility_v2_frozen_2026-09-28,safe_useful_retention_v1_2026-09-28,paper_ssp_200m_strong_v1,7,750,750.0,B1,tr_4e1f28b2f305_gpu,47.9192,0.7252747252747253,0.9850746268656716,66,1.0,1.0,1,"{""conflicting_task_ownership"": 0, ""duplicate_execution"": 0, ""contradictory_reassignment"": 0, ""incompatible_mission_state"": 1, ""inconsistent_anomaly_state"": 0}",78336,23920,102256,0.7660772961977781,0.5,0.5,"{""auv_08"": 20.0, ""auv_11"": 20.0, ""auv_02"": 20.0, ""auv_01"": 40.0, ""auv_03"": 40.0, ""auv_00"": 40.0}",partial,40.0
85424607cd80fc940be0d3f9bf743dcc9e509f91,8115632e66650e86,paper_risk_bounded_v1_2026-09-28,utility_v2_frozen_2026-09-28,safe_useful_retention_v1_2026-09-28,paper_ssp_200m_strong_v1,7,750,750.0,B2,tr_4e1f28b2f305_gpu,-77.08455,0.9294117647058824,0.9294117647058824,79,1.0,1.0,9,"{""conflicting_task_ownership"": 0, ""duplicate_execution"": 0, ""contradictory_reassignment"": 1, ""incompatible_mission_state"": 4, ""inconsistent_anomaly_state"": 4}",78336,23920,102256,0.7660772961977781,0.5,0.5,"{""auv_08"": 20.0, ""auv_02"": 20.0, ""auv_11"": 20.0, ""auv_03"": 40.0, ""auv_01"": 40.0, ""auv_00"": 40.0}",partial,40.0
85424607cd80fc940be0d3f9bf743dcc9e509f91,8115632e66650e86,paper_risk_bounded_v1_2026-09-28,utility_v2_frozen_2026-09-28,safe_useful_retention_v1_2026-09-28,paper_ssp_200m_strong_v1,7,750,750.0,B3,tr_4e1f28b2f305_gpu,-30.0453,0.0,0.0,0,0.0,0.0,0,"{""conflicting_task_ownership"": 0, ""duplicate_execution"": 0, ""contradictory_reassignment"": 0, ""incompatible_mission_state"": 0, ""inconsistent_anomaly_state"": 0}",78336,26640,104976,0.7462277091906722,0.5,0.5,"{""auv_08"": 20.0, ""auv_11"": 20.0, ""auv_02"": 20.0, ""auv_01"": 40.0, ""auv_00"": 40.0, ""auv_03"": 40.0}",partial,40.0
85424607cd80fc940be0d3f9bf743dcc9e509f91,8115632e66650e86,paper_risk_bounded_v1_2026-09-28,utility_v2_frozen_2026-09-28,safe_useful_retention_v1_2026-09-28,paper_ssp_200m_strong_v1,7,750,750.0,B4,tr_4e1f28b2f305_gpu,0.95425,0.0,0.0,0,0.8,0.014336917562724014,1,"{""conflicting_task_ownership"": 0, ""duplicate_execution"": 0, ""contradictory_reassignment"": 1, ""incompatible_mission_state"": 0, ""inconsistent_anomaly_state"": 0}",78336,26640,104976,0.7462277091906722,0.5,0.5,"{""auv_11"": 20.0, ""auv_02"": 20.0, ""auv_08"": 20.0, ""auv_01"": 40.0, ""auv_00"": 40.0, ""auv_03"": 40.0}",partial,40.0
85424607cd80fc940be0d3f9bf743dcc9e509f91,8115632e66650e86,paper_risk_bounded_v1_2026-09-28,utility_v2_frozen_2026-09-28,safe_useful_retention_v1_2026-09-28,paper_ssp_200m_strong_v1,7,750,750.0,B5_conservative,tr_4e1f28b2f305_gpu,-30.0453,0.0,0.0,0,0.0,0.0,0,"{""conflicting_task_ownership"": 0, ""duplicate_execution"": 0, ""contradictory_reassignment"": 0, ""incompatible_mission_state"": 0, ""inconsistent_anomaly_state"": 0}",78336,26640,104976,0.7462277091906722,0.5,0.5,"{""auv_02"": 20.0, ""auv_11"": 20.0, ""auv_08"": 20.0, ""auv_03"": 40.0, ""auv_01"": 40.0, ""auv_00"": 40.0}",partial,40.0
85424607cd80fc940be0d3f9bf743dcc9e509f91,8115632e66650e86,paper_risk_bounded_v1_2026-09-28,utility_v2_frozen_2026-09-28,safe_useful_retention_v1_2026-09-28,paper_ssp_200m_strong_v1,7,750,750.0,B5_nominal,tr_4e1f28b2f305_gpu,-77.08455,0.9294117647058824,0.9294117647058824,79,1.0,1.0,9,"{""conflicting_task_ownership"": 0, ""duplicate_execution"": 0, ""contradictory_reassignment"": 1, ""incompatible_mission_state"": 4, ""inconsistent_anomaly_state"": 4}",78336,23920,102256,0.7660772961977781,0.5,0.5,"{""auv_02"": 20.0, ""auv_08"": 20.0, ""auv_11"": 20.0, ""auv_03"": 40.0, ""auv_01"": 40.0, ""auv_00"": 40.0}",partial,40.0
85424607cd80fc940be0d3f9bf743dcc9e509f91,8115632e66650e86,paper_risk_bounded_v1_2026-09-28,utility_v2_frozen_2026-09-28,safe_useful_retention_v1_2026-09-28,paper_ssp_200m_strong_v1,7,750,750.0,B5_permissive,tr_4e1f28b2f305_gpu,-77.08455,0.9294117647058824,0.9294117647058824,79,1.0,1.0,9,"{""conflicting_task_ownership"": 0, ""duplicate_execution"": 0, ""contradictory_reassignment"": 1, ""incompatible_mission_state"": 4, ""inconsistent_anomaly_state"": 4}",78336,23920,102256,0.7660772961977781,0.5,0.5,"{""auv_08"": 20.0, ""auv_02"": 20.0, ""auv_11"": 20.0, ""auv_00"": 40.0, ""auv_03"": 40.0, ""auv_01"": 40.0}",partial,40.0
85424607cd80fc940be0d3f9bf743dcc9e509f91,deb56dc1c7dc8b88,paper_risk_bounded_v1_2026-09-28,utility_v2_frozen_2026-09-28,safe_useful_retention_v1_2026-09-28,paper_ssp_200m_strong_v1,7,1000,1000.0,B1,tr_4e1f28b2f305_gpu,47.9229,0.6666666666666666,0.9850746268656716,66,1.0,1.0,1,"{""conflicting_task_ownership"": 0, ""duplicate_execution"": 0, ""contradictory_reassignment"": 0, ""incompatible_mission_state"": 1, ""inconsistent_anomaly_state"": 0}",66432,29680,96112,0.6911936074579657,0.3333333333333333,0.6666666666666666,"{""auv_06"": 20.0, ""auv_01"": 20.0, ""auv_02"": 40.0, ""auv_09"": 60.0}",partial,60.0
85424607cd80fc940be0d3f9bf743dcc9e509f91,deb56dc1c7dc8b88,paper_risk_bounded_v1_2026-09-28,utility_v2_frozen_2026-09-28,safe_useful_retention_v1_2026-09-28,paper_ssp_200m_strong_v1,7,1000,1000.0,B2,tr_4e1f28b2f305_gpu,-117.08815,0.9325842696629213,0.9325842696629213,83,1.0,1.0,9,"{""conflicting_task_ownership"": 0, ""duplicate_execution"": 0, ""contradictory_reassignment"": 1, ""incompatible_mission_state"": 4, ""inconsistent_anomaly_state"": 4}",66432,29680,96112,0.6911936074579657,0.3333333333333333,0.6666666666666666,"{""auv_06"": 20.0, ""auv_01"": 20.0, ""auv_02"": 40.0, ""auv_09"": 60.0}",partial,60.0
85424607cd80fc940be0d3f9bf743dcc9e509f91,deb56dc1c7dc8b88,paper_risk_bounded_v1_2026-09-28,utility_v2_frozen_2026-09-28,safe_useful_retention_v1_2026-09-28,paper_ssp_200m_strong_v1,7,1000,1000.0,B3,tr_4e1f28b2f305_gpu,-30.0449,0.0,0.0,0,0.0,0.0,0,"{""conflicting_task_ownership"": 0, ""duplicate_execution"": 0, ""contradictory_reassignment"": 0, ""incompatible_mission_state"": 0, ""inconsistent_anomaly_state"": 0}",66432,32400,98832,0.6721709567751336,0.3333333333333333,0.6666666666666666,"{""auv_01"": 20.0, ""auv_06"": 20.0, ""auv_02"": 40.0, ""auv_09"": 60.0}",partial,60.0
85424607cd80fc940be0d3f9bf743dcc9e509f91,deb56dc1c7dc8b88,paper_risk_bounded_v1_2026-09-28,utility_v2_frozen_2026-09-28,safe_useful_retention_v1_2026-09-28,paper_ssp_200m_strong_v1,7,1000,1000.0,B4,tr_4e1f28b2f305_gpu,0.9551499999999999,0.0,0.0,0,0.8,0.014492753623188406,1,"{""conflicting_task_ownership"": 0, ""duplicate_execution"": 0, ""contradictory_reassignment"": 1, ""incompatible_mission_state"": 0, ""inconsistent_anomaly_state"": 0}",66432,32400,98832,0.6721709567751336,0.3333333333333333,0.6666666666666666,"{""auv_01"": 20.0, ""auv_06"": 20.0, ""auv_02"": 40.0, ""auv_09"": 60.0}",partial,60.0
85424607cd80fc940be0d3f9bf743dcc9e509f91,deb56dc1c7dc8b88,paper_risk_bounded_v1_2026-09-28,utility_v2_frozen_2026-09-28,safe_useful_retention_v1_2026-09-28,paper_ssp_200m_strong_v1,7,1000,1000.0,B5_conservative,tr_4e1f28b2f305_gpu,-30.0449,0.0,0.0,0,0.0,0.0,0,"{""conflicting_task_ownership"": 0, ""duplicate_execution"": 0, ""contradictory_reassignment"": 0, ""incompatible_mission_state"": 0, ""inconsistent_anomaly_state"": 0}",66432,32400,98832,0.6721709567751336,0.3333333333333333,0.6666666666666666,"{""auv_06"": 20.0, ""auv_01"": 20.0, ""auv_02"": 40.0, ""auv_09"": 60.0}",partial,60.0
85424607cd80fc940be0d3f9bf743dcc9e509f91,deb56dc1c7dc8b88,paper_risk_bounded_v1_2026-09-28,utility_v2_frozen_2026-09-28,safe_useful_retention_v1_2026-09-28,paper_ssp_200m_strong_v1,7,1000,1000.0,B5_nominal,tr_4e1f28b2f305_gpu,-117.08815,0.9325842696629213,0.9325842696629213,83,1.0,1.0,9,"{""conflicting_task_ownership"": 0, ""duplicate_execution"": 0, ""contradictory_reassignment"": 1, ""incompatible_mission_state"": 4, ""inconsistent_anomaly_state"": 4}",66432,29680,96112,0.6911936074579657,0.3333333333333333,0.6666666666666666,"{""auv_06"": 20.0, ""auv_01"": 20.0, ""auv_02"": 40.0, ""auv_09"": 60.0}",partial,60.0
85424607cd80fc940be0d3f9bf743dcc9e509f91,deb56dc1c7dc8b88,paper_risk_bounded_v1_2026-09-28,utility_v2_frozen_2026-09-28,safe_useful_retention_v1_2026-09-28,paper_ssp_200m_strong_v1,7,1000,1000.0,B5_permissive,tr_4e1f28b2f305_gpu,-117.08815,0.9325842696629213,0.9325842696629213,83,1.0,1.0,9,"{""conflicting_task_ownership"": 0, ""duplicate_execution"": 0, ""contradictory_reassignment"": 1, ""incompatible_mission_state"": 4, ""inconsistent_anomaly_state"": 4}",66432,29680,96112,0.6911936074579657,0.3333333333333333,0.6666666666666666,"{""auv_01"": 20.0, ""auv_06"": 20.0, ""auv_02"": 40.0, ""auv_09"": 60.0}",partial,60.0
85424607cd80fc940be0d3f9bf743dcc9e509f91,91d14137d47e3c83,paper_risk_bounded_v1_2026-09-28,utility_v2_frozen_2026-09-28,safe_useful_retention_v1_2026-09-28,paper_ssp_200m_strong_v1,8,0,0.0,B1,tr_cdd5f1950a3c_gpu,-30.0303,0.0,0.0,0,0.0,0.0,0,"{""conflicting_task_ownership"": 0, ""duplicate_execution"": 0, ""contradictory_reassignment"": 0, ""incompatible_mission_state"": 0, ""inconsistent_anomaly_state"": 0}",0,67200,67200,0.0,,,{},idle,0.0
85424607cd80fc940be0d3f9bf743dcc9e509f91,91d14137d47e3c83,paper_risk_bounded_v1_2026-09-28,utility_v2_frozen_2026-09-28,safe_useful_retention_v1_2026-09-28,paper_ssp_200m_strong_v1,8,0,0.0,B2,tr_cdd5f1950a3c_gpu,-117.08815,0.9325842696629213,0.9325842696629213,83,1.0,1.0,9,"{""conflicting_task_ownership"": 0, ""duplicate_execution"": 0, ""contradictory_reassignment"": 1, ""incompatible_mission_state"": 4, ""inconsistent_anomaly_state"": 4}",0,67200,67200,0.0,,,{},idle,0.0
85424607cd80fc940be0d3f9bf743dcc9e509f91,91d14137d47e3c83,paper_risk_bounded_v1_2026-09-28,utility_v2_frozen_2026-09-28,safe_useful_retention_v1_2026-09-28,paper_ssp_200m_strong_v1,8,0,0.0,B3,tr_cdd5f1950a3c_gpu,-30.0446,0.0,0.0,0,0.0,0.0,0,"{""conflicting_task_ownership"": 0, ""duplicate_execution"": 0, ""contradictory_reassignment"": 0, ""incompatible_mission_state"": 0, ""inconsistent_anomaly_state"": 0}",0,67200,67200,0.0,,,{},idle,0.0
85424607cd80fc940be0d3f9bf743dcc9e509f91,91d14137d47e3c83,paper_risk_bounded_v1_2026-09-28,utility_v2_frozen_2026-09-28,safe_useful_retention_v1_2026-09-28,paper_ssp_200m_strong_v1,8,0,0.0,B4,tr_cdd5f1950a3c_gpu,-18.0303,0.0,0.0,0,0.2,0.0036231884057971015,0,"{""conflicting_task_ownership"": 0, ""duplicate_execution"": 0, ""contradictory_reassignment"": 0, ""incompatible_mission_state"": 0, ""inconsistent_anomaly_state"": 0}",0,67200,67200,0.0,,,{},idle,0.0
85424607cd80fc940be0d3f9bf743dcc9e509f91,91d14137d47e3c83,paper_risk_bounded_v1_2026-09-28,utility_v2_frozen_2026-09-28,safe_useful_retention_v1_2026-09-28,paper_ssp_200m_strong_v1,8,0,0.0,B5_conservative,tr_cdd5f1950a3c_gpu,-30.0446,0.0,0.0,0,0.0,0.0,0,"{""conflicting_task_ownership"": 0, ""duplicate_execution"": 0, ""contradictory_reassignment"": 0, ""incompatible_mission_state"": 0, ""inconsistent_anomaly_state"": 0}",0,67200,67200,0.0,,,{},idle,0.0
85424607cd80fc940be0d3f9bf743dcc9e509f91,91d14137d47e3c83,paper_risk_bounded_v1_2026-09-28,utility_v2_frozen_2026-09-28,safe_useful_retention_v1_2026-09-28,paper_ssp_200m_strong_v1,8,0,0.0,B5_nominal,tr_cdd5f1950a3c_gpu,-117.08815,0.9325842696629213,0.9325842696629213,83,1.0,1.0,9,"{""conflicting_task_ownership"": 0, ""duplicate_execution"": 0, ""contradictory_reassignment"": 1, ""incompatible_mission_state"": 4, ""inconsistent_anomaly_state"": 4}",0,67200,67200,0.0,,,{},idle,0.0
85424607cd80fc940be0d3f9bf743dcc9e509f91,91d14137d47e3c83,paper_risk_bounded_v1_2026-09-28,utility_v2_frozen_2026-09-28,safe_useful_retention_v1_2026-09-28,paper_ssp_200m_strong_v1,8,0,0.0,B5_permissive,tr_cdd5f1950a3c_gpu,-117.08815,0.9325842696629213,0.9325842696629213,83,1.0,1.0,9,"{""conflicting_task_ownership"": 0, ""duplicate_execution"": 0, ""contradictory_reassignment"": 1, ""incompatible_mission_state"": 4, ""inconsistent_anomaly_state"": 4}",0,67200,67200,0.0,,,{},idle,0.0
85424607cd80fc940be0d3f9bf743dcc9e509f91,98bdbaca0c1d0204,paper_risk_bounded_v1_2026-09-28,utility_v2_frozen_2026-09-28,safe_useful_retention_v1_2026-09-28,paper_ssp_200m_strong_v1,8,150,150.0,B1,tr_cdd5f1950a3c_gpu,-30.0303,0.0,0.0,0,0.0,0.0,0,"{""conflicting_task_ownership"": 0, ""duplicate_execution"": 0, ""contradictory_reassignment"": 0, ""incompatible_mission_state"": 0, ""inconsistent_anomaly_state"": 0}",0,67200,67200,0.0,0.0,1.0,{},timeout,60.0
85424607cd80fc940be0d3f9bf743dcc9e509f91,98bdbaca0c1d0204,paper_risk_bounded_v1_2026-09-28,utility_v2_frozen_2026-09-28,safe_useful_retention_v1_2026-09-28,paper_ssp_200m_strong_v1,8,150,150.0,B2,tr_cdd5f1950a3c_gpu,-117.08815,0.9325842696629213,0.9325842696629213,83,1.0,1.0,9,"{""conflicting_task_ownership"": 0, ""duplicate_execution"": 0, ""contradictory_reassignment"": 1, ""incompatible_mission_state"": 4, ""inconsistent_anomaly_state"": 4}",0,67200,67200,0.0,0.0,1.0,{},timeout,60.0
85424607cd80fc940be0d3f9bf743dcc9e509f91,98bdbaca0c1d0204,paper_risk_bounded_v1_2026-09-28,utility_v2_frozen_2026-09-28,safe_useful_retention_v1_2026-09-28,paper_ssp_200m_strong_v1,8,150,150.0,B3,tr_cdd5f1950a3c_gpu,-30.0446,0.0,0.0,0,0.0,0.0,0,"{""conflicting_task_ownership"": 0, ""duplicate_execution"": 0, ""contradictory_reassignment"": 0, ""incompatible_mission_state"": 0, ""inconsistent_anomaly_state"": 0}",0,67200,67200,0.0,0.0,1.0,{},timeout,60.0
85424607cd80fc940be0d3f9bf743dcc9e509f91,98bdbaca0c1d0204,paper_risk_bounded_v1_2026-09-28,utility_v2_frozen_2026-09-28,safe_useful_retention_v1_2026-09-28,paper_ssp_200m_strong_v1,8,150,150.0,B4,tr_cdd5f1950a3c_gpu,-18.0303,0.0,0.0,0,0.2,0.0036231884057971015,0,"{""conflicting_task_ownership"": 0, ""duplicate_execution"": 0, ""contradictory_reassignment"": 0, ""incompatible_mission_state"": 0, ""inconsistent_anomaly_state"": 0}",0,67200,67200,0.0,0.0,1.0,{},timeout,60.0
85424607cd80fc940be0d3f9bf743dcc9e509f91,98bdbaca0c1d0204,paper_risk_bounded_v1_2026-09-28,utility_v2_frozen_2026-09-28,safe_useful_retention_v1_2026-09-28,paper_ssp_200m_strong_v1,8,150,150.0,B5_conservative,tr_cdd5f1950a3c_gpu,-30.0446,0.0,0.0,0,0.0,0.0,0,"{""conflicting_task_ownership"": 0, ""duplicate_execution"": 0, ""contradictory_reassignment"": 0, ""incompatible_mission_state"": 0, ""inconsistent_anomaly_state"": 0}",0,67200,67200,0.0,0.0,1.0,{},timeout,60.0
85424607cd80fc940be0d3f9bf743dcc9e509f91,98bdbaca0c1d0204,paper_risk_bounded_v1_2026-09-28,utility_v2_frozen_2026-09-28,safe_useful_retention_v1_2026-09-28,paper_ssp_200m_strong_v1,8,150,150.0,B5_nominal,tr_cdd5f1950a3c_gpu,-117.08815,0.9325842696629213,0.9325842696629213,83,1.0,1.0,9,"{""conflicting_task_ownership"": 0, ""duplicate_execution"": 0, ""contradictory_reassignment"": 1, ""incompatible_mission_state"": 4, ""inconsistent_anomaly_state"": 4}",0,67200,67200,0.0,0.0,1.0,{},timeout,60.0
85424607cd80fc940be0d3f9bf743dcc9e509f91,98bdbaca0c1d0204,paper_risk_bounded_v1_2026-09-28,utility_v2_frozen_2026-09-28,safe_useful_retention_v1_2026-09-28,paper_ssp_200m_strong_v1,8,150,150.0,B5_permissive,tr_cdd5f1950a3c_gpu,-117.08815,0.9325842696629213,0.9325842696629213,83,1.0,1.0,9,"{""conflicting_task_ownership"": 0, ""duplicate_execution"": 0, ""contradictory_reassignment"": 1, ""incompatible_mission_state"": 4, ""inconsistent_anomaly_state"": 4}",0,67200,67200,0.0,0.0,1.0,{},timeout,60.0
85424607cd80fc940be0d3f9bf743dcc9e509f91,2dd7c0e065c3f957,paper_risk_bounded_v1_2026-09-28,utility_v2_frozen_2026-09-28,safe_useful_retention_v1_2026-09-28,paper_ssp_200m_strong_v1,8,300,300.0,B1,tr_cdd5f1950a3c_gpu,-30.0303,0.0,0.0,0,0.0,0.0,0,"{""conflicting_task_ownership"": 0, ""duplicate_execution"": 0, ""contradictory_reassignment"": 0, ""incompatible_mission_state"": 0, ""inconsistent_anomaly_state"": 0}",0,67200,67200,0.0,0.0,1.0,{},timeout,60.0
85424607cd80fc940be0d3f9bf743dcc9e509f91,2dd7c0e065c3f957,paper_risk_bounded_v1_2026-09-28,utility_v2_frozen_2026-09-28,safe_useful_retention_v1_2026-09-28,paper_ssp_200m_strong_v1,8,300,300.0,B2,tr_cdd5f1950a3c_gpu,-117.08815,0.9325842696629213,0.9325842696629213,83,1.0,1.0,9,"{""conflicting_task_ownership"": 0, ""duplicate_execution"": 0, ""contradictory_reassignment"": 1, ""incompatible_mission_state"": 4, ""inconsistent_anomaly_state"": 4}",0,67200,67200,0.0,0.0,1.0,{},timeout,60.0
85424607cd80fc940be0d3f9bf743dcc9e509f91,2dd7c0e065c3f957,paper_risk_bounded_v1_2026-09-28,utility_v2_frozen_2026-09-28,safe_useful_retention_v1_2026-09-28,paper_ssp_200m_strong_v1,8,300,300.0,B3,tr_cdd5f1950a3c_gpu,-30.0446,0.0,0.0,0,0.0,0.0,0,"{""conflicting_task_ownership"": 0, ""duplicate_execution"": 0, ""contradictory_reassignment"": 0, ""incompatible_mission_state"": 0, ""inconsistent_anomaly_state"": 0}",0,67200,67200,0.0,0.0,1.0,{},timeout,60.0
85424607cd80fc940be0d3f9bf743dcc9e509f91,2dd7c0e065c3f957,paper_risk_bounded_v1_2026-09-28,utility_v2_frozen_2026-09-28,safe_useful_retention_v1_2026-09-28,paper_ssp_200m_strong_v1,8,300,300.0,B4,tr_cdd5f1950a3c_gpu,-18.0303,0.0,0.0,0,0.2,0.0036231884057971015,0,"{""conflicting_task_ownership"": 0, ""duplicate_execution"": 0, ""contradictory_reassignment"": 0, ""incompatible_mission_state"": 0, ""inconsistent_anomaly_state"": 0}",0,67200,67200,0.0,0.0,1.0,{},timeout,60.0
85424607cd80fc940be0d3f9bf743dcc9e509f91,2dd7c0e065c3f957,paper_risk_bounded_v1_2026-09-28,utility_v2_frozen_2026-09-28,safe_useful_retention_v1_2026-09-28,paper_ssp_200m_strong_v1,8,300,300.0,B5_conservative,tr_cdd5f1950a3c_gpu,-30.0446,0.0,0.0,0,0.0,0.0,0,"{""conflicting_task_ownership"": 0, ""duplicate_execution"": 0, ""contradictory_reassignment"": 0, ""incompatible_mission_state"": 0, ""inconsistent_anomaly_state"": 0}",0,67200,67200,0.0,0.0,1.0,{},timeout,60.0
85424607cd80fc940be0d3f9bf743dcc9e509f91,2dd7c0e065c3f957,paper_risk_bounded_v1_2026-09-28,utility_v2_frozen_2026-09-28,safe_useful_retention_v1_2026-09-28,paper_ssp_200m_strong_v1,8,300,300.0,B5_nominal,tr_cdd5f1950a3c_gpu,-117.08815,0.9325842696629213,0.9325842696629213,83,1.0,1.0,9,"{""conflicting_task_ownership"": 0, ""duplicate_execution"": 0, ""contradictory_reassignment"": 1, ""incompatible_mission_state"": 4, ""inconsistent_anomaly_state"": 4}",0,67200,67200,0.0,0.0,1.0,{},timeout,60.0
85424607cd80fc940be0d3f9bf743dcc9e509f91,2dd7c0e065c3f957,paper_risk_bounded_v1_2026-09-28,utility_v2_frozen_2026-09-28,safe_useful_retention_v1_2026-09-28,paper_ssp_200m_strong_v1,8,300,300.0,B5_permissive,tr_cdd5f1950a3c_gpu,-117.08815,0.9325842696629213,0.9325842696629213,83,1.0,1.0,9,"{""conflicting_task_ownership"": 0, ""duplicate_execution"": 0, ""contradictory_reassignment"": 1, ""incompatible_mission_state"": 4, ""inconsistent_anomaly_state"": 4}",0,67200,67200,0.0,0.0,1.0,{},timeout,60.0
85424607cd80fc940be0d3f9bf743dcc9e509f91,edf0265237a646f1,paper_risk_bounded_v1_2026-09-28,utility_v2_frozen_2026-09-28,safe_useful_retention_v1_2026-09-28,paper_ssp_200m_strong_v1,8,500,500.0,B1,tr_cdd5f1950a3c_gpu,-30.0303,0.0,0.0,0,0.0,0.0,0,"{""conflicting_task_ownership"": 0, ""duplicate_execution"": 0, ""contradictory_reassignment"": 0, ""incompatible_mission_state"": 0, ""inconsistent_anomaly_state"": 0}",0,67200,67200,0.0,0.0,1.0,{},timeout,60.0
85424607cd80fc940be0d3f9bf743dcc9e509f91,edf0265237a646f1,paper_risk_bounded_v1_2026-09-28,utility_v2_frozen_2026-09-28,safe_useful_retention_v1_2026-09-28,paper_ssp_200m_strong_v1,8,500,500.0,B2,tr_cdd5f1950a3c_gpu,-117.08815,0.9325842696629213,0.9325842696629213,83,1.0,1.0,9,"{""conflicting_task_ownership"": 0, ""duplicate_execution"": 0, ""contradictory_reassignment"": 1, ""incompatible_mission_state"": 4, ""inconsistent_anomaly_state"": 4}",0,67200,67200,0.0,0.0,1.0,{},timeout,60.0
85424607cd80fc940be0d3f9bf743dcc9e509f91,edf0265237a646f1,paper_risk_bounded_v1_2026-09-28,utility_v2_frozen_2026-09-28,safe_useful_retention_v1_2026-09-28,paper_ssp_200m_strong_v1,8,500,500.0,B3,tr_cdd5f1950a3c_gpu,-30.0446,0.0,0.0,0,0.0,0.0,0,"{""conflicting_task_ownership"": 0, ""duplicate_execution"": 0, ""contradictory_reassignment"": 0, ""incompatible_mission_state"": 0, ""inconsistent_anomaly_state"": 0}",0,67200,67200,0.0,0.0,1.0,{},timeout,60.0
85424607cd80fc940be0d3f9bf743dcc9e509f91,edf0265237a646f1,paper_risk_bounded_v1_2026-09-28,utility_v2_frozen_2026-09-28,safe_useful_retention_v1_2026-09-28,paper_ssp_200m_strong_v1,8,500,500.0,B4,tr_cdd5f1950a3c_gpu,-18.0303,0.0,0.0,0,0.2,0.0036231884057971015,0,"{""conflicting_task_ownership"": 0, ""duplicate_execution"": 0, ""contradictory_reassignment"": 0, ""incompatible_mission_state"": 0, ""inconsistent_anomaly_state"": 0}",0,67200,67200,0.0,0.0,1.0,{},timeout,60.0
85424607cd80fc940be0d3f9bf743dcc9e509f91,edf0265237a646f1,paper_risk_bounded_v1_2026-09-28,utility_v2_frozen_2026-09-28,safe_useful_retention_v1_2026-09-28,paper_ssp_200m_strong_v1,8,500,500.0,B5_conservative,tr_cdd5f1950a3c_gpu,-30.0446,0.0,0.0,0,0.0,0.0,0,"{""conflicting_task_ownership"": 0, ""duplicate_execution"": 0, ""contradictory_reassignment"": 0, ""incompatible_mission_state"": 0, ""inconsistent_anomaly_state"": 0}",0,67200,67200,0.0,0.0,1.0,{},timeout,60.0
85424607cd80fc940be0d3f9bf743dcc9e509f91,edf0265237a646f1,paper_risk_bounded_v1_2026-09-28,utility_v2_frozen_2026-09-28,safe_useful_retention_v1_2026-09-28,paper_ssp_200m_strong_v1,8,500,500.0,B5_nominal,tr_cdd5f1950a3c_gpu,-117.08815,0.9325842696629213,0.9325842696629213,83,1.0,1.0,9,"{""conflicting_task_ownership"": 0, ""duplicate_execution"": 0, ""contradictory_reassignment"": 1, ""incompatible_mission_state"": 4, ""inconsistent_anomaly_state"": 4}",0,67200,67200,0.0,0.0,1.0,{},timeout,60.0
85424607cd80fc940be0d3f9bf743dcc9e509f91,edf0265237a646f1,paper_risk_bounded_v1_2026-09-28,utility_v2_frozen_2026-09-28,safe_useful_retention_v1_2026-09-28,paper_ssp_200m_strong_v1,8,500,500.0,B5_permissive,tr_cdd5f1950a3c_gpu,-117.08815,0.9325842696629213,0.9325842696629213,83,1.0,1.0,9,"{""conflicting_task_ownership"": 0, ""duplicate_execution"": 0, ""contradictory_reassignment"": 1, ""incompatible_mission_state"": 4, ""inconsistent_anomaly_state"": 4}",0,67200,67200,0.0,0.0,1.0,{},timeout,60.0
85424607cd80fc940be0d3f9bf743dcc9e509f91,5b412e7813f385bd,paper_risk_bounded_v1_2026-09-28,utility_v2_frozen_2026-09-28,safe_useful_retention_v1_2026-09-28,paper_ssp_200m_strong_v1,8,750,750.0,B1,tr_cdd5f1950a3c_gpu,-30.0303,0.0,0.0,0,0.0,0.0,0,"{""conflicting_task_ownership"": 0, ""duplicate_execution"": 0, ""contradictory_reassignment"": 0, ""incompatible_mission_state"": 0, ""inconsistent_anomaly_state"": 0}",0,67200,67200,0.0,0.0,1.0,{},timeout,60.0
85424607cd80fc940be0d3f9bf743dcc9e509f91,5b412e7813f385bd,paper_risk_bounded_v1_2026-09-28,utility_v2_frozen_2026-09-28,safe_useful_retention_v1_2026-09-28,paper_ssp_200m_strong_v1,8,750,750.0,B2,tr_cdd5f1950a3c_gpu,-117.08815,0.9325842696629213,0.9325842696629213,83,1.0,1.0,9,"{""conflicting_task_ownership"": 0, ""duplicate_execution"": 0, ""contradictory_reassignment"": 1, ""incompatible_mission_state"": 4, ""inconsistent_anomaly_state"": 4}",0,67200,67200,0.0,0.0,1.0,{},timeout,60.0
85424607cd80fc940be0d3f9bf743dcc9e509f91,5b412e7813f385bd,paper_risk_bounded_v1_2026-09-28,utility_v2_frozen_2026-09-28,safe_useful_retention_v1_2026-09-28,paper_ssp_200m_strong_v1,8,750,750.0,B3,tr_cdd5f1950a3c_gpu,-30.0446,0.0,0.0,0,0.0,0.0,0,"{""conflicting_task_ownership"": 0, ""duplicate_execution"": 0, ""contradictory_reassignment"": 0, ""incompatible_mission_state"": 0, ""inconsistent_anomaly_state"": 0}",0,67200,67200,0.0,0.0,1.0,{},timeout,60.0
85424607cd80fc940be0d3f9bf743dcc9e509f91,5b412e7813f385bd,paper_risk_bounded_v1_2026-09-28,utility_v2_frozen_2026-09-28,safe_useful_retention_v1_2026-09-28,paper_ssp_200m_strong_v1,8,750,750.0,B4,tr_cdd5f1950a3c_gpu,-18.0303,0.0,0.0,0,0.2,0.0036231884057971015,0,"{""conflicting_task_ownership"": 0, ""duplicate_execution"": 0, ""contradictory_reassignment"": 0, ""incompatible_mission_state"": 0, ""inconsistent_anomaly_state"": 0}",0,67200,67200,0.0,0.0,1.0,{},timeout,60.0
85424607cd80fc940be0d3f9bf743dcc9e509f91,5b412e7813f385bd,paper_risk_bounded_v1_2026-09-28,utility_v2_frozen_2026-09-28,safe_useful_retention_v1_2026-09-28,paper_ssp_200m_strong_v1,8,750,750.0,B5_conservative,tr_cdd5f1950a3c_gpu,-30.0446,0.0,0.0,0,0.0,0.0,0,"{""conflicting_task_ownership"": 0, ""duplicate_execution"": 0, ""contradictory_reassignment"": 0, ""incompatible_mission_state"": 0, ""inconsistent_anomaly_state"": 0}",0,67200,67200,0.0,0.0,1.0,{},timeout,60.0
85424607cd80fc940be0d3f9bf743dcc9e509f91,5b412e7813f385bd,paper_risk_bounded_v1_2026-09-28,utility_v2_frozen_2026-09-28,safe_useful_retention_v1_2026-09-28,paper_ssp_200m_strong_v1,8,750,750.0,B5_nominal,tr_cdd5f1950a3c_gpu,-117.08815,0.9325842696629213,0.9325842696629213,83,1.0,1.0,9,"{""conflicting_task_ownership"": 0, ""duplicate_execution"": 0, ""contradictory_reassignment"": 1, ""incompatible_mission_state"": 4, ""inconsistent_anomaly_state"": 4}",0,67200,67200,0.0,0.0,1.0,{},timeout,60.0
85424607cd80fc940be0d3f9bf743dcc9e509f91,5b412e7813f385bd,paper_risk_bounded_v1_2026-09-28,utility_v2_frozen_2026-09-28,safe_useful_retention_v1_2026-09-28,paper_ssp_200m_strong_v1,8,750,750.0,B5_permissive,tr_cdd5f1950a3c_gpu,-117.08815,0.9325842696629213,0.9325842696629213,83,1.0,1.0,9,"{""conflicting_task_ownership"": 0, ""duplicate_execution"": 0, ""contradictory_reassignment"": 1, ""incompatible_mission_state"": 4, ""inconsistent_anomaly_state"": 4}",0,67200,67200,0.0,0.0,1.0,{},timeout,60.0
85424607cd80fc940be0d3f9bf743dcc9e509f91,81c15f76451e529b,paper_risk_bounded_v1_2026-09-28,utility_v2_frozen_2026-09-28,safe_useful_retention_v1_2026-09-28,paper_ssp_200m_strong_v1,8,1000,1000.0,B1,tr_cdd5f1950a3c_gpu,-30.0303,0.0,0.0,0,0.0,0.0,0,"{""conflicting_task_ownership"": 0, ""duplicate_execution"": 0, ""contradictory_reassignment"": 0, ""incompatible_mission_state"": 0, ""inconsistent_anomaly_state"": 0}",0,67200,67200,0.0,0.0,1.0,{},timeout,60.0
85424607cd80fc940be0d3f9bf743dcc9e509f91,81c15f76451e529b,paper_risk_bounded_v1_2026-09-28,utility_v2_frozen_2026-09-28,safe_useful_retention_v1_2026-09-28,paper_ssp_200m_strong_v1,8,1000,1000.0,B2,tr_cdd5f1950a3c_gpu,-117.08815,0.9325842696629213,0.9325842696629213,83,1.0,1.0,9,"{""conflicting_task_ownership"": 0, ""duplicate_execution"": 0, ""contradictory_reassignment"": 1, ""incompatible_mission_state"": 4, ""inconsistent_anomaly_state"": 4}",0,67200,67200,0.0,0.0,1.0,{},timeout,60.0
85424607cd80fc940be0d3f9bf743dcc9e509f91,81c15f76451e529b,paper_risk_bounded_v1_2026-09-28,utility_v2_frozen_2026-09-28,safe_useful_retention_v1_2026-09-28,paper_ssp_200m_strong_v1,8,1000,1000.0,B3,tr_cdd5f1950a3c_gpu,-30.0446,0.0,0.0,0,0.0,0.0,0,"{""conflicting_task_ownership"": 0, ""duplicate_execution"": 0, ""contradictory_reassignment"": 0, ""incompatible_mission_state"": 0, ""inconsistent_anomaly_state"": 0}",0,67200,67200,0.0,0.0,1.0,{},timeout,60.0
85424607cd80fc940be0d3f9bf743dcc9e509f91,81c15f76451e529b,paper_risk_bounded_v1_2026-09-28,utility_v2_frozen_2026-09-28,safe_useful_retention_v1_2026-09-28,paper_ssp_200m_strong_v1,8,1000,1000.0,B4,tr_cdd5f1950a3c_gpu,-18.0303,0.0,0.0,0,0.2,0.0036231884057971015,0,"{""conflicting_task_ownership"": 0, ""duplicate_execution"": 0, ""contradictory_reassignment"": 0, ""incompatible_mission_state"": 0, ""inconsistent_anomaly_state"": 0}",0,67200,67200,0.0,0.0,1.0,{},timeout,60.0
85424607cd80fc940be0d3f9bf743dcc9e509f91,81c15f76451e529b,paper_risk_bounded_v1_2026-09-28,utility_v2_frozen_2026-09-28,safe_useful_retention_v1_2026-09-28,paper_ssp_200m_strong_v1,8,1000,1000.0,B5_conservative,tr_cdd5f1950a3c_gpu,-30.0446,0.0,0.0,0,0.0,0.0,0,"{""conflicting_task_ownership"": 0, ""duplicate_execution"": 0, ""contradictory_reassignment"": 0, ""incompatible_mission_state"": 0, ""inconsistent_anomaly_state"": 0}",0,67200,67200,0.0,0.0,1.0,{},timeout,60.0
85424607cd80fc940be0d3f9bf743dcc9e509f91,81c15f76451e529b,paper_risk_bounded_v1_2026-09-28,utility_v2_frozen_2026-09-28,safe_useful_retention_v1_2026-09-28,paper_ssp_200m_strong_v1,8,1000,1000.0,B5_nominal,tr_cdd5f1950a3c_gpu,-117.08815,0.9325842696629213,0.9325842696629213,83,1.0,1.0,9,"{""conflicting_task_ownership"": 0, ""duplicate_execution"": 0, ""contradictory_reassignment"": 1, ""incompatible_mission_state"": 4, ""inconsistent_anomaly_state"": 4}",0,67200,67200,0.0,0.0,1.0,{},timeout,60.0
85424607cd80fc940be0d3f9bf743dcc9e509f91,81c15f76451e529b,paper_risk_bounded_v1_2026-09-28,utility_v2_frozen_2026-09-28,safe_useful_retention_v1_2026-09-28,paper_ssp_200m_strong_v1,8,1000,1000.0,B5_permissive,tr_cdd5f1950a3c_gpu,-117.08815,0.9325842696629213,0.9325842696629213,83,1.0,1.0,9,"{""conflicting_task_ownership"": 0, ""duplicate_execution"": 0, ""contradictory_reassignment"": 1, ""incompatible_mission_state"": 4, ""inconsistent_anomaly_state"": 4}",0,67200,67200,0.0,0.0,1.0,{},timeout,60.0
85424607cd80fc940be0d3f9bf743dcc9e509f91,8db397faa0893c7c,paper_risk_bounded_v1_2026-09-28,utility_v2_frozen_2026-09-28,safe_useful_retention_v1_2026-09-28,paper_ssp_200m_strong_v1,9,0,0.0,B1,tr_b3e3101c8c2a_gpu,47.9171,0.9857142857142858,0.9857142857142858,69,1.0,1.0,1,"{""conflicting_task_ownership"": 0, ""duplicate_execution"": 0, ""contradictory_reassignment"": 0, ""incompatible_mission_state"": 1, ""inconsistent_anomaly_state"": 0}",93696,5680,99376,0.9428433424569312,,,{},idle,0.0
85424607cd80fc940be0d3f9bf743dcc9e509f91,8db397faa0893c7c,paper_risk_bounded_v1_2026-09-28,utility_v2_frozen_2026-09-28,safe_useful_retention_v1_2026-09-28,paper_ssp_200m_strong_v1,9,0,0.0,B2,tr_b3e3101c8c2a_gpu,47.9171,0.9857142857142858,0.9857142857142858,69,1.0,1.0,1,"{""conflicting_task_ownership"": 0, ""duplicate_execution"": 0, ""contradictory_reassignment"": 0, ""incompatible_mission_state"": 1, ""inconsistent_anomaly_state"": 0}",93696,5680,99376,0.9428433424569312,,,{},idle,0.0
85424607cd80fc940be0d3f9bf743dcc9e509f91,8db397faa0893c7c,paper_risk_bounded_v1_2026-09-28,utility_v2_frozen_2026-09-28,safe_useful_retention_v1_2026-09-28,paper_ssp_200m_strong_v1,9,0,0.0,B3,tr_b3e3101c8c2a_gpu,-30.0462,0.0,0.0,0,0.0,0.0,0,"{""conflicting_task_ownership"": 0, ""duplicate_execution"": 0, ""contradictory_reassignment"": 0, ""incompatible_mission_state"": 0, ""inconsistent_anomaly_state"": 0}",93696,8400,102096,0.917724494593324,,,{},idle,0.0
85424607cd80fc940be0d3f9bf743dcc9e509f91,8db397faa0893c7c,paper_risk_bounded_v1_2026-09-28,utility_v2_frozen_2026-09-28,safe_useful_retention_v1_2026-09-28,paper_ssp_200m_strong_v1,9,0,0.0,B4,tr_b3e3101c8c2a_gpu,-18.0462,0.0,0.0,0,1.0,0.0035714285714285713,0,"{""conflicting_task_ownership"": 0, ""duplicate_execution"": 0, ""contradictory_reassignment"": 0, ""incompatible_mission_state"": 0, ""inconsistent_anomaly_state"": 0}",93696,8400,102096,0.917724494593324,,,{},idle,0.0
85424607cd80fc940be0d3f9bf743dcc9e509f91,8db397faa0893c7c,paper_risk_bounded_v1_2026-09-28,utility_v2_frozen_2026-09-28,safe_useful_retention_v1_2026-09-28,paper_ssp_200m_strong_v1,9,0,0.0,B5_conservative,tr_b3e3101c8c2a_gpu,-30.0462,0.0,0.0,0,0.0,0.0,0,"{""conflicting_task_ownership"": 0, ""duplicate_execution"": 0, ""contradictory_reassignment"": 0, ""incompatible_mission_state"": 0, ""inconsistent_anomaly_state"": 0}",93696,8400,102096,0.917724494593324,,,{},idle,0.0
85424607cd80fc940be0d3f9bf743dcc9e509f91,8db397faa0893c7c,paper_risk_bounded_v1_2026-09-28,utility_v2_frozen_2026-09-28,safe_useful_retention_v1_2026-09-28,paper_ssp_200m_strong_v1,9,0,0.0,B5_nominal,tr_b3e3101c8c2a_gpu,47.9171,0.9857142857142858,0.9857142857142858,69,1.0,1.0,1,"{""conflicting_task_ownership"": 0, ""duplicate_execution"": 0, ""contradictory_reassignment"": 0, ""incompatible_mission_state"": 1, ""inconsistent_anomaly_state"": 0}",93696,5680,99376,0.9428433424569312,,,{},idle,0.0
85424607cd80fc940be0d3f9bf743dcc9e509f91,8db397faa0893c7c,paper_risk_bounded_v1_2026-09-28,utility_v2_frozen_2026-09-28,safe_useful_retention_v1_2026-09-28,paper_ssp_200m_strong_v1,9,0,0.0,B5_permissive,tr_b3e3101c8c2a_gpu,47.9171,0.9857142857142858,0.9857142857142858,69,1.0,1.0,1,"{""conflicting_task_ownership"": 0, ""duplicate_execution"": 0, ""contradictory_reassignment"": 0, ""incompatible_mission_state"": 1, ""inconsistent_anomaly_state"": 0}",93696,5680,99376,0.9428433424569312,,,{},idle,0.0
85424607cd80fc940be0d3f9bf743dcc9e509f91,21687d3b5ec16a4e,paper_risk_bounded_v1_2026-09-28,utility_v2_frozen_2026-09-28,safe_useful_retention_v1_2026-09-28,paper_ssp_200m_strong_v1,9,150,150.0,B1,tr_b3e3101c8c2a_gpu,47.9177,0.868421052631579,0.9850746268656716,66,1.0,1.0,1,"{""conflicting_task_ownership"": 0, ""duplicate_execution"": 0, ""contradictory_reassignment"": 0, ""incompatible_mission_state"": 1, ""inconsistent_anomaly_state"": 0}",94720,9520,104240,0.908672294704528,0.0,1.0,{},timeout,60.0
85424607cd80fc940be0d3f9bf743dcc9e509f91,21687d3b5ec16a4e,paper_risk_bounded_v1_2026-09-28,utility_v2_frozen_2026-09-28,safe_useful_retention_v1_2026-09-28,paper_ssp_200m_strong_v1,9,150,150.0,B2,tr_b3e3101c8c2a_gpu,41.923,0.9210526315789473,0.9210526315789473,70,1.0,1.0,2,"{""conflicting_task_ownership"": 0, ""duplicate_execution"": 0, ""contradictory_reassignment"": 1, ""incompatible_mission_state"": 1, ""inconsistent_anomaly_state"": 0}",94720,9520,104240,0.908672294704528,0.0,1.0,{},timeout,60.0
85424607cd80fc940be0d3f9bf743dcc9e509f91,21687d3b5ec16a4e,paper_risk_bounded_v1_2026-09-28,utility_v2_frozen_2026-09-28,safe_useful_retention_v1_2026-09-28,paper_ssp_200m_strong_v1,9,150,150.0,B3,tr_b3e3101c8c2a_gpu,-30.046,0.0,0.0,0,0.0,0.0,0,"{""conflicting_task_ownership"": 0, ""duplicate_execution"": 0, ""contradictory_reassignment"": 0, ""incompatible_mission_state"": 0, ""inconsistent_anomaly_state"": 0}",94720,12240,106960,0.8855646970830217,0.0,1.0,{},timeout,60.0
85424607cd80fc940be0d3f9bf743dcc9e509f91,21687d3b5ec16a4e,paper_risk_bounded_v1_2026-09-28,utility_v2_frozen_2026-09-28,safe_useful_retention_v1_2026-09-28,paper_ssp_200m_strong_v1,9,150,150.0,B4,tr_b3e3101c8c2a_gpu,0.95355,0.0,0.0,0,0.8,0.014234875444839857,1,"{""conflicting_task_ownership"": 0, ""duplicate_execution"": 0, ""contradictory_reassignment"": 1, ""incompatible_mission_state"": 0, ""inconsistent_anomaly_state"": 0}",94720,12240,106960,0.8855646970830217,0.0,1.0,{},timeout,60.0
85424607cd80fc940be0d3f9bf743dcc9e509f91,21687d3b5ec16a4e,paper_risk_bounded_v1_2026-09-28,utility_v2_frozen_2026-09-28,safe_useful_retention_v1_2026-09-28,paper_ssp_200m_strong_v1,9,150,150.0,B5_conservative,tr_b3e3101c8c2a_gpu,-30.046,0.0,0.0,0,0.0,0.0,0,"{""conflicting_task_ownership"": 0, ""duplicate_execution"": 0, ""contradictory_reassignment"": 0, ""incompatible_mission_state"": 0, ""inconsistent_anomaly_state"": 0}",94720,12240,106960,0.8855646970830217,0.0,1.0,{},timeout,60.0
85424607cd80fc940be0d3f9bf743dcc9e509f91,21687d3b5ec16a4e,paper_risk_bounded_v1_2026-09-28,utility_v2_frozen_2026-09-28,safe_useful_retention_v1_2026-09-28,paper_ssp_200m_strong_v1,9,150,150.0,B5_nominal,tr_b3e3101c8c2a_gpu,41.923,0.9210526315789473,0.9210526315789473,70,1.0,1.0,2,"{""conflicting_task_ownership"": 0, ""duplicate_execution"": 0, ""contradictory_reassignment"": 1, ""incompatible_mission_state"": 1, ""inconsistent_anomaly_state"": 0}",94720,9520,104240,0.908672294704528,0.0,1.0,{},timeout,60.0
85424607cd80fc940be0d3f9bf743dcc9e509f91,21687d3b5ec16a4e,paper_risk_bounded_v1_2026-09-28,utility_v2_frozen_2026-09-28,safe_useful_retention_v1_2026-09-28,paper_ssp_200m_strong_v1,9,150,150.0,B5_permissive,tr_b3e3101c8c2a_gpu,41.923,0.9210526315789473,0.9210526315789473,70,1.0,1.0,2,"{""conflicting_task_ownership"": 0, ""duplicate_execution"": 0, ""contradictory_reassignment"": 1, ""incompatible_mission_state"": 1, ""inconsistent_anomaly_state"": 0}",94720,9520,104240,0.908672294704528,0.0,1.0,{},timeout,60.0
85424607cd80fc940be0d3f9bf743dcc9e509f91,f6dc41527b6f88d3,paper_risk_bounded_v1_2026-09-28,utility_v2_frozen_2026-09-28,safe_useful_retention_v1_2026-09-28,paper_ssp_200m_strong_v1,9,300,300.0,B1,tr_b3e3101c8c2a_gpu,47.9183,0.8170731707317073,0.9852941176470589,67,1.0,1.0,1,"{""conflicting_task_ownership"": 0, ""duplicate_execution"": 0, ""contradictory_reassignment"": 0, ""incompatible_mission_state"": 1, ""inconsistent_anomaly_state"": 0}",91136,12880,104016,0.876172896477465,0.3333333333333333,0.6666666666666666,"{""auv_02"": 40.0, ""auv_03"": 40.0, ""auv_04"": 40.0, ""auv_09"": 60.0}",partial,60.0
85424607cd80fc940be0d3f9bf743dcc9e509f91,f6dc41527b6f88d3,paper_risk_bounded_v1_2026-09-28,utility_v2_frozen_2026-09-28,safe_useful_retention_v1_2026-09-28,paper_ssp_200m_strong_v1,9,300,300.0,B2,tr_b3e3101c8c2a_gpu,-14.0806,0.925,0.925,74,1.0,1.0,6,"{""conflicting_task_ownership"": 0, ""duplicate_execution"": 0, ""contradictory_reassignment"": 1, ""incompatible_mission_state"": 1, ""inconsistent_anomaly_state"": 4}",91136,12880,104016,0.876172896477465,0.3333333333333333,0.6666666666666666,"{""auv_04"": 40.0, ""auv_02"": 40.0, ""auv_03"": 40.0, ""auv_09"": 60.0}",partial,60.0
85424607cd80fc940be0d3f9bf743dcc9e509f91,f6dc41527b6f88d3,paper_risk_bounded_v1_2026-09-28,utility_v2_frozen_2026-09-28,safe_useful_retention_v1_2026-09-28,paper_ssp_200m_strong_v1,9,300,300.0,B3,tr_b3e3101c8c2a_gpu,-30.0458,0.0,0.0,0,0.0,0.0,0,"{""conflicting_task_ownership"": 0, ""duplicate_execution"": 0, ""contradictory_reassignment"": 0, ""incompatible_mission_state"": 0, ""inconsistent_anomaly_state"": 0}",91136,15600,106736,0.8538450007495129,0.3333333333333333,0.6666666666666666,"{""auv_04"": 40.0, ""auv_03"": 40.0, ""auv_02"": 40.0, ""auv_09"": 60.0}",partial,60.0
85424607cd80fc940be0d3f9bf743dcc9e509f91,f6dc41527b6f88d3,paper_risk_bounded_v1_2026-09-28,utility_v2_frozen_2026-09-28,safe_useful_retention_v1_2026-09-28,paper_ssp_200m_strong_v1,9,300,300.0,B4,tr_b3e3101c8c2a_gpu,0.95375,0.0,0.0,0,0.8,0.014184397163120567,1,"{""conflicting_task_ownership"": 0, ""duplicate_execution"": 0, ""contradictory_reassignment"": 1, ""incompatible_mission_state"": 0, ""inconsistent_anomaly_state"": 0}",91136,15600,106736,0.8538450007495129,0.3333333333333333,0.6666666666666666,"{""auv_04"": 40.0, ""auv_02"": 40.0, ""auv_03"": 40.0, ""auv_09"": 60.0}",partial,60.0
85424607cd80fc940be0d3f9bf743dcc9e509f91,f6dc41527b6f88d3,paper_risk_bounded_v1_2026-09-28,utility_v2_frozen_2026-09-28,safe_useful_retention_v1_2026-09-28,paper_ssp_200m_strong_v1,9,300,300.0,B5_conservative,tr_b3e3101c8c2a_gpu,-30.0458,0.0,0.0,0,0.0,0.0,0,"{""conflicting_task_ownership"": 0, ""duplicate_execution"": 0, ""contradictory_reassignment"": 0, ""incompatible_mission_state"": 0, ""inconsistent_anomaly_state"": 0}",91136,15600,106736,0.8538450007495129,0.3333333333333333,0.6666666666666666,"{""auv_03"": 40.0, ""auv_02"": 40.0, ""auv_04"": 40.0, ""auv_09"": 60.0}",partial,60.0
85424607cd80fc940be0d3f9bf743dcc9e509f91,f6dc41527b6f88d3,paper_risk_bounded_v1_2026-09-28,utility_v2_frozen_2026-09-28,safe_useful_retention_v1_2026-09-28,paper_ssp_200m_strong_v1,9,300,300.0,B5_nominal,tr_b3e3101c8c2a_gpu,-14.0806,0.925,0.925,74,1.0,1.0,6,"{""conflicting_task_ownership"": 0, ""duplicate_execution"": 0, ""contradictory_reassignment"": 1, ""incompatible_mission_state"": 1, ""inconsistent_anomaly_state"": 4}",91136,12880,104016,0.876172896477465,0.3333333333333333,0.6666666666666666,"{""auv_02"": 40.0, ""auv_03"": 40.0, ""auv_04"": 40.0, ""auv_09"": 60.0}",partial,60.0
85424607cd80fc940be0d3f9bf743dcc9e509f91,f6dc41527b6f88d3,paper_risk_bounded_v1_2026-09-28,utility_v2_frozen_2026-09-28,safe_useful_retention_v1_2026-09-28,paper_ssp_200m_strong_v1,9,300,300.0,B5_permissive,tr_b3e3101c8c2a_gpu,-14.0806,0.925,0.925,74,1.0,1.0,6,"{""conflicting_task_ownership"": 0, ""duplicate_execution"": 0, ""contradictory_reassignment"": 1, ""incompatible_mission_state"": 1, ""inconsistent_anomaly_state"": 4}",91136,12880,104016,0.876172896477465,0.3333333333333333,0.6666666666666666,"{""auv_04"": 40.0, ""auv_02"": 40.0, ""auv_03"": 40.0, ""auv_09"": 60.0}",partial,60.0
85424607cd80fc940be0d3f9bf743dcc9e509f91,094a423762393fff,paper_risk_bounded_v1_2026-09-28,utility_v2_frozen_2026-09-28,safe_useful_retention_v1_2026-09-28,paper_ssp_200m_strong_v1,9,500,500.0,B1,tr_b3e3101c8c2a_gpu,47.9189,0.75,0.9850746268656716,66,1.0,1.0,1,"{""conflicting_task_ownership"": 0, ""duplicate_execution"": 0, ""contradictory_reassignment"": 0, ""incompatible_mission_state"": 1, ""inconsistent_anomaly_state"": 0}",79872,17680,97552,0.8187633262260128,0.08333333333333333,0.9166666666666666,"{""auv_06"": 60.0}",partial,60.0
85424607cd80fc940be0d3f9bf743dcc9e509f91,094a423762393fff,paper_risk_bounded_v1_2026-09-28,utility_v2_frozen_2026-09-28,safe_useful_retention_v1_2026-09-28,paper_ssp_200m_strong_v1,9,500,500.0,B2,tr_b3e3101c8c2a_gpu,-77.08455,0.9294117647058824,0.9294117647058824,79,1.0,1.0,9,"{""conflicting_task_ownership"": 0, ""duplicate_execution"": 0, ""contradictory_reassignment"": 1, ""incompatible_mission_state"": 4, ""inconsistent_anomaly_state"": 4}",79872,17680,97552,0.8187633262260128,0.08333333333333333,0.9166666666666666,"{""auv_06"": 60.0}",partial,60.0
85424607cd80fc940be0d3f9bf743dcc9e509f91,094a423762393fff,paper_risk_bounded_v1_2026-09-28,utility_v2_frozen_2026-09-28,safe_useful_retention_v1_2026-09-28,paper_ssp_200m_strong_v1,9,500,500.0,B3,tr_b3e3101c8c2a_gpu,-30.0456,0.0,0.0,0,0.0,0.0,0,"{""conflicting_task_ownership"": 0, ""duplicate_execution"": 0, ""contradictory_reassignment"": 0, ""incompatible_mission_state"": 0, ""inconsistent_anomaly_state"": 0}",79872,20400,100272,0.7965533748204883,0.08333333333333333,0.9166666666666666,"{""auv_06"": 60.0}",partial,60.0
85424607cd80fc940be0d3f9bf743dcc9e509f91,094a423762393fff,paper_risk_bounded_v1_2026-09-28,utility_v2_frozen_2026-09-28,safe_useful_retention_v1_2026-09-28,paper_ssp_200m_strong_v1,9,500,500.0,B4,tr_b3e3101c8c2a_gpu,0.95395,0.0,0.0,0,0.8,0.014336917562724014,1,"{""conflicting_task_ownership"": 0, ""duplicate_execution"": 0, ""contradictory_reassignment"": 1, ""incompatible_mission_state"": 0, ""inconsistent_anomaly_state"": 0}",79872,20400,100272,0.7965533748204883,0.08333333333333333,0.9166666666666666,"{""auv_06"": 60.0}",partial,60.0
85424607cd80fc940be0d3f9bf743dcc9e509f91,094a423762393fff,paper_risk_bounded_v1_2026-09-28,utility_v2_frozen_2026-09-28,safe_useful_retention_v1_2026-09-28,paper_ssp_200m_strong_v1,9,500,500.0,B5_conservative,tr_b3e3101c8c2a_gpu,-30.0456,0.0,0.0,0,0.0,0.0,0,"{""conflicting_task_ownership"": 0, ""duplicate_execution"": 0, ""contradictory_reassignment"": 0, ""incompatible_mission_state"": 0, ""inconsistent_anomaly_state"": 0}",79872,20400,100272,0.7965533748204883,0.08333333333333333,0.9166666666666666,"{""auv_06"": 60.0}",partial,60.0
85424607cd80fc940be0d3f9bf743dcc9e509f91,094a423762393fff,paper_risk_bounded_v1_2026-09-28,utility_v2_frozen_2026-09-28,safe_useful_retention_v1_2026-09-28,paper_ssp_200m_strong_v1,9,500,500.0,B5_nominal,tr_b3e3101c8c2a_gpu,-77.08455,0.9294117647058824,0.9294117647058824,79,1.0,1.0,9,"{""conflicting_task_ownership"": 0, ""duplicate_execution"": 0, ""contradictory_reassignment"": 1, ""incompatible_mission_state"": 4, ""inconsistent_anomaly_state"": 4}",79872,17680,97552,0.8187633262260128,0.08333333333333333,0.9166666666666666,"{""auv_06"": 60.0}",partial,60.0
85424607cd80fc940be0d3f9bf743dcc9e509f91,094a423762393fff,paper_risk_bounded_v1_2026-09-28,utility_v2_frozen_2026-09-28,safe_useful_retention_v1_2026-09-28,paper_ssp_200m_strong_v1,9,500,500.0,B5_permissive,tr_b3e3101c8c2a_gpu,-77.08455,0.9294117647058824,0.9294117647058824,79,1.0,1.0,9,"{""conflicting_task_ownership"": 0, ""duplicate_execution"": 0, ""contradictory_reassignment"": 1, ""incompatible_mission_state"": 4, ""inconsistent_anomaly_state"": 4}",79872,17680,97552,0.8187633262260128,0.08333333333333333,0.9166666666666666,"{""auv_06"": 60.0}",partial,60.0
85424607cd80fc940be0d3f9bf743dcc9e509f91,61a45e55278fb227,paper_risk_bounded_v1_2026-09-28,utility_v2_frozen_2026-09-28,safe_useful_retention_v1_2026-09-28,paper_ssp_200m_strong_v1,9,750,750.0,B1,tr_b3e3101c8c2a_gpu,47.9192,0.7252747252747253,0.9850746268656716,66,1.0,1.0,1,"{""conflicting_task_ownership"": 0, ""duplicate_execution"": 0, ""contradictory_reassignment"": 0, ""incompatible_mission_state"": 1, ""inconsistent_anomaly_state"": 0}",76288,23920,100208,0.7612965032731918,0.5,0.5,"{""auv_11"": 20.0, ""auv_02"": 20.0, ""auv_08"": 20.0, ""auv_01"": 40.0, ""auv_00"": 40.0, ""auv_03"": 40.0}",partial,40.0
85424607cd80fc940be0d3f9bf743dcc9e509f91,61a45e55278fb227,paper_risk_bounded_v1_2026-09-28,utility_v2_frozen_2026-09-28,safe_useful_retention_v1_2026-09-28,paper_ssp_200m_strong_v1,9,750,750.0,B2,tr_b3e3101c8c2a_gpu,-77.08455,0.9294117647058824,0.9294117647058824,79,1.0,1.0,9,"{""conflicting_task_ownership"": 0, ""duplicate_execution"": 0, ""contradictory_reassignment"": 1, ""incompatible_mission_state"": 4, ""inconsistent_anomaly_state"": 4}",76288,23920,100208,0.7612965032731918,0.5,0.5,"{""auv_08"": 20.0, ""auv_02"": 20.0, ""auv_11"": 20.0, ""auv_00"": 40.0, ""auv_03"": 40.0, ""auv_01"": 40.0}",partial,40.0
85424607cd80fc940be0d3f9bf743dcc9e509f91,61a45e55278fb227,paper_risk_bounded_v1_2026-09-28,utility_v2_frozen_2026-09-28,safe_useful_retention_v1_2026-09-28,paper_ssp_200m_strong_v1,9,750,750.0,B3,tr_b3e3101c8c2a_gpu,-30.0453,0.0,0.0,0,0.0,0.0,0,"{""conflicting_task_ownership"": 0, ""duplicate_execution"": 0, ""contradictory_reassignment"": 0, ""incompatible_mission_state"": 0, ""inconsistent_anomaly_state"": 0}",76288,26640,102928,0.741178299393751,0.5,0.5,"{""auv_02"": 20.0, ""auv_11"": 20.0, ""auv_08"": 20.0, ""auv_01"": 40.0, ""auv_00"": 40.0, ""auv_03"": 40.0}",partial,40.0
85424607cd80fc940be0d3f9bf743dcc9e509f91,61a45e55278fb227,paper_risk_bounded_v1_2026-09-28,utility_v2_frozen_2026-09-28,safe_useful_retention_v1_2026-09-28,paper_ssp_200m_strong_v1,9,750,750.0,B4,tr_b3e3101c8c2a_gpu,0.95425,0.0,0.0,0,0.8,0.014336917562724014,1,"{""conflicting_task_ownership"": 0, ""duplicate_execution"": 0, ""contradictory_reassignment"": 1, ""incompatible_mission_state"": 0, ""inconsistent_anomaly_state"": 0}",76288,26640,102928,0.741178299393751,0.5,0.5,"{""auv_08"": 20.0, ""auv_02"": 20.0, ""auv_11"": 20.0, ""auv_03"": 40.0, ""auv_00"": 40.0, ""auv_01"": 40.0}",partial,40.0
85424607cd80fc940be0d3f9bf743dcc9e509f91,61a45e55278fb227,paper_risk_bounded_v1_2026-09-28,utility_v2_frozen_2026-09-28,safe_useful_retention_v1_2026-09-28,paper_ssp_200m_strong_v1,9,750,750.0,B5_conservative,tr_b3e3101c8c2a_gpu,-30.0453,0.0,0.0,0,0.0,0.0,0,"{""conflicting_task_ownership"": 0, ""duplicate_execution"": 0, ""contradictory_reassignment"": 0, ""incompatible_mission_state"": 0, ""inconsistent_anomaly_state"": 0}",76288,26640,102928,0.741178299393751,0.5,0.5,"{""auv_08"": 20.0, ""auv_11"": 20.0, ""auv_02"": 20.0, ""auv_01"": 40.0, ""auv_00"": 40.0, ""auv_03"": 40.0}",partial,40.0
85424607cd80fc940be0d3f9bf743dcc9e509f91,61a45e55278fb227,paper_risk_bounded_v1_2026-09-28,utility_v2_frozen_2026-09-28,safe_useful_retention_v1_2026-09-28,paper_ssp_200m_strong_v1,9,750,750.0,B5_nominal,tr_b3e3101c8c2a_gpu,-77.08455,0.9294117647058824,0.9294117647058824,79,1.0,1.0,9,"{""conflicting_task_ownership"": 0, ""duplicate_execution"": 0, ""contradictory_reassignment"": 1, ""incompatible_mission_state"": 4, ""inconsistent_anomaly_state"": 4}",76288,23920,100208,0.7612965032731918,0.5,0.5,"{""auv_02"": 20.0, ""auv_08"": 20.0, ""auv_11"": 20.0, ""auv_00"": 40.0, ""auv_03"": 40.0, ""auv_01"": 40.0}",partial,40.0
85424607cd80fc940be0d3f9bf743dcc9e509f91,61a45e55278fb227,paper_risk_bounded_v1_2026-09-28,utility_v2_frozen_2026-09-28,safe_useful_retention_v1_2026-09-28,paper_ssp_200m_strong_v1,9,750,750.0,B5_permissive,tr_b3e3101c8c2a_gpu,-77.08455,0.9294117647058824,0.9294117647058824,79,1.0,1.0,9,"{""conflicting_task_ownership"": 0, ""duplicate_execution"": 0, ""contradictory_reassignment"": 1, ""incompatible_mission_state"": 4, ""inconsistent_anomaly_state"": 4}",76288,23920,100208,0.7612965032731918,0.5,0.5,"{""auv_02"": 20.0, ""auv_08"": 20.0, ""auv_11"": 20.0, ""auv_01"": 40.0, ""auv_00"": 40.0, ""auv_03"": 40.0}",partial,40.0
85424607cd80fc940be0d3f9bf743dcc9e509f91,03e320107ccc7562,paper_risk_bounded_v1_2026-09-28,utility_v2_frozen_2026-09-28,safe_useful_retention_v1_2026-09-28,paper_ssp_200m_strong_v1,9,1000,1000.0,B1,tr_b3e3101c8c2a_gpu,47.9229,0.6666666666666666,0.9850746268656716,66,1.0,1.0,1,"{""conflicting_task_ownership"": 0, ""duplicate_execution"": 0, ""contradictory_reassignment"": 0, ""incompatible_mission_state"": 1, ""inconsistent_anomaly_state"": 0}",65024,29680,94704,0.6866024666328772,0.3333333333333333,0.6666666666666666,"{""auv_06"": 20.0, ""auv_01"": 20.0, ""auv_02"": 40.0, ""auv_09"": 60.0}",partial,60.0
85424607cd80fc940be0d3f9bf743dcc9e509f91,03e320107ccc7562,paper_risk_bounded_v1_2026-09-28,utility_v2_frozen_2026-09-28,safe_useful_retention_v1_2026-09-28,paper_ssp_200m_strong_v1,9,1000,1000.0,B2,tr_b3e3101c8c2a_gpu,-117.08815,0.9325842696629213,0.9325842696629213,83,1.0,1.0,9,"{""conflicting_task_ownership"": 0, ""duplicate_execution"": 0, ""contradictory_reassignment"": 1, ""incompatible_mission_state"": 4, ""inconsistent_anomaly_state"": 4}",65024,29680,94704,0.6866024666328772,0.3333333333333333,0.6666666666666666,"{""auv_01"": 20.0, ""auv_06"": 20.0, ""auv_02"": 40.0, ""auv_09"": 60.0}",partial,60.0
85424607cd80fc940be0d3f9bf743dcc9e509f91,03e320107ccc7562,paper_risk_bounded_v1_2026-09-28,utility_v2_frozen_2026-09-28,safe_useful_retention_v1_2026-09-28,paper_ssp_200m_strong_v1,9,1000,1000.0,B3,tr_b3e3101c8c2a_gpu,-30.0449,0.0,0.0,0,0.0,0.0,0,"{""conflicting_task_ownership"": 0, ""duplicate_execution"": 0, ""contradictory_reassignment"": 0, ""incompatible_mission_state"": 0, ""inconsistent_anomaly_state"": 0}",65024,32400,97424,0.6674330760387585,0.3333333333333333,0.6666666666666666,"{""auv_01"": 20.0, ""auv_06"": 20.0, ""auv_02"": 40.0, ""auv_09"": 60.0}",partial,60.0
85424607cd80fc940be0d3f9bf743dcc9e509f91,03e320107ccc7562,paper_risk_bounded_v1_2026-09-28,utility_v2_frozen_2026-09-28,safe_useful_retention_v1_2026-09-28,paper_ssp_200m_strong_v1,9,1000,1000.0,B4,tr_b3e3101c8c2a_gpu,0.9551499999999999,0.0,0.0,0,0.8,0.014492753623188406,1,"{""conflicting_task_ownership"": 0, ""duplicate_execution"": 0, ""contradictory_reassignment"": 1, ""incompatible_mission_state"": 0, ""inconsistent_anomaly_state"": 0}",65024,32400,97424,0.6674330760387585,0.3333333333333333,0.6666666666666666,"{""auv_06"": 20.0, ""auv_01"": 20.0, ""auv_02"": 40.0, ""auv_09"": 60.0}",partial,60.0
85424607cd80fc940be0d3f9bf743dcc9e509f91,03e320107ccc7562,paper_risk_bounded_v1_2026-09-28,utility_v2_frozen_2026-09-28,safe_useful_retention_v1_2026-09-28,paper_ssp_200m_strong_v1,9,1000,1000.0,B5_conservative,tr_b3e3101c8c2a_gpu,-30.0449,0.0,0.0,0,0.0,0.0,0,"{""conflicting_task_ownership"": 0, ""duplicate_execution"": 0, ""contradictory_reassignment"": 0, ""incompatible_mission_state"": 0, ""inconsistent_anomaly_state"": 0}",65024,32400,97424,0.6674330760387585,0.3333333333333333,0.6666666666666666,"{""auv_01"": 20.0, ""auv_06"": 20.0, ""auv_02"": 40.0, ""auv_09"": 60.0}",partial,60.0
85424607cd80fc940be0d3f9bf743dcc9e509f91,03e320107ccc7562,paper_risk_bounded_v1_2026-09-28,utility_v2_frozen_2026-09-28,safe_useful_retention_v1_2026-09-28,paper_ssp_200m_strong_v1,9,1000,1000.0,B5_nominal,tr_b3e3101c8c2a_gpu,-117.08815,0.9325842696629213,0.9325842696629213,83,1.0,1.0,9,"{""conflicting_task_ownership"": 0, ""duplicate_execution"": 0, ""contradictory_reassignment"": 1, ""incompatible_mission_state"": 4, ""inconsistent_anomaly_state"": 4}",65024,29680,94704,0.6866024666328772,0.3333333333333333,0.6666666666666666,"{""auv_06"": 20.0, ""auv_01"": 20.0, ""auv_02"": 40.0, ""auv_09"": 60.0}",partial,60.0
85424607cd80fc940be0d3f9bf743dcc9e509f91,03e320107ccc7562,paper_risk_bounded_v1_2026-09-28,utility_v2_frozen_2026-09-28,safe_useful_retention_v1_2026-09-28,paper_ssp_200m_strong_v1,9,1000,1000.0,B5_permissive,tr_b3e3101c8c2a_gpu,-117.08815,0.9325842696629213,0.9325842696629213,83,1.0,1.0,9,"{""conflicting_task_ownership"": 0, ""duplicate_execution"": 0, ""contradictory_reassignment"": 1, ""incompatible_mission_state"": 4, ""inconsistent_anomaly_state"": 4}",65024,29680,94704,0.6866024666328772,0.3333333333333333,0.6666666666666666,"{""auv_01"": 20.0, ""auv_06"": 20.0, ""auv_02"": 40.0, ""auv_09"": 60.0}",partial,60.0
