git_commit,config_hash,policy_version,utility_freeze_id,safe_useful_retention_freeze_id,environment_id,seed,outage,outage_duration_s,baseline,trace_id,mission_utility,mission_completion_ratio,hard_safety_violation_rate,hard_safety_violation_count,safe_useful_retention,semantic_conflicts_per_mission,missed_mandatory,useful_reassignment_count,duplicate_work_count,energy_propulsion_j,energy_communication_j,energy_compute_j,energy_total_j,governance_tx_bytes,mission_tx_bytes,total_tx_bytes,gco,auv_reauth_fraction,auv_timeout_fraction,recon_status,recon_latency_s,proposed_by_type,decision_by_type,decision_by_risk_class,reason_code_counts
b0c80b8952954b057e2294eece3ac2f79c8c32a1,208d9412029b1af0,paper_risk_bounded_v2_2026-09-30,utility_v2_frozen_2026-09-28,safe_useful_retention_v1_2026-09-28,paper_ssp_200m_v1,0,0,0.0,B4,tr_54fb653caded_gpu,-18.0462,0.5,0.0,0,1.0,0,6,1,0,8400.0,107.84,840.0,9347.84,74240,33600,107840,0.6884272997032641,,,idle,0.0,"{""repeat_sonar_scan"": 24, ""enter_exclusion_zone"": 209, ""exceed_return_energy_reserve"": 70, ""hold_station"": 70, ""reassign_another_auv"": 1, ""bounded_path_correction"": 402, ""abandon_mandatory_inspection"": 64}","{""repeat_sonar_scan"": {""ALLOW"": 24, ""DENY"": 0, ""DEFER"": 0}, ""enter_exclusion_zone"": {""ALLOW"": 0, ""DENY"": 209, ""DEFER"": 0}, ""exceed_return_energy_reserve"": {""ALLOW"": 0, ""DENY"": 70, ""DEFER"": 0}, ""hold_station"": {""ALLOW"": 70, ""DENY"": 0, ""DEFER"": 0}, ""reassign_another_auv"": {""ALLOW"": 1, ""DENY"": 0, ""DEFER"": 0}, ""bounded_path_correction"": {""ALLOW"": 402, ""DENY"": 0, ""DEFER"": 0}, ""abandon_mandatory_inspection"": {""ALLOW"": 0, ""DENY"": 64, ""DEFER"": 0}}","{""low"": {""ALLOW"": 496, ""DENY"": 0, ""DEFER"": 0}, ""consequential"": {""ALLOW"": 1, ""DENY"": 343, ""DEFER"": 0}}","{""ALLOW_LOW_RISK"": 496, ""DENY_FORBIDDEN"": 343, ""ALLOW_AUTHORIZED"": 1}"
b0c80b8952954b057e2294eece3ac2f79c8c32a1,f2ac4fa7ded3c46c,paper_risk_bounded_v2_2026-09-30,utility_v2_frozen_2026-09-28,safe_useful_retention_v1_2026-09-28,paper_ssp_200m_v1,0,150,150.0,B4,tr_54fb653caded_gpu,0.9535499999999999,0.5833333333333334,0.0,0,0.8,1,5,1,0,8345.0,116.928,945.0,9406.928,79488,37440,116928,0.6798029556650246,0.25,0.75,partial,60.0,"{""repeat_sonar_scan"": 27, ""enter_exclusion_zone"": 206, ""exceed_return_energy_reserve"": 70, ""hold_station"": 70, ""reassign_another_auv"": 5, ""bounded_path_correction"": 397, ""abandon_mandatory_inspection"": 64, ""change_high_level_objective"": 1}","{""repeat_sonar_scan"": {""ALLOW"": 27, ""DENY"": 0, ""DEFER"": 0}, ""enter_exclusion_zone"": {""ALLOW"": 0, ""DENY"": 206, ""DEFER"": 0}, ""exceed_return_energy_reserve"": {""ALLOW"": 0, ""DENY"": 70, ""DEFER"": 0}, ""hold_station"": {""ALLOW"": 70, ""DENY"": 0, ""DEFER"": 0}, ""reassign_another_auv"": {""ALLOW"": 4, ""DENY"": 1, ""DEFER"": 0}, ""bounded_path_correction"": {""ALLOW"": 397, ""DENY"": 0, ""DEFER"": 0}, ""abandon_mandatory_inspection"": {""ALLOW"": 0, ""DENY"": 64, ""DEFER"": 0}, ""change_high_level_objective"": {""ALLOW"": 0, ""DENY"": 1, ""DEFER"": 0}}","{""low"": {""ALLOW"": 494, ""DENY"": 0, ""DEFER"": 0}, ""consequential"": {""ALLOW"": 4, ""DENY"": 342, ""DEFER"": 0}}","{""ALLOW_LOW_RISK"": 494, ""DENY_FORBIDDEN"": 326, ""ALLOW_AUTHORIZED"": 4, ""DENY_CONDITIONAL_UNMET"": 1, ""DENY_RECOVERING_HARD_SAFETY"": 15}"
b0c80b8952954b057e2294eece3ac2f79c8c32a1,07bae3fb9af6e47e,paper_risk_bounded_v2_2026-09-30,utility_v2_frozen_2026-09-28,safe_useful_retention_v1_2026-09-28,paper_ssp_200m_v1,0,300,300.0,B4,tr_54fb653caded_gpu,0.9537500000000003,0.5833333333333334,0.0,0,0.8,1,5,1,0,8305.0,120.416,945.0,9370.416,79616,40800,120416,0.6611745947382408,0.4166666666666667,0.5833333333333334,partial,40.0,"{""repeat_sonar_scan"": 27, ""enter_exclusion_zone"": 207, ""exceed_return_energy_reserve"": 70, ""hold_station"": 70, ""reassign_another_auv"": 5, ""bounded_path_correction"": 395, ""abandon_mandatory_inspection"": 64, ""change_high_level_objective"": 2}","{""repeat_sonar_scan"": {""ALLOW"": 27, ""DENY"": 0, ""DEFER"": 0}, ""enter_exclusion_zone"": {""ALLOW"": 0, ""DENY"": 207, ""DEFER"": 0}, ""exceed_return_energy_reserve"": {""ALLOW"": 0, ""DENY"": 70, ""DEFER"": 0}, ""hold_station"": {""ALLOW"": 70, ""DENY"": 0, ""DEFER"": 0}, ""reassign_another_auv"": {""ALLOW"": 4, ""DENY"": 1, ""DEFER"": 0}, ""bounded_path_correction"": {""ALLOW"": 395, ""DENY"": 0, ""DEFER"": 0}, ""abandon_mandatory_inspection"": {""ALLOW"": 0, ""DENY"": 64, ""DEFER"": 0}, ""change_high_level_objective"": {""ALLOW"": 0, ""DENY"": 2, ""DEFER"": 0}}","{""low"": {""ALLOW"": 492, ""DENY"": 0, ""DEFER"": 0}, ""consequential"": {""ALLOW"": 4, ""DENY"": 344, ""DEFER"": 0}}","{""ALLOW_LOW_RISK"": 492, ""DENY_FORBIDDEN"": 331, ""ALLOW_AUTHORIZED"": 4, ""DENY_CONDITIONAL_UNMET"": 1, ""DENY_RECOVERING_HARD_SAFETY"": 12}"
b0c80b8952954b057e2294eece3ac2f79c8c32a1,c41e5d06cacd2a84,paper_risk_bounded_v2_2026-09-30,utility_v2_frozen_2026-09-28,safe_useful_retention_v1_2026-09-28,paper_ssp_200m_v1,0,500,500.0,B4,tr_54fb653caded_gpu,0.9539499999999999,0.5833333333333334,0.0,0,0.8,1,5,1,0,8265.0,116.128,945.0,9326.128,70528,45600,116128,0.6073298429319371,0.3333333333333333,0.6666666666666666,partial,40.0,"{""repeat_sonar_scan"": 27, ""enter_exclusion_zone"": 204, ""exceed_return_energy_reserve"": 70, ""hold_station"": 70, ""reassign_another_auv"": 5, ""bounded_path_correction"": 393, ""abandon_mandatory_inspection"": 68, ""change_high_level_objective"": 3}","{""repeat_sonar_scan"": {""ALLOW"": 27, ""DENY"": 0, ""DEFER"": 0}, ""enter_exclusion_zone"": {""ALLOW"": 0, ""DENY"": 204, ""DEFER"": 0}, ""exceed_return_energy_reserve"": {""ALLOW"": 0, ""DENY"": 70, ""DEFER"": 0}, ""hold_station"": {""ALLOW"": 70, ""DENY"": 0, ""DEFER"": 0}, ""reassign_another_auv"": {""ALLOW"": 4, ""DENY"": 1, ""DEFER"": 0}, ""bounded_path_correction"": {""ALLOW"": 393, ""DENY"": 0, ""DEFER"": 0}, ""abandon_mandatory_inspection"": {""ALLOW"": 0, ""DENY"": 68, ""DEFER"": 0}, ""change_high_level_objective"": {""ALLOW"": 0, ""DENY"": 3, ""DEFER"": 0}}","{""low"": {""ALLOW"": 490, ""DENY"": 0, ""DEFER"": 0}, ""consequential"": {""ALLOW"": 4, ""DENY"": 346, ""DEFER"": 0}}","{""ALLOW_LOW_RISK"": 490, ""DENY_FORBIDDEN"": 331, ""ALLOW_AUTHORIZED"": 4, ""DENY_CONDITIONAL_UNMET"": 1, ""DENY_RECOVERING_HARD_SAFETY"": 14}"
b0c80b8952954b057e2294eece3ac2f79c8c32a1,f595d1511a4b6940,paper_risk_bounded_v2_2026-09-30,utility_v2_frozen_2026-09-28,safe_useful_retention_v1_2026-09-28,paper_ssp_200m_v1,0,750,750.0,B4,tr_54fb653caded_gpu,0.95425,0.5833333333333334,0.0,0,0.8,1,5,1,0,8205.0,114.816,945.0,9264.816,62976,51840,114816,0.5484949832775919,0.5,0.5,partial,60.0,"{""repeat_sonar_scan"": 27, ""enter_exclusion_zone"": 204, ""exceed_return_energy_reserve"": 70, ""hold_station"": 70, ""reassign_another_auv"": 5, ""bounded_path_correction"": 390, ""abandon_mandatory_inspection"": 68, ""change_high_level_objective"": 6}","{""repeat_sonar_scan"": {""ALLOW"": 27, ""DENY"": 0, ""DEFER"": 0}, ""enter_exclusion_zone"": {""ALLOW"": 0, ""DENY"": 204, ""DEFER"": 0}, ""exceed_return_energy_reserve"": {""ALLOW"": 0, ""DENY"": 70, ""DEFER"": 0}, ""hold_station"": {""ALLOW"": 70, ""DENY"": 0, ""DEFER"": 0}, ""reassign_another_auv"": {""ALLOW"": 4, ""DENY"": 1, ""DEFER"": 0}, ""bounded_path_correction"": {""ALLOW"": 390, ""DENY"": 0, ""DEFER"": 0}, ""abandon_mandatory_inspection"": {""ALLOW"": 0, ""DENY"": 68, ""DEFER"": 0}, ""change_high_level_objective"": {""ALLOW"": 0, ""DENY"": 6, ""DEFER"": 0}}","{""low"": {""ALLOW"": 487, ""DENY"": 0, ""DEFER"": 0}, ""consequential"": {""ALLOW"": 4, ""DENY"": 349, ""DEFER"": 0}}","{""ALLOW_LOW_RISK"": 487, ""DENY_FORBIDDEN"": 333, ""ALLOW_AUTHORIZED"": 4, ""DENY_CONDITIONAL_UNMET"": 1, ""DENY_RECOVERING_HARD_SAFETY"": 15}"
b0c80b8952954b057e2294eece3ac2f79c8c32a1,f0030a08b9390d76,paper_risk_bounded_v2_2026-09-30,utility_v2_frozen_2026-09-28,safe_useful_retention_v1_2026-09-28,paper_ssp_200m_v1,0,1000,1000.0,B4,tr_54fb653caded_gpu,0.95465,0.5833333333333334,0.0,0,0.8,1,5,1,0,8125.0,112.768,945.0,9182.768,55168,57600,112768,0.489216799091941,0.4166666666666667,0.5833333333333334,partial,60.0,"{""repeat_sonar_scan"": 27, ""enter_exclusion_zone"": 201, ""exceed_return_energy_reserve"": 74, ""hold_station"": 70, ""reassign_another_auv"": 5, ""bounded_path_correction"": 386, ""abandon_mandatory_inspection"": 68, ""change_high_level_objective"": 9}","{""repeat_sonar_scan"": {""ALLOW"": 27, ""DENY"": 0, ""DEFER"": 0}, ""enter_exclusion_zone"": {""ALLOW"": 0, ""DENY"": 201, ""DEFER"": 0}, ""exceed_return_energy_reserve"": {""ALLOW"": 0, ""DENY"": 74, ""DEFER"": 0}, ""hold_station"": {""ALLOW"": 70, ""DENY"": 0, ""DEFER"": 0}, ""reassign_another_auv"": {""ALLOW"": 4, ""DENY"": 1, ""DEFER"": 0}, ""bounded_path_correction"": {""ALLOW"": 386, ""DENY"": 0, ""DEFER"": 0}, ""abandon_mandatory_inspection"": {""ALLOW"": 0, ""DENY"": 68, ""DEFER"": 0}, ""change_high_level_objective"": {""ALLOW"": 0, ""DENY"": 9, ""DEFER"": 0}}","{""low"": {""ALLOW"": 483, ""DENY"": 0, ""DEFER"": 0}, ""consequential"": {""ALLOW"": 4, ""DENY"": 353, ""DEFER"": 0}}","{""ALLOW_LOW_RISK"": 483, ""DENY_FORBIDDEN"": 307, ""ALLOW_AUTHORIZED"": 4, ""DENY_CONDITIONAL_UNMET"": 1, ""DENY_HARD_EXPIRY"": 30, ""DENY_RECOVERING_HARD_SAFETY"": 15}"
b0c80b8952954b057e2294eece3ac2f79c8c32a1,4ea2713d6873ff9c,paper_risk_bounded_v2_2026-09-30,utility_v2_frozen_2026-09-28,safe_useful_retention_v1_2026-09-28,paper_ssp_200m_v1,1,0,0.0,B4,tr_3bf719402f6c_gpu,-18.0462,0.5,0.0,0,1.0,0,6,1,0,8400.0,107.072,840.0,9347.072,73472,33600,107072,0.6861924686192469,,,idle,0.0,"{""repeat_sonar_scan"": 24, ""enter_exclusion_zone"": 209, ""exceed_return_energy_reserve"": 70, ""hold_station"": 70, ""reassign_another_auv"": 1, ""bounded_path_correction"": 402, ""abandon_mandatory_inspection"": 64}","{""repeat_sonar_scan"": {""ALLOW"": 24, ""DENY"": 0, ""DEFER"": 0}, ""enter_exclusion_zone"": {""ALLOW"": 0, ""DENY"": 209, ""DEFER"": 0}, ""exceed_return_energy_reserve"": {""ALLOW"": 0, ""DENY"": 70, ""DEFER"": 0}, ""hold_station"": {""ALLOW"": 70, ""DENY"": 0, ""DEFER"": 0}, ""reassign_another_auv"": {""ALLOW"": 1, ""DENY"": 0, ""DEFER"": 0}, ""bounded_path_correction"": {""ALLOW"": 402, ""DENY"": 0, ""DEFER"": 0}, ""abandon_mandatory_inspection"": {""ALLOW"": 0, ""DENY"": 64, ""DEFER"": 0}}","{""low"": {""ALLOW"": 496, ""DENY"": 0, ""DEFER"": 0}, ""consequential"": {""ALLOW"": 1, ""DENY"": 343, ""DEFER"": 0}}","{""ALLOW_LOW_RISK"": 496, ""DENY_FORBIDDEN"": 343, ""ALLOW_AUTHORIZED"": 1}"
b0c80b8952954b057e2294eece3ac2f79c8c32a1,5319bd6f66f65bcd,paper_risk_bounded_v2_2026-09-30,utility_v2_frozen_2026-09-28,safe_useful_retention_v1_2026-09-28,paper_ssp_200m_v1,1,150,150.0,B4,tr_3bf719402f6c_gpu,0.9535499999999999,0.5833333333333334,0.0,0,0.8,1,5,1,0,8345.0,112.83200000000001,945.0,9402.832,75392,37440,112832,0.6681792399319342,0.25,0.75,partial,40.0,"{""repeat_sonar_scan"": 27, ""enter_exclusion_zone"": 206, ""exceed_return_energy_reserve"": 70, ""hold_station"": 70, ""reassign_another_auv"": 5, ""bounded_path_correction"": 397, ""abandon_mandatory_inspection"": 64, ""change_high_level_objective"": 1}","{""repeat_sonar_scan"": {""ALLOW"": 27, ""DENY"": 0, ""DEFER"": 0}, ""enter_exclusion_zone"": {""ALLOW"": 0, ""DENY"": 206, ""DEFER"": 0}, ""exceed_return_energy_reserve"": {""ALLOW"": 0, ""DENY"": 70, ""DEFER"": 0}, ""hold_station"": {""ALLOW"": 70, ""DENY"": 0, ""DEFER"": 0}, ""reassign_another_auv"": {""ALLOW"": 4, ""DENY"": 1, ""DEFER"": 0}, ""bounded_path_correction"": {""ALLOW"": 397, ""DENY"": 0, ""DEFER"": 0}, ""abandon_mandatory_inspection"": {""ALLOW"": 0, ""DENY"": 64, ""DEFER"": 0}, ""change_high_level_objective"": {""ALLOW"": 0, ""DENY"": 1, ""DEFER"": 0}}","{""low"": {""ALLOW"": 494, ""DENY"": 0, ""DEFER"": 0}, ""consequential"": {""ALLOW"": 4, ""DENY"": 342, ""DEFER"": 0}}","{""ALLOW_LOW_RISK"": 494, ""DENY_FORBIDDEN"": 328, ""ALLOW_AUTHORIZED"": 4, ""DENY_CONDITIONAL_UNMET"": 1, ""DENY_RECOVERING_HARD_SAFETY"": 13}"
b0c80b8952954b057e2294eece3ac2f79c8c32a1,1cfcb605cd36896c,paper_risk_bounded_v2_2026-09-30,utility_v2_frozen_2026-09-28,safe_useful_retention_v1_2026-09-28,paper_ssp_200m_v1,1,300,300.0,B4,tr_3bf719402f6c_gpu,0.9537500000000003,0.5833333333333334,0.0,0,0.8,1,5,1,0,8305.0,113.376,945.0,9363.376,72576,40800,113376,0.6401354784081287,0.3333333333333333,0.6666666666666666,partial,40.0,"{""repeat_sonar_scan"": 27, ""enter_exclusion_zone"": 207, ""exceed_return_energy_reserve"": 70, ""hold_station"": 70, ""reassign_another_auv"": 5, ""bounded_path_correction"": 395, ""abandon_mandatory_inspection"": 64, ""change_high_level_objective"": 2}","{""repeat_sonar_scan"": {""ALLOW"": 27, ""DENY"": 0, ""DEFER"": 0}, ""enter_exclusion_zone"": {""ALLOW"": 0, ""DENY"": 207, ""DEFER"": 0}, ""exceed_return_energy_reserve"": {""ALLOW"": 0, ""DENY"": 70, ""DEFER"": 0}, ""hold_station"": {""ALLOW"": 70, ""DENY"": 0, ""DEFER"": 0}, ""reassign_another_auv"": {""ALLOW"": 4, ""DENY"": 1, ""DEFER"": 0}, ""bounded_path_correction"": {""ALLOW"": 395, ""DENY"": 0, ""DEFER"": 0}, ""abandon_mandatory_inspection"": {""ALLOW"": 0, ""DENY"": 64, ""DEFER"": 0}, ""change_high_level_objective"": {""ALLOW"": 0, ""DENY"": 2, ""DEFER"": 0}}","{""low"": {""ALLOW"": 492, ""DENY"": 0, ""DEFER"": 0}, ""consequential"": {""ALLOW"": 4, ""DENY"": 344, ""DEFER"": 0}}","{""ALLOW_LOW_RISK"": 492, ""DENY_FORBIDDEN"": 329, ""ALLOW_AUTHORIZED"": 4, ""DENY_CONDITIONAL_UNMET"": 1, ""DENY_RECOVERING_HARD_SAFETY"": 14}"
b0c80b8952954b057e2294eece3ac2f79c8c32a1,1b07fa7b9247ef40,paper_risk_bounded_v2_2026-09-30,utility_v2_frozen_2026-09-28,safe_useful_retention_v1_2026-09-28,paper_ssp_200m_v1,1,500,500.0,B4,tr_3bf719402f6c_gpu,0.9539499999999999,0.5833333333333334,0.0,0,0.8,1,5,1,0,8265.0,109.85600000000001,945.0,9319.856,64256,45600,109856,0.5849111564229537,0.25,0.75,partial,40.0,"{""repeat_sonar_scan"": 27, ""enter_exclusion_zone"": 204, ""exceed_return_energy_reserve"": 70, ""hold_station"": 70, ""reassign_another_auv"": 5, ""bounded_path_correction"": 393, ""abandon_mandatory_inspection"": 68, ""change_high_level_objective"": 3}","{""repeat_sonar_scan"": {""ALLOW"": 27, ""DENY"": 0, ""DEFER"": 0}, ""enter_exclusion_zone"": {""ALLOW"": 0, ""DENY"": 204, ""DEFER"": 0}, ""exceed_return_energy_reserve"": {""ALLOW"": 0, ""DENY"": 70, ""DEFER"": 0}, ""hold_station"": {""ALLOW"": 70, ""DENY"": 0, ""DEFER"": 0}, ""reassign_another_auv"": {""ALLOW"": 4, ""DENY"": 1, ""DEFER"": 0}, ""bounded_path_correction"": {""ALLOW"": 393, ""DENY"": 0, ""DEFER"": 0}, ""abandon_mandatory_inspection"": {""ALLOW"": 0, ""DENY"": 68, ""DEFER"": 0}, ""change_high_level_objective"": {""ALLOW"": 0, ""DENY"": 3, ""DEFER"": 0}}","{""low"": {""ALLOW"": 490, ""DENY"": 0, ""DEFER"": 0}, ""consequential"": {""ALLOW"": 4, ""DENY"": 346, ""DEFER"": 0}}","{""ALLOW_LOW_RISK"": 490, ""DENY_FORBIDDEN"": 330, ""ALLOW_AUTHORIZED"": 4, ""DENY_CONDITIONAL_UNMET"": 1, ""DENY_RECOVERING_HARD_SAFETY"": 15}"
b0c80b8952954b057e2294eece3ac2f79c8c32a1,c259683e5f3cd0fe,paper_risk_bounded_v2_2026-09-30,utility_v2_frozen_2026-09-28,safe_useful_retention_v1_2026-09-28,paper_ssp_200m_v1,1,750,750.0,B4,tr_3bf719402f6c_gpu,0.95425,0.5833333333333334,0.0,0,0.8,1,5,1,0,8205.0,111.36,945.0,9261.36,59520,51840,111360,0.5344827586206896,0.5,0.5,partial,60.0,"{""repeat_sonar_scan"": 27, ""enter_exclusion_zone"": 204, ""exceed_return_energy_reserve"": 70, ""hold_station"": 70, ""reassign_another_auv"": 5, ""bounded_path_correction"": 390, ""abandon_mandatory_inspection"": 68, ""change_high_level_objective"": 6}","{""repeat_sonar_scan"": {""ALLOW"": 27, ""DENY"": 0, ""DEFER"": 0}, ""enter_exclusion_zone"": {""ALLOW"": 0, ""DENY"": 204, ""DEFER"": 0}, ""exceed_return_energy_reserve"": {""ALLOW"": 0, ""DENY"": 70, ""DEFER"": 0}, ""hold_station"": {""ALLOW"": 70, ""DENY"": 0, ""DEFER"": 0}, ""reassign_another_auv"": {""ALLOW"": 4, ""DENY"": 1, ""DEFER"": 0}, ""bounded_path_correction"": {""ALLOW"": 390, ""DENY"": 0, ""DEFER"": 0}, ""abandon_mandatory_inspection"": {""ALLOW"": 0, ""DENY"": 68, ""DEFER"": 0}, ""change_high_level_objective"": {""ALLOW"": 0, ""DENY"": 6, ""DEFER"": 0}}","{""low"": {""ALLOW"": 487, ""DENY"": 0, ""DEFER"": 0}, ""consequential"": {""ALLOW"": 4, ""DENY"": 349, ""DEFER"": 0}}","{""ALLOW_LOW_RISK"": 487, ""DENY_FORBIDDEN"": 335, ""ALLOW_AUTHORIZED"": 4, ""DENY_CONDITIONAL_UNMET"": 1, ""DENY_RECOVERING_HARD_SAFETY"": 13}"
b0c80b8952954b057e2294eece3ac2f79c8c32a1,485427382a24d59b,paper_risk_bounded_v2_2026-09-30,utility_v2_frozen_2026-09-28,safe_useful_retention_v1_2026-09-28,paper_ssp_200m_v1,1,1000,1000.0,B4,tr_3bf719402f6c_gpu,0.95465,0.5833333333333334,0.0,0,0.8,1,5,1,0,8125.0,110.208,945.0,9180.208,52608,57600,110208,0.47735191637630664,0.25,0.75,partial,60.0,"{""repeat_sonar_scan"": 27, ""enter_exclusion_zone"": 201, ""exceed_return_energy_reserve"": 74, ""hold_station"": 70, ""reassign_another_auv"": 5, ""bounded_path_correction"": 386, ""abandon_mandatory_inspection"": 68, ""change_high_level_objective"": 9}","{""repeat_sonar_scan"": {""ALLOW"": 27, ""DENY"": 0, ""DEFER"": 0}, ""enter_exclusion_zone"": {""ALLOW"": 0, ""DENY"": 201, ""DEFER"": 0}, ""exceed_return_energy_reserve"": {""ALLOW"": 0, ""DENY"": 74, ""DEFER"": 0}, ""hold_station"": {""ALLOW"": 70, ""DENY"": 0, ""DEFER"": 0}, ""reassign_another_auv"": {""ALLOW"": 4, ""DENY"": 1, ""DEFER"": 0}, ""bounded_path_correction"": {""ALLOW"": 386, ""DENY"": 0, ""DEFER"": 0}, ""abandon_mandatory_inspection"": {""ALLOW"": 0, ""DENY"": 68, ""DEFER"": 0}, ""change_high_level_objective"": {""ALLOW"": 0, ""DENY"": 9, ""DEFER"": 0}}","{""low"": {""ALLOW"": 483, ""DENY"": 0, ""DEFER"": 0}, ""consequential"": {""ALLOW"": 4, ""DENY"": 353, ""DEFER"": 0}}","{""ALLOW_LOW_RISK"": 483, ""DENY_FORBIDDEN"": 307, ""ALLOW_AUTHORIZED"": 4, ""DENY_CONDITIONAL_UNMET"": 1, ""DENY_HARD_EXPIRY"": 30, ""DENY_RECOVERING_HARD_SAFETY"": 15}"
b0c80b8952954b057e2294eece3ac2f79c8c32a1,7c31abeef87cde8b,paper_risk_bounded_v2_2026-09-30,utility_v2_frozen_2026-09-28,safe_useful_retention_v1_2026-09-28,paper_ssp_200m_v1,2,0,0.0,B4,tr_0ab8a47a1225_gpu,-18.0462,0.5,0.0,0,1.0,0,6,1,0,8400.0,108.096,840.0,9348.096,74496,33600,108096,0.6891651865008881,,,idle,0.0,"{""repeat_sonar_scan"": 24, ""enter_exclusion_zone"": 209, ""exceed_return_energy_reserve"": 70, ""hold_station"": 70, ""reassign_another_auv"": 1, ""bounded_path_correction"": 402, ""abandon_mandatory_inspection"": 64}","{""repeat_sonar_scan"": {""ALLOW"": 24, ""DENY"": 0, ""DEFER"": 0}, ""enter_exclusion_zone"": {""ALLOW"": 0, ""DENY"": 209, ""DEFER"": 0}, ""exceed_return_energy_reserve"": {""ALLOW"": 0, ""DENY"": 70, ""DEFER"": 0}, ""hold_station"": {""ALLOW"": 70, ""DENY"": 0, ""DEFER"": 0}, ""reassign_another_auv"": {""ALLOW"": 1, ""DENY"": 0, ""DEFER"": 0}, ""bounded_path_correction"": {""ALLOW"": 402, ""DENY"": 0, ""DEFER"": 0}, ""abandon_mandatory_inspection"": {""ALLOW"": 0, ""DENY"": 64, ""DEFER"": 0}}","{""low"": {""ALLOW"": 496, ""DENY"": 0, ""DEFER"": 0}, ""consequential"": {""ALLOW"": 1, ""DENY"": 343, ""DEFER"": 0}}","{""ALLOW_LOW_RISK"": 496, ""DENY_FORBIDDEN"": 343, ""ALLOW_AUTHORIZED"": 1}"
b0c80b8952954b057e2294eece3ac2f79c8c32a1,16de7a7bcae0645f,paper_risk_bounded_v2_2026-09-30,utility_v2_frozen_2026-09-28,safe_useful_retention_v1_2026-09-28,paper_ssp_200m_v1,2,150,150.0,B4,tr_0ab8a47a1225_gpu,0.9535499999999999,0.5833333333333334,0.0,0,0.8,1,5,1,0,8345.0,116.288,945.0,9406.288,78848,37440,116288,0.6780407264722069,0.3333333333333333,0.6666666666666666,partial,60.0,"{""repeat_sonar_scan"": 27, ""enter_exclusion_zone"": 206, ""exceed_return_energy_reserve"": 70, ""hold_station"": 70, ""reassign_another_auv"": 5, ""bounded_path_correction"": 397, ""abandon_mandatory_inspection"": 64, ""change_high_level_objective"": 1}","{""repeat_sonar_scan"": {""ALLOW"": 27, ""DENY"": 0, ""DEFER"": 0}, ""enter_exclusion_zone"": {""ALLOW"": 0, ""DENY"": 206, ""DEFER"": 0}, ""exceed_return_energy_reserve"": {""ALLOW"": 0, ""DENY"": 70, ""DEFER"": 0}, ""hold_station"": {""ALLOW"": 70, ""DENY"": 0, ""DEFER"": 0}, ""reassign_another_auv"": {""ALLOW"": 4, ""DENY"": 1, ""DEFER"": 0}, ""bounded_path_correction"": {""ALLOW"": 397, ""DENY"": 0, ""DEFER"": 0}, ""abandon_mandatory_inspection"": {""ALLOW"": 0, ""DENY"": 64, ""DEFER"": 0}, ""change_high_level_objective"": {""ALLOW"": 0, ""DENY"": 1, ""DEFER"": 0}}","{""low"": {""ALLOW"": 494, ""DENY"": 0, ""DEFER"": 0}, ""consequential"": {""ALLOW"": 4, ""DENY"": 342, ""DEFER"": 0}}","{""ALLOW_LOW_RISK"": 494, ""DENY_FORBIDDEN"": 328, ""ALLOW_AUTHORIZED"": 4, ""DENY_CONDITIONAL_UNMET"": 1, ""DENY_RECOVERING_HARD_SAFETY"": 13}"
b0c80b8952954b057e2294eece3ac2f79c8c32a1,d6a8e830726f835f,paper_risk_bounded_v2_2026-09-30,utility_v2_frozen_2026-09-28,safe_useful_retention_v1_2026-09-28,paper_ssp_200m_v1,2,300,300.0,B4,tr_0ab8a47a1225_gpu,0.9537500000000003,0.5833333333333334,0.0,0,0.8,1,5,1,0,8305.0,116.70400000000001,945.0,9366.704,75904,40800,116704,0.6503975870578558,0.4166666666666667,0.5833333333333334,partial,40.0,"{""repeat_sonar_scan"": 27, ""enter_exclusion_zone"": 207, ""exceed_return_energy_reserve"": 70, ""hold_station"": 70, ""reassign_another_auv"": 5, ""bounded_path_correction"": 395, ""abandon_mandatory_inspection"": 64, ""change_high_level_objective"": 2}","{""repeat_sonar_scan"": {""ALLOW"": 27, ""DENY"": 0, ""DEFER"": 0}, ""enter_exclusion_zone"": {""ALLOW"": 0, ""DENY"": 207, ""DEFER"": 0}, ""exceed_return_energy_reserve"": {""ALLOW"": 0, ""DENY"": 70, ""DEFER"": 0}, ""hold_station"": {""ALLOW"": 70, ""DENY"": 0, ""DEFER"": 0}, ""reassign_another_auv"": {""ALLOW"": 4, ""DENY"": 1, ""DEFER"": 0}, ""bounded_path_correction"": {""ALLOW"": 395, ""DENY"": 0, ""DEFER"": 0}, ""abandon_mandatory_inspection"": {""ALLOW"": 0, ""DENY"": 64, ""DEFER"": 0}, ""change_high_level_objective"": {""ALLOW"": 0, ""DENY"": 2, ""DEFER"": 0}}","{""low"": {""ALLOW"": 492, ""DENY"": 0, ""DEFER"": 0}, ""consequential"": {""ALLOW"": 4, ""DENY"": 344, ""DEFER"": 0}}","{""ALLOW_LOW_RISK"": 492, ""DENY_FORBIDDEN"": 331, ""ALLOW_AUTHORIZED"": 4, ""DENY_CONDITIONAL_UNMET"": 1, ""DENY_RECOVERING_HARD_SAFETY"": 12}"
b0c80b8952954b057e2294eece3ac2f79c8c32a1,27ee633ec0e99525,paper_risk_bounded_v2_2026-09-30,utility_v2_frozen_2026-09-28,safe_useful_retention_v1_2026-09-28,paper_ssp_200m_v1,2,500,500.0,B4,tr_0ab8a47a1225_gpu,0.9539499999999999,0.5833333333333334,0.0,0,0.8,1,5,1,0,8265.0,116.512,945.0,9326.512,70912,45600,116512,0.6086240043943971,0.4166666666666667,0.5833333333333334,partial,40.0,"{""repeat_sonar_scan"": 27, ""enter_exclusion_zone"": 204, ""exceed_return_energy_reserve"": 70, ""hold_station"": 70, ""reassign_another_auv"": 5, ""bounded_path_correction"": 393, ""abandon_mandatory_inspection"": 68, ""change_high_level_objective"": 3}","{""repeat_sonar_scan"": {""ALLOW"": 27, ""DENY"": 0, ""DEFER"": 0}, ""enter_exclusion_zone"": {""ALLOW"": 0, ""DENY"": 204, ""DEFER"": 0}, ""exceed_return_energy_reserve"": {""ALLOW"": 0, ""DENY"": 70, ""DEFER"": 0}, ""hold_station"": {""ALLOW"": 70, ""DENY"": 0, ""DEFER"": 0}, ""reassign_another_auv"": {""ALLOW"": 4, ""DENY"": 1, ""DEFER"": 0}, ""bounded_path_correction"": {""ALLOW"": 393, ""DENY"": 0, ""DEFER"": 0}, ""abandon_mandatory_inspection"": {""ALLOW"": 0, ""DENY"": 68, ""DEFER"": 0}, ""change_high_level_objective"": {""ALLOW"": 0, ""DENY"": 3, ""DEFER"": 0}}","{""low"": {""ALLOW"": 490, ""DENY"": 0, ""DEFER"": 0}, ""consequential"": {""ALLOW"": 4, ""DENY"": 346, ""DEFER"": 0}}","{""ALLOW_LOW_RISK"": 490, ""DENY_FORBIDDEN"": 333, ""ALLOW_AUTHORIZED"": 4, ""DENY_CONDITIONAL_UNMET"": 1, ""DENY_RECOVERING_HARD_SAFETY"": 12}"
b0c80b8952954b057e2294eece3ac2f79c8c32a1,2f03b6b2bbd123a7,paper_risk_bounded_v2_2026-09-30,utility_v2_frozen_2026-09-28,safe_useful_retention_v1_2026-09-28,paper_ssp_200m_v1,2,750,750.0,B4,tr_0ab8a47a1225_gpu,0.95425,0.5833333333333334,0.0,0,0.8,1,5,1,0,8205.0,112.256,945.0,9262.256,60416,51840,112256,0.5381984036488028,0.3333333333333333,0.6666666666666666,partial,60.0,"{""repeat_sonar_scan"": 27, ""enter_exclusion_zone"": 204, ""exceed_return_energy_reserve"": 70, ""hold_station"": 70, ""reassign_another_auv"": 5, ""bounded_path_correction"": 390, ""abandon_mandatory_inspection"": 68, ""change_high_level_objective"": 6}","{""repeat_sonar_scan"": {""ALLOW"": 27, ""DENY"": 0, ""DEFER"": 0}, ""enter_exclusion_zone"": {""ALLOW"": 0, ""DENY"": 204, ""DEFER"": 0}, ""exceed_return_energy_reserve"": {""ALLOW"": 0, ""DENY"": 70, ""DEFER"": 0}, ""hold_station"": {""ALLOW"": 70, ""DENY"": 0, ""DEFER"": 0}, ""reassign_another_auv"": {""ALLOW"": 4, ""DENY"": 1, ""DEFER"": 0}, ""bounded_path_correction"": {""ALLOW"": 390, ""DENY"": 0, ""DEFER"": 0}, ""abandon_mandatory_inspection"": {""ALLOW"": 0, ""DENY"": 68, ""DEFER"": 0}, ""change_high_level_objective"": {""ALLOW"": 0, ""DENY"": 6, ""DEFER"": 0}}","{""low"": {""ALLOW"": 487, ""DENY"": 0, ""DEFER"": 0}, ""consequential"": {""ALLOW"": 4, ""DENY"": 349, ""DEFER"": 0}}","{""ALLOW_LOW_RISK"": 487, ""DENY_FORBIDDEN"": 333, ""ALLOW_AUTHORIZED"": 4, ""DENY_CONDITIONAL_UNMET"": 1, ""DENY_RECOVERING_HARD_SAFETY"": 15}"
b0c80b8952954b057e2294eece3ac2f79c8c32a1,4b57411db81a7097,paper_risk_bounded_v2_2026-09-30,utility_v2_frozen_2026-09-28,safe_useful_retention_v1_2026-09-28,paper_ssp_200m_v1,2,1000,1000.0,B4,tr_0ab8a47a1225_gpu,0.95465,0.5833333333333334,0.0,0,0.8,1,5,1,0,8125.0,114.56,945.0,9184.56,56960,57600,114560,0.4972067039106145,0.5,0.5,partial,60.0,"{""repeat_sonar_scan"": 27, ""enter_exclusion_zone"": 201, ""exceed_return_energy_reserve"": 74, ""hold_station"": 70, ""reassign_another_auv"": 5, ""bounded_path_correction"": 386, ""abandon_mandatory_inspection"": 68, ""change_high_level_objective"": 9}","{""repeat_sonar_scan"": {""ALLOW"": 27, ""DENY"": 0, ""DEFER"": 0}, ""enter_exclusion_zone"": {""ALLOW"": 0, ""DENY"": 201, ""DEFER"": 0}, ""exceed_return_energy_reserve"": {""ALLOW"": 0, ""DENY"": 74, ""DEFER"": 0}, ""hold_station"": {""ALLOW"": 70, ""DENY"": 0, ""DEFER"": 0}, ""reassign_another_auv"": {""ALLOW"": 4, ""DENY"": 1, ""DEFER"": 0}, ""bounded_path_correction"": {""ALLOW"": 386, ""DENY"": 0, ""DEFER"": 0}, ""abandon_mandatory_inspection"": {""ALLOW"": 0, ""DENY"": 68, ""DEFER"": 0}, ""change_high_level_objective"": {""ALLOW"": 0, ""DENY"": 9, ""DEFER"": 0}}","{""low"": {""ALLOW"": 483, ""DENY"": 0, ""DEFER"": 0}, ""consequential"": {""ALLOW"": 4, ""DENY"": 353, ""DEFER"": 0}}","{""ALLOW_LOW_RISK"": 483, ""DENY_FORBIDDEN"": 307, ""ALLOW_AUTHORIZED"": 4, ""DENY_CONDITIONAL_UNMET"": 1, ""DENY_HARD_EXPIRY"": 30, ""DENY_RECOVERING_HARD_SAFETY"": 15}"
b0c80b8952954b057e2294eece3ac2f79c8c32a1,de06dc24d071e02c,paper_risk_bounded_v2_2026-09-30,utility_v2_frozen_2026-09-28,safe_useful_retention_v1_2026-09-28,paper_ssp_200m_v1,3,0,0.0,B4,tr_f9f4d2c6f6d1_gpu,-18.0462,0.5,0.0,0,1.0,0,6,1,0,8400.0,103.536,840.0,9343.536,78336,25200,103536,0.7566063977746871,,,idle,0.0,"{""repeat_sonar_scan"": 24, ""enter_exclusion_zone"": 209, ""exceed_return_energy_reserve"": 70, ""hold_station"": 70, ""reassign_another_auv"": 1, ""bounded_path_correction"": 402, ""abandon_mandatory_inspection"": 64}","{""repeat_sonar_scan"": {""ALLOW"": 24, ""DENY"": 0, ""DEFER"": 0}, ""enter_exclusion_zone"": {""ALLOW"": 0, ""DENY"": 209, ""DEFER"": 0}, ""exceed_return_energy_reserve"": {""ALLOW"": 0, ""DENY"": 70, ""DEFER"": 0}, ""hold_station"": {""ALLOW"": 70, ""DENY"": 0, ""DEFER"": 0}, ""reassign_another_auv"": {""ALLOW"": 1, ""DENY"": 0, ""DEFER"": 0}, ""bounded_path_correction"": {""ALLOW"": 402, ""DENY"": 0, ""DEFER"": 0}, ""abandon_mandatory_inspection"": {""ALLOW"": 0, ""DENY"": 64, ""DEFER"": 0}}","{""low"": {""ALLOW"": 496, ""DENY"": 0, ""DEFER"": 0}, ""consequential"": {""ALLOW"": 1, ""DENY"": 343, ""DEFER"": 0}}","{""ALLOW_LOW_RISK"": 496, ""DENY_FORBIDDEN"": 343, ""ALLOW_AUTHORIZED"": 1}"
b0c80b8952954b057e2294eece3ac2f79c8c32a1,3ce3832cd294b04d,paper_risk_bounded_v2_2026-09-30,utility_v2_frozen_2026-09-28,safe_useful_retention_v1_2026-09-28,paper_ssp_200m_v1,3,150,150.0,B4,tr_f9f4d2c6f6d1_gpu,0.9535499999999999,0.5833333333333334,0.0,0,0.8,1,5,1,0,8345.0,113.52,945.0,9403.52,84480,29040,113520,0.7441860465116279,0.5833333333333334,0.4166666666666667,partial,60.0,"{""repeat_sonar_scan"": 27, ""enter_exclusion_zone"": 206, ""exceed_return_energy_reserve"": 70, ""hold_station"": 70, ""reassign_another_auv"": 5, ""bounded_path_correction"": 397, ""abandon_mandatory_inspection"": 64, ""change_high_level_objective"": 1}","{""repeat_sonar_scan"": {""ALLOW"": 27, ""DENY"": 0, ""DEFER"": 0}, ""enter_exclusion_zone"": {""ALLOW"": 0, ""DENY"": 206, ""DEFER"": 0}, ""exceed_return_energy_reserve"": {""ALLOW"": 0, ""DENY"": 70, ""DEFER"": 0}, ""hold_station"": {""ALLOW"": 70, ""DENY"": 0, ""DEFER"": 0}, ""reassign_another_auv"": {""ALLOW"": 4, ""DENY"": 1, ""DEFER"": 0}, ""bounded_path_correction"": {""ALLOW"": 397, ""DENY"": 0, ""DEFER"": 0}, ""abandon_mandatory_inspection"": {""ALLOW"": 0, ""DENY"": 64, ""DEFER"": 0}, ""change_high_level_objective"": {""ALLOW"": 0, ""DENY"": 1, ""DEFER"": 0}}","{""low"": {""ALLOW"": 494, ""DENY"": 0, ""DEFER"": 0}, ""consequential"": {""ALLOW"": 4, ""DENY"": 342, ""DEFER"": 0}}","{""ALLOW_LOW_RISK"": 494, ""DENY_FORBIDDEN"": 329, ""ALLOW_AUTHORIZED"": 4, ""DENY_CONDITIONAL_UNMET"": 1, ""DENY_RECOVERING_HARD_SAFETY"": 12}"
b0c80b8952954b057e2294eece3ac2f79c8c32a1,b297f73c8be205e0,paper_risk_bounded_v2_2026-09-30,utility_v2_frozen_2026-09-28,safe_useful_retention_v1_2026-09-28,paper_ssp_200m_v1,3,300,300.0,B4,tr_f9f4d2c6f6d1_gpu,0.9537500000000003,0.5833333333333334,0.0,0,0.8,1,5,1,0,8305.0,114.06400000000001,945.0,9364.064,81664,32400,114064,0.7159489409454342,0.4166666666666667,0.5833333333333334,partial,40.0,"{""repeat_sonar_scan"": 27, ""enter_exclusion_zone"": 207, ""exceed_return_energy_reserve"": 70, ""hold_station"": 70, ""reassign_another_auv"": 5, ""bounded_path_correction"": 395, ""abandon_mandatory_inspection"": 64, ""change_high_level_objective"": 2}","{""repeat_sonar_scan"": {""ALLOW"": 27, ""DENY"": 0, ""DEFER"": 0}, ""enter_exclusion_zone"": {""ALLOW"": 0, ""DENY"": 207, ""DEFER"": 0}, ""exceed_return_energy_reserve"": {""ALLOW"": 0, ""DENY"": 70, ""DEFER"": 0}, ""hold_station"": {""ALLOW"": 70, ""DENY"": 0, ""DEFER"": 0}, ""reassign_another_auv"": {""ALLOW"": 4, ""DENY"": 1, ""DEFER"": 0}, ""bounded_path_correction"": {""ALLOW"": 395, ""DENY"": 0, ""DEFER"": 0}, ""abandon_mandatory_inspection"": {""ALLOW"": 0, ""DENY"": 64, ""DEFER"": 0}, ""change_high_level_objective"": {""ALLOW"": 0, ""DENY"": 2, ""DEFER"": 0}}","{""low"": {""ALLOW"": 492, ""DENY"": 0, ""DEFER"": 0}, ""consequential"": {""ALLOW"": 4, ""DENY"": 344, ""DEFER"": 0}}","{""ALLOW_LOW_RISK"": 492, ""DENY_FORBIDDEN"": 331, ""ALLOW_AUTHORIZED"": 4, ""DENY_CONDITIONAL_UNMET"": 1, ""DENY_RECOVERING_HARD_SAFETY"": 12}"
b0c80b8952954b057e2294eece3ac2f79c8c32a1,20328395402d8fa1,paper_risk_bounded_v2_2026-09-30,utility_v2_frozen_2026-09-28,safe_useful_retention_v1_2026-09-28,paper_ssp_200m_v1,3,500,500.0,B4,tr_f9f4d2c6f6d1_gpu,0.9539499999999999,0.5833333333333334,0.0,0,0.8,1,5,1,0,8265.0,111.184,945.0,9321.184,73984,37200,111184,0.6654194848179594,0.4166666666666667,0.5833333333333334,partial,40.0,"{""repeat_sonar_scan"": 27, ""enter_exclusion_zone"": 204, ""exceed_return_energy_reserve"": 70, ""hold_station"": 70, ""reassign_another_auv"": 5, ""bounded_path_correction"": 393, ""abandon_mandatory_inspection"": 68, ""change_high_level_objective"": 3}","{""repeat_sonar_scan"": {""ALLOW"": 27, ""DENY"": 0, ""DEFER"": 0}, ""enter_exclusion_zone"": {""ALLOW"": 0, ""DENY"": 204, ""DEFER"": 0}, ""exceed_return_energy_reserve"": {""ALLOW"": 0, ""DENY"": 70, ""DEFER"": 0}, ""hold_station"": {""ALLOW"": 70, ""DENY"": 0, ""DEFER"": 0}, ""reassign_another_auv"": {""ALLOW"": 4, ""DENY"": 1, ""DEFER"": 0}, ""bounded_path_correction"": {""ALLOW"": 393, ""DENY"": 0, ""DEFER"": 0}, ""abandon_mandatory_inspection"": {""ALLOW"": 0, ""DENY"": 68, ""DEFER"": 0}, ""change_high_level_objective"": {""ALLOW"": 0, ""DENY"": 3, ""DEFER"": 0}}","{""low"": {""ALLOW"": 490, ""DENY"": 0, ""DEFER"": 0}, ""consequential"": {""ALLOW"": 4, ""DENY"": 346, ""DEFER"": 0}}","{""ALLOW_LOW_RISK"": 490, ""DENY_FORBIDDEN"": 331, ""ALLOW_AUTHORIZED"": 4, ""DENY_CONDITIONAL_UNMET"": 1, ""DENY_RECOVERING_HARD_SAFETY"": 14}"
b0c80b8952954b057e2294eece3ac2f79c8c32a1,2ce32f4715d431b1,paper_risk_bounded_v2_2026-09-30,utility_v2_frozen_2026-09-28,safe_useful_retention_v1_2026-09-28,paper_ssp_200m_v1,3,750,750.0,B4,tr_f9f4d2c6f6d1_gpu,0.95425,0.5833333333333334,0.0,0,0.8,1,5,1,0,8205.0,105.776,945.0,9255.776,62336,43440,105776,0.5893208289214945,0.3333333333333333,0.6666666666666666,partial,40.0,"{""repeat_sonar_scan"": 27, ""enter_exclusion_zone"": 204, ""exceed_return_energy_reserve"": 70, ""hold_station"": 70, ""reassign_another_auv"": 5, ""bounded_path_correction"": 390, ""abandon_mandatory_inspection"": 68, ""change_high_level_objective"": 6}","{""repeat_sonar_scan"": {""ALLOW"": 27, ""DENY"": 0, ""DEFER"": 0}, ""enter_exclusion_zone"": {""ALLOW"": 0, ""DENY"": 204, ""DEFER"": 0}, ""exceed_return_energy_reserve"": {""ALLOW"": 0, ""DENY"": 70, ""DEFER"": 0}, ""hold_station"": {""ALLOW"": 70, ""DENY"": 0, ""DEFER"": 0}, ""reassign_another_auv"": {""ALLOW"": 4, ""DENY"": 1, ""DEFER"": 0}, ""bounded_path_correction"": {""ALLOW"": 390, ""DENY"": 0, ""DEFER"": 0}, ""abandon_mandatory_inspection"": {""ALLOW"": 0, ""DENY"": 68, ""DEFER"": 0}, ""change_high_level_objective"": {""ALLOW"": 0, ""DENY"": 6, ""DEFER"": 0}}","{""low"": {""ALLOW"": 487, ""DENY"": 0, ""DEFER"": 0}, ""consequential"": {""ALLOW"": 4, ""DENY"": 349, ""DEFER"": 0}}","{""ALLOW_LOW_RISK"": 487, ""DENY_FORBIDDEN"": 333, ""ALLOW_AUTHORIZED"": 4, ""DENY_CONDITIONAL_UNMET"": 1, ""DENY_RECOVERING_HARD_SAFETY"": 15}"
b0c80b8952954b057e2294eece3ac2f79c8c32a1,c985db28c71a2de6,paper_risk_bounded_v2_2026-09-30,utility_v2_frozen_2026-09-28,safe_useful_retention_v1_2026-09-28,paper_ssp_200m_v1,3,1000,1000.0,B4,tr_f9f4d2c6f6d1_gpu,0.95465,0.5833333333333334,0.0,0,0.8,1,5,1,0,8125.0,107.312,945.0,9177.312,58112,49200,107312,0.5415237811241986,0.5,0.5,partial,60.0,"{""repeat_sonar_scan"": 27, ""enter_exclusion_zone"": 201, ""exceed_return_energy_reserve"": 74, ""hold_station"": 70, ""reassign_another_auv"": 5, ""bounded_path_correction"": 386, ""abandon_mandatory_inspection"": 68, ""change_high_level_objective"": 9}","{""repeat_sonar_scan"": {""ALLOW"": 27, ""DENY"": 0, ""DEFER"": 0}, ""enter_exclusion_zone"": {""ALLOW"": 0, ""DENY"": 201, ""DEFER"": 0}, ""exceed_return_energy_reserve"": {""ALLOW"": 0, ""DENY"": 74, ""DEFER"": 0}, ""hold_station"": {""ALLOW"": 70, ""DENY"": 0, ""DEFER"": 0}, ""reassign_another_auv"": {""ALLOW"": 4, ""DENY"": 1, ""DEFER"": 0}, ""bounded_path_correction"": {""ALLOW"": 386, ""DENY"": 0, ""DEFER"": 0}, ""abandon_mandatory_inspection"": {""ALLOW"": 0, ""DENY"": 68, ""DEFER"": 0}, ""change_high_level_objective"": {""ALLOW"": 0, ""DENY"": 9, ""DEFER"": 0}}","{""low"": {""ALLOW"": 483, ""DENY"": 0, ""DEFER"": 0}, ""consequential"": {""ALLOW"": 4, ""DENY"": 353, ""DEFER"": 0}}","{""ALLOW_LOW_RISK"": 483, ""DENY_FORBIDDEN"": 307, ""ALLOW_AUTHORIZED"": 4, ""DENY_CONDITIONAL_UNMET"": 1, ""DENY_HARD_EXPIRY"": 30, ""DENY_RECOVERING_HARD_SAFETY"": 15}"
b0c80b8952954b057e2294eece3ac2f79c8c32a1,808eec3a539f68fa,paper_risk_bounded_v2_2026-09-30,utility_v2_frozen_2026-09-28,safe_useful_retention_v1_2026-09-28,paper_ssp_200m_v1,4,0,0.0,B4,tr_5bf96997e3af_gpu,-18.0462,0.5,0.0,0,1.0,0,6,1,0,8400.0,108.096,840.0,9348.096,74496,33600,108096,0.6891651865008881,,,idle,0.0,"{""repeat_sonar_scan"": 24, ""enter_exclusion_zone"": 209, ""exceed_return_energy_reserve"": 70, ""hold_station"": 70, ""reassign_another_auv"": 1, ""bounded_path_correction"": 402, ""abandon_mandatory_inspection"": 64}","{""repeat_sonar_scan"": {""ALLOW"": 24, ""DENY"": 0, ""DEFER"": 0}, ""enter_exclusion_zone"": {""ALLOW"": 0, ""DENY"": 209, ""DEFER"": 0}, ""exceed_return_energy_reserve"": {""ALLOW"": 0, ""DENY"": 70, ""DEFER"": 0}, ""hold_station"": {""ALLOW"": 70, ""DENY"": 0, ""DEFER"": 0}, ""reassign_another_auv"": {""ALLOW"": 1, ""DENY"": 0, ""DEFER"": 0}, ""bounded_path_correction"": {""ALLOW"": 402, ""DENY"": 0, ""DEFER"": 0}, ""abandon_mandatory_inspection"": {""ALLOW"": 0, ""DENY"": 64, ""DEFER"": 0}}","{""low"": {""ALLOW"": 496, ""DENY"": 0, ""DEFER"": 0}, ""consequential"": {""ALLOW"": 1, ""DENY"": 343, ""DEFER"": 0}}","{""ALLOW_LOW_RISK"": 496, ""DENY_FORBIDDEN"": 343, ""ALLOW_AUTHORIZED"": 1}"
b0c80b8952954b057e2294eece3ac2f79c8c32a1,36ce51a68f52d6cd,paper_risk_bounded_v2_2026-09-30,utility_v2_frozen_2026-09-28,safe_useful_retention_v1_2026-09-28,paper_ssp_200m_v1,4,150,150.0,B4,tr_5bf96997e3af_gpu,0.9535499999999999,0.5833333333333334,0.0,0,0.8,1,5,1,0,8345.0,116.928,945.0,9406.928,79488,37440,116928,0.6798029556650246,0.3333333333333333,0.6666666666666666,partial,40.0,"{""repeat_sonar_scan"": 27, ""enter_exclusion_zone"": 206, ""exceed_return_energy_reserve"": 70, ""hold_station"": 70, ""reassign_another_auv"": 5, ""bounded_path_correction"": 397, ""abandon_mandatory_inspection"": 64, ""change_high_level_objective"": 1}","{""repeat_sonar_scan"": {""ALLOW"": 27, ""DENY"": 0, ""DEFER"": 0}, ""enter_exclusion_zone"": {""ALLOW"": 0, ""DENY"": 206, ""DEFER"": 0}, ""exceed_return_energy_reserve"": {""ALLOW"": 0, ""DENY"": 70, ""DEFER"": 0}, ""hold_station"": {""ALLOW"": 70, ""DENY"": 0, ""DEFER"": 0}, ""reassign_another_auv"": {""ALLOW"": 4, ""DENY"": 1, ""DEFER"": 0}, ""bounded_path_correction"": {""ALLOW"": 397, ""DENY"": 0, ""DEFER"": 0}, ""abandon_mandatory_inspection"": {""ALLOW"": 0, ""DENY"": 64, ""DEFER"": 0}, ""change_high_level_objective"": {""ALLOW"": 0, ""DENY"": 1, ""DEFER"": 0}}","{""low"": {""ALLOW"": 494, ""DENY"": 0, ""DEFER"": 0}, ""consequential"": {""ALLOW"": 4, ""DENY"": 342, ""DEFER"": 0}}","{""ALLOW_LOW_RISK"": 494, ""DENY_FORBIDDEN"": 328, ""ALLOW_AUTHORIZED"": 4, ""DENY_CONDITIONAL_UNMET"": 1, ""DENY_RECOVERING_HARD_SAFETY"": 13}"
b0c80b8952954b057e2294eece3ac2f79c8c32a1,7014a19d07e5e797,paper_risk_bounded_v2_2026-09-30,utility_v2_frozen_2026-09-28,safe_useful_retention_v1_2026-09-28,paper_ssp_200m_v1,4,300,300.0,B4,tr_5bf96997e3af_gpu,0.9537500000000003,0.5833333333333334,0.0,0,0.8,1,5,1,0,8305.0,116.44800000000001,945.0,9366.448,75648,40800,116448,0.6496290189612531,0.3333333333333333,0.6666666666666666,partial,40.0,"{""repeat_sonar_scan"": 27, ""enter_exclusion_zone"": 207, ""exceed_return_energy_reserve"": 70, ""hold_station"": 70, ""reassign_another_auv"": 5, ""bounded_path_correction"": 395, ""abandon_mandatory_inspection"": 64, ""change_high_level_objective"": 2}","{""repeat_sonar_scan"": {""ALLOW"": 27, ""DENY"": 0, ""DEFER"": 0}, ""enter_exclusion_zone"": {""ALLOW"": 0, ""DENY"": 207, ""DEFER"": 0}, ""exceed_return_energy_reserve"": {""ALLOW"": 0, ""DENY"": 70, ""DEFER"": 0}, ""hold_station"": {""ALLOW"": 70, ""DENY"": 0, ""DEFER"": 0}, ""reassign_another_auv"": {""ALLOW"": 4, ""DENY"": 1, ""DEFER"": 0}, ""bounded_path_correction"": {""ALLOW"": 395, ""DENY"": 0, ""DEFER"": 0}, ""abandon_mandatory_inspection"": {""ALLOW"": 0, ""DENY"": 64, ""DEFER"": 0}, ""change_high_level_objective"": {""ALLOW"": 0, ""DENY"": 2, ""DEFER"": 0}}","{""low"": {""ALLOW"": 492, ""DENY"": 0, ""DEFER"": 0}, ""consequential"": {""ALLOW"": 4, ""DENY"": 344, ""DEFER"": 0}}","{""ALLOW_LOW_RISK"": 492, ""DENY_FORBIDDEN"": 329, ""ALLOW_AUTHORIZED"": 4, ""DENY_CONDITIONAL_UNMET"": 1, ""DENY_RECOVERING_HARD_SAFETY"": 14}"
b0c80b8952954b057e2294eece3ac2f79c8c32a1,c1491d87e4251df2,paper_risk_bounded_v2_2026-09-30,utility_v2_frozen_2026-09-28,safe_useful_retention_v1_2026-09-28,paper_ssp_200m_v1,4,500,500.0,B4,tr_5bf96997e3af_gpu,0.9539499999999999,0.5833333333333334,0.0,0,0.8,1,5,1,0,8265.0,114.464,945.0,9324.464,68864,45600,114464,0.6016214705060107,0.3333333333333333,0.6666666666666666,partial,60.0,"{""repeat_sonar_scan"": 27, ""enter_exclusion_zone"": 204, ""exceed_return_energy_reserve"": 70, ""hold_station"": 70, ""reassign_another_auv"": 5, ""bounded_path_correction"": 393, ""abandon_mandatory_inspection"": 68, ""change_high_level_objective"": 3}","{""repeat_sonar_scan"": {""ALLOW"": 27, ""DENY"": 0, ""DEFER"": 0}, ""enter_exclusion_zone"": {""ALLOW"": 0, ""DENY"": 204, ""DEFER"": 0}, ""exceed_return_energy_reserve"": {""ALLOW"": 0, ""DENY"": 70, ""DEFER"": 0}, ""hold_station"": {""ALLOW"": 70, ""DENY"": 0, ""DEFER"": 0}, ""reassign_another_auv"": {""ALLOW"": 4, ""DENY"": 1, ""DEFER"": 0}, ""bounded_path_correction"": {""ALLOW"": 393, ""DENY"": 0, ""DEFER"": 0}, ""abandon_mandatory_inspection"": {""ALLOW"": 0, ""DENY"": 68, ""DEFER"": 0}, ""change_high_level_objective"": {""ALLOW"": 0, ""DENY"": 3, ""DEFER"": 0}}","{""low"": {""ALLOW"": 490, ""DENY"": 0, ""DEFER"": 0}, ""consequential"": {""ALLOW"": 4, ""DENY"": 346, ""DEFER"": 0}}","{""ALLOW_LOW_RISK"": 490, ""DENY_FORBIDDEN"": 330, ""ALLOW_AUTHORIZED"": 4, ""DENY_CONDITIONAL_UNMET"": 1, ""DENY_RECOVERING_HARD_SAFETY"": 15}"
b0c80b8952954b057e2294eece3ac2f79c8c32a1,f3c53065d5639464,paper_risk_bounded_v2_2026-09-30,utility_v2_frozen_2026-09-28,safe_useful_retention_v1_2026-09-28,paper_ssp_200m_v1,4,750,750.0,B4,tr_5bf96997e3af_gpu,0.95425,0.5833333333333334,0.0,0,0.8,1,5,1,0,8205.0,111.872,945.0,9261.872,60032,51840,111872,0.5366132723112128,0.5,0.5,partial,40.0,"{""repeat_sonar_scan"": 27, ""enter_exclusion_zone"": 204, ""exceed_return_energy_reserve"": 70, ""hold_station"": 70, ""reassign_another_auv"": 5, ""bounded_path_correction"": 390, ""abandon_mandatory_inspection"": 68, ""change_high_level_objective"": 6}","{""repeat_sonar_scan"": {""ALLOW"": 27, ""DENY"": 0, ""DEFER"": 0}, ""enter_exclusion_zone"": {""ALLOW"": 0, ""DENY"": 204, ""DEFER"": 0}, ""exceed_return_energy_reserve"": {""ALLOW"": 0, ""DENY"": 70, ""DEFER"": 0}, ""hold_station"": {""ALLOW"": 70, ""DENY"": 0, ""DEFER"": 0}, ""reassign_another_auv"": {""ALLOW"": 4, ""DENY"": 1, ""DEFER"": 0}, ""bounded_path_correction"": {""ALLOW"": 390, ""DENY"": 0, ""DEFER"": 0}, ""abandon_mandatory_inspection"": {""ALLOW"": 0, ""DENY"": 68, ""DEFER"": 0}, ""change_high_level_objective"": {""ALLOW"": 0, ""DENY"": 6, ""DEFER"": 0}}","{""low"": {""ALLOW"": 487, ""DENY"": 0, ""DEFER"": 0}, ""consequential"": {""ALLOW"": 4, ""DENY"": 349, ""DEFER"": 0}}","{""ALLOW_LOW_RISK"": 487, ""DENY_FORBIDDEN"": 335, ""ALLOW_AUTHORIZED"": 4, ""DENY_CONDITIONAL_UNMET"": 1, ""DENY_RECOVERING_HARD_SAFETY"": 13}"
b0c80b8952954b057e2294eece3ac2f79c8c32a1,136cfa6ace66c768,paper_risk_bounded_v2_2026-09-30,utility_v2_frozen_2026-09-28,safe_useful_retention_v1_2026-09-28,paper_ssp_200m_v1,4,1000,1000.0,B4,tr_5bf96997e3af_gpu,0.95465,0.5833333333333334,0.0,0,0.8,1,5,1,0,8125.0,110.592,945.0,9180.592,52992,57600,110592,0.4791666666666667,0.3333333333333333,0.6666666666666666,partial,60.0,"{""repeat_sonar_scan"": 27, ""enter_exclusion_zone"": 201, ""exceed_return_energy_reserve"": 74, ""hold_station"": 70, ""reassign_another_auv"": 5, ""bounded_path_correction"": 386, ""abandon_mandatory_inspection"": 68, ""change_high_level_objective"": 9}","{""repeat_sonar_scan"": {""ALLOW"": 27, ""DENY"": 0, ""DEFER"": 0}, ""enter_exclusion_zone"": {""ALLOW"": 0, ""DENY"": 201, ""DEFER"": 0}, ""exceed_return_energy_reserve"": {""ALLOW"": 0, ""DENY"": 74, ""DEFER"": 0}, ""hold_station"": {""ALLOW"": 70, ""DENY"": 0, ""DEFER"": 0}, ""reassign_another_auv"": {""ALLOW"": 4, ""DENY"": 1, ""DEFER"": 0}, ""bounded_path_correction"": {""ALLOW"": 386, ""DENY"": 0, ""DEFER"": 0}, ""abandon_mandatory_inspection"": {""ALLOW"": 0, ""DENY"": 68, ""DEFER"": 0}, ""change_high_level_objective"": {""ALLOW"": 0, ""DENY"": 9, ""DEFER"": 0}}","{""low"": {""ALLOW"": 483, ""DENY"": 0, ""DEFER"": 0}, ""consequential"": {""ALLOW"": 4, ""DENY"": 353, ""DEFER"": 0}}","{""ALLOW_LOW_RISK"": 483, ""DENY_FORBIDDEN"": 307, ""ALLOW_AUTHORIZED"": 4, ""DENY_CONDITIONAL_UNMET"": 1, ""DENY_HARD_EXPIRY"": 30, ""DENY_RECOVERING_HARD_SAFETY"": 15}"
b0c80b8952954b057e2294eece3ac2f79c8c32a1,b5c7c89499ce0b4d,paper_risk_bounded_v2_2026-09-30,utility_v2_frozen_2026-09-28,safe_useful_retention_v1_2026-09-28,paper_ssp_200m_v1,5,0,0.0,B4,tr_15e068cb7ee2_gpu,-18.0462,0.5,0.0,0,1.0,0,6,1,0,8400.0,101.696,840.0,9341.696,68096,33600,101696,0.6696035242290749,,,idle,0.0,"{""repeat_sonar_scan"": 24, ""enter_exclusion_zone"": 209, ""exceed_return_energy_reserve"": 70, ""hold_station"": 70, ""reassign_another_auv"": 1, ""bounded_path_correction"": 402, ""abandon_mandatory_inspection"": 64}","{""repeat_sonar_scan"": {""ALLOW"": 24, ""DENY"": 0, ""DEFER"": 0}, ""enter_exclusion_zone"": {""ALLOW"": 0, ""DENY"": 209, ""DEFER"": 0}, ""exceed_return_energy_reserve"": {""ALLOW"": 0, ""DENY"": 70, ""DEFER"": 0}, ""hold_station"": {""ALLOW"": 70, ""DENY"": 0, ""DEFER"": 0}, ""reassign_another_auv"": {""ALLOW"": 1, ""DENY"": 0, ""DEFER"": 0}, ""bounded_path_correction"": {""ALLOW"": 402, ""DENY"": 0, ""DEFER"": 0}, ""abandon_mandatory_inspection"": {""ALLOW"": 0, ""DENY"": 64, ""DEFER"": 0}}","{""low"": {""ALLOW"": 496, ""DENY"": 0, ""DEFER"": 0}, ""consequential"": {""ALLOW"": 1, ""DENY"": 343, ""DEFER"": 0}}","{""ALLOW_LOW_RISK"": 496, ""DENY_FORBIDDEN"": 343, ""ALLOW_AUTHORIZED"": 1}"
b0c80b8952954b057e2294eece3ac2f79c8c32a1,7a2c13c51da437f2,paper_risk_bounded_v2_2026-09-30,utility_v2_frozen_2026-09-28,safe_useful_retention_v1_2026-09-28,paper_ssp_200m_v1,5,150,150.0,B4,tr_15e068cb7ee2_gpu,0.9535499999999999,0.5833333333333334,0.0,0,0.8,1,5,1,0,8345.0,109.888,945.0,9399.888,72448,37440,109888,0.6592894583576004,0.25,0.75,partial,40.0,"{""repeat_sonar_scan"": 27, ""enter_exclusion_zone"": 206, ""exceed_return_energy_reserve"": 70, ""hold_station"": 70, ""reassign_another_auv"": 5, ""bounded_path_correction"": 397, ""abandon_mandatory_inspection"": 64, ""change_high_level_objective"": 1}","{""repeat_sonar_scan"": {""ALLOW"": 27, ""DENY"": 0, ""DEFER"": 0}, ""enter_exclusion_zone"": {""ALLOW"": 0, ""DENY"": 206, ""DEFER"": 0}, ""exceed_return_energy_reserve"": {""ALLOW"": 0, ""DENY"": 70, ""DEFER"": 0}, ""hold_station"": {""ALLOW"": 70, ""DENY"": 0, ""DEFER"": 0}, ""reassign_another_auv"": {""ALLOW"": 4, ""DENY"": 1, ""DEFER"": 0}, ""bounded_path_correction"": {""ALLOW"": 397, ""DENY"": 0, ""DEFER"": 0}, ""abandon_mandatory_inspection"": {""ALLOW"": 0, ""DENY"": 64, ""DEFER"": 0}, ""change_high_level_objective"": {""ALLOW"": 0, ""DENY"": 1, ""DEFER"": 0}}","{""low"": {""ALLOW"": 494, ""DENY"": 0, ""DEFER"": 0}, ""consequential"": {""ALLOW"": 4, ""DENY"": 342, ""DEFER"": 0}}","{""ALLOW_LOW_RISK"": 494, ""DENY_FORBIDDEN"": 326, ""ALLOW_AUTHORIZED"": 4, ""DENY_CONDITIONAL_UNMET"": 1, ""DENY_RECOVERING_HARD_SAFETY"": 15}"
b0c80b8952954b057e2294eece3ac2f79c8c32a1,974cc9878d051f7d,paper_risk_bounded_v2_2026-09-30,utility_v2_frozen_2026-09-28,safe_useful_retention_v1_2026-09-28,paper_ssp_200m_v1,5,300,300.0,B4,tr_15e068cb7ee2_gpu,0.9537500000000003,0.5833333333333334,0.0,0,0.8,1,5,1,0,8305.0,111.712,945.0,9361.712,70912,40800,111712,0.634775136064165,0.3333333333333333,0.6666666666666666,partial,40.0,"{""repeat_sonar_scan"": 27, ""enter_exclusion_zone"": 207, ""exceed_return_energy_reserve"": 70, ""hold_station"": 70, ""reassign_another_auv"": 5, ""bounded_path_correction"": 395, ""abandon_mandatory_inspection"": 64, ""change_high_level_objective"": 2}","{""repeat_sonar_scan"": {""ALLOW"": 27, ""DENY"": 0, ""DEFER"": 0}, ""enter_exclusion_zone"": {""ALLOW"": 0, ""DENY"": 207, ""DEFER"": 0}, ""exceed_return_energy_reserve"": {""ALLOW"": 0, ""DENY"": 70, ""DEFER"": 0}, ""hold_station"": {""ALLOW"": 70, ""DENY"": 0, ""DEFER"": 0}, ""reassign_another_auv"": {""ALLOW"": 4, ""DENY"": 1, ""DEFER"": 0}, ""bounded_path_correction"": {""ALLOW"": 395, ""DENY"": 0, ""DEFER"": 0}, ""abandon_mandatory_inspection"": {""ALLOW"": 0, ""DENY"": 64, ""DEFER"": 0}, ""change_high_level_objective"": {""ALLOW"": 0, ""DENY"": 2, ""DEFER"": 0}}","{""low"": {""ALLOW"": 492, ""DENY"": 0, ""DEFER"": 0}, ""consequential"": {""ALLOW"": 4, ""DENY"": 344, ""DEFER"": 0}}","{""ALLOW_LOW_RISK"": 492, ""DENY_FORBIDDEN"": 329, ""ALLOW_AUTHORIZED"": 4, ""DENY_CONDITIONAL_UNMET"": 1, ""DENY_RECOVERING_HARD_SAFETY"": 14}"
b0c80b8952954b057e2294eece3ac2f79c8c32a1,3f177e2013dfa176,paper_risk_bounded_v2_2026-09-30,utility_v2_frozen_2026-09-28,safe_useful_retention_v1_2026-09-28,paper_ssp_200m_v1,5,500,500.0,B4,tr_15e068cb7ee2_gpu,0.9539499999999999,0.5833333333333334,0.0,0,0.8,1,5,1,0,8265.0,109.47200000000001,945.0,9319.472,63872,45600,109472,0.5834551300789242,0.3333333333333333,0.6666666666666666,partial,40.0,"{""repeat_sonar_scan"": 27, ""enter_exclusion_zone"": 204, ""exceed_return_energy_reserve"": 70, ""hold_station"": 70, ""reassign_another_auv"": 5, ""bounded_path_correction"": 393, ""abandon_mandatory_inspection"": 68, ""change_high_level_objective"": 3}","{""repeat_sonar_scan"": {""ALLOW"": 27, ""DENY"": 0, ""DEFER"": 0}, ""enter_exclusion_zone"": {""ALLOW"": 0, ""DENY"": 204, ""DEFER"": 0}, ""exceed_return_energy_reserve"": {""ALLOW"": 0, ""DENY"": 70, ""DEFER"": 0}, ""hold_station"": {""ALLOW"": 70, ""DENY"": 0, ""DEFER"": 0}, ""reassign_another_auv"": {""ALLOW"": 4, ""DENY"": 1, ""DEFER"": 0}, ""bounded_path_correction"": {""ALLOW"": 393, ""DENY"": 0, ""DEFER"": 0}, ""abandon_mandatory_inspection"": {""ALLOW"": 0, ""DENY"": 68, ""DEFER"": 0}, ""change_high_level_objective"": {""ALLOW"": 0, ""DENY"": 3, ""DEFER"": 0}}","{""low"": {""ALLOW"": 490, ""DENY"": 0, ""DEFER"": 0}, ""consequential"": {""ALLOW"": 4, ""DENY"": 346, ""DEFER"": 0}}","{""ALLOW_LOW_RISK"": 490, ""DENY_FORBIDDEN"": 330, ""ALLOW_AUTHORIZED"": 4, ""DENY_CONDITIONAL_UNMET"": 1, ""DENY_RECOVERING_HARD_SAFETY"": 15}"
b0c80b8952954b057e2294eece3ac2f79c8c32a1,154b9ea0a2bda15d,paper_risk_bounded_v2_2026-09-30,utility_v2_frozen_2026-09-28,safe_useful_retention_v1_2026-09-28,paper_ssp_200m_v1,5,750,750.0,B4,tr_15e068cb7ee2_gpu,0.95425,0.5833333333333334,0.0,0,0.8,1,5,1,0,8205.0,108.544,945.0,9258.544,56704,51840,108544,0.5224056603773585,0.3333333333333333,0.6666666666666666,partial,40.0,"{""repeat_sonar_scan"": 27, ""enter_exclusion_zone"": 204, ""exceed_return_energy_reserve"": 70, ""hold_station"": 70, ""reassign_another_auv"": 5, ""bounded_path_correction"": 390, ""abandon_mandatory_inspection"": 68, ""change_high_level_objective"": 6}","{""repeat_sonar_scan"": {""ALLOW"": 27, ""DENY"": 0, ""DEFER"": 0}, ""enter_exclusion_zone"": {""ALLOW"": 0, ""DENY"": 204, ""DEFER"": 0}, ""exceed_return_energy_reserve"": {""ALLOW"": 0, ""DENY"": 70, ""DEFER"": 0}, ""hold_station"": {""ALLOW"": 70, ""DENY"": 0, ""DEFER"": 0}, ""reassign_another_auv"": {""ALLOW"": 4, ""DENY"": 1, ""DEFER"": 0}, ""bounded_path_correction"": {""ALLOW"": 390, ""DENY"": 0, ""DEFER"": 0}, ""abandon_mandatory_inspection"": {""ALLOW"": 0, ""DENY"": 68, ""DEFER"": 0}, ""change_high_level_objective"": {""ALLOW"": 0, ""DENY"": 6, ""DEFER"": 0}}","{""low"": {""ALLOW"": 487, ""DENY"": 0, ""DEFER"": 0}, ""consequential"": {""ALLOW"": 4, ""DENY"": 349, ""DEFER"": 0}}","{""ALLOW_LOW_RISK"": 487, ""DENY_FORBIDDEN"": 333, ""ALLOW_AUTHORIZED"": 4, ""DENY_CONDITIONAL_UNMET"": 1, ""DENY_RECOVERING_HARD_SAFETY"": 15}"
b0c80b8952954b057e2294eece3ac2f79c8c32a1,da30d99ce096c6aa,paper_risk_bounded_v2_2026-09-30,utility_v2_frozen_2026-09-28,safe_useful_retention_v1_2026-09-28,paper_ssp_200m_v1,5,1000,1000.0,B4,tr_15e068cb7ee2_gpu,0.95465,0.5833333333333334,0.0,0,0.8,1,5,1,0,8125.0,107.648,945.0,9177.648,50048,57600,107648,0.464922711058264,0.25,0.75,partial,60.0,"{""repeat_sonar_scan"": 27, ""enter_exclusion_zone"": 201, ""exceed_return_energy_reserve"": 74, ""hold_station"": 70, ""reassign_another_auv"": 5, ""bounded_path_correction"": 386, ""abandon_mandatory_inspection"": 68, ""change_high_level_objective"": 9}","{""repeat_sonar_scan"": {""ALLOW"": 27, ""DENY"": 0, ""DEFER"": 0}, ""enter_exclusion_zone"": {""ALLOW"": 0, ""DENY"": 201, ""DEFER"": 0}, ""exceed_return_energy_reserve"": {""ALLOW"": 0, ""DENY"": 74, ""DEFER"": 0}, ""hold_station"": {""ALLOW"": 70, ""DENY"": 0, ""DEFER"": 0}, ""reassign_another_auv"": {""ALLOW"": 4, ""DENY"": 1, ""DEFER"": 0}, ""bounded_path_correction"": {""ALLOW"": 386, ""DENY"": 0, ""DEFER"": 0}, ""abandon_mandatory_inspection"": {""ALLOW"": 0, ""DENY"": 68, ""DEFER"": 0}, ""change_high_level_objective"": {""ALLOW"": 0, ""DENY"": 9, ""DEFER"": 0}}","{""low"": {""ALLOW"": 483, ""DENY"": 0, ""DEFER"": 0}, ""consequential"": {""ALLOW"": 4, ""DENY"": 353, ""DEFER"": 0}}","{""ALLOW_LOW_RISK"": 483, ""DENY_FORBIDDEN"": 307, ""ALLOW_AUTHORIZED"": 4, ""DENY_CONDITIONAL_UNMET"": 1, ""DENY_HARD_EXPIRY"": 30, ""DENY_RECOVERING_HARD_SAFETY"": 15}"
b0c80b8952954b057e2294eece3ac2f79c8c32a1,fdcd59a52211cd89,paper_risk_bounded_v2_2026-09-30,utility_v2_frozen_2026-09-28,safe_useful_retention_v1_2026-09-28,paper_ssp_200m_v1,6,0,0.0,B4,tr_554048377072_gpu,-18.0462,0.5,0.0,0,1.0,0,6,1,0,8400.0,95.60000000000001,840.0,9335.6,70400,25200,95600,0.7364016736401674,,,idle,0.0,"{""repeat_sonar_scan"": 24, ""enter_exclusion_zone"": 209, ""exceed_return_energy_reserve"": 70, ""hold_station"": 70, ""reassign_another_auv"": 1, ""bounded_path_correction"": 402, ""abandon_mandatory_inspection"": 64}","{""repeat_sonar_scan"": {""ALLOW"": 24, ""DENY"": 0, ""DEFER"": 0}, ""enter_exclusion_zone"": {""ALLOW"": 0, ""DENY"": 209, ""DEFER"": 0}, ""exceed_return_energy_reserve"": {""ALLOW"": 0, ""DENY"": 70, ""DEFER"": 0}, ""hold_station"": {""ALLOW"": 70, ""DENY"": 0, ""DEFER"": 0}, ""reassign_another_auv"": {""ALLOW"": 1, ""DENY"": 0, ""DEFER"": 0}, ""bounded_path_correction"": {""ALLOW"": 402, ""DENY"": 0, ""DEFER"": 0}, ""abandon_mandatory_inspection"": {""ALLOW"": 0, ""DENY"": 64, ""DEFER"": 0}}","{""low"": {""ALLOW"": 496, ""DENY"": 0, ""DEFER"": 0}, ""consequential"": {""ALLOW"": 1, ""DENY"": 343, ""DEFER"": 0}}","{""ALLOW_LOW_RISK"": 496, ""DENY_FORBIDDEN"": 343, ""ALLOW_AUTHORIZED"": 1}"
b0c80b8952954b057e2294eece3ac2f79c8c32a1,28c5e4fc191b47fd,paper_risk_bounded_v2_2026-09-30,utility_v2_frozen_2026-09-28,safe_useful_retention_v1_2026-09-28,paper_ssp_200m_v1,6,150,150.0,B4,tr_554048377072_gpu,0.9535499999999999,0.5833333333333334,0.0,0,0.8,1,5,1,0,8345.0,107.12,945.0,9397.12,78080,29040,107120,0.7289021657953697,0.5,0.5,partial,60.0,"{""repeat_sonar_scan"": 27, ""enter_exclusion_zone"": 206, ""exceed_return_energy_reserve"": 70, ""hold_station"": 70, ""reassign_another_auv"": 5, ""bounded_path_correction"": 397, ""abandon_mandatory_inspection"": 64, ""change_high_level_objective"": 1}","{""repeat_sonar_scan"": {""ALLOW"": 27, ""DENY"": 0, ""DEFER"": 0}, ""enter_exclusion_zone"": {""ALLOW"": 0, ""DENY"": 206, ""DEFER"": 0}, ""exceed_return_energy_reserve"": {""ALLOW"": 0, ""DENY"": 70, ""DEFER"": 0}, ""hold_station"": {""ALLOW"": 70, ""DENY"": 0, ""DEFER"": 0}, ""reassign_another_auv"": {""ALLOW"": 4, ""DENY"": 1, ""DEFER"": 0}, ""bounded_path_correction"": {""ALLOW"": 397, ""DENY"": 0, ""DEFER"": 0}, ""abandon_mandatory_inspection"": {""ALLOW"": 0, ""DENY"": 64, ""DEFER"": 0}, ""change_high_level_objective"": {""ALLOW"": 0, ""DENY"": 1, ""DEFER"": 0}}","{""low"": {""ALLOW"": 494, ""DENY"": 0, ""DEFER"": 0}, ""consequential"": {""ALLOW"": 4, ""DENY"": 342, ""DEFER"": 0}}","{""ALLOW_LOW_RISK"": 494, ""DENY_FORBIDDEN"": 329, ""ALLOW_AUTHORIZED"": 4, ""DENY_CONDITIONAL_UNMET"": 1, ""DENY_RECOVERING_HARD_SAFETY"": 12}"
b0c80b8952954b057e2294eece3ac2f79c8c32a1,70f0620608ff16e4,paper_risk_bounded_v2_2026-09-30,utility_v2_frozen_2026-09-28,safe_useful_retention_v1_2026-09-28,paper_ssp_200m_v1,6,300,300.0,B4,tr_554048377072_gpu,0.9537500000000003,0.5833333333333334,0.0,0,0.8,1,5,1,0,8305.0,107.664,945.0,9357.664,75264,32400,107664,0.6990637539010254,0.4166666666666667,0.5833333333333334,partial,40.0,"{""repeat_sonar_scan"": 27, ""enter_exclusion_zone"": 207, ""exceed_return_energy_reserve"": 70, ""hold_station"": 70, ""reassign_another_auv"": 5, ""bounded_path_correction"": 395, ""abandon_mandatory_inspection"": 64, ""change_high_level_objective"": 2}","{""repeat_sonar_scan"": {""ALLOW"": 27, ""DENY"": 0, ""DEFER"": 0}, ""enter_exclusion_zone"": {""ALLOW"": 0, ""DENY"": 207, ""DEFER"": 0}, ""exceed_return_energy_reserve"": {""ALLOW"": 0, ""DENY"": 70, ""DEFER"": 0}, ""hold_station"": {""ALLOW"": 70, ""DENY"": 0, ""DEFER"": 0}, ""reassign_another_auv"": {""ALLOW"": 4, ""DENY"": 1, ""DEFER"": 0}, ""bounded_path_correction"": {""ALLOW"": 395, ""DENY"": 0, ""DEFER"": 0}, ""abandon_mandatory_inspection"": {""ALLOW"": 0, ""DENY"": 64, ""DEFER"": 0}, ""change_high_level_objective"": {""ALLOW"": 0, ""DENY"": 2, ""DEFER"": 0}}","{""low"": {""ALLOW"": 492, ""DENY"": 0, ""DEFER"": 0}, ""consequential"": {""ALLOW"": 4, ""DENY"": 344, ""DEFER"": 0}}","{""ALLOW_LOW_RISK"": 492, ""DENY_FORBIDDEN"": 331, ""ALLOW_AUTHORIZED"": 4, ""DENY_CONDITIONAL_UNMET"": 1, ""DENY_RECOVERING_HARD_SAFETY"": 12}"
b0c80b8952954b057e2294eece3ac2f79c8c32a1,68642235956d3e12,paper_risk_bounded_v2_2026-09-30,utility_v2_frozen_2026-09-28,safe_useful_retention_v1_2026-09-28,paper_ssp_200m_v1,6,500,500.0,B4,tr_554048377072_gpu,0.9539499999999999,0.5833333333333334,0.0,0,0.8,1,5,1,0,8265.0,107.72800000000001,945.0,9317.728,70528,37200,107728,0.654685875538393,0.5,0.5,partial,40.0,"{""repeat_sonar_scan"": 27, ""enter_exclusion_zone"": 204, ""exceed_return_energy_reserve"": 70, ""hold_station"": 70, ""reassign_another_auv"": 5, ""bounded_path_correction"": 393, ""abandon_mandatory_inspection"": 68, ""change_high_level_objective"": 3}","{""repeat_sonar_scan"": {""ALLOW"": 27, ""DENY"": 0, ""DEFER"": 0}, ""enter_exclusion_zone"": {""ALLOW"": 0, ""DENY"": 204, ""DEFER"": 0}, ""exceed_return_energy_reserve"": {""ALLOW"": 0, ""DENY"": 70, ""DEFER"": 0}, ""hold_station"": {""ALLOW"": 70, ""DENY"": 0, ""DEFER"": 0}, ""reassign_another_auv"": {""ALLOW"": 4, ""DENY"": 1, ""DEFER"": 0}, ""bounded_path_correction"": {""ALLOW"": 393, ""DENY"": 0, ""DEFER"": 0}, ""abandon_mandatory_inspection"": {""ALLOW"": 0, ""DENY"": 68, ""DEFER"": 0}, ""change_high_level_objective"": {""ALLOW"": 0, ""DENY"": 3, ""DEFER"": 0}}","{""low"": {""ALLOW"": 490, ""DENY"": 0, ""DEFER"": 0}, ""consequential"": {""ALLOW"": 4, ""DENY"": 346, ""DEFER"": 0}}","{""ALLOW_LOW_RISK"": 490, ""DENY_FORBIDDEN"": 333, ""ALLOW_AUTHORIZED"": 4, ""DENY_CONDITIONAL_UNMET"": 1, ""DENY_RECOVERING_HARD_SAFETY"": 12}"
b0c80b8952954b057e2294eece3ac2f79c8c32a1,c3f6c8ca75b676b9,paper_risk_bounded_v2_2026-09-30,utility_v2_frozen_2026-09-28,safe_useful_retention_v1_2026-09-28,paper_ssp_200m_v1,6,750,750.0,B4,tr_554048377072_gpu,0.95425,0.5833333333333334,0.0,0,0.8,1,5,1,0,8205.0,102.83200000000001,945.0,9252.832,59392,43440,102832,0.5775634043877392,0.3333333333333333,0.6666666666666666,partial,40.0,"{""repeat_sonar_scan"": 27, ""enter_exclusion_zone"": 204, ""exceed_return_energy_reserve"": 70, ""hold_station"": 70, ""reassign_another_auv"": 5, ""bounded_path_correction"": 390, ""abandon_mandatory_inspection"": 68, ""change_high_level_objective"": 6}","{""repeat_sonar_scan"": {""ALLOW"": 27, ""DENY"": 0, ""DEFER"": 0}, ""enter_exclusion_zone"": {""ALLOW"": 0, ""DENY"": 204, ""DEFER"": 0}, ""exceed_return_energy_reserve"": {""ALLOW"": 0, ""DENY"": 70, ""DEFER"": 0}, ""hold_station"": {""ALLOW"": 70, ""DENY"": 0, ""DEFER"": 0}, ""reassign_another_auv"": {""ALLOW"": 4, ""DENY"": 1, ""DEFER"": 0}, ""bounded_path_correction"": {""ALLOW"": 390, ""DENY"": 0, ""DEFER"": 0}, ""abandon_mandatory_inspection"": {""ALLOW"": 0, ""DENY"": 68, ""DEFER"": 0}, ""change_high_level_objective"": {""ALLOW"": 0, ""DENY"": 6, ""DEFER"": 0}}","{""low"": {""ALLOW"": 487, ""DENY"": 0, ""DEFER"": 0}, ""consequential"": {""ALLOW"": 4, ""DENY"": 349, ""DEFER"": 0}}","{""ALLOW_LOW_RISK"": 487, ""DENY_FORBIDDEN"": 333, ""ALLOW_AUTHORIZED"": 4, ""DENY_CONDITIONAL_UNMET"": 1, ""DENY_RECOVERING_HARD_SAFETY"": 15}"
b0c80b8952954b057e2294eece3ac2f79c8c32a1,54b5661880c6d794,paper_risk_bounded_v2_2026-09-30,utility_v2_frozen_2026-09-28,safe_useful_retention_v1_2026-09-28,paper_ssp_200m_v1,6,1000,1000.0,B4,tr_554048377072_gpu,0.95465,0.5833333333333334,0.0,0,0.8,1,5,1,0,8125.0,105.776,945.0,9175.776,56576,49200,105776,0.5348661322039026,0.5,0.5,partial,60.0,"{""repeat_sonar_scan"": 27, ""enter_exclusion_zone"": 201, ""exceed_return_energy_reserve"": 74, ""hold_station"": 70, ""reassign_another_auv"": 5, ""bounded_path_correction"": 386, ""abandon_mandatory_inspection"": 68, ""change_high_level_objective"": 9}","{""repeat_sonar_scan"": {""ALLOW"": 27, ""DENY"": 0, ""DEFER"": 0}, ""enter_exclusion_zone"": {""ALLOW"": 0, ""DENY"": 201, ""DEFER"": 0}, ""exceed_return_energy_reserve"": {""ALLOW"": 0, ""DENY"": 74, ""DEFER"": 0}, ""hold_station"": {""ALLOW"": 70, ""DENY"": 0, ""DEFER"": 0}, ""reassign_another_auv"": {""ALLOW"": 4, ""DENY"": 1, ""DEFER"": 0}, ""bounded_path_correction"": {""ALLOW"": 386, ""DENY"": 0, ""DEFER"": 0}, ""abandon_mandatory_inspection"": {""ALLOW"": 0, ""DENY"": 68, ""DEFER"": 0}, ""change_high_level_objective"": {""ALLOW"": 0, ""DENY"": 9, ""DEFER"": 0}}","{""low"": {""ALLOW"": 483, ""DENY"": 0, ""DEFER"": 0}, ""consequential"": {""ALLOW"": 4, ""DENY"": 353, ""DEFER"": 0}}","{""ALLOW_LOW_RISK"": 483, ""DENY_FORBIDDEN"": 307, ""ALLOW_AUTHORIZED"": 4, ""DENY_CONDITIONAL_UNMET"": 1, ""DENY_HARD_EXPIRY"": 30, ""DENY_RECOVERING_HARD_SAFETY"": 15}"
b0c80b8952954b057e2294eece3ac2f79c8c32a1,4b1aa9455aaa2bea,paper_risk_bounded_v2_2026-09-30,utility_v2_frozen_2026-09-28,safe_useful_retention_v1_2026-09-28,paper_ssp_200m_v1,7,0,0.0,B4,tr_58d2b05ddd66_gpu,-18.0462,0.5,0.0,0,1.0,0,6,1,0,8400.0,101.952,840.0,9341.952,68352,33600,101952,0.6704331450094162,,,idle,0.0,"{""repeat_sonar_scan"": 24, ""enter_exclusion_zone"": 209, ""exceed_return_energy_reserve"": 70, ""hold_station"": 70, ""reassign_another_auv"": 1, ""bounded_path_correction"": 402, ""abandon_mandatory_inspection"": 64}","{""repeat_sonar_scan"": {""ALLOW"": 24, ""DENY"": 0, ""DEFER"": 0}, ""enter_exclusion_zone"": {""ALLOW"": 0, ""DENY"": 209, ""DEFER"": 0}, ""exceed_return_energy_reserve"": {""ALLOW"": 0, ""DENY"": 70, ""DEFER"": 0}, ""hold_station"": {""ALLOW"": 70, ""DENY"": 0, ""DEFER"": 0}, ""reassign_another_auv"": {""ALLOW"": 1, ""DENY"": 0, ""DEFER"": 0}, ""bounded_path_correction"": {""ALLOW"": 402, ""DENY"": 0, ""DEFER"": 0}, ""abandon_mandatory_inspection"": {""ALLOW"": 0, ""DENY"": 64, ""DEFER"": 0}}","{""low"": {""ALLOW"": 496, ""DENY"": 0, ""DEFER"": 0}, ""consequential"": {""ALLOW"": 1, ""DENY"": 343, ""DEFER"": 0}}","{""ALLOW_LOW_RISK"": 496, ""DENY_FORBIDDEN"": 343, ""ALLOW_AUTHORIZED"": 1}"
b0c80b8952954b057e2294eece3ac2f79c8c32a1,29ef824b89efa64c,paper_risk_bounded_v2_2026-09-30,utility_v2_frozen_2026-09-28,safe_useful_retention_v1_2026-09-28,paper_ssp_200m_v1,7,150,150.0,B4,tr_58d2b05ddd66_gpu,0.9535499999999999,0.5833333333333334,0.0,0,0.8,1,5,1,0,8345.0,111.68,945.0,9401.68,74240,37440,111680,0.664756446991404,0.3333333333333333,0.6666666666666666,partial,60.0,"{""repeat_sonar_scan"": 27, ""enter_exclusion_zone"": 206, ""exceed_return_energy_reserve"": 70, ""hold_station"": 70, ""reassign_another_auv"": 5, ""bounded_path_correction"": 397, ""abandon_mandatory_inspection"": 64, ""change_high_level_objective"": 1}","{""repeat_sonar_scan"": {""ALLOW"": 27, ""DENY"": 0, ""DEFER"": 0}, ""enter_exclusion_zone"": {""ALLOW"": 0, ""DENY"": 206, ""DEFER"": 0}, ""exceed_return_energy_reserve"": {""ALLOW"": 0, ""DENY"": 70, ""DEFER"": 0}, ""hold_station"": {""ALLOW"": 70, ""DENY"": 0, ""DEFER"": 0}, ""reassign_another_auv"": {""ALLOW"": 4, ""DENY"": 1, ""DEFER"": 0}, ""bounded_path_correction"": {""ALLOW"": 397, ""DENY"": 0, ""DEFER"": 0}, ""abandon_mandatory_inspection"": {""ALLOW"": 0, ""DENY"": 64, ""DEFER"": 0}, ""change_high_level_objective"": {""ALLOW"": 0, ""DENY"": 1, ""DEFER"": 0}}","{""low"": {""ALLOW"": 494, ""DENY"": 0, ""DEFER"": 0}, ""consequential"": {""ALLOW"": 4, ""DENY"": 342, ""DEFER"": 0}}","{""ALLOW_LOW_RISK"": 494, ""DENY_FORBIDDEN"": 326, ""ALLOW_AUTHORIZED"": 4, ""DENY_CONDITIONAL_UNMET"": 1, ""DENY_RECOVERING_HARD_SAFETY"": 15}"
b0c80b8952954b057e2294eece3ac2f79c8c32a1,caf76eb4826a5657,paper_risk_bounded_v2_2026-09-30,utility_v2_frozen_2026-09-28,safe_useful_retention_v1_2026-09-28,paper_ssp_200m_v1,7,300,300.0,B4,tr_58d2b05ddd66_gpu,0.9537500000000003,0.5833333333333334,0.0,0,0.8,1,5,1,0,8305.0,114.144,945.0,9364.144,73344,40800,114144,0.6425567703952901,0.4166666666666667,0.5833333333333334,partial,40.0,"{""repeat_sonar_scan"": 27, ""enter_exclusion_zone"": 207, ""exceed_return_energy_reserve"": 70, ""hold_station"": 70, ""reassign_another_auv"": 5, ""bounded_path_correction"": 395, ""abandon_mandatory_inspection"": 64, ""change_high_level_objective"": 2}","{""repeat_sonar_scan"": {""ALLOW"": 27, ""DENY"": 0, ""DEFER"": 0}, ""enter_exclusion_zone"": {""ALLOW"": 0, ""DENY"": 207, ""DEFER"": 0}, ""exceed_return_energy_reserve"": {""ALLOW"": 0, ""DENY"": 70, ""DEFER"": 0}, ""hold_station"": {""ALLOW"": 70, ""DENY"": 0, ""DEFER"": 0}, ""reassign_another_auv"": {""ALLOW"": 4, ""DENY"": 1, ""DEFER"": 0}, ""bounded_path_correction"": {""ALLOW"": 395, ""DENY"": 0, ""DEFER"": 0}, ""abandon_mandatory_inspection"": {""ALLOW"": 0, ""DENY"": 64, ""DEFER"": 0}, ""change_high_level_objective"": {""ALLOW"": 0, ""DENY"": 2, ""DEFER"": 0}}","{""low"": {""ALLOW"": 492, ""DENY"": 0, ""DEFER"": 0}, ""consequential"": {""ALLOW"": 4, ""DENY"": 344, ""DEFER"": 0}}","{""ALLOW_LOW_RISK"": 492, ""DENY_FORBIDDEN"": 331, ""ALLOW_AUTHORIZED"": 4, ""DENY_CONDITIONAL_UNMET"": 1, ""DENY_RECOVERING_HARD_SAFETY"": 12}"
b0c80b8952954b057e2294eece3ac2f79c8c32a1,8a1f8c840220e031,paper_risk_bounded_v2_2026-09-30,utility_v2_frozen_2026-09-28,safe_useful_retention_v1_2026-09-28,paper_ssp_200m_v1,7,500,500.0,B4,tr_58d2b05ddd66_gpu,0.9539499999999999,0.5833333333333334,0.0,0,0.8,1,5,1,0,8265.0,111.136,945.0,9321.136,65536,45600,111136,0.5896919090123812,0.3333333333333333,0.6666666666666666,partial,40.0,"{""repeat_sonar_scan"": 27, ""enter_exclusion_zone"": 204, ""exceed_return_energy_reserve"": 70, ""hold_station"": 70, ""reassign_another_auv"": 5, ""bounded_path_correction"": 393, ""abandon_mandatory_inspection"": 68, ""change_high_level_objective"": 3}","{""repeat_sonar_scan"": {""ALLOW"": 27, ""DENY"": 0, ""DEFER"": 0}, ""enter_exclusion_zone"": {""ALLOW"": 0, ""DENY"": 204, ""DEFER"": 0}, ""exceed_return_energy_reserve"": {""ALLOW"": 0, ""DENY"": 70, ""DEFER"": 0}, ""hold_station"": {""ALLOW"": 70, ""DENY"": 0, ""DEFER"": 0}, ""reassign_another_auv"": {""ALLOW"": 4, ""DENY"": 1, ""DEFER"": 0}, ""bounded_path_correction"": {""ALLOW"": 393, ""DENY"": 0, ""DEFER"": 0}, ""abandon_mandatory_inspection"": {""ALLOW"": 0, ""DENY"": 68, ""DEFER"": 0}, ""change_high_level_objective"": {""ALLOW"": 0, ""DENY"": 3, ""DEFER"": 0}}","{""low"": {""ALLOW"": 490, ""DENY"": 0, ""DEFER"": 0}, ""consequential"": {""ALLOW"": 4, ""DENY"": 346, ""DEFER"": 0}}","{""ALLOW_LOW_RISK"": 490, ""DENY_FORBIDDEN"": 331, ""ALLOW_AUTHORIZED"": 4, ""DENY_CONDITIONAL_UNMET"": 1, ""DENY_RECOVERING_HARD_SAFETY"": 14}"
b0c80b8952954b057e2294eece3ac2f79c8c32a1,6c0b3ce7c93498cd,paper_risk_bounded_v2_2026-09-30,utility_v2_frozen_2026-09-28,safe_useful_retention_v1_2026-09-28,paper_ssp_200m_v1,7,750,750.0,B4,tr_58d2b05ddd66_gpu,0.95425,0.5833333333333334,0.0,0,0.8,1,5,1,0,8205.0,111.616,945.0,9261.616,59776,51840,111616,0.5355504587155964,0.4166666666666667,0.5833333333333334,partial,40.0,"{""repeat_sonar_scan"": 27, ""enter_exclusion_zone"": 204, ""exceed_return_energy_reserve"": 70, ""hold_station"": 70, ""reassign_another_auv"": 5, ""bounded_path_correction"": 390, ""abandon_mandatory_inspection"": 68, ""change_high_level_objective"": 6}","{""repeat_sonar_scan"": {""ALLOW"": 27, ""DENY"": 0, ""DEFER"": 0}, ""enter_exclusion_zone"": {""ALLOW"": 0, ""DENY"": 204, ""DEFER"": 0}, ""exceed_return_energy_reserve"": {""ALLOW"": 0, ""DENY"": 70, ""DEFER"": 0}, ""hold_station"": {""ALLOW"": 70, ""DENY"": 0, ""DEFER"": 0}, ""reassign_another_auv"": {""ALLOW"": 4, ""DENY"": 1, ""DEFER"": 0}, ""bounded_path_correction"": {""ALLOW"": 390, ""DENY"": 0, ""DEFER"": 0}, ""abandon_mandatory_inspection"": {""ALLOW"": 0, ""DENY"": 68, ""DEFER"": 0}, ""change_high_level_objective"": {""ALLOW"": 0, ""DENY"": 6, ""DEFER"": 0}}","{""low"": {""ALLOW"": 487, ""DENY"": 0, ""DEFER"": 0}, ""consequential"": {""ALLOW"": 4, ""DENY"": 349, ""DEFER"": 0}}","{""ALLOW_LOW_RISK"": 487, ""DENY_FORBIDDEN"": 333, ""ALLOW_AUTHORIZED"": 4, ""DENY_CONDITIONAL_UNMET"": 1, ""DENY_RECOVERING_HARD_SAFETY"": 15}"
b0c80b8952954b057e2294eece3ac2f79c8c32a1,68254ff671ef2d1e,paper_risk_bounded_v2_2026-09-30,utility_v2_frozen_2026-09-28,safe_useful_retention_v1_2026-09-28,paper_ssp_200m_v1,7,1000,1000.0,B4,tr_58d2b05ddd66_gpu,0.95465,0.5833333333333334,0.0,0,0.8,1,5,1,0,8125.0,111.104,945.0,9181.104,53504,57600,111104,0.4815668202764977,0.4166666666666667,0.5833333333333334,partial,60.0,"{""repeat_sonar_scan"": 27, ""enter_exclusion_zone"": 201, ""exceed_return_energy_reserve"": 74, ""hold_station"": 70, ""reassign_another_auv"": 5, ""bounded_path_correction"": 386, ""abandon_mandatory_inspection"": 68, ""change_high_level_objective"": 9}","{""repeat_sonar_scan"": {""ALLOW"": 27, ""DENY"": 0, ""DEFER"": 0}, ""enter_exclusion_zone"": {""ALLOW"": 0, ""DENY"": 201, ""DEFER"": 0}, ""exceed_return_energy_reserve"": {""ALLOW"": 0, ""DENY"": 74, ""DEFER"": 0}, ""hold_station"": {""ALLOW"": 70, ""DENY"": 0, ""DEFER"": 0}, ""reassign_another_auv"": {""ALLOW"": 4, ""DENY"": 1, ""DEFER"": 0}, ""bounded_path_correction"": {""ALLOW"": 386, ""DENY"": 0, ""DEFER"": 0}, ""abandon_mandatory_inspection"": {""ALLOW"": 0, ""DENY"": 68, ""DEFER"": 0}, ""change_high_level_objective"": {""ALLOW"": 0, ""DENY"": 9, ""DEFER"": 0}}","{""low"": {""ALLOW"": 483, ""DENY"": 0, ""DEFER"": 0}, ""consequential"": {""ALLOW"": 4, ""DENY"": 353, ""DEFER"": 0}}","{""ALLOW_LOW_RISK"": 483, ""DENY_FORBIDDEN"": 307, ""ALLOW_AUTHORIZED"": 4, ""DENY_CONDITIONAL_UNMET"": 1, ""DENY_HARD_EXPIRY"": 30, ""DENY_RECOVERING_HARD_SAFETY"": 15}"
b0c80b8952954b057e2294eece3ac2f79c8c32a1,ac6e8505f9b8cc5a,paper_risk_bounded_v2_2026-09-30,utility_v2_frozen_2026-09-28,safe_useful_retention_v1_2026-09-28,paper_ssp_200m_v1,8,0,0.0,B4,tr_ca1dfa6822d6_gpu,-18.0462,0.5,0.0,0,1.0,0,6,1,0,8400.0,105.792,840.0,9345.792,72192,33600,105792,0.6823956442831216,,,idle,0.0,"{""repeat_sonar_scan"": 24, ""enter_exclusion_zone"": 209, ""exceed_return_energy_reserve"": 70, ""hold_station"": 70, ""reassign_another_auv"": 1, ""bounded_path_correction"": 402, ""abandon_mandatory_inspection"": 64}","{""repeat_sonar_scan"": {""ALLOW"": 24, ""DENY"": 0, ""DEFER"": 0}, ""enter_exclusion_zone"": {""ALLOW"": 0, ""DENY"": 209, ""DEFER"": 0}, ""exceed_return_energy_reserve"": {""ALLOW"": 0, ""DENY"": 70, ""DEFER"": 0}, ""hold_station"": {""ALLOW"": 70, ""DENY"": 0, ""DEFER"": 0}, ""reassign_another_auv"": {""ALLOW"": 1, ""DENY"": 0, ""DEFER"": 0}, ""bounded_path_correction"": {""ALLOW"": 402, ""DENY"": 0, ""DEFER"": 0}, ""abandon_mandatory_inspection"": {""ALLOW"": 0, ""DENY"": 64, ""DEFER"": 0}}","{""low"": {""ALLOW"": 496, ""DENY"": 0, ""DEFER"": 0}, ""consequential"": {""ALLOW"": 1, ""DENY"": 343, ""DEFER"": 0}}","{""ALLOW_LOW_RISK"": 496, ""DENY_FORBIDDEN"": 343, ""ALLOW_AUTHORIZED"": 1}"
b0c80b8952954b057e2294eece3ac2f79c8c32a1,8256f0d459560a57,paper_risk_bounded_v2_2026-09-30,utility_v2_frozen_2026-09-28,safe_useful_retention_v1_2026-09-28,paper_ssp_200m_v1,8,150,150.0,B4,tr_ca1dfa6822d6_gpu,0.9535499999999999,0.5833333333333334,0.0,0,0.8,1,5,1,0,8345.0,115.648,945.0,9405.648,78208,37440,115648,0.6762589928057554,0.4166666666666667,0.5833333333333334,partial,60.0,"{""repeat_sonar_scan"": 27, ""enter_exclusion_zone"": 206, ""exceed_return_energy_reserve"": 70, ""hold_station"": 70, ""reassign_another_auv"": 5, ""bounded_path_correction"": 397, ""abandon_mandatory_inspection"": 64, ""change_high_level_objective"": 1}","{""repeat_sonar_scan"": {""ALLOW"": 27, ""DENY"": 0, ""DEFER"": 0}, ""enter_exclusion_zone"": {""ALLOW"": 0, ""DENY"": 206, ""DEFER"": 0}, ""exceed_return_energy_reserve"": {""ALLOW"": 0, ""DENY"": 70, ""DEFER"": 0}, ""hold_station"": {""ALLOW"": 70, ""DENY"": 0, ""DEFER"": 0}, ""reassign_another_auv"": {""ALLOW"": 4, ""DENY"": 1, ""DEFER"": 0}, ""bounded_path_correction"": {""ALLOW"": 397, ""DENY"": 0, ""DEFER"": 0}, ""abandon_mandatory_inspection"": {""ALLOW"": 0, ""DENY"": 64, ""DEFER"": 0}, ""change_high_level_objective"": {""ALLOW"": 0, ""DENY"": 1, ""DEFER"": 0}}","{""low"": {""ALLOW"": 494, ""DENY"": 0, ""DEFER"": 0}, ""consequential"": {""ALLOW"": 4, ""DENY"": 342, ""DEFER"": 0}}","{""ALLOW_LOW_RISK"": 494, ""DENY_FORBIDDEN"": 328, ""ALLOW_AUTHORIZED"": 4, ""DENY_CONDITIONAL_UNMET"": 1, ""DENY_RECOVERING_HARD_SAFETY"": 13}"
b0c80b8952954b057e2294eece3ac2f79c8c32a1,913c513f5d256e89,paper_risk_bounded_v2_2026-09-30,utility_v2_frozen_2026-09-28,safe_useful_retention_v1_2026-09-28,paper_ssp_200m_v1,8,300,300.0,B4,tr_ca1dfa6822d6_gpu,0.9537500000000003,0.5833333333333334,0.0,0,0.8,1,5,1,0,8305.0,117.85600000000001,945.0,9367.856,77056,40800,117856,0.653814824871029,0.4166666666666667,0.5833333333333334,partial,40.0,"{""repeat_sonar_scan"": 27, ""enter_exclusion_zone"": 207, ""exceed_return_energy_reserve"": 70, ""hold_station"": 70, ""reassign_another_auv"": 5, ""bounded_path_correction"": 395, ""abandon_mandatory_inspection"": 64, ""change_high_level_objective"": 2}","{""repeat_sonar_scan"": {""ALLOW"": 27, ""DENY"": 0, ""DEFER"": 0}, ""enter_exclusion_zone"": {""ALLOW"": 0, ""DENY"": 207, ""DEFER"": 0}, ""exceed_return_energy_reserve"": {""ALLOW"": 0, ""DENY"": 70, ""DEFER"": 0}, ""hold_station"": {""ALLOW"": 70, ""DENY"": 0, ""DEFER"": 0}, ""reassign_another_auv"": {""ALLOW"": 4, ""DENY"": 1, ""DEFER"": 0}, ""bounded_path_correction"": {""ALLOW"": 395, ""DENY"": 0, ""DEFER"": 0}, ""abandon_mandatory_inspection"": {""ALLOW"": 0, ""DENY"": 64, ""DEFER"": 0}, ""change_high_level_objective"": {""ALLOW"": 0, ""DENY"": 2, ""DEFER"": 0}}","{""low"": {""ALLOW"": 492, ""DENY"": 0, ""DEFER"": 0}, ""consequential"": {""ALLOW"": 4, ""DENY"": 344, ""DEFER"": 0}}","{""ALLOW_LOW_RISK"": 492, ""DENY_FORBIDDEN"": 331, ""ALLOW_AUTHORIZED"": 4, ""DENY_CONDITIONAL_UNMET"": 1, ""DENY_RECOVERING_HARD_SAFETY"": 12}"
b0c80b8952954b057e2294eece3ac2f79c8c32a1,2f273a1fdea75b11,paper_risk_bounded_v2_2026-09-30,utility_v2_frozen_2026-09-28,safe_useful_retention_v1_2026-09-28,paper_ssp_200m_v1,8,500,500.0,B4,tr_ca1dfa6822d6_gpu,0.9539499999999999,0.5833333333333334,0.0,0,0.8,1,5,1,0,8265.0,114.848,945.0,9324.848,69248,45600,114848,0.6029534689328504,0.3333333333333333,0.6666666666666666,partial,40.0,"{""repeat_sonar_scan"": 27, ""enter_exclusion_zone"": 204, ""exceed_return_energy_reserve"": 70, ""hold_station"": 70, ""reassign_another_auv"": 5, ""bounded_path_correction"": 393, ""abandon_mandatory_inspection"": 68, ""change_high_level_objective"": 3}","{""repeat_sonar_scan"": {""ALLOW"": 27, ""DENY"": 0, ""DEFER"": 0}, ""enter_exclusion_zone"": {""ALLOW"": 0, ""DENY"": 204, ""DEFER"": 0}, ""exceed_return_energy_reserve"": {""ALLOW"": 0, ""DENY"": 70, ""DEFER"": 0}, ""hold_station"": {""ALLOW"": 70, ""DENY"": 0, ""DEFER"": 0}, ""reassign_another_auv"": {""ALLOW"": 4, ""DENY"": 1, ""DEFER"": 0}, ""bounded_path_correction"": {""ALLOW"": 393, ""DENY"": 0, ""DEFER"": 0}, ""abandon_mandatory_inspection"": {""ALLOW"": 0, ""DENY"": 68, ""DEFER"": 0}, ""change_high_level_objective"": {""ALLOW"": 0, ""DENY"": 3, ""DEFER"": 0}}","{""low"": {""ALLOW"": 490, ""DENY"": 0, ""DEFER"": 0}, ""consequential"": {""ALLOW"": 4, ""DENY"": 346, ""DEFER"": 0}}","{""ALLOW_LOW_RISK"": 490, ""DENY_FORBIDDEN"": 331, ""ALLOW_AUTHORIZED"": 4, ""DENY_CONDITIONAL_UNMET"": 1, ""DENY_RECOVERING_HARD_SAFETY"": 14}"
b0c80b8952954b057e2294eece3ac2f79c8c32a1,6c0b28b72390417b,paper_risk_bounded_v2_2026-09-30,utility_v2_frozen_2026-09-28,safe_useful_retention_v1_2026-09-28,paper_ssp_200m_v1,8,750,750.0,B4,tr_ca1dfa6822d6_gpu,0.95425,0.5833333333333334,0.0,0,0.8,1,5,1,0,8205.0,110.976,945.0,9260.976,59136,51840,110976,0.532871972318339,0.3333333333333333,0.6666666666666666,partial,60.0,"{""repeat_sonar_scan"": 27, ""enter_exclusion_zone"": 204, ""exceed_return_energy_reserve"": 70, ""hold_station"": 70, ""reassign_another_auv"": 5, ""bounded_path_correction"": 390, ""abandon_mandatory_inspection"": 68, ""change_high_level_objective"": 6}","{""repeat_sonar_scan"": {""ALLOW"": 27, ""DENY"": 0, ""DEFER"": 0}, ""enter_exclusion_zone"": {""ALLOW"": 0, ""DENY"": 204, ""DEFER"": 0}, ""exceed_return_energy_reserve"": {""ALLOW"": 0, ""DENY"": 70, ""DEFER"": 0}, ""hold_station"": {""ALLOW"": 70, ""DENY"": 0, ""DEFER"": 0}, ""reassign_another_auv"": {""ALLOW"": 4, ""DENY"": 1, ""DEFER"": 0}, ""bounded_path_correction"": {""ALLOW"": 390, ""DENY"": 0, ""DEFER"": 0}, ""abandon_mandatory_inspection"": {""ALLOW"": 0, ""DENY"": 68, ""DEFER"": 0}, ""change_high_level_objective"": {""ALLOW"": 0, ""DENY"": 6, ""DEFER"": 0}}","{""low"": {""ALLOW"": 487, ""DENY"": 0, ""DEFER"": 0}, ""consequential"": {""ALLOW"": 4, ""DENY"": 349, ""DEFER"": 0}}","{""ALLOW_LOW_RISK"": 487, ""DENY_FORBIDDEN"": 333, ""ALLOW_AUTHORIZED"": 4, ""DENY_CONDITIONAL_UNMET"": 1, ""DENY_RECOVERING_HARD_SAFETY"": 15}"
b0c80b8952954b057e2294eece3ac2f79c8c32a1,3ea2d766dd850cc9,paper_risk_bounded_v2_2026-09-30,utility_v2_frozen_2026-09-28,safe_useful_retention_v1_2026-09-28,paper_ssp_200m_v1,8,1000,1000.0,B4,tr_ca1dfa6822d6_gpu,0.95465,0.5833333333333334,0.0,0,0.8,1,5,1,0,8125.0,113.536,945.0,9183.536,55936,57600,113536,0.4926719278466742,0.5,0.5,partial,60.0,"{""repeat_sonar_scan"": 27, ""enter_exclusion_zone"": 201, ""exceed_return_energy_reserve"": 74, ""hold_station"": 70, ""reassign_another_auv"": 5, ""bounded_path_correction"": 386, ""abandon_mandatory_inspection"": 68, ""change_high_level_objective"": 9}","{""repeat_sonar_scan"": {""ALLOW"": 27, ""DENY"": 0, ""DEFER"": 0}, ""enter_exclusion_zone"": {""ALLOW"": 0, ""DENY"": 201, ""DEFER"": 0}, ""exceed_return_energy_reserve"": {""ALLOW"": 0, ""DENY"": 74, ""DEFER"": 0}, ""hold_station"": {""ALLOW"": 70, ""DENY"": 0, ""DEFER"": 0}, ""reassign_another_auv"": {""ALLOW"": 4, ""DENY"": 1, ""DEFER"": 0}, ""bounded_path_correction"": {""ALLOW"": 386, ""DENY"": 0, ""DEFER"": 0}, ""abandon_mandatory_inspection"": {""ALLOW"": 0, ""DENY"": 68, ""DEFER"": 0}, ""change_high_level_objective"": {""ALLOW"": 0, ""DENY"": 9, ""DEFER"": 0}}","{""low"": {""ALLOW"": 483, ""DENY"": 0, ""DEFER"": 0}, ""consequential"": {""ALLOW"": 4, ""DENY"": 353, ""DEFER"": 0}}","{""ALLOW_LOW_RISK"": 483, ""DENY_FORBIDDEN"": 307, ""ALLOW_AUTHORIZED"": 4, ""DENY_CONDITIONAL_UNMET"": 1, ""DENY_HARD_EXPIRY"": 30, ""DENY_RECOVERING_HARD_SAFETY"": 15}"
b0c80b8952954b057e2294eece3ac2f79c8c32a1,70aef6374c56f5bf,paper_risk_bounded_v2_2026-09-30,utility_v2_frozen_2026-09-28,safe_useful_retention_v1_2026-09-28,paper_ssp_200m_v1,9,0,0.0,B4,tr_f9d255d666ea_gpu,-18.0462,0.5,0.0,0,1.0,0,6,1,0,8400.0,100.672,840.0,9340.672,67072,33600,100672,0.6662428480610298,,,idle,0.0,"{""repeat_sonar_scan"": 24, ""enter_exclusion_zone"": 209, ""exceed_return_energy_reserve"": 70, ""hold_station"": 70, ""reassign_another_auv"": 1, ""bounded_path_correction"": 402, ""abandon_mandatory_inspection"": 64}","{""repeat_sonar_scan"": {""ALLOW"": 24, ""DENY"": 0, ""DEFER"": 0}, ""enter_exclusion_zone"": {""ALLOW"": 0, ""DENY"": 209, ""DEFER"": 0}, ""exceed_return_energy_reserve"": {""ALLOW"": 0, ""DENY"": 70, ""DEFER"": 0}, ""hold_station"": {""ALLOW"": 70, ""DENY"": 0, ""DEFER"": 0}, ""reassign_another_auv"": {""ALLOW"": 1, ""DENY"": 0, ""DEFER"": 0}, ""bounded_path_correction"": {""ALLOW"": 402, ""DENY"": 0, ""DEFER"": 0}, ""abandon_mandatory_inspection"": {""ALLOW"": 0, ""DENY"": 64, ""DEFER"": 0}}","{""low"": {""ALLOW"": 496, ""DENY"": 0, ""DEFER"": 0}, ""consequential"": {""ALLOW"": 1, ""DENY"": 343, ""DEFER"": 0}}","{""ALLOW_LOW_RISK"": 496, ""DENY_FORBIDDEN"": 343, ""ALLOW_AUTHORIZED"": 1}"
b0c80b8952954b057e2294eece3ac2f79c8c32a1,03f1c6e5603fb7ce,paper_risk_bounded_v2_2026-09-30,utility_v2_frozen_2026-09-28,safe_useful_retention_v1_2026-09-28,paper_ssp_200m_v1,9,150,150.0,B4,tr_f9d255d666ea_gpu,0.9535499999999999,0.5833333333333334,0.0,0,0.8,1,5,1,0,8345.0,110.912,945.0,9400.912,73472,37440,110912,0.6624350836699365,0.4166666666666667,0.5833333333333334,partial,40.0,"{""repeat_sonar_scan"": 27, ""enter_exclusion_zone"": 206, ""exceed_return_energy_reserve"": 70, ""hold_station"": 70, ""reassign_another_auv"": 5, ""bounded_path_correction"": 397, ""abandon_mandatory_inspection"": 64, ""change_high_level_objective"": 1}","{""repeat_sonar_scan"": {""ALLOW"": 27, ""DENY"": 0, ""DEFER"": 0}, ""enter_exclusion_zone"": {""ALLOW"": 0, ""DENY"": 206, ""DEFER"": 0}, ""exceed_return_energy_reserve"": {""ALLOW"": 0, ""DENY"": 70, ""DEFER"": 0}, ""hold_station"": {""ALLOW"": 70, ""DENY"": 0, ""DEFER"": 0}, ""reassign_another_auv"": {""ALLOW"": 4, ""DENY"": 1, ""DEFER"": 0}, ""bounded_path_correction"": {""ALLOW"": 397, ""DENY"": 0, ""DEFER"": 0}, ""abandon_mandatory_inspection"": {""ALLOW"": 0, ""DENY"": 64, ""DEFER"": 0}, ""change_high_level_objective"": {""ALLOW"": 0, ""DENY"": 1, ""DEFER"": 0}}","{""low"": {""ALLOW"": 494, ""DENY"": 0, ""DEFER"": 0}, ""consequential"": {""ALLOW"": 4, ""DENY"": 342, ""DEFER"": 0}}","{""ALLOW_LOW_RISK"": 494, ""DENY_FORBIDDEN"": 328, ""ALLOW_AUTHORIZED"": 4, ""DENY_CONDITIONAL_UNMET"": 1, ""DENY_RECOVERING_HARD_SAFETY"": 13}"
b0c80b8952954b057e2294eece3ac2f79c8c32a1,7ad08b01ab1b1644,paper_risk_bounded_v2_2026-09-30,utility_v2_frozen_2026-09-28,safe_useful_retention_v1_2026-09-28,paper_ssp_200m_v1,9,300,300.0,B4,tr_f9d255d666ea_gpu,0.9537500000000003,0.5833333333333334,0.0,0,0.8,1,5,1,0,8305.0,112.096,945.0,9362.096,71296,40800,112096,0.6360262632029688,0.3333333333333333,0.6666666666666666,partial,40.0,"{""repeat_sonar_scan"": 27, ""enter_exclusion_zone"": 207, ""exceed_return_energy_reserve"": 70, ""hold_station"": 70, ""reassign_another_auv"": 5, ""bounded_path_correction"": 395, ""abandon_mandatory_inspection"": 64, ""change_high_level_objective"": 2}","{""repeat_sonar_scan"": {""ALLOW"": 27, ""DENY"": 0, ""DEFER"": 0}, ""enter_exclusion_zone"": {""ALLOW"": 0, ""DENY"": 207, ""DEFER"": 0}, ""exceed_return_energy_reserve"": {""ALLOW"": 0, ""DENY"": 70, ""DEFER"": 0}, ""hold_station"": {""ALLOW"": 70, ""DENY"": 0, ""DEFER"": 0}, ""reassign_another_auv"": {""ALLOW"": 4, ""DENY"": 1, ""DEFER"": 0}, ""bounded_path_correction"": {""ALLOW"": 395, ""DENY"": 0, ""DEFER"": 0}, ""abandon_mandatory_inspection"": {""ALLOW"": 0, ""DENY"": 64, ""DEFER"": 0}, ""change_high_level_objective"": {""ALLOW"": 0, ""DENY"": 2, ""DEFER"": 0}}","{""low"": {""ALLOW"": 492, ""DENY"": 0, ""DEFER"": 0}, ""consequential"": {""ALLOW"": 4, ""DENY"": 344, ""DEFER"": 0}}","{""ALLOW_LOW_RISK"": 492, ""DENY_FORBIDDEN"": 329, ""ALLOW_AUTHORIZED"": 4, ""DENY_CONDITIONAL_UNMET"": 1, ""DENY_RECOVERING_HARD_SAFETY"": 14}"
b0c80b8952954b057e2294eece3ac2f79c8c32a1,534ff64f50b41a56,paper_risk_bounded_v2_2026-09-30,utility_v2_frozen_2026-09-28,safe_useful_retention_v1_2026-09-28,paper_ssp_200m_v1,9,500,500.0,B4,tr_f9d255d666ea_gpu,0.9539499999999999,0.5833333333333334,0.0,0,0.8,1,5,1,0,8265.0,111.136,945.0,9321.136,65536,45600,111136,0.5896919090123812,0.5,0.5,partial,60.0,"{""repeat_sonar_scan"": 27, ""enter_exclusion_zone"": 204, ""exceed_return_energy_reserve"": 70, ""hold_station"": 70, ""reassign_another_auv"": 5, ""bounded_path_correction"": 393, ""abandon_mandatory_inspection"": 68, ""change_high_level_objective"": 3}","{""repeat_sonar_scan"": {""ALLOW"": 27, ""DENY"": 0, ""DEFER"": 0}, ""enter_exclusion_zone"": {""ALLOW"": 0, ""DENY"": 204, ""DEFER"": 0}, ""exceed_return_energy_reserve"": {""ALLOW"": 0, ""DENY"": 70, ""DEFER"": 0}, ""hold_station"": {""ALLOW"": 70, ""DENY"": 0, ""DEFER"": 0}, ""reassign_another_auv"": {""ALLOW"": 4, ""DENY"": 1, ""DEFER"": 0}, ""bounded_path_correction"": {""ALLOW"": 393, ""DENY"": 0, ""DEFER"": 0}, ""abandon_mandatory_inspection"": {""ALLOW"": 0, ""DENY"": 68, ""DEFER"": 0}, ""change_high_level_objective"": {""ALLOW"": 0, ""DENY"": 3, ""DEFER"": 0}}","{""low"": {""ALLOW"": 490, ""DENY"": 0, ""DEFER"": 0}, ""consequential"": {""ALLOW"": 4, ""DENY"": 346, ""DEFER"": 0}}","{""ALLOW_LOW_RISK"": 490, ""DENY_FORBIDDEN"": 331, ""ALLOW_AUTHORIZED"": 4, ""DENY_CONDITIONAL_UNMET"": 1, ""DENY_RECOVERING_HARD_SAFETY"": 14}"
b0c80b8952954b057e2294eece3ac2f79c8c32a1,9fe3124eb3c6d1f9,paper_risk_bounded_v2_2026-09-30,utility_v2_frozen_2026-09-28,safe_useful_retention_v1_2026-09-28,paper_ssp_200m_v1,9,750,750.0,B4,tr_f9d255d666ea_gpu,0.95425,0.5833333333333334,0.0,0,0.8,1,5,1,0,8205.0,109.824,945.0,9259.824,57984,51840,109824,0.527972027972028,0.3333333333333333,0.6666666666666666,partial,40.0,"{""repeat_sonar_scan"": 27, ""enter_exclusion_zone"": 204, ""exceed_return_energy_reserve"": 70, ""hold_station"": 70, ""reassign_another_auv"": 5, ""bounded_path_correction"": 390, ""abandon_mandatory_inspection"": 68, ""change_high_level_objective"": 6}","{""repeat_sonar_scan"": {""ALLOW"": 27, ""DENY"": 0, ""DEFER"": 0}, ""enter_exclusion_zone"": {""ALLOW"": 0, ""DENY"": 204, ""DEFER"": 0}, ""exceed_return_energy_reserve"": {""ALLOW"": 0, ""DENY"": 70, ""DEFER"": 0}, ""hold_station"": {""ALLOW"": 70, ""DENY"": 0, ""DEFER"": 0}, ""reassign_another_auv"": {""ALLOW"": 4, ""DENY"": 1, ""DEFER"": 0}, ""bounded_path_correction"": {""ALLOW"": 390, ""DENY"": 0, ""DEFER"": 0}, ""abandon_mandatory_inspection"": {""ALLOW"": 0, ""DENY"": 68, ""DEFER"": 0}, ""change_high_level_objective"": {""ALLOW"": 0, ""DENY"": 6, ""DEFER"": 0}}","{""low"": {""ALLOW"": 487, ""DENY"": 0, ""DEFER"": 0}, ""consequential"": {""ALLOW"": 4, ""DENY"": 349, ""DEFER"": 0}}","{""ALLOW_LOW_RISK"": 487, ""DENY_FORBIDDEN"": 333, ""ALLOW_AUTHORIZED"": 4, ""DENY_CONDITIONAL_UNMET"": 1, ""DENY_RECOVERING_HARD_SAFETY"": 15}"
b0c80b8952954b057e2294eece3ac2f79c8c32a1,8c61195943843a5a,paper_risk_bounded_v2_2026-09-30,utility_v2_frozen_2026-09-28,safe_useful_retention_v1_2026-09-28,paper_ssp_200m_v1,9,1000,1000.0,B4,tr_f9d255d666ea_gpu,0.95465,0.5833333333333334,0.0,0,0.8,1,5,1,0,8125.0,110.72,945.0,9180.72,53120,57600,110720,0.4797687861271676,0.3333333333333333,0.6666666666666666,partial,60.0,"{""repeat_sonar_scan"": 27, ""enter_exclusion_zone"": 201, ""exceed_return_energy_reserve"": 74, ""hold_station"": 70, ""reassign_another_auv"": 5, ""bounded_path_correction"": 386, ""abandon_mandatory_inspection"": 68, ""change_high_level_objective"": 9}","{""repeat_sonar_scan"": {""ALLOW"": 27, ""DENY"": 0, ""DEFER"": 0}, ""enter_exclusion_zone"": {""ALLOW"": 0, ""DENY"": 201, ""DEFER"": 0}, ""exceed_return_energy_reserve"": {""ALLOW"": 0, ""DENY"": 74, ""DEFER"": 0}, ""hold_station"": {""ALLOW"": 70, ""DENY"": 0, ""DEFER"": 0}, ""reassign_another_auv"": {""ALLOW"": 4, ""DENY"": 1, ""DEFER"": 0}, ""bounded_path_correction"": {""ALLOW"": 386, ""DENY"": 0, ""DEFER"": 0}, ""abandon_mandatory_inspection"": {""ALLOW"": 0, ""DENY"": 68, ""DEFER"": 0}, ""change_high_level_objective"": {""ALLOW"": 0, ""DENY"": 9, ""DEFER"": 0}}","{""low"": {""ALLOW"": 483, ""DENY"": 0, ""DEFER"": 0}, ""consequential"": {""ALLOW"": 4, ""DENY"": 353, ""DEFER"": 0}}","{""ALLOW_LOW_RISK"": 483, ""DENY_FORBIDDEN"": 307, ""ALLOW_AUTHORIZED"": 4, ""DENY_CONDITIONAL_UNMET"": 1, ""DENY_HARD_EXPIRY"": 30, ""DENY_RECOVERING_HARD_SAFETY"": 15}"
b0c80b8952954b057e2294eece3ac2f79c8c32a1,6f82b8e1f8c0b2b2,paper_risk_bounded_v2_2026-09-30,utility_v2_frozen_2026-09-28,safe_useful_retention_v1_2026-09-28,paper_ssp_200m_moderate_v1,0,0,0.0,B4,tr_e481a0d054ed_gpu,-18.0462,0.5,0.0,0,1.0,0,6,1,0,8400.0,75.68,840.0,9315.68,58880,16800,75680,0.7780126849894292,,,idle,0.0,"{""repeat_sonar_scan"": 24, ""enter_exclusion_zone"": 209, ""exceed_return_energy_reserve"": 70, ""hold_station"": 70, ""reassign_another_auv"": 1, ""bounded_path_correction"": 402, ""abandon_mandatory_inspection"": 64}","{""repeat_sonar_scan"": {""ALLOW"": 24, ""DENY"": 0, ""DEFER"": 0}, ""enter_exclusion_zone"": {""ALLOW"": 0, ""DENY"": 209, ""DEFER"": 0}, ""exceed_return_energy_reserve"": {""ALLOW"": 0, ""DENY"": 70, ""DEFER"": 0}, ""hold_station"": {""ALLOW"": 70, ""DENY"": 0, ""DEFER"": 0}, ""reassign_another_auv"": {""ALLOW"": 1, ""DENY"": 0, ""DEFER"": 0}, ""bounded_path_correction"": {""ALLOW"": 402, ""DENY"": 0, ""DEFER"": 0}, ""abandon_mandatory_inspection"": {""ALLOW"": 0, ""DENY"": 64, ""DEFER"": 0}}","{""low"": {""ALLOW"": 496, ""DENY"": 0, ""DEFER"": 0}, ""consequential"": {""ALLOW"": 1, ""DENY"": 343, ""DEFER"": 0}}","{""ALLOW_LOW_RISK"": 496, ""DENY_FORBIDDEN"": 343, ""ALLOW_AUTHORIZED"": 1}"
b0c80b8952954b057e2294eece3ac2f79c8c32a1,f759c1ab05132bd9,paper_risk_bounded_v2_2026-09-30,utility_v2_frozen_2026-09-28,safe_useful_retention_v1_2026-09-28,paper_ssp_200m_moderate_v1,0,150,150.0,B4,tr_e481a0d054ed_gpu,0.9535499999999999,0.5833333333333334,0.0,0,0.8,1,5,1,0,8345.0,81.824,945.0,9371.824,61184,20640,81824,0.7477512710207275,0.16666666666666666,0.8333333333333334,partial,40.0,"{""repeat_sonar_scan"": 27, ""enter_exclusion_zone"": 206, ""exceed_return_energy_reserve"": 70, ""hold_station"": 70, ""reassign_another_auv"": 5, ""bounded_path_correction"": 397, ""abandon_mandatory_inspection"": 64, ""change_high_level_objective"": 1}","{""repeat_sonar_scan"": {""ALLOW"": 27, ""DENY"": 0, ""DEFER"": 0}, ""enter_exclusion_zone"": {""ALLOW"": 0, ""DENY"": 206, ""DEFER"": 0}, ""exceed_return_energy_reserve"": {""ALLOW"": 0, ""DENY"": 70, ""DEFER"": 0}, ""hold_station"": {""ALLOW"": 70, ""DENY"": 0, ""DEFER"": 0}, ""reassign_another_auv"": {""ALLOW"": 4, ""DENY"": 1, ""DEFER"": 0}, ""bounded_path_correction"": {""ALLOW"": 397, ""DENY"": 0, ""DEFER"": 0}, ""abandon_mandatory_inspection"": {""ALLOW"": 0, ""DENY"": 64, ""DEFER"": 0}, ""change_high_level_objective"": {""ALLOW"": 0, ""DENY"": 1, ""DEFER"": 0}}","{""low"": {""ALLOW"": 494, ""DENY"": 0, ""DEFER"": 0}, ""consequential"": {""ALLOW"": 4, ""DENY"": 342, ""DEFER"": 0}}","{""ALLOW_LOW_RISK"": 494, ""DENY_FORBIDDEN"": 326, ""ALLOW_AUTHORIZED"": 4, ""DENY_CONDITIONAL_UNMET"": 1, ""DENY_RECOVERING_HARD_SAFETY"": 15}"
b0c80b8952954b057e2294eece3ac2f79c8c32a1,ab7213a2ce055c86,paper_risk_bounded_v2_2026-09-30,utility_v2_frozen_2026-09-28,safe_useful_retention_v1_2026-09-28,paper_ssp_200m_moderate_v1,0,300,300.0,B4,tr_e481a0d054ed_gpu,0.9537500000000003,0.5833333333333334,0.0,0,0.8,1,5,1,0,8305.0,86.208,945.0,9336.208,62208,24000,86208,0.7216035634743875,0.3333333333333333,0.6666666666666666,partial,60.0,"{""repeat_sonar_scan"": 27, ""enter_exclusion_zone"": 207, ""exceed_return_energy_reserve"": 70, ""hold_station"": 70, ""reassign_another_auv"": 5, ""bounded_path_correction"": 395, ""abandon_mandatory_inspection"": 64, ""change_high_level_objective"": 2}","{""repeat_sonar_scan"": {""ALLOW"": 27, ""DENY"": 0, ""DEFER"": 0}, ""enter_exclusion_zone"": {""ALLOW"": 0, ""DENY"": 207, ""DEFER"": 0}, ""exceed_return_energy_reserve"": {""ALLOW"": 0, ""DENY"": 70, ""DEFER"": 0}, ""hold_station"": {""ALLOW"": 70, ""DENY"": 0, ""DEFER"": 0}, ""reassign_another_auv"": {""ALLOW"": 4, ""DENY"": 1, ""DEFER"": 0}, ""bounded_path_correction"": {""ALLOW"": 395, ""DENY"": 0, ""DEFER"": 0}, ""abandon_mandatory_inspection"": {""ALLOW"": 0, ""DENY"": 64, ""DEFER"": 0}, ""change_high_level_objective"": {""ALLOW"": 0, ""DENY"": 2, ""DEFER"": 0}}","{""low"": {""ALLOW"": 492, ""DENY"": 0, ""DEFER"": 0}, ""consequential"": {""ALLOW"": 4, ""DENY"": 344, ""DEFER"": 0}}","{""ALLOW_LOW_RISK"": 492, ""DENY_FORBIDDEN"": 329, ""ALLOW_AUTHORIZED"": 4, ""DENY_CONDITIONAL_UNMET"": 1, ""DENY_RECOVERING_HARD_SAFETY"": 14}"
b0c80b8952954b057e2294eece3ac2f79c8c32a1,3c84c09670a5cf24,paper_risk_bounded_v2_2026-09-30,utility_v2_frozen_2026-09-28,safe_useful_retention_v1_2026-09-28,paper_ssp_200m_moderate_v1,0,500,500.0,B4,tr_e481a0d054ed_gpu,0.9539499999999999,0.5833333333333334,0.0,0,0.8,1,5,1,0,8265.0,83.456,945.0,9293.456,54656,28800,83456,0.6549079754601227,0.16666666666666666,0.8333333333333334,partial,60.0,"{""repeat_sonar_scan"": 27, ""enter_exclusion_zone"": 204, ""exceed_return_energy_reserve"": 70, ""hold_station"": 70, ""reassign_another_auv"": 5, ""bounded_path_correction"": 393, ""abandon_mandatory_inspection"": 68, ""change_high_level_objective"": 3}","{""repeat_sonar_scan"": {""ALLOW"": 27, ""DENY"": 0, ""DEFER"": 0}, ""enter_exclusion_zone"": {""ALLOW"": 0, ""DENY"": 204, ""DEFER"": 0}, ""exceed_return_energy_reserve"": {""ALLOW"": 0, ""DENY"": 70, ""DEFER"": 0}, ""hold_station"": {""ALLOW"": 70, ""DENY"": 0, ""DEFER"": 0}, ""reassign_another_auv"": {""ALLOW"": 4, ""DENY"": 1, ""DEFER"": 0}, ""bounded_path_correction"": {""ALLOW"": 393, ""DENY"": 0, ""DEFER"": 0}, ""abandon_mandatory_inspection"": {""ALLOW"": 0, ""DENY"": 68, ""DEFER"": 0}, ""change_high_level_objective"": {""ALLOW"": 0, ""DENY"": 3, ""DEFER"": 0}}","{""low"": {""ALLOW"": 490, ""DENY"": 0, ""DEFER"": 0}, ""consequential"": {""ALLOW"": 4, ""DENY"": 346, ""DEFER"": 0}}","{""ALLOW_LOW_RISK"": 490, ""DENY_FORBIDDEN"": 330, ""ALLOW_AUTHORIZED"": 4, ""DENY_CONDITIONAL_UNMET"": 1, ""DENY_RECOVERING_HARD_SAFETY"": 15}"
b0c80b8952954b057e2294eece3ac2f79c8c32a1,d4f6657ac9e4c09f,paper_risk_bounded_v2_2026-09-30,utility_v2_frozen_2026-09-28,safe_useful_retention_v1_2026-09-28,paper_ssp_200m_moderate_v1,0,750,750.0,B4,tr_e481a0d054ed_gpu,0.95425,0.5833333333333334,0.0,0,0.8,1,5,1,0,8205.0,84.44800000000001,945.0,9234.448,49408,35040,84448,0.5850701023114816,0.25,0.75,partial,40.0,"{""repeat_sonar_scan"": 27, ""enter_exclusion_zone"": 204, ""exceed_return_energy_reserve"": 70, ""hold_station"": 70, ""reassign_another_auv"": 5, ""bounded_path_correction"": 390, ""abandon_mandatory_inspection"": 68, ""change_high_level_objective"": 6}","{""repeat_sonar_scan"": {""ALLOW"": 27, ""DENY"": 0, ""DEFER"": 0}, ""enter_exclusion_zone"": {""ALLOW"": 0, ""DENY"": 204, ""DEFER"": 0}, ""exceed_return_energy_reserve"": {""ALLOW"": 0, ""DENY"": 70, ""DEFER"": 0}, ""hold_station"": {""ALLOW"": 70, ""DENY"": 0, ""DEFER"": 0}, ""reassign_another_auv"": {""ALLOW"": 4, ""DENY"": 1, ""DEFER"": 0}, ""bounded_path_correction"": {""ALLOW"": 390, ""DENY"": 0, ""DEFER"": 0}, ""abandon_mandatory_inspection"": {""ALLOW"": 0, ""DENY"": 68, ""DEFER"": 0}, ""change_high_level_objective"": {""ALLOW"": 0, ""DENY"": 6, ""DEFER"": 0}}","{""low"": {""ALLOW"": 487, ""DENY"": 0, ""DEFER"": 0}, ""consequential"": {""ALLOW"": 4, ""DENY"": 349, ""DEFER"": 0}}","{""ALLOW_LOW_RISK"": 487, ""DENY_FORBIDDEN"": 333, ""ALLOW_AUTHORIZED"": 4, ""DENY_CONDITIONAL_UNMET"": 1, ""DENY_RECOVERING_HARD_SAFETY"": 15}"
b0c80b8952954b057e2294eece3ac2f79c8c32a1,a1edb686fc12a810,paper_risk_bounded_v2_2026-09-30,utility_v2_frozen_2026-09-28,safe_useful_retention_v1_2026-09-28,paper_ssp_200m_moderate_v1,0,1000,1000.0,B4,tr_e481a0d054ed_gpu,0.95465,0.5833333333333334,0.0,0,0.8,1,5,1,0,8125.0,84.70400000000001,945.0,9154.704,43904,40800,84704,0.5183226293917642,0.25,0.75,partial,60.0,"{""repeat_sonar_scan"": 27, ""enter_exclusion_zone"": 201, ""exceed_return_energy_reserve"": 74, ""hold_station"": 70, ""reassign_another_auv"": 5, ""bounded_path_correction"": 386, ""abandon_mandatory_inspection"": 68, ""change_high_level_objective"": 9}","{""repeat_sonar_scan"": {""ALLOW"": 27, ""DENY"": 0, ""DEFER"": 0}, ""enter_exclusion_zone"": {""ALLOW"": 0, ""DENY"": 201, ""DEFER"": 0}, ""exceed_return_energy_reserve"": {""ALLOW"": 0, ""DENY"": 74, ""DEFER"": 0}, ""hold_station"": {""ALLOW"": 70, ""DENY"": 0, ""DEFER"": 0}, ""reassign_another_auv"": {""ALLOW"": 4, ""DENY"": 1, ""DEFER"": 0}, ""bounded_path_correction"": {""ALLOW"": 386, ""DENY"": 0, ""DEFER"": 0}, ""abandon_mandatory_inspection"": {""ALLOW"": 0, ""DENY"": 68, ""DEFER"": 0}, ""change_high_level_objective"": {""ALLOW"": 0, ""DENY"": 9, ""DEFER"": 0}}","{""low"": {""ALLOW"": 483, ""DENY"": 0, ""DEFER"": 0}, ""consequential"": {""ALLOW"": 4, ""DENY"": 353, ""DEFER"": 0}}","{""ALLOW_LOW_RISK"": 483, ""DENY_FORBIDDEN"": 307, ""ALLOW_AUTHORIZED"": 4, ""DENY_CONDITIONAL_UNMET"": 1, ""DENY_HARD_EXPIRY"": 30, ""DENY_RECOVERING_HARD_SAFETY"": 15}"
b0c80b8952954b057e2294eece3ac2f79c8c32a1,ea133bbafcb135a3,paper_risk_bounded_v2_2026-09-30,utility_v2_frozen_2026-09-28,safe_useful_retention_v1_2026-09-28,paper_ssp_200m_moderate_v1,1,0,0.0,B4,tr_a88224c7b787_gpu,-18.0462,0.5,0.0,0,1.0,0,6,1,0,8400.0,79.264,840.0,9319.264,62464,16800,79264,0.7880500605571256,,,idle,0.0,"{""repeat_sonar_scan"": 24, ""enter_exclusion_zone"": 209, ""exceed_return_energy_reserve"": 70, ""hold_station"": 70, ""reassign_another_auv"": 1, ""bounded_path_correction"": 402, ""abandon_mandatory_inspection"": 64}","{""repeat_sonar_scan"": {""ALLOW"": 24, ""DENY"": 0, ""DEFER"": 0}, ""enter_exclusion_zone"": {""ALLOW"": 0, ""DENY"": 209, ""DEFER"": 0}, ""exceed_return_energy_reserve"": {""ALLOW"": 0, ""DENY"": 70, ""DEFER"": 0}, ""hold_station"": {""ALLOW"": 70, ""DENY"": 0, ""DEFER"": 0}, ""reassign_another_auv"": {""ALLOW"": 1, ""DENY"": 0, ""DEFER"": 0}, ""bounded_path_correction"": {""ALLOW"": 402, ""DENY"": 0, ""DEFER"": 0}, ""abandon_mandatory_inspection"": {""ALLOW"": 0, ""DENY"": 64, ""DEFER"": 0}}","{""low"": {""ALLOW"": 496, ""DENY"": 0, ""DEFER"": 0}, ""consequential"": {""ALLOW"": 1, ""DENY"": 343, ""DEFER"": 0}}","{""ALLOW_LOW_RISK"": 496, ""DENY_FORBIDDEN"": 343, ""ALLOW_AUTHORIZED"": 1}"
b0c80b8952954b057e2294eece3ac2f79c8c32a1,175ab463c9aecced,paper_risk_bounded_v2_2026-09-30,utility_v2_frozen_2026-09-28,safe_useful_retention_v1_2026-09-28,paper_ssp_200m_moderate_v1,1,150,150.0,B4,tr_a88224c7b787_gpu,0.9535499999999999,0.5833333333333334,0.0,0,0.8,1,5,1,0,8345.0,83.104,945.0,9373.104,62464,20640,83104,0.751636503658067,0.16666666666666666,0.8333333333333334,partial,40.0,"{""repeat_sonar_scan"": 27, ""enter_exclusion_zone"": 206, ""exceed_return_energy_reserve"": 70, ""hold_station"": 70, ""reassign_another_auv"": 5, ""bounded_path_correction"": 397, ""abandon_mandatory_inspection"": 64, ""change_high_level_objective"": 1}","{""repeat_sonar_scan"": {""ALLOW"": 27, ""DENY"": 0, ""DEFER"": 0}, ""enter_exclusion_zone"": {""ALLOW"": 0, ""DENY"": 206, ""DEFER"": 0}, ""exceed_return_energy_reserve"": {""ALLOW"": 0, ""DENY"": 70, ""DEFER"": 0}, ""hold_station"": {""ALLOW"": 70, ""DENY"": 0, ""DEFER"": 0}, ""reassign_another_auv"": {""ALLOW"": 4, ""DENY"": 1, ""DEFER"": 0}, ""bounded_path_correction"": {""ALLOW"": 397, ""DENY"": 0, ""DEFER"": 0}, ""abandon_mandatory_inspection"": {""ALLOW"": 0, ""DENY"": 64, ""DEFER"": 0}, ""change_high_level_objective"": {""ALLOW"": 0, ""DENY"": 1, ""DEFER"": 0}}","{""low"": {""ALLOW"": 494, ""DENY"": 0, ""DEFER"": 0}, ""consequential"": {""ALLOW"": 4, ""DENY"": 342, ""DEFER"": 0}}","{""ALLOW_LOW_RISK"": 494, ""DENY_FORBIDDEN"": 326, ""ALLOW_AUTHORIZED"": 4, ""DENY_CONDITIONAL_UNMET"": 1, ""DENY_RECOVERING_HARD_SAFETY"": 15}"
b0c80b8952954b057e2294eece3ac2f79c8c32a1,e128f2e4eb1f4726,paper_risk_bounded_v2_2026-09-30,utility_v2_frozen_2026-09-28,safe_useful_retention_v1_2026-09-28,paper_ssp_200m_moderate_v1,1,300,300.0,B4,tr_a88224c7b787_gpu,0.9537500000000003,0.5833333333333334,0.0,0,0.8,1,5,1,0,8305.0,86.208,945.0,9336.208,62208,24000,86208,0.7216035634743875,0.3333333333333333,0.6666666666666666,partial,60.0,"{""repeat_sonar_scan"": 27, ""enter_exclusion_zone"": 207, ""exceed_return_energy_reserve"": 70, ""hold_station"": 70, ""reassign_another_auv"": 5, ""bounded_path_correction"": 395, ""abandon_mandatory_inspection"": 64, ""change_high_level_objective"": 2}","{""repeat_sonar_scan"": {""ALLOW"": 27, ""DENY"": 0, ""DEFER"": 0}, ""enter_exclusion_zone"": {""ALLOW"": 0, ""DENY"": 207, ""DEFER"": 0}, ""exceed_return_energy_reserve"": {""ALLOW"": 0, ""DENY"": 70, ""DEFER"": 0}, ""hold_station"": {""ALLOW"": 70, ""DENY"": 0, ""DEFER"": 0}, ""reassign_another_auv"": {""ALLOW"": 4, ""DENY"": 1, ""DEFER"": 0}, ""bounded_path_correction"": {""ALLOW"": 395, ""DENY"": 0, ""DEFER"": 0}, ""abandon_mandatory_inspection"": {""ALLOW"": 0, ""DENY"": 64, ""DEFER"": 0}, ""change_high_level_objective"": {""ALLOW"": 0, ""DENY"": 2, ""DEFER"": 0}}","{""low"": {""ALLOW"": 492, ""DENY"": 0, ""DEFER"": 0}, ""consequential"": {""ALLOW"": 4, ""DENY"": 344, ""DEFER"": 0}}","{""ALLOW_LOW_RISK"": 492, ""DENY_FORBIDDEN"": 329, ""ALLOW_AUTHORIZED"": 4, ""DENY_CONDITIONAL_UNMET"": 1, ""DENY_RECOVERING_HARD_SAFETY"": 14}"
b0c80b8952954b057e2294eece3ac2f79c8c32a1,0c5c9377421cfc23,paper_risk_bounded_v2_2026-09-30,utility_v2_frozen_2026-09-28,safe_useful_retention_v1_2026-09-28,paper_ssp_200m_moderate_v1,1,500,500.0,B4,tr_a88224c7b787_gpu,0.9539499999999999,0.5833333333333334,0.0,0,0.8,1,5,1,0,8265.0,83.84,945.0,9293.84,55040,28800,83840,0.6564885496183206,0.16666666666666666,0.8333333333333334,partial,60.0,"{""repeat_sonar_scan"": 27, ""enter_exclusion_zone"": 204, ""exceed_return_energy_reserve"": 70, ""hold_station"": 70, ""reassign_another_auv"": 5, ""bounded_path_correction"": 393, ""abandon_mandatory_inspection"": 68, ""change_high_level_objective"": 3}","{""repeat_sonar_scan"": {""ALLOW"": 27, ""DENY"": 0, ""DEFER"": 0}, ""enter_exclusion_zone"": {""ALLOW"": 0, ""DENY"": 204, ""DEFER"": 0}, ""exceed_return_energy_reserve"": {""ALLOW"": 0, ""DENY"": 70, ""DEFER"": 0}, ""hold_station"": {""ALLOW"": 70, ""DENY"": 0, ""DEFER"": 0}, ""reassign_another_auv"": {""ALLOW"": 4, ""DENY"": 1, ""DEFER"": 0}, ""bounded_path_correction"": {""ALLOW"": 393, ""DENY"": 0, ""DEFER"": 0}, ""abandon_mandatory_inspection"": {""ALLOW"": 0, ""DENY"": 68, ""DEFER"": 0}, ""change_high_level_objective"": {""ALLOW"": 0, ""DENY"": 3, ""DEFER"": 0}}","{""low"": {""ALLOW"": 490, ""DENY"": 0, ""DEFER"": 0}, ""consequential"": {""ALLOW"": 4, ""DENY"": 346, ""DEFER"": 0}}","{""ALLOW_LOW_RISK"": 490, ""DENY_FORBIDDEN"": 330, ""ALLOW_AUTHORIZED"": 4, ""DENY_CONDITIONAL_UNMET"": 1, ""DENY_RECOVERING_HARD_SAFETY"": 15}"
b0c80b8952954b057e2294eece3ac2f79c8c32a1,d89d08284e7084e4,paper_risk_bounded_v2_2026-09-30,utility_v2_frozen_2026-09-28,safe_useful_retention_v1_2026-09-28,paper_ssp_200m_moderate_v1,1,750,750.0,B4,tr_a88224c7b787_gpu,0.95425,0.5833333333333334,0.0,0,0.8,1,5,1,0,8205.0,85.21600000000001,945.0,9235.216,50176,35040,85216,0.588809613218175,0.3333333333333333,0.6666666666666666,partial,60.0,"{""repeat_sonar_scan"": 27, ""enter_exclusion_zone"": 204, ""exceed_return_energy_reserve"": 70, ""hold_station"": 70, ""reassign_another_auv"": 5, ""bounded_path_correction"": 390, ""abandon_mandatory_inspection"": 68, ""change_high_level_objective"": 6}","{""repeat_sonar_scan"": {""ALLOW"": 27, ""DENY"": 0, ""DEFER"": 0}, ""enter_exclusion_zone"": {""ALLOW"": 0, ""DENY"": 204, ""DEFER"": 0}, ""exceed_return_energy_reserve"": {""ALLOW"": 0, ""DENY"": 70, ""DEFER"": 0}, ""hold_station"": {""ALLOW"": 70, ""DENY"": 0, ""DEFER"": 0}, ""reassign_another_auv"": {""ALLOW"": 4, ""DENY"": 1, ""DEFER"": 0}, ""bounded_path_correction"": {""ALLOW"": 390, ""DENY"": 0, ""DEFER"": 0}, ""abandon_mandatory_inspection"": {""ALLOW"": 0, ""DENY"": 68, ""DEFER"": 0}, ""change_high_level_objective"": {""ALLOW"": 0, ""DENY"": 6, ""DEFER"": 0}}","{""low"": {""ALLOW"": 487, ""DENY"": 0, ""DEFER"": 0}, ""consequential"": {""ALLOW"": 4, ""DENY"": 349, ""DEFER"": 0}}","{""ALLOW_LOW_RISK"": 487, ""DENY_FORBIDDEN"": 333, ""ALLOW_AUTHORIZED"": 4, ""DENY_CONDITIONAL_UNMET"": 1, ""DENY_RECOVERING_HARD_SAFETY"": 15}"
b0c80b8952954b057e2294eece3ac2f79c8c32a1,77228be9373371be,paper_risk_bounded_v2_2026-09-30,utility_v2_frozen_2026-09-28,safe_useful_retention_v1_2026-09-28,paper_ssp_200m_moderate_v1,1,1000,1000.0,B4,tr_a88224c7b787_gpu,0.95465,0.5833333333333334,0.0,0,0.8,1,5,1,0,8125.0,84.70400000000001,945.0,9154.704,43904,40800,84704,0.5183226293917642,0.25,0.75,partial,60.0,"{""repeat_sonar_scan"": 27, ""enter_exclusion_zone"": 201, ""exceed_return_energy_reserve"": 74, ""hold_station"": 70, ""reassign_another_auv"": 5, ""bounded_path_correction"": 386, ""abandon_mandatory_inspection"": 68, ""change_high_level_objective"": 9}","{""repeat_sonar_scan"": {""ALLOW"": 27, ""DENY"": 0, ""DEFER"": 0}, ""enter_exclusion_zone"": {""ALLOW"": 0, ""DENY"": 201, ""DEFER"": 0}, ""exceed_return_energy_reserve"": {""ALLOW"": 0, ""DENY"": 74, ""DEFER"": 0}, ""hold_station"": {""ALLOW"": 70, ""DENY"": 0, ""DEFER"": 0}, ""reassign_another_auv"": {""ALLOW"": 4, ""DENY"": 1, ""DEFER"": 0}, ""bounded_path_correction"": {""ALLOW"": 386, ""DENY"": 0, ""DEFER"": 0}, ""abandon_mandatory_inspection"": {""ALLOW"": 0, ""DENY"": 68, ""DEFER"": 0}, ""change_high_level_objective"": {""ALLOW"": 0, ""DENY"": 9, ""DEFER"": 0}}","{""low"": {""ALLOW"": 483, ""DENY"": 0, ""DEFER"": 0}, ""consequential"": {""ALLOW"": 4, ""DENY"": 353, ""DEFER"": 0}}","{""ALLOW_LOW_RISK"": 483, ""DENY_FORBIDDEN"": 307, ""ALLOW_AUTHORIZED"": 4, ""DENY_CONDITIONAL_UNMET"": 1, ""DENY_HARD_EXPIRY"": 30, ""DENY_RECOVERING_HARD_SAFETY"": 15}"
b0c80b8952954b057e2294eece3ac2f79c8c32a1,f261f0ef1e96c60c,paper_risk_bounded_v2_2026-09-30,utility_v2_frozen_2026-09-28,safe_useful_retention_v1_2026-09-28,paper_ssp_200m_moderate_v1,2,0,0.0,B4,tr_4370fea4680c_gpu,-18.0462,0.5,0.0,0,1.0,0,6,1,0,8400.0,82.08,840.0,9322.08,65280,16800,82080,0.7953216374269005,,,idle,0.0,"{""repeat_sonar_scan"": 24, ""enter_exclusion_zone"": 209, ""exceed_return_energy_reserve"": 70, ""hold_station"": 70, ""reassign_another_auv"": 1, ""bounded_path_correction"": 402, ""abandon_mandatory_inspection"": 64}","{""repeat_sonar_scan"": {""ALLOW"": 24, ""DENY"": 0, ""DEFER"": 0}, ""enter_exclusion_zone"": {""ALLOW"": 0, ""DENY"": 209, ""DEFER"": 0}, ""exceed_return_energy_reserve"": {""ALLOW"": 0, ""DENY"": 70, ""DEFER"": 0}, ""hold_station"": {""ALLOW"": 70, ""DENY"": 0, ""DEFER"": 0}, ""reassign_another_auv"": {""ALLOW"": 1, ""DENY"": 0, ""DEFER"": 0}, ""bounded_path_correction"": {""ALLOW"": 402, ""DENY"": 0, ""DEFER"": 0}, ""abandon_mandatory_inspection"": {""ALLOW"": 0, ""DENY"": 64, ""DEFER"": 0}}","{""low"": {""ALLOW"": 496, ""DENY"": 0, ""DEFER"": 0}, ""consequential"": {""ALLOW"": 1, ""DENY"": 343, ""DEFER"": 0}}","{""ALLOW_LOW_RISK"": 496, ""DENY_FORBIDDEN"": 343, ""ALLOW_AUTHORIZED"": 1}"
b0c80b8952954b057e2294eece3ac2f79c8c32a1,612f8abb19251e68,paper_risk_bounded_v2_2026-09-30,utility_v2_frozen_2026-09-28,safe_useful_retention_v1_2026-09-28,paper_ssp_200m_moderate_v1,2,150,150.0,B4,tr_4370fea4680c_gpu,0.9535499999999999,0.5833333333333334,0.0,0,0.8,1,5,1,0,8345.0,86.432,945.0,9376.432,65792,20640,86432,0.7611995557201037,0.16666666666666666,0.8333333333333334,partial,40.0,"{""repeat_sonar_scan"": 27, ""enter_exclusion_zone"": 206, ""exceed_return_energy_reserve"": 70, ""hold_station"": 70, ""reassign_another_auv"": 5, ""bounded_path_correction"": 397, ""abandon_mandatory_inspection"": 64, ""change_high_level_objective"": 1}","{""repeat_sonar_scan"": {""ALLOW"": 27, ""DENY"": 0, ""DEFER"": 0}, ""enter_exclusion_zone"": {""ALLOW"": 0, ""DENY"": 206, ""DEFER"": 0}, ""exceed_return_energy_reserve"": {""ALLOW"": 0, ""DENY"": 70, ""DEFER"": 0}, ""hold_station"": {""ALLOW"": 70, ""DENY"": 0, ""DEFER"": 0}, ""reassign_another_auv"": {""ALLOW"": 4, ""DENY"": 1, ""DEFER"": 0}, ""bounded_path_correction"": {""ALLOW"": 397, ""DENY"": 0, ""DEFER"": 0}, ""abandon_mandatory_inspection"": {""ALLOW"": 0, ""DENY"": 64, ""DEFER"": 0}, ""change_high_level_objective"": {""ALLOW"": 0, ""DENY"": 1, ""DEFER"": 0}}","{""low"": {""ALLOW"": 494, ""DENY"": 0, ""DEFER"": 0}, ""consequential"": {""ALLOW"": 4, ""DENY"": 342, ""DEFER"": 0}}","{""ALLOW_LOW_RISK"": 494, ""DENY_FORBIDDEN"": 326, ""ALLOW_AUTHORIZED"": 4, ""DENY_CONDITIONAL_UNMET"": 1, ""DENY_RECOVERING_HARD_SAFETY"": 15}"
b0c80b8952954b057e2294eece3ac2f79c8c32a1,678c810b00661cce,paper_risk_bounded_v2_2026-09-30,utility_v2_frozen_2026-09-28,safe_useful_retention_v1_2026-09-28,paper_ssp_200m_moderate_v1,2,300,300.0,B4,tr_4370fea4680c_gpu,0.9537500000000003,0.5833333333333334,0.0,0,0.8,1,5,1,0,8305.0,89.664,945.0,9339.664,65664,24000,89664,0.7323340471092077,0.3333333333333333,0.6666666666666666,partial,60.0,"{""repeat_sonar_scan"": 27, ""enter_exclusion_zone"": 207, ""exceed_return_energy_reserve"": 70, ""hold_station"": 70, ""reassign_another_auv"": 5, ""bounded_path_correction"": 395, ""abandon_mandatory_inspection"": 64, ""change_high_level_objective"": 2}","{""repeat_sonar_scan"": {""ALLOW"": 27, ""DENY"": 0, ""DEFER"": 0}, ""enter_exclusion_zone"": {""ALLOW"": 0, ""DENY"": 207, ""DEFER"": 0}, ""exceed_return_energy_reserve"": {""ALLOW"": 0, ""DENY"": 70, ""DEFER"": 0}, ""hold_station"": {""ALLOW"": 70, ""DENY"": 0, ""DEFER"": 0}, ""reassign_another_auv"": {""ALLOW"": 4, ""DENY"": 1, ""DEFER"": 0}, ""bounded_path_correction"": {""ALLOW"": 395, ""DENY"": 0, ""DEFER"": 0}, ""abandon_mandatory_inspection"": {""ALLOW"": 0, ""DENY"": 64, ""DEFER"": 0}, ""change_high_level_objective"": {""ALLOW"": 0, ""DENY"": 2, ""DEFER"": 0}}","{""low"": {""ALLOW"": 492, ""DENY"": 0, ""DEFER"": 0}, ""consequential"": {""ALLOW"": 4, ""DENY"": 344, ""DEFER"": 0}}","{""ALLOW_LOW_RISK"": 492, ""DENY_FORBIDDEN"": 329, ""ALLOW_AUTHORIZED"": 4, ""DENY_CONDITIONAL_UNMET"": 1, ""DENY_RECOVERING_HARD_SAFETY"": 14}"
b0c80b8952954b057e2294eece3ac2f79c8c32a1,c1e3b690b1aaba7b,paper_risk_bounded_v2_2026-09-30,utility_v2_frozen_2026-09-28,safe_useful_retention_v1_2026-09-28,paper_ssp_200m_moderate_v1,2,500,500.0,B4,tr_4370fea4680c_gpu,0.9539499999999999,0.5833333333333334,0.0,0,0.8,1,5,1,0,8265.0,87.808,945.0,9297.808,59008,28800,87808,0.6720116618075802,0.16666666666666666,0.8333333333333334,partial,60.0,"{""repeat_sonar_scan"": 27, ""enter_exclusion_zone"": 204, ""exceed_return_energy_reserve"": 70, ""hold_station"": 70, ""reassign_another_auv"": 5, ""bounded_path_correction"": 393, ""abandon_mandatory_inspection"": 68, ""change_high_level_objective"": 3}","{""repeat_sonar_scan"": {""ALLOW"": 27, ""DENY"": 0, ""DEFER"": 0}, ""enter_exclusion_zone"": {""ALLOW"": 0, ""DENY"": 204, ""DEFER"": 0}, ""exceed_return_energy_reserve"": {""ALLOW"": 0, ""DENY"": 70, ""DEFER"": 0}, ""hold_station"": {""ALLOW"": 70, ""DENY"": 0, ""DEFER"": 0}, ""reassign_another_auv"": {""ALLOW"": 4, ""DENY"": 1, ""DEFER"": 0}, ""bounded_path_correction"": {""ALLOW"": 393, ""DENY"": 0, ""DEFER"": 0}, ""abandon_mandatory_inspection"": {""ALLOW"": 0, ""DENY"": 68, ""DEFER"": 0}, ""change_high_level_objective"": {""ALLOW"": 0, ""DENY"": 3, ""DEFER"": 0}}","{""low"": {""ALLOW"": 490, ""DENY"": 0, ""DEFER"": 0}, ""consequential"": {""ALLOW"": 4, ""DENY"": 346, ""DEFER"": 0}}","{""ALLOW_LOW_RISK"": 490, ""DENY_FORBIDDEN"": 330, ""ALLOW_AUTHORIZED"": 4, ""DENY_CONDITIONAL_UNMET"": 1, ""DENY_RECOVERING_HARD_SAFETY"": 15}"
b0c80b8952954b057e2294eece3ac2f79c8c32a1,b4ce73e1a4eb4c7e,paper_risk_bounded_v2_2026-09-30,utility_v2_frozen_2026-09-28,safe_useful_retention_v1_2026-09-28,paper_ssp_200m_moderate_v1,2,750,750.0,B4,tr_4370fea4680c_gpu,0.95425,0.5833333333333334,0.0,0,0.8,1,5,1,0,8205.0,89.824,945.0,9239.824,54784,35040,89824,0.6099038118988244,0.3333333333333333,0.6666666666666666,partial,60.0,"{""repeat_sonar_scan"": 27, ""enter_exclusion_zone"": 204, ""exceed_return_energy_reserve"": 70, ""hold_station"": 70, ""reassign_another_auv"": 5, ""bounded_path_correction"": 390, ""abandon_mandatory_inspection"": 68, ""change_high_level_objective"": 6}","{""repeat_sonar_scan"": {""ALLOW"": 27, ""DENY"": 0, ""DEFER"": 0}, ""enter_exclusion_zone"": {""ALLOW"": 0, ""DENY"": 204, ""DEFER"": 0}, ""exceed_return_energy_reserve"": {""ALLOW"": 0, ""DENY"": 70, ""DEFER"": 0}, ""hold_station"": {""ALLOW"": 70, ""DENY"": 0, ""DEFER"": 0}, ""reassign_another_auv"": {""ALLOW"": 4, ""DENY"": 1, ""DEFER"": 0}, ""bounded_path_correction"": {""ALLOW"": 390, ""DENY"": 0, ""DEFER"": 0}, ""abandon_mandatory_inspection"": {""ALLOW"": 0, ""DENY"": 68, ""DEFER"": 0}, ""change_high_level_objective"": {""ALLOW"": 0, ""DENY"": 6, ""DEFER"": 0}}","{""low"": {""ALLOW"": 487, ""DENY"": 0, ""DEFER"": 0}, ""consequential"": {""ALLOW"": 4, ""DENY"": 349, ""DEFER"": 0}}","{""ALLOW_LOW_RISK"": 487, ""DENY_FORBIDDEN"": 333, ""ALLOW_AUTHORIZED"": 4, ""DENY_CONDITIONAL_UNMET"": 1, ""DENY_RECOVERING_HARD_SAFETY"": 15}"
b0c80b8952954b057e2294eece3ac2f79c8c32a1,e0befa04c34d0f18,paper_risk_bounded_v2_2026-09-30,utility_v2_frozen_2026-09-28,safe_useful_retention_v1_2026-09-28,paper_ssp_200m_moderate_v1,2,1000,1000.0,B4,tr_4370fea4680c_gpu,0.95465,0.5833333333333334,0.0,0,0.8,1,5,1,0,8125.0,87.904,945.0,9157.904,47104,40800,87904,0.5358572988714961,0.16666666666666666,0.8333333333333334,partial,60.0,"{""repeat_sonar_scan"": 27, ""enter_exclusion_zone"": 201, ""exceed_return_energy_reserve"": 74, ""hold_station"": 70, ""reassign_another_auv"": 5, ""bounded_path_correction"": 386, ""abandon_mandatory_inspection"": 68, ""change_high_level_objective"": 9}","{""repeat_sonar_scan"": {""ALLOW"": 27, ""DENY"": 0, ""DEFER"": 0}, ""enter_exclusion_zone"": {""ALLOW"": 0, ""DENY"": 201, ""DEFER"": 0}, ""exceed_return_energy_reserve"": {""ALLOW"": 0, ""DENY"": 74, ""DEFER"": 0}, ""hold_station"": {""ALLOW"": 70, ""DENY"": 0, ""DEFER"": 0}, ""reassign_another_auv"": {""ALLOW"": 4, ""DENY"": 1, ""DEFER"": 0}, ""bounded_path_correction"": {""ALLOW"": 386, ""DENY"": 0, ""DEFER"": 0}, ""abandon_mandatory_inspection"": {""ALLOW"": 0, ""DENY"": 68, ""DEFER"": 0}, ""change_high_level_objective"": {""ALLOW"": 0, ""DENY"": 9, ""DEFER"": 0}}","{""low"": {""ALLOW"": 483, ""DENY"": 0, ""DEFER"": 0}, ""consequential"": {""ALLOW"": 4, ""DENY"": 353, ""DEFER"": 0}}","{""ALLOW_LOW_RISK"": 483, ""DENY_FORBIDDEN"": 307, ""ALLOW_AUTHORIZED"": 4, ""DENY_CONDITIONAL_UNMET"": 1, ""DENY_HARD_EXPIRY"": 30, ""DENY_RECOVERING_HARD_SAFETY"": 15}"
b0c80b8952954b057e2294eece3ac2f79c8c32a1,ef837b3a040828a8,paper_risk_bounded_v2_2026-09-30,utility_v2_frozen_2026-09-28,safe_useful_retention_v1_2026-09-28,paper_ssp_200m_moderate_v1,3,0,0.0,B4,tr_20211a97cb5f_gpu,-18.0462,0.5,0.0,0,1.0,0,6,1,0,8400.0,78.24,840.0,9318.24,61440,16800,78240,0.7852760736196319,,,idle,0.0,"{""repeat_sonar_scan"": 24, ""enter_exclusion_zone"": 209, ""exceed_return_energy_reserve"": 70, ""hold_station"": 70, ""reassign_another_auv"": 1, ""bounded_path_correction"": 402, ""abandon_mandatory_inspection"": 64}","{""repeat_sonar_scan"": {""ALLOW"": 24, ""DENY"": 0, ""DEFER"": 0}, ""enter_exclusion_zone"": {""ALLOW"": 0, ""DENY"": 209, ""DEFER"": 0}, ""exceed_return_energy_reserve"": {""ALLOW"": 0, ""DENY"": 70, ""DEFER"": 0}, ""hold_station"": {""ALLOW"": 70, ""DENY"": 0, ""DEFER"": 0}, ""reassign_another_auv"": {""ALLOW"": 1, ""DENY"": 0, ""DEFER"": 0}, ""bounded_path_correction"": {""ALLOW"": 402, ""DENY"": 0, ""DEFER"": 0}, ""abandon_mandatory_inspection"": {""ALLOW"": 0, ""DENY"": 64, ""DEFER"": 0}}","{""low"": {""ALLOW"": 496, ""DENY"": 0, ""DEFER"": 0}, ""consequential"": {""ALLOW"": 1, ""DENY"": 343, ""DEFER"": 0}}","{""ALLOW_LOW_RISK"": 496, ""DENY_FORBIDDEN"": 343, ""ALLOW_AUTHORIZED"": 1}"
b0c80b8952954b057e2294eece3ac2f79c8c32a1,170739d8fd284890,paper_risk_bounded_v2_2026-09-30,utility_v2_frozen_2026-09-28,safe_useful_retention_v1_2026-09-28,paper_ssp_200m_moderate_v1,3,150,150.0,B4,tr_20211a97cb5f_gpu,0.9535499999999999,0.5833333333333334,0.0,0,0.8,1,5,1,0,8345.0,83.744,945.0,9373.744,63104,20640,83744,0.7535345815819641,0.16666666666666666,0.8333333333333334,partial,40.0,"{""repeat_sonar_scan"": 27, ""enter_exclusion_zone"": 206, ""exceed_return_energy_reserve"": 70, ""hold_station"": 70, ""reassign_another_auv"": 5, ""bounded_path_correction"": 397, ""abandon_mandatory_inspection"": 64, ""change_high_level_objective"": 1}","{""repeat_sonar_scan"": {""ALLOW"": 27, ""DENY"": 0, ""DEFER"": 0}, ""enter_exclusion_zone"": {""ALLOW"": 0, ""DENY"": 206, ""DEFER"": 0}, ""exceed_return_energy_reserve"": {""ALLOW"": 0, ""DENY"": 70, ""DEFER"": 0}, ""hold_station"": {""ALLOW"": 70, ""DENY"": 0, ""DEFER"": 0}, ""reassign_another_auv"": {""ALLOW"": 4, ""DENY"": 1, ""DEFER"": 0}, ""bounded_path_correction"": {""ALLOW"": 397, ""DENY"": 0, ""DEFER"": 0}, ""abandon_mandatory_inspection"": {""ALLOW"": 0, ""DENY"": 64, ""DEFER"": 0}, ""change_high_level_objective"": {""ALLOW"": 0, ""DENY"": 1, ""DEFER"": 0}}","{""low"": {""ALLOW"": 494, ""DENY"": 0, ""DEFER"": 0}, ""consequential"": {""ALLOW"": 4, ""DENY"": 342, ""DEFER"": 0}}","{""ALLOW_LOW_RISK"": 494, ""DENY_FORBIDDEN"": 326, ""ALLOW_AUTHORIZED"": 4, ""DENY_CONDITIONAL_UNMET"": 1, ""DENY_RECOVERING_HARD_SAFETY"": 15}"
b0c80b8952954b057e2294eece3ac2f79c8c32a1,e4d428cdb8e5dd4c,paper_risk_bounded_v2_2026-09-30,utility_v2_frozen_2026-09-28,safe_useful_retention_v1_2026-09-28,paper_ssp_200m_moderate_v1,3,300,300.0,B4,tr_20211a97cb5f_gpu,0.9537500000000003,0.5833333333333334,0.0,0,0.8,1,5,1,0,8305.0,87.616,945.0,9337.616,63616,24000,87616,0.7260774287801315,0.25,0.75,partial,60.0,"{""repeat_sonar_scan"": 27, ""enter_exclusion_zone"": 207, ""exceed_return_energy_reserve"": 70, ""hold_station"": 70, ""reassign_another_auv"": 5, ""bounded_path_correction"": 395, ""abandon_mandatory_inspection"": 64, ""change_high_level_objective"": 2}","{""repeat_sonar_scan"": {""ALLOW"": 27, ""DENY"": 0, ""DEFER"": 0}, ""enter_exclusion_zone"": {""ALLOW"": 0, ""DENY"": 207, ""DEFER"": 0}, ""exceed_return_energy_reserve"": {""ALLOW"": 0, ""DENY"": 70, ""DEFER"": 0}, ""hold_station"": {""ALLOW"": 70, ""DENY"": 0, ""DEFER"": 0}, ""reassign_another_auv"": {""ALLOW"": 4, ""DENY"": 1, ""DEFER"": 0}, ""bounded_path_correction"": {""ALLOW"": 395, ""DENY"": 0, ""DEFER"": 0}, ""abandon_mandatory_inspection"": {""ALLOW"": 0, ""DENY"": 64, ""DEFER"": 0}, ""change_high_level_objective"": {""ALLOW"": 0, ""DENY"": 2, ""DEFER"": 0}}","{""low"": {""ALLOW"": 492, ""DENY"": 0, ""DEFER"": 0}, ""consequential"": {""ALLOW"": 4, ""DENY"": 344, ""DEFER"": 0}}","{""ALLOW_LOW_RISK"": 492, ""DENY_FORBIDDEN"": 328, ""ALLOW_AUTHORIZED"": 4, ""DENY_CONDITIONAL_UNMET"": 1, ""DENY_RECOVERING_HARD_SAFETY"": 15}"
b0c80b8952954b057e2294eece3ac2f79c8c32a1,53d8f37ce388a984,paper_risk_bounded_v2_2026-09-30,utility_v2_frozen_2026-09-28,safe_useful_retention_v1_2026-09-28,paper_ssp_200m_moderate_v1,3,500,500.0,B4,tr_20211a97cb5f_gpu,0.9539499999999999,0.5833333333333334,0.0,0,0.8,1,5,1,0,8265.0,85.376,945.0,9295.376,56576,28800,85376,0.6626686656671664,0.16666666666666666,0.8333333333333334,partial,60.0,"{""repeat_sonar_scan"": 27, ""enter_exclusion_zone"": 204, ""exceed_return_energy_reserve"": 70, ""hold_station"": 70, ""reassign_another_auv"": 5, ""bounded_path_correction"": 393, ""abandon_mandatory_inspection"": 68, ""change_high_level_objective"": 3}","{""repeat_sonar_scan"": {""ALLOW"": 27, ""DENY"": 0, ""DEFER"": 0}, ""enter_exclusion_zone"": {""ALLOW"": 0, ""DENY"": 204, ""DEFER"": 0}, ""exceed_return_energy_reserve"": {""ALLOW"": 0, ""DENY"": 70, ""DEFER"": 0}, ""hold_station"": {""ALLOW"": 70, ""DENY"": 0, ""DEFER"": 0}, ""reassign_another_auv"": {""ALLOW"": 4, ""DENY"": 1, ""DEFER"": 0}, ""bounded_path_correction"": {""ALLOW"": 393, ""DENY"": 0, ""DEFER"": 0}, ""abandon_mandatory_inspection"": {""ALLOW"": 0, ""DENY"": 68, ""DEFER"": 0}, ""change_high_level_objective"": {""ALLOW"": 0, ""DENY"": 3, ""DEFER"": 0}}","{""low"": {""ALLOW"": 490, ""DENY"": 0, ""DEFER"": 0}, ""consequential"": {""ALLOW"": 4, ""DENY"": 346, ""DEFER"": 0}}","{""ALLOW_LOW_RISK"": 490, ""DENY_FORBIDDEN"": 330, ""ALLOW_AUTHORIZED"": 4, ""DENY_CONDITIONAL_UNMET"": 1, ""DENY_RECOVERING_HARD_SAFETY"": 15}"
b0c80b8952954b057e2294eece3ac2f79c8c32a1,11187929dfb7fb0c,paper_risk_bounded_v2_2026-09-30,utility_v2_frozen_2026-09-28,safe_useful_retention_v1_2026-09-28,paper_ssp_200m_moderate_v1,3,750,750.0,B4,tr_20211a97cb5f_gpu,0.95425,0.5833333333333334,0.0,0,0.8,1,5,1,0,8205.0,87.52,945.0,9237.52,52480,35040,87520,0.5996343692870201,0.3333333333333333,0.6666666666666666,partial,60.0,"{""repeat_sonar_scan"": 27, ""enter_exclusion_zone"": 204, ""exceed_return_energy_reserve"": 70, ""hold_station"": 70, ""reassign_another_auv"": 5, ""bounded_path_correction"": 390, ""abandon_mandatory_inspection"": 68, ""change_high_level_objective"": 6}","{""repeat_sonar_scan"": {""ALLOW"": 27, ""DENY"": 0, ""DEFER"": 0}, ""enter_exclusion_zone"": {""ALLOW"": 0, ""DENY"": 204, ""DEFER"": 0}, ""exceed_return_energy_reserve"": {""ALLOW"": 0, ""DENY"": 70, ""DEFER"": 0}, ""hold_station"": {""ALLOW"": 70, ""DENY"": 0, ""DEFER"": 0}, ""reassign_another_auv"": {""ALLOW"": 4, ""DENY"": 1, ""DEFER"": 0}, ""bounded_path_correction"": {""ALLOW"": 390, ""DENY"": 0, ""DEFER"": 0}, ""abandon_mandatory_inspection"": {""ALLOW"": 0, ""DENY"": 68, ""DEFER"": 0}, ""change_high_level_objective"": {""ALLOW"": 0, ""DENY"": 6, ""DEFER"": 0}}","{""low"": {""ALLOW"": 487, ""DENY"": 0, ""DEFER"": 0}, ""consequential"": {""ALLOW"": 4, ""DENY"": 349, ""DEFER"": 0}}","{""ALLOW_LOW_RISK"": 487, ""DENY_FORBIDDEN"": 333, ""ALLOW_AUTHORIZED"": 4, ""DENY_CONDITIONAL_UNMET"": 1, ""DENY_RECOVERING_HARD_SAFETY"": 15}"
b0c80b8952954b057e2294eece3ac2f79c8c32a1,5754d8a4170fbfdd,paper_risk_bounded_v2_2026-09-30,utility_v2_frozen_2026-09-28,safe_useful_retention_v1_2026-09-28,paper_ssp_200m_moderate_v1,3,1000,1000.0,B4,tr_20211a97cb5f_gpu,0.95465,0.5833333333333334,0.0,0,0.8,1,5,1,0,8125.0,87.52,945.0,9157.52,46720,40800,87520,0.5338208409506399,0.25,0.75,partial,60.0,"{""repeat_sonar_scan"": 27, ""enter_exclusion_zone"": 201, ""exceed_return_energy_reserve"": 74, ""hold_station"": 70, ""reassign_another_auv"": 5, ""bounded_path_correction"": 386, ""abandon_mandatory_inspection"": 68, ""change_high_level_objective"": 9}","{""repeat_sonar_scan"": {""ALLOW"": 27, ""DENY"": 0, ""DEFER"": 0}, ""enter_exclusion_zone"": {""ALLOW"": 0, ""DENY"": 201, ""DEFER"": 0}, ""exceed_return_energy_reserve"": {""ALLOW"": 0, ""DENY"": 74, ""DEFER"": 0}, ""hold_station"": {""ALLOW"": 70, ""DENY"": 0, ""DEFER"": 0}, ""reassign_another_auv"": {""ALLOW"": 4, ""DENY"": 1, ""DEFER"": 0}, ""bounded_path_correction"": {""ALLOW"": 386, ""DENY"": 0, ""DEFER"": 0}, ""abandon_mandatory_inspection"": {""ALLOW"": 0, ""DENY"": 68, ""DEFER"": 0}, ""change_high_level_objective"": {""ALLOW"": 0, ""DENY"": 9, ""DEFER"": 0}}","{""low"": {""ALLOW"": 483, ""DENY"": 0, ""DEFER"": 0}, ""consequential"": {""ALLOW"": 4, ""DENY"": 353, ""DEFER"": 0}}","{""ALLOW_LOW_RISK"": 483, ""DENY_FORBIDDEN"": 307, ""ALLOW_AUTHORIZED"": 4, ""DENY_CONDITIONAL_UNMET"": 1, ""DENY_HARD_EXPIRY"": 30, ""DENY_RECOVERING_HARD_SAFETY"": 15}"
b0c80b8952954b057e2294eece3ac2f79c8c32a1,69e8f79308b10387,paper_risk_bounded_v2_2026-09-30,utility_v2_frozen_2026-09-28,safe_useful_retention_v1_2026-09-28,paper_ssp_200m_moderate_v1,4,0,0.0,B4,tr_6f36c0ce7c2d_gpu,-18.0462,0.5,0.0,0,1.0,0,6,1,0,8400.0,78.24,840.0,9318.24,61440,16800,78240,0.7852760736196319,,,idle,0.0,"{""repeat_sonar_scan"": 24, ""enter_exclusion_zone"": 209, ""exceed_return_energy_reserve"": 70, ""hold_station"": 70, ""reassign_another_auv"": 1, ""bounded_path_correction"": 402, ""abandon_mandatory_inspection"": 64}","{""repeat_sonar_scan"": {""ALLOW"": 24, ""DENY"": 0, ""DEFER"": 0}, ""enter_exclusion_zone"": {""ALLOW"": 0, ""DENY"": 209, ""DEFER"": 0}, ""exceed_return_energy_reserve"": {""ALLOW"": 0, ""DENY"": 70, ""DEFER"": 0}, ""hold_station"": {""ALLOW"": 70, ""DENY"": 0, ""DEFER"": 0}, ""reassign_another_auv"": {""ALLOW"": 1, ""DENY"": 0, ""DEFER"": 0}, ""bounded_path_correction"": {""ALLOW"": 402, ""DENY"": 0, ""DEFER"": 0}, ""abandon_mandatory_inspection"": {""ALLOW"": 0, ""DENY"": 64, ""DEFER"": 0}}","{""low"": {""ALLOW"": 496, ""DENY"": 0, ""DEFER"": 0}, ""consequential"": {""ALLOW"": 1, ""DENY"": 343, ""DEFER"": 0}}","{""ALLOW_LOW_RISK"": 496, ""DENY_FORBIDDEN"": 343, ""ALLOW_AUTHORIZED"": 1}"
b0c80b8952954b057e2294eece3ac2f79c8c32a1,947cc1694c946579,paper_risk_bounded_v2_2026-09-30,utility_v2_frozen_2026-09-28,safe_useful_retention_v1_2026-09-28,paper_ssp_200m_moderate_v1,4,150,150.0,B4,tr_6f36c0ce7c2d_gpu,0.9535499999999999,0.5833333333333334,0.0,0,0.8,1,5,1,0,8345.0,82.336,945.0,9372.336,61696,20640,82336,0.7493198600855033,0.25,0.75,partial,40.0,"{""repeat_sonar_scan"": 27, ""enter_exclusion_zone"": 206, ""exceed_return_energy_reserve"": 70, ""hold_station"": 70, ""reassign_another_auv"": 5, ""bounded_path_correction"": 397, ""abandon_mandatory_inspection"": 64, ""change_high_level_objective"": 1}","{""repeat_sonar_scan"": {""ALLOW"": 27, ""DENY"": 0, ""DEFER"": 0}, ""enter_exclusion_zone"": {""ALLOW"": 0, ""DENY"": 206, ""DEFER"": 0}, ""exceed_return_energy_reserve"": {""ALLOW"": 0, ""DENY"": 70, ""DEFER"": 0}, ""hold_station"": {""ALLOW"": 70, ""DENY"": 0, ""DEFER"": 0}, ""reassign_another_auv"": {""ALLOW"": 4, ""DENY"": 1, ""DEFER"": 0}, ""bounded_path_correction"": {""ALLOW"": 397, ""DENY"": 0, ""DEFER"": 0}, ""abandon_mandatory_inspection"": {""ALLOW"": 0, ""DENY"": 64, ""DEFER"": 0}, ""change_high_level_objective"": {""ALLOW"": 0, ""DENY"": 1, ""DEFER"": 0}}","{""low"": {""ALLOW"": 494, ""DENY"": 0, ""DEFER"": 0}, ""consequential"": {""ALLOW"": 4, ""DENY"": 342, ""DEFER"": 0}}","{""ALLOW_LOW_RISK"": 494, ""DENY_FORBIDDEN"": 326, ""ALLOW_AUTHORIZED"": 4, ""DENY_CONDITIONAL_UNMET"": 1, ""DENY_RECOVERING_HARD_SAFETY"": 15}"
b0c80b8952954b057e2294eece3ac2f79c8c32a1,71825778e69cdb2c,paper_risk_bounded_v2_2026-09-30,utility_v2_frozen_2026-09-28,safe_useful_retention_v1_2026-09-28,paper_ssp_200m_moderate_v1,4,300,300.0,B4,tr_6f36c0ce7c2d_gpu,0.9537500000000003,0.5833333333333334,0.0,0,0.8,1,5,1,0,8305.0,87.488,945.0,9337.488,63488,24000,87488,0.7256766642282371,0.25,0.75,partial,60.0,"{""repeat_sonar_scan"": 27, ""enter_exclusion_zone"": 207, ""exceed_return_energy_reserve"": 70, ""hold_station"": 70, ""reassign_another_auv"": 5, ""bounded_path_correction"": 395, ""abandon_mandatory_inspection"": 64, ""change_high_level_objective"": 2}","{""repeat_sonar_scan"": {""ALLOW"": 27, ""DENY"": 0, ""DEFER"": 0}, ""enter_exclusion_zone"": {""ALLOW"": 0, ""DENY"": 207, ""DEFER"": 0}, ""exceed_return_energy_reserve"": {""ALLOW"": 0, ""DENY"": 70, ""DEFER"": 0}, ""hold_station"": {""ALLOW"": 70, ""DENY"": 0, ""DEFER"": 0}, ""reassign_another_auv"": {""ALLOW"": 4, ""DENY"": 1, ""DEFER"": 0}, ""bounded_path_correction"": {""ALLOW"": 395, ""DENY"": 0, ""DEFER"": 0}, ""abandon_mandatory_inspection"": {""ALLOW"": 0, ""DENY"": 64, ""DEFER"": 0}, ""change_high_level_objective"": {""ALLOW"": 0, ""DENY"": 2, ""DEFER"": 0}}","{""low"": {""ALLOW"": 492, ""DENY"": 0, ""DEFER"": 0}, ""consequential"": {""ALLOW"": 4, ""DENY"": 344, ""DEFER"": 0}}","{""ALLOW_LOW_RISK"": 492, ""DENY_FORBIDDEN"": 328, ""ALLOW_AUTHORIZED"": 4, ""DENY_CONDITIONAL_UNMET"": 1, ""DENY_RECOVERING_HARD_SAFETY"": 15}"
b0c80b8952954b057e2294eece3ac2f79c8c32a1,509c5db142cec63d,paper_risk_bounded_v2_2026-09-30,utility_v2_frozen_2026-09-28,safe_useful_retention_v1_2026-09-28,paper_ssp_200m_moderate_v1,4,500,500.0,B4,tr_6f36c0ce7c2d_gpu,0.9539499999999999,0.5833333333333334,0.0,0,0.8,1,5,1,0,8265.0,85.248,945.0,9295.248,56448,28800,85248,0.6621621621621622,0.25,0.75,partial,60.0,"{""repeat_sonar_scan"": 27, ""enter_exclusion_zone"": 204, ""exceed_return_energy_reserve"": 70, ""hold_station"": 70, ""reassign_another_auv"": 5, ""bounded_path_correction"": 393, ""abandon_mandatory_inspection"": 68, ""change_high_level_objective"": 3}","{""repeat_sonar_scan"": {""ALLOW"": 27, ""DENY"": 0, ""DEFER"": 0}, ""enter_exclusion_zone"": {""ALLOW"": 0, ""DENY"": 204, ""DEFER"": 0}, ""exceed_return_energy_reserve"": {""ALLOW"": 0, ""DENY"": 70, ""DEFER"": 0}, ""hold_station"": {""ALLOW"": 70, ""DENY"": 0, ""DEFER"": 0}, ""reassign_another_auv"": {""ALLOW"": 4, ""DENY"": 1, ""DEFER"": 0}, ""bounded_path_correction"": {""ALLOW"": 393, ""DENY"": 0, ""DEFER"": 0}, ""abandon_mandatory_inspection"": {""ALLOW"": 0, ""DENY"": 68, ""DEFER"": 0}, ""change_high_level_objective"": {""ALLOW"": 0, ""DENY"": 3, ""DEFER"": 0}}","{""low"": {""ALLOW"": 490, ""DENY"": 0, ""DEFER"": 0}, ""consequential"": {""ALLOW"": 4, ""DENY"": 346, ""DEFER"": 0}}","{""ALLOW_LOW_RISK"": 490, ""DENY_FORBIDDEN"": 330, ""ALLOW_AUTHORIZED"": 4, ""DENY_CONDITIONAL_UNMET"": 1, ""DENY_RECOVERING_HARD_SAFETY"": 15}"
b0c80b8952954b057e2294eece3ac2f79c8c32a1,6b309e10934dc1c5,paper_risk_bounded_v2_2026-09-30,utility_v2_frozen_2026-09-28,safe_useful_retention_v1_2026-09-28,paper_ssp_200m_moderate_v1,4,750,750.0,B4,tr_6f36c0ce7c2d_gpu,0.95425,0.5833333333333334,0.0,0,0.8,1,5,1,0,8205.0,85.60000000000001,945.0,9235.6,50560,35040,85600,0.5906542056074766,0.4166666666666667,0.5833333333333334,partial,60.0,"{""repeat_sonar_scan"": 27, ""enter_exclusion_zone"": 204, ""exceed_return_energy_reserve"": 70, ""hold_station"": 70, ""reassign_another_auv"": 5, ""bounded_path_correction"": 390, ""abandon_mandatory_inspection"": 68, ""change_high_level_objective"": 6}","{""repeat_sonar_scan"": {""ALLOW"": 27, ""DENY"": 0, ""DEFER"": 0}, ""enter_exclusion_zone"": {""ALLOW"": 0, ""DENY"": 204, ""DEFER"": 0}, ""exceed_return_energy_reserve"": {""ALLOW"": 0, ""DENY"": 70, ""DEFER"": 0}, ""hold_station"": {""ALLOW"": 70, ""DENY"": 0, ""DEFER"": 0}, ""reassign_another_auv"": {""ALLOW"": 4, ""DENY"": 1, ""DEFER"": 0}, ""bounded_path_correction"": {""ALLOW"": 390, ""DENY"": 0, ""DEFER"": 0}, ""abandon_mandatory_inspection"": {""ALLOW"": 0, ""DENY"": 68, ""DEFER"": 0}, ""change_high_level_objective"": {""ALLOW"": 0, ""DENY"": 6, ""DEFER"": 0}}","{""low"": {""ALLOW"": 487, ""DENY"": 0, ""DEFER"": 0}, ""consequential"": {""ALLOW"": 4, ""DENY"": 349, ""DEFER"": 0}}","{""ALLOW_LOW_RISK"": 487, ""DENY_FORBIDDEN"": 333, ""ALLOW_AUTHORIZED"": 4, ""DENY_CONDITIONAL_UNMET"": 1, ""DENY_RECOVERING_HARD_SAFETY"": 15}"
b0c80b8952954b057e2294eece3ac2f79c8c32a1,5e3869d8e10247d7,paper_risk_bounded_v2_2026-09-30,utility_v2_frozen_2026-09-28,safe_useful_retention_v1_2026-09-28,paper_ssp_200m_moderate_v1,4,1000,1000.0,B4,tr_6f36c0ce7c2d_gpu,0.95465,0.5833333333333334,0.0,0,0.8,1,5,1,0,8125.0,84.96000000000001,945.0,9154.96,44160,40800,84960,0.519774011299435,0.16666666666666666,0.8333333333333334,partial,60.0,"{""repeat_sonar_scan"": 27, ""enter_exclusion_zone"": 201, ""exceed_return_energy_reserve"": 74, ""hold_station"": 70, ""reassign_another_auv"": 5, ""bounded_path_correction"": 386, ""abandon_mandatory_inspection"": 68, ""change_high_level_objective"": 9}","{""repeat_sonar_scan"": {""ALLOW"": 27, ""DENY"": 0, ""DEFER"": 0}, ""enter_exclusion_zone"": {""ALLOW"": 0, ""DENY"": 201, ""DEFER"": 0}, ""exceed_return_energy_reserve"": {""ALLOW"": 0, ""DENY"": 74, ""DEFER"": 0}, ""hold_station"": {""ALLOW"": 70, ""DENY"": 0, ""DEFER"": 0}, ""reassign_another_auv"": {""ALLOW"": 4, ""DENY"": 1, ""DEFER"": 0}, ""bounded_path_correction"": {""ALLOW"": 386, ""DENY"": 0, ""DEFER"": 0}, ""abandon_mandatory_inspection"": {""ALLOW"": 0, ""DENY"": 68, ""DEFER"": 0}, ""change_high_level_objective"": {""ALLOW"": 0, ""DENY"": 9, ""DEFER"": 0}}","{""low"": {""ALLOW"": 483, ""DENY"": 0, ""DEFER"": 0}, ""consequential"": {""ALLOW"": 4, ""DENY"": 353, ""DEFER"": 0}}","{""ALLOW_LOW_RISK"": 483, ""DENY_FORBIDDEN"": 307, ""ALLOW_AUTHORIZED"": 4, ""DENY_CONDITIONAL_UNMET"": 1, ""DENY_HARD_EXPIRY"": 30, ""DENY_RECOVERING_HARD_SAFETY"": 15}"
b0c80b8952954b057e2294eece3ac2f79c8c32a1,b754b350933eb649,paper_risk_bounded_v2_2026-09-30,utility_v2_frozen_2026-09-28,safe_useful_retention_v1_2026-09-28,paper_ssp_200m_moderate_v1,5,0,0.0,B4,tr_5d331a011f4e_gpu,-18.0462,0.5,0.0,0,1.0,0,6,1,0,8400.0,77.984,840.0,9317.984,61184,16800,77984,0.7845711940910957,,,idle,0.0,"{""repeat_sonar_scan"": 24, ""enter_exclusion_zone"": 209, ""exceed_return_energy_reserve"": 70, ""hold_station"": 70, ""reassign_another_auv"": 1, ""bounded_path_correction"": 402, ""abandon_mandatory_inspection"": 64}","{""repeat_sonar_scan"": {""ALLOW"": 24, ""DENY"": 0, ""DEFER"": 0}, ""enter_exclusion_zone"": {""ALLOW"": 0, ""DENY"": 209, ""DEFER"": 0}, ""exceed_return_energy_reserve"": {""ALLOW"": 0, ""DENY"": 70, ""DEFER"": 0}, ""hold_station"": {""ALLOW"": 70, ""DENY"": 0, ""DEFER"": 0}, ""reassign_another_auv"": {""ALLOW"": 1, ""DENY"": 0, ""DEFER"": 0}, ""bounded_path_correction"": {""ALLOW"": 402, ""DENY"": 0, ""DEFER"": 0}, ""abandon_mandatory_inspection"": {""ALLOW"": 0, ""DENY"": 64, ""DEFER"": 0}}","{""low"": {""ALLOW"": 496, ""DENY"": 0, ""DEFER"": 0}, ""consequential"": {""ALLOW"": 1, ""DENY"": 343, ""DEFER"": 0}}","{""ALLOW_LOW_RISK"": 496, ""DENY_FORBIDDEN"": 343, ""ALLOW_AUTHORIZED"": 1}"
b0c80b8952954b057e2294eece3ac2f79c8c32a1,d9827bbdefe971b0,paper_risk_bounded_v2_2026-09-30,utility_v2_frozen_2026-09-28,safe_useful_retention_v1_2026-09-28,paper_ssp_200m_moderate_v1,5,150,150.0,B4,tr_5d331a011f4e_gpu,0.9535499999999999,0.5833333333333334,0.0,0,0.8,1,5,1,0,8345.0,82.976,945.0,9372.976,62336,20640,82976,0.7512533744697262,0.16666666666666666,0.8333333333333334,partial,40.0,"{""repeat_sonar_scan"": 27, ""enter_exclusion_zone"": 206, ""exceed_return_energy_reserve"": 70, ""hold_station"": 70, ""reassign_another_auv"": 5, ""bounded_path_correction"": 397, ""abandon_mandatory_inspection"": 64, ""change_high_level_objective"": 1}","{""repeat_sonar_scan"": {""ALLOW"": 27, ""DENY"": 0, ""DEFER"": 0}, ""enter_exclusion_zone"": {""ALLOW"": 0, ""DENY"": 206, ""DEFER"": 0}, ""exceed_return_energy_reserve"": {""ALLOW"": 0, ""DENY"": 70, ""DEFER"": 0}, ""hold_station"": {""ALLOW"": 70, ""DENY"": 0, ""DEFER"": 0}, ""reassign_another_auv"": {""ALLOW"": 4, ""DENY"": 1, ""DEFER"": 0}, ""bounded_path_correction"": {""ALLOW"": 397, ""DENY"": 0, ""DEFER"": 0}, ""abandon_mandatory_inspection"": {""ALLOW"": 0, ""DENY"": 64, ""DEFER"": 0}, ""change_high_level_objective"": {""ALLOW"": 0, ""DENY"": 1, ""DEFER"": 0}}","{""low"": {""ALLOW"": 494, ""DENY"": 0, ""DEFER"": 0}, ""consequential"": {""ALLOW"": 4, ""DENY"": 342, ""DEFER"": 0}}","{""ALLOW_LOW_RISK"": 494, ""DENY_FORBIDDEN"": 326, ""ALLOW_AUTHORIZED"": 4, ""DENY_CONDITIONAL_UNMET"": 1, ""DENY_RECOVERING_HARD_SAFETY"": 15}"
b0c80b8952954b057e2294eece3ac2f79c8c32a1,34c823fb93303f71,paper_risk_bounded_v2_2026-09-30,utility_v2_frozen_2026-09-28,safe_useful_retention_v1_2026-09-28,paper_ssp_200m_moderate_v1,5,300,300.0,B4,tr_5d331a011f4e_gpu,0.9537500000000003,0.5833333333333334,0.0,0,0.8,1,5,1,0,8305.0,85.952,945.0,9335.952,61952,24000,85952,0.7207743857036486,0.3333333333333333,0.6666666666666666,partial,60.0,"{""repeat_sonar_scan"": 27, ""enter_exclusion_zone"": 207, ""exceed_return_energy_reserve"": 70, ""hold_station"": 70, ""reassign_another_auv"": 5, ""bounded_path_correction"": 395, ""abandon_mandatory_inspection"": 64, ""change_high_level_objective"": 2}","{""repeat_sonar_scan"": {""ALLOW"": 27, ""DENY"": 0, ""DEFER"": 0}, ""enter_exclusion_zone"": {""ALLOW"": 0, ""DENY"": 207, ""DEFER"": 0}, ""exceed_return_energy_reserve"": {""ALLOW"": 0, ""DENY"": 70, ""DEFER"": 0}, ""hold_station"": {""ALLOW"": 70, ""DENY"": 0, ""DEFER"": 0}, ""reassign_another_auv"": {""ALLOW"": 4, ""DENY"": 1, ""DEFER"": 0}, ""bounded_path_correction"": {""ALLOW"": 395, ""DENY"": 0, ""DEFER"": 0}, ""abandon_mandatory_inspection"": {""ALLOW"": 0, ""DENY"": 64, ""DEFER"": 0}, ""change_high_level_objective"": {""ALLOW"": 0, ""DENY"": 2, ""DEFER"": 0}}","{""low"": {""ALLOW"": 492, ""DENY"": 0, ""DEFER"": 0}, ""consequential"": {""ALLOW"": 4, ""DENY"": 344, ""DEFER"": 0}}","{""ALLOW_LOW_RISK"": 492, ""DENY_FORBIDDEN"": 329, ""ALLOW_AUTHORIZED"": 4, ""DENY_CONDITIONAL_UNMET"": 1, ""DENY_RECOVERING_HARD_SAFETY"": 14}"
b0c80b8952954b057e2294eece3ac2f79c8c32a1,2c475224c907e9fe,paper_risk_bounded_v2_2026-09-30,utility_v2_frozen_2026-09-28,safe_useful_retention_v1_2026-09-28,paper_ssp_200m_moderate_v1,5,500,500.0,B4,tr_5d331a011f4e_gpu,0.9539499999999999,0.5833333333333334,0.0,0,0.8,1,5,1,0,8265.0,84.096,945.0,9294.096,55296,28800,84096,0.6575342465753424,0.16666666666666666,0.8333333333333334,partial,60.0,"{""repeat_sonar_scan"": 27, ""enter_exclusion_zone"": 204, ""exceed_return_energy_reserve"": 70, ""hold_station"": 70, ""reassign_another_auv"": 5, ""bounded_path_correction"": 393, ""abandon_mandatory_inspection"": 68, ""change_high_level_objective"": 3}","{""repeat_sonar_scan"": {""ALLOW"": 27, ""DENY"": 0, ""DEFER"": 0}, ""enter_exclusion_zone"": {""ALLOW"": 0, ""DENY"": 204, ""DEFER"": 0}, ""exceed_return_energy_reserve"": {""ALLOW"": 0, ""DENY"": 70, ""DEFER"": 0}, ""hold_station"": {""ALLOW"": 70, ""DENY"": 0, ""DEFER"": 0}, ""reassign_another_auv"": {""ALLOW"": 4, ""DENY"": 1, ""DEFER"": 0}, ""bounded_path_correction"": {""ALLOW"": 393, ""DENY"": 0, ""DEFER"": 0}, ""abandon_mandatory_inspection"": {""ALLOW"": 0, ""DENY"": 68, ""DEFER"": 0}, ""change_high_level_objective"": {""ALLOW"": 0, ""DENY"": 3, ""DEFER"": 0}}","{""low"": {""ALLOW"": 490, ""DENY"": 0, ""DEFER"": 0}, ""consequential"": {""ALLOW"": 4, ""DENY"": 346, ""DEFER"": 0}}","{""ALLOW_LOW_RISK"": 490, ""DENY_FORBIDDEN"": 330, ""ALLOW_AUTHORIZED"": 4, ""DENY_CONDITIONAL_UNMET"": 1, ""DENY_RECOVERING_HARD_SAFETY"": 15}"
b0c80b8952954b057e2294eece3ac2f79c8c32a1,1e1d55f1b58b9214,paper_risk_bounded_v2_2026-09-30,utility_v2_frozen_2026-09-28,safe_useful_retention_v1_2026-09-28,paper_ssp_200m_moderate_v1,5,750,750.0,B4,tr_5d331a011f4e_gpu,0.95425,0.5833333333333334,0.0,0,0.8,1,5,1,0,8205.0,85.60000000000001,945.0,9235.6,50560,35040,85600,0.5906542056074766,0.25,0.75,partial,40.0,"{""repeat_sonar_scan"": 27, ""enter_exclusion_zone"": 204, ""exceed_return_energy_reserve"": 70, ""hold_station"": 70, ""reassign_another_auv"": 5, ""bounded_path_correction"": 390, ""abandon_mandatory_inspection"": 68, ""change_high_level_objective"": 6}","{""repeat_sonar_scan"": {""ALLOW"": 27, ""DENY"": 0, ""DEFER"": 0}, ""enter_exclusion_zone"": {""ALLOW"": 0, ""DENY"": 204, ""DEFER"": 0}, ""exceed_return_energy_reserve"": {""ALLOW"": 0, ""DENY"": 70, ""DEFER"": 0}, ""hold_station"": {""ALLOW"": 70, ""DENY"": 0, ""DEFER"": 0}, ""reassign_another_auv"": {""ALLOW"": 4, ""DENY"": 1, ""DEFER"": 0}, ""bounded_path_correction"": {""ALLOW"": 390, ""DENY"": 0, ""DEFER"": 0}, ""abandon_mandatory_inspection"": {""ALLOW"": 0, ""DENY"": 68, ""DEFER"": 0}, ""change_high_level_objective"": {""ALLOW"": 0, ""DENY"": 6, ""DEFER"": 0}}","{""low"": {""ALLOW"": 487, ""DENY"": 0, ""DEFER"": 0}, ""consequential"": {""ALLOW"": 4, ""DENY"": 349, ""DEFER"": 0}}","{""ALLOW_LOW_RISK"": 487, ""DENY_FORBIDDEN"": 333, ""ALLOW_AUTHORIZED"": 4, ""DENY_CONDITIONAL_UNMET"": 1, ""DENY_RECOVERING_HARD_SAFETY"": 15}"
b0c80b8952954b057e2294eece3ac2f79c8c32a1,21d136fded45553d,paper_risk_bounded_v2_2026-09-30,utility_v2_frozen_2026-09-28,safe_useful_retention_v1_2026-09-28,paper_ssp_200m_moderate_v1,5,1000,1000.0,B4,tr_5d331a011f4e_gpu,0.95465,0.5833333333333334,0.0,0,0.8,1,5,1,0,8125.0,85.08800000000001,945.0,9155.088,44288,40800,85088,0.5204964272282813,0.16666666666666666,0.8333333333333334,partial,60.0,"{""repeat_sonar_scan"": 27, ""enter_exclusion_zone"": 201, ""exceed_return_energy_reserve"": 74, ""hold_station"": 70, ""reassign_another_auv"": 5, ""bounded_path_correction"": 386, ""abandon_mandatory_inspection"": 68, ""change_high_level_objective"": 9}","{""repeat_sonar_scan"": {""ALLOW"": 27, ""DENY"": 0, ""DEFER"": 0}, ""enter_exclusion_zone"": {""ALLOW"": 0, ""DENY"": 201, ""DEFER"": 0}, ""exceed_return_energy_reserve"": {""ALLOW"": 0, ""DENY"": 74, ""DEFER"": 0}, ""hold_station"": {""ALLOW"": 70, ""DENY"": 0, ""DEFER"": 0}, ""reassign_another_auv"": {""ALLOW"": 4, ""DENY"": 1, ""DEFER"": 0}, ""bounded_path_correction"": {""ALLOW"": 386, ""DENY"": 0, ""DEFER"": 0}, ""abandon_mandatory_inspection"": {""ALLOW"": 0, ""DENY"": 68, ""DEFER"": 0}, ""change_high_level_objective"": {""ALLOW"": 0, ""DENY"": 9, ""DEFER"": 0}}","{""low"": {""ALLOW"": 483, ""DENY"": 0, ""DEFER"": 0}, ""consequential"": {""ALLOW"": 4, ""DENY"": 353, ""DEFER"": 0}}","{""ALLOW_LOW_RISK"": 483, ""DENY_FORBIDDEN"": 307, ""ALLOW_AUTHORIZED"": 4, ""DENY_CONDITIONAL_UNMET"": 1, ""DENY_HARD_EXPIRY"": 30, ""DENY_RECOVERING_HARD_SAFETY"": 15}"
b0c80b8952954b057e2294eece3ac2f79c8c32a1,4781296eb03bbac9,paper_risk_bounded_v2_2026-09-30,utility_v2_frozen_2026-09-28,safe_useful_retention_v1_2026-09-28,paper_ssp_200m_moderate_v1,6,0,0.0,B4,tr_fb806e94e0f6_gpu,-18.0462,0.5,0.0,0,1.0,0,6,1,0,8400.0,80.8,840.0,9320.8,64000,16800,80800,0.7920792079207921,,,idle,0.0,"{""repeat_sonar_scan"": 24, ""enter_exclusion_zone"": 209, ""exceed_return_energy_reserve"": 70, ""hold_station"": 70, ""reassign_another_auv"": 1, ""bounded_path_correction"": 402, ""abandon_mandatory_inspection"": 64}","{""repeat_sonar_scan"": {""ALLOW"": 24, ""DENY"": 0, ""DEFER"": 0}, ""enter_exclusion_zone"": {""ALLOW"": 0, ""DENY"": 209, ""DEFER"": 0}, ""exceed_return_energy_reserve"": {""ALLOW"": 0, ""DENY"": 70, ""DEFER"": 0}, ""hold_station"": {""ALLOW"": 70, ""DENY"": 0, ""DEFER"": 0}, ""reassign_another_auv"": {""ALLOW"": 1, ""DENY"": 0, ""DEFER"": 0}, ""bounded_path_correction"": {""ALLOW"": 402, ""DENY"": 0, ""DEFER"": 0}, ""abandon_mandatory_inspection"": {""ALLOW"": 0, ""DENY"": 64, ""DEFER"": 0}}","{""low"": {""ALLOW"": 496, ""DENY"": 0, ""DEFER"": 0}, ""consequential"": {""ALLOW"": 1, ""DENY"": 343, ""DEFER"": 0}}","{""ALLOW_LOW_RISK"": 496, ""DENY_FORBIDDEN"": 343, ""ALLOW_AUTHORIZED"": 1}"
b0c80b8952954b057e2294eece3ac2f79c8c32a1,5af7c545d3c94658,paper_risk_bounded_v2_2026-09-30,utility_v2_frozen_2026-09-28,safe_useful_retention_v1_2026-09-28,paper_ssp_200m_moderate_v1,6,150,150.0,B4,tr_fb806e94e0f6_gpu,0.9535499999999999,0.5833333333333334,0.0,0,0.8,1,5,1,0,8345.0,84.384,945.0,9374.384,63744,20640,84384,0.7554038680318543,0.25,0.75,partial,40.0,"{""repeat_sonar_scan"": 27, ""enter_exclusion_zone"": 206, ""exceed_return_energy_reserve"": 70, ""hold_station"": 70, ""reassign_another_auv"": 5, ""bounded_path_correction"": 397, ""abandon_mandatory_inspection"": 64, ""change_high_level_objective"": 1}","{""repeat_sonar_scan"": {""ALLOW"": 27, ""DENY"": 0, ""DEFER"": 0}, ""enter_exclusion_zone"": {""ALLOW"": 0, ""DENY"": 206, ""DEFER"": 0}, ""exceed_return_energy_reserve"": {""ALLOW"": 0, ""DENY"": 70, ""DEFER"": 0}, ""hold_station"": {""ALLOW"": 70, ""DENY"": 0, ""DEFER"": 0}, ""reassign_another_auv"": {""ALLOW"": 4, ""DENY"": 1, ""DEFER"": 0}, ""bounded_path_correction"": {""ALLOW"": 397, ""DENY"": 0, ""DEFER"": 0}, ""abandon_mandatory_inspection"": {""ALLOW"": 0, ""DENY"": 64, ""DEFER"": 0}, ""change_high_level_objective"": {""ALLOW"": 0, ""DENY"": 1, ""DEFER"": 0}}","{""low"": {""ALLOW"": 494, ""DENY"": 0, ""DEFER"": 0}, ""consequential"": {""ALLOW"": 4, ""DENY"": 342, ""DEFER"": 0}}","{""ALLOW_LOW_RISK"": 494, ""DENY_FORBIDDEN"": 326, ""ALLOW_AUTHORIZED"": 4, ""DENY_CONDITIONAL_UNMET"": 1, ""DENY_RECOVERING_HARD_SAFETY"": 15}"
b0c80b8952954b057e2294eece3ac2f79c8c32a1,df61055a83e3b3aa,paper_risk_bounded_v2_2026-09-30,utility_v2_frozen_2026-09-28,safe_useful_retention_v1_2026-09-28,paper_ssp_200m_moderate_v1,6,300,300.0,B4,tr_fb806e94e0f6_gpu,0.9537500000000003,0.5833333333333334,0.0,0,0.8,1,5,1,0,8305.0,88.768,945.0,9338.768,64768,24000,88768,0.7296322999279019,0.25,0.75,partial,60.0,"{""repeat_sonar_scan"": 27, ""enter_exclusion_zone"": 207, ""exceed_return_energy_reserve"": 70, ""hold_station"": 70, ""reassign_another_auv"": 5, ""bounded_path_correction"": 395, ""abandon_mandatory_inspection"": 64, ""change_high_level_objective"": 2}","{""repeat_sonar_scan"": {""ALLOW"": 27, ""DENY"": 0, ""DEFER"": 0}, ""enter_exclusion_zone"": {""ALLOW"": 0, ""DENY"": 207, ""DEFER"": 0}, ""exceed_return_energy_reserve"": {""ALLOW"": 0, ""DENY"": 70, ""DEFER"": 0}, ""hold_station"": {""ALLOW"": 70, ""DENY"": 0, ""DEFER"": 0}, ""reassign_another_auv"": {""ALLOW"": 4, ""DENY"": 1, ""DEFER"": 0}, ""bounded_path_correction"": {""ALLOW"": 395, ""DENY"": 0, ""DEFER"": 0}, ""abandon_mandatory_inspection"": {""ALLOW"": 0, ""DENY"": 64, ""DEFER"": 0}, ""change_high_level_objective"": {""ALLOW"": 0, ""DENY"": 2, ""DEFER"": 0}}","{""low"": {""ALLOW"": 492, ""DENY"": 0, ""DEFER"": 0}, ""consequential"": {""ALLOW"": 4, ""DENY"": 344, ""DEFER"": 0}}","{""ALLOW_LOW_RISK"": 492, ""DENY_FORBIDDEN"": 328, ""ALLOW_AUTHORIZED"": 4, ""DENY_CONDITIONAL_UNMET"": 1, ""DENY_RECOVERING_HARD_SAFETY"": 15}"
b0c80b8952954b057e2294eece3ac2f79c8c32a1,badde7a733e31e1c,paper_risk_bounded_v2_2026-09-30,utility_v2_frozen_2026-09-28,safe_useful_retention_v1_2026-09-28,paper_ssp_200m_moderate_v1,6,500,500.0,B4,tr_fb806e94e0f6_gpu,0.9539499999999999,0.5833333333333334,0.0,0,0.8,1,5,1,0,8265.0,85.632,945.0,9295.632,56832,28800,85632,0.6636771300448431,0.16666666666666666,0.8333333333333334,partial,60.0,"{""repeat_sonar_scan"": 27, ""enter_exclusion_zone"": 204, ""exceed_return_energy_reserve"": 70, ""hold_station"": 70, ""reassign_another_auv"": 5, ""bounded_path_correction"": 393, ""abandon_mandatory_inspection"": 68, ""change_high_level_objective"": 3}","{""repeat_sonar_scan"": {""ALLOW"": 27, ""DENY"": 0, ""DEFER"": 0}, ""enter_exclusion_zone"": {""ALLOW"": 0, ""DENY"": 204, ""DEFER"": 0}, ""exceed_return_energy_reserve"": {""ALLOW"": 0, ""DENY"": 70, ""DEFER"": 0}, ""hold_station"": {""ALLOW"": 70, ""DENY"": 0, ""DEFER"": 0}, ""reassign_another_auv"": {""ALLOW"": 4, ""DENY"": 1, ""DEFER"": 0}, ""bounded_path_correction"": {""ALLOW"": 393, ""DENY"": 0, ""DEFER"": 0}, ""abandon_mandatory_inspection"": {""ALLOW"": 0, ""DENY"": 68, ""DEFER"": 0}, ""change_high_level_objective"": {""ALLOW"": 0, ""DENY"": 3, ""DEFER"": 0}}","{""low"": {""ALLOW"": 490, ""DENY"": 0, ""DEFER"": 0}, ""consequential"": {""ALLOW"": 4, ""DENY"": 346, ""DEFER"": 0}}","{""ALLOW_LOW_RISK"": 490, ""DENY_FORBIDDEN"": 330, ""ALLOW_AUTHORIZED"": 4, ""DENY_CONDITIONAL_UNMET"": 1, ""DENY_RECOVERING_HARD_SAFETY"": 15}"
b0c80b8952954b057e2294eece3ac2f79c8c32a1,7de0c8d4d96a76bc,paper_risk_bounded_v2_2026-09-30,utility_v2_frozen_2026-09-28,safe_useful_retention_v1_2026-09-28,paper_ssp_200m_moderate_v1,6,750,750.0,B4,tr_fb806e94e0f6_gpu,0.95425,0.5833333333333334,0.0,0,0.8,1,5,1,0,8205.0,86.752,945.0,9236.752,51712,35040,86752,0.5960900036886758,0.25,0.75,partial,40.0,"{""repeat_sonar_scan"": 27, ""enter_exclusion_zone"": 204, ""exceed_return_energy_reserve"": 70, ""hold_station"": 70, ""reassign_another_auv"": 5, ""bounded_path_correction"": 390, ""abandon_mandatory_inspection"": 68, ""change_high_level_objective"": 6}","{""repeat_sonar_scan"": {""ALLOW"": 27, ""DENY"": 0, ""DEFER"": 0}, ""enter_exclusion_zone"": {""ALLOW"": 0, ""DENY"": 204, ""DEFER"": 0}, ""exceed_return_energy_reserve"": {""ALLOW"": 0, ""DENY"": 70, ""DEFER"": 0}, ""hold_station"": {""ALLOW"": 70, ""DENY"": 0, ""DEFER"": 0}, ""reassign_another_auv"": {""ALLOW"": 4, ""DENY"": 1, ""DEFER"": 0}, ""bounded_path_correction"": {""ALLOW"": 390, ""DENY"": 0, ""DEFER"": 0}, ""abandon_mandatory_inspection"": {""ALLOW"": 0, ""DENY"": 68, ""DEFER"": 0}, ""change_high_level_objective"": {""ALLOW"": 0, ""DENY"": 6, ""DEFER"": 0}}","{""low"": {""ALLOW"": 487, ""DENY"": 0, ""DEFER"": 0}, ""consequential"": {""ALLOW"": 4, ""DENY"": 349, ""DEFER"": 0}}","{""ALLOW_LOW_RISK"": 487, ""DENY_FORBIDDEN"": 333, ""ALLOW_AUTHORIZED"": 4, ""DENY_CONDITIONAL_UNMET"": 1, ""DENY_RECOVERING_HARD_SAFETY"": 15}"
b0c80b8952954b057e2294eece3ac2f79c8c32a1,a461c106fe53d545,paper_risk_bounded_v2_2026-09-30,utility_v2_frozen_2026-09-28,safe_useful_retention_v1_2026-09-28,paper_ssp_200m_moderate_v1,6,1000,1000.0,B4,tr_fb806e94e0f6_gpu,0.95465,0.5833333333333334,0.0,0,0.8,1,5,1,0,8125.0,85.47200000000001,945.0,9155.472,44672,40800,85472,0.5226506926244852,0.25,0.75,partial,60.0,"{""repeat_sonar_scan"": 27, ""enter_exclusion_zone"": 201, ""exceed_return_energy_reserve"": 74, ""hold_station"": 70, ""reassign_another_auv"": 5, ""bounded_path_correction"": 386, ""abandon_mandatory_inspection"": 68, ""change_high_level_objective"": 9}","{""repeat_sonar_scan"": {""ALLOW"": 27, ""DENY"": 0, ""DEFER"": 0}, ""enter_exclusion_zone"": {""ALLOW"": 0, ""DENY"": 201, ""DEFER"": 0}, ""exceed_return_energy_reserve"": {""ALLOW"": 0, ""DENY"": 74, ""DEFER"": 0}, ""hold_station"": {""ALLOW"": 70, ""DENY"": 0, ""DEFER"": 0}, ""reassign_another_auv"": {""ALLOW"": 4, ""DENY"": 1, ""DEFER"": 0}, ""bounded_path_correction"": {""ALLOW"": 386, ""DENY"": 0, ""DEFER"": 0}, ""abandon_mandatory_inspection"": {""ALLOW"": 0, ""DENY"": 68, ""DEFER"": 0}, ""change_high_level_objective"": {""ALLOW"": 0, ""DENY"": 9, ""DEFER"": 0}}","{""low"": {""ALLOW"": 483, ""DENY"": 0, ""DEFER"": 0}, ""consequential"": {""ALLOW"": 4, ""DENY"": 353, ""DEFER"": 0}}","{""ALLOW_LOW_RISK"": 483, ""DENY_FORBIDDEN"": 307, ""ALLOW_AUTHORIZED"": 4, ""DENY_CONDITIONAL_UNMET"": 1, ""DENY_HARD_EXPIRY"": 30, ""DENY_RECOVERING_HARD_SAFETY"": 15}"
b0c80b8952954b057e2294eece3ac2f79c8c32a1,c96a556e31889f07,paper_risk_bounded_v2_2026-09-30,utility_v2_frozen_2026-09-28,safe_useful_retention_v1_2026-09-28,paper_ssp_200m_moderate_v1,7,0,0.0,B4,tr_0339ceb0e831_gpu,-18.0462,0.5,0.0,0,1.0,0,6,1,0,8400.0,78.496,840.0,9318.496,61696,16800,78496,0.785976355483082,,,idle,0.0,"{""repeat_sonar_scan"": 24, ""enter_exclusion_zone"": 209, ""exceed_return_energy_reserve"": 70, ""hold_station"": 70, ""reassign_another_auv"": 1, ""bounded_path_correction"": 402, ""abandon_mandatory_inspection"": 64}","{""repeat_sonar_scan"": {""ALLOW"": 24, ""DENY"": 0, ""DEFER"": 0}, ""enter_exclusion_zone"": {""ALLOW"": 0, ""DENY"": 209, ""DEFER"": 0}, ""exceed_return_energy_reserve"": {""ALLOW"": 0, ""DENY"": 70, ""DEFER"": 0}, ""hold_station"": {""ALLOW"": 70, ""DENY"": 0, ""DEFER"": 0}, ""reassign_another_auv"": {""ALLOW"": 1, ""DENY"": 0, ""DEFER"": 0}, ""bounded_path_correction"": {""ALLOW"": 402, ""DENY"": 0, ""DEFER"": 0}, ""abandon_mandatory_inspection"": {""ALLOW"": 0, ""DENY"": 64, ""DEFER"": 0}}","{""low"": {""ALLOW"": 496, ""DENY"": 0, ""DEFER"": 0}, ""consequential"": {""ALLOW"": 1, ""DENY"": 343, ""DEFER"": 0}}","{""ALLOW_LOW_RISK"": 496, ""DENY_FORBIDDEN"": 343, ""ALLOW_AUTHORIZED"": 1}"
b0c80b8952954b057e2294eece3ac2f79c8c32a1,3c895beff8bfe1cc,paper_risk_bounded_v2_2026-09-30,utility_v2_frozen_2026-09-28,safe_useful_retention_v1_2026-09-28,paper_ssp_200m_moderate_v1,7,150,150.0,B4,tr_0339ceb0e831_gpu,0.9535499999999999,0.5833333333333334,0.0,0,0.8,1,5,1,0,8345.0,82.848,945.0,9372.848,62208,20640,82848,0.7508690614136733,0.25,0.75,partial,40.0,"{""repeat_sonar_scan"": 27, ""enter_exclusion_zone"": 206, ""exceed_return_energy_reserve"": 70, ""hold_station"": 70, ""reassign_another_auv"": 5, ""bounded_path_correction"": 397, ""abandon_mandatory_inspection"": 64, ""change_high_level_objective"": 1}","{""repeat_sonar_scan"": {""ALLOW"": 27, ""DENY"": 0, ""DEFER"": 0}, ""enter_exclusion_zone"": {""ALLOW"": 0, ""DENY"": 206, ""DEFER"": 0}, ""exceed_return_energy_reserve"": {""ALLOW"": 0, ""DENY"": 70, ""DEFER"": 0}, ""hold_station"": {""ALLOW"": 70, ""DENY"": 0, ""DEFER"": 0}, ""reassign_another_auv"": {""ALLOW"": 4, ""DENY"": 1, ""DEFER"": 0}, ""bounded_path_correction"": {""ALLOW"": 397, ""DENY"": 0, ""DEFER"": 0}, ""abandon_mandatory_inspection"": {""ALLOW"": 0, ""DENY"": 64, ""DEFER"": 0}, ""change_high_level_objective"": {""ALLOW"": 0, ""DENY"": 1, ""DEFER"": 0}}","{""low"": {""ALLOW"": 494, ""DENY"": 0, ""DEFER"": 0}, ""consequential"": {""ALLOW"": 4, ""DENY"": 342, ""DEFER"": 0}}","{""ALLOW_LOW_RISK"": 494, ""DENY_FORBIDDEN"": 326, ""ALLOW_AUTHORIZED"": 4, ""DENY_CONDITIONAL_UNMET"": 1, ""DENY_RECOVERING_HARD_SAFETY"": 15}"
b0c80b8952954b057e2294eece3ac2f79c8c32a1,343b932eca5cfebe,paper_risk_bounded_v2_2026-09-30,utility_v2_frozen_2026-09-28,safe_useful_retention_v1_2026-09-28,paper_ssp_200m_moderate_v1,7,300,300.0,B4,tr_0339ceb0e831_gpu,0.9537500000000003,0.5833333333333334,0.0,0,0.8,1,5,1,0,8305.0,87.104,945.0,9337.104,63104,24000,87104,0.7244673034533431,0.25,0.75,partial,60.0,"{""repeat_sonar_scan"": 27, ""enter_exclusion_zone"": 207, ""exceed_return_energy_reserve"": 70, ""hold_station"": 70, ""reassign_another_auv"": 5, ""bounded_path_correction"": 395, ""abandon_mandatory_inspection"": 64, ""change_high_level_objective"": 2}","{""repeat_sonar_scan"": {""ALLOW"": 27, ""DENY"": 0, ""DEFER"": 0}, ""enter_exclusion_zone"": {""ALLOW"": 0, ""DENY"": 207, ""DEFER"": 0}, ""exceed_return_energy_reserve"": {""ALLOW"": 0, ""DENY"": 70, ""DEFER"": 0}, ""hold_station"": {""ALLOW"": 70, ""DENY"": 0, ""DEFER"": 0}, ""reassign_another_auv"": {""ALLOW"": 4, ""DENY"": 1, ""DEFER"": 0}, ""bounded_path_correction"": {""ALLOW"": 395, ""DENY"": 0, ""DEFER"": 0}, ""abandon_mandatory_inspection"": {""ALLOW"": 0, ""DENY"": 64, ""DEFER"": 0}, ""change_high_level_objective"": {""ALLOW"": 0, ""DENY"": 2, ""DEFER"": 0}}","{""low"": {""ALLOW"": 492, ""DENY"": 0, ""DEFER"": 0}, ""consequential"": {""ALLOW"": 4, ""DENY"": 344, ""DEFER"": 0}}","{""ALLOW_LOW_RISK"": 492, ""DENY_FORBIDDEN"": 328, ""ALLOW_AUTHORIZED"": 4, ""DENY_CONDITIONAL_UNMET"": 1, ""DENY_RECOVERING_HARD_SAFETY"": 15}"
b0c80b8952954b057e2294eece3ac2f79c8c32a1,65230e120bc2d155,paper_risk_bounded_v2_2026-09-30,utility_v2_frozen_2026-09-28,safe_useful_retention_v1_2026-09-28,paper_ssp_200m_moderate_v1,7,500,500.0,B4,tr_0339ceb0e831_gpu,0.9539499999999999,0.5833333333333334,0.0,0,0.8,1,5,1,0,8265.0,83.84,945.0,9293.84,55040,28800,83840,0.6564885496183206,0.16666666666666666,0.8333333333333334,partial,60.0,"{""repeat_sonar_scan"": 27, ""enter_exclusion_zone"": 204, ""exceed_return_energy_reserve"": 70, ""hold_station"": 70, ""reassign_another_auv"": 5, ""bounded_path_correction"": 393, ""abandon_mandatory_inspection"": 68, ""change_high_level_objective"": 3}","{""repeat_sonar_scan"": {""ALLOW"": 27, ""DENY"": 0, ""DEFER"": 0}, ""enter_exclusion_zone"": {""ALLOW"": 0, ""DENY"": 204, ""DEFER"": 0}, ""exceed_return_energy_reserve"": {""ALLOW"": 0, ""DENY"": 70, ""DEFER"": 0}, ""hold_station"": {""ALLOW"": 70, ""DENY"": 0, ""DEFER"": 0}, ""reassign_another_auv"": {""ALLOW"": 4, ""DENY"": 1, ""DEFER"": 0}, ""bounded_path_correction"": {""ALLOW"": 393, ""DENY"": 0, ""DEFER"": 0}, ""abandon_mandatory_inspection"": {""ALLOW"": 0, ""DENY"": 68, ""DEFER"": 0}, ""change_high_level_objective"": {""ALLOW"": 0, ""DENY"": 3, ""DEFER"": 0}}","{""low"": {""ALLOW"": 490, ""DENY"": 0, ""DEFER"": 0}, ""consequential"": {""ALLOW"": 4, ""DENY"": 346, ""DEFER"": 0}}","{""ALLOW_LOW_RISK"": 490, ""DENY_FORBIDDEN"": 330, ""ALLOW_AUTHORIZED"": 4, ""DENY_CONDITIONAL_UNMET"": 1, ""DENY_RECOVERING_HARD_SAFETY"": 15}"
b0c80b8952954b057e2294eece3ac2f79c8c32a1,c56381023f0a059e,paper_risk_bounded_v2_2026-09-30,utility_v2_frozen_2026-09-28,safe_useful_retention_v1_2026-09-28,paper_ssp_200m_moderate_v1,7,750,750.0,B4,tr_0339ceb0e831_gpu,0.95425,0.5833333333333334,0.0,0,0.8,1,5,1,0,8205.0,85.34400000000001,945.0,9235.344,50304,35040,85344,0.5894263217097863,0.4166666666666667,0.5833333333333334,partial,60.0,"{""repeat_sonar_scan"": 27, ""enter_exclusion_zone"": 204, ""exceed_return_energy_reserve"": 70, ""hold_station"": 70, ""reassign_another_auv"": 5, ""bounded_path_correction"": 390, ""abandon_mandatory_inspection"": 68, ""change_high_level_objective"": 6}","{""repeat_sonar_scan"": {""ALLOW"": 27, ""DENY"": 0, ""DEFER"": 0}, ""enter_exclusion_zone"": {""ALLOW"": 0, ""DENY"": 204, ""DEFER"": 0}, ""exceed_return_energy_reserve"": {""ALLOW"": 0, ""DENY"": 70, ""DEFER"": 0}, ""hold_station"": {""ALLOW"": 70, ""DENY"": 0, ""DEFER"": 0}, ""reassign_another_auv"": {""ALLOW"": 4, ""DENY"": 1, ""DEFER"": 0}, ""bounded_path_correction"": {""ALLOW"": 390, ""DENY"": 0, ""DEFER"": 0}, ""abandon_mandatory_inspection"": {""ALLOW"": 0, ""DENY"": 68, ""DEFER"": 0}, ""change_high_level_objective"": {""ALLOW"": 0, ""DENY"": 6, ""DEFER"": 0}}","{""low"": {""ALLOW"": 487, ""DENY"": 0, ""DEFER"": 0}, ""consequential"": {""ALLOW"": 4, ""DENY"": 349, ""DEFER"": 0}}","{""ALLOW_LOW_RISK"": 487, ""DENY_FORBIDDEN"": 333, ""ALLOW_AUTHORIZED"": 4, ""DENY_CONDITIONAL_UNMET"": 1, ""DENY_RECOVERING_HARD_SAFETY"": 15}"
b0c80b8952954b057e2294eece3ac2f79c8c32a1,6702f447241be697,paper_risk_bounded_v2_2026-09-30,utility_v2_frozen_2026-09-28,safe_useful_retention_v1_2026-09-28,paper_ssp_200m_moderate_v1,7,1000,1000.0,B4,tr_0339ceb0e831_gpu,0.95465,0.5833333333333334,0.0,0,0.8,1,5,1,0,8125.0,84.32000000000001,945.0,9154.32,43520,40800,84320,0.5161290322580645,0.25,0.75,partial,60.0,"{""repeat_sonar_scan"": 27, ""enter_exclusion_zone"": 201, ""exceed_return_energy_reserve"": 74, ""hold_station"": 70, ""reassign_another_auv"": 5, ""bounded_path_correction"": 386, ""abandon_mandatory_inspection"": 68, ""change_high_level_objective"": 9}","{""repeat_sonar_scan"": {""ALLOW"": 27, ""DENY"": 0, ""DEFER"": 0}, ""enter_exclusion_zone"": {""ALLOW"": 0, ""DENY"": 201, ""DEFER"": 0}, ""exceed_return_energy_reserve"": {""ALLOW"": 0, ""DENY"": 74, ""DEFER"": 0}, ""hold_station"": {""ALLOW"": 70, ""DENY"": 0, ""DEFER"": 0}, ""reassign_another_auv"": {""ALLOW"": 4, ""DENY"": 1, ""DEFER"": 0}, ""bounded_path_correction"": {""ALLOW"": 386, ""DENY"": 0, ""DEFER"": 0}, ""abandon_mandatory_inspection"": {""ALLOW"": 0, ""DENY"": 68, ""DEFER"": 0}, ""change_high_level_objective"": {""ALLOW"": 0, ""DENY"": 9, ""DEFER"": 0}}","{""low"": {""ALLOW"": 483, ""DENY"": 0, ""DEFER"": 0}, ""consequential"": {""ALLOW"": 4, ""DENY"": 353, ""DEFER"": 0}}","{""ALLOW_LOW_RISK"": 483, ""DENY_FORBIDDEN"": 307, ""ALLOW_AUTHORIZED"": 4, ""DENY_CONDITIONAL_UNMET"": 1, ""DENY_HARD_EXPIRY"": 30, ""DENY_RECOVERING_HARD_SAFETY"": 15}"
b0c80b8952954b057e2294eece3ac2f79c8c32a1,e5592913a5181e01,paper_risk_bounded_v2_2026-09-30,utility_v2_frozen_2026-09-28,safe_useful_retention_v1_2026-09-28,paper_ssp_200m_moderate_v1,8,0,0.0,B4,tr_6d424feb0439_gpu,-18.0462,0.5,0.0,0,1.0,0,6,1,0,8400.0,80.032,840.0,9320.032,63232,16800,80032,0.7900839664134346,,,idle,0.0,"{""repeat_sonar_scan"": 24, ""enter_exclusion_zone"": 209, ""exceed_return_energy_reserve"": 70, ""hold_station"": 70, ""reassign_another_auv"": 1, ""bounded_path_correction"": 402, ""abandon_mandatory_inspection"": 64}","{""repeat_sonar_scan"": {""ALLOW"": 24, ""DENY"": 0, ""DEFER"": 0}, ""enter_exclusion_zone"": {""ALLOW"": 0, ""DENY"": 209, ""DEFER"": 0}, ""exceed_return_energy_reserve"": {""ALLOW"": 0, ""DENY"": 70, ""DEFER"": 0}, ""hold_station"": {""ALLOW"": 70, ""DENY"": 0, ""DEFER"": 0}, ""reassign_another_auv"": {""ALLOW"": 1, ""DENY"": 0, ""DEFER"": 0}, ""bounded_path_correction"": {""ALLOW"": 402, ""DENY"": 0, ""DEFER"": 0}, ""abandon_mandatory_inspection"": {""ALLOW"": 0, ""DENY"": 64, ""DEFER"": 0}}","{""low"": {""ALLOW"": 496, ""DENY"": 0, ""DEFER"": 0}, ""consequential"": {""ALLOW"": 1, ""DENY"": 343, ""DEFER"": 0}}","{""ALLOW_LOW_RISK"": 496, ""DENY_FORBIDDEN"": 343, ""ALLOW_AUTHORIZED"": 1}"
b0c80b8952954b057e2294eece3ac2f79c8c32a1,19434faad127f97f,paper_risk_bounded_v2_2026-09-30,utility_v2_frozen_2026-09-28,safe_useful_retention_v1_2026-09-28,paper_ssp_200m_moderate_v1,8,150,150.0,B4,tr_6d424feb0439_gpu,0.9535499999999999,0.5833333333333334,0.0,0,0.8,1,5,1,0,8345.0,85.408,945.0,9375.408,64768,20640,85408,0.7583364556013488,0.16666666666666666,0.8333333333333334,partial,40.0,"{""repeat_sonar_scan"": 27, ""enter_exclusion_zone"": 206, ""exceed_return_energy_reserve"": 70, ""hold_station"": 70, ""reassign_another_auv"": 5, ""bounded_path_correction"": 397, ""abandon_mandatory_inspection"": 64, ""change_high_level_objective"": 1}","{""repeat_sonar_scan"": {""ALLOW"": 27, ""DENY"": 0, ""DEFER"": 0}, ""enter_exclusion_zone"": {""ALLOW"": 0, ""DENY"": 206, ""DEFER"": 0}, ""exceed_return_energy_reserve"": {""ALLOW"": 0, ""DENY"": 70, ""DEFER"": 0}, ""hold_station"": {""ALLOW"": 70, ""DENY"": 0, ""DEFER"": 0}, ""reassign_another_auv"": {""ALLOW"": 4, ""DENY"": 1, ""DEFER"": 0}, ""bounded_path_correction"": {""ALLOW"": 397, ""DENY"": 0, ""DEFER"": 0}, ""abandon_mandatory_inspection"": {""ALLOW"": 0, ""DENY"": 64, ""DEFER"": 0}, ""change_high_level_objective"": {""ALLOW"": 0, ""DENY"": 1, ""DEFER"": 0}}","{""low"": {""ALLOW"": 494, ""DENY"": 0, ""DEFER"": 0}, ""consequential"": {""ALLOW"": 4, ""DENY"": 342, ""DEFER"": 0}}","{""ALLOW_LOW_RISK"": 494, ""DENY_FORBIDDEN"": 326, ""ALLOW_AUTHORIZED"": 4, ""DENY_CONDITIONAL_UNMET"": 1, ""DENY_RECOVERING_HARD_SAFETY"": 15}"
b0c80b8952954b057e2294eece3ac2f79c8c32a1,1fbc914397c4eb6c,paper_risk_bounded_v2_2026-09-30,utility_v2_frozen_2026-09-28,safe_useful_retention_v1_2026-09-28,paper_ssp_200m_moderate_v1,8,300,300.0,B4,tr_6d424feb0439_gpu,0.9537500000000003,0.5833333333333334,0.0,0,0.8,1,5,1,0,8305.0,89.28,945.0,9339.28,65280,24000,89280,0.7311827956989247,0.3333333333333333,0.6666666666666666,partial,60.0,"{""repeat_sonar_scan"": 27, ""enter_exclusion_zone"": 207, ""exceed_return_energy_reserve"": 70, ""hold_station"": 70, ""reassign_another_auv"": 5, ""bounded_path_correction"": 395, ""abandon_mandatory_inspection"": 64, ""change_high_level_objective"": 2}","{""repeat_sonar_scan"": {""ALLOW"": 27, ""DENY"": 0, ""DEFER"": 0}, ""enter_exclusion_zone"": {""ALLOW"": 0, ""DENY"": 207, ""DEFER"": 0}, ""exceed_return_energy_reserve"": {""ALLOW"": 0, ""DENY"": 70, ""DEFER"": 0}, ""hold_station"": {""ALLOW"": 70, ""DENY"": 0, ""DEFER"": 0}, ""reassign_another_auv"": {""ALLOW"": 4, ""DENY"": 1, ""DEFER"": 0}, ""bounded_path_correction"": {""ALLOW"": 395, ""DENY"": 0, ""DEFER"": 0}, ""abandon_mandatory_inspection"": {""ALLOW"": 0, ""DENY"": 64, ""DEFER"": 0}, ""change_high_level_objective"": {""ALLOW"": 0, ""DENY"": 2, ""DEFER"": 0}}","{""low"": {""ALLOW"": 492, ""DENY"": 0, ""DEFER"": 0}, ""consequential"": {""ALLOW"": 4, ""DENY"": 344, ""DEFER"": 0}}","{""ALLOW_LOW_RISK"": 492, ""DENY_FORBIDDEN"": 329, ""ALLOW_AUTHORIZED"": 4, ""DENY_CONDITIONAL_UNMET"": 1, ""DENY_RECOVERING_HARD_SAFETY"": 14}"
b0c80b8952954b057e2294eece3ac2f79c8c32a1,c0376d5a00d6f564,paper_risk_bounded_v2_2026-09-30,utility_v2_frozen_2026-09-28,safe_useful_retention_v1_2026-09-28,paper_ssp_200m_moderate_v1,8,500,500.0,B4,tr_6d424feb0439_gpu,0.9539499999999999,0.5833333333333334,0.0,0,0.8,1,5,1,0,8265.0,87.552,945.0,9297.552,58752,28800,87552,0.6710526315789473,0.16666666666666666,0.8333333333333334,partial,60.0,"{""repeat_sonar_scan"": 27, ""enter_exclusion_zone"": 204, ""exceed_return_energy_reserve"": 70, ""hold_station"": 70, ""reassign_another_auv"": 5, ""bounded_path_correction"": 393, ""abandon_mandatory_inspection"": 68, ""change_high_level_objective"": 3}","{""repeat_sonar_scan"": {""ALLOW"": 27, ""DENY"": 0, ""DEFER"": 0}, ""enter_exclusion_zone"": {""ALLOW"": 0, ""DENY"": 204, ""DEFER"": 0}, ""exceed_return_energy_reserve"": {""ALLOW"": 0, ""DENY"": 70, ""DEFER"": 0}, ""hold_station"": {""ALLOW"": 70, ""DENY"": 0, ""DEFER"": 0}, ""reassign_another_auv"": {""ALLOW"": 4, ""DENY"": 1, ""DEFER"": 0}, ""bounded_path_correction"": {""ALLOW"": 393, ""DENY"": 0, ""DEFER"": 0}, ""abandon_mandatory_inspection"": {""ALLOW"": 0, ""DENY"": 68, ""DEFER"": 0}, ""change_high_level_objective"": {""ALLOW"": 0, ""DENY"": 3, ""DEFER"": 0}}","{""low"": {""ALLOW"": 490, ""DENY"": 0, ""DEFER"": 0}, ""consequential"": {""ALLOW"": 4, ""DENY"": 346, ""DEFER"": 0}}","{""ALLOW_LOW_RISK"": 490, ""DENY_FORBIDDEN"": 330, ""ALLOW_AUTHORIZED"": 4, ""DENY_CONDITIONAL_UNMET"": 1, ""DENY_RECOVERING_HARD_SAFETY"": 15}"
b0c80b8952954b057e2294eece3ac2f79c8c32a1,a49ba9f6cba7e937,paper_risk_bounded_v2_2026-09-30,utility_v2_frozen_2026-09-28,safe_useful_retention_v1_2026-09-28,paper_ssp_200m_moderate_v1,8,750,750.0,B4,tr_6d424feb0439_gpu,0.95425,0.5833333333333334,0.0,0,0.8,1,5,1,0,8205.0,88.416,945.0,9238.416,53376,35040,88416,0.6036916395222585,0.3333333333333333,0.6666666666666666,partial,60.0,"{""repeat_sonar_scan"": 27, ""enter_exclusion_zone"": 204, ""exceed_return_energy_reserve"": 70, ""hold_station"": 70, ""reassign_another_auv"": 5, ""bounded_path_correction"": 390, ""abandon_mandatory_inspection"": 68, ""change_high_level_objective"": 6}","{""repeat_sonar_scan"": {""ALLOW"": 27, ""DENY"": 0, ""DEFER"": 0}, ""enter_exclusion_zone"": {""ALLOW"": 0, ""DENY"": 204, ""DEFER"": 0}, ""exceed_return_energy_reserve"": {""ALLOW"": 0, ""DENY"": 70, ""DEFER"": 0}, ""hold_station"": {""ALLOW"": 70, ""DENY"": 0, ""DEFER"": 0}, ""reassign_another_auv"": {""ALLOW"": 4, ""DENY"": 1, ""DEFER"": 0}, ""bounded_path_correction"": {""ALLOW"": 390, ""DENY"": 0, ""DEFER"": 0}, ""abandon_mandatory_inspection"": {""ALLOW"": 0, ""DENY"": 68, ""DEFER"": 0}, ""change_high_level_objective"": {""ALLOW"": 0, ""DENY"": 6, ""DEFER"": 0}}","{""low"": {""ALLOW"": 487, ""DENY"": 0, ""DEFER"": 0}, ""consequential"": {""ALLOW"": 4, ""DENY"": 349, ""DEFER"": 0}}","{""ALLOW_LOW_RISK"": 487, ""DENY_FORBIDDEN"": 333, ""ALLOW_AUTHORIZED"": 4, ""DENY_CONDITIONAL_UNMET"": 1, ""DENY_RECOVERING_HARD_SAFETY"": 15}"
b0c80b8952954b057e2294eece3ac2f79c8c32a1,a45345022813cd22,paper_risk_bounded_v2_2026-09-30,utility_v2_frozen_2026-09-28,safe_useful_retention_v1_2026-09-28,paper_ssp_200m_moderate_v1,8,1000,1000.0,B4,tr_6d424feb0439_gpu,0.95465,0.5833333333333334,0.0,0,0.8,1,5,1,0,8125.0,88.416,945.0,9158.416,47616,40800,88416,0.5385450597176982,0.25,0.75,partial,60.0,"{""repeat_sonar_scan"": 27, ""enter_exclusion_zone"": 201, ""exceed_return_energy_reserve"": 74, ""hold_station"": 70, ""reassign_another_auv"": 5, ""bounded_path_correction"": 386, ""abandon_mandatory_inspection"": 68, ""change_high_level_objective"": 9}","{""repeat_sonar_scan"": {""ALLOW"": 27, ""DENY"": 0, ""DEFER"": 0}, ""enter_exclusion_zone"": {""ALLOW"": 0, ""DENY"": 201, ""DEFER"": 0}, ""exceed_return_energy_reserve"": {""ALLOW"": 0, ""DENY"": 74, ""DEFER"": 0}, ""hold_station"": {""ALLOW"": 70, ""DENY"": 0, ""DEFER"": 0}, ""reassign_another_auv"": {""ALLOW"": 4, ""DENY"": 1, ""DEFER"": 0}, ""bounded_path_correction"": {""ALLOW"": 386, ""DENY"": 0, ""DEFER"": 0}, ""abandon_mandatory_inspection"": {""ALLOW"": 0, ""DENY"": 68, ""DEFER"": 0}, ""change_high_level_objective"": {""ALLOW"": 0, ""DENY"": 9, ""DEFER"": 0}}","{""low"": {""ALLOW"": 483, ""DENY"": 0, ""DEFER"": 0}, ""consequential"": {""ALLOW"": 4, ""DENY"": 353, ""DEFER"": 0}}","{""ALLOW_LOW_RISK"": 483, ""DENY_FORBIDDEN"": 307, ""ALLOW_AUTHORIZED"": 4, ""DENY_CONDITIONAL_UNMET"": 1, ""DENY_HARD_EXPIRY"": 30, ""DENY_RECOVERING_HARD_SAFETY"": 15}"
b0c80b8952954b057e2294eece3ac2f79c8c32a1,2bada5930f32b152,paper_risk_bounded_v2_2026-09-30,utility_v2_frozen_2026-09-28,safe_useful_retention_v1_2026-09-28,paper_ssp_200m_moderate_v1,9,0,0.0,B4,tr_777f672e9af8_gpu,-18.0462,0.5,0.0,0,1.0,0,6,1,0,8400.0,106.912,840.0,9346.912,90112,16800,106912,0.8428614187369051,,,idle,0.0,"{""repeat_sonar_scan"": 24, ""enter_exclusion_zone"": 209, ""exceed_return_energy_reserve"": 70, ""hold_station"": 70, ""reassign_another_auv"": 1, ""bounded_path_correction"": 402, ""abandon_mandatory_inspection"": 64}","{""repeat_sonar_scan"": {""ALLOW"": 24, ""DENY"": 0, ""DEFER"": 0}, ""enter_exclusion_zone"": {""ALLOW"": 0, ""DENY"": 209, ""DEFER"": 0}, ""exceed_return_energy_reserve"": {""ALLOW"": 0, ""DENY"": 70, ""DEFER"": 0}, ""hold_station"": {""ALLOW"": 70, ""DENY"": 0, ""DEFER"": 0}, ""reassign_another_auv"": {""ALLOW"": 1, ""DENY"": 0, ""DEFER"": 0}, ""bounded_path_correction"": {""ALLOW"": 402, ""DENY"": 0, ""DEFER"": 0}, ""abandon_mandatory_inspection"": {""ALLOW"": 0, ""DENY"": 64, ""DEFER"": 0}}","{""low"": {""ALLOW"": 496, ""DENY"": 0, ""DEFER"": 0}, ""consequential"": {""ALLOW"": 1, ""DENY"": 343, ""DEFER"": 0}}","{""ALLOW_LOW_RISK"": 496, ""DENY_FORBIDDEN"": 343, ""ALLOW_AUTHORIZED"": 1}"
b0c80b8952954b057e2294eece3ac2f79c8c32a1,2a3ad3bcb191f8cd,paper_risk_bounded_v2_2026-09-30,utility_v2_frozen_2026-09-28,safe_useful_retention_v1_2026-09-28,paper_ssp_200m_moderate_v1,9,150,150.0,B4,tr_777f672e9af8_gpu,0.9535499999999999,0.5833333333333334,0.0,0,0.8,1,5,1,0,8345.0,111.008,945.0,9401.008,90368,20640,111008,0.8140674545978668,0.16666666666666666,0.8333333333333334,partial,40.0,"{""repeat_sonar_scan"": 27, ""enter_exclusion_zone"": 206, ""exceed_return_energy_reserve"": 70, ""hold_station"": 70, ""reassign_another_auv"": 5, ""bounded_path_correction"": 397, ""abandon_mandatory_inspection"": 64, ""change_high_level_objective"": 1}","{""repeat_sonar_scan"": {""ALLOW"": 27, ""DENY"": 0, ""DEFER"": 0}, ""enter_exclusion_zone"": {""ALLOW"": 0, ""DENY"": 206, ""DEFER"": 0}, ""exceed_return_energy_reserve"": {""ALLOW"": 0, ""DENY"": 70, ""DEFER"": 0}, ""hold_station"": {""ALLOW"": 70, ""DENY"": 0, ""DEFER"": 0}, ""reassign_another_auv"": {""ALLOW"": 4, ""DENY"": 1, ""DEFER"": 0}, ""bounded_path_correction"": {""ALLOW"": 397, ""DENY"": 0, ""DEFER"": 0}, ""abandon_mandatory_inspection"": {""ALLOW"": 0, ""DENY"": 64, ""DEFER"": 0}, ""change_high_level_objective"": {""ALLOW"": 0, ""DENY"": 1, ""DEFER"": 0}}","{""low"": {""ALLOW"": 494, ""DENY"": 0, ""DEFER"": 0}, ""consequential"": {""ALLOW"": 4, ""DENY"": 342, ""DEFER"": 0}}","{""ALLOW_LOW_RISK"": 494, ""DENY_FORBIDDEN"": 326, ""ALLOW_AUTHORIZED"": 4, ""DENY_CONDITIONAL_UNMET"": 1, ""DENY_RECOVERING_HARD_SAFETY"": 15}"
b0c80b8952954b057e2294eece3ac2f79c8c32a1,dd30e188f5948558,paper_risk_bounded_v2_2026-09-30,utility_v2_frozen_2026-09-28,safe_useful_retention_v1_2026-09-28,paper_ssp_200m_moderate_v1,9,300,300.0,B4,tr_777f672e9af8_gpu,0.9537500000000003,0.5833333333333334,0.0,0,0.8,1,5,1,0,8305.0,109.888,945.0,9359.888,85888,24000,109888,0.7815958066394875,0.3333333333333333,0.6666666666666666,partial,60.0,"{""repeat_sonar_scan"": 27, ""enter_exclusion_zone"": 207, ""exceed_return_energy_reserve"": 70, ""hold_station"": 70, ""reassign_another_auv"": 5, ""bounded_path_correction"": 395, ""abandon_mandatory_inspection"": 64, ""change_high_level_objective"": 2}","{""repeat_sonar_scan"": {""ALLOW"": 27, ""DENY"": 0, ""DEFER"": 0}, ""enter_exclusion_zone"": {""ALLOW"": 0, ""DENY"": 207, ""DEFER"": 0}, ""exceed_return_energy_reserve"": {""ALLOW"": 0, ""DENY"": 70, ""DEFER"": 0}, ""hold_station"": {""ALLOW"": 70, ""DENY"": 0, ""DEFER"": 0}, ""reassign_another_auv"": {""ALLOW"": 4, ""DENY"": 1, ""DEFER"": 0}, ""bounded_path_correction"": {""ALLOW"": 395, ""DENY"": 0, ""DEFER"": 0}, ""abandon_mandatory_inspection"": {""ALLOW"": 0, ""DENY"": 64, ""DEFER"": 0}, ""change_high_level_objective"": {""ALLOW"": 0, ""DENY"": 2, ""DEFER"": 0}}","{""low"": {""ALLOW"": 492, ""DENY"": 0, ""DEFER"": 0}, ""consequential"": {""ALLOW"": 4, ""DENY"": 344, ""DEFER"": 0}}","{""ALLOW_LOW_RISK"": 492, ""DENY_FORBIDDEN"": 329, ""ALLOW_AUTHORIZED"": 4, ""DENY_CONDITIONAL_UNMET"": 1, ""DENY_RECOVERING_HARD_SAFETY"": 14}"
b0c80b8952954b057e2294eece3ac2f79c8c32a1,8cef6c47322239c5,paper_risk_bounded_v2_2026-09-30,utility_v2_frozen_2026-09-28,safe_useful_retention_v1_2026-09-28,paper_ssp_200m_moderate_v1,9,500,500.0,B4,tr_777f672e9af8_gpu,0.9539499999999999,0.5833333333333334,0.0,0,0.8,1,5,1,0,8265.0,107.392,945.0,9317.392,78592,28800,107392,0.7318235995232419,0.16666666666666666,0.8333333333333334,partial,60.0,"{""repeat_sonar_scan"": 27, ""enter_exclusion_zone"": 204, ""exceed_return_energy_reserve"": 70, ""hold_station"": 70, ""reassign_another_auv"": 5, ""bounded_path_correction"": 393, ""abandon_mandatory_inspection"": 68, ""change_high_level_objective"": 3}","{""repeat_sonar_scan"": {""ALLOW"": 27, ""DENY"": 0, ""DEFER"": 0}, ""enter_exclusion_zone"": {""ALLOW"": 0, ""DENY"": 204, ""DEFER"": 0}, ""exceed_return_energy_reserve"": {""ALLOW"": 0, ""DENY"": 70, ""DEFER"": 0}, ""hold_station"": {""ALLOW"": 70, ""DENY"": 0, ""DEFER"": 0}, ""reassign_another_auv"": {""ALLOW"": 4, ""DENY"": 1, ""DEFER"": 0}, ""bounded_path_correction"": {""ALLOW"": 393, ""DENY"": 0, ""DEFER"": 0}, ""abandon_mandatory_inspection"": {""ALLOW"": 0, ""DENY"": 68, ""DEFER"": 0}, ""change_high_level_objective"": {""ALLOW"": 0, ""DENY"": 3, ""DEFER"": 0}}","{""low"": {""ALLOW"": 490, ""DENY"": 0, ""DEFER"": 0}, ""consequential"": {""ALLOW"": 4, ""DENY"": 346, ""DEFER"": 0}}","{""ALLOW_LOW_RISK"": 490, ""DENY_FORBIDDEN"": 330, ""ALLOW_AUTHORIZED"": 4, ""DENY_CONDITIONAL_UNMET"": 1, ""DENY_RECOVERING_HARD_SAFETY"": 15}"
b0c80b8952954b057e2294eece3ac2f79c8c32a1,290eb89c1deb8f6c,paper_risk_bounded_v2_2026-09-30,utility_v2_frozen_2026-09-28,safe_useful_retention_v1_2026-09-28,paper_ssp_200m_moderate_v1,9,750,750.0,B4,tr_777f672e9af8_gpu,0.95425,0.5833333333333334,0.0,0,0.8,1,5,1,0,8205.0,107.872,945.0,9257.872,72832,35040,107872,0.6751705725304064,0.4166666666666667,0.5833333333333334,partial,60.0,"{""repeat_sonar_scan"": 27, ""enter_exclusion_zone"": 204, ""exceed_return_energy_reserve"": 70, ""hold_station"": 70, ""reassign_another_auv"": 5, ""bounded_path_correction"": 390, ""abandon_mandatory_inspection"": 68, ""change_high_level_objective"": 6}","{""repeat_sonar_scan"": {""ALLOW"": 27, ""DENY"": 0, ""DEFER"": 0}, ""enter_exclusion_zone"": {""ALLOW"": 0, ""DENY"": 204, ""DEFER"": 0}, ""exceed_return_energy_reserve"": {""ALLOW"": 0, ""DENY"": 70, ""DEFER"": 0}, ""hold_station"": {""ALLOW"": 70, ""DENY"": 0, ""DEFER"": 0}, ""reassign_another_auv"": {""ALLOW"": 4, ""DENY"": 1, ""DEFER"": 0}, ""bounded_path_correction"": {""ALLOW"": 390, ""DENY"": 0, ""DEFER"": 0}, ""abandon_mandatory_inspection"": {""ALLOW"": 0, ""DENY"": 68, ""DEFER"": 0}, ""change_high_level_objective"": {""ALLOW"": 0, ""DENY"": 6, ""DEFER"": 0}}","{""low"": {""ALLOW"": 487, ""DENY"": 0, ""DEFER"": 0}, ""consequential"": {""ALLOW"": 4, ""DENY"": 349, ""DEFER"": 0}}","{""ALLOW_LOW_RISK"": 487, ""DENY_FORBIDDEN"": 333, ""ALLOW_AUTHORIZED"": 4, ""DENY_CONDITIONAL_UNMET"": 1, ""DENY_RECOVERING_HARD_SAFETY"": 15}"
b0c80b8952954b057e2294eece3ac2f79c8c32a1,43d6ab2cb71a2465,paper_risk_bounded_v2_2026-09-30,utility_v2_frozen_2026-09-28,safe_useful_retention_v1_2026-09-28,paper_ssp_200m_moderate_v1,9,1000,1000.0,B4,tr_777f672e9af8_gpu,0.95465,0.5833333333333334,0.0,0,0.8,1,5,1,0,8125.0,102.496,945.0,9172.496,61696,40800,102496,0.6019356852950359,0.25,0.75,partial,60.0,"{""repeat_sonar_scan"": 27, ""enter_exclusion_zone"": 201, ""exceed_return_energy_reserve"": 74, ""hold_station"": 70, ""reassign_another_auv"": 5, ""bounded_path_correction"": 386, ""abandon_mandatory_inspection"": 68, ""change_high_level_objective"": 9}","{""repeat_sonar_scan"": {""ALLOW"": 27, ""DENY"": 0, ""DEFER"": 0}, ""enter_exclusion_zone"": {""ALLOW"": 0, ""DENY"": 201, ""DEFER"": 0}, ""exceed_return_energy_reserve"": {""ALLOW"": 0, ""DENY"": 74, ""DEFER"": 0}, ""hold_station"": {""ALLOW"": 70, ""DENY"": 0, ""DEFER"": 0}, ""reassign_another_auv"": {""ALLOW"": 4, ""DENY"": 1, ""DEFER"": 0}, ""bounded_path_correction"": {""ALLOW"": 386, ""DENY"": 0, ""DEFER"": 0}, ""abandon_mandatory_inspection"": {""ALLOW"": 0, ""DENY"": 68, ""DEFER"": 0}, ""change_high_level_objective"": {""ALLOW"": 0, ""DENY"": 9, ""DEFER"": 0}}","{""low"": {""ALLOW"": 483, ""DENY"": 0, ""DEFER"": 0}, ""consequential"": {""ALLOW"": 4, ""DENY"": 353, ""DEFER"": 0}}","{""ALLOW_LOW_RISK"": 483, ""DENY_FORBIDDEN"": 307, ""ALLOW_AUTHORIZED"": 4, ""DENY_CONDITIONAL_UNMET"": 1, ""DENY_HARD_EXPIRY"": 30, ""DENY_RECOVERING_HARD_SAFETY"": 15}"
b0c80b8952954b057e2294eece3ac2f79c8c32a1,6e4ca5e5673704d8,paper_risk_bounded_v2_2026-09-30,utility_v2_frozen_2026-09-28,safe_useful_retention_v1_2026-09-28,paper_ssp_200m_strong_v1,0,0,0.0,B4,tr_41578464d64c_gpu,-18.0446,0.5,0.0,0,0.2,0,6,1,0,8080.0,67.2,840.0,8987.2,0,67200,67200,0.0,,,idle,0.0,"{""repeat_sonar_scan"": 24, ""enter_exclusion_zone"": 201, ""exceed_return_energy_reserve"": 74, ""hold_station"": 70, ""reassign_another_auv"": 5, ""bounded_path_correction"": 386, ""abandon_mandatory_inspection"": 68, ""change_high_level_objective"": 12}","{""repeat_sonar_scan"": {""ALLOW"": 24, ""DENY"": 0, ""DEFER"": 0}, ""enter_exclusion_zone"": {""ALLOW"": 0, ""DENY"": 201, ""DEFER"": 0}, ""exceed_return_energy_reserve"": {""ALLOW"": 0, ""DENY"": 74, ""DEFER"": 0}, ""hold_station"": {""ALLOW"": 70, ""DENY"": 0, ""DEFER"": 0}, ""reassign_another_auv"": {""ALLOW"": 1, ""DENY"": 4, ""DEFER"": 0}, ""bounded_path_correction"": {""ALLOW"": 386, ""DENY"": 0, ""DEFER"": 0}, ""abandon_mandatory_inspection"": {""ALLOW"": 0, ""DENY"": 68, ""DEFER"": 0}, ""change_high_level_objective"": {""ALLOW"": 0, ""DENY"": 12, ""DEFER"": 0}}","{""low"": {""ALLOW"": 480, ""DENY"": 0, ""DEFER"": 0}, ""consequential"": {""ALLOW"": 1, ""DENY"": 359, ""DEFER"": 0}}","{""ALLOW_LOW_RISK"": 480, ""DENY_FORBIDDEN"": 227, ""ALLOW_AUTHORIZED"": 1, ""DENY_HARD_EXPIRY"": 132}"
b0c80b8952954b057e2294eece3ac2f79c8c32a1,712192d1a22a5c65,paper_risk_bounded_v2_2026-09-30,utility_v2_frozen_2026-09-28,safe_useful_retention_v1_2026-09-28,paper_ssp_200m_strong_v1,0,150,150.0,B4,tr_41578464d64c_gpu,-18.0446,0.5,0.0,0,0.2,0,6,1,0,8080.0,67.2,840.0,8987.2,0,67200,67200,0.0,0.0,1.0,timeout,60.0,"{""repeat_sonar_scan"": 24, ""enter_exclusion_zone"": 201, ""exceed_return_energy_reserve"": 74, ""hold_station"": 70, ""reassign_another_auv"": 5, ""bounded_path_correction"": 386, ""abandon_mandatory_inspection"": 68, ""change_high_level_objective"": 12}","{""repeat_sonar_scan"": {""ALLOW"": 24, ""DENY"": 0, ""DEFER"": 0}, ""enter_exclusion_zone"": {""ALLOW"": 0, ""DENY"": 201, ""DEFER"": 0}, ""exceed_return_energy_reserve"": {""ALLOW"": 0, ""DENY"": 74, ""DEFER"": 0}, ""hold_station"": {""ALLOW"": 70, ""DENY"": 0, ""DEFER"": 0}, ""reassign_another_auv"": {""ALLOW"": 1, ""DENY"": 4, ""DEFER"": 0}, ""bounded_path_correction"": {""ALLOW"": 386, ""DENY"": 0, ""DEFER"": 0}, ""abandon_mandatory_inspection"": {""ALLOW"": 0, ""DENY"": 68, ""DEFER"": 0}, ""change_high_level_objective"": {""ALLOW"": 0, ""DENY"": 12, ""DEFER"": 0}}","{""low"": {""ALLOW"": 480, ""DENY"": 0, ""DEFER"": 0}, ""consequential"": {""ALLOW"": 1, ""DENY"": 359, ""DEFER"": 0}}","{""ALLOW_LOW_RISK"": 480, ""DENY_FORBIDDEN"": 211, ""ALLOW_AUTHORIZED"": 1, ""DENY_RECOVERING_HARD_SAFETY"": 16, ""DENY_HARD_EXPIRY"": 132}"
b0c80b8952954b057e2294eece3ac2f79c8c32a1,974bc66fad56afad,paper_risk_bounded_v2_2026-09-30,utility_v2_frozen_2026-09-28,safe_useful_retention_v1_2026-09-28,paper_ssp_200m_strong_v1,0,300,300.0,B4,tr_41578464d64c_gpu,-18.0446,0.5,0.0,0,0.2,0,6,1,0,8080.0,67.2,840.0,8987.2,0,67200,67200,0.0,0.0,1.0,timeout,60.0,"{""repeat_sonar_scan"": 24, ""enter_exclusion_zone"": 201, ""exceed_return_energy_reserve"": 74, ""hold_station"": 70, ""reassign_another_auv"": 5, ""bounded_path_correction"": 386, ""abandon_mandatory_inspection"": 68, ""change_high_level_objective"": 12}","{""repeat_sonar_scan"": {""ALLOW"": 24, ""DENY"": 0, ""DEFER"": 0}, ""enter_exclusion_zone"": {""ALLOW"": 0, ""DENY"": 201, ""DEFER"": 0}, ""exceed_return_energy_reserve"": {""ALLOW"": 0, ""DENY"": 74, ""DEFER"": 0}, ""hold_station"": {""ALLOW"": 70, ""DENY"": 0, ""DEFER"": 0}, ""reassign_another_auv"": {""ALLOW"": 1, ""DENY"": 4, ""DEFER"": 0}, ""bounded_path_correction"": {""ALLOW"": 386, ""DENY"": 0, ""DEFER"": 0}, ""abandon_mandatory_inspection"": {""ALLOW"": 0, ""DENY"": 68, ""DEFER"": 0}, ""change_high_level_objective"": {""ALLOW"": 0, ""DENY"": 12, ""DEFER"": 0}}","{""low"": {""ALLOW"": 480, ""DENY"": 0, ""DEFER"": 0}, ""consequential"": {""ALLOW"": 1, ""DENY"": 359, ""DEFER"": 0}}","{""ALLOW_LOW_RISK"": 480, ""DENY_FORBIDDEN"": 212, ""ALLOW_AUTHORIZED"": 1, ""DENY_RECOVERING_HARD_SAFETY"": 15, ""DENY_HARD_EXPIRY"": 132}"
b0c80b8952954b057e2294eece3ac2f79c8c32a1,1d87ea18c876f275,paper_risk_bounded_v2_2026-09-30,utility_v2_frozen_2026-09-28,safe_useful_retention_v1_2026-09-28,paper_ssp_200m_strong_v1,0,500,500.0,B4,tr_41578464d64c_gpu,-18.0446,0.5,0.0,0,0.2,0,6,1,0,8080.0,67.2,840.0,8987.2,0,67200,67200,0.0,0.0,1.0,timeout,60.0,"{""repeat_sonar_scan"": 24, ""enter_exclusion_zone"": 201, ""exceed_return_energy_reserve"": 74, ""hold_station"": 70, ""reassign_another_auv"": 5, ""bounded_path_correction"": 386, ""abandon_mandatory_inspection"": 68, ""change_high_level_objective"": 12}","{""repeat_sonar_scan"": {""ALLOW"": 24, ""DENY"": 0, ""DEFER"": 0}, ""enter_exclusion_zone"": {""ALLOW"": 0, ""DENY"": 201, ""DEFER"": 0}, ""exceed_return_energy_reserve"": {""ALLOW"": 0, ""DENY"": 74, ""DEFER"": 0}, ""hold_station"": {""ALLOW"": 70, ""DENY"": 0, ""DEFER"": 0}, ""reassign_another_auv"": {""ALLOW"": 1, ""DENY"": 4, ""DEFER"": 0}, ""bounded_path_correction"": {""ALLOW"": 386, ""DENY"": 0, ""DEFER"": 0}, ""abandon_mandatory_inspection"": {""ALLOW"": 0, ""DENY"": 68, ""DEFER"": 0}, ""change_high_level_objective"": {""ALLOW"": 0, ""DENY"": 12, ""DEFER"": 0}}","{""low"": {""ALLOW"": 480, ""DENY"": 0, ""DEFER"": 0}, ""consequential"": {""ALLOW"": 1, ""DENY"": 359, ""DEFER"": 0}}","{""ALLOW_LOW_RISK"": 480, ""DENY_FORBIDDEN"": 211, ""ALLOW_AUTHORIZED"": 1, ""DENY_RECOVERING_HARD_SAFETY"": 16, ""DENY_HARD_EXPIRY"": 132}"
b0c80b8952954b057e2294eece3ac2f79c8c32a1,a32a08f880ed6a02,paper_risk_bounded_v2_2026-09-30,utility_v2_frozen_2026-09-28,safe_useful_retention_v1_2026-09-28,paper_ssp_200m_strong_v1,0,750,750.0,B4,tr_41578464d64c_gpu,-18.0446,0.5,0.0,0,0.2,0,6,1,0,8080.0,67.2,840.0,8987.2,0,67200,67200,0.0,0.0,1.0,timeout,60.0,"{""repeat_sonar_scan"": 24, ""enter_exclusion_zone"": 201, ""exceed_return_energy_reserve"": 74, ""hold_station"": 70, ""reassign_another_auv"": 5, ""bounded_path_correction"": 386, ""abandon_mandatory_inspection"": 68, ""change_high_level_objective"": 12}","{""repeat_sonar_scan"": {""ALLOW"": 24, ""DENY"": 0, ""DEFER"": 0}, ""enter_exclusion_zone"": {""ALLOW"": 0, ""DENY"": 201, ""DEFER"": 0}, ""exceed_return_energy_reserve"": {""ALLOW"": 0, ""DENY"": 74, ""DEFER"": 0}, ""hold_station"": {""ALLOW"": 70, ""DENY"": 0, ""DEFER"": 0}, ""reassign_another_auv"": {""ALLOW"": 1, ""DENY"": 4, ""DEFER"": 0}, ""bounded_path_correction"": {""ALLOW"": 386, ""DENY"": 0, ""DEFER"": 0}, ""abandon_mandatory_inspection"": {""ALLOW"": 0, ""DENY"": 68, ""DEFER"": 0}, ""change_high_level_objective"": {""ALLOW"": 0, ""DENY"": 12, ""DEFER"": 0}}","{""low"": {""ALLOW"": 480, ""DENY"": 0, ""DEFER"": 0}, ""consequential"": {""ALLOW"": 1, ""DENY"": 359, ""DEFER"": 0}}","{""ALLOW_LOW_RISK"": 480, ""DENY_FORBIDDEN"": 227, ""ALLOW_AUTHORIZED"": 1, ""DENY_HARD_EXPIRY"": 116, ""DENY_RECOVERING_HARD_SAFETY"": 16}"
b0c80b8952954b057e2294eece3ac2f79c8c32a1,4d31fb806f66870c,paper_risk_bounded_v2_2026-09-30,utility_v2_frozen_2026-09-28,safe_useful_retention_v1_2026-09-28,paper_ssp_200m_strong_v1,0,1000,1000.0,B4,tr_41578464d64c_gpu,-18.0446,0.5,0.0,0,0.2,0,6,1,0,8080.0,67.2,840.0,8987.2,0,67200,67200,0.0,0.0,1.0,timeout,60.0,"{""repeat_sonar_scan"": 24, ""enter_exclusion_zone"": 201, ""exceed_return_energy_reserve"": 74, ""hold_station"": 70, ""reassign_another_auv"": 5, ""bounded_path_correction"": 386, ""abandon_mandatory_inspection"": 68, ""change_high_level_objective"": 12}","{""repeat_sonar_scan"": {""ALLOW"": 24, ""DENY"": 0, ""DEFER"": 0}, ""enter_exclusion_zone"": {""ALLOW"": 0, ""DENY"": 201, ""DEFER"": 0}, ""exceed_return_energy_reserve"": {""ALLOW"": 0, ""DENY"": 74, ""DEFER"": 0}, ""hold_station"": {""ALLOW"": 70, ""DENY"": 0, ""DEFER"": 0}, ""reassign_another_auv"": {""ALLOW"": 1, ""DENY"": 4, ""DEFER"": 0}, ""bounded_path_correction"": {""ALLOW"": 386, ""DENY"": 0, ""DEFER"": 0}, ""abandon_mandatory_inspection"": {""ALLOW"": 0, ""DENY"": 68, ""DEFER"": 0}, ""change_high_level_objective"": {""ALLOW"": 0, ""DENY"": 12, ""DEFER"": 0}}","{""low"": {""ALLOW"": 480, ""DENY"": 0, ""DEFER"": 0}, ""consequential"": {""ALLOW"": 1, ""DENY"": 359, ""DEFER"": 0}}","{""ALLOW_LOW_RISK"": 480, ""DENY_FORBIDDEN"": 227, ""ALLOW_AUTHORIZED"": 1, ""DENY_HARD_EXPIRY"": 116, ""DENY_RECOVERING_HARD_SAFETY"": 16}"
b0c80b8952954b057e2294eece3ac2f79c8c32a1,03ad76f7ab3783ba,paper_risk_bounded_v2_2026-09-30,utility_v2_frozen_2026-09-28,safe_useful_retention_v1_2026-09-28,paper_ssp_200m_strong_v1,1,0,0.0,B4,tr_6c0fce5b4aa8_gpu,-18.0462,0.5,0.0,0,1.0,0,6,1,0,8400.0,104.912,840.0,9344.912,96512,8400,104912,0.9199328961415282,,,idle,0.0,"{""repeat_sonar_scan"": 24, ""enter_exclusion_zone"": 209, ""exceed_return_energy_reserve"": 70, ""hold_station"": 70, ""reassign_another_auv"": 1, ""bounded_path_correction"": 402, ""abandon_mandatory_inspection"": 64}","{""repeat_sonar_scan"": {""ALLOW"": 24, ""DENY"": 0, ""DEFER"": 0}, ""enter_exclusion_zone"": {""ALLOW"": 0, ""DENY"": 209, ""DEFER"": 0}, ""exceed_return_energy_reserve"": {""ALLOW"": 0, ""DENY"": 70, ""DEFER"": 0}, ""hold_station"": {""ALLOW"": 70, ""DENY"": 0, ""DEFER"": 0}, ""reassign_another_auv"": {""ALLOW"": 1, ""DENY"": 0, ""DEFER"": 0}, ""bounded_path_correction"": {""ALLOW"": 402, ""DENY"": 0, ""DEFER"": 0}, ""abandon_mandatory_inspection"": {""ALLOW"": 0, ""DENY"": 64, ""DEFER"": 0}}","{""low"": {""ALLOW"": 496, ""DENY"": 0, ""DEFER"": 0}, ""consequential"": {""ALLOW"": 1, ""DENY"": 343, ""DEFER"": 0}}","{""ALLOW_LOW_RISK"": 496, ""DENY_FORBIDDEN"": 343, ""ALLOW_AUTHORIZED"": 1}"
b0c80b8952954b057e2294eece3ac2f79c8c32a1,6aea24f7258454df,paper_risk_bounded_v2_2026-09-30,utility_v2_frozen_2026-09-28,safe_useful_retention_v1_2026-09-28,paper_ssp_200m_strong_v1,1,150,150.0,B4,tr_6c0fce5b4aa8_gpu,0.9535499999999999,0.5833333333333334,0.0,0,0.8,1,5,1,0,8345.0,116.048,945.0,9406.048,103808,12240,116048,0.8945264028677788,0.16666666666666666,0.8333333333333334,partial,60.0,"{""repeat_sonar_scan"": 27, ""enter_exclusion_zone"": 206, ""exceed_return_energy_reserve"": 70, ""hold_station"": 70, ""reassign_another_auv"": 5, ""bounded_path_correction"": 397, ""abandon_mandatory_inspection"": 64, ""change_high_level_objective"": 1}","{""repeat_sonar_scan"": {""ALLOW"": 27, ""DENY"": 0, ""DEFER"": 0}, ""enter_exclusion_zone"": {""ALLOW"": 0, ""DENY"": 206, ""DEFER"": 0}, ""exceed_return_energy_reserve"": {""ALLOW"": 0, ""DENY"": 70, ""DEFER"": 0}, ""hold_station"": {""ALLOW"": 70, ""DENY"": 0, ""DEFER"": 0}, ""reassign_another_auv"": {""ALLOW"": 4, ""DENY"": 1, ""DEFER"": 0}, ""bounded_path_correction"": {""ALLOW"": 397, ""DENY"": 0, ""DEFER"": 0}, ""abandon_mandatory_inspection"": {""ALLOW"": 0, ""DENY"": 64, ""DEFER"": 0}, ""change_high_level_objective"": {""ALLOW"": 0, ""DENY"": 1, ""DEFER"": 0}}","{""low"": {""ALLOW"": 494, ""DENY"": 0, ""DEFER"": 0}, ""consequential"": {""ALLOW"": 4, ""DENY"": 342, ""DEFER"": 0}}","{""ALLOW_LOW_RISK"": 494, ""DENY_FORBIDDEN"": 328, ""ALLOW_AUTHORIZED"": 4, ""DENY_CONDITIONAL_UNMET"": 1, ""DENY_RECOVERING_HARD_SAFETY"": 13}"
b0c80b8952954b057e2294eece3ac2f79c8c32a1,ea3c3d81eaa69e0c,paper_risk_bounded_v2_2026-09-30,utility_v2_frozen_2026-09-28,safe_useful_retention_v1_2026-09-28,paper_ssp_200m_strong_v1,1,300,300.0,B4,tr_6c0fce5b4aa8_gpu,0.9537500000000003,0.5833333333333334,0.0,0,0.8,1,5,1,0,8305.0,111.98400000000001,945.0,9361.984,96384,15600,111984,0.8606943849121304,0.3333333333333333,0.6666666666666666,partial,60.0,"{""repeat_sonar_scan"": 27, ""enter_exclusion_zone"": 207, ""exceed_return_energy_reserve"": 70, ""hold_station"": 70, ""reassign_another_auv"": 5, ""bounded_path_correction"": 395, ""abandon_mandatory_inspection"": 64, ""change_high_level_objective"": 2}","{""repeat_sonar_scan"": {""ALLOW"": 27, ""DENY"": 0, ""DEFER"": 0}, ""enter_exclusion_zone"": {""ALLOW"": 0, ""DENY"": 207, ""DEFER"": 0}, ""exceed_return_energy_reserve"": {""ALLOW"": 0, ""DENY"": 70, ""DEFER"": 0}, ""hold_station"": {""ALLOW"": 70, ""DENY"": 0, ""DEFER"": 0}, ""reassign_another_auv"": {""ALLOW"": 4, ""DENY"": 1, ""DEFER"": 0}, ""bounded_path_correction"": {""ALLOW"": 395, ""DENY"": 0, ""DEFER"": 0}, ""abandon_mandatory_inspection"": {""ALLOW"": 0, ""DENY"": 64, ""DEFER"": 0}, ""change_high_level_objective"": {""ALLOW"": 0, ""DENY"": 2, ""DEFER"": 0}}","{""low"": {""ALLOW"": 492, ""DENY"": 0, ""DEFER"": 0}, ""consequential"": {""ALLOW"": 4, ""DENY"": 344, ""DEFER"": 0}}","{""ALLOW_LOW_RISK"": 492, ""DENY_FORBIDDEN"": 329, ""ALLOW_AUTHORIZED"": 4, ""DENY_CONDITIONAL_UNMET"": 1, ""DENY_RECOVERING_HARD_SAFETY"": 14}"
b0c80b8952954b057e2294eece3ac2f79c8c32a1,05b3e4461466e8ba,paper_risk_bounded_v2_2026-09-30,utility_v2_frozen_2026-09-28,safe_useful_retention_v1_2026-09-28,paper_ssp_200m_strong_v1,1,500,500.0,B4,tr_6c0fce5b4aa8_gpu,0.9539499999999999,0.5833333333333334,0.0,0,0.8,1,5,1,0,8265.0,105.136,945.0,9315.136,84736,20400,105136,0.8059656064525947,0.08333333333333333,0.9166666666666666,partial,60.0,"{""repeat_sonar_scan"": 27, ""enter_exclusion_zone"": 204, ""exceed_return_energy_reserve"": 70, ""hold_station"": 70, ""reassign_another_auv"": 5, ""bounded_path_correction"": 393, ""abandon_mandatory_inspection"": 68, ""change_high_level_objective"": 3}","{""repeat_sonar_scan"": {""ALLOW"": 27, ""DENY"": 0, ""DEFER"": 0}, ""enter_exclusion_zone"": {""ALLOW"": 0, ""DENY"": 204, ""DEFER"": 0}, ""exceed_return_energy_reserve"": {""ALLOW"": 0, ""DENY"": 70, ""DEFER"": 0}, ""hold_station"": {""ALLOW"": 70, ""DENY"": 0, ""DEFER"": 0}, ""reassign_another_auv"": {""ALLOW"": 4, ""DENY"": 1, ""DEFER"": 0}, ""bounded_path_correction"": {""ALLOW"": 393, ""DENY"": 0, ""DEFER"": 0}, ""abandon_mandatory_inspection"": {""ALLOW"": 0, ""DENY"": 68, ""DEFER"": 0}, ""change_high_level_objective"": {""ALLOW"": 0, ""DENY"": 3, ""DEFER"": 0}}","{""low"": {""ALLOW"": 490, ""DENY"": 0, ""DEFER"": 0}, ""consequential"": {""ALLOW"": 4, ""DENY"": 346, ""DEFER"": 0}}","{""ALLOW_LOW_RISK"": 490, ""DENY_FORBIDDEN"": 330, ""ALLOW_AUTHORIZED"": 4, ""DENY_CONDITIONAL_UNMET"": 1, ""DENY_RECOVERING_HARD_SAFETY"": 15}"
b0c80b8952954b057e2294eece3ac2f79c8c32a1,ed251c1d126af2ab,paper_risk_bounded_v2_2026-09-30,utility_v2_frozen_2026-09-28,safe_useful_retention_v1_2026-09-28,paper_ssp_200m_strong_v1,1,750,750.0,B4,tr_6c0fce5b4aa8_gpu,0.95425,0.5833333333333334,0.0,0,0.8,1,5,1,0,8205.0,108.048,945.0,9258.048,81408,26640,108048,0.7534429142603287,0.5833333333333334,0.4166666666666667,partial,40.0,"{""repeat_sonar_scan"": 27, ""enter_exclusion_zone"": 204, ""exceed_return_energy_reserve"": 70, ""hold_station"": 70, ""reassign_another_auv"": 5, ""bounded_path_correction"": 390, ""abandon_mandatory_inspection"": 68, ""change_high_level_objective"": 6}","{""repeat_sonar_scan"": {""ALLOW"": 27, ""DENY"": 0, ""DEFER"": 0}, ""enter_exclusion_zone"": {""ALLOW"": 0, ""DENY"": 204, ""DEFER"": 0}, ""exceed_return_energy_reserve"": {""ALLOW"": 0, ""DENY"": 70, ""DEFER"": 0}, ""hold_station"": {""ALLOW"": 70, ""DENY"": 0, ""DEFER"": 0}, ""reassign_another_auv"": {""ALLOW"": 4, ""DENY"": 1, ""DEFER"": 0}, ""bounded_path_correction"": {""ALLOW"": 390, ""DENY"": 0, ""DEFER"": 0}, ""abandon_mandatory_inspection"": {""ALLOW"": 0, ""DENY"": 68, ""DEFER"": 0}, ""change_high_level_objective"": {""ALLOW"": 0, ""DENY"": 6, ""DEFER"": 0}}","{""low"": {""ALLOW"": 487, ""DENY"": 0, ""DEFER"": 0}, ""consequential"": {""ALLOW"": 4, ""DENY"": 349, ""DEFER"": 0}}","{""ALLOW_LOW_RISK"": 487, ""DENY_FORBIDDEN"": 337, ""ALLOW_AUTHORIZED"": 4, ""DENY_CONDITIONAL_UNMET"": 1, ""DENY_RECOVERING_HARD_SAFETY"": 11}"
b0c80b8952954b057e2294eece3ac2f79c8c32a1,81d80f9df8d6fa17,paper_risk_bounded_v2_2026-09-30,utility_v2_frozen_2026-09-28,safe_useful_retention_v1_2026-09-28,paper_ssp_200m_strong_v1,1,1000,1000.0,B4,tr_6c0fce5b4aa8_gpu,0.95465,0.5833333333333334,0.0,0,0.8,1,5,1,0,8125.0,99.60000000000001,945.0,9169.6,67200,32400,99600,0.6746987951807228,0.4166666666666667,0.5833333333333334,partial,60.0,"{""repeat_sonar_scan"": 27, ""enter_exclusion_zone"": 201, ""exceed_return_energy_reserve"": 74, ""hold_station"": 70, ""reassign_another_auv"": 5, ""bounded_path_correction"": 386, ""abandon_mandatory_inspection"": 68, ""change_high_level_objective"": 9}","{""repeat_sonar_scan"": {""ALLOW"": 27, ""DENY"": 0, ""DEFER"": 0}, ""enter_exclusion_zone"": {""ALLOW"": 0, ""DENY"": 201, ""DEFER"": 0}, ""exceed_return_energy_reserve"": {""ALLOW"": 0, ""DENY"": 74, ""DEFER"": 0}, ""hold_station"": {""ALLOW"": 70, ""DENY"": 0, ""DEFER"": 0}, ""reassign_another_auv"": {""ALLOW"": 4, ""DENY"": 1, ""DEFER"": 0}, ""bounded_path_correction"": {""ALLOW"": 386, ""DENY"": 0, ""DEFER"": 0}, ""abandon_mandatory_inspection"": {""ALLOW"": 0, ""DENY"": 68, ""DEFER"": 0}, ""change_high_level_objective"": {""ALLOW"": 0, ""DENY"": 9, ""DEFER"": 0}}","{""low"": {""ALLOW"": 483, ""DENY"": 0, ""DEFER"": 0}, ""consequential"": {""ALLOW"": 4, ""DENY"": 353, ""DEFER"": 0}}","{""ALLOW_LOW_RISK"": 483, ""DENY_FORBIDDEN"": 310, ""ALLOW_AUTHORIZED"": 4, ""DENY_CONDITIONAL_UNMET"": 1, ""DENY_HARD_EXPIRY"": 30, ""DENY_RECOVERING_HARD_SAFETY"": 12}"
b0c80b8952954b057e2294eece3ac2f79c8c32a1,bd68637aa7ce1253,paper_risk_bounded_v2_2026-09-30,utility_v2_frozen_2026-09-28,safe_useful_retention_v1_2026-09-28,paper_ssp_200m_strong_v1,2,0,0.0,B4,tr_e18b2f198ce8_gpu,-18.0462,0.5,0.0,0,1.0,0,6,1,0,8400.0,105.424,840.0,9345.424,97024,8400,105424,0.9203217483684929,,,idle,0.0,"{""repeat_sonar_scan"": 24, ""enter_exclusion_zone"": 209, ""exceed_return_energy_reserve"": 70, ""hold_station"": 70, ""reassign_another_auv"": 1, ""bounded_path_correction"": 402, ""abandon_mandatory_inspection"": 64}","{""repeat_sonar_scan"": {""ALLOW"": 24, ""DENY"": 0, ""DEFER"": 0}, ""enter_exclusion_zone"": {""ALLOW"": 0, ""DENY"": 209, ""DEFER"": 0}, ""exceed_return_energy_reserve"": {""ALLOW"": 0, ""DENY"": 70, ""DEFER"": 0}, ""hold_station"": {""ALLOW"": 70, ""DENY"": 0, ""DEFER"": 0}, ""reassign_another_auv"": {""ALLOW"": 1, ""DENY"": 0, ""DEFER"": 0}, ""bounded_path_correction"": {""ALLOW"": 402, ""DENY"": 0, ""DEFER"": 0}, ""abandon_mandatory_inspection"": {""ALLOW"": 0, ""DENY"": 64, ""DEFER"": 0}}","{""low"": {""ALLOW"": 496, ""DENY"": 0, ""DEFER"": 0}, ""consequential"": {""ALLOW"": 1, ""DENY"": 343, ""DEFER"": 0}}","{""ALLOW_LOW_RISK"": 496, ""DENY_FORBIDDEN"": 343, ""ALLOW_AUTHORIZED"": 1}"
b0c80b8952954b057e2294eece3ac2f79c8c32a1,a4d2ceddbf9a867a,paper_risk_bounded_v2_2026-09-30,utility_v2_frozen_2026-09-28,safe_useful_retention_v1_2026-09-28,paper_ssp_200m_strong_v1,2,150,150.0,B4,tr_e18b2f198ce8_gpu,0.9535499999999999,0.5833333333333334,0.0,0,0.8,1,5,1,0,8345.0,115.792,945.0,9405.792,103552,12240,115792,0.8942932154207545,0.16666666666666666,0.8333333333333334,partial,60.0,"{""repeat_sonar_scan"": 27, ""enter_exclusion_zone"": 206, ""exceed_return_energy_reserve"": 70, ""hold_station"": 70, ""reassign_another_auv"": 5, ""bounded_path_correction"": 397, ""abandon_mandatory_inspection"": 64, ""change_high_level_objective"": 1}","{""repeat_sonar_scan"": {""ALLOW"": 27, ""DENY"": 0, ""DEFER"": 0}, ""enter_exclusion_zone"": {""ALLOW"": 0, ""DENY"": 206, ""DEFER"": 0}, ""exceed_return_energy_reserve"": {""ALLOW"": 0, ""DENY"": 70, ""DEFER"": 0}, ""hold_station"": {""ALLOW"": 70, ""DENY"": 0, ""DEFER"": 0}, ""reassign_another_auv"": {""ALLOW"": 4, ""DENY"": 1, ""DEFER"": 0}, ""bounded_path_correction"": {""ALLOW"": 397, ""DENY"": 0, ""DEFER"": 0}, ""abandon_mandatory_inspection"": {""ALLOW"": 0, ""DENY"": 64, ""DEFER"": 0}, ""change_high_level_objective"": {""ALLOW"": 0, ""DENY"": 1, ""DEFER"": 0}}","{""low"": {""ALLOW"": 494, ""DENY"": 0, ""DEFER"": 0}, ""consequential"": {""ALLOW"": 4, ""DENY"": 342, ""DEFER"": 0}}","{""ALLOW_LOW_RISK"": 494, ""DENY_FORBIDDEN"": 328, ""ALLOW_AUTHORIZED"": 4, ""DENY_CONDITIONAL_UNMET"": 1, ""DENY_RECOVERING_HARD_SAFETY"": 13}"
b0c80b8952954b057e2294eece3ac2f79c8c32a1,25b04c3900c34918,paper_risk_bounded_v2_2026-09-30,utility_v2_frozen_2026-09-28,safe_useful_retention_v1_2026-09-28,paper_ssp_200m_strong_v1,2,300,300.0,B4,tr_e18b2f198ce8_gpu,0.9537500000000003,0.5833333333333334,0.0,0,0.8,1,5,1,0,8305.0,113.264,945.0,9363.264,97664,15600,113264,0.8622686820172341,0.3333333333333333,0.6666666666666666,partial,60.0,"{""repeat_sonar_scan"": 27, ""enter_exclusion_zone"": 207, ""exceed_return_energy_reserve"": 70, ""hold_station"": 70, ""reassign_another_auv"": 5, ""bounded_path_correction"": 395, ""abandon_mandatory_inspection"": 64, ""change_high_level_objective"": 2}","{""repeat_sonar_scan"": {""ALLOW"": 27, ""DENY"": 0, ""DEFER"": 0}, ""enter_exclusion_zone"": {""ALLOW"": 0, ""DENY"": 207, ""DEFER"": 0}, ""exceed_return_energy_reserve"": {""ALLOW"": 0, ""DENY"": 70, ""DEFER"": 0}, ""hold_station"": {""ALLOW"": 70, ""DENY"": 0, ""DEFER"": 0}, ""reassign_another_auv"": {""ALLOW"": 4, ""DENY"": 1, ""DEFER"": 0}, ""bounded_path_correction"": {""ALLOW"": 395, ""DENY"": 0, ""DEFER"": 0}, ""abandon_mandatory_inspection"": {""ALLOW"": 0, ""DENY"": 64, ""DEFER"": 0}, ""change_high_level_objective"": {""ALLOW"": 0, ""DENY"": 2, ""DEFER"": 0}}","{""low"": {""ALLOW"": 492, ""DENY"": 0, ""DEFER"": 0}, ""consequential"": {""ALLOW"": 4, ""DENY"": 344, ""DEFER"": 0}}","{""ALLOW_LOW_RISK"": 492, ""DENY_FORBIDDEN"": 329, ""ALLOW_AUTHORIZED"": 4, ""DENY_CONDITIONAL_UNMET"": 1, ""DENY_RECOVERING_HARD_SAFETY"": 14}"
b0c80b8952954b057e2294eece3ac2f79c8c32a1,b9b2c9b3fc042135,paper_risk_bounded_v2_2026-09-30,utility_v2_frozen_2026-09-28,safe_useful_retention_v1_2026-09-28,paper_ssp_200m_strong_v1,2,500,500.0,B4,tr_e18b2f198ce8_gpu,0.9539499999999999,0.5833333333333334,0.0,0,0.8,1,5,1,0,8265.0,105.392,945.0,9315.392,84992,20400,105392,0.8064369212084409,0.08333333333333333,0.9166666666666666,partial,60.0,"{""repeat_sonar_scan"": 27, ""enter_exclusion_zone"": 204, ""exceed_return_energy_reserve"": 70, ""hold_station"": 70, ""reassign_another_auv"": 5, ""bounded_path_correction"": 393, ""abandon_mandatory_inspection"": 68, ""change_high_level_objective"": 3}","{""repeat_sonar_scan"": {""ALLOW"": 27, ""DENY"": 0, ""DEFER"": 0}, ""enter_exclusion_zone"": {""ALLOW"": 0, ""DENY"": 204, ""DEFER"": 0}, ""exceed_return_energy_reserve"": {""ALLOW"": 0, ""DENY"": 70, ""DEFER"": 0}, ""hold_station"": {""ALLOW"": 70, ""DENY"": 0, ""DEFER"": 0}, ""reassign_another_auv"": {""ALLOW"": 4, ""DENY"": 1, ""DEFER"": 0}, ""bounded_path_correction"": {""ALLOW"": 393, ""DENY"": 0, ""DEFER"": 0}, ""abandon_mandatory_inspection"": {""ALLOW"": 0, ""DENY"": 68, ""DEFER"": 0}, ""change_high_level_objective"": {""ALLOW"": 0, ""DENY"": 3, ""DEFER"": 0}}","{""low"": {""ALLOW"": 490, ""DENY"": 0, ""DEFER"": 0}, ""consequential"": {""ALLOW"": 4, ""DENY"": 346, ""DEFER"": 0}}","{""ALLOW_LOW_RISK"": 490, ""DENY_FORBIDDEN"": 330, ""ALLOW_AUTHORIZED"": 4, ""DENY_CONDITIONAL_UNMET"": 1, ""DENY_RECOVERING_HARD_SAFETY"": 15}"
b0c80b8952954b057e2294eece3ac2f79c8c32a1,aa71a730402da5ff,paper_risk_bounded_v2_2026-09-30,utility_v2_frozen_2026-09-28,safe_useful_retention_v1_2026-09-28,paper_ssp_200m_strong_v1,2,750,750.0,B4,tr_e18b2f198ce8_gpu,0.95425,0.5833333333333334,0.0,0,0.8,1,5,1,0,8205.0,108.816,945.0,9258.816,82176,26640,108816,0.7551830613145126,0.5833333333333334,0.4166666666666667,partial,40.0,"{""repeat_sonar_scan"": 27, ""enter_exclusion_zone"": 204, ""exceed_return_energy_reserve"": 70, ""hold_station"": 70, ""reassign_another_auv"": 5, ""bounded_path_correction"": 390, ""abandon_mandatory_inspection"": 68, ""change_high_level_objective"": 6}","{""repeat_sonar_scan"": {""ALLOW"": 27, ""DENY"": 0, ""DEFER"": 0}, ""enter_exclusion_zone"": {""ALLOW"": 0, ""DENY"": 204, ""DEFER"": 0}, ""exceed_return_energy_reserve"": {""ALLOW"": 0, ""DENY"": 70, ""DEFER"": 0}, ""hold_station"": {""ALLOW"": 70, ""DENY"": 0, ""DEFER"": 0}, ""reassign_another_auv"": {""ALLOW"": 4, ""DENY"": 1, ""DEFER"": 0}, ""bounded_path_correction"": {""ALLOW"": 390, ""DENY"": 0, ""DEFER"": 0}, ""abandon_mandatory_inspection"": {""ALLOW"": 0, ""DENY"": 68, ""DEFER"": 0}, ""change_high_level_objective"": {""ALLOW"": 0, ""DENY"": 6, ""DEFER"": 0}}","{""low"": {""ALLOW"": 487, ""DENY"": 0, ""DEFER"": 0}, ""consequential"": {""ALLOW"": 4, ""DENY"": 349, ""DEFER"": 0}}","{""ALLOW_LOW_RISK"": 487, ""DENY_FORBIDDEN"": 336, ""ALLOW_AUTHORIZED"": 4, ""DENY_CONDITIONAL_UNMET"": 1, ""DENY_RECOVERING_HARD_SAFETY"": 12}"
b0c80b8952954b057e2294eece3ac2f79c8c32a1,2d1d16f4a581e290,paper_risk_bounded_v2_2026-09-30,utility_v2_frozen_2026-09-28,safe_useful_retention_v1_2026-09-28,paper_ssp_200m_strong_v1,2,1000,1000.0,B4,tr_e18b2f198ce8_gpu,0.95465,0.5833333333333334,0.0,0,0.8,1,5,1,0,8125.0,99.98400000000001,945.0,9169.984,67584,32400,99984,0.6759481517042727,0.3333333333333333,0.6666666666666666,partial,60.0,"{""repeat_sonar_scan"": 27, ""enter_exclusion_zone"": 201, ""exceed_return_energy_reserve"": 74, ""hold_station"": 70, ""reassign_another_auv"": 5, ""bounded_path_correction"": 386, ""abandon_mandatory_inspection"": 68, ""change_high_level_objective"": 9}","{""repeat_sonar_scan"": {""ALLOW"": 27, ""DENY"": 0, ""DEFER"": 0}, ""enter_exclusion_zone"": {""ALLOW"": 0, ""DENY"": 201, ""DEFER"": 0}, ""exceed_return_energy_reserve"": {""ALLOW"": 0, ""DENY"": 74, ""DEFER"": 0}, ""hold_station"": {""ALLOW"": 70, ""DENY"": 0, ""DEFER"": 0}, ""reassign_another_auv"": {""ALLOW"": 4, ""DENY"": 1, ""DEFER"": 0}, ""bounded_path_correction"": {""ALLOW"": 386, ""DENY"": 0, ""DEFER"": 0}, ""abandon_mandatory_inspection"": {""ALLOW"": 0, ""DENY"": 68, ""DEFER"": 0}, ""change_high_level_objective"": {""ALLOW"": 0, ""DENY"": 9, ""DEFER"": 0}}","{""low"": {""ALLOW"": 483, ""DENY"": 0, ""DEFER"": 0}, ""consequential"": {""ALLOW"": 4, ""DENY"": 353, ""DEFER"": 0}}","{""ALLOW_LOW_RISK"": 483, ""DENY_FORBIDDEN"": 309, ""ALLOW_AUTHORIZED"": 4, ""DENY_CONDITIONAL_UNMET"": 1, ""DENY_HARD_EXPIRY"": 30, ""DENY_RECOVERING_HARD_SAFETY"": 13}"
b0c80b8952954b057e2294eece3ac2f79c8c32a1,630f26922a1fd998,paper_risk_bounded_v2_2026-09-30,utility_v2_frozen_2026-09-28,safe_useful_retention_v1_2026-09-28,paper_ssp_200m_strong_v1,3,0,0.0,B4,tr_90c59e32088b_gpu,-18.0462,0.5,0.0,0,1.0,0,6,1,0,8400.0,105.424,840.0,9345.424,97024,8400,105424,0.9203217483684929,,,idle,0.0,"{""repeat_sonar_scan"": 24, ""enter_exclusion_zone"": 209, ""exceed_return_energy_reserve"": 70, ""hold_station"": 70, ""reassign_another_auv"": 1, ""bounded_path_correction"": 402, ""abandon_mandatory_inspection"": 64}","{""repeat_sonar_scan"": {""ALLOW"": 24, ""DENY"": 0, ""DEFER"": 0}, ""enter_exclusion_zone"": {""ALLOW"": 0, ""DENY"": 209, ""DEFER"": 0}, ""exceed_return_energy_reserve"": {""ALLOW"": 0, ""DENY"": 70, ""DEFER"": 0}, ""hold_station"": {""ALLOW"": 70, ""DENY"": 0, ""DEFER"": 0}, ""reassign_another_auv"": {""ALLOW"": 1, ""DENY"": 0, ""DEFER"": 0}, ""bounded_path_correction"": {""ALLOW"": 402, ""DENY"": 0, ""DEFER"": 0}, ""abandon_mandatory_inspection"": {""ALLOW"": 0, ""DENY"": 64, ""DEFER"": 0}}","{""low"": {""ALLOW"": 496, ""DENY"": 0, ""DEFER"": 0}, ""consequential"": {""ALLOW"": 1, ""DENY"": 343, ""DEFER"": 0}}","{""ALLOW_LOW_RISK"": 496, ""DENY_FORBIDDEN"": 343, ""ALLOW_AUTHORIZED"": 1}"
b0c80b8952954b057e2294eece3ac2f79c8c32a1,de54d364d6efd6a6,paper_risk_bounded_v2_2026-09-30,utility_v2_frozen_2026-09-28,safe_useful_retention_v1_2026-09-28,paper_ssp_200m_strong_v1,3,150,150.0,B4,tr_90c59e32088b_gpu,0.9535499999999999,0.5833333333333334,0.0,0,0.8,1,5,1,0,8345.0,112.336,945.0,9402.336,100096,12240,112336,0.8910411622276029,0.0,1.0,timeout,60.0,"{""repeat_sonar_scan"": 27, ""enter_exclusion_zone"": 206, ""exceed_return_energy_reserve"": 70, ""hold_station"": 70, ""reassign_another_auv"": 5, ""bounded_path_correction"": 397, ""abandon_mandatory_inspection"": 64, ""change_high_level_objective"": 1}","{""repeat_sonar_scan"": {""ALLOW"": 27, ""DENY"": 0, ""DEFER"": 0}, ""enter_exclusion_zone"": {""ALLOW"": 0, ""DENY"": 206, ""DEFER"": 0}, ""exceed_return_energy_reserve"": {""ALLOW"": 0, ""DENY"": 70, ""DEFER"": 0}, ""hold_station"": {""ALLOW"": 70, ""DENY"": 0, ""DEFER"": 0}, ""reassign_another_auv"": {""ALLOW"": 4, ""DENY"": 1, ""DEFER"": 0}, ""bounded_path_correction"": {""ALLOW"": 397, ""DENY"": 0, ""DEFER"": 0}, ""abandon_mandatory_inspection"": {""ALLOW"": 0, ""DENY"": 64, ""DEFER"": 0}, ""change_high_level_objective"": {""ALLOW"": 0, ""DENY"": 1, ""DEFER"": 0}}","{""low"": {""ALLOW"": 494, ""DENY"": 0, ""DEFER"": 0}, ""consequential"": {""ALLOW"": 4, ""DENY"": 342, ""DEFER"": 0}}","{""ALLOW_LOW_RISK"": 494, ""DENY_FORBIDDEN"": 326, ""ALLOW_AUTHORIZED"": 4, ""DENY_CONDITIONAL_UNMET"": 1, ""DENY_RECOVERING_HARD_SAFETY"": 15}"
b0c80b8952954b057e2294eece3ac2f79c8c32a1,f4e440b4f6e43e9e,paper_risk_bounded_v2_2026-09-30,utility_v2_frozen_2026-09-28,safe_useful_retention_v1_2026-09-28,paper_ssp_200m_strong_v1,3,300,300.0,B4,tr_90c59e32088b_gpu,0.9537500000000003,0.5833333333333334,0.0,0,0.8,1,5,1,0,8305.0,114.416,945.0,9364.416,98816,15600,114416,0.8636554328066005,0.3333333333333333,0.6666666666666666,partial,60.0,"{""repeat_sonar_scan"": 27, ""enter_exclusion_zone"": 207, ""exceed_return_energy_reserve"": 70, ""hold_station"": 70, ""reassign_another_auv"": 5, ""bounded_path_correction"": 395, ""abandon_mandatory_inspection"": 64, ""change_high_level_objective"": 2}","{""repeat_sonar_scan"": {""ALLOW"": 27, ""DENY"": 0, ""DEFER"": 0}, ""enter_exclusion_zone"": {""ALLOW"": 0, ""DENY"": 207, ""DEFER"": 0}, ""exceed_return_energy_reserve"": {""ALLOW"": 0, ""DENY"": 70, ""DEFER"": 0}, ""hold_station"": {""ALLOW"": 70, ""DENY"": 0, ""DEFER"": 0}, ""reassign_another_auv"": {""ALLOW"": 4, ""DENY"": 1, ""DEFER"": 0}, ""bounded_path_correction"": {""ALLOW"": 395, ""DENY"": 0, ""DEFER"": 0}, ""abandon_mandatory_inspection"": {""ALLOW"": 0, ""DENY"": 64, ""DEFER"": 0}, ""change_high_level_objective"": {""ALLOW"": 0, ""DENY"": 2, ""DEFER"": 0}}","{""low"": {""ALLOW"": 492, ""DENY"": 0, ""DEFER"": 0}, ""consequential"": {""ALLOW"": 4, ""DENY"": 344, ""DEFER"": 0}}","{""ALLOW_LOW_RISK"": 492, ""DENY_FORBIDDEN"": 329, ""ALLOW_AUTHORIZED"": 4, ""DENY_CONDITIONAL_UNMET"": 1, ""DENY_RECOVERING_HARD_SAFETY"": 14}"
b0c80b8952954b057e2294eece3ac2f79c8c32a1,84d0591c2ef67a52,paper_risk_bounded_v2_2026-09-30,utility_v2_frozen_2026-09-28,safe_useful_retention_v1_2026-09-28,paper_ssp_200m_strong_v1,3,500,500.0,B4,tr_90c59e32088b_gpu,0.9539499999999999,0.5833333333333334,0.0,0,0.8,1,5,1,0,8265.0,105.648,945.0,9315.648,85248,20400,105648,0.8069059518400727,0.08333333333333333,0.9166666666666666,partial,60.0,"{""repeat_sonar_scan"": 27, ""enter_exclusion_zone"": 204, ""exceed_return_energy_reserve"": 70, ""hold_station"": 70, ""reassign_another_auv"": 5, ""bounded_path_correction"": 393, ""abandon_mandatory_inspection"": 68, ""change_high_level_objective"": 3}","{""repeat_sonar_scan"": {""ALLOW"": 27, ""DENY"": 0, ""DEFER"": 0}, ""enter_exclusion_zone"": {""ALLOW"": 0, ""DENY"": 204, ""DEFER"": 0}, ""exceed_return_energy_reserve"": {""ALLOW"": 0, ""DENY"": 70, ""DEFER"": 0}, ""hold_station"": {""ALLOW"": 70, ""DENY"": 0, ""DEFER"": 0}, ""reassign_another_auv"": {""ALLOW"": 4, ""DENY"": 1, ""DEFER"": 0}, ""bounded_path_correction"": {""ALLOW"": 393, ""DENY"": 0, ""DEFER"": 0}, ""abandon_mandatory_inspection"": {""ALLOW"": 0, ""DENY"": 68, ""DEFER"": 0}, ""change_high_level_objective"": {""ALLOW"": 0, ""DENY"": 3, ""DEFER"": 0}}","{""low"": {""ALLOW"": 490, ""DENY"": 0, ""DEFER"": 0}, ""consequential"": {""ALLOW"": 4, ""DENY"": 346, ""DEFER"": 0}}","{""ALLOW_LOW_RISK"": 490, ""DENY_FORBIDDEN"": 330, ""ALLOW_AUTHORIZED"": 4, ""DENY_CONDITIONAL_UNMET"": 1, ""DENY_RECOVERING_HARD_SAFETY"": 15}"
b0c80b8952954b057e2294eece3ac2f79c8c32a1,8c53389a71d87ef8,paper_risk_bounded_v2_2026-09-30,utility_v2_frozen_2026-09-28,safe_useful_retention_v1_2026-09-28,paper_ssp_200m_strong_v1,3,750,750.0,B4,tr_90c59e32088b_gpu,0.95425,0.5833333333333334,0.0,0,0.8,1,5,1,0,8205.0,108.176,945.0,9258.176,81536,26640,108176,0.753734654636888,0.5,0.5,partial,40.0,"{""repeat_sonar_scan"": 27, ""enter_exclusion_zone"": 204, ""exceed_return_energy_reserve"": 70, ""hold_station"": 70, ""reassign_another_auv"": 5, ""bounded_path_correction"": 390, ""abandon_mandatory_inspection"": 68, ""change_high_level_objective"": 6}","{""repeat_sonar_scan"": {""ALLOW"": 27, ""DENY"": 0, ""DEFER"": 0}, ""enter_exclusion_zone"": {""ALLOW"": 0, ""DENY"": 204, ""DEFER"": 0}, ""exceed_return_energy_reserve"": {""ALLOW"": 0, ""DENY"": 70, ""DEFER"": 0}, ""hold_station"": {""ALLOW"": 70, ""DENY"": 0, ""DEFER"": 0}, ""reassign_another_auv"": {""ALLOW"": 4, ""DENY"": 1, ""DEFER"": 0}, ""bounded_path_correction"": {""ALLOW"": 390, ""DENY"": 0, ""DEFER"": 0}, ""abandon_mandatory_inspection"": {""ALLOW"": 0, ""DENY"": 68, ""DEFER"": 0}, ""change_high_level_objective"": {""ALLOW"": 0, ""DENY"": 6, ""DEFER"": 0}}","{""low"": {""ALLOW"": 487, ""DENY"": 0, ""DEFER"": 0}, ""consequential"": {""ALLOW"": 4, ""DENY"": 349, ""DEFER"": 0}}","{""ALLOW_LOW_RISK"": 487, ""DENY_FORBIDDEN"": 335, ""ALLOW_AUTHORIZED"": 4, ""DENY_CONDITIONAL_UNMET"": 1, ""DENY_RECOVERING_HARD_SAFETY"": 13}"
b0c80b8952954b057e2294eece3ac2f79c8c32a1,40254f102b6b952c,paper_risk_bounded_v2_2026-09-30,utility_v2_frozen_2026-09-28,safe_useful_retention_v1_2026-09-28,paper_ssp_200m_strong_v1,3,1000,1000.0,B4,tr_90c59e32088b_gpu,0.95465,0.5833333333333334,0.0,0,0.8,1,5,1,0,8125.0,100.11200000000001,945.0,9170.112,67712,32400,100112,0.6763624740290874,0.3333333333333333,0.6666666666666666,partial,60.0,"{""repeat_sonar_scan"": 27, ""enter_exclusion_zone"": 201, ""exceed_return_energy_reserve"": 74, ""hold_station"": 70, ""reassign_another_auv"": 5, ""bounded_path_correction"": 386, ""abandon_mandatory_inspection"": 68, ""change_high_level_objective"": 9}","{""repeat_sonar_scan"": {""ALLOW"": 27, ""DENY"": 0, ""DEFER"": 0}, ""enter_exclusion_zone"": {""ALLOW"": 0, ""DENY"": 201, ""DEFER"": 0}, ""exceed_return_energy_reserve"": {""ALLOW"": 0, ""DENY"": 74, ""DEFER"": 0}, ""hold_station"": {""ALLOW"": 70, ""DENY"": 0, ""DEFER"": 0}, ""reassign_another_auv"": {""ALLOW"": 4, ""DENY"": 1, ""DEFER"": 0}, ""bounded_path_correction"": {""ALLOW"": 386, ""DENY"": 0, ""DEFER"": 0}, ""abandon_mandatory_inspection"": {""ALLOW"": 0, ""DENY"": 68, ""DEFER"": 0}, ""change_high_level_objective"": {""ALLOW"": 0, ""DENY"": 9, ""DEFER"": 0}}","{""low"": {""ALLOW"": 483, ""DENY"": 0, ""DEFER"": 0}, ""consequential"": {""ALLOW"": 4, ""DENY"": 353, ""DEFER"": 0}}","{""ALLOW_LOW_RISK"": 483, ""DENY_FORBIDDEN"": 309, ""ALLOW_AUTHORIZED"": 4, ""DENY_CONDITIONAL_UNMET"": 1, ""DENY_HARD_EXPIRY"": 30, ""DENY_RECOVERING_HARD_SAFETY"": 13}"
b0c80b8952954b057e2294eece3ac2f79c8c32a1,7465ff45cc9cdcc4,paper_risk_bounded_v2_2026-09-30,utility_v2_frozen_2026-09-28,safe_useful_retention_v1_2026-09-28,paper_ssp_200m_strong_v1,4,0,0.0,B4,tr_d1ea9e6ed537_gpu,-18.0462,0.5,0.0,0,1.0,0,6,1,0,8400.0,102.608,840.0,9342.608,94208,8400,102608,0.9181350382036488,,,idle,0.0,"{""repeat_sonar_scan"": 24, ""enter_exclusion_zone"": 209, ""exceed_return_energy_reserve"": 70, ""hold_station"": 70, ""reassign_another_auv"": 1, ""bounded_path_correction"": 402, ""abandon_mandatory_inspection"": 64}","{""repeat_sonar_scan"": {""ALLOW"": 24, ""DENY"": 0, ""DEFER"": 0}, ""enter_exclusion_zone"": {""ALLOW"": 0, ""DENY"": 209, ""DEFER"": 0}, ""exceed_return_energy_reserve"": {""ALLOW"": 0, ""DENY"": 70, ""DEFER"": 0}, ""hold_station"": {""ALLOW"": 70, ""DENY"": 0, ""DEFER"": 0}, ""reassign_another_auv"": {""ALLOW"": 1, ""DENY"": 0, ""DEFER"": 0}, ""bounded_path_correction"": {""ALLOW"": 402, ""DENY"": 0, ""DEFER"": 0}, ""abandon_mandatory_inspection"": {""ALLOW"": 0, ""DENY"": 64, ""DEFER"": 0}}","{""low"": {""ALLOW"": 496, ""DENY"": 0, ""DEFER"": 0}, ""consequential"": {""ALLOW"": 1, ""DENY"": 343, ""DEFER"": 0}}","{""ALLOW_LOW_RISK"": 496, ""DENY_FORBIDDEN"": 343, ""ALLOW_AUTHORIZED"": 1}"
b0c80b8952954b057e2294eece3ac2f79c8c32a1,a22329022559fd50,paper_risk_bounded_v2_2026-09-30,utility_v2_frozen_2026-09-28,safe_useful_retention_v1_2026-09-28,paper_ssp_200m_strong_v1,4,150,150.0,B4,tr_d1ea9e6ed537_gpu,0.9535499999999999,0.5833333333333334,0.0,0,0.8,1,5,1,0,8345.0,107.72800000000001,945.0,9397.728,95488,12240,107728,0.886380513886826,0.0,1.0,timeout,60.0,"{""repeat_sonar_scan"": 27, ""enter_exclusion_zone"": 206, ""exceed_return_energy_reserve"": 70, ""hold_station"": 70, ""reassign_another_auv"": 5, ""bounded_path_correction"": 397, ""abandon_mandatory_inspection"": 64, ""change_high_level_objective"": 1}","{""repeat_sonar_scan"": {""ALLOW"": 27, ""DENY"": 0, ""DEFER"": 0}, ""enter_exclusion_zone"": {""ALLOW"": 0, ""DENY"": 206, ""DEFER"": 0}, ""exceed_return_energy_reserve"": {""ALLOW"": 0, ""DENY"": 70, ""DEFER"": 0}, ""hold_station"": {""ALLOW"": 70, ""DENY"": 0, ""DEFER"": 0}, ""reassign_another_auv"": {""ALLOW"": 4, ""DENY"": 1, ""DEFER"": 0}, ""bounded_path_correction"": {""ALLOW"": 397, ""DENY"": 0, ""DEFER"": 0}, ""abandon_mandatory_inspection"": {""ALLOW"": 0, ""DENY"": 64, ""DEFER"": 0}, ""change_high_level_objective"": {""ALLOW"": 0, ""DENY"": 1, ""DEFER"": 0}}","{""low"": {""ALLOW"": 494, ""DENY"": 0, ""DEFER"": 0}, ""consequential"": {""ALLOW"": 4, ""DENY"": 342, ""DEFER"": 0}}","{""ALLOW_LOW_RISK"": 494, ""DENY_FORBIDDEN"": 326, ""ALLOW_AUTHORIZED"": 4, ""DENY_CONDITIONAL_UNMET"": 1, ""DENY_RECOVERING_HARD_SAFETY"": 15}"
b0c80b8952954b057e2294eece3ac2f79c8c32a1,9b65fca1bf858641,paper_risk_bounded_v2_2026-09-30,utility_v2_frozen_2026-09-28,safe_useful_retention_v1_2026-09-28,paper_ssp_200m_strong_v1,4,300,300.0,B4,tr_d1ea9e6ed537_gpu,0.9537500000000003,0.5833333333333334,0.0,0,0.8,1,5,1,0,8305.0,107.632,945.0,9357.632,92032,15600,107632,0.8550616916902036,0.3333333333333333,0.6666666666666666,partial,60.0,"{""repeat_sonar_scan"": 27, ""enter_exclusion_zone"": 207, ""exceed_return_energy_reserve"": 70, ""hold_station"": 70, ""reassign_another_auv"": 5, ""bounded_path_correction"": 395, ""abandon_mandatory_inspection"": 64, ""change_high_level_objective"": 2}","{""repeat_sonar_scan"": {""ALLOW"": 27, ""DENY"": 0, ""DEFER"": 0}, ""enter_exclusion_zone"": {""ALLOW"": 0, ""DENY"": 207, ""DEFER"": 0}, ""exceed_return_energy_reserve"": {""ALLOW"": 0, ""DENY"": 70, ""DEFER"": 0}, ""hold_station"": {""ALLOW"": 70, ""DENY"": 0, ""DEFER"": 0}, ""reassign_another_auv"": {""ALLOW"": 4, ""DENY"": 1, ""DEFER"": 0}, ""bounded_path_correction"": {""ALLOW"": 395, ""DENY"": 0, ""DEFER"": 0}, ""abandon_mandatory_inspection"": {""ALLOW"": 0, ""DENY"": 64, ""DEFER"": 0}, ""change_high_level_objective"": {""ALLOW"": 0, ""DENY"": 2, ""DEFER"": 0}}","{""low"": {""ALLOW"": 492, ""DENY"": 0, ""DEFER"": 0}, ""consequential"": {""ALLOW"": 4, ""DENY"": 344, ""DEFER"": 0}}","{""ALLOW_LOW_RISK"": 492, ""DENY_FORBIDDEN"": 329, ""ALLOW_AUTHORIZED"": 4, ""DENY_CONDITIONAL_UNMET"": 1, ""DENY_RECOVERING_HARD_SAFETY"": 14}"
b0c80b8952954b057e2294eece3ac2f79c8c32a1,4a408cf7e27ded32,paper_risk_bounded_v2_2026-09-30,utility_v2_frozen_2026-09-28,safe_useful_retention_v1_2026-09-28,paper_ssp_200m_strong_v1,4,500,500.0,B4,tr_d1ea9e6ed537_gpu,0.9539499999999999,0.5833333333333334,0.0,0,0.8,1,5,1,0,8265.0,101.296,945.0,9311.296,80896,20400,101296,0.7986100142157637,0.08333333333333333,0.9166666666666666,partial,60.0,"{""repeat_sonar_scan"": 27, ""enter_exclusion_zone"": 204, ""exceed_return_energy_reserve"": 70, ""hold_station"": 70, ""reassign_another_auv"": 5, ""bounded_path_correction"": 393, ""abandon_mandatory_inspection"": 68, ""change_high_level_objective"": 3}","{""repeat_sonar_scan"": {""ALLOW"": 27, ""DENY"": 0, ""DEFER"": 0}, ""enter_exclusion_zone"": {""ALLOW"": 0, ""DENY"": 204, ""DEFER"": 0}, ""exceed_return_energy_reserve"": {""ALLOW"": 0, ""DENY"": 70, ""DEFER"": 0}, ""hold_station"": {""ALLOW"": 70, ""DENY"": 0, ""DEFER"": 0}, ""reassign_another_auv"": {""ALLOW"": 4, ""DENY"": 1, ""DEFER"": 0}, ""bounded_path_correction"": {""ALLOW"": 393, ""DENY"": 0, ""DEFER"": 0}, ""abandon_mandatory_inspection"": {""ALLOW"": 0, ""DENY"": 68, ""DEFER"": 0}, ""change_high_level_objective"": {""ALLOW"": 0, ""DENY"": 3, ""DEFER"": 0}}","{""low"": {""ALLOW"": 490, ""DENY"": 0, ""DEFER"": 0}, ""consequential"": {""ALLOW"": 4, ""DENY"": 346, ""DEFER"": 0}}","{""ALLOW_LOW_RISK"": 490, ""DENY_FORBIDDEN"": 330, ""ALLOW_AUTHORIZED"": 4, ""DENY_CONDITIONAL_UNMET"": 1, ""DENY_RECOVERING_HARD_SAFETY"": 15}"
b0c80b8952954b057e2294eece3ac2f79c8c32a1,23a55cd3fd55a96f,paper_risk_bounded_v2_2026-09-30,utility_v2_frozen_2026-09-28,safe_useful_retention_v1_2026-09-28,paper_ssp_200m_strong_v1,4,750,750.0,B4,tr_d1ea9e6ed537_gpu,0.95425,0.5833333333333334,0.0,0,0.8,1,5,1,0,8205.0,103.696,945.0,9253.696,77056,26640,103696,0.7430952013578151,0.5,0.5,partial,40.0,"{""repeat_sonar_scan"": 27, ""enter_exclusion_zone"": 204, ""exceed_return_energy_reserve"": 70, ""hold_station"": 70, ""reassign_another_auv"": 5, ""bounded_path_correction"": 390, ""abandon_mandatory_inspection"": 68, ""change_high_level_objective"": 6}","{""repeat_sonar_scan"": {""ALLOW"": 27, ""DENY"": 0, ""DEFER"": 0}, ""enter_exclusion_zone"": {""ALLOW"": 0, ""DENY"": 204, ""DEFER"": 0}, ""exceed_return_energy_reserve"": {""ALLOW"": 0, ""DENY"": 70, ""DEFER"": 0}, ""hold_station"": {""ALLOW"": 70, ""DENY"": 0, ""DEFER"": 0}, ""reassign_another_auv"": {""ALLOW"": 4, ""DENY"": 1, ""DEFER"": 0}, ""bounded_path_correction"": {""ALLOW"": 390, ""DENY"": 0, ""DEFER"": 0}, ""abandon_mandatory_inspection"": {""ALLOW"": 0, ""DENY"": 68, ""DEFER"": 0}, ""change_high_level_objective"": {""ALLOW"": 0, ""DENY"": 6, ""DEFER"": 0}}","{""low"": {""ALLOW"": 487, ""DENY"": 0, ""DEFER"": 0}, ""consequential"": {""ALLOW"": 4, ""DENY"": 349, ""DEFER"": 0}}","{""ALLOW_LOW_RISK"": 487, ""DENY_FORBIDDEN"": 335, ""ALLOW_AUTHORIZED"": 4, ""DENY_CONDITIONAL_UNMET"": 1, ""DENY_RECOVERING_HARD_SAFETY"": 13}"
b0c80b8952954b057e2294eece3ac2f79c8c32a1,ac76a340ee64d836,paper_risk_bounded_v2_2026-09-30,utility_v2_frozen_2026-09-28,safe_useful_retention_v1_2026-09-28,paper_ssp_200m_strong_v1,4,1000,1000.0,B4,tr_d1ea9e6ed537_gpu,0.95465,0.5833333333333334,0.0,0,0.8,1,5,1,0,8125.0,97.68,945.0,9167.68,65280,32400,97680,0.6683046683046683,0.3333333333333333,0.6666666666666666,partial,60.0,"{""repeat_sonar_scan"": 27, ""enter_exclusion_zone"": 201, ""exceed_return_energy_reserve"": 74, ""hold_station"": 70, ""reassign_another_auv"": 5, ""bounded_path_correction"": 386, ""abandon_mandatory_inspection"": 68, ""change_high_level_objective"": 9}","{""repeat_sonar_scan"": {""ALLOW"": 27, ""DENY"": 0, ""DEFER"": 0}, ""enter_exclusion_zone"": {""ALLOW"": 0, ""DENY"": 201, ""DEFER"": 0}, ""exceed_return_energy_reserve"": {""ALLOW"": 0, ""DENY"": 74, ""DEFER"": 0}, ""hold_station"": {""ALLOW"": 70, ""DENY"": 0, ""DEFER"": 0}, ""reassign_another_auv"": {""ALLOW"": 4, ""DENY"": 1, ""DEFER"": 0}, ""bounded_path_correction"": {""ALLOW"": 386, ""DENY"": 0, ""DEFER"": 0}, ""abandon_mandatory_inspection"": {""ALLOW"": 0, ""DENY"": 68, ""DEFER"": 0}, ""change_high_level_objective"": {""ALLOW"": 0, ""DENY"": 9, ""DEFER"": 0}}","{""low"": {""ALLOW"": 483, ""DENY"": 0, ""DEFER"": 0}, ""consequential"": {""ALLOW"": 4, ""DENY"": 353, ""DEFER"": 0}}","{""ALLOW_LOW_RISK"": 483, ""DENY_FORBIDDEN"": 309, ""ALLOW_AUTHORIZED"": 4, ""DENY_CONDITIONAL_UNMET"": 1, ""DENY_HARD_EXPIRY"": 30, ""DENY_RECOVERING_HARD_SAFETY"": 13}"
b0c80b8952954b057e2294eece3ac2f79c8c32a1,e1a2112c14a539a4,paper_risk_bounded_v2_2026-09-30,utility_v2_frozen_2026-09-28,safe_useful_retention_v1_2026-09-28,paper_ssp_200m_strong_v1,5,0,0.0,B4,tr_656c2a3d7e5e_gpu,-18.0462,0.5,0.0,0,1.0,0,6,1,0,8400.0,113.824,840.0,9353.824,97024,16800,113824,0.8524037109924093,,,idle,0.0,"{""repeat_sonar_scan"": 24, ""enter_exclusion_zone"": 209, ""exceed_return_energy_reserve"": 70, ""hold_station"": 70, ""reassign_another_auv"": 1, ""bounded_path_correction"": 402, ""abandon_mandatory_inspection"": 64}","{""repeat_sonar_scan"": {""ALLOW"": 24, ""DENY"": 0, ""DEFER"": 0}, ""enter_exclusion_zone"": {""ALLOW"": 0, ""DENY"": 209, ""DEFER"": 0}, ""exceed_return_energy_reserve"": {""ALLOW"": 0, ""DENY"": 70, ""DEFER"": 0}, ""hold_station"": {""ALLOW"": 70, ""DENY"": 0, ""DEFER"": 0}, ""reassign_another_auv"": {""ALLOW"": 1, ""DENY"": 0, ""DEFER"": 0}, ""bounded_path_correction"": {""ALLOW"": 402, ""DENY"": 0, ""DEFER"": 0}, ""abandon_mandatory_inspection"": {""ALLOW"": 0, ""DENY"": 64, ""DEFER"": 0}}","{""low"": {""ALLOW"": 496, ""DENY"": 0, ""DEFER"": 0}, ""consequential"": {""ALLOW"": 1, ""DENY"": 343, ""DEFER"": 0}}","{""ALLOW_LOW_RISK"": 496, ""DENY_FORBIDDEN"": 343, ""ALLOW_AUTHORIZED"": 1}"
b0c80b8952954b057e2294eece3ac2f79c8c32a1,b0b95651e98d8d50,paper_risk_bounded_v2_2026-09-30,utility_v2_frozen_2026-09-28,safe_useful_retention_v1_2026-09-28,paper_ssp_200m_strong_v1,5,150,150.0,B4,tr_656c2a3d7e5e_gpu,0.9535499999999999,0.5833333333333334,0.0,0,0.8,1,5,1,0,8345.0,124.57600000000001,945.0,9414.576,103936,20640,124576,0.834318006678654,0.3333333333333333,0.6666666666666666,partial,60.0,"{""repeat_sonar_scan"": 27, ""enter_exclusion_zone"": 206, ""exceed_return_energy_reserve"": 70, ""hold_station"": 70, ""reassign_another_auv"": 5, ""bounded_path_correction"": 397, ""abandon_mandatory_inspection"": 64, ""change_high_level_objective"": 1}","{""repeat_sonar_scan"": {""ALLOW"": 27, ""DENY"": 0, ""DEFER"": 0}, ""enter_exclusion_zone"": {""ALLOW"": 0, ""DENY"": 206, ""DEFER"": 0}, ""exceed_return_energy_reserve"": {""ALLOW"": 0, ""DENY"": 70, ""DEFER"": 0}, ""hold_station"": {""ALLOW"": 70, ""DENY"": 0, ""DEFER"": 0}, ""reassign_another_auv"": {""ALLOW"": 4, ""DENY"": 1, ""DEFER"": 0}, ""bounded_path_correction"": {""ALLOW"": 397, ""DENY"": 0, ""DEFER"": 0}, ""abandon_mandatory_inspection"": {""ALLOW"": 0, ""DENY"": 64, ""DEFER"": 0}, ""change_high_level_objective"": {""ALLOW"": 0, ""DENY"": 1, ""DEFER"": 0}}","{""low"": {""ALLOW"": 494, ""DENY"": 0, ""DEFER"": 0}, ""consequential"": {""ALLOW"": 4, ""DENY"": 342, ""DEFER"": 0}}","{""ALLOW_LOW_RISK"": 494, ""DENY_FORBIDDEN"": 328, ""ALLOW_AUTHORIZED"": 4, ""DENY_CONDITIONAL_UNMET"": 1, ""DENY_RECOVERING_HARD_SAFETY"": 13}"
b0c80b8952954b057e2294eece3ac2f79c8c32a1,abdb1cd324ce11f1,paper_risk_bounded_v2_2026-09-30,utility_v2_frozen_2026-09-28,safe_useful_retention_v1_2026-09-28,paper_ssp_200m_strong_v1,5,300,300.0,B4,tr_656c2a3d7e5e_gpu,0.9537500000000003,0.5833333333333334,0.0,0,0.8,1,5,1,0,8305.0,121.152,945.0,9371.152,97152,24000,121152,0.8019017432646592,0.25,0.75,partial,60.0,"{""repeat_sonar_scan"": 27, ""enter_exclusion_zone"": 207, ""exceed_return_energy_reserve"": 70, ""hold_station"": 70, ""reassign_another_auv"": 5, ""bounded_path_correction"": 395, ""abandon_mandatory_inspection"": 64, ""change_high_level_objective"": 2}","{""repeat_sonar_scan"": {""ALLOW"": 27, ""DENY"": 0, ""DEFER"": 0}, ""enter_exclusion_zone"": {""ALLOW"": 0, ""DENY"": 207, ""DEFER"": 0}, ""exceed_return_energy_reserve"": {""ALLOW"": 0, ""DENY"": 70, ""DEFER"": 0}, ""hold_station"": {""ALLOW"": 70, ""DENY"": 0, ""DEFER"": 0}, ""reassign_another_auv"": {""ALLOW"": 4, ""DENY"": 1, ""DEFER"": 0}, ""bounded_path_correction"": {""ALLOW"": 395, ""DENY"": 0, ""DEFER"": 0}, ""abandon_mandatory_inspection"": {""ALLOW"": 0, ""DENY"": 64, ""DEFER"": 0}, ""change_high_level_objective"": {""ALLOW"": 0, ""DENY"": 2, ""DEFER"": 0}}","{""low"": {""ALLOW"": 492, ""DENY"": 0, ""DEFER"": 0}, ""consequential"": {""ALLOW"": 4, ""DENY"": 344, ""DEFER"": 0}}","{""ALLOW_LOW_RISK"": 492, ""DENY_FORBIDDEN"": 329, ""ALLOW_AUTHORIZED"": 4, ""DENY_CONDITIONAL_UNMET"": 1, ""DENY_RECOVERING_HARD_SAFETY"": 14}"
b0c80b8952954b057e2294eece3ac2f79c8c32a1,8477ee0160a15613,paper_risk_bounded_v2_2026-09-30,utility_v2_frozen_2026-09-28,safe_useful_retention_v1_2026-09-28,paper_ssp_200m_strong_v1,5,500,500.0,B4,tr_656c2a3d7e5e_gpu,0.9539499999999999,0.5833333333333334,0.0,0,0.8,1,5,1,0,8265.0,113.28,945.0,9323.28,84480,28800,113280,0.7457627118644068,0.08333333333333333,0.9166666666666666,partial,60.0,"{""repeat_sonar_scan"": 27, ""enter_exclusion_zone"": 204, ""exceed_return_energy_reserve"": 70, ""hold_station"": 70, ""reassign_another_auv"": 5, ""bounded_path_correction"": 393, ""abandon_mandatory_inspection"": 68, ""change_high_level_objective"": 3}","{""repeat_sonar_scan"": {""ALLOW"": 27, ""DENY"": 0, ""DEFER"": 0}, ""enter_exclusion_zone"": {""ALLOW"": 0, ""DENY"": 204, ""DEFER"": 0}, ""exceed_return_energy_reserve"": {""ALLOW"": 0, ""DENY"": 70, ""DEFER"": 0}, ""hold_station"": {""ALLOW"": 70, ""DENY"": 0, ""DEFER"": 0}, ""reassign_another_auv"": {""ALLOW"": 4, ""DENY"": 1, ""DEFER"": 0}, ""bounded_path_correction"": {""ALLOW"": 393, ""DENY"": 0, ""DEFER"": 0}, ""abandon_mandatory_inspection"": {""ALLOW"": 0, ""DENY"": 68, ""DEFER"": 0}, ""change_high_level_objective"": {""ALLOW"": 0, ""DENY"": 3, ""DEFER"": 0}}","{""low"": {""ALLOW"": 490, ""DENY"": 0, ""DEFER"": 0}, ""consequential"": {""ALLOW"": 4, ""DENY"": 346, ""DEFER"": 0}}","{""ALLOW_LOW_RISK"": 490, ""DENY_FORBIDDEN"": 330, ""ALLOW_AUTHORIZED"": 4, ""DENY_CONDITIONAL_UNMET"": 1, ""DENY_RECOVERING_HARD_SAFETY"": 15}"
b0c80b8952954b057e2294eece3ac2f79c8c32a1,ad5dff549f5fc387,paper_risk_bounded_v2_2026-09-30,utility_v2_frozen_2026-09-28,safe_useful_retention_v1_2026-09-28,paper_ssp_200m_strong_v1,5,750,750.0,B4,tr_656c2a3d7e5e_gpu,0.95425,0.5833333333333334,0.0,0,0.8,1,5,1,0,8205.0,116.44800000000001,945.0,9266.448,81408,35040,116448,0.6990931574608409,0.5833333333333334,0.4166666666666667,partial,60.0,"{""repeat_sonar_scan"": 27, ""enter_exclusion_zone"": 204, ""exceed_return_energy_reserve"": 70, ""hold_station"": 70, ""reassign_another_auv"": 5, ""bounded_path_correction"": 390, ""abandon_mandatory_inspection"": 68, ""change_high_level_objective"": 6}","{""repeat_sonar_scan"": {""ALLOW"": 27, ""DENY"": 0, ""DEFER"": 0}, ""enter_exclusion_zone"": {""ALLOW"": 0, ""DENY"": 204, ""DEFER"": 0}, ""exceed_return_energy_reserve"": {""ALLOW"": 0, ""DENY"": 70, ""DEFER"": 0}, ""hold_station"": {""ALLOW"": 70, ""DENY"": 0, ""DEFER"": 0}, ""reassign_another_auv"": {""ALLOW"": 4, ""DENY"": 1, ""DEFER"": 0}, ""bounded_path_correction"": {""ALLOW"": 390, ""DENY"": 0, ""DEFER"": 0}, ""abandon_mandatory_inspection"": {""ALLOW"": 0, ""DENY"": 68, ""DEFER"": 0}, ""change_high_level_objective"": {""ALLOW"": 0, ""DENY"": 6, ""DEFER"": 0}}","{""low"": {""ALLOW"": 487, ""DENY"": 0, ""DEFER"": 0}, ""consequential"": {""ALLOW"": 4, ""DENY"": 349, ""DEFER"": 0}}","{""ALLOW_LOW_RISK"": 487, ""DENY_FORBIDDEN"": 335, ""ALLOW_AUTHORIZED"": 4, ""DENY_CONDITIONAL_UNMET"": 1, ""DENY_RECOVERING_HARD_SAFETY"": 13}"
b0c80b8952954b057e2294eece3ac2f79c8c32a1,45efc65a392c1abf,paper_risk_bounded_v2_2026-09-30,utility_v2_frozen_2026-09-28,safe_useful_retention_v1_2026-09-28,paper_ssp_200m_strong_v1,5,1000,1000.0,B4,tr_656c2a3d7e5e_gpu,0.95465,0.5833333333333334,0.0,0,0.8,1,5,1,0,8125.0,107.488,945.0,9177.488,66688,40800,107488,0.6204227448645431,0.3333333333333333,0.6666666666666666,partial,60.0,"{""repeat_sonar_scan"": 27, ""enter_exclusion_zone"": 201, ""exceed_return_energy_reserve"": 74, ""hold_station"": 70, ""reassign_another_auv"": 5, ""bounded_path_correction"": 386, ""abandon_mandatory_inspection"": 68, ""change_high_level_objective"": 9}","{""repeat_sonar_scan"": {""ALLOW"": 27, ""DENY"": 0, ""DEFER"": 0}, ""enter_exclusion_zone"": {""ALLOW"": 0, ""DENY"": 201, ""DEFER"": 0}, ""exceed_return_energy_reserve"": {""ALLOW"": 0, ""DENY"": 74, ""DEFER"": 0}, ""hold_station"": {""ALLOW"": 70, ""DENY"": 0, ""DEFER"": 0}, ""reassign_another_auv"": {""ALLOW"": 4, ""DENY"": 1, ""DEFER"": 0}, ""bounded_path_correction"": {""ALLOW"": 386, ""DENY"": 0, ""DEFER"": 0}, ""abandon_mandatory_inspection"": {""ALLOW"": 0, ""DENY"": 68, ""DEFER"": 0}, ""change_high_level_objective"": {""ALLOW"": 0, ""DENY"": 9, ""DEFER"": 0}}","{""low"": {""ALLOW"": 483, ""DENY"": 0, ""DEFER"": 0}, ""consequential"": {""ALLOW"": 4, ""DENY"": 353, ""DEFER"": 0}}","{""ALLOW_LOW_RISK"": 483, ""DENY_FORBIDDEN"": 309, ""ALLOW_AUTHORIZED"": 4, ""DENY_CONDITIONAL_UNMET"": 1, ""DENY_HARD_EXPIRY"": 30, ""DENY_RECOVERING_HARD_SAFETY"": 13}"
b0c80b8952954b057e2294eece3ac2f79c8c32a1,5d362e0a958f052f,paper_risk_bounded_v2_2026-09-30,utility_v2_frozen_2026-09-28,safe_useful_retention_v1_2026-09-28,paper_ssp_200m_strong_v1,6,0,0.0,B4,tr_59abcdc50842_gpu,-18.0462,0.5,0.0,0,1.0,0,6,1,0,8400.0,103.632,840.0,9343.632,95232,8400,103632,0.9189439555349699,,,idle,0.0,"{""repeat_sonar_scan"": 24, ""enter_exclusion_zone"": 209, ""exceed_return_energy_reserve"": 70, ""hold_station"": 70, ""reassign_another_auv"": 1, ""bounded_path_correction"": 402, ""abandon_mandatory_inspection"": 64}","{""repeat_sonar_scan"": {""ALLOW"": 24, ""DENY"": 0, ""DEFER"": 0}, ""enter_exclusion_zone"": {""ALLOW"": 0, ""DENY"": 209, ""DEFER"": 0}, ""exceed_return_energy_reserve"": {""ALLOW"": 0, ""DENY"": 70, ""DEFER"": 0}, ""hold_station"": {""ALLOW"": 70, ""DENY"": 0, ""DEFER"": 0}, ""reassign_another_auv"": {""ALLOW"": 1, ""DENY"": 0, ""DEFER"": 0}, ""bounded_path_correction"": {""ALLOW"": 402, ""DENY"": 0, ""DEFER"": 0}, ""abandon_mandatory_inspection"": {""ALLOW"": 0, ""DENY"": 64, ""DEFER"": 0}}","{""low"": {""ALLOW"": 496, ""DENY"": 0, ""DEFER"": 0}, ""consequential"": {""ALLOW"": 1, ""DENY"": 343, ""DEFER"": 0}}","{""ALLOW_LOW_RISK"": 496, ""DENY_FORBIDDEN"": 343, ""ALLOW_AUTHORIZED"": 1}"
b0c80b8952954b057e2294eece3ac2f79c8c32a1,a61b01f75ff469d1,paper_risk_bounded_v2_2026-09-30,utility_v2_frozen_2026-09-28,safe_useful_retention_v1_2026-09-28,paper_ssp_200m_strong_v1,6,150,150.0,B4,tr_59abcdc50842_gpu,0.9535499999999999,0.5833333333333334,0.0,0,0.8,1,5,1,0,8345.0,114.384,945.0,9404.384,102144,12240,114384,0.892992026856903,0.25,0.75,partial,60.0,"{""repeat_sonar_scan"": 27, ""enter_exclusion_zone"": 206, ""exceed_return_energy_reserve"": 70, ""hold_station"": 70, ""reassign_another_auv"": 5, ""bounded_path_correction"": 397, ""abandon_mandatory_inspection"": 64, ""change_high_level_objective"": 1}","{""repeat_sonar_scan"": {""ALLOW"": 27, ""DENY"": 0, ""DEFER"": 0}, ""enter_exclusion_zone"": {""ALLOW"": 0, ""DENY"": 206, ""DEFER"": 0}, ""exceed_return_energy_reserve"": {""ALLOW"": 0, ""DENY"": 70, ""DEFER"": 0}, ""hold_station"": {""ALLOW"": 70, ""DENY"": 0, ""DEFER"": 0}, ""reassign_another_auv"": {""ALLOW"": 4, ""DENY"": 1, ""DEFER"": 0}, ""bounded_path_correction"": {""ALLOW"": 397, ""DENY"": 0, ""DEFER"": 0}, ""abandon_mandatory_inspection"": {""ALLOW"": 0, ""DENY"": 64, ""DEFER"": 0}, ""change_high_level_objective"": {""ALLOW"": 0, ""DENY"": 1, ""DEFER"": 0}}","{""low"": {""ALLOW"": 494, ""DENY"": 0, ""DEFER"": 0}, ""consequential"": {""ALLOW"": 4, ""DENY"": 342, ""DEFER"": 0}}","{""ALLOW_LOW_RISK"": 494, ""DENY_FORBIDDEN"": 328, ""ALLOW_AUTHORIZED"": 4, ""DENY_CONDITIONAL_UNMET"": 1, ""DENY_RECOVERING_HARD_SAFETY"": 13}"
b0c80b8952954b057e2294eece3ac2f79c8c32a1,7f75ce57bfc2d29d,paper_risk_bounded_v2_2026-09-30,utility_v2_frozen_2026-09-28,safe_useful_retention_v1_2026-09-28,paper_ssp_200m_strong_v1,6,300,300.0,B4,tr_59abcdc50842_gpu,0.9537500000000003,0.5833333333333334,0.0,0,0.8,1,5,1,0,8305.0,111.34400000000001,945.0,9361.344,95744,15600,111344,0.859893662882598,0.3333333333333333,0.6666666666666666,partial,60.0,"{""repeat_sonar_scan"": 27, ""enter_exclusion_zone"": 207, ""exceed_return_energy_reserve"": 70, ""hold_station"": 70, ""reassign_another_auv"": 5, ""bounded_path_correction"": 395, ""abandon_mandatory_inspection"": 64, ""change_high_level_objective"": 2}","{""repeat_sonar_scan"": {""ALLOW"": 27, ""DENY"": 0, ""DEFER"": 0}, ""enter_exclusion_zone"": {""ALLOW"": 0, ""DENY"": 207, ""DEFER"": 0}, ""exceed_return_energy_reserve"": {""ALLOW"": 0, ""DENY"": 70, ""DEFER"": 0}, ""hold_station"": {""ALLOW"": 70, ""DENY"": 0, ""DEFER"": 0}, ""reassign_another_auv"": {""ALLOW"": 4, ""DENY"": 1, ""DEFER"": 0}, ""bounded_path_correction"": {""ALLOW"": 395, ""DENY"": 0, ""DEFER"": 0}, ""abandon_mandatory_inspection"": {""ALLOW"": 0, ""DENY"": 64, ""DEFER"": 0}, ""change_high_level_objective"": {""ALLOW"": 0, ""DENY"": 2, ""DEFER"": 0}}","{""low"": {""ALLOW"": 492, ""DENY"": 0, ""DEFER"": 0}, ""consequential"": {""ALLOW"": 4, ""DENY"": 344, ""DEFER"": 0}}","{""ALLOW_LOW_RISK"": 492, ""DENY_FORBIDDEN"": 329, ""ALLOW_AUTHORIZED"": 4, ""DENY_CONDITIONAL_UNMET"": 1, ""DENY_RECOVERING_HARD_SAFETY"": 14}"
b0c80b8952954b057e2294eece3ac2f79c8c32a1,9b0d7f9965c0e396,paper_risk_bounded_v2_2026-09-30,utility_v2_frozen_2026-09-28,safe_useful_retention_v1_2026-09-28,paper_ssp_200m_strong_v1,6,500,500.0,B4,tr_59abcdc50842_gpu,0.9539499999999999,0.5833333333333334,0.0,0,0.8,1,5,1,0,8265.0,103.85600000000001,945.0,9313.856,83456,20400,103856,0.8035741796333384,0.16666666666666666,0.8333333333333334,partial,60.0,"{""repeat_sonar_scan"": 27, ""enter_exclusion_zone"": 204, ""exceed_return_energy_reserve"": 70, ""hold_station"": 70, ""reassign_another_auv"": 5, ""bounded_path_correction"": 393, ""abandon_mandatory_inspection"": 68, ""change_high_level_objective"": 3}","{""repeat_sonar_scan"": {""ALLOW"": 27, ""DENY"": 0, ""DEFER"": 0}, ""enter_exclusion_zone"": {""ALLOW"": 0, ""DENY"": 204, ""DEFER"": 0}, ""exceed_return_energy_reserve"": {""ALLOW"": 0, ""DENY"": 70, ""DEFER"": 0}, ""hold_station"": {""ALLOW"": 70, ""DENY"": 0, ""DEFER"": 0}, ""reassign_another_auv"": {""ALLOW"": 4, ""DENY"": 1, ""DEFER"": 0}, ""bounded_path_correction"": {""ALLOW"": 393, ""DENY"": 0, ""DEFER"": 0}, ""abandon_mandatory_inspection"": {""ALLOW"": 0, ""DENY"": 68, ""DEFER"": 0}, ""change_high_level_objective"": {""ALLOW"": 0, ""DENY"": 3, ""DEFER"": 0}}","{""low"": {""ALLOW"": 490, ""DENY"": 0, ""DEFER"": 0}, ""consequential"": {""ALLOW"": 4, ""DENY"": 346, ""DEFER"": 0}}","{""ALLOW_LOW_RISK"": 490, ""DENY_FORBIDDEN"": 330, ""ALLOW_AUTHORIZED"": 4, ""DENY_CONDITIONAL_UNMET"": 1, ""DENY_RECOVERING_HARD_SAFETY"": 15}"
b0c80b8952954b057e2294eece3ac2f79c8c32a1,2e8bb8e069a148cb,paper_risk_bounded_v2_2026-09-30,utility_v2_frozen_2026-09-28,safe_useful_retention_v1_2026-09-28,paper_ssp_200m_strong_v1,6,750,750.0,B4,tr_59abcdc50842_gpu,0.95425,0.5833333333333334,0.0,0,0.8,1,5,1,0,8205.0,105.872,945.0,9255.872,79232,26640,105872,0.7483753967054556,0.6666666666666666,0.3333333333333333,partial,60.0,"{""repeat_sonar_scan"": 27, ""enter_exclusion_zone"": 204, ""exceed_return_energy_reserve"": 70, ""hold_station"": 70, ""reassign_another_auv"": 5, ""bounded_path_correction"": 390, ""abandon_mandatory_inspection"": 68, ""change_high_level_objective"": 6}","{""repeat_sonar_scan"": {""ALLOW"": 27, ""DENY"": 0, ""DEFER"": 0}, ""enter_exclusion_zone"": {""ALLOW"": 0, ""DENY"": 204, ""DEFER"": 0}, ""exceed_return_energy_reserve"": {""ALLOW"": 0, ""DENY"": 70, ""DEFER"": 0}, ""hold_station"": {""ALLOW"": 70, ""DENY"": 0, ""DEFER"": 0}, ""reassign_another_auv"": {""ALLOW"": 4, ""DENY"": 1, ""DEFER"": 0}, ""bounded_path_correction"": {""ALLOW"": 390, ""DENY"": 0, ""DEFER"": 0}, ""abandon_mandatory_inspection"": {""ALLOW"": 0, ""DENY"": 68, ""DEFER"": 0}, ""change_high_level_objective"": {""ALLOW"": 0, ""DENY"": 6, ""DEFER"": 0}}","{""low"": {""ALLOW"": 487, ""DENY"": 0, ""DEFER"": 0}, ""consequential"": {""ALLOW"": 4, ""DENY"": 349, ""DEFER"": 0}}","{""ALLOW_LOW_RISK"": 487, ""DENY_FORBIDDEN"": 337, ""ALLOW_AUTHORIZED"": 4, ""DENY_CONDITIONAL_UNMET"": 1, ""DENY_RECOVERING_HARD_SAFETY"": 11}"
b0c80b8952954b057e2294eece3ac2f79c8c32a1,32f80c50cb7db426,paper_risk_bounded_v2_2026-09-30,utility_v2_frozen_2026-09-28,safe_useful_retention_v1_2026-09-28,paper_ssp_200m_strong_v1,6,1000,1000.0,B4,tr_59abcdc50842_gpu,0.95465,0.5833333333333334,0.0,0,0.8,1,5,1,0,8125.0,99.21600000000001,945.0,9169.216,66816,32400,99216,0.6734397677793904,0.5,0.5,partial,60.0,"{""repeat_sonar_scan"": 27, ""enter_exclusion_zone"": 201, ""exceed_return_energy_reserve"": 74, ""hold_station"": 70, ""reassign_another_auv"": 5, ""bounded_path_correction"": 386, ""abandon_mandatory_inspection"": 68, ""change_high_level_objective"": 9}","{""repeat_sonar_scan"": {""ALLOW"": 27, ""DENY"": 0, ""DEFER"": 0}, ""enter_exclusion_zone"": {""ALLOW"": 0, ""DENY"": 201, ""DEFER"": 0}, ""exceed_return_energy_reserve"": {""ALLOW"": 0, ""DENY"": 74, ""DEFER"": 0}, ""hold_station"": {""ALLOW"": 70, ""DENY"": 0, ""DEFER"": 0}, ""reassign_another_auv"": {""ALLOW"": 4, ""DENY"": 1, ""DEFER"": 0}, ""bounded_path_correction"": {""ALLOW"": 386, ""DENY"": 0, ""DEFER"": 0}, ""abandon_mandatory_inspection"": {""ALLOW"": 0, ""DENY"": 68, ""DEFER"": 0}, ""change_high_level_objective"": {""ALLOW"": 0, ""DENY"": 9, ""DEFER"": 0}}","{""low"": {""ALLOW"": 483, ""DENY"": 0, ""DEFER"": 0}, ""consequential"": {""ALLOW"": 4, ""DENY"": 353, ""DEFER"": 0}}","{""ALLOW_LOW_RISK"": 483, ""DENY_FORBIDDEN"": 310, ""ALLOW_AUTHORIZED"": 4, ""DENY_CONDITIONAL_UNMET"": 1, ""DENY_HARD_EXPIRY"": 30, ""DENY_RECOVERING_HARD_SAFETY"": 12}"
b0c80b8952954b057e2294eece3ac2f79c8c32a1,a93ef5438eed5de5,paper_risk_bounded_v2_2026-09-30,utility_v2_frozen_2026-09-28,safe_useful_retention_v1_2026-09-28,paper_ssp_200m_strong_v1,7,0,0.0,B4,tr_4e1f28b2f305_gpu,-18.0462,0.5,0.0,0,1.0,0,6,1,0,8400.0,103.632,840.0,9343.632,95232,8400,103632,0.9189439555349699,,,idle,0.0,"{""repeat_sonar_scan"": 24, ""enter_exclusion_zone"": 209, ""exceed_return_energy_reserve"": 70, ""hold_station"": 70, ""reassign_another_auv"": 1, ""bounded_path_correction"": 402, ""abandon_mandatory_inspection"": 64}","{""repeat_sonar_scan"": {""ALLOW"": 24, ""DENY"": 0, ""DEFER"": 0}, ""enter_exclusion_zone"": {""ALLOW"": 0, ""DENY"": 209, ""DEFER"": 0}, ""exceed_return_energy_reserve"": {""ALLOW"": 0, ""DENY"": 70, ""DEFER"": 0}, ""hold_station"": {""ALLOW"": 70, ""DENY"": 0, ""DEFER"": 0}, ""reassign_another_auv"": {""ALLOW"": 1, ""DENY"": 0, ""DEFER"": 0}, ""bounded_path_correction"": {""ALLOW"": 402, ""DENY"": 0, ""DEFER"": 0}, ""abandon_mandatory_inspection"": {""ALLOW"": 0, ""DENY"": 64, ""DEFER"": 0}}","{""low"": {""ALLOW"": 496, ""DENY"": 0, ""DEFER"": 0}, ""consequential"": {""ALLOW"": 1, ""DENY"": 343, ""DEFER"": 0}}","{""ALLOW_LOW_RISK"": 496, ""DENY_FORBIDDEN"": 343, ""ALLOW_AUTHORIZED"": 1}"
b0c80b8952954b057e2294eece3ac2f79c8c32a1,9ce5d5eb6ec8db30,paper_risk_bounded_v2_2026-09-30,utility_v2_frozen_2026-09-28,safe_useful_retention_v1_2026-09-28,paper_ssp_200m_strong_v1,7,150,150.0,B4,tr_4e1f28b2f305_gpu,0.9535499999999999,0.5833333333333334,0.0,0,0.8,1,5,1,0,8345.0,109.776,945.0,9399.776,97536,12240,109776,0.8885002186270223,0.0,1.0,timeout,60.0,"{""repeat_sonar_scan"": 27, ""enter_exclusion_zone"": 206, ""exceed_return_energy_reserve"": 70, ""hold_station"": 70, ""reassign_another_auv"": 5, ""bounded_path_correction"": 397, ""abandon_mandatory_inspection"": 64, ""change_high_level_objective"": 1}","{""repeat_sonar_scan"": {""ALLOW"": 27, ""DENY"": 0, ""DEFER"": 0}, ""enter_exclusion_zone"": {""ALLOW"": 0, ""DENY"": 206, ""DEFER"": 0}, ""exceed_return_energy_reserve"": {""ALLOW"": 0, ""DENY"": 70, ""DEFER"": 0}, ""hold_station"": {""ALLOW"": 70, ""DENY"": 0, ""DEFER"": 0}, ""reassign_another_auv"": {""ALLOW"": 4, ""DENY"": 1, ""DEFER"": 0}, ""bounded_path_correction"": {""ALLOW"": 397, ""DENY"": 0, ""DEFER"": 0}, ""abandon_mandatory_inspection"": {""ALLOW"": 0, ""DENY"": 64, ""DEFER"": 0}, ""change_high_level_objective"": {""ALLOW"": 0, ""DENY"": 1, ""DEFER"": 0}}","{""low"": {""ALLOW"": 494, ""DENY"": 0, ""DEFER"": 0}, ""consequential"": {""ALLOW"": 4, ""DENY"": 342, ""DEFER"": 0}}","{""ALLOW_LOW_RISK"": 494, ""DENY_FORBIDDEN"": 326, ""ALLOW_AUTHORIZED"": 4, ""DENY_CONDITIONAL_UNMET"": 1, ""DENY_RECOVERING_HARD_SAFETY"": 15}"
b0c80b8952954b057e2294eece3ac2f79c8c32a1,575af87dba9ae4f4,paper_risk_bounded_v2_2026-09-30,utility_v2_frozen_2026-09-28,safe_useful_retention_v1_2026-09-28,paper_ssp_200m_strong_v1,7,300,300.0,B4,tr_4e1f28b2f305_gpu,0.9537500000000003,0.5833333333333334,0.0,0,0.8,1,5,1,0,8305.0,111.34400000000001,945.0,9361.344,95744,15600,111344,0.859893662882598,0.3333333333333333,0.6666666666666666,partial,60.0,"{""repeat_sonar_scan"": 27, ""enter_exclusion_zone"": 207, ""exceed_return_energy_reserve"": 70, ""hold_station"": 70, ""reassign_another_auv"": 5, ""bounded_path_correction"": 395, ""abandon_mandatory_inspection"": 64, ""change_high_level_objective"": 2}","{""repeat_sonar_scan"": {""ALLOW"": 27, ""DENY"": 0, ""DEFER"": 0}, ""enter_exclusion_zone"": {""ALLOW"": 0, ""DENY"": 207, ""DEFER"": 0}, ""exceed_return_energy_reserve"": {""ALLOW"": 0, ""DENY"": 70, ""DEFER"": 0}, ""hold_station"": {""ALLOW"": 70, ""DENY"": 0, ""DEFER"": 0}, ""reassign_another_auv"": {""ALLOW"": 4, ""DENY"": 1, ""DEFER"": 0}, ""bounded_path_correction"": {""ALLOW"": 395, ""DENY"": 0, ""DEFER"": 0}, ""abandon_mandatory_inspection"": {""ALLOW"": 0, ""DENY"": 64, ""DEFER"": 0}, ""change_high_level_objective"": {""ALLOW"": 0, ""DENY"": 2, ""DEFER"": 0}}","{""low"": {""ALLOW"": 492, ""DENY"": 0, ""DEFER"": 0}, ""consequential"": {""ALLOW"": 4, ""DENY"": 344, ""DEFER"": 0}}","{""ALLOW_LOW_RISK"": 492, ""DENY_FORBIDDEN"": 329, ""ALLOW_AUTHORIZED"": 4, ""DENY_CONDITIONAL_UNMET"": 1, ""DENY_RECOVERING_HARD_SAFETY"": 14}"
b0c80b8952954b057e2294eece3ac2f79c8c32a1,c7f8ae3213037c24,paper_risk_bounded_v2_2026-09-30,utility_v2_frozen_2026-09-28,safe_useful_retention_v1_2026-09-28,paper_ssp_200m_strong_v1,7,500,500.0,B4,tr_4e1f28b2f305_gpu,0.9539499999999999,0.5833333333333334,0.0,0,0.8,1,5,1,0,8265.0,103.34400000000001,945.0,9313.344,82944,20400,103344,0.8026010218300046,0.08333333333333333,0.9166666666666666,partial,60.0,"{""repeat_sonar_scan"": 27, ""enter_exclusion_zone"": 204, ""exceed_return_energy_reserve"": 70, ""hold_station"": 70, ""reassign_another_auv"": 5, ""bounded_path_correction"": 393, ""abandon_mandatory_inspection"": 68, ""change_high_level_objective"": 3}","{""repeat_sonar_scan"": {""ALLOW"": 27, ""DENY"": 0, ""DEFER"": 0}, ""enter_exclusion_zone"": {""ALLOW"": 0, ""DENY"": 204, ""DEFER"": 0}, ""exceed_return_energy_reserve"": {""ALLOW"": 0, ""DENY"": 70, ""DEFER"": 0}, ""hold_station"": {""ALLOW"": 70, ""DENY"": 0, ""DEFER"": 0}, ""reassign_another_auv"": {""ALLOW"": 4, ""DENY"": 1, ""DEFER"": 0}, ""bounded_path_correction"": {""ALLOW"": 393, ""DENY"": 0, ""DEFER"": 0}, ""abandon_mandatory_inspection"": {""ALLOW"": 0, ""DENY"": 68, ""DEFER"": 0}, ""change_high_level_objective"": {""ALLOW"": 0, ""DENY"": 3, ""DEFER"": 0}}","{""low"": {""ALLOW"": 490, ""DENY"": 0, ""DEFER"": 0}, ""consequential"": {""ALLOW"": 4, ""DENY"": 346, ""DEFER"": 0}}","{""ALLOW_LOW_RISK"": 490, ""DENY_FORBIDDEN"": 330, ""ALLOW_AUTHORIZED"": 4, ""DENY_CONDITIONAL_UNMET"": 1, ""DENY_RECOVERING_HARD_SAFETY"": 15}"
b0c80b8952954b057e2294eece3ac2f79c8c32a1,40b2b3fc92f95abe,paper_risk_bounded_v2_2026-09-30,utility_v2_frozen_2026-09-28,safe_useful_retention_v1_2026-09-28,paper_ssp_200m_strong_v1,7,750,750.0,B4,tr_4e1f28b2f305_gpu,0.95425,0.5833333333333334,0.0,0,0.8,1,5,1,0,8205.0,104.976,945.0,9254.976,78336,26640,104976,0.7462277091906722,0.5,0.5,partial,40.0,"{""repeat_sonar_scan"": 27, ""enter_exclusion_zone"": 204, ""exceed_return_energy_reserve"": 70, ""hold_station"": 70, ""reassign_another_auv"": 5, ""bounded_path_correction"": 390, ""abandon_mandatory_inspection"": 68, ""change_high_level_objective"": 6}","{""repeat_sonar_scan"": {""ALLOW"": 27, ""DENY"": 0, ""DEFER"": 0}, ""enter_exclusion_zone"": {""ALLOW"": 0, ""DENY"": 204, ""DEFER"": 0}, ""exceed_return_energy_reserve"": {""ALLOW"": 0, ""DENY"": 70, ""DEFER"": 0}, ""hold_station"": {""ALLOW"": 70, ""DENY"": 0, ""DEFER"": 0}, ""reassign_another_auv"": {""ALLOW"": 4, ""DENY"": 1, ""DEFER"": 0}, ""bounded_path_correction"": {""ALLOW"": 390, ""DENY"": 0, ""DEFER"": 0}, ""abandon_mandatory_inspection"": {""ALLOW"": 0, ""DENY"": 68, ""DEFER"": 0}, ""change_high_level_objective"": {""ALLOW"": 0, ""DENY"": 6, ""DEFER"": 0}}","{""low"": {""ALLOW"": 487, ""DENY"": 0, ""DEFER"": 0}, ""consequential"": {""ALLOW"": 4, ""DENY"": 349, ""DEFER"": 0}}","{""ALLOW_LOW_RISK"": 487, ""DENY_FORBIDDEN"": 335, ""ALLOW_AUTHORIZED"": 4, ""DENY_CONDITIONAL_UNMET"": 1, ""DENY_RECOVERING_HARD_SAFETY"": 13}"
b0c80b8952954b057e2294eece3ac2f79c8c32a1,01a74f9c67fdfc2b,paper_risk_bounded_v2_2026-09-30,utility_v2_frozen_2026-09-28,safe_useful_retention_v1_2026-09-28,paper_ssp_200m_strong_v1,7,1000,1000.0,B4,tr_4e1f28b2f305_gpu,0.95465,0.5833333333333334,0.0,0,0.8,1,5,1,0,8125.0,98.83200000000001,945.0,9168.832,66432,32400,98832,0.6721709567751336,0.3333333333333333,0.6666666666666666,partial,60.0,"{""repeat_sonar_scan"": 27, ""enter_exclusion_zone"": 201, ""exceed_return_energy_reserve"": 74, ""hold_station"": 70, ""reassign_another_auv"": 5, ""bounded_path_correction"": 386, ""abandon_mandatory_inspection"": 68, ""change_high_level_objective"": 9}","{""repeat_sonar_scan"": {""ALLOW"": 27, ""DENY"": 0, ""DEFER"": 0}, ""enter_exclusion_zone"": {""ALLOW"": 0, ""DENY"": 201, ""DEFER"": 0}, ""exceed_return_energy_reserve"": {""ALLOW"": 0, ""DENY"": 74, ""DEFER"": 0}, ""hold_station"": {""ALLOW"": 70, ""DENY"": 0, ""DEFER"": 0}, ""reassign_another_auv"": {""ALLOW"": 4, ""DENY"": 1, ""DEFER"": 0}, ""bounded_path_correction"": {""ALLOW"": 386, ""DENY"": 0, ""DEFER"": 0}, ""abandon_mandatory_inspection"": {""ALLOW"": 0, ""DENY"": 68, ""DEFER"": 0}, ""change_high_level_objective"": {""ALLOW"": 0, ""DENY"": 9, ""DEFER"": 0}}","{""low"": {""ALLOW"": 483, ""DENY"": 0, ""DEFER"": 0}, ""consequential"": {""ALLOW"": 4, ""DENY"": 353, ""DEFER"": 0}}","{""ALLOW_LOW_RISK"": 483, ""DENY_FORBIDDEN"": 309, ""ALLOW_AUTHORIZED"": 4, ""DENY_CONDITIONAL_UNMET"": 1, ""DENY_HARD_EXPIRY"": 30, ""DENY_RECOVERING_HARD_SAFETY"": 13}"
b0c80b8952954b057e2294eece3ac2f79c8c32a1,3fe31812ea7952cc,paper_risk_bounded_v2_2026-09-30,utility_v2_frozen_2026-09-28,safe_useful_retention_v1_2026-09-28,paper_ssp_200m_strong_v1,8,0,0.0,B4,tr_cdd5f1950a3c_gpu,-18.0446,0.5,0.0,0,0.2,0,6,1,0,8080.0,67.2,840.0,8987.2,0,67200,67200,0.0,,,idle,0.0,"{""repeat_sonar_scan"": 24, ""enter_exclusion_zone"": 201, ""exceed_return_energy_reserve"": 74, ""hold_station"": 70, ""reassign_another_auv"": 5, ""bounded_path_correction"": 386, ""abandon_mandatory_inspection"": 68, ""change_high_level_objective"": 12}","{""repeat_sonar_scan"": {""ALLOW"": 24, ""DENY"": 0, ""DEFER"": 0}, ""enter_exclusion_zone"": {""ALLOW"": 0, ""DENY"": 201, ""DEFER"": 0}, ""exceed_return_energy_reserve"": {""ALLOW"": 0, ""DENY"": 74, ""DEFER"": 0}, ""hold_station"": {""ALLOW"": 70, ""DENY"": 0, ""DEFER"": 0}, ""reassign_another_auv"": {""ALLOW"": 1, ""DENY"": 4, ""DEFER"": 0}, ""bounded_path_correction"": {""ALLOW"": 386, ""DENY"": 0, ""DEFER"": 0}, ""abandon_mandatory_inspection"": {""ALLOW"": 0, ""DENY"": 68, ""DEFER"": 0}, ""change_high_level_objective"": {""ALLOW"": 0, ""DENY"": 12, ""DEFER"": 0}}","{""low"": {""ALLOW"": 480, ""DENY"": 0, ""DEFER"": 0}, ""consequential"": {""ALLOW"": 1, ""DENY"": 359, ""DEFER"": 0}}","{""ALLOW_LOW_RISK"": 480, ""DENY_FORBIDDEN"": 227, ""ALLOW_AUTHORIZED"": 1, ""DENY_HARD_EXPIRY"": 132}"
b0c80b8952954b057e2294eece3ac2f79c8c32a1,3825acdbd767db6f,paper_risk_bounded_v2_2026-09-30,utility_v2_frozen_2026-09-28,safe_useful_retention_v1_2026-09-28,paper_ssp_200m_strong_v1,8,150,150.0,B4,tr_cdd5f1950a3c_gpu,-18.0446,0.5,0.0,0,0.2,0,6,1,0,8080.0,67.2,840.0,8987.2,0,67200,67200,0.0,0.0,1.0,timeout,60.0,"{""repeat_sonar_scan"": 24, ""enter_exclusion_zone"": 201, ""exceed_return_energy_reserve"": 74, ""hold_station"": 70, ""reassign_another_auv"": 5, ""bounded_path_correction"": 386, ""abandon_mandatory_inspection"": 68, ""change_high_level_objective"": 12}","{""repeat_sonar_scan"": {""ALLOW"": 24, ""DENY"": 0, ""DEFER"": 0}, ""enter_exclusion_zone"": {""ALLOW"": 0, ""DENY"": 201, ""DEFER"": 0}, ""exceed_return_energy_reserve"": {""ALLOW"": 0, ""DENY"": 74, ""DEFER"": 0}, ""hold_station"": {""ALLOW"": 70, ""DENY"": 0, ""DEFER"": 0}, ""reassign_another_auv"": {""ALLOW"": 1, ""DENY"": 4, ""DEFER"": 0}, ""bounded_path_correction"": {""ALLOW"": 386, ""DENY"": 0, ""DEFER"": 0}, ""abandon_mandatory_inspection"": {""ALLOW"": 0, ""DENY"": 68, ""DEFER"": 0}, ""change_high_level_objective"": {""ALLOW"": 0, ""DENY"": 12, ""DEFER"": 0}}","{""low"": {""ALLOW"": 480, ""DENY"": 0, ""DEFER"": 0}, ""consequential"": {""ALLOW"": 1, ""DENY"": 359, ""DEFER"": 0}}","{""ALLOW_LOW_RISK"": 480, ""DENY_FORBIDDEN"": 211, ""ALLOW_AUTHORIZED"": 1, ""DENY_RECOVERING_HARD_SAFETY"": 16, ""DENY_HARD_EXPIRY"": 132}"
b0c80b8952954b057e2294eece3ac2f79c8c32a1,f2a32fd784f90edf,paper_risk_bounded_v2_2026-09-30,utility_v2_frozen_2026-09-28,safe_useful_retention_v1_2026-09-28,paper_ssp_200m_strong_v1,8,300,300.0,B4,tr_cdd5f1950a3c_gpu,-18.0446,0.5,0.0,0,0.2,0,6,1,0,8080.0,67.2,840.0,8987.2,0,67200,67200,0.0,0.0,1.0,timeout,60.0,"{""repeat_sonar_scan"": 24, ""enter_exclusion_zone"": 201, ""exceed_return_energy_reserve"": 74, ""hold_station"": 70, ""reassign_another_auv"": 5, ""bounded_path_correction"": 386, ""abandon_mandatory_inspection"": 68, ""change_high_level_objective"": 12}","{""repeat_sonar_scan"": {""ALLOW"": 24, ""DENY"": 0, ""DEFER"": 0}, ""enter_exclusion_zone"": {""ALLOW"": 0, ""DENY"": 201, ""DEFER"": 0}, ""exceed_return_energy_reserve"": {""ALLOW"": 0, ""DENY"": 74, ""DEFER"": 0}, ""hold_station"": {""ALLOW"": 70, ""DENY"": 0, ""DEFER"": 0}, ""reassign_another_auv"": {""ALLOW"": 1, ""DENY"": 4, ""DEFER"": 0}, ""bounded_path_correction"": {""ALLOW"": 386, ""DENY"": 0, ""DEFER"": 0}, ""abandon_mandatory_inspection"": {""ALLOW"": 0, ""DENY"": 68, ""DEFER"": 0}, ""change_high_level_objective"": {""ALLOW"": 0, ""DENY"": 12, ""DEFER"": 0}}","{""low"": {""ALLOW"": 480, ""DENY"": 0, ""DEFER"": 0}, ""consequential"": {""ALLOW"": 1, ""DENY"": 359, ""DEFER"": 0}}","{""ALLOW_LOW_RISK"": 480, ""DENY_FORBIDDEN"": 212, ""ALLOW_AUTHORIZED"": 1, ""DENY_RECOVERING_HARD_SAFETY"": 15, ""DENY_HARD_EXPIRY"": 132}"
b0c80b8952954b057e2294eece3ac2f79c8c32a1,974309f801d305e9,paper_risk_bounded_v2_2026-09-30,utility_v2_frozen_2026-09-28,safe_useful_retention_v1_2026-09-28,paper_ssp_200m_strong_v1,8,500,500.0,B4,tr_cdd5f1950a3c_gpu,-18.0446,0.5,0.0,0,0.2,0,6,1,0,8080.0,67.2,840.0,8987.2,0,67200,67200,0.0,0.0,1.0,timeout,60.0,"{""repeat_sonar_scan"": 24, ""enter_exclusion_zone"": 201, ""exceed_return_energy_reserve"": 74, ""hold_station"": 70, ""reassign_another_auv"": 5, ""bounded_path_correction"": 386, ""abandon_mandatory_inspection"": 68, ""change_high_level_objective"": 12}","{""repeat_sonar_scan"": {""ALLOW"": 24, ""DENY"": 0, ""DEFER"": 0}, ""enter_exclusion_zone"": {""ALLOW"": 0, ""DENY"": 201, ""DEFER"": 0}, ""exceed_return_energy_reserve"": {""ALLOW"": 0, ""DENY"": 74, ""DEFER"": 0}, ""hold_station"": {""ALLOW"": 70, ""DENY"": 0, ""DEFER"": 0}, ""reassign_another_auv"": {""ALLOW"": 1, ""DENY"": 4, ""DEFER"": 0}, ""bounded_path_correction"": {""ALLOW"": 386, ""DENY"": 0, ""DEFER"": 0}, ""abandon_mandatory_inspection"": {""ALLOW"": 0, ""DENY"": 68, ""DEFER"": 0}, ""change_high_level_objective"": {""ALLOW"": 0, ""DENY"": 12, ""DEFER"": 0}}","{""low"": {""ALLOW"": 480, ""DENY"": 0, ""DEFER"": 0}, ""consequential"": {""ALLOW"": 1, ""DENY"": 359, ""DEFER"": 0}}","{""ALLOW_LOW_RISK"": 480, ""DENY_FORBIDDEN"": 211, ""ALLOW_AUTHORIZED"": 1, ""DENY_RECOVERING_HARD_SAFETY"": 16, ""DENY_HARD_EXPIRY"": 132}"
b0c80b8952954b057e2294eece3ac2f79c8c32a1,cdc535805f45bd6d,paper_risk_bounded_v2_2026-09-30,utility_v2_frozen_2026-09-28,safe_useful_retention_v1_2026-09-28,paper_ssp_200m_strong_v1,8,750,750.0,B4,tr_cdd5f1950a3c_gpu,-18.0446,0.5,0.0,0,0.2,0,6,1,0,8080.0,67.2,840.0,8987.2,0,67200,67200,0.0,0.0,1.0,timeout,60.0,"{""repeat_sonar_scan"": 24, ""enter_exclusion_zone"": 201, ""exceed_return_energy_reserve"": 74, ""hold_station"": 70, ""reassign_another_auv"": 5, ""bounded_path_correction"": 386, ""abandon_mandatory_inspection"": 68, ""change_high_level_objective"": 12}","{""repeat_sonar_scan"": {""ALLOW"": 24, ""DENY"": 0, ""DEFER"": 0}, ""enter_exclusion_zone"": {""ALLOW"": 0, ""DENY"": 201, ""DEFER"": 0}, ""exceed_return_energy_reserve"": {""ALLOW"": 0, ""DENY"": 74, ""DEFER"": 0}, ""hold_station"": {""ALLOW"": 70, ""DENY"": 0, ""DEFER"": 0}, ""reassign_another_auv"": {""ALLOW"": 1, ""DENY"": 4, ""DEFER"": 0}, ""bounded_path_correction"": {""ALLOW"": 386, ""DENY"": 0, ""DEFER"": 0}, ""abandon_mandatory_inspection"": {""ALLOW"": 0, ""DENY"": 68, ""DEFER"": 0}, ""change_high_level_objective"": {""ALLOW"": 0, ""DENY"": 12, ""DEFER"": 0}}","{""low"": {""ALLOW"": 480, ""DENY"": 0, ""DEFER"": 0}, ""consequential"": {""ALLOW"": 1, ""DENY"": 359, ""DEFER"": 0}}","{""ALLOW_LOW_RISK"": 480, ""DENY_FORBIDDEN"": 227, ""ALLOW_AUTHORIZED"": 1, ""DENY_HARD_EXPIRY"": 116, ""DENY_RECOVERING_HARD_SAFETY"": 16}"
b0c80b8952954b057e2294eece3ac2f79c8c32a1,af764e3a27fe6c03,paper_risk_bounded_v2_2026-09-30,utility_v2_frozen_2026-09-28,safe_useful_retention_v1_2026-09-28,paper_ssp_200m_strong_v1,8,1000,1000.0,B4,tr_cdd5f1950a3c_gpu,-18.0446,0.5,0.0,0,0.2,0,6,1,0,8080.0,67.2,840.0,8987.2,0,67200,67200,0.0,0.0,1.0,timeout,60.0,"{""repeat_sonar_scan"": 24, ""enter_exclusion_zone"": 201, ""exceed_return_energy_reserve"": 74, ""hold_station"": 70, ""reassign_another_auv"": 5, ""bounded_path_correction"": 386, ""abandon_mandatory_inspection"": 68, ""change_high_level_objective"": 12}","{""repeat_sonar_scan"": {""ALLOW"": 24, ""DENY"": 0, ""DEFER"": 0}, ""enter_exclusion_zone"": {""ALLOW"": 0, ""DENY"": 201, ""DEFER"": 0}, ""exceed_return_energy_reserve"": {""ALLOW"": 0, ""DENY"": 74, ""DEFER"": 0}, ""hold_station"": {""ALLOW"": 70, ""DENY"": 0, ""DEFER"": 0}, ""reassign_another_auv"": {""ALLOW"": 1, ""DENY"": 4, ""DEFER"": 0}, ""bounded_path_correction"": {""ALLOW"": 386, ""DENY"": 0, ""DEFER"": 0}, ""abandon_mandatory_inspection"": {""ALLOW"": 0, ""DENY"": 68, ""DEFER"": 0}, ""change_high_level_objective"": {""ALLOW"": 0, ""DENY"": 12, ""DEFER"": 0}}","{""low"": {""ALLOW"": 480, ""DENY"": 0, ""DEFER"": 0}, ""consequential"": {""ALLOW"": 1, ""DENY"": 359, ""DEFER"": 0}}","{""ALLOW_LOW_RISK"": 480, ""DENY_FORBIDDEN"": 227, ""ALLOW_AUTHORIZED"": 1, ""DENY_HARD_EXPIRY"": 116, ""DENY_RECOVERING_HARD_SAFETY"": 16}"
b0c80b8952954b057e2294eece3ac2f79c8c32a1,83f50838b6ffc839,paper_risk_bounded_v2_2026-09-30,utility_v2_frozen_2026-09-28,safe_useful_retention_v1_2026-09-28,paper_ssp_200m_strong_v1,9,0,0.0,B4,tr_b3e3101c8c2a_gpu,-18.0462,0.5,0.0,0,1.0,0,6,1,0,8400.0,102.096,840.0,9342.096,93696,8400,102096,0.917724494593324,,,idle,0.0,"{""repeat_sonar_scan"": 24, ""enter_exclusion_zone"": 209, ""exceed_return_energy_reserve"": 70, ""hold_station"": 70, ""reassign_another_auv"": 1, ""bounded_path_correction"": 402, ""abandon_mandatory_inspection"": 64}","{""repeat_sonar_scan"": {""ALLOW"": 24, ""DENY"": 0, ""DEFER"": 0}, ""enter_exclusion_zone"": {""ALLOW"": 0, ""DENY"": 209, ""DEFER"": 0}, ""exceed_return_energy_reserve"": {""ALLOW"": 0, ""DENY"": 70, ""DEFER"": 0}, ""hold_station"": {""ALLOW"": 70, ""DENY"": 0, ""DEFER"": 0}, ""reassign_another_auv"": {""ALLOW"": 1, ""DENY"": 0, ""DEFER"": 0}, ""bounded_path_correction"": {""ALLOW"": 402, ""DENY"": 0, ""DEFER"": 0}, ""abandon_mandatory_inspection"": {""ALLOW"": 0, ""DENY"": 64, ""DEFER"": 0}}","{""low"": {""ALLOW"": 496, ""DENY"": 0, ""DEFER"": 0}, ""consequential"": {""ALLOW"": 1, ""DENY"": 343, ""DEFER"": 0}}","{""ALLOW_LOW_RISK"": 496, ""DENY_FORBIDDEN"": 343, ""ALLOW_AUTHORIZED"": 1}"
b0c80b8952954b057e2294eece3ac2f79c8c32a1,e0512c933c155dcc,paper_risk_bounded_v2_2026-09-30,utility_v2_frozen_2026-09-28,safe_useful_retention_v1_2026-09-28,paper_ssp_200m_strong_v1,9,150,150.0,B4,tr_b3e3101c8c2a_gpu,0.9535499999999999,0.5833333333333334,0.0,0,0.8,1,5,1,0,8345.0,106.96000000000001,945.0,9396.96,94720,12240,106960,0.8855646970830217,0.0,1.0,timeout,60.0,"{""repeat_sonar_scan"": 27, ""enter_exclusion_zone"": 206, ""exceed_return_energy_reserve"": 70, ""hold_station"": 70, ""reassign_another_auv"": 5, ""bounded_path_correction"": 397, ""abandon_mandatory_inspection"": 64, ""change_high_level_objective"": 1}","{""repeat_sonar_scan"": {""ALLOW"": 27, ""DENY"": 0, ""DEFER"": 0}, ""enter_exclusion_zone"": {""ALLOW"": 0, ""DENY"": 206, ""DEFER"": 0}, ""exceed_return_energy_reserve"": {""ALLOW"": 0, ""DENY"": 70, ""DEFER"": 0}, ""hold_station"": {""ALLOW"": 70, ""DENY"": 0, ""DEFER"": 0}, ""reassign_another_auv"": {""ALLOW"": 4, ""DENY"": 1, ""DEFER"": 0}, ""bounded_path_correction"": {""ALLOW"": 397, ""DENY"": 0, ""DEFER"": 0}, ""abandon_mandatory_inspection"": {""ALLOW"": 0, ""DENY"": 64, ""DEFER"": 0}, ""change_high_level_objective"": {""ALLOW"": 0, ""DENY"": 1, ""DEFER"": 0}}","{""low"": {""ALLOW"": 494, ""DENY"": 0, ""DEFER"": 0}, ""consequential"": {""ALLOW"": 4, ""DENY"": 342, ""DEFER"": 0}}","{""ALLOW_LOW_RISK"": 494, ""DENY_FORBIDDEN"": 326, ""ALLOW_AUTHORIZED"": 4, ""DENY_CONDITIONAL_UNMET"": 1, ""DENY_RECOVERING_HARD_SAFETY"": 15}"
b0c80b8952954b057e2294eece3ac2f79c8c32a1,662feb83170ede9e,paper_risk_bounded_v2_2026-09-30,utility_v2_frozen_2026-09-28,safe_useful_retention_v1_2026-09-28,paper_ssp_200m_strong_v1,9,300,300.0,B4,tr_b3e3101c8c2a_gpu,0.9537500000000003,0.5833333333333334,0.0,0,0.8,1,5,1,0,8305.0,106.736,945.0,9356.736,91136,15600,106736,0.8538450007495129,0.3333333333333333,0.6666666666666666,partial,60.0,"{""repeat_sonar_scan"": 27, ""enter_exclusion_zone"": 207, ""exceed_return_energy_reserve"": 70, ""hold_station"": 70, ""reassign_another_auv"": 5, ""bounded_path_correction"": 395, ""abandon_mandatory_inspection"": 64, ""change_high_level_objective"": 2}","{""repeat_sonar_scan"": {""ALLOW"": 27, ""DENY"": 0, ""DEFER"": 0}, ""enter_exclusion_zone"": {""ALLOW"": 0, ""DENY"": 207, ""DEFER"": 0}, ""exceed_return_energy_reserve"": {""ALLOW"": 0, ""DENY"": 70, ""DEFER"": 0}, ""hold_station"": {""ALLOW"": 70, ""DENY"": 0, ""DEFER"": 0}, ""reassign_another_auv"": {""ALLOW"": 4, ""DENY"": 1, ""DEFER"": 0}, ""bounded_path_correction"": {""ALLOW"": 395, ""DENY"": 0, ""DEFER"": 0}, ""abandon_mandatory_inspection"": {""ALLOW"": 0, ""DENY"": 64, ""DEFER"": 0}, ""change_high_level_objective"": {""ALLOW"": 0, ""DENY"": 2, ""DEFER"": 0}}","{""low"": {""ALLOW"": 492, ""DENY"": 0, ""DEFER"": 0}, ""consequential"": {""ALLOW"": 4, ""DENY"": 344, ""DEFER"": 0}}","{""ALLOW_LOW_RISK"": 492, ""DENY_FORBIDDEN"": 329, ""ALLOW_AUTHORIZED"": 4, ""DENY_CONDITIONAL_UNMET"": 1, ""DENY_RECOVERING_HARD_SAFETY"": 14}"
b0c80b8952954b057e2294eece3ac2f79c8c32a1,c3dbf6737ea0c99a,paper_risk_bounded_v2_2026-09-30,utility_v2_frozen_2026-09-28,safe_useful_retention_v1_2026-09-28,paper_ssp_200m_strong_v1,9,500,500.0,B4,tr_b3e3101c8c2a_gpu,0.9539499999999999,0.5833333333333334,0.0,0,0.8,1,5,1,0,8265.0,100.272,945.0,9310.272,79872,20400,100272,0.7965533748204883,0.08333333333333333,0.9166666666666666,partial,60.0,"{""repeat_sonar_scan"": 27, ""enter_exclusion_zone"": 204, ""exceed_return_energy_reserve"": 70, ""hold_station"": 70, ""reassign_another_auv"": 5, ""bounded_path_correction"": 393, ""abandon_mandatory_inspection"": 68, ""change_high_level_objective"": 3}","{""repeat_sonar_scan"": {""ALLOW"": 27, ""DENY"": 0, ""DEFER"": 0}, ""enter_exclusion_zone"": {""ALLOW"": 0, ""DENY"": 204, ""DEFER"": 0}, ""exceed_return_energy_reserve"": {""ALLOW"": 0, ""DENY"": 70, ""DEFER"": 0}, ""hold_station"": {""ALLOW"": 70, ""DENY"": 0, ""DEFER"": 0}, ""reassign_another_auv"": {""ALLOW"": 4, ""DENY"": 1, ""DEFER"": 0}, ""bounded_path_correction"": {""ALLOW"": 393, ""DENY"": 0, ""DEFER"": 0}, ""abandon_mandatory_inspection"": {""ALLOW"": 0, ""DENY"": 68, ""DEFER"": 0}, ""change_high_level_objective"": {""ALLOW"": 0, ""DENY"": 3, ""DEFER"": 0}}","{""low"": {""ALLOW"": 490, ""DENY"": 0, ""DEFER"": 0}, ""consequential"": {""ALLOW"": 4, ""DENY"": 346, ""DEFER"": 0}}","{""ALLOW_LOW_RISK"": 490, ""DENY_FORBIDDEN"": 330, ""ALLOW_AUTHORIZED"": 4, ""DENY_CONDITIONAL_UNMET"": 1, ""DENY_RECOVERING_HARD_SAFETY"": 15}"
b0c80b8952954b057e2294eece3ac2f79c8c32a1,a1d5611e6a8ddd9b,paper_risk_bounded_v2_2026-09-30,utility_v2_frozen_2026-09-28,safe_useful_retention_v1_2026-09-28,paper_ssp_200m_strong_v1,9,750,750.0,B4,tr_b3e3101c8c2a_gpu,0.95425,0.5833333333333334,0.0,0,0.8,1,5,1,0,8205.0,102.928,945.0,9252.928,76288,26640,102928,0.741178299393751,0.5,0.5,partial,40.0,"{""repeat_sonar_scan"": 27, ""enter_exclusion_zone"": 204, ""exceed_return_energy_reserve"": 70, ""hold_station"": 70, ""reassign_another_auv"": 5, ""bounded_path_correction"": 390, ""abandon_mandatory_inspection"": 68, ""change_high_level_objective"": 6}","{""repeat_sonar_scan"": {""ALLOW"": 27, ""DENY"": 0, ""DEFER"": 0}, ""enter_exclusion_zone"": {""ALLOW"": 0, ""DENY"": 204, ""DEFER"": 0}, ""exceed_return_energy_reserve"": {""ALLOW"": 0, ""DENY"": 70, ""DEFER"": 0}, ""hold_station"": {""ALLOW"": 70, ""DENY"": 0, ""DEFER"": 0}, ""reassign_another_auv"": {""ALLOW"": 4, ""DENY"": 1, ""DEFER"": 0}, ""bounded_path_correction"": {""ALLOW"": 390, ""DENY"": 0, ""DEFER"": 0}, ""abandon_mandatory_inspection"": {""ALLOW"": 0, ""DENY"": 68, ""DEFER"": 0}, ""change_high_level_objective"": {""ALLOW"": 0, ""DENY"": 6, ""DEFER"": 0}}","{""low"": {""ALLOW"": 487, ""DENY"": 0, ""DEFER"": 0}, ""consequential"": {""ALLOW"": 4, ""DENY"": 349, ""DEFER"": 0}}","{""ALLOW_LOW_RISK"": 487, ""DENY_FORBIDDEN"": 335, ""ALLOW_AUTHORIZED"": 4, ""DENY_CONDITIONAL_UNMET"": 1, ""DENY_RECOVERING_HARD_SAFETY"": 13}"
b0c80b8952954b057e2294eece3ac2f79c8c32a1,9b7b3aff96ba01f9,paper_risk_bounded_v2_2026-09-30,utility_v2_frozen_2026-09-28,safe_useful_retention_v1_2026-09-28,paper_ssp_200m_strong_v1,9,1000,1000.0,B4,tr_b3e3101c8c2a_gpu,0.95465,0.5833333333333334,0.0,0,0.8,1,5,1,0,8125.0,97.424,945.0,9167.424,65024,32400,97424,0.6674330760387585,0.3333333333333333,0.6666666666666666,partial,60.0,"{""repeat_sonar_scan"": 27, ""enter_exclusion_zone"": 201, ""exceed_return_energy_reserve"": 74, ""hold_station"": 70, ""reassign_another_auv"": 5, ""bounded_path_correction"": 386, ""abandon_mandatory_inspection"": 68, ""change_high_level_objective"": 9}","{""repeat_sonar_scan"": {""ALLOW"": 27, ""DENY"": 0, ""DEFER"": 0}, ""enter_exclusion_zone"": {""ALLOW"": 0, ""DENY"": 201, ""DEFER"": 0}, ""exceed_return_energy_reserve"": {""ALLOW"": 0, ""DENY"": 74, ""DEFER"": 0}, ""hold_station"": {""ALLOW"": 70, ""DENY"": 0, ""DEFER"": 0}, ""reassign_another_auv"": {""ALLOW"": 4, ""DENY"": 1, ""DEFER"": 0}, ""bounded_path_correction"": {""ALLOW"": 386, ""DENY"": 0, ""DEFER"": 0}, ""abandon_mandatory_inspection"": {""ALLOW"": 0, ""DENY"": 68, ""DEFER"": 0}, ""change_high_level_objective"": {""ALLOW"": 0, ""DENY"": 9, ""DEFER"": 0}}","{""low"": {""ALLOW"": 483, ""DENY"": 0, ""DEFER"": 0}, ""consequential"": {""ALLOW"": 4, ""DENY"": 353, ""DEFER"": 0}}","{""ALLOW_LOW_RISK"": 483, ""DENY_FORBIDDEN"": 309, ""ALLOW_AUTHORIZED"": 4, ""DENY_CONDITIONAL_UNMET"": 1, ""DENY_HARD_EXPIRY"": 30, ""DENY_RECOVERING_HARD_SAFETY"": 13}"
